"run_started_at","departure_key","filter_id","country","region","departure_date","return_date","nights","origin_scope","pax_profile","days_to_departure","offer_count","hotel_count","min_price","p10_price","p25_price","median_price","max_price","below_10000_count","below_8000_count","prev_min_price","prev_p10_price","prev_median_price","min_change_pct","p10_change_pct","median_change_pct","hotel_count_delta","common_hotel_count","avg_deal_score","mean_avg_delta_pct","hot_deal_count","good_deal_count","hot_score"
"2026-06-01T05:43:19+0000","egipt|aleksandria|2026-06-03|2026-06-17|14|Warszawa - Modlin,Warszawa - Radom,Warszawa|2+1","filter_13_16_days","egipt","aleksandria","2026-06-03","2026-06-17","14","Warszawa - Modlin,Warszawa - Radom,Warszawa","2+1","2","1","1","11897.0","11897.0","11897.0","11897.0","11897.0","0","0","0.0","0.0","0.0","0.0","0.0","0.0","0","0","0","0.0","0","0","0"
"2026-06-01T08:45:54+0000","egipt|aleksandria|2026-06-03|2026-06-17|14|Warszawa - Modlin,Warszawa - Radom,Warszawa|2+1","filter_13_16_days","egipt","aleksandria","2026-06-03","2026-06-17","14","Warszawa - Modlin,Warszawa - Radom,Warszawa","2+1","2","1","1","11897.0","11897.0","11897.0","11897.0","11897.0","0","0","0.0","0.0","0.0","0.0","0.0","0.0","0","0","0","0.0","0","0","0"
"2026-06-01T09:18:39+0000","egipt|aleksandria|2026-06-03|2026-06-17|14|Warszawa - Modlin,Warszawa - Radom,Warszawa|2+1","filter_13_16_days","egipt","aleksandria","2026-06-03","2026-06-17","14","Warszawa - Modlin,Warszawa - Radom,Warszawa","2+1","2","1","1","11897.0","11897.0","11897.0","11897.0","11897.0","0","0","0.0","0.0","0.0","0.0","0.0","0.0","0","0","0","0.0","0","0","0"
"2026-06-01T11:18:45+0000","egipt|aleksandria|2026-06-03|2026-06-17|14|Warszawa - Modlin,Warszawa - Radom,Warszawa|2+1","filter_13_16_days","egipt","aleksandria","2026-06-03","2026-06-17","14","Warszawa - Modlin,Warszawa - Radom,Warszawa","2+1","2","1","1","11897.0","11897.0","11897.0","11897.0","11897.0","0","0","0.0","0.0","0.0","0.0","0.0","0.0","0","0","0","0.0","0","0","0"
"2026-06-01T11:46:52+0000","egipt|aleksandria|2026-06-03|2026-06-17|14|Warszawa - Modlin,Warszawa - Radom,Warszawa|2+1","filter_13_16_days","egipt","aleksandria","2026-06-03","2026-06-17","14","Warszawa - Modlin,Warszawa - Radom,Warszawa","2+1","2","1","1","11897.0","11897.0","11897.0","11897.0","11897.0","0","0","0.0","0.0","0.0","0.0","0.0","0.0","0","0","0","0.0","0","0","0"
"2026-06-01T12:28:51+0000","egipt|aleksandria|2026-06-03|2026-06-17|14|Warszawa - Modlin,Warszawa - Radom,Warszawa|2+1","filter_13_16_days","egipt","aleksandria","2026-06-03","2026-06-17","14","Warszawa - Modlin,Warszawa - Radom,Warszawa","2+1","2","1","1","11897.0","11897.0","11897.0","11897.0","11897.0","0","0","0.0","0.0","0.0","0.0","0.0","0.0","0","0","0","0.0","0","0","0"
"2026-06-01T14:33:58+0000","egipt|aleksandria|2026-06-03|2026-06-17|14|Warszawa - Modlin,Warszawa - Radom,Warszawa|2+1","filter_13_16_days","egipt","aleksandria","2026-06-03","2026-06-17","14","Warszawa - Modlin,Warszawa - Radom,Warszawa","2+1","2","1","1","11897.0","11897.0","11897.0","11897.0","11897.0","0","0","0.0","0.0","0.0","0.0","0.0","0.0","0","0","0","0.0","0","0","0"
"2026-06-01T15:05:15+0000","egipt|aleksandria|2026-06-03|2026-06-17|14|Warszawa - Modlin,Warszawa - Radom,Warszawa|2+1","filter_13_16_days","egipt","aleksandria","2026-06-03","2026-06-17","14","Warszawa - Modlin,Warszawa - Radom,Warszawa","2+1","2","1","1","11897.0","11897.0","11897.0","11897.0","11897.0","0","0","0.0","0.0","0.0","0.0","0.0","0.0","0","0","0","0.0","0","0","0"
"2026-06-01T15:50:45+0000","egipt|aleksandria|2026-06-03|2026-06-17|14|Warszawa - Modlin,Warszawa - Radom,Warszawa|2+1","filter_13_16_days","egipt","aleksandria","2026-06-03","2026-06-17","14","Warszawa - Modlin,Warszawa - Radom,Warszawa","2+1","2","1","1","11897.0","11897.0","11897.0","11897.0","11897.0","0","0","0.0","0.0","0.0","0.0","0.0","0.0","0","0","0","0.0","0","0","0"
"2026-06-01T16:14:15+0000","egipt|aleksandria|2026-06-03|2026-06-17|14|Warszawa - Modlin,Warszawa - Radom,Warszawa|2+1","filter_13_16_days","egipt","aleksandria","2026-06-03","2026-06-17","14","Warszawa - Modlin,Warszawa - Radom,Warszawa","2+1","2","1","1","11897.0","11897.0","11897.0","11897.0","11897.0","0","0","0.0","0.0","0.0","0.0","0.0","0.0","0","0","0","0.0","0","0","0"
"2026-06-01T18:30:18+0000","egipt|aleksandria|2026-06-03|2026-06-17|14|Warszawa - Modlin,Warszawa - Radom,Warszawa|2+1","filter_13_16_days","egipt","aleksandria","2026-06-03","2026-06-17","14","Warszawa - Modlin,Warszawa - Radom,Warszawa","2+1","2","1","1","11897.0","11897.0","11897.0","11897.0","11897.0","0","0","0.0","0.0","0.0","0.0","0.0","0.0","0","1","0","0.0","0","0","0"
"2026-06-01T20:13:38+0000","egipt|aleksandria|2026-06-03|2026-06-17|14|Warszawa - Modlin,Warszawa - Radom,Warszawa|2+1","filter_13_16_days","egipt","aleksandria","2026-06-03","2026-06-17","14","Warszawa - Modlin,Warszawa - Radom,Warszawa","2+1","2","1","1","11897.0","11897.0","11897.0","11897.0","11897.0","0","0","0.0","0.0","0.0","0.0","0.0","0.0","0","1","0","0.0","0","0","0"
"2026-06-01T22:59:26+0000","egipt|aleksandria|2026-06-03|2026-06-17|14|Warszawa - Modlin,Warszawa - Radom,Warszawa|2+1","filter_13_16_days","egipt","aleksandria","2026-06-03","2026-06-17","14","Warszawa - Modlin,Warszawa - Radom,Warszawa","2+1","2","1","1","11897.0","11897.0","11897.0","11897.0","11897.0","0","0","0.0","0.0","0.0","0.0","0.0","0.0","0","1","0","0.0","0","0","0"
"2026-06-02T00:11:24+0000","egipt|aleksandria|2026-06-03|2026-06-17|14|Warszawa - Modlin,Warszawa - Radom,Warszawa|2+1","filter_13_16_days","egipt","aleksandria","2026-06-03","2026-06-17","14","Warszawa - Modlin,Warszawa - Radom,Warszawa","2+1","1","1","1","11897.0","11897.0","11897.0","11897.0","11897.0","0","0","0.0","0.0","0.0","0.0","0.0","0.0","0","1","0","0.0","0","0","0"
"2026-06-02T04:49:17+0000","egipt|aleksandria|2026-06-03|2026-06-17|14|Warszawa - Modlin,Warszawa - Radom,Warszawa|2+1","filter_13_16_days","egipt","aleksandria","2026-06-03","2026-06-17","14","Warszawa - Modlin,Warszawa - Radom,Warszawa","2+1","1","1","1","11897.0","11897.0","11897.0","11897.0","11897.0","0","0","0.0","0.0","0.0","0.0","0.0","0.0","0","1","0","0.0","0","0","0"
"2026-06-02T05:26:24+0000","egipt|aleksandria|2026-06-03|2026-06-17|14|Warszawa - Modlin,Warszawa - Radom,Warszawa|2+1","filter_13_16_days","egipt","aleksandria","2026-06-03","2026-06-17","14","Warszawa - Modlin,Warszawa - Radom,Warszawa","2+1","1","1","1","11897.0","11897.0","11897.0","11897.0","11897.0","0","0","0.0","0.0","0.0","0.0","0.0","0.0","0","1","0","0.0","0","0","0"
"2026-06-02T05:38:30+0000","egipt|aleksandria|2026-06-03|2026-06-17|14|Warszawa - Modlin,Warszawa - Radom,Warszawa|2+1","filter_13_16_days","egipt","aleksandria","2026-06-03","2026-06-17","14","Warszawa - Modlin,Warszawa - Radom,Warszawa","2+1","1","1","1","11897.0","11897.0","11897.0","11897.0","11897.0","0","0","0.0","0.0","0.0","0.0","0.0","0.0","0","1","0","0.0","0","0","0"
"2026-06-02T06:50:50+0000","egipt|aleksandria|2026-06-03|2026-06-17|14|Warszawa - Modlin,Warszawa - Radom,Warszawa|2+1","filter_13_16_days","egipt","aleksandria","2026-06-03","2026-06-17","14","Warszawa - Modlin,Warszawa - Radom,Warszawa","2+1","1","1","1","11897.0","11897.0","11897.0","11897.0","11897.0","0","0","0.0","0.0","0.0","0.0","0.0","0.0","0","1","0","0.0","0","0","0"
"2026-06-02T07:24:26+0000","egipt|aleksandria|2026-06-03|2026-06-17|14|Warszawa - Modlin,Warszawa - Radom,Warszawa|2+1","filter_13_16_days","egipt","aleksandria","2026-06-03","2026-06-17","14","Warszawa - Modlin,Warszawa - Radom,Warszawa","2+1","1","1","1","11897.0","11897.0","11897.0","11897.0","11897.0","0","0","0.0","0.0","0.0","0.0","0.0","0.0","0","1","0","0.0","0","0","0"
"2026-06-02T10:07:34+0000","egipt|aleksandria|2026-06-03|2026-06-17|14|Warszawa - Modlin,Warszawa - Radom,Warszawa|2+1","filter_13_16_days","egipt","aleksandria","2026-06-03","2026-06-17","14","Warszawa - Modlin,Warszawa - Radom,Warszawa","2+1","1","1","1","11897.0","11897.0","11897.0","11897.0","11897.0","0","0","0.0","0.0","0.0","0.0","0.0","0.0","0","1","0","0.0","0","0","0"
"2026-06-02T14:47:54+0000","egipt|aleksandria|2026-06-03|2026-06-17|14|Warszawa - Modlin,Warszawa - Radom,Warszawa|2+1","filter_13_16_days","egipt","aleksandria","2026-06-03","2026-06-17","14","Warszawa - Modlin,Warszawa - Radom,Warszawa","2+1","1","1","1","11897.0","11897.0","11897.0","11897.0","11897.0","0","0","0.0","0.0","0.0","0.0","0.0","0.0","0","1","0","0.0","0","0","0"
"2026-06-02T15:35:52+0000","egipt|aleksandria|2026-06-03|2026-06-17|14|Warszawa - Modlin,Warszawa - Radom,Warszawa|2+1","filter_13_16_days","egipt","aleksandria","2026-06-03","2026-06-17","14","Warszawa - Modlin,Warszawa - Radom,Warszawa","2+1","1","1","1","11897.0","11897.0","11897.0","11897.0","11897.0","0","0","0.0","0.0","0.0","0.0","0.0","0.0","0","1","0","0.0","0","0","0"
"2026-06-02T18:36:42+0000","egipt|aleksandria|2026-06-03|2026-06-17|14|Warszawa - Modlin,Warszawa - Radom,Warszawa|2+1","filter_13_16_days","egipt","aleksandria","2026-06-03","2026-06-17","14","Warszawa - Modlin,Warszawa - Radom,Warszawa","2+1","1","1","1","11897.0","11897.0","11897.0","11897.0","11897.0","0","0","0.0","0.0","0.0","0.0","0.0","0.0","0","1","0","0.0","0","0","0"
"2026-06-02T20:35:34+0000","egipt|aleksandria|2026-06-03|2026-06-17|14|Warszawa - Modlin,Warszawa - Radom,Warszawa|2+1","filter_13_16_days","egipt","aleksandria","2026-06-03","2026-06-17","14","Warszawa - Modlin,Warszawa - Radom,Warszawa","2+1","1","1","1","11897.0","11897.0","11897.0","11897.0","11897.0","0","0","0.0","0.0","0.0","0.0","0.0","0.0","0","1","0","0.0","0","0","0"
"2026-06-02T21:46:19+0000","egipt|aleksandria|2026-06-03|2026-06-17|14|Warszawa - Modlin,Warszawa - Radom,Warszawa|2+1","filter_13_16_days","egipt","aleksandria","2026-06-03","2026-06-17","14","Warszawa - Modlin,Warszawa - Radom,Warszawa","2+1","1","1","1","11897.0","11897.0","11897.0","11897.0","11897.0","0","0","0.0","0.0","0.0","0.0","0.0","0.0","0","1","0","0.0","0","0","0"
"2026-06-02T23:31:59+0000","egipt|aleksandria|2026-06-03|2026-06-17|14|Warszawa - Modlin,Warszawa - Radom,Warszawa|2+1","filter_13_16_days","egipt","aleksandria","2026-06-03","2026-06-17","14","Warszawa - Modlin,Warszawa - Radom,Warszawa","2+1","1","1","1","11897.0","11897.0","11897.0","11897.0","11897.0","0","0","0.0","0.0","0.0","0.0","0.0","0.0","0","1","0","0.0","0","0","0"
"2026-06-03T02:50:46+0000","egipt|aleksandria|2026-06-03|2026-06-17|14|Warszawa - Modlin,Warszawa - Radom,Warszawa|2+1","filter_13_16_days","egipt","aleksandria","2026-06-03","2026-06-17","14","Warszawa - Modlin,Warszawa - Radom,Warszawa","2+1","0","1","1","11897.0","11897.0","11897.0","11897.0","11897.0","0","0","0.0","0.0","0.0","0.0","0.0","0.0","0","1","0","0.0","0","0","0"
"2026-06-03T07:07:32+0000","egipt|aleksandria|2026-06-03|2026-06-17|14|Warszawa - Modlin,Warszawa - Radom,Warszawa|2+1","filter_13_16_days","egipt","aleksandria","2026-06-03","2026-06-17","14","Warszawa - Modlin,Warszawa - Radom,Warszawa","2+1","0","1","1","11897.0","11897.0","11897.0","11897.0","11897.0","0","0","0.0","0.0","0.0","0.0","0.0","0.0","0","1","0","0.0","0","0","0"
"2026-06-03T08:11:52+0000","egipt|aleksandria|2026-06-10|2026-06-24|14|Warszawa - Modlin,Warszawa - Radom,Warszawa|2+1","filter_13_16_days","egipt","aleksandria","2026-06-10","2026-06-24","14","Warszawa - Modlin,Warszawa - Radom,Warszawa","2+1","7","1","1","13897.0","13897.0","13897.0","13897.0","13897.0","0","0","0.0","0.0","0.0","0.0","0.0","0.0","0","0","0","0.0","0","0","0"
"2026-06-01T05:43:19+0000","egipt|dahab|2026-06-06|2026-06-20|14|Warszawa - Modlin,Warszawa - Radom,Warszawa|2+1","filter_13_16_days","egipt","dahab","2026-06-06","2026-06-20","14","Warszawa - Modlin,Warszawa - Radom,Warszawa","2+1","5","3","3","9746.0","9863.0","10038.5","10331.0","10799.0","1","0","0.0","0.0","0.0","0.0","0.0","0.0","0","0","65","-0.16","0","3","29"
"2026-06-01T08:45:54+0000","egipt|dahab|2026-06-06|2026-06-20|14|Warszawa - Modlin,Warszawa - Radom,Warszawa|2+1","filter_13_16_days","egipt","dahab","2026-06-06","2026-06-20","14","Warszawa - Modlin,Warszawa - Radom,Warszawa","2+1","5","3","3","9746.0","9863.0","10038.5","10331.0","10799.0","1","0","0.0","0.0","0.0","0.0","0.0","0.0","0","0","65","-0.16","0","3","29"
"2026-06-01T09:18:39+0000","egipt|dahab|2026-06-06|2026-06-20|14|Warszawa - Modlin,Warszawa - Radom,Warszawa|2+1","filter_13_16_days","egipt","dahab","2026-06-06","2026-06-20","14","Warszawa - Modlin,Warszawa - Radom,Warszawa","2+1","5","3","3","9746.0","9863.0","10038.5","10331.0","10799.0","1","0","0.0","0.0","0.0","0.0","0.0","0.0","0","0","65","-0.16","0","3","29"
"2026-06-01T11:18:45+0000","egipt|dahab|2026-06-06|2026-06-20|14|Warszawa - Modlin,Warszawa - Radom,Warszawa|2+1","filter_13_16_days","egipt","dahab","2026-06-06","2026-06-20","14","Warszawa - Modlin,Warszawa - Radom,Warszawa","2+1","5","3","3","9746.0","9863.0","10038.5","10331.0","10799.0","1","0","0.0","0.0","0.0","0.0","0.0","0.0","0","0","65","-0.16","0","3","29"
"2026-06-01T11:46:52+0000","egipt|dahab|2026-06-06|2026-06-20|14|Warszawa - Modlin,Warszawa - Radom,Warszawa|2+1","filter_13_16_days","egipt","dahab","2026-06-06","2026-06-20","14","Warszawa - Modlin,Warszawa - Radom,Warszawa","2+1","5","3","3","9746.0","9863.0","10038.5","10331.0","10799.0","1","0","0.0","0.0","0.0","0.0","0.0","0.0","0","0","65","-0.16","0","3","29"
"2026-06-01T12:28:51+0000","egipt|dahab|2026-06-06|2026-06-20|14|Warszawa - Modlin,Warszawa - Radom,Warszawa|2+1","filter_13_16_days","egipt","dahab","2026-06-06","2026-06-20","14","Warszawa - Modlin,Warszawa - Radom,Warszawa","2+1","5","3","3","9746.0","9863.0","10038.5","10331.0","10799.0","1","0","0.0","0.0","0.0","0.0","0.0","0.0","0","0","65","-0.16","0","3","29"
"2026-06-01T14:33:58+0000","egipt|dahab|2026-06-06|2026-06-20|14|Warszawa - Modlin,Warszawa - Radom,Warszawa|2+1","filter_13_16_days","egipt","dahab","2026-06-06","2026-06-20","14","Warszawa - Modlin,Warszawa - Radom,Warszawa","2+1","5","3","3","9746.0","9863.0","10038.5","10331.0","10799.0","1","0","0.0","0.0","0.0","0.0","0.0","0.0","0","0","65","-0.16","0","3","29"
"2026-06-01T15:05:15+0000","egipt|dahab|2026-06-06|2026-06-20|14|Warszawa - Modlin,Warszawa - Radom,Warszawa|2+1","filter_13_16_days","egipt","dahab","2026-06-06","2026-06-20","14","Warszawa - Modlin,Warszawa - Radom,Warszawa","2+1","5","3","3","9746.0","9863.0","10038.5","10331.0","10799.0","1","0","0.0","0.0","0.0","0.0","0.0","0.0","0","0","65","-0.16","0","3","29"
"2026-06-01T15:50:45+0000","egipt|dahab|2026-06-06|2026-06-20|14|Warszawa - Modlin,Warszawa - Radom,Warszawa|2+1","filter_13_16_days","egipt","dahab","2026-06-06","2026-06-20","14","Warszawa - Modlin,Warszawa - Radom,Warszawa","2+1","5","3","3","9746.0","9863.0","10038.5","10331.0","10799.0","1","0","0.0","0.0","0.0","0.0","0.0","0.0","0","0","65","-0.16","0","3","29"
"2026-06-01T16:14:15+0000","egipt|dahab|2026-06-06|2026-06-20|14|Warszawa - Modlin,Warszawa - Radom,Warszawa|2+1","filter_13_16_days","egipt","dahab","2026-06-06","2026-06-20","14","Warszawa - Modlin,Warszawa - Radom,Warszawa","2+1","5","3","3","9746.0","9863.0","10038.5","10331.0","10799.0","1","0","0.0","0.0","0.0","0.0","0.0","0.0","0","0","65","-0.16","0","3","29"
"2026-06-01T18:30:18+0000","egipt|dahab|2026-06-06|2026-06-20|14|Warszawa - Modlin,Warszawa - Radom,Warszawa|2+1","filter_13_16_days","egipt","dahab","2026-06-06","2026-06-20","14","Warszawa - Modlin,Warszawa - Radom,Warszawa","2+1","5","3","3","9746.0","9863.0","10038.5","10331.0","10799.0","1","0","0.0","0.0","0.0","0.0","0.0","0.0","0","3","65","-0.16","0","3","29"
"2026-06-01T20:13:38+0000","egipt|dahab|2026-06-06|2026-06-20|14|Warszawa - Modlin,Warszawa - Radom,Warszawa|2+1","filter_13_16_days","egipt","dahab","2026-06-06","2026-06-20","14","Warszawa - Modlin,Warszawa - Radom,Warszawa","2+1","5","3","3","9746.0","9863.0","10038.5","10331.0","10799.0","1","0","0.0","0.0","0.0","0.0","0.0","0.0","0","3","65","-0.16","0","3","29"
"2026-06-01T22:59:26+0000","egipt|dahab|2026-06-06|2026-06-20|14|Warszawa - Modlin,Warszawa - Radom,Warszawa|2+1","filter_13_16_days","egipt","dahab","2026-06-06","2026-06-20","14","Warszawa - Modlin,Warszawa - Radom,Warszawa","2+1","5","3","3","9746.0","9863.0","10038.5","10331.0","10799.0","1","0","0.0","0.0","0.0","0.0","0.0","0.0","0","3","65","-0.16","0","3","29"
"2026-06-02T00:11:24+0000","egipt|dahab|2026-06-06|2026-06-20|14|Warszawa - Modlin,Warszawa - Radom,Warszawa|2+1","filter_13_16_days","egipt","dahab","2026-06-06","2026-06-20","14","Warszawa - Modlin,Warszawa - Radom,Warszawa","2+1","4","3","3","9746.0","9863.0","10038.5","10331.0","10799.0","1","0","0.0","0.0","0.0","0.0","0.0","0.0","0","3","65","-0.16","0","3","29"
"2026-06-02T04:49:17+0000","egipt|dahab|2026-06-06|2026-06-20|14|Warszawa - Modlin,Warszawa - Radom,Warszawa|2+1","filter_13_16_days","egipt","dahab","2026-06-06","2026-06-20","14","Warszawa - Modlin,Warszawa - Radom,Warszawa","2+1","4","3","3","9746.0","9863.0","10038.5","10331.0","10799.0","1","0","0.0","0.0","0.0","0.0","0.0","0.0","0","3","65","-0.16","0","3","29"
"2026-06-02T05:26:24+0000","egipt|dahab|2026-06-06|2026-06-20|14|Warszawa - Modlin,Warszawa - Radom,Warszawa|2+1","filter_13_16_days","egipt","dahab","2026-06-06","2026-06-20","14","Warszawa - Modlin,Warszawa - Radom,Warszawa","2+1","4","3","3","9746.0","9863.0","10038.5","10331.0","10799.0","1","0","0.0","0.0","0.0","0.0","0.0","0.0","0","3","65","-0.16","0","3","29"
"2026-06-02T05:38:30+0000","egipt|dahab|2026-06-06|2026-06-20|14|Warszawa - Modlin,Warszawa - Radom,Warszawa|2+1","filter_13_16_days","egipt","dahab","2026-06-06","2026-06-20","14","Warszawa - Modlin,Warszawa - Radom,Warszawa","2+1","4","3","3","9746.0","9863.0","10038.5","10331.0","10799.0","1","0","0.0","0.0","0.0","0.0","0.0","0.0","0","3","65","-0.16","0","3","29"
"2026-06-02T06:50:50+0000","egipt|dahab|2026-06-06|2026-06-20|14|Warszawa - Modlin,Warszawa - Radom,Warszawa|2+1","filter_13_16_days","egipt","dahab","2026-06-06","2026-06-20","14","Warszawa - Modlin,Warszawa - Radom,Warszawa","2+1","4","3","3","9746.0","9863.0","10038.5","10331.0","10799.0","1","0","0.0","0.0","0.0","0.0","0.0","0.0","0","3","65","-0.16","0","3","29"
"2026-06-02T07:24:26+0000","egipt|dahab|2026-06-06|2026-06-20|14|Warszawa - Modlin,Warszawa - Radom,Warszawa|2+1","filter_13_16_days","egipt","dahab","2026-06-06","2026-06-20","14","Warszawa - Modlin,Warszawa - Radom,Warszawa","2+1","4","3","3","9746.0","9863.0","10038.5","10331.0","10799.0","1","0","0.0","0.0","0.0","0.0","0.0","0.0","0","3","65","-0.16","0","3","29"
"2026-06-02T10:07:34+0000","egipt|dahab|2026-06-06|2026-06-20|14|Warszawa - Modlin,Warszawa - Radom,Warszawa|2+1","filter_13_16_days","egipt","dahab","2026-06-06","2026-06-20","14","Warszawa - Modlin,Warszawa - Radom,Warszawa","2+1","4","3","3","9746.0","9863.0","10038.5","10331.0","10799.0","1","0","0.0","0.0","0.0","0.0","0.0","0.0","0","3","65","-0.16","0","3","29"
"2026-06-02T14:47:54+0000","egipt|dahab|2026-06-06|2026-06-20|14|Warszawa - Modlin,Warszawa - Radom,Warszawa|2+1","filter_13_16_days","egipt","dahab","2026-06-06","2026-06-20","14","Warszawa - Modlin,Warszawa - Radom,Warszawa","2+1","4","3","3","9746.0","9863.0","10038.5","10331.0","10799.0","1","0","0.0","0.0","0.0","0.0","0.0","0.0","0","3","65","-0.16","0","3","29"
"2026-06-02T15:35:52+0000","egipt|dahab|2026-06-06|2026-06-20|14|Warszawa - Modlin,Warszawa - Radom,Warszawa|2+1","filter_13_16_days","egipt","dahab","2026-06-06","2026-06-20","14","Warszawa - Modlin,Warszawa - Radom,Warszawa","2+1","4","3","3","9746.0","9863.0","10038.5","10331.0","10799.0","1","0","0.0","0.0","0.0","0.0","0.0","0.0","0","3","65","-0.16","0","3","29"
"2026-06-02T18:36:42+0000","egipt|dahab|2026-06-06|2026-06-20|14|Warszawa - Modlin,Warszawa - Radom,Warszawa|2+1","filter_13_16_days","egipt","dahab","2026-06-06","2026-06-20","14","Warszawa - Modlin,Warszawa - Radom,Warszawa","2+1","4","3","3","9746.0","9863.0","10038.5","10331.0","10799.0","1","0","0.0","0.0","0.0","0.0","0.0","0.0","0","3","65","-0.16","0","3","29"
"2026-06-02T20:35:34+0000","egipt|dahab|2026-06-06|2026-06-20|14|Warszawa - Modlin,Warszawa - Radom,Warszawa|2+1","filter_13_16_days","egipt","dahab","2026-06-06","2026-06-20","14","Warszawa - Modlin,Warszawa - Radom,Warszawa","2+1","4","3","3","9746.0","9863.0","10038.5","10331.0","10799.0","1","0","0.0","0.0","0.0","0.0","0.0","0.0","0","3","65","-0.16","0","3","29"
"2026-06-02T21:46:19+0000","egipt|dahab|2026-06-06|2026-06-20|14|Warszawa - Modlin,Warszawa - Radom,Warszawa|2+1","filter_13_16_days","egipt","dahab","2026-06-06","2026-06-20","14","Warszawa - Modlin,Warszawa - Radom,Warszawa","2+1","4","3","3","9746.0","9863.0","10038.5","10331.0","10799.0","1","0","0.0","0.0","0.0","0.0","0.0","0.0","0","3","65","-0.16","0","3","29"
"2026-06-02T23:31:59+0000","egipt|dahab|2026-06-06|2026-06-20|14|Warszawa - Modlin,Warszawa - Radom,Warszawa|2+1","filter_13_16_days","egipt","dahab","2026-06-06","2026-06-20","14","Warszawa - Modlin,Warszawa - Radom,Warszawa","2+1","4","3","3","9746.0","9863.0","10038.5","10331.0","10799.0","1","0","0.0","0.0","0.0","0.0","0.0","0.0","0","3","65","-0.16","0","3","29"
"2026-06-03T02:50:46+0000","egipt|dahab|2026-06-06|2026-06-20|14|Warszawa - Modlin,Warszawa - Radom,Warszawa|2+1","filter_13_16_days","egipt","dahab","2026-06-06","2026-06-20","14","Warszawa - Modlin,Warszawa - Radom,Warszawa","2+1","3","3","3","9746.0","9863.0","10038.5","10331.0","10799.0","1","0","0.0","0.0","0.0","0.0","0.0","0.0","0","3","65","-0.16","0","3","29"
"2026-06-03T07:07:32+0000","egipt|dahab|2026-06-06|2026-06-20|14|Warszawa - Modlin,Warszawa - Radom,Warszawa|2+1","filter_13_16_days","egipt","dahab","2026-06-06","2026-06-20","14","Warszawa - Modlin,Warszawa - Radom,Warszawa","2+1","3","3","3","10059.0","10176.2","10352.0","10645.0","11113.0","0","0","0.0","0.0","0.0","0.0","0.0","0.0","0","3","43","2.88","0","0","12"
"2026-06-03T08:11:52+0000","egipt|dahab|2026-06-06|2026-06-20|14|Warszawa - Modlin,Warszawa - Radom,Warszawa|2+1","filter_13_16_days","egipt","dahab","2026-06-06","2026-06-20","14","Warszawa - Modlin,Warszawa - Radom,Warszawa","2+1","3","3","3","10059.0","10176.2","10352.0","10645.0","11113.0","0","0","0.0","0.0","0.0","0.0","0.0","0.0","0","3","43","2.88","0","0","12"
"2026-06-01T05:43:19+0000","egipt|dolny-egipt|2026-06-03|2026-06-17|14|Warszawa - Modlin,Warszawa - Radom,Warszawa|2+1","filter_13_16_days","egipt","dolny-egipt","2026-06-03","2026-06-17","14","Warszawa - Modlin,Warszawa - Radom,Warszawa","2+1","2","1","1","14497.0","14497.0","14497.0","14497.0","14497.0","0","0","0.0","0.0","0.0","0.0","0.0","0.0","0","0","0","0.0","0","0","0"
"2026-06-01T05:43:19+0000","egipt|dolny-egipt|2026-06-05|2026-06-19|14|Warszawa - Modlin,Warszawa - Radom,Warszawa|2+1","filter_13_16_days","egipt","dolny-egipt","2026-06-05","2026-06-19","14","Warszawa - Modlin,Warszawa - Radom,Warszawa","2+1","4","3","3","15702.0","15865.8","16111.5","16521.0","18879.0","0","0","0.0","0.0","0.0","0.0","0.0","0.0","0","0","72","0.0","0","3","36"
"2026-06-01T08:45:54+0000","egipt|dolny-egipt|2026-06-05|2026-06-19|14|Warszawa - Modlin,Warszawa - Radom,Warszawa|2+1","filter_13_16_days","egipt","dolny-egipt","2026-06-05","2026-06-19","14","Warszawa - Modlin,Warszawa - Radom,Warszawa","2+1","4","3","3","15702.0","15865.8","16111.5","16521.0","18879.0","0","0","0.0","0.0","0.0","0.0","0.0","0.0","0","0","72","0.0","0","3","36"
"2026-06-01T09:18:39+0000","egipt|dolny-egipt|2026-06-05|2026-06-19|14|Warszawa - Modlin,Warszawa - Radom,Warszawa|2+1","filter_13_16_days","egipt","dolny-egipt","2026-06-05","2026-06-19","14","Warszawa - Modlin,Warszawa - Radom,Warszawa","2+1","4","3","3","15702.0","15865.8","16111.5","16521.0","18879.0","0","0","0.0","0.0","0.0","0.0","0.0","0.0","0","0","72","0.0","0","3","36"
"2026-06-01T11:18:45+0000","egipt|dolny-egipt|2026-06-05|2026-06-19|14|Warszawa - Modlin,Warszawa - Radom,Warszawa|2+1","filter_13_16_days","egipt","dolny-egipt","2026-06-05","2026-06-19","14","Warszawa - Modlin,Warszawa - Radom,Warszawa","2+1","4","3","3","15702.0","15865.8","16111.5","16521.0","18879.0","0","0","0.0","0.0","0.0","0.0","0.0","0.0","0","0","72","0.0","0","3","36"
"2026-06-01T11:46:52+0000","egipt|dolny-egipt|2026-06-05|2026-06-19|14|Warszawa - Modlin,Warszawa - Radom,Warszawa|2+1","filter_13_16_days","egipt","dolny-egipt","2026-06-05","2026-06-19","14","Warszawa - Modlin,Warszawa - Radom,Warszawa","2+1","4","3","3","15702.0","15865.8","16111.5","16521.0","18879.0","0","0","0.0","0.0","0.0","0.0","0.0","0.0","0","0","72","0.0","0","3","36"
"2026-06-01T12:28:51+0000","egipt|dolny-egipt|2026-06-05|2026-06-19|14|Warszawa - Modlin,Warszawa - Radom,Warszawa|2+1","filter_13_16_days","egipt","dolny-egipt","2026-06-05","2026-06-19","14","Warszawa - Modlin,Warszawa - Radom,Warszawa","2+1","4","3","3","15702.0","15865.8","16111.5","16521.0","18879.0","0","0","0.0","0.0","0.0","0.0","0.0","0.0","0","0","72","0.0","0","3","36"
"2026-06-01T14:33:58+0000","egipt|dolny-egipt|2026-06-05|2026-06-19|14|Warszawa - Modlin,Warszawa - Radom,Warszawa|2+1","filter_13_16_days","egipt","dolny-egipt","2026-06-05","2026-06-19","14","Warszawa - Modlin,Warszawa - Radom,Warszawa","2+1","4","3","3","15702.0","15865.8","16111.5","16521.0","18879.0","0","0","0.0","0.0","0.0","0.0","0.0","0.0","0","0","72","0.0","0","3","36"
"2026-06-01T15:05:15+0000","egipt|dolny-egipt|2026-06-05|2026-06-19|14|Warszawa - Modlin,Warszawa - Radom,Warszawa|2+1","filter_13_16_days","egipt","dolny-egipt","2026-06-05","2026-06-19","14","Warszawa - Modlin,Warszawa - Radom,Warszawa","2+1","4","3","3","15702.0","15865.8","16111.5","16521.0","18879.0","0","0","0.0","0.0","0.0","0.0","0.0","0.0","0","0","72","0.0","0","3","36"
"2026-06-01T15:50:45+0000","egipt|dolny-egipt|2026-06-05|2026-06-19|14|Warszawa - Modlin,Warszawa - Radom,Warszawa|2+1","filter_13_16_days","egipt","dolny-egipt","2026-06-05","2026-06-19","14","Warszawa - Modlin,Warszawa - Radom,Warszawa","2+1","4","3","3","15702.0","15865.8","16111.5","16521.0","18879.0","0","0","0.0","0.0","0.0","0.0","0.0","0.0","0","0","72","0.0","0","3","36"
"2026-06-01T16:14:15+0000","egipt|dolny-egipt|2026-06-05|2026-06-19|14|Warszawa - Modlin,Warszawa - Radom,Warszawa|2+1","filter_13_16_days","egipt","dolny-egipt","2026-06-05","2026-06-19","14","Warszawa - Modlin,Warszawa - Radom,Warszawa","2+1","4","3","3","15702.0","15865.8","16111.5","16521.0","18879.0","0","0","0.0","0.0","0.0","0.0","0.0","0.0","0","0","72","0.0","0","3","36"
"2026-06-01T18:30:18+0000","egipt|dolny-egipt|2026-06-05|2026-06-19|14|Warszawa - Modlin,Warszawa - Radom,Warszawa|2+1","filter_13_16_days","egipt","dolny-egipt","2026-06-05","2026-06-19","14","Warszawa - Modlin,Warszawa - Radom,Warszawa","2+1","4","3","3","15702.0","15865.8","16111.5","16521.0","18879.0","0","0","0.0","0.0","0.0","0.0","0.0","0.0","0","3","72","0.0","0","3","36"
"2026-06-01T20:13:38+0000","egipt|dolny-egipt|2026-06-05|2026-06-19|14|Warszawa - Modlin,Warszawa - Radom,Warszawa|2+1","filter_13_16_days","egipt","dolny-egipt","2026-06-05","2026-06-19","14","Warszawa - Modlin,Warszawa - Radom,Warszawa","2+1","4","3","3","15702.0","15865.8","16111.5","16521.0","18879.0","0","0","0.0","0.0","0.0","0.0","0.0","0.0","0","3","72","0.0","0","3","36"
"2026-06-01T22:59:26+0000","egipt|dolny-egipt|2026-06-05|2026-06-19|14|Warszawa - Modlin,Warszawa - Radom,Warszawa|2+1","filter_13_16_days","egipt","dolny-egipt","2026-06-05","2026-06-19","14","Warszawa - Modlin,Warszawa - Radom,Warszawa","2+1","4","3","3","15702.0","15865.8","16111.5","16521.0","18879.0","0","0","0.0","0.0","0.0","0.0","0.0","0.0","0","3","72","0.0","0","3","36"
"2026-06-02T00:11:24+0000","egipt|dolny-egipt|2026-06-05|2026-06-19|14|Warszawa - Modlin,Warszawa - Radom,Warszawa|2+1","filter_13_16_days","egipt","dolny-egipt","2026-06-05","2026-06-19","14","Warszawa - Modlin,Warszawa - Radom,Warszawa","2+1","3","3","3","15702.0","15865.8","16111.5","16521.0","18879.0","0","0","0.0","0.0","0.0","0.0","0.0","0.0","0","3","72","0.0","0","3","36"
"2026-06-02T04:49:17+0000","egipt|dolny-egipt|2026-06-05|2026-06-19|14|Warszawa - Modlin,Warszawa - Radom,Warszawa|2+1","filter_13_16_days","egipt","dolny-egipt","2026-06-05","2026-06-19","14","Warszawa - Modlin,Warszawa - Radom,Warszawa","2+1","3","3","3","15702.0","15865.8","16111.5","16521.0","18879.0","0","0","0.0","0.0","0.0","0.0","0.0","0.0","0","3","72","0.0","0","3","36"
"2026-06-02T05:26:24+0000","egipt|dolny-egipt|2026-06-05|2026-06-19|14|Warszawa - Modlin,Warszawa - Radom,Warszawa|2+1","filter_13_16_days","egipt","dolny-egipt","2026-06-05","2026-06-19","14","Warszawa - Modlin,Warszawa - Radom,Warszawa","2+1","3","3","3","15702.0","15865.8","16111.5","16521.0","18879.0","0","0","0.0","0.0","0.0","0.0","0.0","0.0","0","3","72","0.0","0","3","36"
"2026-06-02T05:38:30+0000","egipt|dolny-egipt|2026-06-05|2026-06-19|14|Warszawa - Modlin,Warszawa - Radom,Warszawa|2+1","filter_13_16_days","egipt","dolny-egipt","2026-06-05","2026-06-19","14","Warszawa - Modlin,Warszawa - Radom,Warszawa","2+1","3","3","3","15702.0","15865.8","16111.5","16521.0","18879.0","0","0","0.0","0.0","0.0","0.0","0.0","0.0","0","3","72","0.0","0","3","36"
"2026-06-02T06:50:50+0000","egipt|dolny-egipt|2026-06-05|2026-06-19|14|Warszawa - Modlin,Warszawa - Radom,Warszawa|2+1","filter_13_16_days","egipt","dolny-egipt","2026-06-05","2026-06-19","14","Warszawa - Modlin,Warszawa - Radom,Warszawa","2+1","3","3","3","15702.0","15865.8","16111.5","16521.0","18879.0","0","0","0.0","0.0","0.0","0.0","0.0","0.0","0","3","72","0.0","0","3","36"
"2026-06-02T07:24:26+0000","egipt|dolny-egipt|2026-06-05|2026-06-19|14|Warszawa - Modlin,Warszawa - Radom,Warszawa|2+1","filter_13_16_days","egipt","dolny-egipt","2026-06-05","2026-06-19","14","Warszawa - Modlin,Warszawa - Radom,Warszawa","2+1","3","3","3","15702.0","15865.8","16111.5","16521.0","18879.0","0","0","0.0","0.0","0.0","0.0","0.0","0.0","0","3","72","0.0","0","3","36"
"2026-06-02T10:07:34+0000","egipt|dolny-egipt|2026-06-05|2026-06-19|14|Warszawa - Modlin,Warszawa - Radom,Warszawa|2+1","filter_13_16_days","egipt","dolny-egipt","2026-06-05","2026-06-19","14","Warszawa - Modlin,Warszawa - Radom,Warszawa","2+1","3","3","3","15702.0","15865.8","16111.5","16521.0","18879.0","0","0","0.0","0.0","0.0","0.0","0.0","0.0","0","3","72","0.0","0","3","36"
"2026-06-02T14:47:54+0000","egipt|dolny-egipt|2026-06-05|2026-06-19|14|Warszawa - Modlin,Warszawa - Radom,Warszawa|2+1","filter_13_16_days","egipt","dolny-egipt","2026-06-05","2026-06-19","14","Warszawa - Modlin,Warszawa - Radom,Warszawa","2+1","3","1","1","18879.0","18879.0","18879.0","18879.0","18879.0","0","0","0.0","0.0","0.0","0.0","0.0","0.0","-2","1","0","0.0","0","0","0"
"2026-06-02T15:35:52+0000","egipt|dolny-egipt|2026-06-05|2026-06-19|14|Warszawa - Modlin,Warszawa - Radom,Warszawa|2+1","filter_13_16_days","egipt","dolny-egipt","2026-06-05","2026-06-19","14","Warszawa - Modlin,Warszawa - Radom,Warszawa","2+1","3","1","1","18879.0","18879.0","18879.0","18879.0","18879.0","0","0","0.0","0.0","0.0","0.0","0.0","0.0","-2","1","0","0.0","0","0","0"
"2026-06-02T18:36:42+0000","egipt|dolny-egipt|2026-06-05|2026-06-19|14|Warszawa - Modlin,Warszawa - Radom,Warszawa|2+1","filter_13_16_days","egipt","dolny-egipt","2026-06-05","2026-06-19","14","Warszawa - Modlin,Warszawa - Radom,Warszawa","2+1","3","1","1","18879.0","18879.0","18879.0","18879.0","18879.0","0","0","0.0","0.0","0.0","0.0","0.0","0.0","-2","1","0","0.0","0","0","0"
"2026-06-02T20:35:34+0000","egipt|dolny-egipt|2026-06-05|2026-06-19|14|Warszawa - Modlin,Warszawa - Radom,Warszawa|2+1","filter_13_16_days","egipt","dolny-egipt","2026-06-05","2026-06-19","14","Warszawa - Modlin,Warszawa - Radom,Warszawa","2+1","3","1","1","18879.0","18879.0","18879.0","18879.0","18879.0","0","0","0.0","0.0","0.0","0.0","0.0","0.0","-2","1","0","0.0","0","0","0"
"2026-06-02T21:46:19+0000","egipt|dolny-egipt|2026-06-05|2026-06-19|14|Warszawa - Modlin,Warszawa - Radom,Warszawa|2+1","filter_13_16_days","egipt","dolny-egipt","2026-06-05","2026-06-19","14","Warszawa - Modlin,Warszawa - Radom,Warszawa","2+1","3","1","1","18879.0","18879.0","18879.0","18879.0","18879.0","0","0","0.0","0.0","0.0","0.0","0.0","0.0","-2","1","0","0.0","0","0","0"
"2026-06-02T23:31:59+0000","egipt|dolny-egipt|2026-06-05|2026-06-19|14|Warszawa - Modlin,Warszawa - Radom,Warszawa|2+1","filter_13_16_days","egipt","dolny-egipt","2026-06-05","2026-06-19","14","Warszawa - Modlin,Warszawa - Radom,Warszawa","2+1","3","1","1","18879.0","18879.0","18879.0","18879.0","18879.0","0","0","0.0","0.0","0.0","0.0","0.0","0.0","-2","1","0","0.0","0","0","0"
"2026-06-03T02:50:46+0000","egipt|dolny-egipt|2026-06-05|2026-06-19|14|Warszawa - Modlin,Warszawa - Radom,Warszawa|2+1","filter_13_16_days","egipt","dolny-egipt","2026-06-05","2026-06-19","14","Warszawa - Modlin,Warszawa - Radom,Warszawa","2+1","2","1","1","18879.0","18879.0","18879.0","18879.0","18879.0","0","0","0.0","0.0","0.0","0.0","0.0","0.0","-2","1","0","0.0","0","0","0"
"2026-06-03T07:07:32+0000","egipt|dolny-egipt|2026-06-05|2026-06-19|14|Warszawa - Modlin,Warszawa - Radom,Warszawa|2+1","filter_13_16_days","egipt","dolny-egipt","2026-06-05","2026-06-19","14","Warszawa - Modlin,Warszawa - Radom,Warszawa","2+1","2","1","1","18879.0","18879.0","18879.0","18879.0","18879.0","0","0","0.0","0.0","0.0","0.0","0.0","0.0","-2","1","0","0.0","0","0","0"
"2026-06-03T08:11:52+0000","egipt|dolny-egipt|2026-06-05|2026-06-19|14|Warszawa - Modlin,Warszawa - Radom,Warszawa|2+1","filter_13_16_days","egipt","dolny-egipt","2026-06-05","2026-06-19","14","Warszawa - Modlin,Warszawa - Radom,Warszawa","2+1","2","1","1","18879.0","18879.0","18879.0","18879.0","18879.0","0","0","0.0","0.0","0.0","0.0","0.0","0.0","-2","1","0","0.0","0","0","0"
"2026-06-01T05:43:19+0000","egipt|dolny-egipt|2026-06-10|2026-06-24|14|Warszawa - Modlin,Warszawa - Radom,Warszawa|2+1","filter_13_16_days","egipt","dolny-egipt","2026-06-10","2026-06-24","14","Warszawa - Modlin,Warszawa - Radom,Warszawa","2+1","9","3","3","14897.0","15257.0","15797.0","16697.0","18097.0","0","0","0.0","0.0","0.0","0.0","0.0","0.0","0","0","72","0.0","0","3","0"
"2026-06-01T08:45:54+0000","egipt|dolny-egipt|2026-06-10|2026-06-24|14|Warszawa - Modlin,Warszawa - Radom,Warszawa|2+1","filter_13_16_days","egipt","dolny-egipt","2026-06-10","2026-06-24","14","Warszawa - Modlin,Warszawa - Radom,Warszawa","2+1","9","4","4","14897.0","15437.0","16247.0","16997.0","18097.0","0","0","0.0","0.0","0.0","0.0","0.0","0.0","0","0","72","0.24","0","4","0"
"2026-06-01T09:18:39+0000","egipt|dolny-egipt|2026-06-10|2026-06-24|14|Warszawa - Modlin,Warszawa - Radom,Warszawa|2+1","filter_13_16_days","egipt","dolny-egipt","2026-06-10","2026-06-24","14","Warszawa - Modlin,Warszawa - Radom,Warszawa","2+1","9","4","4","14897.0","15437.0","16247.0","16997.0","18097.0","0","0","0.0","0.0","0.0","0.0","0.0","0.0","0","0","72","0.24","0","4","0"
"2026-06-01T11:18:45+0000","egipt|dolny-egipt|2026-06-10|2026-06-24|14|Warszawa - Modlin,Warszawa - Radom,Warszawa|2+1","filter_13_16_days","egipt","dolny-egipt","2026-06-10","2026-06-24","14","Warszawa - Modlin,Warszawa - Radom,Warszawa","2+1","9","4","4","14897.0","15437.0","16247.0","16997.0","18097.0","0","0","0.0","0.0","0.0","0.0","0.0","0.0","0","0","72","0.24","0","4","0"
"2026-06-01T11:46:52+0000","egipt|dolny-egipt|2026-06-10|2026-06-24|14|Warszawa - Modlin,Warszawa - Radom,Warszawa|2+1","filter_13_16_days","egipt","dolny-egipt","2026-06-10","2026-06-24","14","Warszawa - Modlin,Warszawa - Radom,Warszawa","2+1","9","4","4","14897.0","15437.0","16247.0","16997.0","18097.0","0","0","0.0","0.0","0.0","0.0","0.0","0.0","0","0","72","0.24","0","4","0"
"2026-06-01T12:28:51+0000","egipt|dolny-egipt|2026-06-10|2026-06-24|14|Warszawa - Modlin,Warszawa - Radom,Warszawa|2+1","filter_13_16_days","egipt","dolny-egipt","2026-06-10","2026-06-24","14","Warszawa - Modlin,Warszawa - Radom,Warszawa","2+1","9","4","4","14897.0","15437.0","16247.0","16997.0","18097.0","0","0","0.0","0.0","0.0","0.0","0.0","0.0","0","0","72","0.24","0","4","0"
"2026-06-01T14:33:58+0000","egipt|dolny-egipt|2026-06-10|2026-06-24|14|Warszawa - Modlin,Warszawa - Radom,Warszawa|2+1","filter_13_16_days","egipt","dolny-egipt","2026-06-10","2026-06-24","14","Warszawa - Modlin,Warszawa - Radom,Warszawa","2+1","9","4","4","14897.0","15437.0","16247.0","16997.0","18097.0","0","0","0.0","0.0","0.0","0.0","0.0","0.0","0","0","72","0.24","0","4","0"
"2026-06-01T15:05:15+0000","egipt|dolny-egipt|2026-06-10|2026-06-24|14|Warszawa - Modlin,Warszawa - Radom,Warszawa|2+1","filter_13_16_days","egipt","dolny-egipt","2026-06-10","2026-06-24","14","Warszawa - Modlin,Warszawa - Radom,Warszawa","2+1","9","4","4","14897.0","15437.0","16247.0","16997.0","18097.0","0","0","0.0","0.0","0.0","0.0","0.0","0.0","0","0","72","0.24","0","4","0"
"2026-06-01T15:50:45+0000","egipt|dolny-egipt|2026-06-10|2026-06-24|14|Warszawa - Modlin,Warszawa - Radom,Warszawa|2+1","filter_13_16_days","egipt","dolny-egipt","2026-06-10","2026-06-24","14","Warszawa - Modlin,Warszawa - Radom,Warszawa","2+1","9","4","4","14897.0","15437.0","16247.0","16997.0","18097.0","0","0","0.0","0.0","0.0","0.0","0.0","0.0","0","0","72","0.24","0","4","0"
"2026-06-01T16:14:15+0000","egipt|dolny-egipt|2026-06-10|2026-06-24|14|Warszawa - Modlin,Warszawa - Radom,Warszawa|2+1","filter_13_16_days","egipt","dolny-egipt","2026-06-10","2026-06-24","14","Warszawa - Modlin,Warszawa - Radom,Warszawa","2+1","9","4","4","14897.0","15437.0","16247.0","16997.0","18097.0","0","0","0.0","0.0","0.0","0.0","0.0","0.0","0","0","72","0.24","0","4","0"
"2026-06-01T18:30:18+0000","egipt|dolny-egipt|2026-06-10|2026-06-24|14|Warszawa - Modlin,Warszawa - Radom,Warszawa|2+1","filter_13_16_days","egipt","dolny-egipt","2026-06-10","2026-06-24","14","Warszawa - Modlin,Warszawa - Radom,Warszawa","2+1","9","4","4","14897.0","15437.0","16247.0","16997.0","18097.0","0","0","0.0","0.0","0.0","0.0","0.0","0.0","1","3","72","0.24","0","4","0"
"2026-06-01T20:13:38+0000","egipt|dolny-egipt|2026-06-10|2026-06-24|14|Warszawa - Modlin,Warszawa - Radom,Warszawa|2+1","filter_13_16_days","egipt","dolny-egipt","2026-06-10","2026-06-24","14","Warszawa - Modlin,Warszawa - Radom,Warszawa","2+1","9","4","4","14897.0","15437.0","16247.0","16997.0","18097.0","0","0","0.0","0.0","0.0","0.0","0.0","0.0","1","3","72","0.24","0","4","0"
"2026-06-01T22:59:26+0000","egipt|dolny-egipt|2026-06-10|2026-06-24|14|Warszawa - Modlin,Warszawa - Radom,Warszawa|2+1","filter_13_16_days","egipt","dolny-egipt","2026-06-10","2026-06-24","14","Warszawa - Modlin,Warszawa - Radom,Warszawa","2+1","9","4","4","14897.0","15437.0","16247.0","16997.0","18097.0","0","0","0.0","0.0","0.0","0.0","0.0","0.0","1","3","72","0.24","0","4","0"
"2026-06-02T00:11:24+0000","egipt|dolny-egipt|2026-06-10|2026-06-24|14|Warszawa - Modlin,Warszawa - Radom,Warszawa|2+1","filter_13_16_days","egipt","dolny-egipt","2026-06-10","2026-06-24","14","Warszawa - Modlin,Warszawa - Radom,Warszawa","2+1","8","4","4","14897.0","15437.0","16247.0","16997.0","18097.0","0","0","0.0","0.0","0.0","0.0","0.0","0.0","1","3","72","0.24","0","4","32"
"2026-06-02T04:49:17+0000","egipt|dolny-egipt|2026-06-10|2026-06-24|14|Warszawa - Modlin,Warszawa - Radom,Warszawa|2+1","filter_13_16_days","egipt","dolny-egipt","2026-06-10","2026-06-24","14","Warszawa - Modlin,Warszawa - Radom,Warszawa","2+1","8","4","4","14897.0","15437.0","16247.0","16997.0","18097.0","0","0","0.0","0.0","0.0","0.0","0.0","0.0","1","3","72","0.24","0","4","32"
"2026-06-02T05:26:24+0000","egipt|dolny-egipt|2026-06-10|2026-06-24|14|Warszawa - Modlin,Warszawa - Radom,Warszawa|2+1","filter_13_16_days","egipt","dolny-egipt","2026-06-10","2026-06-24","14","Warszawa - Modlin,Warszawa - Radom,Warszawa","2+1","8","4","4","14897.0","15437.0","16247.0","16997.0","18097.0","0","0","0.0","0.0","0.0","0.0","0.0","0.0","1","3","72","0.24","0","4","32"
"2026-06-02T05:38:30+0000","egipt|dolny-egipt|2026-06-10|2026-06-24|14|Warszawa - Modlin,Warszawa - Radom,Warszawa|2+1","filter_13_16_days","egipt","dolny-egipt","2026-06-10","2026-06-24","14","Warszawa - Modlin,Warszawa - Radom,Warszawa","2+1","8","4","4","14897.0","15437.0","16247.0","16997.0","18097.0","0","0","0.0","0.0","0.0","0.0","0.0","0.0","1","3","72","0.24","0","4","32"
"2026-06-02T06:50:50+0000","egipt|dolny-egipt|2026-06-10|2026-06-24|14|Warszawa - Modlin,Warszawa - Radom,Warszawa|2+1","filter_13_16_days","egipt","dolny-egipt","2026-06-10","2026-06-24","14","Warszawa - Modlin,Warszawa - Radom,Warszawa","2+1","8","4","4","14897.0","15437.0","16247.0","16997.0","18097.0","0","0","0.0","0.0","0.0","0.0","0.0","0.0","1","3","72","0.24","0","4","32"
"2026-06-02T07:24:26+0000","egipt|dolny-egipt|2026-06-10|2026-06-24|14|Warszawa - Modlin,Warszawa - Radom,Warszawa|2+1","filter_13_16_days","egipt","dolny-egipt","2026-06-10","2026-06-24","14","Warszawa - Modlin,Warszawa - Radom,Warszawa","2+1","8","4","4","14897.0","15437.0","16247.0","16997.0","18097.0","0","0","0.0","0.0","0.0","0.0","0.0","0.0","0","4","72","0.24","0","4","32"
"2026-06-02T10:07:34+0000","egipt|dolny-egipt|2026-06-10|2026-06-24|14|Warszawa - Modlin,Warszawa - Radom,Warszawa|2+1","filter_13_16_days","egipt","dolny-egipt","2026-06-10","2026-06-24","14","Warszawa - Modlin,Warszawa - Radom,Warszawa","2+1","8","3","3","14897.0","15257.0","15797.0","16697.0","17297.0","0","0","0.0","0.0","0.0","0.0","0.0","0.0","-1","3","72","0.32","0","3","32"
"2026-06-02T14:47:54+0000","egipt|dolny-egipt|2026-06-10|2026-06-24|14|Warszawa - Modlin,Warszawa - Radom,Warszawa|2+1","filter_13_16_days","egipt","dolny-egipt","2026-06-10","2026-06-24","14","Warszawa - Modlin,Warszawa - Radom,Warszawa","2+1","8","3","3","14897.0","15257.0","15797.0","16697.0","17297.0","0","0","0.0","0.0","0.0","0.0","0.0","0.0","-1","3","72","0.32","0","3","32"
"2026-06-02T15:35:52+0000","egipt|dolny-egipt|2026-06-10|2026-06-24|14|Warszawa - Modlin,Warszawa - Radom,Warszawa|2+1","filter_13_16_days","egipt","dolny-egipt","2026-06-10","2026-06-24","14","Warszawa - Modlin,Warszawa - Radom,Warszawa","2+1","8","3","3","14897.0","15257.0","15797.0","16697.0","17297.0","0","0","0.0","0.0","0.0","0.0","0.0","0.0","-1","3","72","0.32","0","3","32"
"2026-06-02T18:36:42+0000","egipt|dolny-egipt|2026-06-10|2026-06-24|14|Warszawa - Modlin,Warszawa - Radom,Warszawa|2+1","filter_13_16_days","egipt","dolny-egipt","2026-06-10","2026-06-24","14","Warszawa - Modlin,Warszawa - Radom,Warszawa","2+1","8","3","3","14897.0","15257.0","15797.0","16697.0","17297.0","0","0","0.0","0.0","0.0","0.0","0.0","0.0","-1","3","72","0.32","0","3","32"
"2026-06-02T20:35:34+0000","egipt|dolny-egipt|2026-06-10|2026-06-24|14|Warszawa - Modlin,Warszawa - Radom,Warszawa|2+1","filter_13_16_days","egipt","dolny-egipt","2026-06-10","2026-06-24","14","Warszawa - Modlin,Warszawa - Radom,Warszawa","2+1","8","3","3","14897.0","15257.0","15797.0","16697.0","17297.0","0","0","0.0","0.0","0.0","0.0","0.0","0.0","-1","3","72","0.32","0","3","32"
"2026-06-02T21:46:19+0000","egipt|dolny-egipt|2026-06-10|2026-06-24|14|Warszawa - Modlin,Warszawa - Radom,Warszawa|2+1","filter_13_16_days","egipt","dolny-egipt","2026-06-10","2026-06-24","14","Warszawa - Modlin,Warszawa - Radom,Warszawa","2+1","8","3","3","14897.0","15257.0","15797.0","16697.0","17297.0","0","0","0.0","0.0","0.0","0.0","0.0","0.0","-1","3","72","0.32","0","3","32"
"2026-06-02T23:31:59+0000","egipt|dolny-egipt|2026-06-10|2026-06-24|14|Warszawa - Modlin,Warszawa - Radom,Warszawa|2+1","filter_13_16_days","egipt","dolny-egipt","2026-06-10","2026-06-24","14","Warszawa - Modlin,Warszawa - Radom,Warszawa","2+1","8","3","3","14897.0","15257.0","15797.0","16697.0","17297.0","0","0","0.0","0.0","0.0","0.0","0.0","0.0","-1","3","72","0.32","0","3","32"
"2026-06-03T02:50:46+0000","egipt|dolny-egipt|2026-06-10|2026-06-24|14|Warszawa - Modlin,Warszawa - Radom,Warszawa|2+1","filter_13_16_days","egipt","dolny-egipt","2026-06-10","2026-06-24","14","Warszawa - Modlin,Warszawa - Radom,Warszawa","2+1","7","3","3","14897.0","15257.0","15797.0","16697.0","17297.0","0","0","0.0","0.0","0.0","0.0","0.0","0.0","-1","3","72","0.32","0","3","32"
"2026-06-03T07:07:32+0000","egipt|dolny-egipt|2026-06-10|2026-06-24|14|Warszawa - Modlin,Warszawa - Radom,Warszawa|2+1","filter_13_16_days","egipt","dolny-egipt","2026-06-10","2026-06-24","14","Warszawa - Modlin,Warszawa - Radom,Warszawa","2+1","7","3","3","14897.0","15257.0","15797.0","16697.0","17297.0","0","0","0.0","0.0","0.0","0.0","0.0","0.0","-1","3","72","0.32","0","3","32"
"2026-06-03T08:11:52+0000","egipt|dolny-egipt|2026-06-10|2026-06-24|14|Warszawa - Modlin,Warszawa - Radom,Warszawa|2+1","filter_13_16_days","egipt","dolny-egipt","2026-06-10","2026-06-24","14","Warszawa - Modlin,Warszawa - Radom,Warszawa","2+1","7","3","3","14897.0","15257.0","15797.0","16697.0","17297.0","0","0","0.0","0.0","0.0","0.0","0.0","0.0","-1","3","72","0.32","0","3","32"
"2026-06-03T02:50:46+0000","egipt|dolny-egipt|2026-06-19|2026-07-03|14|Warszawa - Modlin,Warszawa - Radom,Warszawa|2+1","filter_13_16_days","egipt","dolny-egipt","2026-06-19","2026-07-03","14","Warszawa - Modlin,Warszawa - Radom,Warszawa","2+1","16","1","1","19285.0","19285.0","19285.0","19285.0","19285.0","0","0","0.0","0.0","0.0","0.0","0.0","0.0","0","0","0","0.0","0","0","0"
"2026-06-03T07:07:32+0000","egipt|dolny-egipt|2026-06-19|2026-07-03|14|Warszawa - Modlin,Warszawa - Radom,Warszawa|2+1","filter_13_16_days","egipt","dolny-egipt","2026-06-19","2026-07-03","14","Warszawa - Modlin,Warszawa - Radom,Warszawa","2+1","16","1","1","19285.0","19285.0","19285.0","19285.0","19285.0","0","0","0.0","0.0","0.0","0.0","0.0","0.0","0","0","0","0.0","0","0","0"
"2026-06-03T08:11:52+0000","egipt|dolny-egipt|2026-06-19|2026-07-03|14|Warszawa - Modlin,Warszawa - Radom,Warszawa|2+1","filter_13_16_days","egipt","dolny-egipt","2026-06-19","2026-07-03","14","Warszawa - Modlin,Warszawa - Radom,Warszawa","2+1","16","1","1","19285.0","19285.0","19285.0","19285.0","19285.0","0","0","0.0","0.0","0.0","0.0","0.0","0.0","0","0","0","0.0","0","0","0"
"2026-06-01T11:18:45+0000","egipt|hurghada|2026-06-04|2026-06-18|14|Warszawa - Modlin,Warszawa - Radom,Warszawa|2+1","filter_13_16_days","egipt","hurghada","2026-06-04","2026-06-18","14","Warszawa - Modlin,Warszawa - Radom,Warszawa","2+1","3","1","1","13937.0","13937.0","13937.0","13937.0","13937.0","0","0","0.0","0.0","0.0","0.0","0.0","0.0","0","0","0","0.0","0","0","0"
"2026-06-01T11:46:52+0000","egipt|hurghada|2026-06-04|2026-06-18|14|Warszawa - Modlin,Warszawa - Radom,Warszawa|2+1","filter_13_16_days","egipt","hurghada","2026-06-04","2026-06-18","14","Warszawa - Modlin,Warszawa - Radom,Warszawa","2+1","3","1","1","13937.0","13937.0","13937.0","13937.0","13937.0","0","0","0.0","0.0","0.0","0.0","0.0","0.0","0","0","0","0.0","0","0","0"
"2026-06-01T12:28:51+0000","egipt|hurghada|2026-06-04|2026-06-18|14|Warszawa - Modlin,Warszawa - Radom,Warszawa|2+1","filter_13_16_days","egipt","hurghada","2026-06-04","2026-06-18","14","Warszawa - Modlin,Warszawa - Radom,Warszawa","2+1","3","1","1","13937.0","13937.0","13937.0","13937.0","13937.0","0","0","0.0","0.0","0.0","0.0","0.0","0.0","0","0","0","0.0","0","0","0"
"2026-06-01T14:33:58+0000","egipt|hurghada|2026-06-04|2026-06-18|14|Warszawa - Modlin,Warszawa - Radom,Warszawa|2+1","filter_13_16_days","egipt","hurghada","2026-06-04","2026-06-18","14","Warszawa - Modlin,Warszawa - Radom,Warszawa","2+1","3","2","2","13937.0","14221.0","14647.0","15357.0","16777.0","0","0","0.0","0.0","0.0","0.0","0.0","0.0","0","0","0","0.0","0","0","0"
"2026-06-01T15:05:15+0000","egipt|hurghada|2026-06-04|2026-06-18|14|Warszawa - Modlin,Warszawa - Radom,Warszawa|2+1","filter_13_16_days","egipt","hurghada","2026-06-04","2026-06-18","14","Warszawa - Modlin,Warszawa - Radom,Warszawa","2+1","3","2","2","13937.0","14221.0","14647.0","15357.0","16777.0","0","0","0.0","0.0","0.0","0.0","0.0","0.0","0","0","0","0.0","0","0","0"
"2026-06-01T15:50:45+0000","egipt|hurghada|2026-06-04|2026-06-18|14|Warszawa - Modlin,Warszawa - Radom,Warszawa|2+1","filter_13_16_days","egipt","hurghada","2026-06-04","2026-06-18","14","Warszawa - Modlin,Warszawa - Radom,Warszawa","2+1","3","2","2","13937.0","14221.0","14647.0","15357.0","16777.0","0","0","0.0","0.0","0.0","0.0","0.0","0.0","0","0","0","0.0","0","0","0"
"2026-06-01T16:14:15+0000","egipt|hurghada|2026-06-04|2026-06-18|14|Warszawa - Modlin,Warszawa - Radom,Warszawa|2+1","filter_13_16_days","egipt","hurghada","2026-06-04","2026-06-18","14","Warszawa - Modlin,Warszawa - Radom,Warszawa","2+1","3","2","2","13937.0","14221.0","14647.0","15357.0","16777.0","0","0","0.0","0.0","0.0","0.0","0.0","0.0","0","0","0","0.0","0","0","0"
"2026-06-01T18:30:18+0000","egipt|hurghada|2026-06-04|2026-06-18|14|Warszawa - Modlin,Warszawa - Radom,Warszawa|2+1","filter_13_16_days","egipt","hurghada","2026-06-04","2026-06-18","14","Warszawa - Modlin,Warszawa - Radom,Warszawa","2+1","3","2","2","13937.0","14221.0","14647.0","15357.0","16777.0","0","0","0.0","0.0","0.0","0.0","0.0","0.0","0","0","0","0.0","0","0","0"
"2026-06-01T20:13:38+0000","egipt|hurghada|2026-06-04|2026-06-18|14|Warszawa - Modlin,Warszawa - Radom,Warszawa|2+1","filter_13_16_days","egipt","hurghada","2026-06-04","2026-06-18","14","Warszawa - Modlin,Warszawa - Radom,Warszawa","2+1","3","2","2","13937.0","14221.0","14647.0","15357.0","16777.0","0","0","0.0","0.0","0.0","0.0","0.0","0.0","0","0","0","0.0","0","0","0"
"2026-06-01T22:59:26+0000","egipt|hurghada|2026-06-04|2026-06-18|14|Warszawa - Modlin,Warszawa - Radom,Warszawa|2+1","filter_13_16_days","egipt","hurghada","2026-06-04","2026-06-18","14","Warszawa - Modlin,Warszawa - Radom,Warszawa","2+1","3","5","5","9657.0","10437.0","11607.0","13937.0","16777.0","1","0","0.0","0.0","0.0","0.0","0.0","0.0","0","0","67","-0.22","0","4","28"
"2026-06-02T00:11:24+0000","egipt|hurghada|2026-06-04|2026-06-18|14|Warszawa - Modlin,Warszawa - Radom,Warszawa|2+1","filter_13_16_days","egipt","hurghada","2026-06-04","2026-06-18","14","Warszawa - Modlin,Warszawa - Radom,Warszawa","2+1","2","5","5","9657.0","10437.0","11607.0","13937.0","16777.0","1","0","0.0","0.0","0.0","0.0","0.0","0.0","4","1","67","-0.22","0","4","34"
"2026-06-02T04:49:17+0000","egipt|hurghada|2026-06-04|2026-06-18|14|Warszawa - Modlin,Warszawa - Radom,Warszawa|2+1","filter_13_16_days","egipt","hurghada","2026-06-04","2026-06-18","14","Warszawa - Modlin,Warszawa - Radom,Warszawa","2+1","2","4","4","9657.0","10242.0","11119.5","13112.0","16777.0","1","0","0.0","0.0","0.0","0.0","0.0","0.0","3","0","66","0.16","0","3","32"
"2026-06-02T05:26:24+0000","egipt|hurghada|2026-06-04|2026-06-18|14|Warszawa - Modlin,Warszawa - Radom,Warszawa|2+1","filter_13_16_days","egipt","hurghada","2026-06-04","2026-06-18","14","Warszawa - Modlin,Warszawa - Radom,Warszawa","2+1","2","4","4","9657.0","10242.0","11119.5","13112.0","16777.0","1","0","0.0","0.0","0.0","0.0","0.0","0.0","3","0","66","0.16","0","3","32"
"2026-06-02T05:38:30+0000","egipt|hurghada|2026-06-04|2026-06-18|14|Warszawa - Modlin,Warszawa - Radom,Warszawa|2+1","filter_13_16_days","egipt","hurghada","2026-06-04","2026-06-18","14","Warszawa - Modlin,Warszawa - Radom,Warszawa","2+1","2","4","4","9657.0","10242.0","11119.5","13112.0","16777.0","1","0","0.0","0.0","0.0","0.0","0.0","0.0","3","0","66","0.16","0","3","32"
"2026-06-02T06:50:50+0000","egipt|hurghada|2026-06-04|2026-06-18|14|Warszawa - Modlin,Warszawa - Radom,Warszawa|2+1","filter_13_16_days","egipt","hurghada","2026-06-04","2026-06-18","14","Warszawa - Modlin,Warszawa - Radom,Warszawa","2+1","2","3","3","11607.0","12209.0","13112.0","14617.0","16777.0","0","0","0.0","0.0","0.0","0.0","0.0","0.0","2","0","65","0.05","0","2","31"
"2026-06-02T07:24:26+0000","egipt|hurghada|2026-06-04|2026-06-18|14|Warszawa - Modlin,Warszawa - Radom,Warszawa|2+1","filter_13_16_days","egipt","hurghada","2026-06-04","2026-06-18","14","Warszawa - Modlin,Warszawa - Radom,Warszawa","2+1","2","3","3","11607.0","12209.0","13112.0","14617.0","16777.0","0","0","0.0","0.0","0.0","0.0","0.0","0.0","2","0","65","0.05","0","2","31"
"2026-06-02T10:07:34+0000","egipt|hurghada|2026-06-04|2026-06-18|14|Warszawa - Modlin,Warszawa - Radom,Warszawa|2+1","filter_13_16_days","egipt","hurghada","2026-06-04","2026-06-18","14","Warszawa - Modlin,Warszawa - Radom,Warszawa","2+1","2","3","3","11607.0","12209.0","13112.0","14617.0","16777.0","0","0","0.0","0.0","0.0","0.0","0.0","0.0","2","0","65","0.05","0","2","31"
"2026-06-02T14:47:54+0000","egipt|hurghada|2026-06-04|2026-06-18|14|Warszawa - Modlin,Warszawa - Radom,Warszawa|2+1","filter_13_16_days","egipt","hurghada","2026-06-04","2026-06-18","14","Warszawa - Modlin,Warszawa - Radom,Warszawa","2+1","2","3","3","11607.0","12209.0","13112.0","14617.0","16777.0","0","0","0.0","0.0","0.0","0.0","0.0","0.0","1","1","65","0.05","0","2","31"
"2026-06-02T15:35:52+0000","egipt|hurghada|2026-06-04|2026-06-18|14|Warszawa - Modlin,Warszawa - Radom,Warszawa|2+1","filter_13_16_days","egipt","hurghada","2026-06-04","2026-06-18","14","Warszawa - Modlin,Warszawa - Radom,Warszawa","2+1","2","2","2","11607.0","12124.0","12899.5","14192.0","16777.0","0","0","0.0","0.0","0.0","0.0","0.0","0.0","0","1","0","0.0","0","0","0"
"2026-06-02T18:36:42+0000","egipt|hurghada|2026-06-04|2026-06-18|14|Warszawa - Modlin,Warszawa - Radom,Warszawa|2+1","filter_13_16_days","egipt","hurghada","2026-06-04","2026-06-18","14","Warszawa - Modlin,Warszawa - Radom,Warszawa","2+1","2","2","2","11607.0","12124.0","12899.5","14192.0","16777.0","0","0","0.0","0.0","0.0","0.0","0.0","0.0","0","1","0","0.0","0","0","0"
"2026-06-02T20:35:34+0000","egipt|hurghada|2026-06-04|2026-06-18|14|Warszawa - Modlin,Warszawa - Radom,Warszawa|2+1","filter_13_16_days","egipt","hurghada","2026-06-04","2026-06-18","14","Warszawa - Modlin,Warszawa - Radom,Warszawa","2+1","2","2","2","11607.0","12124.0","12899.5","14192.0","16777.0","0","0","0.0","0.0","0.0","0.0","0.0","0.0","0","1","0","0.0","0","0","0"
"2026-06-02T21:46:19+0000","egipt|hurghada|2026-06-04|2026-06-18|14|Warszawa - Modlin,Warszawa - Radom,Warszawa|2+1","filter_13_16_days","egipt","hurghada","2026-06-04","2026-06-18","14","Warszawa - Modlin,Warszawa - Radom,Warszawa","2+1","2","2","2","11607.0","12124.0","12899.5","14192.0","16777.0","0","0","0.0","0.0","0.0","0.0","0.0","0.0","-3","2","0","0.0","0","0","0"
"2026-06-02T23:31:59+0000","egipt|hurghada|2026-06-04|2026-06-18|14|Warszawa - Modlin,Warszawa - Radom,Warszawa|2+1","filter_13_16_days","egipt","hurghada","2026-06-04","2026-06-18","14","Warszawa - Modlin,Warszawa - Radom,Warszawa","2+1","2","2","2","11607.0","12124.0","12899.5","14192.0","16777.0","0","0","0.0","0.0","0.0","0.0","0.0","0.0","-3","2","0","0.0","0","0","0"
"2026-06-03T02:50:46+0000","egipt|hurghada|2026-06-04|2026-06-18|14|Warszawa - Modlin,Warszawa - Radom,Warszawa|2+1","filter_13_16_days","egipt","hurghada","2026-06-04","2026-06-18","14","Warszawa - Modlin,Warszawa - Radom,Warszawa","2+1","1","2","2","11607.0","12124.0","12899.5","14192.0","16777.0","0","0","0.0","0.0","0.0","0.0","0.0","0.0","-2","2","0","0.0","0","0","0"
"2026-06-03T07:07:32+0000","egipt|hurghada|2026-06-04|2026-06-18|14|Warszawa - Modlin,Warszawa - Radom,Warszawa|2+1","filter_13_16_days","egipt","hurghada","2026-06-04","2026-06-18","14","Warszawa - Modlin,Warszawa - Radom,Warszawa","2+1","1","2","2","11607.0","12124.0","12899.5","14192.0","16777.0","0","0","0.0","0.0","0.0","0.0","0.0","0.0","-1","2","0","0.0","0","0","0"
"2026-06-03T08:11:52+0000","egipt|hurghada|2026-06-04|2026-06-18|14|Warszawa - Modlin,Warszawa - Radom,Warszawa|2+1","filter_13_16_days","egipt","hurghada","2026-06-04","2026-06-18","14","Warszawa - Modlin,Warszawa - Radom,Warszawa","2+1","1","2","2","11607.0","12124.0","12899.5","14192.0","16777.0","0","0","0.0","0.0","0.0","0.0","0.0","0.0","-1","2","0","0.0","0","0","0"
"2026-06-01T05:43:19+0000","egipt|hurghada|2026-06-07|2026-06-21|14|Warszawa - Modlin,Warszawa - Radom,Warszawa|2+1","filter_13_16_days","egipt","hurghada","2026-06-07","2026-06-21","14","Warszawa - Modlin,Warszawa - Radom,Warszawa","2+1","6","57","57","9457.0","10514.2","11557.0","12947.0","19467.0","2","0","0.0","0.0","0.0","0.0","0.0","0.0","0","0","68","0.14","1","45","25"
"2026-06-01T08:45:54+0000","egipt|hurghada|2026-06-07|2026-06-21|14|Warszawa - Modlin,Warszawa - Radom,Warszawa|2+1","filter_13_16_days","egipt","hurghada","2026-06-07","2026-06-21","14","Warszawa - Modlin,Warszawa - Radom,Warszawa","2+1","6","58","58","9369.0","10222.8","11489.5","12787.0","19467.0","3","0","0.0","0.0","0.0","0.0","0.0","0.0","0","0","70","-0.49","1","49","30"
"2026-06-01T09:18:39+0000","egipt|hurghada|2026-06-07|2026-06-21|14|Warszawa - Modlin,Warszawa - Radom,Warszawa|2+1","filter_13_16_days","egipt","hurghada","2026-06-07","2026-06-21","14","Warszawa - Modlin,Warszawa - Radom,Warszawa","2+1","6","58","58","9369.0","10222.8","11489.5","12787.0","19467.0","3","0","0.0","0.0","0.0","0.0","0.0","0.0","0","0","70","-0.53","1","50","30"
"2026-06-01T11:18:45+0000","egipt|hurghada|2026-06-07|2026-06-21|14|Warszawa - Modlin,Warszawa - Radom,Warszawa|2+1","filter_13_16_days","egipt","hurghada","2026-06-07","2026-06-21","14","Warszawa - Modlin,Warszawa - Radom,Warszawa","2+1","6","57","57","9369.0","10213.4","11477.0","12777.0","19467.0","3","0","0.0","0.0","0.0","0.0","0.0","0.0","0","0","70","-0.51","1","49","30"
"2026-06-01T11:46:52+0000","egipt|hurghada|2026-06-07|2026-06-21|14|Warszawa - Modlin,Warszawa - Radom,Warszawa|2+1","filter_13_16_days","egipt","hurghada","2026-06-07","2026-06-21","14","Warszawa - Modlin,Warszawa - Radom,Warszawa","2+1","6","57","57","9369.0","10213.4","11477.0","12777.0","19467.0","3","0","0.0","0.0","0.0","0.0","0.0","0.0","0","0","70","-0.51","1","49","30"
"2026-06-01T12:28:51+0000","egipt|hurghada|2026-06-07|2026-06-21|14|Warszawa - Modlin,Warszawa - Radom,Warszawa|2+1","filter_13_16_days","egipt","hurghada","2026-06-07","2026-06-21","14","Warszawa - Modlin,Warszawa - Radom,Warszawa","2+1","6","57","57","9369.0","10213.4","11477.0","12777.0","19467.0","3","0","0.0","0.0","0.0","0.0","0.0","0.0","0","0","70","-0.51","1","49","30"
"2026-06-01T14:33:58+0000","egipt|hurghada|2026-06-07|2026-06-21|14|Warszawa - Modlin,Warszawa - Radom,Warszawa|2+1","filter_13_16_days","egipt","hurghada","2026-06-07","2026-06-21","14","Warszawa - Modlin,Warszawa - Radom,Warszawa","2+1","6","56","56","9369.0","10204.0","11424.5","12693.0","19467.0","3","0","0.0","0.0","0.0","0.0","0.0","0.0","0","0","70","-0.49","1","49","30"
"2026-06-01T15:05:15+0000","egipt|hurghada|2026-06-07|2026-06-21|14|Warszawa - Modlin,Warszawa - Radom,Warszawa|2+1","filter_13_16_days","egipt","hurghada","2026-06-07","2026-06-21","14","Warszawa - Modlin,Warszawa - Radom,Warszawa","2+1","6","56","56","9369.0","10204.0","11424.5","12693.0","19467.0","3","0","0.0","0.0","0.0","0.0","0.0","0.0","0","0","70","-0.49","1","49","30"
"2026-06-01T15:50:45+0000","egipt|hurghada|2026-06-07|2026-06-21|14|Warszawa - Modlin,Warszawa - Radom,Warszawa|2+1","filter_13_16_days","egipt","hurghada","2026-06-07","2026-06-21","14","Warszawa - Modlin,Warszawa - Radom,Warszawa","2+1","6","56","56","9369.0","10204.0","11424.5","12693.0","19467.0","3","0","0.0","0.0","0.0","0.0","0.0","0.0","0","0","70","-0.52","1","50","30"
"2026-06-01T16:14:15+0000","egipt|hurghada|2026-06-07|2026-06-21|14|Warszawa - Modlin,Warszawa - Radom,Warszawa|2+1","filter_13_16_days","egipt","hurghada","2026-06-07","2026-06-21","14","Warszawa - Modlin,Warszawa - Radom,Warszawa","2+1","6","56","56","9369.0","10204.0","11424.5","12693.0","19467.0","3","0","0.0","0.0","0.0","0.0","0.0","0.0","0","0","70","-0.52","1","50","30"
"2026-06-01T18:30:18+0000","egipt|hurghada|2026-06-07|2026-06-21|14|Warszawa - Modlin,Warszawa - Radom,Warszawa|2+1","filter_13_16_days","egipt","hurghada","2026-06-07","2026-06-21","14","Warszawa - Modlin,Warszawa - Radom,Warszawa","2+1","6","54","54","9369.0","10306.2","11489.5","12693.0","19467.0","2","0","9499.0","10775.54","12787.0","0.0","-1.2","-0.74","-3","52","71","-0.55","1","49","31"
"2026-06-01T20:13:38+0000","egipt|hurghada|2026-06-07|2026-06-21|14|Warszawa - Modlin,Warszawa - Radom,Warszawa|2+1","filter_13_16_days","egipt","hurghada","2026-06-07","2026-06-21","14","Warszawa - Modlin,Warszawa - Radom,Warszawa","2+1","6","54","54","9369.0","10306.2","11489.5","12693.0","19467.0","2","0","9499.0","10775.54","12787.0","0.0","-1.2","-0.74","-3","52","71","-0.55","1","49","31"
"2026-06-01T22:59:26+0000","egipt|hurghada|2026-06-07|2026-06-21|14|Warszawa - Modlin,Warszawa - Radom,Warszawa|2+1","filter_13_16_days","egipt","hurghada","2026-06-07","2026-06-21","14","Warszawa - Modlin,Warszawa - Radom,Warszawa","2+1","6","52","52","9369.0","10269.4","11424.5","12693.0","19467.0","2","0","9499.0","10712.92","12787.0","0.0","-1.27","-0.74","-5","50","71","-0.56","1","48","32"
"2026-06-02T00:11:24+0000","egipt|hurghada|2026-06-07|2026-06-21|14|Warszawa - Modlin,Warszawa - Radom,Warszawa|2+1","filter_13_16_days","egipt","hurghada","2026-06-07","2026-06-21","14","Warszawa - Modlin,Warszawa - Radom,Warszawa","2+1","5","51","51","9369.0","10251.0","11372.0","12609.0","19467.0","2","0","9499.0","10712.92","12777.0","0.0","-1.27","-1.31","-6","49","71","-0.78","1","48","36"
"2026-06-02T04:49:17+0000","egipt|hurghada|2026-06-07|2026-06-21|14|Warszawa - Modlin,Warszawa - Radom,Warszawa|2+1","filter_13_16_days","egipt","hurghada","2026-06-07","2026-06-21","14","Warszawa - Modlin,Warszawa - Radom,Warszawa","2+1","5","52","52","9329.0","10269.4","11267.0","12693.0","19467.0","2","0","9499.0","10712.92","12787.0","0.0","-1.44","-0.74","-5","50","71","-0.82","2","47","37"
"2026-06-02T05:26:24+0000","egipt|hurghada|2026-06-07|2026-06-21|14|Warszawa - Modlin,Warszawa - Radom,Warszawa|2+1","filter_13_16_days","egipt","hurghada","2026-06-07","2026-06-21","14","Warszawa - Modlin,Warszawa - Radom,Warszawa","2+1","5","52","52","9329.0","10269.4","11267.0","12693.0","19467.0","2","0","9499.0","10712.92","12787.0","0.0","-1.44","-0.74","-5","50","71","-0.78","2","46","36"
"2026-06-02T05:38:30+0000","egipt|hurghada|2026-06-07|2026-06-21|14|Warszawa - Modlin,Warszawa - Radom,Warszawa|2+1","filter_13_16_days","egipt","hurghada","2026-06-07","2026-06-21","14","Warszawa - Modlin,Warszawa - Radom,Warszawa","2+1","5","52","52","9329.0","10269.4","11267.0","12693.0","19467.0","2","0","9499.0","10712.92","12787.0","0.0","-1.44","-0.74","-5","50","71","-0.78","2","46","36"
"2026-06-02T06:50:50+0000","egipt|hurghada|2026-06-07|2026-06-21|14|Warszawa - Modlin,Warszawa - Radom,Warszawa|2+1","filter_13_16_days","egipt","hurghada","2026-06-07","2026-06-21","14","Warszawa - Modlin,Warszawa - Radom,Warszawa","2+1","5","52","52","9329.0","10269.4","11267.0","12693.0","19467.0","2","0","9499.0","10712.92","12787.0","0.0","-1.44","-0.74","-5","50","71","-0.78","2","46","36"
"2026-06-02T07:24:26+0000","egipt|hurghada|2026-06-07|2026-06-21|14|Warszawa - Modlin,Warszawa - Radom,Warszawa|2+1","filter_13_16_days","egipt","hurghada","2026-06-07","2026-06-21","14","Warszawa - Modlin,Warszawa - Radom,Warszawa","2+1","5","52","52","9329.0","10269.4","11267.0","12693.0","19467.0","2","0","9369.0","10506.31","12693.0","-0.43","-0.41","0.0","-6","52","71","-0.78","2","46","36"
"2026-06-02T10:07:34+0000","egipt|hurghada|2026-06-07|2026-06-21|14|Warszawa - Modlin,Warszawa - Radom,Warszawa|2+1","filter_13_16_days","egipt","hurghada","2026-06-07","2026-06-21","14","Warszawa - Modlin,Warszawa - Radom,Warszawa","2+1","5","51","51","9329.0","10251.0","11267.0","12609.0","19467.0","2","0","9369.0","10483.85","12609.0","-0.43","-0.19","0.0","-7","51","71","-0.75","2","45","36"
"2026-06-02T14:47:54+0000","egipt|hurghada|2026-06-07|2026-06-21|14|Warszawa - Modlin,Warszawa - Radom,Warszawa|2+1","filter_13_16_days","egipt","hurghada","2026-06-07","2026-06-21","14","Warszawa - Modlin,Warszawa - Radom,Warszawa","2+1","5","47","47","9499.0","10889.0","11569.0","12777.0","19467.0","1","0","9499.0","10799.75","12777.0","0.0","0.1","0.0","-9","47","69","-0.26","0","41","29"
"2026-06-02T15:35:52+0000","egipt|hurghada|2026-06-07|2026-06-21|14|Warszawa - Modlin,Warszawa - Radom,Warszawa|2+1","filter_13_16_days","egipt","hurghada","2026-06-07","2026-06-21","14","Warszawa - Modlin,Warszawa - Radom,Warszawa","2+1","5","47","47","9499.0","10889.0","11569.0","12609.0","19467.0","1","0","9499.0","10799.75","12777.0","0.0","0.1","-1.31","-9","47","70","-0.31","0","42","33"
"2026-06-02T18:36:42+0000","egipt|hurghada|2026-06-07|2026-06-21|14|Warszawa - Modlin,Warszawa - Radom,Warszawa|2+1","filter_13_16_days","egipt","hurghada","2026-06-07","2026-06-21","14","Warszawa - Modlin,Warszawa - Radom,Warszawa","2+1","5","47","47","9499.0","10889.0","11569.0","12609.0","19467.0","1","0","9499.0","10799.75","12777.0","0.0","0.1","-1.31","-7","47","69","-0.3","0","41","29"
"2026-06-02T20:35:34+0000","egipt|hurghada|2026-06-07|2026-06-21|14|Warszawa - Modlin,Warszawa - Radom,Warszawa|2+1","filter_13_16_days","egipt","hurghada","2026-06-07","2026-06-21","14","Warszawa - Modlin,Warszawa - Radom,Warszawa","2+1","5","46","46","9499.0","10872.0","11553.0","12693.0","19467.0","1","0","9499.0","10799.75","12693.0","0.0","0.1","0.0","-8","46","69","-0.26","0","40","29"
"2026-06-02T21:46:19+0000","egipt|hurghada|2026-06-07|2026-06-21|14|Warszawa - Modlin,Warszawa - Radom,Warszawa|2+1","filter_13_16_days","egipt","hurghada","2026-06-07","2026-06-21","14","Warszawa - Modlin,Warszawa - Radom,Warszawa","2+1","5","46","46","9499.0","10737.0","11553.0","12693.0","19347.0","1","0","9499.0","10799.75","12693.0","0.0","-0.34","0.0","-6","46","69","-0.39","0","39","29"
"2026-06-02T23:31:59+0000","egipt|hurghada|2026-06-07|2026-06-21|14|Warszawa - Modlin,Warszawa - Radom,Warszawa|2+1","filter_13_16_days","egipt","hurghada","2026-06-07","2026-06-21","14","Warszawa - Modlin,Warszawa - Radom,Warszawa","2+1","5","46","46","9499.0","10737.0","11553.0","12693.0","19347.0","1","0","9499.0","10799.75","12693.0","0.0","-0.34","0.0","-6","46","69","-0.39","0","39","29"
"2026-06-03T02:50:46+0000","egipt|hurghada|2026-06-07|2026-06-21|14|Warszawa - Modlin,Warszawa - Radom,Warszawa|2+1","filter_13_16_days","egipt","hurghada","2026-06-07","2026-06-21","14","Warszawa - Modlin,Warszawa - Radom,Warszawa","2+1","4","46","46","9499.0","10737.0","11553.0","12693.0","19347.0","1","0","9499.0","10758.67","12693.0","0.0","0.04","0.0","-6","46","69","-0.39","0","39","29"
"2026-06-03T07:07:32+0000","egipt|hurghada|2026-06-07|2026-06-21|14|Warszawa - Modlin,Warszawa - Radom,Warszawa|2+1","filter_13_16_days","egipt","hurghada","2026-06-07","2026-06-21","14","Warszawa - Modlin,Warszawa - Radom,Warszawa","2+1","4","46","46","9499.0","10737.0","11553.0","12693.0","19347.0","1","0","9499.0","10758.67","12693.0","0.0","0.04","0.0","-6","46","69","-0.39","0","39","29"
"2026-06-03T08:11:52+0000","egipt|hurghada|2026-06-07|2026-06-21|14|Warszawa - Modlin,Warszawa - Radom,Warszawa|2+1","filter_13_16_days","egipt","hurghada","2026-06-07","2026-06-21","14","Warszawa - Modlin,Warszawa - Radom,Warszawa","2+1","4","47","47","9499.0","10747.0","11569.0","12777.0","19347.0","1","0","9499.0","10758.67","12777.0","0.0","0.04","0.0","-5","47","69","-0.12","0","39","29"
"2026-06-01T05:43:19+0000","egipt|hurghada|2026-06-09|2026-06-23|14|Warszawa - Modlin,Warszawa - Radom,Warszawa|2+1","filter_13_16_days","egipt","hurghada","2026-06-09","2026-06-23","14","Warszawa - Modlin,Warszawa - Radom,Warszawa","2+1","8","7","7","12332.0","12703.4","12999.0","13801.0","16909.0","0","0","0.0","0.0","0.0","0.0","0.0","0.0","0","0","65","-1.92","0","4","20"
"2026-06-01T08:45:54+0000","egipt|hurghada|2026-06-09|2026-06-23|14|Warszawa - Modlin,Warszawa - Radom,Warszawa|2+1","filter_13_16_days","egipt","hurghada","2026-06-09","2026-06-23","14","Warszawa - Modlin,Warszawa - Radom,Warszawa","2+1","8","6","6","12785.0","13129.5","13747.0","14741.0","17362.0","0","0","0.0","0.0","0.0","0.0","0.0","0.0","0","0","50","1.53","0","0","8"
"2026-06-01T09:18:39+0000","egipt|hurghada|2026-06-09|2026-06-23|14|Warszawa - Modlin,Warszawa - Radom,Warszawa|2+1","filter_13_16_days","egipt","hurghada","2026-06-09","2026-06-23","14","Warszawa - Modlin,Warszawa - Radom,Warszawa","2+1","8","6","6","12785.0","13129.5","13747.0","14741.0","17362.0","0","0","0.0","0.0","0.0","0.0","0.0","0.0","0","0","49","1.99","0","0","8"
"2026-06-01T11:18:45+0000","egipt|hurghada|2026-06-09|2026-06-23|14|Warszawa - Modlin,Warszawa - Radom,Warszawa|2+1","filter_13_16_days","egipt","hurghada","2026-06-09","2026-06-23","14","Warszawa - Modlin,Warszawa - Radom,Warszawa","2+1","8","6","6","12785.0","13129.5","13747.0","14741.0","17362.0","0","0","0.0","0.0","0.0","0.0","0.0","0.0","0","0","49","1.99","0","0","8"
"2026-06-01T11:46:52+0000","egipt|hurghada|2026-06-09|2026-06-23|14|Warszawa - Modlin,Warszawa - Radom,Warszawa|2+1","filter_13_16_days","egipt","hurghada","2026-06-09","2026-06-23","14","Warszawa - Modlin,Warszawa - Radom,Warszawa","2+1","8","6","6","12785.0","13129.5","13747.0","14741.0","17362.0","0","0","0.0","0.0","0.0","0.0","0.0","0.0","0","0","49","1.99","0","0","8"
"2026-06-01T12:28:51+0000","egipt|hurghada|2026-06-09|2026-06-23|14|Warszawa - Modlin,Warszawa - Radom,Warszawa|2+1","filter_13_16_days","egipt","hurghada","2026-06-09","2026-06-23","14","Warszawa - Modlin,Warszawa - Radom,Warszawa","2+1","8","6","6","12785.0","13129.5","13747.0","14741.0","17362.0","0","0","0.0","0.0","0.0","0.0","0.0","0.0","0","0","49","1.99","0","0","8"
"2026-06-01T14:33:58+0000","egipt|hurghada|2026-06-09|2026-06-23|14|Warszawa - Modlin,Warszawa - Radom,Warszawa|2+1","filter_13_16_days","egipt","hurghada","2026-06-09","2026-06-23","14","Warszawa - Modlin,Warszawa - Radom,Warszawa","2+1","8","7","7","12634.0","13047.4","13518.0","14415.0","17211.0","0","0","0.0","0.0","0.0","0.0","0.0","0.0","0","0","49","0.96","0","0","8"
"2026-06-01T15:05:15+0000","egipt|hurghada|2026-06-09|2026-06-23|14|Warszawa - Modlin,Warszawa - Radom,Warszawa|2+1","filter_13_16_days","egipt","hurghada","2026-06-09","2026-06-23","14","Warszawa - Modlin,Warszawa - Radom,Warszawa","2+1","8","7","7","12634.0","13047.4","13518.0","14415.0","17211.0","0","0","0.0","0.0","0.0","0.0","0.0","0.0","0","0","49","0.96","0","0","8"
"2026-06-01T15:50:45+0000","egipt|hurghada|2026-06-09|2026-06-23|14|Warszawa - Modlin,Warszawa - Radom,Warszawa|2+1","filter_13_16_days","egipt","hurghada","2026-06-09","2026-06-23","14","Warszawa - Modlin,Warszawa - Radom,Warszawa","2+1","8","7","7","12634.0","13047.4","13518.0","14415.0","17211.0","0","0","0.0","0.0","0.0","0.0","0.0","0.0","0","0","49","0.96","0","0","8"
"2026-06-01T16:14:15+0000","egipt|hurghada|2026-06-09|2026-06-23|14|Warszawa - Modlin,Warszawa - Radom,Warszawa|2+1","filter_13_16_days","egipt","hurghada","2026-06-09","2026-06-23","14","Warszawa - Modlin,Warszawa - Radom,Warszawa","2+1","8","7","7","12634.0","13047.4","13518.0","14415.0","17211.0","0","0","0.0","0.0","0.0","0.0","0.0","0.0","0","0","49","0.96","0","0","8"
"2026-06-01T18:30:18+0000","egipt|hurghada|2026-06-09|2026-06-23|14|Warszawa - Modlin,Warszawa - Radom,Warszawa|2+1","filter_13_16_days","egipt","hurghada","2026-06-09","2026-06-23","14","Warszawa - Modlin,Warszawa - Radom,Warszawa","2+1","8","7","7","12634.0","13047.4","13518.0","14415.0","17211.0","0","0","0.0","0.0","0.0","0.0","0.0","0.0","0","7","49","0.96","0","0","8"
"2026-06-01T20:13:38+0000","egipt|hurghada|2026-06-09|2026-06-23|14|Warszawa - Modlin,Warszawa - Radom,Warszawa|2+1","filter_13_16_days","egipt","hurghada","2026-06-09","2026-06-23","14","Warszawa - Modlin,Warszawa - Radom,Warszawa","2+1","8","7","7","12634.0","13047.4","13518.0","14415.0","17211.0","0","0","0.0","0.0","0.0","0.0","0.0","0.0","0","7","49","0.96","0","0","8"
"2026-06-01T22:59:26+0000","egipt|hurghada|2026-06-09|2026-06-23|14|Warszawa - Modlin,Warszawa - Radom,Warszawa|2+1","filter_13_16_days","egipt","hurghada","2026-06-09","2026-06-23","14","Warszawa - Modlin,Warszawa - Radom,Warszawa","2+1","8","7","7","12634.0","13047.4","13518.0","14415.0","17211.0","0","0","0.0","0.0","0.0","0.0","0.0","0.0","0","7","49","0.96","0","0","8"
"2026-06-02T00:11:24+0000","egipt|hurghada|2026-06-09|2026-06-23|14|Warszawa - Modlin,Warszawa - Radom,Warszawa|2+1","filter_13_16_days","egipt","hurghada","2026-06-09","2026-06-23","14","Warszawa - Modlin,Warszawa - Radom,Warszawa","2+1","7","7","7","12634.0","13047.4","13518.0","14415.0","17211.0","0","0","0.0","0.0","0.0","0.0","0.0","0.0","0","7","49","0.96","0","0","8"
"2026-06-02T04:49:17+0000","egipt|hurghada|2026-06-09|2026-06-23|14|Warszawa - Modlin,Warszawa - Radom,Warszawa|2+1","filter_13_16_days","egipt","hurghada","2026-06-09","2026-06-23","14","Warszawa - Modlin,Warszawa - Radom,Warszawa","2+1","7","7","7","12630.0","13042.2","13514.0","14407.0","17430.0","0","0","0.0","0.0","0.0","0.0","0.0","0.0","0","7","49","0.93","0","0","8"
"2026-06-02T05:26:24+0000","egipt|hurghada|2026-06-09|2026-06-23|14|Warszawa - Modlin,Warszawa - Radom,Warszawa|2+1","filter_13_16_days","egipt","hurghada","2026-06-09","2026-06-23","14","Warszawa - Modlin,Warszawa - Radom,Warszawa","2+1","7","7","7","12630.0","13042.2","13514.0","14407.0","17430.0","0","0","0.0","0.0","0.0","0.0","0.0","0.0","0","7","49","0.93","0","0","8"
"2026-06-02T05:38:30+0000","egipt|hurghada|2026-06-09|2026-06-23|14|Warszawa - Modlin,Warszawa - Radom,Warszawa|2+1","filter_13_16_days","egipt","hurghada","2026-06-09","2026-06-23","14","Warszawa - Modlin,Warszawa - Radom,Warszawa","2+1","7","7","7","12630.0","13042.2","13514.0","14407.0","17430.0","0","0","0.0","0.0","0.0","0.0","0.0","0.0","0","7","49","0.93","0","0","8"
"2026-06-02T06:50:50+0000","egipt|hurghada|2026-06-09|2026-06-23|14|Warszawa - Modlin,Warszawa - Radom,Warszawa|2+1","filter_13_16_days","egipt","hurghada","2026-06-09","2026-06-23","14","Warszawa - Modlin,Warszawa - Radom,Warszawa","2+1","7","7","7","12630.0","13042.2","13514.0","14407.0","17430.0","0","0","0.0","0.0","0.0","0.0","0.0","0.0","0","7","49","0.93","0","0","8"
"2026-06-02T07:24:26+0000","egipt|hurghada|2026-06-09|2026-06-23|14|Warszawa - Modlin,Warszawa - Radom,Warszawa|2+1","filter_13_16_days","egipt","hurghada","2026-06-09","2026-06-23","14","Warszawa - Modlin,Warszawa - Radom,Warszawa","2+1","7","7","7","12630.0","12861.6","13363.5","14407.0","17430.0","0","0","0.0","0.0","0.0","0.0","0.0","0.0","1","6","52","0.61","0","1","10"
"2026-06-02T10:07:34+0000","egipt|hurghada|2026-06-09|2026-06-23|14|Warszawa - Modlin,Warszawa - Radom,Warszawa|2+1","filter_13_16_days","egipt","hurghada","2026-06-09","2026-06-23","14","Warszawa - Modlin,Warszawa - Radom,Warszawa","2+1","7","7","7","12327.0","12740.4","13212.0","14104.0","17128.0","0","0","0.0","0.0","0.0","0.0","0.0","0.0","1","6","71","-1.18","0","7","31"
"2026-06-02T14:47:54+0000","egipt|hurghada|2026-06-09|2026-06-23|14|Warszawa - Modlin,Warszawa - Radom,Warszawa|2+1","filter_13_16_days","egipt","hurghada","2026-06-09","2026-06-23","14","Warszawa - Modlin,Warszawa - Radom,Warszawa","2+1","7","7","7","12327.0","12740.4","13212.0","14104.0","17128.0","0","0","0.0","0.0","0.0","0.0","0.0","0.0","0","7","71","-1.18","0","7","31"
"2026-06-02T15:35:52+0000","egipt|hurghada|2026-06-09|2026-06-23|14|Warszawa - Modlin,Warszawa - Radom,Warszawa|2+1","filter_13_16_days","egipt","hurghada","2026-06-09","2026-06-23","14","Warszawa - Modlin,Warszawa - Radom,Warszawa","2+1","7","7","7","12327.0","12740.4","13212.0","14104.0","17128.0","0","0","0.0","0.0","0.0","0.0","0.0","0.0","0","7","71","-1.18","0","7","31"
"2026-06-02T18:36:42+0000","egipt|hurghada|2026-06-09|2026-06-23|14|Warszawa - Modlin,Warszawa - Radom,Warszawa|2+1","filter_13_16_days","egipt","hurghada","2026-06-09","2026-06-23","14","Warszawa - Modlin,Warszawa - Radom,Warszawa","2+1","7","7","7","12327.0","12740.4","13212.0","14104.0","17128.0","0","0","0.0","0.0","0.0","0.0","0.0","0.0","0","7","71","-1.18","0","7","31"
"2026-06-02T20:35:34+0000","egipt|hurghada|2026-06-09|2026-06-23|14|Warszawa - Modlin,Warszawa - Radom,Warszawa|2+1","filter_13_16_days","egipt","hurghada","2026-06-09","2026-06-23","14","Warszawa - Modlin,Warszawa - Radom,Warszawa","2+1","7","7","7","12327.0","12740.4","13212.0","14104.0","17128.0","0","0","0.0","0.0","0.0","0.0","0.0","0.0","0","7","71","-1.18","0","7","31"
"2026-06-02T21:46:19+0000","egipt|hurghada|2026-06-09|2026-06-23|14|Warszawa - Modlin,Warszawa - Radom,Warszawa|2+1","filter_13_16_days","egipt","hurghada","2026-06-09","2026-06-23","14","Warszawa - Modlin,Warszawa - Radom,Warszawa","2+1","7","7","7","12327.0","12740.4","13212.0","14104.0","17128.0","0","0","0.0","0.0","0.0","0.0","0.0","0.0","0","7","71","-1.18","0","7","31"
"2026-06-02T23:31:59+0000","egipt|hurghada|2026-06-09|2026-06-23|14|Warszawa - Modlin,Warszawa - Radom,Warszawa|2+1","filter_13_16_days","egipt","hurghada","2026-06-09","2026-06-23","14","Warszawa - Modlin,Warszawa - Radom,Warszawa","2+1","7","7","7","12327.0","12740.4","13212.0","14104.0","17128.0","0","0","0.0","0.0","0.0","0.0","0.0","0.0","0","7","71","-1.18","0","7","31"
"2026-06-03T02:50:46+0000","egipt|hurghada|2026-06-09|2026-06-23|14|Warszawa - Modlin,Warszawa - Radom,Warszawa|2+1","filter_13_16_days","egipt","hurghada","2026-06-09","2026-06-23","14","Warszawa - Modlin,Warszawa - Radom,Warszawa","2+1","6","7","7","12694.0","12889.6","13214.0","14104.0","17128.0","0","0","0.0","0.0","0.0","0.0","0.0","0.0","0","7","63","-0.75","0","4","15"
"2026-06-03T07:07:32+0000","egipt|hurghada|2026-06-09|2026-06-23|14|Warszawa - Modlin,Warszawa - Radom,Warszawa|2+1","filter_13_16_days","egipt","hurghada","2026-06-09","2026-06-23","14","Warszawa - Modlin,Warszawa - Radom,Warszawa","2+1","6","7","7","12694.0","12889.6","13457.0","14110.0","17137.0","0","0","0.0","0.0","0.0","0.0","0.0","0.0","0","7","53","-0.15","0","0","8"
"2026-06-03T08:11:52+0000","egipt|hurghada|2026-06-09|2026-06-23|14|Warszawa - Modlin,Warszawa - Radom,Warszawa|2+1","filter_13_16_days","egipt","hurghada","2026-06-09","2026-06-23","14","Warszawa - Modlin,Warszawa - Radom,Warszawa","2+1","6","7","7","12694.0","12889.6","13457.0","14110.0","17137.0","0","0","0.0","0.0","0.0","0.0","0.0","0.0","0","7","53","-0.15","0","0","8"
"2026-06-01T05:43:19+0000","egipt|hurghada|2026-06-11|2026-06-25|14|Warszawa - Modlin,Warszawa - Radom,Warszawa|2+1","filter_13_16_days","egipt","hurghada","2026-06-11","2026-06-25","14","Warszawa - Modlin,Warszawa - Radom,Warszawa","2+1","10","7","7","9967.0","11479.6","12967.5","14327.0","19962.0","1","0","0.0","0.0","0.0","0.0","0.0","0.0","0","0","59","3.17","0","3","0"
"2026-06-01T08:45:54+0000","egipt|hurghada|2026-06-11|2026-06-25|14|Warszawa - Modlin,Warszawa - Radom,Warszawa|2+1","filter_13_16_days","egipt","hurghada","2026-06-11","2026-06-25","14","Warszawa - Modlin,Warszawa - Radom,Warszawa","2+1","10","6","6","9967.0","11707.0","13667.0","15264.5","19962.0","1","0","0.0","0.0","0.0","0.0","0.0","0.0","0","0","61","2.15","0","3","0"
"2026-06-01T09:18:39+0000","egipt|hurghada|2026-06-11|2026-06-25|14|Warszawa - Modlin,Warszawa - Radom,Warszawa|2+1","filter_13_16_days","egipt","hurghada","2026-06-11","2026-06-25","14","Warszawa - Modlin,Warszawa - Radom,Warszawa","2+1","10","6","6","9967.0","11707.0","13667.0","15264.5","19962.0","1","0","0.0","0.0","0.0","0.0","0.0","0.0","0","0","61","2.15","0","3","0"
"2026-06-01T11:18:45+0000","egipt|hurghada|2026-06-11|2026-06-25|14|Warszawa - Modlin,Warszawa - Radom,Warszawa|2+1","filter_13_16_days","egipt","hurghada","2026-06-11","2026-06-25","14","Warszawa - Modlin,Warszawa - Radom,Warszawa","2+1","10","7","7","9967.0","12055.0","13887.0","15797.0","19962.0","1","0","0.0","0.0","0.0","0.0","0.0","0.0","0","0","63","1.45","0","4","0"
"2026-06-01T11:46:52+0000","egipt|hurghada|2026-06-11|2026-06-25|14|Warszawa - Modlin,Warszawa - Radom,Warszawa|2+1","filter_13_16_days","egipt","hurghada","2026-06-11","2026-06-25","14","Warszawa - Modlin,Warszawa - Radom,Warszawa","2+1","10","7","7","9967.0","12055.0","13887.0","15797.0","19962.0","1","0","0.0","0.0","0.0","0.0","0.0","0.0","0","0","63","1.45","0","4","0"
"2026-06-01T12:28:51+0000","egipt|hurghada|2026-06-11|2026-06-25|14|Warszawa - Modlin,Warszawa - Radom,Warszawa|2+1","filter_13_16_days","egipt","hurghada","2026-06-11","2026-06-25","14","Warszawa - Modlin,Warszawa - Radom,Warszawa","2+1","10","7","7","9967.0","12055.0","13887.0","15797.0","19962.0","1","0","0.0","0.0","0.0","0.0","0.0","0.0","0","0","63","1.45","0","4","0"
"2026-06-01T14:33:58+0000","egipt|hurghada|2026-06-11|2026-06-25|14|Warszawa - Modlin,Warszawa - Radom,Warszawa|2+1","filter_13_16_days","egipt","hurghada","2026-06-11","2026-06-25","14","Warszawa - Modlin,Warszawa - Radom,Warszawa","2+1","10","7","7","9967.0","12055.0","13887.0","15857.0","19962.0","1","0","0.0","0.0","0.0","0.0","0.0","0.0","0","0","59","2.49","0","3","0"
"2026-06-01T15:05:15+0000","egipt|hurghada|2026-06-11|2026-06-25|14|Warszawa - Modlin,Warszawa - Radom,Warszawa|2+1","filter_13_16_days","egipt","hurghada","2026-06-11","2026-06-25","14","Warszawa - Modlin,Warszawa - Radom,Warszawa","2+1","10","7","7","9967.0","12055.0","13887.0","15857.0","19962.0","1","0","0.0","0.0","0.0","0.0","0.0","0.0","0","0","59","2.49","0","3","0"
"2026-06-01T15:50:45+0000","egipt|hurghada|2026-06-11|2026-06-25|14|Warszawa - Modlin,Warszawa - Radom,Warszawa|2+1","filter_13_16_days","egipt","hurghada","2026-06-11","2026-06-25","14","Warszawa - Modlin,Warszawa - Radom,Warszawa","2+1","10","7","7","9967.0","12055.0","13887.0","15857.0","19962.0","1","0","0.0","0.0","0.0","0.0","0.0","0.0","0","0","59","2.49","0","3","0"
"2026-06-01T16:14:15+0000","egipt|hurghada|2026-06-11|2026-06-25|14|Warszawa - Modlin,Warszawa - Radom,Warszawa|2+1","filter_13_16_days","egipt","hurghada","2026-06-11","2026-06-25","14","Warszawa - Modlin,Warszawa - Radom,Warszawa","2+1","10","7","7","9967.0","12055.0","13887.0","15857.0","19962.0","1","0","0.0","0.0","0.0","0.0","0.0","0.0","0","0","59","2.49","0","3","0"
"2026-06-01T18:30:18+0000","egipt|hurghada|2026-06-11|2026-06-25|14|Warszawa - Modlin,Warszawa - Radom,Warszawa|2+1","filter_13_16_days","egipt","hurghada","2026-06-11","2026-06-25","14","Warszawa - Modlin,Warszawa - Radom,Warszawa","2+1","10","9","9","9657.0","9905.0","13447.0","14377.0","19962.0","2","0","0.0","0.0","0.0","0.0","0.0","0.0","2","4","59","2.34","0","4","0"
"2026-06-01T20:13:38+0000","egipt|hurghada|2026-06-11|2026-06-25|14|Warszawa - Modlin,Warszawa - Radom,Warszawa|2+1","filter_13_16_days","egipt","hurghada","2026-06-11","2026-06-25","14","Warszawa - Modlin,Warszawa - Radom,Warszawa","2+1","10","7","7","9657.0","9843.0","11707.0","14327.0","19962.0","2","0","0.0","0.0","0.0","0.0","0.0","0.0","0","4","59","2.36","0","3","0"
"2026-06-01T22:59:26+0000","egipt|hurghada|2026-06-11|2026-06-25|14|Warszawa - Modlin,Warszawa - Radom,Warszawa|2+1","filter_13_16_days","egipt","hurghada","2026-06-11","2026-06-25","14","Warszawa - Modlin,Warszawa - Radom,Warszawa","2+1","10","6","6","9967.0","11707.0","13667.0","14352.0","19962.0","1","0","0.0","0.0","0.0","0.0","0.0","0.0","-1","4","58","2.67","0","2","0"
"2026-06-02T00:11:24+0000","egipt|hurghada|2026-06-11|2026-06-25|14|Warszawa - Modlin,Warszawa - Radom,Warszawa|2+1","filter_13_16_days","egipt","hurghada","2026-06-11","2026-06-25","14","Warszawa - Modlin,Warszawa - Radom,Warszawa","2+1","9","2","2","9967.0","10403.0","11057.0","12147.0","14327.0","1","0","0.0","0.0","0.0","0.0","0.0","0.0","-5","2","0","0.0","0","0","0"
"2026-06-02T04:49:17+0000","egipt|hurghada|2026-06-11|2026-06-25|14|Warszawa - Modlin,Warszawa - Radom,Warszawa|2+1","filter_13_16_days","egipt","hurghada","2026-06-11","2026-06-25","14","Warszawa - Modlin,Warszawa - Radom,Warszawa","2+1","9","2","2","9967.0","10403.0","11057.0","12147.0","14327.0","1","0","0.0","0.0","0.0","0.0","0.0","0.0","-5","2","0","0.0","0","0","0"
"2026-06-02T05:26:24+0000","egipt|hurghada|2026-06-11|2026-06-25|14|Warszawa - Modlin,Warszawa - Radom,Warszawa|2+1","filter_13_16_days","egipt","hurghada","2026-06-11","2026-06-25","14","Warszawa - Modlin,Warszawa - Radom,Warszawa","2+1","9","2","2","9967.0","10403.0","11057.0","12147.0","14327.0","1","0","0.0","0.0","0.0","0.0","0.0","0.0","-5","2","0","0.0","0","0","0"
"2026-06-02T05:38:30+0000","egipt|hurghada|2026-06-11|2026-06-25|14|Warszawa - Modlin,Warszawa - Radom,Warszawa|2+1","filter_13_16_days","egipt","hurghada","2026-06-11","2026-06-25","14","Warszawa - Modlin,Warszawa - Radom,Warszawa","2+1","9","2","2","9967.0","10403.0","11057.0","12147.0","14327.0","1","0","0.0","0.0","0.0","0.0","0.0","0.0","-5","2","0","0.0","0","0","0"
"2026-06-02T06:50:50+0000","egipt|hurghada|2026-06-11|2026-06-25|14|Warszawa - Modlin,Warszawa - Radom,Warszawa|2+1","filter_13_16_days","egipt","hurghada","2026-06-11","2026-06-25","14","Warszawa - Modlin,Warszawa - Radom,Warszawa","2+1","9","3","3","9657.0","9719.0","9812.0","9967.0","14327.0","2","0","0.0","0.0","0.0","0.0","0.0","0.0","-4","2","70","0.17","0","3","0"
"2026-06-02T07:24:26+0000","egipt|hurghada|2026-06-11|2026-06-25|14|Warszawa - Modlin,Warszawa - Radom,Warszawa|2+1","filter_13_16_days","egipt","hurghada","2026-06-11","2026-06-25","14","Warszawa - Modlin,Warszawa - Radom,Warszawa","2+1","9","3","3","9657.0","9719.0","9812.0","9967.0","14327.0","2","0","0.0","0.0","0.0","0.0","0.0","0.0","-3","2","70","0.17","0","3","0"
"2026-06-02T10:07:34+0000","egipt|hurghada|2026-06-11|2026-06-25|14|Warszawa - Modlin,Warszawa - Radom,Warszawa|2+1","filter_13_16_days","egipt","hurghada","2026-06-11","2026-06-25","14","Warszawa - Modlin,Warszawa - Radom,Warszawa","2+1","9","3","3","9657.0","9719.0","9812.0","9967.0","14327.0","2","0","0.0","0.0","0.0","0.0","0.0","0.0","-3","2","70","0.17","0","3","0"
"2026-06-02T14:47:54+0000","egipt|hurghada|2026-06-11|2026-06-25|14|Warszawa - Modlin,Warszawa - Radom,Warszawa|2+1","filter_13_16_days","egipt","hurghada","2026-06-11","2026-06-25","14","Warszawa - Modlin,Warszawa - Radom,Warszawa","2+1","9","6","6","9657.0","9812.0","10047.0","11432.0","17737.0","2","0","0.0","0.0","0.0","0.0","0.0","0.0","-1","2","59","3.67","0","3","0"
"2026-06-02T15:35:52+0000","egipt|hurghada|2026-06-11|2026-06-25|14|Warszawa - Modlin,Warszawa - Radom,Warszawa|2+1","filter_13_16_days","egipt","hurghada","2026-06-11","2026-06-25","14","Warszawa - Modlin,Warszawa - Radom,Warszawa","2+1","9","7","7","9657.0","9843.0","10127.0","12577.0","17737.0","2","0","0.0","0.0","0.0","0.0","0.0","0.0","0","2","61","3.14","0","4","0"
"2026-06-02T18:36:42+0000","egipt|hurghada|2026-06-11|2026-06-25|14|Warszawa - Modlin,Warszawa - Radom,Warszawa|2+1","filter_13_16_days","egipt","hurghada","2026-06-11","2026-06-25","14","Warszawa - Modlin,Warszawa - Radom,Warszawa","2+1","9","7","7","9657.0","9843.0","10127.0","12577.0","17737.0","2","0","0.0","0.0","0.0","0.0","0.0","0.0","-2","3","61","3.14","0","4","0"
"2026-06-02T20:35:34+0000","egipt|hurghada|2026-06-11|2026-06-25|14|Warszawa - Modlin,Warszawa - Radom,Warszawa|2+1","filter_13_16_days","egipt","hurghada","2026-06-11","2026-06-25","14","Warszawa - Modlin,Warszawa - Radom,Warszawa","2+1","9","8","8","9657.0","9874.0","10207.0","12682.0","17737.0","2","0","0.0","0.0","0.0","0.0","0.0","0.0","1","3","62","2.66","0","5","0"
"2026-06-02T21:46:19+0000","egipt|hurghada|2026-06-11|2026-06-25|14|Warszawa - Modlin,Warszawa - Radom,Warszawa|2+1","filter_13_16_days","egipt","hurghada","2026-06-11","2026-06-25","14","Warszawa - Modlin,Warszawa - Radom,Warszawa","2+1","9","8","8","9657.0","9874.0","10207.0","12682.0","17737.0","2","0","0.0","0.0","0.0","0.0","0.0","0.0","2","2","62","2.66","0","5","0"
"2026-06-02T23:31:59+0000","egipt|hurghada|2026-06-11|2026-06-25|14|Warszawa - Modlin,Warszawa - Radom,Warszawa|2+1","filter_13_16_days","egipt","hurghada","2026-06-11","2026-06-25","14","Warszawa - Modlin,Warszawa - Radom,Warszawa","2+1","9","9","9","9657.0","9905.0","10287.0","12787.0","17737.0","2","0","0.0","0.0","0.0","0.0","0.0","0.0","3","2","60","3.96","0","5","0"
"2026-06-03T02:50:46+0000","egipt|hurghada|2026-06-11|2026-06-25|14|Warszawa - Modlin,Warszawa - Radom,Warszawa|2+1","filter_13_16_days","egipt","hurghada","2026-06-11","2026-06-25","14","Warszawa - Modlin,Warszawa - Radom,Warszawa","2+1","8","9","9","9657.0","9905.0","10287.0","12787.0","17737.0","2","0","0.0","0.0","0.0","0.0","0.0","0.0","7","2","60","3.96","0","5","15"
"2026-06-03T07:07:32+0000","egipt|hurghada|2026-06-11|2026-06-25|14|Warszawa - Modlin,Warszawa - Radom,Warszawa|2+1","filter_13_16_days","egipt","hurghada","2026-06-11","2026-06-25","14","Warszawa - Modlin,Warszawa - Radom,Warszawa","2+1","8","9","9","9657.0","9905.0","10287.0","12787.0","17737.0","2","0","0.0","0.0","0.0","0.0","0.0","0.0","6","3","60","3.96","0","5","15"
"2026-06-03T08:11:52+0000","egipt|hurghada|2026-06-11|2026-06-25|14|Warszawa - Modlin,Warszawa - Radom,Warszawa|2+1","filter_13_16_days","egipt","hurghada","2026-06-11","2026-06-25","14","Warszawa - Modlin,Warszawa - Radom,Warszawa","2+1","8","9","9","9657.0","9905.0","10287.0","12787.0","17737.0","2","0","0.0","0.0","0.0","0.0","0.0","0.0","6","3","60","3.96","0","5","15"
"2026-06-01T05:43:19+0000","egipt|hurghada|2026-06-14|2026-06-28|14|Warszawa - Modlin,Warszawa - Radom,Warszawa|2+1","filter_13_16_days","egipt","hurghada","2026-06-14","2026-06-28","14","Warszawa - Modlin,Warszawa - Radom,Warszawa","2+1","13","1","1","16157.0","16157.0","16157.0","16157.0","16157.0","0","0","0.0","0.0","0.0","0.0","0.0","0.0","0","0","0","0.0","0","0","0"
"2026-06-01T08:45:54+0000","egipt|hurghada|2026-06-14|2026-06-28|14|Warszawa - Modlin,Warszawa - Radom,Warszawa|2+1","filter_13_16_days","egipt","hurghada","2026-06-14","2026-06-28","14","Warszawa - Modlin,Warszawa - Radom,Warszawa","2+1","13","1","1","16157.0","16157.0","16157.0","16157.0","16157.0","0","0","0.0","0.0","0.0","0.0","0.0","0.0","0","0","0","0.0","0","0","0"
"2026-06-01T09:18:39+0000","egipt|hurghada|2026-06-14|2026-06-28|14|Warszawa - Modlin,Warszawa - Radom,Warszawa|2+1","filter_13_16_days","egipt","hurghada","2026-06-14","2026-06-28","14","Warszawa - Modlin,Warszawa - Radom,Warszawa","2+1","13","1","1","16157.0","16157.0","16157.0","16157.0","16157.0","0","0","0.0","0.0","0.0","0.0","0.0","0.0","0","0","0","0.0","0","0","0"
"2026-06-01T20:13:38+0000","egipt|hurghada|2026-06-14|2026-06-28|14|Warszawa - Modlin,Warszawa - Radom,Warszawa|2+1","filter_13_16_days","egipt","hurghada","2026-06-14","2026-06-28","14","Warszawa - Modlin,Warszawa - Radom,Warszawa","2+1","13","2","2","15857.0","15887.0","15932.0","16007.0","16157.0","0","0","0.0","0.0","0.0","0.0","0.0","0.0","1","1","0","0.0","0","0","0"
"2026-06-01T22:59:26+0000","egipt|hurghada|2026-06-14|2026-06-28|14|Warszawa - Modlin,Warszawa - Radom,Warszawa|2+1","filter_13_16_days","egipt","hurghada","2026-06-14","2026-06-28","14","Warszawa - Modlin,Warszawa - Radom,Warszawa","2+1","13","2","2","15857.0","15887.0","15932.0","16007.0","16157.0","0","0","0.0","0.0","0.0","0.0","0.0","0.0","1","1","0","0.0","0","0","0"
"2026-06-02T00:11:24+0000","egipt|hurghada|2026-06-14|2026-06-28|14|Warszawa - Modlin,Warszawa - Radom,Warszawa|2+1","filter_13_16_days","egipt","hurghada","2026-06-14","2026-06-28","14","Warszawa - Modlin,Warszawa - Radom,Warszawa","2+1","12","1","1","16157.0","16157.0","16157.0","16157.0","16157.0","0","0","0.0","0.0","0.0","0.0","0.0","0.0","0","1","0","0.0","0","0","0"
"2026-06-02T04:49:17+0000","egipt|hurghada|2026-06-14|2026-06-28|14|Warszawa - Modlin,Warszawa - Radom,Warszawa|2+1","filter_13_16_days","egipt","hurghada","2026-06-14","2026-06-28","14","Warszawa - Modlin,Warszawa - Radom,Warszawa","2+1","12","1","1","16157.0","16157.0","16157.0","16157.0","16157.0","0","0","0.0","0.0","0.0","0.0","0.0","0.0","0","1","0","0.0","0","0","0"
"2026-06-02T05:26:24+0000","egipt|hurghada|2026-06-14|2026-06-28|14|Warszawa - Modlin,Warszawa - Radom,Warszawa|2+1","filter_13_16_days","egipt","hurghada","2026-06-14","2026-06-28","14","Warszawa - Modlin,Warszawa - Radom,Warszawa","2+1","12","1","1","16157.0","16157.0","16157.0","16157.0","16157.0","0","0","0.0","0.0","0.0","0.0","0.0","0.0","0","1","0","0.0","0","0","0"
"2026-06-02T05:38:30+0000","egipt|hurghada|2026-06-14|2026-06-28|14|Warszawa - Modlin,Warszawa - Radom,Warszawa|2+1","filter_13_16_days","egipt","hurghada","2026-06-14","2026-06-28","14","Warszawa - Modlin,Warszawa - Radom,Warszawa","2+1","12","1","1","16157.0","16157.0","16157.0","16157.0","16157.0","0","0","0.0","0.0","0.0","0.0","0.0","0.0","0","1","0","0.0","0","0","0"
"2026-06-02T06:50:50+0000","egipt|hurghada|2026-06-14|2026-06-28|14|Warszawa - Modlin,Warszawa - Radom,Warszawa|2+1","filter_13_16_days","egipt","hurghada","2026-06-14","2026-06-28","14","Warszawa - Modlin,Warszawa - Radom,Warszawa","2+1","12","1","1","16157.0","16157.0","16157.0","16157.0","16157.0","0","0","0.0","0.0","0.0","0.0","0.0","0.0","0","1","0","0.0","0","0","0"
"2026-06-02T07:24:26+0000","egipt|hurghada|2026-06-14|2026-06-28|14|Warszawa - Modlin,Warszawa - Radom,Warszawa|2+1","filter_13_16_days","egipt","hurghada","2026-06-14","2026-06-28","14","Warszawa - Modlin,Warszawa - Radom,Warszawa","2+1","12","1","1","16157.0","16157.0","16157.0","16157.0","16157.0","0","0","0.0","0.0","0.0","0.0","0.0","0.0","0","1","0","0.0","0","0","0"
"2026-06-02T10:07:34+0000","egipt|hurghada|2026-06-14|2026-06-28|14|Warszawa - Modlin,Warszawa - Radom,Warszawa|2+1","filter_13_16_days","egipt","hurghada","2026-06-14","2026-06-28","14","Warszawa - Modlin,Warszawa - Radom,Warszawa","2+1","12","1","1","16157.0","16157.0","16157.0","16157.0","16157.0","0","0","0.0","0.0","0.0","0.0","0.0","0.0","0","1","0","0.0","0","0","0"
"2026-06-02T14:47:54+0000","egipt|hurghada|2026-06-14|2026-06-28|14|Warszawa - Modlin,Warszawa - Radom,Warszawa|2+1","filter_13_16_days","egipt","hurghada","2026-06-14","2026-06-28","14","Warszawa - Modlin,Warszawa - Radom,Warszawa","2+1","12","2","2","13532.0","13794.5","14188.25","14844.5","16157.0","0","0","0.0","0.0","0.0","0.0","0.0","0.0","0","1","0","0.0","0","0","0"
"2026-06-02T15:35:52+0000","egipt|hurghada|2026-06-14|2026-06-28|14|Warszawa - Modlin,Warszawa - Radom,Warszawa|2+1","filter_13_16_days","egipt","hurghada","2026-06-14","2026-06-28","14","Warszawa - Modlin,Warszawa - Radom,Warszawa","2+1","12","2","2","13532.0","13794.5","14188.25","14844.5","16157.0","0","0","0.0","0.0","0.0","0.0","0.0","0.0","0","1","0","0.0","0","0","0"
"2026-06-02T18:36:42+0000","egipt|hurghada|2026-06-14|2026-06-28|14|Warszawa - Modlin,Warszawa - Radom,Warszawa|2+1","filter_13_16_days","egipt","hurghada","2026-06-14","2026-06-28","14","Warszawa - Modlin,Warszawa - Radom,Warszawa","2+1","12","2","2","13532.0","13794.5","14188.25","14844.5","16157.0","0","0","0.0","0.0","0.0","0.0","0.0","0.0","0","1","0","0.0","0","0","0"
"2026-06-02T20:35:34+0000","egipt|hurghada|2026-06-14|2026-06-28|14|Warszawa - Modlin,Warszawa - Radom,Warszawa|2+1","filter_13_16_days","egipt","hurghada","2026-06-14","2026-06-28","14","Warszawa - Modlin,Warszawa - Radom,Warszawa","2+1","12","2","2","13532.0","13794.5","14188.25","14844.5","16157.0","0","0","0.0","0.0","0.0","0.0","0.0","0.0","0","1","0","0.0","0","0","0"
"2026-06-02T21:46:19+0000","egipt|hurghada|2026-06-14|2026-06-28|14|Warszawa - Modlin,Warszawa - Radom,Warszawa|2+1","filter_13_16_days","egipt","hurghada","2026-06-14","2026-06-28","14","Warszawa - Modlin,Warszawa - Radom,Warszawa","2+1","12","2","2","13532.0","13794.5","14188.25","14844.5","16157.0","0","0","0.0","0.0","0.0","0.0","0.0","0.0","0","1","0","0.0","0","0","0"
"2026-06-02T23:31:59+0000","egipt|hurghada|2026-06-14|2026-06-28|14|Warszawa - Modlin,Warszawa - Radom,Warszawa|2+1","filter_13_16_days","egipt","hurghada","2026-06-14","2026-06-28","14","Warszawa - Modlin,Warszawa - Radom,Warszawa","2+1","12","1","1","16157.0","16157.0","16157.0","16157.0","16157.0","0","0","0.0","0.0","0.0","0.0","0.0","0.0","-1","1","0","0.0","0","0","0"
"2026-06-03T02:50:46+0000","egipt|hurghada|2026-06-14|2026-06-28|14|Warszawa - Modlin,Warszawa - Radom,Warszawa|2+1","filter_13_16_days","egipt","hurghada","2026-06-14","2026-06-28","14","Warszawa - Modlin,Warszawa - Radom,Warszawa","2+1","11","1","1","16157.0","16157.0","16157.0","16157.0","16157.0","0","0","0.0","0.0","0.0","0.0","0.0","0.0","0","1","0","0.0","0","0","0"
"2026-06-03T07:07:32+0000","egipt|hurghada|2026-06-14|2026-06-28|14|Warszawa - Modlin,Warszawa - Radom,Warszawa|2+1","filter_13_16_days","egipt","hurghada","2026-06-14","2026-06-28","14","Warszawa - Modlin,Warszawa - Radom,Warszawa","2+1","11","1","1","16157.0","16157.0","16157.0","16157.0","16157.0","0","0","0.0","0.0","0.0","0.0","0.0","0.0","0","1","0","0.0","0","0","0"
"2026-06-03T08:11:52+0000","egipt|hurghada|2026-06-14|2026-06-28|14|Warszawa - Modlin,Warszawa - Radom,Warszawa|2+1","filter_13_16_days","egipt","hurghada","2026-06-14","2026-06-28","14","Warszawa - Modlin,Warszawa - Radom,Warszawa","2+1","11","1","1","16157.0","16157.0","16157.0","16157.0","16157.0","0","0","0.0","0.0","0.0","0.0","0.0","0.0","0","1","0","0.0","0","0","0"
"2026-06-01T08:45:54+0000","egipt|hurghada|2026-06-16|2026-06-30|14|Warszawa - Modlin,Warszawa - Radom,Warszawa|2+1","filter_13_16_days","egipt","hurghada","2026-06-16","2026-06-30","14","Warszawa - Modlin,Warszawa - Radom,Warszawa","2+1","15","1","1","13839.0","13839.0","13839.0","13839.0","13839.0","0","0","0.0","0.0","0.0","0.0","0.0","0.0","0","0","0","0.0","0","0","0"
"2026-06-01T09:18:39+0000","egipt|hurghada|2026-06-16|2026-06-30|14|Warszawa - Modlin,Warszawa - Radom,Warszawa|2+1","filter_13_16_days","egipt","hurghada","2026-06-16","2026-06-30","14","Warszawa - Modlin,Warszawa - Radom,Warszawa","2+1","15","1","1","13839.0","13839.0","13839.0","13839.0","13839.0","0","0","0.0","0.0","0.0","0.0","0.0","0.0","0","0","0","0.0","0","0","0"
"2026-06-01T11:18:45+0000","egipt|hurghada|2026-06-16|2026-06-30|14|Warszawa - Modlin,Warszawa - Radom,Warszawa|2+1","filter_13_16_days","egipt","hurghada","2026-06-16","2026-06-30","14","Warszawa - Modlin,Warszawa - Radom,Warszawa","2+1","15","1","1","13839.0","13839.0","13839.0","13839.0","13839.0","0","0","0.0","0.0","0.0","0.0","0.0","0.0","0","0","0","0.0","0","0","0"
"2026-06-01T11:46:52+0000","egipt|hurghada|2026-06-16|2026-06-30|14|Warszawa - Modlin,Warszawa - Radom,Warszawa|2+1","filter_13_16_days","egipt","hurghada","2026-06-16","2026-06-30","14","Warszawa - Modlin,Warszawa - Radom,Warszawa","2+1","15","1","1","13839.0","13839.0","13839.0","13839.0","13839.0","0","0","0.0","0.0","0.0","0.0","0.0","0.0","0","0","0","0.0","0","0","0"
"2026-06-01T12:28:51+0000","egipt|hurghada|2026-06-16|2026-06-30|14|Warszawa - Modlin,Warszawa - Radom,Warszawa|2+1","filter_13_16_days","egipt","hurghada","2026-06-16","2026-06-30","14","Warszawa - Modlin,Warszawa - Radom,Warszawa","2+1","15","1","1","13839.0","13839.0","13839.0","13839.0","13839.0","0","0","0.0","0.0","0.0","0.0","0.0","0.0","0","0","0","0.0","0","0","0"
"2026-06-02T00:11:24+0000","egipt|hurghada|2026-06-18|2026-07-02|14|Warszawa - Modlin,Warszawa - Radom,Warszawa|2+1","filter_13_16_days","egipt","hurghada","2026-06-18","2026-07-02","14","Warszawa - Modlin,Warszawa - Radom,Warszawa","2+1","16","6","6","12772.0","13094.5","13617.0","14405.5","19176.0","0","0","0.0","0.0","0.0","0.0","0.0","0.0","0","0","60","1.63","0","2","0"
"2026-06-02T04:49:17+0000","egipt|hurghada|2026-06-18|2026-07-02|14|Warszawa - Modlin,Warszawa - Radom,Warszawa|2+1","filter_13_16_days","egipt","hurghada","2026-06-18","2026-07-02","14","Warszawa - Modlin,Warszawa - Radom,Warszawa","2+1","16","6","6","13417.0","13685.5","14019.75","14302.0","19176.0","0","0","0.0","0.0","0.0","0.0","0.0","0.0","0","0","68","-0.91","0","4","0"
"2026-06-02T05:26:24+0000","egipt|hurghada|2026-06-18|2026-07-02|14|Warszawa - Modlin,Warszawa - Radom,Warszawa|2+1","filter_13_16_days","egipt","hurghada","2026-06-18","2026-07-02","14","Warszawa - Modlin,Warszawa - Radom,Warszawa","2+1","16","6","6","13417.0","13685.5","14019.75","14302.0","19176.0","0","0","0.0","0.0","0.0","0.0","0.0","0.0","0","0","68","-0.91","0","4","0"
"2026-06-02T05:38:30+0000","egipt|hurghada|2026-06-18|2026-07-02|14|Warszawa - Modlin,Warszawa - Radom,Warszawa|2+1","filter_13_16_days","egipt","hurghada","2026-06-18","2026-07-02","14","Warszawa - Modlin,Warszawa - Radom,Warszawa","2+1","16","6","6","13417.0","13685.5","14019.75","14302.0","19176.0","0","0","0.0","0.0","0.0","0.0","0.0","0.0","0","0","68","-0.91","0","4","0"
"2026-06-02T06:50:50+0000","egipt|hurghada|2026-06-18|2026-07-02|14|Warszawa - Modlin,Warszawa - Radom,Warszawa|2+1","filter_13_16_days","egipt","hurghada","2026-06-18","2026-07-02","14","Warszawa - Modlin,Warszawa - Radom,Warszawa","2+1","16","6","6","13417.0","13685.5","14019.75","14302.0","19176.0","0","0","0.0","0.0","0.0","0.0","0.0","0.0","0","0","68","-0.91","0","4","0"
"2026-06-02T07:24:26+0000","egipt|hurghada|2026-06-18|2026-07-02|14|Warszawa - Modlin,Warszawa - Radom,Warszawa|2+1","filter_13_16_days","egipt","hurghada","2026-06-18","2026-07-02","14","Warszawa - Modlin,Warszawa - Radom,Warszawa","2+1","16","6","6","13417.0","13685.5","14019.75","14302.0","19176.0","0","0","0.0","0.0","0.0","0.0","0.0","0.0","0","0","68","-0.91","0","4","0"
"2026-06-02T10:07:34+0000","egipt|hurghada|2026-06-18|2026-07-02|14|Warszawa - Modlin,Warszawa - Radom,Warszawa|2+1","filter_13_16_days","egipt","hurghada","2026-06-18","2026-07-02","14","Warszawa - Modlin,Warszawa - Radom,Warszawa","2+1","16","7","7","13417.0","13739.2","14070.5","14217.0","19176.0","0","0","0.0","0.0","0.0","0.0","0.0","0.0","0","0","64","-0.06","0","4","0"
"2026-06-02T14:47:54+0000","egipt|hurghada|2026-06-18|2026-07-02|14|Warszawa - Modlin,Warszawa - Radom,Warszawa|2+1","filter_13_16_days","egipt","hurghada","2026-06-18","2026-07-02","14","Warszawa - Modlin,Warszawa - Radom,Warszawa","2+1","16","7","7","13417.0","13639.0","13870.5","14217.0","19176.0","0","0","0.0","0.0","0.0","0.0","0.0","0.0","1","5","64","-0.49","0","4","0"
"2026-06-02T15:35:52+0000","egipt|hurghada|2026-06-18|2026-07-02|14|Warszawa - Modlin,Warszawa - Radom,Warszawa|2+1","filter_13_16_days","egipt","hurghada","2026-06-18","2026-07-02","14","Warszawa - Modlin,Warszawa - Radom,Warszawa","2+1","16","7","7","13417.0","13417.0","13602.0","13954.0","19176.0","0","0","0.0","0.0","0.0","0.0","0.0","0.0","1","5","67","-1.31","0","5","0"
"2026-06-02T18:36:42+0000","egipt|hurghada|2026-06-18|2026-07-02|14|Warszawa - Modlin,Warszawa - Radom,Warszawa|2+1","filter_13_16_days","egipt","hurghada","2026-06-18","2026-07-02","14","Warszawa - Modlin,Warszawa - Radom,Warszawa","2+1","16","7","7","13417.0","13417.0","13602.0","13954.0","19176.0","0","0","0.0","0.0","0.0","0.0","0.0","0.0","1","5","67","-1.31","0","5","0"
"2026-06-02T20:35:34+0000","egipt|hurghada|2026-06-18|2026-07-02|14|Warszawa - Modlin,Warszawa - Radom,Warszawa|2+1","filter_13_16_days","egipt","hurghada","2026-06-18","2026-07-02","14","Warszawa - Modlin,Warszawa - Radom,Warszawa","2+1","16","7","7","13417.0","13417.0","13602.0","13954.0","19176.0","0","0","0.0","0.0","0.0","0.0","0.0","0.0","1","5","67","-1.31","0","5","0"
"2026-06-02T21:46:19+0000","egipt|hurghada|2026-06-18|2026-07-02|14|Warszawa - Modlin,Warszawa - Radom,Warszawa|2+1","filter_13_16_days","egipt","hurghada","2026-06-18","2026-07-02","14","Warszawa - Modlin,Warszawa - Radom,Warszawa","2+1","16","7","7","13417.0","13417.0","13602.0","13954.0","19176.0","0","0","0.0","0.0","0.0","0.0","0.0","0.0","1","5","67","-1.31","0","5","0"
"2026-06-02T23:31:59+0000","egipt|hurghada|2026-06-18|2026-07-02|14|Warszawa - Modlin,Warszawa - Radom,Warszawa|2+1","filter_13_16_days","egipt","hurghada","2026-06-18","2026-07-02","14","Warszawa - Modlin,Warszawa - Radom,Warszawa","2+1","16","7","7","13417.0","13417.0","13602.0","13954.0","19176.0","0","0","0.0","0.0","0.0","0.0","0.0","0.0","1","5","67","-1.31","0","5","0"
"2026-06-03T02:50:46+0000","egipt|hurghada|2026-06-18|2026-07-02|14|Warszawa - Modlin,Warszawa - Radom,Warszawa|2+1","filter_13_16_days","egipt","hurghada","2026-06-18","2026-07-02","14","Warszawa - Modlin,Warszawa - Radom,Warszawa","2+1","15","7","7","13417.0","13417.0","13602.0","13954.0","19176.0","0","0","0.0","0.0","0.0","0.0","0.0","0.0","1","6","67","-1.31","0","5","0"
"2026-06-03T07:07:32+0000","egipt|hurghada|2026-06-18|2026-07-02|14|Warszawa - Modlin,Warszawa - Radom,Warszawa|2+1","filter_13_16_days","egipt","hurghada","2026-06-18","2026-07-02","14","Warszawa - Modlin,Warszawa - Radom,Warszawa","2+1","15","7","7","13417.0","13417.0","13602.0","13954.0","19176.0","0","0","0.0","0.0","0.0","0.0","0.0","0.0","1","6","67","-1.31","0","5","0"
"2026-06-03T08:11:52+0000","egipt|hurghada|2026-06-18|2026-07-02|14|Warszawa - Modlin,Warszawa - Radom,Warszawa|2+1","filter_13_16_days","egipt","hurghada","2026-06-18","2026-07-02","14","Warszawa - Modlin,Warszawa - Radom,Warszawa","2+1","15","6","6","13417.0","13417.0","13551.25","14170.5","19176.0","0","0","0.0","0.0","0.0","0.0","0.0","0.0","0","6","72","-1.87","0","5","0"
"2026-06-01T08:45:54+0000","egipt|marsa-alam|2026-06-02|2026-06-16|14|Warszawa - Modlin,Warszawa - Radom,Warszawa|2+1","filter_13_16_days","egipt","marsa-alam","2026-06-02","2026-06-16","14","Warszawa - Modlin,Warszawa - Radom,Warszawa","2+1","1","6","6","9593.0","9710.0","9897.5","10150.0","13562.0","2","0","0.0","0.0","0.0","0.0","0.0","0.0","0","0","60","2.9","0","3","24"
"2026-06-01T09:18:39+0000","egipt|marsa-alam|2026-06-02|2026-06-16|14|Warszawa - Modlin,Warszawa - Radom,Warszawa|2+1","filter_13_16_days","egipt","marsa-alam","2026-06-02","2026-06-16","14","Warszawa - Modlin,Warszawa - Radom,Warszawa","2+1","1","6","6","9593.0","9710.0","9897.5","10150.0","13562.0","2","0","0.0","0.0","0.0","0.0","0.0","0.0","0","0","60","2.9","0","3","24"
"2026-06-01T11:18:45+0000","egipt|marsa-alam|2026-06-02|2026-06-16|14|Warszawa - Modlin,Warszawa - Radom,Warszawa|2+1","filter_13_16_days","egipt","marsa-alam","2026-06-02","2026-06-16","14","Warszawa - Modlin,Warszawa - Radom,Warszawa","2+1","1","6","6","8993.0","9410.0","9897.5","10150.0","13562.0","2","0","0.0","0.0","0.0","0.0","0.0","0.0","0","0","63","1.84","0","4","26"
"2026-06-01T11:46:52+0000","egipt|marsa-alam|2026-06-02|2026-06-16|14|Warszawa - Modlin,Warszawa - Radom,Warszawa|2+1","filter_13_16_days","egipt","marsa-alam","2026-06-02","2026-06-16","14","Warszawa - Modlin,Warszawa - Radom,Warszawa","2+1","1","6","6","8993.0","9410.0","9897.5","10150.0","13562.0","2","0","0.0","0.0","0.0","0.0","0.0","0.0","0","0","63","1.84","0","4","26"
"2026-06-01T12:28:51+0000","egipt|marsa-alam|2026-06-02|2026-06-16|14|Warszawa - Modlin,Warszawa - Radom,Warszawa|2+1","filter_13_16_days","egipt","marsa-alam","2026-06-02","2026-06-16","14","Warszawa - Modlin,Warszawa - Radom,Warszawa","2+1","1","6","6","8993.0","9410.0","9897.5","10150.0","13562.0","2","0","0.0","0.0","0.0","0.0","0.0","0.0","0","0","63","1.84","0","4","26"
"2026-06-01T14:33:58+0000","egipt|marsa-alam|2026-06-02|2026-06-16|14|Warszawa - Modlin,Warszawa - Radom,Warszawa|2+1","filter_13_16_days","egipt","marsa-alam","2026-06-02","2026-06-16","14","Warszawa - Modlin,Warszawa - Radom,Warszawa","2+1","1","6","6","8993.0","9410.0","9897.5","10150.0","13562.0","2","0","0.0","0.0","0.0","0.0","0.0","0.0","0","0","63","1.84","0","4","26"
"2026-06-01T15:05:15+0000","egipt|marsa-alam|2026-06-02|2026-06-16|14|Warszawa - Modlin,Warszawa - Radom,Warszawa|2+1","filter_13_16_days","egipt","marsa-alam","2026-06-02","2026-06-16","14","Warszawa - Modlin,Warszawa - Radom,Warszawa","2+1","1","6","6","8993.0","9410.0","9897.5","10150.0","13562.0","2","0","0.0","0.0","0.0","0.0","0.0","0.0","0","0","63","1.84","0","4","26"
"2026-06-01T15:50:45+0000","egipt|marsa-alam|2026-06-02|2026-06-16|14|Warszawa - Modlin,Warszawa - Radom,Warszawa|2+1","filter_13_16_days","egipt","marsa-alam","2026-06-02","2026-06-16","14","Warszawa - Modlin,Warszawa - Radom,Warszawa","2+1","1","6","6","8993.0","9410.0","9897.5","10150.0","13562.0","2","0","0.0","0.0","0.0","0.0","0.0","0.0","0","0","63","1.84","0","4","26"
"2026-06-01T16:14:15+0000","egipt|marsa-alam|2026-06-02|2026-06-16|14|Warszawa - Modlin,Warszawa - Radom,Warszawa|2+1","filter_13_16_days","egipt","marsa-alam","2026-06-02","2026-06-16","14","Warszawa - Modlin,Warszawa - Radom,Warszawa","2+1","1","6","6","8993.0","9410.0","9897.5","10150.0","13562.0","2","0","0.0","0.0","0.0","0.0","0.0","0.0","0","0","63","1.84","0","4","26"
"2026-06-01T18:30:18+0000","egipt|marsa-alam|2026-06-02|2026-06-16|14|Warszawa - Modlin,Warszawa - Radom,Warszawa|2+1","filter_13_16_days","egipt","marsa-alam","2026-06-02","2026-06-16","14","Warszawa - Modlin,Warszawa - Radom,Warszawa","2+1","1","6","6","8993.0","9410.0","9897.5","10150.0","13562.0","2","0","0.0","0.0","0.0","0.0","0.0","0.0","0","0","63","1.84","0","4","26"
"2026-06-01T20:13:38+0000","egipt|marsa-alam|2026-06-02|2026-06-16|14|Warszawa - Modlin,Warszawa - Radom,Warszawa|2+1","filter_13_16_days","egipt","marsa-alam","2026-06-02","2026-06-16","14","Warszawa - Modlin,Warszawa - Radom,Warszawa","2+1","1","6","6","8993.0","9410.0","9897.5","10150.0","13562.0","2","0","0.0","0.0","0.0","0.0","0.0","0.0","0","0","63","1.84","0","4","26"
"2026-06-01T22:59:26+0000","egipt|marsa-alam|2026-06-02|2026-06-16|14|Warszawa - Modlin,Warszawa - Radom,Warszawa|2+1","filter_13_16_days","egipt","marsa-alam","2026-06-02","2026-06-16","14","Warszawa - Modlin,Warszawa - Radom,Warszawa","2+1","1","6","6","8993.0","9410.0","9897.5","10150.0","13562.0","2","0","0.0","0.0","0.0","0.0","0.0","0.0","0","6","63","1.84","0","4","26"
"2026-06-02T00:11:24+0000","egipt|marsa-alam|2026-06-02|2026-06-16|14|Warszawa - Modlin,Warszawa - Radom,Warszawa|2+1","filter_13_16_days","egipt","marsa-alam","2026-06-02","2026-06-16","14","Warszawa - Modlin,Warszawa - Radom,Warszawa","2+1","0","6","6","8539.0","8766.0","9201.5","9968.0","11349.0","3","0","0.0","0.0","0.0","0.0","0.0","0.0","0","5","63","-0.52","0","4","26"
"2026-06-02T04:49:17+0000","egipt|marsa-alam|2026-06-02|2026-06-16|14|Warszawa - Modlin,Warszawa - Radom,Warszawa|2+1","filter_13_16_days","egipt","marsa-alam","2026-06-02","2026-06-16","14","Warszawa - Modlin,Warszawa - Radom,Warszawa","2+1","0","14","14","7663.0","7897.0","8163.75","8717.0","17852.0","13","3","0.0","0.0","0.0","0.0","0.0","0.0","8","5","82","-13.14","10","4","100"
"2026-06-02T05:26:24+0000","egipt|marsa-alam|2026-06-02|2026-06-16|14|Warszawa - Modlin,Warszawa - Radom,Warszawa|2+1","filter_13_16_days","egipt","marsa-alam","2026-06-02","2026-06-16","14","Warszawa - Modlin,Warszawa - Radom,Warszawa","2+1","0","14","14","7663.0","7897.0","8163.75","8717.0","17852.0","13","3","0.0","0.0","0.0","0.0","0.0","0.0","8","5","82","-13.14","10","4","100"
"2026-06-02T05:38:30+0000","egipt|marsa-alam|2026-06-02|2026-06-16|14|Warszawa - Modlin,Warszawa - Radom,Warszawa|2+1","filter_13_16_days","egipt","marsa-alam","2026-06-02","2026-06-16","14","Warszawa - Modlin,Warszawa - Radom,Warszawa","2+1","0","14","14","7663.0","7897.0","8163.75","8717.0","17852.0","13","3","0.0","0.0","0.0","0.0","0.0","0.0","8","5","82","-13.14","10","4","100"
"2026-06-02T06:50:50+0000","egipt|marsa-alam|2026-06-02|2026-06-16|14|Warszawa - Modlin,Warszawa - Radom,Warszawa|2+1","filter_13_16_days","egipt","marsa-alam","2026-06-02","2026-06-16","14","Warszawa - Modlin,Warszawa - Radom,Warszawa","2+1","0","14","14","7663.0","7897.0","8163.75","8717.0","17067.0","13","3","0.0","0.0","0.0","0.0","0.0","0.0","8","5","82","-13.45","10","4","100"
"2026-06-02T07:24:26+0000","egipt|marsa-alam|2026-06-02|2026-06-16|14|Warszawa - Modlin,Warszawa - Radom,Warszawa|2+1","filter_13_16_days","egipt","marsa-alam","2026-06-02","2026-06-16","14","Warszawa - Modlin,Warszawa - Radom,Warszawa","2+1","0","14","14","7663.0","7897.0","8163.75","8717.0","17067.0","13","3","0.0","0.0","0.0","0.0","0.0","0.0","8","5","82","-13.45","10","4","100"
"2026-06-02T10:07:34+0000","egipt|marsa-alam|2026-06-02|2026-06-16|14|Warszawa - Modlin,Warszawa - Radom,Warszawa|2+1","filter_13_16_days","egipt","marsa-alam","2026-06-02","2026-06-16","14","Warszawa - Modlin,Warszawa - Radom,Warszawa","2+1","0","15","15","7663.0","7897.0","8196.5","8834.0","17067.0","13","3","0.0","0.0","0.0","0.0","0.0","0.0","9","5","82","-13.32","11","4","100"
"2026-06-01T05:43:19+0000","egipt|marsa-alam|2026-06-06|2026-06-20|14|Warszawa - Modlin,Warszawa - Radom,Warszawa|2+1","filter_13_16_days","egipt","marsa-alam","2026-06-06","2026-06-20","14","Warszawa - Modlin,Warszawa - Radom,Warszawa","2+1","5","3","3","8557.0","8957.0","9557.0","10557.0","14518.0","1","0","0.0","0.0","0.0","0.0","0.0","0.0","0","0","70","-5.11","0","2","41"
"2026-06-01T08:45:54+0000","egipt|marsa-alam|2026-06-06|2026-06-20|14|Warszawa - Modlin,Warszawa - Radom,Warszawa|2+1","filter_13_16_days","egipt","marsa-alam","2026-06-06","2026-06-20","14","Warszawa - Modlin,Warszawa - Radom,Warszawa","2+1","5","5","5","8557.0","9357.0","10557.0","15039.0","19193.0","1","0","0.0","0.0","0.0","0.0","0.0","0.0","0","0","61","3.24","0","3","19"
"2026-06-01T09:18:39+0000","egipt|marsa-alam|2026-06-06|2026-06-20|14|Warszawa - Modlin,Warszawa - Radom,Warszawa|2+1","filter_13_16_days","egipt","marsa-alam","2026-06-06","2026-06-20","14","Warszawa - Modlin,Warszawa - Radom,Warszawa","2+1","5","6","6","8557.0","9557.0","10757.0","13198.0","19193.0","1","0","0.0","0.0","0.0","0.0","0.0","0.0","0","0","64","1.81","0","4","20"
"2026-06-01T11:18:45+0000","egipt|marsa-alam|2026-06-06|2026-06-20|14|Warszawa - Modlin,Warszawa - Radom,Warszawa|2+1","filter_13_16_days","egipt","marsa-alam","2026-06-06","2026-06-20","14","Warszawa - Modlin,Warszawa - Radom,Warszawa","2+1","5","6","6","8557.0","9557.0","10757.0","13198.0","19193.0","1","0","0.0","0.0","0.0","0.0","0.0","0.0","0","0","64","1.81","0","4","20"
"2026-06-01T11:46:52+0000","egipt|marsa-alam|2026-06-06|2026-06-20|14|Warszawa - Modlin,Warszawa - Radom,Warszawa|2+1","filter_13_16_days","egipt","marsa-alam","2026-06-06","2026-06-20","14","Warszawa - Modlin,Warszawa - Radom,Warszawa","2+1","5","6","6","8557.0","9557.0","10757.0","13198.0","19193.0","1","0","0.0","0.0","0.0","0.0","0.0","0.0","0","0","64","1.81","0","4","20"
"2026-06-01T12:28:51+0000","egipt|marsa-alam|2026-06-06|2026-06-20|14|Warszawa - Modlin,Warszawa - Radom,Warszawa|2+1","filter_13_16_days","egipt","marsa-alam","2026-06-06","2026-06-20","14","Warszawa - Modlin,Warszawa - Radom,Warszawa","2+1","5","6","6","8557.0","9557.0","10757.0","13198.0","19193.0","1","0","0.0","0.0","0.0","0.0","0.0","0.0","0","0","64","1.81","0","4","20"
"2026-06-01T14:33:58+0000","egipt|marsa-alam|2026-06-06|2026-06-20|14|Warszawa - Modlin,Warszawa - Radom,Warszawa|2+1","filter_13_16_days","egipt","marsa-alam","2026-06-06","2026-06-20","14","Warszawa - Modlin,Warszawa - Radom,Warszawa","2+1","5","6","6","8557.0","9557.0","10757.0","13126.0","18743.0","1","0","0.0","0.0","0.0","0.0","0.0","0.0","0","0","65","1.17","0","4","25"
"2026-06-01T15:05:15+0000","egipt|marsa-alam|2026-06-06|2026-06-20|14|Warszawa - Modlin,Warszawa - Radom,Warszawa|2+1","filter_13_16_days","egipt","marsa-alam","2026-06-06","2026-06-20","14","Warszawa - Modlin,Warszawa - Radom,Warszawa","2+1","5","3","3","14895.0","15333.4","15991.0","17087.0","18743.0","0","0","0.0","0.0","0.0","0.0","0.0","0.0","0","0","52","6.59","0","1","0"
"2026-06-01T15:50:45+0000","egipt|marsa-alam|2026-06-06|2026-06-20|14|Warszawa - Modlin,Warszawa - Radom,Warszawa|2+1","filter_13_16_days","egipt","marsa-alam","2026-06-06","2026-06-20","14","Warszawa - Modlin,Warszawa - Radom,Warszawa","2+1","5","3","3","14895.0","15333.4","15991.0","17087.0","18743.0","0","0","0.0","0.0","0.0","0.0","0.0","0.0","0","0","52","6.59","0","1","0"
"2026-06-01T16:14:15+0000","egipt|marsa-alam|2026-06-06|2026-06-20|14|Warszawa - Modlin,Warszawa - Radom,Warszawa|2+1","filter_13_16_days","egipt","marsa-alam","2026-06-06","2026-06-20","14","Warszawa - Modlin,Warszawa - Radom,Warszawa","2+1","5","3","3","14895.0","15333.4","15991.0","17087.0","18743.0","0","0","0.0","0.0","0.0","0.0","0.0","0.0","0","0","52","6.59","0","1","0"
"2026-06-01T18:30:18+0000","egipt|marsa-alam|2026-06-06|2026-06-20|14|Warszawa - Modlin,Warszawa - Radom,Warszawa|2+1","filter_13_16_days","egipt","marsa-alam","2026-06-06","2026-06-20","14","Warszawa - Modlin,Warszawa - Radom,Warszawa","2+1","5","3","3","14895.0","15333.4","15991.0","17087.0","18743.0","0","0","0.0","0.0","0.0","0.0","0.0","0.0","0","1","52","6.59","0","1","0"
"2026-06-01T20:13:38+0000","egipt|marsa-alam|2026-06-06|2026-06-20|14|Warszawa - Modlin,Warszawa - Radom,Warszawa|2+1","filter_13_16_days","egipt","marsa-alam","2026-06-06","2026-06-20","14","Warszawa - Modlin,Warszawa - Radom,Warszawa","2+1","5","3","3","14895.0","15333.4","15991.0","17087.0","18743.0","0","0","0.0","0.0","0.0","0.0","0.0","0.0","0","1","52","6.59","0","1","0"
"2026-06-01T22:59:26+0000","egipt|marsa-alam|2026-06-06|2026-06-20|14|Warszawa - Modlin,Warszawa - Radom,Warszawa|2+1","filter_13_16_days","egipt","marsa-alam","2026-06-06","2026-06-20","14","Warszawa - Modlin,Warszawa - Radom,Warszawa","2+1","5","3","3","15039.0","15448.6","16063.0","17087.0","18743.0","0","0","0.0","0.0","0.0","0.0","0.0","0.0","0","1","52","6.92","0","1","0"
"2026-06-02T00:11:24+0000","egipt|marsa-alam|2026-06-06|2026-06-20|14|Warszawa - Modlin,Warszawa - Radom,Warszawa|2+1","filter_13_16_days","egipt","marsa-alam","2026-06-06","2026-06-20","14","Warszawa - Modlin,Warszawa - Radom,Warszawa","2+1","4","3","3","15039.0","15448.6","16063.0","17087.0","18743.0","0","0","0.0","0.0","0.0","0.0","0.0","0.0","0","1","52","6.92","0","1","0"
"2026-06-02T04:49:17+0000","egipt|marsa-alam|2026-06-06|2026-06-20|14|Warszawa - Modlin,Warszawa - Radom,Warszawa|2+1","filter_13_16_days","egipt","marsa-alam","2026-06-06","2026-06-20","14","Warszawa - Modlin,Warszawa - Radom,Warszawa","2+1","4","3","3","13762.0","14017.4","14400.5","15039.0","17087.0","0","0","0.0","0.0","0.0","0.0","0.0","0.0","0","1","67","-3.61","0","2","33"
"2026-06-02T05:26:24+0000","egipt|marsa-alam|2026-06-06|2026-06-20|14|Warszawa - Modlin,Warszawa - Radom,Warszawa|2+1","filter_13_16_days","egipt","marsa-alam","2026-06-06","2026-06-20","14","Warszawa - Modlin,Warszawa - Radom,Warszawa","2+1","4","3","3","13762.0","14017.4","14400.5","15039.0","17087.0","0","0","0.0","0.0","0.0","0.0","0.0","0.0","0","1","67","-3.61","0","2","33"
"2026-06-02T05:38:30+0000","egipt|marsa-alam|2026-06-06|2026-06-20|14|Warszawa - Modlin,Warszawa - Radom,Warszawa|2+1","filter_13_16_days","egipt","marsa-alam","2026-06-06","2026-06-20","14","Warszawa - Modlin,Warszawa - Radom,Warszawa","2+1","4","3","3","13762.0","14017.4","14400.5","15039.0","17087.0","0","0","0.0","0.0","0.0","0.0","0.0","0.0","0","1","67","-3.61","0","2","33"
"2026-06-02T06:50:50+0000","egipt|marsa-alam|2026-06-06|2026-06-20|14|Warszawa - Modlin,Warszawa - Radom,Warszawa|2+1","filter_13_16_days","egipt","marsa-alam","2026-06-06","2026-06-20","14","Warszawa - Modlin,Warszawa - Radom,Warszawa","2+1","4","3","3","13762.0","14017.4","14400.5","15039.0","17087.0","0","0","0.0","0.0","0.0","0.0","0.0","0.0","0","1","67","-3.61","0","2","33"
"2026-06-02T07:24:26+0000","egipt|marsa-alam|2026-06-06|2026-06-20|14|Warszawa - Modlin,Warszawa - Radom,Warszawa|2+1","filter_13_16_days","egipt","marsa-alam","2026-06-06","2026-06-20","14","Warszawa - Modlin,Warszawa - Radom,Warszawa","2+1","4","3","3","13762.0","14017.4","14400.5","15039.0","17087.0","0","0","0.0","0.0","0.0","0.0","0.0","0.0","-2","3","67","-3.61","0","2","33"
"2026-06-02T10:07:34+0000","egipt|marsa-alam|2026-06-06|2026-06-20|14|Warszawa - Modlin,Warszawa - Radom,Warszawa|2+1","filter_13_16_days","egipt","marsa-alam","2026-06-06","2026-06-20","14","Warszawa - Modlin,Warszawa - Radom,Warszawa","2+1","4","3","3","13762.0","14017.4","14400.5","15039.0","17087.0","0","0","0.0","0.0","0.0","0.0","0.0","0.0","-3","3","67","-3.61","0","2","33"
"2026-06-02T14:47:54+0000","egipt|marsa-alam|2026-06-06|2026-06-20|14|Warszawa - Modlin,Warszawa - Radom,Warszawa|2+1","filter_13_16_days","egipt","marsa-alam","2026-06-06","2026-06-20","14","Warszawa - Modlin,Warszawa - Radom,Warszawa","2+1","4","3","3","13762.0","14017.4","14400.5","15039.0","17087.0","0","0","0.0","0.0","0.0","0.0","0.0","0.0","-3","3","67","-3.61","0","2","33"
"2026-06-02T15:35:52+0000","egipt|marsa-alam|2026-06-06|2026-06-20|14|Warszawa - Modlin,Warszawa - Radom,Warszawa|2+1","filter_13_16_days","egipt","marsa-alam","2026-06-06","2026-06-20","14","Warszawa - Modlin,Warszawa - Radom,Warszawa","2+1","4","2","2","13762.0","14094.5","14593.25","15424.5","17087.0","0","0","0.0","0.0","0.0","0.0","0.0","0.0","-1","2","0","0.0","0","0","0"
"2026-06-02T18:36:42+0000","egipt|marsa-alam|2026-06-06|2026-06-20|14|Warszawa - Modlin,Warszawa - Radom,Warszawa|2+1","filter_13_16_days","egipt","marsa-alam","2026-06-06","2026-06-20","14","Warszawa - Modlin,Warszawa - Radom,Warszawa","2+1","4","2","2","13762.0","14094.5","14593.25","15424.5","17087.0","0","0","0.0","0.0","0.0","0.0","0.0","0.0","-1","2","0","0.0","0","0","0"
"2026-06-02T20:35:34+0000","egipt|marsa-alam|2026-06-06|2026-06-20|14|Warszawa - Modlin,Warszawa - Radom,Warszawa|2+1","filter_13_16_days","egipt","marsa-alam","2026-06-06","2026-06-20","14","Warszawa - Modlin,Warszawa - Radom,Warszawa","2+1","4","2","2","13762.0","14094.5","14593.25","15424.5","17087.0","0","0","0.0","0.0","0.0","0.0","0.0","0.0","-1","2","0","0.0","0","0","0"
"2026-06-02T21:46:19+0000","egipt|marsa-alam|2026-06-06|2026-06-20|14|Warszawa - Modlin,Warszawa - Radom,Warszawa|2+1","filter_13_16_days","egipt","marsa-alam","2026-06-06","2026-06-20","14","Warszawa - Modlin,Warszawa - Radom,Warszawa","2+1","4","2","2","13762.0","14094.5","14593.25","15424.5","17087.0","0","0","0.0","0.0","0.0","0.0","0.0","0.0","-1","2","0","0.0","0","0","0"
"2026-06-02T23:31:59+0000","egipt|marsa-alam|2026-06-06|2026-06-20|14|Warszawa - Modlin,Warszawa - Radom,Warszawa|2+1","filter_13_16_days","egipt","marsa-alam","2026-06-06","2026-06-20","14","Warszawa - Modlin,Warszawa - Radom,Warszawa","2+1","4","1","1","13762.0","13762.0","13762.0","13762.0","13762.0","0","0","0.0","0.0","0.0","0.0","0.0","0.0","-2","1","0","0.0","0","0","0"
"2026-06-03T02:50:46+0000","egipt|marsa-alam|2026-06-06|2026-06-20|14|Warszawa - Modlin,Warszawa - Radom,Warszawa|2+1","filter_13_16_days","egipt","marsa-alam","2026-06-06","2026-06-20","14","Warszawa - Modlin,Warszawa - Radom,Warszawa","2+1","3","1","1","13762.0","13762.0","13762.0","13762.0","13762.0","0","0","0.0","0.0","0.0","0.0","0.0","0.0","-2","1","0","0.0","0","0","0"
"2026-06-03T07:07:32+0000","egipt|marsa-alam|2026-06-06|2026-06-20|14|Warszawa - Modlin,Warszawa - Radom,Warszawa|2+1","filter_13_16_days","egipt","marsa-alam","2026-06-06","2026-06-20","14","Warszawa - Modlin,Warszawa - Radom,Warszawa","2+1","3","1","1","13767.0","13767.0","13767.0","13767.0","13767.0","0","0","0.0","0.0","0.0","0.0","0.0","0.0","-2","1","0","0.0","0","0","0"
"2026-06-03T08:11:52+0000","egipt|marsa-alam|2026-06-06|2026-06-20|14|Warszawa - Modlin,Warszawa - Radom,Warszawa|2+1","filter_13_16_days","egipt","marsa-alam","2026-06-06","2026-06-20","14","Warszawa - Modlin,Warszawa - Radom,Warszawa","2+1","3","1","1","13767.0","13767.0","13767.0","13767.0","13767.0","0","0","0.0","0.0","0.0","0.0","0.0","0.0","-2","1","0","0.0","0","0","0"
"2026-06-01T05:43:19+0000","egipt|marsa-alam|2026-06-06|2026-06-21|14|Warszawa - Modlin,Warszawa - Radom,Warszawa|2+1","filter_13_16_days","egipt","marsa-alam","2026-06-06","2026-06-21","14","Warszawa - Modlin,Warszawa - Radom,Warszawa","2+1","5","1","1","9017.0","9017.0","9017.0","9017.0","9017.0","1","0","0.0","0.0","0.0","0.0","0.0","0.0","0","0","0","0.0","0","0","0"
"2026-06-01T08:45:54+0000","egipt|marsa-alam|2026-06-06|2026-06-21|14|Warszawa - Modlin,Warszawa - Radom,Warszawa|2+1","filter_13_16_days","egipt","marsa-alam","2026-06-06","2026-06-21","14","Warszawa - Modlin,Warszawa - Radom,Warszawa","2+1","5","1","1","9017.0","9017.0","9017.0","9017.0","9017.0","1","0","0.0","0.0","0.0","0.0","0.0","0.0","0","0","0","0.0","0","0","0"
"2026-06-01T09:18:39+0000","egipt|marsa-alam|2026-06-06|2026-06-21|14|Warszawa - Modlin,Warszawa - Radom,Warszawa|2+1","filter_13_16_days","egipt","marsa-alam","2026-06-06","2026-06-21","14","Warszawa - Modlin,Warszawa - Radom,Warszawa","2+1","5","1","1","9017.0","9017.0","9017.0","9017.0","9017.0","1","0","0.0","0.0","0.0","0.0","0.0","0.0","0","0","0","0.0","0","0","0"
"2026-06-01T11:18:45+0000","egipt|marsa-alam|2026-06-06|2026-06-21|14|Warszawa - Modlin,Warszawa - Radom,Warszawa|2+1","filter_13_16_days","egipt","marsa-alam","2026-06-06","2026-06-21","14","Warszawa - Modlin,Warszawa - Radom,Warszawa","2+1","5","1","1","9017.0","9017.0","9017.0","9017.0","9017.0","1","0","0.0","0.0","0.0","0.0","0.0","0.0","0","0","0","0.0","0","0","0"
"2026-06-01T11:46:52+0000","egipt|marsa-alam|2026-06-06|2026-06-21|14|Warszawa - Modlin,Warszawa - Radom,Warszawa|2+1","filter_13_16_days","egipt","marsa-alam","2026-06-06","2026-06-21","14","Warszawa - Modlin,Warszawa - Radom,Warszawa","2+1","5","1","1","9017.0","9017.0","9017.0","9017.0","9017.0","1","0","0.0","0.0","0.0","0.0","0.0","0.0","0","0","0","0.0","0","0","0"
"2026-06-01T12:28:51+0000","egipt|marsa-alam|2026-06-06|2026-06-21|14|Warszawa - Modlin,Warszawa - Radom,Warszawa|2+1","filter_13_16_days","egipt","marsa-alam","2026-06-06","2026-06-21","14","Warszawa - Modlin,Warszawa - Radom,Warszawa","2+1","5","1","1","9017.0","9017.0","9017.0","9017.0","9017.0","1","0","0.0","0.0","0.0","0.0","0.0","0.0","0","0","0","0.0","0","0","0"
"2026-06-01T14:33:58+0000","egipt|marsa-alam|2026-06-06|2026-06-21|14|Warszawa - Modlin,Warszawa - Radom,Warszawa|2+1","filter_13_16_days","egipt","marsa-alam","2026-06-06","2026-06-21","14","Warszawa - Modlin,Warszawa - Radom,Warszawa","2+1","5","1","1","9017.0","9017.0","9017.0","9017.0","9017.0","1","0","0.0","0.0","0.0","0.0","0.0","0.0","0","0","0","0.0","0","0","0"
"2026-06-01T15:05:15+0000","egipt|marsa-alam|2026-06-06|2026-06-21|14|Warszawa - Modlin,Warszawa - Radom,Warszawa|2+1","filter_13_16_days","egipt","marsa-alam","2026-06-06","2026-06-21","14","Warszawa - Modlin,Warszawa - Radom,Warszawa","2+1","5","1","1","9017.0","9017.0","9017.0","9017.0","9017.0","1","0","0.0","0.0","0.0","0.0","0.0","0.0","0","0","0","0.0","0","0","0"
"2026-06-01T15:50:45+0000","egipt|marsa-alam|2026-06-06|2026-06-21|14|Warszawa - Modlin,Warszawa - Radom,Warszawa|2+1","filter_13_16_days","egipt","marsa-alam","2026-06-06","2026-06-21","14","Warszawa - Modlin,Warszawa - Radom,Warszawa","2+1","5","1","1","9017.0","9017.0","9017.0","9017.0","9017.0","1","0","0.0","0.0","0.0","0.0","0.0","0.0","0","0","0","0.0","0","0","0"
"2026-06-01T16:14:15+0000","egipt|marsa-alam|2026-06-06|2026-06-21|14|Warszawa - Modlin,Warszawa - Radom,Warszawa|2+1","filter_13_16_days","egipt","marsa-alam","2026-06-06","2026-06-21","14","Warszawa - Modlin,Warszawa - Radom,Warszawa","2+1","5","1","1","9017.0","9017.0","9017.0","9017.0","9017.0","1","0","0.0","0.0","0.0","0.0","0.0","0.0","0","0","0","0.0","0","0","0"
"2026-06-01T18:30:18+0000","egipt|marsa-alam|2026-06-06|2026-06-21|14|Warszawa - Modlin,Warszawa - Radom,Warszawa|2+1","filter_13_16_days","egipt","marsa-alam","2026-06-06","2026-06-21","14","Warszawa - Modlin,Warszawa - Radom,Warszawa","2+1","5","1","1","9017.0","9017.0","9017.0","9017.0","9017.0","1","0","0.0","0.0","0.0","0.0","0.0","0.0","0","1","0","0.0","0","0","0"
"2026-06-01T20:13:38+0000","egipt|marsa-alam|2026-06-06|2026-06-21|14|Warszawa - Modlin,Warszawa - Radom,Warszawa|2+1","filter_13_16_days","egipt","marsa-alam","2026-06-06","2026-06-21","14","Warszawa - Modlin,Warszawa - Radom,Warszawa","2+1","5","1","1","9017.0","9017.0","9017.0","9017.0","9017.0","1","0","0.0","0.0","0.0","0.0","0.0","0.0","0","1","0","0.0","0","0","0"
"2026-06-01T22:59:26+0000","egipt|marsa-alam|2026-06-06|2026-06-21|14|Warszawa - Modlin,Warszawa - Radom,Warszawa|2+1","filter_13_16_days","egipt","marsa-alam","2026-06-06","2026-06-21","14","Warszawa - Modlin,Warszawa - Radom,Warszawa","2+1","5","1","1","9017.0","9017.0","9017.0","9017.0","9017.0","1","0","0.0","0.0","0.0","0.0","0.0","0.0","0","1","0","0.0","0","0","0"
"2026-06-02T00:11:24+0000","egipt|marsa-alam|2026-06-06|2026-06-21|14|Warszawa - Modlin,Warszawa - Radom,Warszawa|2+1","filter_13_16_days","egipt","marsa-alam","2026-06-06","2026-06-21","14","Warszawa - Modlin,Warszawa - Radom,Warszawa","2+1","4","1","1","9017.0","9017.0","9017.0","9017.0","9017.0","1","0","0.0","0.0","0.0","0.0","0.0","0.0","0","1","0","0.0","0","0","0"
"2026-06-02T04:49:17+0000","egipt|marsa-alam|2026-06-06|2026-06-21|14|Warszawa - Modlin,Warszawa - Radom,Warszawa|2+1","filter_13_16_days","egipt","marsa-alam","2026-06-06","2026-06-21","14","Warszawa - Modlin,Warszawa - Radom,Warszawa","2+1","4","1","1","9017.0","9017.0","9017.0","9017.0","9017.0","1","0","0.0","0.0","0.0","0.0","0.0","0.0","0","1","0","0.0","0","0","0"
"2026-06-02T05:26:24+0000","egipt|marsa-alam|2026-06-06|2026-06-21|14|Warszawa - Modlin,Warszawa - Radom,Warszawa|2+1","filter_13_16_days","egipt","marsa-alam","2026-06-06","2026-06-21","14","Warszawa - Modlin,Warszawa - Radom,Warszawa","2+1","4","1","1","9017.0","9017.0","9017.0","9017.0","9017.0","1","0","0.0","0.0","0.0","0.0","0.0","0.0","0","1","0","0.0","0","0","0"
"2026-06-02T05:38:30+0000","egipt|marsa-alam|2026-06-06|2026-06-21|14|Warszawa - Modlin,Warszawa - Radom,Warszawa|2+1","filter_13_16_days","egipt","marsa-alam","2026-06-06","2026-06-21","14","Warszawa - Modlin,Warszawa - Radom,Warszawa","2+1","4","1","1","9017.0","9017.0","9017.0","9017.0","9017.0","1","0","0.0","0.0","0.0","0.0","0.0","0.0","0","1","0","0.0","0","0","0"
"2026-06-02T06:50:50+0000","egipt|marsa-alam|2026-06-06|2026-06-21|14|Warszawa - Modlin,Warszawa - Radom,Warszawa|2+1","filter_13_16_days","egipt","marsa-alam","2026-06-06","2026-06-21","14","Warszawa - Modlin,Warszawa - Radom,Warszawa","2+1","4","1","1","9017.0","9017.0","9017.0","9017.0","9017.0","1","0","0.0","0.0","0.0","0.0","0.0","0.0","0","1","0","0.0","0","0","0"
"2026-06-02T07:24:26+0000","egipt|marsa-alam|2026-06-06|2026-06-21|14|Warszawa - Modlin,Warszawa - Radom,Warszawa|2+1","filter_13_16_days","egipt","marsa-alam","2026-06-06","2026-06-21","14","Warszawa - Modlin,Warszawa - Radom,Warszawa","2+1","4","1","1","9017.0","9017.0","9017.0","9017.0","9017.0","1","0","0.0","0.0","0.0","0.0","0.0","0.0","0","1","0","0.0","0","0","0"
"2026-06-02T10:07:34+0000","egipt|marsa-alam|2026-06-06|2026-06-21|14|Warszawa - Modlin,Warszawa - Radom,Warszawa|2+1","filter_13_16_days","egipt","marsa-alam","2026-06-06","2026-06-21","14","Warszawa - Modlin,Warszawa - Radom,Warszawa","2+1","4","1","1","9017.0","9017.0","9017.0","9017.0","9017.0","1","0","0.0","0.0","0.0","0.0","0.0","0.0","0","1","0","0.0","0","0","0"
"2026-06-01T05:43:19+0000","egipt|marsa-alam|2026-06-07|2026-06-20|13|Warszawa - Modlin,Warszawa - Radom,Warszawa|2+1","filter_13_16_days","egipt","marsa-alam","2026-06-07","2026-06-20","13","Warszawa - Modlin,Warszawa - Radom,Warszawa","2+1","6","11","11","10083.0","10499.0","10567.0","11043.0","14235.0","0","0","0.0","0.0","0.0","0.0","0.0","0.0","0","0","57","3.31","0","4","12"
"2026-06-01T08:45:54+0000","egipt|marsa-alam|2026-06-07|2026-06-20|13|Warszawa - Modlin,Warszawa - Radom,Warszawa|2+1","filter_13_16_days","egipt","marsa-alam","2026-06-07","2026-06-20","13","Warszawa - Modlin,Warszawa - Radom,Warszawa","2+1","6","6","6","10559.0","10776.5","11006.25","11097.0","14235.0","0","0","0.0","0.0","0.0","0.0","0.0","0.0","0","0","66","0.88","0","4","22"
"2026-06-01T09:18:39+0000","egipt|marsa-alam|2026-06-07|2026-06-20|13|Warszawa - Modlin,Warszawa - Radom,Warszawa|2+1","filter_13_16_days","egipt","marsa-alam","2026-06-07","2026-06-20","13","Warszawa - Modlin,Warszawa - Radom,Warszawa","2+1","6","6","6","10559.0","10776.5","11006.25","11097.0","14235.0","0","0","0.0","0.0","0.0","0.0","0.0","0.0","0","0","66","0.88","0","4","22"
"2026-06-01T11:18:45+0000","egipt|marsa-alam|2026-06-07|2026-06-20|13|Warszawa - Modlin,Warszawa - Radom,Warszawa|2+1","filter_13_16_days","egipt","marsa-alam","2026-06-07","2026-06-20","13","Warszawa - Modlin,Warszawa - Radom,Warszawa","2+1","6","6","6","10559.0","10776.5","11006.25","11097.0","14235.0","0","0","0.0","0.0","0.0","0.0","0.0","0.0","0","0","66","0.88","0","4","22"
"2026-06-01T11:46:52+0000","egipt|marsa-alam|2026-06-07|2026-06-20|13|Warszawa - Modlin,Warszawa - Radom,Warszawa|2+1","filter_13_16_days","egipt","marsa-alam","2026-06-07","2026-06-20","13","Warszawa - Modlin,Warszawa - Radom,Warszawa","2+1","6","6","6","10559.0","10776.5","11006.25","11097.0","14235.0","0","0","0.0","0.0","0.0","0.0","0.0","0.0","0","0","66","0.88","0","4","22"
"2026-06-01T12:28:51+0000","egipt|marsa-alam|2026-06-07|2026-06-20|13|Warszawa - Modlin,Warszawa - Radom,Warszawa|2+1","filter_13_16_days","egipt","marsa-alam","2026-06-07","2026-06-20","13","Warszawa - Modlin,Warszawa - Radom,Warszawa","2+1","6","6","6","10559.0","10776.5","11006.25","11097.0","14235.0","0","0","0.0","0.0","0.0","0.0","0.0","0.0","0","0","66","0.88","0","4","22"
"2026-06-01T14:33:58+0000","egipt|marsa-alam|2026-06-07|2026-06-20|13|Warszawa - Modlin,Warszawa - Radom,Warszawa|2+1","filter_13_16_days","egipt","marsa-alam","2026-06-07","2026-06-20","13","Warszawa - Modlin,Warszawa - Radom,Warszawa","2+1","6","6","6","10559.0","10776.5","11006.25","11097.0","14909.0","0","0","0.0","0.0","0.0","0.0","0.0","0.0","0","0","62","1.64","0","3","14"
"2026-06-01T15:05:15+0000","egipt|marsa-alam|2026-06-07|2026-06-20|13|Warszawa - Modlin,Warszawa - Radom,Warszawa|2+1","filter_13_16_days","egipt","marsa-alam","2026-06-07","2026-06-20","13","Warszawa - Modlin,Warszawa - Radom,Warszawa","2+1","6","6","6","10559.0","10776.5","11006.25","11097.0","14909.0","0","0","0.0","0.0","0.0","0.0","0.0","0.0","0","0","62","1.64","0","3","14"
"2026-06-01T15:50:45+0000","egipt|marsa-alam|2026-06-07|2026-06-20|13|Warszawa - Modlin,Warszawa - Radom,Warszawa|2+1","filter_13_16_days","egipt","marsa-alam","2026-06-07","2026-06-20","13","Warszawa - Modlin,Warszawa - Radom,Warszawa","2+1","6","7","7","10559.0","10820.0","11018.5","11084.0","14909.0","0","0","0.0","0.0","0.0","0.0","0.0","0.0","0","0","59","2.85","0","3","13"
"2026-06-01T16:14:15+0000","egipt|marsa-alam|2026-06-07|2026-06-20|13|Warszawa - Modlin,Warszawa - Radom,Warszawa|2+1","filter_13_16_days","egipt","marsa-alam","2026-06-07","2026-06-20","13","Warszawa - Modlin,Warszawa - Radom,Warszawa","2+1","6","7","7","10559.0","10820.0","11018.5","11084.0","14909.0","0","0","0.0","0.0","0.0","0.0","0.0","0.0","0","0","59","2.85","0","3","13"
"2026-06-01T18:30:18+0000","egipt|marsa-alam|2026-06-07|2026-06-20|13|Warszawa - Modlin,Warszawa - Radom,Warszawa|2+1","filter_13_16_days","egipt","marsa-alam","2026-06-07","2026-06-20","13","Warszawa - Modlin,Warszawa - Radom,Warszawa","2+1","6","7","7","10559.0","10820.0","11018.5","11084.0","14909.0","0","0","0.0","0.0","0.0","0.0","0.0","0.0","-4","6","59","2.85","0","3","13"
"2026-06-01T20:13:38+0000","egipt|marsa-alam|2026-06-07|2026-06-20|13|Warszawa - Modlin,Warszawa - Radom,Warszawa|2+1","filter_13_16_days","egipt","marsa-alam","2026-06-07","2026-06-20","13","Warszawa - Modlin,Warszawa - Radom,Warszawa","2+1","6","7","7","10559.0","10820.0","11018.5","11084.0","14909.0","0","0","0.0","0.0","0.0","0.0","0.0","0.0","-4","6","59","2.85","0","3","13"
"2026-06-01T22:59:26+0000","egipt|marsa-alam|2026-06-07|2026-06-20|13|Warszawa - Modlin,Warszawa - Radom,Warszawa|2+1","filter_13_16_days","egipt","marsa-alam","2026-06-07","2026-06-20","13","Warszawa - Modlin,Warszawa - Radom,Warszawa","2+1","6","7","7","10298.0","10454.6","10776.5","11084.0","14909.0","0","0","0.0","0.0","0.0","0.0","0.0","0.0","-4","6","62","1.84","0","4","15"
"2026-06-02T00:11:24+0000","egipt|marsa-alam|2026-06-07|2026-06-20|13|Warszawa - Modlin,Warszawa - Radom,Warszawa|2+1","filter_13_16_days","egipt","marsa-alam","2026-06-07","2026-06-20","13","Warszawa - Modlin,Warszawa - Radom,Warszawa","2+1","5","7","7","10298.0","10454.6","10776.5","11151.0","14909.0","0","0","0.0","0.0","0.0","0.0","0.0","0.0","-4","7","64","0.4","0","4","19"
"2026-06-02T04:49:17+0000","egipt|marsa-alam|2026-06-07|2026-06-20|13|Warszawa - Modlin,Warszawa - Radom,Warszawa|2+1","filter_13_16_days","egipt","marsa-alam","2026-06-07","2026-06-20","13","Warszawa - Modlin,Warszawa - Radom,Warszawa","2+1","5","5","5","10298.0","10576.4","10994.0","11369.0","14947.0","0","0","0.0","0.0","0.0","0.0","0.0","0.0","-6","5","61","-0.32","0","2","17"
"2026-06-02T05:26:24+0000","egipt|marsa-alam|2026-06-07|2026-06-20|13|Warszawa - Modlin,Warszawa - Radom,Warszawa|2+1","filter_13_16_days","egipt","marsa-alam","2026-06-07","2026-06-20","13","Warszawa - Modlin,Warszawa - Radom,Warszawa","2+1","5","5","5","10298.0","10576.4","10994.0","11369.0","14947.0","0","0","0.0","0.0","0.0","0.0","0.0","0.0","-6","5","61","-0.32","0","2","17"
"2026-06-02T05:38:30+0000","egipt|marsa-alam|2026-06-07|2026-06-20|13|Warszawa - Modlin,Warszawa - Radom,Warszawa|2+1","filter_13_16_days","egipt","marsa-alam","2026-06-07","2026-06-20","13","Warszawa - Modlin,Warszawa - Radom,Warszawa","2+1","5","5","5","10298.0","10576.4","10994.0","11369.0","14947.0","0","0","0.0","0.0","0.0","0.0","0.0","0.0","-6","5","61","-0.32","0","2","17"
"2026-06-02T06:50:50+0000","egipt|marsa-alam|2026-06-07|2026-06-20|13|Warszawa - Modlin,Warszawa - Radom,Warszawa|2+1","filter_13_16_days","egipt","marsa-alam","2026-06-07","2026-06-20","13","Warszawa - Modlin,Warszawa - Radom,Warszawa","2+1","5","5","5","10298.0","10576.4","10994.0","11369.0","14947.0","0","0","0.0","0.0","0.0","0.0","0.0","0.0","-6","5","61","-0.32","0","2","17"
"2026-06-02T07:24:26+0000","egipt|marsa-alam|2026-06-07|2026-06-20|13|Warszawa - Modlin,Warszawa - Radom,Warszawa|2+1","filter_13_16_days","egipt","marsa-alam","2026-06-07","2026-06-20","13","Warszawa - Modlin,Warszawa - Radom,Warszawa","2+1","5","5","5","10298.0","10576.4","10994.0","11369.0","14947.0","0","0","0.0","0.0","0.0","0.0","0.0","0.0","-1","4","61","-0.32","0","2","17"
"2026-06-02T10:07:34+0000","egipt|marsa-alam|2026-06-07|2026-06-20|13|Warszawa - Modlin,Warszawa - Radom,Warszawa|2+1","filter_13_16_days","egipt","marsa-alam","2026-06-07","2026-06-20","13","Warszawa - Modlin,Warszawa - Radom,Warszawa","2+1","5","5","5","10298.0","10576.4","10994.0","11369.0","14947.0","0","0","0.0","0.0","0.0","0.0","0.0","0.0","-1","4","61","-0.32","0","2","17"
"2026-06-02T14:47:54+0000","egipt|marsa-alam|2026-06-07|2026-06-20|13|Warszawa - Modlin,Warszawa - Radom,Warszawa|2+1","filter_13_16_days","egipt","marsa-alam","2026-06-07","2026-06-20","13","Warszawa - Modlin,Warszawa - Radom,Warszawa","2+1","5","15","15","9272.0","10048.8","10298.0","10559.0","14947.0","1","0","0.0","0.0","0.0","0.0","0.0","0.0","9","6","57","1.99","0","5","16"
"2026-06-02T15:35:52+0000","egipt|marsa-alam|2026-06-07|2026-06-20|13|Warszawa - Modlin,Warszawa - Radom,Warszawa|2+1","filter_13_16_days","egipt","marsa-alam","2026-06-07","2026-06-20","13","Warszawa - Modlin,Warszawa - Radom,Warszawa","2+1","5","15","15","9272.0","10048.8","10298.0","10559.0","14947.0","1","0","0.0","0.0","0.0","0.0","0.0","0.0","8","7","57","1.99","0","5","16"
"2026-06-02T18:36:42+0000","egipt|marsa-alam|2026-06-07|2026-06-20|13|Warszawa - Modlin,Warszawa - Radom,Warszawa|2+1","filter_13_16_days","egipt","marsa-alam","2026-06-07","2026-06-20","13","Warszawa - Modlin,Warszawa - Radom,Warszawa","2+1","5","14","14","9272.0","10040.6","10298.0","10546.0","13708.0","1","0","0.0","0.0","0.0","0.0","0.0","0.0","7","6","57","2.03","0","5","16"
"2026-06-02T20:35:34+0000","egipt|marsa-alam|2026-06-07|2026-06-20|13|Warszawa - Modlin,Warszawa - Radom,Warszawa|2+1","filter_13_16_days","egipt","marsa-alam","2026-06-07","2026-06-20","13","Warszawa - Modlin,Warszawa - Radom,Warszawa","2+1","5","14","14","9272.0","10040.6","10298.0","10546.0","13708.0","1","0","0.0","0.0","0.0","0.0","0.0","0.0","7","6","57","2.03","0","5","16"
"2026-06-02T21:46:19+0000","egipt|marsa-alam|2026-06-07|2026-06-20|13|Warszawa - Modlin,Warszawa - Radom,Warszawa|2+1","filter_13_16_days","egipt","marsa-alam","2026-06-07","2026-06-20","13","Warszawa - Modlin,Warszawa - Radom,Warszawa","2+1","5","14","14","9272.0","10040.6","10298.0","10546.0","13708.0","1","0","0.0","0.0","0.0","0.0","0.0","0.0","7","6","57","2.03","0","5","16"
"2026-06-02T23:31:59+0000","egipt|marsa-alam|2026-06-07|2026-06-20|13|Warszawa - Modlin,Warszawa - Radom,Warszawa|2+1","filter_13_16_days","egipt","marsa-alam","2026-06-07","2026-06-20","13","Warszawa - Modlin,Warszawa - Radom,Warszawa","2+1","5","14","14","9272.0","10040.6","10298.0","10546.0","13708.0","1","0","0.0","0.0","0.0","0.0","0.0","0.0","7","6","57","2.03","0","5","16"
"2026-06-03T02:50:46+0000","egipt|marsa-alam|2026-06-07|2026-06-20|13|Warszawa - Modlin,Warszawa - Radom,Warszawa|2+1","filter_13_16_days","egipt","marsa-alam","2026-06-07","2026-06-20","13","Warszawa - Modlin,Warszawa - Radom,Warszawa","2+1","4","13","13","9572.0","10138.0","10533.0","10815.0","14008.0","1","0","0.0","0.0","0.0","0.0","0.0","0.0","8","4","51","3.28","0","0","0"
"2026-06-03T07:07:32+0000","egipt|marsa-alam|2026-06-07|2026-06-20|13|Warszawa - Modlin,Warszawa - Radom,Warszawa|2+1","filter_13_16_days","egipt","marsa-alam","2026-06-07","2026-06-20","13","Warszawa - Modlin,Warszawa - Radom,Warszawa","2+1","4","13","13","9572.0","10185.0","10598.0","10859.0","14008.0","1","0","0.0","0.0","0.0","0.0","0.0","0.0","8","4","49","3.77","0","0","0"
"2026-06-03T08:11:52+0000","egipt|marsa-alam|2026-06-07|2026-06-20|13|Warszawa - Modlin,Warszawa - Radom,Warszawa|2+1","filter_13_16_days","egipt","marsa-alam","2026-06-07","2026-06-20","13","Warszawa - Modlin,Warszawa - Radom,Warszawa","2+1","4","13","13","9572.0","10185.0","10598.0","10859.0","14008.0","1","0","0.0","0.0","0.0","0.0","0.0","0.0","8","4","49","3.77","0","0","0"
"2026-06-01T05:43:19+0000","egipt|marsa-alam|2026-06-09|2026-06-23|14|Warszawa - Modlin,Warszawa - Radom,Warszawa|2+1","filter_13_16_days","egipt","marsa-alam","2026-06-09","2026-06-23","14","Warszawa - Modlin,Warszawa - Radom,Warszawa","2+1","8","15","15","8257.0","9117.0","9707.0","10977.0","18577.0","5","0","0.0","0.0","0.0","0.0","0.0","0.0","0","0","66","0.68","0","12","23"
"2026-06-01T08:45:54+0000","egipt|marsa-alam|2026-06-09|2026-06-23|14|Warszawa - Modlin,Warszawa - Radom,Warszawa|2+1","filter_13_16_days","egipt","marsa-alam","2026-06-09","2026-06-23","14","Warszawa - Modlin,Warszawa - Radom,Warszawa","2+1","8","14","14","8257.0","9077.0","9652.0","11007.0","18577.0","4","0","0.0","0.0","0.0","0.0","0.0","0.0","0","0","67","0.78","0","12","24"
"2026-06-01T09:18:39+0000","egipt|marsa-alam|2026-06-09|2026-06-23|14|Warszawa - Modlin,Warszawa - Radom,Warszawa|2+1","filter_13_16_days","egipt","marsa-alam","2026-06-09","2026-06-23","14","Warszawa - Modlin,Warszawa - Radom,Warszawa","2+1","8","12","12","8257.0","8997.0","9402.0","10947.0","18577.0","4","0","0.0","0.0","0.0","0.0","0.0","0.0","0","0","67","1.16","0","11","25"
"2026-06-01T11:18:45+0000","egipt|marsa-alam|2026-06-09|2026-06-23|14|Warszawa - Modlin,Warszawa - Radom,Warszawa|2+1","filter_13_16_days","egipt","marsa-alam","2026-06-09","2026-06-23","14","Warszawa - Modlin,Warszawa - Radom,Warszawa","2+1","8","12","12","8257.0","8997.0","9402.0","10947.0","18577.0","4","0","0.0","0.0","0.0","0.0","0.0","0.0","0","0","67","1.16","0","11","25"
"2026-06-01T11:46:52+0000","egipt|marsa-alam|2026-06-09|2026-06-23|14|Warszawa - Modlin,Warszawa - Radom,Warszawa|2+1","filter_13_16_days","egipt","marsa-alam","2026-06-09","2026-06-23","14","Warszawa - Modlin,Warszawa - Radom,Warszawa","2+1","8","12","12","8257.0","8997.0","9402.0","10947.0","18577.0","4","0","0.0","0.0","0.0","0.0","0.0","0.0","0","0","67","1.16","0","11","25"
"2026-06-01T12:28:51+0000","egipt|marsa-alam|2026-06-09|2026-06-23|14|Warszawa - Modlin,Warszawa - Radom,Warszawa|2+1","filter_13_16_days","egipt","marsa-alam","2026-06-09","2026-06-23","14","Warszawa - Modlin,Warszawa - Radom,Warszawa","2+1","8","12","12","8257.0","8997.0","9402.0","10947.0","18577.0","4","0","0.0","0.0","0.0","0.0","0.0","0.0","0","0","67","1.16","0","11","25"
"2026-06-01T14:33:58+0000","egipt|marsa-alam|2026-06-09|2026-06-23|14|Warszawa - Modlin,Warszawa - Radom,Warszawa|2+1","filter_13_16_days","egipt","marsa-alam","2026-06-09","2026-06-23","14","Warszawa - Modlin,Warszawa - Radom,Warszawa","2+1","8","13","13","8257.0","9037.0","9417.0","10977.0","18577.0","4","0","0.0","0.0","0.0","0.0","0.0","0.0","0","0","66","1.79","0","11","24"
"2026-06-01T15:05:15+0000","egipt|marsa-alam|2026-06-09|2026-06-23|14|Warszawa - Modlin,Warszawa - Radom,Warszawa|2+1","filter_13_16_days","egipt","marsa-alam","2026-06-09","2026-06-23","14","Warszawa - Modlin,Warszawa - Radom,Warszawa","2+1","8","14","14","8257.0","9077.0","9652.0","10947.0","18577.0","4","0","0.0","0.0","0.0","0.0","0.0","0.0","0","0","66","1.52","0","12","24"
"2026-06-01T15:50:45+0000","egipt|marsa-alam|2026-06-09|2026-06-23|14|Warszawa - Modlin,Warszawa - Radom,Warszawa|2+1","filter_13_16_days","egipt","marsa-alam","2026-06-09","2026-06-23","14","Warszawa - Modlin,Warszawa - Radom,Warszawa","2+1","8","13","13","8257.0","9037.0","9417.0","10917.0","18577.0","4","0","0.0","0.0","0.0","0.0","0.0","0.0","0","0","68","0.95","0","12","26"
"2026-06-01T16:14:15+0000","egipt|marsa-alam|2026-06-09|2026-06-23|14|Warszawa - Modlin,Warszawa - Radom,Warszawa|2+1","filter_13_16_days","egipt","marsa-alam","2026-06-09","2026-06-23","14","Warszawa - Modlin,Warszawa - Radom,Warszawa","2+1","8","13","13","8257.0","9037.0","9417.0","10917.0","18577.0","4","0","0.0","0.0","0.0","0.0","0.0","0.0","0","0","68","0.95","0","12","26"
"2026-06-01T18:30:18+0000","egipt|marsa-alam|2026-06-09|2026-06-23|14|Warszawa - Modlin,Warszawa - Radom,Warszawa|2+1","filter_13_16_days","egipt","marsa-alam","2026-06-09","2026-06-23","14","Warszawa - Modlin,Warszawa - Radom,Warszawa","2+1","8","13","13","8257.0","9037.0","9417.0","10917.0","18577.0","4","0","8257.0","8857.0","10917.0","0.0","0.0","0.0","-2","11","68","0.95","0","12","26"
"2026-06-01T20:13:38+0000","egipt|marsa-alam|2026-06-09|2026-06-23|14|Warszawa - Modlin,Warszawa - Radom,Warszawa|2+1","filter_13_16_days","egipt","marsa-alam","2026-06-09","2026-06-23","14","Warszawa - Modlin,Warszawa - Radom,Warszawa","2+1","8","13","13","8257.0","9037.0","9417.0","10917.0","18577.0","4","0","8257.0","8857.0","10917.0","0.0","0.0","0.0","-2","11","68","0.95","0","12","26"
"2026-06-01T22:59:26+0000","egipt|marsa-alam|2026-06-09|2026-06-23|14|Warszawa - Modlin,Warszawa - Radom,Warszawa|2+1","filter_13_16_days","egipt","marsa-alam","2026-06-09","2026-06-23","14","Warszawa - Modlin,Warszawa - Radom,Warszawa","2+1","8","12","12","8257.0","9363.0","10122.0","10977.0","18577.0","3","0","8257.0","9010.33","10977.0","0.0","0.0","0.0","-3","10","68","1.5","0","11","26"
"2026-06-02T00:11:24+0000","egipt|marsa-alam|2026-06-09|2026-06-23|14|Warszawa - Modlin,Warszawa - Radom,Warszawa|2+1","filter_13_16_days","egipt","marsa-alam","2026-06-09","2026-06-23","14","Warszawa - Modlin,Warszawa - Radom,Warszawa","2+1","7","11","11","8257.0","9357.0","9887.0","10917.0","18577.0","3","0","8257.0","9010.33","10977.0","0.0","0.0","0.0","-4","10","70","0.78","0","11","30"
"2026-06-02T04:49:17+0000","egipt|marsa-alam|2026-06-09|2026-06-23|14|Warszawa - Modlin,Warszawa - Radom,Warszawa|2+1","filter_13_16_days","egipt","marsa-alam","2026-06-09","2026-06-23","14","Warszawa - Modlin,Warszawa - Radom,Warszawa","2+1","7","6","6","8257.0","9407.0","10677.0","11097.0","11497.0","1","0","0.0","0.0","0.0","0.0","0.0","0.0","-9","5","73","-0.27","0","6","33"
"2026-06-02T05:26:24+0000","egipt|marsa-alam|2026-06-09|2026-06-23|14|Warszawa - Modlin,Warszawa - Radom,Warszawa|2+1","filter_13_16_days","egipt","marsa-alam","2026-06-09","2026-06-23","14","Warszawa - Modlin,Warszawa - Radom,Warszawa","2+1","7","6","6","8257.0","9407.0","10677.0","11097.0","11497.0","1","0","0.0","0.0","0.0","0.0","0.0","0.0","-9","5","73","-0.27","0","6","33"
"2026-06-02T05:38:30+0000","egipt|marsa-alam|2026-06-09|2026-06-23|14|Warszawa - Modlin,Warszawa - Radom,Warszawa|2+1","filter_13_16_days","egipt","marsa-alam","2026-06-09","2026-06-23","14","Warszawa - Modlin,Warszawa - Radom,Warszawa","2+1","7","6","6","8257.0","9407.0","10677.0","11097.0","11497.0","1","0","0.0","0.0","0.0","0.0","0.0","0.0","-9","5","73","-0.27","0","6","33"
"2026-06-02T06:50:50+0000","egipt|marsa-alam|2026-06-09|2026-06-23|14|Warszawa - Modlin,Warszawa - Radom,Warszawa|2+1","filter_13_16_days","egipt","marsa-alam","2026-06-09","2026-06-23","14","Warszawa - Modlin,Warszawa - Radom,Warszawa","2+1","7","6","6","8257.0","9407.0","10677.0","11097.0","11497.0","1","0","0.0","0.0","0.0","0.0","0.0","0.0","-9","5","73","-0.27","0","6","33"
"2026-06-02T07:24:26+0000","egipt|marsa-alam|2026-06-09|2026-06-23|14|Warszawa - Modlin,Warszawa - Radom,Warszawa|2+1","filter_13_16_days","egipt","marsa-alam","2026-06-09","2026-06-23","14","Warszawa - Modlin,Warszawa - Radom,Warszawa","2+1","7","6","6","8257.0","9407.0","10677.0","11097.0","11497.0","1","0","0.0","0.0","0.0","0.0","0.0","0.0","-8","5","73","-0.27","0","6","33"
"2026-06-02T10:07:34+0000","egipt|marsa-alam|2026-06-09|2026-06-23|14|Warszawa - Modlin,Warszawa - Radom,Warszawa|2+1","filter_13_16_days","egipt","marsa-alam","2026-06-09","2026-06-23","14","Warszawa - Modlin,Warszawa - Radom,Warszawa","2+1","7","3","3","8257.0","8813.0","9647.0","11037.0","11177.0","1","0","0.0","0.0","0.0","0.0","0.0","0.0","-9","3","72","0.0","0","3","32"
"2026-06-02T14:47:54+0000","egipt|marsa-alam|2026-06-09|2026-06-23|14|Warszawa - Modlin,Warszawa - Radom,Warszawa|2+1","filter_13_16_days","egipt","marsa-alam","2026-06-09","2026-06-23","14","Warszawa - Modlin,Warszawa - Radom,Warszawa","2+1","7","9","9","8257.0","9009.0","9417.0","10917.0","18577.0","4","0","0.0","0.0","0.0","0.0","0.0","0.0","-4","7","65","1.57","0","7","22"
"2026-06-02T15:35:52+0000","egipt|marsa-alam|2026-06-09|2026-06-23|14|Warszawa - Modlin,Warszawa - Radom,Warszawa|2+1","filter_13_16_days","egipt","marsa-alam","2026-06-09","2026-06-23","14","Warszawa - Modlin,Warszawa - Radom,Warszawa","2+1","7","10","10","8257.0","9103.0","9562.0","10977.0","18577.0","4","0","0.0","0.0","0.0","0.0","0.0","0.0","-3","7","66","1.17","0","8","23"
"2026-06-02T18:36:42+0000","egipt|marsa-alam|2026-06-09|2026-06-23|14|Warszawa - Modlin,Warszawa - Radom,Warszawa|2+1","filter_13_16_days","egipt","marsa-alam","2026-06-09","2026-06-23","14","Warszawa - Modlin,Warszawa - Radom,Warszawa","2+1","7","10","10","8257.0","9103.0","9562.0","10977.0","18577.0","4","0","0.0","0.0","0.0","0.0","0.0","0.0","-3","7","66","1.17","0","8","23"
"2026-06-02T20:35:34+0000","egipt|marsa-alam|2026-06-09|2026-06-23|14|Warszawa - Modlin,Warszawa - Radom,Warszawa|2+1","filter_13_16_days","egipt","marsa-alam","2026-06-09","2026-06-23","14","Warszawa - Modlin,Warszawa - Radom,Warszawa","2+1","7","10","10","8257.0","9103.0","9562.0","10977.0","18577.0","4","0","0.0","0.0","0.0","0.0","0.0","0.0","-3","7","66","1.17","0","8","23"
"2026-06-02T21:46:19+0000","egipt|marsa-alam|2026-06-09|2026-06-23|14|Warszawa - Modlin,Warszawa - Radom,Warszawa|2+1","filter_13_16_days","egipt","marsa-alam","2026-06-09","2026-06-23","14","Warszawa - Modlin,Warszawa - Radom,Warszawa","2+1","7","10","10","8257.0","9103.0","9562.0","10977.0","18577.0","4","0","0.0","0.0","0.0","0.0","0.0","0.0","-2","7","66","1.17","0","8","23"
"2026-06-02T23:31:59+0000","egipt|marsa-alam|2026-06-09|2026-06-23|14|Warszawa - Modlin,Warszawa - Radom,Warszawa|2+1","filter_13_16_days","egipt","marsa-alam","2026-06-09","2026-06-23","14","Warszawa - Modlin,Warszawa - Radom,Warszawa","2+1","7","10","10","8257.0","9103.0","9562.0","10977.0","18577.0","4","0","0.0","0.0","0.0","0.0","0.0","0.0","-2","7","66","1.17","0","8","23"
"2026-06-03T02:50:46+0000","egipt|marsa-alam|2026-06-09|2026-06-23|14|Warszawa - Modlin,Warszawa - Radom,Warszawa|2+1","filter_13_16_days","egipt","marsa-alam","2026-06-09","2026-06-23","14","Warszawa - Modlin,Warszawa - Radom,Warszawa","2+1","6","10","10","8257.0","9103.0","9562.0","10977.0","18577.0","4","0","0.0","0.0","0.0","0.0","0.0","0.0","4","4","66","1.17","0","8","23"
"2026-06-03T07:07:32+0000","egipt|marsa-alam|2026-06-09|2026-06-23|14|Warszawa - Modlin,Warszawa - Radom,Warszawa|2+1","filter_13_16_days","egipt","marsa-alam","2026-06-09","2026-06-23","14","Warszawa - Modlin,Warszawa - Radom,Warszawa","2+1","6","10","10","8257.0","9103.0","9562.0","10977.0","18577.0","4","0","0.0","0.0","0.0","0.0","0.0","0.0","4","4","66","1.17","0","8","23"
"2026-06-03T08:11:52+0000","egipt|marsa-alam|2026-06-09|2026-06-23|14|Warszawa - Modlin,Warszawa - Radom,Warszawa|2+1","filter_13_16_days","egipt","marsa-alam","2026-06-09","2026-06-23","14","Warszawa - Modlin,Warszawa - Radom,Warszawa","2+1","6","10","10","8257.0","9103.0","9562.0","10977.0","18577.0","4","0","0.0","0.0","0.0","0.0","0.0","0.0","4","4","66","1.17","0","8","23"
"2026-06-01T05:43:19+0000","egipt|marsa-alam|2026-06-12|2026-06-26|14|Warszawa - Modlin,Warszawa - Radom,Warszawa|2+1","filter_13_16_days","egipt","marsa-alam","2026-06-12","2026-06-26","14","Warszawa - Modlin,Warszawa - Radom,Warszawa","2+1","11","1","1","11557.0","11557.0","11557.0","11557.0","11557.0","0","0","0.0","0.0","0.0","0.0","0.0","0.0","0","0","0","0.0","0","0","0"
"2026-06-01T09:18:39+0000","egipt|marsa-alam|2026-06-12|2026-06-26|14|Warszawa - Modlin,Warszawa - Radom,Warszawa|2+1","filter_13_16_days","egipt","marsa-alam","2026-06-12","2026-06-26","14","Warszawa - Modlin,Warszawa - Radom,Warszawa","2+1","11","1","1","11557.0","11557.0","11557.0","11557.0","11557.0","0","0","0.0","0.0","0.0","0.0","0.0","0.0","0","0","0","0.0","0","0","0"
"2026-06-01T11:18:45+0000","egipt|marsa-alam|2026-06-12|2026-06-26|14|Warszawa - Modlin,Warszawa - Radom,Warszawa|2+1","filter_13_16_days","egipt","marsa-alam","2026-06-12","2026-06-26","14","Warszawa - Modlin,Warszawa - Radom,Warszawa","2+1","11","1","1","11557.0","11557.0","11557.0","11557.0","11557.0","0","0","0.0","0.0","0.0","0.0","0.0","0.0","0","0","0","0.0","0","0","0"
"2026-06-01T11:46:52+0000","egipt|marsa-alam|2026-06-12|2026-06-26|14|Warszawa - Modlin,Warszawa - Radom,Warszawa|2+1","filter_13_16_days","egipt","marsa-alam","2026-06-12","2026-06-26","14","Warszawa - Modlin,Warszawa - Radom,Warszawa","2+1","11","1","1","11557.0","11557.0","11557.0","11557.0","11557.0","0","0","0.0","0.0","0.0","0.0","0.0","0.0","0","0","0","0.0","0","0","0"
"2026-06-01T12:28:51+0000","egipt|marsa-alam|2026-06-12|2026-06-26|14|Warszawa - Modlin,Warszawa - Radom,Warszawa|2+1","filter_13_16_days","egipt","marsa-alam","2026-06-12","2026-06-26","14","Warszawa - Modlin,Warszawa - Radom,Warszawa","2+1","11","1","1","11557.0","11557.0","11557.0","11557.0","11557.0","0","0","0.0","0.0","0.0","0.0","0.0","0.0","0","0","0","0.0","0","0","0"
"2026-06-01T14:33:58+0000","egipt|marsa-alam|2026-06-12|2026-06-26|14|Warszawa - Modlin,Warszawa - Radom,Warszawa|2+1","filter_13_16_days","egipt","marsa-alam","2026-06-12","2026-06-26","14","Warszawa - Modlin,Warszawa - Radom,Warszawa","2+1","11","1","1","11557.0","11557.0","11557.0","11557.0","11557.0","0","0","0.0","0.0","0.0","0.0","0.0","0.0","0","0","0","0.0","0","0","0"
"2026-06-01T15:05:15+0000","egipt|marsa-alam|2026-06-12|2026-06-26|14|Warszawa - Modlin,Warszawa - Radom,Warszawa|2+1","filter_13_16_days","egipt","marsa-alam","2026-06-12","2026-06-26","14","Warszawa - Modlin,Warszawa - Radom,Warszawa","2+1","11","1","1","11557.0","11557.0","11557.0","11557.0","11557.0","0","0","0.0","0.0","0.0","0.0","0.0","0.0","0","0","0","0.0","0","0","0"
"2026-06-01T15:50:45+0000","egipt|marsa-alam|2026-06-12|2026-06-26|14|Warszawa - Modlin,Warszawa - Radom,Warszawa|2+1","filter_13_16_days","egipt","marsa-alam","2026-06-12","2026-06-26","14","Warszawa - Modlin,Warszawa - Radom,Warszawa","2+1","11","1","1","11557.0","11557.0","11557.0","11557.0","11557.0","0","0","0.0","0.0","0.0","0.0","0.0","0.0","0","0","0","0.0","0","0","0"
"2026-06-01T16:14:15+0000","egipt|marsa-alam|2026-06-12|2026-06-26|14|Warszawa - Modlin,Warszawa - Radom,Warszawa|2+1","filter_13_16_days","egipt","marsa-alam","2026-06-12","2026-06-26","14","Warszawa - Modlin,Warszawa - Radom,Warszawa","2+1","11","1","1","11557.0","11557.0","11557.0","11557.0","11557.0","0","0","0.0","0.0","0.0","0.0","0.0","0.0","0","0","0","0.0","0","0","0"
"2026-06-01T18:30:18+0000","egipt|marsa-alam|2026-06-12|2026-06-26|14|Warszawa - Modlin,Warszawa - Radom,Warszawa|2+1","filter_13_16_days","egipt","marsa-alam","2026-06-12","2026-06-26","14","Warszawa - Modlin,Warszawa - Radom,Warszawa","2+1","11","1","1","11557.0","11557.0","11557.0","11557.0","11557.0","0","0","0.0","0.0","0.0","0.0","0.0","0.0","0","1","0","0.0","0","0","0"
"2026-06-01T20:13:38+0000","egipt|marsa-alam|2026-06-12|2026-06-26|14|Warszawa - Modlin,Warszawa - Radom,Warszawa|2+1","filter_13_16_days","egipt","marsa-alam","2026-06-12","2026-06-26","14","Warszawa - Modlin,Warszawa - Radom,Warszawa","2+1","11","1","1","11557.0","11557.0","11557.0","11557.0","11557.0","0","0","0.0","0.0","0.0","0.0","0.0","0.0","0","1","0","0.0","0","0","0"
"2026-06-01T22:59:26+0000","egipt|marsa-alam|2026-06-12|2026-06-26|14|Warszawa - Modlin,Warszawa - Radom,Warszawa|2+1","filter_13_16_days","egipt","marsa-alam","2026-06-12","2026-06-26","14","Warszawa - Modlin,Warszawa - Radom,Warszawa","2+1","11","1","1","11557.0","11557.0","11557.0","11557.0","11557.0","0","0","0.0","0.0","0.0","0.0","0.0","0.0","0","1","0","0.0","0","0","0"
"2026-06-02T00:11:24+0000","egipt|marsa-alam|2026-06-12|2026-06-26|14|Warszawa - Modlin,Warszawa - Radom,Warszawa|2+1","filter_13_16_days","egipt","marsa-alam","2026-06-12","2026-06-26","14","Warszawa - Modlin,Warszawa - Radom,Warszawa","2+1","10","1","1","11557.0","11557.0","11557.0","11557.0","11557.0","0","0","0.0","0.0","0.0","0.0","0.0","0.0","0","1","0","0.0","0","0","0"
"2026-06-01T05:43:19+0000","egipt|marsa-alam|2026-06-13|2026-06-27|14|Warszawa - Modlin,Warszawa - Radom,Warszawa|2+1","filter_13_16_days","egipt","marsa-alam","2026-06-13","2026-06-27","14","Warszawa - Modlin,Warszawa - Radom,Warszawa","2+1","12","2","2","17087.0","17341.5","17723.25","18359.5","19632.0","0","0","0.0","0.0","0.0","0.0","0.0","0.0","0","0","0","0.0","0","0","0"
"2026-06-01T08:45:54+0000","egipt|marsa-alam|2026-06-13|2026-06-27|14|Warszawa - Modlin,Warszawa - Radom,Warszawa|2+1","filter_13_16_days","egipt","marsa-alam","2026-06-13","2026-06-27","14","Warszawa - Modlin,Warszawa - Radom,Warszawa","2+1","12","1","1","19332.0","19332.0","19332.0","19332.0","19332.0","0","0","0.0","0.0","0.0","0.0","0.0","0.0","0","0","0","0.0","0","0","0"
"2026-06-01T09:18:39+0000","egipt|marsa-alam|2026-06-13|2026-06-27|14|Warszawa - Modlin,Warszawa - Radom,Warszawa|2+1","filter_13_16_days","egipt","marsa-alam","2026-06-13","2026-06-27","14","Warszawa - Modlin,Warszawa - Radom,Warszawa","2+1","12","1","1","19332.0","19332.0","19332.0","19332.0","19332.0","0","0","0.0","0.0","0.0","0.0","0.0","0.0","0","0","0","0.0","0","0","0"
"2026-06-01T11:18:45+0000","egipt|marsa-alam|2026-06-13|2026-06-27|14|Warszawa - Modlin,Warszawa - Radom,Warszawa|2+1","filter_13_16_days","egipt","marsa-alam","2026-06-13","2026-06-27","14","Warszawa - Modlin,Warszawa - Radom,Warszawa","2+1","12","1","1","19332.0","19332.0","19332.0","19332.0","19332.0","0","0","0.0","0.0","0.0","0.0","0.0","0.0","0","0","0","0.0","0","0","0"
"2026-06-01T11:46:52+0000","egipt|marsa-alam|2026-06-13|2026-06-27|14|Warszawa - Modlin,Warszawa - Radom,Warszawa|2+1","filter_13_16_days","egipt","marsa-alam","2026-06-13","2026-06-27","14","Warszawa - Modlin,Warszawa - Radom,Warszawa","2+1","12","1","1","19332.0","19332.0","19332.0","19332.0","19332.0","0","0","0.0","0.0","0.0","0.0","0.0","0.0","0","0","0","0.0","0","0","0"
"2026-06-01T12:28:51+0000","egipt|marsa-alam|2026-06-13|2026-06-27|14|Warszawa - Modlin,Warszawa - Radom,Warszawa|2+1","filter_13_16_days","egipt","marsa-alam","2026-06-13","2026-06-27","14","Warszawa - Modlin,Warszawa - Radom,Warszawa","2+1","12","1","1","19332.0","19332.0","19332.0","19332.0","19332.0","0","0","0.0","0.0","0.0","0.0","0.0","0.0","0","0","0","0.0","0","0","0"
"2026-06-01T14:33:58+0000","egipt|marsa-alam|2026-06-13|2026-06-27|14|Warszawa - Modlin,Warszawa - Radom,Warszawa|2+1","filter_13_16_days","egipt","marsa-alam","2026-06-13","2026-06-27","14","Warszawa - Modlin,Warszawa - Radom,Warszawa","2+1","12","1","1","19032.0","19032.0","19032.0","19032.0","19032.0","0","0","0.0","0.0","0.0","0.0","0.0","0.0","0","0","0","0.0","0","0","0"
"2026-06-01T15:05:15+0000","egipt|marsa-alam|2026-06-13|2026-06-27|14|Warszawa - Modlin,Warszawa - Radom,Warszawa|2+1","filter_13_16_days","egipt","marsa-alam","2026-06-13","2026-06-27","14","Warszawa - Modlin,Warszawa - Radom,Warszawa","2+1","12","2","2","9157.0","10144.5","11625.75","14094.5","19032.0","1","0","0.0","0.0","0.0","0.0","0.0","0.0","0","0","0","0.0","0","0","0"
"2026-06-01T15:50:45+0000","egipt|marsa-alam|2026-06-13|2026-06-27|14|Warszawa - Modlin,Warszawa - Radom,Warszawa|2+1","filter_13_16_days","egipt","marsa-alam","2026-06-13","2026-06-27","14","Warszawa - Modlin,Warszawa - Radom,Warszawa","2+1","12","2","2","9157.0","10144.5","11625.75","14094.5","19032.0","1","0","0.0","0.0","0.0","0.0","0.0","0.0","0","0","0","0.0","0","0","0"
"2026-06-01T16:14:15+0000","egipt|marsa-alam|2026-06-13|2026-06-27|14|Warszawa - Modlin,Warszawa - Radom,Warszawa|2+1","filter_13_16_days","egipt","marsa-alam","2026-06-13","2026-06-27","14","Warszawa - Modlin,Warszawa - Radom,Warszawa","2+1","12","2","2","9157.0","10144.5","11625.75","14094.5","19032.0","1","0","0.0","0.0","0.0","0.0","0.0","0.0","0","0","0","0.0","0","0","0"
"2026-06-01T18:30:18+0000","egipt|marsa-alam|2026-06-13|2026-06-27|14|Warszawa - Modlin,Warszawa - Radom,Warszawa|2+1","filter_13_16_days","egipt","marsa-alam","2026-06-13","2026-06-27","14","Warszawa - Modlin,Warszawa - Radom,Warszawa","2+1","12","2","2","9157.0","10144.5","11625.75","14094.5","19032.0","1","0","0.0","0.0","0.0","0.0","0.0","0.0","0","1","0","0.0","0","0","0"
"2026-06-01T20:13:38+0000","egipt|marsa-alam|2026-06-13|2026-06-27|14|Warszawa - Modlin,Warszawa - Radom,Warszawa|2+1","filter_13_16_days","egipt","marsa-alam","2026-06-13","2026-06-27","14","Warszawa - Modlin,Warszawa - Radom,Warszawa","2+1","12","2","2","9157.0","10144.5","11625.75","14094.5","19032.0","1","0","0.0","0.0","0.0","0.0","0.0","0.0","0","1","0","0.0","0","0","0"
"2026-06-01T22:59:26+0000","egipt|marsa-alam|2026-06-13|2026-06-27|14|Warszawa - Modlin,Warszawa - Radom,Warszawa|2+1","filter_13_16_days","egipt","marsa-alam","2026-06-13","2026-06-27","14","Warszawa - Modlin,Warszawa - Radom,Warszawa","2+1","12","3","3","9157.0","9277.0","9457.0","9757.0","19032.0","2","0","0.0","0.0","0.0","0.0","0.0","0.0","1","1","56","1.22","0","1","0"
"2026-06-02T00:11:24+0000","egipt|marsa-alam|2026-06-13|2026-06-27|14|Warszawa - Modlin,Warszawa - Radom,Warszawa|2+1","filter_13_16_days","egipt","marsa-alam","2026-06-13","2026-06-27","14","Warszawa - Modlin,Warszawa - Radom,Warszawa","2+1","11","3","3","9157.0","9277.0","9457.0","9757.0","19032.0","2","0","0.0","0.0","0.0","0.0","0.0","0.0","1","1","56","1.22","0","1","0"
"2026-06-02T04:49:17+0000","egipt|marsa-alam|2026-06-13|2026-06-27|14|Warszawa - Modlin,Warszawa - Radom,Warszawa|2+1","filter_13_16_days","egipt","marsa-alam","2026-06-13","2026-06-27","14","Warszawa - Modlin,Warszawa - Radom,Warszawa","2+1","11","3","3","9157.0","9277.0","9457.0","9757.0","19016.0","2","0","0.0","0.0","0.0","0.0","0.0","0.0","1","1","61","1.19","0","2","0"
"2026-06-02T05:26:24+0000","egipt|marsa-alam|2026-06-13|2026-06-27|14|Warszawa - Modlin,Warszawa - Radom,Warszawa|2+1","filter_13_16_days","egipt","marsa-alam","2026-06-13","2026-06-27","14","Warszawa - Modlin,Warszawa - Radom,Warszawa","2+1","11","3","3","9157.0","9277.0","9457.0","9757.0","19016.0","2","0","0.0","0.0","0.0","0.0","0.0","0.0","1","1","61","1.19","0","2","0"
"2026-06-02T05:38:30+0000","egipt|marsa-alam|2026-06-13|2026-06-27|14|Warszawa - Modlin,Warszawa - Radom,Warszawa|2+1","filter_13_16_days","egipt","marsa-alam","2026-06-13","2026-06-27","14","Warszawa - Modlin,Warszawa - Radom,Warszawa","2+1","11","3","3","9157.0","9277.0","9457.0","9757.0","19016.0","2","0","0.0","0.0","0.0","0.0","0.0","0.0","1","1","61","1.19","0","2","0"
"2026-06-02T06:50:50+0000","egipt|marsa-alam|2026-06-13|2026-06-27|14|Warszawa - Modlin,Warszawa - Radom,Warszawa|2+1","filter_13_16_days","egipt","marsa-alam","2026-06-13","2026-06-27","14","Warszawa - Modlin,Warszawa - Radom,Warszawa","2+1","11","3","3","9157.0","9277.0","9457.0","9757.0","19016.0","2","0","0.0","0.0","0.0","0.0","0.0","0.0","1","1","61","1.19","0","2","0"
"2026-06-02T07:24:26+0000","egipt|marsa-alam|2026-06-13|2026-06-27|14|Warszawa - Modlin,Warszawa - Radom,Warszawa|2+1","filter_13_16_days","egipt","marsa-alam","2026-06-13","2026-06-27","14","Warszawa - Modlin,Warszawa - Radom,Warszawa","2+1","11","3","3","9157.0","9277.0","9457.0","9757.0","19016.0","2","0","0.0","0.0","0.0","0.0","0.0","0.0","2","1","61","1.19","0","2","0"
"2026-06-02T10:07:34+0000","egipt|marsa-alam|2026-06-13|2026-06-27|14|Warszawa - Modlin,Warszawa - Radom,Warszawa|2+1","filter_13_16_days","egipt","marsa-alam","2026-06-13","2026-06-27","14","Warszawa - Modlin,Warszawa - Radom,Warszawa","2+1","11","3","3","9157.0","9277.0","9457.0","9757.0","19016.0","2","0","0.0","0.0","0.0","0.0","0.0","0.0","2","1","61","1.19","0","2","0"
"2026-06-02T14:47:54+0000","egipt|marsa-alam|2026-06-13|2026-06-27|14|Warszawa - Modlin,Warszawa - Radom,Warszawa|2+1","filter_13_16_days","egipt","marsa-alam","2026-06-13","2026-06-27","14","Warszawa - Modlin,Warszawa - Radom,Warszawa","2+1","11","3","3","9157.0","9277.0","9457.0","9757.0","19016.0","2","0","0.0","0.0","0.0","0.0","0.0","0.0","2","1","61","1.19","0","2","0"
"2026-06-02T15:35:52+0000","egipt|marsa-alam|2026-06-13|2026-06-27|14|Warszawa - Modlin,Warszawa - Radom,Warszawa|2+1","filter_13_16_days","egipt","marsa-alam","2026-06-13","2026-06-27","14","Warszawa - Modlin,Warszawa - Radom,Warszawa","2+1","11","3","3","9157.0","9277.0","9457.0","9757.0","19016.0","2","0","0.0","0.0","0.0","0.0","0.0","0.0","1","2","61","1.19","0","2","0"
"2026-06-02T18:36:42+0000","egipt|marsa-alam|2026-06-13|2026-06-27|14|Warszawa - Modlin,Warszawa - Radom,Warszawa|2+1","filter_13_16_days","egipt","marsa-alam","2026-06-13","2026-06-27","14","Warszawa - Modlin,Warszawa - Radom,Warszawa","2+1","11","4","4","9157.0","9337.0","9607.0","10457.0","19016.0","2","0","0.0","0.0","0.0","0.0","0.0","0.0","2","2","59","1.81","0","2","0"
"2026-06-02T20:35:34+0000","egipt|marsa-alam|2026-06-13|2026-06-27|14|Warszawa - Modlin,Warszawa - Radom,Warszawa|2+1","filter_13_16_days","egipt","marsa-alam","2026-06-13","2026-06-27","14","Warszawa - Modlin,Warszawa - Radom,Warszawa","2+1","11","4","4","9157.0","9337.0","9607.0","10457.0","19016.0","2","0","0.0","0.0","0.0","0.0","0.0","0.0","2","2","59","1.81","0","2","0"
"2026-06-02T21:46:19+0000","egipt|marsa-alam|2026-06-13|2026-06-27|14|Warszawa - Modlin,Warszawa - Radom,Warszawa|2+1","filter_13_16_days","egipt","marsa-alam","2026-06-13","2026-06-27","14","Warszawa - Modlin,Warszawa - Radom,Warszawa","2+1","11","4","4","9157.0","9337.0","9607.0","10457.0","19016.0","2","0","0.0","0.0","0.0","0.0","0.0","0.0","1","3","59","1.81","0","2","0"
"2026-06-02T23:31:59+0000","egipt|marsa-alam|2026-06-13|2026-06-27|14|Warszawa - Modlin,Warszawa - Radom,Warszawa|2+1","filter_13_16_days","egipt","marsa-alam","2026-06-13","2026-06-27","14","Warszawa - Modlin,Warszawa - Radom,Warszawa","2+1","11","5","5","9157.0","9397.0","9757.0","11157.0","19016.0","2","0","0.0","0.0","0.0","0.0","0.0","0.0","2","3","61","1.44","0","3","0"
"2026-06-03T02:50:46+0000","egipt|marsa-alam|2026-06-13|2026-06-27|14|Warszawa - Modlin,Warszawa - Radom,Warszawa|2+1","filter_13_16_days","egipt","marsa-alam","2026-06-13","2026-06-27","14","Warszawa - Modlin,Warszawa - Radom,Warszawa","2+1","10","5","5","9157.0","9397.0","9757.0","11157.0","19016.0","2","0","0.0","0.0","0.0","0.0","0.0","0.0","2","3","61","1.44","0","3","0"
"2026-06-03T07:07:32+0000","egipt|marsa-alam|2026-06-13|2026-06-27|14|Warszawa - Modlin,Warszawa - Radom,Warszawa|2+1","filter_13_16_days","egipt","marsa-alam","2026-06-13","2026-06-27","14","Warszawa - Modlin,Warszawa - Radom,Warszawa","2+1","10","5","5","9157.0","9397.0","9757.0","11157.0","19025.0","2","0","0.0","0.0","0.0","0.0","0.0","0.0","2","3","58","1.45","0","2","0"
"2026-06-03T08:11:52+0000","egipt|marsa-alam|2026-06-13|2026-06-27|14|Warszawa - Modlin,Warszawa - Radom,Warszawa|2+1","filter_13_16_days","egipt","marsa-alam","2026-06-13","2026-06-27","14","Warszawa - Modlin,Warszawa - Radom,Warszawa","2+1","10","5","5","9157.0","9397.0","9757.0","11157.0","19025.0","2","0","0.0","0.0","0.0","0.0","0.0","0.0","2","3","58","1.45","0","2","0"
"2026-06-01T05:43:19+0000","egipt|marsa-alam|2026-06-16|2026-06-30|14|Warszawa - Modlin,Warszawa - Radom,Warszawa|2+1","filter_13_16_days","egipt","marsa-alam","2026-06-16","2026-06-30","14","Warszawa - Modlin,Warszawa - Radom,Warszawa","2+1","15","3","3","10677.0","11267.0","12152.0","13627.0","15647.0","0","0","0.0","0.0","0.0","0.0","0.0","0.0","0","0","49","5.11","0","0","0"
"2026-06-01T08:45:54+0000","egipt|marsa-alam|2026-06-16|2026-06-30|14|Warszawa - Modlin,Warszawa - Radom,Warszawa|2+1","filter_13_16_days","egipt","marsa-alam","2026-06-16","2026-06-30","14","Warszawa - Modlin,Warszawa - Radom,Warszawa","2+1","15","3","3","10677.0","11267.0","12152.0","13627.0","15647.0","0","0","0.0","0.0","0.0","0.0","0.0","0.0","0","0","49","5.11","0","0","0"
"2026-06-01T09:18:39+0000","egipt|marsa-alam|2026-06-16|2026-06-30|14|Warszawa - Modlin,Warszawa - Radom,Warszawa|2+1","filter_13_16_days","egipt","marsa-alam","2026-06-16","2026-06-30","14","Warszawa - Modlin,Warszawa - Radom,Warszawa","2+1","15","3","3","10677.0","11267.0","12152.0","13627.0","15647.0","0","0","0.0","0.0","0.0","0.0","0.0","0.0","0","0","49","5.11","0","0","0"
"2026-06-01T11:18:45+0000","egipt|marsa-alam|2026-06-16|2026-06-30|14|Warszawa - Modlin,Warszawa - Radom,Warszawa|2+1","filter_13_16_days","egipt","marsa-alam","2026-06-16","2026-06-30","14","Warszawa - Modlin,Warszawa - Radom,Warszawa","2+1","15","3","3","10677.0","11267.0","12152.0","13627.0","15647.0","0","0","0.0","0.0","0.0","0.0","0.0","0.0","0","0","49","5.11","0","0","0"
"2026-06-01T11:46:52+0000","egipt|marsa-alam|2026-06-16|2026-06-30|14|Warszawa - Modlin,Warszawa - Radom,Warszawa|2+1","filter_13_16_days","egipt","marsa-alam","2026-06-16","2026-06-30","14","Warszawa - Modlin,Warszawa - Radom,Warszawa","2+1","15","3","3","10677.0","11267.0","12152.0","13627.0","15647.0","0","0","0.0","0.0","0.0","0.0","0.0","0.0","0","0","49","5.11","0","0","0"
"2026-06-01T12:28:51+0000","egipt|marsa-alam|2026-06-16|2026-06-30|14|Warszawa - Modlin,Warszawa - Radom,Warszawa|2+1","filter_13_16_days","egipt","marsa-alam","2026-06-16","2026-06-30","14","Warszawa - Modlin,Warszawa - Radom,Warszawa","2+1","15","3","3","10677.0","11267.0","12152.0","13627.0","15647.0","0","0","0.0","0.0","0.0","0.0","0.0","0.0","0","0","49","5.11","0","0","0"
"2026-06-01T14:33:58+0000","egipt|marsa-alam|2026-06-16|2026-06-30|14|Warszawa - Modlin,Warszawa - Radom,Warszawa|2+1","filter_13_16_days","egipt","marsa-alam","2026-06-16","2026-06-30","14","Warszawa - Modlin,Warszawa - Radom,Warszawa","2+1","15","2","2","10677.0","11174.0","11919.5","13162.0","15647.0","0","0","0.0","0.0","0.0","0.0","0.0","0.0","0","0","0","0.0","0","0","0"
"2026-06-01T15:05:15+0000","egipt|marsa-alam|2026-06-16|2026-06-30|14|Warszawa - Modlin,Warszawa - Radom,Warszawa|2+1","filter_13_16_days","egipt","marsa-alam","2026-06-16","2026-06-30","14","Warszawa - Modlin,Warszawa - Radom,Warszawa","2+1","15","3","3","10677.0","10973.0","11417.0","12157.0","15647.0","0","0","0.0","0.0","0.0","0.0","0.0","0.0","0","0","55","3.99","0","1","0"
"2026-06-01T15:50:45+0000","egipt|marsa-alam|2026-06-16|2026-06-30|14|Warszawa - Modlin,Warszawa - Radom,Warszawa|2+1","filter_13_16_days","egipt","marsa-alam","2026-06-16","2026-06-30","14","Warszawa - Modlin,Warszawa - Radom,Warszawa","2+1","15","3","3","10677.0","10973.0","11417.0","12157.0","15647.0","0","0","0.0","0.0","0.0","0.0","0.0","0.0","0","0","55","3.99","0","1","0"
"2026-06-01T16:14:15+0000","egipt|marsa-alam|2026-06-16|2026-06-30|14|Warszawa - Modlin,Warszawa - Radom,Warszawa|2+1","filter_13_16_days","egipt","marsa-alam","2026-06-16","2026-06-30","14","Warszawa - Modlin,Warszawa - Radom,Warszawa","2+1","15","3","3","10677.0","10973.0","11417.0","12157.0","15647.0","0","0","0.0","0.0","0.0","0.0","0.0","0.0","0","0","55","3.99","0","1","0"
"2026-06-01T18:30:18+0000","egipt|marsa-alam|2026-06-16|2026-06-30|14|Warszawa - Modlin,Warszawa - Radom,Warszawa|2+1","filter_13_16_days","egipt","marsa-alam","2026-06-16","2026-06-30","14","Warszawa - Modlin,Warszawa - Radom,Warszawa","2+1","15","3","3","10677.0","10973.0","11417.0","12157.0","15647.0","0","0","0.0","0.0","0.0","0.0","0.0","0.0","0","2","55","3.99","0","1","0"
"2026-06-01T20:13:38+0000","egipt|marsa-alam|2026-06-16|2026-06-30|14|Warszawa - Modlin,Warszawa - Radom,Warszawa|2+1","filter_13_16_days","egipt","marsa-alam","2026-06-16","2026-06-30","14","Warszawa - Modlin,Warszawa - Radom,Warszawa","2+1","15","3","3","10677.0","10973.0","11417.0","12157.0","15647.0","0","0","0.0","0.0","0.0","0.0","0.0","0.0","0","2","55","3.99","0","1","0"
"2026-06-01T22:59:26+0000","egipt|marsa-alam|2026-06-16|2026-06-30|14|Warszawa - Modlin,Warszawa - Radom,Warszawa|2+1","filter_13_16_days","egipt","marsa-alam","2026-06-16","2026-06-30","14","Warszawa - Modlin,Warszawa - Radom,Warszawa","2+1","15","3","3","10677.0","10973.0","11417.0","12157.0","15647.0","0","0","0.0","0.0","0.0","0.0","0.0","0.0","0","2","55","3.99","0","1","0"
"2026-06-02T00:11:24+0000","egipt|marsa-alam|2026-06-16|2026-06-30|14|Warszawa - Modlin,Warszawa - Radom,Warszawa|2+1","filter_13_16_days","egipt","marsa-alam","2026-06-16","2026-06-30","14","Warszawa - Modlin,Warszawa - Radom,Warszawa","2+1","14","3","3","10677.0","10973.0","11417.0","12157.0","15647.0","0","0","0.0","0.0","0.0","0.0","0.0","0.0","0","2","55","3.99","0","1","0"
"2026-06-02T04:49:17+0000","egipt|marsa-alam|2026-06-16|2026-06-30|14|Warszawa - Modlin,Warszawa - Radom,Warszawa|2+1","filter_13_16_days","egipt","marsa-alam","2026-06-16","2026-06-30","14","Warszawa - Modlin,Warszawa - Radom,Warszawa","2+1","14","3","3","10677.0","10973.0","11417.0","12157.0","15647.0","0","0","0.0","0.0","0.0","0.0","0.0","0.0","0","2","55","3.99","0","1","0"
"2026-06-02T05:26:24+0000","egipt|marsa-alam|2026-06-16|2026-06-30|14|Warszawa - Modlin,Warszawa - Radom,Warszawa|2+1","filter_13_16_days","egipt","marsa-alam","2026-06-16","2026-06-30","14","Warszawa - Modlin,Warszawa - Radom,Warszawa","2+1","14","3","3","10677.0","10973.0","11417.0","12157.0","15647.0","0","0","0.0","0.0","0.0","0.0","0.0","0.0","0","2","55","3.99","0","1","0"
"2026-06-02T05:38:30+0000","egipt|marsa-alam|2026-06-16|2026-06-30|14|Warszawa - Modlin,Warszawa - Radom,Warszawa|2+1","filter_13_16_days","egipt","marsa-alam","2026-06-16","2026-06-30","14","Warszawa - Modlin,Warszawa - Radom,Warszawa","2+1","14","3","3","10677.0","10973.0","11417.0","12157.0","15647.0","0","0","0.0","0.0","0.0","0.0","0.0","0.0","0","2","55","3.99","0","1","0"
"2026-06-02T06:50:50+0000","egipt|marsa-alam|2026-06-16|2026-06-30|14|Warszawa - Modlin,Warszawa - Radom,Warszawa|2+1","filter_13_16_days","egipt","marsa-alam","2026-06-16","2026-06-30","14","Warszawa - Modlin,Warszawa - Radom,Warszawa","2+1","14","3","3","10677.0","10973.0","11417.0","12157.0","15647.0","0","0","0.0","0.0","0.0","0.0","0.0","0.0","0","2","55","3.99","0","1","0"
"2026-06-02T07:24:26+0000","egipt|marsa-alam|2026-06-16|2026-06-30|14|Warszawa - Modlin,Warszawa - Radom,Warszawa|2+1","filter_13_16_days","egipt","marsa-alam","2026-06-16","2026-06-30","14","Warszawa - Modlin,Warszawa - Radom,Warszawa","2+1","14","3","3","10677.0","10973.0","11417.0","12157.0","15647.0","0","0","0.0","0.0","0.0","0.0","0.0","0.0","0","2","55","3.99","0","1","0"
"2026-06-02T10:07:34+0000","egipt|marsa-alam|2026-06-16|2026-06-30|14|Warszawa - Modlin,Warszawa - Radom,Warszawa|2+1","filter_13_16_days","egipt","marsa-alam","2026-06-16","2026-06-30","14","Warszawa - Modlin,Warszawa - Radom,Warszawa","2+1","14","5","5","10677.0","10709.0","10757.0","11357.0","15647.0","0","0","0.0","0.0","0.0","0.0","0.0","0.0","2","2","55","2.57","0","1","0"
"2026-06-02T14:47:54+0000","egipt|marsa-alam|2026-06-16|2026-06-30|14|Warszawa - Modlin,Warszawa - Radom,Warszawa|2+1","filter_13_16_days","egipt","marsa-alam","2026-06-16","2026-06-30","14","Warszawa - Modlin,Warszawa - Radom,Warszawa","2+1","14","5","5","10677.0","10709.0","10757.0","11357.0","15647.0","0","0","0.0","0.0","0.0","0.0","0.0","0.0","3","2","55","2.57","0","1","0"
"2026-06-02T15:35:52+0000","egipt|marsa-alam|2026-06-16|2026-06-30|14|Warszawa - Modlin,Warszawa - Radom,Warszawa|2+1","filter_13_16_days","egipt","marsa-alam","2026-06-16","2026-06-30","14","Warszawa - Modlin,Warszawa - Radom,Warszawa","2+1","14","5","5","10677.0","10709.0","10757.0","11357.0","15647.0","0","0","0.0","0.0","0.0","0.0","0.0","0.0","2","3","55","2.57","0","1","0"
"2026-06-02T18:36:42+0000","egipt|marsa-alam|2026-06-16|2026-06-30|14|Warszawa - Modlin,Warszawa - Radom,Warszawa|2+1","filter_13_16_days","egipt","marsa-alam","2026-06-16","2026-06-30","14","Warszawa - Modlin,Warszawa - Radom,Warszawa","2+1","14","5","5","10477.0","10585.0","10747.0","11357.0","14687.0","0","0","0.0","0.0","0.0","0.0","0.0","0.0","2","3","70","-4.76","1","3","0"
"2026-06-02T20:35:34+0000","egipt|marsa-alam|2026-06-16|2026-06-30|14|Warszawa - Modlin,Warszawa - Radom,Warszawa|2+1","filter_13_16_days","egipt","marsa-alam","2026-06-16","2026-06-30","14","Warszawa - Modlin,Warszawa - Radom,Warszawa","2+1","14","5","5","10477.0","10585.0","10747.0","11357.0","14687.0","0","0","0.0","0.0","0.0","0.0","0.0","0.0","2","3","70","-4.76","1","3","0"
"2026-06-02T21:46:19+0000","egipt|marsa-alam|2026-06-16|2026-06-30|14|Warszawa - Modlin,Warszawa - Radom,Warszawa|2+1","filter_13_16_days","egipt","marsa-alam","2026-06-16","2026-06-30","14","Warszawa - Modlin,Warszawa - Radom,Warszawa","2+1","14","5","5","10477.0","10585.0","10747.0","11357.0","14687.0","0","0","0.0","0.0","0.0","0.0","0.0","0.0","2","3","70","-4.76","1","3","0"
"2026-06-02T23:31:59+0000","egipt|marsa-alam|2026-06-16|2026-06-30|14|Warszawa - Modlin,Warszawa - Radom,Warszawa|2+1","filter_13_16_days","egipt","marsa-alam","2026-06-16","2026-06-30","14","Warszawa - Modlin,Warszawa - Radom,Warszawa","2+1","14","5","5","10477.0","10585.0","10747.0","11357.0","14687.0","0","0","0.0","0.0","0.0","0.0","0.0","0.0","2","3","70","-4.76","1","3","0"
"2026-06-03T02:50:46+0000","egipt|marsa-alam|2026-06-16|2026-06-30|14|Warszawa - Modlin,Warszawa - Radom,Warszawa|2+1","filter_13_16_days","egipt","marsa-alam","2026-06-16","2026-06-30","14","Warszawa - Modlin,Warszawa - Radom,Warszawa","2+1","13","6","6","10157.0","10317.0","10544.5","11052.0","14687.0","0","0","0.0","0.0","0.0","0.0","0.0","0.0","3","3","66","-2.42","1","3","0"
"2026-06-03T07:07:32+0000","egipt|marsa-alam|2026-06-16|2026-06-30|14|Warszawa - Modlin,Warszawa - Radom,Warszawa|2+1","filter_13_16_days","egipt","marsa-alam","2026-06-16","2026-06-30","14","Warszawa - Modlin,Warszawa - Radom,Warszawa","2+1","13","6","6","10157.0","10317.0","10544.5","11052.0","14687.0","0","0","0.0","0.0","0.0","0.0","0.0","0.0","3","3","66","-2.42","1","3","0"
"2026-06-03T08:11:52+0000","egipt|marsa-alam|2026-06-16|2026-06-30|14|Warszawa - Modlin,Warszawa - Radom,Warszawa|2+1","filter_13_16_days","egipt","marsa-alam","2026-06-16","2026-06-30","14","Warszawa - Modlin,Warszawa - Radom,Warszawa","2+1","13","6","6","10157.0","10317.0","10544.5","11052.0","14687.0","0","0","0.0","0.0","0.0","0.0","0.0","0.0","3","3","66","-2.42","1","3","0"
"2026-06-02T00:11:24+0000","egipt|marsa-alam|2026-06-18|2026-07-02|14|Warszawa - Modlin,Warszawa - Radom,Warszawa|2+1","filter_13_16_days","egipt","marsa-alam","2026-06-18","2026-07-02","14","Warszawa - Modlin,Warszawa - Radom,Warszawa","2+1","16","3","3","12513.0","13029.0","13803.0","15093.0","18013.0","0","0","0.0","0.0","0.0","0.0","0.0","0.0","0","0","69","-1.71","0","2","0"
"2026-06-02T04:49:17+0000","egipt|marsa-alam|2026-06-18|2026-07-02|14|Warszawa - Modlin,Warszawa - Radom,Warszawa|2+1","filter_13_16_days","egipt","marsa-alam","2026-06-18","2026-07-02","14","Warszawa - Modlin,Warszawa - Radom,Warszawa","2+1","16","3","3","12513.0","13029.0","13803.0","15093.0","17998.0","0","0","0.0","0.0","0.0","0.0","0.0","0.0","0","0","69","-1.74","0","2","0"
"2026-06-02T05:26:24+0000","egipt|marsa-alam|2026-06-18|2026-07-02|14|Warszawa - Modlin,Warszawa - Radom,Warszawa|2+1","filter_13_16_days","egipt","marsa-alam","2026-06-18","2026-07-02","14","Warszawa - Modlin,Warszawa - Radom,Warszawa","2+1","16","3","3","12513.0","13029.0","13803.0","15093.0","17998.0","0","0","0.0","0.0","0.0","0.0","0.0","0.0","0","0","69","-1.74","0","2","0"
"2026-06-02T05:38:30+0000","egipt|marsa-alam|2026-06-18|2026-07-02|14|Warszawa - Modlin,Warszawa - Radom,Warszawa|2+1","filter_13_16_days","egipt","marsa-alam","2026-06-18","2026-07-02","14","Warszawa - Modlin,Warszawa - Radom,Warszawa","2+1","16","3","3","12513.0","13029.0","13803.0","15093.0","17998.0","0","0","0.0","0.0","0.0","0.0","0.0","0.0","0","0","69","-1.74","0","2","0"
"2026-06-02T06:50:50+0000","egipt|marsa-alam|2026-06-18|2026-07-02|14|Warszawa - Modlin,Warszawa - Radom,Warszawa|2+1","filter_13_16_days","egipt","marsa-alam","2026-06-18","2026-07-02","14","Warszawa - Modlin,Warszawa - Radom,Warszawa","2+1","16","3","3","12513.0","13029.0","13803.0","15093.0","17998.0","0","0","0.0","0.0","0.0","0.0","0.0","0.0","0","0","69","-1.74","0","2","0"
"2026-06-02T07:24:26+0000","egipt|marsa-alam|2026-06-18|2026-07-02|14|Warszawa - Modlin,Warszawa - Radom,Warszawa|2+1","filter_13_16_days","egipt","marsa-alam","2026-06-18","2026-07-02","14","Warszawa - Modlin,Warszawa - Radom,Warszawa","2+1","16","3","3","12513.0","13029.0","13803.0","15093.0","18301.0","0","0","0.0","0.0","0.0","0.0","0.0","0.0","0","0","67","-1.19","0","2","0"
"2026-06-02T10:07:34+0000","egipt|marsa-alam|2026-06-18|2026-07-02|14|Warszawa - Modlin,Warszawa - Radom,Warszawa|2+1","filter_13_16_days","egipt","marsa-alam","2026-06-18","2026-07-02","14","Warszawa - Modlin,Warszawa - Radom,Warszawa","2+1","16","3","3","12513.0","13029.0","13803.0","15093.0","18301.0","0","0","0.0","0.0","0.0","0.0","0.0","0.0","0","0","67","-1.19","0","2","0"
"2026-06-02T14:47:54+0000","egipt|marsa-alam|2026-06-18|2026-07-02|14|Warszawa - Modlin,Warszawa - Radom,Warszawa|2+1","filter_13_16_days","egipt","marsa-alam","2026-06-18","2026-07-02","14","Warszawa - Modlin,Warszawa - Radom,Warszawa","2+1","16","3","3","12513.0","13029.0","13803.0","15093.0","18301.0","0","0","0.0","0.0","0.0","0.0","0.0","0.0","0","3","67","-1.19","0","2","0"
"2026-06-02T15:35:52+0000","egipt|marsa-alam|2026-06-18|2026-07-02|14|Warszawa - Modlin,Warszawa - Radom,Warszawa|2+1","filter_13_16_days","egipt","marsa-alam","2026-06-18","2026-07-02","14","Warszawa - Modlin,Warszawa - Radom,Warszawa","2+1","16","3","3","12513.0","13029.0","13803.0","15093.0","18301.0","0","0","0.0","0.0","0.0","0.0","0.0","0.0","0","3","67","-1.19","0","2","0"
"2026-06-02T18:36:42+0000","egipt|marsa-alam|2026-06-18|2026-07-02|14|Warszawa - Modlin,Warszawa - Radom,Warszawa|2+1","filter_13_16_days","egipt","marsa-alam","2026-06-18","2026-07-02","14","Warszawa - Modlin,Warszawa - Radom,Warszawa","2+1","16","3","3","12513.0","13029.0","13803.0","15093.0","18301.0","0","0","0.0","0.0","0.0","0.0","0.0","0.0","0","3","67","-1.19","0","2","0"
"2026-06-02T20:35:34+0000","egipt|marsa-alam|2026-06-18|2026-07-02|14|Warszawa - Modlin,Warszawa - Radom,Warszawa|2+1","filter_13_16_days","egipt","marsa-alam","2026-06-18","2026-07-02","14","Warszawa - Modlin,Warszawa - Radom,Warszawa","2+1","16","3","3","12513.0","13029.0","13803.0","15093.0","18301.0","0","0","0.0","0.0","0.0","0.0","0.0","0.0","0","3","67","-1.19","0","2","0"
"2026-06-02T21:46:19+0000","egipt|marsa-alam|2026-06-18|2026-07-02|14|Warszawa - Modlin,Warszawa - Radom,Warszawa|2+1","filter_13_16_days","egipt","marsa-alam","2026-06-18","2026-07-02","14","Warszawa - Modlin,Warszawa - Radom,Warszawa","2+1","16","3","3","12513.0","13029.0","13803.0","15093.0","18301.0","0","0","0.0","0.0","0.0","0.0","0.0","0.0","0","3","67","-1.19","0","2","0"
"2026-06-02T23:31:59+0000","egipt|marsa-alam|2026-06-18|2026-07-02|14|Warszawa - Modlin,Warszawa - Radom,Warszawa|2+1","filter_13_16_days","egipt","marsa-alam","2026-06-18","2026-07-02","14","Warszawa - Modlin,Warszawa - Radom,Warszawa","2+1","16","3","3","12513.0","13029.0","13803.0","15093.0","18301.0","0","0","0.0","0.0","0.0","0.0","0.0","0.0","0","3","67","-1.19","0","2","0"
"2026-06-03T02:50:46+0000","egipt|marsa-alam|2026-06-18|2026-07-02|14|Warszawa - Modlin,Warszawa - Radom,Warszawa|2+1","filter_13_16_days","egipt","marsa-alam","2026-06-18","2026-07-02","14","Warszawa - Modlin,Warszawa - Radom,Warszawa","2+1","15","3","3","12513.0","13029.0","13803.0","15093.0","18301.0","0","0","0.0","0.0","0.0","0.0","0.0","0.0","0","3","67","-1.19","0","2","0"
"2026-06-03T07:07:32+0000","egipt|marsa-alam|2026-06-18|2026-07-02|14|Warszawa - Modlin,Warszawa - Radom,Warszawa|2+1","filter_13_16_days","egipt","marsa-alam","2026-06-18","2026-07-02","14","Warszawa - Modlin,Warszawa - Radom,Warszawa","2+1","15","3","3","12513.0","13029.0","13803.0","15093.0","18308.0","0","0","0.0","0.0","0.0","0.0","0.0","0.0","0","3","63","-1.17","0","2","0"
"2026-06-03T08:11:52+0000","egipt|marsa-alam|2026-06-18|2026-07-02|14|Warszawa - Modlin,Warszawa - Radom,Warszawa|2+1","filter_13_16_days","egipt","marsa-alam","2026-06-18","2026-07-02","14","Warszawa - Modlin,Warszawa - Radom,Warszawa","2+1","15","3","3","12513.0","13029.0","13803.0","15093.0","18308.0","0","0","0.0","0.0","0.0","0.0","0.0","0.0","0","3","63","-1.17","0","2","0"
"2026-06-01T05:43:19+0000","egipt|sharm-el-sheikh|2026-06-06|2026-06-20|14|Warszawa - Modlin,Warszawa - Radom,Warszawa|2+1","filter_13_16_days","egipt","sharm-el-sheikh","2026-06-06","2026-06-20","14","Warszawa - Modlin,Warszawa - Radom,Warszawa","2+1","5","48","48","8855.0","10117.3","10775.25","12545.0","19913.0","3","0","0.0","0.0","0.0","0.0","0.0","0.0","0","0","67","-0.02","0","42","28"
"2026-06-01T08:45:54+0000","egipt|sharm-el-sheikh|2026-06-06|2026-06-20|14|Warszawa - Modlin,Warszawa - Radom,Warszawa|2+1","filter_13_16_days","egipt","sharm-el-sheikh","2026-06-06","2026-06-20","14","Warszawa - Modlin,Warszawa - Radom,Warszawa","2+1","5","48","48","8855.0","10117.3","10775.25","12545.0","19913.0","3","0","0.0","0.0","0.0","0.0","0.0","0.0","0","0","67","-0.02","0","42","28"
"2026-06-01T09:18:39+0000","egipt|sharm-el-sheikh|2026-06-06|2026-06-20|14|Warszawa - Modlin,Warszawa - Radom,Warszawa|2+1","filter_13_16_days","egipt","sharm-el-sheikh","2026-06-06","2026-06-20","14","Warszawa - Modlin,Warszawa - Radom,Warszawa","2+1","5","48","48","8855.0","10117.3","10775.25","12545.0","19913.0","3","0","0.0","0.0","0.0","0.0","0.0","0.0","0","0","67","-0.02","0","42","28"
"2026-06-01T11:18:45+0000","egipt|sharm-el-sheikh|2026-06-06|2026-06-20|14|Warszawa - Modlin,Warszawa - Radom,Warszawa|2+1","filter_13_16_days","egipt","sharm-el-sheikh","2026-06-06","2026-06-20","14","Warszawa - Modlin,Warszawa - Radom,Warszawa","2+1","5","48","48","8855.0","10117.3","10775.25","12545.0","19913.0","3","0","0.0","0.0","0.0","0.0","0.0","0.0","0","0","67","-0.02","0","42","28"
"2026-06-01T11:46:52+0000","egipt|sharm-el-sheikh|2026-06-06|2026-06-20|14|Warszawa - Modlin,Warszawa - Radom,Warszawa|2+1","filter_13_16_days","egipt","sharm-el-sheikh","2026-06-06","2026-06-20","14","Warszawa - Modlin,Warszawa - Radom,Warszawa","2+1","5","48","48","8855.0","10117.3","10775.25","12545.0","19913.0","3","0","0.0","0.0","0.0","0.0","0.0","0.0","0","0","67","-0.02","0","42","28"
"2026-06-01T12:28:51+0000","egipt|sharm-el-sheikh|2026-06-06|2026-06-20|14|Warszawa - Modlin,Warszawa - Radom,Warszawa|2+1","filter_13_16_days","egipt","sharm-el-sheikh","2026-06-06","2026-06-20","14","Warszawa - Modlin,Warszawa - Radom,Warszawa","2+1","5","48","48","8855.0","10117.3","10775.25","12545.0","19913.0","3","0","0.0","0.0","0.0","0.0","0.0","0.0","0","0","67","-0.02","0","42","28"
"2026-06-01T14:33:58+0000","egipt|sharm-el-sheikh|2026-06-06|2026-06-20|14|Warszawa - Modlin,Warszawa - Radom,Warszawa|2+1","filter_13_16_days","egipt","sharm-el-sheikh","2026-06-06","2026-06-20","14","Warszawa - Modlin,Warszawa - Radom,Warszawa","2+1","5","48","48","8855.0","10117.3","10738.5","12545.0","19913.0","3","0","0.0","0.0","0.0","0.0","0.0","0.0","0","0","68","-0.27","0","44","30"
"2026-06-01T15:05:15+0000","egipt|sharm-el-sheikh|2026-06-06|2026-06-20|14|Warszawa - Modlin,Warszawa - Radom,Warszawa|2+1","filter_13_16_days","egipt","sharm-el-sheikh","2026-06-06","2026-06-20","14","Warszawa - Modlin,Warszawa - Radom,Warszawa","2+1","5","48","48","8855.0","10117.3","10738.5","12545.0","19913.0","3","0","0.0","0.0","0.0","0.0","0.0","0.0","0","0","68","-0.27","0","44","30"
"2026-06-01T15:50:45+0000","egipt|sharm-el-sheikh|2026-06-06|2026-06-20|14|Warszawa - Modlin,Warszawa - Radom,Warszawa|2+1","filter_13_16_days","egipt","sharm-el-sheikh","2026-06-06","2026-06-20","14","Warszawa - Modlin,Warszawa - Radom,Warszawa","2+1","5","48","48","8855.0","10117.3","10738.5","12545.0","19913.0","3","0","0.0","0.0","0.0","0.0","0.0","0.0","0","0","68","-0.27","0","44","30"
"2026-06-01T16:14:15+0000","egipt|sharm-el-sheikh|2026-06-06|2026-06-20|14|Warszawa - Modlin,Warszawa - Radom,Warszawa|2+1","filter_13_16_days","egipt","sharm-el-sheikh","2026-06-06","2026-06-20","14","Warszawa - Modlin,Warszawa - Radom,Warszawa","2+1","5","47","47","8855.0","10112.4","10696.0","12425.0","19913.0","3","0","0.0","0.0","0.0","0.0","0.0","0.0","0","0","68","0.37","0","43","29"
"2026-06-01T18:30:18+0000","egipt|sharm-el-sheikh|2026-06-06|2026-06-20|14|Warszawa - Modlin,Warszawa - Radom,Warszawa|2+1","filter_13_16_days","egipt","sharm-el-sheikh","2026-06-06","2026-06-20","14","Warszawa - Modlin,Warszawa - Radom,Warszawa","2+1","5","47","47","8855.0","10112.4","10696.0","12425.0","19913.0","3","0","8855.0","10033.83","12425.0","0.0","0.0","0.0","-1","46","68","0.37","0","43","29"
"2026-06-01T20:13:38+0000","egipt|sharm-el-sheikh|2026-06-06|2026-06-20|14|Warszawa - Modlin,Warszawa - Radom,Warszawa|2+1","filter_13_16_days","egipt","sharm-el-sheikh","2026-06-06","2026-06-20","14","Warszawa - Modlin,Warszawa - Radom,Warszawa","2+1","5","46","46","8855.0","10107.5","10653.5","12425.0","19913.0","3","0","8855.0","10033.83","12425.0","0.0","0.0","0.0","-2","46","69","-0.07","0","44","30"
"2026-06-01T22:59:26+0000","egipt|sharm-el-sheikh|2026-06-06|2026-06-20|14|Warszawa - Modlin,Warszawa - Radom,Warszawa|2+1","filter_13_16_days","egipt","sharm-el-sheikh","2026-06-06","2026-06-20","14","Warszawa - Modlin,Warszawa - Radom,Warszawa","2+1","5","46","46","8855.0","10107.5","10653.5","12425.0","19913.0","3","0","8855.0","10033.83","12425.0","0.0","0.0","0.0","-2","46","69","-0.07","0","44","30"
"2026-06-02T00:11:24+0000","egipt|sharm-el-sheikh|2026-06-06|2026-06-20|14|Warszawa - Modlin,Warszawa - Radom,Warszawa|2+1","filter_13_16_days","egipt","sharm-el-sheikh","2026-06-06","2026-06-20","14","Warszawa - Modlin,Warszawa - Radom,Warszawa","2+1","4","46","46","8855.0","10107.5","10653.5","12425.0","19913.0","3","0","8855.0","10033.83","12425.0","0.0","0.0","0.0","-2","46","69","-0.07","0","44","30"
"2026-06-02T04:49:17+0000","egipt|sharm-el-sheikh|2026-06-06|2026-06-20|14|Warszawa - Modlin,Warszawa - Radom,Warszawa|2+1","filter_13_16_days","egipt","sharm-el-sheikh","2026-06-06","2026-06-20","14","Warszawa - Modlin,Warszawa - Radom,Warszawa","2+1","4","47","47","8855.0","10112.4","10696.0","12425.0","19913.0","3","0","8855.0","10033.83","12425.0","0.0","0.0","0.0","-1","46","68","0.36","0","44","30"
"2026-06-02T05:26:24+0000","egipt|sharm-el-sheikh|2026-06-06|2026-06-20|14|Warszawa - Modlin,Warszawa - Radom,Warszawa|2+1","filter_13_16_days","egipt","sharm-el-sheikh","2026-06-06","2026-06-20","14","Warszawa - Modlin,Warszawa - Radom,Warszawa","2+1","4","47","47","8855.0","10112.4","10696.0","12425.0","19913.0","3","0","8855.0","10033.83","12425.0","0.0","0.0","0.0","-1","46","68","0.36","0","44","30"
"2026-06-02T05:38:30+0000","egipt|sharm-el-sheikh|2026-06-06|2026-06-20|14|Warszawa - Modlin,Warszawa - Radom,Warszawa|2+1","filter_13_16_days","egipt","sharm-el-sheikh","2026-06-06","2026-06-20","14","Warszawa - Modlin,Warszawa - Radom,Warszawa","2+1","4","47","47","8855.0","10112.4","10696.0","12425.0","19913.0","3","0","8855.0","10033.83","12425.0","0.0","0.0","0.0","-1","46","68","0.36","0","44","30"
"2026-06-02T06:50:50+0000","egipt|sharm-el-sheikh|2026-06-06|2026-06-20|14|Warszawa - Modlin,Warszawa - Radom,Warszawa|2+1","filter_13_16_days","egipt","sharm-el-sheikh","2026-06-06","2026-06-20","14","Warszawa - Modlin,Warszawa - Radom,Warszawa","2+1","4","47","47","8855.0","10112.4","10696.0","12425.0","19913.0","3","0","8855.0","10033.83","12425.0","0.0","0.0","0.0","-1","46","68","0.36","0","44","30"
"2026-06-02T07:24:26+0000","egipt|sharm-el-sheikh|2026-06-06|2026-06-20|14|Warszawa - Modlin,Warszawa - Radom,Warszawa|2+1","filter_13_16_days","egipt","sharm-el-sheikh","2026-06-06","2026-06-20","14","Warszawa - Modlin,Warszawa - Radom,Warszawa","2+1","4","47","47","8855.0","10112.4","10696.0","12425.0","19913.0","3","0","8855.0","10033.83","12425.0","0.0","0.0","0.0","-1","46","68","0.36","0","44","30"
"2026-06-02T10:07:34+0000","egipt|sharm-el-sheikh|2026-06-06|2026-06-20|14|Warszawa - Modlin,Warszawa - Radom,Warszawa|2+1","filter_13_16_days","egipt","sharm-el-sheikh","2026-06-06","2026-06-20","14","Warszawa - Modlin,Warszawa - Radom,Warszawa","2+1","4","46","46","8855.0","10107.5","10653.5","12425.0","19913.0","3","0","8855.0","10033.83","12425.0","0.0","0.0","0.0","-2","46","69","-0.08","0","44","30"
"2026-06-02T14:47:54+0000","egipt|sharm-el-sheikh|2026-06-06|2026-06-20|14|Warszawa - Modlin,Warszawa - Radom,Warszawa|2+1","filter_13_16_days","egipt","sharm-el-sheikh","2026-06-06","2026-06-20","14","Warszawa - Modlin,Warszawa - Radom,Warszawa","2+1","4","45","45","8855.0","10105.8","10611.0","12425.0","19913.0","3","0","8855.0","9981.36","12425.0","0.0","0.12","0.0","-3","45","69","-0.12","0","43","30"
"2026-06-02T15:35:52+0000","egipt|sharm-el-sheikh|2026-06-06|2026-06-20|14|Warszawa - Modlin,Warszawa - Radom,Warszawa|2+1","filter_13_16_days","egipt","sharm-el-sheikh","2026-06-06","2026-06-20","14","Warszawa - Modlin,Warszawa - Radom,Warszawa","2+1","4","45","45","8855.0","10105.8","10611.0","12425.0","19913.0","3","0","8855.0","9981.36","12425.0","0.0","0.12","0.0","-3","45","69","-0.12","0","43","30"
"2026-06-02T18:36:42+0000","egipt|sharm-el-sheikh|2026-06-06|2026-06-20|14|Warszawa - Modlin,Warszawa - Radom,Warszawa|2+1","filter_13_16_days","egipt","sharm-el-sheikh","2026-06-06","2026-06-20","14","Warszawa - Modlin,Warszawa - Radom,Warszawa","2+1","4","45","45","8855.0","10105.8","10611.0","12425.0","19913.0","3","0","8855.0","9981.36","12425.0","0.0","0.12","0.0","-2","45","69","-0.12","0","43","30"
"2026-06-02T20:35:34+0000","egipt|sharm-el-sheikh|2026-06-06|2026-06-20|14|Warszawa - Modlin,Warszawa - Radom,Warszawa|2+1","filter_13_16_days","egipt","sharm-el-sheikh","2026-06-06","2026-06-20","14","Warszawa - Modlin,Warszawa - Radom,Warszawa","2+1","4","45","45","8855.0","10105.8","10611.0","12425.0","19913.0","3","0","8855.0","9981.36","12425.0","0.0","0.12","0.0","-1","45","69","-0.08","0","42","30"
"2026-06-02T21:46:19+0000","egipt|sharm-el-sheikh|2026-06-06|2026-06-20|14|Warszawa - Modlin,Warszawa - Radom,Warszawa|2+1","filter_13_16_days","egipt","sharm-el-sheikh","2026-06-06","2026-06-20","14","Warszawa - Modlin,Warszawa - Radom,Warszawa","2+1","4","45","45","8855.0","10105.8","10611.0","12425.0","19913.0","3","0","8855.0","9981.36","12425.0","0.0","0.12","0.0","-1","45","69","-0.08","0","42","30"
"2026-06-02T23:31:59+0000","egipt|sharm-el-sheikh|2026-06-06|2026-06-20|14|Warszawa - Modlin,Warszawa - Radom,Warszawa|2+1","filter_13_16_days","egipt","sharm-el-sheikh","2026-06-06","2026-06-20","14","Warszawa - Modlin,Warszawa - Radom,Warszawa","2+1","4","45","45","8855.0","10105.8","10611.0","12425.0","19913.0","3","0","8855.0","9981.36","12425.0","0.0","0.12","0.0","-1","45","69","-0.08","0","42","30"
"2026-06-03T02:50:46+0000","egipt|sharm-el-sheikh|2026-06-06|2026-06-20|14|Warszawa - Modlin,Warszawa - Radom,Warszawa|2+1","filter_13_16_days","egipt","sharm-el-sheikh","2026-06-06","2026-06-20","14","Warszawa - Modlin,Warszawa - Radom,Warszawa","2+1","3","45","45","8855.0","10105.8","10611.0","12425.0","19913.0","3","0","8855.0","9981.36","12425.0","0.0","0.12","0.0","-2","45","69","-0.08","0","42","30"
"2026-06-03T07:07:32+0000","egipt|sharm-el-sheikh|2026-06-06|2026-06-20|14|Warszawa - Modlin,Warszawa - Radom,Warszawa|2+1","filter_13_16_days","egipt","sharm-el-sheikh","2026-06-06","2026-06-20","14","Warszawa - Modlin,Warszawa - Radom,Warszawa","2+1","3","44","44","8855.0","10176.0","10615.5","12406.0","19091.0","3","0","8855.0","9981.36","12396.0","0.0","0.68","0.08","-3","44","63","0.57","0","29","20"
"2026-06-03T08:11:52+0000","egipt|sharm-el-sheikh|2026-06-06|2026-06-20|14|Warszawa - Modlin,Warszawa - Radom,Warszawa|2+1","filter_13_16_days","egipt","sharm-el-sheikh","2026-06-06","2026-06-20","14","Warszawa - Modlin,Warszawa - Radom,Warszawa","2+1","3","44","44","8855.0","10176.0","10615.5","12406.0","19091.0","3","0","8855.0","9981.36","12396.0","0.0","0.68","0.08","-3","44","63","0.62","0","29","20"
"2026-06-01T05:43:19+0000","egipt|sharm-el-sheikh|2026-06-07|2026-06-21|14|Warszawa - Modlin,Warszawa - Radom,Warszawa|2+1","filter_13_16_days","egipt","sharm-el-sheikh","2026-06-07","2026-06-21","14","Warszawa - Modlin,Warszawa - Radom,Warszawa","2+1","6","13","13","11526.0","13748.2","14345.0","15044.0","19290.0","0","0","0.0","0.0","0.0","0.0","0.0","0.0","0","0","62","-2.05","0","3","11"
"2026-06-01T08:45:54+0000","egipt|sharm-el-sheikh|2026-06-07|2026-06-21|14|Warszawa - Modlin,Warszawa - Radom,Warszawa|2+1","filter_13_16_days","egipt","sharm-el-sheikh","2026-06-07","2026-06-21","14","Warszawa - Modlin,Warszawa - Radom,Warszawa","2+1","6","13","13","11526.0","13748.2","14345.0","15044.0","19290.0","0","0","0.0","0.0","0.0","0.0","0.0","0.0","0","0","62","-2.05","0","3","11"
"2026-06-01T09:18:39+0000","egipt|sharm-el-sheikh|2026-06-07|2026-06-21|14|Warszawa - Modlin,Warszawa - Radom,Warszawa|2+1","filter_13_16_days","egipt","sharm-el-sheikh","2026-06-07","2026-06-21","14","Warszawa - Modlin,Warszawa - Radom,Warszawa","2+1","6","13","13","11526.0","13748.2","14345.0","15044.0","19290.0","0","0","0.0","0.0","0.0","0.0","0.0","0.0","0","0","62","-2.05","0","3","11"
"2026-06-01T11:18:45+0000","egipt|sharm-el-sheikh|2026-06-07|2026-06-21|14|Warszawa - Modlin,Warszawa - Radom,Warszawa|2+1","filter_13_16_days","egipt","sharm-el-sheikh","2026-06-07","2026-06-21","14","Warszawa - Modlin,Warszawa - Radom,Warszawa","2+1","6","12","12","13599.0","14345.0","14528.0","15119.5","19290.0","0","0","0.0","0.0","0.0","0.0","0.0","0.0","0","0","60","-0.77","0","2","10"
"2026-06-01T11:46:52+0000","egipt|sharm-el-sheikh|2026-06-07|2026-06-21|14|Warszawa - Modlin,Warszawa - Radom,Warszawa|2+1","filter_13_16_days","egipt","sharm-el-sheikh","2026-06-07","2026-06-21","14","Warszawa - Modlin,Warszawa - Radom,Warszawa","2+1","6","12","12","13599.0","14345.0","14528.0","15119.5","19290.0","0","0","0.0","0.0","0.0","0.0","0.0","0.0","0","0","60","-0.77","0","2","10"
"2026-06-01T12:28:51+0000","egipt|sharm-el-sheikh|2026-06-07|2026-06-21|14|Warszawa - Modlin,Warszawa - Radom,Warszawa|2+1","filter_13_16_days","egipt","sharm-el-sheikh","2026-06-07","2026-06-21","14","Warszawa - Modlin,Warszawa - Radom,Warszawa","2+1","6","12","12","13599.0","14345.0","14528.0","15119.5","19290.0","0","0","0.0","0.0","0.0","0.0","0.0","0.0","0","0","60","-0.77","0","2","10"
"2026-06-01T14:33:58+0000","egipt|sharm-el-sheikh|2026-06-07|2026-06-21|14|Warszawa - Modlin,Warszawa - Radom,Warszawa|2+1","filter_13_16_days","egipt","sharm-el-sheikh","2026-06-07","2026-06-21","14","Warszawa - Modlin,Warszawa - Radom,Warszawa","2+1","6","12","12","13599.0","14345.0","14528.0","15119.5","19290.0","0","0","0.0","0.0","0.0","0.0","0.0","0.0","0","0","60","-0.77","0","2","10"
"2026-06-01T15:05:15+0000","egipt|sharm-el-sheikh|2026-06-07|2026-06-21|14|Warszawa - Modlin,Warszawa - Radom,Warszawa|2+1","filter_13_16_days","egipt","sharm-el-sheikh","2026-06-07","2026-06-21","14","Warszawa - Modlin,Warszawa - Radom,Warszawa","2+1","6","12","12","13599.0","14345.0","14528.0","15119.5","19290.0","0","0","0.0","0.0","0.0","0.0","0.0","0.0","0","0","60","-0.77","0","2","10"
"2026-06-01T15:50:45+0000","egipt|sharm-el-sheikh|2026-06-07|2026-06-21|14|Warszawa - Modlin,Warszawa - Radom,Warszawa|2+1","filter_13_16_days","egipt","sharm-el-sheikh","2026-06-07","2026-06-21","14","Warszawa - Modlin,Warszawa - Radom,Warszawa","2+1","6","12","12","13599.0","14345.0","14528.0","15119.5","19290.0","0","0","0.0","0.0","0.0","0.0","0.0","0.0","0","0","60","-0.77","0","2","10"
"2026-06-01T16:14:15+0000","egipt|sharm-el-sheikh|2026-06-07|2026-06-21|14|Warszawa - Modlin,Warszawa - Radom,Warszawa|2+1","filter_13_16_days","egipt","sharm-el-sheikh","2026-06-07","2026-06-21","14","Warszawa - Modlin,Warszawa - Radom,Warszawa","2+1","6","13","13","13599.0","14345.0","14589.0","15195.0","19290.0","0","0","0.0","0.0","0.0","0.0","0.0","0.0","0","0","59","-0.59","0","2","10"
"2026-06-01T18:30:18+0000","egipt|sharm-el-sheikh|2026-06-07|2026-06-21|14|Warszawa - Modlin,Warszawa - Radom,Warszawa|2+1","filter_13_16_days","egipt","sharm-el-sheikh","2026-06-07","2026-06-21","14","Warszawa - Modlin,Warszawa - Radom,Warszawa","2+1","6","13","13","13599.0","14345.0","14589.0","15195.0","19290.0","0","0","13599.0","14096.33","15119.5","0.0","0.0","0.0","0","12","59","-0.59","0","2","10"
"2026-06-01T20:13:38+0000","egipt|sharm-el-sheikh|2026-06-07|2026-06-21|14|Warszawa - Modlin,Warszawa - Radom,Warszawa|2+1","filter_13_16_days","egipt","sharm-el-sheikh","2026-06-07","2026-06-21","14","Warszawa - Modlin,Warszawa - Radom,Warszawa","2+1","6","13","13","13599.0","14345.0","14589.0","15195.0","19290.0","0","0","13599.0","14096.33","15119.5","0.0","0.0","0.0","0","12","59","-0.59","0","2","10"
"2026-06-01T22:59:26+0000","egipt|sharm-el-sheikh|2026-06-07|2026-06-21|14|Warszawa - Modlin,Warszawa - Radom,Warszawa|2+1","filter_13_16_days","egipt","sharm-el-sheikh","2026-06-07","2026-06-21","14","Warszawa - Modlin,Warszawa - Radom,Warszawa","2+1","6","13","13","13599.0","14345.0","14589.0","15195.0","19290.0","0","0","13599.0","14096.33","15119.5","0.0","0.0","0.0","0","12","59","-0.59","0","2","10"
"2026-06-02T00:11:24+0000","egipt|sharm-el-sheikh|2026-06-07|2026-06-21|14|Warszawa - Modlin,Warszawa - Radom,Warszawa|2+1","filter_13_16_days","egipt","sharm-el-sheikh","2026-06-07","2026-06-21","14","Warszawa - Modlin,Warszawa - Radom,Warszawa","2+1","5","13","13","13599.0","14345.0","14589.0","15195.0","19290.0","0","0","13599.0","14096.33","15119.5","0.0","0.0","0.0","0","12","59","-0.59","0","2","14"
"2026-06-02T04:49:17+0000","egipt|sharm-el-sheikh|2026-06-07|2026-06-21|14|Warszawa - Modlin,Warszawa - Radom,Warszawa|2+1","filter_13_16_days","egipt","sharm-el-sheikh","2026-06-07","2026-06-21","14","Warszawa - Modlin,Warszawa - Radom,Warszawa","2+1","5","13","13","13592.0","14338.0","14580.0","15548.0","19272.0","0","0","13599.0","14096.33","15119.5","-0.05","-0.05","1.63","0","12","65","-0.48","0","11","27"
"2026-06-02T05:26:24+0000","egipt|sharm-el-sheikh|2026-06-07|2026-06-21|14|Warszawa - Modlin,Warszawa - Radom,Warszawa|2+1","filter_13_16_days","egipt","sharm-el-sheikh","2026-06-07","2026-06-21","14","Warszawa - Modlin,Warszawa - Radom,Warszawa","2+1","5","13","13","13592.0","14338.0","14580.0","15548.0","19272.0","0","0","13599.0","14096.33","15119.5","-0.05","-0.05","1.63","0","12","65","-0.48","0","11","27"
"2026-06-02T05:38:30+0000","egipt|sharm-el-sheikh|2026-06-07|2026-06-21|14|Warszawa - Modlin,Warszawa - Radom,Warszawa|2+1","filter_13_16_days","egipt","sharm-el-sheikh","2026-06-07","2026-06-21","14","Warszawa - Modlin,Warszawa - Radom,Warszawa","2+1","5","13","13","13592.0","14338.0","14580.0","15548.0","19272.0","0","0","13599.0","14096.33","15119.5","-0.05","-0.05","1.63","0","12","65","-0.48","0","11","27"
"2026-06-02T06:50:50+0000","egipt|sharm-el-sheikh|2026-06-07|2026-06-21|14|Warszawa - Modlin,Warszawa - Radom,Warszawa|2+1","filter_13_16_days","egipt","sharm-el-sheikh","2026-06-07","2026-06-21","14","Warszawa - Modlin,Warszawa - Radom,Warszawa","2+1","5","13","13","13592.0","14338.0","14580.0","15548.0","19272.0","0","0","13599.0","14096.33","15119.5","-0.05","-0.05","1.63","0","12","65","-0.48","0","11","27"
"2026-06-02T07:24:26+0000","egipt|sharm-el-sheikh|2026-06-07|2026-06-21|14|Warszawa - Modlin,Warszawa - Radom,Warszawa|2+1","filter_13_16_days","egipt","sharm-el-sheikh","2026-06-07","2026-06-21","14","Warszawa - Modlin,Warszawa - Radom,Warszawa","2+1","5","12","12","13592.0","14338.0","14519.5","15366.0","19272.0","0","0","13599.0","14096.33","15044.0","-0.05","-0.05","0.93","-1","11","64","-0.43","0","10","22"
"2026-06-02T10:07:34+0000","egipt|sharm-el-sheikh|2026-06-07|2026-06-21|14|Warszawa - Modlin,Warszawa - Radom,Warszawa|2+1","filter_13_16_days","egipt","sharm-el-sheikh","2026-06-07","2026-06-21","14","Warszawa - Modlin,Warszawa - Radom,Warszawa","2+1","5","9","8","14338.0","14338.0","14580.0","16004.0","19272.0","0","0","0.0","0.0","0.0","0.0","0.0","0.0","-5","7","65","-0.62","0","7","28"
"2026-06-02T14:47:54+0000","egipt|sharm-el-sheikh|2026-06-07|2026-06-21|14|Warszawa - Modlin,Warszawa - Radom,Warszawa|2+1","filter_13_16_days","egipt","sharm-el-sheikh","2026-06-07","2026-06-21","14","Warszawa - Modlin,Warszawa - Radom,Warszawa","2+1","5","7","7","11826.0","13513.2","14987.0","16306.0","19118.0","0","0","0.0","0.0","0.0","0.0","0.0","0.0","-5","5","51","-1.12","0","1","14"
"2026-06-02T15:35:52+0000","egipt|sharm-el-sheikh|2026-06-07|2026-06-21|14|Warszawa - Modlin,Warszawa - Radom,Warszawa|2+1","filter_13_16_days","egipt","sharm-el-sheikh","2026-06-07","2026-06-21","14","Warszawa - Modlin,Warszawa - Radom,Warszawa","2+1","5","7","7","11826.0","13513.2","14987.0","16306.0","19118.0","0","0","0.0","0.0","0.0","0.0","0.0","0.0","-5","5","51","-1.12","0","1","14"
"2026-06-02T18:36:42+0000","egipt|sharm-el-sheikh|2026-06-07|2026-06-21|14|Warszawa - Modlin,Warszawa - Radom,Warszawa|2+1","filter_13_16_days","egipt","sharm-el-sheikh","2026-06-07","2026-06-21","14","Warszawa - Modlin,Warszawa - Radom,Warszawa","2+1","5","8","8","14638.0","14638.0","14819.5","16185.0","19575.0","0","0","14345.0","14426.33","15529.0","2.04","2.03","4.22","-5","8","48","1.18","0","0","12"
"2026-06-02T20:35:34+0000","egipt|sharm-el-sheikh|2026-06-07|2026-06-21|14|Warszawa - Modlin,Warszawa - Radom,Warszawa|2+1","filter_13_16_days","egipt","sharm-el-sheikh","2026-06-07","2026-06-21","14","Warszawa - Modlin,Warszawa - Radom,Warszawa","2+1","5","8","8","14638.0","14638.0","14819.5","16185.0","19575.0","0","0","14345.0","14426.33","15529.0","2.04","2.03","4.22","-5","8","48","1.18","0","0","12"
"2026-06-02T21:46:19+0000","egipt|sharm-el-sheikh|2026-06-07|2026-06-21|14|Warszawa - Modlin,Warszawa - Radom,Warszawa|2+1","filter_13_16_days","egipt","sharm-el-sheikh","2026-06-07","2026-06-21","14","Warszawa - Modlin,Warszawa - Radom,Warszawa","2+1","5","8","8","14638.0","14638.0","14819.5","16185.0","19575.0","0","0","14345.0","14426.33","15529.0","2.04","2.03","4.22","-5","8","48","1.18","0","0","12"
"2026-06-02T23:31:59+0000","egipt|sharm-el-sheikh|2026-06-07|2026-06-21|14|Warszawa - Modlin,Warszawa - Radom,Warszawa|2+1","filter_13_16_days","egipt","sharm-el-sheikh","2026-06-07","2026-06-21","14","Warszawa - Modlin,Warszawa - Radom,Warszawa","2+1","5","8","8","14638.0","14638.0","14819.5","16185.0","19575.0","0","0","14345.0","14426.33","15529.0","2.04","2.03","4.22","-5","8","48","1.18","0","0","12"
"2026-06-03T02:50:46+0000","egipt|sharm-el-sheikh|2026-06-07|2026-06-21|14|Warszawa - Modlin,Warszawa - Radom,Warszawa|2+1","filter_13_16_days","egipt","sharm-el-sheikh","2026-06-07","2026-06-21","14","Warszawa - Modlin,Warszawa - Radom,Warszawa","2+1","4","9","9","14368.0","14584.0","14638.0","16064.0","19575.0","0","0","14338.0","14418.67","15883.0","2.09","2.08","1.9","-4","8","45","3.6","0","0","0"
"2026-06-03T07:07:32+0000","egipt|sharm-el-sheikh|2026-06-07|2026-06-21|14|Warszawa - Modlin,Warszawa - Radom,Warszawa|2+1","filter_13_16_days","egipt","sharm-el-sheikh","2026-06-07","2026-06-21","14","Warszawa - Modlin,Warszawa - Radom,Warszawa","2+1","4","7","7","14374.0","14536.0","14993.0","15948.0","19584.0","0","0","0.0","0.0","0.0","0.0","0.0","0.0","-6","6","43","4.63","0","0","0"
"2026-06-03T08:11:52+0000","egipt|sharm-el-sheikh|2026-06-07|2026-06-21|14|Warszawa - Modlin,Warszawa - Radom,Warszawa|2+1","filter_13_16_days","egipt","sharm-el-sheikh","2026-06-07","2026-06-21","14","Warszawa - Modlin,Warszawa - Radom,Warszawa","2+1","4","6","6","14374.0","14509.0","14818.5","17235.0","19584.0","0","0","0.0","0.0","0.0","0.0","0.0","0.0","-6","5","42","4.98","0","0","0"
"2026-06-01T05:43:19+0000","egipt|sharm-el-sheikh|2026-06-13|2026-06-27|14|Warszawa - Modlin,Warszawa - Radom,Warszawa|2+1","filter_13_16_days","egipt","sharm-el-sheikh","2026-06-13","2026-06-27","14","Warszawa - Modlin,Warszawa - Radom,Warszawa","2+1","12","5","5","11338.0","11545.6","11857.0","14499.0","16372.0","0","0","0.0","0.0","0.0","0.0","0.0","0.0","0","0","70","-1.7","0","4","0"
"2026-06-01T08:45:54+0000","egipt|sharm-el-sheikh|2026-06-13|2026-06-27|14|Warszawa - Modlin,Warszawa - Radom,Warszawa|2+1","filter_13_16_days","egipt","sharm-el-sheikh","2026-06-13","2026-06-27","14","Warszawa - Modlin,Warszawa - Radom,Warszawa","2+1","12","5","5","11338.0","11545.6","11857.0","14499.0","16372.0","0","0","0.0","0.0","0.0","0.0","0.0","0.0","0","0","70","-1.7","0","4","0"
"2026-06-01T09:18:39+0000","egipt|sharm-el-sheikh|2026-06-13|2026-06-27|14|Warszawa - Modlin,Warszawa - Radom,Warszawa|2+1","filter_13_16_days","egipt","sharm-el-sheikh","2026-06-13","2026-06-27","14","Warszawa - Modlin,Warszawa - Radom,Warszawa","2+1","12","5","5","11338.0","11545.6","11857.0","14499.0","16372.0","0","0","0.0","0.0","0.0","0.0","0.0","0.0","0","0","70","-1.7","0","4","0"
"2026-06-01T11:18:45+0000","egipt|sharm-el-sheikh|2026-06-13|2026-06-27|14|Warszawa - Modlin,Warszawa - Radom,Warszawa|2+1","filter_13_16_days","egipt","sharm-el-sheikh","2026-06-13","2026-06-27","14","Warszawa - Modlin,Warszawa - Radom,Warszawa","2+1","12","6","6","11338.0","11597.5","12517.5","15353.5","16819.0","0","0","0.0","0.0","0.0","0.0","0.0","0.0","0","0","63","2.01","0","4","0"
"2026-06-01T11:46:52+0000","egipt|sharm-el-sheikh|2026-06-13|2026-06-27|14|Warszawa - Modlin,Warszawa - Radom,Warszawa|2+1","filter_13_16_days","egipt","sharm-el-sheikh","2026-06-13","2026-06-27","14","Warszawa - Modlin,Warszawa - Radom,Warszawa","2+1","12","6","6","11338.0","11597.5","12517.5","15353.5","16819.0","0","0","0.0","0.0","0.0","0.0","0.0","0.0","0","0","63","2.01","0","4","0"
"2026-06-01T12:28:51+0000","egipt|sharm-el-sheikh|2026-06-13|2026-06-27|14|Warszawa - Modlin,Warszawa - Radom,Warszawa|2+1","filter_13_16_days","egipt","sharm-el-sheikh","2026-06-13","2026-06-27","14","Warszawa - Modlin,Warszawa - Radom,Warszawa","2+1","12","6","6","11338.0","11597.5","12517.5","15353.5","16819.0","0","0","0.0","0.0","0.0","0.0","0.0","0.0","0","0","63","2.01","0","4","0"
"2026-06-01T14:33:58+0000","egipt|sharm-el-sheikh|2026-06-13|2026-06-27|14|Warszawa - Modlin,Warszawa - Radom,Warszawa|2+1","filter_13_16_days","egipt","sharm-el-sheikh","2026-06-13","2026-06-27","14","Warszawa - Modlin,Warszawa - Radom,Warszawa","2+1","12","6","6","11338.0","11597.5","12517.5","15353.5","16819.0","0","0","0.0","0.0","0.0","0.0","0.0","0.0","0","0","63","2.01","0","4","0"
"2026-06-01T15:05:15+0000","egipt|sharm-el-sheikh|2026-06-13|2026-06-27|14|Warszawa - Modlin,Warszawa - Radom,Warszawa|2+1","filter_13_16_days","egipt","sharm-el-sheikh","2026-06-13","2026-06-27","14","Warszawa - Modlin,Warszawa - Radom,Warszawa","2+1","12","6","6","11338.0","11597.5","12517.5","15353.5","16819.0","0","0","0.0","0.0","0.0","0.0","0.0","0.0","0","0","63","2.01","0","4","0"
"2026-06-01T15:50:45+0000","egipt|sharm-el-sheikh|2026-06-13|2026-06-27|14|Warszawa - Modlin,Warszawa - Radom,Warszawa|2+1","filter_13_16_days","egipt","sharm-el-sheikh","2026-06-13","2026-06-27","14","Warszawa - Modlin,Warszawa - Radom,Warszawa","2+1","12","6","6","11338.0","11597.5","12517.5","15353.5","16819.0","0","0","0.0","0.0","0.0","0.0","0.0","0.0","0","0","63","2.01","0","4","0"
"2026-06-01T16:14:15+0000","egipt|sharm-el-sheikh|2026-06-13|2026-06-27|14|Warszawa - Modlin,Warszawa - Radom,Warszawa|2+1","filter_13_16_days","egipt","sharm-el-sheikh","2026-06-13","2026-06-27","14","Warszawa - Modlin,Warszawa - Radom,Warszawa","2+1","12","6","6","11338.0","11597.5","12517.5","15230.5","16372.0","0","0","0.0","0.0","0.0","0.0","0.0","0.0","0","0","65","-1.0","0","4","0"
"2026-06-01T18:30:18+0000","egipt|sharm-el-sheikh|2026-06-13|2026-06-27|14|Warszawa - Modlin,Warszawa - Radom,Warszawa|2+1","filter_13_16_days","egipt","sharm-el-sheikh","2026-06-13","2026-06-27","14","Warszawa - Modlin,Warszawa - Radom,Warszawa","2+1","12","6","6","11338.0","11597.5","12517.5","15230.5","16372.0","0","0","0.0","0.0","0.0","0.0","0.0","0.0","1","5","65","-1.0","0","4","0"
"2026-06-01T20:13:38+0000","egipt|sharm-el-sheikh|2026-06-13|2026-06-27|14|Warszawa - Modlin,Warszawa - Radom,Warszawa|2+1","filter_13_16_days","egipt","sharm-el-sheikh","2026-06-13","2026-06-27","14","Warszawa - Modlin,Warszawa - Radom,Warszawa","2+1","12","7","7","11338.0","11649.4","13178.0","15962.0","16819.0","0","0","0.0","0.0","0.0","0.0","0.0","0.0","2","5","60","2.08","0","4","0"
"2026-06-01T22:59:26+0000","egipt|sharm-el-sheikh|2026-06-13|2026-06-27|14|Warszawa - Modlin,Warszawa - Radom,Warszawa|2+1","filter_13_16_days","egipt","sharm-el-sheikh","2026-06-13","2026-06-27","14","Warszawa - Modlin,Warszawa - Radom,Warszawa","2+1","12","7","7","11338.0","11649.4","13178.0","15962.0","16819.0","0","0","0.0","0.0","0.0","0.0","0.0","0.0","2","5","60","2.08","0","4","0"
"2026-06-02T00:11:24+0000","egipt|sharm-el-sheikh|2026-06-13|2026-06-27|14|Warszawa - Modlin,Warszawa - Radom,Warszawa|2+1","filter_13_16_days","egipt","sharm-el-sheikh","2026-06-13","2026-06-27","14","Warszawa - Modlin,Warszawa - Radom,Warszawa","2+1","11","7","7","11338.0","11649.4","13178.0","15962.0","16819.0","0","0","0.0","0.0","0.0","0.0","0.0","0.0","2","5","60","2.08","0","4","0"
"2026-06-02T04:49:17+0000","egipt|sharm-el-sheikh|2026-06-13|2026-06-27|14|Warszawa - Modlin,Warszawa - Radom,Warszawa|2+1","filter_13_16_days","egipt","sharm-el-sheikh","2026-06-13","2026-06-27","14","Warszawa - Modlin,Warszawa - Radom,Warszawa","2+1","11","6","6","11338.0","11597.5","12517.5","15230.5","16372.0","0","0","0.0","0.0","0.0","0.0","0.0","0.0","1","5","65","-1.0","0","4","0"
"2026-06-02T05:26:24+0000","egipt|sharm-el-sheikh|2026-06-13|2026-06-27|14|Warszawa - Modlin,Warszawa - Radom,Warszawa|2+1","filter_13_16_days","egipt","sharm-el-sheikh","2026-06-13","2026-06-27","14","Warszawa - Modlin,Warszawa - Radom,Warszawa","2+1","11","6","6","11338.0","11597.5","12517.5","15230.5","16372.0","0","0","0.0","0.0","0.0","0.0","0.0","0.0","1","5","65","-1.0","0","4","0"
"2026-06-02T05:38:30+0000","egipt|sharm-el-sheikh|2026-06-13|2026-06-27|14|Warszawa - Modlin,Warszawa - Radom,Warszawa|2+1","filter_13_16_days","egipt","sharm-el-sheikh","2026-06-13","2026-06-27","14","Warszawa - Modlin,Warszawa - Radom,Warszawa","2+1","11","6","6","11338.0","11597.5","12517.5","15230.5","16372.0","0","0","0.0","0.0","0.0","0.0","0.0","0.0","1","5","65","-1.0","0","4","0"
"2026-06-02T06:50:50+0000","egipt|sharm-el-sheikh|2026-06-13|2026-06-27|14|Warszawa - Modlin,Warszawa - Radom,Warszawa|2+1","filter_13_16_days","egipt","sharm-el-sheikh","2026-06-13","2026-06-27","14","Warszawa - Modlin,Warszawa - Radom,Warszawa","2+1","11","6","6","11338.0","11597.5","12517.5","15230.5","16372.0","0","0","0.0","0.0","0.0","0.0","0.0","0.0","1","5","65","-1.0","0","4","0"
"2026-06-02T07:24:26+0000","egipt|sharm-el-sheikh|2026-06-13|2026-06-27|14|Warszawa - Modlin,Warszawa - Radom,Warszawa|2+1","filter_13_16_days","egipt","sharm-el-sheikh","2026-06-13","2026-06-27","14","Warszawa - Modlin,Warszawa - Radom,Warszawa","2+1","11","6","6","11338.0","11597.5","12517.5","15230.5","16372.0","0","0","0.0","0.0","0.0","0.0","0.0","0.0","1","5","65","-1.0","0","4","0"
"2026-06-02T10:07:34+0000","egipt|sharm-el-sheikh|2026-06-13|2026-06-27|14|Warszawa - Modlin,Warszawa - Radom,Warszawa|2+1","filter_13_16_days","egipt","sharm-el-sheikh","2026-06-13","2026-06-27","14","Warszawa - Modlin,Warszawa - Radom,Warszawa","2+1","11","6","6","11338.0","11597.5","12883.25","15962.0","16372.0","0","0","0.0","0.0","0.0","0.0","0.0","0.0","1","5","60","0.6","0","3","0"
"2026-06-02T14:47:54+0000","egipt|sharm-el-sheikh|2026-06-13|2026-06-27|14|Warszawa - Modlin,Warszawa - Radom,Warszawa|2+1","filter_13_16_days","egipt","sharm-el-sheikh","2026-06-13","2026-06-27","14","Warszawa - Modlin,Warszawa - Radom,Warszawa","2+1","11","6","6","11058.0","11457.5","12883.25","15962.0","16372.0","0","0","0.0","0.0","0.0","0.0","0.0","0.0","0","5","62","0.2","0","4","0"
"2026-06-02T15:35:52+0000","egipt|sharm-el-sheikh|2026-06-13|2026-06-27|14|Warszawa - Modlin,Warszawa - Radom,Warszawa|2+1","filter_13_16_days","egipt","sharm-el-sheikh","2026-06-13","2026-06-27","14","Warszawa - Modlin,Warszawa - Radom,Warszawa","2+1","11","6","6","11058.0","11457.5","12883.25","15962.0","16372.0","0","0","0.0","0.0","0.0","0.0","0.0","0.0","0","5","62","0.2","0","4","0"
"2026-06-02T18:36:42+0000","egipt|sharm-el-sheikh|2026-06-13|2026-06-27|14|Warszawa - Modlin,Warszawa - Radom,Warszawa|2+1","filter_13_16_days","egipt","sharm-el-sheikh","2026-06-13","2026-06-27","14","Warszawa - Modlin,Warszawa - Radom,Warszawa","2+1","11","6","6","11058.0","11457.5","12930.25","16150.5","16396.0","0","0","0.0","0.0","0.0","0.0","0.0","0.0","0","6","58","0.81","0","3","0"
"2026-06-02T20:35:34+0000","egipt|sharm-el-sheikh|2026-06-13|2026-06-27|14|Warszawa - Modlin,Warszawa - Radom,Warszawa|2+1","filter_13_16_days","egipt","sharm-el-sheikh","2026-06-13","2026-06-27","14","Warszawa - Modlin,Warszawa - Radom,Warszawa","2+1","11","6","6","11058.0","11551.5","13071.25","16150.5","16396.0","0","0","0.0","0.0","0.0","0.0","0.0","0.0","-1","6","55","1.07","0","2","0"
"2026-06-02T21:46:19+0000","egipt|sharm-el-sheikh|2026-06-13|2026-06-27|14|Warszawa - Modlin,Warszawa - Radom,Warszawa|2+1","filter_13_16_days","egipt","sharm-el-sheikh","2026-06-13","2026-06-27","14","Warszawa - Modlin,Warszawa - Radom,Warszawa","2+1","11","6","6","11058.0","11551.5","13071.25","16150.5","16396.0","0","0","0.0","0.0","0.0","0.0","0.0","0.0","-1","6","55","1.07","0","2","0"
"2026-06-02T23:31:59+0000","egipt|sharm-el-sheikh|2026-06-13|2026-06-27|14|Warszawa - Modlin,Warszawa - Radom,Warszawa|2+1","filter_13_16_days","egipt","sharm-el-sheikh","2026-06-13","2026-06-27","14","Warszawa - Modlin,Warszawa - Radom,Warszawa","2+1","11","6","6","11058.0","11551.5","13071.25","16150.5","16396.0","0","0","0.0","0.0","0.0","0.0","0.0","0.0","-1","6","55","1.07","0","2","0"
"2026-06-03T02:50:46+0000","egipt|sharm-el-sheikh|2026-06-13|2026-06-27|14|Warszawa - Modlin,Warszawa - Radom,Warszawa|2+1","filter_13_16_days","egipt","sharm-el-sheikh","2026-06-13","2026-06-27","14","Warszawa - Modlin,Warszawa - Radom,Warszawa","2+1","10","5","5","12045.0","13687.0","16150.0","16151.0","16396.0","0","0","0.0","0.0","0.0","0.0","0.0","0.0","-1","5","52","2.35","0","1","0"
"2026-06-03T07:07:32+0000","egipt|sharm-el-sheikh|2026-06-13|2026-06-27|14|Warszawa - Modlin,Warszawa - Radom,Warszawa|2+1","filter_13_16_days","egipt","sharm-el-sheikh","2026-06-13","2026-06-27","14","Warszawa - Modlin,Warszawa - Radom,Warszawa","2+1","10","5","5","12045.0","13687.0","16150.0","16151.0","16597.0","0","0","0.0","0.0","0.0","0.0","0.0","0.0","-1","5","48","2.63","0","0","0"
"2026-06-03T08:11:52+0000","egipt|sharm-el-sheikh|2026-06-13|2026-06-27|14|Warszawa - Modlin,Warszawa - Radom,Warszawa|2+1","filter_13_16_days","egipt","sharm-el-sheikh","2026-06-13","2026-06-27","14","Warszawa - Modlin,Warszawa - Radom,Warszawa","2+1","10","5","5","12045.0","13687.0","16150.0","16151.0","16597.0","0","0","0.0","0.0","0.0","0.0","0.0","0.0","-1","5","48","2.63","0","0","0"
"2026-06-01T05:43:19+0000","egipt|sharm-el-sheikh|2026-06-14|2026-06-28|14|Warszawa - Modlin,Warszawa - Radom,Warszawa|2+1","filter_13_16_days","egipt","sharm-el-sheikh","2026-06-14","2026-06-28","14","Warszawa - Modlin,Warszawa - Radom,Warszawa","2+1","13","2","2","15105.0","15263.2","15500.5","15896.0","16687.0","0","0","0.0","0.0","0.0","0.0","0.0","0.0","0","0","0","0.0","0","0","0"
"2026-06-01T08:45:54+0000","egipt|sharm-el-sheikh|2026-06-14|2026-06-28|14|Warszawa - Modlin,Warszawa - Radom,Warszawa|2+1","filter_13_16_days","egipt","sharm-el-sheikh","2026-06-14","2026-06-28","14","Warszawa - Modlin,Warszawa - Radom,Warszawa","2+1","13","1","1","16687.0","16687.0","16687.0","16687.0","16687.0","0","0","0.0","0.0","0.0","0.0","0.0","0.0","0","0","0","0.0","0","0","0"
"2026-06-01T09:18:39+0000","egipt|sharm-el-sheikh|2026-06-14|2026-06-28|14|Warszawa - Modlin,Warszawa - Radom,Warszawa|2+1","filter_13_16_days","egipt","sharm-el-sheikh","2026-06-14","2026-06-28","14","Warszawa - Modlin,Warszawa - Radom,Warszawa","2+1","13","2","2","15105.0","15263.2","15500.5","15896.0","16687.0","0","0","0.0","0.0","0.0","0.0","0.0","0.0","0","0","0","0.0","0","0","0"
"2026-06-01T11:18:45+0000","egipt|sharm-el-sheikh|2026-06-14|2026-06-28|14|Warszawa - Modlin,Warszawa - Radom,Warszawa|2+1","filter_13_16_days","egipt","sharm-el-sheikh","2026-06-14","2026-06-28","14","Warszawa - Modlin,Warszawa - Radom,Warszawa","2+1","13","2","2","15105.0","15263.2","15500.5","15896.0","16687.0","0","0","0.0","0.0","0.0","0.0","0.0","0.0","0","0","0","0.0","0","0","0"
"2026-06-01T11:46:52+0000","egipt|sharm-el-sheikh|2026-06-14|2026-06-28|14|Warszawa - Modlin,Warszawa - Radom,Warszawa|2+1","filter_13_16_days","egipt","sharm-el-sheikh","2026-06-14","2026-06-28","14","Warszawa - Modlin,Warszawa - Radom,Warszawa","2+1","13","2","2","15105.0","15263.2","15500.5","15896.0","16687.0","0","0","0.0","0.0","0.0","0.0","0.0","0.0","0","0","0","0.0","0","0","0"
"2026-06-01T12:28:51+0000","egipt|sharm-el-sheikh|2026-06-14|2026-06-28|14|Warszawa - Modlin,Warszawa - Radom,Warszawa|2+1","filter_13_16_days","egipt","sharm-el-sheikh","2026-06-14","2026-06-28","14","Warszawa - Modlin,Warszawa - Radom,Warszawa","2+1","13","2","2","15105.0","15263.2","15500.5","15896.0","16687.0","0","0","0.0","0.0","0.0","0.0","0.0","0.0","0","0","0","0.0","0","0","0"
"2026-06-01T14:33:58+0000","egipt|sharm-el-sheikh|2026-06-14|2026-06-28|14|Warszawa - Modlin,Warszawa - Radom,Warszawa|2+1","filter_13_16_days","egipt","sharm-el-sheikh","2026-06-14","2026-06-28","14","Warszawa - Modlin,Warszawa - Radom,Warszawa","2+1","13","2","2","15105.0","15263.2","15500.5","15896.0","16687.0","0","0","0.0","0.0","0.0","0.0","0.0","0.0","0","0","0","0.0","0","0","0"
"2026-06-01T15:05:15+0000","egipt|sharm-el-sheikh|2026-06-14|2026-06-28|14|Warszawa - Modlin,Warszawa - Radom,Warszawa|2+1","filter_13_16_days","egipt","sharm-el-sheikh","2026-06-14","2026-06-28","14","Warszawa - Modlin,Warszawa - Radom,Warszawa","2+1","13","2","2","15105.0","15263.2","15500.5","15896.0","16687.0","0","0","0.0","0.0","0.0","0.0","0.0","0.0","0","0","0","0.0","0","0","0"
"2026-06-01T15:50:45+0000","egipt|sharm-el-sheikh|2026-06-14|2026-06-28|14|Warszawa - Modlin,Warszawa - Radom,Warszawa|2+1","filter_13_16_days","egipt","sharm-el-sheikh","2026-06-14","2026-06-28","14","Warszawa - Modlin,Warszawa - Radom,Warszawa","2+1","13","2","2","15105.0","15263.2","15500.5","15896.0","16687.0","0","0","0.0","0.0","0.0","0.0","0.0","0.0","0","0","0","0.0","0","0","0"
"2026-06-01T16:14:15+0000","egipt|sharm-el-sheikh|2026-06-14|2026-06-28|14|Warszawa - Modlin,Warszawa - Radom,Warszawa|2+1","filter_13_16_days","egipt","sharm-el-sheikh","2026-06-14","2026-06-28","14","Warszawa - Modlin,Warszawa - Radom,Warszawa","2+1","13","2","2","15105.0","15263.2","15500.5","15896.0","16687.0","0","0","0.0","0.0","0.0","0.0","0.0","0.0","0","0","0","0.0","0","0","0"
"2026-06-01T18:30:18+0000","egipt|sharm-el-sheikh|2026-06-14|2026-06-28|14|Warszawa - Modlin,Warszawa - Radom,Warszawa|2+1","filter_13_16_days","egipt","sharm-el-sheikh","2026-06-14","2026-06-28","14","Warszawa - Modlin,Warszawa - Radom,Warszawa","2+1","13","2","2","15105.0","15263.2","15500.5","15896.0","16687.0","0","0","0.0","0.0","0.0","0.0","0.0","0.0","0","2","0","0.0","0","0","0"
"2026-06-01T20:13:38+0000","egipt|sharm-el-sheikh|2026-06-14|2026-06-28|14|Warszawa - Modlin,Warszawa - Radom,Warszawa|2+1","filter_13_16_days","egipt","sharm-el-sheikh","2026-06-14","2026-06-28","14","Warszawa - Modlin,Warszawa - Radom,Warszawa","2+1","13","2","2","15105.0","15263.2","15500.5","15896.0","16687.0","0","0","0.0","0.0","0.0","0.0","0.0","0.0","0","2","0","0.0","0","0","0"
"2026-06-01T22:59:26+0000","egipt|sharm-el-sheikh|2026-06-14|2026-06-28|14|Warszawa - Modlin,Warszawa - Radom,Warszawa|2+1","filter_13_16_days","egipt","sharm-el-sheikh","2026-06-14","2026-06-28","14","Warszawa - Modlin,Warszawa - Radom,Warszawa","2+1","13","2","2","15105.0","15263.2","15500.5","15896.0","16687.0","0","0","0.0","0.0","0.0","0.0","0.0","0.0","0","2","0","0.0","0","0","0"
"2026-06-02T00:11:24+0000","egipt|sharm-el-sheikh|2026-06-14|2026-06-28|14|Warszawa - Modlin,Warszawa - Radom,Warszawa|2+1","filter_13_16_days","egipt","sharm-el-sheikh","2026-06-14","2026-06-28","14","Warszawa - Modlin,Warszawa - Radom,Warszawa","2+1","12","2","2","15105.0","15263.2","15500.5","15896.0","16687.0","0","0","0.0","0.0","0.0","0.0","0.0","0.0","0","2","0","0.0","0","0","0"
"2026-06-02T04:49:17+0000","egipt|sharm-el-sheikh|2026-06-14|2026-06-28|14|Warszawa - Modlin,Warszawa - Radom,Warszawa|2+1","filter_13_16_days","egipt","sharm-el-sheikh","2026-06-14","2026-06-28","14","Warszawa - Modlin,Warszawa - Radom,Warszawa","2+1","12","2","2","15094.0","15252.0","15489.0","15884.0","16674.0","0","0","0.0","0.0","0.0","0.0","0.0","0.0","0","2","0","0.0","0","0","0"
"2026-06-02T05:26:24+0000","egipt|sharm-el-sheikh|2026-06-14|2026-06-28|14|Warszawa - Modlin,Warszawa - Radom,Warszawa|2+1","filter_13_16_days","egipt","sharm-el-sheikh","2026-06-14","2026-06-28","14","Warszawa - Modlin,Warszawa - Radom,Warszawa","2+1","12","2","2","15094.0","15252.0","15489.0","15884.0","16674.0","0","0","0.0","0.0","0.0","0.0","0.0","0.0","0","2","0","0.0","0","0","0"
"2026-06-02T05:38:30+0000","egipt|sharm-el-sheikh|2026-06-14|2026-06-28|14|Warszawa - Modlin,Warszawa - Radom,Warszawa|2+1","filter_13_16_days","egipt","sharm-el-sheikh","2026-06-14","2026-06-28","14","Warszawa - Modlin,Warszawa - Radom,Warszawa","2+1","12","2","2","15094.0","15252.0","15489.0","15884.0","16674.0","0","0","0.0","0.0","0.0","0.0","0.0","0.0","0","2","0","0.0","0","0","0"
"2026-06-02T06:50:50+0000","egipt|sharm-el-sheikh|2026-06-14|2026-06-28|14|Warszawa - Modlin,Warszawa - Radom,Warszawa|2+1","filter_13_16_days","egipt","sharm-el-sheikh","2026-06-14","2026-06-28","14","Warszawa - Modlin,Warszawa - Radom,Warszawa","2+1","12","2","2","15094.0","15252.0","15489.0","15884.0","16674.0","0","0","0.0","0.0","0.0","0.0","0.0","0.0","0","2","0","0.0","0","0","0"
"2026-06-02T07:24:26+0000","egipt|sharm-el-sheikh|2026-06-14|2026-06-28|14|Warszawa - Modlin,Warszawa - Radom,Warszawa|2+1","filter_13_16_days","egipt","sharm-el-sheikh","2026-06-14","2026-06-28","14","Warszawa - Modlin,Warszawa - Radom,Warszawa","2+1","12","3","3","15094.0","15276.0","15549.0","16004.0","16674.0","0","0","0.0","0.0","0.0","0.0","0.0","0.0","2","1","65","-0.28","0","3","0"
"2026-06-02T10:07:34+0000","egipt|sharm-el-sheikh|2026-06-14|2026-06-28|14|Warszawa - Modlin,Warszawa - Radom,Warszawa|2+1","filter_13_16_days","egipt","sharm-el-sheikh","2026-06-14","2026-06-28","14","Warszawa - Modlin,Warszawa - Radom,Warszawa","2+1","12","7","7","11526.0","12660.6","14105.5","15036.0","16372.0","0","0","0.0","0.0","0.0","0.0","0.0","0.0","5","2","66","-3.23","0","6","0"
"2026-06-02T14:47:54+0000","egipt|sharm-el-sheikh|2026-06-14|2026-06-28|14|Warszawa - Modlin,Warszawa - Radom,Warszawa|2+1","filter_13_16_days","egipt","sharm-el-sheikh","2026-06-14","2026-06-28","14","Warszawa - Modlin,Warszawa - Radom,Warszawa","2+1","12","9","9","13718.0","14454.0","14880.0","15486.0","19575.0","0","0","0.0","0.0","0.0","0.0","0.0","0.0","7","2","50","1.12","0","2","0"
"2026-06-02T15:35:52+0000","egipt|sharm-el-sheikh|2026-06-14|2026-06-28|14|Warszawa - Modlin,Warszawa - Radom,Warszawa|2+1","filter_13_16_days","egipt","sharm-el-sheikh","2026-06-14","2026-06-28","14","Warszawa - Modlin,Warszawa - Radom,Warszawa","2+1","12","9","9","13718.0","14454.0","14880.0","15486.0","19575.0","0","0","0.0","0.0","0.0","0.0","0.0","0.0","7","2","50","1.12","0","2","0"
"2026-06-02T18:36:42+0000","egipt|sharm-el-sheikh|2026-06-14|2026-06-28|14|Warszawa - Modlin,Warszawa - Radom,Warszawa|2+1","filter_13_16_days","egipt","sharm-el-sheikh","2026-06-14","2026-06-28","14","Warszawa - Modlin,Warszawa - Radom,Warszawa","2+1","12","8","8","11826.0","13150.4","14750.0","15411.0","16674.0","0","0","0.0","0.0","0.0","0.0","0.0","0.0","6","2","53","-0.9","0","3","0"
"2026-06-02T20:35:34+0000","egipt|sharm-el-sheikh|2026-06-14|2026-06-28|14|Warszawa - Modlin,Warszawa - Radom,Warszawa|2+1","filter_13_16_days","egipt","sharm-el-sheikh","2026-06-14","2026-06-28","14","Warszawa - Modlin,Warszawa - Radom,Warszawa","2+1","12","8","8","11826.0","13150.4","14750.0","15411.0","16674.0","0","0","0.0","0.0","0.0","0.0","0.0","0.0","6","2","53","-0.9","0","3","0"
"2026-06-02T21:46:19+0000","egipt|sharm-el-sheikh|2026-06-14|2026-06-28|14|Warszawa - Modlin,Warszawa - Radom,Warszawa|2+1","filter_13_16_days","egipt","sharm-el-sheikh","2026-06-14","2026-06-28","14","Warszawa - Modlin,Warszawa - Radom,Warszawa","2+1","12","8","8","11826.0","13150.4","14750.0","15411.0","16674.0","0","0","0.0","0.0","0.0","0.0","0.0","0.0","6","2","53","-0.9","0","3","0"
"2026-06-02T23:31:59+0000","egipt|sharm-el-sheikh|2026-06-14|2026-06-28|14|Warszawa - Modlin,Warszawa - Radom,Warszawa|2+1","filter_13_16_days","egipt","sharm-el-sheikh","2026-06-14","2026-06-28","14","Warszawa - Modlin,Warszawa - Radom,Warszawa","2+1","12","8","8","11826.0","13150.4","14750.0","15411.0","16674.0","0","0","0.0","0.0","0.0","0.0","0.0","0.0","6","2","53","-0.9","0","3","0"
"2026-06-03T02:50:46+0000","egipt|sharm-el-sheikh|2026-06-14|2026-06-28|14|Warszawa - Modlin,Warszawa - Radom,Warszawa|2+1","filter_13_16_days","egipt","sharm-el-sheikh","2026-06-14","2026-06-28","14","Warszawa - Modlin,Warszawa - Radom,Warszawa","2+1","11","8","8","11826.0","13150.4","14750.0","15411.0","16674.0","0","0","0.0","0.0","0.0","0.0","0.0","0.0","6","2","53","-0.9","0","3","0"
"2026-06-03T07:07:32+0000","egipt|sharm-el-sheikh|2026-06-14|2026-06-28|14|Warszawa - Modlin,Warszawa - Radom,Warszawa|2+1","filter_13_16_days","egipt","sharm-el-sheikh","2026-06-14","2026-06-28","14","Warszawa - Modlin,Warszawa - Radom,Warszawa","2+1","11","10","10","11828.0","13533.5","14704.5","15296.0","16682.0","0","0","0.0","0.0","0.0","0.0","0.0","0.0","8","2","46","-0.48","0","0","0"
"2026-06-03T08:11:52+0000","egipt|sharm-el-sheikh|2026-06-14|2026-06-28|14|Warszawa - Modlin,Warszawa - Radom,Warszawa|2+1","filter_13_16_days","egipt","sharm-el-sheikh","2026-06-14","2026-06-28","14","Warszawa - Modlin,Warszawa - Radom,Warszawa","2+1","11","10","10","11828.0","13533.5","14704.5","15296.0","19584.0","0","0","0.0","0.0","0.0","0.0","0.0","0.0","7","3","45","1.54","0","0","0"
