"hotel_name","price","dates","duration","rating","ta_rating","ta_review_count","ta_source","departure_airport","scraped_at","url","image_url","offer_url","filter_id","country","region","resort","departure_date","return_date","days","nights","origin_scope","pax_profile","departure_key"
"<<<<<<< Updated upstream","","","","","","","","","","","","","","","","","","","","","","",""
"=======","","","","","","","","","","","","","","","","","","","","","","",""
">>>>>>> Stashed changes","","","","","","","","","","","","","","","","","","","","","","",""
"Cardina Resort by Sunrise","11127.0","25.07.2026 - 09.08.2026","16 dni/14 nocy","4.0","4.0","1272","tripadvisor","Warszawa%20-%20Modlin","2026-07-20T00:06:04.239525+00:00","https://fly.pl/szukaj-wycieczek/?filter[dest]=11:&filter[hotelids]=&filter[cityids]=0&filter[cregids]=&filter[ofrType]=&filter[addObjType]=&filter[whenFrom]=20-07-2026&filter[whenTo]=19-08-2026&filter[duration]=13:16&filter[from]=Warszawa%20-%20Modlin,Warszawa%20-%20Radom,Warszawa&filter[person]=2&filter[child]=1&filter[price]=4000:20000&filter[PriceFrom]=4000&filter[PriceTo]=20000&filter[addCategory]=50&filter[addCatering]=1&filter[addMisc]=0&filter[addTransport]=F&filter[fp]=1&order_by=ofr_price&filter[tourOperator]=0&filter[childAge][1]=20201210","https://fly.pl/cdn/photo/assets/uploads/582/278/2016/11/Aurora-Oriental-Bay-Marsa-Alam.jpg","https://fly.pl/wycieczka/egipt,marsa-alam,c/aurora-oriental-bay-marsa-alam/p_98VfuE4iKHxbPiYghN6NAAogeEs4ibsQ8g5P2y24z-TD4CDv-TuTJihDcUr9GdEWPN8qBEJWUFIw7cz10gZI91ZQAVh3YAJqDUFsbCBpbmNsdXNpdmVyIBwRm1Abk-IEGKnjDLkE4e8TqwQeAZbEgcIBAgBjAQILutheVQ/ofertasv/?filter[tourOperator]=BVPR&filter%5Bperson%5D=2&filter%5BchildAge%5D%5B1%5D=20201210&filter%5Bchild%5D=1","filter_13_16_days","egipt","marsa-alam","c","2026-07-25","2026-08-09","16","14","Warszawa - Modlin","2+1","egipt|marsa-alam|2026-07-25|2026-08-09|14|Warszawa - Modlin|2+1"
"Amarina Queen Resort","11587.0","25.07.2026 - 09.08.2026","16 dni/14 nocy","4.7","4.7","1143","tripadvisor","Warszawa%20-%20Modlin","2026-07-20T00:06:04.239525+00:00","https://fly.pl/szukaj-wycieczek/?filter[dest]=11:&filter[hotelids]=&filter[cityids]=0&filter[cregids]=&filter[ofrType]=&filter[addObjType]=&filter[whenFrom]=20-07-2026&filter[whenTo]=19-08-2026&filter[duration]=13:16&filter[from]=Warszawa%20-%20Modlin,Warszawa%20-%20Radom,Warszawa&filter[person]=2&filter[child]=1&filter[price]=4000:20000&filter[PriceFrom]=4000&filter[PriceTo]=20000&filter[addCategory]=50&filter[addCatering]=1&filter[addMisc]=0&filter[addTransport]=F&filter[fp]=1&order_by=ofr_price&filter[tourOperator]=0&filter[childAge][1]=20201210","https://fly.pl/cdn/photo/assets/uploads/582/278/2024/07/amarina-queen-resort.jpg","https://fly.pl/wycieczka/egipt,marsa-alam,c/amarina-queen-resort-12/p_nMSP03DgLNOVCp9cp3vpAAogcf_f1LgLokorJL8GzySlNFByF9MSu3MwWiJ_ZO3_meEqBFJOQlcw7cz10gZIw1pQQVh3YAJqFzI5NiwzODAsNDc3LDQ4Myw0ODQsNDg1cjeeARUOWAEXAApdQOsGEcYyGb0iEP1FU4B1UgBLsS9hAF_twiQd_80cDzsgxvaQCQ0AAg5jAQIF-Lo-zg/ofertasv/?filter[tourOperator]=RNBW&filter%5Bperson%5D=2&filter%5BchildAge%5D%5B1%5D=20201210&filter%5Bchild%5D=1","filter_13_16_days","egipt","marsa-alam","c","2026-07-25","2026-08-09","16","14","Warszawa - Modlin","2+1","egipt|marsa-alam|2026-07-25|2026-08-09|14|Warszawa - Modlin|2+1"
"Concorde Moreen Beach Resort & Spa","11657.0","25.07.2026 - 08.08.2026","15 dni/14 nocy","4.5","4.5","5558","tripadvisor","Warszawa%20-%20Modlin","2026-07-20T00:06:04.239525+00:00","https://fly.pl/szukaj-wycieczek/?filter[dest]=11:&filter[hotelids]=&filter[cityids]=0&filter[cregids]=&filter[ofrType]=&filter[addObjType]=&filter[whenFrom]=20-07-2026&filter[whenTo]=19-08-2026&filter[duration]=13:16&filter[from]=Warszawa%20-%20Modlin,Warszawa%20-%20Radom,Warszawa&filter[person]=2&filter[child]=1&filter[price]=4000:20000&filter[PriceFrom]=4000&filter[PriceTo]=20000&filter[addCategory]=50&filter[addCatering]=1&filter[addMisc]=0&filter[addTransport]=F&filter[fp]=1&order_by=ofr_price&filter[tourOperator]=0&filter[childAge][1]=20201210","https://fly.pl/cdn/photo/assets/uploads/582/278/2014/07/Concorde-Moreen-Beach-Resort-Spa-fly-pl.jpg","https://fly.pl/wycieczka/egipt,marsa-alam,c/concorde-moreen-beach-spa-resort/pZ7CnSYRN6yj8XisntiVluAAogtGVDRxZAhR0UWiKheZTHo7_wroebgxU58eH0JDngafgqBFZJVFgw7cz10gZIiVtQQVh3YAJyQBoAXAoVBBcAWAFAjwNbl4UBXuZ6UrwUUwBLsS9hAEySrDkN29uYCSAAUdOulPbfAU_Z7jddnPiv-SUCDGMBAgvSKAOS/ofertasv/?filter[tourOperator]=VITX&filter%5Bperson%5D=2&filter%5BchildAge%5D%5B1%5D=20201210&filter%5Bchild%5D=1","filter_13_16_days","egipt","marsa-alam","c","2026-07-25","2026-08-08","15","14","Warszawa - Modlin","2+1","egipt|marsa-alam|2026-07-25|2026-08-08|14|Warszawa - Modlin|2+1"
"Casa Mare Resort (ex. Royal Tulip Beach Resort)","11857.0","25.07.2026 - 08.08.2026","15 dni/14 nocy","4.7","4.7","4661","tripadvisor","Warszawa%20-%20Modlin","2026-07-20T00:06:04.239525+00:00","https://fly.pl/szukaj-wycieczek/?filter[dest]=11:&filter[hotelids]=&filter[cityids]=0&filter[cregids]=&filter[ofrType]=&filter[addObjType]=&filter[whenFrom]=20-07-2026&filter[whenTo]=19-08-2026&filter[duration]=13:16&filter[from]=Warszawa%20-%20Modlin,Warszawa%20-%20Radom,Warszawa&filter[person]=2&filter[child]=1&filter[price]=4000:20000&filter[PriceFrom]=4000&filter[PriceTo]=20000&filter[addCategory]=50&filter[addCatering]=1&filter[addMisc]=0&filter[addTransport]=F&filter[fp]=1&order_by=ofr_price&filter[tourOperator]=0&filter[childAge][1]=20201210","https://fly.pl/cdn/photo/assets/uploads/582/278/2015/12/Casa-Mare-Resort.jpg","https://fly.pl/wycieczka/egipt,marsa-alam,c/royal-tulip-beach-resort/pwbOH5WRikVdUSdwgjaYLiAAoglzoQG-KuXyo4c8nb92rXm7_wroebgxU58eH0JDngafgqBFZJVFgw7cz10gZI0VxQQVh3YAJyQBoAXAoVBBcAWAFAjwNbl4UBXuZ6UrwUUwBLsS9hAEyUrDkN2duYCSAAUbqfxfbfAU_y_QZdnPiv-SUCDmMBAg309EGb/ofertasv/?filter[tourOperator]=VITX&filter%5Bperson%5D=2&filter%5BchildAge%5D%5B1%5D=20201210&filter%5Bchild%5D=1","filter_13_16_days","egipt","marsa-alam","c","2026-07-25","2026-08-08","15","14","Warszawa - Modlin","2+1","egipt|marsa-alam|2026-07-25|2026-08-08|14|Warszawa - Modlin|2+1"
"Royal Brayka Beach Resort (ex Zee Brayka)","12057.0","25.07.2026 - 08.08.2026","15 dni/14 nocy","4.4","4.4","2425","tripadvisor","Warszawa%20-%20Modlin","2026-07-20T00:06:04.239525+00:00","https://fly.pl/szukaj-wycieczek/?filter[dest]=11:&filter[hotelids]=&filter[cityids]=0&filter[cregids]=&filter[ofrType]=&filter[addObjType]=&filter[whenFrom]=20-07-2026&filter[whenTo]=19-08-2026&filter[duration]=13:16&filter[from]=Warszawa%20-%20Modlin,Warszawa%20-%20Radom,Warszawa&filter[person]=2&filter[child]=1&filter[price]=4000:20000&filter[PriceFrom]=4000&filter[PriceTo]=20000&filter[addCategory]=50&filter[addCatering]=1&filter[addMisc]=0&filter[addTransport]=F&filter[fp]=1&order_by=ofr_price&filter[tourOperator]=0&filter[childAge][1]=20201210","https://fly.pl/cdn/photo/assets/uploads/582/278/2014/07/Royal-Brayka-Resort.jpg","https://fly.pl/wycieczka/egipt,marsa-alam,c/royal-brayka-resort/pXYl8zNZSKF672ShNG94ezAAogq1_Vo5sXzRViSHQV_Fvs1b_wroebgxU58eH0JDngafgqBFZJVFgw7cz10gZImV5QQVh3YAJyQBoAXAoVBBcAWAFAjwNbv4MBXr58UrwUUwBLsS9hAEyUrDkN2duYCSAAUZ2Nv_bfAU-PkA1dnPiv-SUCDmMBAg0bYuZN/ofertasv/?filter[tourOperator]=VITX&filter%5Bperson%5D=2&filter%5BchildAge%5D%5B1%5D=20201210&filter%5Bchild%5D=1","filter_13_16_days","egipt","marsa-alam","c","2026-07-25","2026-08-08","15","14","Warszawa - Modlin","2+1","egipt|marsa-alam|2026-07-25|2026-08-08|14|Warszawa - Modlin|2+1"
"Dream Lagoon & Aqua Park Resort (ex. Floriana Dream Lagoon)","12147.0","04.08.2026 - 18.08.2026","15 dni/14 nocy","4.3","4.3","5595","tripadvisor","Warszawa%20-%20Modlin","2026-07-20T00:06:04.239525+00:00","https://fly.pl/szukaj-wycieczek/?filter[dest]=11:&filter[hotelids]=&filter[cityids]=0&filter[cregids]=&filter[ofrType]=&filter[addObjType]=&filter[whenFrom]=20-07-2026&filter[whenTo]=19-08-2026&filter[duration]=13:16&filter[from]=Warszawa%20-%20Modlin,Warszawa%20-%20Radom,Warszawa&filter[person]=2&filter[child]=1&filter[price]=4000:20000&filter[PriceFrom]=4000&filter[PriceTo]=20000&filter[addCategory]=50&filter[addCatering]=1&filter[addMisc]=0&filter[addTransport]=F&filter[fp]=1&order_by=ofr_price&filter[tourOperator]=0&filter[childAge][1]=20201210","https://fly.pl/cdn/photo/assets/uploads/582/278/2015/11/Future-Dream-Lagoon-ex.-Floriana-Dream-Lagoon-fly-pl.jpg","https://fly.pl/wycieczka/egipt,marsa-alam,c/floriana-dream-lagoon/pJUJDzk7f6U2jO7FNj5lqvAAogUfw_t7RWj4qr7rJA3if9Rbf4_bqd5uQQkpGIo2KSdA8qBEVYSU0w7cz10gZI815QAVjnAmACagJBSXIhHBGroQa5BLedPqsEHRugtCwY5_8uAc2j0o4IAgBjAQINUaCp-g/ofertasv/?filter[tourOperator]=EXIM&filter%5Bperson%5D=2&filter%5BchildAge%5D%5B1%5D=20201210&filter%5Bchild%5D=1","filter_13_16_days","egipt","marsa-alam","c","2026-08-04","2026-08-18","15","14","Warszawa - Modlin","2+1","egipt|marsa-alam|2026-08-04|2026-08-18|14|Warszawa - Modlin|2+1"
"Creek Hotel and Residences","12451.0","30.07.2026 - 13.08.2026","15 dni/14 nocy","4.8","4.8","219","tripadvisor","Warszawa%20-%20Modlin","2026-07-20T00:06:04.239525+00:00","https://fly.pl/szukaj-wycieczek/?filter[dest]=11:&filter[hotelids]=&filter[cityids]=0&filter[cregids]=&filter[ofrType]=&filter[addObjType]=&filter[whenFrom]=20-07-2026&filter[whenTo]=19-08-2026&filter[duration]=13:16&filter[from]=Warszawa%20-%20Modlin,Warszawa%20-%20Radom,Warszawa&filter[person]=2&filter[child]=1&filter[price]=4000:20000&filter[PriceFrom]=4000&filter[PriceTo]=20000&filter[addCategory]=50&filter[addCatering]=1&filter[addMisc]=0&filter[addTransport]=F&filter[fp]=1&order_by=ofr_price&filter[tourOperator]=0&filter[childAge][1]=20201210","https://fly.pl/cdn/photo/assets/uploads/582/278/2024/07/creek-hotel-residences.jpg","https://fly.pl/wycieczka/egipt,hurghada,al-dzuna/creek-hotel-residences-9/ptxpy8NF0DgfKz1-lSaU96AAoghT2A5FavS3UOnttpsdm2j62Nj6WJoGvHb3j6wPDpBHsqBEVYSU0w7cz10gZIo2FQAVjvAWACagJBSXIhHBH-9Qa5BJ_FPasEHRvJgEQY-vFCAayyuYsMAgBjAQILaQblng/ofertasv/?filter[tourOperator]=EXIM&filter%5Bperson%5D=2&filter%5BchildAge%5D%5B1%5D=20201210&filter%5Bchild%5D=1","filter_13_16_days","egipt","hurghada","al-dzuna","2026-07-30","2026-08-13","15","14","Warszawa - Modlin","2+1","egipt|hurghada|2026-07-30|2026-08-13|14|Warszawa - Modlin|2+1"
"Gemma Resort (ex. Labranda Gemma Premium Resort)","12886.0","25.07.2026 - 09.08.2026","16 dni/14 nocy","4.5","4.5","5484","tripadvisor","Warszawa%20-%20Modlin","2026-07-20T00:06:04.239525+00:00","https://fly.pl/szukaj-wycieczek/?filter[dest]=11:&filter[hotelids]=&filter[cityids]=0&filter[cregids]=&filter[ofrType]=&filter[addObjType]=&filter[whenFrom]=20-07-2026&filter[whenTo]=19-08-2026&filter[duration]=13:16&filter[from]=Warszawa%20-%20Modlin,Warszawa%20-%20Radom,Warszawa&filter[person]=2&filter[child]=1&filter[price]=4000:20000&filter[PriceFrom]=4000&filter[PriceTo]=20000&filter[addCategory]=50&filter[addCatering]=1&filter[addMisc]=0&filter[addTransport]=F&filter[fp]=1&order_by=ofr_price&filter[tourOperator]=0&filter[childAge][1]=20201210","https://fly.pl/cdn/photo/assets/uploads/582/278/2015/06/Gemma-Resort.jpg","https://fly.pl/wycieczka/egipt,marsa-alam,c/gemma-resort/pKFILRSvMD64b9yz8nJ3KVAAogq8paWRXlgABC_lBOGenYelByF9MSu3MwWiJ_ZO3_meEqBFJOQlcw7cz10gZI1mRQQVh3YAJqBERRMWVqFzI5NiwzODAsNDc3LDQ4Myw0ODQsNDg1cjefAZ4BFQ5YARcACokFQL8CEaEsGeIoEIIbUvufAVMAS7EvYQAd7JBBDzsgxvaQCQ0AAg5jAQIGVuxsrw/ofertasv/?filter[tourOperator]=RNBW&filter%5Bperson%5D=2&filter%5BchildAge%5D%5B1%5D=20201210&filter%5Bchild%5D=1","filter_13_16_days","egipt","marsa-alam","c","2026-07-25","2026-08-09","16","14","Warszawa - Modlin","2+1","egipt|marsa-alam|2026-07-25|2026-08-09|14|Warszawa - Modlin|2+1"
"True Beach Resort","12993.0","28.07.2026 - 11.08.2026","15 dni/14 nocy","4.3","4.3","149","tripadvisor","Warszawa%20-%20Modlin","2026-07-20T00:06:04.239525+00:00","https://fly.pl/szukaj-wycieczek/?filter[dest]=11:&filter[hotelids]=&filter[cityids]=0&filter[cregids]=&filter[ofrType]=&filter[addObjType]=&filter[whenFrom]=20-07-2026&filter[whenTo]=19-08-2026&filter[duration]=13:16&filter[from]=Warszawa%20-%20Modlin,Warszawa%20-%20Radom,Warszawa&filter[person]=2&filter[child]=1&filter[price]=4000:20000&filter[PriceFrom]=4000&filter[PriceTo]=20000&filter[addCategory]=50&filter[addCatering]=1&filter[addMisc]=0&filter[addTransport]=F&filter[fp]=1&order_by=ofr_price&filter[tourOperator]=0&filter[childAge][1]=20201210","https://fly.pl/cdn/photo/assets/uploads/582/278/2014/09/True-Beach-Resort.jpg","https://fly.pl/wycieczka/egipt,marsa-alam,c/laguna-beach-marsa-alam/pWlqE-DTi3ms1pmcYE5Y-NAAogJJU9OfTw6aO_XPL_KvITigAAAAB3pwQAl6cEAA4AAQAqBFdFWlkw7cz10gZIwWVQQVi_AWADaglFbnRlciBBaXJyQ54BHwAcAQIAFgQXCRLmAxX0AxifAxPSARTdBEDrbxHBa0_1KkwAULEvSwAd74cQICAbuehjDaiX3ggBEmMBDGMBAgVnWJyx/ofertasv/?filter[tourOperator]=WEZY&filter%5Bperson%5D=2&filter%5BchildAge%5D%5B1%5D=20201210&filter%5Bchild%5D=1","filter_13_16_days","egipt","marsa-alam","c","2026-07-28","2026-08-11","15","14","Warszawa - Modlin","2+1","egipt|marsa-alam|2026-07-28|2026-08-11|14|Warszawa - Modlin|2+1"
"Novotel Marsa Alam","13867.0","04.08.2026 - 18.08.2026","15 dni/14 nocy","4.5","4.5","3620","tripadvisor","Warszawa%20-%20Modlin","2026-07-20T00:06:04.239525+00:00","https://fly.pl/szukaj-wycieczek/?filter[dest]=11:&filter[hotelids]=&filter[cityids]=0&filter[cregids]=&filter[ofrType]=&filter[addObjType]=&filter[whenFrom]=20-07-2026&filter[whenTo]=19-08-2026&filter[duration]=13:16&filter[from]=Warszawa%20-%20Modlin,Warszawa%20-%20Radom,Warszawa&filter[person]=2&filter[child]=1&filter[price]=4000:20000&filter[PriceFrom]=4000&filter[PriceTo]=20000&filter[addCategory]=50&filter[addCatering]=1&filter[addMisc]=0&filter[addTransport]=F&filter[fp]=1&order_by=ofr_price&filter[tourOperator]=0&filter[childAge][1]=20201210","https://fly.pl/cdn/photo/assets/uploads/582/278/2015/09/Novotel-Marsa-Alam.jpg","https://fly.pl/wycieczka/egipt,marsa-alam,c/novotel-marsa-alam/pmq9fNBv8z4yCO0WYyXZiwAAogmb5ERUu-R345opIYetjx57f4_bqd5uQQkpGIo2KSdA8qBEVYSU0w7cz10gZIq2xQAVjnAmACagJBSXIhHBGvoQa5BLOdPqsEHRvktCwY5v8uAcau0o4IAgBjAQINzbeMFg/ofertasv/?filter[tourOperator]=EXIM&filter%5Bperson%5D=2&filter%5BchildAge%5D%5B1%5D=20201210&filter%5Bchild%5D=1","filter_13_16_days","egipt","marsa-alam","c","2026-08-04","2026-08-18","15","14","Warszawa - Modlin","2+1","egipt|marsa-alam|2026-08-04|2026-08-18|14|Warszawa - Modlin|2+1"
"Sea Star Beau Rivage","13877.0","30.07.2026 - 13.08.2026","15 dni/14 nocy","4.5","4.5","4179","tripadvisor","Warszawa%20-%20Modlin","2026-07-20T00:06:04.239525+00:00","https://fly.pl/szukaj-wycieczek/?filter[dest]=11:&filter[hotelids]=&filter[cityids]=0&filter[cregids]=&filter[ofrType]=&filter[addObjType]=&filter[whenFrom]=20-07-2026&filter[whenTo]=19-08-2026&filter[duration]=13:16&filter[from]=Warszawa%20-%20Modlin,Warszawa%20-%20Radom,Warszawa&filter[person]=2&filter[child]=1&filter[price]=4000:20000&filter[PriceFrom]=4000&filter[PriceTo]=20000&filter[addCategory]=50&filter[addCatering]=1&filter[addMisc]=0&filter[addTransport]=F&filter[fp]=1&order_by=ofr_price&filter[tourOperator]=0&filter[childAge][1]=20201210","https://fly.pl/cdn/photo/assets/uploads/582/278/2014/07/Sea-Star-Beau-Rivage-fly-pl.jpg","https://fly.pl/wycieczka/egipt,hurghada,c/sea-star-beau-rivage/pFr45VNl2MNwwA9fQJDTE8AAog_uDjQuGtoclCbU2gWY5LB_reulq1_TlMmsNcn3wEcp4qBEVDQ1gw7cz10gZItWxQAVjvAWACagJBSXIgHBHEKLkEiokWqwQcGIqJKxuY50EB98uQ5gECEmMBAgvCKETo/ofertasv/?filter[tourOperator]=ECCX&filter%5Bperson%5D=2&filter%5BchildAge%5D%5B1%5D=20201210&filter%5Bchild%5D=1","filter_13_16_days","egipt","hurghada","c","2026-07-30","2026-08-13","15","14","Warszawa - Modlin","2+1","egipt|hurghada|2026-07-30|2026-08-13|14|Warszawa - Modlin|2+1"
"Stella Beach Resort & Spa","13971.0","30.07.2026 - 13.08.2026","15 dni/14 nocy","4.4","4.4","6795","tripadvisor","Warszawa%20-%20Modlin","2026-07-20T00:06:04.239525+00:00","https://fly.pl/szukaj-wycieczek/?filter[dest]=11:&filter[hotelids]=&filter[cityids]=0&filter[cregids]=&filter[ofrType]=&filter[addObjType]=&filter[whenFrom]=20-07-2026&filter[whenTo]=19-08-2026&filter[duration]=13:16&filter[from]=Warszawa%20-%20Modlin,Warszawa%20-%20Radom,Warszawa&filter[person]=2&filter[child]=1&filter[price]=4000:20000&filter[PriceFrom]=4000&filter[PriceTo]=20000&filter[addCategory]=50&filter[addCatering]=1&filter[addMisc]=0&filter[addTransport]=F&filter[fp]=1&order_by=ofr_price&filter[tourOperator]=0&filter[childAge][1]=20201210","https://fly.pl/cdn/photo/assets/uploads/582/278/2014/10/Stella-Di-Mare-Beach-Resort-Spa.jpg","https://fly.pl/wycieczka/egipt,hurghada,makadi-bay/stella-makadi-resort/pLYdDBmiOhbkBo_FCh6Z8eAAogeXNWQOjJQBdQThmPQyPJ0K2Nj6WJoGvHb3j6wPDpBHsqBEVYSU0w7cz10gZIk21QAVjvAWACagJBSXIhHBGx9Qa5BOzFPasEHRvF2kgYwuFGAcvgzOwMAgBjAQINjIl8eQ/ofertasv/?filter[tourOperator]=EXIM&filter%5Bperson%5D=2&filter%5BchildAge%5D%5B1%5D=20201210&filter%5Bchild%5D=1","filter_13_16_days","egipt","hurghada","makadi-bay","2026-07-30","2026-08-13","15","14","Warszawa - Modlin","2+1","egipt|hurghada|2026-07-30|2026-08-13|14|Warszawa - Modlin|2+1"
"Marriott Hurghada Beach Resort","13971.0","30.07.2026 - 13.08.2026","15 dni/14 nocy","4.6","4.6","4768","tripadvisor","Warszawa%20-%20Modlin","2026-07-20T00:06:04.239525+00:00","https://fly.pl/szukaj-wycieczek/?filter[dest]=11:&filter[hotelids]=&filter[cityids]=0&filter[cregids]=&filter[ofrType]=&filter[addObjType]=&filter[whenFrom]=20-07-2026&filter[whenTo]=19-08-2026&filter[duration]=13:16&filter[from]=Warszawa%20-%20Modlin,Warszawa%20-%20Radom,Warszawa&filter[person]=2&filter[child]=1&filter[price]=4000:20000&filter[PriceFrom]=4000&filter[PriceTo]=20000&filter[addCategory]=50&filter[addCatering]=1&filter[addMisc]=0&filter[addTransport]=F&filter[fp]=1&order_by=ofr_price&filter[tourOperator]=0&filter[childAge][1]=20201210","https://fly.pl/cdn/photo/assets/uploads/582/278/2014/09/Marriott-Hurghada-Beach-Resort.jpg","https://fly.pl/wycieczka/egipt,hurghada,c/marriott-hurghada-beach-resort/pUIq8UBibFQj4nuY31vCnpAAogWeSIrw5wa9QjC_upj319nq2Nj6WJoGvHb3j6wPDpBHsqBEVYSU0w7cz10gZIk21QAVjvAWACagJBSXIhHBGZyga5BITxPasEHRvFrjwY7PQ9AcX-3O4KAgBjAQIL9LmbaA/ofertasv/?filter[tourOperator]=EXIM&filter%5Bperson%5D=2&filter%5BchildAge%5D%5B1%5D=20201210&filter%5Bchild%5D=1","filter_13_16_days","egipt","hurghada","c","2026-07-30","2026-08-13","15","14","Warszawa - Modlin","2+1","egipt|hurghada|2026-07-30|2026-08-13|14|Warszawa - Modlin|2+1"
"Time Marina","14010.0","24.07.2026 - 07.08.2026","15 dni/14 nocy","","","","","Warszawa%20-%20Modlin","2026-07-20T00:06:04.239525+00:00","https://fly.pl/szukaj-wycieczek/?filter[dest]=11:&filter[hotelids]=&filter[cityids]=0&filter[cregids]=&filter[ofrType]=&filter[addObjType]=&filter[whenFrom]=20-07-2026&filter[whenTo]=19-08-2026&filter[duration]=13:16&filter[from]=Warszawa%20-%20Modlin,Warszawa%20-%20Radom,Warszawa&filter[person]=2&filter[child]=1&filter[price]=4000:20000&filter[PriceFrom]=4000&filter[PriceTo]=20000&filter[addCategory]=50&filter[addCatering]=1&filter[addMisc]=0&filter[addTransport]=F&filter[fp]=1&order_by=ofr_price&filter[tourOperator]=0&filter[childAge][1]=20201210","https://fly.pl/cdn/photo/assets/uploads/582/278/2026/02/Time-Marina.jpg","https://fly.pl/wycieczka/egipt,dolny-egipt,al-alamajn/time-marina-11/pLkQ4hRRgARIUKpS1MZmY1AAog1fbucOX8pGEYOkxgF_2OtAAAAAAYmAQAMZgEAA4AAQAqBFdFWlkw7cz10gZIum1QQVhfYANqCUVudGVyIEFpcmoEMDY0MHJDngGTAR8AAgEWABwAFw0S5gMUigUVNxjAAkCsdU_GBUwAS6HAAVAAEc6zAh3CtQ0gGRvponQN2vvNCAESYwEMYwECBXGnfv0/ofertasv/?filter[tourOperator]=WEZY&filter%5Bperson%5D=2&filter%5BchildAge%5D%5B1%5D=20201210&filter%5Bchild%5D=1","filter_13_16_days","egipt","dolny-egipt","al-alamajn","2026-07-24","2026-08-07","15","14","Warszawa - Modlin","2+1","egipt|dolny-egipt|2026-07-24|2026-08-07|14|Warszawa - Modlin|2+1"
"Sataya Resort (ex. Labranda Sataya Marsa Alam)","14057.0","25.07.2026 - 08.08.2026","15 dni/14 nocy","4.7","4.7","4085","tripadvisor","Warszawa%20-%20Modlin","2026-07-20T00:06:04.239525+00:00","https://fly.pl/szukaj-wycieczek/?filter[dest]=11:&filter[hotelids]=&filter[cityids]=0&filter[cregids]=&filter[ofrType]=&filter[addObjType]=&filter[whenFrom]=20-07-2026&filter[whenTo]=19-08-2026&filter[duration]=13:16&filter[from]=Warszawa%20-%20Modlin,Warszawa%20-%20Radom,Warszawa&filter[person]=2&filter[child]=1&filter[price]=4000:20000&filter[PriceFrom]=4000&filter[PriceTo]=20000&filter[addCategory]=50&filter[addCatering]=1&filter[addMisc]=0&filter[addTransport]=F&filter[fp]=1&order_by=ofr_price&filter[tourOperator]=0&filter[childAge][1]=20201210","https://fly.pl/cdn/photo/assets/uploads/582/278/2019/09/Sataya-Resort-Marsa-Alam.jpg","https://fly.pl/wycieczka/egipt,marsa-alam,c/labranda-sataya-marsa-alam-9/pEsDgng0BO8G95SM42I4WnAAogpyWD8SKSDjEn7X3S0jmmKb_wroebgxU58eH0JDngafgqBFZJVFgw7cz10gZI6W1QQVh3YAJyQBoAXAoVBBcAWAFAjwNbl4UBXuZ6UrwUUwBLsS9hAEyUrDkN2duYCSAAUcnqwPbfAU_jsgtdnPiv-SUCDWMBAgxW7M-Q/ofertasv/?filter[tourOperator]=VITX&filter%5Bperson%5D=2&filter%5BchildAge%5D%5B1%5D=20201210&filter%5Bchild%5D=1","filter_13_16_days","egipt","marsa-alam","c","2026-07-25","2026-08-08","15","14","Warszawa - Modlin","2+1","egipt|marsa-alam|2026-07-25|2026-08-08|14|Warszawa - Modlin|2+1"
"AMC Royal Hotel & Spa (ex. AMC Azur Resort)","14158.0","23.07.2026 - 06.08.2026","15 dni/14 nocy","4.4","4.4","3032","tripadvisor","Warszawa%20-%20Modlin","2026-07-20T00:06:04.239525+00:00","https://fly.pl/szukaj-wycieczek/?filter[dest]=11:&filter[hotelids]=&filter[cityids]=0&filter[cregids]=&filter[ofrType]=&filter[addObjType]=&filter[whenFrom]=20-07-2026&filter[whenTo]=19-08-2026&filter[duration]=13:16&filter[from]=Warszawa%20-%20Modlin,Warszawa%20-%20Radom,Warszawa&filter[person]=2&filter[child]=1&filter[price]=4000:20000&filter[PriceFrom]=4000&filter[PriceTo]=20000&filter[addCategory]=50&filter[addCatering]=1&filter[addMisc]=0&filter[addTransport]=F&filter[fp]=1&order_by=ofr_price&filter[tourOperator]=0&filter[childAge][1]=20201210","https://fly.pl/cdn/photo/assets/uploads/582/278/2014/07/AMC-Royal-Resort.jpg","https://fly.pl/wycieczka/egipt,hurghada,c/amc-royal-ex-amc-azur-resort/pCkZy644ewAYwZqvMvFXfcAAogpO_5qA_VnmKglGgHiPK14soMZW5NJTG4pDTfJ2O-7OYqBFJOQlcw7cz10gZIzm5QQVhHYAJqBEJ3Y2RqFzI5NiwzODAsNDc3LDQ4Myw0ODQsNDg1cjefAZ4BFQ4XAFgBCtABQPgFEbMCGbpSEMEGUudQUwBLnJMBYQAd0PI_Dzsg4JSSCQ0AAgxjAQIFsuiK_Q/ofertasv/?filter[tourOperator]=RNBW&filter%5Bperson%5D=2&filter%5BchildAge%5D%5B1%5D=20201210&filter%5Bchild%5D=1","filter_13_16_days","egipt","hurghada","c","2026-07-23","2026-08-06","15","14","Warszawa - Modlin","2+1","egipt|hurghada|2026-07-23|2026-08-06|14|Warszawa - Modlin|2+1"
"Serenity Sky Arc","14191.0","30.07.2026 - 13.08.2026","15 dni/14 nocy","","","","","Warszawa%20-%20Modlin","2026-07-20T00:06:04.239525+00:00","https://fly.pl/szukaj-wycieczek/?filter[dest]=11:&filter[hotelids]=&filter[cityids]=0&filter[cregids]=&filter[ofrType]=&filter[addObjType]=&filter[whenFrom]=20-07-2026&filter[whenTo]=19-08-2026&filter[duration]=13:16&filter[from]=Warszawa%20-%20Modlin,Warszawa%20-%20Radom,Warszawa&filter[person]=2&filter[child]=1&filter[price]=4000:20000&filter[PriceFrom]=4000&filter[PriceTo]=20000&filter[addCategory]=50&filter[addCatering]=1&filter[addMisc]=0&filter[addTransport]=F&filter[fp]=1&order_by=ofr_price&filter[tourOperator]=0&filter[childAge][1]=20201210","https://datacfstatic.merlinx.pl/EXIM/IMG/105925/cf3c14898a23b0b49569de311369928ab20dff35cd198358119db51d531b20bd.webp","https://fly.pl/wycieczka/egipt,hurghada,sahl-hasheesh/serenity-sky-arc-10/pgD__NTYsyQNc-UM-4TGmbAAogoRQq1I1Q1j0U2cxUXIUBBK2Nj6WJoGvHb3j6wPDpBHsqBEVYSU0w7cz10gZI725QAVjvAWACagJBSXIhHBHFuwa5BNj_PasEHRu44i8YkNo2AYH-tIsJAgBjAQIG4JTF5Q/ofertasv/?filter[tourOperator]=EXIM&filter%5Bperson%5D=2&filter%5BchildAge%5D%5B1%5D=20201210&filter%5Bchild%5D=1","filter_13_16_days","egipt","hurghada","sahl-hasheesh","2026-07-30","2026-08-13","15","14","Warszawa - Modlin","2+1","egipt|hurghada|2026-07-30|2026-08-13|14|Warszawa - Modlin|2+1"
"Reef Oasis Suakin Resort","14257.0","25.07.2026 - 08.08.2026","15 dni/14 nocy","4.8","4.8","1354","tripadvisor","Warszawa%20-%20Modlin","2026-07-20T00:06:04.239525+00:00","https://fly.pl/szukaj-wycieczek/?filter[dest]=11:&filter[hotelids]=&filter[cityids]=0&filter[cregids]=&filter[ofrType]=&filter[addObjType]=&filter[whenFrom]=20-07-2026&filter[whenTo]=19-08-2026&filter[duration]=13:16&filter[from]=Warszawa%20-%20Modlin,Warszawa%20-%20Radom,Warszawa&filter[person]=2&filter[child]=1&filter[price]=4000:20000&filter[PriceFrom]=4000&filter[PriceTo]=20000&filter[addCategory]=50&filter[addCatering]=1&filter[addMisc]=0&filter[addTransport]=F&filter[fp]=1&order_by=ofr_price&filter[tourOperator]=0&filter[childAge][1]=20201210","https://fly.pl/cdn/photo/assets/uploads/582/278/2024/07/reef-oasis-suakin-resort.jpg","https://fly.pl/wycieczka/egipt,marsa-alam,c/reef-oasis-suakin-resort-11/pa52glyqFy5qyWmtFJXub4AAoghxL1mSqefd_4gpoTDlW8EL_wroebgxU58eH0JDngafgqBFZJVFgw7cz10gZIsW9QQVh3YAJyQBoAXAoVBBcAWAFAjwNbp4YBXtZ5UrwUUwBLsS9hAEzUmDwNme-VCSAAUbKivvbfAU_6-g1dnPiv-SUCDGMBAgtP6QYk/ofertasv/?filter[tourOperator]=VITX&filter%5Bperson%5D=2&filter%5BchildAge%5D%5B1%5D=20201210&filter%5Bchild%5D=1","filter_13_16_days","egipt","marsa-alam","c","2026-07-25","2026-08-08","15","14","Warszawa - Modlin","2+1","egipt|marsa-alam|2026-07-25|2026-08-08|14|Warszawa - Modlin|2+1"
"Ancient Sands Golf Resort","14331.0","30.07.2026 - 13.08.2026","15 dni/14 nocy","4.8","4.8","3352","tripadvisor","Warszawa%20-%20Modlin","2026-07-20T00:06:04.239525+00:00","https://fly.pl/szukaj-wycieczek/?filter[dest]=11:&filter[hotelids]=&filter[cityids]=0&filter[cregids]=&filter[ofrType]=&filter[addObjType]=&filter[whenFrom]=20-07-2026&filter[whenTo]=19-08-2026&filter[duration]=13:16&filter[from]=Warszawa%20-%20Modlin,Warszawa%20-%20Radom,Warszawa&filter[person]=2&filter[child]=1&filter[price]=4000:20000&filter[PriceFrom]=4000&filter[PriceTo]=20000&filter[addCategory]=50&filter[addCatering]=1&filter[addMisc]=0&filter[addTransport]=F&filter[fp]=1&order_by=ofr_price&filter[tourOperator]=0&filter[childAge][1]=20201210","https://fly.pl/cdn/photo/assets/uploads/582/278/2019/05/Ancient-Sands-Golf-Resort.jpg","https://fly.pl/wycieczka/egipt,hurghada,al-dzuna/ancient-sands-el-gouna/plijA4mxoBzgh0FUKjzlbOAAogvfSkp2aZIKTeby0lPXmKF62Nj6WJoGvHb3j6wPDpBHsqBEVYSU0w7cz10gZI-29QAVjvAWACagJBSXIhHBHXoAa5BMaaPqsEHRvk8iwY9I4vAZrZm5MIAgBjAQIM5Mh7Tg/ofertasv/?filter[tourOperator]=EXIM&filter%5Bperson%5D=2&filter%5BchildAge%5D%5B1%5D=20201210&filter%5Bchild%5D=1","filter_13_16_days","egipt","hurghada","al-dzuna","2026-07-30","2026-08-13","15","14","Warszawa - Modlin","2+1","egipt|hurghada|2026-07-30|2026-08-13|14|Warszawa - Modlin|2+1"
"Sirena Beach Resort & Spa","14697.0","25.07.2026 - 09.08.2026","16 dni/14 nocy","4.7","4.7","466","tripadvisor","Warszawa%20-%20Modlin","2026-07-20T00:06:04.239525+00:00","https://fly.pl/szukaj-wycieczek/?filter[dest]=11:&filter[hotelids]=&filter[cityids]=0&filter[cregids]=&filter[ofrType]=&filter[addObjType]=&filter[whenFrom]=20-07-2026&filter[whenTo]=19-08-2026&filter[duration]=13:16&filter[from]=Warszawa%20-%20Modlin,Warszawa%20-%20Radom,Warszawa&filter[person]=2&filter[child]=1&filter[price]=4000:20000&filter[PriceFrom]=4000&filter[PriceTo]=20000&filter[addCategory]=50&filter[addCatering]=1&filter[addMisc]=0&filter[addTransport]=F&filter[fp]=1&order_by=ofr_price&filter[tourOperator]=0&filter[childAge][1]=20201210","https://datacfstatic.merlinx.pl/RNBW/IMG/7597/dee046577012505a3be1b3c7021364ee7f6371e0edc553af16ba035a6ae6f302.webp","https://fly.pl/wycieczka/egipt,marsa-alam,al-kusajr/movenpick-sirena-beach-13/piWqaXMjMA_24vb8_rRtBvAAogMZ6Xc1KhSNcxpgmdUHUik1ByF9MSu3MwWiJ_ZO3_meEqBFJOQlcw7cz10gZI6XJQQVh3YAJqBENBZ2RqFzI5NiwzODAsNDc3LDQ4Myw0ODQsNDg1cjafAZ4BFQ5YARcACtMBQPUFEdYzGa0hELJJUstxUwBLsS9hAB3skEEPOyDG9pAJDQACDWMBAgUnrkLF/ofertasv/?filter[tourOperator]=RNBW&filter%5Bperson%5D=2&filter%5BchildAge%5D%5B1%5D=20201210&filter%5Bchild%5D=1","filter_13_16_days","egipt","marsa-alam","al-kusajr","2026-07-25","2026-08-09","16","14","Warszawa - Modlin","2+1","egipt|marsa-alam|2026-07-25|2026-08-09|14|Warszawa - Modlin|2+1"
"Pharaoh Azur Resort (ex Sonesta Pharaoh Beach Resort)","14957.0","23.07.2026 - 06.08.2026","15 dni/14 nocy","4.5","4.5","2714","tripadvisor","Warszawa%20-%20Modlin","2026-07-20T00:06:04.239525+00:00","https://fly.pl/szukaj-wycieczek/?filter[dest]=11:&filter[hotelids]=&filter[cityids]=0&filter[cregids]=&filter[ofrType]=&filter[addObjType]=&filter[whenFrom]=20-07-2026&filter[whenTo]=19-08-2026&filter[duration]=13:16&filter[from]=Warszawa%20-%20Modlin,Warszawa%20-%20Radom,Warszawa&filter[person]=2&filter[child]=1&filter[price]=4000:20000&filter[PriceFrom]=4000&filter[PriceTo]=20000&filter[addCategory]=50&filter[addCatering]=1&filter[addMisc]=0&filter[addTransport]=F&filter[fp]=1&order_by=ofr_price&filter[tourOperator]=0&filter[childAge][1]=20201210","https://fly.pl/cdn/photo/assets/uploads/582/278/2014/07/Pharaoh-Azur-Resort.jpg","https://fly.pl/wycieczka/egipt,hurghada,c/sonesta-pharaoh/pf4DTzVjIzKvwYfsL7Bqx6AAog9RP0e0XFkB_7s1sf3gCsKsSDj-_QNGc8Ycxnae6cK1UqBEJWUFIw7cz10gZI7XRQAVhHYAJqDUFsbCBpbmNsdXNpdmVyIBwRri0b7cMEGOeuDLkE_ukUqwRQAYOAmrEBAgBjAQINY1wUBg/ofertasv/?filter[tourOperator]=BVPR&filter%5Bperson%5D=2&filter%5BchildAge%5D%5B1%5D=20201210&filter%5Bchild%5D=1","filter_13_16_days","egipt","hurghada","c","2026-07-23","2026-08-06","15","14","Warszawa - Modlin","2+1","egipt|hurghada|2026-07-23|2026-08-06|14|Warszawa - Modlin|2+1"
"Amarina Jannah Resort Aquapark","15067.0","04.08.2026 - 18.08.2026","15 dni/14 nocy","4.7","4.7","622","tripadvisor","Warszawa%20-%20Modlin","2026-07-20T00:06:04.239525+00:00","https://fly.pl/szukaj-wycieczek/?filter[dest]=11:&filter[hotelids]=&filter[cityids]=0&filter[cregids]=&filter[ofrType]=&filter[addObjType]=&filter[whenFrom]=20-07-2026&filter[whenTo]=19-08-2026&filter[duration]=13:16&filter[from]=Warszawa%20-%20Modlin,Warszawa%20-%20Radom,Warszawa&filter[person]=2&filter[child]=1&filter[price]=4000:20000&filter[PriceFrom]=4000&filter[PriceTo]=20000&filter[addCategory]=50&filter[addCatering]=1&filter[addMisc]=0&filter[addTransport]=F&filter[fp]=1&order_by=ofr_price&filter[tourOperator]=0&filter[childAge][1]=20201210","https://fly.pl/cdn/photo/assets/uploads/582/278/2023/04/Amarina-Jannah-Resort-Aquapark.jpg","https://fly.pl/wycieczka/egipt,marsa-alam,port-ghalib/amarina-jannah-resort-aquapark-15/pL29TlQ6dHWkF5JFF465kOAAogUwpSvIV4MYQP1-8vBcIrL7f4_bqd5uQQkpGIo2KSdA8qBEVYSU0w7cz10gZI23VQAVjnAmACagJBSXIhHBHjsga5BP-LPqsEHRve1y0Y3vkzAaWR09QIAgBjAQIOpJ_DPQ/ofertasv/?filter[tourOperator]=EXIM&filter%5Bperson%5D=2&filter%5BchildAge%5D%5B1%5D=20201210&filter%5Bchild%5D=1","filter_13_16_days","egipt","marsa-alam","port-ghalib","2026-08-04","2026-08-18","15","14","Warszawa - Modlin","2+1","egipt|marsa-alam|2026-08-04|2026-08-18|14|Warszawa - Modlin|2+1"
"Movenpick Resort & Spa El Gouna","15111.0","30.07.2026 - 13.08.2026","15 dni/14 nocy","4.5","4.5","6082","tripadvisor","Warszawa%20-%20Modlin","2026-07-20T00:06:04.239525+00:00","https://fly.pl/szukaj-wycieczek/?filter[dest]=11:&filter[hotelids]=&filter[cityids]=0&filter[cregids]=&filter[ofrType]=&filter[addObjType]=&filter[whenFrom]=20-07-2026&filter[whenTo]=19-08-2026&filter[duration]=13:16&filter[from]=Warszawa%20-%20Modlin,Warszawa%20-%20Radom,Warszawa&filter[person]=2&filter[child]=1&filter[price]=4000:20000&filter[PriceFrom]=4000&filter[PriceTo]=20000&filter[addCategory]=50&filter[addCatering]=1&filter[addMisc]=0&filter[addTransport]=F&filter[fp]=1&order_by=ofr_price&filter[tourOperator]=0&filter[childAge][1]=20201210","https://fly.pl/cdn/photo/assets/uploads/582/278/2014/07/Movenpick-Resort-Spa-El-Gouna-fly-pl.jpg","https://fly.pl/wycieczka/egipt,hurghada,el-gouna/moevenpick-resort-spa-el-gouna/pIsfCPvNOSuePWkCzGheaSAAogHE8MzBySW-A5naNqf3ZMHq2Nj6WJoGvHb3j6wPDpBHsqBEVYSU0w7cz10gZIh3ZQAVjvAWACagJBSXIhHBGnwga5BPb4PasEHRvipjkYkMU6AZq65YsKAgBjAQILQkJ8gQ/ofertasv/?filter[tourOperator]=EXIM&filter%5Bperson%5D=2&filter%5BchildAge%5D%5B1%5D=20201210&filter%5Bchild%5D=1","filter_13_16_days","egipt","hurghada","el-gouna","2026-07-30","2026-08-13","15","14","Warszawa - Modlin","2+1","egipt|hurghada|2026-07-30|2026-08-13|14|Warszawa - Modlin|2+1"
"Cooee Prima Life Makadi Bay","15111.0","30.07.2026 - 13.08.2026","15 dni/14 nocy","4.6","4.6","3247","tripadvisor","Warszawa%20-%20Modlin","2026-07-20T00:06:04.239525+00:00","https://fly.pl/szukaj-wycieczek/?filter[dest]=11:&filter[hotelids]=&filter[cityids]=0&filter[cregids]=&filter[ofrType]=&filter[addObjType]=&filter[whenFrom]=20-07-2026&filter[whenTo]=19-08-2026&filter[duration]=13:16&filter[from]=Warszawa%20-%20Modlin,Warszawa%20-%20Radom,Warszawa&filter[person]=2&filter[child]=1&filter[price]=4000:20000&filter[PriceFrom]=4000&filter[PriceTo]=20000&filter[addCategory]=50&filter[addCatering]=1&filter[addMisc]=0&filter[addTransport]=F&filter[fp]=1&order_by=ofr_price&filter[tourOperator]=0&filter[childAge][1]=20201210","https://fly.pl/cdn/photo/assets/uploads/582/278/2014/12/Prima-Life-Makadi-Resort.jpg","https://fly.pl/wycieczka/egipt,hurghada,c/prima-life-makadi-bay/pZdqVF8PN7tNhHdNXhT2DlAAogu-QFWhSLdl-6QPOnQtd6ua2Nj6WJoGvHb3j6wPDpBHsqBEVYSU0w7cz10gZIh3ZQAVjvAWACagJBSXIhHBHGuAa5BNeCPqsEHRvEii8Y_pc3AYG-8IkJAgBjAQIFN5rQIA/ofertasv/?filter[tourOperator]=EXIM&filter%5Bperson%5D=2&filter%5BchildAge%5D%5B1%5D=20201210&filter%5Bchild%5D=1","filter_13_16_days","egipt","hurghada","c","2026-07-30","2026-08-13","15","14","Warszawa - Modlin","2+1","egipt|hurghada|2026-07-30|2026-08-13|14|Warszawa - Modlin|2+1"
"Hilton Marsa Alam Nubian Resort","15278.0","28.07.2026 - 11.08.2026","15 dni/14 nocy","4.7","4.7","10088","tripadvisor","Warszawa%20-%20Modlin","2026-07-20T00:06:04.239525+00:00","https://fly.pl/szukaj-wycieczek/?filter[dest]=11:&filter[hotelids]=&filter[cityids]=0&filter[cregids]=&filter[ofrType]=&filter[addObjType]=&filter[whenFrom]=20-07-2026&filter[whenTo]=19-08-2026&filter[duration]=13:16&filter[from]=Warszawa%20-%20Modlin,Warszawa%20-%20Radom,Warszawa&filter[person]=2&filter[child]=1&filter[price]=4000:20000&filter[PriceFrom]=4000&filter[PriceTo]=20000&filter[addCategory]=50&filter[addCatering]=1&filter[addMisc]=0&filter[addTransport]=F&filter[fp]=1&order_by=ofr_price&filter[tourOperator]=0&filter[childAge][1]=20201210","https://fly.pl/cdn/photo/assets/uploads/582/278/2014/08/Tropitel-Dahab-Oasis.jpg","https://fly.pl/wycieczka/egipt,marsa-alam,c/hilton-marsa-alam-nubian-resort/pDoKG3oSXs7Bcpmn6rYb1aAAogZnbdAme5uXUAjUDn3yKxcwAAAAB3pwQAl6cEAA4AAQAqBFdFWlkw7cz10gZIrndQQVi_AWADaglFbnRlciBBaXJyQ54BHwAcAQIAFgQXCRLmAxX0AxifAxPSARTdBBG2H0C1UE-2lgFMAFCxL0sAG5wxHdPWDyAgDeH_wQkBEmMBDmMBAgUVK0MM/ofertasv/?filter[tourOperator]=WEZY&filter%5Bperson%5D=2&filter%5BchildAge%5D%5B1%5D=20201210&filter%5Bchild%5D=1","filter_13_16_days","egipt","marsa-alam","c","2026-07-28","2026-08-11","15","14","Warszawa - Modlin","2+1","egipt|marsa-alam|2026-07-28|2026-08-11|14|Warszawa - Modlin|2+1"
"Fantazia Resort","15324.0","25.07.2026 - 09.08.2026","16 dni/14 nocy","4.4","4.4","5911","tripadvisor","Warszawa%20-%20Modlin","2026-07-20T00:06:04.239525+00:00","https://fly.pl/szukaj-wycieczek/?filter[dest]=11:&filter[hotelids]=&filter[cityids]=0&filter[cregids]=&filter[ofrType]=&filter[addObjType]=&filter[whenFrom]=20-07-2026&filter[whenTo]=19-08-2026&filter[duration]=13:16&filter[from]=Warszawa%20-%20Modlin,Warszawa%20-%20Radom,Warszawa&filter[person]=2&filter[child]=1&filter[price]=4000:20000&filter[PriceFrom]=4000&filter[PriceTo]=20000&filter[addCategory]=50&filter[addCatering]=1&filter[addMisc]=0&filter[addTransport]=F&filter[fp]=1&order_by=ofr_price&filter[tourOperator]=0&filter[childAge][1]=20201210","https://fly.pl/cdn/photo/assets/uploads/582/278/2016/11/Fantazia-Resort.jpg","https://fly.pl/wycieczka/egipt,marsa-alam,c/fantazia-resort/pColZ3D_Lo2yfV-PFOWQCWAAogebbWRXDa3HgFt04PzUpDa1ByF9MSu3MwWiJ_ZO3_meEqBFJOQlcw7cz10gZI3HdQQVh3YAJqFzI5NiwzODAsNDc3LDQ4Myw0ODQsNDg1cjeeARUOWAEXAApdQOsGEZUDGe5RELdoU8ZSUgBLsS9hAF_twiQd_80cDzsgxvaQCQ0AAg5jAQIFH3EYnA/ofertasv/?filter[tourOperator]=RNBW&filter%5Bperson%5D=2&filter%5BchildAge%5D%5B1%5D=20201210&filter%5Bchild%5D=1","filter_13_16_days","egipt","marsa-alam","c","2026-07-25","2026-08-09","16","14","Warszawa - Modlin","2+1","egipt|marsa-alam|2026-07-25|2026-08-09|14|Warszawa - Modlin|2+1"
"The Cascades Golf Resort Spa & Thalasso (ex Westin Soma Bay)","15457.0","30.07.2026 - 13.08.2026","15 dni/14 nocy","4.3","4.3","264","tripadvisor","Warszawa%20-%20Modlin","2026-07-20T00:06:04.239525+00:00","https://fly.pl/szukaj-wycieczek/?filter[dest]=11:&filter[hotelids]=&filter[cityids]=0&filter[cregids]=&filter[ofrType]=&filter[addObjType]=&filter[whenFrom]=20-07-2026&filter[whenTo]=19-08-2026&filter[duration]=13:16&filter[from]=Warszawa%20-%20Modlin,Warszawa%20-%20Radom,Warszawa&filter[person]=2&filter[child]=1&filter[price]=4000:20000&filter[PriceFrom]=4000&filter[PriceTo]=20000&filter[addCategory]=50&filter[addCatering]=1&filter[addMisc]=0&filter[addTransport]=F&filter[fp]=1&order_by=ofr_price&filter[tourOperator]=0&filter[childAge][1]=20201210","https://fly.pl/cdn/photo/assets/uploads/582/278/2014/10/The-Cascades-Golf-Resort-Spa-Thalasso.jpg","https://fly.pl/wycieczka/egipt,hurghada,soma-bay/la-residence-des-cascades/pAzGFTbA-ZBxYvThyWvNDOAAogMAjCzct8Ql1ZmAaJQ0xK8_reulq1_TlMmsNcn3wEcp4qBEVDQ1gw7cz10gZI4XhQAVjvAWACagJBSXIgHBHqQrkE5O4VqwQcGPO4LBuOqUEB0JGH7wECAGMBAgUZLFDo/ofertasv/?filter[tourOperator]=ECCX&filter%5Bperson%5D=2&filter%5BchildAge%5D%5B1%5D=20201210&filter%5Bchild%5D=1","filter_13_16_days","egipt","hurghada","soma-bay","2026-07-30","2026-08-13","15","14","Warszawa - Modlin","2+1","egipt|hurghada|2026-07-30|2026-08-13|14|Warszawa - Modlin|2+1"
"Serenity Alpha Beach (ex. Serenity Makadi Beach)","15631.0","30.07.2026 - 13.08.2026","15 dni/14 nocy","4.6","4.6","6518","tripadvisor","Warszawa%20-%20Modlin","2026-07-20T00:06:04.239525+00:00","https://fly.pl/szukaj-wycieczek/?filter[dest]=11:&filter[hotelids]=&filter[cityids]=0&filter[cregids]=&filter[ofrType]=&filter[addObjType]=&filter[whenFrom]=20-07-2026&filter[whenTo]=19-08-2026&filter[duration]=13:16&filter[from]=Warszawa%20-%20Modlin,Warszawa%20-%20Radom,Warszawa&filter[person]=2&filter[child]=1&filter[price]=4000:20000&filter[PriceFrom]=4000&filter[PriceTo]=20000&filter[addCategory]=50&filter[addCatering]=1&filter[addMisc]=0&filter[addTransport]=F&filter[fp]=1&order_by=ofr_price&filter[tourOperator]=0&filter[childAge][1]=20201210","https://fly.pl/cdn/photo/assets/uploads/582/278/2014/07/Serenity-Alpha-Beach.jpg","https://fly.pl/wycieczka/egipt,hurghada,makadi-bay/serenity-makadi-heights/pBoYmsyHQiWLO9rKgtnDkGAAog2IjG8cg6da4G3lrbS7vo_62Nj6WJoGvHb3j6wPDpBHsqBEVYSU0w7cz10gZIj3pQAVjvAWACagNVQUlyIRwR78UGuQSu9T2rBB0b0706GMnGOwGqtqWuCgIAYwECCx2TiPE/ofertasv/?filter[tourOperator]=EXIM&filter%5Bperson%5D=2&filter%5BchildAge%5D%5B1%5D=20201210&filter%5Bchild%5D=1","filter_13_16_days","egipt","hurghada","makadi-bay","2026-07-30","2026-08-13","15","14","Warszawa - Modlin","2+1","egipt|hurghada|2026-07-30|2026-08-13|14|Warszawa - Modlin|2+1"
"Steigenberger Golf Resort","15631.0","30.07.2026 - 13.08.2026","15 dni/14 nocy","4.8","4.8","1572","tripadvisor","Warszawa%20-%20Modlin","2026-07-20T00:06:04.239525+00:00","https://fly.pl/szukaj-wycieczek/?filter[dest]=11:&filter[hotelids]=&filter[cityids]=0&filter[cregids]=&filter[ofrType]=&filter[addObjType]=&filter[whenFrom]=20-07-2026&filter[whenTo]=19-08-2026&filter[duration]=13:16&filter[from]=Warszawa%20-%20Modlin,Warszawa%20-%20Radom,Warszawa&filter[person]=2&filter[child]=1&filter[price]=4000:20000&filter[PriceFrom]=4000&filter[PriceTo]=20000&filter[addCategory]=50&filter[addCatering]=1&filter[addMisc]=0&filter[addTransport]=F&filter[fp]=1&order_by=ofr_price&filter[tourOperator]=0&filter[childAge][1]=20201210","https://fly.pl/cdn/photo/assets/uploads/582/278/2015/01/Steigenberger-Golf.jpg","https://fly.pl/wycieczka/egipt,hurghada,el-gouna/steigenberger-golf/p3-iUVua4psQ9OS-bi4CO1AAogxa8jc7kBOufhmIHb0jXKjK2Nj6WJoGvHb3j6wPDpBHsqBEVYSU0w7cz10gZIj3pQAVjvAWACagJBSXIhHBGdoQa5BICaPqsEHRvBmj4Y_-BRAYKbsfEMAgBjAQIM6A3bhg/ofertasv/?filter[tourOperator]=EXIM&filter%5Bperson%5D=2&filter%5BchildAge%5D%5B1%5D=20201210&filter%5Bchild%5D=1","filter_13_16_days","egipt","hurghada","el-gouna","2026-07-30","2026-08-13","15","14","Warszawa - Modlin","2+1","egipt|hurghada|2026-07-30|2026-08-13|14|Warszawa - Modlin|2+1"
"Pyramisa Beach Resort Sahl Hasheesh","15731.0","30.07.2026 - 13.08.2026","15 dni/14 nocy","4.1","4.1","3552","tripadvisor","Warszawa%20-%20Modlin","2026-07-20T00:06:04.239525+00:00","https://fly.pl/szukaj-wycieczek/?filter[dest]=11:&filter[hotelids]=&filter[cityids]=0&filter[cregids]=&filter[ofrType]=&filter[addObjType]=&filter[whenFrom]=20-07-2026&filter[whenTo]=19-08-2026&filter[duration]=13:16&filter[from]=Warszawa%20-%20Modlin,Warszawa%20-%20Radom,Warszawa&filter[person]=2&filter[child]=1&filter[price]=4000:20000&filter[PriceFrom]=4000&filter[PriceTo]=20000&filter[addCategory]=50&filter[addCatering]=1&filter[addMisc]=0&filter[addTransport]=F&filter[fp]=1&order_by=ofr_price&filter[tourOperator]=0&filter[childAge][1]=20201210","https://fly.pl/cdn/photo/assets/uploads/582/278/2015/04/Pyramisa-Beach-Resort-Sahl-Hasheesh.jpg","https://fly.pl/wycieczka/egipt,hurghada,sahl-hasheesh/dessole-pyramisa-beach-resort-ex-pyramisa-beach-r/pPP79YWNCb1aH4gBF69qsKAAog5K1GAdwPBW2Q7HUYaoVCZa2Nj6WJoGvHb3j6wPDpBHsqBEVYSU0w7cz10gZI83pQAVjvAWACagJBSXIhHBGjuAa5BPqCPqsEHRuN-y4Ysbs1Afm1qe4IAgBjAQILT3eKwA/ofertasv/?filter[tourOperator]=EXIM&filter%5Bperson%5D=2&filter%5BchildAge%5D%5B1%5D=20201210&filter%5Bchild%5D=1","filter_13_16_days","egipt","hurghada","sahl-hasheesh","2026-07-30","2026-08-13","15","14","Warszawa - Modlin","2+1","egipt|hurghada|2026-07-30|2026-08-13|14|Warszawa - Modlin|2+1"
"Rewaya Majestic Resort","15757.0","30.07.2026 - 13.08.2026","15 dni/14 nocy","","","","","Warszawa%20-%20Modlin","2026-07-20T00:06:04.239525+00:00","https://fly.pl/szukaj-wycieczek/?filter[dest]=11:&filter[hotelids]=&filter[cityids]=0&filter[cregids]=&filter[ofrType]=&filter[addObjType]=&filter[whenFrom]=20-07-2026&filter[whenTo]=19-08-2026&filter[duration]=13:16&filter[from]=Warszawa%20-%20Modlin,Warszawa%20-%20Radom,Warszawa&filter[person]=2&filter[child]=1&filter[price]=4000:20000&filter[PriceFrom]=4000&filter[PriceTo]=20000&filter[addCategory]=50&filter[addCatering]=1&filter[addMisc]=0&filter[addTransport]=F&filter[fp]=1&order_by=ofr_price&filter[tourOperator]=0&filter[childAge][1]=20201210","https://datacfstatic.merlinx.pl/OASI/IMG/24139/e3a15b238b2d30f27199dd0e48d3c85c0bc5e06a1c321d66bdb885dd7a89e111.webp","https://fly.pl/wycieczka/egipt,hurghada,c/rewaya-majestic-resort-10/pGh-F7zjuhK-omhdqjJ2e2AAogHOK3bpUPv0QFeNLOh5n_sCzsddqMlWT-AJr_RmPXVRQqBE9BU0kw8Mz10gZIjXtQAVjvAWACagNVQUlyIRwRy7wBuQSYjw-rBBwbwOEMGOiNEQHcsfSFAgIAYwECDfQGVQE/ofertasv/?filter[tourOperator]=OASI&filter%5Bperson%5D=2&filter%5BchildAge%5D%5B1%5D=20201210&filter%5Bchild%5D=1","filter_13_16_days","egipt","hurghada","c","2026-07-30","2026-08-13","15","14","Warszawa - Modlin","2+1","egipt|hurghada|2026-07-30|2026-08-13|14|Warszawa - Modlin|2+1"
"Albatros Sea World Resort Marsa Alam","15845.0","25.07.2026 - 09.08.2026","16 dni/14 nocy","4.7","4.7","4422","tripadvisor","Warszawa%20-%20Modlin","2026-07-20T00:06:04.239525+00:00","https://fly.pl/szukaj-wycieczek/?filter[dest]=11:&filter[hotelids]=&filter[cityids]=0&filter[cregids]=&filter[ofrType]=&filter[addObjType]=&filter[whenFrom]=20-07-2026&filter[whenTo]=19-08-2026&filter[duration]=13:16&filter[from]=Warszawa%20-%20Modlin,Warszawa%20-%20Radom,Warszawa&filter[person]=2&filter[child]=1&filter[price]=4000:20000&filter[PriceFrom]=4000&filter[PriceTo]=20000&filter[addCategory]=50&filter[addCatering]=1&filter[addMisc]=0&filter[addTransport]=F&filter[fp]=1&order_by=ofr_price&filter[tourOperator]=0&filter[childAge][1]=20201210","https://fly.pl/cdn/photo/assets/uploads/582/278/2017/08/ALBATROS-SEA-WORLD.jpg","https://fly.pl/wycieczka/egipt,marsa-alam,al-kusajr/sea-world-resort-marsa-alam/prq3G48P-O8eVdOwdl7SqXAAogG-S-uOuULz5eTZ-QOBEnN1ByF9MSu3MwWiJ_ZO3_meEqBFJOQlcw8Mz10gZI5XtQQVh3YAJqBENBZ2RqFzI5NiwzODAsNDc3LDQ4Myw0ODQsNDg1cjefAZ4BFQ5YARcACtMBQPUFEeIZEJ4bGYMgUv26AVMAS7EvYQAd7JBBDzsgxvaQCQ0AAg1jAQIFk1KTdw/ofertasv/?filter[tourOperator]=RNBW&filter%5Bperson%5D=2&filter%5BchildAge%5D%5B1%5D=20201210&filter%5Bchild%5D=1","filter_13_16_days","egipt","marsa-alam","al-kusajr","2026-07-25","2026-08-09","16","14","Warszawa - Modlin","2+1","egipt|marsa-alam|2026-07-25|2026-08-09|14|Warszawa - Modlin|2+1"
"Aldiana Club Naga Bay","16011.0","30.07.2026 - 13.08.2026","15 dni/14 nocy","","","","","Warszawa%20-%20Modlin","2026-07-20T00:06:04.239525+00:00","https://fly.pl/szukaj-wycieczek/?filter[dest]=11:&filter[hotelids]=&filter[cityids]=0&filter[cregids]=&filter[ofrType]=&filter[addObjType]=&filter[whenFrom]=20-07-2026&filter[whenTo]=19-08-2026&filter[duration]=13:16&filter[from]=Warszawa%20-%20Modlin,Warszawa%20-%20Radom,Warszawa&filter[person]=2&filter[child]=1&filter[price]=4000:20000&filter[PriceFrom]=4000&filter[PriceTo]=20000&filter[addCategory]=50&filter[addCatering]=1&filter[addMisc]=0&filter[addTransport]=F&filter[fp]=1&order_by=ofr_price&filter[tourOperator]=0&filter[childAge][1]=20201210","https://datacfstatic.merlinx.pl/EXIM/IMG/108012/b1f5d26a903624c4b7c28f67d4a9bbc9a0cf5c691d37d2be60154e132614ef4b.webp","https://fly.pl/wycieczka/egipt,hurghada,c/aldiana-club-naga-bay-9/pcn0OJ0PoPuXJ1fIHvP0x7AAogJH7v4djk7NBOqDayORLnJa2Nj6WJoGvHb3j6wPDpBHsqBEVYSU0w8Mz10gZIi31QAVjvAWACagJBSXIhHBHsywa5BLHvPasEHRv15j0Y5PI-AaGAqIsLAgBjAQIFzjjDCg/ofertasv/?filter[tourOperator]=EXIM&filter%5Bperson%5D=2&filter%5BchildAge%5D%5B1%5D=20201210&filter%5Bchild%5D=1","filter_13_16_days","egipt","hurghada","c","2026-07-30","2026-08-13","15","14","Warszawa - Modlin","2+1","egipt|hurghada|2026-07-30|2026-08-13|14|Warszawa - Modlin|2+1"
"Jaz Grand Marsa (ex Resta Grand Resort)","16307.0","04.08.2026 - 18.08.2026","15 dni/14 nocy","4.6","4.6","6372","tripadvisor","Warszawa%20-%20Modlin","2026-07-20T00:06:04.239525+00:00","https://fly.pl/szukaj-wycieczek/?filter[dest]=11:&filter[hotelids]=&filter[cityids]=0&filter[cregids]=&filter[ofrType]=&filter[addObjType]=&filter[whenFrom]=20-07-2026&filter[whenTo]=19-08-2026&filter[duration]=13:16&filter[from]=Warszawa%20-%20Modlin,Warszawa%20-%20Radom,Warszawa&filter[person]=2&filter[child]=1&filter[price]=4000:20000&filter[PriceFrom]=4000&filter[PriceTo]=20000&filter[addCategory]=50&filter[addCatering]=1&filter[addMisc]=0&filter[addTransport]=F&filter[fp]=1&order_by=ofr_price&filter[tourOperator]=0&filter[childAge][1]=20201210","https://fly.pl/cdn/photo/assets/uploads/582/278/2014/09/grand.jpg","https://fly.pl/wycieczka/egipt,marsa-alam,madinat-coraya/resta-grand-resort/pQHnJcb2hJirSx3L91B2i3AAogIrVgFD1Mn56aUidXR06t3rf4_bqd5uQQkpGIo2KSdA8qBEVYSU0w8Mz10gZIs39QAVjnAmACagJBSXIhHBHzxga5BO_3PasEHRveujoYyMc7AZT2664KAgBjAQIMns2-zg/ofertasv/?filter[tourOperator]=EXIM&filter%5Bperson%5D=2&filter%5BchildAge%5D%5B1%5D=20201210&filter%5Bchild%5D=1","filter_13_16_days","egipt","marsa-alam","madinat-coraya","2026-08-04","2026-08-18","15","14","Warszawa - Modlin","2+1","egipt|marsa-alam|2026-08-04|2026-08-18|14|Warszawa - Modlin|2+1"
"Pickalbatros Villaggio Resort Portofino","16387.0","04.08.2026 - 18.08.2026","15 dni/14 nocy","4.9","4.9","1558","tripadvisor","Warszawa%20-%20Modlin","2026-07-20T00:06:04.239525+00:00","https://fly.pl/szukaj-wycieczek/?filter[dest]=11:&filter[hotelids]=&filter[cityids]=0&filter[cregids]=&filter[ofrType]=&filter[addObjType]=&filter[whenFrom]=20-07-2026&filter[whenTo]=19-08-2026&filter[duration]=13:16&filter[from]=Warszawa%20-%20Modlin,Warszawa%20-%20Radom,Warszawa&filter[person]=2&filter[child]=1&filter[price]=4000:20000&filter[PriceFrom]=4000&filter[PriceTo]=20000&filter[addCategory]=50&filter[addCatering]=1&filter[addMisc]=0&filter[addTransport]=F&filter[fp]=1&order_by=ofr_price&filter[tourOperator]=0&filter[childAge][1]=20201210","https://fly.pl/cdn/photo/assets/uploads/582/278/2024/07/pickalbatros-villaggio-resort-portofino.jpg","https://fly.pl/wycieczka/egipt,marsa-alam,c/pickalbatros-villaggio-resort-portofino-15/poFMmCJPKq21jygC6fCJ4oAAogUpUScMiXbjl8U2iVCHjzcLf4_bqd5uQQkpGIo2KSdA8qBEVYSU0w8Mz10gZIg4ABUAFY5wJgAmoCQUlyIRwRpPYGuQS-yD2rBB0bhpBEGKjqQwHGleuVDAIAYwECDI7944M/ofertasv/?filter[tourOperator]=EXIM&filter%5Bperson%5D=2&filter%5BchildAge%5D%5B1%5D=20201210&filter%5Bchild%5D=1","filter_13_16_days","egipt","marsa-alam","c","2026-08-04","2026-08-18","15","14","Warszawa - Modlin","2+1","egipt|marsa-alam|2026-08-04|2026-08-18|14|Warszawa - Modlin|2+1"
"Sentido Naga Bay","16451.0","30.07.2026 - 13.08.2026","15 dni/14 nocy","","","","","Warszawa%20-%20Modlin","2026-07-20T00:06:04.239525+00:00","https://fly.pl/szukaj-wycieczek/?filter[dest]=11:&filter[hotelids]=&filter[cityids]=0&filter[cregids]=&filter[ofrType]=&filter[addObjType]=&filter[whenFrom]=20-07-2026&filter[whenTo]=19-08-2026&filter[duration]=13:16&filter[from]=Warszawa%20-%20Modlin,Warszawa%20-%20Radom,Warszawa&filter[person]=2&filter[child]=1&filter[price]=4000:20000&filter[PriceFrom]=4000&filter[PriceTo]=20000&filter[addCategory]=50&filter[addCatering]=1&filter[addMisc]=0&filter[addTransport]=F&filter[fp]=1&order_by=ofr_price&filter[tourOperator]=0&filter[childAge][1]=20201210","https://datacfstatic.merlinx.pl/EXIM/IMG/107999/9691dd57e47cec1e96befde9ca4a24ec0aaad7165dd6c455160b011f15ee59d5.webp","https://fly.pl/wycieczka/egipt,hurghada,c/sentido-naga-bay-11/pbLn8CcStTZVOvd19S8BOMAAogyClmMHONeKejB9OXxTUKeK2Nj6WJoGvHb3j6wPDpBHsqBEVYSU0w8Mz10gZIw4ABUAFY7wFgAmoCQUlyIRwR38sGuQS-7z2rBB0b0OQ9GNHxPgHP96eLCwIAYwECBuIypkQ/ofertasv/?filter[tourOperator]=EXIM&filter%5Bperson%5D=2&filter%5BchildAge%5D%5B1%5D=20201210&filter%5Bchild%5D=1","filter_13_16_days","egipt","hurghada","c","2026-07-30","2026-08-13","15","14","Warszawa - Modlin","2+1","egipt|hurghada|2026-07-30|2026-08-13|14|Warszawa - Modlin|2+1"
"Sunrise Anjum Resort","16706.0","28.07.2026 - 11.08.2026","15 dni/14 nocy","4.9","4.9","1576","tripadvisor","Warszawa%20-%20Modlin","2026-07-20T00:06:04.239525+00:00","https://fly.pl/szukaj-wycieczek/?filter[dest]=11:&filter[hotelids]=&filter[cityids]=0&filter[cregids]=&filter[ofrType]=&filter[addObjType]=&filter[whenFrom]=20-07-2026&filter[whenTo]=19-08-2026&filter[duration]=13:16&filter[from]=Warszawa%20-%20Modlin,Warszawa%20-%20Radom,Warszawa&filter[person]=2&filter[child]=1&filter[price]=4000:20000&filter[PriceFrom]=4000&filter[PriceTo]=20000&filter[addCategory]=50&filter[addCatering]=1&filter[addMisc]=0&filter[addTransport]=F&filter[fp]=1&order_by=ofr_price&filter[tourOperator]=0&filter[childAge][1]=20201210","https://fly.pl/cdn/photo/assets/uploads/582/278/2024/02/Sunrise-Anjum-Resort.jpg","https://fly.pl/wycieczka/egipt,marsa-alam,c/sunrise-anjum-resort-12/p9MmWH8Cxju0Nbo6pDP-oGAAog4b2uM5PG5VPbf9e0Cjw8nQAAAAB3pwQAl6cEAA4AAQAqBFdFWlkw8Mz10gZIwoIBUEFYvwFgA2oJRW50ZXIgQWlyckOeAR8AHAECABYEFwkS5gMV9AMYnwMT0gEU3QRA629MtpYBTwBQsS9LABvVLRGHVR2ThQ8gIA3h_8EJARJjAQxjAQQLCbuW_Q/ofertasv/?filter[tourOperator]=WEZY&filter%5Bperson%5D=2&filter%5BchildAge%5D%5B1%5D=20201210&filter%5Bchild%5D=1","filter_13_16_days","egipt","marsa-alam","c","2026-07-28","2026-08-11","15","14","Warszawa - Modlin","2+1","egipt|marsa-alam|2026-07-28|2026-08-11|14|Warszawa - Modlin|2+1"
"Tropitel Sahl Hasheesh","16827.0","30.07.2026 - 13.08.2026","15 dni/14 nocy","4.7","4.7","10102","tripadvisor","Warszawa%20-%20Modlin","2026-07-20T00:06:04.239525+00:00","https://fly.pl/szukaj-wycieczek/?filter[dest]=11:&filter[hotelids]=&filter[cityids]=0&filter[cregids]=&filter[ofrType]=&filter[addObjType]=&filter[whenFrom]=20-07-2026&filter[whenTo]=19-08-2026&filter[duration]=13:16&filter[from]=Warszawa%20-%20Modlin,Warszawa%20-%20Radom,Warszawa&filter[person]=2&filter[child]=1&filter[price]=4000:20000&filter[PriceFrom]=4000&filter[PriceTo]=20000&filter[addCategory]=50&filter[addCatering]=1&filter[addMisc]=0&filter[addTransport]=F&filter[fp]=1&order_by=ofr_price&filter[tourOperator]=0&filter[childAge][1]=20201210","https://fly.pl/cdn/photo/assets/uploads/582/278/2014/10/Tropitel-Sahl-Hasheesh.jpg","https://fly.pl/wycieczka/egipt,hurghada,c/tropitel-sahl-hasheesh/pmH1KCJOoUjOGY9PZ6hbJhAAogw3M_QswgPOeaJYztDgtSqyzsddqMlWT-AJr_RmPXVRQqBE9BU0kw8Mz10gZIu4MBUAFY7wFgAmoDVUFJciEcEfaPAbkE7bsPqwQcG-3EBxin3g4Bi7WF_wECAGMBAgUfya3C/ofertasv/?filter[tourOperator]=OASI&filter%5Bperson%5D=2&filter%5BchildAge%5D%5B1%5D=20201210&filter%5Bchild%5D=1","filter_13_16_days","egipt","hurghada","c","2026-07-30","2026-08-13","15","14","Warszawa - Modlin","2+1","egipt|hurghada|2026-07-30|2026-08-13|14|Warszawa - Modlin|2+1"
"Pickalbatros Palace Port Ghalib (ex. Red Sea The Palace)","16907.0","04.08.2026 - 18.08.2026","15 dni/14 nocy","4.7","4.7","3715","tripadvisor","Warszawa%20-%20Modlin","2026-07-20T00:06:04.239525+00:00","https://fly.pl/szukaj-wycieczek/?filter[dest]=11:&filter[hotelids]=&filter[cityids]=0&filter[cregids]=&filter[ofrType]=&filter[addObjType]=&filter[whenFrom]=20-07-2026&filter[whenTo]=19-08-2026&filter[duration]=13:16&filter[from]=Warszawa%20-%20Modlin,Warszawa%20-%20Radom,Warszawa&filter[person]=2&filter[child]=1&filter[price]=4000:20000&filter[PriceFrom]=4000&filter[PriceTo]=20000&filter[addCategory]=50&filter[addCatering]=1&filter[addMisc]=0&filter[addTransport]=F&filter[fp]=1&order_by=ofr_price&filter[tourOperator]=0&filter[childAge][1]=20201210","https://fly.pl/cdn/photo/assets/uploads/582/278/2014/09/albatros-palace.jpg","https://fly.pl/wycieczka/egipt,marsa-alam,port-ghalib/intercontinental-the-palace-port-ghalib/p4BHfnJgRniSa7VmCitw8-AAog6NyYcg_DkE-41qsZmv2Wlbf4_bqd5uQQkpGIo2KSdA8qBEVYSU0w8Mz10gZIi4QBUAFY5wJgAmoCQUlyIRwRpqEGuQS8nT6rBB0b27MsGOj_LgGgyNGOCAIAYwECDAPWDQM/ofertasv/?filter[tourOperator]=EXIM&filter%5Bperson%5D=2&filter%5BchildAge%5D%5B1%5D=20201210&filter%5Bchild%5D=1","filter_13_16_days","egipt","marsa-alam","port-ghalib","2026-08-04","2026-08-18","15","14","Warszawa - Modlin","2+1","egipt|marsa-alam|2026-08-04|2026-08-18|14|Warszawa - Modlin|2+1"
"Jaz Lamaya Resort (ex Iberotel)","16907.0","04.08.2026 - 18.08.2026","15 dni/14 nocy","4.6","4.6","5818","tripadvisor","Warszawa%20-%20Modlin","2026-07-20T00:06:04.239525+00:00","https://fly.pl/szukaj-wycieczek/?filter[dest]=11:&filter[hotelids]=&filter[cityids]=0&filter[cregids]=&filter[ofrType]=&filter[addObjType]=&filter[whenFrom]=20-07-2026&filter[whenTo]=19-08-2026&filter[duration]=13:16&filter[from]=Warszawa%20-%20Modlin,Warszawa%20-%20Radom,Warszawa&filter[person]=2&filter[child]=1&filter[price]=4000:20000&filter[PriceFrom]=4000&filter[PriceTo]=20000&filter[addCategory]=50&filter[addCatering]=1&filter[addMisc]=0&filter[addTransport]=F&filter[fp]=1&order_by=ofr_price&filter[tourOperator]=0&filter[childAge][1]=20201210","https://fly.pl/cdn/photo/assets/uploads/582/278/2014/09/jaz-lamaya.jpg","https://fly.pl/wycieczka/egipt,marsa-alam,madinat-coraya/iberotel-lamaya-resort/pJsBcr51PB1F77zMFUd3woAAog-7tPCtC8YaXSBnZp7mdMkbf4_bqd5uQQkpGIo2KSdA8qBEVYSU0w8Mz10gZIi4QBUAFY5wJgAmoCQUlyIRwR88cGuQTv9j2rBB0b9946GKn1OwGAxLG5CgIAYwECDIGTcfo/ofertasv/?filter[tourOperator]=EXIM&filter%5Bperson%5D=2&filter%5BchildAge%5D%5B1%5D=20201210&filter%5Bchild%5D=1","filter_13_16_days","egipt","marsa-alam","madinat-coraya","2026-08-04","2026-08-18","15","14","Warszawa - Modlin","2+1","egipt|marsa-alam|2026-08-04|2026-08-18|14|Warszawa - Modlin|2+1"
"Pickalbatros Vita Resort Portofino","17047.0","04.08.2026 - 18.08.2026","15 dni/14 nocy","4.9","4.9","752","tripadvisor","Warszawa%20-%20Modlin","2026-07-20T00:06:04.239525+00:00","https://fly.pl/szukaj-wycieczek/?filter[dest]=11:&filter[hotelids]=&filter[cityids]=0&filter[cregids]=&filter[ofrType]=&filter[addObjType]=&filter[whenFrom]=20-07-2026&filter[whenTo]=19-08-2026&filter[duration]=13:16&filter[from]=Warszawa%20-%20Modlin,Warszawa%20-%20Radom,Warszawa&filter[person]=2&filter[child]=1&filter[price]=4000:20000&filter[PriceFrom]=4000&filter[PriceTo]=20000&filter[addCategory]=50&filter[addCatering]=1&filter[addMisc]=0&filter[addTransport]=F&filter[fp]=1&order_by=ofr_price&filter[tourOperator]=0&filter[childAge][1]=20201210","https://fly.pl/cdn/photo/assets/uploads/582/278/2024/07/pickalbatros-vita-resort-portofino.jpg","https://fly.pl/wycieczka/egipt,marsa-alam,c/pickalbatros-vita-resort-portofino-11/pwCLZeCu7vIIHfoJcSLxXsAAogc3B0ZwblmdkFhOfrKqQhw7f4_bqd5uQQkpGIo2KSdA8qBEVYSU0w8Mz10gZIl4UBUAFY5wJgAmoCQUlyIRwRsKEGuQSynT6rBB0b8LQsGOX_LgGQm9KOCAIAYwECDLRfVN0/ofertasv/?filter[tourOperator]=EXIM&filter%5Bperson%5D=2&filter%5BchildAge%5D%5B1%5D=20201210&filter%5Bchild%5D=1","filter_13_16_days","egipt","marsa-alam","c","2026-08-04","2026-08-18","15","14","Warszawa - Modlin","2+1","egipt|marsa-alam|2026-08-04|2026-08-18|14|Warszawa - Modlin|2+1"
"Radisson Individuals Marina Port Ghalib (ex. Sunrise Marina Resort)","17106.0","25.07.2026 - 09.08.2026","16 dni/14 nocy","4.6","4.6","3519","tripadvisor","Warszawa%20-%20Modlin","2026-07-20T00:06:04.239525+00:00","https://fly.pl/szukaj-wycieczek/?filter[dest]=11:&filter[hotelids]=&filter[cityids]=0&filter[cregids]=&filter[ofrType]=&filter[addObjType]=&filter[whenFrom]=20-07-2026&filter[whenTo]=19-08-2026&filter[duration]=13:16&filter[from]=Warszawa%20-%20Modlin,Warszawa%20-%20Radom,Warszawa&filter[person]=2&filter[child]=1&filter[price]=4000:20000&filter[PriceFrom]=4000&filter[PriceTo]=20000&filter[addCategory]=50&filter[addCatering]=1&filter[addMisc]=0&filter[addTransport]=F&filter[fp]=1&order_by=ofr_price&filter[tourOperator]=0&filter[childAge][1]=20201210","https://fly.pl/cdn/photo/assets/uploads/582/278/2015/04/RADISSON-INDIVIDUALS-MARINA.jpg","https://fly.pl/wycieczka/egipt,marsa-alam,port-ghalib/rehana-port-ghalib-resort/p0Xk91paDjjZ5Jze5MnoFTAAog6ypP23JN82qeNTPv06Es-1ByF9MSu3MwWiJ_ZO3_meEqBFJOQlcw8Mz10gZI0oUBUEFYd2ACagREUTBkahcyOTYsMzgwLDQ3Nyw0ODMsNDg0LDQ4NXI3nwGeARUOWAEXAArNAUD7BRHQLBmzKBDIHVK1nQFTAEuxL2EAHeyQQQ87IMb2kAkNAAIOYwECBfISPE8/ofertasv/?filter[tourOperator]=RNBW&filter%5Bperson%5D=2&filter%5BchildAge%5D%5B1%5D=20201210&filter%5Bchild%5D=1","filter_13_16_days","egipt","marsa-alam","port-ghalib","2026-07-25","2026-08-09","16","14","Warszawa - Modlin","2+1","egipt|marsa-alam|2026-07-25|2026-08-09|14|Warszawa - Modlin|2+1"
"Parrotel Lagoon Resort","17256.0","02.08.2026 - 16.08.2026","15 dni/14 nocy","4.1","4.1","1747","tripadvisor","Warszawa%20-%20Modlin","2026-07-20T00:06:04.239525+00:00","https://fly.pl/szukaj-wycieczek/?filter[dest]=11:&filter[hotelids]=&filter[cityids]=0&filter[cregids]=&filter[ofrType]=&filter[addObjType]=&filter[whenFrom]=20-07-2026&filter[whenTo]=19-08-2026&filter[duration]=13:16&filter[from]=Warszawa%20-%20Modlin,Warszawa%20-%20Radom,Warszawa&filter[person]=2&filter[child]=1&filter[price]=4000:20000&filter[PriceFrom]=4000&filter[PriceTo]=20000&filter[addCategory]=50&filter[addCatering]=1&filter[addMisc]=0&filter[addTransport]=F&filter[fp]=1&order_by=ofr_price&filter[tourOperator]=0&filter[childAge][1]=20201210","https://fly.pl/cdn/photo/assets/uploads/582/278/2020/10/Parrotel-Lagoon-Resort.jpg","https://fly.pl/wycieczka/egipt,sharm-el-sheikh,szarm-el-szejk/parrotel-lagoon-resort-14/pp0yat1XFu1fZoSgDJ5b7sAAogsThPmbFI_EOhjjibRrk5-KirIEkpApsu5WO8TpZGVPUqBEpPSVAw8Mz10gZI6IYBUEFYtwJgAmoDMDB3ckKbARQBXAkVBBcAWAFWAkDKBk_iAV0AXt76AVKmIFMAS8cjYQAR3VdMiLU5DdX7lwkgAAHv3ODApInMoDACDmMBAA3dxWi2/ofertasv/?filter[tourOperator]=JOIP&filter%5Bperson%5D=2&filter%5BchildAge%5D%5B1%5D=20201210&filter%5Bchild%5D=1","filter_13_16_days","egipt","sharm-el-sheikh","szarm-el-szejk","2026-08-02","2026-08-16","15","14","Warszawa - Modlin","2+1","egipt|sharm-el-sheikh|2026-08-02|2026-08-16|14|Warszawa - Modlin|2+1"
"Jaz Aquaviva","17291.0","30.07.2026 - 13.08.2026","15 dni/14 nocy","4.7","4.7","10763","tripadvisor","Warszawa%20-%20Modlin","2026-07-20T00:06:04.239525+00:00","https://fly.pl/szukaj-wycieczek/?filter[dest]=11:&filter[hotelids]=&filter[cityids]=0&filter[cregids]=&filter[ofrType]=&filter[addObjType]=&filter[whenFrom]=20-07-2026&filter[whenTo]=19-08-2026&filter[duration]=13:16&filter[from]=Warszawa%20-%20Modlin,Warszawa%20-%20Radom,Warszawa&filter[person]=2&filter[child]=1&filter[price]=4000:20000&filter[PriceFrom]=4000&filter[PriceTo]=20000&filter[addCategory]=50&filter[addCatering]=1&filter[addMisc]=0&filter[addTransport]=F&filter[fp]=1&order_by=ofr_price&filter[tourOperator]=0&filter[childAge][1]=20201210","https://fly.pl/cdn/photo/assets/uploads/582/278/2015/07/Jaz-Aquaviva.jpg","https://fly.pl/wycieczka/egipt,hurghada,makadi-bay/jaz-makadi-aquaviva/pugsgd6TNskoPNCc3kpc2GAAogGH_1LweoAn3WqSd37jllWK2Nj6WJoGvHb3j6wPDpBHsqBEVYSU0w8Mz10gZIi4cBUAFY7wFgAmoCQUlyIRwRn8IGuQT--D2rBB0b6KU5GLXFOgGg6-eLCgIAYwECDAVy3LQ/ofertasv/?filter[tourOperator]=EXIM&filter%5Bperson%5D=2&filter%5BchildAge%5D%5B1%5D=20201210&filter%5Bchild%5D=1","filter_13_16_days","egipt","hurghada","makadi-bay","2026-07-30","2026-08-13","15","14","Warszawa - Modlin","2+1","egipt|hurghada|2026-07-30|2026-08-13|14|Warszawa - Modlin|2+1"
"Double Tree by Hilton Mangroovy El Gouna Resort","17298.0","23.07.2026 - 06.08.2026","15 dni/14 nocy","","","","","Warszawa%20-%20Modlin","2026-07-20T00:06:04.239525+00:00","https://fly.pl/szukaj-wycieczek/?filter[dest]=11:&filter[hotelids]=&filter[cityids]=0&filter[cregids]=&filter[ofrType]=&filter[addObjType]=&filter[whenFrom]=20-07-2026&filter[whenTo]=19-08-2026&filter[duration]=13:16&filter[from]=Warszawa%20-%20Modlin,Warszawa%20-%20Radom,Warszawa&filter[person]=2&filter[child]=1&filter[price]=4000:20000&filter[PriceFrom]=4000&filter[PriceTo]=20000&filter[addCategory]=50&filter[addCatering]=1&filter[addMisc]=0&filter[addTransport]=F&filter[fp]=1&order_by=ofr_price&filter[tourOperator]=0&filter[childAge][1]=20201210","https://datacfstatic.merlinx.pl/OREX/IMG/6513/61970b72b312ea6d0373821b3cb6271ebffe7a152e252532c893aa503ed99358.webp","https://fly.pl/wycieczka/egipt,hurghada,al-dzuna/double-tree-by-hilton-mangroovy-el-gouna-13/pH4Pv4JeAZc6O57AJz7q3oAAogXZ8jrZD6XUWBcRiVGM01i025p3RPWw_5HZbY-DkUxAkqBE9SRVgw8Mz10gZIkocBUEFYR2ACagdOVlcuMi4xcjabAVwKFQQXAFgBVgJAygZd0w5PbBHXHFL7gAFTAF6vT2GBEksATNG-OiCG-5cJDQACEmMBAgsu2HA_/ofertasv/?filter[tourOperator]=OREX&filter%5Bperson%5D=2&filter%5BchildAge%5D%5B1%5D=20201210&filter%5Bchild%5D=1","filter_13_16_days","egipt","hurghada","al-dzuna","2026-07-23","2026-08-06","15","14","Warszawa - Modlin","2+1","egipt|hurghada|2026-07-23|2026-08-06|14|Warszawa - Modlin|2+1"
"Pickalbatros Citadel Sahl Hasheesh (ex. Citadel Azur Resort)","17371.0","30.07.2026 - 13.08.2026","15 dni/14 nocy","4.5","4.5","4752","tripadvisor","Warszawa%20-%20Modlin","2026-07-20T00:06:04.239525+00:00","https://fly.pl/szukaj-wycieczek/?filter[dest]=11:&filter[hotelids]=&filter[cityids]=0&filter[cregids]=&filter[ofrType]=&filter[addObjType]=&filter[whenFrom]=20-07-2026&filter[whenTo]=19-08-2026&filter[duration]=13:16&filter[from]=Warszawa%20-%20Modlin,Warszawa%20-%20Radom,Warszawa&filter[person]=2&filter[child]=1&filter[price]=4000:20000&filter[PriceFrom]=4000&filter[PriceTo]=20000&filter[addCategory]=50&filter[addCatering]=1&filter[addMisc]=0&filter[addTransport]=F&filter[fp]=1&order_by=ofr_price&filter[tourOperator]=0&filter[childAge][1]=20201210","https://fly.pl/cdn/photo/assets/uploads/582/278/2014/07/Albatros-Citadel-Sahl-Hasheesh-ex.-Citadel-Azur-Resort-fly-pl.jpg","https://fly.pl/wycieczka/egipt,hurghada,c/citadel-azur-resort/p3Kpf518nUmgbA6hnu9YfoAAognT_hdhNwAn8mhxUN2STqJa2Nj6WJoGvHb3j6wPDpBHsqBEVYSU0w8Mz10gZI24cBUAFY7wFgAmoCQUlyIRwRhaEGuQSYmj6rBB0bqLksGMuALwHMjv2OCAIAYwECDJ7tuCk/ofertasv/?filter[tourOperator]=EXIM&filter%5Bperson%5D=2&filter%5BchildAge%5D%5B1%5D=20201210&filter%5Bchild%5D=1","filter_13_16_days","egipt","hurghada","c","2026-07-30","2026-08-13","15","14","Warszawa - Modlin","2+1","egipt|hurghada|2026-07-30|2026-08-13|14|Warszawa - Modlin|2+1"
"Sheraton Soma Bay","17431.0","30.07.2026 - 13.08.2026","15 dni/14 nocy","4.6","4.6","3170","tripadvisor","Warszawa%20-%20Modlin","2026-07-20T00:06:04.239525+00:00","https://fly.pl/szukaj-wycieczek/?filter[dest]=11:&filter[hotelids]=&filter[cityids]=0&filter[cregids]=&filter[ofrType]=&filter[addObjType]=&filter[whenFrom]=20-07-2026&filter[whenTo]=19-08-2026&filter[duration]=13:16&filter[from]=Warszawa%20-%20Modlin,Warszawa%20-%20Radom,Warszawa&filter[person]=2&filter[child]=1&filter[price]=4000:20000&filter[PriceFrom]=4000&filter[PriceTo]=20000&filter[addCategory]=50&filter[addCatering]=1&filter[addMisc]=0&filter[addTransport]=F&filter[fp]=1&order_by=ofr_price&filter[tourOperator]=0&filter[childAge][1]=20201210","https://fly.pl/cdn/photo/assets/uploads/582/278/2014/07/Sheraton-Soma-Bay.jpg","https://fly.pl/wycieczka/egipt,hurghada,soma-bay/sheraton-soma-bay/pPTsZtCf_1Nt7Z6IJrJX6SAAoguhLkAJUYcO8zy-_VYxrjMK2Nj6WJoGvHb3j6wPDpBHsqBEVYSU0w8Mz10gZIl4gBUAFY7wFgAmoCQUlyIRwRm8oGuQSC8T2rBB0b5a48GOz0PQGIg97uCgIAYwECDEYsSrU/ofertasv/?filter[tourOperator]=EXIM&filter%5Bperson%5D=2&filter%5BchildAge%5D%5B1%5D=20201210&filter%5Bchild%5D=1","filter_13_16_days","egipt","hurghada","soma-bay","2026-07-30","2026-08-13","15","14","Warszawa - Modlin","2+1","egipt|hurghada|2026-07-30|2026-08-13|14|Warszawa - Modlin|2+1"
"Jaz Makadi Oasis Resort","17471.0","30.07.2026 - 13.08.2026","15 dni/14 nocy","4.7","4.7","5267","tripadvisor","Warszawa%20-%20Modlin","2026-07-20T00:06:04.239525+00:00","https://fly.pl/szukaj-wycieczek/?filter[dest]=11:&filter[hotelids]=&filter[cityids]=0&filter[cregids]=&filter[ofrType]=&filter[addObjType]=&filter[whenFrom]=20-07-2026&filter[whenTo]=19-08-2026&filter[duration]=13:16&filter[from]=Warszawa%20-%20Modlin,Warszawa%20-%20Radom,Warszawa&filter[person]=2&filter[child]=1&filter[price]=4000:20000&filter[PriceFrom]=4000&filter[PriceTo]=20000&filter[addCategory]=50&filter[addCatering]=1&filter[addMisc]=0&filter[addTransport]=F&filter[fp]=1&order_by=ofr_price&filter[tourOperator]=0&filter[childAge][1]=20201210","https://fly.pl/cdn/photo/assets/uploads/582/278/2015/04/Jaz-Makadi-Oasis.jpg","https://fly.pl/wycieczka/egipt,hurghada,makadi-bay/iberotel-makadi-club-oasis/p27aivlZ0tC3kwNQ9IOZ-HAAog6A6h1rY_ayqChdMrnL0b2K2Nj6WJoGvHb3j6wPDpBHsqBEVYSU0w8Mz10gZIv4gBUAFY7wFgAmoCQUlyIRwRoMIGuQT9-D2rBB0b_KU5GLXFOgGLvOSLCgIAYwECDIs9v7A/ofertasv/?filter[tourOperator]=EXIM&filter%5Bperson%5D=2&filter%5BchildAge%5D%5B1%5D=20201210&filter%5Bchild%5D=1","filter_13_16_days","egipt","hurghada","makadi-bay","2026-07-30","2026-08-13","15","14","Warszawa - Modlin","2+1","egipt|hurghada|2026-07-30|2026-08-13|14|Warszawa - Modlin|2+1"
"Sunrise Aqua Joy","17557.0","23.07.2026 - 06.08.2026","15 dni/14 nocy","4.7","4.7","3838","tripadvisor","Warszawa%20-%20Modlin","2026-07-20T00:06:04.239525+00:00","https://fly.pl/szukaj-wycieczek/?filter[dest]=11:&filter[hotelids]=&filter[cityids]=0&filter[cregids]=&filter[ofrType]=&filter[addObjType]=&filter[whenFrom]=20-07-2026&filter[whenTo]=19-08-2026&filter[duration]=13:16&filter[from]=Warszawa%20-%20Modlin,Warszawa%20-%20Radom,Warszawa&filter[person]=2&filter[child]=1&filter[price]=4000:20000&filter[PriceFrom]=4000&filter[PriceTo]=20000&filter[addCategory]=50&filter[addCatering]=1&filter[addMisc]=0&filter[addTransport]=F&filter[fp]=1&order_by=ofr_price&filter[tourOperator]=0&filter[childAge][1]=20201210","https://fly.pl/cdn/photo/assets/uploads/582/278/2019/11/Aqua-Joy-Resort-By-Sunrise-Group-fly-pl.jpg","https://fly.pl/wycieczka/egipt,hurghada,c/aqua-joy-resort-by-sunrise-group-9/pr2KJbyBRC1FR_eYWuqDX2AAogmqN4sXgqFo7QESmpL55mMMSDj-_QNGc8Ycxnae6cK1UqBEJWUFIw8Mz10gZIlYkBUAFYR2ACag1BbGwgaW5jbHVzaXZlciAcEbVQG-_lBBjv8wy5BO3fE6sEUAGBquHEAQIAYwECC7_WjNk/ofertasv/?filter[tourOperator]=BVPR&filter%5Bperson%5D=2&filter%5BchildAge%5D%5B1%5D=20201210&filter%5Bchild%5D=1","filter_13_16_days","egipt","hurghada","c","2026-07-23","2026-08-06","15","14","Warszawa - Modlin","2+1","egipt|hurghada|2026-07-23|2026-08-06|14|Warszawa - Modlin|2+1"
"Caesar Bay Resort","17597.0","29.07.2026 - 12.08.2026","15 dni/14 nocy","4.3","4.3","1122","tripadvisor","Warszawa%20-%20Modlin","2026-07-20T00:06:04.239525+00:00","https://fly.pl/szukaj-wycieczek/?filter[dest]=11:&filter[hotelids]=&filter[cityids]=0&filter[cregids]=&filter[ofrType]=&filter[addObjType]=&filter[whenFrom]=20-07-2026&filter[whenTo]=19-08-2026&filter[duration]=13:16&filter[from]=Warszawa%20-%20Modlin,Warszawa%20-%20Radom,Warszawa&filter[person]=2&filter[child]=1&filter[price]=4000:20000&filter[PriceFrom]=4000&filter[PriceTo]=20000&filter[addCategory]=50&filter[addCatering]=1&filter[addMisc]=0&filter[addTransport]=F&filter[fp]=1&order_by=ofr_price&filter[tourOperator]=0&filter[childAge][1]=20201210","https://fly.pl/cdn/photo/assets/uploads/582/278/2024/07/caesar-bay-resort.jpg","https://fly.pl/wycieczka/egipt,aleksandria,c/caesar-bay-resort-13/p5sqr5LPFXB_yh4_vs9XxMAAogg1fpgatL32_drrJr25nJRTb9ESUGfmbgr8FV7KeioOUqBFZJVFgw8Mz10gZIvYkBUEFY1wFgAnJAGgBcChUEFwBYAUCPA1PJgwFSAFvOAV7mekvtQ2EATJOsOSDe25gJDQBR4eqZ8mtPx9I4Xdz4gP2ZAQIOYwECDQPYkeQ/ofertasv/?filter[tourOperator]=VITX&filter%5Bperson%5D=2&filter%5BchildAge%5D%5B1%5D=20201210&filter%5Bchild%5D=1","filter_13_16_days","egipt","aleksandria","c","2026-07-29","2026-08-12","15","14","Warszawa - Modlin","2+1","egipt|aleksandria|2026-07-29|2026-08-12|14|Warszawa - Modlin|2+1"
"Old Palace Resort","17697.0","30.07.2026 - 13.08.2026","15 dni/14 nocy","4.6","4.6","3529","tripadvisor","Warszawa%20-%20Modlin","2026-07-20T00:06:04.239525+00:00","https://fly.pl/szukaj-wycieczek/?filter[dest]=11:&filter[hotelids]=&filter[cityids]=0&filter[cregids]=&filter[ofrType]=&filter[addObjType]=&filter[whenFrom]=20-07-2026&filter[whenTo]=19-08-2026&filter[duration]=13:16&filter[from]=Warszawa%20-%20Modlin,Warszawa%20-%20Radom,Warszawa&filter[person]=2&filter[child]=1&filter[price]=4000:20000&filter[PriceFrom]=4000&filter[PriceTo]=20000&filter[addCategory]=50&filter[addCatering]=1&filter[addMisc]=0&filter[addTransport]=F&filter[fp]=1&order_by=ofr_price&filter[tourOperator]=0&filter[childAge][1]=20201210","https://fly.pl/cdn/photo/assets/uploads/582/278/2015/03/Old-Palace-Resort-Sahl-Hasheesh.jpg","https://fly.pl/wycieczka/egipt,hurghada,c/old-palace-resort/p2c8wTHVL0jiGTAeFcfndBAAog33HgKqmGzqJ6sF9UMaRHdvreulq1_TlMmsNcn3wEcp4qBEVDQ1gw8Mz10gZIoYoBUAFY7wFgAmoCQUlyIBwRrDq5BKL3FasEHBjWvSwbn6lBAfe_ou8BAgBjAQULYXhzRA/ofertasv/?filter[tourOperator]=ECCX&filter%5Bperson%5D=2&filter%5BchildAge%5D%5B1%5D=20201210&filter%5Bchild%5D=1","filter_13_16_days","egipt","hurghada","c","2026-07-30","2026-08-13","15","14","Warszawa - Modlin","2+1","egipt|hurghada|2026-07-30|2026-08-13|14|Warszawa - Modlin|2+1"
"Bellagio Beach Resort & Spa (ex. Panorama Bungalows Hurghada)","17750.0","28.07.2026 - 13.08.2026","17 dni/16 nocy","4.3","4.3","4420","tripadvisor","Warszawa%20-%20Modlin","2026-07-20T00:06:04.239525+00:00","https://fly.pl/szukaj-wycieczek/?filter[dest]=11:&filter[hotelids]=&filter[cityids]=0&filter[cregids]=&filter[ofrType]=&filter[addObjType]=&filter[whenFrom]=20-07-2026&filter[whenTo]=19-08-2026&filter[duration]=13:16&filter[from]=Warszawa%20-%20Modlin,Warszawa%20-%20Radom,Warszawa&filter[person]=2&filter[child]=1&filter[price]=4000:20000&filter[PriceFrom]=4000&filter[PriceTo]=20000&filter[addCategory]=50&filter[addCatering]=1&filter[addMisc]=0&filter[addTransport]=F&filter[fp]=1&order_by=ofr_price&filter[tourOperator]=0&filter[childAge][1]=20201210","https://fly.pl/cdn/photo/assets/uploads/582/278/2014/07/Bellagio-Beach-Resort-Spa.jpg","https://fly.pl/wycieczka/egipt,hurghada,c/panorama-bungalow-resort/poPrYEhcSrxArFJgnW7CnfAAogwO8zDWpUkApPuxcS6YlT_KfM9TxeYnpgwwaJChje9WsqBEpPSVAw8Mz10gZI1ooBUEFYvwFgAmoDMDB3ckObARQBXAlYBRUBFwBWAUDKBk-rAV03Uq-rAVMAXq9PS-1DYQARoI4BTMX-OA2L-5cJIAAB3N342JSGzKAwAg5jAQAN7DAjsQ/ofertasv/?filter[tourOperator]=JOIP&filter%5Bperson%5D=2&filter%5BchildAge%5D%5B1%5D=20201210&filter%5Bchild%5D=1","filter_13_16_days","egipt","hurghada","c","2026-07-28","2026-08-13","17","16","Warszawa - Modlin","2+1","egipt|hurghada|2026-07-28|2026-08-13|16|Warszawa - Modlin|2+1"
"Titanic Royal","17851.0","30.07.2026 - 13.08.2026","15 dni/14 nocy","4.8","4.8","4520","tripadvisor","Warszawa%20-%20Modlin","2026-07-20T00:06:04.239525+00:00","https://fly.pl/szukaj-wycieczek/?filter[dest]=11:&filter[hotelids]=&filter[cityids]=0&filter[cregids]=&filter[ofrType]=&filter[addObjType]=&filter[whenFrom]=20-07-2026&filter[whenTo]=19-08-2026&filter[duration]=13:16&filter[from]=Warszawa%20-%20Modlin,Warszawa%20-%20Radom,Warszawa&filter[person]=2&filter[child]=1&filter[price]=4000:20000&filter[PriceFrom]=4000&filter[PriceTo]=20000&filter[addCategory]=50&filter[addCatering]=1&filter[addMisc]=0&filter[addTransport]=F&filter[fp]=1&order_by=ofr_price&filter[tourOperator]=0&filter[childAge][1]=20201210","https://fly.pl/cdn/photo/assets/uploads/582/278/2018/12/Titanic-Royal-fly-pl.jpg","https://fly.pl/wycieczka/egipt,hurghada,c/titanic-royal/pRNuvBKvLRD52kl9mQW1QZAAogd8spWmrlD74FNeEAT1Scmq2Nj6WJoGvHb3j6wPDpBHsqBEVYSU0w8Mz10gZIu4sBUAFY7wFgAmoDVUFJciEcEZK7BrkEi4A-qwQdG6yOMBjr9zYBneqllAkCAGMBAgu8uZOE/ofertasv/?filter[tourOperator]=EXIM&filter%5Bperson%5D=2&filter%5BchildAge%5D%5B1%5D=20201210&filter%5Bchild%5D=1","filter_13_16_days","egipt","hurghada","c","2026-07-30","2026-08-13","15","14","Warszawa - Modlin","2+1","egipt|hurghada|2026-07-30|2026-08-13|14|Warszawa - Modlin|2+1"
"Jaz Elite Maraya","18007.0","04.08.2026 - 18.08.2026","15 dni/14 nocy","4.9","4.9","2697","tripadvisor","Warszawa%20-%20Modlin","2026-07-20T00:06:04.239525+00:00","https://fly.pl/szukaj-wycieczek/?filter[dest]=11:&filter[hotelids]=&filter[cityids]=0&filter[cregids]=&filter[ofrType]=&filter[addObjType]=&filter[whenFrom]=20-07-2026&filter[whenTo]=19-08-2026&filter[duration]=13:16&filter[from]=Warszawa%20-%20Modlin,Warszawa%20-%20Radom,Warszawa&filter[person]=2&filter[child]=1&filter[price]=4000:20000&filter[PriceFrom]=4000&filter[PriceTo]=20000&filter[addCategory]=50&filter[addCatering]=1&filter[addMisc]=0&filter[addTransport]=F&filter[fp]=1&order_by=ofr_price&filter[tourOperator]=0&filter[childAge][1]=20201210","https://fly.pl/cdn/photo/assets/uploads/582/278/2019/08/Jaz-Maraya.jpg","https://fly.pl/wycieczka/egipt,marsa-alam,c/jaz-maraya/pHhGtOrQWbEGg1Nx2HkM8PAAogz9JnTPFnGg2e_lw8moXbErf4_bqd5uQQkpGIo2KSdA8qBEVYSU0w8Mz10gZI14wBUAFY5wJgAmoCQUlyIRwRlcoGuQTN9D2rBB0bpqo8GJj0PQHM09zuCgIAYwECDKQGnNk/ofertasv/?filter[tourOperator]=EXIM&filter%5Bperson%5D=2&filter%5BchildAge%5D%5B1%5D=20201210&filter%5Bchild%5D=1","filter_13_16_days","egipt","marsa-alam","c","2026-08-04","2026-08-18","15","14","Warszawa - Modlin","2+1","egipt|marsa-alam|2026-08-04|2026-08-18|14|Warszawa - Modlin|2+1"
"Albatros Makadi Resort (ex Royal Pharaohs Makadi)","18011.0","30.07.2026 - 13.08.2026","15 dni/14 nocy","","","","","Warszawa%20-%20Modlin","2026-07-20T00:06:04.239525+00:00","https://fly.pl/szukaj-wycieczek/?filter[dest]=11:&filter[hotelids]=&filter[cityids]=0&filter[cregids]=&filter[ofrType]=&filter[addObjType]=&filter[whenFrom]=20-07-2026&filter[whenTo]=19-08-2026&filter[duration]=13:16&filter[from]=Warszawa%20-%20Modlin,Warszawa%20-%20Radom,Warszawa&filter[person]=2&filter[child]=1&filter[price]=4000:20000&filter[PriceFrom]=4000&filter[PriceTo]=20000&filter[addCategory]=50&filter[addCatering]=1&filter[addMisc]=0&filter[addTransport]=F&filter[fp]=1&order_by=ofr_price&filter[tourOperator]=0&filter[childAge][1]=20201210","https://fly.pl/cdn/photo/assets/uploads/582/278/2014/07/Harmony-Makadi-Bay-fly-pl.jpg","https://fly.pl/wycieczka/egipt,hurghada,makadi-bay/harmony-makadi-bay/pI_BOVBixjlvL8NRiInZz3AAogFSdSupv0FaHdUNpUUg7-vq2Nj6WJoGvHb3j6wPDpBHsqBEVYSU0w8Mz10gZI24wBUAFY7wFgAmoCQUlyIRwR_6AGuQSemj6rBB0b0rssGIiALwGRjv6OCAIAYwECDNanurY/ofertasv/?filter[tourOperator]=EXIM&filter%5Bperson%5D=2&filter%5BchildAge%5D%5B1%5D=20201210&filter%5Bchild%5D=1","filter_13_16_days","egipt","hurghada","makadi-bay","2026-07-30","2026-08-13","15","14","Warszawa - Modlin","2+1","egipt|hurghada|2026-07-30|2026-08-13|14|Warszawa - Modlin|2+1"
"Amarina Sun Resort & Aqua Park (ex. Raouf Sun International Aqua Park & SPA)","18106.0","02.08.2026 - 16.08.2026","15 dni/14 nocy","3.9","3.9","307","tripadvisor","Warszawa%20-%20Modlin","2026-07-20T00:06:04.239525+00:00","https://fly.pl/szukaj-wycieczek/?filter[dest]=11:&filter[hotelids]=&filter[cityids]=0&filter[cregids]=&filter[ofrType]=&filter[addObjType]=&filter[whenFrom]=20-07-2026&filter[whenTo]=19-08-2026&filter[duration]=13:16&filter[from]=Warszawa%20-%20Modlin,Warszawa%20-%20Radom,Warszawa&filter[person]=2&filter[child]=1&filter[price]=4000:20000&filter[PriceFrom]=4000&filter[PriceTo]=20000&filter[addCategory]=50&filter[addCatering]=1&filter[addMisc]=0&filter[addTransport]=F&filter[fp]=1&order_by=ofr_price&filter[tourOperator]=0&filter[childAge][1]=20201210","https://fly.pl/cdn/photo/assets/uploads/582/278/2024/07/raouf-sun-international-aqua-park-spa.jpg","https://fly.pl/wycieczka/egipt,sharm-el-sheikh,szarm-el-szejk/raouf-international-aqua-park-spa-14/pta0CgWqxXuzdg7owM65gZAAogJ4x-5kt6uyxnaKUgqhjkyKirIEkpApsu5WO8TpZGVPUqBEpPSVAw8Mz10gZIuo0BUEFYtwJgAmoDMTJvckObARQBXAkVBBcAWAFWAkDKBk_iAV0AXt76AVKmIFMAS8cjYQARz4gBTJaEOQ3V-5cJIAABibf0sOSIzKAwAg1jAQAMq_Y4dw/ofertasv/?filter[tourOperator]=JOIP&filter%5Bperson%5D=2&filter%5BchildAge%5D%5B1%5D=20201210&filter%5Bchild%5D=1","filter_13_16_days","egipt","sharm-el-sheikh","szarm-el-szejk","2026-08-02","2026-08-16","15","14","Warszawa - Modlin","2+1","egipt|sharm-el-sheikh|2026-08-02|2026-08-16|14|Warszawa - Modlin|2+1"
"Sheraton Miramar Resort (El Gouna)","18211.0","30.07.2026 - 13.08.2026","15 dni/14 nocy","4.7","4.7","6257","tripadvisor","Warszawa%20-%20Modlin","2026-07-20T00:06:04.239525+00:00","https://fly.pl/szukaj-wycieczek/?filter[dest]=11:&filter[hotelids]=&filter[cityids]=0&filter[cregids]=&filter[ofrType]=&filter[addObjType]=&filter[whenFrom]=20-07-2026&filter[whenTo]=19-08-2026&filter[duration]=13:16&filter[from]=Warszawa%20-%20Modlin,Warszawa%20-%20Radom,Warszawa&filter[person]=2&filter[child]=1&filter[price]=4000:20000&filter[PriceFrom]=4000&filter[PriceTo]=20000&filter[addCategory]=50&filter[addCatering]=1&filter[addMisc]=0&filter[addTransport]=F&filter[fp]=1&order_by=ofr_price&filter[tourOperator]=0&filter[childAge][1]=20201210","https://fly.pl/cdn/photo/assets/uploads/582/278/2014/07/Sheraton-Miramar-El-Gouna-1.jpg","https://fly.pl/wycieczka/egipt,hurghada,el-gouna/sheraton-miramar-el-gouna/pRCiDvxYDNvYH1ZScIvh8qAAogyT51MRvV3lNGAQPQtdlxK62Nj6WJoGvHb3j6wPDpBHsqBEVYSU0w8Mz10gZIo44BUAFY7wFgAmoDVUFJciEcEZmhBrkEhJo-qwQdG4O8LBiGgC8B4q3-jggCAGMBAgxpP0cd/ofertasv/?filter[tourOperator]=EXIM&filter%5Bperson%5D=2&filter%5BchildAge%5D%5B1%5D=20201210&filter%5Bchild%5D=1","filter_13_16_days","egipt","hurghada","el-gouna","2026-07-30","2026-08-13","15","14","Warszawa - Modlin","2+1","egipt|hurghada|2026-07-30|2026-08-13|14|Warszawa - Modlin|2+1"
"Cleopatra Luxury Resort (Makadi Bay)","18337.0","30.07.2026 - 13.08.2026","15 dni/14 nocy","4.6","4.6","3140","tripadvisor","Warszawa%20-%20Modlin","2026-07-20T00:06:04.239525+00:00","https://fly.pl/szukaj-wycieczek/?filter[dest]=11:&filter[hotelids]=&filter[cityids]=0&filter[cregids]=&filter[ofrType]=&filter[addObjType]=&filter[whenFrom]=20-07-2026&filter[whenTo]=19-08-2026&filter[duration]=13:16&filter[from]=Warszawa%20-%20Modlin,Warszawa%20-%20Radom,Warszawa&filter[person]=2&filter[child]=1&filter[price]=4000:20000&filter[PriceFrom]=4000&filter[PriceTo]=20000&filter[addCategory]=50&filter[addCatering]=1&filter[addMisc]=0&filter[addTransport]=F&filter[fp]=1&order_by=ofr_price&filter[tourOperator]=0&filter[childAge][1]=20201210","https://fly.pl/cdn/photo/assets/uploads/582/278/2014/10/Cleopatra-Luxury-Resort-Makadi-Bay.jpg","https://fly.pl/wycieczka/egipt,hurghada,makadi-bay/cleopatra-luxury-resort-makadi-bay/pnxgwe6jya6C5nmVjm0WQLAAogorB7RiNKVrkd6NziFbw3aizsddqMlWT-AJr_RmPXVRQqBE9BU0kw8Mz10gZIoY8BUAFY7wFgAmoDQUlsciEcEcyPAbkEl7wPqwQcG-vMChi2xwsB25SH_wECAGMBAgbBgOpC/ofertasv/?filter[tourOperator]=OASI&filter%5Bperson%5D=2&filter%5BchildAge%5D%5B1%5D=20201210&filter%5Bchild%5D=1","filter_13_16_days","egipt","hurghada","makadi-bay","2026-07-30","2026-08-13","15","14","Warszawa - Modlin","2+1","egipt|hurghada|2026-07-30|2026-08-13|14|Warszawa - Modlin|2+1"
"Amarina Star Resort & Aqua Park (ex. Raouf Star)","18362.0","02.08.2026 - 16.08.2026","15 dni/14 nocy","4.2","4.2","99","tripadvisor","Warszawa%20-%20Modlin","2026-07-20T00:06:04.239525+00:00","https://fly.pl/szukaj-wycieczek/?filter[dest]=11:&filter[hotelids]=&filter[cityids]=0&filter[cregids]=&filter[ofrType]=&filter[addObjType]=&filter[whenFrom]=20-07-2026&filter[whenTo]=19-08-2026&filter[duration]=13:16&filter[from]=Warszawa%20-%20Modlin,Warszawa%20-%20Radom,Warszawa&filter[person]=2&filter[child]=1&filter[price]=4000:20000&filter[PriceFrom]=4000&filter[PriceTo]=20000&filter[addCategory]=50&filter[addCatering]=1&filter[addMisc]=0&filter[addTransport]=F&filter[fp]=1&order_by=ofr_price&filter[tourOperator]=0&filter[childAge][1]=20201210","https://fly.pl/cdn/photo/assets/uploads/582/278/2023/04/Amarina-Star-Resort-Aqua-Park.jpg","https://fly.pl/wycieczka/egipt,sharm-el-sheikh,szarm-el-szejk/raouf-star-15/pWT8ExwtrtotukHR3hUnTMAAogrjZn42oaYy8c7_c5OcatY6irIEkpApsu5WO8TpZGVPUqBEpPSVAw8Mz10gZIuo8BUEFYtwJgAmoDMTJvckObARQBXAkVBBcAWAFWAkDKBk_iAV0AXt76AVKmIFMAS8cjYQAR9qcBTO_kOA3V-5cJIAABl9-8gOWIzKAwAg1jAQAMwxm9TA/ofertasv/?filter[tourOperator]=JOIP&filter%5Bperson%5D=2&filter%5BchildAge%5D%5B1%5D=20201210&filter%5Bchild%5D=1","filter_13_16_days","egipt","sharm-el-sheikh","szarm-el-szejk","2026-08-02","2026-08-16","15","14","Warszawa - Modlin","2+1","egipt|sharm-el-sheikh|2026-08-02|2026-08-16|14|Warszawa - Modlin|2+1"
"Jaz Aquamarine Resort","18367.0","23.07.2026 - 06.08.2026","15 dni/14 nocy","4.6","4.6","16994","tripadvisor","Warszawa%20-%20Modlin","2026-07-20T00:06:04.239525+00:00","https://fly.pl/szukaj-wycieczek/?filter[dest]=11:&filter[hotelids]=&filter[cityids]=0&filter[cregids]=&filter[ofrType]=&filter[addObjType]=&filter[whenFrom]=20-07-2026&filter[whenTo]=19-08-2026&filter[duration]=13:16&filter[from]=Warszawa%20-%20Modlin,Warszawa%20-%20Radom,Warszawa&filter[person]=2&filter[child]=1&filter[price]=4000:20000&filter[PriceFrom]=4000&filter[PriceTo]=20000&filter[addCategory]=50&filter[addCatering]=1&filter[addMisc]=0&filter[addTransport]=F&filter[fp]=1&order_by=ofr_price&filter[tourOperator]=0&filter[childAge][1]=20201210","https://fly.pl/cdn/photo/assets/uploads/582/278/2016/11/jaz-aquamarine-ex-iberotel-egipt-hurghada-1b.jpg","https://fly.pl/wycieczka/egipt,hurghada,c/jaz-aquamarine-ex-iberotel-aquamarine/pg8sEjV4phg--VOyYMCXliAAogqvhzbgKRCiMvuOTNG0Qcye5NDLk6HnpoGIQ3DifDZswqBE9BU0kw8Mz10gZIv48BUAFYR2ACagNBSWxyIRwRo48BuQS_vA-rBBwb1d0MGMOOEQGp1tqFAgIAYwECC8NBE6w/ofertasv/?filter[tourOperator]=OASI&filter%5Bperson%5D=2&filter%5BchildAge%5D%5B1%5D=20201210&filter%5Bchild%5D=1","filter_13_16_days","egipt","hurghada","c","2026-07-23","2026-08-06","15","14","Warszawa - Modlin","2+1","egipt|hurghada|2026-07-23|2026-08-06|14|Warszawa - Modlin|2+1"
"Azur One Eleven","18442.0","31.07.2026 - 14.08.2026","15 dni/14 nocy","","","","","Warszawa%20-%20Modlin","2026-07-20T00:06:04.239525+00:00","https://fly.pl/szukaj-wycieczek/?filter[dest]=11:&filter[hotelids]=&filter[cityids]=0&filter[cregids]=&filter[ofrType]=&filter[addObjType]=&filter[whenFrom]=20-07-2026&filter[whenTo]=19-08-2026&filter[duration]=13:16&filter[from]=Warszawa%20-%20Modlin,Warszawa%20-%20Radom,Warszawa&filter[person]=2&filter[child]=1&filter[price]=4000:20000&filter[PriceFrom]=4000&filter[PriceTo]=20000&filter[addCategory]=50&filter[addCatering]=1&filter[addMisc]=0&filter[addTransport]=F&filter[fp]=1&order_by=ofr_price&filter[tourOperator]=0&filter[childAge][1]=20201210","https://datacfstatic.merlinx.pl/WEZY/IMG/78894/cc8d1d51077096f59944ba845d3d6e137f5026f7347a564b583f668b9da31318.webp","https://fly.pl/wycieczka/egipt,dolny-egipt,al-alamajn/azur-one-eleven-12/p5itAt7wO7dXz7sUBuz-mfAAogt32iqRW8yQ2swq_MhsKRGwAAAAAZmAQAMpgEAA4AHQAqBFdFWlkw9Mz10gZIipABUEFYhwJgA2oJRW50ZXIgQWlyagQwNjQwckOeAZMBHwACARwAFgQXCRLmAxSKBRU3GMACQKx1T8YFTABLocABUAARpqECHevHDSAZG5vAZQ2u3twIARJjAQxjAQIFckKPBg/ofertasv/?filter[tourOperator]=WEZY&filter%5Bperson%5D=2&filter%5BchildAge%5D%5B1%5D=20201210&filter%5Bchild%5D=1","filter_13_16_days","egipt","dolny-egipt","al-alamajn","2026-07-31","2026-08-14","15","14","Warszawa - Modlin","2+1","egipt|dolny-egipt|2026-07-31|2026-08-14|14|Warszawa - Modlin|2+1"
"Pickalbatros Dana Beach Resort","18531.0","30.07.2026 - 13.08.2026","15 dni/14 nocy","4.4","4.4","2844","tripadvisor","Warszawa%20-%20Modlin","2026-07-20T00:06:04.239525+00:00","https://fly.pl/szukaj-wycieczek/?filter[dest]=11:&filter[hotelids]=&filter[cityids]=0&filter[cregids]=&filter[ofrType]=&filter[addObjType]=&filter[whenFrom]=20-07-2026&filter[whenTo]=19-08-2026&filter[duration]=13:16&filter[from]=Warszawa%20-%20Modlin,Warszawa%20-%20Radom,Warszawa&filter[person]=2&filter[child]=1&filter[price]=4000:20000&filter[PriceFrom]=4000&filter[PriceTo]=20000&filter[addCategory]=50&filter[addCatering]=1&filter[addMisc]=0&filter[addTransport]=F&filter[fp]=1&order_by=ofr_price&filter[tourOperator]=0&filter[childAge][1]=20201210","https://fly.pl/cdn/photo/assets/uploads/582/278/2014/10/Dana-Beach-Resort-fly-pl-1.jpg","https://fly.pl/wycieczka/egipt,hurghada,c/dana-beach/pRmkKzfal08dTNIWxi8O3XAAogpa_M6svSyJsm0dO0zy9hEK2Nj6WJoGvHb3j6wPDpBHsqBEVYSU0w9Mz10gZI45ABUAFY7wFgAmoCQUlyIRwRhqEGuQSXmj6rBB0bt7ksGMmALwGPzv2OCAIAYwECDC5r5gQ/ofertasv/?filter[tourOperator]=EXIM&filter%5Bperson%5D=2&filter%5BchildAge%5D%5B1%5D=20201210&filter%5Bchild%5D=1","filter_13_16_days","egipt","hurghada","c","2026-07-30","2026-08-13","15","14","Warszawa - Modlin","2+1","egipt|hurghada|2026-07-30|2026-08-13|14|Warszawa - Modlin|2+1"
"Rewaya Luxury Resort","18536.0","28.07.2026 - 13.08.2026","17 dni/16 nocy","","","","","Warszawa%20-%20Modlin","2026-07-20T00:06:04.239525+00:00","https://fly.pl/szukaj-wycieczek/?filter[dest]=11:&filter[hotelids]=&filter[cityids]=0&filter[cregids]=&filter[ofrType]=&filter[addObjType]=&filter[whenFrom]=20-07-2026&filter[whenTo]=19-08-2026&filter[duration]=13:16&filter[from]=Warszawa%20-%20Modlin,Warszawa%20-%20Radom,Warszawa&filter[person]=2&filter[child]=1&filter[price]=4000:20000&filter[PriceFrom]=4000&filter[PriceTo]=20000&filter[addCategory]=50&filter[addCatering]=1&filter[addMisc]=0&filter[addTransport]=F&filter[fp]=1&order_by=ofr_price&filter[tourOperator]=0&filter[childAge][1]=20201210","https://datacfstatic.merlinx.pl/JOIP/IMG/75613/ca53a852b9754b381df45c764cf7c8e113aa8a26829c186164884a0d989a386c.webp","https://fly.pl/wycieczka/egipt,hurghada,c/rewaya-luxury-resort-9/p6EyaJQKggjanItnO6fzi0AAogvauBBqkQuQfYGI2-UYvDqKfM9TxeYnpgwwaJChje9WsqBEpPSVAw9Mz10gZI6JABUEFYvwFgAmoDQ0dtckObARQBXAlYBRUBFwBWAUDKBk-rAV03Uq-rAVMAXq9PS-1DYQAR1YcCTJCFOA2L-5cJIAAB0be0yJWGzKAwAg5jAQANxoHzcg/ofertasv/?filter[tourOperator]=JOIP&filter%5Bperson%5D=2&filter%5BchildAge%5D%5B1%5D=20201210&filter%5Bchild%5D=1","filter_13_16_days","egipt","hurghada","c","2026-07-28","2026-08-13","17","16","Warszawa - Modlin","2+1","egipt|hurghada|2026-07-28|2026-08-13|16|Warszawa - Modlin|2+1"
"Movenpick Waterpark Resort & Spa Soma Bay","18637.0","23.07.2026 - 06.08.2026","15 dni/14 nocy","4.3","4.3","3920","tripadvisor","Warszawa%20-%20Modlin","2026-07-20T00:06:04.239525+00:00","https://fly.pl/szukaj-wycieczek/?filter[dest]=11:&filter[hotelids]=&filter[cityids]=0&filter[cregids]=&filter[ofrType]=&filter[addObjType]=&filter[whenFrom]=20-07-2026&filter[whenTo]=19-08-2026&filter[duration]=13:16&filter[from]=Warszawa%20-%20Modlin,Warszawa%20-%20Radom,Warszawa&filter[person]=2&filter[child]=1&filter[price]=4000:20000&filter[PriceFrom]=4000&filter[PriceTo]=20000&filter[addCategory]=50&filter[addCatering]=1&filter[addMisc]=0&filter[addTransport]=F&filter[fp]=1&order_by=ofr_price&filter[tourOperator]=0&filter[childAge][1]=20201210","https://fly.pl/cdn/photo/assets/uploads/582/278/2009/02/Movenpick-Soma-Bay2539.jpg","https://fly.pl/wycieczka/egipt,hurghada,c/movenpick-soma-bay/pTPhFCYWEyR-slgNxPkTy8AAog5VEzGtXD4Ha8R3WR3lGYfcSDj-_QNGc8Ycxnae6cK1UqBEJWUFIw9Mz10gZIzZEBUAFYR2ACag1BbGwgaW5jbHVzaXZlciAcEbVBG_j-BBiulQ25BKW0E6sEUAGW6O7IAQIAYwECC1mZj-c/ofertasv/?filter[tourOperator]=BVPR&filter%5Bperson%5D=2&filter%5BchildAge%5D%5B1%5D=20201210&filter%5Bchild%5D=1","filter_13_16_days","egipt","hurghada","c","2026-07-23","2026-08-06","15","14","Warszawa - Modlin","2+1","egipt|hurghada|2026-07-23|2026-08-06|14|Warszawa - Modlin|2+1"
"Continental (ex Movenpick Resort)","18784.0","30.07.2026 - 13.08.2026","15 dni/14 nocy","4.5","4.5","4128","tripadvisor","Warszawa%20-%20Modlin","2026-07-20T00:06:04.239525+00:00","https://fly.pl/szukaj-wycieczek/?filter[dest]=11:&filter[hotelids]=&filter[cityids]=0&filter[cregids]=&filter[ofrType]=&filter[addObjType]=&filter[whenFrom]=20-07-2026&filter[whenTo]=19-08-2026&filter[duration]=13:16&filter[from]=Warszawa%20-%20Modlin,Warszawa%20-%20Radom,Warszawa&filter[person]=2&filter[child]=1&filter[price]=4000:20000&filter[PriceFrom]=4000&filter[PriceTo]=20000&filter[addCategory]=50&filter[addCatering]=1&filter[addMisc]=0&filter[addTransport]=F&filter[fp]=1&order_by=ofr_price&filter[tourOperator]=0&filter[childAge][1]=20201210","https://fly.pl/cdn/photo/assets/uploads/582/278/2014/09/Continental-Resort.jpg","https://fly.pl/wycieczka/egipt,hurghada,c/movenpick-resort-hurghada-ex-continental-resort/pT8p7OiKko7L2BTWTFqz3FAAogo9VIhLdFrv57alHoi3K1BSiBJ7nomIqOFBE3ll3TZeYqBFJOQlcw9Mz10gZI4JIBUEFY7wFgAmoEQndjcmoXMjk2LDM4MCw0NzcsNDgzLDQ4NCw0ODVyN58BngEVDhcAWAEKjQFAuwYR4SUZjC8QvQRS61JTAEuckwFhAB3S8j8POyDllJIJDQACDGMBBAvjE1Jk/ofertasv/?filter[tourOperator]=RNBW&filter%5Bperson%5D=2&filter%5BchildAge%5D%5B1%5D=20201210&filter%5Bchild%5D=1","filter_13_16_days","egipt","hurghada","c","2026-07-30","2026-08-13","15","14","Warszawa - Modlin","2+1","egipt|hurghada|2026-07-30|2026-08-13|14|Warszawa - Modlin|2+1"
"Palm Royale Soma Bay","19291.0","30.07.2026 - 13.08.2026","15 dni/14 nocy","4.7","4.7","7140","tripadvisor","Warszawa%20-%20Modlin","2026-07-20T00:06:04.239525+00:00","https://fly.pl/szukaj-wycieczek/?filter[dest]=11:&filter[hotelids]=&filter[cityids]=0&filter[cregids]=&filter[ofrType]=&filter[addObjType]=&filter[whenFrom]=20-07-2026&filter[whenTo]=19-08-2026&filter[duration]=13:16&filter[from]=Warszawa%20-%20Modlin,Warszawa%20-%20Radom,Warszawa&filter[person]=2&filter[child]=1&filter[price]=4000:20000&filter[PriceFrom]=4000&filter[PriceTo]=20000&filter[addCategory]=50&filter[addCatering]=1&filter[addMisc]=0&filter[addTransport]=F&filter[fp]=1&order_by=ofr_price&filter[tourOperator]=0&filter[childAge][1]=20201210","https://fly.pl/cdn/photo/assets/uploads/582/278/2014/09/Palm-Royale-Resort-Soma-Bay.jpg","https://fly.pl/wycieczka/egipt,hurghada,soma-bay/palm-royale-soma-bay/piwuOf27gMbBAINdjd68-VAAogxovyOZUkmerz3ZijASjAzK2Nj6WJoGvHb3j6wPDpBHsqBEVYSU0w9Mz10gZI25YBUAFY7wFgAmoCQUlyIRwRj6EGuQSOmj6rBB0bu7ssGIyALwHw24CPCAIAYwECDQoaWAE/ofertasv/?filter[tourOperator]=EXIM&filter%5Bperson%5D=2&filter%5BchildAge%5D%5B1%5D=20201210&filter%5Bchild%5D=1","filter_13_16_days","egipt","hurghada","soma-bay","2026-07-30","2026-08-13","15","14","Warszawa - Modlin","2+1","egipt|hurghada|2026-07-30|2026-08-13|14|Warszawa - Modlin|2+1"
"Shams Lodge Resort","19459.0","28.07.2026 - 13.08.2026","17 dni/16 nocy","4.3","4.3","46","tripadvisor","Warszawa%20-%20Modlin","2026-07-20T00:06:04.239525+00:00","https://fly.pl/szukaj-wycieczek/?filter[dest]=11:&filter[hotelids]=&filter[cityids]=0&filter[cregids]=&filter[ofrType]=&filter[addObjType]=&filter[whenFrom]=20-07-2026&filter[whenTo]=19-08-2026&filter[duration]=13:16&filter[from]=Warszawa%20-%20Modlin,Warszawa%20-%20Radom,Warszawa&filter[person]=2&filter[child]=1&filter[price]=4000:20000&filter[PriceFrom]=4000&filter[PriceTo]=20000&filter[addCategory]=50&filter[addCatering]=1&filter[addMisc]=0&filter[addTransport]=F&filter[fp]=1&order_by=ofr_price&filter[tourOperator]=0&filter[childAge][1]=20201210","https://fly.pl/cdn/photo/assets/uploads/582/278/2024/07/shams-lodge.jpg","https://fly.pl/wycieczka/egipt,hurghada,soma-bay/shams-lodge-12/prlolHYe92PNVHTKFBfi4FAAogMFklFzRt83iLfZzrHGd0SKfM9TxeYnpgwwaJChje9WsqBEpPSVAw9Mz10gZIg5gBUEFYvwFgAmoDMDBmckObARQBXAlYBRUBFwBWAUDKBk-rAV03Uq-rAVMAXq9PS-1DYQARwIoBTKWCOQ2L-5cJIAABuqGQuJWGzKAwAg1jAQAMUJDDpg/ofertasv/?filter[tourOperator]=JOIP&filter%5Bperson%5D=2&filter%5BchildAge%5D%5B1%5D=20201210&filter%5Bchild%5D=1","filter_13_16_days","egipt","hurghada","soma-bay","2026-07-28","2026-08-13","17","16","Warszawa - Modlin","2+1","egipt|hurghada|2026-07-28|2026-08-13|16|Warszawa - Modlin|2+1"
"IL Mercato Splash Aqua Park","19575.0","02.08.2026 - 16.08.2026","15 dni/14 nocy","4.4","4.4","2214","tripadvisor","Warszawa%20-%20Modlin","2026-07-20T00:06:04.239525+00:00","https://fly.pl/szukaj-wycieczek/?filter[dest]=11:&filter[hotelids]=&filter[cityids]=0&filter[cregids]=&filter[ofrType]=&filter[addObjType]=&filter[whenFrom]=20-07-2026&filter[whenTo]=19-08-2026&filter[duration]=13:16&filter[from]=Warszawa%20-%20Modlin,Warszawa%20-%20Radom,Warszawa&filter[person]=2&filter[child]=1&filter[price]=4000:20000&filter[PriceFrom]=4000&filter[PriceTo]=20000&filter[addCategory]=50&filter[addCatering]=1&filter[addMisc]=0&filter[addTransport]=F&filter[fp]=1&order_by=ofr_price&filter[tourOperator]=0&filter[childAge][1]=20201210","https://fly.pl/cdn/photo/assets/uploads/582/278/2014/07/Il-Mercato-Hotel-Spa-Sharm-El-Sheikh.jpg","https://fly.pl/wycieczka/egipt,sharm-el-sheikh,c/iberotel-il-mercato/pUsptYtji2eGQtRrXo7-BnAAogfSvaknw8x1v8V103XjwinairIEkpApsu5WO8TpZGVPUqBEpPSVAw9Mz10gZI95gBUEFYtwJgAmoDQ0dtckKbARQBXAkVBBcAWAFWAkDKBk_iAV0AXt76ARHLF1LbCFMAS8cjYQBM5Yw6DdX7lwkgAAGJlfifhYnMoDACDWMBAAvOWY6K/ofertasv/?filter[tourOperator]=JOIP&filter%5Bperson%5D=2&filter%5BchildAge%5D%5B1%5D=20201210&filter%5Bchild%5D=1","filter_13_16_days","egipt","sharm-el-sheikh","c","2026-08-02","2026-08-16","15","14","Warszawa - Modlin","2+1","egipt|sharm-el-sheikh|2026-08-02|2026-08-16|14|Warszawa - Modlin|2+1"
"Steigenberger Aqua Magic","19627.0","30.07.2026 - 13.08.2026","15 dni/14 nocy","4.6","4.6","10361","tripadvisor","Warszawa%20-%20Modlin","2026-07-20T00:06:04.239525+00:00","https://fly.pl/szukaj-wycieczek/?filter[dest]=11:&filter[hotelids]=&filter[cityids]=0&filter[cregids]=&filter[ofrType]=&filter[addObjType]=&filter[whenFrom]=20-07-2026&filter[whenTo]=19-08-2026&filter[duration]=13:16&filter[from]=Warszawa%20-%20Modlin,Warszawa%20-%20Radom,Warszawa&filter[person]=2&filter[child]=1&filter[price]=4000:20000&filter[PriceFrom]=4000&filter[PriceTo]=20000&filter[addCategory]=50&filter[addCatering]=1&filter[addMisc]=0&filter[addTransport]=F&filter[fp]=1&order_by=ofr_price&filter[tourOperator]=0&filter[childAge][1]=20201210","https://fly.pl/cdn/photo/assets/uploads/582/278/2014/09/Steigenberger-Aqua-Magic.jpg","https://fly.pl/wycieczka/egipt,hurghada,c/steigenberger-aqua-magic/p6Mf8V9ZxDfoeBB45n3Vv9AAog8NCz1jnfYmouw8Lswa0owCzsddqMlWT-AJr_RmPXVRQqBE9BU0kw9Mz10gZIq5kBUAFY7wFgAmoDQUlsciEcEeuPAbkE-LsPqwQcG6L4CBj9pg0B9_iD_wECAGMBAgtWH6_B/ofertasv/?filter[tourOperator]=OASI&filter%5Bperson%5D=2&filter%5BchildAge%5D%5B1%5D=20201210&filter%5Bchild%5D=1","filter_13_16_days","egipt","hurghada","c","2026-07-30","2026-08-13","15","14","Warszawa - Modlin","2+1","egipt|hurghada|2026-07-30|2026-08-13|14|Warszawa - Modlin|2+1"
"Jaz Elite Asteria (Hurghada)","19651.0","30.07.2026 - 13.08.2026","15 dni/14 nocy","4.9","4.9","620","tripadvisor","Warszawa%20-%20Modlin","2026-07-20T00:06:04.239525+00:00","https://fly.pl/szukaj-wycieczek/?filter[dest]=11:&filter[hotelids]=&filter[cityids]=0&filter[cregids]=&filter[ofrType]=&filter[addObjType]=&filter[whenFrom]=20-07-2026&filter[whenTo]=19-08-2026&filter[duration]=13:16&filter[from]=Warszawa%20-%20Modlin,Warszawa%20-%20Radom,Warszawa&filter[person]=2&filter[child]=1&filter[price]=4000:20000&filter[PriceFrom]=4000&filter[PriceTo]=20000&filter[addCategory]=50&filter[addCatering]=1&filter[addMisc]=0&filter[addTransport]=F&filter[fp]=1&order_by=ofr_price&filter[tourOperator]=0&filter[childAge][1]=20201210","https://fly.pl/cdn/photo/assets/uploads/582/278/2024/07/jaz-asteria-beach.jpg","https://fly.pl/wycieczka/egipt,hurghada,sahl-hasheesh/jaz-asteria-beach-11/pxIyTZivALQh9eMqaJfWfNAAogGB8ufi9hpVZMNmRt4IP9wK2Nj6WJoGvHb3j6wPDpBHsqBEVYSU0w9Mz10gZIw5kBUAFY7wFgAmoCQUlyIRwR6sUGuQSz9T2rBB0bnL06GMnGOwHilKmuCgIAYwECDFU9Fw8/ofertasv/?filter[tourOperator]=EXIM&filter%5Bperson%5D=2&filter%5BchildAge%5D%5B1%5D=20201210&filter%5Bchild%5D=1","filter_13_16_days","egipt","hurghada","sahl-hasheesh","2026-07-30","2026-08-13","15","14","Warszawa - Modlin","2+1","egipt|hurghada|2026-07-30|2026-08-13|14|Warszawa - Modlin|2+1"
"Swiss Inn Resort Hurghada (ex. Hilton Hurghada Resort)","19717.0","04.08.2026 - 18.08.2026","15 dni/14 nocy","4.6","4.6","1857","tripadvisor","Warszawa%20-%20Modlin","2026-07-20T00:06:04.239525+00:00","https://fly.pl/szukaj-wycieczek/?filter[dest]=11:&filter[hotelids]=&filter[cityids]=0&filter[cregids]=&filter[ofrType]=&filter[addObjType]=&filter[whenFrom]=20-07-2026&filter[whenTo]=19-08-2026&filter[duration]=13:16&filter[from]=Warszawa%20-%20Modlin,Warszawa%20-%20Radom,Warszawa&filter[person]=2&filter[child]=1&filter[price]=4000:20000&filter[PriceFrom]=4000&filter[PriceTo]=20000&filter[addCategory]=50&filter[addCatering]=1&filter[addMisc]=0&filter[addTransport]=F&filter[fp]=1&order_by=ofr_price&filter[tourOperator]=0&filter[childAge][1]=20201210","https://fly.pl/cdn/photo/assets/uploads/582/278/2014/07/Swiss-Inn-Resort-Hurghada.jpg","https://fly.pl/wycieczka/egipt,hurghada,c/hilton-resort/pMDsoSzc6K_szYYWhjpaI1AAogBPxRjJUNxlM5GsP1oJ_9PKYCqhTe_n6MbchAIJ0eSLUqBEpPSVAw9Mz10gZIhZoBUEFY5wJgAmoDTUlvckKbARQBXAkVBBcAWAFWAkDKBk_iAV0AUq-rAVMAEYwaXqM1S-1DYQBM5Yw6Ddf7lwkgAAGQvbjwlIbMoDACDWMBAAv-LRR3/ofertasv/?filter[tourOperator]=JOIP&filter%5Bperson%5D=2&filter%5BchildAge%5D%5B1%5D=20201210&filter%5Bchild%5D=1","filter_13_16_days","egipt","hurghada","c","2026-08-04","2026-08-18","15","14","Warszawa - Modlin","2+1","egipt|hurghada|2026-08-04|2026-08-18|14|Warszawa - Modlin|2+1"
"Hilton Plaza (Hurghada)","19747.0","23.07.2026 - 06.08.2026","15 dni/14 nocy","4.6","4.6","4144","tripadvisor","Warszawa%20-%20Modlin","2026-07-20T00:06:04.239525+00:00","https://fly.pl/szukaj-wycieczek/?filter[dest]=11:&filter[hotelids]=&filter[cityids]=0&filter[cregids]=&filter[ofrType]=&filter[addObjType]=&filter[whenFrom]=20-07-2026&filter[whenTo]=19-08-2026&filter[duration]=13:16&filter[from]=Warszawa%20-%20Modlin,Warszawa%20-%20Radom,Warszawa&filter[person]=2&filter[child]=1&filter[price]=4000:20000&filter[PriceFrom]=4000&filter[PriceTo]=20000&filter[addCategory]=50&filter[addCatering]=1&filter[addMisc]=0&filter[addTransport]=F&filter[fp]=1&order_by=ofr_price&filter[tourOperator]=0&filter[childAge][1]=20201210","https://fly.pl/cdn/photo/assets/uploads/582/278/2014/10/Hilton-Plaza.jpg","https://fly.pl/wycieczka/egipt,hurghada,c/hilton-plaza-hurghada/pESeAtrE6KnI--h5p7VlonAAogixiwehGqsdBsldPRI3nrXO5NDLk6HnpoGIQ3DifDZswqBE9BU0kw9Mz10gZIo5oBUAFYR2ACagNBSWxyIRwRn48BuQTDvA-rBBwb6NkHGLm3DgHJ4oL_AQIAYwECBRVQ6jQ/ofertasv/?filter[tourOperator]=OASI&filter%5Bperson%5D=2&filter%5BchildAge%5D%5B1%5D=20201210&filter%5Bchild%5D=1","filter_13_16_days","egipt","hurghada","c","2026-07-23","2026-08-06","15","14","Warszawa - Modlin","2+1","egipt|hurghada|2026-07-23|2026-08-06|14|Warszawa - Modlin|2+1"
"Jaz Royal Palmariva","19837.0","30.07.2026 - 13.08.2026","15 dni/14 nocy","4.5","4.5","5154","tripadvisor","Warszawa%20-%20Modlin","2026-07-20T00:06:04.239525+00:00","https://fly.pl/szukaj-wycieczek/?filter[dest]=11:&filter[hotelids]=&filter[cityids]=0&filter[cregids]=&filter[ofrType]=&filter[addObjType]=&filter[whenFrom]=20-07-2026&filter[whenTo]=19-08-2026&filter[duration]=13:16&filter[from]=Warszawa%20-%20Modlin,Warszawa%20-%20Radom,Warszawa&filter[person]=2&filter[child]=1&filter[price]=4000:20000&filter[PriceFrom]=4000&filter[PriceTo]=20000&filter[addCategory]=50&filter[addCatering]=1&filter[addMisc]=0&filter[addTransport]=F&filter[fp]=1&order_by=ofr_price&filter[tourOperator]=0&filter[childAge][1]=20201210","https://fly.pl/cdn/photo/assets/uploads/582/278/2014/07/Labranda-Royal-Makadi.jpg","https://fly.pl/wycieczka/egipt,hurghada,makadi-bay/royal-azur-resort/pqDJvEhd8oQWSvwkTiwo9CAAogW9al5JRc4GoLjsqghpoLIE76qeMUbuzVLLNWba8sXdwqBEJWUFIw9Mz10gZI_ZoBUAFY7wFgAmoNQWxsIGluY2x1c2l2ZXIgHBHcMBuNngQYh78MuQSR_BSrBFABzMTdrwECAGMBAgvkg0eo/ofertasv/?filter[tourOperator]=BVPR&filter%5Bperson%5D=2&filter%5BchildAge%5D%5B1%5D=20201210&filter%5Bchild%5D=1","filter_13_16_days","egipt","hurghada","makadi-bay","2026-07-30","2026-08-13","15","14","Warszawa - Modlin","2+1","egipt|hurghada|2026-07-30|2026-08-13|14|Warszawa - Modlin|2+1"
"Jaz Almaza Blu","19997.0","22.07.2026 - 05.08.2026","15 dni/14 nocy","","","","","Warszawa%20-%20Modlin","2026-07-20T00:06:04.239525+00:00","https://fly.pl/szukaj-wycieczek/?filter[dest]=11:&filter[hotelids]=&filter[cityids]=0&filter[cregids]=&filter[ofrType]=&filter[addObjType]=&filter[whenFrom]=20-07-2026&filter[whenTo]=19-08-2026&filter[duration]=13:16&filter[from]=Warszawa%20-%20Modlin,Warszawa%20-%20Radom,Warszawa&filter[person]=2&filter[child]=1&filter[price]=4000:20000&filter[PriceFrom]=4000&filter[PriceTo]=20000&filter[addCategory]=50&filter[addCatering]=1&filter[addMisc]=0&filter[addTransport]=F&filter[fp]=1&order_by=ofr_price&filter[tourOperator]=0&filter[childAge][1]=20201210","https://datacfstatic.merlinx.pl/ITAK/IMG/DBBJAZB/6d2b0aaef3fad164fc83046e3d58423011b3bbab07378933e5469c476895505f.webp","https://fly.pl/wycieczka/egipt,dolny-egipt,marsa-matrouh/jaz-almaza-blue-11/pJiIGNkkYTskIpS_G6m-aXAAog0jK1geznvuH54Mdr0_9FCyZB7Kmaam3c56mMGGIgwzUqBFZJVFgw9Mz10gZInZwBUEFYL2ACckAaAFwKFQQXAFgBQI8DU8mDAVIAW8YFXu52S-1DYQBMlaw5INXbmAkNAFHlu63ya0_KgSVd3PiA_ZkBAgxjAQILI4VVrw/ofertasv/?filter[tourOperator]=VITX&filter%5Bperson%5D=2&filter%5BchildAge%5D%5B1%5D=20201210&filter%5Bchild%5D=1","filter_13_16_days","egipt","dolny-egipt","marsa-matrouh","2026-07-22","2026-08-05","15","14","Warszawa - Modlin","2+1","egipt|dolny-egipt|2026-07-22|2026-08-05|14|Warszawa - Modlin|2+1"
"Cardina Resort by Sunrise","11127.0","25.07.2026 - 09.08.2026","16 dni/14 nocy","4.0","4.0","1272","tripadvisor","Warszawa%20-%20Modlin","2026-07-20T02:17:54.168457+00:00","https://fly.pl/szukaj-wycieczek/?filter[dest]=11:&filter[hotelids]=&filter[cityids]=0&filter[cregids]=&filter[ofrType]=&filter[addObjType]=&filter[whenFrom]=20-07-2026&filter[whenTo]=19-08-2026&filter[duration]=13:16&filter[from]=Warszawa%20-%20Modlin,Warszawa%20-%20Radom,Warszawa&filter[person]=2&filter[child]=1&filter[price]=4000:20000&filter[PriceFrom]=4000&filter[PriceTo]=20000&filter[addCategory]=50&filter[addCatering]=1&filter[addMisc]=0&filter[addTransport]=F&filter[fp]=1&order_by=ofr_price&filter[tourOperator]=0&filter[childAge][1]=20201210","https://fly.pl/cdn/photo/assets/uploads/582/278/2016/11/Aurora-Oriental-Bay-Marsa-Alam.jpg","https://fly.pl/wycieczka/egipt,marsa-alam,c/aurora-oriental-bay-marsa-alam/p_98VfuE4iKHxbPiYghN6NAAogeEs4ibsQ8g5P2y24z-TD4CDv-TuTJihDcUr9GdEWPN8qBEJWUFIw04r20gZI91ZQAVh1YAJqDUFsbCBpbmNsdXNpdmVyIBwRm1Abk-IEGKnjDLkE4e8TqwQeAZbEgcIBAgBjAQILWw4AMQ/ofertasv/?filter[tourOperator]=BVPR&filter%5Bperson%5D=2&filter%5BchildAge%5D%5B1%5D=20201210&filter%5Bchild%5D=1","filter_13_16_days","egipt","marsa-alam","c","2026-07-25","2026-08-09","16","14","Warszawa - Modlin","2+1","egipt|marsa-alam|2026-07-25|2026-08-09|14|Warszawa - Modlin|2+1"
"Amarina Queen Resort","11587.0","25.07.2026 - 09.08.2026","16 dni/14 nocy","4.7","4.7","1143","tripadvisor","Warszawa%20-%20Modlin","2026-07-20T02:17:54.168457+00:00","https://fly.pl/szukaj-wycieczek/?filter[dest]=11:&filter[hotelids]=&filter[cityids]=0&filter[cregids]=&filter[ofrType]=&filter[addObjType]=&filter[whenFrom]=20-07-2026&filter[whenTo]=19-08-2026&filter[duration]=13:16&filter[from]=Warszawa%20-%20Modlin,Warszawa%20-%20Radom,Warszawa&filter[person]=2&filter[child]=1&filter[price]=4000:20000&filter[PriceFrom]=4000&filter[PriceTo]=20000&filter[addCategory]=50&filter[addCatering]=1&filter[addMisc]=0&filter[addTransport]=F&filter[fp]=1&order_by=ofr_price&filter[tourOperator]=0&filter[childAge][1]=20201210","https://fly.pl/cdn/photo/assets/uploads/582/278/2024/07/amarina-queen-resort.jpg","https://fly.pl/wycieczka/egipt,marsa-alam,c/amarina-queen-resort-12/p_nMSP03DgLNOVCp9cp3vpAAogcf_f1LgLokorJL8GzySlNFByF9MSu3MwWiJ_ZO3_meEqBFJOQlcw04r20gZIw1pQQVh1YAJqFzI5NiwzODAsNDc3LDQ4Myw0ODQsNDg1cjeeARUOWAEXAApdQOsGEcYyGb0iEP1FU4B1UgBLsS9hAF_twiQd_80cDzsgxvaQCQ0AAg5jAQIFSRkPbA/ofertasv/?filter[tourOperator]=RNBW&filter%5Bperson%5D=2&filter%5BchildAge%5D%5B1%5D=20201210&filter%5Bchild%5D=1","filter_13_16_days","egipt","marsa-alam","c","2026-07-25","2026-08-09","16","14","Warszawa - Modlin","2+1","egipt|marsa-alam|2026-07-25|2026-08-09|14|Warszawa - Modlin|2+1"
"Concorde Moreen Beach Resort & Spa","11657.0","25.07.2026 - 08.08.2026","15 dni/14 nocy","4.5","4.5","5558","tripadvisor","Warszawa%20-%20Modlin","2026-07-20T02:17:54.168457+00:00","https://fly.pl/szukaj-wycieczek/?filter[dest]=11:&filter[hotelids]=&filter[cityids]=0&filter[cregids]=&filter[ofrType]=&filter[addObjType]=&filter[whenFrom]=20-07-2026&filter[whenTo]=19-08-2026&filter[duration]=13:16&filter[from]=Warszawa%20-%20Modlin,Warszawa%20-%20Radom,Warszawa&filter[person]=2&filter[child]=1&filter[price]=4000:20000&filter[PriceFrom]=4000&filter[PriceTo]=20000&filter[addCategory]=50&filter[addCatering]=1&filter[addMisc]=0&filter[addTransport]=F&filter[fp]=1&order_by=ofr_price&filter[tourOperator]=0&filter[childAge][1]=20201210","https://fly.pl/cdn/photo/assets/uploads/582/278/2014/07/Concorde-Moreen-Beach-Resort-Spa-fly-pl.jpg","https://fly.pl/wycieczka/egipt,marsa-alam,c/concorde-moreen-beach-spa-resort/pZ7CnSYRN6yj8XisntiVluAAogtGVDRxZAhR0UWiKheZTHo7_wroebgxU58eH0JDngafgqBFZJVFgw04r20gZIiVtQQVh1YAJyQBoAXAoVBBcAWAFAjwNbl4UBXuZ6UrwUUwBLsS9hAEySrDkN29uYCSAAUdOulPbfAU_Z7jddnPiv-SUCDGMBAgukN7E_/ofertasv/?filter[tourOperator]=VITX&filter%5Bperson%5D=2&filter%5BchildAge%5D%5B1%5D=20201210&filter%5Bchild%5D=1","filter_13_16_days","egipt","marsa-alam","c","2026-07-25","2026-08-08","15","14","Warszawa - Modlin","2+1","egipt|marsa-alam|2026-07-25|2026-08-08|14|Warszawa - Modlin|2+1"
"Casa Mare Resort (ex. Royal Tulip Beach Resort)","11857.0","25.07.2026 - 08.08.2026","15 dni/14 nocy","4.7","4.7","4661","tripadvisor","Warszawa%20-%20Modlin","2026-07-20T02:17:54.168457+00:00","https://fly.pl/szukaj-wycieczek/?filter[dest]=11:&filter[hotelids]=&filter[cityids]=0&filter[cregids]=&filter[ofrType]=&filter[addObjType]=&filter[whenFrom]=20-07-2026&filter[whenTo]=19-08-2026&filter[duration]=13:16&filter[from]=Warszawa%20-%20Modlin,Warszawa%20-%20Radom,Warszawa&filter[person]=2&filter[child]=1&filter[price]=4000:20000&filter[PriceFrom]=4000&filter[PriceTo]=20000&filter[addCategory]=50&filter[addCatering]=1&filter[addMisc]=0&filter[addTransport]=F&filter[fp]=1&order_by=ofr_price&filter[tourOperator]=0&filter[childAge][1]=20201210","https://fly.pl/cdn/photo/assets/uploads/582/278/2015/12/Casa-Mare-Resort.jpg","https://fly.pl/wycieczka/egipt,marsa-alam,c/royal-tulip-beach-resort/pwbOH5WRikVdUSdwgjaYLiAAoglzoQG-KuXyo4c8nb92rXm7_wroebgxU58eH0JDngafgqBFZJVFgw04r20gZI0VxQQVh1YAJyQBoAXAoVBBcAWAFAjwNbl4UBXuZ6UrwUUwBLsS9hAEyUrDkN2duYCSAAUbqfxfbfAU_y_QZdnPiv-SUCDmMBAg3MmVfh/ofertasv/?filter[tourOperator]=VITX&filter%5Bperson%5D=2&filter%5BchildAge%5D%5B1%5D=20201210&filter%5Bchild%5D=1","filter_13_16_days","egipt","marsa-alam","c","2026-07-25","2026-08-08","15","14","Warszawa - Modlin","2+1","egipt|marsa-alam|2026-07-25|2026-08-08|14|Warszawa - Modlin|2+1"
"Royal Brayka Beach Resort (ex Zee Brayka)","12057.0","25.07.2026 - 08.08.2026","15 dni/14 nocy","4.4","4.4","2425","tripadvisor","Warszawa%20-%20Modlin","2026-07-20T02:17:54.168457+00:00","https://fly.pl/szukaj-wycieczek/?filter[dest]=11:&filter[hotelids]=&filter[cityids]=0&filter[cregids]=&filter[ofrType]=&filter[addObjType]=&filter[whenFrom]=20-07-2026&filter[whenTo]=19-08-2026&filter[duration]=13:16&filter[from]=Warszawa%20-%20Modlin,Warszawa%20-%20Radom,Warszawa&filter[person]=2&filter[child]=1&filter[price]=4000:20000&filter[PriceFrom]=4000&filter[PriceTo]=20000&filter[addCategory]=50&filter[addCatering]=1&filter[addMisc]=0&filter[addTransport]=F&filter[fp]=1&order_by=ofr_price&filter[tourOperator]=0&filter[childAge][1]=20201210","https://fly.pl/cdn/photo/assets/uploads/582/278/2014/07/Royal-Brayka-Resort.jpg","https://fly.pl/wycieczka/egipt,marsa-alam,c/royal-brayka-resort/pXYl8zNZSKF672ShNG94ezAAogq1_Vo5sXzRViSHQV_Fvs1b_wroebgxU58eH0JDngafgqBFZJVFgw04r20gZImV5QQVh1YAJyQBoAXAoVBBcAWAFAjwNbv4MBXr58UrwUUwBLsS9hAEyUrDkN2duYCSAAUZ2Nv_bfAU-PkA1dnPiv-SUCDmMBAg3ldIH3/ofertasv/?filter[tourOperator]=VITX&filter%5Bperson%5D=2&filter%5BchildAge%5D%5B1%5D=20201210&filter%5Bchild%5D=1","filter_13_16_days","egipt","marsa-alam","c","2026-07-25","2026-08-08","15","14","Warszawa - Modlin","2+1","egipt|marsa-alam|2026-07-25|2026-08-08|14|Warszawa - Modlin|2+1"
"Dream Lagoon & Aqua Park Resort (ex. Floriana Dream Lagoon)","12147.0","04.08.2026 - 18.08.2026","15 dni/14 nocy","4.3","4.3","5595","tripadvisor","Warszawa%20-%20Modlin","2026-07-20T02:17:54.168457+00:00","https://fly.pl/szukaj-wycieczek/?filter[dest]=11:&filter[hotelids]=&filter[cityids]=0&filter[cregids]=&filter[ofrType]=&filter[addObjType]=&filter[whenFrom]=20-07-2026&filter[whenTo]=19-08-2026&filter[duration]=13:16&filter[from]=Warszawa%20-%20Modlin,Warszawa%20-%20Radom,Warszawa&filter[person]=2&filter[child]=1&filter[price]=4000:20000&filter[PriceFrom]=4000&filter[PriceTo]=20000&filter[addCategory]=50&filter[addCatering]=1&filter[addMisc]=0&filter[addTransport]=F&filter[fp]=1&order_by=ofr_price&filter[tourOperator]=0&filter[childAge][1]=20201210","https://fly.pl/cdn/photo/assets/uploads/582/278/2015/11/Future-Dream-Lagoon-ex.-Floriana-Dream-Lagoon-fly-pl.jpg","https://fly.pl/wycieczka/egipt,marsa-alam,c/floriana-dream-lagoon/pJUJDzk7f6U2jO7FNj5lqvAAogUfw_t7RWj4qr7rJA3if9Rbf4_bqd5uQQkpGIo2KSdA8qBEVYSU0w04r20gZI815QAVjlAmACagJBSXIhHBGroQa5BLedPqsEHRugtCwY5_8uAc2j0o4IAgBjAQINoNIQ6Q/ofertasv/?filter[tourOperator]=EXIM&filter%5Bperson%5D=2&filter%5BchildAge%5D%5B1%5D=20201210&filter%5Bchild%5D=1","filter_13_16_days","egipt","marsa-alam","c","2026-08-04","2026-08-18","15","14","Warszawa - Modlin","2+1","egipt|marsa-alam|2026-08-04|2026-08-18|14|Warszawa - Modlin|2+1"
"Creek Hotel and Residences","12451.0","30.07.2026 - 13.08.2026","15 dni/14 nocy","4.8","4.8","219","tripadvisor","Warszawa%20-%20Modlin","2026-07-20T02:17:54.168457+00:00","https://fly.pl/szukaj-wycieczek/?filter[dest]=11:&filter[hotelids]=&filter[cityids]=0&filter[cregids]=&filter[ofrType]=&filter[addObjType]=&filter[whenFrom]=20-07-2026&filter[whenTo]=19-08-2026&filter[duration]=13:16&filter[from]=Warszawa%20-%20Modlin,Warszawa%20-%20Radom,Warszawa&filter[person]=2&filter[child]=1&filter[price]=4000:20000&filter[PriceFrom]=4000&filter[PriceTo]=20000&filter[addCategory]=50&filter[addCatering]=1&filter[addMisc]=0&filter[addTransport]=F&filter[fp]=1&order_by=ofr_price&filter[tourOperator]=0&filter[childAge][1]=20201210","https://fly.pl/cdn/photo/assets/uploads/582/278/2024/07/creek-hotel-residences.jpg","https://fly.pl/wycieczka/egipt,hurghada,al-dzuna/creek-hotel-residences-9/ptxpy8NF0DgfKz1-lSaU96AAoghT2A5FavS3UOnttpsdm2j62Nj6WJoGvHb3j6wPDpBHsqBEVYSU0w04r20gZIo2FQAVjtAWACagJBSXIhHBH-9Qa5BJ_FPasEHRvJgEQY-vFCAayyuYsMAgBjAQILAptezg/ofertasv/?filter[tourOperator]=EXIM&filter%5Bperson%5D=2&filter%5BchildAge%5D%5B1%5D=20201210&filter%5Bchild%5D=1","filter_13_16_days","egipt","hurghada","al-dzuna","2026-07-30","2026-08-13","15","14","Warszawa - Modlin","2+1","egipt|hurghada|2026-07-30|2026-08-13|14|Warszawa - Modlin|2+1"
"Gemma Resort (ex. Labranda Gemma Premium Resort)","12886.0","25.07.2026 - 09.08.2026","16 dni/14 nocy","4.5","4.5","5484","tripadvisor","Warszawa%20-%20Modlin","2026-07-20T02:17:54.168457+00:00","https://fly.pl/szukaj-wycieczek/?filter[dest]=11:&filter[hotelids]=&filter[cityids]=0&filter[cregids]=&filter[ofrType]=&filter[addObjType]=&filter[whenFrom]=20-07-2026&filter[whenTo]=19-08-2026&filter[duration]=13:16&filter[from]=Warszawa%20-%20Modlin,Warszawa%20-%20Radom,Warszawa&filter[person]=2&filter[child]=1&filter[price]=4000:20000&filter[PriceFrom]=4000&filter[PriceTo]=20000&filter[addCategory]=50&filter[addCatering]=1&filter[addMisc]=0&filter[addTransport]=F&filter[fp]=1&order_by=ofr_price&filter[tourOperator]=0&filter[childAge][1]=20201210","https://fly.pl/cdn/photo/assets/uploads/582/278/2015/06/Gemma-Resort.jpg","https://fly.pl/wycieczka/egipt,marsa-alam,c/gemma-resort/pKFILRSvMD64b9yz8nJ3KVAAogq8paWRXlgABC_lBOGenYelByF9MSu3MwWiJ_ZO3_meEqBFJOQlcw04r20gZI1mRQQVh1YAJqBERRMWVqFzI5NiwzODAsNDc3LDQ4Myw0ODQsNDg1cjefAZ4BFQ5YARcACokFQL8CEaEsGeIoEIIbUvufAVMAS7EvYQAd7JBBDzsgxvaQCQ0AAg5jAQIGShZ4pA/ofertasv/?filter[tourOperator]=RNBW&filter%5Bperson%5D=2&filter%5BchildAge%5D%5B1%5D=20201210&filter%5Bchild%5D=1","filter_13_16_days","egipt","marsa-alam","c","2026-07-25","2026-08-09","16","14","Warszawa - Modlin","2+1","egipt|marsa-alam|2026-07-25|2026-08-09|14|Warszawa - Modlin|2+1"
"True Beach Resort","12993.0","28.07.2026 - 11.08.2026","15 dni/14 nocy","4.3","4.3","149","tripadvisor","Warszawa%20-%20Modlin","2026-07-20T02:17:54.168457+00:00","https://fly.pl/szukaj-wycieczek/?filter[dest]=11:&filter[hotelids]=&filter[cityids]=0&filter[cregids]=&filter[ofrType]=&filter[addObjType]=&filter[whenFrom]=20-07-2026&filter[whenTo]=19-08-2026&filter[duration]=13:16&filter[from]=Warszawa%20-%20Modlin,Warszawa%20-%20Radom,Warszawa&filter[person]=2&filter[child]=1&filter[price]=4000:20000&filter[PriceFrom]=4000&filter[PriceTo]=20000&filter[addCategory]=50&filter[addCatering]=1&filter[addMisc]=0&filter[addTransport]=F&filter[fp]=1&order_by=ofr_price&filter[tourOperator]=0&filter[childAge][1]=20201210","https://fly.pl/cdn/photo/assets/uploads/582/278/2014/09/True-Beach-Resort.jpg","https://fly.pl/wycieczka/egipt,marsa-alam,c/laguna-beach-marsa-alam/pWlqE-DTi3ms1pmcYE5Y-NAAogJJU9OfTw6aO_XPL_KvITigAAAAB3pwQAl6cEAA4AAQAqBFdFWlkw04r20gZIwWVQQVi9AWADaglFbnRlciBBaXJyQ54BHwAcAQIAFgQXCRLmAxX0AxifAxPSARTdBEDrbxHBa0_1KkwAULEvSwAd74cQICAbuehjDaiX3ggBEmMBDGMBAgWlTsYV/ofertasv/?filter[tourOperator]=WEZY&filter%5Bperson%5D=2&filter%5BchildAge%5D%5B1%5D=20201210&filter%5Bchild%5D=1","filter_13_16_days","egipt","marsa-alam","c","2026-07-28","2026-08-11","15","14","Warszawa - Modlin","2+1","egipt|marsa-alam|2026-07-28|2026-08-11|14|Warszawa - Modlin|2+1"
"Novotel Marsa Alam","13867.0","04.08.2026 - 18.08.2026","15 dni/14 nocy","4.5","4.5","3620","tripadvisor","Warszawa%20-%20Modlin","2026-07-20T02:17:54.168457+00:00","https://fly.pl/szukaj-wycieczek/?filter[dest]=11:&filter[hotelids]=&filter[cityids]=0&filter[cregids]=&filter[ofrType]=&filter[addObjType]=&filter[whenFrom]=20-07-2026&filter[whenTo]=19-08-2026&filter[duration]=13:16&filter[from]=Warszawa%20-%20Modlin,Warszawa%20-%20Radom,Warszawa&filter[person]=2&filter[child]=1&filter[price]=4000:20000&filter[PriceFrom]=4000&filter[PriceTo]=20000&filter[addCategory]=50&filter[addCatering]=1&filter[addMisc]=0&filter[addTransport]=F&filter[fp]=1&order_by=ofr_price&filter[tourOperator]=0&filter[childAge][1]=20201210","https://fly.pl/cdn/photo/assets/uploads/582/278/2015/09/Novotel-Marsa-Alam.jpg","https://fly.pl/wycieczka/egipt,marsa-alam,c/novotel-marsa-alam/pmq9fNBv8z4yCO0WYyXZiwAAogmb5ERUu-R345opIYetjx57f4_bqd5uQQkpGIo2KSdA8qBEVYSU0w04r20gZIq2xQAVjlAmACagJBSXIhHBGvoQa5BLOdPqsEHRvktCwY5v8uAcau0o4IAgBjAQINIdjG9A/ofertasv/?filter[tourOperator]=EXIM&filter%5Bperson%5D=2&filter%5BchildAge%5D%5B1%5D=20201210&filter%5Bchild%5D=1","filter_13_16_days","egipt","marsa-alam","c","2026-08-04","2026-08-18","15","14","Warszawa - Modlin","2+1","egipt|marsa-alam|2026-08-04|2026-08-18|14|Warszawa - Modlin|2+1"
"Sea Star Beau Rivage","13877.0","30.07.2026 - 13.08.2026","15 dni/14 nocy","4.5","4.5","4179","tripadvisor","Warszawa%20-%20Modlin","2026-07-20T02:17:54.168457+00:00","https://fly.pl/szukaj-wycieczek/?filter[dest]=11:&filter[hotelids]=&filter[cityids]=0&filter[cregids]=&filter[ofrType]=&filter[addObjType]=&filter[whenFrom]=20-07-2026&filter[whenTo]=19-08-2026&filter[duration]=13:16&filter[from]=Warszawa%20-%20Modlin,Warszawa%20-%20Radom,Warszawa&filter[person]=2&filter[child]=1&filter[price]=4000:20000&filter[PriceFrom]=4000&filter[PriceTo]=20000&filter[addCategory]=50&filter[addCatering]=1&filter[addMisc]=0&filter[addTransport]=F&filter[fp]=1&order_by=ofr_price&filter[tourOperator]=0&filter[childAge][1]=20201210","https://fly.pl/cdn/photo/assets/uploads/582/278/2014/07/Sea-Star-Beau-Rivage-fly-pl.jpg","https://fly.pl/wycieczka/egipt,hurghada,c/sea-star-beau-rivage/pFr45VNl2MNwwA9fQJDTE8AAog_uDjQuGtoclCbU2gWY5LB_reulq1_TlMmsNcn3wEcp4qBEVDQ1gw04r20gZItWxQAVjtAWACagJBSXIgHBHEKLkEiokWqwQcGIqJKxuY50EB98uQ5gECEmMBAgug1S9c/ofertasv/?filter[tourOperator]=ECCX&filter%5Bperson%5D=2&filter%5BchildAge%5D%5B1%5D=20201210&filter%5Bchild%5D=1","filter_13_16_days","egipt","hurghada","c","2026-07-30","2026-08-13","15","14","Warszawa - Modlin","2+1","egipt|hurghada|2026-07-30|2026-08-13|14|Warszawa - Modlin|2+1"
"Marriott Hurghada Beach Resort","13971.0","30.07.2026 - 13.08.2026","15 dni/14 nocy","4.6","4.6","4768","tripadvisor","Warszawa%20-%20Modlin","2026-07-20T02:17:54.168457+00:00","https://fly.pl/szukaj-wycieczek/?filter[dest]=11:&filter[hotelids]=&filter[cityids]=0&filter[cregids]=&filter[ofrType]=&filter[addObjType]=&filter[whenFrom]=20-07-2026&filter[whenTo]=19-08-2026&filter[duration]=13:16&filter[from]=Warszawa%20-%20Modlin,Warszawa%20-%20Radom,Warszawa&filter[person]=2&filter[child]=1&filter[price]=4000:20000&filter[PriceFrom]=4000&filter[PriceTo]=20000&filter[addCategory]=50&filter[addCatering]=1&filter[addMisc]=0&filter[addTransport]=F&filter[fp]=1&order_by=ofr_price&filter[tourOperator]=0&filter[childAge][1]=20201210","https://fly.pl/cdn/photo/assets/uploads/582/278/2014/09/Marriott-Hurghada-Beach-Resort.jpg","https://fly.pl/wycieczka/egipt,hurghada,c/marriott-hurghada-beach-resort/pUIq8UBibFQj4nuY31vCnpAAogWeSIrw5wa9QjC_upj319nq2Nj6WJoGvHb3j6wPDpBHsqBEVYSU0w04r20gZIk21QAVjtAWACagJBSXIhHBGZyga5BITxPasEHRvFrjwY7PQ9AcX-3O4KAgBjAQILMpxFXg/ofertasv/?filter[tourOperator]=EXIM&filter%5Bperson%5D=2&filter%5BchildAge%5D%5B1%5D=20201210&filter%5Bchild%5D=1","filter_13_16_days","egipt","hurghada","c","2026-07-30","2026-08-13","15","14","Warszawa - Modlin","2+1","egipt|hurghada|2026-07-30|2026-08-13|14|Warszawa - Modlin|2+1"
"Stella Beach Resort & Spa","13971.0","30.07.2026 - 13.08.2026","15 dni/14 nocy","4.4","4.4","6795","tripadvisor","Warszawa%20-%20Modlin","2026-07-20T02:17:54.168457+00:00","https://fly.pl/szukaj-wycieczek/?filter[dest]=11:&filter[hotelids]=&filter[cityids]=0&filter[cregids]=&filter[ofrType]=&filter[addObjType]=&filter[whenFrom]=20-07-2026&filter[whenTo]=19-08-2026&filter[duration]=13:16&filter[from]=Warszawa%20-%20Modlin,Warszawa%20-%20Radom,Warszawa&filter[person]=2&filter[child]=1&filter[price]=4000:20000&filter[PriceFrom]=4000&filter[PriceTo]=20000&filter[addCategory]=50&filter[addCatering]=1&filter[addMisc]=0&filter[addTransport]=F&filter[fp]=1&order_by=ofr_price&filter[tourOperator]=0&filter[childAge][1]=20201210","https://fly.pl/cdn/photo/assets/uploads/582/278/2014/10/Stella-Di-Mare-Beach-Resort-Spa.jpg","https://fly.pl/wycieczka/egipt,hurghada,makadi-bay/stella-makadi-resort/pLYdDBmiOhbkBo_FCh6Z8eAAogeXNWQOjJQBdQThmPQyPJ0K2Nj6WJoGvHb3j6wPDpBHsqBEVYSU0w04r20gZIk21QAVjtAWACagJBSXIhHBGx9Qa5BOzFPasEHRvF2kgYwuFGAcvgzOwMAgBjAQINzfwa2g/ofertasv/?filter[tourOperator]=EXIM&filter%5Bperson%5D=2&filter%5BchildAge%5D%5B1%5D=20201210&filter%5Bchild%5D=1","filter_13_16_days","egipt","hurghada","makadi-bay","2026-07-30","2026-08-13","15","14","Warszawa - Modlin","2+1","egipt|hurghada|2026-07-30|2026-08-13|14|Warszawa - Modlin|2+1"
"Time Marina","14010.0","24.07.2026 - 07.08.2026","15 dni/14 nocy","","","","","Warszawa%20-%20Modlin","2026-07-20T02:17:54.168457+00:00","https://fly.pl/szukaj-wycieczek/?filter[dest]=11:&filter[hotelids]=&filter[cityids]=0&filter[cregids]=&filter[ofrType]=&filter[addObjType]=&filter[whenFrom]=20-07-2026&filter[whenTo]=19-08-2026&filter[duration]=13:16&filter[from]=Warszawa%20-%20Modlin,Warszawa%20-%20Radom,Warszawa&filter[person]=2&filter[child]=1&filter[price]=4000:20000&filter[PriceFrom]=4000&filter[PriceTo]=20000&filter[addCategory]=50&filter[addCatering]=1&filter[addMisc]=0&filter[addTransport]=F&filter[fp]=1&order_by=ofr_price&filter[tourOperator]=0&filter[childAge][1]=20201210","https://fly.pl/cdn/photo/assets/uploads/582/278/2026/02/Time-Marina.jpg","https://fly.pl/wycieczka/egipt,dolny-egipt,al-alamajn/time-marina-11/pLkQ4hRRgARIUKpS1MZmY1AAog1fbucOX8pGEYOkxgF_2OtAAAAAAYmAQAMZgEAA4AAQAqBFdFWlkw04r20gZIum1QQVhdYANqCUVudGVyIEFpcmoEMDY0MHJDngGTAR8AAgEWABwAFw0S5gMUigUVNxjAAkCsdU_GBUwAS6HAAVAAEc6zAh3CtQ0gGRvponQN2vvNCAESYwEMYwECBW2HK8w/ofertasv/?filter[tourOperator]=WEZY&filter%5Bperson%5D=2&filter%5BchildAge%5D%5B1%5D=20201210&filter%5Bchild%5D=1","filter_13_16_days","egipt","dolny-egipt","al-alamajn","2026-07-24","2026-08-07","15","14","Warszawa - Modlin","2+1","egipt|dolny-egipt|2026-07-24|2026-08-07|14|Warszawa - Modlin|2+1"
"Sataya Resort (ex. Labranda Sataya Marsa Alam)","14057.0","25.07.2026 - 08.08.2026","15 dni/14 nocy","4.7","4.7","4085","tripadvisor","Warszawa%20-%20Modlin","2026-07-20T02:17:54.168457+00:00","https://fly.pl/szukaj-wycieczek/?filter[dest]=11:&filter[hotelids]=&filter[cityids]=0&filter[cregids]=&filter[ofrType]=&filter[addObjType]=&filter[whenFrom]=20-07-2026&filter[whenTo]=19-08-2026&filter[duration]=13:16&filter[from]=Warszawa%20-%20Modlin,Warszawa%20-%20Radom,Warszawa&filter[person]=2&filter[child]=1&filter[price]=4000:20000&filter[PriceFrom]=4000&filter[PriceTo]=20000&filter[addCategory]=50&filter[addCatering]=1&filter[addMisc]=0&filter[addTransport]=F&filter[fp]=1&order_by=ofr_price&filter[tourOperator]=0&filter[childAge][1]=20201210","https://fly.pl/cdn/photo/assets/uploads/582/278/2019/09/Sataya-Resort-Marsa-Alam.jpg","https://fly.pl/wycieczka/egipt,marsa-alam,c/labranda-sataya-marsa-alam-9/pEsDgng0BO8G95SM42I4WnAAogpyWD8SKSDjEn7X3S0jmmKb_wroebgxU58eH0JDngafgqBFZJVFgw04r20gZI6W1QQVh1YAJyQBoAXAoVBBcAWAFAjwNbl4UBXuZ6UrwUUwBLsS9hAEyUrDkN2duYCSAAUcnqwPbfAU_jsgtdnPiv-SUCDWMBAgwS4hq4/ofertasv/?filter[tourOperator]=VITX&filter%5Bperson%5D=2&filter%5BchildAge%5D%5B1%5D=20201210&filter%5Bchild%5D=1","filter_13_16_days","egipt","marsa-alam","c","2026-07-25","2026-08-08","15","14","Warszawa - Modlin","2+1","egipt|marsa-alam|2026-07-25|2026-08-08|14|Warszawa - Modlin|2+1"
"AMC Royal Hotel & Spa (ex. AMC Azur Resort)","14158.0","23.07.2026 - 06.08.2026","15 dni/14 nocy","4.4","4.4","3032","tripadvisor","Warszawa%20-%20Modlin","2026-07-20T02:17:54.168457+00:00","https://fly.pl/szukaj-wycieczek/?filter[dest]=11:&filter[hotelids]=&filter[cityids]=0&filter[cregids]=&filter[ofrType]=&filter[addObjType]=&filter[whenFrom]=20-07-2026&filter[whenTo]=19-08-2026&filter[duration]=13:16&filter[from]=Warszawa%20-%20Modlin,Warszawa%20-%20Radom,Warszawa&filter[person]=2&filter[child]=1&filter[price]=4000:20000&filter[PriceFrom]=4000&filter[PriceTo]=20000&filter[addCategory]=50&filter[addCatering]=1&filter[addMisc]=0&filter[addTransport]=F&filter[fp]=1&order_by=ofr_price&filter[tourOperator]=0&filter[childAge][1]=20201210","https://fly.pl/cdn/photo/assets/uploads/582/278/2014/07/AMC-Royal-Resort.jpg","https://fly.pl/wycieczka/egipt,hurghada,c/amc-royal-ex-amc-azur-resort/pCkZy644ewAYwZqvMvFXfcAAogpO_5qA_VnmKglGgHiPK14soMZW5NJTG4pDTfJ2O-7OYqBFJOQlcw04r20gZIzm5QQVhFYAJqBEJ3Y2RqFzI5NiwzODAsNDc3LDQ4Myw0ODQsNDg1cjefAZ4BFQ4XAFgBCtABQPgFEbMCGbpSEMEGUudQUwBLnJMBYQAd0PI_Dzsg4JSSCQ0AAgxjAQIFcDZTgQ/ofertasv/?filter[tourOperator]=RNBW&filter%5Bperson%5D=2&filter%5BchildAge%5D%5B1%5D=20201210&filter%5Bchild%5D=1","filter_13_16_days","egipt","hurghada","c","2026-07-23","2026-08-06","15","14","Warszawa - Modlin","2+1","egipt|hurghada|2026-07-23|2026-08-06|14|Warszawa - Modlin|2+1"
"Serenity Sky Arc","14191.0","30.07.2026 - 13.08.2026","15 dni/14 nocy","","","","","Warszawa%20-%20Modlin","2026-07-20T02:17:54.168457+00:00","https://fly.pl/szukaj-wycieczek/?filter[dest]=11:&filter[hotelids]=&filter[cityids]=0&filter[cregids]=&filter[ofrType]=&filter[addObjType]=&filter[whenFrom]=20-07-2026&filter[whenTo]=19-08-2026&filter[duration]=13:16&filter[from]=Warszawa%20-%20Modlin,Warszawa%20-%20Radom,Warszawa&filter[person]=2&filter[child]=1&filter[price]=4000:20000&filter[PriceFrom]=4000&filter[PriceTo]=20000&filter[addCategory]=50&filter[addCatering]=1&filter[addMisc]=0&filter[addTransport]=F&filter[fp]=1&order_by=ofr_price&filter[tourOperator]=0&filter[childAge][1]=20201210","https://datacfstatic.merlinx.pl/EXIM/IMG/105925/cf3c14898a23b0b49569de311369928ab20dff35cd198358119db51d531b20bd.webp","https://fly.pl/wycieczka/egipt,hurghada,sahl-hasheesh/serenity-sky-arc-10/pgD__NTYsyQNc-UM-4TGmbAAogoRQq1I1Q1j0U2cxUXIUBBK2Nj6WJoGvHb3j6wPDpBHsqBEVYSU0w04r20gZI725QAVjtAWACagJBSXIhHBHFuwa5BNj_PasEHRu44i8YkNo2AYH-tIsJAgBjAQIGVA4ujg/ofertasv/?filter[tourOperator]=EXIM&filter%5Bperson%5D=2&filter%5BchildAge%5D%5B1%5D=20201210&filter%5Bchild%5D=1","filter_13_16_days","egipt","hurghada","sahl-hasheesh","2026-07-30","2026-08-13","15","14","Warszawa - Modlin","2+1","egipt|hurghada|2026-07-30|2026-08-13|14|Warszawa - Modlin|2+1"
"Reef Oasis Suakin Resort","14257.0","25.07.2026 - 08.08.2026","15 dni/14 nocy","4.8","4.8","1354","tripadvisor","Warszawa%20-%20Modlin","2026-07-20T02:17:54.168457+00:00","https://fly.pl/szukaj-wycieczek/?filter[dest]=11:&filter[hotelids]=&filter[cityids]=0&filter[cregids]=&filter[ofrType]=&filter[addObjType]=&filter[whenFrom]=20-07-2026&filter[whenTo]=19-08-2026&filter[duration]=13:16&filter[from]=Warszawa%20-%20Modlin,Warszawa%20-%20Radom,Warszawa&filter[person]=2&filter[child]=1&filter[price]=4000:20000&filter[PriceFrom]=4000&filter[PriceTo]=20000&filter[addCategory]=50&filter[addCatering]=1&filter[addMisc]=0&filter[addTransport]=F&filter[fp]=1&order_by=ofr_price&filter[tourOperator]=0&filter[childAge][1]=20201210","https://fly.pl/cdn/photo/assets/uploads/582/278/2024/07/reef-oasis-suakin-resort.jpg","https://fly.pl/wycieczka/egipt,marsa-alam,c/reef-oasis-suakin-resort-11/pa52glyqFy5qyWmtFJXub4AAoghxL1mSqefd_4gpoTDlW8EL_wroebgxU58eH0JDngafgqBFZJVFgw04r20gZIsW9QQVh1YAJyQBoAXAoVBBcAWAFAjwNbp4YBXtZ5UrwUUwBLsS9hAEzUmDwNme-VCSAAUbKivvbfAU_6-g1dnPiv-SUCDGMBAguWXm_E/ofertasv/?filter[tourOperator]=VITX&filter%5Bperson%5D=2&filter%5BchildAge%5D%5B1%5D=20201210&filter%5Bchild%5D=1","filter_13_16_days","egipt","marsa-alam","c","2026-07-25","2026-08-08","15","14","Warszawa - Modlin","2+1","egipt|marsa-alam|2026-07-25|2026-08-08|14|Warszawa - Modlin|2+1"
"Ancient Sands Golf Resort","14331.0","30.07.2026 - 13.08.2026","15 dni/14 nocy","4.8","4.8","3352","tripadvisor","Warszawa%20-%20Modlin","2026-07-20T02:17:54.168457+00:00","https://fly.pl/szukaj-wycieczek/?filter[dest]=11:&filter[hotelids]=&filter[cityids]=0&filter[cregids]=&filter[ofrType]=&filter[addObjType]=&filter[whenFrom]=20-07-2026&filter[whenTo]=19-08-2026&filter[duration]=13:16&filter[from]=Warszawa%20-%20Modlin,Warszawa%20-%20Radom,Warszawa&filter[person]=2&filter[child]=1&filter[price]=4000:20000&filter[PriceFrom]=4000&filter[PriceTo]=20000&filter[addCategory]=50&filter[addCatering]=1&filter[addMisc]=0&filter[addTransport]=F&filter[fp]=1&order_by=ofr_price&filter[tourOperator]=0&filter[childAge][1]=20201210","https://fly.pl/cdn/photo/assets/uploads/582/278/2019/05/Ancient-Sands-Golf-Resort.jpg","https://fly.pl/wycieczka/egipt,hurghada,al-dzuna/ancient-sands-el-gouna/plijA4mxoBzgh0FUKjzlbOAAogvfSkp2aZIKTeby0lPXmKF62Nj6WJoGvHb3j6wPDpBHsqBEVYSU0w04r20gZI-29QAVjtAWACagJBSXIhHBHXoAa5BMaaPqsEHRvk8iwY9I4vAZrZm5MIAgBjAQIMINqjwQ/ofertasv/?filter[tourOperator]=EXIM&filter%5Bperson%5D=2&filter%5BchildAge%5D%5B1%5D=20201210&filter%5Bchild%5D=1","filter_13_16_days","egipt","hurghada","al-dzuna","2026-07-30","2026-08-13","15","14","Warszawa - Modlin","2+1","egipt|hurghada|2026-07-30|2026-08-13|14|Warszawa - Modlin|2+1"
"Sirena Beach Resort & Spa","14697.0","25.07.2026 - 09.08.2026","16 dni/14 nocy","4.7","4.7","466","tripadvisor","Warszawa%20-%20Modlin","2026-07-20T02:17:54.168457+00:00","https://fly.pl/szukaj-wycieczek/?filter[dest]=11:&filter[hotelids]=&filter[cityids]=0&filter[cregids]=&filter[ofrType]=&filter[addObjType]=&filter[whenFrom]=20-07-2026&filter[whenTo]=19-08-2026&filter[duration]=13:16&filter[from]=Warszawa%20-%20Modlin,Warszawa%20-%20Radom,Warszawa&filter[person]=2&filter[child]=1&filter[price]=4000:20000&filter[PriceFrom]=4000&filter[PriceTo]=20000&filter[addCategory]=50&filter[addCatering]=1&filter[addMisc]=0&filter[addTransport]=F&filter[fp]=1&order_by=ofr_price&filter[tourOperator]=0&filter[childAge][1]=20201210","https://datacfstatic.merlinx.pl/RNBW/IMG/7597/dee046577012505a3be1b3c7021364ee7f6371e0edc553af16ba035a6ae6f302.webp","https://fly.pl/wycieczka/egipt,marsa-alam,al-kusajr/movenpick-sirena-beach-13/piWqaXMjMA_24vb8_rRtBvAAogMZ6Xc1KhSNcxpgmdUHUik1ByF9MSu3MwWiJ_ZO3_meEqBFJOQlcw04r20gZI6XJQQVh1YAJqBENBZ2RqFzI5NiwzODAsNDc3LDQ4Myw0ODQsNDg1cjafAZ4BFQ5YARcACtMBQPUFEdYzGa0hELJJUstxUwBLsS9hAB3skEEPOyDG9pAJDQACDWMBAgVo6v8R/ofertasv/?filter[tourOperator]=RNBW&filter%5Bperson%5D=2&filter%5BchildAge%5D%5B1%5D=20201210&filter%5Bchild%5D=1","filter_13_16_days","egipt","marsa-alam","al-kusajr","2026-07-25","2026-08-09","16","14","Warszawa - Modlin","2+1","egipt|marsa-alam|2026-07-25|2026-08-09|14|Warszawa - Modlin|2+1"
"Pharaoh Azur Resort (ex Sonesta Pharaoh Beach Resort)","14957.0","23.07.2026 - 06.08.2026","15 dni/14 nocy","4.5","4.5","2714","tripadvisor","Warszawa%20-%20Modlin","2026-07-20T02:17:54.168457+00:00","https://fly.pl/szukaj-wycieczek/?filter[dest]=11:&filter[hotelids]=&filter[cityids]=0&filter[cregids]=&filter[ofrType]=&filter[addObjType]=&filter[whenFrom]=20-07-2026&filter[whenTo]=19-08-2026&filter[duration]=13:16&filter[from]=Warszawa%20-%20Modlin,Warszawa%20-%20Radom,Warszawa&filter[person]=2&filter[child]=1&filter[price]=4000:20000&filter[PriceFrom]=4000&filter[PriceTo]=20000&filter[addCategory]=50&filter[addCatering]=1&filter[addMisc]=0&filter[addTransport]=F&filter[fp]=1&order_by=ofr_price&filter[tourOperator]=0&filter[childAge][1]=20201210","https://fly.pl/cdn/photo/assets/uploads/582/278/2014/07/Pharaoh-Azur-Resort.jpg","https://fly.pl/wycieczka/egipt,hurghada,c/sonesta-pharaoh/pf4DTzVjIzKvwYfsL7Bqx6AAog9RP0e0XFkB_7s1sf3gCsKsSDj-_QNGc8Ycxnae6cK1UqBEJWUFIw04r20gZI7XRQAVhFYAJqDUFsbCBpbmNsdXNpdmVyIBwRri0b7cMEGOeuDLkE_ukUqwRQAYOAmrEBAgBjAQINLOmY3g/ofertasv/?filter[tourOperator]=BVPR&filter%5Bperson%5D=2&filter%5BchildAge%5D%5B1%5D=20201210&filter%5Bchild%5D=1","filter_13_16_days","egipt","hurghada","c","2026-07-23","2026-08-06","15","14","Warszawa - Modlin","2+1","egipt|hurghada|2026-07-23|2026-08-06|14|Warszawa - Modlin|2+1"
"Amarina Jannah Resort Aquapark","15067.0","04.08.2026 - 18.08.2026","15 dni/14 nocy","4.7","4.7","622","tripadvisor","Warszawa%20-%20Modlin","2026-07-20T02:17:54.168457+00:00","https://fly.pl/szukaj-wycieczek/?filter[dest]=11:&filter[hotelids]=&filter[cityids]=0&filter[cregids]=&filter[ofrType]=&filter[addObjType]=&filter[whenFrom]=20-07-2026&filter[whenTo]=19-08-2026&filter[duration]=13:16&filter[from]=Warszawa%20-%20Modlin,Warszawa%20-%20Radom,Warszawa&filter[person]=2&filter[child]=1&filter[price]=4000:20000&filter[PriceFrom]=4000&filter[PriceTo]=20000&filter[addCategory]=50&filter[addCatering]=1&filter[addMisc]=0&filter[addTransport]=F&filter[fp]=1&order_by=ofr_price&filter[tourOperator]=0&filter[childAge][1]=20201210","https://fly.pl/cdn/photo/assets/uploads/582/278/2023/04/Amarina-Jannah-Resort-Aquapark.jpg","https://fly.pl/wycieczka/egipt,marsa-alam,port-ghalib/amarina-jannah-resort-aquapark-15/pL29TlQ6dHWkF5JFF465kOAAogUwpSvIV4MYQP1-8vBcIrL7f4_bqd5uQQkpGIo2KSdA8qBEVYSU0w04r20gZI23VQAVjlAmACagJBSXIhHBHjsga5BP-LPqsEHRve1y0Y3vkzAaWR09QIAgBjAQIOnEiwqA/ofertasv/?filter[tourOperator]=EXIM&filter%5Bperson%5D=2&filter%5BchildAge%5D%5B1%5D=20201210&filter%5Bchild%5D=1","filter_13_16_days","egipt","marsa-alam","port-ghalib","2026-08-04","2026-08-18","15","14","Warszawa - Modlin","2+1","egipt|marsa-alam|2026-08-04|2026-08-18|14|Warszawa - Modlin|2+1"
"Movenpick Resort & Spa El Gouna","15111.0","30.07.2026 - 13.08.2026","15 dni/14 nocy","4.5","4.5","6082","tripadvisor","Warszawa%20-%20Modlin","2026-07-20T02:17:54.168457+00:00","https://fly.pl/szukaj-wycieczek/?filter[dest]=11:&filter[hotelids]=&filter[cityids]=0&filter[cregids]=&filter[ofrType]=&filter[addObjType]=&filter[whenFrom]=20-07-2026&filter[whenTo]=19-08-2026&filter[duration]=13:16&filter[from]=Warszawa%20-%20Modlin,Warszawa%20-%20Radom,Warszawa&filter[person]=2&filter[child]=1&filter[price]=4000:20000&filter[PriceFrom]=4000&filter[PriceTo]=20000&filter[addCategory]=50&filter[addCatering]=1&filter[addMisc]=0&filter[addTransport]=F&filter[fp]=1&order_by=ofr_price&filter[tourOperator]=0&filter[childAge][1]=20201210","https://fly.pl/cdn/photo/assets/uploads/582/278/2014/07/Movenpick-Resort-Spa-El-Gouna-fly-pl.jpg","https://fly.pl/wycieczka/egipt,hurghada,el-gouna/moevenpick-resort-spa-el-gouna/pIsfCPvNOSuePWkCzGheaSAAogHE8MzBySW-A5naNqf3ZMHq2Nj6WJoGvHb3j6wPDpBHsqBEVYSU0w04r20gZIh3ZQAVjtAWACagJBSXIhHBGnwga5BPb4PasEHRvipjkYkMU6AZq65YsKAgBjAQILpv4HFw/ofertasv/?filter[tourOperator]=EXIM&filter%5Bperson%5D=2&filter%5BchildAge%5D%5B1%5D=20201210&filter%5Bchild%5D=1","filter_13_16_days","egipt","hurghada","el-gouna","2026-07-30","2026-08-13","15","14","Warszawa - Modlin","2+1","egipt|hurghada|2026-07-30|2026-08-13|14|Warszawa - Modlin|2+1"
"Cooee Prima Life Makadi Bay","15111.0","30.07.2026 - 13.08.2026","15 dni/14 nocy","4.6","4.6","3247","tripadvisor","Warszawa%20-%20Modlin","2026-07-20T02:17:54.168457+00:00","https://fly.pl/szukaj-wycieczek/?filter[dest]=11:&filter[hotelids]=&filter[cityids]=0&filter[cregids]=&filter[ofrType]=&filter[addObjType]=&filter[whenFrom]=20-07-2026&filter[whenTo]=19-08-2026&filter[duration]=13:16&filter[from]=Warszawa%20-%20Modlin,Warszawa%20-%20Radom,Warszawa&filter[person]=2&filter[child]=1&filter[price]=4000:20000&filter[PriceFrom]=4000&filter[PriceTo]=20000&filter[addCategory]=50&filter[addCatering]=1&filter[addMisc]=0&filter[addTransport]=F&filter[fp]=1&order_by=ofr_price&filter[tourOperator]=0&filter[childAge][1]=20201210","https://fly.pl/cdn/photo/assets/uploads/582/278/2014/12/Prima-Life-Makadi-Resort.jpg","https://fly.pl/wycieczka/egipt,hurghada,c/prima-life-makadi-bay/pZdqVF8PN7tNhHdNXhT2DlAAogu-QFWhSLdl-6QPOnQtd6ua2Nj6WJoGvHb3j6wPDpBHsqBEVYSU0w04r20gZIh3ZQAVjtAWACagJBSXIhHBHGuAa5BNeCPqsEHRvEii8Y_pc3AYG-8IkJAgBjAQIFBtt7Jg/ofertasv/?filter[tourOperator]=EXIM&filter%5Bperson%5D=2&filter%5BchildAge%5D%5B1%5D=20201210&filter%5Bchild%5D=1","filter_13_16_days","egipt","hurghada","c","2026-07-30","2026-08-13","15","14","Warszawa - Modlin","2+1","egipt|hurghada|2026-07-30|2026-08-13|14|Warszawa - Modlin|2+1"
"Hilton Marsa Alam Nubian Resort","15278.0","28.07.2026 - 11.08.2026","15 dni/14 nocy","4.7","4.7","10088","tripadvisor","Warszawa%20-%20Modlin","2026-07-20T02:17:54.168457+00:00","https://fly.pl/szukaj-wycieczek/?filter[dest]=11:&filter[hotelids]=&filter[cityids]=0&filter[cregids]=&filter[ofrType]=&filter[addObjType]=&filter[whenFrom]=20-07-2026&filter[whenTo]=19-08-2026&filter[duration]=13:16&filter[from]=Warszawa%20-%20Modlin,Warszawa%20-%20Radom,Warszawa&filter[person]=2&filter[child]=1&filter[price]=4000:20000&filter[PriceFrom]=4000&filter[PriceTo]=20000&filter[addCategory]=50&filter[addCatering]=1&filter[addMisc]=0&filter[addTransport]=F&filter[fp]=1&order_by=ofr_price&filter[tourOperator]=0&filter[childAge][1]=20201210","https://fly.pl/cdn/photo/assets/uploads/582/278/2014/08/Tropitel-Dahab-Oasis.jpg","https://fly.pl/wycieczka/egipt,marsa-alam,c/hilton-marsa-alam-nubian-resort/pDoKG3oSXs7Bcpmn6rYb1aAAogZnbdAme5uXUAjUDn3yKxcwAAAAB3pwQAl6cEAA4AAQAqBFdFWlkw04r20gZIrndQQVi9AWADaglFbnRlciBBaXJyQ54BHwAcAQIAFgQXCRLmAxX0AxifAxPSARTdBBG2H0C1UE-2lgFMAFCxL0sAG5wxHdPWDyAgDeH_wQkBEmMBDmMBAgXdgm0b/ofertasv/?filter[tourOperator]=WEZY&filter%5Bperson%5D=2&filter%5BchildAge%5D%5B1%5D=20201210&filter%5Bchild%5D=1","filter_13_16_days","egipt","marsa-alam","c","2026-07-28","2026-08-11","15","14","Warszawa - Modlin","2+1","egipt|marsa-alam|2026-07-28|2026-08-11|14|Warszawa - Modlin|2+1"
"Fantazia Resort","15324.0","25.07.2026 - 09.08.2026","16 dni/14 nocy","4.4","4.4","5911","tripadvisor","Warszawa%20-%20Modlin","2026-07-20T02:17:54.168457+00:00","https://fly.pl/szukaj-wycieczek/?filter[dest]=11:&filter[hotelids]=&filter[cityids]=0&filter[cregids]=&filter[ofrType]=&filter[addObjType]=&filter[whenFrom]=20-07-2026&filter[whenTo]=19-08-2026&filter[duration]=13:16&filter[from]=Warszawa%20-%20Modlin,Warszawa%20-%20Radom,Warszawa&filter[person]=2&filter[child]=1&filter[price]=4000:20000&filter[PriceFrom]=4000&filter[PriceTo]=20000&filter[addCategory]=50&filter[addCatering]=1&filter[addMisc]=0&filter[addTransport]=F&filter[fp]=1&order_by=ofr_price&filter[tourOperator]=0&filter[childAge][1]=20201210","https://fly.pl/cdn/photo/assets/uploads/582/278/2016/11/Fantazia-Resort.jpg","https://fly.pl/wycieczka/egipt,marsa-alam,c/fantazia-resort/pColZ3D_Lo2yfV-PFOWQCWAAogebbWRXDa3HgFt04PzUpDa1ByF9MSu3MwWiJ_ZO3_meEqBFJOQlcw04r20gZI3HdQQVh1YAJqFzI5NiwzODAsNDc3LDQ4Myw0ODQsNDg1cjeeARUOWAEXAApdQOsGEZUDGe5RELdoU8ZSUgBLsS9hAF_twiQd_80cDzsgxvaQCQ0AAg5jAQIFgArUcg/ofertasv/?filter[tourOperator]=RNBW&filter%5Bperson%5D=2&filter%5BchildAge%5D%5B1%5D=20201210&filter%5Bchild%5D=1","filter_13_16_days","egipt","marsa-alam","c","2026-07-25","2026-08-09","16","14","Warszawa - Modlin","2+1","egipt|marsa-alam|2026-07-25|2026-08-09|14|Warszawa - Modlin|2+1"
"The Cascades Golf Resort Spa & Thalasso (ex Westin Soma Bay)","15457.0","30.07.2026 - 13.08.2026","15 dni/14 nocy","4.3","4.3","264","tripadvisor","Warszawa%20-%20Modlin","2026-07-20T02:17:54.168457+00:00","https://fly.pl/szukaj-wycieczek/?filter[dest]=11:&filter[hotelids]=&filter[cityids]=0&filter[cregids]=&filter[ofrType]=&filter[addObjType]=&filter[whenFrom]=20-07-2026&filter[whenTo]=19-08-2026&filter[duration]=13:16&filter[from]=Warszawa%20-%20Modlin,Warszawa%20-%20Radom,Warszawa&filter[person]=2&filter[child]=1&filter[price]=4000:20000&filter[PriceFrom]=4000&filter[PriceTo]=20000&filter[addCategory]=50&filter[addCatering]=1&filter[addMisc]=0&filter[addTransport]=F&filter[fp]=1&order_by=ofr_price&filter[tourOperator]=0&filter[childAge][1]=20201210","https://fly.pl/cdn/photo/assets/uploads/582/278/2014/10/The-Cascades-Golf-Resort-Spa-Thalasso.jpg","https://fly.pl/wycieczka/egipt,hurghada,soma-bay/la-residence-des-cascades/pAzGFTbA-ZBxYvThyWvNDOAAogMAjCzct8Ql1ZmAaJQ0xK8_reulq1_TlMmsNcn3wEcp4qBEVDQ1gw04r20gZI4XhQAVjtAWACagJBSXIgHBHqQrkE5O4VqwQcGPO4LBuOqUEB0JGH7wECAGMBAgV9LYXT/ofertasv/?filter[tourOperator]=ECCX&filter%5Bperson%5D=2&filter%5BchildAge%5D%5B1%5D=20201210&filter%5Bchild%5D=1","filter_13_16_days","egipt","hurghada","soma-bay","2026-07-30","2026-08-13","15","14","Warszawa - Modlin","2+1","egipt|hurghada|2026-07-30|2026-08-13|14|Warszawa - Modlin|2+1"
"Serenity Alpha Beach (ex. Serenity Makadi Beach)","15631.0","30.07.2026 - 13.08.2026","15 dni/14 nocy","4.6","4.6","6518","tripadvisor","Warszawa%20-%20Modlin","2026-07-20T02:17:54.168457+00:00","https://fly.pl/szukaj-wycieczek/?filter[dest]=11:&filter[hotelids]=&filter[cityids]=0&filter[cregids]=&filter[ofrType]=&filter[addObjType]=&filter[whenFrom]=20-07-2026&filter[whenTo]=19-08-2026&filter[duration]=13:16&filter[from]=Warszawa%20-%20Modlin,Warszawa%20-%20Radom,Warszawa&filter[person]=2&filter[child]=1&filter[price]=4000:20000&filter[PriceFrom]=4000&filter[PriceTo]=20000&filter[addCategory]=50&filter[addCatering]=1&filter[addMisc]=0&filter[addTransport]=F&filter[fp]=1&order_by=ofr_price&filter[tourOperator]=0&filter[childAge][1]=20201210","https://fly.pl/cdn/photo/assets/uploads/582/278/2014/07/Serenity-Alpha-Beach.jpg","https://fly.pl/wycieczka/egipt,hurghada,makadi-bay/serenity-makadi-heights/pBoYmsyHQiWLO9rKgtnDkGAAog2IjG8cg6da4G3lrbS7vo_62Nj6WJoGvHb3j6wPDpBHsqBEVYSU0w04r20gZIj3pQAVjtAWACagNVQUlyIRwR78UGuQSu9T2rBB0b0706GMnGOwGqtqWuCgIAYwECC4AC3wk/ofertasv/?filter[tourOperator]=EXIM&filter%5Bperson%5D=2&filter%5BchildAge%5D%5B1%5D=20201210&filter%5Bchild%5D=1","filter_13_16_days","egipt","hurghada","makadi-bay","2026-07-30","2026-08-13","15","14","Warszawa - Modlin","2+1","egipt|hurghada|2026-07-30|2026-08-13|14|Warszawa - Modlin|2+1"
"Steigenberger Golf Resort","15631.0","30.07.2026 - 13.08.2026","15 dni/14 nocy","4.8","4.8","1572","tripadvisor","Warszawa%20-%20Modlin","2026-07-20T02:17:54.168457+00:00","https://fly.pl/szukaj-wycieczek/?filter[dest]=11:&filter[hotelids]=&filter[cityids]=0&filter[cregids]=&filter[ofrType]=&filter[addObjType]=&filter[whenFrom]=20-07-2026&filter[whenTo]=19-08-2026&filter[duration]=13:16&filter[from]=Warszawa%20-%20Modlin,Warszawa%20-%20Radom,Warszawa&filter[person]=2&filter[child]=1&filter[price]=4000:20000&filter[PriceFrom]=4000&filter[PriceTo]=20000&filter[addCategory]=50&filter[addCatering]=1&filter[addMisc]=0&filter[addTransport]=F&filter[fp]=1&order_by=ofr_price&filter[tourOperator]=0&filter[childAge][1]=20201210","https://fly.pl/cdn/photo/assets/uploads/582/278/2015/01/Steigenberger-Golf.jpg","https://fly.pl/wycieczka/egipt,hurghada,el-gouna/steigenberger-golf/p3-iUVua4psQ9OS-bi4CO1AAogxa8jc7kBOufhmIHb0jXKjK2Nj6WJoGvHb3j6wPDpBHsqBEVYSU0w04r20gZIj3pQAVjtAWACagJBSXIhHBGdoQa5BICaPqsEHRvBmj4Y_-BRAYKbsfEMAgBjAQIMRLoxgQ/ofertasv/?filter[tourOperator]=EXIM&filter%5Bperson%5D=2&filter%5BchildAge%5D%5B1%5D=20201210&filter%5Bchild%5D=1","filter_13_16_days","egipt","hurghada","el-gouna","2026-07-30","2026-08-13","15","14","Warszawa - Modlin","2+1","egipt|hurghada|2026-07-30|2026-08-13|14|Warszawa - Modlin|2+1"
"Pyramisa Beach Resort Sahl Hasheesh","15731.0","30.07.2026 - 13.08.2026","15 dni/14 nocy","4.1","4.1","3552","tripadvisor","Warszawa%20-%20Modlin","2026-07-20T02:17:54.168457+00:00","https://fly.pl/szukaj-wycieczek/?filter[dest]=11:&filter[hotelids]=&filter[cityids]=0&filter[cregids]=&filter[ofrType]=&filter[addObjType]=&filter[whenFrom]=20-07-2026&filter[whenTo]=19-08-2026&filter[duration]=13:16&filter[from]=Warszawa%20-%20Modlin,Warszawa%20-%20Radom,Warszawa&filter[person]=2&filter[child]=1&filter[price]=4000:20000&filter[PriceFrom]=4000&filter[PriceTo]=20000&filter[addCategory]=50&filter[addCatering]=1&filter[addMisc]=0&filter[addTransport]=F&filter[fp]=1&order_by=ofr_price&filter[tourOperator]=0&filter[childAge][1]=20201210","https://fly.pl/cdn/photo/assets/uploads/582/278/2015/04/Pyramisa-Beach-Resort-Sahl-Hasheesh.jpg","https://fly.pl/wycieczka/egipt,hurghada,sahl-hasheesh/dessole-pyramisa-beach-resort-ex-pyramisa-beach-r/pPP79YWNCb1aH4gBF69qsKAAog5K1GAdwPBW2Q7HUYaoVCZa2Nj6WJoGvHb3j6wPDpBHsqBEVYSU0w04r20gZI83pQAVjtAWACagJBSXIhHBGjuAa5BPqCPqsEHRuN-y4Ysbs1Afm1qe4IAgBjAQIL3SGxFA/ofertasv/?filter[tourOperator]=EXIM&filter%5Bperson%5D=2&filter%5BchildAge%5D%5B1%5D=20201210&filter%5Bchild%5D=1","filter_13_16_days","egipt","hurghada","sahl-hasheesh","2026-07-30","2026-08-13","15","14","Warszawa - Modlin","2+1","egipt|hurghada|2026-07-30|2026-08-13|14|Warszawa - Modlin|2+1"
"Serenity Alpha Beach (ex. Serenity Makadi Beach)","15631.0","30.07.2026 - 13.08.2026","15 dni/14 nocy","4.6","4.6","6518","tripadvisor","Warszawa%20-%20Modlin","2026-07-20T02:17:54.168457+00:00","https://fly.pl/szukaj-wycieczek/?filter[dest]=11:&filter[hotelids]=&filter[cityids]=0&filter[cregids]=&filter[ofrType]=&filter[addObjType]=&filter[whenFrom]=20-07-2026&filter[whenTo]=19-08-2026&filter[duration]=13:16&filter[from]=Warszawa%20-%20Modlin,Warszawa%20-%20Radom,Warszawa&filter[person]=2&filter[child]=1&filter[price]=4000:20000&filter[PriceFrom]=4000&filter[PriceTo]=20000&filter[addCategory]=50&filter[addCatering]=1&filter[addMisc]=0&filter[addTransport]=F&filter[fp]=1&order_by=ofr_price&filter[tourOperator]=0&filter[childAge][1]=20201210","https://fly.pl/cdn/photo/assets/uploads/582/278/2014/07/Serenity-Alpha-Beach.jpg","https://fly.pl/wycieczka/egipt,hurghada,makadi-bay/serenity-makadi-heights/pBoYmsyHQiWLO9rKgtnDkGAAog2IjG8cg6da4G3lrbS7vo_62Nj6WJoGvHb3j6wPDpBHsqBEVYSU0w1or20gZIj3pQAVjtAWACagNVQUlyIRwR78UGuQSu9T2rBB0b0706GMnGOwGqtqWuCgIAYwECCzfJoh0/ofertasv/?filter[tourOperator]=EXIM&filter%5Bperson%5D=2&filter%5BchildAge%5D%5B1%5D=20201210&filter%5Bchild%5D=1","filter_13_16_days","egipt","hurghada","makadi-bay","2026-07-30","2026-08-13","15","14","Warszawa - Modlin","2+1","egipt|hurghada|2026-07-30|2026-08-13|14|Warszawa - Modlin|2+1"
"Steigenberger Golf Resort","15631.0","30.07.2026 - 13.08.2026","15 dni/14 nocy","4.8","4.8","1572","tripadvisor","Warszawa%20-%20Modlin","2026-07-20T02:17:54.168457+00:00","https://fly.pl/szukaj-wycieczek/?filter[dest]=11:&filter[hotelids]=&filter[cityids]=0&filter[cregids]=&filter[ofrType]=&filter[addObjType]=&filter[whenFrom]=20-07-2026&filter[whenTo]=19-08-2026&filter[duration]=13:16&filter[from]=Warszawa%20-%20Modlin,Warszawa%20-%20Radom,Warszawa&filter[person]=2&filter[child]=1&filter[price]=4000:20000&filter[PriceFrom]=4000&filter[PriceTo]=20000&filter[addCategory]=50&filter[addCatering]=1&filter[addMisc]=0&filter[addTransport]=F&filter[fp]=1&order_by=ofr_price&filter[tourOperator]=0&filter[childAge][1]=20201210","https://fly.pl/cdn/photo/assets/uploads/582/278/2015/01/Steigenberger-Golf.jpg","https://fly.pl/wycieczka/egipt,hurghada,el-gouna/steigenberger-golf/p3-iUVua4psQ9OS-bi4CO1AAogxa8jc7kBOufhmIHb0jXKjK2Nj6WJoGvHb3j6wPDpBHsqBEVYSU0w1or20gZIj3pQAVjtAWACagJBSXIhHBGdoQa5BICaPqsEHRvBmj4Y_-BRAYKbsfEMAgBjAQIMaAyW3g/ofertasv/?filter[tourOperator]=EXIM&filter%5Bperson%5D=2&filter%5BchildAge%5D%5B1%5D=20201210&filter%5Bchild%5D=1","filter_13_16_days","egipt","hurghada","el-gouna","2026-07-30","2026-08-13","15","14","Warszawa - Modlin","2+1","egipt|hurghada|2026-07-30|2026-08-13|14|Warszawa - Modlin|2+1"
"Pyramisa Beach Resort Sahl Hasheesh","15731.0","30.07.2026 - 13.08.2026","15 dni/14 nocy","4.1","4.1","3552","tripadvisor","Warszawa%20-%20Modlin","2026-07-20T02:17:54.168457+00:00","https://fly.pl/szukaj-wycieczek/?filter[dest]=11:&filter[hotelids]=&filter[cityids]=0&filter[cregids]=&filter[ofrType]=&filter[addObjType]=&filter[whenFrom]=20-07-2026&filter[whenTo]=19-08-2026&filter[duration]=13:16&filter[from]=Warszawa%20-%20Modlin,Warszawa%20-%20Radom,Warszawa&filter[person]=2&filter[child]=1&filter[price]=4000:20000&filter[PriceFrom]=4000&filter[PriceTo]=20000&filter[addCategory]=50&filter[addCatering]=1&filter[addMisc]=0&filter[addTransport]=F&filter[fp]=1&order_by=ofr_price&filter[tourOperator]=0&filter[childAge][1]=20201210","https://fly.pl/cdn/photo/assets/uploads/582/278/2015/04/Pyramisa-Beach-Resort-Sahl-Hasheesh.jpg","https://fly.pl/wycieczka/egipt,hurghada,sahl-hasheesh/dessole-pyramisa-beach-resort-ex-pyramisa-beach-r/pPP79YWNCb1aH4gBF69qsKAAog5K1GAdwPBW2Q7HUYaoVCZa2Nj6WJoGvHb3j6wPDpBHsqBEVYSU0w1or20gZI83pQAVjtAWACagJBSXIhHBGjuAa5BPqCPqsEHRuN-y4Ysbs1Afm1qe4IAgBjAQILQ9TN8g/ofertasv/?filter[tourOperator]=EXIM&filter%5Bperson%5D=2&filter%5BchildAge%5D%5B1%5D=20201210&filter%5Bchild%5D=1","filter_13_16_days","egipt","hurghada","sahl-hasheesh","2026-07-30","2026-08-13","15","14","Warszawa - Modlin","2+1","egipt|hurghada|2026-07-30|2026-08-13|14|Warszawa - Modlin|2+1"
"Rewaya Majestic Resort","15757.0","30.07.2026 - 13.08.2026","15 dni/14 nocy","","","","","Warszawa%20-%20Modlin","2026-07-20T02:17:54.168457+00:00","https://fly.pl/szukaj-wycieczek/?filter[dest]=11:&filter[hotelids]=&filter[cityids]=0&filter[cregids]=&filter[ofrType]=&filter[addObjType]=&filter[whenFrom]=20-07-2026&filter[whenTo]=19-08-2026&filter[duration]=13:16&filter[from]=Warszawa%20-%20Modlin,Warszawa%20-%20Radom,Warszawa&filter[person]=2&filter[child]=1&filter[price]=4000:20000&filter[PriceFrom]=4000&filter[PriceTo]=20000&filter[addCategory]=50&filter[addCatering]=1&filter[addMisc]=0&filter[addTransport]=F&filter[fp]=1&order_by=ofr_price&filter[tourOperator]=0&filter[childAge][1]=20201210","https://datacfstatic.merlinx.pl/OASI/IMG/24139/e3a15b238b2d30f27199dd0e48d3c85c0bc5e06a1c321d66bdb885dd7a89e111.webp","https://fly.pl/wycieczka/egipt,hurghada,c/rewaya-majestic-resort-10/pGh-F7zjuhK-omhdqjJ2e2AAogHOK3bpUPv0QFeNLOh5n_sCzsddqMlWT-AJr_RmPXVRQqBE9BU0kw1or20gZIjXtQAVjtAWACagNVQUlyIRwRy7wBuQSYjw-rBBwbwOEMGOiNEQHcsfSFAgIAYwECDSvJdhQ/ofertasv/?filter[tourOperator]=OASI&filter%5Bperson%5D=2&filter%5BchildAge%5D%5B1%5D=20201210&filter%5Bchild%5D=1","filter_13_16_days","egipt","hurghada","c","2026-07-30","2026-08-13","15","14","Warszawa - Modlin","2+1","egipt|hurghada|2026-07-30|2026-08-13|14|Warszawa - Modlin|2+1"
"Parrotel Lagoon Resort","15809.0","28.07.2026 - 11.08.2026","15 dni/14 nocy","4.1","4.1","1747","tripadvisor","Warszawa%20-%20Modlin","2026-07-20T02:17:54.168457+00:00","https://fly.pl/szukaj-wycieczek/?filter[dest]=11:&filter[hotelids]=&filter[cityids]=0&filter[cregids]=&filter[ofrType]=&filter[addObjType]=&filter[whenFrom]=20-07-2026&filter[whenTo]=19-08-2026&filter[duration]=13:16&filter[from]=Warszawa%20-%20Modlin,Warszawa%20-%20Radom,Warszawa&filter[person]=2&filter[child]=1&filter[price]=4000:20000&filter[PriceFrom]=4000&filter[PriceTo]=20000&filter[addCategory]=50&filter[addCatering]=1&filter[addMisc]=0&filter[addTransport]=F&filter[fp]=1&order_by=ofr_price&filter[tourOperator]=0&filter[childAge][1]=20201210","https://fly.pl/cdn/photo/assets/uploads/582/278/2020/10/Parrotel-Lagoon-Resort.jpg","https://fly.pl/wycieczka/egipt,sharm-el-sheikh,szarm-el-szejk/parrotel-lagoon-resort-14/pW9o9xmEBeBSI_tQpwzYHPAAogA16eyMx_C2dCnFBdXMWj-nXeYM1V8Skx1tKfpZnY0UwqBE9SRVgw1or20gZIwXtQQVi9AWACagZaSS4yLjFyNpsBXAoVBBcAWAFWAkDKBhG7DV3IFk8kXpnYAVKmIFMAYccjSwBM5Yw6IIv7lwkNAAISYwECDR2DOzU/ofertasv/?filter[tourOperator]=OREX&filter%5Bperson%5D=2&filter%5BchildAge%5D%5B1%5D=20201210&filter%5Bchild%5D=1","filter_13_16_days","egipt","sharm-el-sheikh","szarm-el-szejk","2026-07-28","2026-08-11","15","14","Warszawa - Modlin","2+1","egipt|sharm-el-sheikh|2026-07-28|2026-08-11|14|Warszawa - Modlin|2+1"
"Albatros Sea World Resort Marsa Alam","15845.0","25.07.2026 - 09.08.2026","16 dni/14 nocy","4.7","4.7","4422","tripadvisor","Warszawa%20-%20Modlin","2026-07-20T02:17:54.168457+00:00","https://fly.pl/szukaj-wycieczek/?filter[dest]=11:&filter[hotelids]=&filter[cityids]=0&filter[cregids]=&filter[ofrType]=&filter[addObjType]=&filter[whenFrom]=20-07-2026&filter[whenTo]=19-08-2026&filter[duration]=13:16&filter[from]=Warszawa%20-%20Modlin,Warszawa%20-%20Radom,Warszawa&filter[person]=2&filter[child]=1&filter[price]=4000:20000&filter[PriceFrom]=4000&filter[PriceTo]=20000&filter[addCategory]=50&filter[addCatering]=1&filter[addMisc]=0&filter[addTransport]=F&filter[fp]=1&order_by=ofr_price&filter[tourOperator]=0&filter[childAge][1]=20201210","https://fly.pl/cdn/photo/assets/uploads/582/278/2017/08/ALBATROS-SEA-WORLD.jpg","https://fly.pl/wycieczka/egipt,marsa-alam,al-kusajr/sea-world-resort-marsa-alam/prq3G48P-O8eVdOwdl7SqXAAogG-S-uOuULz5eTZ-QOBEnN1ByF9MSu3MwWiJ_ZO3_meEqBFJOQlcw1or20gZI5XtQQVh1YAJqBENBZ2RqFzI5NiwzODAsNDc3LDQ4Myw0ODQsNDg1cjefAZ4BFQ5YARcACtMBQPUFEeIZEJ4bGYMgUv26AVMAS7EvYQAd7JBBDzsgxvaQCQ0AAg1jAQIFL-ojwQ/ofertasv/?filter[tourOperator]=RNBW&filter%5Bperson%5D=2&filter%5BchildAge%5D%5B1%5D=20201210&filter%5Bchild%5D=1","filter_13_16_days","egipt","marsa-alam","al-kusajr","2026-07-25","2026-08-09","16","14","Warszawa - Modlin","2+1","egipt|marsa-alam|2026-07-25|2026-08-09|14|Warszawa - Modlin|2+1"
"Aldiana Club Naga Bay","16011.0","30.07.2026 - 13.08.2026","15 dni/14 nocy","","","","","Warszawa%20-%20Modlin","2026-07-20T02:17:54.168457+00:00","https://fly.pl/szukaj-wycieczek/?filter[dest]=11:&filter[hotelids]=&filter[cityids]=0&filter[cregids]=&filter[ofrType]=&filter[addObjType]=&filter[whenFrom]=20-07-2026&filter[whenTo]=19-08-2026&filter[duration]=13:16&filter[from]=Warszawa%20-%20Modlin,Warszawa%20-%20Radom,Warszawa&filter[person]=2&filter[child]=1&filter[price]=4000:20000&filter[PriceFrom]=4000&filter[PriceTo]=20000&filter[addCategory]=50&filter[addCatering]=1&filter[addMisc]=0&filter[addTransport]=F&filter[fp]=1&order_by=ofr_price&filter[tourOperator]=0&filter[childAge][1]=20201210","https://datacfstatic.merlinx.pl/EXIM/IMG/108012/b1f5d26a903624c4b7c28f67d4a9bbc9a0cf5c691d37d2be60154e132614ef4b.webp","https://fly.pl/wycieczka/egipt,hurghada,c/aldiana-club-naga-bay-9/pcn0OJ0PoPuXJ1fIHvP0x7AAogJH7v4djk7NBOqDayORLnJa2Nj6WJoGvHb3j6wPDpBHsqBEVYSU0w1or20gZIi31QAVjtAWACagJBSXIhHBHsywa5BLHvPasEHRv15j0Y5PI-AaGAqIsLAgBjAQIFlhyW1w/ofertasv/?filter[tourOperator]=EXIM&filter%5Bperson%5D=2&filter%5BchildAge%5D%5B1%5D=20201210&filter%5Bchild%5D=1","filter_13_16_days","egipt","hurghada","c","2026-07-30","2026-08-13","15","14","Warszawa - Modlin","2+1","egipt|hurghada|2026-07-30|2026-08-13|14|Warszawa - Modlin|2+1"
"Jaz Grand Marsa (ex Resta Grand Resort)","16307.0","04.08.2026 - 18.08.2026","15 dni/14 nocy","4.6","4.6","6372","tripadvisor","Warszawa%20-%20Modlin","2026-07-20T02:17:54.168457+00:00","https://fly.pl/szukaj-wycieczek/?filter[dest]=11:&filter[hotelids]=&filter[cityids]=0&filter[cregids]=&filter[ofrType]=&filter[addObjType]=&filter[whenFrom]=20-07-2026&filter[whenTo]=19-08-2026&filter[duration]=13:16&filter[from]=Warszawa%20-%20Modlin,Warszawa%20-%20Radom,Warszawa&filter[person]=2&filter[child]=1&filter[price]=4000:20000&filter[PriceFrom]=4000&filter[PriceTo]=20000&filter[addCategory]=50&filter[addCatering]=1&filter[addMisc]=0&filter[addTransport]=F&filter[fp]=1&order_by=ofr_price&filter[tourOperator]=0&filter[childAge][1]=20201210","https://fly.pl/cdn/photo/assets/uploads/582/278/2014/09/grand.jpg","https://fly.pl/wycieczka/egipt,marsa-alam,madinat-coraya/resta-grand-resort/pQHnJcb2hJirSx3L91B2i3AAogIrVgFD1Mn56aUidXR06t3rf4_bqd5uQQkpGIo2KSdA8qBEVYSU0w1or20gZIs39QAVjlAmACagJBSXIhHBHzxga5BO_3PasEHRveujoYyMc7AZT2664KAgBjAQIMi9z-_g/ofertasv/?filter[tourOperator]=EXIM&filter%5Bperson%5D=2&filter%5BchildAge%5D%5B1%5D=20201210&filter%5Bchild%5D=1","filter_13_16_days","egipt","marsa-alam","madinat-coraya","2026-08-04","2026-08-18","15","14","Warszawa - Modlin","2+1","egipt|marsa-alam|2026-08-04|2026-08-18|14|Warszawa - Modlin|2+1"
"Pickalbatros Villaggio Resort Portofino","16387.0","04.08.2026 - 18.08.2026","15 dni/14 nocy","4.9","4.9","1558","tripadvisor","Warszawa%20-%20Modlin","2026-07-20T02:17:54.168457+00:00","https://fly.pl/szukaj-wycieczek/?filter[dest]=11:&filter[hotelids]=&filter[cityids]=0&filter[cregids]=&filter[ofrType]=&filter[addObjType]=&filter[whenFrom]=20-07-2026&filter[whenTo]=19-08-2026&filter[duration]=13:16&filter[from]=Warszawa%20-%20Modlin,Warszawa%20-%20Radom,Warszawa&filter[person]=2&filter[child]=1&filter[price]=4000:20000&filter[PriceFrom]=4000&filter[PriceTo]=20000&filter[addCategory]=50&filter[addCatering]=1&filter[addMisc]=0&filter[addTransport]=F&filter[fp]=1&order_by=ofr_price&filter[tourOperator]=0&filter[childAge][1]=20201210","https://fly.pl/cdn/photo/assets/uploads/582/278/2024/07/pickalbatros-villaggio-resort-portofino.jpg","https://fly.pl/wycieczka/egipt,marsa-alam,c/pickalbatros-villaggio-resort-portofino-15/poFMmCJPKq21jygC6fCJ4oAAogUpUScMiXbjl8U2iVCHjzcLf4_bqd5uQQkpGIo2KSdA8qBEVYSU0w1or20gZIg4ABUAFY5QJgAmoCQUlyIRwRpPYGuQS-yD2rBB0bhpBEGKjqQwHGleuVDAIAYwECDFqp3uo/ofertasv/?filter[tourOperator]=EXIM&filter%5Bperson%5D=2&filter%5BchildAge%5D%5B1%5D=20201210&filter%5Bchild%5D=1","filter_13_16_days","egipt","marsa-alam","c","2026-08-04","2026-08-18","15","14","Warszawa - Modlin","2+1","egipt|marsa-alam|2026-08-04|2026-08-18|14|Warszawa - Modlin|2+1"
"Sentido Naga Bay","16451.0","30.07.2026 - 13.08.2026","15 dni/14 nocy","","","","","Warszawa%20-%20Modlin","2026-07-20T02:17:54.168457+00:00","https://fly.pl/szukaj-wycieczek/?filter[dest]=11:&filter[hotelids]=&filter[cityids]=0&filter[cregids]=&filter[ofrType]=&filter[addObjType]=&filter[whenFrom]=20-07-2026&filter[whenTo]=19-08-2026&filter[duration]=13:16&filter[from]=Warszawa%20-%20Modlin,Warszawa%20-%20Radom,Warszawa&filter[person]=2&filter[child]=1&filter[price]=4000:20000&filter[PriceFrom]=4000&filter[PriceTo]=20000&filter[addCategory]=50&filter[addCatering]=1&filter[addMisc]=0&filter[addTransport]=F&filter[fp]=1&order_by=ofr_price&filter[tourOperator]=0&filter[childAge][1]=20201210","https://datacfstatic.merlinx.pl/EXIM/IMG/107999/9691dd57e47cec1e96befde9ca4a24ec0aaad7165dd6c455160b011f15ee59d5.webp","https://fly.pl/wycieczka/egipt,hurghada,c/sentido-naga-bay-11/pbLn8CcStTZVOvd19S8BOMAAogyClmMHONeKejB9OXxTUKeK2Nj6WJoGvHb3j6wPDpBHsqBEVYSU0w1or20gZIw4ABUAFY7QFgAmoCQUlyIRwR38sGuQS-7z2rBB0b0OQ9GNHxPgHP96eLCwIAYwECBr_6Vp8/ofertasv/?filter[tourOperator]=EXIM&filter%5Bperson%5D=2&filter%5BchildAge%5D%5B1%5D=20201210&filter%5Bchild%5D=1","filter_13_16_days","egipt","hurghada","c","2026-07-30","2026-08-13","15","14","Warszawa - Modlin","2+1","egipt|hurghada|2026-07-30|2026-08-13|14|Warszawa - Modlin|2+1"
"Sunrise Anjum Resort","16706.0","28.07.2026 - 11.08.2026","15 dni/14 nocy","4.9","4.9","1576","tripadvisor","Warszawa%20-%20Modlin","2026-07-20T02:17:54.168457+00:00","https://fly.pl/szukaj-wycieczek/?filter[dest]=11:&filter[hotelids]=&filter[cityids]=0&filter[cregids]=&filter[ofrType]=&filter[addObjType]=&filter[whenFrom]=20-07-2026&filter[whenTo]=19-08-2026&filter[duration]=13:16&filter[from]=Warszawa%20-%20Modlin,Warszawa%20-%20Radom,Warszawa&filter[person]=2&filter[child]=1&filter[price]=4000:20000&filter[PriceFrom]=4000&filter[PriceTo]=20000&filter[addCategory]=50&filter[addCatering]=1&filter[addMisc]=0&filter[addTransport]=F&filter[fp]=1&order_by=ofr_price&filter[tourOperator]=0&filter[childAge][1]=20201210","https://fly.pl/cdn/photo/assets/uploads/582/278/2024/02/Sunrise-Anjum-Resort.jpg","https://fly.pl/wycieczka/egipt,marsa-alam,c/sunrise-anjum-resort-12/p9MmWH8Cxju0Nbo6pDP-oGAAog4b2uM5PG5VPbf9e0Cjw8nQAAAAB3pwQAl6cEAA4AAQAqBFdFWlkw1or20gZIwoIBUEFYvQFgA2oJRW50ZXIgQWlyckOeAR8AHAECABYEFwkS5gMV9AMYnwMT0gEU3QRA629MtpYBTwBQsS9LABvVLRGHVR2ThQ8gIA3h_8EJARJjAQxjAQQLRdoqNg/ofertasv/?filter[tourOperator]=WEZY&filter%5Bperson%5D=2&filter%5BchildAge%5D%5B1%5D=20201210&filter%5Bchild%5D=1","filter_13_16_days","egipt","marsa-alam","c","2026-07-28","2026-08-11","15","14","Warszawa - Modlin","2+1","egipt|marsa-alam|2026-07-28|2026-08-11|14|Warszawa - Modlin|2+1"
"Tropitel Sahl Hasheesh","16827.0","30.07.2026 - 13.08.2026","15 dni/14 nocy","4.7","4.7","10102","tripadvisor","Warszawa%20-%20Modlin","2026-07-20T02:17:54.168457+00:00","https://fly.pl/szukaj-wycieczek/?filter[dest]=11:&filter[hotelids]=&filter[cityids]=0&filter[cregids]=&filter[ofrType]=&filter[addObjType]=&filter[whenFrom]=20-07-2026&filter[whenTo]=19-08-2026&filter[duration]=13:16&filter[from]=Warszawa%20-%20Modlin,Warszawa%20-%20Radom,Warszawa&filter[person]=2&filter[child]=1&filter[price]=4000:20000&filter[PriceFrom]=4000&filter[PriceTo]=20000&filter[addCategory]=50&filter[addCatering]=1&filter[addMisc]=0&filter[addTransport]=F&filter[fp]=1&order_by=ofr_price&filter[tourOperator]=0&filter[childAge][1]=20201210","https://fly.pl/cdn/photo/assets/uploads/582/278/2014/10/Tropitel-Sahl-Hasheesh.jpg","https://fly.pl/wycieczka/egipt,hurghada,c/tropitel-sahl-hasheesh/pmH1KCJOoUjOGY9PZ6hbJhAAogw3M_QswgPOeaJYztDgtSqyzsddqMlWT-AJr_RmPXVRQqBE9BU0kw1or20gZIu4MBUAFY7QFgAmoDVUFJciEcEfaPAbkE7bsPqwQcG-3EBxin3g4Bi7WF_wECAGMBAgX4Edzg/ofertasv/?filter[tourOperator]=OASI&filter%5Bperson%5D=2&filter%5BchildAge%5D%5B1%5D=20201210&filter%5Bchild%5D=1","filter_13_16_days","egipt","hurghada","c","2026-07-30","2026-08-13","15","14","Warszawa - Modlin","2+1","egipt|hurghada|2026-07-30|2026-08-13|14|Warszawa - Modlin|2+1"
"IL Mercato Splash Aqua Park","16835.0","26.07.2026 - 09.08.2026","15 dni/14 nocy","4.4","4.4","2214","tripadvisor","Warszawa%20-%20Modlin","2026-07-20T02:17:54.168457+00:00","https://fly.pl/szukaj-wycieczek/?filter[dest]=11:&filter[hotelids]=&filter[cityids]=0&filter[cregids]=&filter[ofrType]=&filter[addObjType]=&filter[whenFrom]=20-07-2026&filter[whenTo]=19-08-2026&filter[duration]=13:16&filter[from]=Warszawa%20-%20Modlin,Warszawa%20-%20Radom,Warszawa&filter[person]=2&filter[child]=1&filter[price]=4000:20000&filter[PriceFrom]=4000&filter[PriceTo]=20000&filter[addCategory]=50&filter[addCatering]=1&filter[addMisc]=0&filter[addTransport]=F&filter[fp]=1&order_by=ofr_price&filter[tourOperator]=0&filter[childAge][1]=20201210","https://fly.pl/cdn/photo/assets/uploads/582/278/2014/07/Il-Mercato-Hotel-Spa-Sharm-El-Sheikh.jpg","https://fly.pl/wycieczka/egipt,sharm-el-sheikh,c/iberotel-il-mercato/poetzIbrNk-9-61q2P8WVRAAogmgKYuLW3IlSZVv1BvQ0bWLbDPe7KBV5YefsY-y8laV0qBE9SRVgw1or20gZIw4MBUEFYjQFgAmoFRS4yLjFyNpsBXAoVBBcAWAFWAkDKBhH1DF2OF08kXpnYAVKmIFMAYccjSwBM5Yw6IIn7lwkNAAISYwECC-KWIKo/ofertasv/?filter[tourOperator]=OREX&filter%5Bperson%5D=2&filter%5BchildAge%5D%5B1%5D=20201210&filter%5Bchild%5D=1","filter_13_16_days","egipt","sharm-el-sheikh","c","2026-07-26","2026-08-09","15","14","Warszawa - Modlin","2+1","egipt|sharm-el-sheikh|2026-07-26|2026-08-09|14|Warszawa - Modlin|2+1"
"Jaz Lamaya Resort (ex Iberotel)","16907.0","04.08.2026 - 18.08.2026","15 dni/14 nocy","4.6","4.6","5818","tripadvisor","Warszawa%20-%20Modlin","2026-07-20T02:17:54.168457+00:00","https://fly.pl/szukaj-wycieczek/?filter[dest]=11:&filter[hotelids]=&filter[cityids]=0&filter[cregids]=&filter[ofrType]=&filter[addObjType]=&filter[whenFrom]=20-07-2026&filter[whenTo]=19-08-2026&filter[duration]=13:16&filter[from]=Warszawa%20-%20Modlin,Warszawa%20-%20Radom,Warszawa&filter[person]=2&filter[child]=1&filter[price]=4000:20000&filter[PriceFrom]=4000&filter[PriceTo]=20000&filter[addCategory]=50&filter[addCatering]=1&filter[addMisc]=0&filter[addTransport]=F&filter[fp]=1&order_by=ofr_price&filter[tourOperator]=0&filter[childAge][1]=20201210","https://fly.pl/cdn/photo/assets/uploads/582/278/2014/09/jaz-lamaya.jpg","https://fly.pl/wycieczka/egipt,marsa-alam,madinat-coraya/iberotel-lamaya-resort/pJsBcr51PB1F77zMFUd3woAAog-7tPCtC8YaXSBnZp7mdMkbf4_bqd5uQQkpGIo2KSdA8qBEVYSU0w1or20gZIi4QBUAFY5QJgAmoCQUlyIRwR88cGuQTv9j2rBB0b9946GKn1OwGAxLG5CgIAYwECDGiJ5I4/ofertasv/?filter[tourOperator]=EXIM&filter%5Bperson%5D=2&filter%5BchildAge%5D%5B1%5D=20201210&filter%5Bchild%5D=1","filter_13_16_days","egipt","marsa-alam","madinat-coraya","2026-08-04","2026-08-18","15","14","Warszawa - Modlin","2+1","egipt|marsa-alam|2026-08-04|2026-08-18|14|Warszawa - Modlin|2+1"
"Pickalbatros Palace Port Ghalib (ex. Red Sea The Palace)","16907.0","04.08.2026 - 18.08.2026","15 dni/14 nocy","4.7","4.7","3715","tripadvisor","Warszawa%20-%20Modlin","2026-07-20T02:17:54.168457+00:00","https://fly.pl/szukaj-wycieczek/?filter[dest]=11:&filter[hotelids]=&filter[cityids]=0&filter[cregids]=&filter[ofrType]=&filter[addObjType]=&filter[whenFrom]=20-07-2026&filter[whenTo]=19-08-2026&filter[duration]=13:16&filter[from]=Warszawa%20-%20Modlin,Warszawa%20-%20Radom,Warszawa&filter[person]=2&filter[child]=1&filter[price]=4000:20000&filter[PriceFrom]=4000&filter[PriceTo]=20000&filter[addCategory]=50&filter[addCatering]=1&filter[addMisc]=0&filter[addTransport]=F&filter[fp]=1&order_by=ofr_price&filter[tourOperator]=0&filter[childAge][1]=20201210","https://fly.pl/cdn/photo/assets/uploads/582/278/2014/09/albatros-palace.jpg","https://fly.pl/wycieczka/egipt,marsa-alam,port-ghalib/intercontinental-the-palace-port-ghalib/p4BHfnJgRniSa7VmCitw8-AAog6NyYcg_DkE-41qsZmv2Wlbf4_bqd5uQQkpGIo2KSdA8qBEVYSU0w1or20gZIi4QBUAFY5QJgAmoCQUlyIRwRpqEGuQS8nT6rBB0b27MsGOj_LgGgyNGOCAIAYwECDFqADtg/ofertasv/?filter[tourOperator]=EXIM&filter%5Bperson%5D=2&filter%5BchildAge%5D%5B1%5D=20201210&filter%5Bchild%5D=1","filter_13_16_days","egipt","marsa-alam","port-ghalib","2026-08-04","2026-08-18","15","14","Warszawa - Modlin","2+1","egipt|marsa-alam|2026-08-04|2026-08-18|14|Warszawa - Modlin|2+1"
"Pickalbatros Vita Resort Portofino","17047.0","04.08.2026 - 18.08.2026","15 dni/14 nocy","4.9","4.9","752","tripadvisor","Warszawa%20-%20Modlin","2026-07-20T02:17:54.168457+00:00","https://fly.pl/szukaj-wycieczek/?filter[dest]=11:&filter[hotelids]=&filter[cityids]=0&filter[cregids]=&filter[ofrType]=&filter[addObjType]=&filter[whenFrom]=20-07-2026&filter[whenTo]=19-08-2026&filter[duration]=13:16&filter[from]=Warszawa%20-%20Modlin,Warszawa%20-%20Radom,Warszawa&filter[person]=2&filter[child]=1&filter[price]=4000:20000&filter[PriceFrom]=4000&filter[PriceTo]=20000&filter[addCategory]=50&filter[addCatering]=1&filter[addMisc]=0&filter[addTransport]=F&filter[fp]=1&order_by=ofr_price&filter[tourOperator]=0&filter[childAge][1]=20201210","https://fly.pl/cdn/photo/assets/uploads/582/278/2024/07/pickalbatros-vita-resort-portofino.jpg","https://fly.pl/wycieczka/egipt,marsa-alam,c/pickalbatros-vita-resort-portofino-11/pwCLZeCu7vIIHfoJcSLxXsAAogc3B0ZwblmdkFhOfrKqQhw7f4_bqd5uQQkpGIo2KSdA8qBEVYSU0w1or20gZIl4UBUAFY5QJgAmoCQUlyIRwRsKEGuQSynT6rBB0b8LQsGOX_LgGQm9KOCAIAYwECDNglvkw/ofertasv/?filter[tourOperator]=EXIM&filter%5Bperson%5D=2&filter%5BchildAge%5D%5B1%5D=20201210&filter%5Bchild%5D=1","filter_13_16_days","egipt","marsa-alam","c","2026-08-04","2026-08-18","15","14","Warszawa - Modlin","2+1","egipt|marsa-alam|2026-08-04|2026-08-18|14|Warszawa - Modlin|2+1"
"Radisson Individuals Marina Port Ghalib (ex. Sunrise Marina Resort)","17106.0","25.07.2026 - 09.08.2026","16 dni/14 nocy","4.6","4.6","3519","tripadvisor","Warszawa%20-%20Modlin","2026-07-20T02:17:54.168457+00:00","https://fly.pl/szukaj-wycieczek/?filter[dest]=11:&filter[hotelids]=&filter[cityids]=0&filter[cregids]=&filter[ofrType]=&filter[addObjType]=&filter[whenFrom]=20-07-2026&filter[whenTo]=19-08-2026&filter[duration]=13:16&filter[from]=Warszawa%20-%20Modlin,Warszawa%20-%20Radom,Warszawa&filter[person]=2&filter[child]=1&filter[price]=4000:20000&filter[PriceFrom]=4000&filter[PriceTo]=20000&filter[addCategory]=50&filter[addCatering]=1&filter[addMisc]=0&filter[addTransport]=F&filter[fp]=1&order_by=ofr_price&filter[tourOperator]=0&filter[childAge][1]=20201210","https://fly.pl/cdn/photo/assets/uploads/582/278/2015/04/RADISSON-INDIVIDUALS-MARINA.jpg","https://fly.pl/wycieczka/egipt,marsa-alam,port-ghalib/rehana-port-ghalib-resort/p0Xk91paDjjZ5Jze5MnoFTAAog6ypP23JN82qeNTPv06Es-1ByF9MSu3MwWiJ_ZO3_meEqBFJOQlcw1or20gZI0oUBUEFYdWACagREUTBkahcyOTYsMzgwLDQ3Nyw0ODMsNDg0LDQ4NXI3nwGeARUOWAEXAArNAUD7BRHQLBmzKBDIHVK1nQFTAEuxL2EAHeyQQQ87IMb2kAkNAAIOYwECBQySUEc/ofertasv/?filter[tourOperator]=RNBW&filter%5Bperson%5D=2&filter%5BchildAge%5D%5B1%5D=20201210&filter%5Bchild%5D=1","filter_13_16_days","egipt","marsa-alam","port-ghalib","2026-07-25","2026-08-09","16","14","Warszawa - Modlin","2+1","egipt|marsa-alam|2026-07-25|2026-08-09|14|Warszawa - Modlin|2+1"
"Retac Qunay Dahab Resort & Spa","17118.0","21.07.2026 - 04.08.2026","15 dni/14 nocy","4.3","4.3","1708","tripadvisor","Warszawa%20-%20Modlin","2026-07-20T02:17:54.168457+00:00","https://fly.pl/szukaj-wycieczek/?filter[dest]=11:&filter[hotelids]=&filter[cityids]=0&filter[cregids]=&filter[ofrType]=&filter[addObjType]=&filter[whenFrom]=20-07-2026&filter[whenTo]=19-08-2026&filter[duration]=13:16&filter[from]=Warszawa%20-%20Modlin,Warszawa%20-%20Radom,Warszawa&filter[person]=2&filter[child]=1&filter[price]=4000:20000&filter[PriceFrom]=4000&filter[PriceTo]=20000&filter[addCategory]=50&filter[addCatering]=1&filter[addMisc]=0&filter[addTransport]=F&filter[fp]=1&order_by=ofr_price&filter[tourOperator]=0&filter[childAge][1]=20201210","https://fly.pl/cdn/photo/assets/uploads/582/278/2014/09/Retac-Qunay-Dahab.jpg","https://fly.pl/wycieczka/egipt,dahab,c/le-meridien-dahab-bay/p-rbRBcg22pYdVuhwAoZ9FAAogx7EqrNpFx4HRlScrnvdh_6Z0thCB8joTCLZpO7EgLhQqBE9SRVgw1or20gZI3oUBUEFYFWACagZETS4yLjFyNpsBXAoVBBcAWAFWAkDKBhGxDV3SFk8kXpnYAVKmIFMAYccjSwBM5Yw6IIT7lwkNAAISYwECC7eOuWg/ofertasv/?filter[tourOperator]=OREX&filter%5Bperson%5D=2&filter%5BchildAge%5D%5B1%5D=20201210&filter%5Bchild%5D=1","filter_13_16_days","egipt","dahab","c","2026-07-21","2026-08-04","15","14","Warszawa - Modlin","2+1","egipt|dahab|2026-07-21|2026-08-04|14|Warszawa - Modlin|2+1"
"Jaz Aquaviva","17291.0","30.07.2026 - 13.08.2026","15 dni/14 nocy","4.7","4.7","10763","tripadvisor","Warszawa%20-%20Modlin","2026-07-20T02:17:54.168457+00:00","https://fly.pl/szukaj-wycieczek/?filter[dest]=11:&filter[hotelids]=&filter[cityids]=0&filter[cregids]=&filter[ofrType]=&filter[addObjType]=&filter[whenFrom]=20-07-2026&filter[whenTo]=19-08-2026&filter[duration]=13:16&filter[from]=Warszawa%20-%20Modlin,Warszawa%20-%20Radom,Warszawa&filter[person]=2&filter[child]=1&filter[price]=4000:20000&filter[PriceFrom]=4000&filter[PriceTo]=20000&filter[addCategory]=50&filter[addCatering]=1&filter[addMisc]=0&filter[addTransport]=F&filter[fp]=1&order_by=ofr_price&filter[tourOperator]=0&filter[childAge][1]=20201210","https://fly.pl/cdn/photo/assets/uploads/582/278/2015/07/Jaz-Aquaviva.jpg","https://fly.pl/wycieczka/egipt,hurghada,makadi-bay/jaz-makadi-aquaviva/pugsgd6TNskoPNCc3kpc2GAAogGH_1LweoAn3WqSd37jllWK2Nj6WJoGvHb3j6wPDpBHsqBEVYSU0w1or20gZIi4cBUAFY7QFgAmoCQUlyIRwRn8IGuQT--D2rBB0b6KU5GLXFOgGg6-eLCgIAYwECDBUr-Cg/ofertasv/?filter[tourOperator]=EXIM&filter%5Bperson%5D=2&filter%5BchildAge%5D%5B1%5D=20201210&filter%5Bchild%5D=1","filter_13_16_days","egipt","hurghada","makadi-bay","2026-07-30","2026-08-13","15","14","Warszawa - Modlin","2+1","egipt|hurghada|2026-07-30|2026-08-13|14|Warszawa - Modlin|2+1"
"Double Tree by Hilton Mangroovy El Gouna Resort","17298.0","23.07.2026 - 06.08.2026","15 dni/14 nocy","","","","","Warszawa%20-%20Modlin","2026-07-20T02:17:54.168457+00:00","https://fly.pl/szukaj-wycieczek/?filter[dest]=11:&filter[hotelids]=&filter[cityids]=0&filter[cregids]=&filter[ofrType]=&filter[addObjType]=&filter[whenFrom]=20-07-2026&filter[whenTo]=19-08-2026&filter[duration]=13:16&filter[from]=Warszawa%20-%20Modlin,Warszawa%20-%20Radom,Warszawa&filter[person]=2&filter[child]=1&filter[price]=4000:20000&filter[PriceFrom]=4000&filter[PriceTo]=20000&filter[addCategory]=50&filter[addCatering]=1&filter[addMisc]=0&filter[addTransport]=F&filter[fp]=1&order_by=ofr_price&filter[tourOperator]=0&filter[childAge][1]=20201210","https://datacfstatic.merlinx.pl/OREX/IMG/6513/61970b72b312ea6d0373821b3cb6271ebffe7a152e252532c893aa503ed99358.webp","https://fly.pl/wycieczka/egipt,hurghada,al-dzuna/double-tree-by-hilton-mangroovy-el-gouna-13/pH4Pv4JeAZc6O57AJz7q3oAAogXZ8jrZD6XUWBcRiVGM01i025p3RPWw_5HZbY-DkUxAkqBE9SRVgw1or20gZIkocBUEFYRWACagdOVlcuMi4xcjabAVwKFQQXAFgBVgJAygZd0w5PbBHXHFL7gAFTAF6vT2GBEksATNG-OiCG-5cJDQACEmMBAgsxndrV/ofertasv/?filter[tourOperator]=OREX&filter%5Bperson%5D=2&filter%5BchildAge%5D%5B1%5D=20201210&filter%5Bchild%5D=1","filter_13_16_days","egipt","hurghada","al-dzuna","2026-07-23","2026-08-06","15","14","Warszawa - Modlin","2+1","egipt|hurghada|2026-07-23|2026-08-06|14|Warszawa - Modlin|2+1"
"Pickalbatros Citadel Sahl Hasheesh (ex. Citadel Azur Resort)","17371.0","30.07.2026 - 13.08.2026","15 dni/14 nocy","4.5","4.5","4752","tripadvisor","Warszawa%20-%20Modlin","2026-07-20T02:17:54.168457+00:00","https://fly.pl/szukaj-wycieczek/?filter[dest]=11:&filter[hotelids]=&filter[cityids]=0&filter[cregids]=&filter[ofrType]=&filter[addObjType]=&filter[whenFrom]=20-07-2026&filter[whenTo]=19-08-2026&filter[duration]=13:16&filter[from]=Warszawa%20-%20Modlin,Warszawa%20-%20Radom,Warszawa&filter[person]=2&filter[child]=1&filter[price]=4000:20000&filter[PriceFrom]=4000&filter[PriceTo]=20000&filter[addCategory]=50&filter[addCatering]=1&filter[addMisc]=0&filter[addTransport]=F&filter[fp]=1&order_by=ofr_price&filter[tourOperator]=0&filter[childAge][1]=20201210","https://fly.pl/cdn/photo/assets/uploads/582/278/2014/07/Albatros-Citadel-Sahl-Hasheesh-ex.-Citadel-Azur-Resort-fly-pl.jpg","https://fly.pl/wycieczka/egipt,hurghada,c/citadel-azur-resort/p3Kpf518nUmgbA6hnu9YfoAAognT_hdhNwAn8mhxUN2STqJa2Nj6WJoGvHb3j6wPDpBHsqBEVYSU0w1or20gZI24cBUAFY7QFgAmoCQUlyIRwRhaEGuQSYmj6rBB0bqLksGMuALwHMjv2OCAIAYwECDHsgPLY/ofertasv/?filter[tourOperator]=EXIM&filter%5Bperson%5D=2&filter%5BchildAge%5D%5B1%5D=20201210&filter%5Bchild%5D=1","filter_13_16_days","egipt","hurghada","c","2026-07-30","2026-08-13","15","14","Warszawa - Modlin","2+1","egipt|hurghada|2026-07-30|2026-08-13|14|Warszawa - Modlin|2+1"
"Movenpick Resort El Quseir","17375.0","02.08.2026 - 15.08.2026","14 dni/13 nocy","4.7","4.7","2834","tripadvisor","Warszawa%20-%20Modlin","2026-07-20T02:17:54.168457+00:00","https://fly.pl/szukaj-wycieczek/?filter[dest]=11:&filter[hotelids]=&filter[cityids]=0&filter[cregids]=&filter[ofrType]=&filter[addObjType]=&filter[whenFrom]=20-07-2026&filter[whenTo]=19-08-2026&filter[duration]=13:16&filter[from]=Warszawa%20-%20Modlin,Warszawa%20-%20Radom,Warszawa&filter[person]=2&filter[child]=1&filter[price]=4000:20000&filter[PriceFrom]=4000&filter[PriceTo]=20000&filter[addCategory]=50&filter[addCatering]=1&filter[addMisc]=0&filter[addTransport]=F&filter[fp]=1&order_by=ofr_price&filter[tourOperator]=0&filter[childAge][1]=20201210","https://fly.pl/cdn/photo/assets/uploads/582/278/2014/09/Movenpick.jpg","https://fly.pl/wycieczka/egipt,marsa-alam,c/moevenpick-el-quseir/pSfEEQ1fgVbf257dchw1tYAAogo0qfY4xutuC9aNaxqP9PA9WPvRhZE1lnFY7ll6wcCHsqBE9SRVgw1or20gZI34cBUEFYtQJgAmoGRUMuMi4xcjebAVwKFQMXAFgCVgJAygYR0w1P1BZdjB5ejboBUrwUUwBhsS9LAEzljDog1fuXCQ0AAhJjAQILFFQ9CQ/ofertasv/?filter[tourOperator]=OREX&filter%5Bperson%5D=2&filter%5BchildAge%5D%5B1%5D=20201210&filter%5Bchild%5D=1","filter_13_16_days","egipt","marsa-alam","c","2026-08-02","2026-08-15","14","13","Warszawa - Modlin","2+1","egipt|marsa-alam|2026-08-02|2026-08-15|13|Warszawa - Modlin|2+1"
"Sharm Dreams Vacation Club","17420.0","04.08.2026 - 18.08.2026","15 dni/14 nocy","3.4","3.4","34","tripadvisor","Warszawa%20-%20Modlin","2026-07-20T02:17:54.168457+00:00","https://fly.pl/szukaj-wycieczek/?filter[dest]=11:&filter[hotelids]=&filter[cityids]=0&filter[cregids]=&filter[ofrType]=&filter[addObjType]=&filter[whenFrom]=20-07-2026&filter[whenTo]=19-08-2026&filter[duration]=13:16&filter[from]=Warszawa%20-%20Modlin,Warszawa%20-%20Radom,Warszawa&filter[person]=2&filter[child]=1&filter[price]=4000:20000&filter[PriceFrom]=4000&filter[PriceTo]=20000&filter[addCategory]=50&filter[addCatering]=1&filter[addMisc]=0&filter[addTransport]=F&filter[fp]=1&order_by=ofr_price&filter[tourOperator]=0&filter[childAge][1]=20201210","https://fly.pl/cdn/photo/assets/uploads/582/278/2024/07/sharm-dreams-vacation-club.jpg","https://fly.pl/wycieczka/egipt,sharm-el-sheikh,szarm-el-szejk/sharm-dreams-vacation-club-11/pSkzAFPhj3yCf12ua507XHAAogO6Vb8hVCfY7cVGZqzxEJLA1x93gErimMn3Izbt3OSRgqBE9SRVgw1or20gZIjIgBUEFY5QJgAmoGQ08uMi4xcjabAVwKFQQXAFgBVgJAygYRjhBd9RNPJF6Z2AFSpiBTAGHHI0sATOWMOiDX-5cJDQACEmMBAgvQs8zl/ofertasv/?filter[tourOperator]=OREX&filter%5Bperson%5D=2&filter%5BchildAge%5D%5B1%5D=20201210&filter%5Bchild%5D=1","filter_13_16_days","egipt","sharm-el-sheikh","szarm-el-szejk","2026-08-04","2026-08-18","15","14","Warszawa - Modlin","2+1","egipt|sharm-el-sheikh|2026-08-04|2026-08-18|14|Warszawa - Modlin|2+1"
"Sheraton Soma Bay","17431.0","30.07.2026 - 13.08.2026","15 dni/14 nocy","4.6","4.6","3170","tripadvisor","Warszawa%20-%20Modlin","2026-07-20T02:17:54.168457+00:00","https://fly.pl/szukaj-wycieczek/?filter[dest]=11:&filter[hotelids]=&filter[cityids]=0&filter[cregids]=&filter[ofrType]=&filter[addObjType]=&filter[whenFrom]=20-07-2026&filter[whenTo]=19-08-2026&filter[duration]=13:16&filter[from]=Warszawa%20-%20Modlin,Warszawa%20-%20Radom,Warszawa&filter[person]=2&filter[child]=1&filter[price]=4000:20000&filter[PriceFrom]=4000&filter[PriceTo]=20000&filter[addCategory]=50&filter[addCatering]=1&filter[addMisc]=0&filter[addTransport]=F&filter[fp]=1&order_by=ofr_price&filter[tourOperator]=0&filter[childAge][1]=20201210","https://fly.pl/cdn/photo/assets/uploads/582/278/2014/07/Sheraton-Soma-Bay.jpg","https://fly.pl/wycieczka/egipt,hurghada,soma-bay/sheraton-soma-bay/pPTsZtCf_1Nt7Z6IJrJX6SAAoguhLkAJUYcO8zy-_VYxrjMK2Nj6WJoGvHb3j6wPDpBHsqBEVYSU0w1or20gZIl4gBUAFY7QFgAmoCQUlyIRwRm8oGuQSC8T2rBB0b5a48GOz0PQGIg97uCgIAYwECDGURCZM/ofertasv/?filter[tourOperator]=EXIM&filter%5Bperson%5D=2&filter%5BchildAge%5D%5B1%5D=20201210&filter%5Bchild%5D=1","filter_13_16_days","egipt","hurghada","soma-bay","2026-07-30","2026-08-13","15","14","Warszawa - Modlin","2+1","egipt|hurghada|2026-07-30|2026-08-13|14|Warszawa - Modlin|2+1"
"Jaz Makadi Oasis Resort","17471.0","30.07.2026 - 13.08.2026","15 dni/14 nocy","4.7","4.7","5267","tripadvisor","Warszawa%20-%20Modlin","2026-07-20T02:17:54.168457+00:00","https://fly.pl/szukaj-wycieczek/?filter[dest]=11:&filter[hotelids]=&filter[cityids]=0&filter[cregids]=&filter[ofrType]=&filter[addObjType]=&filter[whenFrom]=20-07-2026&filter[whenTo]=19-08-2026&filter[duration]=13:16&filter[from]=Warszawa%20-%20Modlin,Warszawa%20-%20Radom,Warszawa&filter[person]=2&filter[child]=1&filter[price]=4000:20000&filter[PriceFrom]=4000&filter[PriceTo]=20000&filter[addCategory]=50&filter[addCatering]=1&filter[addMisc]=0&filter[addTransport]=F&filter[fp]=1&order_by=ofr_price&filter[tourOperator]=0&filter[childAge][1]=20201210","https://fly.pl/cdn/photo/assets/uploads/582/278/2015/04/Jaz-Makadi-Oasis.jpg","https://fly.pl/wycieczka/egipt,hurghada,makadi-bay/iberotel-makadi-club-oasis/p27aivlZ0tC3kwNQ9IOZ-HAAog6A6h1rY_ayqChdMrnL0b2K2Nj6WJoGvHb3j6wPDpBHsqBEVYSU0w1or20gZIv4gBUAFY7QFgAmoCQUlyIRwRoMIGuQT9-D2rBB0b_KU5GLXFOgGLvOSLCgIAYwECDOwNNVg/ofertasv/?filter[tourOperator]=EXIM&filter%5Bperson%5D=2&filter%5BchildAge%5D%5B1%5D=20201210&filter%5Bchild%5D=1","filter_13_16_days","egipt","hurghada","makadi-bay","2026-07-30","2026-08-13","15","14","Warszawa - Modlin","2+1","egipt|hurghada|2026-07-30|2026-08-13|14|Warszawa - Modlin|2+1"
"Sunrise Aqua Joy","17557.0","23.07.2026 - 06.08.2026","15 dni/14 nocy","4.7","4.7","3838","tripadvisor","Warszawa%20-%20Modlin","2026-07-20T02:17:54.168457+00:00","https://fly.pl/szukaj-wycieczek/?filter[dest]=11:&filter[hotelids]=&filter[cityids]=0&filter[cregids]=&filter[ofrType]=&filter[addObjType]=&filter[whenFrom]=20-07-2026&filter[whenTo]=19-08-2026&filter[duration]=13:16&filter[from]=Warszawa%20-%20Modlin,Warszawa%20-%20Radom,Warszawa&filter[person]=2&filter[child]=1&filter[price]=4000:20000&filter[PriceFrom]=4000&filter[PriceTo]=20000&filter[addCategory]=50&filter[addCatering]=1&filter[addMisc]=0&filter[addTransport]=F&filter[fp]=1&order_by=ofr_price&filter[tourOperator]=0&filter[childAge][1]=20201210","https://fly.pl/cdn/photo/assets/uploads/582/278/2019/11/Aqua-Joy-Resort-By-Sunrise-Group-fly-pl.jpg","https://fly.pl/wycieczka/egipt,hurghada,c/aqua-joy-resort-by-sunrise-group-9/pr2KJbyBRC1FR_eYWuqDX2AAogmqN4sXgqFo7QESmpL55mMMSDj-_QNGc8Ycxnae6cK1UqBEJWUFIw1or20gZIlYkBUAFYRWACag1BbGwgaW5jbHVzaXZlciAcEbVQG-_lBBjv8wy5BO3fE6sEUAGBquHEAQIAYwECC3VUs6g/ofertasv/?filter[tourOperator]=BVPR&filter%5Bperson%5D=2&filter%5BchildAge%5D%5B1%5D=20201210&filter%5Bchild%5D=1","filter_13_16_days","egipt","hurghada","c","2026-07-23","2026-08-06","15","14","Warszawa - Modlin","2+1","egipt|hurghada|2026-07-23|2026-08-06|14|Warszawa - Modlin|2+1"
"Caesar Bay Resort","17597.0","29.07.2026 - 12.08.2026","15 dni/14 nocy","4.3","4.3","1122","tripadvisor","Warszawa%20-%20Modlin","2026-07-20T02:17:54.168457+00:00","https://fly.pl/szukaj-wycieczek/?filter[dest]=11:&filter[hotelids]=&filter[cityids]=0&filter[cregids]=&filter[ofrType]=&filter[addObjType]=&filter[whenFrom]=20-07-2026&filter[whenTo]=19-08-2026&filter[duration]=13:16&filter[from]=Warszawa%20-%20Modlin,Warszawa%20-%20Radom,Warszawa&filter[person]=2&filter[child]=1&filter[price]=4000:20000&filter[PriceFrom]=4000&filter[PriceTo]=20000&filter[addCategory]=50&filter[addCatering]=1&filter[addMisc]=0&filter[addTransport]=F&filter[fp]=1&order_by=ofr_price&filter[tourOperator]=0&filter[childAge][1]=20201210","https://fly.pl/cdn/photo/assets/uploads/582/278/2024/07/caesar-bay-resort.jpg","https://fly.pl/wycieczka/egipt,aleksandria,c/caesar-bay-resort-13/p5sqr5LPFXB_yh4_vs9XxMAAogg1fpgatL32_drrJr25nJRTb9ESUGfmbgr8FV7KeioOUqBFZJVFgw1or20gZIvYkBUEFY1QFgAnJAGgBcChUEFwBYAUCPA1PJgwFSAFvOAV7mekvtQ2EATJOsOSDe25gJDQBR4eqZ8mtPx9I4Xdz4gP2ZAQIOYwECDQcF2LI/ofertasv/?filter[tourOperator]=VITX&filter%5Bperson%5D=2&filter%5BchildAge%5D%5B1%5D=20201210&filter%5Bchild%5D=1","filter_13_16_days","egipt","aleksandria","c","2026-07-29","2026-08-12","15","14","Warszawa - Modlin","2+1","egipt|aleksandria|2026-07-29|2026-08-12|14|Warszawa - Modlin|2+1"
"Old Palace Resort","17697.0","30.07.2026 - 13.08.2026","15 dni/14 nocy","4.6","4.6","3529","tripadvisor","Warszawa%20-%20Modlin","2026-07-20T02:17:54.168457+00:00","https://fly.pl/szukaj-wycieczek/?filter[dest]=11:&filter[hotelids]=&filter[cityids]=0&filter[cregids]=&filter[ofrType]=&filter[addObjType]=&filter[whenFrom]=20-07-2026&filter[whenTo]=19-08-2026&filter[duration]=13:16&filter[from]=Warszawa%20-%20Modlin,Warszawa%20-%20Radom,Warszawa&filter[person]=2&filter[child]=1&filter[price]=4000:20000&filter[PriceFrom]=4000&filter[PriceTo]=20000&filter[addCategory]=50&filter[addCatering]=1&filter[addMisc]=0&filter[addTransport]=F&filter[fp]=1&order_by=ofr_price&filter[tourOperator]=0&filter[childAge][1]=20201210","https://fly.pl/cdn/photo/assets/uploads/582/278/2015/03/Old-Palace-Resort-Sahl-Hasheesh.jpg","https://fly.pl/wycieczka/egipt,hurghada,c/old-palace-resort/p2c8wTHVL0jiGTAeFcfndBAAog33HgKqmGzqJ6sF9UMaRHdvreulq1_TlMmsNcn3wEcp4qBEVDQ1gw1or20gZIoYoBUAFY7QFgAmoCQUlyIBwRrDq5BKL3FasEHBjWvSwbn6lBAfe_ou8BAgBjAQULslJcBw/ofertasv/?filter[tourOperator]=ECCX&filter%5Bperson%5D=2&filter%5BchildAge%5D%5B1%5D=20201210&filter%5Bchild%5D=1","filter_13_16_days","egipt","hurghada","c","2026-07-30","2026-08-13","15","14","Warszawa - Modlin","2+1","egipt|hurghada|2026-07-30|2026-08-13|14|Warszawa - Modlin|2+1"
"Bellagio Beach Resort & Spa (ex. Panorama Bungalows Hurghada)","17750.0","28.07.2026 - 13.08.2026","17 dni/16 nocy","4.3","4.3","4420","tripadvisor","Warszawa%20-%20Modlin","2026-07-20T02:17:54.168457+00:00","https://fly.pl/szukaj-wycieczek/?filter[dest]=11:&filter[hotelids]=&filter[cityids]=0&filter[cregids]=&filter[ofrType]=&filter[addObjType]=&filter[whenFrom]=20-07-2026&filter[whenTo]=19-08-2026&filter[duration]=13:16&filter[from]=Warszawa%20-%20Modlin,Warszawa%20-%20Radom,Warszawa&filter[person]=2&filter[child]=1&filter[price]=4000:20000&filter[PriceFrom]=4000&filter[PriceTo]=20000&filter[addCategory]=50&filter[addCatering]=1&filter[addMisc]=0&filter[addTransport]=F&filter[fp]=1&order_by=ofr_price&filter[tourOperator]=0&filter[childAge][1]=20201210","https://fly.pl/cdn/photo/assets/uploads/582/278/2014/07/Bellagio-Beach-Resort-Spa.jpg","https://fly.pl/wycieczka/egipt,hurghada,c/panorama-bungalow-resort/poPrYEhcSrxArFJgnW7CnfAAogwO8zDWpUkApPuxcS6YlT_KfM9TxeYnpgwwaJChje9WsqBEpPSVAw1or20gZI1ooBUEFYvQFgAmoDMDB3ckObARQBXAlYBRUBFwBWAUDKBk-rAV03Uq-rAVMAXq9PS-1DYQARoI4BTMX-OA2L-5cJIAAB3N342JSGzKAwAg5jAQANQBD5gg/ofertasv/?filter[tourOperator]=JOIP&filter%5Bperson%5D=2&filter%5BchildAge%5D%5B1%5D=20201210&filter%5Bchild%5D=1","filter_13_16_days","egipt","hurghada","c","2026-07-28","2026-08-13","17","16","Warszawa - Modlin","2+1","egipt|hurghada|2026-07-28|2026-08-13|16|Warszawa - Modlin|2+1"
"Titanic Royal","17851.0","30.07.2026 - 13.08.2026","15 dni/14 nocy","4.8","4.8","4520","tripadvisor","Warszawa%20-%20Modlin","2026-07-20T02:17:54.168457+00:00","https://fly.pl/szukaj-wycieczek/?filter[dest]=11:&filter[hotelids]=&filter[cityids]=0&filter[cregids]=&filter[ofrType]=&filter[addObjType]=&filter[whenFrom]=20-07-2026&filter[whenTo]=19-08-2026&filter[duration]=13:16&filter[from]=Warszawa%20-%20Modlin,Warszawa%20-%20Radom,Warszawa&filter[person]=2&filter[child]=1&filter[price]=4000:20000&filter[PriceFrom]=4000&filter[PriceTo]=20000&filter[addCategory]=50&filter[addCatering]=1&filter[addMisc]=0&filter[addTransport]=F&filter[fp]=1&order_by=ofr_price&filter[tourOperator]=0&filter[childAge][1]=20201210","https://fly.pl/cdn/photo/assets/uploads/582/278/2018/12/Titanic-Royal-fly-pl.jpg","https://fly.pl/wycieczka/egipt,hurghada,c/titanic-royal/pRNuvBKvLRD52kl9mQW1QZAAogd8spWmrlD74FNeEAT1Scmq2Nj6WJoGvHb3j6wPDpBHsqBEVYSU0w1or20gZIu4sBUAFY7QFgAmoDVUFJciEcEZK7BrkEi4A-qwQdG6yOMBjr9zYBneqllAkCAGMBAgvNN4cz/ofertasv/?filter[tourOperator]=EXIM&filter%5Bperson%5D=2&filter%5BchildAge%5D%5B1%5D=20201210&filter%5Bchild%5D=1","filter_13_16_days","egipt","hurghada","c","2026-07-30","2026-08-13","15","14","Warszawa - Modlin","2+1","egipt|hurghada|2026-07-30|2026-08-13|14|Warszawa - Modlin|2+1"
"Jaz Elite Maraya","18007.0","04.08.2026 - 18.08.2026","15 dni/14 nocy","4.9","4.9","2697","tripadvisor","Warszawa%20-%20Modlin","2026-07-20T02:17:54.168457+00:00","https://fly.pl/szukaj-wycieczek/?filter[dest]=11:&filter[hotelids]=&filter[cityids]=0&filter[cregids]=&filter[ofrType]=&filter[addObjType]=&filter[whenFrom]=20-07-2026&filter[whenTo]=19-08-2026&filter[duration]=13:16&filter[from]=Warszawa%20-%20Modlin,Warszawa%20-%20Radom,Warszawa&filter[person]=2&filter[child]=1&filter[price]=4000:20000&filter[PriceFrom]=4000&filter[PriceTo]=20000&filter[addCategory]=50&filter[addCatering]=1&filter[addMisc]=0&filter[addTransport]=F&filter[fp]=1&order_by=ofr_price&filter[tourOperator]=0&filter[childAge][1]=20201210","https://fly.pl/cdn/photo/assets/uploads/582/278/2019/08/Jaz-Maraya.jpg","https://fly.pl/wycieczka/egipt,marsa-alam,c/jaz-maraya/pHhGtOrQWbEGg1Nx2HkM8PAAogz9JnTPFnGg2e_lw8moXbErf4_bqd5uQQkpGIo2KSdA8qBEVYSU0w2or20gZI14wBUAFY5QJgAmoCQUlyIRwRlcoGuQTN9D2rBB0bpqo8GJj0PQHM09zuCgIAYwECDCrH1Qw/ofertasv/?filter[tourOperator]=EXIM&filter%5Bperson%5D=2&filter%5BchildAge%5D%5B1%5D=20201210&filter%5Bchild%5D=1","filter_13_16_days","egipt","marsa-alam","c","2026-08-04","2026-08-18","15","14","Warszawa - Modlin","2+1","egipt|marsa-alam|2026-08-04|2026-08-18|14|Warszawa - Modlin|2+1"
"Albatros Makadi Resort (ex Royal Pharaohs Makadi)","18011.0","30.07.2026 - 13.08.2026","15 dni/14 nocy","","","","","Warszawa%20-%20Modlin","2026-07-20T02:17:54.168457+00:00","https://fly.pl/szukaj-wycieczek/?filter[dest]=11:&filter[hotelids]=&filter[cityids]=0&filter[cregids]=&filter[ofrType]=&filter[addObjType]=&filter[whenFrom]=20-07-2026&filter[whenTo]=19-08-2026&filter[duration]=13:16&filter[from]=Warszawa%20-%20Modlin,Warszawa%20-%20Radom,Warszawa&filter[person]=2&filter[child]=1&filter[price]=4000:20000&filter[PriceFrom]=4000&filter[PriceTo]=20000&filter[addCategory]=50&filter[addCatering]=1&filter[addMisc]=0&filter[addTransport]=F&filter[fp]=1&order_by=ofr_price&filter[tourOperator]=0&filter[childAge][1]=20201210","https://fly.pl/cdn/photo/assets/uploads/582/278/2014/07/Harmony-Makadi-Bay-fly-pl.jpg","https://fly.pl/wycieczka/egipt,hurghada,makadi-bay/harmony-makadi-bay/pI_BOVBixjlvL8NRiInZz3AAogFSdSupv0FaHdUNpUUg7-vq2Nj6WJoGvHb3j6wPDpBHsqBEVYSU0w2or20gZI24wBUAFY7QFgAmoCQUlyIRwR_6AGuQSemj6rBB0b0rssGIiALwGRjv6OCAIAYwECDDOiY7w/ofertasv/?filter[tourOperator]=EXIM&filter%5Bperson%5D=2&filter%5BchildAge%5D%5B1%5D=20201210&filter%5Bchild%5D=1","filter_13_16_days","egipt","hurghada","makadi-bay","2026-07-30","2026-08-13","15","14","Warszawa - Modlin","2+1","egipt|hurghada|2026-07-30|2026-08-13|14|Warszawa - Modlin|2+1"
"Amarina Sun Resort & Aqua Park (ex. Raouf Sun International Aqua Park & SPA)","18106.0","02.08.2026 - 16.08.2026","15 dni/14 nocy","3.9","3.9","307","tripadvisor","Warszawa%20-%20Modlin","2026-07-20T02:17:54.168457+00:00","https://fly.pl/szukaj-wycieczek/?filter[dest]=11:&filter[hotelids]=&filter[cityids]=0&filter[cregids]=&filter[ofrType]=&filter[addObjType]=&filter[whenFrom]=20-07-2026&filter[whenTo]=19-08-2026&filter[duration]=13:16&filter[from]=Warszawa%20-%20Modlin,Warszawa%20-%20Radom,Warszawa&filter[person]=2&filter[child]=1&filter[price]=4000:20000&filter[PriceFrom]=4000&filter[PriceTo]=20000&filter[addCategory]=50&filter[addCatering]=1&filter[addMisc]=0&filter[addTransport]=F&filter[fp]=1&order_by=ofr_price&filter[tourOperator]=0&filter[childAge][1]=20201210","https://fly.pl/cdn/photo/assets/uploads/582/278/2024/07/raouf-sun-international-aqua-park-spa.jpg","https://fly.pl/wycieczka/egipt,sharm-el-sheikh,szarm-el-szejk/raouf-international-aqua-park-spa-14/pta0CgWqxXuzdg7owM65gZAAogJ4x-5kt6uyxnaKUgqhjkyKirIEkpApsu5WO8TpZGVPUqBEpPSVAw2or20gZIuo0BUEFYtQJgAmoDMTJvckObARQBXAkVBBcAWAFWAkDKBk_iAV0AXt76AVKmIFMAS8cjYQARz4gBTJaEOQ3V-5cJIAABibf0sOSIzKAwAg1jAQAMbuYyfw/ofertasv/?filter[tourOperator]=JOIP&filter%5Bperson%5D=2&filter%5BchildAge%5D%5B1%5D=20201210&filter%5Bchild%5D=1","filter_13_16_days","egipt","sharm-el-sheikh","szarm-el-szejk","2026-08-02","2026-08-16","15","14","Warszawa - Modlin","2+1","egipt|sharm-el-sheikh|2026-08-02|2026-08-16|14|Warszawa - Modlin|2+1"
"Dreams Beach Sharm Resort (Sharm El Sheikh)","18171.0","26.07.2026 - 09.08.2026","15 dni/14 nocy","3.9","3.9","2613","tripadvisor","Warszawa%20-%20Modlin","2026-07-20T02:17:54.168457+00:00","https://fly.pl/szukaj-wycieczek/?filter[dest]=11:&filter[hotelids]=&filter[cityids]=0&filter[cregids]=&filter[ofrType]=&filter[addObjType]=&filter[whenFrom]=20-07-2026&filter[whenTo]=19-08-2026&filter[duration]=13:16&filter[from]=Warszawa%20-%20Modlin,Warszawa%20-%20Radom,Warszawa&filter[person]=2&filter[child]=1&filter[price]=4000:20000&filter[PriceFrom]=4000&filter[PriceTo]=20000&filter[addCategory]=50&filter[addCatering]=1&filter[addMisc]=0&filter[addTransport]=F&filter[fp]=1&order_by=ofr_price&filter[tourOperator]=0&filter[childAge][1]=20201210","https://fly.pl/cdn/photo/assets/uploads/582/278/2014/07/Dreams-Beach-Resort.jpg","https://fly.pl/wycieczka/egipt,sharm-el-sheikh,szarm-el-szejk/dreams-beach-sharm-el-sheikh/pgVFRQ-uMemAKQ7VcX7rR5AAog_BPe2e3U3FaMRC3bB8ovDbbDPe7KBV5YefsY-y8laV0qBE9SRVgw2or20gZI-40BUEFYjQFgAmoFRS4yLjFyNpsBXAoVBBcAWAFWAkDKBhHdD12mFE8kXpnYAVKmIFMAYccjSwBM5Yw6IIn7lwkNAAISYwECDPJlMvY/ofertasv/?filter[tourOperator]=OREX&filter%5Bperson%5D=2&filter%5BchildAge%5D%5B1%5D=20201210&filter%5Bchild%5D=1","filter_13_16_days","egipt","sharm-el-sheikh","szarm-el-szejk","2026-07-26","2026-08-09","15","14","Warszawa - Modlin","2+1","egipt|sharm-el-sheikh|2026-07-26|2026-08-09|14|Warszawa - Modlin|2+1"
"Sheraton Miramar Resort (El Gouna)","18211.0","30.07.2026 - 13.08.2026","15 dni/14 nocy","4.7","4.7","6257","tripadvisor","Warszawa%20-%20Modlin","2026-07-20T02:17:54.168457+00:00","https://fly.pl/szukaj-wycieczek/?filter[dest]=11:&filter[hotelids]=&filter[cityids]=0&filter[cregids]=&filter[ofrType]=&filter[addObjType]=&filter[whenFrom]=20-07-2026&filter[whenTo]=19-08-2026&filter[duration]=13:16&filter[from]=Warszawa%20-%20Modlin,Warszawa%20-%20Radom,Warszawa&filter[person]=2&filter[child]=1&filter[price]=4000:20000&filter[PriceFrom]=4000&filter[PriceTo]=20000&filter[addCategory]=50&filter[addCatering]=1&filter[addMisc]=0&filter[addTransport]=F&filter[fp]=1&order_by=ofr_price&filter[tourOperator]=0&filter[childAge][1]=20201210","https://fly.pl/cdn/photo/assets/uploads/582/278/2014/07/Sheraton-Miramar-El-Gouna-1.jpg","https://fly.pl/wycieczka/egipt,hurghada,el-gouna/sheraton-miramar-el-gouna/pRCiDvxYDNvYH1ZScIvh8qAAogyT51MRvV3lNGAQPQtdlxK62Nj6WJoGvHb3j6wPDpBHsqBEVYSU0w2or20gZIo44BUAFY7QFgAmoDVUFJciEcEZmhBrkEhJo-qwQdG4O8LBiGgC8B4q3-jggCAGMBAgyC4lnH/ofertasv/?filter[tourOperator]=EXIM&filter%5Bperson%5D=2&filter%5BchildAge%5D%5B1%5D=20201210&filter%5Bchild%5D=1","filter_13_16_days","egipt","hurghada","el-gouna","2026-07-30","2026-08-13","15","14","Warszawa - Modlin","2+1","egipt|hurghada|2026-07-30|2026-08-13|14|Warszawa - Modlin|2+1"
"Movenpick Waterpark Resort & Spa Soma Bay","18216.0","26.07.2026 - 09.08.2026","15 dni/14 nocy","4.3","4.3","3920","tripadvisor","Warszawa%20-%20Modlin","2026-07-20T02:17:54.168457+00:00","https://fly.pl/szukaj-wycieczek/?filter[dest]=11:&filter[hotelids]=&filter[cityids]=0&filter[cregids]=&filter[ofrType]=&filter[addObjType]=&filter[whenFrom]=20-07-2026&filter[whenTo]=19-08-2026&filter[duration]=13:16&filter[from]=Warszawa%20-%20Modlin,Warszawa%20-%20Radom,Warszawa&filter[person]=2&filter[child]=1&filter[price]=4000:20000&filter[PriceFrom]=4000&filter[PriceTo]=20000&filter[addCategory]=50&filter[addCatering]=1&filter[addMisc]=0&filter[addTransport]=F&filter[fp]=1&order_by=ofr_price&filter[tourOperator]=0&filter[childAge][1]=20201210","https://fly.pl/cdn/photo/assets/uploads/582/278/2009/02/Movenpick-Soma-Bay2539.jpg","https://fly.pl/wycieczka/egipt,hurghada,c/movenpick-soma-bay/po-Xny7OXEgn84jFiyB2q_AAog1xC40B2Cc-pKOz-wGL-X541FgiruwBeVDmwBP-5Nsd0qBE9SRVgw2or20gZIqI4BUEFYjQFgAmoHQks0LjIuMXI1mwFcChUEFwBYAVYCQMoGERJdiQ9PJFLSnQFTAF6vT2GBEksATNG-OiCJ-5cJDQACEmMBAgtVdiaw/ofertasv/?filter[tourOperator]=OREX&filter%5Bperson%5D=2&filter%5BchildAge%5D%5B1%5D=20201210&filter%5Bchild%5D=1","filter_13_16_days","egipt","hurghada","c","2026-07-26","2026-08-09","15","14","Warszawa - Modlin","2+1","egipt|hurghada|2026-07-26|2026-08-09|14|Warszawa - Modlin|2+1"
"Naama Bay Promenade Mountain Resort","18221.0","21.07.2026 - 04.08.2026","15 dni/14 nocy","4.2","4.2","1249","tripadvisor","Warszawa%20-%20Modlin","2026-07-20T02:17:54.168457+00:00","https://fly.pl/szukaj-wycieczek/?filter[dest]=11:&filter[hotelids]=&filter[cityids]=0&filter[cregids]=&filter[ofrType]=&filter[addObjType]=&filter[whenFrom]=20-07-2026&filter[whenTo]=19-08-2026&filter[duration]=13:16&filter[from]=Warszawa%20-%20Modlin,Warszawa%20-%20Radom,Warszawa&filter[person]=2&filter[child]=1&filter[price]=4000:20000&filter[PriceFrom]=4000&filter[PriceTo]=20000&filter[addCategory]=50&filter[addCatering]=1&filter[addMisc]=0&filter[addTransport]=F&filter[fp]=1&order_by=ofr_price&filter[tourOperator]=0&filter[childAge][1]=20201210","https://fly.pl/cdn/photo/assets/uploads/582/278/2024/07/naama-bay-promenade-mountain-resort.jpg","https://fly.pl/wycieczka/egipt,sharm-el-sheikh,szarm-el-szejk/naama-bay-promenade-mountain-resort-12/pPF_0EYkqOt-7UL67J_-TUAAogEzzE-quJW3Oyu4gP0XZQk6Z0thCB8joTCLZpO7EgLhQqBE9SRVgw2or20gZIrY4BUEFYFWACagdFOUIuMi4xcjabAVwKFQQXAFgBVgJAygYRgxBdgBRPJF6Z2AFSpiBTAGHHI0sATOWMOiCE-5cJDQACEmMBAgvTtkiE/ofertasv/?filter[tourOperator]=OREX&filter%5Bperson%5D=2&filter%5BchildAge%5D%5B1%5D=20201210&filter%5Bchild%5D=1","filter_13_16_days","egipt","sharm-el-sheikh","szarm-el-szejk","2026-07-21","2026-08-04","15","14","Warszawa - Modlin","2+1","egipt|sharm-el-sheikh|2026-07-21|2026-08-04|14|Warszawa - Modlin|2+1"
"Parrotel Beach Resort (ex. Radisson Blu)","18257.0","26.07.2026 - 09.08.2026","15 dni/14 nocy","4.4","4.4","6935","tripadvisor","Warszawa%20-%20Modlin","2026-07-20T02:17:54.168457+00:00","https://fly.pl/szukaj-wycieczek/?filter[dest]=11:&filter[hotelids]=&filter[cityids]=0&filter[cregids]=&filter[ofrType]=&filter[addObjType]=&filter[whenFrom]=20-07-2026&filter[whenTo]=19-08-2026&filter[duration]=13:16&filter[from]=Warszawa%20-%20Modlin,Warszawa%20-%20Radom,Warszawa&filter[person]=2&filter[child]=1&filter[price]=4000:20000&filter[PriceFrom]=4000&filter[PriceTo]=20000&filter[addCategory]=50&filter[addCatering]=1&filter[addMisc]=0&filter[addTransport]=F&filter[fp]=1&order_by=ofr_price&filter[tourOperator]=0&filter[childAge][1]=20201210","https://fly.pl/cdn/photo/assets/uploads/582/278/2014/07/Parrotel-Beach-Resort.jpg","https://fly.pl/wycieczka/egipt,sharm-el-sheikh,c/radisson-blu-resort-sharm-el-sheikh/p1CLdCQxr4BzygJA40584JAAogjAeNzLOQZJPs-RoA5AfFvLbDPe7KBV5YefsY-y8laV0qBE9SRVgw2or20gZI0Y4BUEFYjQFgAmoFRS4yLjFyNpsBXAoVBBcAWAFWAkDKBhG6DV3JFk8kXpnYAVKmIFMAYccjSwBM5Yw6IIn7lwkNAAISYwECDfNf58k/ofertasv/?filter[tourOperator]=OREX&filter%5Bperson%5D=2&filter%5BchildAge%5D%5B1%5D=20201210&filter%5Bchild%5D=1","filter_13_16_days","egipt","sharm-el-sheikh","c","2026-07-26","2026-08-09","15","14","Warszawa - Modlin","2+1","egipt|sharm-el-sheikh|2026-07-26|2026-08-09|14|Warszawa - Modlin|2+1"
"Cleopatra Luxury Resort (Makadi Bay)","18337.0","30.07.2026 - 13.08.2026","15 dni/14 nocy","4.6","4.6","3140","tripadvisor","Warszawa%20-%20Modlin","2026-07-20T02:17:54.168457+00:00","https://fly.pl/szukaj-wycieczek/?filter[dest]=11:&filter[hotelids]=&filter[cityids]=0&filter[cregids]=&filter[ofrType]=&filter[addObjType]=&filter[whenFrom]=20-07-2026&filter[whenTo]=19-08-2026&filter[duration]=13:16&filter[from]=Warszawa%20-%20Modlin,Warszawa%20-%20Radom,Warszawa&filter[person]=2&filter[child]=1&filter[price]=4000:20000&filter[PriceFrom]=4000&filter[PriceTo]=20000&filter[addCategory]=50&filter[addCatering]=1&filter[addMisc]=0&filter[addTransport]=F&filter[fp]=1&order_by=ofr_price&filter[tourOperator]=0&filter[childAge][1]=20201210","https://fly.pl/cdn/photo/assets/uploads/582/278/2014/10/Cleopatra-Luxury-Resort-Makadi-Bay.jpg","https://fly.pl/wycieczka/egipt,hurghada,makadi-bay/cleopatra-luxury-resort-makadi-bay/pnxgwe6jya6C5nmVjm0WQLAAogorB7RiNKVrkd6NziFbw3aizsddqMlWT-AJr_RmPXVRQqBE9BU0kw2or20gZIoY8BUAFY7QFgAmoDQUlsciEcEcyPAbkEl7wPqwQcG-vMChi2xwsB25SH_wECAGMBAgbGpnUw/ofertasv/?filter[tourOperator]=OASI&filter%5Bperson%5D=2&filter%5BchildAge%5D%5B1%5D=20201210&filter%5Bchild%5D=1","filter_13_16_days","egipt","hurghada","makadi-bay","2026-07-30","2026-08-13","15","14","Warszawa - Modlin","2+1","egipt|hurghada|2026-07-30|2026-08-13|14|Warszawa - Modlin|2+1"
"Regency Plaza Aqua Park Spa","18338.0","21.07.2026 - 04.08.2026","15 dni/14 nocy","4.1","4.1","6047","tripadvisor","Warszawa%20-%20Modlin","2026-07-20T02:17:54.168457+00:00","https://fly.pl/szukaj-wycieczek/?filter[dest]=11:&filter[hotelids]=&filter[cityids]=0&filter[cregids]=&filter[ofrType]=&filter[addObjType]=&filter[whenFrom]=20-07-2026&filter[whenTo]=19-08-2026&filter[duration]=13:16&filter[from]=Warszawa%20-%20Modlin,Warszawa%20-%20Radom,Warszawa&filter[person]=2&filter[child]=1&filter[price]=4000:20000&filter[PriceFrom]=4000&filter[PriceTo]=20000&filter[addCategory]=50&filter[addCatering]=1&filter[addMisc]=0&filter[addTransport]=F&filter[fp]=1&order_by=ofr_price&filter[tourOperator]=0&filter[childAge][1]=20201210","https://fly.pl/cdn/photo/assets/uploads/582/278/2014/07/Regency-Plaza-Aqua-Park-Spa-fly-pl.jpg","https://fly.pl/wycieczka/egipt,sharm-el-sheikh,szarm-el-szejk/regency-plaza/parkuyPuAesNiwA6xQkLQiAAogBxcK6vOmBbL3Aa_lftnC36Z0thCB8joTCLZpO7EgLhQqBE9SRVgw2or20gZIoo8BUEFYFWACagZENi4yLjFyNpsBXAoVBBcAWAFWAkDKBhHUC12vGE8kXpnYAVKmIFMAYccjSwBM5Yw6IIT7lwkNAAISYwECDYba5qc/ofertasv/?filter[tourOperator]=OREX&filter%5Bperson%5D=2&filter%5BchildAge%5D%5B1%5D=20201210&filter%5Bchild%5D=1","filter_13_16_days","egipt","sharm-el-sheikh","szarm-el-szejk","2026-07-21","2026-08-04","15","14","Warszawa - Modlin","2+1","egipt|sharm-el-sheikh|2026-07-21|2026-08-04|14|Warszawa - Modlin|2+1"
"Amarina Star Resort & Aqua Park (ex. Raouf Star)","18362.0","02.08.2026 - 16.08.2026","15 dni/14 nocy","4.2","4.2","99","tripadvisor","Warszawa%20-%20Modlin","2026-07-20T02:17:54.168457+00:00","https://fly.pl/szukaj-wycieczek/?filter[dest]=11:&filter[hotelids]=&filter[cityids]=0&filter[cregids]=&filter[ofrType]=&filter[addObjType]=&filter[whenFrom]=20-07-2026&filter[whenTo]=19-08-2026&filter[duration]=13:16&filter[from]=Warszawa%20-%20Modlin,Warszawa%20-%20Radom,Warszawa&filter[person]=2&filter[child]=1&filter[price]=4000:20000&filter[PriceFrom]=4000&filter[PriceTo]=20000&filter[addCategory]=50&filter[addCatering]=1&filter[addMisc]=0&filter[addTransport]=F&filter[fp]=1&order_by=ofr_price&filter[tourOperator]=0&filter[childAge][1]=20201210","https://fly.pl/cdn/photo/assets/uploads/582/278/2023/04/Amarina-Star-Resort-Aqua-Park.jpg","https://fly.pl/wycieczka/egipt,sharm-el-sheikh,szarm-el-szejk/raouf-star-15/pWT8ExwtrtotukHR3hUnTMAAogrjZn42oaYy8c7_c5OcatY6irIEkpApsu5WO8TpZGVPUqBEpPSVAw2or20gZIuo8BUEFYtQJgAmoDMTJvckObARQBXAkVBBcAWAFWAkDKBk_iAV0AXt76AVKmIFMAS8cjYQAR9qcBTO_kOA3V-5cJIAABl9-8gOWIzKAwAg1jAQAMMUhVLw/ofertasv/?filter[tourOperator]=JOIP&filter%5Bperson%5D=2&filter%5BchildAge%5D%5B1%5D=20201210&filter%5Bchild%5D=1","filter_13_16_days","egipt","sharm-el-sheikh","szarm-el-szejk","2026-08-02","2026-08-16","15","14","Warszawa - Modlin","2+1","egipt|sharm-el-sheikh|2026-08-02|2026-08-16|14|Warszawa - Modlin|2+1"
"Jaz Aquamarine Resort","18367.0","23.07.2026 - 06.08.2026","15 dni/14 nocy","4.6","4.6","16994","tripadvisor","Warszawa%20-%20Modlin","2026-07-20T02:17:54.168457+00:00","https://fly.pl/szukaj-wycieczek/?filter[dest]=11:&filter[hotelids]=&filter[cityids]=0&filter[cregids]=&filter[ofrType]=&filter[addObjType]=&filter[whenFrom]=20-07-2026&filter[whenTo]=19-08-2026&filter[duration]=13:16&filter[from]=Warszawa%20-%20Modlin,Warszawa%20-%20Radom,Warszawa&filter[person]=2&filter[child]=1&filter[price]=4000:20000&filter[PriceFrom]=4000&filter[PriceTo]=20000&filter[addCategory]=50&filter[addCatering]=1&filter[addMisc]=0&filter[addTransport]=F&filter[fp]=1&order_by=ofr_price&filter[tourOperator]=0&filter[childAge][1]=20201210","https://fly.pl/cdn/photo/assets/uploads/582/278/2016/11/jaz-aquamarine-ex-iberotel-egipt-hurghada-1b.jpg","https://fly.pl/wycieczka/egipt,hurghada,c/jaz-aquamarine-ex-iberotel-aquamarine/pg8sEjV4phg--VOyYMCXliAAogqvhzbgKRCiMvuOTNG0Qcye5NDLk6HnpoGIQ3DifDZswqBE9BU0kw2or20gZIv48BUAFYRWACagNBSWxyIRwRo48BuQS_vA-rBBwb1d0MGMOOEQGp1tqFAgIAYwECC89J7hg/ofertasv/?filter[tourOperator]=OASI&filter%5Bperson%5D=2&filter%5BchildAge%5D%5B1%5D=20201210&filter%5Bchild%5D=1","filter_13_16_days","egipt","hurghada","c","2026-07-23","2026-08-06","15","14","Warszawa - Modlin","2+1","egipt|hurghada|2026-07-23|2026-08-06|14|Warszawa - Modlin|2+1"
"Xperience Kiroseiz Premier","18392.0","30.07.2026 - 13.08.2026","15 dni/14 nocy","4.5","4.5","920","tripadvisor","Warszawa%20-%20Modlin","2026-07-20T02:17:54.168457+00:00","https://fly.pl/szukaj-wycieczek/?filter[dest]=11:&filter[hotelids]=&filter[cityids]=0&filter[cregids]=&filter[ofrType]=&filter[addObjType]=&filter[whenFrom]=20-07-2026&filter[whenTo]=19-08-2026&filter[duration]=13:16&filter[from]=Warszawa%20-%20Modlin,Warszawa%20-%20Radom,Warszawa&filter[person]=2&filter[child]=1&filter[price]=4000:20000&filter[PriceFrom]=4000&filter[PriceTo]=20000&filter[addCategory]=50&filter[addCatering]=1&filter[addMisc]=0&filter[addTransport]=F&filter[fp]=1&order_by=ofr_price&filter[tourOperator]=0&filter[childAge][1]=20201210","https://fly.pl/cdn/photo/assets/uploads/582/278/2015/11/Xperience-Kiroseiz-Premier-fly-pl-3.jpg","https://fly.pl/wycieczka/egipt,sharm-el-sheikh,c/xperience-kiroseiz-premier/pHl_Lc40muu2xmsLBmnV4WAAogw6eSNT6MO8JgvaVjLDIRr6RabB0jVNKiiH0HJOyfEVgqBE9SRVgw2or20gZI2I8BUEFY7QFgAmoFRS4yLjFyNpsBXAoVBBcAWAFWAkDKBhHODV21Fk8kXpnYAVKmIFMAYccjSwBM5Yw6II37lwkNAAISYwECCzxH7n4/ofertasv/?filter[tourOperator]=OREX&filter%5Bperson%5D=2&filter%5BchildAge%5D%5B1%5D=20201210&filter%5Bchild%5D=1","filter_13_16_days","egipt","sharm-el-sheikh","c","2026-07-30","2026-08-13","15","14","Warszawa - Modlin","2+1","egipt|sharm-el-sheikh|2026-07-30|2026-08-13|14|Warszawa - Modlin|2+1"
"Swiss Inn Resort Hurghada (ex. Hilton Hurghada Resort)","18430.0","26.07.2026 - 09.08.2026","15 dni/14 nocy","4.6","4.6","1857","tripadvisor","Warszawa%20-%20Modlin","2026-07-20T02:17:54.168457+00:00","https://fly.pl/szukaj-wycieczek/?filter[dest]=11:&filter[hotelids]=&filter[cityids]=0&filter[cregids]=&filter[ofrType]=&filter[addObjType]=&filter[whenFrom]=20-07-2026&filter[whenTo]=19-08-2026&filter[duration]=13:16&filter[from]=Warszawa%20-%20Modlin,Warszawa%20-%20Radom,Warszawa&filter[person]=2&filter[child]=1&filter[price]=4000:20000&filter[PriceFrom]=4000&filter[PriceTo]=20000&filter[addCategory]=50&filter[addCatering]=1&filter[addMisc]=0&filter[addTransport]=F&filter[fp]=1&order_by=ofr_price&filter[tourOperator]=0&filter[childAge][1]=20201210","https://fly.pl/cdn/photo/assets/uploads/582/278/2014/07/Swiss-Inn-Resort-Hurghada.jpg","https://fly.pl/wycieczka/egipt,hurghada,c/hilton-resort/pLXyd47sASPnkBjh6QX8XXAAogNxICQ-UhDncKE1AWQ-eR9AAAAADZggQA9oIEAA4AAAAqBFdFWlkw2or20gZI_o8BUEFYjQFgA2oJRW50ZXIgQWlyagQwMDE1ckGeAZQBHwACARwAFgQXCRLmAxXaBRiVAxO5AUCFc0zLMk8AEaNCS_lQUAAbiCsdyZMPIB0NgMnCCQESYwEMYwECBuGUVBo/ofertasv/?filter[tourOperator]=WEZY&filter%5Bperson%5D=2&filter%5BchildAge%5D%5B1%5D=20201210&filter%5Bchild%5D=1","filter_13_16_days","egipt","hurghada","c","2026-07-26","2026-08-09","15","14","Warszawa - Modlin","2+1","egipt|hurghada|2026-07-26|2026-08-09|14|Warszawa - Modlin|2+1"
"Azur One Eleven","18442.0","31.07.2026 - 14.08.2026","15 dni/14 nocy","","","","","Warszawa%20-%20Modlin","2026-07-20T02:17:54.168457+00:00","https://fly.pl/szukaj-wycieczek/?filter[dest]=11:&filter[hotelids]=&filter[cityids]=0&filter[cregids]=&filter[ofrType]=&filter[addObjType]=&filter[whenFrom]=20-07-2026&filter[whenTo]=19-08-2026&filter[duration]=13:16&filter[from]=Warszawa%20-%20Modlin,Warszawa%20-%20Radom,Warszawa&filter[person]=2&filter[child]=1&filter[price]=4000:20000&filter[PriceFrom]=4000&filter[PriceTo]=20000&filter[addCategory]=50&filter[addCatering]=1&filter[addMisc]=0&filter[addTransport]=F&filter[fp]=1&order_by=ofr_price&filter[tourOperator]=0&filter[childAge][1]=20201210","https://datacfstatic.merlinx.pl/WEZY/IMG/78894/cc8d1d51077096f59944ba845d3d6e137f5026f7347a564b583f668b9da31318.webp","https://fly.pl/wycieczka/egipt,dolny-egipt,al-alamajn/azur-one-eleven-12/p5itAt7wO7dXz7sUBuz-mfAAogt32iqRW8yQ2swq_MhsKRGwAAAAAZmAQAMpgEAA4AHQAqBFdFWlkw2or20gZIipABUEFYhQJgA2oJRW50ZXIgQWlyagQwNjQwckOeAZMBHwACARwAFgQXCRLmAxSKBRU3GMACQKx1T8YFTABLocABUAARpqECHevHDSAZG5vAZQ2u3twIARJjAQxjAQIFyzoQCg/ofertasv/?filter[tourOperator]=WEZY&filter%5Bperson%5D=2&filter%5BchildAge%5D%5B1%5D=20201210&filter%5Bchild%5D=1","filter_13_16_days","egipt","dolny-egipt","al-alamajn","2026-07-31","2026-08-14","15","14","Warszawa - Modlin","2+1","egipt|dolny-egipt|2026-07-31|2026-08-14|14|Warszawa - Modlin|2+1"
"Pickalbatros Dana Beach Resort","18531.0","30.07.2026 - 13.08.2026","15 dni/14 nocy","4.4","4.4","2844","tripadvisor","Warszawa%20-%20Modlin","2026-07-20T02:17:54.168457+00:00","https://fly.pl/szukaj-wycieczek/?filter[dest]=11:&filter[hotelids]=&filter[cityids]=0&filter[cregids]=&filter[ofrType]=&filter[addObjType]=&filter[whenFrom]=20-07-2026&filter[whenTo]=19-08-2026&filter[duration]=13:16&filter[from]=Warszawa%20-%20Modlin,Warszawa%20-%20Radom,Warszawa&filter[person]=2&filter[child]=1&filter[price]=4000:20000&filter[PriceFrom]=4000&filter[PriceTo]=20000&filter[addCategory]=50&filter[addCatering]=1&filter[addMisc]=0&filter[addTransport]=F&filter[fp]=1&order_by=ofr_price&filter[tourOperator]=0&filter[childAge][1]=20201210","https://fly.pl/cdn/photo/assets/uploads/582/278/2014/10/Dana-Beach-Resort-fly-pl-1.jpg","https://fly.pl/wycieczka/egipt,hurghada,c/dana-beach/pRmkKzfal08dTNIWxi8O3XAAogpa_M6svSyJsm0dO0zy9hEK2Nj6WJoGvHb3j6wPDpBHsqBEVYSU0w2or20gZI45ABUAFY7QFgAmoCQUlyIRwRhqEGuQSXmj6rBB0bt7ksGMmALwGPzv2OCAIAYwECDF93vAg/ofertasv/?filter[tourOperator]=EXIM&filter%5Bperson%5D=2&filter%5BchildAge%5D%5B1%5D=20201210&filter%5Bchild%5D=1","filter_13_16_days","egipt","hurghada","c","2026-07-30","2026-08-13","15","14","Warszawa - Modlin","2+1","egipt|hurghada|2026-07-30|2026-08-13|14|Warszawa - Modlin|2+1"
"Rewaya Luxury Resort","18536.0","28.07.2026 - 13.08.2026","17 dni/16 nocy","","","","","Warszawa%20-%20Modlin","2026-07-20T02:17:54.168457+00:00","https://fly.pl/szukaj-wycieczek/?filter[dest]=11:&filter[hotelids]=&filter[cityids]=0&filter[cregids]=&filter[ofrType]=&filter[addObjType]=&filter[whenFrom]=20-07-2026&filter[whenTo]=19-08-2026&filter[duration]=13:16&filter[from]=Warszawa%20-%20Modlin,Warszawa%20-%20Radom,Warszawa&filter[person]=2&filter[child]=1&filter[price]=4000:20000&filter[PriceFrom]=4000&filter[PriceTo]=20000&filter[addCategory]=50&filter[addCatering]=1&filter[addMisc]=0&filter[addTransport]=F&filter[fp]=1&order_by=ofr_price&filter[tourOperator]=0&filter[childAge][1]=20201210","https://datacfstatic.merlinx.pl/JOIP/IMG/75613/ca53a852b9754b381df45c764cf7c8e113aa8a26829c186164884a0d989a386c.webp","https://fly.pl/wycieczka/egipt,hurghada,c/rewaya-luxury-resort-9/p6EyaJQKggjanItnO6fzi0AAogvauBBqkQuQfYGI2-UYvDqKfM9TxeYnpgwwaJChje9WsqBEpPSVAw2or20gZI6JABUEFYvQFgAmoDQ0dtckObARQBXAlYBRUBFwBWAUDKBk-rAV03Uq-rAVMAXq9PS-1DYQAR1YcCTJCFOA2L-5cJIAAB0be0yJWGzKAwAg5jAQANjum_3g/ofertasv/?filter[tourOperator]=JOIP&filter%5Bperson%5D=2&filter%5BchildAge%5D%5B1%5D=20201210&filter%5Bchild%5D=1","filter_13_16_days","egipt","hurghada","c","2026-07-28","2026-08-13","17","16","Warszawa - Modlin","2+1","egipt|hurghada|2026-07-28|2026-08-13|16|Warszawa - Modlin|2+1"
"Safir Dahab Resort","18581.0","23.07.2026 - 06.08.2026","15 dni/14 nocy","4.5","4.5","1473","tripadvisor","Warszawa%20-%20Modlin","2026-07-20T02:17:54.168457+00:00","https://fly.pl/szukaj-wycieczek/?filter[dest]=11:&filter[hotelids]=&filter[cityids]=0&filter[cregids]=&filter[ofrType]=&filter[addObjType]=&filter[whenFrom]=20-07-2026&filter[whenTo]=19-08-2026&filter[duration]=13:16&filter[from]=Warszawa%20-%20Modlin,Warszawa%20-%20Radom,Warszawa&filter[person]=2&filter[child]=1&filter[price]=4000:20000&filter[PriceFrom]=4000&filter[PriceTo]=20000&filter[addCategory]=50&filter[addCatering]=1&filter[addMisc]=0&filter[addTransport]=F&filter[fp]=1&order_by=ofr_price&filter[tourOperator]=0&filter[childAge][1]=20201210","https://fly.pl/cdn/photo/assets/uploads/582/278/2015/09/Safir-Dahab-Resort.jpg","https://fly.pl/wycieczka/egipt,dahab,c/dahab-resort/pteFOG4p7aS3HqoUxoLl-BAAogZXZTlqjR0MmxZ-IfMNqwdtSajZu0T4M1UZUjRL2Ncu8qBE9SRVgw2or20gZIlZEBUEFYRWACagVFLjIuMXI2mwFcChUEFwBYAVYCQMoGEc8OXbQVTyRemdgBUqYgUwBhxyNLAEzljDoghvuXCQ0AAhJjAQILL23TGg/ofertasv/?filter[tourOperator]=OREX&filter%5Bperson%5D=2&filter%5BchildAge%5D%5B1%5D=20201210&filter%5Bchild%5D=1","filter_13_16_days","egipt","dahab","c","2026-07-23","2026-08-06","15","14","Warszawa - Modlin","2+1","egipt|dahab|2026-07-23|2026-08-06|14|Warszawa - Modlin|2+1"
"Domina Coral Bay Bella Vista","18698.0","26.07.2026 - 09.08.2026","15 dni/14 nocy","4.2","4.2","12358","tripadvisor","Warszawa%20-%20Modlin","2026-07-20T02:17:54.168457+00:00","https://fly.pl/szukaj-wycieczek/?filter[dest]=11:&filter[hotelids]=&filter[cityids]=0&filter[cregids]=&filter[ofrType]=&filter[addObjType]=&filter[whenFrom]=20-07-2026&filter[whenTo]=19-08-2026&filter[duration]=13:16&filter[from]=Warszawa%20-%20Modlin,Warszawa%20-%20Radom,Warszawa&filter[person]=2&filter[child]=1&filter[price]=4000:20000&filter[PriceFrom]=4000&filter[PriceTo]=20000&filter[addCategory]=50&filter[addCatering]=1&filter[addMisc]=0&filter[addTransport]=F&filter[fp]=1&order_by=ofr_price&filter[tourOperator]=0&filter[childAge][1]=20201210","https://fly.pl/cdn/photo/assets/uploads/582/278/2024/07/domina-coral-bay-bellavista.jpg","https://fly.pl/wycieczka/egipt,sharm-el-sheikh,szarm-el-szejk/domina-coral-bay-bellavista-12/prUj1vbJO8VuYPTYqac5x_AAog54-0d3E4BWu2Vdd-PiYbc7bDPe7KBV5YefsY-y8laV0qBE9SRVgw2or20gZIipIBUEFYjQFgAmoFRS4yLjFyNpsBXAoVBBcAWAFWAkDKBhGoC13bGE8kXpnYAVKmIFMAYccjSwBM5Yw6IIn7lwkNAAISYwECDNJhRgQ/ofertasv/?filter[tourOperator]=OREX&filter%5Bperson%5D=2&filter%5BchildAge%5D%5B1%5D=20201210&filter%5Bchild%5D=1","filter_13_16_days","egipt","sharm-el-sheikh","szarm-el-szejk","2026-07-26","2026-08-09","15","14","Warszawa - Modlin","2+1","egipt|sharm-el-sheikh|2026-07-26|2026-08-09|14|Warszawa - Modlin|2+1"
"Domina Coral Bay Oasis","18698.0","26.07.2026 - 09.08.2026","15 dni/14 nocy","4.2","4.2","12358","tripadvisor","Warszawa%20-%20Modlin","2026-07-20T02:17:54.168457+00:00","https://fly.pl/szukaj-wycieczek/?filter[dest]=11:&filter[hotelids]=&filter[cityids]=0&filter[cregids]=&filter[ofrType]=&filter[addObjType]=&filter[whenFrom]=20-07-2026&filter[whenTo]=19-08-2026&filter[duration]=13:16&filter[from]=Warszawa%20-%20Modlin,Warszawa%20-%20Radom,Warszawa&filter[person]=2&filter[child]=1&filter[price]=4000:20000&filter[PriceFrom]=4000&filter[PriceTo]=20000&filter[addCategory]=50&filter[addCatering]=1&filter[addMisc]=0&filter[addTransport]=F&filter[fp]=1&order_by=ofr_price&filter[tourOperator]=0&filter[childAge][1]=20201210","https://fly.pl/cdn/photo/assets/uploads/582/278/2014/07/Domina-Coral-Bay-Oasis.jpg","https://fly.pl/wycieczka/egipt,sharm-el-sheikh,c/domina-coral-bay-oasis/p21jjgA4-kcTdDKS8oNLpcAAogfQSiOISJRKAyxU5Ejz6XGLbDPe7KBV5YefsY-y8laV0qBE9SRVgw2or20gZIipIBUEFYjQFgAmoFRS4yLjFyNpsBXAoVBBcAWAFWAkDKBhGsC13XGE8kXpnYAVKmIFMAYccjSwBM5Yw6IIn7lwkNAAISYwECDBW_zzs/ofertasv/?filter[tourOperator]=OREX&filter%5Bperson%5D=2&filter%5BchildAge%5D%5B1%5D=20201210&filter%5Bchild%5D=1","filter_13_16_days","egipt","sharm-el-sheikh","c","2026-07-26","2026-08-09","15","14","Warszawa - Modlin","2+1","egipt|sharm-el-sheikh|2026-07-26|2026-08-09|14|Warszawa - Modlin|2+1"
"Concorde El Salam Sport","18761.0","04.08.2026 - 18.08.2026","15 dni/14 nocy","4.8","4.8","1427","tripadvisor","Warszawa%20-%20Modlin","2026-07-20T02:17:54.168457+00:00","https://fly.pl/szukaj-wycieczek/?filter[dest]=11:&filter[hotelids]=&filter[cityids]=0&filter[cregids]=&filter[ofrType]=&filter[addObjType]=&filter[whenFrom]=20-07-2026&filter[whenTo]=19-08-2026&filter[duration]=13:16&filter[from]=Warszawa%20-%20Modlin,Warszawa%20-%20Radom,Warszawa&filter[person]=2&filter[child]=1&filter[price]=4000:20000&filter[PriceFrom]=4000&filter[PriceTo]=20000&filter[addCategory]=50&filter[addCatering]=1&filter[addMisc]=0&filter[addTransport]=F&filter[fp]=1&order_by=ofr_price&filter[tourOperator]=0&filter[childAge][1]=20201210","https://fly.pl/cdn/photo/assets/uploads/582/278/2024/07/concorde-el-salam-sport.jpg","https://fly.pl/wycieczka/egipt,sharm-el-sheikh,szarm-el-szejk/concorde-el-salam-sport-15/pr4GYknLrB79M_7i43zlBcAAoggDUEd2h5msyxPFPG5Wdh2g1x93gErimMn3Izbt3OSRgqBE9SRVgw2or20gZIyZIBUEFY5QJgAmoFRS4yLjFyNpsBXAoVBBcAWAFWAkDKBhHkC12fGE8kXpnYAVKmIFMAYccjSwBM5Yw6INf7lwkNAAISYwECC6jj-8o/ofertasv/?filter[tourOperator]=OREX&filter%5Bperson%5D=2&filter%5BchildAge%5D%5B1%5D=20201210&filter%5Bchild%5D=1","filter_13_16_days","egipt","sharm-el-sheikh","szarm-el-szejk","2026-08-04","2026-08-18","15","14","Warszawa - Modlin","2+1","egipt|sharm-el-sheikh|2026-08-04|2026-08-18|14|Warszawa - Modlin|2+1"
"Continental (ex Movenpick Resort)","18784.0","30.07.2026 - 13.08.2026","15 dni/14 nocy","4.5","4.5","4128","tripadvisor","Warszawa%20-%20Modlin","2026-07-20T02:17:54.168457+00:00","https://fly.pl/szukaj-wycieczek/?filter[dest]=11:&filter[hotelids]=&filter[cityids]=0&filter[cregids]=&filter[ofrType]=&filter[addObjType]=&filter[whenFrom]=20-07-2026&filter[whenTo]=19-08-2026&filter[duration]=13:16&filter[from]=Warszawa%20-%20Modlin,Warszawa%20-%20Radom,Warszawa&filter[person]=2&filter[child]=1&filter[price]=4000:20000&filter[PriceFrom]=4000&filter[PriceTo]=20000&filter[addCategory]=50&filter[addCatering]=1&filter[addMisc]=0&filter[addTransport]=F&filter[fp]=1&order_by=ofr_price&filter[tourOperator]=0&filter[childAge][1]=20201210","https://fly.pl/cdn/photo/assets/uploads/582/278/2014/09/Continental-Resort.jpg","https://fly.pl/wycieczka/egipt,hurghada,c/movenpick-resort-hurghada-ex-continental-resort/pT8p7OiKko7L2BTWTFqz3FAAogo9VIhLdFrv57alHoi3K1BSiBJ7nomIqOFBE3ll3TZeYqBFJOQlcw2or20gZI4JIBUEFY7QFgAmoEQndjcmoXMjk2LDM4MCw0NzcsNDgzLDQ4NCw0ODVyN58BngEVDhcAWAEKjQFAuwYR4SUZjC8QvQRS61JTAEuckwFhAB3S8j8POyDllJIJDQACDGMBBAvN-HOq/ofertasv/?filter[tourOperator]=RNBW&filter%5Bperson%5D=2&filter%5BchildAge%5D%5B1%5D=20201210&filter%5Bchild%5D=1","filter_13_16_days","egipt","hurghada","c","2026-07-30","2026-08-13","15","14","Warszawa - Modlin","2+1","egipt|hurghada|2026-07-30|2026-08-13|14|Warszawa - Modlin|2+1"
"Xperience Kiroseiz Parkland","18810.0","28.07.2026 - 11.08.2026","15 dni/14 nocy","4.5","4.5","3055","tripadvisor","Warszawa%20-%20Modlin","2026-07-20T02:17:54.168457+00:00","https://fly.pl/szukaj-wycieczek/?filter[dest]=11:&filter[hotelids]=&filter[cityids]=0&filter[cregids]=&filter[ofrType]=&filter[addObjType]=&filter[whenFrom]=20-07-2026&filter[whenTo]=19-08-2026&filter[duration]=13:16&filter[from]=Warszawa%20-%20Modlin,Warszawa%20-%20Radom,Warszawa&filter[person]=2&filter[child]=1&filter[price]=4000:20000&filter[PriceFrom]=4000&filter[PriceTo]=20000&filter[addCategory]=50&filter[addCatering]=1&filter[addMisc]=0&filter[addTransport]=F&filter[fp]=1&order_by=ofr_price&filter[tourOperator]=0&filter[childAge][1]=20201210","https://fly.pl/cdn/photo/assets/uploads/582/278/2014/06/Xperience-Kiroseiz-Parkland-fly-pl.jpg","https://fly.pl/wycieczka/egipt,sharm-el-sheikh,c/xperience-kiroseiz-parkland/pGG8rybNKLqqQwWT3tQ4_AAAog86jod611Z_F31lmMNnexhXXeYM1V8Skx1tKfpZnY0UwqBE9SRVgw2or20gZI-pIBUEFYvQFgAmoFRS4yLjFyNpsBXAoVBBcAWAFWAkDKBhHMDV23Fk8kXpnYAVKmIFMAYccjSwBM5Yw6IIv7lwkNAAISYwECC00xOeQ/ofertasv/?filter[tourOperator]=OREX&filter%5Bperson%5D=2&filter%5BchildAge%5D%5B1%5D=20201210&filter%5Bchild%5D=1","filter_13_16_days","egipt","sharm-el-sheikh","c","2026-07-28","2026-08-11","15","14","Warszawa - Modlin","2+1","egipt|sharm-el-sheikh|2026-07-28|2026-08-11|14|Warszawa - Modlin|2+1"
"Rehana Royal Beach Resort & Spa","19013.0","21.07.2026 - 04.08.2026","15 dni/14 nocy","4.3","4.3","4609","tripadvisor","Warszawa%20-%20Modlin","2026-07-20T02:17:54.168457+00:00","https://fly.pl/szukaj-wycieczek/?filter[dest]=11:&filter[hotelids]=&filter[cityids]=0&filter[cregids]=&filter[ofrType]=&filter[addObjType]=&filter[whenFrom]=20-07-2026&filter[whenTo]=19-08-2026&filter[duration]=13:16&filter[from]=Warszawa%20-%20Modlin,Warszawa%20-%20Radom,Warszawa&filter[person]=2&filter[child]=1&filter[price]=4000:20000&filter[PriceFrom]=4000&filter[PriceTo]=20000&filter[addCategory]=50&filter[addCatering]=1&filter[addMisc]=0&filter[addTransport]=F&filter[fp]=1&order_by=ofr_price&filter[tourOperator]=0&filter[childAge][1]=20201210","https://fly.pl/cdn/photo/assets/uploads/582/278/2016/11/Rehana-Royal-Beach-Resort-amp-Spa.jpg","https://fly.pl/wycieczka/egipt,sharm-el-sheikh,c/rehana-royal-beach-resort-spa/p8XN6ApzhOZg-Sd0dFNblhAAogt5ELkX0PBks9dYuE-z8avqZ0thCB8joTCLZpO7EgLhQqBE9SRVgw2or20gZIxZQBUEFYFWACagVZLjIuMXI2mwEVDhcAWAFWAlwKQMAGEeAPXaMUTyRemdgBU6YgUgBLxyNhAEzljDoghPuXCQ0AAhJjAQIMZVCzqQ/ofertasv/?filter[tourOperator]=OREX&filter%5Bperson%5D=2&filter%5BchildAge%5D%5B1%5D=20201210&filter%5Bchild%5D=1","filter_13_16_days","egipt","sharm-el-sheikh","c","2026-07-21","2026-08-04","15","14","Warszawa - Modlin","2+1","egipt|sharm-el-sheikh|2026-07-21|2026-08-04|14|Warszawa - Modlin|2+1"
"Naama Bay Hotel & Resort","19031.0","28.07.2026 - 11.08.2026","15 dni/14 nocy","4.4","4.4","4857","tripadvisor","Warszawa%20-%20Modlin","2026-07-20T02:17:54.168457+00:00","https://fly.pl/szukaj-wycieczek/?filter[dest]=11:&filter[hotelids]=&filter[cityids]=0&filter[cregids]=&filter[ofrType]=&filter[addObjType]=&filter[whenFrom]=20-07-2026&filter[whenTo]=19-08-2026&filter[duration]=13:16&filter[from]=Warszawa%20-%20Modlin,Warszawa%20-%20Radom,Warszawa&filter[person]=2&filter[child]=1&filter[price]=4000:20000&filter[PriceFrom]=4000&filter[PriceTo]=20000&filter[addCategory]=50&filter[addCatering]=1&filter[addMisc]=0&filter[addTransport]=F&filter[fp]=1&order_by=ofr_price&filter[tourOperator]=0&filter[childAge][1]=20201210","https://fly.pl/cdn/photo/assets/uploads/582/278/2014/07/Naama-Bay.jpg","https://fly.pl/wycieczka/egipt,sharm-el-sheikh,c/tropitel-naama-bay/pLBrug5foTNP53HEP4YEUZAAoglgnAO-axLCJ-pI8kpQ5d2HXeYM1V8Skx1tKfpZnY0UwqBE9SRVgw2or20gZI15QBUEFYvQFgAmoHRVMzLjIuMXI2mwFcChUEFwBYAVYCQMoGEcQNXb8WTyRemdgBUqYgUwBhxyNLAEzljDogi_uXCQ0AAhJjAQIL5r7n6w/ofertasv/?filter[tourOperator]=OREX&filter%5Bperson%5D=2&filter%5BchildAge%5D%5B1%5D=20201210&filter%5Bchild%5D=1","filter_13_16_days","egipt","sharm-el-sheikh","c","2026-07-28","2026-08-11","15","14","Warszawa - Modlin","2+1","egipt|sharm-el-sheikh|2026-07-28|2026-08-11|14|Warszawa - Modlin|2+1"
"Charmillion Club Aqua Park","19103.0","04.08.2026 - 18.08.2026","15 dni/14 nocy","4.6","4.6","4362","tripadvisor","Warszawa%20-%20Modlin","2026-07-20T02:17:54.168457+00:00","https://fly.pl/szukaj-wycieczek/?filter[dest]=11:&filter[hotelids]=&filter[cityids]=0&filter[cregids]=&filter[ofrType]=&filter[addObjType]=&filter[whenFrom]=20-07-2026&filter[whenTo]=19-08-2026&filter[duration]=13:16&filter[from]=Warszawa%20-%20Modlin,Warszawa%20-%20Radom,Warszawa&filter[person]=2&filter[child]=1&filter[price]=4000:20000&filter[PriceFrom]=4000&filter[PriceTo]=20000&filter[addCategory]=50&filter[addCatering]=1&filter[addMisc]=0&filter[addTransport]=F&filter[fp]=1&order_by=ofr_price&filter[tourOperator]=0&filter[childAge][1]=20201210","https://fly.pl/cdn/photo/assets/uploads/582/278/2014/07/Charmillion-Club-Aqua-Park.jpg","https://fly.pl/wycieczka/egipt,sharm-el-sheikh,szarm-el-szejk/sea-club-aqua-park/pgAvuX0WVRBkS7zFaGofWOAAogv47aQFzKleo4BmQRilBzBA1x93gErimMn3Izbt3OSRgqBE9SRVgw2or20gZIn5UBUEFY5QJgAmoFRS4yLjFyNpsBXAoVBBcAWAFWAkDKBhGiDV3hFk8kXpnYAVKmIFMAYccjSwBM5Yw6INf7lwkNAAISYwECDFwZg-E/ofertasv/?filter[tourOperator]=OREX&filter%5Bperson%5D=2&filter%5BchildAge%5D%5B1%5D=20201210&filter%5Bchild%5D=1","filter_13_16_days","egipt","sharm-el-sheikh","szarm-el-szejk","2026-08-04","2026-08-18","15","14","Warszawa - Modlin","2+1","egipt|sharm-el-sheikh|2026-08-04|2026-08-18|14|Warszawa - Modlin|2+1"
"Xperience Sea Breeze Resort","19116.0","26.07.2026 - 09.08.2026","15 dni/14 nocy","4.7","4.7","11506","tripadvisor","Warszawa%20-%20Modlin","2026-07-20T02:17:54.168457+00:00","https://fly.pl/szukaj-wycieczek/?filter[dest]=11:&filter[hotelids]=&filter[cityids]=0&filter[cregids]=&filter[ofrType]=&filter[addObjType]=&filter[whenFrom]=20-07-2026&filter[whenTo]=19-08-2026&filter[duration]=13:16&filter[from]=Warszawa%20-%20Modlin,Warszawa%20-%20Radom,Warszawa&filter[person]=2&filter[child]=1&filter[price]=4000:20000&filter[PriceFrom]=4000&filter[PriceTo]=20000&filter[addCategory]=50&filter[addCatering]=1&filter[addMisc]=0&filter[addTransport]=F&filter[fp]=1&order_by=ofr_price&filter[tourOperator]=0&filter[childAge][1]=20201210","https://fly.pl/cdn/photo/assets/uploads/582/278/2014/07/XPERIENCE-SEA-BREEZE-RESORT.jpg","https://fly.pl/wycieczka/egipt,sharm-el-sheikh,c/xperience-sea-breeze/pEFgtTVhNvcwn6GSmXFimzAAogll3vC4Fr_vEM_FQGl81dXLbDPe7KBV5YefsY-y8laV0qBE9SRVgw2or20gZIrJUBUEFYjQFgAmoFRS4yLjFyNpsBXAoVBBcAWAFWAkDKBhHNDV22Fk8kXpnYAVKmIFMAYccjSwBM5Yw6IIn7lwkNAAISYwECC7VvkGg/ofertasv/?filter[tourOperator]=OREX&filter%5Bperson%5D=2&filter%5BchildAge%5D%5B1%5D=20201210&filter%5Bchild%5D=1","filter_13_16_days","egipt","sharm-el-sheikh","c","2026-07-26","2026-08-09","15","14","Warszawa - Modlin","2+1","egipt|sharm-el-sheikh|2026-07-26|2026-08-09|14|Warszawa - Modlin|2+1"
"Royal Regency Club","19215.0","21.07.2026 - 04.08.2026","15 dni/14 nocy","4.3","4.3","326","tripadvisor","Warszawa%20-%20Modlin","2026-07-20T02:17:54.168457+00:00","https://fly.pl/szukaj-wycieczek/?filter[dest]=11:&filter[hotelids]=&filter[cityids]=0&filter[cregids]=&filter[ofrType]=&filter[addObjType]=&filter[whenFrom]=20-07-2026&filter[whenTo]=19-08-2026&filter[duration]=13:16&filter[from]=Warszawa%20-%20Modlin,Warszawa%20-%20Radom,Warszawa&filter[person]=2&filter[child]=1&filter[price]=4000:20000&filter[PriceFrom]=4000&filter[PriceTo]=20000&filter[addCategory]=50&filter[addCatering]=1&filter[addMisc]=0&filter[addTransport]=F&filter[fp]=1&order_by=ofr_price&filter[tourOperator]=0&filter[childAge][1]=20201210","https://fly.pl/cdn/photo/assets/uploads/582/278/2024/07/royal-regency-club.jpg","https://fly.pl/wycieczka/egipt,sharm-el-sheikh,szarm-el-szejk/royal-regency-club/p9yY5vYKVoHlyggXuwY1UZAAoggjhmEJKIoPFryQcOWNtZG6Z0thCB8joTCLZpO7EgLhQqBE9SRVgw2or20gZIj5YBUEFYFWACagdQOFAuMi4xcjabARUOFwBYAVYCXAhAwgYR1gtdrRhPJF6Z2AFTpiBSAEvHI2EATOWMOiCE-5cJDQACEmMBAg1kcdGk/ofertasv/?filter[tourOperator]=OREX&filter%5Bperson%5D=2&filter%5BchildAge%5D%5B1%5D=20201210&filter%5Bchild%5D=1","filter_13_16_days","egipt","sharm-el-sheikh","szarm-el-szejk","2026-07-21","2026-08-04","15","14","Warszawa - Modlin","2+1","egipt|sharm-el-sheikh|2026-07-21|2026-08-04|14|Warszawa - Modlin|2+1"
"Palm Royale Soma Bay","19291.0","30.07.2026 - 13.08.2026","15 dni/14 nocy","4.7","4.7","7140","tripadvisor","Warszawa%20-%20Modlin","2026-07-20T02:17:54.168457+00:00","https://fly.pl/szukaj-wycieczek/?filter[dest]=11:&filter[hotelids]=&filter[cityids]=0&filter[cregids]=&filter[ofrType]=&filter[addObjType]=&filter[whenFrom]=20-07-2026&filter[whenTo]=19-08-2026&filter[duration]=13:16&filter[from]=Warszawa%20-%20Modlin,Warszawa%20-%20Radom,Warszawa&filter[person]=2&filter[child]=1&filter[price]=4000:20000&filter[PriceFrom]=4000&filter[PriceTo]=20000&filter[addCategory]=50&filter[addCatering]=1&filter[addMisc]=0&filter[addTransport]=F&filter[fp]=1&order_by=ofr_price&filter[tourOperator]=0&filter[childAge][1]=20201210","https://fly.pl/cdn/photo/assets/uploads/582/278/2014/09/Palm-Royale-Resort-Soma-Bay.jpg","https://fly.pl/wycieczka/egipt,hurghada,soma-bay/palm-royale-soma-bay/piwuOf27gMbBAINdjd68-VAAogxovyOZUkmerz3ZijASjAzK2Nj6WJoGvHb3j6wPDpBHsqBEVYSU0w2or20gZI25YBUAFY7QFgAmoCQUlyIRwRj6EGuQSOmj6rBB0bu7ssGIyALwHw24CPCAIAYwECDXQcjbM/ofertasv/?filter[tourOperator]=EXIM&filter%5Bperson%5D=2&filter%5BchildAge%5D%5B1%5D=20201210&filter%5Bchild%5D=1","filter_13_16_days","egipt","hurghada","soma-bay","2026-07-30","2026-08-13","15","14","Warszawa - Modlin","2+1","egipt|hurghada|2026-07-30|2026-08-13|14|Warszawa - Modlin|2+1"
"Domina Coral Bay Aquamarine","19323.0","21.07.2026 - 04.08.2026","15 dni/14 nocy","4.2","4.2","12358","tripadvisor","Warszawa%20-%20Modlin","2026-07-20T02:17:54.168457+00:00","https://fly.pl/szukaj-wycieczek/?filter[dest]=11:&filter[hotelids]=&filter[cityids]=0&filter[cregids]=&filter[ofrType]=&filter[addObjType]=&filter[whenFrom]=20-07-2026&filter[whenTo]=19-08-2026&filter[duration]=13:16&filter[from]=Warszawa%20-%20Modlin,Warszawa%20-%20Radom,Warszawa&filter[person]=2&filter[child]=1&filter[price]=4000:20000&filter[PriceFrom]=4000&filter[PriceTo]=20000&filter[addCategory]=50&filter[addCatering]=1&filter[addMisc]=0&filter[addTransport]=F&filter[fp]=1&order_by=ofr_price&filter[tourOperator]=0&filter[childAge][1]=20201210","https://fly.pl/cdn/photo/assets/uploads/582/278/2014/07/Domina-Coral-Bay-Aquamarine.jpg","https://fly.pl/wycieczka/egipt,sharm-el-sheikh,c/domina-coral-bay-aquamarine/pqMAL3j5mzpRTNMbK1o4JEAAogp-ZAfMJWd9j35i7SQPDJVqZ0thCB8joTCLZpO7EgLhQqBE9SRVgw2or20gZI-5YBUEFYFWACagVFLjIuMXI2mwFcChUEFwBYAVYCQMoGEaYLXd0YTyRemdgBUqYgUwBhxyNLAEzljDoghPuXCQ0AAhJjAQIMEL4a3w/ofertasv/?filter[tourOperator]=OREX&filter%5Bperson%5D=2&filter%5BchildAge%5D%5B1%5D=20201210&filter%5Bchild%5D=1","filter_13_16_days","egipt","sharm-el-sheikh","c","2026-07-21","2026-08-04","15","14","Warszawa - Modlin","2+1","egipt|sharm-el-sheikh|2026-07-21|2026-08-04|14|Warszawa - Modlin|2+1"
"Cardina Resort by Sunrise","11127.0","25.07.2026 - 09.08.2026","16 dni/14 nocy","4.0","4.0","1272","tripadvisor","Warszawa%20-%20Modlin","2026-07-20T05:57:35.658220+00:00","https://fly.pl/szukaj-wycieczek/?filter[dest]=11:&filter[hotelids]=&filter[cityids]=0&filter[cregids]=&filter[ofrType]=&filter[addObjType]=&filter[whenFrom]=20-07-2026&filter[whenTo]=19-08-2026&filter[duration]=13:16&filter[from]=Warszawa%20-%20Modlin,Warszawa%20-%20Radom,Warszawa&filter[person]=2&filter[child]=1&filter[price]=4000:20000&filter[PriceFrom]=4000&filter[PriceTo]=20000&filter[addCategory]=50&filter[addCatering]=1&filter[addMisc]=0&filter[addTransport]=F&filter[fp]=1&order_by=ofr_price&filter[tourOperator]=0&filter[childAge][1]=20201210","https://fly.pl/cdn/photo/assets/uploads/582/278/2016/11/Aurora-Oriental-Bay-Marsa-Alam.jpg","https://fly.pl/wycieczka/egipt,marsa-alam,c/aurora-oriental-bay-marsa-alam/p_98VfuE4iKHxbPiYghN6NAAogeEs4ibsQ8g5P2y24z-TD4CDv-TuTJihDcUr9GdEWPN8qBEJWUFIw0PH20gZI91ZQAVhyYAJqDUFsbCBpbmNsdXNpdmVyIBwRm1Abk-IEGKnjDLkE4e8TqwQeAZbEgcIBAgBjAQILPT3zmA/ofertasv/?filter[tourOperator]=BVPR&filter%5Bperson%5D=2&filter%5BchildAge%5D%5B1%5D=20201210&filter%5Bchild%5D=1","filter_13_16_days","egipt","marsa-alam","c","2026-07-25","2026-08-09","16","14","Warszawa - Modlin","2+1","egipt|marsa-alam|2026-07-25|2026-08-09|14|Warszawa - Modlin|2+1"
"Amarina Queen Resort","11587.0","25.07.2026 - 09.08.2026","16 dni/14 nocy","4.7","4.7","1143","tripadvisor","Warszawa%20-%20Modlin","2026-07-20T05:57:35.658220+00:00","https://fly.pl/szukaj-wycieczek/?filter[dest]=11:&filter[hotelids]=&filter[cityids]=0&filter[cregids]=&filter[ofrType]=&filter[addObjType]=&filter[whenFrom]=20-07-2026&filter[whenTo]=19-08-2026&filter[duration]=13:16&filter[from]=Warszawa%20-%20Modlin,Warszawa%20-%20Radom,Warszawa&filter[person]=2&filter[child]=1&filter[price]=4000:20000&filter[PriceFrom]=4000&filter[PriceTo]=20000&filter[addCategory]=50&filter[addCatering]=1&filter[addMisc]=0&filter[addTransport]=F&filter[fp]=1&order_by=ofr_price&filter[tourOperator]=0&filter[childAge][1]=20201210","https://fly.pl/cdn/photo/assets/uploads/582/278/2024/07/amarina-queen-resort.jpg","https://fly.pl/wycieczka/egipt,marsa-alam,c/amarina-queen-resort-12/p_nMSP03DgLNOVCp9cp3vpAAogcf_f1LgLokorJL8GzySlNFByF9MSu3MwWiJ_ZO3_meEqBFJOQlcw0PH20gZIw1pQQVhyYAJqFzI5NiwzODAsNDc3LDQ4Myw0ODQsNDg1cjeeARUOWAEXAApdQOsGEcYyGb0iEP1FU4B1UgBLsS9hAF_twiQd_80cDzsgxvaQCQ0AAg5jAQIFWMjlBw/ofertasv/?filter[tourOperator]=RNBW&filter%5Bperson%5D=2&filter%5BchildAge%5D%5B1%5D=20201210&filter%5Bchild%5D=1","filter_13_16_days","egipt","marsa-alam","c","2026-07-25","2026-08-09","16","14","Warszawa - Modlin","2+1","egipt|marsa-alam|2026-07-25|2026-08-09|14|Warszawa - Modlin|2+1"
"Concorde Moreen Beach Resort & Spa","11657.0","25.07.2026 - 08.08.2026","15 dni/14 nocy","4.5","4.5","5558","tripadvisor","Warszawa%20-%20Modlin","2026-07-20T05:57:35.658220+00:00","https://fly.pl/szukaj-wycieczek/?filter[dest]=11:&filter[hotelids]=&filter[cityids]=0&filter[cregids]=&filter[ofrType]=&filter[addObjType]=&filter[whenFrom]=20-07-2026&filter[whenTo]=19-08-2026&filter[duration]=13:16&filter[from]=Warszawa%20-%20Modlin,Warszawa%20-%20Radom,Warszawa&filter[person]=2&filter[child]=1&filter[price]=4000:20000&filter[PriceFrom]=4000&filter[PriceTo]=20000&filter[addCategory]=50&filter[addCatering]=1&filter[addMisc]=0&filter[addTransport]=F&filter[fp]=1&order_by=ofr_price&filter[tourOperator]=0&filter[childAge][1]=20201210","https://fly.pl/cdn/photo/assets/uploads/582/278/2014/07/Concorde-Moreen-Beach-Resort-Spa-fly-pl.jpg","https://fly.pl/wycieczka/egipt,marsa-alam,c/concorde-moreen-beach-spa-resort/pZ7CnSYRN6yj8XisntiVluAAogtGVDRxZAhR0UWiKheZTHo7_wroebgxU58eH0JDngafgqBFZJVFgw0PH20gZIiVtQQVhyYAJyQBoAXAoVBBcAWAFAjwNbl4UBXuZ6UrwUUwBLsS9hAEySrDkN29uYCSAAUdOulPbfAU_Z7jddnPiv-SUCDGMBAgtx9siE/ofertasv/?filter[tourOperator]=VITX&filter%5Bperson%5D=2&filter%5BchildAge%5D%5B1%5D=20201210&filter%5Bchild%5D=1","filter_13_16_days","egipt","marsa-alam","c","2026-07-25","2026-08-08","15","14","Warszawa - Modlin","2+1","egipt|marsa-alam|2026-07-25|2026-08-08|14|Warszawa - Modlin|2+1"
"Casa Mare Resort (ex. Royal Tulip Beach Resort)","11857.0","25.07.2026 - 08.08.2026","15 dni/14 nocy","4.7","4.7","4661","tripadvisor","Warszawa%20-%20Modlin","2026-07-20T05:57:35.658220+00:00","https://fly.pl/szukaj-wycieczek/?filter[dest]=11:&filter[hotelids]=&filter[cityids]=0&filter[cregids]=&filter[ofrType]=&filter[addObjType]=&filter[whenFrom]=20-07-2026&filter[whenTo]=19-08-2026&filter[duration]=13:16&filter[from]=Warszawa%20-%20Modlin,Warszawa%20-%20Radom,Warszawa&filter[person]=2&filter[child]=1&filter[price]=4000:20000&filter[PriceFrom]=4000&filter[PriceTo]=20000&filter[addCategory]=50&filter[addCatering]=1&filter[addMisc]=0&filter[addTransport]=F&filter[fp]=1&order_by=ofr_price&filter[tourOperator]=0&filter[childAge][1]=20201210","https://fly.pl/cdn/photo/assets/uploads/582/278/2015/12/Casa-Mare-Resort.jpg","https://fly.pl/wycieczka/egipt,marsa-alam,c/royal-tulip-beach-resort/pwbOH5WRikVdUSdwgjaYLiAAoglzoQG-KuXyo4c8nb92rXm7_wroebgxU58eH0JDngafgqBFZJVFgw0PH20gZI0VxQQVhyYAJyQBoAXAoVBBcAWAFAjwNbl4UBXuZ6UrwUUwBLsS9hAEyUrDkN2duYCSAAUbqfxfbfAU_y_QZdnPiv-SUCDmMBAg1Op8Y3/ofertasv/?filter[tourOperator]=VITX&filter%5Bperson%5D=2&filter%5BchildAge%5D%5B1%5D=20201210&filter%5Bchild%5D=1","filter_13_16_days","egipt","marsa-alam","c","2026-07-25","2026-08-08","15","14","Warszawa - Modlin","2+1","egipt|marsa-alam|2026-07-25|2026-08-08|14|Warszawa - Modlin|2+1"
"Royal Brayka Beach Resort (ex Zee Brayka)","12057.0","25.07.2026 - 08.08.2026","15 dni/14 nocy","4.4","4.4","2425","tripadvisor","Warszawa%20-%20Modlin","2026-07-20T05:57:35.658220+00:00","https://fly.pl/szukaj-wycieczek/?filter[dest]=11:&filter[hotelids]=&filter[cityids]=0&filter[cregids]=&filter[ofrType]=&filter[addObjType]=&filter[whenFrom]=20-07-2026&filter[whenTo]=19-08-2026&filter[duration]=13:16&filter[from]=Warszawa%20-%20Modlin,Warszawa%20-%20Radom,Warszawa&filter[person]=2&filter[child]=1&filter[price]=4000:20000&filter[PriceFrom]=4000&filter[PriceTo]=20000&filter[addCategory]=50&filter[addCatering]=1&filter[addMisc]=0&filter[addTransport]=F&filter[fp]=1&order_by=ofr_price&filter[tourOperator]=0&filter[childAge][1]=20201210","https://fly.pl/cdn/photo/assets/uploads/582/278/2014/07/Royal-Brayka-Resort.jpg","https://fly.pl/wycieczka/egipt,marsa-alam,c/royal-brayka-resort/pXYl8zNZSKF672ShNG94ezAAogq1_Vo5sXzRViSHQV_Fvs1b_wroebgxU58eH0JDngafgqBFZJVFgw0PH20gZImV5QQVhyYAJyQBoAXAoVBBcAWAFAjwNbv4MBXr58UrwUUwBLsS9hAEyUrDkN2duYCSAAUZ2Nv_bfAU-PkA1dnPiv-SUCDmMBAg07BtXO/ofertasv/?filter[tourOperator]=VITX&filter%5Bperson%5D=2&filter%5BchildAge%5D%5B1%5D=20201210&filter%5Bchild%5D=1","filter_13_16_days","egipt","marsa-alam","c","2026-07-25","2026-08-08","15","14","Warszawa - Modlin","2+1","egipt|marsa-alam|2026-07-25|2026-08-08|14|Warszawa - Modlin|2+1"
"Dream Lagoon & Aqua Park Resort (ex. Floriana Dream Lagoon)","12147.0","04.08.2026 - 18.08.2026","15 dni/14 nocy","4.3","4.3","5595","tripadvisor","Warszawa%20-%20Modlin","2026-07-20T05:57:35.658220+00:00","https://fly.pl/szukaj-wycieczek/?filter[dest]=11:&filter[hotelids]=&filter[cityids]=0&filter[cregids]=&filter[ofrType]=&filter[addObjType]=&filter[whenFrom]=20-07-2026&filter[whenTo]=19-08-2026&filter[duration]=13:16&filter[from]=Warszawa%20-%20Modlin,Warszawa%20-%20Radom,Warszawa&filter[person]=2&filter[child]=1&filter[price]=4000:20000&filter[PriceFrom]=4000&filter[PriceTo]=20000&filter[addCategory]=50&filter[addCatering]=1&filter[addMisc]=0&filter[addTransport]=F&filter[fp]=1&order_by=ofr_price&filter[tourOperator]=0&filter[childAge][1]=20201210","https://fly.pl/cdn/photo/assets/uploads/582/278/2015/11/Future-Dream-Lagoon-ex.-Floriana-Dream-Lagoon-fly-pl.jpg","https://fly.pl/wycieczka/egipt,marsa-alam,c/floriana-dream-lagoon/pJUJDzk7f6U2jO7FNj5lqvAAogUfw_t7RWj4qr7rJA3if9Rbf4_bqd5uQQkpGIo2KSdA8qBEVYSU0w0PH20gZI815QAVjiAmACagJBSXIhHBGroQa5BLedPqsEHRugtCwY5_8uAc2j0o4IAgBjAQINbEQZoQ/ofertasv/?filter[tourOperator]=EXIM&filter%5Bperson%5D=2&filter%5BchildAge%5D%5B1%5D=20201210&filter%5Bchild%5D=1","filter_13_16_days","egipt","marsa-alam","c","2026-08-04","2026-08-18","15","14","Warszawa - Modlin","2+1","egipt|marsa-alam|2026-08-04|2026-08-18|14|Warszawa - Modlin|2+1"
"Creek Hotel and Residences","12451.0","30.07.2026 - 13.08.2026","15 dni/14 nocy","4.8","4.8","219","tripadvisor","Warszawa%20-%20Modlin","2026-07-20T05:57:35.658220+00:00","https://fly.pl/szukaj-wycieczek/?filter[dest]=11:&filter[hotelids]=&filter[cityids]=0&filter[cregids]=&filter[ofrType]=&filter[addObjType]=&filter[whenFrom]=20-07-2026&filter[whenTo]=19-08-2026&filter[duration]=13:16&filter[from]=Warszawa%20-%20Modlin,Warszawa%20-%20Radom,Warszawa&filter[person]=2&filter[child]=1&filter[price]=4000:20000&filter[PriceFrom]=4000&filter[PriceTo]=20000&filter[addCategory]=50&filter[addCatering]=1&filter[addMisc]=0&filter[addTransport]=F&filter[fp]=1&order_by=ofr_price&filter[tourOperator]=0&filter[childAge][1]=20201210","https://fly.pl/cdn/photo/assets/uploads/582/278/2024/07/creek-hotel-residences.jpg","https://fly.pl/wycieczka/egipt,hurghada,al-dzuna/creek-hotel-residences-9/ptxpy8NF0DgfKz1-lSaU96AAoghT2A5FavS3UOnttpsdm2j62Nj6WJoGvHb3j6wPDpBHsqBEVYSU0w0PH20gZIo2FQAVjqAWACagJBSXIhHBH-9Qa5BJ_FPasEHRvJgEQY-vFCAayyuYsMAgBjAQILvtGHAg/ofertasv/?filter[tourOperator]=EXIM&filter%5Bperson%5D=2&filter%5BchildAge%5D%5B1%5D=20201210&filter%5Bchild%5D=1","filter_13_16_days","egipt","hurghada","al-dzuna","2026-07-30","2026-08-13","15","14","Warszawa - Modlin","2+1","egipt|hurghada|2026-07-30|2026-08-13|14|Warszawa - Modlin|2+1"
"Gemma Resort (ex. Labranda Gemma Premium Resort)","12886.0","25.07.2026 - 09.08.2026","16 dni/14 nocy","4.5","4.5","5484","tripadvisor","Warszawa%20-%20Modlin","2026-07-20T05:57:35.658220+00:00","https://fly.pl/szukaj-wycieczek/?filter[dest]=11:&filter[hotelids]=&filter[cityids]=0&filter[cregids]=&filter[ofrType]=&filter[addObjType]=&filter[whenFrom]=20-07-2026&filter[whenTo]=19-08-2026&filter[duration]=13:16&filter[from]=Warszawa%20-%20Modlin,Warszawa%20-%20Radom,Warszawa&filter[person]=2&filter[child]=1&filter[price]=4000:20000&filter[PriceFrom]=4000&filter[PriceTo]=20000&filter[addCategory]=50&filter[addCatering]=1&filter[addMisc]=0&filter[addTransport]=F&filter[fp]=1&order_by=ofr_price&filter[tourOperator]=0&filter[childAge][1]=20201210","https://fly.pl/cdn/photo/assets/uploads/582/278/2015/06/Gemma-Resort.jpg","https://fly.pl/wycieczka/egipt,marsa-alam,c/gemma-resort/pKFILRSvMD64b9yz8nJ3KVAAogq8paWRXlgABC_lBOGenYelByF9MSu3MwWiJ_ZO3_meEqBFJOQlcw0PH20gZI1mRQQVhyYAJqBERRMWVqFzI5NiwzODAsNDc3LDQ4Myw0ODQsNDg1cjefAZ4BFQ5YARcACokFQL8CEaEsGeIoEIIbUvufAVMAS7EvYQAd7JBBDzsgxvaQCQ0AAg5jAQIGSDtQKQ/ofertasv/?filter[tourOperator]=RNBW&filter%5Bperson%5D=2&filter%5BchildAge%5D%5B1%5D=20201210&filter%5Bchild%5D=1","filter_13_16_days","egipt","marsa-alam","c","2026-07-25","2026-08-09","16","14","Warszawa - Modlin","2+1","egipt|marsa-alam|2026-07-25|2026-08-09|14|Warszawa - Modlin|2+1"
"True Beach Resort","12993.0","28.07.2026 - 11.08.2026","15 dni/14 nocy","4.3","4.3","149","tripadvisor","Warszawa%20-%20Modlin","2026-07-20T05:57:35.658220+00:00","https://fly.pl/szukaj-wycieczek/?filter[dest]=11:&filter[hotelids]=&filter[cityids]=0&filter[cregids]=&filter[ofrType]=&filter[addObjType]=&filter[whenFrom]=20-07-2026&filter[whenTo]=19-08-2026&filter[duration]=13:16&filter[from]=Warszawa%20-%20Modlin,Warszawa%20-%20Radom,Warszawa&filter[person]=2&filter[child]=1&filter[price]=4000:20000&filter[PriceFrom]=4000&filter[PriceTo]=20000&filter[addCategory]=50&filter[addCatering]=1&filter[addMisc]=0&filter[addTransport]=F&filter[fp]=1&order_by=ofr_price&filter[tourOperator]=0&filter[childAge][1]=20201210","https://fly.pl/cdn/photo/assets/uploads/582/278/2014/09/True-Beach-Resort.jpg","https://fly.pl/wycieczka/egipt,marsa-alam,c/laguna-beach-marsa-alam/pWlqE-DTi3ms1pmcYE5Y-NAAogJJU9OfTw6aO_XPL_KvITigAAAAB3pwQAl6cEAA4AAQAqBFdFWlkw0PH20gZIwWVQQVi6AWADaglFbnRlciBBaXJyQ54BHwAcAQIAFgQXCRLmAxX0AxifAxPSARTdBEDrbxHBa0_1KkwAULEvSwAd74cQICAbuehjDaiX3ggBEmMBDGMBAgUZ-xjq/ofertasv/?filter[tourOperator]=WEZY&filter%5Bperson%5D=2&filter%5BchildAge%5D%5B1%5D=20201210&filter%5Bchild%5D=1","filter_13_16_days","egipt","marsa-alam","c","2026-07-28","2026-08-11","15","14","Warszawa - Modlin","2+1","egipt|marsa-alam|2026-07-28|2026-08-11|14|Warszawa - Modlin|2+1"
"Novotel Marsa Alam","13867.0","04.08.2026 - 18.08.2026","15 dni/14 nocy","4.5","4.5","3620","tripadvisor","Warszawa%20-%20Modlin","2026-07-20T05:57:35.658220+00:00","https://fly.pl/szukaj-wycieczek/?filter[dest]=11:&filter[hotelids]=&filter[cityids]=0&filter[cregids]=&filter[ofrType]=&filter[addObjType]=&filter[whenFrom]=20-07-2026&filter[whenTo]=19-08-2026&filter[duration]=13:16&filter[from]=Warszawa%20-%20Modlin,Warszawa%20-%20Radom,Warszawa&filter[person]=2&filter[child]=1&filter[price]=4000:20000&filter[PriceFrom]=4000&filter[PriceTo]=20000&filter[addCategory]=50&filter[addCatering]=1&filter[addMisc]=0&filter[addTransport]=F&filter[fp]=1&order_by=ofr_price&filter[tourOperator]=0&filter[childAge][1]=20201210","https://fly.pl/cdn/photo/assets/uploads/582/278/2015/09/Novotel-Marsa-Alam.jpg","https://fly.pl/wycieczka/egipt,marsa-alam,c/novotel-marsa-alam/pmq9fNBv8z4yCO0WYyXZiwAAogmb5ERUu-R345opIYetjx57f4_bqd5uQQkpGIo2KSdA8qBEVYSU0w0PH20gZIq2xQAVjiAmACagJBSXIhHBGvoQa5BLOdPqsEHRvktCwY5v8uAcau0o4IAgBjAQIN7D5Zww/ofertasv/?filter[tourOperator]=EXIM&filter%5Bperson%5D=2&filter%5BchildAge%5D%5B1%5D=20201210&filter%5Bchild%5D=1","filter_13_16_days","egipt","marsa-alam","c","2026-08-04","2026-08-18","15","14","Warszawa - Modlin","2+1","egipt|marsa-alam|2026-08-04|2026-08-18|14|Warszawa - Modlin|2+1"
"Sea Star Beau Rivage","13877.0","30.07.2026 - 13.08.2026","15 dni/14 nocy","4.5","4.5","4179","tripadvisor","Warszawa%20-%20Modlin","2026-07-20T05:57:35.658220+00:00","https://fly.pl/szukaj-wycieczek/?filter[dest]=11:&filter[hotelids]=&filter[cityids]=0&filter[cregids]=&filter[ofrType]=&filter[addObjType]=&filter[whenFrom]=20-07-2026&filter[whenTo]=19-08-2026&filter[duration]=13:16&filter[from]=Warszawa%20-%20Modlin,Warszawa%20-%20Radom,Warszawa&filter[person]=2&filter[child]=1&filter[price]=4000:20000&filter[PriceFrom]=4000&filter[PriceTo]=20000&filter[addCategory]=50&filter[addCatering]=1&filter[addMisc]=0&filter[addTransport]=F&filter[fp]=1&order_by=ofr_price&filter[tourOperator]=0&filter[childAge][1]=20201210","https://fly.pl/cdn/photo/assets/uploads/582/278/2014/07/Sea-Star-Beau-Rivage-fly-pl.jpg","https://fly.pl/wycieczka/egipt,hurghada,c/sea-star-beau-rivage/pFr45VNl2MNwwA9fQJDTE8AAog_uDjQuGtoclCbU2gWY5LB_reulq1_TlMmsNcn3wEcp4qBEVDQ1gw0PH20gZItWxQAVjqAWACagJBSXIgHBHEKLkEiokWqwQcGIqJKxuY50EB98uQ5gECEmMBAgv5Jw8r/ofertasv/?filter[tourOperator]=ECCX&filter%5Bperson%5D=2&filter%5BchildAge%5D%5B1%5D=20201210&filter%5Bchild%5D=1","filter_13_16_days","egipt","hurghada","c","2026-07-30","2026-08-13","15","14","Warszawa - Modlin","2+1","egipt|hurghada|2026-07-30|2026-08-13|14|Warszawa - Modlin|2+1"
"Stella Beach Resort & Spa","13971.0","30.07.2026 - 13.08.2026","15 dni/14 nocy","4.4","4.4","6795","tripadvisor","Warszawa%20-%20Modlin","2026-07-20T05:57:35.658220+00:00","https://fly.pl/szukaj-wycieczek/?filter[dest]=11:&filter[hotelids]=&filter[cityids]=0&filter[cregids]=&filter[ofrType]=&filter[addObjType]=&filter[whenFrom]=20-07-2026&filter[whenTo]=19-08-2026&filter[duration]=13:16&filter[from]=Warszawa%20-%20Modlin,Warszawa%20-%20Radom,Warszawa&filter[person]=2&filter[child]=1&filter[price]=4000:20000&filter[PriceFrom]=4000&filter[PriceTo]=20000&filter[addCategory]=50&filter[addCatering]=1&filter[addMisc]=0&filter[addTransport]=F&filter[fp]=1&order_by=ofr_price&filter[tourOperator]=0&filter[childAge][1]=20201210","https://fly.pl/cdn/photo/assets/uploads/582/278/2014/10/Stella-Di-Mare-Beach-Resort-Spa.jpg","https://fly.pl/wycieczka/egipt,hurghada,makadi-bay/stella-makadi-resort/pLYdDBmiOhbkBo_FCh6Z8eAAogeXNWQOjJQBdQThmPQyPJ0K2Nj6WJoGvHb3j6wPDpBHsqBEVYSU0w0PH20gZIk21QAVjqAWACagJBSXIhHBGx9Qa5BOzFPasEHRvF2kgYwuFGAcvgzOwMAgBjAQINCzlw-A/ofertasv/?filter[tourOperator]=EXIM&filter%5Bperson%5D=2&filter%5BchildAge%5D%5B1%5D=20201210&filter%5Bchild%5D=1","filter_13_16_days","egipt","hurghada","makadi-bay","2026-07-30","2026-08-13","15","14","Warszawa - Modlin","2+1","egipt|hurghada|2026-07-30|2026-08-13|14|Warszawa - Modlin|2+1"
"Marriott Hurghada Beach Resort","13971.0","30.07.2026 - 13.08.2026","15 dni/14 nocy","4.6","4.6","4768","tripadvisor","Warszawa%20-%20Modlin","2026-07-20T05:57:35.658220+00:00","https://fly.pl/szukaj-wycieczek/?filter[dest]=11:&filter[hotelids]=&filter[cityids]=0&filter[cregids]=&filter[ofrType]=&filter[addObjType]=&filter[whenFrom]=20-07-2026&filter[whenTo]=19-08-2026&filter[duration]=13:16&filter[from]=Warszawa%20-%20Modlin,Warszawa%20-%20Radom,Warszawa&filter[person]=2&filter[child]=1&filter[price]=4000:20000&filter[PriceFrom]=4000&filter[PriceTo]=20000&filter[addCategory]=50&filter[addCatering]=1&filter[addMisc]=0&filter[addTransport]=F&filter[fp]=1&order_by=ofr_price&filter[tourOperator]=0&filter[childAge][1]=20201210","https://fly.pl/cdn/photo/assets/uploads/582/278/2014/09/Marriott-Hurghada-Beach-Resort.jpg","https://fly.pl/wycieczka/egipt,hurghada,c/marriott-hurghada-beach-resort/pUIq8UBibFQj4nuY31vCnpAAogWeSIrw5wa9QjC_upj319nq2Nj6WJoGvHb3j6wPDpBHsqBEVYSU0w0PH20gZIk21QAVjqAWACagJBSXIhHBGZyga5BITxPasEHRvFrjwY7PQ9AcX-3O4KAgBjAQIL_hwGFA/ofertasv/?filter[tourOperator]=EXIM&filter%5Bperson%5D=2&filter%5BchildAge%5D%5B1%5D=20201210&filter%5Bchild%5D=1","filter_13_16_days","egipt","hurghada","c","2026-07-30","2026-08-13","15","14","Warszawa - Modlin","2+1","egipt|hurghada|2026-07-30|2026-08-13|14|Warszawa - Modlin|2+1"
"Time Marina","14010.0","24.07.2026 - 07.08.2026","15 dni/14 nocy","","","","","Warszawa%20-%20Modlin","2026-07-20T05:57:35.658220+00:00","https://fly.pl/szukaj-wycieczek/?filter[dest]=11:&filter[hotelids]=&filter[cityids]=0&filter[cregids]=&filter[ofrType]=&filter[addObjType]=&filter[whenFrom]=20-07-2026&filter[whenTo]=19-08-2026&filter[duration]=13:16&filter[from]=Warszawa%20-%20Modlin,Warszawa%20-%20Radom,Warszawa&filter[person]=2&filter[child]=1&filter[price]=4000:20000&filter[PriceFrom]=4000&filter[PriceTo]=20000&filter[addCategory]=50&filter[addCatering]=1&filter[addMisc]=0&filter[addTransport]=F&filter[fp]=1&order_by=ofr_price&filter[tourOperator]=0&filter[childAge][1]=20201210","https://fly.pl/cdn/photo/assets/uploads/582/278/2026/02/Time-Marina.jpg","https://fly.pl/wycieczka/egipt,dolny-egipt,al-alamajn/time-marina-11/pLkQ4hRRgARIUKpS1MZmY1AAog1fbucOX8pGEYOkxgF_2OtAAAAAAYmAQAMZgEAA4AAQAqBFdFWlkw0PH20gZIum1QQVhaYANqCUVudGVyIEFpcmoEMDY0MHJDngGTAR8AAgEWABwAFw0S5gMUigUVNxjAAkCsdU_GBUwAS6HAAVAAEc6zAh3CtQ0gGRvponQN2vvNCAESYwEMYwECBSNmg-o/ofertasv/?filter[tourOperator]=WEZY&filter%5Bperson%5D=2&filter%5BchildAge%5D%5B1%5D=20201210&filter%5Bchild%5D=1","filter_13_16_days","egipt","dolny-egipt","al-alamajn","2026-07-24","2026-08-07","15","14","Warszawa - Modlin","2+1","egipt|dolny-egipt|2026-07-24|2026-08-07|14|Warszawa - Modlin|2+1"
"Sataya Resort (ex. Labranda Sataya Marsa Alam)","14057.0","25.07.2026 - 08.08.2026","15 dni/14 nocy","4.7","4.7","4085","tripadvisor","Warszawa%20-%20Modlin","2026-07-20T05:57:35.658220+00:00","https://fly.pl/szukaj-wycieczek/?filter[dest]=11:&filter[hotelids]=&filter[cityids]=0&filter[cregids]=&filter[ofrType]=&filter[addObjType]=&filter[whenFrom]=20-07-2026&filter[whenTo]=19-08-2026&filter[duration]=13:16&filter[from]=Warszawa%20-%20Modlin,Warszawa%20-%20Radom,Warszawa&filter[person]=2&filter[child]=1&filter[price]=4000:20000&filter[PriceFrom]=4000&filter[PriceTo]=20000&filter[addCategory]=50&filter[addCatering]=1&filter[addMisc]=0&filter[addTransport]=F&filter[fp]=1&order_by=ofr_price&filter[tourOperator]=0&filter[childAge][1]=20201210","https://fly.pl/cdn/photo/assets/uploads/582/278/2019/09/Sataya-Resort-Marsa-Alam.jpg","https://fly.pl/wycieczka/egipt,marsa-alam,c/labranda-sataya-marsa-alam-9/pEsDgng0BO8G95SM42I4WnAAogpyWD8SKSDjEn7X3S0jmmKb_wroebgxU58eH0JDngafgqBFZJVFgw0PH20gZI6W1QQVhyYAJyQBoAXAoVBBcAWAFAjwNbl4UBXuZ6UrwUUwBLsS9hAEyUrDkN2duYCSAAUcnqwPbfAU_jsgtdnPiv-SUCDWMBAgyFnoF1/ofertasv/?filter[tourOperator]=VITX&filter%5Bperson%5D=2&filter%5BchildAge%5D%5B1%5D=20201210&filter%5Bchild%5D=1","filter_13_16_days","egipt","marsa-alam","c","2026-07-25","2026-08-08","15","14","Warszawa - Modlin","2+1","egipt|marsa-alam|2026-07-25|2026-08-08|14|Warszawa - Modlin|2+1"
"AMC Royal Hotel & Spa (ex. AMC Azur Resort)","14158.0","23.07.2026 - 06.08.2026","15 dni/14 nocy","4.4","4.4","3032","tripadvisor","Warszawa%20-%20Modlin","2026-07-20T05:57:35.658220+00:00","https://fly.pl/szukaj-wycieczek/?filter[dest]=11:&filter[hotelids]=&filter[cityids]=0&filter[cregids]=&filter[ofrType]=&filter[addObjType]=&filter[whenFrom]=20-07-2026&filter[whenTo]=19-08-2026&filter[duration]=13:16&filter[from]=Warszawa%20-%20Modlin,Warszawa%20-%20Radom,Warszawa&filter[person]=2&filter[child]=1&filter[price]=4000:20000&filter[PriceFrom]=4000&filter[PriceTo]=20000&filter[addCategory]=50&filter[addCatering]=1&filter[addMisc]=0&filter[addTransport]=F&filter[fp]=1&order_by=ofr_price&filter[tourOperator]=0&filter[childAge][1]=20201210","https://fly.pl/cdn/photo/assets/uploads/582/278/2014/07/AMC-Royal-Resort.jpg","https://fly.pl/wycieczka/egipt,hurghada,c/amc-royal-ex-amc-azur-resort/pCkZy644ewAYwZqvMvFXfcAAogpO_5qA_VnmKglGgHiPK14soMZW5NJTG4pDTfJ2O-7OYqBFJOQlcw0PH20gZIzm5QQVhCYAJqBEJ3Y2RqFzI5NiwzODAsNDc3LDQ4Myw0ODQsNDg1cjefAZ4BFQ4XAFgBCtABQPgFEbMCGbpSEMEGUudQUwBLnJMBYQAd0PI_Dzsg4JSSCQ0AAgxjAQIFBPQ05Q/ofertasv/?filter[tourOperator]=RNBW&filter%5Bperson%5D=2&filter%5BchildAge%5D%5B1%5D=20201210&filter%5Bchild%5D=1","filter_13_16_days","egipt","hurghada","c","2026-07-23","2026-08-06","15","14","Warszawa - Modlin","2+1","egipt|hurghada|2026-07-23|2026-08-06|14|Warszawa - Modlin|2+1"
"Serenity Sky Arc","14191.0","30.07.2026 - 13.08.2026","15 dni/14 nocy","","","","","Warszawa%20-%20Modlin","2026-07-20T05:57:35.658220+00:00","https://fly.pl/szukaj-wycieczek/?filter[dest]=11:&filter[hotelids]=&filter[cityids]=0&filter[cregids]=&filter[ofrType]=&filter[addObjType]=&filter[whenFrom]=20-07-2026&filter[whenTo]=19-08-2026&filter[duration]=13:16&filter[from]=Warszawa%20-%20Modlin,Warszawa%20-%20Radom,Warszawa&filter[person]=2&filter[child]=1&filter[price]=4000:20000&filter[PriceFrom]=4000&filter[PriceTo]=20000&filter[addCategory]=50&filter[addCatering]=1&filter[addMisc]=0&filter[addTransport]=F&filter[fp]=1&order_by=ofr_price&filter[tourOperator]=0&filter[childAge][1]=20201210","https://datacfstatic.merlinx.pl/EXIM/IMG/105925/cf3c14898a23b0b49569de311369928ab20dff35cd198358119db51d531b20bd.webp","https://fly.pl/wycieczka/egipt,hurghada,sahl-hasheesh/serenity-sky-arc-10/pgD__NTYsyQNc-UM-4TGmbAAogoRQq1I1Q1j0U2cxUXIUBBK2Nj6WJoGvHb3j6wPDpBHsqBEVYSU0w0PH20gZI725QAVjqAWACagJBSXIhHBHFuwa5BNj_PasEHRu44i8YkNo2AYH-tIsJAgBjAQIGkjKqFw/ofertasv/?filter[tourOperator]=EXIM&filter%5Bperson%5D=2&filter%5BchildAge%5D%5B1%5D=20201210&filter%5Bchild%5D=1","filter_13_16_days","egipt","hurghada","sahl-hasheesh","2026-07-30","2026-08-13","15","14","Warszawa - Modlin","2+1","egipt|hurghada|2026-07-30|2026-08-13|14|Warszawa - Modlin|2+1"
"Reef Oasis Suakin Resort","14257.0","25.07.2026 - 08.08.2026","15 dni/14 nocy","4.8","4.8","1354","tripadvisor","Warszawa%20-%20Modlin","2026-07-20T05:57:35.658220+00:00","https://fly.pl/szukaj-wycieczek/?filter[dest]=11:&filter[hotelids]=&filter[cityids]=0&filter[cregids]=&filter[ofrType]=&filter[addObjType]=&filter[whenFrom]=20-07-2026&filter[whenTo]=19-08-2026&filter[duration]=13:16&filter[from]=Warszawa%20-%20Modlin,Warszawa%20-%20Radom,Warszawa&filter[person]=2&filter[child]=1&filter[price]=4000:20000&filter[PriceFrom]=4000&filter[PriceTo]=20000&filter[addCategory]=50&filter[addCatering]=1&filter[addMisc]=0&filter[addTransport]=F&filter[fp]=1&order_by=ofr_price&filter[tourOperator]=0&filter[childAge][1]=20201210","https://fly.pl/cdn/photo/assets/uploads/582/278/2024/07/reef-oasis-suakin-resort.jpg","https://fly.pl/wycieczka/egipt,marsa-alam,c/reef-oasis-suakin-resort-11/pa52glyqFy5qyWmtFJXub4AAoghxL1mSqefd_4gpoTDlW8EL_wroebgxU58eH0JDngafgqBFZJVFgw0PH20gZIsW9QQVhyYAJyQBoAXAoVBBcAWAFAjwNbp4YBXtZ5UrwUUwBLsS9hAEzUmDwNme-VCSAAUbKivvbfAU_6-g1dnPiv-SUCDGMBAgtcOEyE/ofertasv/?filter[tourOperator]=VITX&filter%5Bperson%5D=2&filter%5BchildAge%5D%5B1%5D=20201210&filter%5Bchild%5D=1","filter_13_16_days","egipt","marsa-alam","c","2026-07-25","2026-08-08","15","14","Warszawa - Modlin","2+1","egipt|marsa-alam|2026-07-25|2026-08-08|14|Warszawa - Modlin|2+1"
"Ancient Sands Golf Resort","14331.0","30.07.2026 - 13.08.2026","15 dni/14 nocy","4.8","4.8","3352","tripadvisor","Warszawa%20-%20Modlin","2026-07-20T05:57:35.658220+00:00","https://fly.pl/szukaj-wycieczek/?filter[dest]=11:&filter[hotelids]=&filter[cityids]=0&filter[cregids]=&filter[ofrType]=&filter[addObjType]=&filter[whenFrom]=20-07-2026&filter[whenTo]=19-08-2026&filter[duration]=13:16&filter[from]=Warszawa%20-%20Modlin,Warszawa%20-%20Radom,Warszawa&filter[person]=2&filter[child]=1&filter[price]=4000:20000&filter[PriceFrom]=4000&filter[PriceTo]=20000&filter[addCategory]=50&filter[addCatering]=1&filter[addMisc]=0&filter[addTransport]=F&filter[fp]=1&order_by=ofr_price&filter[tourOperator]=0&filter[childAge][1]=20201210","https://fly.pl/cdn/photo/assets/uploads/582/278/2019/05/Ancient-Sands-Golf-Resort.jpg","https://fly.pl/wycieczka/egipt,hurghada,al-dzuna/ancient-sands-el-gouna/plijA4mxoBzgh0FUKjzlbOAAogvfSkp2aZIKTeby0lPXmKF62Nj6WJoGvHb3j6wPDpBHsqBEVYSU0w0PH20gZI-29QAVjqAWACagJBSXIhHBHXoAa5BMaaPqsEHRvk8iwY9I4vAZrZm5MIAgBjAQIMX32HFg/ofertasv/?filter[tourOperator]=EXIM&filter%5Bperson%5D=2&filter%5BchildAge%5D%5B1%5D=20201210&filter%5Bchild%5D=1","filter_13_16_days","egipt","hurghada","al-dzuna","2026-07-30","2026-08-13","15","14","Warszawa - Modlin","2+1","egipt|hurghada|2026-07-30|2026-08-13|14|Warszawa - Modlin|2+1"
"Sirena Beach Resort & Spa","14697.0","25.07.2026 - 09.08.2026","16 dni/14 nocy","4.7","4.7","466","tripadvisor","Warszawa%20-%20Modlin","2026-07-20T05:57:35.658220+00:00","https://fly.pl/szukaj-wycieczek/?filter[dest]=11:&filter[hotelids]=&filter[cityids]=0&filter[cregids]=&filter[ofrType]=&filter[addObjType]=&filter[whenFrom]=20-07-2026&filter[whenTo]=19-08-2026&filter[duration]=13:16&filter[from]=Warszawa%20-%20Modlin,Warszawa%20-%20Radom,Warszawa&filter[person]=2&filter[child]=1&filter[price]=4000:20000&filter[PriceFrom]=4000&filter[PriceTo]=20000&filter[addCategory]=50&filter[addCatering]=1&filter[addMisc]=0&filter[addTransport]=F&filter[fp]=1&order_by=ofr_price&filter[tourOperator]=0&filter[childAge][1]=20201210","https://datacfstatic.merlinx.pl/RNBW/IMG/7597/dee046577012505a3be1b3c7021364ee7f6371e0edc553af16ba035a6ae6f302.webp","https://fly.pl/wycieczka/egipt,marsa-alam,al-kusajr/movenpick-sirena-beach-13/piWqaXMjMA_24vb8_rRtBvAAogMZ6Xc1KhSNcxpgmdUHUik1ByF9MSu3MwWiJ_ZO3_meEqBFJOQlcw0PH20gZI6XJQQVhyYAJqBENBZ2RqFzI5NiwzODAsNDc3LDQ4Myw0ODQsNDg1cjafAZ4BFQ5YARcACtMBQPUFEdYzGa0hELJJUstxUwBLsS9hAB3skEEPOyDG9pAJDQACDWMBAgUKy2ls/ofertasv/?filter[tourOperator]=RNBW&filter%5Bperson%5D=2&filter%5BchildAge%5D%5B1%5D=20201210&filter%5Bchild%5D=1","filter_13_16_days","egipt","marsa-alam","al-kusajr","2026-07-25","2026-08-09","16","14","Warszawa - Modlin","2+1","egipt|marsa-alam|2026-07-25|2026-08-09|14|Warszawa - Modlin|2+1"
"Pharaoh Azur Resort (ex Sonesta Pharaoh Beach Resort)","14957.0","23.07.2026 - 06.08.2026","15 dni/14 nocy","4.5","4.5","2714","tripadvisor","Warszawa%20-%20Modlin","2026-07-20T05:57:35.658220+00:00","https://fly.pl/szukaj-wycieczek/?filter[dest]=11:&filter[hotelids]=&filter[cityids]=0&filter[cregids]=&filter[ofrType]=&filter[addObjType]=&filter[whenFrom]=20-07-2026&filter[whenTo]=19-08-2026&filter[duration]=13:16&filter[from]=Warszawa%20-%20Modlin,Warszawa%20-%20Radom,Warszawa&filter[person]=2&filter[child]=1&filter[price]=4000:20000&filter[PriceFrom]=4000&filter[PriceTo]=20000&filter[addCategory]=50&filter[addCatering]=1&filter[addMisc]=0&filter[addTransport]=F&filter[fp]=1&order_by=ofr_price&filter[tourOperator]=0&filter[childAge][1]=20201210","https://fly.pl/cdn/photo/assets/uploads/582/278/2014/07/Pharaoh-Azur-Resort.jpg","https://fly.pl/wycieczka/egipt,hurghada,c/sonesta-pharaoh/pf4DTzVjIzKvwYfsL7Bqx6AAog9RP0e0XFkB_7s1sf3gCsKsSDj-_QNGc8Ycxnae6cK1UqBEJWUFIw0PH20gZI7XRQAVhCYAJqDUFsbCBpbmNsdXNpdmVyIBwRri0b7cMEGOeuDLkE_ukUqwRQAYOAmrEBAgBjAQINbwx5uA/ofertasv/?filter[tourOperator]=BVPR&filter%5Bperson%5D=2&filter%5BchildAge%5D%5B1%5D=20201210&filter%5Bchild%5D=1","filter_13_16_days","egipt","hurghada","c","2026-07-23","2026-08-06","15","14","Warszawa - Modlin","2+1","egipt|hurghada|2026-07-23|2026-08-06|14|Warszawa - Modlin|2+1"
"Amarina Jannah Resort Aquapark","15067.0","04.08.2026 - 18.08.2026","15 dni/14 nocy","4.7","4.7","622","tripadvisor","Warszawa%20-%20Modlin","2026-07-20T05:57:35.658220+00:00","https://fly.pl/szukaj-wycieczek/?filter[dest]=11:&filter[hotelids]=&filter[cityids]=0&filter[cregids]=&filter[ofrType]=&filter[addObjType]=&filter[whenFrom]=20-07-2026&filter[whenTo]=19-08-2026&filter[duration]=13:16&filter[from]=Warszawa%20-%20Modlin,Warszawa%20-%20Radom,Warszawa&filter[person]=2&filter[child]=1&filter[price]=4000:20000&filter[PriceFrom]=4000&filter[PriceTo]=20000&filter[addCategory]=50&filter[addCatering]=1&filter[addMisc]=0&filter[addTransport]=F&filter[fp]=1&order_by=ofr_price&filter[tourOperator]=0&filter[childAge][1]=20201210","https://fly.pl/cdn/photo/assets/uploads/582/278/2023/04/Amarina-Jannah-Resort-Aquapark.jpg","https://fly.pl/wycieczka/egipt,marsa-alam,port-ghalib/amarina-jannah-resort-aquapark-15/pL29TlQ6dHWkF5JFF465kOAAogUwpSvIV4MYQP1-8vBcIrL7f4_bqd5uQQkpGIo2KSdA8qBEVYSU0w0PH20gZI23VQAVjiAmACagJBSXIhHBHjsga5BP-LPqsEHRve1y0Y3vkzAaWR09QIAgBjAQIOx3Vyuw/ofertasv/?filter[tourOperator]=EXIM&filter%5Bperson%5D=2&filter%5BchildAge%5D%5B1%5D=20201210&filter%5Bchild%5D=1","filter_13_16_days","egipt","marsa-alam","port-ghalib","2026-08-04","2026-08-18","15","14","Warszawa - Modlin","2+1","egipt|marsa-alam|2026-08-04|2026-08-18|14|Warszawa - Modlin|2+1"
"Movenpick Resort & Spa El Gouna","15111.0","30.07.2026 - 13.08.2026","15 dni/14 nocy","4.5","4.5","6082","tripadvisor","Warszawa%20-%20Modlin","2026-07-20T05:57:35.658220+00:00","https://fly.pl/szukaj-wycieczek/?filter[dest]=11:&filter[hotelids]=&filter[cityids]=0&filter[cregids]=&filter[ofrType]=&filter[addObjType]=&filter[whenFrom]=20-07-2026&filter[whenTo]=19-08-2026&filter[duration]=13:16&filter[from]=Warszawa%20-%20Modlin,Warszawa%20-%20Radom,Warszawa&filter[person]=2&filter[child]=1&filter[price]=4000:20000&filter[PriceFrom]=4000&filter[PriceTo]=20000&filter[addCategory]=50&filter[addCatering]=1&filter[addMisc]=0&filter[addTransport]=F&filter[fp]=1&order_by=ofr_price&filter[tourOperator]=0&filter[childAge][1]=20201210","https://fly.pl/cdn/photo/assets/uploads/582/278/2014/07/Movenpick-Resort-Spa-El-Gouna-fly-pl.jpg","https://fly.pl/wycieczka/egipt,hurghada,el-gouna/moevenpick-resort-spa-el-gouna/pIsfCPvNOSuePWkCzGheaSAAogHE8MzBySW-A5naNqf3ZMHq2Nj6WJoGvHb3j6wPDpBHsqBEVYSU0w0PH20gZIh3ZQAVjqAWACagJBSXIhHBGnwga5BPb4PasEHRvipjkYkMU6AZq65YsKAgBjAQILBybKlg/ofertasv/?filter[tourOperator]=EXIM&filter%5Bperson%5D=2&filter%5BchildAge%5D%5B1%5D=20201210&filter%5Bchild%5D=1","filter_13_16_days","egipt","hurghada","el-gouna","2026-07-30","2026-08-13","15","14","Warszawa - Modlin","2+1","egipt|hurghada|2026-07-30|2026-08-13|14|Warszawa - Modlin|2+1"
"Cooee Prima Life Makadi Bay","15111.0","30.07.2026 - 13.08.2026","15 dni/14 nocy","4.6","4.6","3247","tripadvisor","Warszawa%20-%20Modlin","2026-07-20T05:57:35.658220+00:00","https://fly.pl/szukaj-wycieczek/?filter[dest]=11:&filter[hotelids]=&filter[cityids]=0&filter[cregids]=&filter[ofrType]=&filter[addObjType]=&filter[whenFrom]=20-07-2026&filter[whenTo]=19-08-2026&filter[duration]=13:16&filter[from]=Warszawa%20-%20Modlin,Warszawa%20-%20Radom,Warszawa&filter[person]=2&filter[child]=1&filter[price]=4000:20000&filter[PriceFrom]=4000&filter[PriceTo]=20000&filter[addCategory]=50&filter[addCatering]=1&filter[addMisc]=0&filter[addTransport]=F&filter[fp]=1&order_by=ofr_price&filter[tourOperator]=0&filter[childAge][1]=20201210","https://fly.pl/cdn/photo/assets/uploads/582/278/2014/12/Prima-Life-Makadi-Resort.jpg","https://fly.pl/wycieczka/egipt,hurghada,c/prima-life-makadi-bay/pZdqVF8PN7tNhHdNXhT2DlAAogu-QFWhSLdl-6QPOnQtd6ua2Nj6WJoGvHb3j6wPDpBHsqBEVYSU0w0PH20gZIh3ZQAVjqAWACagJBSXIhHBHGuAa5BNeCPqsEHRvEii8Y_pc3AYG-8IkJAgBjAQIFgf7qCA/ofertasv/?filter[tourOperator]=EXIM&filter%5Bperson%5D=2&filter%5BchildAge%5D%5B1%5D=20201210&filter%5Bchild%5D=1","filter_13_16_days","egipt","hurghada","c","2026-07-30","2026-08-13","15","14","Warszawa - Modlin","2+1","egipt|hurghada|2026-07-30|2026-08-13|14|Warszawa - Modlin|2+1"
"Hilton Marsa Alam Nubian Resort","15278.0","28.07.2026 - 11.08.2026","15 dni/14 nocy","4.7","4.7","10088","tripadvisor","Warszawa%20-%20Modlin","2026-07-20T05:57:35.658220+00:00","https://fly.pl/szukaj-wycieczek/?filter[dest]=11:&filter[hotelids]=&filter[cityids]=0&filter[cregids]=&filter[ofrType]=&filter[addObjType]=&filter[whenFrom]=20-07-2026&filter[whenTo]=19-08-2026&filter[duration]=13:16&filter[from]=Warszawa%20-%20Modlin,Warszawa%20-%20Radom,Warszawa&filter[person]=2&filter[child]=1&filter[price]=4000:20000&filter[PriceFrom]=4000&filter[PriceTo]=20000&filter[addCategory]=50&filter[addCatering]=1&filter[addMisc]=0&filter[addTransport]=F&filter[fp]=1&order_by=ofr_price&filter[tourOperator]=0&filter[childAge][1]=20201210","https://fly.pl/cdn/photo/assets/uploads/582/278/2014/08/Tropitel-Dahab-Oasis.jpg","https://fly.pl/wycieczka/egipt,marsa-alam,c/hilton-marsa-alam-nubian-resort/pDoKG3oSXs7Bcpmn6rYb1aAAogZnbdAme5uXUAjUDn3yKxcwAAAAB3pwQAl6cEAA4AAQAqBFdFWlkw0PH20gZIrndQQVi6AWADaglFbnRlciBBaXJyQ54BHwAcAQIAFgQXCRLmAxX0AxifAxPSARTdBBG2H0C1UE-2lgFMAFCxL0sAG5wxHdPWDyAgDeH_wQkBEmMBDmMBAgVU7fpI/ofertasv/?filter[tourOperator]=WEZY&filter%5Bperson%5D=2&filter%5BchildAge%5D%5B1%5D=20201210&filter%5Bchild%5D=1","filter_13_16_days","egipt","marsa-alam","c","2026-07-28","2026-08-11","15","14","Warszawa - Modlin","2+1","egipt|marsa-alam|2026-07-28|2026-08-11|14|Warszawa - Modlin|2+1"
"Fantazia Resort","15324.0","25.07.2026 - 09.08.2026","16 dni/14 nocy","4.4","4.4","5911","tripadvisor","Warszawa%20-%20Modlin","2026-07-20T05:57:35.658220+00:00","https://fly.pl/szukaj-wycieczek/?filter[dest]=11:&filter[hotelids]=&filter[cityids]=0&filter[cregids]=&filter[ofrType]=&filter[addObjType]=&filter[whenFrom]=20-07-2026&filter[whenTo]=19-08-2026&filter[duration]=13:16&filter[from]=Warszawa%20-%20Modlin,Warszawa%20-%20Radom,Warszawa&filter[person]=2&filter[child]=1&filter[price]=4000:20000&filter[PriceFrom]=4000&filter[PriceTo]=20000&filter[addCategory]=50&filter[addCatering]=1&filter[addMisc]=0&filter[addTransport]=F&filter[fp]=1&order_by=ofr_price&filter[tourOperator]=0&filter[childAge][1]=20201210","https://fly.pl/cdn/photo/assets/uploads/582/278/2016/11/Fantazia-Resort.jpg","https://fly.pl/wycieczka/egipt,marsa-alam,c/fantazia-resort/pColZ3D_Lo2yfV-PFOWQCWAAogebbWRXDa3HgFt04PzUpDa1ByF9MSu3MwWiJ_ZO3_meEqBFJOQlcw0PH20gZI3HdQQVhyYAJqFzI5NiwzODAsNDc3LDQ4Myw0ODQsNDg1cjeeARUOWAEXAApdQOsGEZUDGe5RELdoU8ZSUgBLsS9hAF_twiQd_80cDzsgxvaQCQ0AAg5jAQIFVzPIpg/ofertasv/?filter[tourOperator]=RNBW&filter%5Bperson%5D=2&filter%5BchildAge%5D%5B1%5D=20201210&filter%5Bchild%5D=1","filter_13_16_days","egipt","marsa-alam","c","2026-07-25","2026-08-09","16","14","Warszawa - Modlin","2+1","egipt|marsa-alam|2026-07-25|2026-08-09|14|Warszawa - Modlin|2+1"
"The Cascades Golf Resort Spa & Thalasso (ex Westin Soma Bay)","15457.0","30.07.2026 - 13.08.2026","15 dni/14 nocy","4.3","4.3","264","tripadvisor","Warszawa%20-%20Modlin","2026-07-20T05:57:35.658220+00:00","https://fly.pl/szukaj-wycieczek/?filter[dest]=11:&filter[hotelids]=&filter[cityids]=0&filter[cregids]=&filter[ofrType]=&filter[addObjType]=&filter[whenFrom]=20-07-2026&filter[whenTo]=19-08-2026&filter[duration]=13:16&filter[from]=Warszawa%20-%20Modlin,Warszawa%20-%20Radom,Warszawa&filter[person]=2&filter[child]=1&filter[price]=4000:20000&filter[PriceFrom]=4000&filter[PriceTo]=20000&filter[addCategory]=50&filter[addCatering]=1&filter[addMisc]=0&filter[addTransport]=F&filter[fp]=1&order_by=ofr_price&filter[tourOperator]=0&filter[childAge][1]=20201210","https://fly.pl/cdn/photo/assets/uploads/582/278/2014/10/The-Cascades-Golf-Resort-Spa-Thalasso.jpg","https://fly.pl/wycieczka/egipt,hurghada,soma-bay/la-residence-des-cascades/pAzGFTbA-ZBxYvThyWvNDOAAogMAjCzct8Ql1ZmAaJQ0xK8_reulq1_TlMmsNcn3wEcp4qBEVDQ1gw0PH20gZI4XhQAVjqAWACagJBSXIgHBHqQrkE5O4VqwQcGPO4LBuOqUEB0JGH7wECAGMBAgVHw_Vt/ofertasv/?filter[tourOperator]=ECCX&filter%5Bperson%5D=2&filter%5BchildAge%5D%5B1%5D=20201210&filter%5Bchild%5D=1","filter_13_16_days","egipt","hurghada","soma-bay","2026-07-30","2026-08-13","15","14","Warszawa - Modlin","2+1","egipt|hurghada|2026-07-30|2026-08-13|14|Warszawa - Modlin|2+1"
"Serenity Alpha Beach (ex. Serenity Makadi Beach)","15631.0","30.07.2026 - 13.08.2026","15 dni/14 nocy","4.6","4.6","6518","tripadvisor","Warszawa%20-%20Modlin","2026-07-20T05:57:35.658220+00:00","https://fly.pl/szukaj-wycieczek/?filter[dest]=11:&filter[hotelids]=&filter[cityids]=0&filter[cregids]=&filter[ofrType]=&filter[addObjType]=&filter[whenFrom]=20-07-2026&filter[whenTo]=19-08-2026&filter[duration]=13:16&filter[from]=Warszawa%20-%20Modlin,Warszawa%20-%20Radom,Warszawa&filter[person]=2&filter[child]=1&filter[price]=4000:20000&filter[PriceFrom]=4000&filter[PriceTo]=20000&filter[addCategory]=50&filter[addCatering]=1&filter[addMisc]=0&filter[addTransport]=F&filter[fp]=1&order_by=ofr_price&filter[tourOperator]=0&filter[childAge][1]=20201210","https://fly.pl/cdn/photo/assets/uploads/582/278/2014/07/Serenity-Alpha-Beach.jpg","https://fly.pl/wycieczka/egipt,hurghada,makadi-bay/serenity-makadi-heights/pBoYmsyHQiWLO9rKgtnDkGAAog2IjG8cg6da4G3lrbS7vo_62Nj6WJoGvHb3j6wPDpBHsqBEVYSU0w0PH20gZIj3pQAVjqAWACagNVQUlyIRwR78UGuQSu9T2rBB0b0706GMnGOwGqtqWuCgIAYwECCyGeqxA/ofertasv/?filter[tourOperator]=EXIM&filter%5Bperson%5D=2&filter%5BchildAge%5D%5B1%5D=20201210&filter%5Bchild%5D=1","filter_13_16_days","egipt","hurghada","makadi-bay","2026-07-30","2026-08-13","15","14","Warszawa - Modlin","2+1","egipt|hurghada|2026-07-30|2026-08-13|14|Warszawa - Modlin|2+1"
"Steigenberger Golf Resort","15631.0","30.07.2026 - 13.08.2026","15 dni/14 nocy","4.8","4.8","1572","tripadvisor","Warszawa%20-%20Modlin","2026-07-20T05:57:35.658220+00:00","https://fly.pl/szukaj-wycieczek/?filter[dest]=11:&filter[hotelids]=&filter[cityids]=0&filter[cregids]=&filter[ofrType]=&filter[addObjType]=&filter[whenFrom]=20-07-2026&filter[whenTo]=19-08-2026&filter[duration]=13:16&filter[from]=Warszawa%20-%20Modlin,Warszawa%20-%20Radom,Warszawa&filter[person]=2&filter[child]=1&filter[price]=4000:20000&filter[PriceFrom]=4000&filter[PriceTo]=20000&filter[addCategory]=50&filter[addCatering]=1&filter[addMisc]=0&filter[addTransport]=F&filter[fp]=1&order_by=ofr_price&filter[tourOperator]=0&filter[childAge][1]=20201210","https://fly.pl/cdn/photo/assets/uploads/582/278/2015/01/Steigenberger-Golf.jpg","https://fly.pl/wycieczka/egipt,hurghada,el-gouna/steigenberger-golf/p3-iUVua4psQ9OS-bi4CO1AAogxa8jc7kBOufhmIHb0jXKjK2Nj6WJoGvHb3j6wPDpBHsqBEVYSU0w0PH20gZIj3pQAVjqAWACagJBSXIhHBGdoQa5BICaPqsEHRvBmj4Y_-BRAYKbsfEMAgBjAQIM3A3agA/ofertasv/?filter[tourOperator]=EXIM&filter%5Bperson%5D=2&filter%5BchildAge%5D%5B1%5D=20201210&filter%5Bchild%5D=1","filter_13_16_days","egipt","hurghada","el-gouna","2026-07-30","2026-08-13","15","14","Warszawa - Modlin","2+1","egipt|hurghada|2026-07-30|2026-08-13|14|Warszawa - Modlin|2+1"
"Pyramisa Beach Resort Sahl Hasheesh","15731.0","30.07.2026 - 13.08.2026","15 dni/14 nocy","4.1","4.1","3552","tripadvisor","Warszawa%20-%20Modlin","2026-07-20T05:57:35.658220+00:00","https://fly.pl/szukaj-wycieczek/?filter[dest]=11:&filter[hotelids]=&filter[cityids]=0&filter[cregids]=&filter[ofrType]=&filter[addObjType]=&filter[whenFrom]=20-07-2026&filter[whenTo]=19-08-2026&filter[duration]=13:16&filter[from]=Warszawa%20-%20Modlin,Warszawa%20-%20Radom,Warszawa&filter[person]=2&filter[child]=1&filter[price]=4000:20000&filter[PriceFrom]=4000&filter[PriceTo]=20000&filter[addCategory]=50&filter[addCatering]=1&filter[addMisc]=0&filter[addTransport]=F&filter[fp]=1&order_by=ofr_price&filter[tourOperator]=0&filter[childAge][1]=20201210","https://fly.pl/cdn/photo/assets/uploads/582/278/2015/04/Pyramisa-Beach-Resort-Sahl-Hasheesh.jpg","https://fly.pl/wycieczka/egipt,hurghada,sahl-hasheesh/dessole-pyramisa-beach-resort-ex-pyramisa-beach-r/pPP79YWNCb1aH4gBF69qsKAAog5K1GAdwPBW2Q7HUYaoVCZa2Nj6WJoGvHb3j6wPDpBHsqBEVYSU0w0PH20gZI83pQAVjqAWACagJBSXIhHBGjuAa5BPqCPqsEHRuN-y4Ysbs1Afm1qe4IAgBjAQILcrOhBw/ofertasv/?filter[tourOperator]=EXIM&filter%5Bperson%5D=2&filter%5BchildAge%5D%5B1%5D=20201210&filter%5Bchild%5D=1","filter_13_16_days","egipt","hurghada","sahl-hasheesh","2026-07-30","2026-08-13","15","14","Warszawa - Modlin","2+1","egipt|hurghada|2026-07-30|2026-08-13|14|Warszawa - Modlin|2+1"
"Rewaya Majestic Resort","15757.0","30.07.2026 - 13.08.2026","15 dni/14 nocy","","","","","Warszawa%20-%20Modlin","2026-07-20T05:57:35.658220+00:00","https://fly.pl/szukaj-wycieczek/?filter[dest]=11:&filter[hotelids]=&filter[cityids]=0&filter[cregids]=&filter[ofrType]=&filter[addObjType]=&filter[whenFrom]=20-07-2026&filter[whenTo]=19-08-2026&filter[duration]=13:16&filter[from]=Warszawa%20-%20Modlin,Warszawa%20-%20Radom,Warszawa&filter[person]=2&filter[child]=1&filter[price]=4000:20000&filter[PriceFrom]=4000&filter[PriceTo]=20000&filter[addCategory]=50&filter[addCatering]=1&filter[addMisc]=0&filter[addTransport]=F&filter[fp]=1&order_by=ofr_price&filter[tourOperator]=0&filter[childAge][1]=20201210","https://datacfstatic.merlinx.pl/OASI/IMG/24139/e3a15b238b2d30f27199dd0e48d3c85c0bc5e06a1c321d66bdb885dd7a89e111.webp","https://fly.pl/wycieczka/egipt,hurghada,c/rewaya-majestic-resort-10/pGh-F7zjuhK-omhdqjJ2e2AAogHOK3bpUPv0QFeNLOh5n_sCzsddqMlWT-AJr_RmPXVRQqBE9BU0kw0_H20gZIjXtQAVjqAWACagNVQUlyIRwRy7wBuQSYjw-rBBwbwOEMGOiNEQHcsfSFAgIAYwECDcrPMAo/ofertasv/?filter[tourOperator]=OASI&filter%5Bperson%5D=2&filter%5BchildAge%5D%5B1%5D=20201210&filter%5Bchild%5D=1","filter_13_16_days","egipt","hurghada","c","2026-07-30","2026-08-13","15","14","Warszawa - Modlin","2+1","egipt|hurghada|2026-07-30|2026-08-13|14|Warszawa - Modlin|2+1"
"Albatros Sea World Resort Marsa Alam","15845.0","25.07.2026 - 09.08.2026","16 dni/14 nocy","4.7","4.7","4422","tripadvisor","Warszawa%20-%20Modlin","2026-07-20T05:57:35.658220+00:00","https://fly.pl/szukaj-wycieczek/?filter[dest]=11:&filter[hotelids]=&filter[cityids]=0&filter[cregids]=&filter[ofrType]=&filter[addObjType]=&filter[whenFrom]=20-07-2026&filter[whenTo]=19-08-2026&filter[duration]=13:16&filter[from]=Warszawa%20-%20Modlin,Warszawa%20-%20Radom,Warszawa&filter[person]=2&filter[child]=1&filter[price]=4000:20000&filter[PriceFrom]=4000&filter[PriceTo]=20000&filter[addCategory]=50&filter[addCatering]=1&filter[addMisc]=0&filter[addTransport]=F&filter[fp]=1&order_by=ofr_price&filter[tourOperator]=0&filter[childAge][1]=20201210","https://fly.pl/cdn/photo/assets/uploads/582/278/2017/08/ALBATROS-SEA-WORLD.jpg","https://fly.pl/wycieczka/egipt,marsa-alam,al-kusajr/sea-world-resort-marsa-alam/prq3G48P-O8eVdOwdl7SqXAAogG-S-uOuULz5eTZ-QOBEnN1ByF9MSu3MwWiJ_ZO3_meEqBFJOQlcw0_H20gZI5XtQQVhyYAJqBENBZ2RqFzI5NiwzODAsNDc3LDQ4Myw0ODQsNDg1cjefAZ4BFQ5YARcACtMBQPUFEeIZEJ4bGYMgUv26AVMAS7EvYQAd7JBBDzsgxvaQCQ0AAg1jAQIFLOtQlQ/ofertasv/?filter[tourOperator]=RNBW&filter%5Bperson%5D=2&filter%5BchildAge%5D%5B1%5D=20201210&filter%5Bchild%5D=1","filter_13_16_days","egipt","marsa-alam","al-kusajr","2026-07-25","2026-08-09","16","14","Warszawa - Modlin","2+1","egipt|marsa-alam|2026-07-25|2026-08-09|14|Warszawa - Modlin|2+1"
"Aldiana Club Naga Bay","16011.0","30.07.2026 - 13.08.2026","15 dni/14 nocy","","","","","Warszawa%20-%20Modlin","2026-07-20T05:57:35.658220+00:00","https://fly.pl/szukaj-wycieczek/?filter[dest]=11:&filter[hotelids]=&filter[cityids]=0&filter[cregids]=&filter[ofrType]=&filter[addObjType]=&filter[whenFrom]=20-07-2026&filter[whenTo]=19-08-2026&filter[duration]=13:16&filter[from]=Warszawa%20-%20Modlin,Warszawa%20-%20Radom,Warszawa&filter[person]=2&filter[child]=1&filter[price]=4000:20000&filter[PriceFrom]=4000&filter[PriceTo]=20000&filter[addCategory]=50&filter[addCatering]=1&filter[addMisc]=0&filter[addTransport]=F&filter[fp]=1&order_by=ofr_price&filter[tourOperator]=0&filter[childAge][1]=20201210","https://datacfstatic.merlinx.pl/EXIM/IMG/108012/b1f5d26a903624c4b7c28f67d4a9bbc9a0cf5c691d37d2be60154e132614ef4b.webp","https://fly.pl/wycieczka/egipt,hurghada,c/aldiana-club-naga-bay-9/pcn0OJ0PoPuXJ1fIHvP0x7AAogJH7v4djk7NBOqDayORLnJa2Nj6WJoGvHb3j6wPDpBHsqBEVYSU0w0_H20gZIi31QAVjqAWACagJBSXIhHBHsywa5BLHvPasEHRv15j0Y5PI-AaGAqIsLAgBjAQIFNCMI1w/ofertasv/?filter[tourOperator]=EXIM&filter%5Bperson%5D=2&filter%5BchildAge%5D%5B1%5D=20201210&filter%5Bchild%5D=1","filter_13_16_days","egipt","hurghada","c","2026-07-30","2026-08-13","15","14","Warszawa - Modlin","2+1","egipt|hurghada|2026-07-30|2026-08-13|14|Warszawa - Modlin|2+1"
"Jaz Grand Marsa (ex Resta Grand Resort)","16307.0","04.08.2026 - 18.08.2026","15 dni/14 nocy","4.6","4.6","6372","tripadvisor","Warszawa%20-%20Modlin","2026-07-20T05:57:35.658220+00:00","https://fly.pl/szukaj-wycieczek/?filter[dest]=11:&filter[hotelids]=&filter[cityids]=0&filter[cregids]=&filter[ofrType]=&filter[addObjType]=&filter[whenFrom]=20-07-2026&filter[whenTo]=19-08-2026&filter[duration]=13:16&filter[from]=Warszawa%20-%20Modlin,Warszawa%20-%20Radom,Warszawa&filter[person]=2&filter[child]=1&filter[price]=4000:20000&filter[PriceFrom]=4000&filter[PriceTo]=20000&filter[addCategory]=50&filter[addCatering]=1&filter[addMisc]=0&filter[addTransport]=F&filter[fp]=1&order_by=ofr_price&filter[tourOperator]=0&filter[childAge][1]=20201210","https://fly.pl/cdn/photo/assets/uploads/582/278/2014/09/grand.jpg","https://fly.pl/wycieczka/egipt,marsa-alam,madinat-coraya/resta-grand-resort/pQHnJcb2hJirSx3L91B2i3AAogIrVgFD1Mn56aUidXR06t3rf4_bqd5uQQkpGIo2KSdA8qBEVYSU0w0_H20gZIs39QAVjiAmACagJBSXIhHBHzxga5BO_3PasEHRveujoYyMc7AZT2664KAgBjAQIM9fE93Q/ofertasv/?filter[tourOperator]=EXIM&filter%5Bperson%5D=2&filter%5BchildAge%5D%5B1%5D=20201210&filter%5Bchild%5D=1","filter_13_16_days","egipt","marsa-alam","madinat-coraya","2026-08-04","2026-08-18","15","14","Warszawa - Modlin","2+1","egipt|marsa-alam|2026-08-04|2026-08-18|14|Warszawa - Modlin|2+1"
"Pickalbatros Villaggio Resort Portofino","16387.0","04.08.2026 - 18.08.2026","15 dni/14 nocy","4.9","4.9","1558","tripadvisor","Warszawa%20-%20Modlin","2026-07-20T05:57:35.658220+00:00","https://fly.pl/szukaj-wycieczek/?filter[dest]=11:&filter[hotelids]=&filter[cityids]=0&filter[cregids]=&filter[ofrType]=&filter[addObjType]=&filter[whenFrom]=20-07-2026&filter[whenTo]=19-08-2026&filter[duration]=13:16&filter[from]=Warszawa%20-%20Modlin,Warszawa%20-%20Radom,Warszawa&filter[person]=2&filter[child]=1&filter[price]=4000:20000&filter[PriceFrom]=4000&filter[PriceTo]=20000&filter[addCategory]=50&filter[addCatering]=1&filter[addMisc]=0&filter[addTransport]=F&filter[fp]=1&order_by=ofr_price&filter[tourOperator]=0&filter[childAge][1]=20201210","https://fly.pl/cdn/photo/assets/uploads/582/278/2024/07/pickalbatros-villaggio-resort-portofino.jpg","https://fly.pl/wycieczka/egipt,marsa-alam,c/pickalbatros-villaggio-resort-portofino-15/poFMmCJPKq21jygC6fCJ4oAAogUpUScMiXbjl8U2iVCHjzcLf4_bqd5uQQkpGIo2KSdA8qBEVYSU0w0_H20gZIg4ABUAFY4gJgAmoCQUlyIRwRpPYGuQS-yD2rBB0bhpBEGKjqQwHGleuVDAIAYwECDKDMBLw/ofertasv/?filter[tourOperator]=EXIM&filter%5Bperson%5D=2&filter%5BchildAge%5D%5B1%5D=20201210&filter%5Bchild%5D=1","filter_13_16_days","egipt","marsa-alam","c","2026-08-04","2026-08-18","15","14","Warszawa - Modlin","2+1","egipt|marsa-alam|2026-08-04|2026-08-18|14|Warszawa - Modlin|2+1"
"Sentido Naga Bay","16451.0","30.07.2026 - 13.08.2026","15 dni/14 nocy","","","","","Warszawa%20-%20Modlin","2026-07-20T05:57:35.658220+00:00","https://fly.pl/szukaj-wycieczek/?filter[dest]=11:&filter[hotelids]=&filter[cityids]=0&filter[cregids]=&filter[ofrType]=&filter[addObjType]=&filter[whenFrom]=20-07-2026&filter[whenTo]=19-08-2026&filter[duration]=13:16&filter[from]=Warszawa%20-%20Modlin,Warszawa%20-%20Radom,Warszawa&filter[person]=2&filter[child]=1&filter[price]=4000:20000&filter[PriceFrom]=4000&filter[PriceTo]=20000&filter[addCategory]=50&filter[addCatering]=1&filter[addMisc]=0&filter[addTransport]=F&filter[fp]=1&order_by=ofr_price&filter[tourOperator]=0&filter[childAge][1]=20201210","https://datacfstatic.merlinx.pl/EXIM/IMG/107999/9691dd57e47cec1e96befde9ca4a24ec0aaad7165dd6c455160b011f15ee59d5.webp","https://fly.pl/wycieczka/egipt,hurghada,c/sentido-naga-bay-11/pbLn8CcStTZVOvd19S8BOMAAogyClmMHONeKejB9OXxTUKeK2Nj6WJoGvHb3j6wPDpBHsqBEVYSU0w0_H20gZIw4ABUAFY6gFgAmoCQUlyIRwR38sGuQS-7z2rBB0b0OQ9GNHxPgHP96eLCwIAYwECBjNZcdg/ofertasv/?filter[tourOperator]=EXIM&filter%5Bperson%5D=2&filter%5BchildAge%5D%5B1%5D=20201210&filter%5Bchild%5D=1","filter_13_16_days","egipt","hurghada","c","2026-07-30","2026-08-13","15","14","Warszawa - Modlin","2+1","egipt|hurghada|2026-07-30|2026-08-13|14|Warszawa - Modlin|2+1"
"Sunrise Anjum Resort","16706.0","28.07.2026 - 11.08.2026","15 dni/14 nocy","4.9","4.9","1576","tripadvisor","Warszawa%20-%20Modlin","2026-07-20T05:57:35.658220+00:00","https://fly.pl/szukaj-wycieczek/?filter[dest]=11:&filter[hotelids]=&filter[cityids]=0&filter[cregids]=&filter[ofrType]=&filter[addObjType]=&filter[whenFrom]=20-07-2026&filter[whenTo]=19-08-2026&filter[duration]=13:16&filter[from]=Warszawa%20-%20Modlin,Warszawa%20-%20Radom,Warszawa&filter[person]=2&filter[child]=1&filter[price]=4000:20000&filter[PriceFrom]=4000&filter[PriceTo]=20000&filter[addCategory]=50&filter[addCatering]=1&filter[addMisc]=0&filter[addTransport]=F&filter[fp]=1&order_by=ofr_price&filter[tourOperator]=0&filter[childAge][1]=20201210","https://fly.pl/cdn/photo/assets/uploads/582/278/2024/02/Sunrise-Anjum-Resort.jpg","https://fly.pl/wycieczka/egipt,marsa-alam,c/sunrise-anjum-resort-12/p9MmWH8Cxju0Nbo6pDP-oGAAog4b2uM5PG5VPbf9e0Cjw8nQAAAAB3pwQAl6cEAA4AAQAqBFdFWlkw0_H20gZIwoIBUEFYugFgA2oJRW50ZXIgQWlyckOeAR8AHAECABYEFwkS5gMV9AMYnwMT0gEU3QRA629MtpYBTwBQsS9LABvVLRGHVR2ThQ8gIA3h_8EJARJjAQxjAQQL6YCrVA/ofertasv/?filter[tourOperator]=WEZY&filter%5Bperson%5D=2&filter%5BchildAge%5D%5B1%5D=20201210&filter%5Bchild%5D=1","filter_13_16_days","egipt","marsa-alam","c","2026-07-28","2026-08-11","15","14","Warszawa - Modlin","2+1","egipt|marsa-alam|2026-07-28|2026-08-11|14|Warszawa - Modlin|2+1"
"Tropitel Sahl Hasheesh","16827.0","30.07.2026 - 13.08.2026","15 dni/14 nocy","4.7","4.7","10102","tripadvisor","Warszawa%20-%20Modlin","2026-07-20T05:57:35.658220+00:00","https://fly.pl/szukaj-wycieczek/?filter[dest]=11:&filter[hotelids]=&filter[cityids]=0&filter[cregids]=&filter[ofrType]=&filter[addObjType]=&filter[whenFrom]=20-07-2026&filter[whenTo]=19-08-2026&filter[duration]=13:16&filter[from]=Warszawa%20-%20Modlin,Warszawa%20-%20Radom,Warszawa&filter[person]=2&filter[child]=1&filter[price]=4000:20000&filter[PriceFrom]=4000&filter[PriceTo]=20000&filter[addCategory]=50&filter[addCatering]=1&filter[addMisc]=0&filter[addTransport]=F&filter[fp]=1&order_by=ofr_price&filter[tourOperator]=0&filter[childAge][1]=20201210","https://fly.pl/cdn/photo/assets/uploads/582/278/2014/10/Tropitel-Sahl-Hasheesh.jpg","https://fly.pl/wycieczka/egipt,hurghada,c/tropitel-sahl-hasheesh/pmH1KCJOoUjOGY9PZ6hbJhAAogw3M_QswgPOeaJYztDgtSqyzsddqMlWT-AJr_RmPXVRQqBE9BU0kw0_H20gZIu4MBUAFY6gFgAmoDVUFJciEcEfaPAbkE7bsPqwQcG-3EBxin3g4Bi7WF_wECAGMBAgUfRg-l/ofertasv/?filter[tourOperator]=OASI&filter%5Bperson%5D=2&filter%5BchildAge%5D%5B1%5D=20201210&filter%5Bchild%5D=1","filter_13_16_days","egipt","hurghada","c","2026-07-30","2026-08-13","15","14","Warszawa - Modlin","2+1","egipt|hurghada|2026-07-30|2026-08-13|14|Warszawa - Modlin|2+1"
"Jaz Lamaya Resort (ex Iberotel)","16907.0","04.08.2026 - 18.08.2026","15 dni/14 nocy","4.6","4.6","5818","tripadvisor","Warszawa%20-%20Modlin","2026-07-20T05:57:35.658220+00:00","https://fly.pl/szukaj-wycieczek/?filter[dest]=11:&filter[hotelids]=&filter[cityids]=0&filter[cregids]=&filter[ofrType]=&filter[addObjType]=&filter[whenFrom]=20-07-2026&filter[whenTo]=19-08-2026&filter[duration]=13:16&filter[from]=Warszawa%20-%20Modlin,Warszawa%20-%20Radom,Warszawa&filter[person]=2&filter[child]=1&filter[price]=4000:20000&filter[PriceFrom]=4000&filter[PriceTo]=20000&filter[addCategory]=50&filter[addCatering]=1&filter[addMisc]=0&filter[addTransport]=F&filter[fp]=1&order_by=ofr_price&filter[tourOperator]=0&filter[childAge][1]=20201210","https://fly.pl/cdn/photo/assets/uploads/582/278/2014/09/jaz-lamaya.jpg","https://fly.pl/wycieczka/egipt,marsa-alam,madinat-coraya/iberotel-lamaya-resort/pJsBcr51PB1F77zMFUd3woAAog-7tPCtC8YaXSBnZp7mdMkbf4_bqd5uQQkpGIo2KSdA8qBEVYSU0w0_H20gZIi4QBUAFY4gJgAmoCQUlyIRwR88cGuQTv9j2rBB0b9946GKn1OwGAxLG5CgIAYwECDDYS7z4/ofertasv/?filter[tourOperator]=EXIM&filter%5Bperson%5D=2&filter%5BchildAge%5D%5B1%5D=20201210&filter%5Bchild%5D=1","filter_13_16_days","egipt","marsa-alam","madinat-coraya","2026-08-04","2026-08-18","15","14","Warszawa - Modlin","2+1","egipt|marsa-alam|2026-08-04|2026-08-18|14|Warszawa - Modlin|2+1"
"Pickalbatros Palace Port Ghalib (ex. Red Sea The Palace)","16907.0","04.08.2026 - 18.08.2026","15 dni/14 nocy","4.7","4.7","3715","tripadvisor","Warszawa%20-%20Modlin","2026-07-20T05:57:35.658220+00:00","https://fly.pl/szukaj-wycieczek/?filter[dest]=11:&filter[hotelids]=&filter[cityids]=0&filter[cregids]=&filter[ofrType]=&filter[addObjType]=&filter[whenFrom]=20-07-2026&filter[whenTo]=19-08-2026&filter[duration]=13:16&filter[from]=Warszawa%20-%20Modlin,Warszawa%20-%20Radom,Warszawa&filter[person]=2&filter[child]=1&filter[price]=4000:20000&filter[PriceFrom]=4000&filter[PriceTo]=20000&filter[addCategory]=50&filter[addCatering]=1&filter[addMisc]=0&filter[addTransport]=F&filter[fp]=1&order_by=ofr_price&filter[tourOperator]=0&filter[childAge][1]=20201210","https://fly.pl/cdn/photo/assets/uploads/582/278/2014/09/albatros-palace.jpg","https://fly.pl/wycieczka/egipt,marsa-alam,port-ghalib/intercontinental-the-palace-port-ghalib/p4BHfnJgRniSa7VmCitw8-AAog6NyYcg_DkE-41qsZmv2Wlbf4_bqd5uQQkpGIo2KSdA8qBEVYSU0w0_H20gZIi4QBUAFY4gJgAmoCQUlyIRwRpqEGuQS8nT6rBB0b27MsGOj_LgGgyNGOCAIAYwECDMgo9PM/ofertasv/?filter[tourOperator]=EXIM&filter%5Bperson%5D=2&filter%5BchildAge%5D%5B1%5D=20201210&filter%5Bchild%5D=1","filter_13_16_days","egipt","marsa-alam","port-ghalib","2026-08-04","2026-08-18","15","14","Warszawa - Modlin","2+1","egipt|marsa-alam|2026-08-04|2026-08-18|14|Warszawa - Modlin|2+1"
"Pickalbatros Vita Resort Portofino","17047.0","04.08.2026 - 18.08.2026","15 dni/14 nocy","4.9","4.9","752","tripadvisor","Warszawa%20-%20Modlin","2026-07-20T05:57:35.658220+00:00","https://fly.pl/szukaj-wycieczek/?filter[dest]=11:&filter[hotelids]=&filter[cityids]=0&filter[cregids]=&filter[ofrType]=&filter[addObjType]=&filter[whenFrom]=20-07-2026&filter[whenTo]=19-08-2026&filter[duration]=13:16&filter[from]=Warszawa%20-%20Modlin,Warszawa%20-%20Radom,Warszawa&filter[person]=2&filter[child]=1&filter[price]=4000:20000&filter[PriceFrom]=4000&filter[PriceTo]=20000&filter[addCategory]=50&filter[addCatering]=1&filter[addMisc]=0&filter[addTransport]=F&filter[fp]=1&order_by=ofr_price&filter[tourOperator]=0&filter[childAge][1]=20201210","https://fly.pl/cdn/photo/assets/uploads/582/278/2024/07/pickalbatros-vita-resort-portofino.jpg","https://fly.pl/wycieczka/egipt,marsa-alam,c/pickalbatros-vita-resort-portofino-11/pwCLZeCu7vIIHfoJcSLxXsAAogc3B0ZwblmdkFhOfrKqQhw7f4_bqd5uQQkpGIo2KSdA8qBEVYSU0w0_H20gZIl4UBUAFY4gJgAmoCQUlyIRwRsKEGuQSynT6rBB0b8LQsGOX_LgGQm9KOCAIAYwECDN4YvNk/ofertasv/?filter[tourOperator]=EXIM&filter%5Bperson%5D=2&filter%5BchildAge%5D%5B1%5D=20201210&filter%5Bchild%5D=1","filter_13_16_days","egipt","marsa-alam","c","2026-08-04","2026-08-18","15","14","Warszawa - Modlin","2+1","egipt|marsa-alam|2026-08-04|2026-08-18|14|Warszawa - Modlin|2+1"
"Radisson Individuals Marina Port Ghalib (ex. Sunrise Marina Resort)","17106.0","25.07.2026 - 09.08.2026","16 dni/14 nocy","4.6","4.6","3519","tripadvisor","Warszawa%20-%20Modlin","2026-07-20T05:57:35.658220+00:00","https://fly.pl/szukaj-wycieczek/?filter[dest]=11:&filter[hotelids]=&filter[cityids]=0&filter[cregids]=&filter[ofrType]=&filter[addObjType]=&filter[whenFrom]=20-07-2026&filter[whenTo]=19-08-2026&filter[duration]=13:16&filter[from]=Warszawa%20-%20Modlin,Warszawa%20-%20Radom,Warszawa&filter[person]=2&filter[child]=1&filter[price]=4000:20000&filter[PriceFrom]=4000&filter[PriceTo]=20000&filter[addCategory]=50&filter[addCatering]=1&filter[addMisc]=0&filter[addTransport]=F&filter[fp]=1&order_by=ofr_price&filter[tourOperator]=0&filter[childAge][1]=20201210","https://fly.pl/cdn/photo/assets/uploads/582/278/2015/04/RADISSON-INDIVIDUALS-MARINA.jpg","https://fly.pl/wycieczka/egipt,marsa-alam,port-ghalib/rehana-port-ghalib-resort/p0Xk91paDjjZ5Jze5MnoFTAAog6ypP23JN82qeNTPv06Es-1ByF9MSu3MwWiJ_ZO3_meEqBFJOQlcw0_H20gZI0oUBUEFYcmACagREUTBkahcyOTYsMzgwLDQ3Nyw0ODMsNDg0LDQ4NXI3nwGeARUOWAEXAArNAUD7BRHQLBmzKBDIHVK1nQFTAEuxL2EAHeyQQQ87IMb2kAkNAAIOYwECBXySFbs/ofertasv/?filter[tourOperator]=RNBW&filter%5Bperson%5D=2&filter%5BchildAge%5D%5B1%5D=20201210&filter%5Bchild%5D=1","filter_13_16_days","egipt","marsa-alam","port-ghalib","2026-07-25","2026-08-09","16","14","Warszawa - Modlin","2+1","egipt|marsa-alam|2026-07-25|2026-08-09|14|Warszawa - Modlin|2+1"
"Parrotel Lagoon Resort","17256.0","02.08.2026 - 16.08.2026","15 dni/14 nocy","4.1","4.1","1747","tripadvisor","Warszawa%20-%20Modlin","2026-07-20T05:57:35.658220+00:00","https://fly.pl/szukaj-wycieczek/?filter[dest]=11:&filter[hotelids]=&filter[cityids]=0&filter[cregids]=&filter[ofrType]=&filter[addObjType]=&filter[whenFrom]=20-07-2026&filter[whenTo]=19-08-2026&filter[duration]=13:16&filter[from]=Warszawa%20-%20Modlin,Warszawa%20-%20Radom,Warszawa&filter[person]=2&filter[child]=1&filter[price]=4000:20000&filter[PriceFrom]=4000&filter[PriceTo]=20000&filter[addCategory]=50&filter[addCatering]=1&filter[addMisc]=0&filter[addTransport]=F&filter[fp]=1&order_by=ofr_price&filter[tourOperator]=0&filter[childAge][1]=20201210","https://fly.pl/cdn/photo/assets/uploads/582/278/2020/10/Parrotel-Lagoon-Resort.jpg","https://fly.pl/wycieczka/egipt,sharm-el-sheikh,szarm-el-szejk/parrotel-lagoon-resort-14/pp0yat1XFu1fZoSgDJ5b7sAAogsThPmbFI_EOhjjibRrk5-KirIEkpApsu5WO8TpZGVPUqBEpPSVAw0_H20gZI6IYBUEFYsgJgAmoDMDB3ckKbARQBXAkVBBcAWAFWAkDKBk_iAV0AXt76AVKmIFMAS8cjYQAR3VdMiLU5DdX7lwkgAAHv3ODApInMoDACDmMBAA0E0f_p/ofertasv/?filter[tourOperator]=JOIP&filter%5Bperson%5D=2&filter%5BchildAge%5D%5B1%5D=20201210&filter%5Bchild%5D=1","filter_13_16_days","egipt","sharm-el-sheikh","szarm-el-szejk","2026-08-02","2026-08-16","15","14","Warszawa - Modlin","2+1","egipt|sharm-el-sheikh|2026-08-02|2026-08-16|14|Warszawa - Modlin|2+1"
"Jaz Aquaviva","17291.0","30.07.2026 - 13.08.2026","15 dni/14 nocy","4.7","4.7","10763","tripadvisor","Warszawa%20-%20Modlin","2026-07-20T05:57:35.658220+00:00","https://fly.pl/szukaj-wycieczek/?filter[dest]=11:&filter[hotelids]=&filter[cityids]=0&filter[cregids]=&filter[ofrType]=&filter[addObjType]=&filter[whenFrom]=20-07-2026&filter[whenTo]=19-08-2026&filter[duration]=13:16&filter[from]=Warszawa%20-%20Modlin,Warszawa%20-%20Radom,Warszawa&filter[person]=2&filter[child]=1&filter[price]=4000:20000&filter[PriceFrom]=4000&filter[PriceTo]=20000&filter[addCategory]=50&filter[addCatering]=1&filter[addMisc]=0&filter[addTransport]=F&filter[fp]=1&order_by=ofr_price&filter[tourOperator]=0&filter[childAge][1]=20201210","https://fly.pl/cdn/photo/assets/uploads/582/278/2015/07/Jaz-Aquaviva.jpg","https://fly.pl/wycieczka/egipt,hurghada,makadi-bay/jaz-makadi-aquaviva/pugsgd6TNskoPNCc3kpc2GAAogGH_1LweoAn3WqSd37jllWK2Nj6WJoGvHb3j6wPDpBHsqBEVYSU0w0_H20gZIi4cBUAFY6gFgAmoCQUlyIRwRn8IGuQT--D2rBB0b6KU5GLXFOgGg6-eLCgIAYwECDFAhi7c/ofertasv/?filter[tourOperator]=EXIM&filter%5Bperson%5D=2&filter%5BchildAge%5D%5B1%5D=20201210&filter%5Bchild%5D=1","filter_13_16_days","egipt","hurghada","makadi-bay","2026-07-30","2026-08-13","15","14","Warszawa - Modlin","2+1","egipt|hurghada|2026-07-30|2026-08-13|14|Warszawa - Modlin|2+1"
"Double Tree by Hilton Mangroovy El Gouna Resort","17298.0","23.07.2026 - 06.08.2026","15 dni/14 nocy","","","","","Warszawa%20-%20Modlin","2026-07-20T05:57:35.658220+00:00","https://fly.pl/szukaj-wycieczek/?filter[dest]=11:&filter[hotelids]=&filter[cityids]=0&filter[cregids]=&filter[ofrType]=&filter[addObjType]=&filter[whenFrom]=20-07-2026&filter[whenTo]=19-08-2026&filter[duration]=13:16&filter[from]=Warszawa%20-%20Modlin,Warszawa%20-%20Radom,Warszawa&filter[person]=2&filter[child]=1&filter[price]=4000:20000&filter[PriceFrom]=4000&filter[PriceTo]=20000&filter[addCategory]=50&filter[addCatering]=1&filter[addMisc]=0&filter[addTransport]=F&filter[fp]=1&order_by=ofr_price&filter[tourOperator]=0&filter[childAge][1]=20201210","https://datacfstatic.merlinx.pl/OREX/IMG/6513/61970b72b312ea6d0373821b3cb6271ebffe7a152e252532c893aa503ed99358.webp","https://fly.pl/wycieczka/egipt,hurghada,al-dzuna/double-tree-by-hilton-mangroovy-el-gouna-13/pH4Pv4JeAZc6O57AJz7q3oAAogXZ8jrZD6XUWBcRiVGM01i025p3RPWw_5HZbY-DkUxAkqBE9SRVgw0_H20gZIkocBUEFYQmACagdOVlcuMi4xcjabAVwKFQQXAFgBVgJAygZd0w5PbBHXHFL7gAFTAF6vT2GBEksATNG-OiCG-5cJDQACEmMBAgv0jIXA/ofertasv/?filter[tourOperator]=OREX&filter%5Bperson%5D=2&filter%5BchildAge%5D%5B1%5D=20201210&filter%5Bchild%5D=1","filter_13_16_days","egipt","hurghada","al-dzuna","2026-07-23","2026-08-06","15","14","Warszawa - Modlin","2+1","egipt|hurghada|2026-07-23|2026-08-06|14|Warszawa - Modlin|2+1"
"Pickalbatros Citadel Sahl Hasheesh (ex. Citadel Azur Resort)","17371.0","30.07.2026 - 13.08.2026","15 dni/14 nocy","4.5","4.5","4752","tripadvisor","Warszawa%20-%20Modlin","2026-07-20T05:57:35.658220+00:00","https://fly.pl/szukaj-wycieczek/?filter[dest]=11:&filter[hotelids]=&filter[cityids]=0&filter[cregids]=&filter[ofrType]=&filter[addObjType]=&filter[whenFrom]=20-07-2026&filter[whenTo]=19-08-2026&filter[duration]=13:16&filter[from]=Warszawa%20-%20Modlin,Warszawa%20-%20Radom,Warszawa&filter[person]=2&filter[child]=1&filter[price]=4000:20000&filter[PriceFrom]=4000&filter[PriceTo]=20000&filter[addCategory]=50&filter[addCatering]=1&filter[addMisc]=0&filter[addTransport]=F&filter[fp]=1&order_by=ofr_price&filter[tourOperator]=0&filter[childAge][1]=20201210","https://fly.pl/cdn/photo/assets/uploads/582/278/2014/07/Albatros-Citadel-Sahl-Hasheesh-ex.-Citadel-Azur-Resort-fly-pl.jpg","https://fly.pl/wycieczka/egipt,hurghada,c/citadel-azur-resort/p3Kpf518nUmgbA6hnu9YfoAAognT_hdhNwAn8mhxUN2STqJa2Nj6WJoGvHb3j6wPDpBHsqBEVYSU0w0_H20gZI24cBUAFY6gFgAmoCQUlyIRwRhaEGuQSYmj6rBB0bqLksGMuALwHMjv2OCAIAYwECDEjYkDk/ofertasv/?filter[tourOperator]=EXIM&filter%5Bperson%5D=2&filter%5BchildAge%5D%5B1%5D=20201210&filter%5Bchild%5D=1","filter_13_16_days","egipt","hurghada","c","2026-07-30","2026-08-13","15","14","Warszawa - Modlin","2+1","egipt|hurghada|2026-07-30|2026-08-13|14|Warszawa - Modlin|2+1"
"Sheraton Soma Bay","17431.0","30.07.2026 - 13.08.2026","15 dni/14 nocy","4.6","4.6","3170","tripadvisor","Warszawa%20-%20Modlin","2026-07-20T05:57:35.658220+00:00","https://fly.pl/szukaj-wycieczek/?filter[dest]=11:&filter[hotelids]=&filter[cityids]=0&filter[cregids]=&filter[ofrType]=&filter[addObjType]=&filter[whenFrom]=20-07-2026&filter[whenTo]=19-08-2026&filter[duration]=13:16&filter[from]=Warszawa%20-%20Modlin,Warszawa%20-%20Radom,Warszawa&filter[person]=2&filter[child]=1&filter[price]=4000:20000&filter[PriceFrom]=4000&filter[PriceTo]=20000&filter[addCategory]=50&filter[addCatering]=1&filter[addMisc]=0&filter[addTransport]=F&filter[fp]=1&order_by=ofr_price&filter[tourOperator]=0&filter[childAge][1]=20201210","https://fly.pl/cdn/photo/assets/uploads/582/278/2014/07/Sheraton-Soma-Bay.jpg","https://fly.pl/wycieczka/egipt,hurghada,soma-bay/sheraton-soma-bay/pPTsZtCf_1Nt7Z6IJrJX6SAAoguhLkAJUYcO8zy-_VYxrjMK2Nj6WJoGvHb3j6wPDpBHsqBEVYSU0w0_H20gZIl4gBUAFY6gFgAmoCQUlyIRwRm8oGuQSC8T2rBB0b5a48GOz0PQGIg97uCgIAYwECDN8b7iQ/ofertasv/?filter[tourOperator]=EXIM&filter%5Bperson%5D=2&filter%5BchildAge%5D%5B1%5D=20201210&filter%5Bchild%5D=1","filter_13_16_days","egipt","hurghada","soma-bay","2026-07-30","2026-08-13","15","14","Warszawa - Modlin","2+1","egipt|hurghada|2026-07-30|2026-08-13|14|Warszawa - Modlin|2+1"
"Jaz Makadi Oasis Resort","17471.0","30.07.2026 - 13.08.2026","15 dni/14 nocy","4.7","4.7","5267","tripadvisor","Warszawa%20-%20Modlin","2026-07-20T05:57:35.658220+00:00","https://fly.pl/szukaj-wycieczek/?filter[dest]=11:&filter[hotelids]=&filter[cityids]=0&filter[cregids]=&filter[ofrType]=&filter[addObjType]=&filter[whenFrom]=20-07-2026&filter[whenTo]=19-08-2026&filter[duration]=13:16&filter[from]=Warszawa%20-%20Modlin,Warszawa%20-%20Radom,Warszawa&filter[person]=2&filter[child]=1&filter[price]=4000:20000&filter[PriceFrom]=4000&filter[PriceTo]=20000&filter[addCategory]=50&filter[addCatering]=1&filter[addMisc]=0&filter[addTransport]=F&filter[fp]=1&order_by=ofr_price&filter[tourOperator]=0&filter[childAge][1]=20201210","https://fly.pl/cdn/photo/assets/uploads/582/278/2015/04/Jaz-Makadi-Oasis.jpg","https://fly.pl/wycieczka/egipt,hurghada,makadi-bay/iberotel-makadi-club-oasis/p27aivlZ0tC3kwNQ9IOZ-HAAog6A6h1rY_ayqChdMrnL0b2K2Nj6WJoGvHb3j6wPDpBHsqBEVYSU0w0_H20gZIv4gBUAFY6gFgAmoCQUlyIRwRoMIGuQT9-D2rBB0b_KU5GLXFOgGLvOSLCgIAYwECDDP9PAQ/ofertasv/?filter[tourOperator]=EXIM&filter%5Bperson%5D=2&filter%5BchildAge%5D%5B1%5D=20201210&filter%5Bchild%5D=1","filter_13_16_days","egipt","hurghada","makadi-bay","2026-07-30","2026-08-13","15","14","Warszawa - Modlin","2+1","egipt|hurghada|2026-07-30|2026-08-13|14|Warszawa - Modlin|2+1"
"Sunrise Aqua Joy","17557.0","23.07.2026 - 06.08.2026","15 dni/14 nocy","4.7","4.7","3838","tripadvisor","Warszawa%20-%20Modlin","2026-07-20T05:57:35.658220+00:00","https://fly.pl/szukaj-wycieczek/?filter[dest]=11:&filter[hotelids]=&filter[cityids]=0&filter[cregids]=&filter[ofrType]=&filter[addObjType]=&filter[whenFrom]=20-07-2026&filter[whenTo]=19-08-2026&filter[duration]=13:16&filter[from]=Warszawa%20-%20Modlin,Warszawa%20-%20Radom,Warszawa&filter[person]=2&filter[child]=1&filter[price]=4000:20000&filter[PriceFrom]=4000&filter[PriceTo]=20000&filter[addCategory]=50&filter[addCatering]=1&filter[addMisc]=0&filter[addTransport]=F&filter[fp]=1&order_by=ofr_price&filter[tourOperator]=0&filter[childAge][1]=20201210","https://fly.pl/cdn/photo/assets/uploads/582/278/2019/11/Aqua-Joy-Resort-By-Sunrise-Group-fly-pl.jpg","https://fly.pl/wycieczka/egipt,hurghada,c/aqua-joy-resort-by-sunrise-group-9/pr2KJbyBRC1FR_eYWuqDX2AAogmqN4sXgqFo7QESmpL55mMMSDj-_QNGc8Ycxnae6cK1UqBEJWUFIw0_H20gZIlYkBUAFYQmACag1BbGwgaW5jbHVzaXZlciAcEbVQG-_lBBjv8wy5BO3fE6sEUAGBquHEAQIAYwECC0hHhBs/ofertasv/?filter[tourOperator]=BVPR&filter%5Bperson%5D=2&filter%5BchildAge%5D%5B1%5D=20201210&filter%5Bchild%5D=1","filter_13_16_days","egipt","hurghada","c","2026-07-23","2026-08-06","15","14","Warszawa - Modlin","2+1","egipt|hurghada|2026-07-23|2026-08-06|14|Warszawa - Modlin|2+1"
"Caesar Bay Resort","17597.0","29.07.2026 - 12.08.2026","15 dni/14 nocy","4.3","4.3","1122","tripadvisor","Warszawa%20-%20Modlin","2026-07-20T05:57:35.658220+00:00","https://fly.pl/szukaj-wycieczek/?filter[dest]=11:&filter[hotelids]=&filter[cityids]=0&filter[cregids]=&filter[ofrType]=&filter[addObjType]=&filter[whenFrom]=20-07-2026&filter[whenTo]=19-08-2026&filter[duration]=13:16&filter[from]=Warszawa%20-%20Modlin,Warszawa%20-%20Radom,Warszawa&filter[person]=2&filter[child]=1&filter[price]=4000:20000&filter[PriceFrom]=4000&filter[PriceTo]=20000&filter[addCategory]=50&filter[addCatering]=1&filter[addMisc]=0&filter[addTransport]=F&filter[fp]=1&order_by=ofr_price&filter[tourOperator]=0&filter[childAge][1]=20201210","https://fly.pl/cdn/photo/assets/uploads/582/278/2024/07/caesar-bay-resort.jpg","https://fly.pl/wycieczka/egipt,aleksandria,c/caesar-bay-resort-13/p5sqr5LPFXB_yh4_vs9XxMAAogg1fpgatL32_drrJr25nJRTb9ESUGfmbgr8FV7KeioOUqBFZJVFgw0_H20gZIvYkBUEFY0gFgAnJAGgBcChUEFwBYAUCPA1PJgwFSAFvOAV7mekvtQ2EATJOsOSDe25gJDQBR4eqZ8mtPx9I4Xdz4gP2ZAQIOYwECDcKYp0E/ofertasv/?filter[tourOperator]=VITX&filter%5Bperson%5D=2&filter%5BchildAge%5D%5B1%5D=20201210&filter%5Bchild%5D=1","filter_13_16_days","egipt","aleksandria","c","2026-07-29","2026-08-12","15","14","Warszawa - Modlin","2+1","egipt|aleksandria|2026-07-29|2026-08-12|14|Warszawa - Modlin|2+1"
"Old Palace Resort","17697.0","30.07.2026 - 13.08.2026","15 dni/14 nocy","4.6","4.6","3529","tripadvisor","Warszawa%20-%20Modlin","2026-07-20T05:57:35.658220+00:00","https://fly.pl/szukaj-wycieczek/?filter[dest]=11:&filter[hotelids]=&filter[cityids]=0&filter[cregids]=&filter[ofrType]=&filter[addObjType]=&filter[whenFrom]=20-07-2026&filter[whenTo]=19-08-2026&filter[duration]=13:16&filter[from]=Warszawa%20-%20Modlin,Warszawa%20-%20Radom,Warszawa&filter[person]=2&filter[child]=1&filter[price]=4000:20000&filter[PriceFrom]=4000&filter[PriceTo]=20000&filter[addCategory]=50&filter[addCatering]=1&filter[addMisc]=0&filter[addTransport]=F&filter[fp]=1&order_by=ofr_price&filter[tourOperator]=0&filter[childAge][1]=20201210","https://fly.pl/cdn/photo/assets/uploads/582/278/2015/03/Old-Palace-Resort-Sahl-Hasheesh.jpg","https://fly.pl/wycieczka/egipt,hurghada,c/old-palace-resort/p2c8wTHVL0jiGTAeFcfndBAAog33HgKqmGzqJ6sF9UMaRHdvreulq1_TlMmsNcn3wEcp4qBEVDQ1gw0_H20gZIoYoBUAFY6gFgAmoCQUlyIBwRrDq5BKL3FasEHBjWvSwbn6lBAfe_ou8BAgBjAQULrbO3jA/ofertasv/?filter[tourOperator]=ECCX&filter%5Bperson%5D=2&filter%5BchildAge%5D%5B1%5D=20201210&filter%5Bchild%5D=1","filter_13_16_days","egipt","hurghada","c","2026-07-30","2026-08-13","15","14","Warszawa - Modlin","2+1","egipt|hurghada|2026-07-30|2026-08-13|14|Warszawa - Modlin|2+1"
"Bellagio Beach Resort & Spa (ex. Panorama Bungalows Hurghada)","17750.0","28.07.2026 - 13.08.2026","17 dni/16 nocy","4.3","4.3","4420","tripadvisor","Warszawa%20-%20Modlin","2026-07-20T05:57:35.658220+00:00","https://fly.pl/szukaj-wycieczek/?filter[dest]=11:&filter[hotelids]=&filter[cityids]=0&filter[cregids]=&filter[ofrType]=&filter[addObjType]=&filter[whenFrom]=20-07-2026&filter[whenTo]=19-08-2026&filter[duration]=13:16&filter[from]=Warszawa%20-%20Modlin,Warszawa%20-%20Radom,Warszawa&filter[person]=2&filter[child]=1&filter[price]=4000:20000&filter[PriceFrom]=4000&filter[PriceTo]=20000&filter[addCategory]=50&filter[addCatering]=1&filter[addMisc]=0&filter[addTransport]=F&filter[fp]=1&order_by=ofr_price&filter[tourOperator]=0&filter[childAge][1]=20201210","https://fly.pl/cdn/photo/assets/uploads/582/278/2014/07/Bellagio-Beach-Resort-Spa.jpg","https://fly.pl/wycieczka/egipt,hurghada,c/panorama-bungalow-resort/poPrYEhcSrxArFJgnW7CnfAAogwO8zDWpUkApPuxcS6YlT_KfM9TxeYnpgwwaJChje9WsqBEpPSVAw0_H20gZI1ooBUEFYugFgAmoDMDB3ckObARQBXAlYBRUBFwBWAUDKBk-rAV03Uq-rAVMAXq9PS-1DYQARoI4BTMX-OA2L-5cJIAAB3N342JSGzKAwAg5jAQANlARMWA/ofertasv/?filter[tourOperator]=JOIP&filter%5Bperson%5D=2&filter%5BchildAge%5D%5B1%5D=20201210&filter%5Bchild%5D=1","filter_13_16_days","egipt","hurghada","c","2026-07-28","2026-08-13","17","16","Warszawa - Modlin","2+1","egipt|hurghada|2026-07-28|2026-08-13|16|Warszawa - Modlin|2+1"
"Titanic Royal","17851.0","30.07.2026 - 13.08.2026","15 dni/14 nocy","4.8","4.8","4520","tripadvisor","Warszawa%20-%20Modlin","2026-07-20T05:57:35.658220+00:00","https://fly.pl/szukaj-wycieczek/?filter[dest]=11:&filter[hotelids]=&filter[cityids]=0&filter[cregids]=&filter[ofrType]=&filter[addObjType]=&filter[whenFrom]=20-07-2026&filter[whenTo]=19-08-2026&filter[duration]=13:16&filter[from]=Warszawa%20-%20Modlin,Warszawa%20-%20Radom,Warszawa&filter[person]=2&filter[child]=1&filter[price]=4000:20000&filter[PriceFrom]=4000&filter[PriceTo]=20000&filter[addCategory]=50&filter[addCatering]=1&filter[addMisc]=0&filter[addTransport]=F&filter[fp]=1&order_by=ofr_price&filter[tourOperator]=0&filter[childAge][1]=20201210","https://fly.pl/cdn/photo/assets/uploads/582/278/2018/12/Titanic-Royal-fly-pl.jpg","https://fly.pl/wycieczka/egipt,hurghada,c/titanic-royal/pRNuvBKvLRD52kl9mQW1QZAAogd8spWmrlD74FNeEAT1Scmq2Nj6WJoGvHb3j6wPDpBHsqBEVYSU0w0_H20gZIu4sBUAFY6gFgAmoDVUFJciEcEZK7BrkEi4A-qwQdG6yOMBjr9zYBneqllAkCAGMBAgvtfSTM/ofertasv/?filter[tourOperator]=EXIM&filter%5Bperson%5D=2&filter%5BchildAge%5D%5B1%5D=20201210&filter%5Bchild%5D=1","filter_13_16_days","egipt","hurghada","c","2026-07-30","2026-08-13","15","14","Warszawa - Modlin","2+1","egipt|hurghada|2026-07-30|2026-08-13|14|Warszawa - Modlin|2+1"
"Jaz Elite Maraya","18007.0","04.08.2026 - 18.08.2026","15 dni/14 nocy","4.9","4.9","2697","tripadvisor","Warszawa%20-%20Modlin","2026-07-20T05:57:35.658220+00:00","https://fly.pl/szukaj-wycieczek/?filter[dest]=11:&filter[hotelids]=&filter[cityids]=0&filter[cregids]=&filter[ofrType]=&filter[addObjType]=&filter[whenFrom]=20-07-2026&filter[whenTo]=19-08-2026&filter[duration]=13:16&filter[from]=Warszawa%20-%20Modlin,Warszawa%20-%20Radom,Warszawa&filter[person]=2&filter[child]=1&filter[price]=4000:20000&filter[PriceFrom]=4000&filter[PriceTo]=20000&filter[addCategory]=50&filter[addCatering]=1&filter[addMisc]=0&filter[addTransport]=F&filter[fp]=1&order_by=ofr_price&filter[tourOperator]=0&filter[childAge][1]=20201210","https://fly.pl/cdn/photo/assets/uploads/582/278/2019/08/Jaz-Maraya.jpg","https://fly.pl/wycieczka/egipt,marsa-alam,c/jaz-maraya/pHhGtOrQWbEGg1Nx2HkM8PAAogz9JnTPFnGg2e_lw8moXbErf4_bqd5uQQkpGIo2KSdA8qBEVYSU0w0_H20gZI14wBUAFY4gJgAmoCQUlyIRwRlcoGuQTN9D2rBB0bpqo8GJj0PQHM09zuCgIAYwECDBRvEXw/ofertasv/?filter[tourOperator]=EXIM&filter%5Bperson%5D=2&filter%5BchildAge%5D%5B1%5D=20201210&filter%5Bchild%5D=1","filter_13_16_days","egipt","marsa-alam","c","2026-08-04","2026-08-18","15","14","Warszawa - Modlin","2+1","egipt|marsa-alam|2026-08-04|2026-08-18|14|Warszawa - Modlin|2+1"
"Albatros Makadi Resort (ex Royal Pharaohs Makadi)","18011.0","30.07.2026 - 13.08.2026","15 dni/14 nocy","","","","","Warszawa%20-%20Modlin","2026-07-20T05:57:35.658220+00:00","https://fly.pl/szukaj-wycieczek/?filter[dest]=11:&filter[hotelids]=&filter[cityids]=0&filter[cregids]=&filter[ofrType]=&filter[addObjType]=&filter[whenFrom]=20-07-2026&filter[whenTo]=19-08-2026&filter[duration]=13:16&filter[from]=Warszawa%20-%20Modlin,Warszawa%20-%20Radom,Warszawa&filter[person]=2&filter[child]=1&filter[price]=4000:20000&filter[PriceFrom]=4000&filter[PriceTo]=20000&filter[addCategory]=50&filter[addCatering]=1&filter[addMisc]=0&filter[addTransport]=F&filter[fp]=1&order_by=ofr_price&filter[tourOperator]=0&filter[childAge][1]=20201210","https://fly.pl/cdn/photo/assets/uploads/582/278/2014/07/Harmony-Makadi-Bay-fly-pl.jpg","https://fly.pl/wycieczka/egipt,hurghada,makadi-bay/harmony-makadi-bay/pI_BOVBixjlvL8NRiInZz3AAogFSdSupv0FaHdUNpUUg7-vq2Nj6WJoGvHb3j6wPDpBHsqBEVYSU0w0_H20gZI24wBUAFY6gFgAmoCQUlyIRwR_6AGuQSemj6rBB0b0rssGIiALwGRjv6OCAIAYwECDBXRZaA/ofertasv/?filter[tourOperator]=EXIM&filter%5Bperson%5D=2&filter%5BchildAge%5D%5B1%5D=20201210&filter%5Bchild%5D=1","filter_13_16_days","egipt","hurghada","makadi-bay","2026-07-30","2026-08-13","15","14","Warszawa - Modlin","2+1","egipt|hurghada|2026-07-30|2026-08-13|14|Warszawa - Modlin|2+1"
"Amarina Sun Resort & Aqua Park (ex. Raouf Sun International Aqua Park & SPA)","18106.0","02.08.2026 - 16.08.2026","15 dni/14 nocy","3.9","3.9","307","tripadvisor","Warszawa%20-%20Modlin","2026-07-20T05:57:35.658220+00:00","https://fly.pl/szukaj-wycieczek/?filter[dest]=11:&filter[hotelids]=&filter[cityids]=0&filter[cregids]=&filter[ofrType]=&filter[addObjType]=&filter[whenFrom]=20-07-2026&filter[whenTo]=19-08-2026&filter[duration]=13:16&filter[from]=Warszawa%20-%20Modlin,Warszawa%20-%20Radom,Warszawa&filter[person]=2&filter[child]=1&filter[price]=4000:20000&filter[PriceFrom]=4000&filter[PriceTo]=20000&filter[addCategory]=50&filter[addCatering]=1&filter[addMisc]=0&filter[addTransport]=F&filter[fp]=1&order_by=ofr_price&filter[tourOperator]=0&filter[childAge][1]=20201210","https://fly.pl/cdn/photo/assets/uploads/582/278/2024/07/raouf-sun-international-aqua-park-spa.jpg","https://fly.pl/wycieczka/egipt,sharm-el-sheikh,szarm-el-szejk/raouf-international-aqua-park-spa-14/pta0CgWqxXuzdg7owM65gZAAogJ4x-5kt6uyxnaKUgqhjkyKirIEkpApsu5WO8TpZGVPUqBEpPSVAw0_H20gZIuo0BUEFYsgJgAmoDMTJvckObARQBXAkVBBcAWAFWAkDKBk_iAV0AXt76AVKmIFMAS8cjYQARz4gBTJaEOQ3V-5cJIAABibf0sOSIzKAwAg1jAQAME8UG_w/ofertasv/?filter[tourOperator]=JOIP&filter%5Bperson%5D=2&filter%5BchildAge%5D%5B1%5D=20201210&filter%5Bchild%5D=1","filter_13_16_days","egipt","sharm-el-sheikh","szarm-el-szejk","2026-08-02","2026-08-16","15","14","Warszawa - Modlin","2+1","egipt|sharm-el-sheikh|2026-08-02|2026-08-16|14|Warszawa - Modlin|2+1"
"Sheraton Miramar Resort (El Gouna)","18211.0","30.07.2026 - 13.08.2026","15 dni/14 nocy","4.7","4.7","6257","tripadvisor","Warszawa%20-%20Modlin","2026-07-20T05:57:35.658220+00:00","https://fly.pl/szukaj-wycieczek/?filter[dest]=11:&filter[hotelids]=&filter[cityids]=0&filter[cregids]=&filter[ofrType]=&filter[addObjType]=&filter[whenFrom]=20-07-2026&filter[whenTo]=19-08-2026&filter[duration]=13:16&filter[from]=Warszawa%20-%20Modlin,Warszawa%20-%20Radom,Warszawa&filter[person]=2&filter[child]=1&filter[price]=4000:20000&filter[PriceFrom]=4000&filter[PriceTo]=20000&filter[addCategory]=50&filter[addCatering]=1&filter[addMisc]=0&filter[addTransport]=F&filter[fp]=1&order_by=ofr_price&filter[tourOperator]=0&filter[childAge][1]=20201210","https://fly.pl/cdn/photo/assets/uploads/582/278/2014/07/Sheraton-Miramar-El-Gouna-1.jpg","https://fly.pl/wycieczka/egipt,hurghada,el-gouna/sheraton-miramar-el-gouna/pRCiDvxYDNvYH1ZScIvh8qAAogyT51MRvV3lNGAQPQtdlxK62Nj6WJoGvHb3j6wPDpBHsqBEVYSU0w0_H20gZIo44BUAFY6gFgAmoDVUFJciEcEZmhBrkEhJo-qwQdG4O8LBiGgC8B4q3-jggCAGMBAgzXEi8W/ofertasv/?filter[tourOperator]=EXIM&filter%5Bperson%5D=2&filter%5BchildAge%5D%5B1%5D=20201210&filter%5Bchild%5D=1","filter_13_16_days","egipt","hurghada","el-gouna","2026-07-30","2026-08-13","15","14","Warszawa - Modlin","2+1","egipt|hurghada|2026-07-30|2026-08-13|14|Warszawa - Modlin|2+1"
"Cleopatra Luxury Resort (Makadi Bay)","18337.0","30.07.2026 - 13.08.2026","15 dni/14 nocy","4.6","4.6","3140","tripadvisor","Warszawa%20-%20Modlin","2026-07-20T05:57:35.658220+00:00","https://fly.pl/szukaj-wycieczek/?filter[dest]=11:&filter[hotelids]=&filter[cityids]=0&filter[cregids]=&filter[ofrType]=&filter[addObjType]=&filter[whenFrom]=20-07-2026&filter[whenTo]=19-08-2026&filter[duration]=13:16&filter[from]=Warszawa%20-%20Modlin,Warszawa%20-%20Radom,Warszawa&filter[person]=2&filter[child]=1&filter[price]=4000:20000&filter[PriceFrom]=4000&filter[PriceTo]=20000&filter[addCategory]=50&filter[addCatering]=1&filter[addMisc]=0&filter[addTransport]=F&filter[fp]=1&order_by=ofr_price&filter[tourOperator]=0&filter[childAge][1]=20201210","https://fly.pl/cdn/photo/assets/uploads/582/278/2014/10/Cleopatra-Luxury-Resort-Makadi-Bay.jpg","https://fly.pl/wycieczka/egipt,hurghada,makadi-bay/cleopatra-luxury-resort-makadi-bay/pnxgwe6jya6C5nmVjm0WQLAAogorB7RiNKVrkd6NziFbw3aizsddqMlWT-AJr_RmPXVRQqBE9BU0kw0_H20gZIoY8BUAFY6gFgAmoDQUlsciEcEcyPAbkEl7wPqwQcG-vMChi2xwsB25SH_wECAGMBAgbhh8Gp/ofertasv/?filter[tourOperator]=OASI&filter%5Bperson%5D=2&filter%5BchildAge%5D%5B1%5D=20201210&filter%5Bchild%5D=1","filter_13_16_days","egipt","hurghada","makadi-bay","2026-07-30","2026-08-13","15","14","Warszawa - Modlin","2+1","egipt|hurghada|2026-07-30|2026-08-13|14|Warszawa - Modlin|2+1"
"Amarina Star Resort & Aqua Park (ex. Raouf Star)","18362.0","02.08.2026 - 16.08.2026","15 dni/14 nocy","4.2","4.2","99","tripadvisor","Warszawa%20-%20Modlin","2026-07-20T05:57:35.658220+00:00","https://fly.pl/szukaj-wycieczek/?filter[dest]=11:&filter[hotelids]=&filter[cityids]=0&filter[cregids]=&filter[ofrType]=&filter[addObjType]=&filter[whenFrom]=20-07-2026&filter[whenTo]=19-08-2026&filter[duration]=13:16&filter[from]=Warszawa%20-%20Modlin,Warszawa%20-%20Radom,Warszawa&filter[person]=2&filter[child]=1&filter[price]=4000:20000&filter[PriceFrom]=4000&filter[PriceTo]=20000&filter[addCategory]=50&filter[addCatering]=1&filter[addMisc]=0&filter[addTransport]=F&filter[fp]=1&order_by=ofr_price&filter[tourOperator]=0&filter[childAge][1]=20201210","https://fly.pl/cdn/photo/assets/uploads/582/278/2023/04/Amarina-Star-Resort-Aqua-Park.jpg","https://fly.pl/wycieczka/egipt,sharm-el-sheikh,szarm-el-szejk/raouf-star-15/pWT8ExwtrtotukHR3hUnTMAAogrjZn42oaYy8c7_c5OcatY6irIEkpApsu5WO8TpZGVPUqBEpPSVAw0_H20gZIuo8BUEFYsgJgAmoDMTJvckObARQBXAkVBBcAWAFWAkDKBk_iAV0AXt76AVKmIFMAS8cjYQAR9qcBTO_kOA3V-5cJIAABl9-8gOWIzKAwAg1jAQAMgPeKtw/ofertasv/?filter[tourOperator]=JOIP&filter%5Bperson%5D=2&filter%5BchildAge%5D%5B1%5D=20201210&filter%5Bchild%5D=1","filter_13_16_days","egipt","sharm-el-sheikh","szarm-el-szejk","2026-08-02","2026-08-16","15","14","Warszawa - Modlin","2+1","egipt|sharm-el-sheikh|2026-08-02|2026-08-16|14|Warszawa - Modlin|2+1"
"Jaz Aquamarine Resort","18367.0","23.07.2026 - 06.08.2026","15 dni/14 nocy","4.6","4.6","16994","tripadvisor","Warszawa%20-%20Modlin","2026-07-20T05:57:35.658220+00:00","https://fly.pl/szukaj-wycieczek/?filter[dest]=11:&filter[hotelids]=&filter[cityids]=0&filter[cregids]=&filter[ofrType]=&filter[addObjType]=&filter[whenFrom]=20-07-2026&filter[whenTo]=19-08-2026&filter[duration]=13:16&filter[from]=Warszawa%20-%20Modlin,Warszawa%20-%20Radom,Warszawa&filter[person]=2&filter[child]=1&filter[price]=4000:20000&filter[PriceFrom]=4000&filter[PriceTo]=20000&filter[addCategory]=50&filter[addCatering]=1&filter[addMisc]=0&filter[addTransport]=F&filter[fp]=1&order_by=ofr_price&filter[tourOperator]=0&filter[childAge][1]=20201210","https://fly.pl/cdn/photo/assets/uploads/582/278/2016/11/jaz-aquamarine-ex-iberotel-egipt-hurghada-1b.jpg","https://fly.pl/wycieczka/egipt,hurghada,c/jaz-aquamarine-ex-iberotel-aquamarine/pg8sEjV4phg--VOyYMCXliAAogqvhzbgKRCiMvuOTNG0Qcye5NDLk6HnpoGIQ3DifDZswqBE9BU0kw0_H20gZIv48BUAFYQmACagNBSWxyIRwRo48BuQS_vA-rBBwb1d0MGMOOEQGp1tqFAgIAYwECC5t1Ou4/ofertasv/?filter[tourOperator]=OASI&filter%5Bperson%5D=2&filter%5BchildAge%5D%5B1%5D=20201210&filter%5Bchild%5D=1","filter_13_16_days","egipt","hurghada","c","2026-07-23","2026-08-06","15","14","Warszawa - Modlin","2+1","egipt|hurghada|2026-07-23|2026-08-06|14|Warszawa - Modlin|2+1"
"Jaz Elite Maraya","18007.0","04.08.2026 - 18.08.2026","15 dni/14 nocy","4.9","4.9","2697","tripadvisor","Warszawa%20-%20Modlin","2026-07-20T05:57:35.658220+00:00","https://fly.pl/szukaj-wycieczek/?filter[dest]=11:&filter[hotelids]=&filter[cityids]=0&filter[cregids]=&filter[ofrType]=&filter[addObjType]=&filter[whenFrom]=20-07-2026&filter[whenTo]=19-08-2026&filter[duration]=13:16&filter[from]=Warszawa%20-%20Modlin,Warszawa%20-%20Radom,Warszawa&filter[person]=2&filter[child]=1&filter[price]=4000:20000&filter[PriceFrom]=4000&filter[PriceTo]=20000&filter[addCategory]=50&filter[addCatering]=1&filter[addMisc]=0&filter[addTransport]=F&filter[fp]=1&order_by=ofr_price&filter[tourOperator]=0&filter[childAge][1]=20201210","https://fly.pl/cdn/photo/assets/uploads/582/278/2019/08/Jaz-Maraya.jpg","https://fly.pl/wycieczka/egipt,marsa-alam,c/jaz-maraya/pHhGtOrQWbEGg1Nx2HkM8PAAogz9JnTPFnGg2e_lw8moXbErf4_bqd5uQQkpGIo2KSdA8qBEVYSU0w2PH20gZI14wBUAFY4gJgAmoCQUlyIRwRlcoGuQTN9D2rBB0bpqo8GJj0PQHM09zuCgIAYwECDIz2AkY/ofertasv/?filter[tourOperator]=EXIM&filter%5Bperson%5D=2&filter%5BchildAge%5D%5B1%5D=20201210&filter%5Bchild%5D=1","filter_13_16_days","egipt","marsa-alam","c","2026-08-04","2026-08-18","15","14","Warszawa - Modlin","2+1","egipt|marsa-alam|2026-08-04|2026-08-18|14|Warszawa - Modlin|2+1"
"Albatros Makadi Resort (ex Royal Pharaohs Makadi)","18011.0","30.07.2026 - 13.08.2026","15 dni/14 nocy","","","","","Warszawa%20-%20Modlin","2026-07-20T05:57:35.658220+00:00","https://fly.pl/szukaj-wycieczek/?filter[dest]=11:&filter[hotelids]=&filter[cityids]=0&filter[cregids]=&filter[ofrType]=&filter[addObjType]=&filter[whenFrom]=20-07-2026&filter[whenTo]=19-08-2026&filter[duration]=13:16&filter[from]=Warszawa%20-%20Modlin,Warszawa%20-%20Radom,Warszawa&filter[person]=2&filter[child]=1&filter[price]=4000:20000&filter[PriceFrom]=4000&filter[PriceTo]=20000&filter[addCategory]=50&filter[addCatering]=1&filter[addMisc]=0&filter[addTransport]=F&filter[fp]=1&order_by=ofr_price&filter[tourOperator]=0&filter[childAge][1]=20201210","https://fly.pl/cdn/photo/assets/uploads/582/278/2014/07/Harmony-Makadi-Bay-fly-pl.jpg","https://fly.pl/wycieczka/egipt,hurghada,makadi-bay/harmony-makadi-bay/pI_BOVBixjlvL8NRiInZz3AAogFSdSupv0FaHdUNpUUg7-vq2Nj6WJoGvHb3j6wPDpBHsqBEVYSU0w2PH20gZI24wBUAFY6gFgAmoCQUlyIRwR_6AGuQSemj6rBB0b0rssGIiALwGRjv6OCAIAYwECDKznTkY/ofertasv/?filter[tourOperator]=EXIM&filter%5Bperson%5D=2&filter%5BchildAge%5D%5B1%5D=20201210&filter%5Bchild%5D=1","filter_13_16_days","egipt","hurghada","makadi-bay","2026-07-30","2026-08-13","15","14","Warszawa - Modlin","2+1","egipt|hurghada|2026-07-30|2026-08-13|14|Warszawa - Modlin|2+1"
"Amarina Sun Resort & Aqua Park (ex. Raouf Sun International Aqua Park & SPA)","18106.0","02.08.2026 - 16.08.2026","15 dni/14 nocy","3.9","3.9","307","tripadvisor","Warszawa%20-%20Modlin","2026-07-20T05:57:35.658220+00:00","https://fly.pl/szukaj-wycieczek/?filter[dest]=11:&filter[hotelids]=&filter[cityids]=0&filter[cregids]=&filter[ofrType]=&filter[addObjType]=&filter[whenFrom]=20-07-2026&filter[whenTo]=19-08-2026&filter[duration]=13:16&filter[from]=Warszawa%20-%20Modlin,Warszawa%20-%20Radom,Warszawa&filter[person]=2&filter[child]=1&filter[price]=4000:20000&filter[PriceFrom]=4000&filter[PriceTo]=20000&filter[addCategory]=50&filter[addCatering]=1&filter[addMisc]=0&filter[addTransport]=F&filter[fp]=1&order_by=ofr_price&filter[tourOperator]=0&filter[childAge][1]=20201210","https://fly.pl/cdn/photo/assets/uploads/582/278/2024/07/raouf-sun-international-aqua-park-spa.jpg","https://fly.pl/wycieczka/egipt,sharm-el-sheikh,szarm-el-szejk/raouf-international-aqua-park-spa-14/pta0CgWqxXuzdg7owM65gZAAogJ4x-5kt6uyxnaKUgqhjkyKirIEkpApsu5WO8TpZGVPUqBEpPSVAw2PH20gZIuo0BUEFYsgJgAmoDMTJvckObARQBXAkVBBcAWAFWAkDKBk_iAV0AXt76AVKmIFMAS8cjYQARz4gBTJaEOQ3V-5cJIAABibf0sOSIzKAwAg1jAQAMQD9OZQ/ofertasv/?filter[tourOperator]=JOIP&filter%5Bperson%5D=2&filter%5BchildAge%5D%5B1%5D=20201210&filter%5Bchild%5D=1","filter_13_16_days","egipt","sharm-el-sheikh","szarm-el-szejk","2026-08-02","2026-08-16","15","14","Warszawa - Modlin","2+1","egipt|sharm-el-sheikh|2026-08-02|2026-08-16|14|Warszawa - Modlin|2+1"
"Dreams Beach Sharm Resort (Sharm El Sheikh)","18171.0","26.07.2026 - 09.08.2026","15 dni/14 nocy","3.9","3.9","2613","tripadvisor","Warszawa%20-%20Modlin","2026-07-20T05:57:35.658220+00:00","https://fly.pl/szukaj-wycieczek/?filter[dest]=11:&filter[hotelids]=&filter[cityids]=0&filter[cregids]=&filter[ofrType]=&filter[addObjType]=&filter[whenFrom]=20-07-2026&filter[whenTo]=19-08-2026&filter[duration]=13:16&filter[from]=Warszawa%20-%20Modlin,Warszawa%20-%20Radom,Warszawa&filter[person]=2&filter[child]=1&filter[price]=4000:20000&filter[PriceFrom]=4000&filter[PriceTo]=20000&filter[addCategory]=50&filter[addCatering]=1&filter[addMisc]=0&filter[addTransport]=F&filter[fp]=1&order_by=ofr_price&filter[tourOperator]=0&filter[childAge][1]=20201210","https://fly.pl/cdn/photo/assets/uploads/582/278/2014/07/Dreams-Beach-Resort.jpg","https://fly.pl/wycieczka/egipt,sharm-el-sheikh,szarm-el-szejk/dreams-beach-sharm-el-sheikh/pgVFRQ-uMemAKQ7VcX7rR5AAog_BPe2e3U3FaMRC3bB8ovDbbDPe7KBV5YefsY-y8laV0qBE9SRVgw2PH20gZI-40BUEFYigFgAmoFRS4yLjFyNpsBXAoVBBcAWAFWAkDKBhHdD12mFE8kXpnYAVKmIFMAYccjSwBM5Yw6IIn7lwkNAAISYwECDJf-NA4/ofertasv/?filter[tourOperator]=OREX&filter%5Bperson%5D=2&filter%5BchildAge%5D%5B1%5D=20201210&filter%5Bchild%5D=1","filter_13_16_days","egipt","sharm-el-sheikh","szarm-el-szejk","2026-07-26","2026-08-09","15","14","Warszawa - Modlin","2+1","egipt|sharm-el-sheikh|2026-07-26|2026-08-09|14|Warszawa - Modlin|2+1"
"Sheraton Miramar Resort (El Gouna)","18211.0","30.07.2026 - 13.08.2026","15 dni/14 nocy","4.7","4.7","6257","tripadvisor","Warszawa%20-%20Modlin","2026-07-20T05:57:35.658220+00:00","https://fly.pl/szukaj-wycieczek/?filter[dest]=11:&filter[hotelids]=&filter[cityids]=0&filter[cregids]=&filter[ofrType]=&filter[addObjType]=&filter[whenFrom]=20-07-2026&filter[whenTo]=19-08-2026&filter[duration]=13:16&filter[from]=Warszawa%20-%20Modlin,Warszawa%20-%20Radom,Warszawa&filter[person]=2&filter[child]=1&filter[price]=4000:20000&filter[PriceFrom]=4000&filter[PriceTo]=20000&filter[addCategory]=50&filter[addCatering]=1&filter[addMisc]=0&filter[addTransport]=F&filter[fp]=1&order_by=ofr_price&filter[tourOperator]=0&filter[childAge][1]=20201210","https://fly.pl/cdn/photo/assets/uploads/582/278/2014/07/Sheraton-Miramar-El-Gouna-1.jpg","https://fly.pl/wycieczka/egipt,hurghada,el-gouna/sheraton-miramar-el-gouna/pRCiDvxYDNvYH1ZScIvh8qAAogyT51MRvV3lNGAQPQtdlxK62Nj6WJoGvHb3j6wPDpBHsqBEVYSU0w2PH20gZIo44BUAFY6gFgAmoDVUFJciEcEZmhBrkEhJo-qwQdG4O8LBiGgC8B4q3-jggCAGMBAgxutQ07/ofertasv/?filter[tourOperator]=EXIM&filter%5Bperson%5D=2&filter%5BchildAge%5D%5B1%5D=20201210&filter%5Bchild%5D=1","filter_13_16_days","egipt","hurghada","el-gouna","2026-07-30","2026-08-13","15","14","Warszawa - Modlin","2+1","egipt|hurghada|2026-07-30|2026-08-13|14|Warszawa - Modlin|2+1"
"Movenpick Waterpark Resort & Spa Soma Bay","18216.0","26.07.2026 - 09.08.2026","15 dni/14 nocy","4.3","4.3","3920","tripadvisor","Warszawa%20-%20Modlin","2026-07-20T05:57:35.658220+00:00","https://fly.pl/szukaj-wycieczek/?filter[dest]=11:&filter[hotelids]=&filter[cityids]=0&filter[cregids]=&filter[ofrType]=&filter[addObjType]=&filter[whenFrom]=20-07-2026&filter[whenTo]=19-08-2026&filter[duration]=13:16&filter[from]=Warszawa%20-%20Modlin,Warszawa%20-%20Radom,Warszawa&filter[person]=2&filter[child]=1&filter[price]=4000:20000&filter[PriceFrom]=4000&filter[PriceTo]=20000&filter[addCategory]=50&filter[addCatering]=1&filter[addMisc]=0&filter[addTransport]=F&filter[fp]=1&order_by=ofr_price&filter[tourOperator]=0&filter[childAge][1]=20201210","https://fly.pl/cdn/photo/assets/uploads/582/278/2009/02/Movenpick-Soma-Bay2539.jpg","https://fly.pl/wycieczka/egipt,hurghada,c/movenpick-soma-bay/po-Xny7OXEgn84jFiyB2q_AAog1xC40B2Cc-pKOz-wGL-X541FgiruwBeVDmwBP-5Nsd0qBE9SRVgw2PH20gZIqI4BUEFYigFgAmoHQks0LjIuMXI1mwFcChUEFwBYAVYCQMoGERJdiQ9PJFLSnQFTAF6vT2GBEksATNG-OiCJ-5cJDQACEmMBAgtU3g0H/ofertasv/?filter[tourOperator]=OREX&filter%5Bperson%5D=2&filter%5BchildAge%5D%5B1%5D=20201210&filter%5Bchild%5D=1","filter_13_16_days","egipt","hurghada","c","2026-07-26","2026-08-09","15","14","Warszawa - Modlin","2+1","egipt|hurghada|2026-07-26|2026-08-09|14|Warszawa - Modlin|2+1"
"Naama Bay Promenade Mountain Resort","18221.0","21.07.2026 - 04.08.2026","15 dni/14 nocy","4.2","4.2","1249","tripadvisor","Warszawa%20-%20Modlin","2026-07-20T05:57:35.658220+00:00","https://fly.pl/szukaj-wycieczek/?filter[dest]=11:&filter[hotelids]=&filter[cityids]=0&filter[cregids]=&filter[ofrType]=&filter[addObjType]=&filter[whenFrom]=20-07-2026&filter[whenTo]=19-08-2026&filter[duration]=13:16&filter[from]=Warszawa%20-%20Modlin,Warszawa%20-%20Radom,Warszawa&filter[person]=2&filter[child]=1&filter[price]=4000:20000&filter[PriceFrom]=4000&filter[PriceTo]=20000&filter[addCategory]=50&filter[addCatering]=1&filter[addMisc]=0&filter[addTransport]=F&filter[fp]=1&order_by=ofr_price&filter[tourOperator]=0&filter[childAge][1]=20201210","https://fly.pl/cdn/photo/assets/uploads/582/278/2024/07/naama-bay-promenade-mountain-resort.jpg","https://fly.pl/wycieczka/egipt,sharm-el-sheikh,szarm-el-szejk/naama-bay-promenade-mountain-resort-12/pPF_0EYkqOt-7UL67J_-TUAAogEzzE-quJW3Oyu4gP0XZQk6Z0thCB8joTCLZpO7EgLhQqBE9SRVgw2PH20gZIrY4BUEFYEmACagdFOUIuMi4xcjabAVwKFQQXAFgBVgJAygYRgxBdgBRPJF6Z2AFSpiBTAGHHI0sATOWMOiCE-5cJDQACEmMBAgutYxWT/ofertasv/?filter[tourOperator]=OREX&filter%5Bperson%5D=2&filter%5BchildAge%5D%5B1%5D=20201210&filter%5Bchild%5D=1","filter_13_16_days","egipt","sharm-el-sheikh","szarm-el-szejk","2026-07-21","2026-08-04","15","14","Warszawa - Modlin","2+1","egipt|sharm-el-sheikh|2026-07-21|2026-08-04|14|Warszawa - Modlin|2+1"
"Parrotel Beach Resort (ex. Radisson Blu)","18257.0","26.07.2026 - 09.08.2026","15 dni/14 nocy","4.4","4.4","6935","tripadvisor","Warszawa%20-%20Modlin","2026-07-20T05:57:35.658220+00:00","https://fly.pl/szukaj-wycieczek/?filter[dest]=11:&filter[hotelids]=&filter[cityids]=0&filter[cregids]=&filter[ofrType]=&filter[addObjType]=&filter[whenFrom]=20-07-2026&filter[whenTo]=19-08-2026&filter[duration]=13:16&filter[from]=Warszawa%20-%20Modlin,Warszawa%20-%20Radom,Warszawa&filter[person]=2&filter[child]=1&filter[price]=4000:20000&filter[PriceFrom]=4000&filter[PriceTo]=20000&filter[addCategory]=50&filter[addCatering]=1&filter[addMisc]=0&filter[addTransport]=F&filter[fp]=1&order_by=ofr_price&filter[tourOperator]=0&filter[childAge][1]=20201210","https://fly.pl/cdn/photo/assets/uploads/582/278/2014/07/Parrotel-Beach-Resort.jpg","https://fly.pl/wycieczka/egipt,sharm-el-sheikh,c/radisson-blu-resort-sharm-el-sheikh/p1CLdCQxr4BzygJA40584JAAogjAeNzLOQZJPs-RoA5AfFvLbDPe7KBV5YefsY-y8laV0qBE9SRVgw2PH20gZI0Y4BUEFYigFgAmoFRS4yLjFyNpsBXAoVBBcAWAFWAkDKBhG6DV3JFk8kXpnYAVKmIFMAYccjSwBM5Yw6IIn7lwkNAAISYwECDekMsp4/ofertasv/?filter[tourOperator]=OREX&filter%5Bperson%5D=2&filter%5BchildAge%5D%5B1%5D=20201210&filter%5Bchild%5D=1","filter_13_16_days","egipt","sharm-el-sheikh","c","2026-07-26","2026-08-09","15","14","Warszawa - Modlin","2+1","egipt|sharm-el-sheikh|2026-07-26|2026-08-09|14|Warszawa - Modlin|2+1"
"Cleopatra Luxury Resort (Makadi Bay)","18337.0","30.07.2026 - 13.08.2026","15 dni/14 nocy","4.6","4.6","3140","tripadvisor","Warszawa%20-%20Modlin","2026-07-20T05:57:35.658220+00:00","https://fly.pl/szukaj-wycieczek/?filter[dest]=11:&filter[hotelids]=&filter[cityids]=0&filter[cregids]=&filter[ofrType]=&filter[addObjType]=&filter[whenFrom]=20-07-2026&filter[whenTo]=19-08-2026&filter[duration]=13:16&filter[from]=Warszawa%20-%20Modlin,Warszawa%20-%20Radom,Warszawa&filter[person]=2&filter[child]=1&filter[price]=4000:20000&filter[PriceFrom]=4000&filter[PriceTo]=20000&filter[addCategory]=50&filter[addCatering]=1&filter[addMisc]=0&filter[addTransport]=F&filter[fp]=1&order_by=ofr_price&filter[tourOperator]=0&filter[childAge][1]=20201210","https://fly.pl/cdn/photo/assets/uploads/582/278/2014/10/Cleopatra-Luxury-Resort-Makadi-Bay.jpg","https://fly.pl/wycieczka/egipt,hurghada,makadi-bay/cleopatra-luxury-resort-makadi-bay/pnxgwe6jya6C5nmVjm0WQLAAogorB7RiNKVrkd6NziFbw3aizsddqMlWT-AJr_RmPXVRQqBE9BU0kw2PH20gZIoY8BUAFY6gFgAmoDQUlsciEcEcyPAbkEl7wPqwQcG-vMChi2xwsB25SH_wECAGMBAgYOcqPq/ofertasv/?filter[tourOperator]=OASI&filter%5Bperson%5D=2&filter%5BchildAge%5D%5B1%5D=20201210&filter%5Bchild%5D=1","filter_13_16_days","egipt","hurghada","makadi-bay","2026-07-30","2026-08-13","15","14","Warszawa - Modlin","2+1","egipt|hurghada|2026-07-30|2026-08-13|14|Warszawa - Modlin|2+1"
"Regency Plaza Aqua Park Spa","18338.0","21.07.2026 - 04.08.2026","15 dni/14 nocy","4.1","4.1","6047","tripadvisor","Warszawa%20-%20Modlin","2026-07-20T05:57:35.658220+00:00","https://fly.pl/szukaj-wycieczek/?filter[dest]=11:&filter[hotelids]=&filter[cityids]=0&filter[cregids]=&filter[ofrType]=&filter[addObjType]=&filter[whenFrom]=20-07-2026&filter[whenTo]=19-08-2026&filter[duration]=13:16&filter[from]=Warszawa%20-%20Modlin,Warszawa%20-%20Radom,Warszawa&filter[person]=2&filter[child]=1&filter[price]=4000:20000&filter[PriceFrom]=4000&filter[PriceTo]=20000&filter[addCategory]=50&filter[addCatering]=1&filter[addMisc]=0&filter[addTransport]=F&filter[fp]=1&order_by=ofr_price&filter[tourOperator]=0&filter[childAge][1]=20201210","https://fly.pl/cdn/photo/assets/uploads/582/278/2014/07/Regency-Plaza-Aqua-Park-Spa-fly-pl.jpg","https://fly.pl/wycieczka/egipt,sharm-el-sheikh,szarm-el-szejk/regency-plaza/parkuyPuAesNiwA6xQkLQiAAogBxcK6vOmBbL3Aa_lftnC36Z0thCB8joTCLZpO7EgLhQqBE9SRVgw2PH20gZIoo8BUEFYEmACagZENi4yLjFyNpsBXAoVBBcAWAFWAkDKBhHUC12vGE8kXpnYAVKmIFMAYccjSwBM5Yw6IIT7lwkNAAISYwECDRctm5A/ofertasv/?filter[tourOperator]=OREX&filter%5Bperson%5D=2&filter%5BchildAge%5D%5B1%5D=20201210&filter%5Bchild%5D=1","filter_13_16_days","egipt","sharm-el-sheikh","szarm-el-szejk","2026-07-21","2026-08-04","15","14","Warszawa - Modlin","2+1","egipt|sharm-el-sheikh|2026-07-21|2026-08-04|14|Warszawa - Modlin|2+1"
"Amarina Star Resort & Aqua Park (ex. Raouf Star)","18362.0","02.08.2026 - 16.08.2026","15 dni/14 nocy","4.2","4.2","99","tripadvisor","Warszawa%20-%20Modlin","2026-07-20T05:57:35.658220+00:00","https://fly.pl/szukaj-wycieczek/?filter[dest]=11:&filter[hotelids]=&filter[cityids]=0&filter[cregids]=&filter[ofrType]=&filter[addObjType]=&filter[whenFrom]=20-07-2026&filter[whenTo]=19-08-2026&filter[duration]=13:16&filter[from]=Warszawa%20-%20Modlin,Warszawa%20-%20Radom,Warszawa&filter[person]=2&filter[child]=1&filter[price]=4000:20000&filter[PriceFrom]=4000&filter[PriceTo]=20000&filter[addCategory]=50&filter[addCatering]=1&filter[addMisc]=0&filter[addTransport]=F&filter[fp]=1&order_by=ofr_price&filter[tourOperator]=0&filter[childAge][1]=20201210","https://fly.pl/cdn/photo/assets/uploads/582/278/2023/04/Amarina-Star-Resort-Aqua-Park.jpg","https://fly.pl/wycieczka/egipt,sharm-el-sheikh,szarm-el-szejk/raouf-star-15/pWT8ExwtrtotukHR3hUnTMAAogrjZn42oaYy8c7_c5OcatY6irIEkpApsu5WO8TpZGVPUqBEpPSVAw2PH20gZIuo8BUEFYsgJgAmoDMTJvckObARQBXAkVBBcAWAFWAkDKBk_iAV0AXt76AVKmIFMAS8cjYQAR9qcBTO_kOA3V-5cJIAABl9-8gOWIzKAwAg1jAQAMaBlXPQ/ofertasv/?filter[tourOperator]=JOIP&filter%5Bperson%5D=2&filter%5BchildAge%5D%5B1%5D=20201210&filter%5Bchild%5D=1","filter_13_16_days","egipt","sharm-el-sheikh","szarm-el-szejk","2026-08-02","2026-08-16","15","14","Warszawa - Modlin","2+1","egipt|sharm-el-sheikh|2026-08-02|2026-08-16|14|Warszawa - Modlin|2+1"
"Jaz Aquamarine Resort","18367.0","23.07.2026 - 06.08.2026","15 dni/14 nocy","4.6","4.6","16994","tripadvisor","Warszawa%20-%20Modlin","2026-07-20T05:57:35.658220+00:00","https://fly.pl/szukaj-wycieczek/?filter[dest]=11:&filter[hotelids]=&filter[cityids]=0&filter[cregids]=&filter[ofrType]=&filter[addObjType]=&filter[whenFrom]=20-07-2026&filter[whenTo]=19-08-2026&filter[duration]=13:16&filter[from]=Warszawa%20-%20Modlin,Warszawa%20-%20Radom,Warszawa&filter[person]=2&filter[child]=1&filter[price]=4000:20000&filter[PriceFrom]=4000&filter[PriceTo]=20000&filter[addCategory]=50&filter[addCatering]=1&filter[addMisc]=0&filter[addTransport]=F&filter[fp]=1&order_by=ofr_price&filter[tourOperator]=0&filter[childAge][1]=20201210","https://fly.pl/cdn/photo/assets/uploads/582/278/2016/11/jaz-aquamarine-ex-iberotel-egipt-hurghada-1b.jpg","https://fly.pl/wycieczka/egipt,hurghada,c/jaz-aquamarine-ex-iberotel-aquamarine/pg8sEjV4phg--VOyYMCXliAAogqvhzbgKRCiMvuOTNG0Qcye5NDLk6HnpoGIQ3DifDZswqBE9BU0kw2PH20gZIv48BUAFYQmACagNBSWxyIRwRo48BuQS_vA-rBBwb1d0MGMOOEQGp1tqFAgIAYwECC1R--y4/ofertasv/?filter[tourOperator]=OASI&filter%5Bperson%5D=2&filter%5BchildAge%5D%5B1%5D=20201210&filter%5Bchild%5D=1","filter_13_16_days","egipt","hurghada","c","2026-07-23","2026-08-06","15","14","Warszawa - Modlin","2+1","egipt|hurghada|2026-07-23|2026-08-06|14|Warszawa - Modlin|2+1"
"Xperience Kiroseiz Premier","18392.0","30.07.2026 - 13.08.2026","15 dni/14 nocy","4.5","4.5","920","tripadvisor","Warszawa%20-%20Modlin","2026-07-20T05:57:35.658220+00:00","https://fly.pl/szukaj-wycieczek/?filter[dest]=11:&filter[hotelids]=&filter[cityids]=0&filter[cregids]=&filter[ofrType]=&filter[addObjType]=&filter[whenFrom]=20-07-2026&filter[whenTo]=19-08-2026&filter[duration]=13:16&filter[from]=Warszawa%20-%20Modlin,Warszawa%20-%20Radom,Warszawa&filter[person]=2&filter[child]=1&filter[price]=4000:20000&filter[PriceFrom]=4000&filter[PriceTo]=20000&filter[addCategory]=50&filter[addCatering]=1&filter[addMisc]=0&filter[addTransport]=F&filter[fp]=1&order_by=ofr_price&filter[tourOperator]=0&filter[childAge][1]=20201210","https://fly.pl/cdn/photo/assets/uploads/582/278/2015/11/Xperience-Kiroseiz-Premier-fly-pl-3.jpg","https://fly.pl/wycieczka/egipt,sharm-el-sheikh,c/xperience-kiroseiz-premier/pHl_Lc40muu2xmsLBmnV4WAAogw6eSNT6MO8JgvaVjLDIRr6RabB0jVNKiiH0HJOyfEVgqBE9SRVgw2PH20gZI2I8BUEFY6gFgAmoFRS4yLjFyNpsBXAoVBBcAWAFWAkDKBhHODV21Fk8kXpnYAVKmIFMAYccjSwBM5Yw6II37lwkNAAISYwECC29cPoU/ofertasv/?filter[tourOperator]=OREX&filter%5Bperson%5D=2&filter%5BchildAge%5D%5B1%5D=20201210&filter%5Bchild%5D=1","filter_13_16_days","egipt","sharm-el-sheikh","c","2026-07-30","2026-08-13","15","14","Warszawa - Modlin","2+1","egipt|sharm-el-sheikh|2026-07-30|2026-08-13|14|Warszawa - Modlin|2+1"
"Azur One Eleven","18442.0","31.07.2026 - 14.08.2026","15 dni/14 nocy","","","","","Warszawa%20-%20Modlin","2026-07-20T05:57:35.658220+00:00","https://fly.pl/szukaj-wycieczek/?filter[dest]=11:&filter[hotelids]=&filter[cityids]=0&filter[cregids]=&filter[ofrType]=&filter[addObjType]=&filter[whenFrom]=20-07-2026&filter[whenTo]=19-08-2026&filter[duration]=13:16&filter[from]=Warszawa%20-%20Modlin,Warszawa%20-%20Radom,Warszawa&filter[person]=2&filter[child]=1&filter[price]=4000:20000&filter[PriceFrom]=4000&filter[PriceTo]=20000&filter[addCategory]=50&filter[addCatering]=1&filter[addMisc]=0&filter[addTransport]=F&filter[fp]=1&order_by=ofr_price&filter[tourOperator]=0&filter[childAge][1]=20201210","https://datacfstatic.merlinx.pl/WEZY/IMG/78894/cc8d1d51077096f59944ba845d3d6e137f5026f7347a564b583f668b9da31318.webp","https://fly.pl/wycieczka/egipt,dolny-egipt,al-alamajn/azur-one-eleven-12/p5itAt7wO7dXz7sUBuz-mfAAogt32iqRW8yQ2swq_MhsKRGwAAAAAZmAQAMpgEAA4AHQAqBFdFWlkw2PH20gZIipABUEFYggJgA2oJRW50ZXIgQWlyagQwNjQwckOeAZMBHwACARwAFgQXCRLmAxSKBRU3GMACQKx1T8YFTABLocABUAARpqECHevHDSAZG5vAZQ2u3twIARJjAQxjAQIFqxqSXA/ofertasv/?filter[tourOperator]=WEZY&filter%5Bperson%5D=2&filter%5BchildAge%5D%5B1%5D=20201210&filter%5Bchild%5D=1","filter_13_16_days","egipt","dolny-egipt","al-alamajn","2026-07-31","2026-08-14","15","14","Warszawa - Modlin","2+1","egipt|dolny-egipt|2026-07-31|2026-08-14|14|Warszawa - Modlin|2+1"
"Pickalbatros Dana Beach Resort","18531.0","30.07.2026 - 13.08.2026","15 dni/14 nocy","4.4","4.4","2844","tripadvisor","Warszawa%20-%20Modlin","2026-07-20T05:57:35.658220+00:00","https://fly.pl/szukaj-wycieczek/?filter[dest]=11:&filter[hotelids]=&filter[cityids]=0&filter[cregids]=&filter[ofrType]=&filter[addObjType]=&filter[whenFrom]=20-07-2026&filter[whenTo]=19-08-2026&filter[duration]=13:16&filter[from]=Warszawa%20-%20Modlin,Warszawa%20-%20Radom,Warszawa&filter[person]=2&filter[child]=1&filter[price]=4000:20000&filter[PriceFrom]=4000&filter[PriceTo]=20000&filter[addCategory]=50&filter[addCatering]=1&filter[addMisc]=0&filter[addTransport]=F&filter[fp]=1&order_by=ofr_price&filter[tourOperator]=0&filter[childAge][1]=20201210","https://fly.pl/cdn/photo/assets/uploads/582/278/2014/10/Dana-Beach-Resort-fly-pl-1.jpg","https://fly.pl/wycieczka/egipt,hurghada,c/dana-beach/pRmkKzfal08dTNIWxi8O3XAAogpa_M6svSyJsm0dO0zy9hEK2Nj6WJoGvHb3j6wPDpBHsqBEVYSU0w2PH20gZI45ABUAFY6gFgAmoCQUlyIRwRhqEGuQSXmj6rBB0bt7ksGMmALwGPzv2OCAIAYwECDFarXXo/ofertasv/?filter[tourOperator]=EXIM&filter%5Bperson%5D=2&filter%5BchildAge%5D%5B1%5D=20201210&filter%5Bchild%5D=1","filter_13_16_days","egipt","hurghada","c","2026-07-30","2026-08-13","15","14","Warszawa - Modlin","2+1","egipt|hurghada|2026-07-30|2026-08-13|14|Warszawa - Modlin|2+1"
"Rewaya Luxury Resort","18536.0","28.07.2026 - 13.08.2026","17 dni/16 nocy","","","","","Warszawa%20-%20Modlin","2026-07-20T05:57:35.658220+00:00","https://fly.pl/szukaj-wycieczek/?filter[dest]=11:&filter[hotelids]=&filter[cityids]=0&filter[cregids]=&filter[ofrType]=&filter[addObjType]=&filter[whenFrom]=20-07-2026&filter[whenTo]=19-08-2026&filter[duration]=13:16&filter[from]=Warszawa%20-%20Modlin,Warszawa%20-%20Radom,Warszawa&filter[person]=2&filter[child]=1&filter[price]=4000:20000&filter[PriceFrom]=4000&filter[PriceTo]=20000&filter[addCategory]=50&filter[addCatering]=1&filter[addMisc]=0&filter[addTransport]=F&filter[fp]=1&order_by=ofr_price&filter[tourOperator]=0&filter[childAge][1]=20201210","https://datacfstatic.merlinx.pl/JOIP/IMG/75613/ca53a852b9754b381df45c764cf7c8e113aa8a26829c186164884a0d989a386c.webp","https://fly.pl/wycieczka/egipt,hurghada,c/rewaya-luxury-resort-9/p6EyaJQKggjanItnO6fzi0AAogvauBBqkQuQfYGI2-UYvDqKfM9TxeYnpgwwaJChje9WsqBEpPSVAw2PH20gZI6JABUEFYugFgAmoDQ0dtckObARQBXAlYBRUBFwBWAUDKBk-rAV03Uq-rAVMAXq9PS-1DYQAR1YcCTJCFOA2L-5cJIAAB0be0yJWGzKAwAg5jAQANLfxNcA/ofertasv/?filter[tourOperator]=JOIP&filter%5Bperson%5D=2&filter%5BchildAge%5D%5B1%5D=20201210&filter%5Bchild%5D=1","filter_13_16_days","egipt","hurghada","c","2026-07-28","2026-08-13","17","16","Warszawa - Modlin","2+1","egipt|hurghada|2026-07-28|2026-08-13|16|Warszawa - Modlin|2+1"
"Safir Dahab Resort","18581.0","23.07.2026 - 06.08.2026","15 dni/14 nocy","4.5","4.5","1473","tripadvisor","Warszawa%20-%20Modlin","2026-07-20T05:57:35.658220+00:00","https://fly.pl/szukaj-wycieczek/?filter[dest]=11:&filter[hotelids]=&filter[cityids]=0&filter[cregids]=&filter[ofrType]=&filter[addObjType]=&filter[whenFrom]=20-07-2026&filter[whenTo]=19-08-2026&filter[duration]=13:16&filter[from]=Warszawa%20-%20Modlin,Warszawa%20-%20Radom,Warszawa&filter[person]=2&filter[child]=1&filter[price]=4000:20000&filter[PriceFrom]=4000&filter[PriceTo]=20000&filter[addCategory]=50&filter[addCatering]=1&filter[addMisc]=0&filter[addTransport]=F&filter[fp]=1&order_by=ofr_price&filter[tourOperator]=0&filter[childAge][1]=20201210","https://fly.pl/cdn/photo/assets/uploads/582/278/2015/09/Safir-Dahab-Resort.jpg","https://fly.pl/wycieczka/egipt,dahab,c/dahab-resort/pteFOG4p7aS3HqoUxoLl-BAAogZXZTlqjR0MmxZ-IfMNqwdtSajZu0T4M1UZUjRL2Ncu8qBE9SRVgw2PH20gZIlZEBUEFYQmACagVFLjIuMXI2mwFcChUEFwBYAVYCQMoGEc8OXbQVTyRemdgBUqYgUwBhxyNLAEzljDoghvuXCQ0AAhJjAQIL5Hljdw/ofertasv/?filter[tourOperator]=OREX&filter%5Bperson%5D=2&filter%5BchildAge%5D%5B1%5D=20201210&filter%5Bchild%5D=1","filter_13_16_days","egipt","dahab","c","2026-07-23","2026-08-06","15","14","Warszawa - Modlin","2+1","egipt|dahab|2026-07-23|2026-08-06|14|Warszawa - Modlin|2+1"
"Domina Coral Bay Bella Vista","18698.0","26.07.2026 - 09.08.2026","15 dni/14 nocy","4.2","4.2","12358","tripadvisor","Warszawa%20-%20Modlin","2026-07-20T05:57:35.658220+00:00","https://fly.pl/szukaj-wycieczek/?filter[dest]=11:&filter[hotelids]=&filter[cityids]=0&filter[cregids]=&filter[ofrType]=&filter[addObjType]=&filter[whenFrom]=20-07-2026&filter[whenTo]=19-08-2026&filter[duration]=13:16&filter[from]=Warszawa%20-%20Modlin,Warszawa%20-%20Radom,Warszawa&filter[person]=2&filter[child]=1&filter[price]=4000:20000&filter[PriceFrom]=4000&filter[PriceTo]=20000&filter[addCategory]=50&filter[addCatering]=1&filter[addMisc]=0&filter[addTransport]=F&filter[fp]=1&order_by=ofr_price&filter[tourOperator]=0&filter[childAge][1]=20201210","https://fly.pl/cdn/photo/assets/uploads/582/278/2024/07/domina-coral-bay-bellavista.jpg","https://fly.pl/wycieczka/egipt,sharm-el-sheikh,szarm-el-szejk/domina-coral-bay-bellavista-12/prUj1vbJO8VuYPTYqac5x_AAog54-0d3E4BWu2Vdd-PiYbc7bDPe7KBV5YefsY-y8laV0qBE9SRVgw2PH20gZIipIBUEFYigFgAmoFRS4yLjFyNpsBXAoVBBcAWAFWAkDKBhGoC13bGE8kXpnYAVKmIFMAYccjSwBM5Yw6IIn7lwkNAAISYwECDBFvDFs/ofertasv/?filter[tourOperator]=OREX&filter%5Bperson%5D=2&filter%5BchildAge%5D%5B1%5D=20201210&filter%5Bchild%5D=1","filter_13_16_days","egipt","sharm-el-sheikh","szarm-el-szejk","2026-07-26","2026-08-09","15","14","Warszawa - Modlin","2+1","egipt|sharm-el-sheikh|2026-07-26|2026-08-09|14|Warszawa - Modlin|2+1"
"Domina Coral Bay Oasis","18698.0","26.07.2026 - 09.08.2026","15 dni/14 nocy","4.2","4.2","12358","tripadvisor","Warszawa%20-%20Modlin","2026-07-20T05:57:35.658220+00:00","https://fly.pl/szukaj-wycieczek/?filter[dest]=11:&filter[hotelids]=&filter[cityids]=0&filter[cregids]=&filter[ofrType]=&filter[addObjType]=&filter[whenFrom]=20-07-2026&filter[whenTo]=19-08-2026&filter[duration]=13:16&filter[from]=Warszawa%20-%20Modlin,Warszawa%20-%20Radom,Warszawa&filter[person]=2&filter[child]=1&filter[price]=4000:20000&filter[PriceFrom]=4000&filter[PriceTo]=20000&filter[addCategory]=50&filter[addCatering]=1&filter[addMisc]=0&filter[addTransport]=F&filter[fp]=1&order_by=ofr_price&filter[tourOperator]=0&filter[childAge][1]=20201210","https://fly.pl/cdn/photo/assets/uploads/582/278/2014/07/Domina-Coral-Bay-Oasis.jpg","https://fly.pl/wycieczka/egipt,sharm-el-sheikh,c/domina-coral-bay-oasis/p21jjgA4-kcTdDKS8oNLpcAAogfQSiOISJRKAyxU5Ejz6XGLbDPe7KBV5YefsY-y8laV0qBE9SRVgw2PH20gZIipIBUEFYigFgAmoFRS4yLjFyNpsBXAoVBBcAWAFWAkDKBhGsC13XGE8kXpnYAVKmIFMAYccjSwBM5Yw6IIn7lwkNAAISYwECDM1SP3I/ofertasv/?filter[tourOperator]=OREX&filter%5Bperson%5D=2&filter%5BchildAge%5D%5B1%5D=20201210&filter%5Bchild%5D=1","filter_13_16_days","egipt","sharm-el-sheikh","c","2026-07-26","2026-08-09","15","14","Warszawa - Modlin","2+1","egipt|sharm-el-sheikh|2026-07-26|2026-08-09|14|Warszawa - Modlin|2+1"
"Concorde El Salam Sport","18761.0","04.08.2026 - 18.08.2026","15 dni/14 nocy","4.8","4.8","1427","tripadvisor","Warszawa%20-%20Modlin","2026-07-20T05:57:35.658220+00:00","https://fly.pl/szukaj-wycieczek/?filter[dest]=11:&filter[hotelids]=&filter[cityids]=0&filter[cregids]=&filter[ofrType]=&filter[addObjType]=&filter[whenFrom]=20-07-2026&filter[whenTo]=19-08-2026&filter[duration]=13:16&filter[from]=Warszawa%20-%20Modlin,Warszawa%20-%20Radom,Warszawa&filter[person]=2&filter[child]=1&filter[price]=4000:20000&filter[PriceFrom]=4000&filter[PriceTo]=20000&filter[addCategory]=50&filter[addCatering]=1&filter[addMisc]=0&filter[addTransport]=F&filter[fp]=1&order_by=ofr_price&filter[tourOperator]=0&filter[childAge][1]=20201210","https://fly.pl/cdn/photo/assets/uploads/582/278/2024/07/concorde-el-salam-sport.jpg","https://fly.pl/wycieczka/egipt,sharm-el-sheikh,szarm-el-szejk/concorde-el-salam-sport-15/pr4GYknLrB79M_7i43zlBcAAoggDUEd2h5msyxPFPG5Wdh2g1x93gErimMn3Izbt3OSRgqBE9SRVgw2PH20gZIyZIBUEFY4gJgAmoFRS4yLjFyNpsBXAoVBBcAWAFWAkDKBhHkC12fGE8kXpnYAVKmIFMAYccjSwBM5Yw6INf7lwkNAAISYwECC8trPeA/ofertasv/?filter[tourOperator]=OREX&filter%5Bperson%5D=2&filter%5BchildAge%5D%5B1%5D=20201210&filter%5Bchild%5D=1","filter_13_16_days","egipt","sharm-el-sheikh","szarm-el-szejk","2026-08-04","2026-08-18","15","14","Warszawa - Modlin","2+1","egipt|sharm-el-sheikh|2026-08-04|2026-08-18|14|Warszawa - Modlin|2+1"
"Continental (ex Movenpick Resort)","18784.0","30.07.2026 - 13.08.2026","15 dni/14 nocy","4.5","4.5","4128","tripadvisor","Warszawa%20-%20Modlin","2026-07-20T05:57:35.658220+00:00","https://fly.pl/szukaj-wycieczek/?filter[dest]=11:&filter[hotelids]=&filter[cityids]=0&filter[cregids]=&filter[ofrType]=&filter[addObjType]=&filter[whenFrom]=20-07-2026&filter[whenTo]=19-08-2026&filter[duration]=13:16&filter[from]=Warszawa%20-%20Modlin,Warszawa%20-%20Radom,Warszawa&filter[person]=2&filter[child]=1&filter[price]=4000:20000&filter[PriceFrom]=4000&filter[PriceTo]=20000&filter[addCategory]=50&filter[addCatering]=1&filter[addMisc]=0&filter[addTransport]=F&filter[fp]=1&order_by=ofr_price&filter[tourOperator]=0&filter[childAge][1]=20201210","https://fly.pl/cdn/photo/assets/uploads/582/278/2014/09/Continental-Resort.jpg","https://fly.pl/wycieczka/egipt,hurghada,c/movenpick-resort-hurghada-ex-continental-resort/pT8p7OiKko7L2BTWTFqz3FAAogo9VIhLdFrv57alHoi3K1BSiBJ7nomIqOFBE3ll3TZeYqBFJOQlcw2PH20gZI4JIBUEFY6gFgAmoEQndjcmoXMjk2LDM4MCw0NzcsNDgzLDQ4NCw0ODVyN58BngEVDhcAWAEKjQFAuwYR4SUZjC8QvQRS61JTAEuckwFhAB3S8j8POyDllJIJDQACDGMBBAtbA_Ts/ofertasv/?filter[tourOperator]=RNBW&filter%5Bperson%5D=2&filter%5BchildAge%5D%5B1%5D=20201210&filter%5Bchild%5D=1","filter_13_16_days","egipt","hurghada","c","2026-07-30","2026-08-13","15","14","Warszawa - Modlin","2+1","egipt|hurghada|2026-07-30|2026-08-13|14|Warszawa - Modlin|2+1"
"Xperience Kiroseiz Parkland","18810.0","28.07.2026 - 11.08.2026","15 dni/14 nocy","4.5","4.5","3055","tripadvisor","Warszawa%20-%20Modlin","2026-07-20T05:57:35.658220+00:00","https://fly.pl/szukaj-wycieczek/?filter[dest]=11:&filter[hotelids]=&filter[cityids]=0&filter[cregids]=&filter[ofrType]=&filter[addObjType]=&filter[whenFrom]=20-07-2026&filter[whenTo]=19-08-2026&filter[duration]=13:16&filter[from]=Warszawa%20-%20Modlin,Warszawa%20-%20Radom,Warszawa&filter[person]=2&filter[child]=1&filter[price]=4000:20000&filter[PriceFrom]=4000&filter[PriceTo]=20000&filter[addCategory]=50&filter[addCatering]=1&filter[addMisc]=0&filter[addTransport]=F&filter[fp]=1&order_by=ofr_price&filter[tourOperator]=0&filter[childAge][1]=20201210","https://fly.pl/cdn/photo/assets/uploads/582/278/2014/06/Xperience-Kiroseiz-Parkland-fly-pl.jpg","https://fly.pl/wycieczka/egipt,sharm-el-sheikh,c/xperience-kiroseiz-parkland/pGG8rybNKLqqQwWT3tQ4_AAAog86jod611Z_F31lmMNnexhXXeYM1V8Skx1tKfpZnY0UwqBE9SRVgw2PH20gZI-pIBUEFYugFgAmoFRS4yLjFyNpsBXAoVBBcAWAFWAkDKBhHMDV23Fk8kXpnYAVKmIFMAYccjSwBM5Yw6IIv7lwkNAAISYwECCzZXprE/ofertasv/?filter[tourOperator]=OREX&filter%5Bperson%5D=2&filter%5BchildAge%5D%5B1%5D=20201210&filter%5Bchild%5D=1","filter_13_16_days","egipt","sharm-el-sheikh","c","2026-07-28","2026-08-11","15","14","Warszawa - Modlin","2+1","egipt|sharm-el-sheikh|2026-07-28|2026-08-11|14|Warszawa - Modlin|2+1"
"Rehana Royal Beach Resort & Spa","19013.0","21.07.2026 - 04.08.2026","15 dni/14 nocy","4.3","4.3","4609","tripadvisor","Warszawa%20-%20Modlin","2026-07-20T05:57:35.658220+00:00","https://fly.pl/szukaj-wycieczek/?filter[dest]=11:&filter[hotelids]=&filter[cityids]=0&filter[cregids]=&filter[ofrType]=&filter[addObjType]=&filter[whenFrom]=20-07-2026&filter[whenTo]=19-08-2026&filter[duration]=13:16&filter[from]=Warszawa%20-%20Modlin,Warszawa%20-%20Radom,Warszawa&filter[person]=2&filter[child]=1&filter[price]=4000:20000&filter[PriceFrom]=4000&filter[PriceTo]=20000&filter[addCategory]=50&filter[addCatering]=1&filter[addMisc]=0&filter[addTransport]=F&filter[fp]=1&order_by=ofr_price&filter[tourOperator]=0&filter[childAge][1]=20201210","https://fly.pl/cdn/photo/assets/uploads/582/278/2016/11/Rehana-Royal-Beach-Resort-amp-Spa.jpg","https://fly.pl/wycieczka/egipt,sharm-el-sheikh,c/rehana-royal-beach-resort-spa/p8XN6ApzhOZg-Sd0dFNblhAAogt5ELkX0PBks9dYuE-z8avqZ0thCB8joTCLZpO7EgLhQqBE9SRVgw2PH20gZIxZQBUEFYEmACagVZLjIuMXI2mwEVDhcAWAFWAlwKQMAGEeAPXaMUTyRemdgBU6YgUgBLxyNhAEzljDoghPuXCQ0AAhJjAQIMuwhDFQ/ofertasv/?filter[tourOperator]=OREX&filter%5Bperson%5D=2&filter%5BchildAge%5D%5B1%5D=20201210&filter%5Bchild%5D=1","filter_13_16_days","egipt","sharm-el-sheikh","c","2026-07-21","2026-08-04","15","14","Warszawa - Modlin","2+1","egipt|sharm-el-sheikh|2026-07-21|2026-08-04|14|Warszawa - Modlin|2+1"
"Naama Bay Hotel & Resort","19031.0","28.07.2026 - 11.08.2026","15 dni/14 nocy","4.4","4.4","4857","tripadvisor","Warszawa%20-%20Modlin","2026-07-20T05:57:35.658220+00:00","https://fly.pl/szukaj-wycieczek/?filter[dest]=11:&filter[hotelids]=&filter[cityids]=0&filter[cregids]=&filter[ofrType]=&filter[addObjType]=&filter[whenFrom]=20-07-2026&filter[whenTo]=19-08-2026&filter[duration]=13:16&filter[from]=Warszawa%20-%20Modlin,Warszawa%20-%20Radom,Warszawa&filter[person]=2&filter[child]=1&filter[price]=4000:20000&filter[PriceFrom]=4000&filter[PriceTo]=20000&filter[addCategory]=50&filter[addCatering]=1&filter[addMisc]=0&filter[addTransport]=F&filter[fp]=1&order_by=ofr_price&filter[tourOperator]=0&filter[childAge][1]=20201210","https://fly.pl/cdn/photo/assets/uploads/582/278/2014/07/Naama-Bay.jpg","https://fly.pl/wycieczka/egipt,sharm-el-sheikh,c/tropitel-naama-bay/pLBrug5foTNP53HEP4YEUZAAoglgnAO-axLCJ-pI8kpQ5d2HXeYM1V8Skx1tKfpZnY0UwqBE9SRVgw2PH20gZI15QBUEFYugFgAmoHRVMzLjIuMXI2mwFcChUEFwBYAVYCQMoGEcQNXb8WTyRemdgBUqYgUwBhxyNLAEzljDogi_uXCQ0AAhJjAQIL5E_W-g/ofertasv/?filter[tourOperator]=OREX&filter%5Bperson%5D=2&filter%5BchildAge%5D%5B1%5D=20201210&filter%5Bchild%5D=1","filter_13_16_days","egipt","sharm-el-sheikh","c","2026-07-28","2026-08-11","15","14","Warszawa - Modlin","2+1","egipt|sharm-el-sheikh|2026-07-28|2026-08-11|14|Warszawa - Modlin|2+1"
"Charmillion Club Aqua Park","19103.0","04.08.2026 - 18.08.2026","15 dni/14 nocy","4.6","4.6","4362","tripadvisor","Warszawa%20-%20Modlin","2026-07-20T05:57:35.658220+00:00","https://fly.pl/szukaj-wycieczek/?filter[dest]=11:&filter[hotelids]=&filter[cityids]=0&filter[cregids]=&filter[ofrType]=&filter[addObjType]=&filter[whenFrom]=20-07-2026&filter[whenTo]=19-08-2026&filter[duration]=13:16&filter[from]=Warszawa%20-%20Modlin,Warszawa%20-%20Radom,Warszawa&filter[person]=2&filter[child]=1&filter[price]=4000:20000&filter[PriceFrom]=4000&filter[PriceTo]=20000&filter[addCategory]=50&filter[addCatering]=1&filter[addMisc]=0&filter[addTransport]=F&filter[fp]=1&order_by=ofr_price&filter[tourOperator]=0&filter[childAge][1]=20201210","https://fly.pl/cdn/photo/assets/uploads/582/278/2014/07/Charmillion-Club-Aqua-Park.jpg","https://fly.pl/wycieczka/egipt,sharm-el-sheikh,szarm-el-szejk/sea-club-aqua-park/pgAvuX0WVRBkS7zFaGofWOAAogv47aQFzKleo4BmQRilBzBA1x93gErimMn3Izbt3OSRgqBE9SRVgw2PH20gZIn5UBUEFY4gJgAmoFRS4yLjFyNpsBXAoVBBcAWAFWAkDKBhGiDV3hFk8kXpnYAVKmIFMAYccjSwBM5Yw6INf7lwkNAAISYwECDOBX3MI/ofertasv/?filter[tourOperator]=OREX&filter%5Bperson%5D=2&filter%5BchildAge%5D%5B1%5D=20201210&filter%5Bchild%5D=1","filter_13_16_days","egipt","sharm-el-sheikh","szarm-el-szejk","2026-08-04","2026-08-18","15","14","Warszawa - Modlin","2+1","egipt|sharm-el-sheikh|2026-08-04|2026-08-18|14|Warszawa - Modlin|2+1"
"Xperience Sea Breeze Resort","19116.0","26.07.2026 - 09.08.2026","15 dni/14 nocy","4.7","4.7","11506","tripadvisor","Warszawa%20-%20Modlin","2026-07-20T05:57:35.658220+00:00","https://fly.pl/szukaj-wycieczek/?filter[dest]=11:&filter[hotelids]=&filter[cityids]=0&filter[cregids]=&filter[ofrType]=&filter[addObjType]=&filter[whenFrom]=20-07-2026&filter[whenTo]=19-08-2026&filter[duration]=13:16&filter[from]=Warszawa%20-%20Modlin,Warszawa%20-%20Radom,Warszawa&filter[person]=2&filter[child]=1&filter[price]=4000:20000&filter[PriceFrom]=4000&filter[PriceTo]=20000&filter[addCategory]=50&filter[addCatering]=1&filter[addMisc]=0&filter[addTransport]=F&filter[fp]=1&order_by=ofr_price&filter[tourOperator]=0&filter[childAge][1]=20201210","https://fly.pl/cdn/photo/assets/uploads/582/278/2014/07/XPERIENCE-SEA-BREEZE-RESORT.jpg","https://fly.pl/wycieczka/egipt,sharm-el-sheikh,c/xperience-sea-breeze/pEFgtTVhNvcwn6GSmXFimzAAogll3vC4Fr_vEM_FQGl81dXLbDPe7KBV5YefsY-y8laV0qBE9SRVgw2PH20gZIrJUBUEFYigFgAmoFRS4yLjFyNpsBXAoVBBcAWAFWAkDKBhHNDV22Fk8kXpnYAVKmIFMAYccjSwBM5Yw6IIn7lwkNAAISYwECCxp9j54/ofertasv/?filter[tourOperator]=OREX&filter%5Bperson%5D=2&filter%5BchildAge%5D%5B1%5D=20201210&filter%5Bchild%5D=1","filter_13_16_days","egipt","sharm-el-sheikh","c","2026-07-26","2026-08-09","15","14","Warszawa - Modlin","2+1","egipt|sharm-el-sheikh|2026-07-26|2026-08-09|14|Warszawa - Modlin|2+1"
"Royal Regency Club","19215.0","21.07.2026 - 04.08.2026","15 dni/14 nocy","4.3","4.3","326","tripadvisor","Warszawa%20-%20Modlin","2026-07-20T05:57:35.658220+00:00","https://fly.pl/szukaj-wycieczek/?filter[dest]=11:&filter[hotelids]=&filter[cityids]=0&filter[cregids]=&filter[ofrType]=&filter[addObjType]=&filter[whenFrom]=20-07-2026&filter[whenTo]=19-08-2026&filter[duration]=13:16&filter[from]=Warszawa%20-%20Modlin,Warszawa%20-%20Radom,Warszawa&filter[person]=2&filter[child]=1&filter[price]=4000:20000&filter[PriceFrom]=4000&filter[PriceTo]=20000&filter[addCategory]=50&filter[addCatering]=1&filter[addMisc]=0&filter[addTransport]=F&filter[fp]=1&order_by=ofr_price&filter[tourOperator]=0&filter[childAge][1]=20201210","https://fly.pl/cdn/photo/assets/uploads/582/278/2024/07/royal-regency-club.jpg","https://fly.pl/wycieczka/egipt,sharm-el-sheikh,szarm-el-szejk/royal-regency-club/p9yY5vYKVoHlyggXuwY1UZAAoggjhmEJKIoPFryQcOWNtZG6Z0thCB8joTCLZpO7EgLhQqBE9SRVgw2PH20gZIj5YBUEFYEmACagdQOFAuMi4xcjabARUOFwBYAVYCXAhAwgYR1gtdrRhPJF6Z2AFTpiBSAEvHI2EATOWMOiCE-5cJDQACEmMBAg1-MA7y/ofertasv/?filter[tourOperator]=OREX&filter%5Bperson%5D=2&filter%5BchildAge%5D%5B1%5D=20201210&filter%5Bchild%5D=1","filter_13_16_days","egipt","sharm-el-sheikh","szarm-el-szejk","2026-07-21","2026-08-04","15","14","Warszawa - Modlin","2+1","egipt|sharm-el-sheikh|2026-07-21|2026-08-04|14|Warszawa - Modlin|2+1"
"Palm Royale Soma Bay","19291.0","30.07.2026 - 13.08.2026","15 dni/14 nocy","4.7","4.7","7140","tripadvisor","Warszawa%20-%20Modlin","2026-07-20T05:57:35.658220+00:00","https://fly.pl/szukaj-wycieczek/?filter[dest]=11:&filter[hotelids]=&filter[cityids]=0&filter[cregids]=&filter[ofrType]=&filter[addObjType]=&filter[whenFrom]=20-07-2026&filter[whenTo]=19-08-2026&filter[duration]=13:16&filter[from]=Warszawa%20-%20Modlin,Warszawa%20-%20Radom,Warszawa&filter[person]=2&filter[child]=1&filter[price]=4000:20000&filter[PriceFrom]=4000&filter[PriceTo]=20000&filter[addCategory]=50&filter[addCatering]=1&filter[addMisc]=0&filter[addTransport]=F&filter[fp]=1&order_by=ofr_price&filter[tourOperator]=0&filter[childAge][1]=20201210","https://fly.pl/cdn/photo/assets/uploads/582/278/2014/09/Palm-Royale-Resort-Soma-Bay.jpg","https://fly.pl/wycieczka/egipt,hurghada,soma-bay/palm-royale-soma-bay/piwuOf27gMbBAINdjd68-VAAogxovyOZUkmerz3ZijASjAzK2Nj6WJoGvHb3j6wPDpBHsqBEVYSU0w2PH20gZI25YBUAFY6gFgAmoCQUlyIRwRj6EGuQSOmj6rBB0bu7ssGIyALwHw24CPCAIAYwECDRdaFRI/ofertasv/?filter[tourOperator]=EXIM&filter%5Bperson%5D=2&filter%5BchildAge%5D%5B1%5D=20201210&filter%5Bchild%5D=1","filter_13_16_days","egipt","hurghada","soma-bay","2026-07-30","2026-08-13","15","14","Warszawa - Modlin","2+1","egipt|hurghada|2026-07-30|2026-08-13|14|Warszawa - Modlin|2+1"
"Domina Coral Bay Aquamarine","19323.0","21.07.2026 - 04.08.2026","15 dni/14 nocy","4.2","4.2","12358","tripadvisor","Warszawa%20-%20Modlin","2026-07-20T05:57:35.658220+00:00","https://fly.pl/szukaj-wycieczek/?filter[dest]=11:&filter[hotelids]=&filter[cityids]=0&filter[cregids]=&filter[ofrType]=&filter[addObjType]=&filter[whenFrom]=20-07-2026&filter[whenTo]=19-08-2026&filter[duration]=13:16&filter[from]=Warszawa%20-%20Modlin,Warszawa%20-%20Radom,Warszawa&filter[person]=2&filter[child]=1&filter[price]=4000:20000&filter[PriceFrom]=4000&filter[PriceTo]=20000&filter[addCategory]=50&filter[addCatering]=1&filter[addMisc]=0&filter[addTransport]=F&filter[fp]=1&order_by=ofr_price&filter[tourOperator]=0&filter[childAge][1]=20201210","https://fly.pl/cdn/photo/assets/uploads/582/278/2014/07/Domina-Coral-Bay-Aquamarine.jpg","https://fly.pl/wycieczka/egipt,sharm-el-sheikh,c/domina-coral-bay-aquamarine/pqMAL3j5mzpRTNMbK1o4JEAAogp-ZAfMJWd9j35i7SQPDJVqZ0thCB8joTCLZpO7EgLhQqBE9SRVgw2PH20gZI-5YBUEFYEmACagVFLjIuMXI2mwFcChUEFwBYAVYCQMoGEaYLXd0YTyRemdgBUqYgUwBhxyNLAEzljDoghPuXCQ0AAhJjAQIM36vkhw/ofertasv/?filter[tourOperator]=OREX&filter%5Bperson%5D=2&filter%5BchildAge%5D%5B1%5D=20201210&filter%5Bchild%5D=1","filter_13_16_days","egipt","sharm-el-sheikh","c","2026-07-21","2026-08-04","15","14","Warszawa - Modlin","2+1","egipt|sharm-el-sheikh|2026-07-21|2026-08-04|14|Warszawa - Modlin|2+1"
"Jaz Sharm Dreams Resort","19386.0","21.07.2026 - 04.08.2026","15 dni/14 nocy","4.2","4.2","5831","tripadvisor","Warszawa%20-%20Modlin","2026-07-20T05:57:35.658220+00:00","https://fly.pl/szukaj-wycieczek/?filter[dest]=11:&filter[hotelids]=&filter[cityids]=0&filter[cregids]=&filter[ofrType]=&filter[addObjType]=&filter[whenFrom]=20-07-2026&filter[whenTo]=19-08-2026&filter[duration]=13:16&filter[from]=Warszawa%20-%20Modlin,Warszawa%20-%20Radom,Warszawa&filter[person]=2&filter[child]=1&filter[price]=4000:20000&filter[PriceFrom]=4000&filter[PriceTo]=20000&filter[addCategory]=50&filter[addCatering]=1&filter[addMisc]=0&filter[addTransport]=F&filter[fp]=1&order_by=ofr_price&filter[tourOperator]=0&filter[childAge][1]=20201210","https://fly.pl/cdn/photo/assets/uploads/582/278/2014/07/Jaz-Sharm-Dreams.jpg","https://fly.pl/wycieczka/egipt,sharm-el-sheikh,c/hilton-sharm-dreams-resort/pE9uNGIb5vyQz8aF-wv1M3AAogP6r6lih4x8QvMavzgDPZ3qZ0thCB8joTCLZpO7EgLhQqBE9SRVgw2PH20gZIupcBUEFYEmACagZENi4yLjFyNpsBXAoVBBcAWAFWAkDKBhHNC122GE8kXpnYAVKmIFMAYccjSwBM5Yw6IIT7lwkNAAISYwECDFdC0OM/ofertasv/?filter[tourOperator]=OREX&filter%5Bperson%5D=2&filter%5BchildAge%5D%5B1%5D=20201210&filter%5Bchild%5D=1","filter_13_16_days","egipt","sharm-el-sheikh","c","2026-07-21","2026-08-04","15","14","Warszawa - Modlin","2+1","egipt|sharm-el-sheikh|2026-07-21|2026-08-04|14|Warszawa - Modlin|2+1"
