"hotel_name","price","dates","duration","rating","ta_rating","ta_review_count","ta_source","departure_airport","scraped_at","url","image_url","offer_url","filter_id","country","region","resort","departure_date","return_date","days","nights","origin_scope","pax_profile","departure_key"
"<<<<<<< Updated upstream","","","","","","","","","","","","","","","","","","","","","","",""
"=======","","","","","","","","","","","","","","","","","","","","","","",""
">>>>>>> Stashed changes","","","","","","","","","","","","","","","","","","","","","","",""
"<<<<<<< Updated upstream","","","","","","","","","","","","","","","","","","","","","","",""
"=======","","","","","","","","","","","","","","","","","","","","","","",""
">>>>>>> Stashed changes","","","","","","","","","","","","","","","","","","","","","","",""
"<<<<<<< Updated upstream","","","","","","","","","","","","","","","","","","","","","","",""
"=======","","","","","","","","","","","","","","","","","","","","","","",""
">>>>>>> Stashed changes","","","","","","","","","","","","","","","","","","","","","","",""
"<<<<<<< Updated upstream","","","","","","","","","","","","","","","","","","","","","","",""
"Creek Hotel & Residences Egipt, Hurghada, Al-Dżuna","8156.0","24.12.2026 - 31.12.2026","9 dni/7 nocy","4.8","4.8","219","tripadvisor","Warszawa - Modlin","2026-08-31T05:42:39.451509+00:00","https://fly.pl/oferta/egipt-wczasy/?filter[dest]=11:&filter[hotelids]=&filter[cityids]=&filter[cregids]=&filter[ofrType]=&filter[addObjType]=&filter[whenFrom]=24-12-2026&filter[whenTo]=06-01-2027&filter[duration]=7:10&filter[from]=Warszawa-Radom,Warszawa,Warszawa-Modlin,Warszawa%20-%20Radom,Warszawa%20-%20Modlin&filter[person]=2&filter[child]=1&filter[price]=0:11000&filter[PriceFrom]=0&filter[PriceTo]=11000&filter[addCategory]=50&filter[addCatering]=1&filter[addMisc]=0&filter[addTransport]=F&filter[fp]=1&order_by=ofr_price&filter[tourOperator]=0&filter[childAge][1]=20201210","https://fly.pl/cdn/photo/assets/uploads/582/278/2024/07/creek-hotel-residences.jpg","https://fly.pl/wycieczka/egipt,hurghada,al-dzuna/creek-hotel-residences-9/pmrKxxV85tgLeu9N6SER5LAAog2R7AVXwWeyg9QiBFOglfna4l3-lULG69CvLTTUqTvRIqBEJWQkUw0KjU1AZI3D9QAVjCFWACagJBSXIhHBH76gEb2LpBGJOVGrkE9bopqwRvAZrX0pMEAgBjAQYL7fE73Q/ofertasv/?filter[tourOperator]=BVBE&filter%5Bperson%5D=2&filter%5BchildAge%5D%5B1%5D=20201210&filter%5Bchild%5D=1","filter_egypt_ny_dec24_2026_7_10_days","egipt","hurghada","al-dzuna","2026-12-24","2026-12-31","9","7","Warszawa - Modlin","2+1","egipt|hurghada|2026-12-24|2026-12-31|7|Warszawa - Modlin|2+1"
"Parrotel Lagoon Resort Egipt, Sharm El Sheikh, Szarm el-Szejk","8381.0","24.12.2026 - 31.12.2026","8 dni/7 nocy","4.1","4.1","1824","tripadvisor","Warszawa","2026-08-31T05:42:39.451509+00:00","https://fly.pl/oferta/egipt-wczasy/?filter[dest]=11:&filter[hotelids]=&filter[cityids]=&filter[cregids]=&filter[ofrType]=&filter[addObjType]=&filter[whenFrom]=24-12-2026&filter[whenTo]=06-01-2027&filter[duration]=7:10&filter[from]=Warszawa-Radom,Warszawa,Warszawa-Modlin,Warszawa%20-%20Radom,Warszawa%20-%20Modlin&filter[person]=2&filter[child]=1&filter[price]=0:11000&filter[PriceFrom]=0&filter[PriceTo]=11000&filter[addCategory]=50&filter[addCatering]=1&filter[addMisc]=0&filter[addTransport]=F&filter[fp]=1&order_by=ofr_price&filter[tourOperator]=0&filter[childAge][1]=20201210","https://fly.pl/cdn/photo/assets/uploads/582/278/2020/10/Parrotel-Lagoon-Resort.jpg","https://fly.pl/wycieczka/egipt,sharm-el-sheikh,szarm-el-szejk/parrotel-lagoon-resort-14/puTWugI0QkBEH9ykFD5nipAAoglN3tht0aQgGSeoUxFLU93Y0RCYMUbnAoptZdUuhRlRYqBEpPSVAw0KjU1AZIvUFQQVjCFWACagMwMHdyQpsBFAEVBhcAXANYBVYCQMoGT-IBXQBe3voBUqYgUwBLxyNhABHdV0yItTkN-_6XCSAAAc-79PfSiMygMAIOYwEADSpeRL0/ofertasv/?filter[tourOperator]=JOIP&filter%5Bperson%5D=2&filter%5BchildAge%5D%5B1%5D=20201210&filter%5Bchild%5D=1","filter_egypt_ny_dec24_2026_7_10_days","egipt","sharm-el-sheikh","szarm-el-szejk","2026-12-24","2026-12-31","8","7","Warszawa","2+1","egipt|sharm-el-sheikh|2026-12-24|2026-12-31|7|Warszawa|2+1"
"Rewaya Luxury Resort Egipt, Hurghada","8547.0","24.12.2026 - 31.12.2026","9 dni/7 nocy","","","","","Warszawa - Modlin","2026-08-31T05:42:39.451509+00:00","https://fly.pl/oferta/egipt-wczasy/?filter[dest]=11:&filter[hotelids]=&filter[cityids]=&filter[cregids]=&filter[ofrType]=&filter[addObjType]=&filter[whenFrom]=24-12-2026&filter[whenTo]=06-01-2027&filter[duration]=7:10&filter[from]=Warszawa-Radom,Warszawa,Warszawa-Modlin,Warszawa%20-%20Radom,Warszawa%20-%20Modlin&filter[person]=2&filter[child]=1&filter[price]=0:11000&filter[PriceFrom]=0&filter[PriceTo]=11000&filter[addCategory]=50&filter[addCatering]=1&filter[addMisc]=0&filter[addTransport]=F&filter[fp]=1&order_by=ofr_price&filter[tourOperator]=0&filter[childAge][1]=20201210","https://datacfstatic.merlinx.pl/BVBE/IMG/31503/f66680a9abeb45c82bb08e52a0679d20e9ccf5a8e81183887092554840e8e4d0.webp","https://fly.pl/wycieczka/egipt,hurghada,c/rewaya-luxury-resort-9/p7XZ46p358w6GhD5VZOZQ1AAognWUmGBuKvA-cTWU98izlMa4l3-lULG69CvLTTUqTvRIqBEJWQkUw0KjU1AZI40JQAVjCFWACagNVQUlyIRwRj_YBG-fiQhje_Ri5BIefKasEbwHWjMWVBAISYwECDZExWk8/ofertasv/?filter[tourOperator]=BVBE&filter%5Bperson%5D=2&filter%5BchildAge%5D%5B1%5D=20201210&filter%5Bchild%5D=1","filter_egypt_ny_dec24_2026_7_10_days","egipt","hurghada","c","2026-12-24","2026-12-31","9","7","Warszawa - Modlin","2+1","egipt|hurghada|2026-12-24|2026-12-31|7|Warszawa - Modlin|2+1"
"AMC Royal Hotel & Spa (ex. AMC Azur Resort) Egipt, Hurghada","8667.0","24.12.2026 - 31.12.2026","9 dni/7 nocy","4.4","4.4","3054","tripadvisor","Warszawa - Modlin","2026-08-31T05:42:39.451509+00:00","https://fly.pl/oferta/egipt-wczasy/?filter[dest]=11:&filter[hotelids]=&filter[cityids]=&filter[cregids]=&filter[ofrType]=&filter[addObjType]=&filter[whenFrom]=24-12-2026&filter[whenTo]=06-01-2027&filter[duration]=7:10&filter[from]=Warszawa-Radom,Warszawa,Warszawa-Modlin,Warszawa%20-%20Radom,Warszawa%20-%20Modlin&filter[person]=2&filter[child]=1&filter[price]=0:11000&filter[PriceFrom]=0&filter[PriceTo]=11000&filter[addCategory]=50&filter[addCatering]=1&filter[addMisc]=0&filter[addTransport]=F&filter[fp]=1&order_by=ofr_price&filter[tourOperator]=0&filter[childAge][1]=20201210","https://fly.pl/cdn/photo/assets/uploads/582/278/2014/07/AMC-Royal-Resort.jpg","https://fly.pl/wycieczka/egipt,hurghada,c/amc-royal-ex-amc-azur-resort/p1sZf5cbAMjTdV8Kb4AvDAAAogyACbrqqUjemILVLRqx7mzK4l3-lULG69CvLTTUqTvRIqBEJWQkUw0KjU1AZI20NQAVjCFWACagJBSXIhHBH-1AEbtupAGP34GrkEqr0pqwRvAfynxJMEAgBjAQYMYVhTwA/ofertasv/?filter[tourOperator]=BVBE&filter%5Bperson%5D=2&filter%5BchildAge%5D%5B1%5D=20201210&filter%5Bchild%5D=1","filter_egypt_ny_dec24_2026_7_10_days","egipt","hurghada","c","2026-12-24","2026-12-31","9","7","Warszawa - Modlin","2+1","egipt|hurghada|2026-12-24|2026-12-31|7|Warszawa - Modlin|2+1"
"Rewaya Majestic Resort Egipt, Hurghada","9067.0","24.12.2026 - 31.12.2026","9 dni/7 nocy","","","","","Warszawa - Modlin","2026-08-31T05:42:39.451509+00:00","https://fly.pl/oferta/egipt-wczasy/?filter[dest]=11:&filter[hotelids]=&filter[cityids]=&filter[cregids]=&filter[ofrType]=&filter[addObjType]=&filter[whenFrom]=24-12-2026&filter[whenTo]=06-01-2027&filter[duration]=7:10&filter[from]=Warszawa-Radom,Warszawa,Warszawa-Modlin,Warszawa%20-%20Radom,Warszawa%20-%20Modlin&filter[person]=2&filter[child]=1&filter[price]=0:11000&filter[PriceFrom]=0&filter[PriceTo]=11000&filter[addCategory]=50&filter[addCatering]=1&filter[addMisc]=0&filter[addTransport]=F&filter[fp]=1&order_by=ofr_price&filter[tourOperator]=0&filter[childAge][1]=20201210","https://datacfstatic.merlinx.pl/EXIM/IMG/114588/e3a15b238b2d30f27199dd0e48d3c85c0bc5e06a1c321d66bdb885dd7a89e111.webp","https://fly.pl/wycieczka/egipt,hurghada,c/rewaya-majestic-resort-10/p6undevQ0sgJKLsuVIaJeMAAogr62pPgv1QM-SW7VDsmj5Q726M4lZ0TmK_1aTPorq4NMqBEVYSU0w0KjU1AZI60ZQAVjCFWACagNVQUlyIRwRnP8GqwTEqUu5BEQbzJ9AGP7lRwHhgfKrDQISYwECDQWWcUw/ofertasv/?filter[tourOperator]=EXIM&filter%5Bperson%5D=2&filter%5BchildAge%5D%5B1%5D=20201210&filter%5Bchild%5D=1","filter_egypt_ny_dec24_2026_7_10_days","egipt","hurghada","c","2026-12-24","2026-12-31","9","7","Warszawa - Modlin","2+1","egipt|hurghada|2026-12-24|2026-12-31|7|Warszawa - Modlin|2+1"
"Concorde Moreen Beach Resort & Spa Egipt, Marsa Alam","9310.0","30.12.2026 - 06.01.2027","8 dni/7 nocy","4.5","4.5","5598","tripadvisor","Warszawa - Modlin","2026-08-31T05:42:39.451509+00:00","https://fly.pl/oferta/egipt-wczasy/?filter[dest]=11:&filter[hotelids]=&filter[cityids]=&filter[cregids]=&filter[ofrType]=&filter[addObjType]=&filter[whenFrom]=24-12-2026&filter[whenTo]=06-01-2027&filter[duration]=7:10&filter[from]=Warszawa-Radom,Warszawa,Warszawa-Modlin,Warszawa%20-%20Radom,Warszawa%20-%20Modlin&filter[person]=2&filter[child]=1&filter[price]=0:11000&filter[PriceFrom]=0&filter[PriceTo]=11000&filter[addCategory]=50&filter[addCatering]=1&filter[addMisc]=0&filter[addTransport]=F&filter[fp]=1&order_by=ofr_price&filter[tourOperator]=0&filter[childAge][1]=20201210","https://fly.pl/cdn/photo/assets/uploads/582/278/2014/07/Concorde-Moreen-Beach-Resort-Spa-fly-pl.jpg","https://fly.pl/wycieczka/egipt,marsa-alam,c/concorde-moreen-beach-spa-resort/pofi17j0zpoVFzMKMd7AvSAAogtyYZ4AcRuGdKMiKUoAC2U8dnvfVmx8Rg_GaPWDTmLT4qBEpPSVAw0KjU1AZI3khQQVjSFmACagNDR21yQpsBFAEVBhcAXANYBVYCQMoGT6sCXQAR39ABXrYpUrwUUwBL0zJhAEzDiToNgf-XCSAAAcu31LDVys2gMAINYwEACyZ6VrM/ofertasv/?filter[tourOperator]=JOIP&filter%5Bperson%5D=2&filter%5BchildAge%5D%5B1%5D=20201210&filter%5Bchild%5D=1","filter_egypt_ny_dec24_2026_7_10_days","egipt","marsa-alam","c","2026-12-30","2027-01-06","8","7","Warszawa - Modlin","2+1","egipt|marsa-alam|2026-12-30|2027-01-06|7|Warszawa - Modlin|2+1"
"Fantazia Resort Egipt, Marsa Alam","9345.0","30.12.2026 - 06.01.2027","8 dni/7 nocy","4.4","4.4","5979","tripadvisor","Warszawa - Modlin","2026-08-31T05:42:39.451509+00:00","https://fly.pl/oferta/egipt-wczasy/?filter[dest]=11:&filter[hotelids]=&filter[cityids]=&filter[cregids]=&filter[ofrType]=&filter[addObjType]=&filter[whenFrom]=24-12-2026&filter[whenTo]=06-01-2027&filter[duration]=7:10&filter[from]=Warszawa-Radom,Warszawa,Warszawa-Modlin,Warszawa%20-%20Radom,Warszawa%20-%20Modlin&filter[person]=2&filter[child]=1&filter[price]=0:11000&filter[PriceFrom]=0&filter[PriceTo]=11000&filter[addCategory]=50&filter[addCatering]=1&filter[addMisc]=0&filter[addTransport]=F&filter[fp]=1&order_by=ofr_price&filter[tourOperator]=0&filter[childAge][1]=20201210","https://fly.pl/cdn/photo/assets/uploads/582/278/2016/11/Fantazia-Resort.jpg","https://fly.pl/wycieczka/egipt,marsa-alam,c/fantazia-resort/p3B9FwPATtOF1st-TWzJydAAogGOQkWddDoAqKmEAP79kdiMdnvfVmx8Rg_GaPWDTmLT4qBEpPSVAw0KjU1AZIgUlQQVjSFmACagMwMllyQpsBFAEVBhcAXANYBVYCQMoGT6sCXQBelfoBEcsBUvESUwBL0zJhAEzDiToNgf-XCSAAAeGVzLDVys2gMAINYwEADC0gtJM/ofertasv/?filter[tourOperator]=JOIP&filter%5Bperson%5D=2&filter%5BchildAge%5D%5B1%5D=20201210&filter%5Bchild%5D=1","filter_egypt_ny_dec24_2026_7_10_days","egipt","marsa-alam","c","2026-12-30","2027-01-06","8","7","Warszawa - Modlin","2+1","egipt|marsa-alam|2026-12-30|2027-01-06|7|Warszawa - Modlin|2+1"
"Hawaii Paradise Aqua Park Resort Egipt, Hurghada","9370.0","24.12.2026 - 31.12.2026","8 dni/7 nocy","3.4","3.4","441","tripadvisor","Warszawa","2026-08-31T05:42:39.451509+00:00","https://fly.pl/oferta/egipt-wczasy/?filter[dest]=11:&filter[hotelids]=&filter[cityids]=&filter[cregids]=&filter[ofrType]=&filter[addObjType]=&filter[whenFrom]=24-12-2026&filter[whenTo]=06-01-2027&filter[duration]=7:10&filter[from]=Warszawa-Radom,Warszawa,Warszawa-Modlin,Warszawa%20-%20Radom,Warszawa%20-%20Modlin&filter[person]=2&filter[child]=1&filter[price]=0:11000&filter[PriceFrom]=0&filter[PriceTo]=11000&filter[addCategory]=50&filter[addCatering]=1&filter[addMisc]=0&filter[addTransport]=F&filter[fp]=1&order_by=ofr_price&filter[tourOperator]=0&filter[childAge][1]=20201210","https://fly.pl/cdn/photo/assets/uploads/582/278/2020/09/Hawaii-Paradise-Aqua-Park-Resort.jpg","https://fly.pl/wycieczka/egipt,hurghada,c/hawaii-paradise-aqua-park-resort-14/pT3oxObvg8cTZPYgtle6sdAAogUUH-4BoGB7c6_W7xMZOlehSsLauwO7yNTDNJOYuPziwqBEpPSVAw0KjU1AZImklQQVjCFWACagNDR21yQ5sBFAEVBhcAXANYBVYCQMoGT-IBXQBSr6sBUwBer09L7UNhABHEiwFMoYE5Dfv-lwkgAAHxt7yAxYbMoDACDmMBAA11wcL4/ofertasv/?filter[tourOperator]=JOIP&filter%5Bperson%5D=2&filter%5BchildAge%5D%5B1%5D=20201210&filter%5Bchild%5D=1","filter_egypt_ny_dec24_2026_7_10_days","egipt","hurghada","c","2026-12-24","2026-12-31","8","7","Warszawa","2+1","egipt|hurghada|2026-12-24|2026-12-31|7|Warszawa|2+1"
"Gorgonia Beach Egipt, Marsa Alam","9400.0","30.12.2026 - 06.01.2027","8 dni/7 nocy","4.5","4.5","3753","tripadvisor","Warszawa - Modlin","2026-08-31T05:42:39.451509+00:00","https://fly.pl/oferta/egipt-wczasy/?filter[dest]=11:&filter[hotelids]=&filter[cityids]=&filter[cregids]=&filter[ofrType]=&filter[addObjType]=&filter[whenFrom]=24-12-2026&filter[whenTo]=06-01-2027&filter[duration]=7:10&filter[from]=Warszawa-Radom,Warszawa,Warszawa-Modlin,Warszawa%20-%20Radom,Warszawa%20-%20Modlin&filter[person]=2&filter[child]=1&filter[price]=0:11000&filter[PriceFrom]=0&filter[PriceTo]=11000&filter[addCategory]=50&filter[addCatering]=1&filter[addMisc]=0&filter[addTransport]=F&filter[fp]=1&order_by=ofr_price&filter[tourOperator]=0&filter[childAge][1]=20201210","https://fly.pl/cdn/photo/assets/uploads/582/278/2016/12/Gorgonia-Beach-Resort.jpg","https://fly.pl/wycieczka/egipt,marsa-alam,c/gorgonia-beach/pznnU4wm79YBryS6jYw_7tAAogYS3T-YjLMq4EhB4-8Lm3HsdnvfVmx8Rg_GaPWDTmLT4qBEpPSVAw0KjU1AZIuElQQVjSFmACagMwYmtyQ5sBFAEVBhcAXANYBVYCQMoGT6sCXQBelfoBUrwUUwBL0zJhABGumgFMle84DYH_lwkgAAHrx8Cw1crNoDACDWMBAAve9oAy/ofertasv/?filter[tourOperator]=JOIP&filter%5Bperson%5D=2&filter%5BchildAge%5D%5B1%5D=20201210&filter%5Bchild%5D=1","filter_egypt_ny_dec24_2026_7_10_days","egipt","marsa-alam","c","2026-12-30","2027-01-06","8","7","Warszawa - Modlin","2+1","egipt|marsa-alam|2026-12-30|2027-01-06|7|Warszawa - Modlin|2+1"
"Novotel Marsa Alam Egipt, Marsa Alam","9448.0","30.12.2026 - 06.01.2027","8 dni/7 nocy","4.5","4.5","3662","tripadvisor","Warszawa - Modlin","2026-08-31T05:42:39.451509+00:00","https://fly.pl/oferta/egipt-wczasy/?filter[dest]=11:&filter[hotelids]=&filter[cityids]=&filter[cregids]=&filter[ofrType]=&filter[addObjType]=&filter[whenFrom]=24-12-2026&filter[whenTo]=06-01-2027&filter[duration]=7:10&filter[from]=Warszawa-Radom,Warszawa,Warszawa-Modlin,Warszawa%20-%20Radom,Warszawa%20-%20Modlin&filter[person]=2&filter[child]=1&filter[price]=0:11000&filter[PriceFrom]=0&filter[PriceTo]=11000&filter[addCategory]=50&filter[addCatering]=1&filter[addMisc]=0&filter[addTransport]=F&filter[fp]=1&order_by=ofr_price&filter[tourOperator]=0&filter[childAge][1]=20201210","https://fly.pl/cdn/photo/assets/uploads/582/278/2015/09/Novotel-Marsa-Alam.jpg","https://fly.pl/wycieczka/egipt,marsa-alam,c/novotel-marsa-alam/p_JGjdHBlGYQ7uFNeo0mtsAAogYUqXWYDgVUuPg3x81XykmMdnvfVmx8Rg_GaPWDTmLT4qBEpPSVAw0KjU1AZI6ElQQVjSFmACagMwbkhyQpsBFAEVBhcAXANYBVYCQMoGT6sCXQBelfoBUrwUUwARrA5LpyRhAEzDiToNgf-XCSAAAcqN9LDVys2gMAINYwEAC3P72ek/ofertasv/?filter[tourOperator]=JOIP&filter%5Bperson%5D=2&filter%5BchildAge%5D%5B1%5D=20201210&filter%5Bchild%5D=1","filter_egypt_ny_dec24_2026_7_10_days","egipt","marsa-alam","c","2026-12-30","2027-01-06","8","7","Warszawa - Modlin","2+1","egipt|marsa-alam|2026-12-30|2027-01-06|7|Warszawa - Modlin|2+1"
"Sea Star Beau Rivage Egipt, Hurghada","9539.0","24.12.2026 - 31.12.2026","8 dni/7 nocy","4.5","4.5","4261","tripadvisor","Warszawa","2026-08-31T05:42:39.451509+00:00","https://fly.pl/oferta/egipt-wczasy/?filter[dest]=11:&filter[hotelids]=&filter[cityids]=&filter[cregids]=&filter[ofrType]=&filter[addObjType]=&filter[whenFrom]=24-12-2026&filter[whenTo]=06-01-2027&filter[duration]=7:10&filter[from]=Warszawa-Radom,Warszawa,Warszawa-Modlin,Warszawa%20-%20Radom,Warszawa%20-%20Modlin&filter[person]=2&filter[child]=1&filter[price]=0:11000&filter[PriceFrom]=0&filter[PriceTo]=11000&filter[addCategory]=50&filter[addCatering]=1&filter[addMisc]=0&filter[addTransport]=F&filter[fp]=1&order_by=ofr_price&filter[tourOperator]=0&filter[childAge][1]=20201210","https://fly.pl/cdn/photo/assets/uploads/582/278/2014/07/Sea-Star-Beau-Rivage-fly-pl.jpg","https://fly.pl/wycieczka/egipt,hurghada,c/sea-star-beau-rivage/pgTiv15F3Ggyk9MjI3juICAAogWzllsSxKLApvPTl2cC_E_RSsLauwO7yNTDNJOYuPziwqBEpPSVAw0KjU1AZIw0pQQVjCFWACagMwZmRyQpsBFAEVBhcAXANYBVYCQMoGT-IBXQBSr6sBUwARxxpe6DRL7UNhAEzljDoN-_6XCSAAAd7FiPDEhsygMAINYwEADMP51ks/ofertasv/?filter[tourOperator]=JOIP&filter%5Bperson%5D=2&filter%5BchildAge%5D%5B1%5D=20201210&filter%5Bchild%5D=1","filter_egypt_ny_dec24_2026_7_10_days","egipt","hurghada","c","2026-12-24","2026-12-31","8","7","Warszawa","2+1","egipt|hurghada|2026-12-24|2026-12-31|7|Warszawa|2+1"
"Royal Lagoons Aqua (ex. Premium Blue) Egipt, Hurghada","9773.0","24.12.2026 - 31.12.2026","8 dni/7 nocy","4.2","4.2","4300","tripadvisor","Warszawa","2026-08-31T05:42:39.451509+00:00","https://fly.pl/oferta/egipt-wczasy/?filter[dest]=11:&filter[hotelids]=&filter[cityids]=&filter[cregids]=&filter[ofrType]=&filter[addObjType]=&filter[whenFrom]=24-12-2026&filter[whenTo]=06-01-2027&filter[duration]=7:10&filter[from]=Warszawa-Radom,Warszawa,Warszawa-Modlin,Warszawa%20-%20Radom,Warszawa%20-%20Modlin&filter[person]=2&filter[child]=1&filter[price]=0:11000&filter[PriceFrom]=0&filter[PriceTo]=11000&filter[addCategory]=50&filter[addCatering]=1&filter[addMisc]=0&filter[addTransport]=F&filter[fp]=1&order_by=ofr_price&filter[tourOperator]=0&filter[childAge][1]=20201210","https://fly.pl/cdn/photo/assets/uploads/582/278/2014/10/Royal-Lagoons-Aqua.jpg","https://fly.pl/wycieczka/egipt,hurghada,c/premium-blue-lagoon-ex-pyramisa-blue-lagoon/ptmPZAKeU-TlsjiJbbGK2nAAogpe-HhmiACix2IKh33cgMbxSsLauwO7yNTDNJOYuPziwqBEpPSVAw0KjU1AZIrUxQQVjCFWACagNDR21yQpsBFAEVBhcAXANYBVYCQMoGT-IBXQBSr6sBUwBer08RhzJL5hFhAEzljDoN-_6XCSAAAcvF3JjFhsygMAIOYwEADQLYX70/ofertasv/?filter[tourOperator]=JOIP&filter%5Bperson%5D=2&filter%5BchildAge%5D%5B1%5D=20201210&filter%5Bchild%5D=1","filter_egypt_ny_dec24_2026_7_10_days","egipt","hurghada","c","2026-12-24","2026-12-31","8","7","Warszawa","2+1","egipt|hurghada|2026-12-24|2026-12-31|7|Warszawa|2+1"
"Swiss Inn Resort Hurghada (ex. Hilton Hurghada Resort) Egipt, Hurghada","9807.0","24.12.2026 - 31.12.2026","9 dni/7 nocy","4.5","4.5","1875","tripadvisor","Warszawa - Modlin","2026-08-31T05:42:39.451509+00:00","https://fly.pl/oferta/egipt-wczasy/?filter[dest]=11:&filter[hotelids]=&filter[cityids]=&filter[cregids]=&filter[ofrType]=&filter[addObjType]=&filter[whenFrom]=24-12-2026&filter[whenTo]=06-01-2027&filter[duration]=7:10&filter[from]=Warszawa-Radom,Warszawa,Warszawa-Modlin,Warszawa%20-%20Radom,Warszawa%20-%20Modlin&filter[person]=2&filter[child]=1&filter[price]=0:11000&filter[PriceFrom]=0&filter[PriceTo]=11000&filter[addCategory]=50&filter[addCatering]=1&filter[addMisc]=0&filter[addTransport]=F&filter[fp]=1&order_by=ofr_price&filter[tourOperator]=0&filter[childAge][1]=20201210","https://fly.pl/cdn/photo/assets/uploads/582/278/2014/07/Swiss-Inn-Resort-Hurghada.jpg","https://fly.pl/wycieczka/egipt,hurghada,c/hilton-resort/pfnCgx-wYOICd3-K51mGA6AAogyu8hLHX_QStZEcciiJ_Mqq4l3-lULG69CvLTTUqTvRIqBEJWQkUw0KjU1AZIz0xQAVjCFWACagJBSXIhHBGItAEbtPNBGLqkGrkE5akpqwRvAfL9zJQEAhJjAQIGI2wesQ/ofertasv/?filter[tourOperator]=BVBE&filter%5Bperson%5D=2&filter%5BchildAge%5D%5B1%5D=20201210&filter%5Bchild%5D=1","filter_egypt_ny_dec24_2026_7_10_days","egipt","hurghada","c","2026-12-24","2026-12-31","9","7","Warszawa - Modlin","2+1","egipt|hurghada|2026-12-24|2026-12-31|7|Warszawa - Modlin|2+1"
"Sentido Oriental Dream Resort Egipt, Marsa Alam","9855.0","28.12.2026 - 04.01.2027","8 dni/7 nocy","4.6","4.6","704","tripadvisor","Warszawa - Modlin","2026-08-31T05:42:39.451509+00:00","https://fly.pl/oferta/egipt-wczasy/?filter[dest]=11:&filter[hotelids]=&filter[cityids]=&filter[cregids]=&filter[ofrType]=&filter[addObjType]=&filter[whenFrom]=24-12-2026&filter[whenTo]=06-01-2027&filter[duration]=7:10&filter[from]=Warszawa-Radom,Warszawa,Warszawa-Modlin,Warszawa%20-%20Radom,Warszawa%20-%20Modlin&filter[person]=2&filter[child]=1&filter[price]=0:11000&filter[PriceFrom]=0&filter[PriceTo]=11000&filter[addCategory]=50&filter[addCatering]=1&filter[addMisc]=0&filter[addTransport]=F&filter[fp]=1&order_by=ofr_price&filter[tourOperator]=0&filter[childAge][1]=20201210","https://fly.pl/cdn/photo/assets/uploads/582/278/2016/09/Sentido-Oriental-Dream-Resort.jpg","https://fly.pl/wycieczka/egipt,marsa-alam,c/sentido-oriental-dream-resort/pZP9FxTvrGYFWzO9NW4TegAAoggyjvaImmKsBZvD_fu-HcxqZFgd19BsU2VNiIPevTnQ4qBEJWQkUw0KjU1AZI_0xQAViiFmACagJBSXIhHBHX-wEbvrBEGMPCGasEoOQnuQQRAcymxrQEAgBjAQYLXcKwvA/ofertasv/?filter[tourOperator]=BVBE&filter%5Bperson%5D=2&filter%5BchildAge%5D%5B1%5D=20201210&filter%5Bchild%5D=1","filter_egypt_ny_dec24_2026_7_10_days","egipt","marsa-alam","c","2026-12-28","2027-01-04","8","7","Warszawa - Modlin","2+1","egipt|marsa-alam|2026-12-28|2027-01-04|7|Warszawa - Modlin|2+1"
"Gemma Resort (ex. Labranda Gemma Premium Resort) Egipt, Marsa Alam","9974.0","28.12.2026 - 04.01.2027","8 dni/7 nocy","4.5","4.5","5568","tripadvisor","Warszawa - Modlin","2026-08-31T05:42:39.451509+00:00","https://fly.pl/oferta/egipt-wczasy/?filter[dest]=11:&filter[hotelids]=&filter[cityids]=&filter[cregids]=&filter[ofrType]=&filter[addObjType]=&filter[whenFrom]=24-12-2026&filter[whenTo]=06-01-2027&filter[duration]=7:10&filter[from]=Warszawa-Radom,Warszawa,Warszawa-Modlin,Warszawa%20-%20Radom,Warszawa%20-%20Modlin&filter[person]=2&filter[child]=1&filter[price]=0:11000&filter[PriceFrom]=0&filter[PriceTo]=11000&filter[addCategory]=50&filter[addCatering]=1&filter[addMisc]=0&filter[addTransport]=F&filter[fp]=1&order_by=ofr_price&filter[tourOperator]=0&filter[childAge][1]=20201210","https://fly.pl/cdn/photo/assets/uploads/582/278/2015/06/Gemma-Resort.jpg","https://fly.pl/wycieczka/egipt,marsa-alam,c/gemma-resort/pLnVI3-K3Rg7l0b9N3V6L6AAogu7a4hAz2_c-IBrJCIxwED6ZFgd19BsU2VNiIPevTnQ4qBEJWQkUw0KjU1AZI9k1QAViiFmACagJBSXIhHBG8-QEbgPFDGOH5GasE2-4nuQQRAaz5s7MEAhJjAQIN8aeD-w/ofertasv/?filter[tourOperator]=BVBE&filter%5Bperson%5D=2&filter%5BchildAge%5D%5B1%5D=20201210&filter%5Bchild%5D=1","filter_egypt_ny_dec24_2026_7_10_days","egipt","marsa-alam","c","2026-12-28","2027-01-04","8","7","Warszawa - Modlin","2+1","egipt|marsa-alam|2026-12-28|2027-01-04|7|Warszawa - Modlin|2+1"
"Le Meridien Dahab Resort Egipt, Dahab","9983.0","24.12.2026 - 31.12.2026","8 dni/7 nocy","4.3","4.3","1708","tripadvisor","Warszawa","2026-08-31T05:42:39.451509+00:00","https://fly.pl/oferta/egipt-wczasy/?filter[dest]=11:&filter[hotelids]=&filter[cityids]=&filter[cregids]=&filter[ofrType]=&filter[addObjType]=&filter[whenFrom]=24-12-2026&filter[whenTo]=06-01-2027&filter[duration]=7:10&filter[from]=Warszawa-Radom,Warszawa,Warszawa-Modlin,Warszawa%20-%20Radom,Warszawa%20-%20Modlin&filter[person]=2&filter[child]=1&filter[price]=0:11000&filter[PriceFrom]=0&filter[PriceTo]=11000&filter[addCategory]=50&filter[addCatering]=1&filter[addMisc]=0&filter[addTransport]=F&filter[fp]=1&order_by=ofr_price&filter[tourOperator]=0&filter[childAge][1]=20201210","https://fly.pl/cdn/photo/assets/uploads/582/278/2014/09/Retac-Qunay-Dahab.jpg","https://fly.pl/wycieczka/egipt,dahab,c/le-meridien-dahab-bay/p0xvVwIGy0ZqZXBTXFzRfCAAogaYjHUiP2my3qB9g9uPSD440RCYMUbnAoptZdUuhRlRYqBEpPSVAw0KjU1AZI_01QQVjCFWACagNDR21yQpsBFAEVBhcAXANYBVYCQMoGT-IBXQARrdEBXrEpUqYgUwBLxyNhAEzljDoN-_6XCSAAAeWZ5JDFiMygMAINYwEACzH2h00/ofertasv/?filter[tourOperator]=JOIP&filter%5Bperson%5D=2&filter%5BchildAge%5D%5B1%5D=20201210&filter%5Bchild%5D=1","filter_egypt_ny_dec24_2026_7_10_days","egipt","dahab","c","2026-12-24","2026-12-31","8","7","Warszawa","2+1","egipt|dahab|2026-12-24|2026-12-31|7|Warszawa|2+1"
"Raouf Sun International Aqua Park & SPA Egipt, Sharm El Sheikh, Szarm el-Szejk","9988.0","24.12.2026 - 31.12.2026","8 dni/7 nocy","3.8","3.8","319","tripadvisor","Warszawa","2026-08-31T05:42:39.451509+00:00","https://fly.pl/oferta/egipt-wczasy/?filter[dest]=11:&filter[hotelids]=&filter[cityids]=&filter[cregids]=&filter[ofrType]=&filter[addObjType]=&filter[whenFrom]=24-12-2026&filter[whenTo]=06-01-2027&filter[duration]=7:10&filter[from]=Warszawa-Radom,Warszawa,Warszawa-Modlin,Warszawa%20-%20Radom,Warszawa%20-%20Modlin&filter[person]=2&filter[child]=1&filter[price]=0:11000&filter[PriceFrom]=0&filter[PriceTo]=11000&filter[addCategory]=50&filter[addCatering]=1&filter[addMisc]=0&filter[addTransport]=F&filter[fp]=1&order_by=ofr_price&filter[tourOperator]=0&filter[childAge][1]=20201210","https://fly.pl/cdn/photo/assets/uploads/582/278/2024/07/raouf-sun-international-aqua-park-spa.jpg","https://fly.pl/wycieczka/egipt,sharm-el-sheikh,szarm-el-szejk/raouf-international-aqua-park-spa-14/pCsGCWDN9EMvgt02BceOHfAAogDMzrR9iJSSW0yhRwXrgWA40RCYMUbnAoptZdUuhRlRYqBEpPSVAw0KjU1AZIhE5QQVjCFWACagMxMm9yQ5sBFAEVBhcAXANYBVYCQMoGT-IBXQBe3voBUqYgUwBLxyNhABHPiAFMloQ5Dfv-lwkgAAHgr-S4w4jMoDACDWMBAAwQHLVb/ofertasv/?filter[tourOperator]=JOIP&filter%5Bperson%5D=2&filter%5BchildAge%5D%5B1%5D=20201210&filter%5Bchild%5D=1","filter_egypt_ny_dec24_2026_7_10_days","egipt","sharm-el-sheikh","szarm-el-szejk","2026-12-24","2026-12-31","8","7","Warszawa","2+1","egipt|sharm-el-sheikh|2026-12-24|2026-12-31|7|Warszawa|2+1"
"Park Inn (Sharm El Sheikh) Egipt, Sharm El Sheikh","9989.0","24.12.2026 - 31.12.2026","8 dni/7 nocy","4.3","4.3","7163","tripadvisor","Warszawa - Modlin","2026-08-31T05:42:39.451509+00:00","https://fly.pl/oferta/egipt-wczasy/?filter[dest]=11:&filter[hotelids]=&filter[cityids]=&filter[cregids]=&filter[ofrType]=&filter[addObjType]=&filter[whenFrom]=24-12-2026&filter[whenTo]=06-01-2027&filter[duration]=7:10&filter[from]=Warszawa-Radom,Warszawa,Warszawa-Modlin,Warszawa%20-%20Radom,Warszawa%20-%20Modlin&filter[person]=2&filter[child]=1&filter[price]=0:11000&filter[PriceFrom]=0&filter[PriceTo]=11000&filter[addCategory]=50&filter[addCatering]=1&filter[addMisc]=0&filter[addTransport]=F&filter[fp]=1&order_by=ofr_price&filter[tourOperator]=0&filter[childAge][1]=20201210","https://fly.pl/cdn/photo/assets/uploads/582/278/2016/11/Park-Inn-Sharm-El-Sheikh.jpg","https://fly.pl/wycieczka/egipt,sharm-el-sheikh,c/park-inn-sharm-el-sheikh/psT9njAObzyGWHKzXjtabRAAogmbUCkMeFSSGaAgKhYuaeBGgJ2MREVQeft-2AzPrrwC4qBEtPTVQw0KjU1AZIhU5QAVjCFWACagJBSXIfHBH6GqsEjeMBuQQxGLmuBBvX9iMB-fzyHgIAYwECBpDRIFU/ofertasv/?filter[tourOperator]=KOMT&filter%5Bperson%5D=2&filter%5BchildAge%5D%5B1%5D=20201210&filter%5Bchild%5D=1","filter_egypt_ny_dec24_2026_7_10_days","egipt","sharm-el-sheikh","c","2026-12-24","2026-12-31","8","7","Warszawa - Modlin","2+1","egipt|sharm-el-sheikh|2026-12-24|2026-12-31|7|Warszawa - Modlin|2+1"
"Jaz Sharm Dreams Resort (ex. Sharm Dreams Resort) Egipt, Sharm El Sheikh","9992.0","24.12.2026 - 31.12.2026","8 dni/7 nocy","4.3","4.3","6488","tripadvisor","Warszawa","2026-08-31T05:42:39.451509+00:00","https://fly.pl/oferta/egipt-wczasy/?filter[dest]=11:&filter[hotelids]=&filter[cityids]=&filter[cregids]=&filter[ofrType]=&filter[addObjType]=&filter[whenFrom]=24-12-2026&filter[whenTo]=06-01-2027&filter[duration]=7:10&filter[from]=Warszawa-Radom,Warszawa,Warszawa-Modlin,Warszawa%20-%20Radom,Warszawa%20-%20Modlin&filter[person]=2&filter[child]=1&filter[price]=0:11000&filter[PriceFrom]=0&filter[PriceTo]=11000&filter[addCategory]=50&filter[addCatering]=1&filter[addMisc]=0&filter[addTransport]=F&filter[fp]=1&order_by=ofr_price&filter[tourOperator]=0&filter[childAge][1]=20201210","https://fly.pl/cdn/photo/assets/uploads/582/278/2014/07/Jaz-Sharm-Dreams.jpg","https://fly.pl/wycieczka/egipt,sharm-el-sheikh,c/hilton-sharm-dreams-resort/pp7qXKsRRkyp8JUSzGlEs6AAogLjhZqwIBdqIp9uvfgHD7E40RCYMUbnAoptZdUuhRlRYqBEpPSVAw0KjU1AZIiE5QQVjCFWACagMwMllyQpsBFAEVBhcAXANYBVYCQMoGT-IBXQARxMYBXpo0UqYgUwBLxyNhAEzljDoN-_6XCSAAAfC9-L-1iMygMAINYwEADBfKA94/ofertasv/?filter[tourOperator]=JOIP&filter%5Bperson%5D=2&filter%5BchildAge%5D%5B1%5D=20201210&filter%5Bchild%5D=1","filter_egypt_ny_dec24_2026_7_10_days","egipt","sharm-el-sheikh","c","2026-12-24","2026-12-31","8","7","Warszawa","2+1","egipt|sharm-el-sheikh|2026-12-24|2026-12-31|7|Warszawa|2+1"
"Movenpick Sirena Beach Egipt, Marsa Alam, Al-Kusajr","10006.0","28.12.2026 - 04.01.2027","8 dni/7 nocy","4.7","4.7","466","tripadvisor","Warszawa - Modlin","2026-08-31T05:42:39.451509+00:00","https://fly.pl/oferta/egipt-wczasy/?filter[dest]=11:&filter[hotelids]=&filter[cityids]=&filter[cregids]=&filter[ofrType]=&filter[addObjType]=&filter[whenFrom]=24-12-2026&filter[whenTo]=06-01-2027&filter[duration]=7:10&filter[from]=Warszawa-Radom,Warszawa,Warszawa-Modlin,Warszawa%20-%20Radom,Warszawa%20-%20Modlin&filter[person]=2&filter[child]=1&filter[price]=0:11000&filter[PriceFrom]=0&filter[PriceTo]=11000&filter[addCategory]=50&filter[addCatering]=1&filter[addMisc]=0&filter[addTransport]=F&filter[fp]=1&order_by=ofr_price&filter[tourOperator]=0&filter[childAge][1]=20201210","https://datacfstatic.merlinx.pl/JOIP/IMG/60908/a0379f6d880c0f927e84af985906d18427fa6630df380b9e8cafce0b757c5aa9.webp","https://fly.pl/wycieczka/egipt,marsa-alam,al-kusajr/movenpick-sirena-beach-13/ptqpkD9bajlOeQMhzZ0zi4AAognJhHiCDJc3YWIjY5FGFX0YsNxIOSpaGCCB7Vylo6YhQqBEpPSVAw0KjU1AZIlk5QQViiFmACagM3RWZyQ5sBFAEVBhcAXANYBVYCQMoGT6sCXQBelfoBUrwUUwBL0zJhABHCkQFMgfg4Df_-lwkgAAHf34Sx1crNoDACDmMBAA1LfMcp/ofertasv/?filter[tourOperator]=JOIP&filter%5Bperson%5D=2&filter%5BchildAge%5D%5B1%5D=20201210&filter%5Bchild%5D=1","filter_egypt_ny_dec24_2026_7_10_days","egipt","marsa-alam","al-kusajr","2026-12-28","2027-01-04","8","7","Warszawa - Modlin","2+1","egipt|marsa-alam|2026-12-28|2027-01-04|7|Warszawa - Modlin|2+1"
"Dream Lagoon & Aqua Park Resort (ex. Floriana Dream Lagoon) Egipt, Marsa Alam","10037.0","29.12.2026 - 05.01.2027","8 dni/7 nocy","4.3","4.3","5710","tripadvisor","Warszawa","2026-08-31T05:42:39.451509+00:00","https://fly.pl/oferta/egipt-wczasy/?filter[dest]=11:&filter[hotelids]=&filter[cityids]=&filter[cregids]=&filter[ofrType]=&filter[addObjType]=&filter[whenFrom]=24-12-2026&filter[whenTo]=06-01-2027&filter[duration]=7:10&filter[from]=Warszawa-Radom,Warszawa,Warszawa-Modlin,Warszawa%20-%20Radom,Warszawa%20-%20Modlin&filter[person]=2&filter[child]=1&filter[price]=0:11000&filter[PriceFrom]=0&filter[PriceTo]=11000&filter[addCategory]=50&filter[addCatering]=1&filter[addMisc]=0&filter[addTransport]=F&filter[fp]=1&order_by=ofr_price&filter[tourOperator]=0&filter[childAge][1]=20201210","https://fly.pl/cdn/photo/assets/uploads/582/278/2015/11/Future-Dream-Lagoon-ex.-Floriana-Dream-Lagoon-fly-pl.jpg","https://fly.pl/wycieczka/egipt,marsa-alam,c/floriana-dream-lagoon/pjj6EoLFujDSAPjXognVLUAAogIEazr1PvZnT84Ds2qrjZKMa1pxxZSARSPLLVQIXch-oqBEVYSU0w0KjU1AZItU5QAVi6FmACagJBSXIhHBHagAe5BIucS6sEGhuJ9kAYv8BIAZeDkLMNAgBjAQIN5glXug/ofertasv/?filter[tourOperator]=EXIM&filter%5Bperson%5D=2&filter%5BchildAge%5D%5B1%5D=20201210&filter%5Bchild%5D=1","filter_egypt_ny_dec24_2026_7_10_days","egipt","marsa-alam","c","2026-12-29","2027-01-05","8","7","Warszawa","2+1","egipt|marsa-alam|2026-12-29|2027-01-05|7|Warszawa|2+1"
"Dreams Beach (Sharm El Sheikh) Egipt, Sharm El Sheikh, Szarm el-Szejk","10073.0","24.12.2026 - 31.12.2026","8 dni/7 nocy","3.9","3.9","2640","tripadvisor","Warszawa","2026-08-31T05:42:39.451509+00:00","https://fly.pl/oferta/egipt-wczasy/?filter[dest]=11:&filter[hotelids]=&filter[cityids]=&filter[cregids]=&filter[ofrType]=&filter[addObjType]=&filter[whenFrom]=24-12-2026&filter[whenTo]=06-01-2027&filter[duration]=7:10&filter[from]=Warszawa-Radom,Warszawa,Warszawa-Modlin,Warszawa%20-%20Radom,Warszawa%20-%20Modlin&filter[person]=2&filter[child]=1&filter[price]=0:11000&filter[PriceFrom]=0&filter[PriceTo]=11000&filter[addCategory]=50&filter[addCatering]=1&filter[addMisc]=0&filter[addTransport]=F&filter[fp]=1&order_by=ofr_price&filter[tourOperator]=0&filter[childAge][1]=20201210","https://fly.pl/cdn/photo/assets/uploads/582/278/2014/07/Dreams-Beach-Resort.jpg","https://fly.pl/wycieczka/egipt,sharm-el-sheikh,szarm-el-szejk/dreams-beach-sharm-el-sheikh/pzoBKauXPtocKcyS3WQ_NcAAogmWsNTubVUHJiFrHADfnAJ40RCYMUbnAoptZdUuhRlRYqBEpPSVAw0KjU1AZI2U5QQVjCFWACagNDR21yQpsBFAEVBhcAXANYBVYCQMoGT-IBXQAR5MYBXvozUqYgUwBLxyNhAEzljDoN-_6XCSAAAdDh-PjCiMygMAINYwEAC8byS10/ofertasv/?filter[tourOperator]=JOIP&filter%5Bperson%5D=2&filter%5BchildAge%5D%5B1%5D=20201210&filter%5Bchild%5D=1","filter_egypt_ny_dec24_2026_7_10_days","egipt","sharm-el-sheikh","szarm-el-szejk","2026-12-24","2026-12-31","8","7","Warszawa","2+1","egipt|sharm-el-sheikh|2026-12-24|2026-12-31|7|Warszawa|2+1"
"IL Mercato (ex. Iberotel Il Mercato) Egipt, Sharm El Sheikh","10077.0","24.12.2026 - 31.12.2026","8 dni/7 nocy","4.4","4.4","2248","tripadvisor","Warszawa","2026-08-31T05:42:39.451509+00:00","https://fly.pl/oferta/egipt-wczasy/?filter[dest]=11:&filter[hotelids]=&filter[cityids]=&filter[cregids]=&filter[ofrType]=&filter[addObjType]=&filter[whenFrom]=24-12-2026&filter[whenTo]=06-01-2027&filter[duration]=7:10&filter[from]=Warszawa-Radom,Warszawa,Warszawa-Modlin,Warszawa%20-%20Radom,Warszawa%20-%20Modlin&filter[person]=2&filter[child]=1&filter[price]=0:11000&filter[PriceFrom]=0&filter[PriceTo]=11000&filter[addCategory]=50&filter[addCatering]=1&filter[addMisc]=0&filter[addTransport]=F&filter[fp]=1&order_by=ofr_price&filter[tourOperator]=0&filter[childAge][1]=20201210","https://fly.pl/cdn/photo/assets/uploads/582/278/2014/07/Il-Mercato-Hotel-Spa-Sharm-El-Sheikh.jpg","https://fly.pl/wycieczka/egipt,sharm-el-sheikh,c/iberotel-il-mercato/pvl05ZMFdei3tEEbJiPoRvAAogyK3R0wXF1UE9KC9A_lH8gY0RCYMUbnAoptZdUuhRlRYqBEpPSVAw0KjU1AZI3U5QQVjCFWACagNDR21yQpsBFAEVBhcAXANYBVYCQMoGT-IBXQBe3voBEcsXUtsIUwBLxyNhAEzljDoN-_6XCSAAAcvP1NDEiMygMAINYwEAC3suKQ4/ofertasv/?filter[tourOperator]=JOIP&filter%5Bperson%5D=2&filter%5BchildAge%5D%5B1%5D=20201210&filter%5Bchild%5D=1","filter_egypt_ny_dec24_2026_7_10_days","egipt","sharm-el-sheikh","c","2026-12-24","2026-12-31","8","7","Warszawa","2+1","egipt|sharm-el-sheikh|2026-12-24|2026-12-31|7|Warszawa|2+1"
"Parrotel Beach Resort (ex. Radisson Blu) Egipt, Sharm El Sheikh","10218.0","24.12.2026 - 31.12.2026","8 dni/7 nocy","4.4","4.4","6983","tripadvisor","Warszawa","2026-08-31T05:42:39.451509+00:00","https://fly.pl/oferta/egipt-wczasy/?filter[dest]=11:&filter[hotelids]=&filter[cityids]=&filter[cregids]=&filter[ofrType]=&filter[addObjType]=&filter[whenFrom]=24-12-2026&filter[whenTo]=06-01-2027&filter[duration]=7:10&filter[from]=Warszawa-Radom,Warszawa,Warszawa-Modlin,Warszawa%20-%20Radom,Warszawa%20-%20Modlin&filter[person]=2&filter[child]=1&filter[price]=0:11000&filter[PriceFrom]=0&filter[PriceTo]=11000&filter[addCategory]=50&filter[addCatering]=1&filter[addMisc]=0&filter[addTransport]=F&filter[fp]=1&order_by=ofr_price&filter[tourOperator]=0&filter[childAge][1]=20201210","https://fly.pl/cdn/photo/assets/uploads/582/278/2014/07/Parrotel-Beach-Resort.jpg","https://fly.pl/wycieczka/egipt,sharm-el-sheikh,c/radisson-blu-resort-sharm-el-sheikh/pcza6J_h4ImIgwb1Fop934AAogSBPBQ7vP2oTb-cWJBFOPCY0RCYMUbnAoptZdUuhRlRYqBEpPSVAw0KjU1AZI6k9QQVjCFWACagNDR21yQpsBFAEVBhcAXANYBVYCQMoGT-IBXQARoccBXr0zUqYgUwBLxyNhAEzljDoN-_6XCSAAAcmX-JfTiMygMAIOYwEADeBvHuY/ofertasv/?filter[tourOperator]=JOIP&filter%5Bperson%5D=2&filter%5BchildAge%5D%5B1%5D=20201210&filter%5Bchild%5D=1","filter_egypt_ny_dec24_2026_7_10_days","egipt","sharm-el-sheikh","c","2026-12-24","2026-12-31","8","7","Warszawa","2+1","egipt|sharm-el-sheikh|2026-12-24|2026-12-31|7|Warszawa|2+1"
"Utopia Blue Resort Egipt, Marsa Alam","10267.0","29.12.2026 - 05.01.2027","8 dni/7 nocy","","","","","Warszawa","2026-08-31T05:42:39.451509+00:00","https://fly.pl/oferta/egipt-wczasy/?filter[dest]=11:&filter[hotelids]=&filter[cityids]=&filter[cregids]=&filter[ofrType]=&filter[addObjType]=&filter[whenFrom]=24-12-2026&filter[whenTo]=06-01-2027&filter[duration]=7:10&filter[from]=Warszawa-Radom,Warszawa,Warszawa-Modlin,Warszawa%20-%20Radom,Warszawa%20-%20Modlin&filter[person]=2&filter[child]=1&filter[price]=0:11000&filter[PriceFrom]=0&filter[PriceTo]=11000&filter[addCategory]=50&filter[addCatering]=1&filter[addMisc]=0&filter[addTransport]=F&filter[fp]=1&order_by=ofr_price&filter[tourOperator]=0&filter[childAge][1]=20201210","https://datacfstatic.merlinx.pl/EXIM/IMG/108331/47170af13502131b7b7d23ecf494e622a96110e1a4bfcf3019d7db4830283601.webp","https://fly.pl/wycieczka/egipt,marsa-alam,c/utopia-blue-resort-13/p6TmzW3cAK7MT9K1MmEqf3AAogYVgqE-up_n58mpmDYL3QCca1pxxZSARSPLLVQIXch-oqBEVYSU0w0KjU1AZIm1BQAVi6FmACagJBSXIhHBGrzga5BLrOS6sEGhuLzTAYvuNRAb-UvPIMAgBjAQIMFFJFDA/ofertasv/?filter[tourOperator]=EXIM&filter%5Bperson%5D=2&filter%5BchildAge%5D%5B1%5D=20201210&filter%5Bchild%5D=1","filter_egypt_ny_dec24_2026_7_10_days","egipt","marsa-alam","c","2026-12-29","2027-01-05","8","7","Warszawa","2+1","egipt|marsa-alam|2026-12-29|2027-01-05|7|Warszawa|2+1"
"Raouf Star Egipt, Sharm El Sheikh, Szarm el-Szejk","10300.0","24.12.2026 - 31.12.2026","8 dni/7 nocy","4.2","4.2","100","tripadvisor","Warszawa","2026-08-31T05:42:39.451509+00:00","https://fly.pl/oferta/egipt-wczasy/?filter[dest]=11:&filter[hotelids]=&filter[cityids]=&filter[cregids]=&filter[ofrType]=&filter[addObjType]=&filter[whenFrom]=24-12-2026&filter[whenTo]=06-01-2027&filter[duration]=7:10&filter[from]=Warszawa-Radom,Warszawa,Warszawa-Modlin,Warszawa%20-%20Radom,Warszawa%20-%20Modlin&filter[person]=2&filter[child]=1&filter[price]=0:11000&filter[PriceFrom]=0&filter[PriceTo]=11000&filter[addCategory]=50&filter[addCatering]=1&filter[addMisc]=0&filter[addTransport]=F&filter[fp]=1&order_by=ofr_price&filter[tourOperator]=0&filter[childAge][1]=20201210","https://fly.pl/cdn/photo/assets/uploads/582/278/2023/04/Amarina-Star-Resort-Aqua-Park.jpg","https://fly.pl/wycieczka/egipt,sharm-el-sheikh,szarm-el-szejk/raouf-star-15/pONcZPCsL4KatXuP1HkbScAAogn7JU-pwN9yb_q1ZQWVeu5Y0RCYMUbnAoptZdUuhRlRYqBEpPSVAw0KjU1AZIvFBQQVjCFWACagMxMm9yQ5sBFAEVBhcAXANYBVYCQMoGT-IBXQBe3voBUqYgUwBLxyNhABH2pwFM7-Q4Dfv-lwkgAAHiv_iPxIjMoDACDWMBAAxrTaeJ/ofertasv/?filter[tourOperator]=JOIP&filter%5Bperson%5D=2&filter%5BchildAge%5D%5B1%5D=20201210&filter%5Bchild%5D=1","filter_egypt_ny_dec24_2026_7_10_days","egipt","sharm-el-sheikh","szarm-el-szejk","2026-12-24","2026-12-31","8","7","Warszawa","2+1","egipt|sharm-el-sheikh|2026-12-24|2026-12-31|7|Warszawa|2+1"
"Three Corners Fayrouz Plaza Beach Resort Egipt, Marsa Alam","10357.0","28.12.2026 - 04.01.2027","8 dni/7 nocy","4.7","4.7","13130","tripadvisor","Warszawa - Modlin","2026-08-31T05:42:39.451509+00:00","https://fly.pl/oferta/egipt-wczasy/?filter[dest]=11:&filter[hotelids]=&filter[cityids]=&filter[cregids]=&filter[ofrType]=&filter[addObjType]=&filter[whenFrom]=24-12-2026&filter[whenTo]=06-01-2027&filter[duration]=7:10&filter[from]=Warszawa-Radom,Warszawa,Warszawa-Modlin,Warszawa%20-%20Radom,Warszawa%20-%20Modlin&filter[person]=2&filter[child]=1&filter[price]=0:11000&filter[PriceFrom]=0&filter[PriceTo]=11000&filter[addCategory]=50&filter[addCatering]=1&filter[addMisc]=0&filter[addTransport]=F&filter[fp]=1&order_by=ofr_price&filter[tourOperator]=0&filter[childAge][1]=20201210","https://fly.pl/cdn/photo/assets/uploads/582/278/2014/10/The-Three-Corners-Fayrouz-Plaza.jpg","https://fly.pl/wycieczka/egipt,marsa-alam,c/three-corners-fayrouz-plaza-beach-resort/pvBMp39ukO5q_B-xSGQKLpAAog5lk1jaU25bFqC0jRJW3xTqZFgd19BsU2VNiIPevTnQ4qBEJWQkUw0KjU1AZI9VBQAViiFmACagJBSXIhHBHg-QEbtvJDGL_1GasEo_EnuQQRAfGilLMEAhJjAQINu09oDg/ofertasv/?filter[tourOperator]=BVBE&filter%5Bperson%5D=2&filter%5BchildAge%5D%5B1%5D=20201210&filter%5Bchild%5D=1","filter_egypt_ny_dec24_2026_7_10_days","egipt","marsa-alam","c","2026-12-28","2027-01-04","8","7","Warszawa - Modlin","2+1","egipt|marsa-alam|2026-12-28|2027-01-04|7|Warszawa - Modlin|2+1"
"Radisson Blu Resort (El Quseir) Egipt, Marsa Alam, Al-Kusajr","10379.0","30.12.2026 - 06.01.2027","8 dni/7 nocy","4.4","4.4","3127","tripadvisor","Warszawa - Modlin","2026-08-31T05:42:39.451509+00:00","https://fly.pl/oferta/egipt-wczasy/?filter[dest]=11:&filter[hotelids]=&filter[cityids]=&filter[cregids]=&filter[ofrType]=&filter[addObjType]=&filter[whenFrom]=24-12-2026&filter[whenTo]=06-01-2027&filter[duration]=7:10&filter[from]=Warszawa-Radom,Warszawa,Warszawa-Modlin,Warszawa%20-%20Radom,Warszawa%20-%20Modlin&filter[person]=2&filter[child]=1&filter[price]=0:11000&filter[PriceFrom]=0&filter[PriceTo]=11000&filter[addCategory]=50&filter[addCatering]=1&filter[addMisc]=0&filter[addTransport]=F&filter[fp]=1&order_by=ofr_price&filter[tourOperator]=0&filter[childAge][1]=20201210","https://fly.pl/cdn/photo/assets/uploads/582/278/2015/02/RADISSON-BLU-m.jpg","https://fly.pl/wycieczka/egipt,marsa-alam,al-kusajr/radisson-blu-resort-el-quseir/pAGapyP17fPgsQOc3DfNFRAAogfi7m0MksiVpeAPomS0HoYsdnvfVmx8Rg_GaPWDTmLT4qBEpPSVAw0KjU1AZIi1FQQVjSFmACagMwMEZyQpsBFAEVBhcAXANYBVYCQMoGT6sCXQBelfoBUrwUUwARuhhLmRphAEzDiToNgf-XCSAAAeLViLHVys2gMAINYwEAC0jq_lU/ofertasv/?filter[tourOperator]=JOIP&filter%5Bperson%5D=2&filter%5BchildAge%5D%5B1%5D=20201210&filter%5Bchild%5D=1","filter_egypt_ny_dec24_2026_7_10_days","egipt","marsa-alam","al-kusajr","2026-12-30","2027-01-06","8","7","Warszawa - Modlin","2+1","egipt|marsa-alam|2026-12-30|2027-01-06|7|Warszawa - Modlin|2+1"
"Bellagio Beach Resort & Spa (ex. Panorama Bungalows Hurghada) Egipt, Hurghada","10460.0","24.12.2026 - 31.12.2026","8 dni/7 nocy","4.3","4.3","4460","tripadvisor","Warszawa","2026-08-31T05:42:39.451509+00:00","https://fly.pl/oferta/egipt-wczasy/?filter[dest]=11:&filter[hotelids]=&filter[cityids]=&filter[cregids]=&filter[ofrType]=&filter[addObjType]=&filter[whenFrom]=24-12-2026&filter[whenTo]=06-01-2027&filter[duration]=7:10&filter[from]=Warszawa-Radom,Warszawa,Warszawa-Modlin,Warszawa%20-%20Radom,Warszawa%20-%20Modlin&filter[person]=2&filter[child]=1&filter[price]=0:11000&filter[PriceFrom]=0&filter[PriceTo]=11000&filter[addCategory]=50&filter[addCatering]=1&filter[addMisc]=0&filter[addTransport]=F&filter[fp]=1&order_by=ofr_price&filter[tourOperator]=0&filter[childAge][1]=20201210","https://fly.pl/cdn/photo/assets/uploads/582/278/2014/07/Bellagio-Beach-Resort-Spa.jpg","https://fly.pl/wycieczka/egipt,hurghada,c/panorama-bungalow-resort/pHzCeVx_0ias3tp0JA1AbjAAogwO8zDWpUkApPuxcS6YlT_BSsLauwO7yNTDNJOYuPziwqBEpPSVAw0KjU1AZI3FFQQVjCFWACagMwMHdyQ5sBFAEVBhcAXANYBVYCQMoGT-IBXQBSr6sBUwBer09L7UNhABGgjgFMxf44Dfv-lwkgAAHl4finpIbMoDACDmMBAA2u84KL/ofertasv/?filter[tourOperator]=JOIP&filter%5Bperson%5D=2&filter%5BchildAge%5D%5B1%5D=20201210&filter%5Bchild%5D=1","filter_egypt_ny_dec24_2026_7_10_days","egipt","hurghada","c","2026-12-24","2026-12-31","8","7","Warszawa","2+1","egipt|hurghada|2026-12-24|2026-12-31|7|Warszawa|2+1"
"Amarina Jannah Resort Aquapark Egipt, Marsa Alam, Port Ghalib","10507.0","29.12.2026 - 05.01.2027","8 dni/7 nocy","4.7","4.7","661","tripadvisor","Warszawa","2026-08-31T05:42:39.451509+00:00","https://fly.pl/oferta/egipt-wczasy/?filter[dest]=11:&filter[hotelids]=&filter[cityids]=&filter[cregids]=&filter[ofrType]=&filter[addObjType]=&filter[whenFrom]=24-12-2026&filter[whenTo]=06-01-2027&filter[duration]=7:10&filter[from]=Warszawa-Radom,Warszawa,Warszawa-Modlin,Warszawa%20-%20Radom,Warszawa%20-%20Modlin&filter[person]=2&filter[child]=1&filter[price]=0:11000&filter[PriceFrom]=0&filter[PriceTo]=11000&filter[addCategory]=50&filter[addCatering]=1&filter[addMisc]=0&filter[addTransport]=F&filter[fp]=1&order_by=ofr_price&filter[tourOperator]=0&filter[childAge][1]=20201210","https://fly.pl/cdn/photo/assets/uploads/582/278/2023/04/Amarina-Jannah-Resort-Aquapark.jpg","https://fly.pl/wycieczka/egipt,marsa-alam,port-ghalib/amarina-jannah-resort-aquapark-15/pjB6Ug3x_rmYpvSdW7vYriAAog7Xo7qCP-DOOl8q-zUEOMksa1pxxZSARSPLLVQIXch-oqBEVYSU0w0KjU1AZIi1JQAVi6FmACagJBSXIhHBGqzga5BLvOS6sEGhvT0jAY8dpRAZKhu_IMAgBjAQIOHbA0Yg/ofertasv/?filter[tourOperator]=EXIM&filter%5Bperson%5D=2&filter%5BchildAge%5D%5B1%5D=20201210&filter%5Bchild%5D=1","filter_egypt_ny_dec24_2026_7_10_days","egipt","marsa-alam","port-ghalib","2026-12-29","2027-01-05","8","7","Warszawa","2+1","egipt|marsa-alam|2026-12-29|2027-01-05|7|Warszawa|2+1"
"Xperience Kiroseiz Premier","10573.0","24.12.2026 - 31.12.2026","8 dni/7 nocy","4.5","4.5","980","tripadvisor","Warszawa","2026-08-31T05:42:39.451509+00:00","https://fly.pl/oferta/egipt-wczasy/?filter[dest]=11:&filter[hotelids]=&filter[cityids]=&filter[cregids]=&filter[ofrType]=&filter[addObjType]=&filter[whenFrom]=24-12-2026&filter[whenTo]=06-01-2027&filter[duration]=7:10&filter[from]=Warszawa-Radom,Warszawa,Warszawa-Modlin,Warszawa%20-%20Radom,Warszawa%20-%20Modlin&filter[person]=2&filter[child]=1&filter[price]=0:11000&filter[PriceFrom]=0&filter[PriceTo]=11000&filter[addCategory]=50&filter[addCatering]=1&filter[addMisc]=0&filter[addTransport]=F&filter[fp]=1&order_by=ofr_price&filter[tourOperator]=0&filter[childAge][1]=20201210","https://fly.pl/cdn/photo/assets/uploads/582/278/2015/11/Xperience-Kiroseiz-Premier-fly-pl-3.jpg","https://fly.pl/wycieczka/egipt,sharm-el-sheikh,c/xperience-kiroseiz-premier/pfVLeyOGtbsK1FENzPZUIuAAogc5qsI0a47M53bgGd0dOQ4o0RCYMUbnAoptZdUuhRlRYqBEpPSVAw0ajU1AZIzVJQQVjCFWACagNDR21yQpsBFAEVBhcAXANYBVYCQMoGT-IBXQBe3voBEeYSUsANUwBLxyNhAEzljDoN-_6XCSAAAcvRiLG0iMygMAINYwEAC3P7tz8/ofertasv/?filter[tourOperator]=JOIP&filter%5Bperson%5D=2&filter%5BchildAge%5D%5B1%5D=20201210&filter%5Bchild%5D=1","filter_egypt_ny_dec24_2026_7_10_days","egipt","sharm-el-sheikh","c","2026-12-24","2026-12-31","8","7","Warszawa","2+1","egipt|sharm-el-sheikh|2026-12-24|2026-12-31|7|Warszawa|2+1"
"Pickalbatros Palace Port Ghalib (ex. Red Sea The Palace)","10624.0","30.12.2026 - 06.01.2027","8 dni/7 nocy","4.7","4.7","3718","tripadvisor","Warszawa - Modlin","2026-08-31T05:42:39.451509+00:00","https://fly.pl/oferta/egipt-wczasy/?filter[dest]=11:&filter[hotelids]=&filter[cityids]=&filter[cregids]=&filter[ofrType]=&filter[addObjType]=&filter[whenFrom]=24-12-2026&filter[whenTo]=06-01-2027&filter[duration]=7:10&filter[from]=Warszawa-Radom,Warszawa,Warszawa-Modlin,Warszawa%20-%20Radom,Warszawa%20-%20Modlin&filter[person]=2&filter[child]=1&filter[price]=0:11000&filter[PriceFrom]=0&filter[PriceTo]=11000&filter[addCategory]=50&filter[addCatering]=1&filter[addMisc]=0&filter[addTransport]=F&filter[fp]=1&order_by=ofr_price&filter[tourOperator]=0&filter[childAge][1]=20201210","https://fly.pl/cdn/photo/assets/uploads/582/278/2014/09/albatros-palace.jpg","https://fly.pl/wycieczka/egipt,marsa-alam,port-ghalib/intercontinental-the-palace-port-ghalib/p7-b9s0ybcRKh9W_yIrIlUAAog2Xic66aru6aQ5bG3C1p-2sdnvfVmx8Rg_GaPWDTmLT4qBEpPSVAw0ajU1AZIgFNQQVjSFmACagMxMmJyQ5sBFAEVBhcAXANYBVYCQMoGT6sCXQBelfoBUrwUUwBL0zJhABGWgwFMrYY5DYH_lwkgAAHFleyw1crNoDACDWMBAAzlFDAP/ofertasv/?filter[tourOperator]=JOIP&filter%5Bperson%5D=2&filter%5BchildAge%5D%5B1%5D=20201210&filter%5Bchild%5D=1","filter_egypt_ny_dec24_2026_7_10_days","egipt","marsa-alam","port-ghalib","2026-12-30","2027-01-06","8","7","Warszawa - Modlin","2+1","egipt|marsa-alam|2026-12-30|2027-01-06|7|Warszawa - Modlin|2+1"
"Safir Dahab Resort","10732.0","24.12.2026 - 31.12.2026","8 dni/7 nocy","4.5","4.5","1506","tripadvisor","Warszawa","2026-08-31T05:42:39.451509+00:00","https://fly.pl/oferta/egipt-wczasy/?filter[dest]=11:&filter[hotelids]=&filter[cityids]=&filter[cregids]=&filter[ofrType]=&filter[addObjType]=&filter[whenFrom]=24-12-2026&filter[whenTo]=06-01-2027&filter[duration]=7:10&filter[from]=Warszawa-Radom,Warszawa,Warszawa-Modlin,Warszawa%20-%20Radom,Warszawa%20-%20Modlin&filter[person]=2&filter[child]=1&filter[price]=0:11000&filter[PriceFrom]=0&filter[PriceTo]=11000&filter[addCategory]=50&filter[addCatering]=1&filter[addMisc]=0&filter[addTransport]=F&filter[fp]=1&order_by=ofr_price&filter[tourOperator]=0&filter[childAge][1]=20201210","https://fly.pl/cdn/photo/assets/uploads/582/278/2015/09/Safir-Dahab-Resort.jpg","https://fly.pl/wycieczka/egipt,dahab,c/dahab-resort/pzim_4pmgnqtzPKzIYKd1lAAogb-wvzB_Js_ax1HFdSa1f9I0RCYMUbnAoptZdUuhRlRYqBEpPSVAw0ajU1AZI7FNQQVjCFWACagNDR21yQpsBFAEVBhcAXANYBVYCQMoGT-IBXQBe3voBEcQEUuIbUwBLxyNhAEzljDoN-_6XCSAAAdnNgIm0iMygMAINYwEAC-m5HLk/ofertasv/?filter[tourOperator]=JOIP&filter%5Bperson%5D=2&filter%5BchildAge%5D%5B1%5D=20201210&filter%5Bchild%5D=1","filter_egypt_ny_dec24_2026_7_10_days","egipt","dahab","c","2026-12-24","2026-12-31","8","7","Warszawa","2+1","egipt|dahab|2026-12-24|2026-12-31|7|Warszawa|2+1"
"Regency Plaza Aqua Park Spa","10751.0","24.12.2026 - 31.12.2026","8 dni/7 nocy","4.1","4.1","6188","tripadvisor","Warszawa","2026-08-31T05:42:39.451509+00:00","https://fly.pl/oferta/egipt-wczasy/?filter[dest]=11:&filter[hotelids]=&filter[cityids]=&filter[cregids]=&filter[ofrType]=&filter[addObjType]=&filter[whenFrom]=24-12-2026&filter[whenTo]=06-01-2027&filter[duration]=7:10&filter[from]=Warszawa-Radom,Warszawa,Warszawa-Modlin,Warszawa%20-%20Radom,Warszawa%20-%20Modlin&filter[person]=2&filter[child]=1&filter[price]=0:11000&filter[PriceFrom]=0&filter[PriceTo]=11000&filter[addCategory]=50&filter[addCatering]=1&filter[addMisc]=0&filter[addTransport]=F&filter[fp]=1&order_by=ofr_price&filter[tourOperator]=0&filter[childAge][1]=20201210","https://fly.pl/cdn/photo/assets/uploads/582/278/2014/07/Regency-Plaza-Aqua-Park-Spa-fly-pl.jpg","https://fly.pl/wycieczka/egipt,sharm-el-sheikh,szarm-el-szejk/regency-plaza/pylBH5-WA5RIAHM9lgZis2AAogNa2mpc6mrEPVlnIRBIQcS40RCYMUbnAoptZdUuhRlRYqBEpPSVAw0ajU1AZI_1NQQVjCFWACagNDR21yQpsBFAEVBhcAXANYBVYCQMoGT-IBXQARmcoBXsUwUqYgUwBLxyNhAEzljDoN-_6XCSAAAcq5xLjFiMygMAIOYwEADYpgr6U/ofertasv/?filter[tourOperator]=JOIP&filter%5Bperson%5D=2&filter%5BchildAge%5D%5B1%5D=20201210&filter%5Bchild%5D=1","filter_egypt_ny_dec24_2026_7_10_days","egipt","sharm-el-sheikh","szarm-el-szejk","2026-12-24","2026-12-31","8","7","Warszawa","2+1","egipt|sharm-el-sheikh|2026-12-24|2026-12-31|7|Warszawa|2+1"
"Sharm Grand Plaza Resort","10889.0","24.12.2026 - 31.12.2026","8 dni/7 nocy","4.4","4.4","9428","tripadvisor","Warszawa","2026-08-31T05:42:39.451509+00:00","https://fly.pl/oferta/egipt-wczasy/?filter[dest]=11:&filter[hotelids]=&filter[cityids]=&filter[cregids]=&filter[ofrType]=&filter[addObjType]=&filter[whenFrom]=24-12-2026&filter[whenTo]=06-01-2027&filter[duration]=7:10&filter[from]=Warszawa-Radom,Warszawa,Warszawa-Modlin,Warszawa%20-%20Radom,Warszawa%20-%20Modlin&filter[person]=2&filter[child]=1&filter[price]=0:11000&filter[PriceFrom]=0&filter[PriceTo]=11000&filter[addCategory]=50&filter[addCatering]=1&filter[addMisc]=0&filter[addTransport]=F&filter[fp]=1&order_by=ofr_price&filter[tourOperator]=0&filter[childAge][1]=20201210","https://fly.pl/cdn/photo/assets/uploads/582/278/2014/07/SHARM-GRAND-PLAZA-RESORT-1.jpg","https://fly.pl/wycieczka/egipt,sharm-el-sheikh,c/grand-plaza-resort/p1KDDrEeP8Coai1AgeAH6mAAogcz4rrP3fRwXDOrazAamFiI0RCYMUbnAoptZdUuhRlRYqBEpPSVAw0ajU1AZIiVVQQVjCFWACagMwMllyQpsBFAEVBhcAXANYBVYCQMoGT-IBXQARgscBXtwzUqYgUwBLxyNhAEzljDoN-_6XCSAAAefZ2MjVicygMAINYwEACxRMUm8/ofertasv/?filter[tourOperator]=JOIP&filter%5Bperson%5D=2&filter%5BchildAge%5D%5B1%5D=20201210&filter%5Bchild%5D=1","filter_egypt_ny_dec24_2026_7_10_days","egipt","sharm-el-sheikh","c","2026-12-24","2026-12-31","8","7","Warszawa","2+1","egipt|sharm-el-sheikh|2026-12-24|2026-12-31|7|Warszawa|2+1"
"Xperience Kiroseiz Parkland","10946.0","24.12.2026 - 31.12.2026","8 dni/7 nocy","4.5","4.5","3121","tripadvisor","Warszawa","2026-08-31T05:42:39.451509+00:00","https://fly.pl/oferta/egipt-wczasy/?filter[dest]=11:&filter[hotelids]=&filter[cityids]=&filter[cregids]=&filter[ofrType]=&filter[addObjType]=&filter[whenFrom]=24-12-2026&filter[whenTo]=06-01-2027&filter[duration]=7:10&filter[from]=Warszawa-Radom,Warszawa,Warszawa-Modlin,Warszawa%20-%20Radom,Warszawa%20-%20Modlin&filter[person]=2&filter[child]=1&filter[price]=0:11000&filter[PriceFrom]=0&filter[PriceTo]=11000&filter[addCategory]=50&filter[addCatering]=1&filter[addMisc]=0&filter[addTransport]=F&filter[fp]=1&order_by=ofr_price&filter[tourOperator]=0&filter[childAge][1]=20201210","https://fly.pl/cdn/photo/assets/uploads/582/278/2014/06/Xperience-Kiroseiz-Parkland-fly-pl.jpg","https://fly.pl/wycieczka/egipt,sharm-el-sheikh,c/xperience-kiroseiz-parkland/pBGc1XgTunjmZJBDVUo6oyAAogmLvQXqlZxEcPg01L56Crm40RCYMUbnAoptZdUuhRlRYqBEpPSVAw0ajU1AZIwlVQQVjCFWACagNDR21yQpsBFAEVBhcAXANYBVYCQMoGT-IBXQARt8YBXqc0UqYgUwBLxyNhAEzljDoN-_6XCSAAAcnXyLi0iMygMAINYwEAC1dcwGs/ofertasv/?filter[tourOperator]=JOIP&filter%5Bperson%5D=2&filter%5BchildAge%5D%5B1%5D=20201210&filter%5Bchild%5D=1","filter_egypt_ny_dec24_2026_7_10_days","egipt","sharm-el-sheikh","c","2026-12-24","2026-12-31","8","7","Warszawa","2+1","egipt|sharm-el-sheikh|2026-12-24|2026-12-31|7|Warszawa|2+1"
"Rehana Royal Beach Resort & Spa","10965.0","24.12.2026 - 31.12.2026","8 dni/7 nocy","4.3","4.3","4661","tripadvisor","Warszawa","2026-08-31T05:42:39.451509+00:00","https://fly.pl/oferta/egipt-wczasy/?filter[dest]=11:&filter[hotelids]=&filter[cityids]=&filter[cregids]=&filter[ofrType]=&filter[addObjType]=&filter[whenFrom]=24-12-2026&filter[whenTo]=06-01-2027&filter[duration]=7:10&filter[from]=Warszawa-Radom,Warszawa,Warszawa-Modlin,Warszawa%20-%20Radom,Warszawa%20-%20Modlin&filter[person]=2&filter[child]=1&filter[price]=0:11000&filter[PriceFrom]=0&filter[PriceTo]=11000&filter[addCategory]=50&filter[addCatering]=1&filter[addMisc]=0&filter[addTransport]=F&filter[fp]=1&order_by=ofr_price&filter[tourOperator]=0&filter[childAge][1]=20201210","https://fly.pl/cdn/photo/assets/uploads/582/278/2016/11/Rehana-Royal-Beach-Resort-amp-Spa.jpg","https://fly.pl/wycieczka/egipt,sharm-el-sheikh,c/rehana-royal-beach-resort-spa/p6DNLVhwDkLY8jF80OJ1kKAAogDH7tKRZnTfyoBCAh7xvifI0RCYMUbnAoptZdUuhRlRYqBEpPSVAw0ajU1AZI1VVQQVjCFWACagMwMHdyQpsBFAEVBhcAXANYBVYCQMoGT-IBXQAR88gBXusxUqYgUwBLxyNhAEzljDoN-_6XCSAAAe_dvLiDqs2gMAINYwEADBXet40/ofertasv/?filter[tourOperator]=JOIP&filter%5Bperson%5D=2&filter%5BchildAge%5D%5B1%5D=20201210&filter%5Bchild%5D=1","filter_egypt_ny_dec24_2026_7_10_days","egipt","sharm-el-sheikh","c","2026-12-24","2026-12-31","8","7","Warszawa","2+1","egipt|sharm-el-sheikh|2026-12-24|2026-12-31|7|Warszawa|2+1"
"Gravity Hotel & Aquapark Hurghada (ex. Samra Bay Resort)","10972.0","24.12.2026 - 31.12.2026","8 dni/7 nocy","","","","","Warszawa","2026-08-31T05:42:39.451509+00:00","https://fly.pl/oferta/egipt-wczasy/?filter[dest]=11:&filter[hotelids]=&filter[cityids]=&filter[cregids]=&filter[ofrType]=&filter[addObjType]=&filter[whenFrom]=24-12-2026&filter[whenTo]=06-01-2027&filter[duration]=7:10&filter[from]=Warszawa-Radom,Warszawa,Warszawa-Modlin,Warszawa%20-%20Radom,Warszawa%20-%20Modlin&filter[person]=2&filter[child]=1&filter[price]=0:11000&filter[PriceFrom]=0&filter[PriceTo]=11000&filter[addCategory]=50&filter[addCatering]=1&filter[addMisc]=0&filter[addTransport]=F&filter[fp]=1&order_by=ofr_price&filter[tourOperator]=0&filter[childAge][1]=20201210","https://fly.pl/cdn/photo/assets/uploads/582/278/2017/04/Gravity-Hotel-Aquapark-Hurghada.jpg","https://fly.pl/wycieczka/egipt,hurghada,c/samra-bay-resort/p7e4mOMn5UvxxPy_1-OdV9AAoguHhLBhDzhdphd211mkSAfhSsLauwO7yNTDNJOYuPziwqBEpPSVAw0ajU1AZI3FVQQVjCFWACagMwMllyQpsBFAEVBhcAXANYBVYCQMoGT-IBXQBSr6sBUwBer08RuD9LtQRhAEzljDoN-_6XCSAAAfCNjKmkhsygMAIOYwEADfBqaEo/ofertasv/?filter[tourOperator]=JOIP&filter%5Bperson%5D=2&filter%5BchildAge%5D%5B1%5D=20201210&filter%5Bchild%5D=1","filter_egypt_ny_dec24_2026_7_10_days","egipt","hurghada","c","2026-12-24","2026-12-31","8","7","Warszawa","2+1","egipt|hurghada|2026-12-24|2026-12-31|7|Warszawa|2+1"
"=======","","","","","","","","","","","","","","","","","","","","","","",""
"Creek Hotel & Residences Egipt, Hurghada, Al-Dżuna","8156.0","24.12.2026 - 31.12.2026","9 dni/7 nocy","4.8","4.8","219","tripadvisor","Warszawa - Modlin","2026-08-31T06:00:23.176903+00:00","https://fly.pl/oferta/egipt-wczasy/?filter[dest]=11:&filter[hotelids]=&filter[cityids]=&filter[cregids]=&filter[ofrType]=&filter[addObjType]=&filter[whenFrom]=24-12-2026&filter[whenTo]=06-01-2027&filter[duration]=7:10&filter[from]=Warszawa-Radom,Warszawa,Warszawa-Modlin,Warszawa%20-%20Radom,Warszawa%20-%20Modlin&filter[person]=2&filter[child]=1&filter[price]=0:11000&filter[PriceFrom]=0&filter[PriceTo]=11000&filter[addCategory]=50&filter[addCatering]=1&filter[addMisc]=0&filter[addTransport]=F&filter[fp]=1&order_by=ofr_price&filter[tourOperator]=0&filter[childAge][1]=20201210","https://fly.pl/cdn/photo/assets/uploads/582/278/2024/07/creek-hotel-residences.jpg","https://fly.pl/wycieczka/egipt,hurghada,al-dzuna/creek-hotel-residences-9/pmrKxxV85tgLeu9N6SER5LAAog2R7AVXwWeyg9QiBFOglfna4l3-lULG69CvLTTUqTvRIqBEJWQkUw-rDU1AZI3D9QAVjBFWACagJBSXIhHBH76gEb2LpBGJOVGrkE9bopqwRvAZrX0pMEAgBjAQYLewTBsQ/ofertasv/?filter[tourOperator]=BVBE&filter%5Bperson%5D=2&filter%5BchildAge%5D%5B1%5D=20201210&filter%5Bchild%5D=1","filter_egypt_ny_dec24_2026_7_10_days","egipt","hurghada","al-dzuna","2026-12-24","2026-12-31","9","7","Warszawa - Modlin","2+1","egipt|hurghada|2026-12-24|2026-12-31|7|Warszawa - Modlin|2+1"
"Parrotel Lagoon Resort Egipt, Sharm El Sheikh, Szarm el-Szejk","8381.0","24.12.2026 - 31.12.2026","8 dni/7 nocy","4.1","4.1","1824","tripadvisor","Warszawa","2026-08-31T06:00:23.176903+00:00","https://fly.pl/oferta/egipt-wczasy/?filter[dest]=11:&filter[hotelids]=&filter[cityids]=&filter[cregids]=&filter[ofrType]=&filter[addObjType]=&filter[whenFrom]=24-12-2026&filter[whenTo]=06-01-2027&filter[duration]=7:10&filter[from]=Warszawa-Radom,Warszawa,Warszawa-Modlin,Warszawa%20-%20Radom,Warszawa%20-%20Modlin&filter[person]=2&filter[child]=1&filter[price]=0:11000&filter[PriceFrom]=0&filter[PriceTo]=11000&filter[addCategory]=50&filter[addCatering]=1&filter[addMisc]=0&filter[addTransport]=F&filter[fp]=1&order_by=ofr_price&filter[tourOperator]=0&filter[childAge][1]=20201210","https://fly.pl/cdn/photo/assets/uploads/582/278/2020/10/Parrotel-Lagoon-Resort.jpg","https://fly.pl/wycieczka/egipt,sharm-el-sheikh,szarm-el-szejk/parrotel-lagoon-resort-14/puTWugI0QkBEH9ykFD5nipAAoglN3tht0aQgGSeoUxFLU93Y0RCYMUbnAoptZdUuhRlRYqBEpPSVAw-rDU1AZIvUFQQVjBFWACagMwMHdyQpsBFAEVBhcAXANYBVYCQMoGT-IBXQBe3voBUqYgUwBLxyNhABHdV0yItTkN-_6XCSAAAc-79PfSiMygMAIOYwEADYSMCmk/ofertasv/?filter[tourOperator]=JOIP&filter%5Bperson%5D=2&filter%5BchildAge%5D%5B1%5D=20201210&filter%5Bchild%5D=1","filter_egypt_ny_dec24_2026_7_10_days","egipt","sharm-el-sheikh","szarm-el-szejk","2026-12-24","2026-12-31","8","7","Warszawa","2+1","egipt|sharm-el-sheikh|2026-12-24|2026-12-31|7|Warszawa|2+1"
"Rewaya Luxury Resort Egipt, Hurghada","8547.0","24.12.2026 - 31.12.2026","9 dni/7 nocy","","","","","Warszawa - Modlin","2026-08-31T06:00:23.176903+00:00","https://fly.pl/oferta/egipt-wczasy/?filter[dest]=11:&filter[hotelids]=&filter[cityids]=&filter[cregids]=&filter[ofrType]=&filter[addObjType]=&filter[whenFrom]=24-12-2026&filter[whenTo]=06-01-2027&filter[duration]=7:10&filter[from]=Warszawa-Radom,Warszawa,Warszawa-Modlin,Warszawa%20-%20Radom,Warszawa%20-%20Modlin&filter[person]=2&filter[child]=1&filter[price]=0:11000&filter[PriceFrom]=0&filter[PriceTo]=11000&filter[addCategory]=50&filter[addCatering]=1&filter[addMisc]=0&filter[addTransport]=F&filter[fp]=1&order_by=ofr_price&filter[tourOperator]=0&filter[childAge][1]=20201210","https://datacfstatic.merlinx.pl/BVBE/IMG/31503/f66680a9abeb45c82bb08e52a0679d20e9ccf5a8e81183887092554840e8e4d0.webp","https://fly.pl/wycieczka/egipt,hurghada,c/rewaya-luxury-resort-9/p7XZ46p358w6GhD5VZOZQ1AAognWUmGBuKvA-cTWU98izlMa4l3-lULG69CvLTTUqTvRIqBEJWQkUw-rDU1AZI40JQAVjBFWACagNVQUlyIRwRj_YBG-fiQhje_Ri5BIefKasEbwHWjMWVBAISYwECDd8MhDw/ofertasv/?filter[tourOperator]=BVBE&filter%5Bperson%5D=2&filter%5BchildAge%5D%5B1%5D=20201210&filter%5Bchild%5D=1","filter_egypt_ny_dec24_2026_7_10_days","egipt","hurghada","c","2026-12-24","2026-12-31","9","7","Warszawa - Modlin","2+1","egipt|hurghada|2026-12-24|2026-12-31|7|Warszawa - Modlin|2+1"
"AMC Royal Hotel & Spa (ex. AMC Azur Resort) Egipt, Hurghada","8667.0","24.12.2026 - 31.12.2026","9 dni/7 nocy","4.4","4.4","3054","tripadvisor","Warszawa - Modlin","2026-08-31T06:00:23.176903+00:00","https://fly.pl/oferta/egipt-wczasy/?filter[dest]=11:&filter[hotelids]=&filter[cityids]=&filter[cregids]=&filter[ofrType]=&filter[addObjType]=&filter[whenFrom]=24-12-2026&filter[whenTo]=06-01-2027&filter[duration]=7:10&filter[from]=Warszawa-Radom,Warszawa,Warszawa-Modlin,Warszawa%20-%20Radom,Warszawa%20-%20Modlin&filter[person]=2&filter[child]=1&filter[price]=0:11000&filter[PriceFrom]=0&filter[PriceTo]=11000&filter[addCategory]=50&filter[addCatering]=1&filter[addMisc]=0&filter[addTransport]=F&filter[fp]=1&order_by=ofr_price&filter[tourOperator]=0&filter[childAge][1]=20201210","https://fly.pl/cdn/photo/assets/uploads/582/278/2014/07/AMC-Royal-Resort.jpg","https://fly.pl/wycieczka/egipt,hurghada,c/amc-royal-ex-amc-azur-resort/p1sZf5cbAMjTdV8Kb4AvDAAAogyACbrqqUjemILVLRqx7mzK4l3-lULG69CvLTTUqTvRIqBEJWQkUw-rDU1AZI20NQAVjBFWACagJBSXIhHBH-1AEbtupAGP34GrkEqr0pqwRvAfynxJMEAgBjAQYMKXZQpg/ofertasv/?filter[tourOperator]=BVBE&filter%5Bperson%5D=2&filter%5BchildAge%5D%5B1%5D=20201210&filter%5Bchild%5D=1","filter_egypt_ny_dec24_2026_7_10_days","egipt","hurghada","c","2026-12-24","2026-12-31","9","7","Warszawa - Modlin","2+1","egipt|hurghada|2026-12-24|2026-12-31|7|Warszawa - Modlin|2+1"
"Rewaya Majestic Resort Egipt, Hurghada","9067.0","24.12.2026 - 31.12.2026","9 dni/7 nocy","","","","","Warszawa - Modlin","2026-08-31T06:00:23.176903+00:00","https://fly.pl/oferta/egipt-wczasy/?filter[dest]=11:&filter[hotelids]=&filter[cityids]=&filter[cregids]=&filter[ofrType]=&filter[addObjType]=&filter[whenFrom]=24-12-2026&filter[whenTo]=06-01-2027&filter[duration]=7:10&filter[from]=Warszawa-Radom,Warszawa,Warszawa-Modlin,Warszawa%20-%20Radom,Warszawa%20-%20Modlin&filter[person]=2&filter[child]=1&filter[price]=0:11000&filter[PriceFrom]=0&filter[PriceTo]=11000&filter[addCategory]=50&filter[addCatering]=1&filter[addMisc]=0&filter[addTransport]=F&filter[fp]=1&order_by=ofr_price&filter[tourOperator]=0&filter[childAge][1]=20201210","https://datacfstatic.merlinx.pl/EXIM/IMG/114588/e3a15b238b2d30f27199dd0e48d3c85c0bc5e06a1c321d66bdb885dd7a89e111.webp","https://fly.pl/wycieczka/egipt,hurghada,c/rewaya-majestic-resort-10/p6undevQ0sgJKLsuVIaJeMAAogr62pPgv1QM-SW7VDsmj5Q726M4lZ0TmK_1aTPorq4NMqBEVYSU0w-rDU1AZI60ZQAVjBFWACagNVQUlyIRwRnP8GqwTEqUu5BEQbzJ9AGP7lRwHhgfKrDQISYwECDUla3QM/ofertasv/?filter[tourOperator]=EXIM&filter%5Bperson%5D=2&filter%5BchildAge%5D%5B1%5D=20201210&filter%5Bchild%5D=1","filter_egypt_ny_dec24_2026_7_10_days","egipt","hurghada","c","2026-12-24","2026-12-31","9","7","Warszawa - Modlin","2+1","egipt|hurghada|2026-12-24|2026-12-31|7|Warszawa - Modlin|2+1"
"Concorde Moreen Beach Resort & Spa Egipt, Marsa Alam","9310.0","30.12.2026 - 06.01.2027","8 dni/7 nocy","4.5","4.5","5598","tripadvisor","Warszawa - Modlin","2026-08-31T06:00:23.176903+00:00","https://fly.pl/oferta/egipt-wczasy/?filter[dest]=11:&filter[hotelids]=&filter[cityids]=&filter[cregids]=&filter[ofrType]=&filter[addObjType]=&filter[whenFrom]=24-12-2026&filter[whenTo]=06-01-2027&filter[duration]=7:10&filter[from]=Warszawa-Radom,Warszawa,Warszawa-Modlin,Warszawa%20-%20Radom,Warszawa%20-%20Modlin&filter[person]=2&filter[child]=1&filter[price]=0:11000&filter[PriceFrom]=0&filter[PriceTo]=11000&filter[addCategory]=50&filter[addCatering]=1&filter[addMisc]=0&filter[addTransport]=F&filter[fp]=1&order_by=ofr_price&filter[tourOperator]=0&filter[childAge][1]=20201210","https://fly.pl/cdn/photo/assets/uploads/582/278/2014/07/Concorde-Moreen-Beach-Resort-Spa-fly-pl.jpg","https://fly.pl/wycieczka/egipt,marsa-alam,c/concorde-moreen-beach-spa-resort/pofi17j0zpoVFzMKMd7AvSAAogtyYZ4AcRuGdKMiKUoAC2U8dnvfVmx8Rg_GaPWDTmLT4qBEpPSVAw-rDU1AZI3khQQVjRFmACagNDR21yQpsBFAEVBhcAXANYBVYCQMoGT6sCXQAR39ABXrYpUrwUUwBL0zJhAEzDiToNgf-XCSAAAcu31LDVys2gMAINYwEAC4uWnp0/ofertasv/?filter[tourOperator]=JOIP&filter%5Bperson%5D=2&filter%5BchildAge%5D%5B1%5D=20201210&filter%5Bchild%5D=1","filter_egypt_ny_dec24_2026_7_10_days","egipt","marsa-alam","c","2026-12-30","2027-01-06","8","7","Warszawa - Modlin","2+1","egipt|marsa-alam|2026-12-30|2027-01-06|7|Warszawa - Modlin|2+1"
"Fantazia Resort Egipt, Marsa Alam","9345.0","30.12.2026 - 06.01.2027","8 dni/7 nocy","4.4","4.4","5979","tripadvisor","Warszawa - Modlin","2026-08-31T06:00:23.176903+00:00","https://fly.pl/oferta/egipt-wczasy/?filter[dest]=11:&filter[hotelids]=&filter[cityids]=&filter[cregids]=&filter[ofrType]=&filter[addObjType]=&filter[whenFrom]=24-12-2026&filter[whenTo]=06-01-2027&filter[duration]=7:10&filter[from]=Warszawa-Radom,Warszawa,Warszawa-Modlin,Warszawa%20-%20Radom,Warszawa%20-%20Modlin&filter[person]=2&filter[child]=1&filter[price]=0:11000&filter[PriceFrom]=0&filter[PriceTo]=11000&filter[addCategory]=50&filter[addCatering]=1&filter[addMisc]=0&filter[addTransport]=F&filter[fp]=1&order_by=ofr_price&filter[tourOperator]=0&filter[childAge][1]=20201210","https://fly.pl/cdn/photo/assets/uploads/582/278/2016/11/Fantazia-Resort.jpg","https://fly.pl/wycieczka/egipt,marsa-alam,c/fantazia-resort/p3B9FwPATtOF1st-TWzJydAAogGOQkWddDoAqKmEAP79kdiMdnvfVmx8Rg_GaPWDTmLT4qBEpPSVAw-rDU1AZIgUlQQVjRFmACagMwMllyQpsBFAEVBhcAXANYBVYCQMoGT6sCXQBelfoBEcsBUvESUwBL0zJhAEzDiToNgf-XCSAAAeGVzLDVys2gMAINYwEADIhYjd0/ofertasv/?filter[tourOperator]=JOIP&filter%5Bperson%5D=2&filter%5BchildAge%5D%5B1%5D=20201210&filter%5Bchild%5D=1","filter_egypt_ny_dec24_2026_7_10_days","egipt","marsa-alam","c","2026-12-30","2027-01-06","8","7","Warszawa - Modlin","2+1","egipt|marsa-alam|2026-12-30|2027-01-06|7|Warszawa - Modlin|2+1"
"Hawaii Paradise Aqua Park Resort Egipt, Hurghada","9370.0","24.12.2026 - 31.12.2026","8 dni/7 nocy","3.4","3.4","441","tripadvisor","Warszawa","2026-08-31T06:00:23.176903+00:00","https://fly.pl/oferta/egipt-wczasy/?filter[dest]=11:&filter[hotelids]=&filter[cityids]=&filter[cregids]=&filter[ofrType]=&filter[addObjType]=&filter[whenFrom]=24-12-2026&filter[whenTo]=06-01-2027&filter[duration]=7:10&filter[from]=Warszawa-Radom,Warszawa,Warszawa-Modlin,Warszawa%20-%20Radom,Warszawa%20-%20Modlin&filter[person]=2&filter[child]=1&filter[price]=0:11000&filter[PriceFrom]=0&filter[PriceTo]=11000&filter[addCategory]=50&filter[addCatering]=1&filter[addMisc]=0&filter[addTransport]=F&filter[fp]=1&order_by=ofr_price&filter[tourOperator]=0&filter[childAge][1]=20201210","https://fly.pl/cdn/photo/assets/uploads/582/278/2020/09/Hawaii-Paradise-Aqua-Park-Resort.jpg","https://fly.pl/wycieczka/egipt,hurghada,c/hawaii-paradise-aqua-park-resort-14/pT3oxObvg8cTZPYgtle6sdAAogUUH-4BoGB7c6_W7xMZOlehSsLauwO7yNTDNJOYuPziwqBEpPSVAw-rDU1AZImklQQVjBFWACagNDR21yQ5sBFAEVBhcAXANYBVYCQMoGT-IBXQBSr6sBUwBer09L7UNhABHEiwFMoYE5Dfv-lwkgAAHxt7yAxYbMoDACDmMBAA0ubndm/ofertasv/?filter[tourOperator]=JOIP&filter%5Bperson%5D=2&filter%5BchildAge%5D%5B1%5D=20201210&filter%5Bchild%5D=1","filter_egypt_ny_dec24_2026_7_10_days","egipt","hurghada","c","2026-12-24","2026-12-31","8","7","Warszawa","2+1","egipt|hurghada|2026-12-24|2026-12-31|7|Warszawa|2+1"
"Gorgonia Beach Egipt, Marsa Alam","9400.0","30.12.2026 - 06.01.2027","8 dni/7 nocy","4.5","4.5","3753","tripadvisor","Warszawa - Modlin","2026-08-31T06:00:23.176903+00:00","https://fly.pl/oferta/egipt-wczasy/?filter[dest]=11:&filter[hotelids]=&filter[cityids]=&filter[cregids]=&filter[ofrType]=&filter[addObjType]=&filter[whenFrom]=24-12-2026&filter[whenTo]=06-01-2027&filter[duration]=7:10&filter[from]=Warszawa-Radom,Warszawa,Warszawa-Modlin,Warszawa%20-%20Radom,Warszawa%20-%20Modlin&filter[person]=2&filter[child]=1&filter[price]=0:11000&filter[PriceFrom]=0&filter[PriceTo]=11000&filter[addCategory]=50&filter[addCatering]=1&filter[addMisc]=0&filter[addTransport]=F&filter[fp]=1&order_by=ofr_price&filter[tourOperator]=0&filter[childAge][1]=20201210","https://fly.pl/cdn/photo/assets/uploads/582/278/2016/12/Gorgonia-Beach-Resort.jpg","https://fly.pl/wycieczka/egipt,marsa-alam,c/gorgonia-beach/pznnU4wm79YBryS6jYw_7tAAogYS3T-YjLMq4EhB4-8Lm3HsdnvfVmx8Rg_GaPWDTmLT4qBEpPSVAw-rDU1AZIuElQQVjRFmACagMwYmtyQ5sBFAEVBhcAXANYBVYCQMoGT6sCXQBelfoBUrwUUwBL0zJhABGumgFMle84DYH_lwkgAAHrx8Cw1crNoDACDWMBAAsb1ZnH/ofertasv/?filter[tourOperator]=JOIP&filter%5Bperson%5D=2&filter%5BchildAge%5D%5B1%5D=20201210&filter%5Bchild%5D=1","filter_egypt_ny_dec24_2026_7_10_days","egipt","marsa-alam","c","2026-12-30","2027-01-06","8","7","Warszawa - Modlin","2+1","egipt|marsa-alam|2026-12-30|2027-01-06|7|Warszawa - Modlin|2+1"
"Novotel Marsa Alam Egipt, Marsa Alam","9448.0","30.12.2026 - 06.01.2027","8 dni/7 nocy","4.5","4.5","3662","tripadvisor","Warszawa - Modlin","2026-08-31T06:00:23.176903+00:00","https://fly.pl/oferta/egipt-wczasy/?filter[dest]=11:&filter[hotelids]=&filter[cityids]=&filter[cregids]=&filter[ofrType]=&filter[addObjType]=&filter[whenFrom]=24-12-2026&filter[whenTo]=06-01-2027&filter[duration]=7:10&filter[from]=Warszawa-Radom,Warszawa,Warszawa-Modlin,Warszawa%20-%20Radom,Warszawa%20-%20Modlin&filter[person]=2&filter[child]=1&filter[price]=0:11000&filter[PriceFrom]=0&filter[PriceTo]=11000&filter[addCategory]=50&filter[addCatering]=1&filter[addMisc]=0&filter[addTransport]=F&filter[fp]=1&order_by=ofr_price&filter[tourOperator]=0&filter[childAge][1]=20201210","https://fly.pl/cdn/photo/assets/uploads/582/278/2015/09/Novotel-Marsa-Alam.jpg","https://fly.pl/wycieczka/egipt,marsa-alam,c/novotel-marsa-alam/p_JGjdHBlGYQ7uFNeo0mtsAAogYUqXWYDgVUuPg3x81XykmMdnvfVmx8Rg_GaPWDTmLT4qBEpPSVAw-rDU1AZI6ElQQVjRFmACagMwbkhyQpsBFAEVBhcAXANYBVYCQMoGT6sCXQBelfoBUrwUUwARrA5LpyRhAEzDiToNgf-XCSAAAcqN9LDVys2gMAINYwEACwpqZq0/ofertasv/?filter[tourOperator]=JOIP&filter%5Bperson%5D=2&filter%5BchildAge%5D%5B1%5D=20201210&filter%5Bchild%5D=1","filter_egypt_ny_dec24_2026_7_10_days","egipt","marsa-alam","c","2026-12-30","2027-01-06","8","7","Warszawa - Modlin","2+1","egipt|marsa-alam|2026-12-30|2027-01-06|7|Warszawa - Modlin|2+1"
"Sea Star Beau Rivage Egipt, Hurghada","9539.0","24.12.2026 - 31.12.2026","8 dni/7 nocy","4.5","4.5","4261","tripadvisor","Warszawa","2026-08-31T06:00:23.176903+00:00","https://fly.pl/oferta/egipt-wczasy/?filter[dest]=11:&filter[hotelids]=&filter[cityids]=&filter[cregids]=&filter[ofrType]=&filter[addObjType]=&filter[whenFrom]=24-12-2026&filter[whenTo]=06-01-2027&filter[duration]=7:10&filter[from]=Warszawa-Radom,Warszawa,Warszawa-Modlin,Warszawa%20-%20Radom,Warszawa%20-%20Modlin&filter[person]=2&filter[child]=1&filter[price]=0:11000&filter[PriceFrom]=0&filter[PriceTo]=11000&filter[addCategory]=50&filter[addCatering]=1&filter[addMisc]=0&filter[addTransport]=F&filter[fp]=1&order_by=ofr_price&filter[tourOperator]=0&filter[childAge][1]=20201210","https://fly.pl/cdn/photo/assets/uploads/582/278/2014/07/Sea-Star-Beau-Rivage-fly-pl.jpg","https://fly.pl/wycieczka/egipt,hurghada,c/sea-star-beau-rivage/pgTiv15F3Ggyk9MjI3juICAAogWzllsSxKLApvPTl2cC_E_RSsLauwO7yNTDNJOYuPziwqBEpPSVAw-rDU1AZIw0pQQVjBFWACagMwZmRyQpsBFAEVBhcAXANYBVYCQMoGT-IBXQBSr6sBUwARxxpe6DRL7UNhAEzljDoN-_6XCSAAAd7FiPDEhsygMAINYwEADNG8qv4/ofertasv/?filter[tourOperator]=JOIP&filter%5Bperson%5D=2&filter%5BchildAge%5D%5B1%5D=20201210&filter%5Bchild%5D=1","filter_egypt_ny_dec24_2026_7_10_days","egipt","hurghada","c","2026-12-24","2026-12-31","8","7","Warszawa","2+1","egipt|hurghada|2026-12-24|2026-12-31|7|Warszawa|2+1"
"Royal Lagoons Aqua (ex. Premium Blue) Egipt, Hurghada","9773.0","24.12.2026 - 31.12.2026","8 dni/7 nocy","4.2","4.2","4300","tripadvisor","Warszawa","2026-08-31T06:00:23.176903+00:00","https://fly.pl/oferta/egipt-wczasy/?filter[dest]=11:&filter[hotelids]=&filter[cityids]=&filter[cregids]=&filter[ofrType]=&filter[addObjType]=&filter[whenFrom]=24-12-2026&filter[whenTo]=06-01-2027&filter[duration]=7:10&filter[from]=Warszawa-Radom,Warszawa,Warszawa-Modlin,Warszawa%20-%20Radom,Warszawa%20-%20Modlin&filter[person]=2&filter[child]=1&filter[price]=0:11000&filter[PriceFrom]=0&filter[PriceTo]=11000&filter[addCategory]=50&filter[addCatering]=1&filter[addMisc]=0&filter[addTransport]=F&filter[fp]=1&order_by=ofr_price&filter[tourOperator]=0&filter[childAge][1]=20201210","https://fly.pl/cdn/photo/assets/uploads/582/278/2014/10/Royal-Lagoons-Aqua.jpg","https://fly.pl/wycieczka/egipt,hurghada,c/premium-blue-lagoon-ex-pyramisa-blue-lagoon/ptmPZAKeU-TlsjiJbbGK2nAAogpe-HhmiACix2IKh33cgMbxSsLauwO7yNTDNJOYuPziwqBEpPSVAw-rDU1AZIrUxQQVjBFWACagNDR21yQpsBFAEVBhcAXANYBVYCQMoGT-IBXQBSr6sBUwBer08RhzJL5hFhAEzljDoN-_6XCSAAAcvF3JjFhsygMAIOYwEADcjBaT8/ofertasv/?filter[tourOperator]=JOIP&filter%5Bperson%5D=2&filter%5BchildAge%5D%5B1%5D=20201210&filter%5Bchild%5D=1","filter_egypt_ny_dec24_2026_7_10_days","egipt","hurghada","c","2026-12-24","2026-12-31","8","7","Warszawa","2+1","egipt|hurghada|2026-12-24|2026-12-31|7|Warszawa|2+1"
"Swiss Inn Resort Hurghada (ex. Hilton Hurghada Resort) Egipt, Hurghada","9807.0","24.12.2026 - 31.12.2026","9 dni/7 nocy","4.5","4.5","1875","tripadvisor","Warszawa - Modlin","2026-08-31T06:00:23.176903+00:00","https://fly.pl/oferta/egipt-wczasy/?filter[dest]=11:&filter[hotelids]=&filter[cityids]=&filter[cregids]=&filter[ofrType]=&filter[addObjType]=&filter[whenFrom]=24-12-2026&filter[whenTo]=06-01-2027&filter[duration]=7:10&filter[from]=Warszawa-Radom,Warszawa,Warszawa-Modlin,Warszawa%20-%20Radom,Warszawa%20-%20Modlin&filter[person]=2&filter[child]=1&filter[price]=0:11000&filter[PriceFrom]=0&filter[PriceTo]=11000&filter[addCategory]=50&filter[addCatering]=1&filter[addMisc]=0&filter[addTransport]=F&filter[fp]=1&order_by=ofr_price&filter[tourOperator]=0&filter[childAge][1]=20201210","https://fly.pl/cdn/photo/assets/uploads/582/278/2014/07/Swiss-Inn-Resort-Hurghada.jpg","https://fly.pl/wycieczka/egipt,hurghada,c/hilton-resort/pfnCgx-wYOICd3-K51mGA6AAogyu8hLHX_QStZEcciiJ_Mqq4l3-lULG69CvLTTUqTvRIqBEJWQkUw-rDU1AZIz0xQAVjBFWACagJBSXIhHBGItAEbtPNBGLqkGrkE5akpqwRvAfL9zJQEAhJjAQIGnSziew/ofertasv/?filter[tourOperator]=BVBE&filter%5Bperson%5D=2&filter%5BchildAge%5D%5B1%5D=20201210&filter%5Bchild%5D=1","filter_egypt_ny_dec24_2026_7_10_days","egipt","hurghada","c","2026-12-24","2026-12-31","9","7","Warszawa - Modlin","2+1","egipt|hurghada|2026-12-24|2026-12-31|7|Warszawa - Modlin|2+1"
"Sentido Oriental Dream Resort Egipt, Marsa Alam","9855.0","28.12.2026 - 04.01.2027","8 dni/7 nocy","4.6","4.6","704","tripadvisor","Warszawa - Modlin","2026-08-31T06:00:23.176903+00:00","https://fly.pl/oferta/egipt-wczasy/?filter[dest]=11:&filter[hotelids]=&filter[cityids]=&filter[cregids]=&filter[ofrType]=&filter[addObjType]=&filter[whenFrom]=24-12-2026&filter[whenTo]=06-01-2027&filter[duration]=7:10&filter[from]=Warszawa-Radom,Warszawa,Warszawa-Modlin,Warszawa%20-%20Radom,Warszawa%20-%20Modlin&filter[person]=2&filter[child]=1&filter[price]=0:11000&filter[PriceFrom]=0&filter[PriceTo]=11000&filter[addCategory]=50&filter[addCatering]=1&filter[addMisc]=0&filter[addTransport]=F&filter[fp]=1&order_by=ofr_price&filter[tourOperator]=0&filter[childAge][1]=20201210","https://fly.pl/cdn/photo/assets/uploads/582/278/2016/09/Sentido-Oriental-Dream-Resort.jpg","https://fly.pl/wycieczka/egipt,marsa-alam,c/sentido-oriental-dream-resort/pZP9FxTvrGYFWzO9NW4TegAAoggyjvaImmKsBZvD_fu-HcxqZFgd19BsU2VNiIPevTnQ4qBEJWQkUw-rDU1AZI_0xQAVihFmACagJBSXIhHBHX-wEbvrBEGMPCGasEoOQnuQQRAcymxrQEAgBjAQYL711NBQ/ofertasv/?filter[tourOperator]=BVBE&filter%5Bperson%5D=2&filter%5BchildAge%5D%5B1%5D=20201210&filter%5Bchild%5D=1","filter_egypt_ny_dec24_2026_7_10_days","egipt","marsa-alam","c","2026-12-28","2027-01-04","8","7","Warszawa - Modlin","2+1","egipt|marsa-alam|2026-12-28|2027-01-04|7|Warszawa - Modlin|2+1"
"Gemma Resort (ex. Labranda Gemma Premium Resort) Egipt, Marsa Alam","9974.0","28.12.2026 - 04.01.2027","8 dni/7 nocy","4.5","4.5","5568","tripadvisor","Warszawa - Modlin","2026-08-31T06:00:23.176903+00:00","https://fly.pl/oferta/egipt-wczasy/?filter[dest]=11:&filter[hotelids]=&filter[cityids]=&filter[cregids]=&filter[ofrType]=&filter[addObjType]=&filter[whenFrom]=24-12-2026&filter[whenTo]=06-01-2027&filter[duration]=7:10&filter[from]=Warszawa-Radom,Warszawa,Warszawa-Modlin,Warszawa%20-%20Radom,Warszawa%20-%20Modlin&filter[person]=2&filter[child]=1&filter[price]=0:11000&filter[PriceFrom]=0&filter[PriceTo]=11000&filter[addCategory]=50&filter[addCatering]=1&filter[addMisc]=0&filter[addTransport]=F&filter[fp]=1&order_by=ofr_price&filter[tourOperator]=0&filter[childAge][1]=20201210","https://fly.pl/cdn/photo/assets/uploads/582/278/2015/06/Gemma-Resort.jpg","https://fly.pl/wycieczka/egipt,marsa-alam,c/gemma-resort/pLnVI3-K3Rg7l0b9N3V6L6AAogu7a4hAz2_c-IBrJCIxwED6ZFgd19BsU2VNiIPevTnQ4qBEJWQkUw-rDU1AZI9k1QAVihFmACagJBSXIhHBG8-QEbgPFDGOH5GasE2-4nuQQRAaz5s7MEAhJjAQINWsX2nw/ofertasv/?filter[tourOperator]=BVBE&filter%5Bperson%5D=2&filter%5BchildAge%5D%5B1%5D=20201210&filter%5Bchild%5D=1","filter_egypt_ny_dec24_2026_7_10_days","egipt","marsa-alam","c","2026-12-28","2027-01-04","8","7","Warszawa - Modlin","2+1","egipt|marsa-alam|2026-12-28|2027-01-04|7|Warszawa - Modlin|2+1"
"Le Meridien Dahab Resort Egipt, Dahab","9983.0","24.12.2026 - 31.12.2026","8 dni/7 nocy","4.3","4.3","1708","tripadvisor","Warszawa","2026-08-31T06:00:23.176903+00:00","https://fly.pl/oferta/egipt-wczasy/?filter[dest]=11:&filter[hotelids]=&filter[cityids]=&filter[cregids]=&filter[ofrType]=&filter[addObjType]=&filter[whenFrom]=24-12-2026&filter[whenTo]=06-01-2027&filter[duration]=7:10&filter[from]=Warszawa-Radom,Warszawa,Warszawa-Modlin,Warszawa%20-%20Radom,Warszawa%20-%20Modlin&filter[person]=2&filter[child]=1&filter[price]=0:11000&filter[PriceFrom]=0&filter[PriceTo]=11000&filter[addCategory]=50&filter[addCatering]=1&filter[addMisc]=0&filter[addTransport]=F&filter[fp]=1&order_by=ofr_price&filter[tourOperator]=0&filter[childAge][1]=20201210","https://fly.pl/cdn/photo/assets/uploads/582/278/2014/09/Retac-Qunay-Dahab.jpg","https://fly.pl/wycieczka/egipt,dahab,c/le-meridien-dahab-bay/p0xvVwIGy0ZqZXBTXFzRfCAAogaYjHUiP2my3qB9g9uPSD440RCYMUbnAoptZdUuhRlRYqBEpPSVAw-rDU1AZI_01QQVjBFWACagNDR21yQpsBFAEVBhcAXANYBVYCQMoGT-IBXQARrdEBXrEpUqYgUwBLxyNhAEzljDoN-_6XCSAAAeWZ5JDFiMygMAINYwEAC41AANA/ofertasv/?filter[tourOperator]=JOIP&filter%5Bperson%5D=2&filter%5BchildAge%5D%5B1%5D=20201210&filter%5Bchild%5D=1","filter_egypt_ny_dec24_2026_7_10_days","egipt","dahab","c","2026-12-24","2026-12-31","8","7","Warszawa","2+1","egipt|dahab|2026-12-24|2026-12-31|7|Warszawa|2+1"
"Raouf Sun International Aqua Park & SPA Egipt, Sharm El Sheikh, Szarm el-Szejk","9988.0","24.12.2026 - 31.12.2026","8 dni/7 nocy","3.8","3.8","319","tripadvisor","Warszawa","2026-08-31T06:00:23.176903+00:00","https://fly.pl/oferta/egipt-wczasy/?filter[dest]=11:&filter[hotelids]=&filter[cityids]=&filter[cregids]=&filter[ofrType]=&filter[addObjType]=&filter[whenFrom]=24-12-2026&filter[whenTo]=06-01-2027&filter[duration]=7:10&filter[from]=Warszawa-Radom,Warszawa,Warszawa-Modlin,Warszawa%20-%20Radom,Warszawa%20-%20Modlin&filter[person]=2&filter[child]=1&filter[price]=0:11000&filter[PriceFrom]=0&filter[PriceTo]=11000&filter[addCategory]=50&filter[addCatering]=1&filter[addMisc]=0&filter[addTransport]=F&filter[fp]=1&order_by=ofr_price&filter[tourOperator]=0&filter[childAge][1]=20201210","https://fly.pl/cdn/photo/assets/uploads/582/278/2024/07/raouf-sun-international-aqua-park-spa.jpg","https://fly.pl/wycieczka/egipt,sharm-el-sheikh,szarm-el-szejk/raouf-international-aqua-park-spa-14/pCsGCWDN9EMvgt02BceOHfAAogDMzrR9iJSSW0yhRwXrgWA40RCYMUbnAoptZdUuhRlRYqBEpPSVAw-rDU1AZIhE5QQVjBFWACagMxMm9yQ5sBFAEVBhcAXANYBVYCQMoGT-IBXQBe3voBUqYgUwBLxyNhABHPiAFMloQ5Dfv-lwkgAAHgr-S4w4jMoDACDWMBAAzIkfD3/ofertasv/?filter[tourOperator]=JOIP&filter%5Bperson%5D=2&filter%5BchildAge%5D%5B1%5D=20201210&filter%5Bchild%5D=1","filter_egypt_ny_dec24_2026_7_10_days","egipt","sharm-el-sheikh","szarm-el-szejk","2026-12-24","2026-12-31","8","7","Warszawa","2+1","egipt|sharm-el-sheikh|2026-12-24|2026-12-31|7|Warszawa|2+1"
"Park Inn (Sharm El Sheikh) Egipt, Sharm El Sheikh","9989.0","24.12.2026 - 31.12.2026","8 dni/7 nocy","4.3","4.3","7163","tripadvisor","Warszawa - Modlin","2026-08-31T06:00:23.176903+00:00","https://fly.pl/oferta/egipt-wczasy/?filter[dest]=11:&filter[hotelids]=&filter[cityids]=&filter[cregids]=&filter[ofrType]=&filter[addObjType]=&filter[whenFrom]=24-12-2026&filter[whenTo]=06-01-2027&filter[duration]=7:10&filter[from]=Warszawa-Radom,Warszawa,Warszawa-Modlin,Warszawa%20-%20Radom,Warszawa%20-%20Modlin&filter[person]=2&filter[child]=1&filter[price]=0:11000&filter[PriceFrom]=0&filter[PriceTo]=11000&filter[addCategory]=50&filter[addCatering]=1&filter[addMisc]=0&filter[addTransport]=F&filter[fp]=1&order_by=ofr_price&filter[tourOperator]=0&filter[childAge][1]=20201210","https://fly.pl/cdn/photo/assets/uploads/582/278/2016/11/Park-Inn-Sharm-El-Sheikh.jpg","https://fly.pl/wycieczka/egipt,sharm-el-sheikh,c/park-inn-sharm-el-sheikh/psT9njAObzyGWHKzXjtabRAAogmbUCkMeFSSGaAgKhYuaeBGgJ2MREVQeft-2AzPrrwC4qBEtPTVQw-rDU1AZIhU5QAVjBFWACagJBSXIfHBH6GqsEjeMBuQQxGLmuBBvX9iMB-fzyHgIAYwECBvseEuQ/ofertasv/?filter[tourOperator]=KOMT&filter%5Bperson%5D=2&filter%5BchildAge%5D%5B1%5D=20201210&filter%5Bchild%5D=1","filter_egypt_ny_dec24_2026_7_10_days","egipt","sharm-el-sheikh","c","2026-12-24","2026-12-31","8","7","Warszawa - Modlin","2+1","egipt|sharm-el-sheikh|2026-12-24|2026-12-31|7|Warszawa - Modlin|2+1"
"Jaz Sharm Dreams Resort (ex. Sharm Dreams Resort) Egipt, Sharm El Sheikh","9992.0","24.12.2026 - 31.12.2026","8 dni/7 nocy","4.3","4.3","6488","tripadvisor","Warszawa","2026-08-31T06:00:23.176903+00:00","https://fly.pl/oferta/egipt-wczasy/?filter[dest]=11:&filter[hotelids]=&filter[cityids]=&filter[cregids]=&filter[ofrType]=&filter[addObjType]=&filter[whenFrom]=24-12-2026&filter[whenTo]=06-01-2027&filter[duration]=7:10&filter[from]=Warszawa-Radom,Warszawa,Warszawa-Modlin,Warszawa%20-%20Radom,Warszawa%20-%20Modlin&filter[person]=2&filter[child]=1&filter[price]=0:11000&filter[PriceFrom]=0&filter[PriceTo]=11000&filter[addCategory]=50&filter[addCatering]=1&filter[addMisc]=0&filter[addTransport]=F&filter[fp]=1&order_by=ofr_price&filter[tourOperator]=0&filter[childAge][1]=20201210","https://fly.pl/cdn/photo/assets/uploads/582/278/2014/07/Jaz-Sharm-Dreams.jpg","https://fly.pl/wycieczka/egipt,sharm-el-sheikh,c/hilton-sharm-dreams-resort/pp7qXKsRRkyp8JUSzGlEs6AAogLjhZqwIBdqIp9uvfgHD7E40RCYMUbnAoptZdUuhRlRYqBEpPSVAw-rDU1AZIiE5QQVjBFWACagMwMllyQpsBFAEVBhcAXANYBVYCQMoGT-IBXQARxMYBXpo0UqYgUwBLxyNhAEzljDoN-_6XCSAAAfC9-L-1iMygMAINYwEADGswvZc/ofertasv/?filter[tourOperator]=JOIP&filter%5Bperson%5D=2&filter%5BchildAge%5D%5B1%5D=20201210&filter%5Bchild%5D=1","filter_egypt_ny_dec24_2026_7_10_days","egipt","sharm-el-sheikh","c","2026-12-24","2026-12-31","8","7","Warszawa","2+1","egipt|sharm-el-sheikh|2026-12-24|2026-12-31|7|Warszawa|2+1"
"Movenpick Sirena Beach Egipt, Marsa Alam, Al-Kusajr","10006.0","28.12.2026 - 04.01.2027","8 dni/7 nocy","4.7","4.7","466","tripadvisor","Warszawa - Modlin","2026-08-31T06:00:23.176903+00:00","https://fly.pl/oferta/egipt-wczasy/?filter[dest]=11:&filter[hotelids]=&filter[cityids]=&filter[cregids]=&filter[ofrType]=&filter[addObjType]=&filter[whenFrom]=24-12-2026&filter[whenTo]=06-01-2027&filter[duration]=7:10&filter[from]=Warszawa-Radom,Warszawa,Warszawa-Modlin,Warszawa%20-%20Radom,Warszawa%20-%20Modlin&filter[person]=2&filter[child]=1&filter[price]=0:11000&filter[PriceFrom]=0&filter[PriceTo]=11000&filter[addCategory]=50&filter[addCatering]=1&filter[addMisc]=0&filter[addTransport]=F&filter[fp]=1&order_by=ofr_price&filter[tourOperator]=0&filter[childAge][1]=20201210","https://datacfstatic.merlinx.pl/JOIP/IMG/60908/a0379f6d880c0f927e84af985906d18427fa6630df380b9e8cafce0b757c5aa9.webp","https://fly.pl/wycieczka/egipt,marsa-alam,al-kusajr/movenpick-sirena-beach-13/ptqpkD9bajlOeQMhzZ0zi4AAognJhHiCDJc3YWIjY5FGFX0YsNxIOSpaGCCB7Vylo6YhQqBEpPSVAw-rDU1AZIlk5QQVihFmACagM3RWZyQ5sBFAEVBhcAXANYBVYCQMoGT6sCXQBelfoBUrwUUwBL0zJhABHCkQFMgfg4Df_-lwkgAAHf34Sx1crNoDACDmMBAA2HTlu1/ofertasv/?filter[tourOperator]=JOIP&filter%5Bperson%5D=2&filter%5BchildAge%5D%5B1%5D=20201210&filter%5Bchild%5D=1","filter_egypt_ny_dec24_2026_7_10_days","egipt","marsa-alam","al-kusajr","2026-12-28","2027-01-04","8","7","Warszawa - Modlin","2+1","egipt|marsa-alam|2026-12-28|2027-01-04|7|Warszawa - Modlin|2+1"
"Dream Lagoon & Aqua Park Resort (ex. Floriana Dream Lagoon) Egipt, Marsa Alam","10037.0","29.12.2026 - 05.01.2027","8 dni/7 nocy","4.3","4.3","5710","tripadvisor","Warszawa","2026-08-31T06:00:23.176903+00:00","https://fly.pl/oferta/egipt-wczasy/?filter[dest]=11:&filter[hotelids]=&filter[cityids]=&filter[cregids]=&filter[ofrType]=&filter[addObjType]=&filter[whenFrom]=24-12-2026&filter[whenTo]=06-01-2027&filter[duration]=7:10&filter[from]=Warszawa-Radom,Warszawa,Warszawa-Modlin,Warszawa%20-%20Radom,Warszawa%20-%20Modlin&filter[person]=2&filter[child]=1&filter[price]=0:11000&filter[PriceFrom]=0&filter[PriceTo]=11000&filter[addCategory]=50&filter[addCatering]=1&filter[addMisc]=0&filter[addTransport]=F&filter[fp]=1&order_by=ofr_price&filter[tourOperator]=0&filter[childAge][1]=20201210","https://fly.pl/cdn/photo/assets/uploads/582/278/2015/11/Future-Dream-Lagoon-ex.-Floriana-Dream-Lagoon-fly-pl.jpg","https://fly.pl/wycieczka/egipt,marsa-alam,c/floriana-dream-lagoon/pjj6EoLFujDSAPjXognVLUAAogIEazr1PvZnT84Ds2qrjZKMa1pxxZSARSPLLVQIXch-oqBEVYSU0w-rDU1AZItU5QAVi5FmACagJBSXIhHBHagAe5BIucS6sEGhuJ9kAYv8BIAZeDkLMNAgBjAQINF3hq8Q/ofertasv/?filter[tourOperator]=EXIM&filter%5Bperson%5D=2&filter%5BchildAge%5D%5B1%5D=20201210&filter%5Bchild%5D=1","filter_egypt_ny_dec24_2026_7_10_days","egipt","marsa-alam","c","2026-12-29","2027-01-05","8","7","Warszawa","2+1","egipt|marsa-alam|2026-12-29|2027-01-05|7|Warszawa|2+1"
"Dreams Beach (Sharm El Sheikh) Egipt, Sharm El Sheikh, Szarm el-Szejk","10073.0","24.12.2026 - 31.12.2026","8 dni/7 nocy","3.9","3.9","2640","tripadvisor","Warszawa","2026-08-31T06:00:23.176903+00:00","https://fly.pl/oferta/egipt-wczasy/?filter[dest]=11:&filter[hotelids]=&filter[cityids]=&filter[cregids]=&filter[ofrType]=&filter[addObjType]=&filter[whenFrom]=24-12-2026&filter[whenTo]=06-01-2027&filter[duration]=7:10&filter[from]=Warszawa-Radom,Warszawa,Warszawa-Modlin,Warszawa%20-%20Radom,Warszawa%20-%20Modlin&filter[person]=2&filter[child]=1&filter[price]=0:11000&filter[PriceFrom]=0&filter[PriceTo]=11000&filter[addCategory]=50&filter[addCatering]=1&filter[addMisc]=0&filter[addTransport]=F&filter[fp]=1&order_by=ofr_price&filter[tourOperator]=0&filter[childAge][1]=20201210","https://fly.pl/cdn/photo/assets/uploads/582/278/2014/07/Dreams-Beach-Resort.jpg","https://fly.pl/wycieczka/egipt,sharm-el-sheikh,szarm-el-szejk/dreams-beach-sharm-el-sheikh/pzoBKauXPtocKcyS3WQ_NcAAogmWsNTubVUHJiFrHADfnAJ40RCYMUbnAoptZdUuhRlRYqBEpPSVAw-rDU1AZI2U5QQVjBFWACagNDR21yQpsBFAEVBhcAXANYBVYCQMoGT-IBXQAR5MYBXvozUqYgUwBLxyNhAEzljDoN-_6XCSAAAdDh-PjCiMygMAINYwEAC--Mheo/ofertasv/?filter[tourOperator]=JOIP&filter%5Bperson%5D=2&filter%5BchildAge%5D%5B1%5D=20201210&filter%5Bchild%5D=1","filter_egypt_ny_dec24_2026_7_10_days","egipt","sharm-el-sheikh","szarm-el-szejk","2026-12-24","2026-12-31","8","7","Warszawa","2+1","egipt|sharm-el-sheikh|2026-12-24|2026-12-31|7|Warszawa|2+1"
"IL Mercato (ex. Iberotel Il Mercato) Egipt, Sharm El Sheikh","10077.0","24.12.2026 - 31.12.2026","8 dni/7 nocy","4.4","4.4","2248","tripadvisor","Warszawa","2026-08-31T06:00:23.176903+00:00","https://fly.pl/oferta/egipt-wczasy/?filter[dest]=11:&filter[hotelids]=&filter[cityids]=&filter[cregids]=&filter[ofrType]=&filter[addObjType]=&filter[whenFrom]=24-12-2026&filter[whenTo]=06-01-2027&filter[duration]=7:10&filter[from]=Warszawa-Radom,Warszawa,Warszawa-Modlin,Warszawa%20-%20Radom,Warszawa%20-%20Modlin&filter[person]=2&filter[child]=1&filter[price]=0:11000&filter[PriceFrom]=0&filter[PriceTo]=11000&filter[addCategory]=50&filter[addCatering]=1&filter[addMisc]=0&filter[addTransport]=F&filter[fp]=1&order_by=ofr_price&filter[tourOperator]=0&filter[childAge][1]=20201210","https://fly.pl/cdn/photo/assets/uploads/582/278/2014/07/Il-Mercato-Hotel-Spa-Sharm-El-Sheikh.jpg","https://fly.pl/wycieczka/egipt,sharm-el-sheikh,c/iberotel-il-mercato/pvl05ZMFdei3tEEbJiPoRvAAogyK3R0wXF1UE9KC9A_lH8gY0RCYMUbnAoptZdUuhRlRYqBEpPSVAw-rDU1AZI3U5QQVjBFWACagNDR21yQpsBFAEVBhcAXANYBVYCQMoGT-IBXQBe3voBEcsXUtsIUwBLxyNhAEzljDoN-_6XCSAAAcvP1NDEiMygMAINYwEAC5bl704/ofertasv/?filter[tourOperator]=JOIP&filter%5Bperson%5D=2&filter%5BchildAge%5D%5B1%5D=20201210&filter%5Bchild%5D=1","filter_egypt_ny_dec24_2026_7_10_days","egipt","sharm-el-sheikh","c","2026-12-24","2026-12-31","8","7","Warszawa","2+1","egipt|sharm-el-sheikh|2026-12-24|2026-12-31|7|Warszawa|2+1"
"Parrotel Beach Resort (ex. Radisson Blu) Egipt, Sharm El Sheikh","10218.0","24.12.2026 - 31.12.2026","8 dni/7 nocy","4.4","4.4","6983","tripadvisor","Warszawa","2026-08-31T06:00:23.176903+00:00","https://fly.pl/oferta/egipt-wczasy/?filter[dest]=11:&filter[hotelids]=&filter[cityids]=&filter[cregids]=&filter[ofrType]=&filter[addObjType]=&filter[whenFrom]=24-12-2026&filter[whenTo]=06-01-2027&filter[duration]=7:10&filter[from]=Warszawa-Radom,Warszawa,Warszawa-Modlin,Warszawa%20-%20Radom,Warszawa%20-%20Modlin&filter[person]=2&filter[child]=1&filter[price]=0:11000&filter[PriceFrom]=0&filter[PriceTo]=11000&filter[addCategory]=50&filter[addCatering]=1&filter[addMisc]=0&filter[addTransport]=F&filter[fp]=1&order_by=ofr_price&filter[tourOperator]=0&filter[childAge][1]=20201210","https://fly.pl/cdn/photo/assets/uploads/582/278/2014/07/Parrotel-Beach-Resort.jpg","https://fly.pl/wycieczka/egipt,sharm-el-sheikh,c/radisson-blu-resort-sharm-el-sheikh/pcza6J_h4ImIgwb1Fop934AAogSBPBQ7vP2oTb-cWJBFOPCY0RCYMUbnAoptZdUuhRlRYqBEpPSVAw-rDU1AZI6k9QQVjBFWACagNDR21yQpsBFAEVBhcAXANYBVYCQMoGT-IBXQARoccBXr0zUqYgUwBLxyNhAEzljDoN-_6XCSAAAcmX-JfTiMygMAIOYwEADV943t4/ofertasv/?filter[tourOperator]=JOIP&filter%5Bperson%5D=2&filter%5BchildAge%5D%5B1%5D=20201210&filter%5Bchild%5D=1","filter_egypt_ny_dec24_2026_7_10_days","egipt","sharm-el-sheikh","c","2026-12-24","2026-12-31","8","7","Warszawa","2+1","egipt|sharm-el-sheikh|2026-12-24|2026-12-31|7|Warszawa|2+1"
"Utopia Blue Resort Egipt, Marsa Alam","10267.0","29.12.2026 - 05.01.2027","8 dni/7 nocy","","","","","Warszawa","2026-08-31T06:00:23.176903+00:00","https://fly.pl/oferta/egipt-wczasy/?filter[dest]=11:&filter[hotelids]=&filter[cityids]=&filter[cregids]=&filter[ofrType]=&filter[addObjType]=&filter[whenFrom]=24-12-2026&filter[whenTo]=06-01-2027&filter[duration]=7:10&filter[from]=Warszawa-Radom,Warszawa,Warszawa-Modlin,Warszawa%20-%20Radom,Warszawa%20-%20Modlin&filter[person]=2&filter[child]=1&filter[price]=0:11000&filter[PriceFrom]=0&filter[PriceTo]=11000&filter[addCategory]=50&filter[addCatering]=1&filter[addMisc]=0&filter[addTransport]=F&filter[fp]=1&order_by=ofr_price&filter[tourOperator]=0&filter[childAge][1]=20201210","https://datacfstatic.merlinx.pl/EXIM/IMG/108331/47170af13502131b7b7d23ecf494e622a96110e1a4bfcf3019d7db4830283601.webp","https://fly.pl/wycieczka/egipt,marsa-alam,c/utopia-blue-resort-13/p6TmzW3cAK7MT9K1MmEqf3AAogYVgqE-up_n58mpmDYL3QCca1pxxZSARSPLLVQIXch-oqBEVYSU0w-rDU1AZIm1BQAVi5FmACagJBSXIhHBGrzga5BLrOS6sEGhuLzTAYvuNRAb-UvPIMAgBjAQIMHvHRvg/ofertasv/?filter[tourOperator]=EXIM&filter%5Bperson%5D=2&filter%5BchildAge%5D%5B1%5D=20201210&filter%5Bchild%5D=1","filter_egypt_ny_dec24_2026_7_10_days","egipt","marsa-alam","c","2026-12-29","2027-01-05","8","7","Warszawa","2+1","egipt|marsa-alam|2026-12-29|2027-01-05|7|Warszawa|2+1"
"Raouf Star Egipt, Sharm El Sheikh, Szarm el-Szejk","10300.0","24.12.2026 - 31.12.2026","8 dni/7 nocy","4.2","4.2","100","tripadvisor","Warszawa","2026-08-31T06:00:23.176903+00:00","https://fly.pl/oferta/egipt-wczasy/?filter[dest]=11:&filter[hotelids]=&filter[cityids]=&filter[cregids]=&filter[ofrType]=&filter[addObjType]=&filter[whenFrom]=24-12-2026&filter[whenTo]=06-01-2027&filter[duration]=7:10&filter[from]=Warszawa-Radom,Warszawa,Warszawa-Modlin,Warszawa%20-%20Radom,Warszawa%20-%20Modlin&filter[person]=2&filter[child]=1&filter[price]=0:11000&filter[PriceFrom]=0&filter[PriceTo]=11000&filter[addCategory]=50&filter[addCatering]=1&filter[addMisc]=0&filter[addTransport]=F&filter[fp]=1&order_by=ofr_price&filter[tourOperator]=0&filter[childAge][1]=20201210","https://fly.pl/cdn/photo/assets/uploads/582/278/2023/04/Amarina-Star-Resort-Aqua-Park.jpg","https://fly.pl/wycieczka/egipt,sharm-el-sheikh,szarm-el-szejk/raouf-star-15/pONcZPCsL4KatXuP1HkbScAAogn7JU-pwN9yb_q1ZQWVeu5Y0RCYMUbnAoptZdUuhRlRYqBEpPSVAw-rDU1AZIvFBQQVjBFWACagMxMm9yQ5sBFAEVBhcAXANYBVYCQMoGT-IBXQBe3voBUqYgUwBLxyNhABH2pwFM7-Q4Dfv-lwkgAAHiv_iPxIjMoDACDWMBAAwHUqQz/ofertasv/?filter[tourOperator]=JOIP&filter%5Bperson%5D=2&filter%5BchildAge%5D%5B1%5D=20201210&filter%5Bchild%5D=1","filter_egypt_ny_dec24_2026_7_10_days","egipt","sharm-el-sheikh","szarm-el-szejk","2026-12-24","2026-12-31","8","7","Warszawa","2+1","egipt|sharm-el-sheikh|2026-12-24|2026-12-31|7|Warszawa|2+1"
"Three Corners Fayrouz Plaza Beach Resort Egipt, Marsa Alam","10357.0","28.12.2026 - 04.01.2027","8 dni/7 nocy","4.7","4.7","13130","tripadvisor","Warszawa - Modlin","2026-08-31T06:00:23.176903+00:00","https://fly.pl/oferta/egipt-wczasy/?filter[dest]=11:&filter[hotelids]=&filter[cityids]=&filter[cregids]=&filter[ofrType]=&filter[addObjType]=&filter[whenFrom]=24-12-2026&filter[whenTo]=06-01-2027&filter[duration]=7:10&filter[from]=Warszawa-Radom,Warszawa,Warszawa-Modlin,Warszawa%20-%20Radom,Warszawa%20-%20Modlin&filter[person]=2&filter[child]=1&filter[price]=0:11000&filter[PriceFrom]=0&filter[PriceTo]=11000&filter[addCategory]=50&filter[addCatering]=1&filter[addMisc]=0&filter[addTransport]=F&filter[fp]=1&order_by=ofr_price&filter[tourOperator]=0&filter[childAge][1]=20201210","https://fly.pl/cdn/photo/assets/uploads/582/278/2014/10/The-Three-Corners-Fayrouz-Plaza.jpg","https://fly.pl/wycieczka/egipt,marsa-alam,c/three-corners-fayrouz-plaza-beach-resort/pvBMp39ukO5q_B-xSGQKLpAAog5lk1jaU25bFqC0jRJW3xTqZFgd19BsU2VNiIPevTnQ4qBEJWQkUw-rDU1AZI9VBQAVihFmACagJBSXIhHBHg-QEbtvJDGL_1GasEo_EnuQQRAfGilLMEAhJjAQINuoYiiQ/ofertasv/?filter[tourOperator]=BVBE&filter%5Bperson%5D=2&filter%5BchildAge%5D%5B1%5D=20201210&filter%5Bchild%5D=1","filter_egypt_ny_dec24_2026_7_10_days","egipt","marsa-alam","c","2026-12-28","2027-01-04","8","7","Warszawa - Modlin","2+1","egipt|marsa-alam|2026-12-28|2027-01-04|7|Warszawa - Modlin|2+1"
"Radisson Blu Resort (El Quseir) Egipt, Marsa Alam, Al-Kusajr","10379.0","30.12.2026 - 06.01.2027","8 dni/7 nocy","4.4","4.4","3127","tripadvisor","Warszawa - Modlin","2026-08-31T06:00:23.176903+00:00","https://fly.pl/oferta/egipt-wczasy/?filter[dest]=11:&filter[hotelids]=&filter[cityids]=&filter[cregids]=&filter[ofrType]=&filter[addObjType]=&filter[whenFrom]=24-12-2026&filter[whenTo]=06-01-2027&filter[duration]=7:10&filter[from]=Warszawa-Radom,Warszawa,Warszawa-Modlin,Warszawa%20-%20Radom,Warszawa%20-%20Modlin&filter[person]=2&filter[child]=1&filter[price]=0:11000&filter[PriceFrom]=0&filter[PriceTo]=11000&filter[addCategory]=50&filter[addCatering]=1&filter[addMisc]=0&filter[addTransport]=F&filter[fp]=1&order_by=ofr_price&filter[tourOperator]=0&filter[childAge][1]=20201210","https://fly.pl/cdn/photo/assets/uploads/582/278/2015/02/RADISSON-BLU-m.jpg","https://fly.pl/wycieczka/egipt,marsa-alam,al-kusajr/radisson-blu-resort-el-quseir/pAGapyP17fPgsQOc3DfNFRAAogfi7m0MksiVpeAPomS0HoYsdnvfVmx8Rg_GaPWDTmLT4qBEpPSVAw-rDU1AZIi1FQQVjRFmACagMwMEZyQpsBFAEVBhcAXANYBVYCQMoGT6sCXQBelfoBUrwUUwARuhhLmRphAEzDiToNgf-XCSAAAeLViLHVys2gMAINYwEAC8SoAq8/ofertasv/?filter[tourOperator]=JOIP&filter%5Bperson%5D=2&filter%5BchildAge%5D%5B1%5D=20201210&filter%5Bchild%5D=1","filter_egypt_ny_dec24_2026_7_10_days","egipt","marsa-alam","al-kusajr","2026-12-30","2027-01-06","8","7","Warszawa - Modlin","2+1","egipt|marsa-alam|2026-12-30|2027-01-06|7|Warszawa - Modlin|2+1"
"Bellagio Beach Resort & Spa (ex. Panorama Bungalows Hurghada) Egipt, Hurghada","10460.0","24.12.2026 - 31.12.2026","8 dni/7 nocy","4.3","4.3","4460","tripadvisor","Warszawa","2026-08-31T06:00:23.176903+00:00","https://fly.pl/oferta/egipt-wczasy/?filter[dest]=11:&filter[hotelids]=&filter[cityids]=&filter[cregids]=&filter[ofrType]=&filter[addObjType]=&filter[whenFrom]=24-12-2026&filter[whenTo]=06-01-2027&filter[duration]=7:10&filter[from]=Warszawa-Radom,Warszawa,Warszawa-Modlin,Warszawa%20-%20Radom,Warszawa%20-%20Modlin&filter[person]=2&filter[child]=1&filter[price]=0:11000&filter[PriceFrom]=0&filter[PriceTo]=11000&filter[addCategory]=50&filter[addCatering]=1&filter[addMisc]=0&filter[addTransport]=F&filter[fp]=1&order_by=ofr_price&filter[tourOperator]=0&filter[childAge][1]=20201210","https://fly.pl/cdn/photo/assets/uploads/582/278/2014/07/Bellagio-Beach-Resort-Spa.jpg","https://fly.pl/wycieczka/egipt,hurghada,c/panorama-bungalow-resort/pHzCeVx_0ias3tp0JA1AbjAAogwO8zDWpUkApPuxcS6YlT_BSsLauwO7yNTDNJOYuPziwqBEpPSVAw-rDU1AZI3FFQQVjBFWACagMwMHdyQ5sBFAEVBhcAXANYBVYCQMoGT-IBXQBSr6sBUwBer09L7UNhABGgjgFMxf44Dfv-lwkgAAHl4finpIbMoDACDmMBAA18FO_2/ofertasv/?filter[tourOperator]=JOIP&filter%5Bperson%5D=2&filter%5BchildAge%5D%5B1%5D=20201210&filter%5Bchild%5D=1","filter_egypt_ny_dec24_2026_7_10_days","egipt","hurghada","c","2026-12-24","2026-12-31","8","7","Warszawa","2+1","egipt|hurghada|2026-12-24|2026-12-31|7|Warszawa|2+1"
"Amarina Jannah Resort Aquapark Egipt, Marsa Alam, Port Ghalib","10507.0","29.12.2026 - 05.01.2027","8 dni/7 nocy","4.7","4.7","661","tripadvisor","Warszawa","2026-08-31T06:00:23.176903+00:00","https://fly.pl/oferta/egipt-wczasy/?filter[dest]=11:&filter[hotelids]=&filter[cityids]=&filter[cregids]=&filter[ofrType]=&filter[addObjType]=&filter[whenFrom]=24-12-2026&filter[whenTo]=06-01-2027&filter[duration]=7:10&filter[from]=Warszawa-Radom,Warszawa,Warszawa-Modlin,Warszawa%20-%20Radom,Warszawa%20-%20Modlin&filter[person]=2&filter[child]=1&filter[price]=0:11000&filter[PriceFrom]=0&filter[PriceTo]=11000&filter[addCategory]=50&filter[addCatering]=1&filter[addMisc]=0&filter[addTransport]=F&filter[fp]=1&order_by=ofr_price&filter[tourOperator]=0&filter[childAge][1]=20201210","https://fly.pl/cdn/photo/assets/uploads/582/278/2023/04/Amarina-Jannah-Resort-Aquapark.jpg","https://fly.pl/wycieczka/egipt,marsa-alam,port-ghalib/amarina-jannah-resort-aquapark-15/pjB6Ug3x_rmYpvSdW7vYriAAog7Xo7qCP-DOOl8q-zUEOMksa1pxxZSARSPLLVQIXch-oqBEVYSU0w-rDU1AZIi1JQAVi5FmACagJBSXIhHBGqzga5BLvOS6sEGhvT0jAY8dpRAZKhu_IMAgBjAQIOjz49tQ/ofertasv/?filter[tourOperator]=EXIM&filter%5Bperson%5D=2&filter%5BchildAge%5D%5B1%5D=20201210&filter%5Bchild%5D=1","filter_egypt_ny_dec24_2026_7_10_days","egipt","marsa-alam","port-ghalib","2026-12-29","2027-01-05","8","7","Warszawa","2+1","egipt|marsa-alam|2026-12-29|2027-01-05|7|Warszawa|2+1"
"Xperience Kiroseiz Premier","10573.0","24.12.2026 - 31.12.2026","8 dni/7 nocy","4.5","4.5","980","tripadvisor","Warszawa","2026-08-31T06:00:23.176903+00:00","https://fly.pl/oferta/egipt-wczasy/?filter[dest]=11:&filter[hotelids]=&filter[cityids]=&filter[cregids]=&filter[ofrType]=&filter[addObjType]=&filter[whenFrom]=24-12-2026&filter[whenTo]=06-01-2027&filter[duration]=7:10&filter[from]=Warszawa-Radom,Warszawa,Warszawa-Modlin,Warszawa%20-%20Radom,Warszawa%20-%20Modlin&filter[person]=2&filter[child]=1&filter[price]=0:11000&filter[PriceFrom]=0&filter[PriceTo]=11000&filter[addCategory]=50&filter[addCatering]=1&filter[addMisc]=0&filter[addTransport]=F&filter[fp]=1&order_by=ofr_price&filter[tourOperator]=0&filter[childAge][1]=20201210","https://fly.pl/cdn/photo/assets/uploads/582/278/2015/11/Xperience-Kiroseiz-Premier-fly-pl-3.jpg","https://fly.pl/wycieczka/egipt,sharm-el-sheikh,c/xperience-kiroseiz-premier/pfVLeyOGtbsK1FENzPZUIuAAogc5qsI0a47M53bgGd0dOQ4o0RCYMUbnAoptZdUuhRlRYqBEpPSVAw-7DU1AZIzVJQQVjBFWACagNDR21yQpsBFAEVBhcAXANYBVYCQMoGT-IBXQBe3voBEeYSUsANUwBLxyNhAEzljDoN-_6XCSAAAcvRiLG0iMygMAINYwEAC6FGiKc/ofertasv/?filter[tourOperator]=JOIP&filter%5Bperson%5D=2&filter%5BchildAge%5D%5B1%5D=20201210&filter%5Bchild%5D=1","filter_egypt_ny_dec24_2026_7_10_days","egipt","sharm-el-sheikh","c","2026-12-24","2026-12-31","8","7","Warszawa","2+1","egipt|sharm-el-sheikh|2026-12-24|2026-12-31|7|Warszawa|2+1"
"Pickalbatros Palace Port Ghalib (ex. Red Sea The Palace)","10624.0","30.12.2026 - 06.01.2027","8 dni/7 nocy","4.7","4.7","3718","tripadvisor","Warszawa - Modlin","2026-08-31T06:00:23.176903+00:00","https://fly.pl/oferta/egipt-wczasy/?filter[dest]=11:&filter[hotelids]=&filter[cityids]=&filter[cregids]=&filter[ofrType]=&filter[addObjType]=&filter[whenFrom]=24-12-2026&filter[whenTo]=06-01-2027&filter[duration]=7:10&filter[from]=Warszawa-Radom,Warszawa,Warszawa-Modlin,Warszawa%20-%20Radom,Warszawa%20-%20Modlin&filter[person]=2&filter[child]=1&filter[price]=0:11000&filter[PriceFrom]=0&filter[PriceTo]=11000&filter[addCategory]=50&filter[addCatering]=1&filter[addMisc]=0&filter[addTransport]=F&filter[fp]=1&order_by=ofr_price&filter[tourOperator]=0&filter[childAge][1]=20201210","https://fly.pl/cdn/photo/assets/uploads/582/278/2014/09/albatros-palace.jpg","https://fly.pl/wycieczka/egipt,marsa-alam,port-ghalib/intercontinental-the-palace-port-ghalib/p7-b9s0ybcRKh9W_yIrIlUAAog2Xic66aru6aQ5bG3C1p-2sdnvfVmx8Rg_GaPWDTmLT4qBEpPSVAw-7DU1AZIgFNQQVjRFmACagMxMmJyQ5sBFAEVBhcAXANYBVYCQMoGT6sCXQBelfoBUrwUUwBL0zJhABGWgwFMrYY5DYH_lwkgAAHFleyw1crNoDACDWMBAAzmqMIQ/ofertasv/?filter[tourOperator]=JOIP&filter%5Bperson%5D=2&filter%5BchildAge%5D%5B1%5D=20201210&filter%5Bchild%5D=1","filter_egypt_ny_dec24_2026_7_10_days","egipt","marsa-alam","port-ghalib","2026-12-30","2027-01-06","8","7","Warszawa - Modlin","2+1","egipt|marsa-alam|2026-12-30|2027-01-06|7|Warszawa - Modlin|2+1"
"Safir Dahab Resort","10732.0","24.12.2026 - 31.12.2026","8 dni/7 nocy","4.5","4.5","1506","tripadvisor","Warszawa","2026-08-31T06:00:23.176903+00:00","https://fly.pl/oferta/egipt-wczasy/?filter[dest]=11:&filter[hotelids]=&filter[cityids]=&filter[cregids]=&filter[ofrType]=&filter[addObjType]=&filter[whenFrom]=24-12-2026&filter[whenTo]=06-01-2027&filter[duration]=7:10&filter[from]=Warszawa-Radom,Warszawa,Warszawa-Modlin,Warszawa%20-%20Radom,Warszawa%20-%20Modlin&filter[person]=2&filter[child]=1&filter[price]=0:11000&filter[PriceFrom]=0&filter[PriceTo]=11000&filter[addCategory]=50&filter[addCatering]=1&filter[addMisc]=0&filter[addTransport]=F&filter[fp]=1&order_by=ofr_price&filter[tourOperator]=0&filter[childAge][1]=20201210","https://fly.pl/cdn/photo/assets/uploads/582/278/2015/09/Safir-Dahab-Resort.jpg","https://fly.pl/wycieczka/egipt,dahab,c/dahab-resort/pzim_4pmgnqtzPKzIYKd1lAAogb-wvzB_Js_ax1HFdSa1f9I0RCYMUbnAoptZdUuhRlRYqBEpPSVAw-7DU1AZI7FNQQVjBFWACagNDR21yQpsBFAEVBhcAXANYBVYCQMoGT-IBXQBe3voBEcQEUuIbUwBLxyNhAEzljDoN-_6XCSAAAdnNgIm0iMygMAINYwEAC_1vttc/ofertasv/?filter[tourOperator]=JOIP&filter%5Bperson%5D=2&filter%5BchildAge%5D%5B1%5D=20201210&filter%5Bchild%5D=1","filter_egypt_ny_dec24_2026_7_10_days","egipt","dahab","c","2026-12-24","2026-12-31","8","7","Warszawa","2+1","egipt|dahab|2026-12-24|2026-12-31|7|Warszawa|2+1"
"Regency Plaza Aqua Park Spa","10751.0","24.12.2026 - 31.12.2026","8 dni/7 nocy","4.1","4.1","6188","tripadvisor","Warszawa","2026-08-31T06:00:23.176903+00:00","https://fly.pl/oferta/egipt-wczasy/?filter[dest]=11:&filter[hotelids]=&filter[cityids]=&filter[cregids]=&filter[ofrType]=&filter[addObjType]=&filter[whenFrom]=24-12-2026&filter[whenTo]=06-01-2027&filter[duration]=7:10&filter[from]=Warszawa-Radom,Warszawa,Warszawa-Modlin,Warszawa%20-%20Radom,Warszawa%20-%20Modlin&filter[person]=2&filter[child]=1&filter[price]=0:11000&filter[PriceFrom]=0&filter[PriceTo]=11000&filter[addCategory]=50&filter[addCatering]=1&filter[addMisc]=0&filter[addTransport]=F&filter[fp]=1&order_by=ofr_price&filter[tourOperator]=0&filter[childAge][1]=20201210","https://fly.pl/cdn/photo/assets/uploads/582/278/2014/07/Regency-Plaza-Aqua-Park-Spa-fly-pl.jpg","https://fly.pl/wycieczka/egipt,sharm-el-sheikh,szarm-el-szejk/regency-plaza/pylBH5-WA5RIAHM9lgZis2AAogNa2mpc6mrEPVlnIRBIQcS40RCYMUbnAoptZdUuhRlRYqBEpPSVAw-7DU1AZI_1NQQVjBFWACagNDR21yQpsBFAEVBhcAXANYBVYCQMoGT-IBXQARmcoBXsUwUqYgUwBLxyNhAEzljDoN-_6XCSAAAcq5xLjFiMygMAIOYwEADS73fsw/ofertasv/?filter[tourOperator]=JOIP&filter%5Bperson%5D=2&filter%5BchildAge%5D%5B1%5D=20201210&filter%5Bchild%5D=1","filter_egypt_ny_dec24_2026_7_10_days","egipt","sharm-el-sheikh","szarm-el-szejk","2026-12-24","2026-12-31","8","7","Warszawa","2+1","egipt|sharm-el-sheikh|2026-12-24|2026-12-31|7|Warszawa|2+1"
"Sharm Grand Plaza Resort","10889.0","24.12.2026 - 31.12.2026","8 dni/7 nocy","4.4","4.4","9428","tripadvisor","Warszawa","2026-08-31T06:00:23.176903+00:00","https://fly.pl/oferta/egipt-wczasy/?filter[dest]=11:&filter[hotelids]=&filter[cityids]=&filter[cregids]=&filter[ofrType]=&filter[addObjType]=&filter[whenFrom]=24-12-2026&filter[whenTo]=06-01-2027&filter[duration]=7:10&filter[from]=Warszawa-Radom,Warszawa,Warszawa-Modlin,Warszawa%20-%20Radom,Warszawa%20-%20Modlin&filter[person]=2&filter[child]=1&filter[price]=0:11000&filter[PriceFrom]=0&filter[PriceTo]=11000&filter[addCategory]=50&filter[addCatering]=1&filter[addMisc]=0&filter[addTransport]=F&filter[fp]=1&order_by=ofr_price&filter[tourOperator]=0&filter[childAge][1]=20201210","https://fly.pl/cdn/photo/assets/uploads/582/278/2014/07/SHARM-GRAND-PLAZA-RESORT-1.jpg","https://fly.pl/wycieczka/egipt,sharm-el-sheikh,c/grand-plaza-resort/p1KDDrEeP8Coai1AgeAH6mAAogcz4rrP3fRwXDOrazAamFiI0RCYMUbnAoptZdUuhRlRYqBEpPSVAw-7DU1AZIiVVQQVjBFWACagMwMllyQpsBFAEVBhcAXANYBVYCQMoGT-IBXQARgscBXtwzUqYgUwBLxyNhAEzljDoN-_6XCSAAAefZ2MjVicygMAINYwEAC37abA0/ofertasv/?filter[tourOperator]=JOIP&filter%5Bperson%5D=2&filter%5BchildAge%5D%5B1%5D=20201210&filter%5Bchild%5D=1","filter_egypt_ny_dec24_2026_7_10_days","egipt","sharm-el-sheikh","c","2026-12-24","2026-12-31","8","7","Warszawa","2+1","egipt|sharm-el-sheikh|2026-12-24|2026-12-31|7|Warszawa|2+1"
"Xperience Kiroseiz Parkland","10946.0","24.12.2026 - 31.12.2026","8 dni/7 nocy","4.5","4.5","3121","tripadvisor","Warszawa","2026-08-31T06:00:23.176903+00:00","https://fly.pl/oferta/egipt-wczasy/?filter[dest]=11:&filter[hotelids]=&filter[cityids]=&filter[cregids]=&filter[ofrType]=&filter[addObjType]=&filter[whenFrom]=24-12-2026&filter[whenTo]=06-01-2027&filter[duration]=7:10&filter[from]=Warszawa-Radom,Warszawa,Warszawa-Modlin,Warszawa%20-%20Radom,Warszawa%20-%20Modlin&filter[person]=2&filter[child]=1&filter[price]=0:11000&filter[PriceFrom]=0&filter[PriceTo]=11000&filter[addCategory]=50&filter[addCatering]=1&filter[addMisc]=0&filter[addTransport]=F&filter[fp]=1&order_by=ofr_price&filter[tourOperator]=0&filter[childAge][1]=20201210","https://fly.pl/cdn/photo/assets/uploads/582/278/2014/06/Xperience-Kiroseiz-Parkland-fly-pl.jpg","https://fly.pl/wycieczka/egipt,sharm-el-sheikh,c/xperience-kiroseiz-parkland/pBGc1XgTunjmZJBDVUo6oyAAogmLvQXqlZxEcPg01L56Crm40RCYMUbnAoptZdUuhRlRYqBEpPSVAw-7DU1AZIwlVQQVjBFWACagNDR21yQpsBFAEVBhcAXANYBVYCQMoGT-IBXQARt8YBXqc0UqYgUwBLxyNhAEzljDoN-_6XCSAAAcnXyLi0iMygMAINYwEAC8DLtt8/ofertasv/?filter[tourOperator]=JOIP&filter%5Bperson%5D=2&filter%5BchildAge%5D%5B1%5D=20201210&filter%5Bchild%5D=1","filter_egypt_ny_dec24_2026_7_10_days","egipt","sharm-el-sheikh","c","2026-12-24","2026-12-31","8","7","Warszawa","2+1","egipt|sharm-el-sheikh|2026-12-24|2026-12-31|7|Warszawa|2+1"
"Rehana Royal Beach Resort & Spa","10965.0","24.12.2026 - 31.12.2026","8 dni/7 nocy","4.3","4.3","4661","tripadvisor","Warszawa","2026-08-31T06:00:23.176903+00:00","https://fly.pl/oferta/egipt-wczasy/?filter[dest]=11:&filter[hotelids]=&filter[cityids]=&filter[cregids]=&filter[ofrType]=&filter[addObjType]=&filter[whenFrom]=24-12-2026&filter[whenTo]=06-01-2027&filter[duration]=7:10&filter[from]=Warszawa-Radom,Warszawa,Warszawa-Modlin,Warszawa%20-%20Radom,Warszawa%20-%20Modlin&filter[person]=2&filter[child]=1&filter[price]=0:11000&filter[PriceFrom]=0&filter[PriceTo]=11000&filter[addCategory]=50&filter[addCatering]=1&filter[addMisc]=0&filter[addTransport]=F&filter[fp]=1&order_by=ofr_price&filter[tourOperator]=0&filter[childAge][1]=20201210","https://fly.pl/cdn/photo/assets/uploads/582/278/2016/11/Rehana-Royal-Beach-Resort-amp-Spa.jpg","https://fly.pl/wycieczka/egipt,sharm-el-sheikh,c/rehana-royal-beach-resort-spa/p6DNLVhwDkLY8jF80OJ1kKAAogDH7tKRZnTfyoBCAh7xvifI0RCYMUbnAoptZdUuhRlRYqBEpPSVAw-7DU1AZI1VVQQVjBFWACagMwMHdyQpsBFAEVBhcAXANYBVYCQMoGT-IBXQAR88gBXusxUqYgUwBLxyNhAEzljDoN-_6XCSAAAe_dvLiDqs2gMAINYwEADH77YN0/ofertasv/?filter[tourOperator]=JOIP&filter%5Bperson%5D=2&filter%5BchildAge%5D%5B1%5D=20201210&filter%5Bchild%5D=1","filter_egypt_ny_dec24_2026_7_10_days","egipt","sharm-el-sheikh","c","2026-12-24","2026-12-31","8","7","Warszawa","2+1","egipt|sharm-el-sheikh|2026-12-24|2026-12-31|7|Warszawa|2+1"
"Gravity Hotel & Aquapark Hurghada (ex. Samra Bay Resort)","10972.0","24.12.2026 - 31.12.2026","8 dni/7 nocy","","","","","Warszawa","2026-08-31T06:00:23.176903+00:00","https://fly.pl/oferta/egipt-wczasy/?filter[dest]=11:&filter[hotelids]=&filter[cityids]=&filter[cregids]=&filter[ofrType]=&filter[addObjType]=&filter[whenFrom]=24-12-2026&filter[whenTo]=06-01-2027&filter[duration]=7:10&filter[from]=Warszawa-Radom,Warszawa,Warszawa-Modlin,Warszawa%20-%20Radom,Warszawa%20-%20Modlin&filter[person]=2&filter[child]=1&filter[price]=0:11000&filter[PriceFrom]=0&filter[PriceTo]=11000&filter[addCategory]=50&filter[addCatering]=1&filter[addMisc]=0&filter[addTransport]=F&filter[fp]=1&order_by=ofr_price&filter[tourOperator]=0&filter[childAge][1]=20201210","https://fly.pl/cdn/photo/assets/uploads/582/278/2017/04/Gravity-Hotel-Aquapark-Hurghada.jpg","https://fly.pl/wycieczka/egipt,hurghada,c/samra-bay-resort/p7e4mOMn5UvxxPy_1-OdV9AAoguHhLBhDzhdphd211mkSAfhSsLauwO7yNTDNJOYuPziwqBEpPSVAw-7DU1AZI3FVQQVjBFWACagMwMllyQpsBFAEVBhcAXANYBVYCQMoGT-IBXQBSr6sBUwBer08RuD9LtQRhAEzljDoN-_6XCSAAAfCNjKmkhsygMAIOYwEADT6T5so/ofertasv/?filter[tourOperator]=JOIP&filter%5Bperson%5D=2&filter%5BchildAge%5D%5B1%5D=20201210&filter%5Bchild%5D=1","filter_egypt_ny_dec24_2026_7_10_days","egipt","hurghada","c","2026-12-24","2026-12-31","8","7","Warszawa","2+1","egipt|hurghada|2026-12-24|2026-12-31|7|Warszawa|2+1"
">>>>>>> Stashed changes","","","","","","","","","","","","","","","","","","","","","","",""
"Creek Hotel & Residences Egipt, Hurghada, Al-Dżuna","8156.0","24.12.2026 - 31.12.2026","9 dni/7 nocy","4.8","4.8","219","tripadvisor","Warszawa - Modlin","2026-08-31T07:49:17.769767+00:00","https://fly.pl/oferta/egipt-wczasy/?filter[dest]=11:&filter[hotelids]=&filter[cityids]=&filter[cregids]=&filter[ofrType]=&filter[addObjType]=&filter[whenFrom]=24-12-2026&filter[whenTo]=06-01-2027&filter[duration]=7:10&filter[from]=Warszawa-Radom,Warszawa,Warszawa-Modlin,Warszawa%20-%20Radom,Warszawa%20-%20Modlin&filter[person]=2&filter[child]=1&filter[price]=0:11000&filter[PriceFrom]=0&filter[PriceTo]=11000&filter[addCategory]=50&filter[addCatering]=1&filter[addMisc]=0&filter[addTransport]=F&filter[fp]=1&order_by=ofr_price&filter[tourOperator]=0&filter[childAge][1]=20201210","https://fly.pl/cdn/photo/assets/uploads/582/278/2024/07/creek-hotel-residences.jpg","https://fly.pl/wycieczka/egipt,hurghada,al-dzuna/creek-hotel-residences-9/pmrKxxV85tgLeu9N6SER5LAAog2R7AVXwWeyg9QiBFOglfna4l3-lULG69CvLTTUqTvRIqBEJWQkUw_uPU1AZI3D9QAVjAFWACagJBSXIhHBH76gEb2LpBGJOVGrkE9bopqwRvAZrX0pMEAgBjAQYLRr5bBA/ofertasv/?filter[tourOperator]=BVBE&filter%5Bperson%5D=2&filter%5BchildAge%5D%5B1%5D=20201210&filter%5Bchild%5D=1","filter_egypt_ny_dec24_2026_7_10_days","egipt","hurghada","al-dzuna","2026-12-24","2026-12-31","9","7","Warszawa - Modlin","2+1","egipt|hurghada|2026-12-24|2026-12-31|7|Warszawa - Modlin|2+1"
"Parrotel Lagoon Resort Egipt, Sharm El Sheikh, Szarm el-Szejk","8381.0","24.12.2026 - 31.12.2026","8 dni/7 nocy","4.1","4.1","1824","tripadvisor","Warszawa","2026-08-31T07:49:17.769767+00:00","https://fly.pl/oferta/egipt-wczasy/?filter[dest]=11:&filter[hotelids]=&filter[cityids]=&filter[cregids]=&filter[ofrType]=&filter[addObjType]=&filter[whenFrom]=24-12-2026&filter[whenTo]=06-01-2027&filter[duration]=7:10&filter[from]=Warszawa-Radom,Warszawa,Warszawa-Modlin,Warszawa%20-%20Radom,Warszawa%20-%20Modlin&filter[person]=2&filter[child]=1&filter[price]=0:11000&filter[PriceFrom]=0&filter[PriceTo]=11000&filter[addCategory]=50&filter[addCatering]=1&filter[addMisc]=0&filter[addTransport]=F&filter[fp]=1&order_by=ofr_price&filter[tourOperator]=0&filter[childAge][1]=20201210","https://fly.pl/cdn/photo/assets/uploads/582/278/2020/10/Parrotel-Lagoon-Resort.jpg","https://fly.pl/wycieczka/egipt,sharm-el-sheikh,szarm-el-szejk/parrotel-lagoon-resort-14/puTWugI0QkBEH9ykFD5nipAAoglN3tht0aQgGSeoUxFLU93Y0RCYMUbnAoptZdUuhRlRYqBEpPSVAw_uPU1AZIvUFQQVjAFWACagMwMHdyQpsBFAEVBhcAXANYBVYCQMoGT-IBXQBe3voBUqYgUwBLxyNhABHdV0yItTkN-_6XCSAAAc-79PfSiMygMAIOYwEADQj5dLk/ofertasv/?filter[tourOperator]=JOIP&filter%5Bperson%5D=2&filter%5BchildAge%5D%5B1%5D=20201210&filter%5Bchild%5D=1","filter_egypt_ny_dec24_2026_7_10_days","egipt","sharm-el-sheikh","szarm-el-szejk","2026-12-24","2026-12-31","8","7","Warszawa","2+1","egipt|sharm-el-sheikh|2026-12-24|2026-12-31|7|Warszawa|2+1"
"Rewaya Luxury Resort Egipt, Hurghada","8547.0","24.12.2026 - 31.12.2026","9 dni/7 nocy","","","","","Warszawa - Modlin","2026-08-31T07:49:17.769767+00:00","https://fly.pl/oferta/egipt-wczasy/?filter[dest]=11:&filter[hotelids]=&filter[cityids]=&filter[cregids]=&filter[ofrType]=&filter[addObjType]=&filter[whenFrom]=24-12-2026&filter[whenTo]=06-01-2027&filter[duration]=7:10&filter[from]=Warszawa-Radom,Warszawa,Warszawa-Modlin,Warszawa%20-%20Radom,Warszawa%20-%20Modlin&filter[person]=2&filter[child]=1&filter[price]=0:11000&filter[PriceFrom]=0&filter[PriceTo]=11000&filter[addCategory]=50&filter[addCatering]=1&filter[addMisc]=0&filter[addTransport]=F&filter[fp]=1&order_by=ofr_price&filter[tourOperator]=0&filter[childAge][1]=20201210","https://datacfstatic.merlinx.pl/BVBE/IMG/31503/f66680a9abeb45c82bb08e52a0679d20e9ccf5a8e81183887092554840e8e4d0.webp","https://fly.pl/wycieczka/egipt,hurghada,c/rewaya-luxury-resort-9/p7XZ46p358w6GhD5VZOZQ1AAognWUmGBuKvA-cTWU98izlMa4l3-lULG69CvLTTUqTvRIqBEJWQkUw_uPU1AZI40JQAVjAFWACagNVQUlyIRwRj_YBG-fiQhje_Ri5BIefKasEbwHWjMWVBAISYwECDbha3nY/ofertasv/?filter[tourOperator]=BVBE&filter%5Bperson%5D=2&filter%5BchildAge%5D%5B1%5D=20201210&filter%5Bchild%5D=1","filter_egypt_ny_dec24_2026_7_10_days","egipt","hurghada","c","2026-12-24","2026-12-31","9","7","Warszawa - Modlin","2+1","egipt|hurghada|2026-12-24|2026-12-31|7|Warszawa - Modlin|2+1"
"AMC Royal Hotel & Spa (ex. AMC Azur Resort) Egipt, Hurghada","8667.0","24.12.2026 - 31.12.2026","9 dni/7 nocy","4.4","4.4","3054","tripadvisor","Warszawa - Modlin","2026-08-31T07:49:17.769767+00:00","https://fly.pl/oferta/egipt-wczasy/?filter[dest]=11:&filter[hotelids]=&filter[cityids]=&filter[cregids]=&filter[ofrType]=&filter[addObjType]=&filter[whenFrom]=24-12-2026&filter[whenTo]=06-01-2027&filter[duration]=7:10&filter[from]=Warszawa-Radom,Warszawa,Warszawa-Modlin,Warszawa%20-%20Radom,Warszawa%20-%20Modlin&filter[person]=2&filter[child]=1&filter[price]=0:11000&filter[PriceFrom]=0&filter[PriceTo]=11000&filter[addCategory]=50&filter[addCatering]=1&filter[addMisc]=0&filter[addTransport]=F&filter[fp]=1&order_by=ofr_price&filter[tourOperator]=0&filter[childAge][1]=20201210","https://fly.pl/cdn/photo/assets/uploads/582/278/2014/07/AMC-Royal-Resort.jpg","https://fly.pl/wycieczka/egipt,hurghada,c/amc-royal-ex-amc-azur-resort/p1sZf5cbAMjTdV8Kb4AvDAAAogyACbrqqUjemILVLRqx7mzK4l3-lULG69CvLTTUqTvRIqBEJWQkUw_uPU1AZI20NQAVjAFWACagJBSXIhHBH-1AEbtupAGP34GrkEqr0pqwRvAfynxJMEAgBjAQYMXeyHfA/ofertasv/?filter[tourOperator]=BVBE&filter%5Bperson%5D=2&filter%5BchildAge%5D%5B1%5D=20201210&filter%5Bchild%5D=1","filter_egypt_ny_dec24_2026_7_10_days","egipt","hurghada","c","2026-12-24","2026-12-31","9","7","Warszawa - Modlin","2+1","egipt|hurghada|2026-12-24|2026-12-31|7|Warszawa - Modlin|2+1"
"Rewaya Majestic Resort Egipt, Hurghada","9067.0","24.12.2026 - 31.12.2026","9 dni/7 nocy","","","","","Warszawa - Modlin","2026-08-31T07:49:17.769767+00:00","https://fly.pl/oferta/egipt-wczasy/?filter[dest]=11:&filter[hotelids]=&filter[cityids]=&filter[cregids]=&filter[ofrType]=&filter[addObjType]=&filter[whenFrom]=24-12-2026&filter[whenTo]=06-01-2027&filter[duration]=7:10&filter[from]=Warszawa-Radom,Warszawa,Warszawa-Modlin,Warszawa%20-%20Radom,Warszawa%20-%20Modlin&filter[person]=2&filter[child]=1&filter[price]=0:11000&filter[PriceFrom]=0&filter[PriceTo]=11000&filter[addCategory]=50&filter[addCatering]=1&filter[addMisc]=0&filter[addTransport]=F&filter[fp]=1&order_by=ofr_price&filter[tourOperator]=0&filter[childAge][1]=20201210","https://datacfstatic.merlinx.pl/EXIM/IMG/114588/e3a15b238b2d30f27199dd0e48d3c85c0bc5e06a1c321d66bdb885dd7a89e111.webp","https://fly.pl/wycieczka/egipt,hurghada,c/rewaya-majestic-resort-10/p6undevQ0sgJKLsuVIaJeMAAogr62pPgv1QM-SW7VDsmj5Q726M4lZ0TmK_1aTPorq4NMqBEVYSU0w_uPU1AZI60ZQAVjAFWACagNVQUlyIRwRnP8GqwTEqUu5BEQbzJ9AGP7lRwHhgfKrDQISYwECDRsFHa0/ofertasv/?filter[tourOperator]=EXIM&filter%5Bperson%5D=2&filter%5BchildAge%5D%5B1%5D=20201210&filter%5Bchild%5D=1","filter_egypt_ny_dec24_2026_7_10_days","egipt","hurghada","c","2026-12-24","2026-12-31","9","7","Warszawa - Modlin","2+1","egipt|hurghada|2026-12-24|2026-12-31|7|Warszawa - Modlin|2+1"
"Concorde Moreen Beach Resort & Spa Egipt, Marsa Alam","9310.0","30.12.2026 - 06.01.2027","8 dni/7 nocy","4.5","4.5","5598","tripadvisor","Warszawa - Modlin","2026-08-31T07:49:17.769767+00:00","https://fly.pl/oferta/egipt-wczasy/?filter[dest]=11:&filter[hotelids]=&filter[cityids]=&filter[cregids]=&filter[ofrType]=&filter[addObjType]=&filter[whenFrom]=24-12-2026&filter[whenTo]=06-01-2027&filter[duration]=7:10&filter[from]=Warszawa-Radom,Warszawa,Warszawa-Modlin,Warszawa%20-%20Radom,Warszawa%20-%20Modlin&filter[person]=2&filter[child]=1&filter[price]=0:11000&filter[PriceFrom]=0&filter[PriceTo]=11000&filter[addCategory]=50&filter[addCatering]=1&filter[addMisc]=0&filter[addTransport]=F&filter[fp]=1&order_by=ofr_price&filter[tourOperator]=0&filter[childAge][1]=20201210","https://fly.pl/cdn/photo/assets/uploads/582/278/2014/07/Concorde-Moreen-Beach-Resort-Spa-fly-pl.jpg","https://fly.pl/wycieczka/egipt,marsa-alam,c/concorde-moreen-beach-spa-resort/pofi17j0zpoVFzMKMd7AvSAAogtyYZ4AcRuGdKMiKUoAC2U8dnvfVmx8Rg_GaPWDTmLT4qBEpPSVAw_uPU1AZI3khQQVjQFmACagNDR21yQpsBFAEVBhcAXANYBVYCQMoGT6sCXQAR39ABXrYpUrwUUwBL0zJhAEzDiToNgf-XCSAAAcu31LDVys2gMAINYwEAC78g2OY/ofertasv/?filter[tourOperator]=JOIP&filter%5Bperson%5D=2&filter%5BchildAge%5D%5B1%5D=20201210&filter%5Bchild%5D=1","filter_egypt_ny_dec24_2026_7_10_days","egipt","marsa-alam","c","2026-12-30","2027-01-06","8","7","Warszawa - Modlin","2+1","egipt|marsa-alam|2026-12-30|2027-01-06|7|Warszawa - Modlin|2+1"
"Fantazia Resort Egipt, Marsa Alam","9345.0","30.12.2026 - 06.01.2027","8 dni/7 nocy","4.4","4.4","5979","tripadvisor","Warszawa - Modlin","2026-08-31T07:49:17.769767+00:00","https://fly.pl/oferta/egipt-wczasy/?filter[dest]=11:&filter[hotelids]=&filter[cityids]=&filter[cregids]=&filter[ofrType]=&filter[addObjType]=&filter[whenFrom]=24-12-2026&filter[whenTo]=06-01-2027&filter[duration]=7:10&filter[from]=Warszawa-Radom,Warszawa,Warszawa-Modlin,Warszawa%20-%20Radom,Warszawa%20-%20Modlin&filter[person]=2&filter[child]=1&filter[price]=0:11000&filter[PriceFrom]=0&filter[PriceTo]=11000&filter[addCategory]=50&filter[addCatering]=1&filter[addMisc]=0&filter[addTransport]=F&filter[fp]=1&order_by=ofr_price&filter[tourOperator]=0&filter[childAge][1]=20201210","https://fly.pl/cdn/photo/assets/uploads/582/278/2016/11/Fantazia-Resort.jpg","https://fly.pl/wycieczka/egipt,marsa-alam,c/fantazia-resort/p3B9FwPATtOF1st-TWzJydAAogGOQkWddDoAqKmEAP79kdiMdnvfVmx8Rg_GaPWDTmLT4qBEpPSVAw_uPU1AZIgUlQQVjQFmACagMwMllyQpsBFAEVBhcAXANYBVYCQMoGT6sCXQBelfoBEcsBUvESUwBL0zJhAEzDiToNgf-XCSAAAeGVzLDVys2gMAINYwEADE34p7o/ofertasv/?filter[tourOperator]=JOIP&filter%5Bperson%5D=2&filter%5BchildAge%5D%5B1%5D=20201210&filter%5Bchild%5D=1","filter_egypt_ny_dec24_2026_7_10_days","egipt","marsa-alam","c","2026-12-30","2027-01-06","8","7","Warszawa - Modlin","2+1","egipt|marsa-alam|2026-12-30|2027-01-06|7|Warszawa - Modlin|2+1"
"Hawaii Paradise Aqua Park Resort Egipt, Hurghada","9370.0","24.12.2026 - 31.12.2026","8 dni/7 nocy","3.4","3.4","441","tripadvisor","Warszawa","2026-08-31T07:49:17.769767+00:00","https://fly.pl/oferta/egipt-wczasy/?filter[dest]=11:&filter[hotelids]=&filter[cityids]=&filter[cregids]=&filter[ofrType]=&filter[addObjType]=&filter[whenFrom]=24-12-2026&filter[whenTo]=06-01-2027&filter[duration]=7:10&filter[from]=Warszawa-Radom,Warszawa,Warszawa-Modlin,Warszawa%20-%20Radom,Warszawa%20-%20Modlin&filter[person]=2&filter[child]=1&filter[price]=0:11000&filter[PriceFrom]=0&filter[PriceTo]=11000&filter[addCategory]=50&filter[addCatering]=1&filter[addMisc]=0&filter[addTransport]=F&filter[fp]=1&order_by=ofr_price&filter[tourOperator]=0&filter[childAge][1]=20201210","https://fly.pl/cdn/photo/assets/uploads/582/278/2020/09/Hawaii-Paradise-Aqua-Park-Resort.jpg","https://fly.pl/wycieczka/egipt,hurghada,c/hawaii-paradise-aqua-park-resort-14/pT3oxObvg8cTZPYgtle6sdAAogUUH-4BoGB7c6_W7xMZOlehSsLauwO7yNTDNJOYuPziwqBEpPSVAw_uPU1AZImklQQVjAFWACagNDR21yQ5sBFAEVBhcAXANYBVYCQMoGT-IBXQBSr6sBUwBer09L7UNhABHEiwFMoYE5Dfv-lwkgAAHxt7yAxYbMoDACDmMBAA1ox9PX/ofertasv/?filter[tourOperator]=JOIP&filter%5Bperson%5D=2&filter%5BchildAge%5D%5B1%5D=20201210&filter%5Bchild%5D=1","filter_egypt_ny_dec24_2026_7_10_days","egipt","hurghada","c","2026-12-24","2026-12-31","8","7","Warszawa","2+1","egipt|hurghada|2026-12-24|2026-12-31|7|Warszawa|2+1"
"Gorgonia Beach Egipt, Marsa Alam","9400.0","30.12.2026 - 06.01.2027","8 dni/7 nocy","4.5","4.5","3753","tripadvisor","Warszawa - Modlin","2026-08-31T07:49:17.769767+00:00","https://fly.pl/oferta/egipt-wczasy/?filter[dest]=11:&filter[hotelids]=&filter[cityids]=&filter[cregids]=&filter[ofrType]=&filter[addObjType]=&filter[whenFrom]=24-12-2026&filter[whenTo]=06-01-2027&filter[duration]=7:10&filter[from]=Warszawa-Radom,Warszawa,Warszawa-Modlin,Warszawa%20-%20Radom,Warszawa%20-%20Modlin&filter[person]=2&filter[child]=1&filter[price]=0:11000&filter[PriceFrom]=0&filter[PriceTo]=11000&filter[addCategory]=50&filter[addCatering]=1&filter[addMisc]=0&filter[addTransport]=F&filter[fp]=1&order_by=ofr_price&filter[tourOperator]=0&filter[childAge][1]=20201210","https://fly.pl/cdn/photo/assets/uploads/582/278/2016/12/Gorgonia-Beach-Resort.jpg","https://fly.pl/wycieczka/egipt,marsa-alam,c/gorgonia-beach/pznnU4wm79YBryS6jYw_7tAAogYS3T-YjLMq4EhB4-8Lm3HsdnvfVmx8Rg_GaPWDTmLT4qBEpPSVAw_uPU1AZIuElQQVjQFmACagMwYmtyQ5sBFAEVBhcAXANYBVYCQMoGT6sCXQBelfoBUrwUUwBL0zJhABGumgFMle84DYH_lwkgAAHrx8Cw1crNoDACDWMBAAu23zeJ/ofertasv/?filter[tourOperator]=JOIP&filter%5Bperson%5D=2&filter%5BchildAge%5D%5B1%5D=20201210&filter%5Bchild%5D=1","filter_egypt_ny_dec24_2026_7_10_days","egipt","marsa-alam","c","2026-12-30","2027-01-06","8","7","Warszawa - Modlin","2+1","egipt|marsa-alam|2026-12-30|2027-01-06|7|Warszawa - Modlin|2+1"
"Novotel Marsa Alam Egipt, Marsa Alam","9448.0","30.12.2026 - 06.01.2027","8 dni/7 nocy","4.5","4.5","3662","tripadvisor","Warszawa - Modlin","2026-08-31T07:49:17.769767+00:00","https://fly.pl/oferta/egipt-wczasy/?filter[dest]=11:&filter[hotelids]=&filter[cityids]=&filter[cregids]=&filter[ofrType]=&filter[addObjType]=&filter[whenFrom]=24-12-2026&filter[whenTo]=06-01-2027&filter[duration]=7:10&filter[from]=Warszawa-Radom,Warszawa,Warszawa-Modlin,Warszawa%20-%20Radom,Warszawa%20-%20Modlin&filter[person]=2&filter[child]=1&filter[price]=0:11000&filter[PriceFrom]=0&filter[PriceTo]=11000&filter[addCategory]=50&filter[addCatering]=1&filter[addMisc]=0&filter[addTransport]=F&filter[fp]=1&order_by=ofr_price&filter[tourOperator]=0&filter[childAge][1]=20201210","https://fly.pl/cdn/photo/assets/uploads/582/278/2015/09/Novotel-Marsa-Alam.jpg","https://fly.pl/wycieczka/egipt,marsa-alam,c/novotel-marsa-alam/p_JGjdHBlGYQ7uFNeo0mtsAAogYUqXWYDgVUuPg3x81XykmMdnvfVmx8Rg_GaPWDTmLT4qBEpPSVAw_uPU1AZI6ElQQVjQFmACagMwbkhyQpsBFAEVBhcAXANYBVYCQMoGT6sCXQBelfoBUrwUUwARrA5LpyRhAEzDiToNgf-XCSAAAcqN9LDVys2gMAINYwEAC-wxWSA/ofertasv/?filter[tourOperator]=JOIP&filter%5Bperson%5D=2&filter%5BchildAge%5D%5B1%5D=20201210&filter%5Bchild%5D=1","filter_egypt_ny_dec24_2026_7_10_days","egipt","marsa-alam","c","2026-12-30","2027-01-06","8","7","Warszawa - Modlin","2+1","egipt|marsa-alam|2026-12-30|2027-01-06|7|Warszawa - Modlin|2+1"
"Sea Star Beau Rivage Egipt, Hurghada","9539.0","24.12.2026 - 31.12.2026","8 dni/7 nocy","4.5","4.5","4261","tripadvisor","Warszawa","2026-08-31T07:49:17.769767+00:00","https://fly.pl/oferta/egipt-wczasy/?filter[dest]=11:&filter[hotelids]=&filter[cityids]=&filter[cregids]=&filter[ofrType]=&filter[addObjType]=&filter[whenFrom]=24-12-2026&filter[whenTo]=06-01-2027&filter[duration]=7:10&filter[from]=Warszawa-Radom,Warszawa,Warszawa-Modlin,Warszawa%20-%20Radom,Warszawa%20-%20Modlin&filter[person]=2&filter[child]=1&filter[price]=0:11000&filter[PriceFrom]=0&filter[PriceTo]=11000&filter[addCategory]=50&filter[addCatering]=1&filter[addMisc]=0&filter[addTransport]=F&filter[fp]=1&order_by=ofr_price&filter[tourOperator]=0&filter[childAge][1]=20201210","https://fly.pl/cdn/photo/assets/uploads/582/278/2014/07/Sea-Star-Beau-Rivage-fly-pl.jpg","https://fly.pl/wycieczka/egipt,hurghada,c/sea-star-beau-rivage/pgTiv15F3Ggyk9MjI3juICAAogWzllsSxKLApvPTl2cC_E_RSsLauwO7yNTDNJOYuPziwqBEpPSVAw_uPU1AZIw0pQQVjAFWACagMwZmRyQpsBFAEVBhcAXANYBVYCQMoGT-IBXQBSr6sBUwARxxpe6DRL7UNhAEzljDoN-_6XCSAAAd7FiPDEhsygMAINYwEADN7PbV4/ofertasv/?filter[tourOperator]=JOIP&filter%5Bperson%5D=2&filter%5BchildAge%5D%5B1%5D=20201210&filter%5Bchild%5D=1","filter_egypt_ny_dec24_2026_7_10_days","egipt","hurghada","c","2026-12-24","2026-12-31","8","7","Warszawa","2+1","egipt|hurghada|2026-12-24|2026-12-31|7|Warszawa|2+1"
"Royal Lagoons Aqua (ex. Premium Blue) Egipt, Hurghada","9773.0","24.12.2026 - 31.12.2026","8 dni/7 nocy","4.2","4.2","4300","tripadvisor","Warszawa","2026-08-31T07:49:17.769767+00:00","https://fly.pl/oferta/egipt-wczasy/?filter[dest]=11:&filter[hotelids]=&filter[cityids]=&filter[cregids]=&filter[ofrType]=&filter[addObjType]=&filter[whenFrom]=24-12-2026&filter[whenTo]=06-01-2027&filter[duration]=7:10&filter[from]=Warszawa-Radom,Warszawa,Warszawa-Modlin,Warszawa%20-%20Radom,Warszawa%20-%20Modlin&filter[person]=2&filter[child]=1&filter[price]=0:11000&filter[PriceFrom]=0&filter[PriceTo]=11000&filter[addCategory]=50&filter[addCatering]=1&filter[addMisc]=0&filter[addTransport]=F&filter[fp]=1&order_by=ofr_price&filter[tourOperator]=0&filter[childAge][1]=20201210","https://fly.pl/cdn/photo/assets/uploads/582/278/2014/10/Royal-Lagoons-Aqua.jpg","https://fly.pl/wycieczka/egipt,hurghada,c/premium-blue-lagoon-ex-pyramisa-blue-lagoon/ptmPZAKeU-TlsjiJbbGK2nAAogpe-HhmiACix2IKh33cgMbxSsLauwO7yNTDNJOYuPziwqBEpPSVAw_uPU1AZIrUxQQVjAFWACagNDR21yQpsBFAEVBhcAXANYBVYCQMoGT-IBXQBSr6sBUwBer08RhzJL5hFhAEzljDoN-_6XCSAAAcvF3JjFhsygMAIOYwEADSwY0mk/ofertasv/?filter[tourOperator]=JOIP&filter%5Bperson%5D=2&filter%5BchildAge%5D%5B1%5D=20201210&filter%5Bchild%5D=1","filter_egypt_ny_dec24_2026_7_10_days","egipt","hurghada","c","2026-12-24","2026-12-31","8","7","Warszawa","2+1","egipt|hurghada|2026-12-24|2026-12-31|7|Warszawa|2+1"
"Swiss Inn Resort Hurghada (ex. Hilton Hurghada Resort) Egipt, Hurghada","9807.0","24.12.2026 - 31.12.2026","9 dni/7 nocy","4.5","4.5","1875","tripadvisor","Warszawa - Modlin","2026-08-31T07:49:17.769767+00:00","https://fly.pl/oferta/egipt-wczasy/?filter[dest]=11:&filter[hotelids]=&filter[cityids]=&filter[cregids]=&filter[ofrType]=&filter[addObjType]=&filter[whenFrom]=24-12-2026&filter[whenTo]=06-01-2027&filter[duration]=7:10&filter[from]=Warszawa-Radom,Warszawa,Warszawa-Modlin,Warszawa%20-%20Radom,Warszawa%20-%20Modlin&filter[person]=2&filter[child]=1&filter[price]=0:11000&filter[PriceFrom]=0&filter[PriceTo]=11000&filter[addCategory]=50&filter[addCatering]=1&filter[addMisc]=0&filter[addTransport]=F&filter[fp]=1&order_by=ofr_price&filter[tourOperator]=0&filter[childAge][1]=20201210","https://fly.pl/cdn/photo/assets/uploads/582/278/2014/07/Swiss-Inn-Resort-Hurghada.jpg","https://fly.pl/wycieczka/egipt,hurghada,c/hilton-resort/pfnCgx-wYOICd3-K51mGA6AAogyu8hLHX_QStZEcciiJ_Mqq4l3-lULG69CvLTTUqTvRIqBEJWQkUw_uPU1AZIz0xQAVjAFWACagJBSXIhHBGItAEbtPNBGLqkGrkE5akpqwRvAfL9zJQEAhJjAQIGE-iwdg/ofertasv/?filter[tourOperator]=BVBE&filter%5Bperson%5D=2&filter%5BchildAge%5D%5B1%5D=20201210&filter%5Bchild%5D=1","filter_egypt_ny_dec24_2026_7_10_days","egipt","hurghada","c","2026-12-24","2026-12-31","9","7","Warszawa - Modlin","2+1","egipt|hurghada|2026-12-24|2026-12-31|7|Warszawa - Modlin|2+1"
"Sentido Oriental Dream Resort Egipt, Marsa Alam","9855.0","28.12.2026 - 04.01.2027","8 dni/7 nocy","4.6","4.6","704","tripadvisor","Warszawa - Modlin","2026-08-31T07:49:17.769767+00:00","https://fly.pl/oferta/egipt-wczasy/?filter[dest]=11:&filter[hotelids]=&filter[cityids]=&filter[cregids]=&filter[ofrType]=&filter[addObjType]=&filter[whenFrom]=24-12-2026&filter[whenTo]=06-01-2027&filter[duration]=7:10&filter[from]=Warszawa-Radom,Warszawa,Warszawa-Modlin,Warszawa%20-%20Radom,Warszawa%20-%20Modlin&filter[person]=2&filter[child]=1&filter[price]=0:11000&filter[PriceFrom]=0&filter[PriceTo]=11000&filter[addCategory]=50&filter[addCatering]=1&filter[addMisc]=0&filter[addTransport]=F&filter[fp]=1&order_by=ofr_price&filter[tourOperator]=0&filter[childAge][1]=20201210","https://fly.pl/cdn/photo/assets/uploads/582/278/2016/09/Sentido-Oriental-Dream-Resort.jpg","https://fly.pl/wycieczka/egipt,marsa-alam,c/sentido-oriental-dream-resort/pZP9FxTvrGYFWzO9NW4TegAAoggyjvaImmKsBZvD_fu-HcxqZFgd19BsU2VNiIPevTnQ4qBEJWQkUw_uPU1AZI_0xQAVigFmACagJBSXIhHBHX-wEbvrBEGMPCGasEoOQnuQQRAcymxrQEAgBjAQYLAdAvxw/ofertasv/?filter[tourOperator]=BVBE&filter%5Bperson%5D=2&filter%5BchildAge%5D%5B1%5D=20201210&filter%5Bchild%5D=1","filter_egypt_ny_dec24_2026_7_10_days","egipt","marsa-alam","c","2026-12-28","2027-01-04","8","7","Warszawa - Modlin","2+1","egipt|marsa-alam|2026-12-28|2027-01-04|7|Warszawa - Modlin|2+1"
"Gemma Resort (ex. Labranda Gemma Premium Resort) Egipt, Marsa Alam","9974.0","28.12.2026 - 04.01.2027","8 dni/7 nocy","4.5","4.5","5568","tripadvisor","Warszawa - Modlin","2026-08-31T07:49:17.769767+00:00","https://fly.pl/oferta/egipt-wczasy/?filter[dest]=11:&filter[hotelids]=&filter[cityids]=&filter[cregids]=&filter[ofrType]=&filter[addObjType]=&filter[whenFrom]=24-12-2026&filter[whenTo]=06-01-2027&filter[duration]=7:10&filter[from]=Warszawa-Radom,Warszawa,Warszawa-Modlin,Warszawa%20-%20Radom,Warszawa%20-%20Modlin&filter[person]=2&filter[child]=1&filter[price]=0:11000&filter[PriceFrom]=0&filter[PriceTo]=11000&filter[addCategory]=50&filter[addCatering]=1&filter[addMisc]=0&filter[addTransport]=F&filter[fp]=1&order_by=ofr_price&filter[tourOperator]=0&filter[childAge][1]=20201210","https://fly.pl/cdn/photo/assets/uploads/582/278/2015/06/Gemma-Resort.jpg","https://fly.pl/wycieczka/egipt,marsa-alam,c/gemma-resort/pLnVI3-K3Rg7l0b9N3V6L6AAogu7a4hAz2_c-IBrJCIxwED6ZFgd19BsU2VNiIPevTnQ4qBEJWQkUw_uPU1AZI9k1QAVigFmACagJBSXIhHBG8-QEbgPFDGOH5GasE2-4nuQQRAaz5s7MEAhJjAQINkPJp0w/ofertasv/?filter[tourOperator]=BVBE&filter%5Bperson%5D=2&filter%5BchildAge%5D%5B1%5D=20201210&filter%5Bchild%5D=1","filter_egypt_ny_dec24_2026_7_10_days","egipt","marsa-alam","c","2026-12-28","2027-01-04","8","7","Warszawa - Modlin","2+1","egipt|marsa-alam|2026-12-28|2027-01-04|7|Warszawa - Modlin|2+1"
"Le Meridien Dahab Resort Egipt, Dahab","9983.0","24.12.2026 - 31.12.2026","8 dni/7 nocy","4.3","4.3","1708","tripadvisor","Warszawa","2026-08-31T07:49:17.769767+00:00","https://fly.pl/oferta/egipt-wczasy/?filter[dest]=11:&filter[hotelids]=&filter[cityids]=&filter[cregids]=&filter[ofrType]=&filter[addObjType]=&filter[whenFrom]=24-12-2026&filter[whenTo]=06-01-2027&filter[duration]=7:10&filter[from]=Warszawa-Radom,Warszawa,Warszawa-Modlin,Warszawa%20-%20Radom,Warszawa%20-%20Modlin&filter[person]=2&filter[child]=1&filter[price]=0:11000&filter[PriceFrom]=0&filter[PriceTo]=11000&filter[addCategory]=50&filter[addCatering]=1&filter[addMisc]=0&filter[addTransport]=F&filter[fp]=1&order_by=ofr_price&filter[tourOperator]=0&filter[childAge][1]=20201210","https://fly.pl/cdn/photo/assets/uploads/582/278/2014/09/Retac-Qunay-Dahab.jpg","https://fly.pl/wycieczka/egipt,dahab,c/le-meridien-dahab-bay/p0xvVwIGy0ZqZXBTXFzRfCAAogaYjHUiP2my3qB9g9uPSD440RCYMUbnAoptZdUuhRlRYqBEpPSVAw_uPU1AZI_01QQVjAFWACagNDR21yQpsBFAEVBhcAXANYBVYCQMoGT-IBXQARrdEBXrEpUqYgUwBLxyNhAEzljDoN-_6XCSAAAeWZ5JDFiMygMAINYwEAC-0z8mM/ofertasv/?filter[tourOperator]=JOIP&filter%5Bperson%5D=2&filter%5BchildAge%5D%5B1%5D=20201210&filter%5Bchild%5D=1","filter_egypt_ny_dec24_2026_7_10_days","egipt","dahab","c","2026-12-24","2026-12-31","8","7","Warszawa","2+1","egipt|dahab|2026-12-24|2026-12-31|7|Warszawa|2+1"
"Raouf Sun International Aqua Park & SPA Egipt, Sharm El Sheikh, Szarm el-Szejk","9988.0","24.12.2026 - 31.12.2026","8 dni/7 nocy","3.8","3.8","319","tripadvisor","Warszawa","2026-08-31T07:49:17.769767+00:00","https://fly.pl/oferta/egipt-wczasy/?filter[dest]=11:&filter[hotelids]=&filter[cityids]=&filter[cregids]=&filter[ofrType]=&filter[addObjType]=&filter[whenFrom]=24-12-2026&filter[whenTo]=06-01-2027&filter[duration]=7:10&filter[from]=Warszawa-Radom,Warszawa,Warszawa-Modlin,Warszawa%20-%20Radom,Warszawa%20-%20Modlin&filter[person]=2&filter[child]=1&filter[price]=0:11000&filter[PriceFrom]=0&filter[PriceTo]=11000&filter[addCategory]=50&filter[addCatering]=1&filter[addMisc]=0&filter[addTransport]=F&filter[fp]=1&order_by=ofr_price&filter[tourOperator]=0&filter[childAge][1]=20201210","https://fly.pl/cdn/photo/assets/uploads/582/278/2024/07/raouf-sun-international-aqua-park-spa.jpg","https://fly.pl/wycieczka/egipt,sharm-el-sheikh,szarm-el-szejk/raouf-international-aqua-park-spa-14/pCsGCWDN9EMvgt02BceOHfAAogDMzrR9iJSSW0yhRwXrgWA40RCYMUbnAoptZdUuhRlRYqBEpPSVAw_uPU1AZIhE5QQVjAFWACagMxMm9yQ5sBFAEVBhcAXANYBVYCQMoGT-IBXQBe3voBUqYgUwBLxyNhABHPiAFMloQ5Dfv-lwkgAAHgr-S4w4jMoDACDWMBAAz_uD5t/ofertasv/?filter[tourOperator]=JOIP&filter%5Bperson%5D=2&filter%5BchildAge%5D%5B1%5D=20201210&filter%5Bchild%5D=1","filter_egypt_ny_dec24_2026_7_10_days","egipt","sharm-el-sheikh","szarm-el-szejk","2026-12-24","2026-12-31","8","7","Warszawa","2+1","egipt|sharm-el-sheikh|2026-12-24|2026-12-31|7|Warszawa|2+1"
"Park Inn (Sharm El Sheikh) Egipt, Sharm El Sheikh","9989.0","24.12.2026 - 31.12.2026","8 dni/7 nocy","4.3","4.3","7163","tripadvisor","Warszawa - Modlin","2026-08-31T07:49:17.769767+00:00","https://fly.pl/oferta/egipt-wczasy/?filter[dest]=11:&filter[hotelids]=&filter[cityids]=&filter[cregids]=&filter[ofrType]=&filter[addObjType]=&filter[whenFrom]=24-12-2026&filter[whenTo]=06-01-2027&filter[duration]=7:10&filter[from]=Warszawa-Radom,Warszawa,Warszawa-Modlin,Warszawa%20-%20Radom,Warszawa%20-%20Modlin&filter[person]=2&filter[child]=1&filter[price]=0:11000&filter[PriceFrom]=0&filter[PriceTo]=11000&filter[addCategory]=50&filter[addCatering]=1&filter[addMisc]=0&filter[addTransport]=F&filter[fp]=1&order_by=ofr_price&filter[tourOperator]=0&filter[childAge][1]=20201210","https://fly.pl/cdn/photo/assets/uploads/582/278/2016/11/Park-Inn-Sharm-El-Sheikh.jpg","https://fly.pl/wycieczka/egipt,sharm-el-sheikh,c/park-inn-sharm-el-sheikh/psT9njAObzyGWHKzXjtabRAAogmbUCkMeFSSGaAgKhYuaeBGgJ2MREVQeft-2AzPrrwC4qBEtPTVQw_uPU1AZIhU5QAVjAFWACagJBSXIfHBH6GqsEjeMBuQQxGLmuBBvX9iMB-fzyHgIAYwECBv9OG6g/ofertasv/?filter[tourOperator]=KOMT&filter%5Bperson%5D=2&filter%5BchildAge%5D%5B1%5D=20201210&filter%5Bchild%5D=1","filter_egypt_ny_dec24_2026_7_10_days","egipt","sharm-el-sheikh","c","2026-12-24","2026-12-31","8","7","Warszawa - Modlin","2+1","egipt|sharm-el-sheikh|2026-12-24|2026-12-31|7|Warszawa - Modlin|2+1"
"Jaz Sharm Dreams Resort (ex. Sharm Dreams Resort) Egipt, Sharm El Sheikh","9992.0","24.12.2026 - 31.12.2026","8 dni/7 nocy","4.3","4.3","6488","tripadvisor","Warszawa","2026-08-31T07:49:17.769767+00:00","https://fly.pl/oferta/egipt-wczasy/?filter[dest]=11:&filter[hotelids]=&filter[cityids]=&filter[cregids]=&filter[ofrType]=&filter[addObjType]=&filter[whenFrom]=24-12-2026&filter[whenTo]=06-01-2027&filter[duration]=7:10&filter[from]=Warszawa-Radom,Warszawa,Warszawa-Modlin,Warszawa%20-%20Radom,Warszawa%20-%20Modlin&filter[person]=2&filter[child]=1&filter[price]=0:11000&filter[PriceFrom]=0&filter[PriceTo]=11000&filter[addCategory]=50&filter[addCatering]=1&filter[addMisc]=0&filter[addTransport]=F&filter[fp]=1&order_by=ofr_price&filter[tourOperator]=0&filter[childAge][1]=20201210","https://fly.pl/cdn/photo/assets/uploads/582/278/2014/07/Jaz-Sharm-Dreams.jpg","https://fly.pl/wycieczka/egipt,sharm-el-sheikh,c/hilton-sharm-dreams-resort/pp7qXKsRRkyp8JUSzGlEs6AAogLjhZqwIBdqIp9uvfgHD7E40RCYMUbnAoptZdUuhRlRYqBEpPSVAw_uPU1AZIiE5QQVjAFWACagMwMllyQpsBFAEVBhcAXANYBVYCQMoGT-IBXQARxMYBXpo0UqYgUwBLxyNhAEzljDoN-_6XCSAAAfC9-L-1iMygMAINYwEADG0eSUQ/ofertasv/?filter[tourOperator]=JOIP&filter%5Bperson%5D=2&filter%5BchildAge%5D%5B1%5D=20201210&filter%5Bchild%5D=1","filter_egypt_ny_dec24_2026_7_10_days","egipt","sharm-el-sheikh","c","2026-12-24","2026-12-31","8","7","Warszawa","2+1","egipt|sharm-el-sheikh|2026-12-24|2026-12-31|7|Warszawa|2+1"
"Movenpick Sirena Beach Egipt, Marsa Alam, Al-Kusajr","10006.0","28.12.2026 - 04.01.2027","8 dni/7 nocy","4.7","4.7","466","tripadvisor","Warszawa - Modlin","2026-08-31T07:49:17.769767+00:00","https://fly.pl/oferta/egipt-wczasy/?filter[dest]=11:&filter[hotelids]=&filter[cityids]=&filter[cregids]=&filter[ofrType]=&filter[addObjType]=&filter[whenFrom]=24-12-2026&filter[whenTo]=06-01-2027&filter[duration]=7:10&filter[from]=Warszawa-Radom,Warszawa,Warszawa-Modlin,Warszawa%20-%20Radom,Warszawa%20-%20Modlin&filter[person]=2&filter[child]=1&filter[price]=0:11000&filter[PriceFrom]=0&filter[PriceTo]=11000&filter[addCategory]=50&filter[addCatering]=1&filter[addMisc]=0&filter[addTransport]=F&filter[fp]=1&order_by=ofr_price&filter[tourOperator]=0&filter[childAge][1]=20201210","https://datacfstatic.merlinx.pl/JOIP/IMG/60908/a0379f6d880c0f927e84af985906d18427fa6630df380b9e8cafce0b757c5aa9.webp","https://fly.pl/wycieczka/egipt,marsa-alam,al-kusajr/movenpick-sirena-beach-13/ptqpkD9bajlOeQMhzZ0zi4AAognJhHiCDJc3YWIjY5FGFX0YsNxIOSpaGCCB7Vylo6YhQqBEpPSVAw_uPU1AZIlk5QQVigFmACagM3RWZyQ5sBFAEVBhcAXANYBVYCQMoGT6sCXQBelfoBUrwUUwBL0zJhABHCkQFMgfg4Df_-lwkgAAHf34Sx1crNoDACDmMBAA1YVWv0/ofertasv/?filter[tourOperator]=JOIP&filter%5Bperson%5D=2&filter%5BchildAge%5D%5B1%5D=20201210&filter%5Bchild%5D=1","filter_egypt_ny_dec24_2026_7_10_days","egipt","marsa-alam","al-kusajr","2026-12-28","2027-01-04","8","7","Warszawa - Modlin","2+1","egipt|marsa-alam|2026-12-28|2027-01-04|7|Warszawa - Modlin|2+1"
"Dream Lagoon & Aqua Park Resort (ex. Floriana Dream Lagoon) Egipt, Marsa Alam","10037.0","29.12.2026 - 05.01.2027","8 dni/7 nocy","4.3","4.3","5710","tripadvisor","Warszawa","2026-08-31T07:49:17.769767+00:00","https://fly.pl/oferta/egipt-wczasy/?filter[dest]=11:&filter[hotelids]=&filter[cityids]=&filter[cregids]=&filter[ofrType]=&filter[addObjType]=&filter[whenFrom]=24-12-2026&filter[whenTo]=06-01-2027&filter[duration]=7:10&filter[from]=Warszawa-Radom,Warszawa,Warszawa-Modlin,Warszawa%20-%20Radom,Warszawa%20-%20Modlin&filter[person]=2&filter[child]=1&filter[price]=0:11000&filter[PriceFrom]=0&filter[PriceTo]=11000&filter[addCategory]=50&filter[addCatering]=1&filter[addMisc]=0&filter[addTransport]=F&filter[fp]=1&order_by=ofr_price&filter[tourOperator]=0&filter[childAge][1]=20201210","https://fly.pl/cdn/photo/assets/uploads/582/278/2015/11/Future-Dream-Lagoon-ex.-Floriana-Dream-Lagoon-fly-pl.jpg","https://fly.pl/wycieczka/egipt,marsa-alam,c/floriana-dream-lagoon/pjj6EoLFujDSAPjXognVLUAAogIEazr1PvZnT84Ds2qrjZKMa1pxxZSARSPLLVQIXch-oqBEVYSU0w_uPU1AZItU5QAVi4FmACagJBSXIhHBHagAe5BIucS6sEGhuJ9kAYv8BIAZeDkLMNAgBjAQINTHAAQA/ofertasv/?filter[tourOperator]=EXIM&filter%5Bperson%5D=2&filter%5BchildAge%5D%5B1%5D=20201210&filter%5Bchild%5D=1","filter_egypt_ny_dec24_2026_7_10_days","egipt","marsa-alam","c","2026-12-29","2027-01-05","8","7","Warszawa","2+1","egipt|marsa-alam|2026-12-29|2027-01-05|7|Warszawa|2+1"
"Dreams Beach (Sharm El Sheikh) Egipt, Sharm El Sheikh, Szarm el-Szejk","10073.0","24.12.2026 - 31.12.2026","8 dni/7 nocy","3.9","3.9","2640","tripadvisor","Warszawa","2026-08-31T07:49:17.769767+00:00","https://fly.pl/oferta/egipt-wczasy/?filter[dest]=11:&filter[hotelids]=&filter[cityids]=&filter[cregids]=&filter[ofrType]=&filter[addObjType]=&filter[whenFrom]=24-12-2026&filter[whenTo]=06-01-2027&filter[duration]=7:10&filter[from]=Warszawa-Radom,Warszawa,Warszawa-Modlin,Warszawa%20-%20Radom,Warszawa%20-%20Modlin&filter[person]=2&filter[child]=1&filter[price]=0:11000&filter[PriceFrom]=0&filter[PriceTo]=11000&filter[addCategory]=50&filter[addCatering]=1&filter[addMisc]=0&filter[addTransport]=F&filter[fp]=1&order_by=ofr_price&filter[tourOperator]=0&filter[childAge][1]=20201210","https://fly.pl/cdn/photo/assets/uploads/582/278/2014/07/Dreams-Beach-Resort.jpg","https://fly.pl/wycieczka/egipt,sharm-el-sheikh,szarm-el-szejk/dreams-beach-sharm-el-sheikh/pzoBKauXPtocKcyS3WQ_NcAAogmWsNTubVUHJiFrHADfnAJ40RCYMUbnAoptZdUuhRlRYqBEpPSVAw_uPU1AZI2U5QQVjAFWACagNDR21yQpsBFAEVBhcAXANYBVYCQMoGT-IBXQAR5MYBXvozUqYgUwBLxyNhAEzljDoN-_6XCSAAAdDh-PjCiMygMAINYwEACyqmq-8/ofertasv/?filter[tourOperator]=JOIP&filter%5Bperson%5D=2&filter%5BchildAge%5D%5B1%5D=20201210&filter%5Bchild%5D=1","filter_egypt_ny_dec24_2026_7_10_days","egipt","sharm-el-sheikh","szarm-el-szejk","2026-12-24","2026-12-31","8","7","Warszawa","2+1","egipt|sharm-el-sheikh|2026-12-24|2026-12-31|7|Warszawa|2+1"
"IL Mercato (ex. Iberotel Il Mercato) Egipt, Sharm El Sheikh","10077.0","24.12.2026 - 31.12.2026","8 dni/7 nocy","4.4","4.4","2248","tripadvisor","Warszawa","2026-08-31T07:49:17.769767+00:00","https://fly.pl/oferta/egipt-wczasy/?filter[dest]=11:&filter[hotelids]=&filter[cityids]=&filter[cregids]=&filter[ofrType]=&filter[addObjType]=&filter[whenFrom]=24-12-2026&filter[whenTo]=06-01-2027&filter[duration]=7:10&filter[from]=Warszawa-Radom,Warszawa,Warszawa-Modlin,Warszawa%20-%20Radom,Warszawa%20-%20Modlin&filter[person]=2&filter[child]=1&filter[price]=0:11000&filter[PriceFrom]=0&filter[PriceTo]=11000&filter[addCategory]=50&filter[addCatering]=1&filter[addMisc]=0&filter[addTransport]=F&filter[fp]=1&order_by=ofr_price&filter[tourOperator]=0&filter[childAge][1]=20201210","https://fly.pl/cdn/photo/assets/uploads/582/278/2014/07/Il-Mercato-Hotel-Spa-Sharm-El-Sheikh.jpg","https://fly.pl/wycieczka/egipt,sharm-el-sheikh,c/iberotel-il-mercato/pvl05ZMFdei3tEEbJiPoRvAAogyK3R0wXF1UE9KC9A_lH8gY0RCYMUbnAoptZdUuhRlRYqBEpPSVAw_uPU1AZI3U5QQVjAFWACagNDR21yQpsBFAEVBhcAXANYBVYCQMoGT-IBXQBe3voBEcsXUtsIUwBLxyNhAEzljDoN-_6XCSAAAcvP1NDEiMygMAINYwEAC7fPnMI/ofertasv/?filter[tourOperator]=JOIP&filter%5Bperson%5D=2&filter%5BchildAge%5D%5B1%5D=20201210&filter%5Bchild%5D=1","filter_egypt_ny_dec24_2026_7_10_days","egipt","sharm-el-sheikh","c","2026-12-24","2026-12-31","8","7","Warszawa","2+1","egipt|sharm-el-sheikh|2026-12-24|2026-12-31|7|Warszawa|2+1"
"Parrotel Beach Resort (ex. Radisson Blu) Egipt, Sharm El Sheikh","10218.0","24.12.2026 - 31.12.2026","8 dni/7 nocy","4.4","4.4","6983","tripadvisor","Warszawa","2026-08-31T07:49:17.769767+00:00","https://fly.pl/oferta/egipt-wczasy/?filter[dest]=11:&filter[hotelids]=&filter[cityids]=&filter[cregids]=&filter[ofrType]=&filter[addObjType]=&filter[whenFrom]=24-12-2026&filter[whenTo]=06-01-2027&filter[duration]=7:10&filter[from]=Warszawa-Radom,Warszawa,Warszawa-Modlin,Warszawa%20-%20Radom,Warszawa%20-%20Modlin&filter[person]=2&filter[child]=1&filter[price]=0:11000&filter[PriceFrom]=0&filter[PriceTo]=11000&filter[addCategory]=50&filter[addCatering]=1&filter[addMisc]=0&filter[addTransport]=F&filter[fp]=1&order_by=ofr_price&filter[tourOperator]=0&filter[childAge][1]=20201210","https://fly.pl/cdn/photo/assets/uploads/582/278/2014/07/Parrotel-Beach-Resort.jpg","https://fly.pl/wycieczka/egipt,sharm-el-sheikh,c/radisson-blu-resort-sharm-el-sheikh/pcza6J_h4ImIgwb1Fop934AAogSBPBQ7vP2oTb-cWJBFOPCY0RCYMUbnAoptZdUuhRlRYqBEpPSVAw_uPU1AZI6k9QQVjAFWACagNDR21yQpsBFAEVBhcAXANYBVYCQMoGT-IBXQARoccBXr0zUqYgUwBLxyNhAEzljDoN-_6XCSAAAcmX-JfTiMygMAIOYwEADYhj7VY/ofertasv/?filter[tourOperator]=JOIP&filter%5Bperson%5D=2&filter%5BchildAge%5D%5B1%5D=20201210&filter%5Bchild%5D=1","filter_egypt_ny_dec24_2026_7_10_days","egipt","sharm-el-sheikh","c","2026-12-24","2026-12-31","8","7","Warszawa","2+1","egipt|sharm-el-sheikh|2026-12-24|2026-12-31|7|Warszawa|2+1"
"Raouf Star Egipt, Sharm El Sheikh, Szarm el-Szejk","10300.0","24.12.2026 - 31.12.2026","8 dni/7 nocy","4.2","4.2","100","tripadvisor","Warszawa","2026-08-31T07:49:17.769767+00:00","https://fly.pl/oferta/egipt-wczasy/?filter[dest]=11:&filter[hotelids]=&filter[cityids]=&filter[cregids]=&filter[ofrType]=&filter[addObjType]=&filter[whenFrom]=24-12-2026&filter[whenTo]=06-01-2027&filter[duration]=7:10&filter[from]=Warszawa-Radom,Warszawa,Warszawa-Modlin,Warszawa%20-%20Radom,Warszawa%20-%20Modlin&filter[person]=2&filter[child]=1&filter[price]=0:11000&filter[PriceFrom]=0&filter[PriceTo]=11000&filter[addCategory]=50&filter[addCatering]=1&filter[addMisc]=0&filter[addTransport]=F&filter[fp]=1&order_by=ofr_price&filter[tourOperator]=0&filter[childAge][1]=20201210","https://fly.pl/cdn/photo/assets/uploads/582/278/2023/04/Amarina-Star-Resort-Aqua-Park.jpg","https://fly.pl/wycieczka/egipt,sharm-el-sheikh,szarm-el-szejk/raouf-star-15/pONcZPCsL4KatXuP1HkbScAAogn7JU-pwN9yb_q1ZQWVeu5Y0RCYMUbnAoptZdUuhRlRYqBEpPSVAw_uPU1AZIvFBQQVjAFWACagMxMm9yQ5sBFAEVBhcAXANYBVYCQMoGT-IBXQBe3voBUqYgUwBLxyNhABH2pwFM7-Q4Dfv-lwkgAAHiv_iPxIjMoDACDWMBAAxiZ_ju/ofertasv/?filter[tourOperator]=JOIP&filter%5Bperson%5D=2&filter%5BchildAge%5D%5B1%5D=20201210&filter%5Bchild%5D=1","filter_egypt_ny_dec24_2026_7_10_days","egipt","sharm-el-sheikh","szarm-el-szejk","2026-12-24","2026-12-31","8","7","Warszawa","2+1","egipt|sharm-el-sheikh|2026-12-24|2026-12-31|7|Warszawa|2+1"
"Three Corners Fayrouz Plaza Beach Resort Egipt, Marsa Alam","10357.0","28.12.2026 - 04.01.2027","8 dni/7 nocy","4.7","4.7","13130","tripadvisor","Warszawa - Modlin","2026-08-31T07:49:17.769767+00:00","https://fly.pl/oferta/egipt-wczasy/?filter[dest]=11:&filter[hotelids]=&filter[cityids]=&filter[cregids]=&filter[ofrType]=&filter[addObjType]=&filter[whenFrom]=24-12-2026&filter[whenTo]=06-01-2027&filter[duration]=7:10&filter[from]=Warszawa-Radom,Warszawa,Warszawa-Modlin,Warszawa%20-%20Radom,Warszawa%20-%20Modlin&filter[person]=2&filter[child]=1&filter[price]=0:11000&filter[PriceFrom]=0&filter[PriceTo]=11000&filter[addCategory]=50&filter[addCatering]=1&filter[addMisc]=0&filter[addTransport]=F&filter[fp]=1&order_by=ofr_price&filter[tourOperator]=0&filter[childAge][1]=20201210","https://fly.pl/cdn/photo/assets/uploads/582/278/2014/10/The-Three-Corners-Fayrouz-Plaza.jpg","https://fly.pl/wycieczka/egipt,marsa-alam,c/three-corners-fayrouz-plaza-beach-resort/pvBMp39ukO5q_B-xSGQKLpAAog5lk1jaU25bFqC0jRJW3xTqZFgd19BsU2VNiIPevTnQ4qBEJWQkUw_uPU1AZI9VBQAVigFmACagJBSXIhHBHg-QEbtvJDGL_1GasEo_EnuQQRAfGilLMEAhJjAQINBfRShQ/ofertasv/?filter[tourOperator]=BVBE&filter%5Bperson%5D=2&filter%5BchildAge%5D%5B1%5D=20201210&filter%5Bchild%5D=1","filter_egypt_ny_dec24_2026_7_10_days","egipt","marsa-alam","c","2026-12-28","2027-01-04","8","7","Warszawa - Modlin","2+1","egipt|marsa-alam|2026-12-28|2027-01-04|7|Warszawa - Modlin|2+1"
"Radisson Blu Resort (El Quseir) Egipt, Marsa Alam, Al-Kusajr","10379.0","30.12.2026 - 06.01.2027","8 dni/7 nocy","4.4","4.4","3127","tripadvisor","Warszawa - Modlin","2026-08-31T07:49:17.769767+00:00","https://fly.pl/oferta/egipt-wczasy/?filter[dest]=11:&filter[hotelids]=&filter[cityids]=&filter[cregids]=&filter[ofrType]=&filter[addObjType]=&filter[whenFrom]=24-12-2026&filter[whenTo]=06-01-2027&filter[duration]=7:10&filter[from]=Warszawa-Radom,Warszawa,Warszawa-Modlin,Warszawa%20-%20Radom,Warszawa%20-%20Modlin&filter[person]=2&filter[child]=1&filter[price]=0:11000&filter[PriceFrom]=0&filter[PriceTo]=11000&filter[addCategory]=50&filter[addCatering]=1&filter[addMisc]=0&filter[addTransport]=F&filter[fp]=1&order_by=ofr_price&filter[tourOperator]=0&filter[childAge][1]=20201210","https://fly.pl/cdn/photo/assets/uploads/582/278/2015/02/RADISSON-BLU-m.jpg","https://fly.pl/wycieczka/egipt,marsa-alam,al-kusajr/radisson-blu-resort-el-quseir/pAGapyP17fPgsQOc3DfNFRAAogfi7m0MksiVpeAPomS0HoYsdnvfVmx8Rg_GaPWDTmLT4qBEpPSVAw_uPU1AZIi1FQQVjQFmACagMwMEZyQpsBFAEVBhcAXANYBVYCQMoGT6sCXQBelfoBUrwUUwARuhhLmRphAEzDiToNgf-XCSAAAeLViLHVys2gMAINYwEACwzp8cY/ofertasv/?filter[tourOperator]=JOIP&filter%5Bperson%5D=2&filter%5BchildAge%5D%5B1%5D=20201210&filter%5Bchild%5D=1","filter_egypt_ny_dec24_2026_7_10_days","egipt","marsa-alam","al-kusajr","2026-12-30","2027-01-06","8","7","Warszawa - Modlin","2+1","egipt|marsa-alam|2026-12-30|2027-01-06|7|Warszawa - Modlin|2+1"
"Bellagio Beach Resort & Spa (ex. Panorama Bungalows Hurghada) Egipt, Hurghada","10460.0","24.12.2026 - 31.12.2026","8 dni/7 nocy","4.3","4.3","4460","tripadvisor","Warszawa","2026-08-31T07:49:17.769767+00:00","https://fly.pl/oferta/egipt-wczasy/?filter[dest]=11:&filter[hotelids]=&filter[cityids]=&filter[cregids]=&filter[ofrType]=&filter[addObjType]=&filter[whenFrom]=24-12-2026&filter[whenTo]=06-01-2027&filter[duration]=7:10&filter[from]=Warszawa-Radom,Warszawa,Warszawa-Modlin,Warszawa%20-%20Radom,Warszawa%20-%20Modlin&filter[person]=2&filter[child]=1&filter[price]=0:11000&filter[PriceFrom]=0&filter[PriceTo]=11000&filter[addCategory]=50&filter[addCatering]=1&filter[addMisc]=0&filter[addTransport]=F&filter[fp]=1&order_by=ofr_price&filter[tourOperator]=0&filter[childAge][1]=20201210","https://fly.pl/cdn/photo/assets/uploads/582/278/2014/07/Bellagio-Beach-Resort-Spa.jpg","https://fly.pl/wycieczka/egipt,hurghada,c/panorama-bungalow-resort/pHzCeVx_0ias3tp0JA1AbjAAogwO8zDWpUkApPuxcS6YlT_BSsLauwO7yNTDNJOYuPziwqBEpPSVAw_uPU1AZI3FFQQVjAFWACagMwMHdyQ5sBFAEVBhcAXANYBVYCQMoGT-IBXQBSr6sBUwBer09L7UNhABGgjgFMxf44Dfv-lwkgAAHl4finpIbMoDACDmMBAA1rWRT2/ofertasv/?filter[tourOperator]=JOIP&filter%5Bperson%5D=2&filter%5BchildAge%5D%5B1%5D=20201210&filter%5Bchild%5D=1","filter_egypt_ny_dec24_2026_7_10_days","egipt","hurghada","c","2026-12-24","2026-12-31","8","7","Warszawa","2+1","egipt|hurghada|2026-12-24|2026-12-31|7|Warszawa|2+1"
"Amarina Jannah Resort Aquapark Egipt, Marsa Alam, Port Ghalib","10507.0","29.12.2026 - 05.01.2027","8 dni/7 nocy","4.7","4.7","661","tripadvisor","Warszawa","2026-08-31T07:49:17.769767+00:00","https://fly.pl/oferta/egipt-wczasy/?filter[dest]=11:&filter[hotelids]=&filter[cityids]=&filter[cregids]=&filter[ofrType]=&filter[addObjType]=&filter[whenFrom]=24-12-2026&filter[whenTo]=06-01-2027&filter[duration]=7:10&filter[from]=Warszawa-Radom,Warszawa,Warszawa-Modlin,Warszawa%20-%20Radom,Warszawa%20-%20Modlin&filter[person]=2&filter[child]=1&filter[price]=0:11000&filter[PriceFrom]=0&filter[PriceTo]=11000&filter[addCategory]=50&filter[addCatering]=1&filter[addMisc]=0&filter[addTransport]=F&filter[fp]=1&order_by=ofr_price&filter[tourOperator]=0&filter[childAge][1]=20201210","https://fly.pl/cdn/photo/assets/uploads/582/278/2023/04/Amarina-Jannah-Resort-Aquapark.jpg","https://fly.pl/wycieczka/egipt,marsa-alam,port-ghalib/amarina-jannah-resort-aquapark-15/pjB6Ug3x_rmYpvSdW7vYriAAog7Xo7qCP-DOOl8q-zUEOMksa1pxxZSARSPLLVQIXch-oqBEVYSU0w_uPU1AZIi1JQAVi4FmACagJBSXIhHBGqzga5BLvOS6sEGhvT0jAY8dpRAZKhu_IMAgBjAQIO6VR4uA/ofertasv/?filter[tourOperator]=EXIM&filter%5Bperson%5D=2&filter%5BchildAge%5D%5B1%5D=20201210&filter%5Bchild%5D=1","filter_egypt_ny_dec24_2026_7_10_days","egipt","marsa-alam","port-ghalib","2026-12-29","2027-01-05","8","7","Warszawa","2+1","egipt|marsa-alam|2026-12-29|2027-01-05|7|Warszawa|2+1"
"Xperience Kiroseiz Premier Egipt, Sharm El Sheikh","10573.0","24.12.2026 - 31.12.2026","8 dni/7 nocy","4.5","4.5","980","tripadvisor","Warszawa","2026-08-31T07:49:17.769767+00:00","https://fly.pl/oferta/egipt-wczasy/?filter[dest]=11:&filter[hotelids]=&filter[cityids]=&filter[cregids]=&filter[ofrType]=&filter[addObjType]=&filter[whenFrom]=24-12-2026&filter[whenTo]=06-01-2027&filter[duration]=7:10&filter[from]=Warszawa-Radom,Warszawa,Warszawa-Modlin,Warszawa%20-%20Radom,Warszawa%20-%20Modlin&filter[person]=2&filter[child]=1&filter[price]=0:11000&filter[PriceFrom]=0&filter[PriceTo]=11000&filter[addCategory]=50&filter[addCatering]=1&filter[addMisc]=0&filter[addTransport]=F&filter[fp]=1&order_by=ofr_price&filter[tourOperator]=0&filter[childAge][1]=20201210","https://fly.pl/cdn/photo/assets/uploads/582/278/2015/11/Xperience-Kiroseiz-Premier-fly-pl-3.jpg","https://fly.pl/wycieczka/egipt,sharm-el-sheikh,c/xperience-kiroseiz-premier/pfVLeyOGtbsK1FENzPZUIuAAogc5qsI0a47M53bgGd0dOQ4o0RCYMUbnAoptZdUuhRlRYqBEpPSVAw_uPU1AZIzVJQQVjAFWACagNDR21yQpsBFAEVBhcAXANYBVYCQMoGT-IBXQBe3voBEeYSUsANUwBLxyNhAEzljDoN-_6XCSAAAcvRiLG0iMygMAINYwEAC-NUomI/ofertasv/?filter[tourOperator]=JOIP&filter%5Bperson%5D=2&filter%5BchildAge%5D%5B1%5D=20201210&filter%5Bchild%5D=1","filter_egypt_ny_dec24_2026_7_10_days","egipt","sharm-el-sheikh","c","2026-12-24","2026-12-31","8","7","Warszawa","2+1","egipt|sharm-el-sheikh|2026-12-24|2026-12-31|7|Warszawa|2+1"
"Pickalbatros Palace Port Ghalib (ex. Red Sea The Palace)","10624.0","30.12.2026 - 06.01.2027","8 dni/7 nocy","4.7","4.7","3718","tripadvisor","Warszawa - Modlin","2026-08-31T07:49:17.769767+00:00","https://fly.pl/oferta/egipt-wczasy/?filter[dest]=11:&filter[hotelids]=&filter[cityids]=&filter[cregids]=&filter[ofrType]=&filter[addObjType]=&filter[whenFrom]=24-12-2026&filter[whenTo]=06-01-2027&filter[duration]=7:10&filter[from]=Warszawa-Radom,Warszawa,Warszawa-Modlin,Warszawa%20-%20Radom,Warszawa%20-%20Modlin&filter[person]=2&filter[child]=1&filter[price]=0:11000&filter[PriceFrom]=0&filter[PriceTo]=11000&filter[addCategory]=50&filter[addCatering]=1&filter[addMisc]=0&filter[addTransport]=F&filter[fp]=1&order_by=ofr_price&filter[tourOperator]=0&filter[childAge][1]=20201210","https://fly.pl/cdn/photo/assets/uploads/582/278/2014/09/albatros-palace.jpg","https://fly.pl/wycieczka/egipt,marsa-alam,port-ghalib/intercontinental-the-palace-port-ghalib/p7-b9s0ybcRKh9W_yIrIlUAAog2Xic66aru6aQ5bG3C1p-2sdnvfVmx8Rg_GaPWDTmLT4qBEpPSVAwgeTU1AZIgFNQQVjQFmACagMxMmJyQ5sBFAEVBhcAXANYBVYCQMoGT6sCXQBelfoBUrwUUwBL0zJhABGWgwFMrYY5DYH_lwkgAAHFleyw1crNoDACDWMBAAz7O5ax/ofertasv/?filter[tourOperator]=JOIP&filter%5Bperson%5D=2&filter%5BchildAge%5D%5B1%5D=20201210&filter%5Bchild%5D=1","filter_egypt_ny_dec24_2026_7_10_days","egipt","marsa-alam","port-ghalib","2026-12-30","2027-01-06","8","7","Warszawa - Modlin","2+1","egipt|marsa-alam|2026-12-30|2027-01-06|7|Warszawa - Modlin|2+1"
"Safir Dahab Resort","10732.0","24.12.2026 - 31.12.2026","8 dni/7 nocy","4.5","4.5","1506","tripadvisor","Warszawa","2026-08-31T07:49:17.769767+00:00","https://fly.pl/oferta/egipt-wczasy/?filter[dest]=11:&filter[hotelids]=&filter[cityids]=&filter[cregids]=&filter[ofrType]=&filter[addObjType]=&filter[whenFrom]=24-12-2026&filter[whenTo]=06-01-2027&filter[duration]=7:10&filter[from]=Warszawa-Radom,Warszawa,Warszawa-Modlin,Warszawa%20-%20Radom,Warszawa%20-%20Modlin&filter[person]=2&filter[child]=1&filter[price]=0:11000&filter[PriceFrom]=0&filter[PriceTo]=11000&filter[addCategory]=50&filter[addCatering]=1&filter[addMisc]=0&filter[addTransport]=F&filter[fp]=1&order_by=ofr_price&filter[tourOperator]=0&filter[childAge][1]=20201210","https://fly.pl/cdn/photo/assets/uploads/582/278/2015/09/Safir-Dahab-Resort.jpg","https://fly.pl/wycieczka/egipt,dahab,c/dahab-resort/pzim_4pmgnqtzPKzIYKd1lAAogb-wvzB_Js_ax1HFdSa1f9I0RCYMUbnAoptZdUuhRlRYqBEpPSVAwgeTU1AZI7FNQQVjAFWACagNDR21yQpsBFAEVBhcAXANYBVYCQMoGT-IBXQBe3voBEcQEUuIbUwBLxyNhAEzljDoN-_6XCSAAAdnNgIm0iMygMAINYwEAC_jT4AQ/ofertasv/?filter[tourOperator]=JOIP&filter%5Bperson%5D=2&filter%5BchildAge%5D%5B1%5D=20201210&filter%5Bchild%5D=1","filter_egypt_ny_dec24_2026_7_10_days","egipt","dahab","c","2026-12-24","2026-12-31","8","7","Warszawa","2+1","egipt|dahab|2026-12-24|2026-12-31|7|Warszawa|2+1"
"Regency Plaza Aqua Park Spa","10751.0","24.12.2026 - 31.12.2026","8 dni/7 nocy","4.1","4.1","6188","tripadvisor","Warszawa","2026-08-31T07:49:17.769767+00:00","https://fly.pl/oferta/egipt-wczasy/?filter[dest]=11:&filter[hotelids]=&filter[cityids]=&filter[cregids]=&filter[ofrType]=&filter[addObjType]=&filter[whenFrom]=24-12-2026&filter[whenTo]=06-01-2027&filter[duration]=7:10&filter[from]=Warszawa-Radom,Warszawa,Warszawa-Modlin,Warszawa%20-%20Radom,Warszawa%20-%20Modlin&filter[person]=2&filter[child]=1&filter[price]=0:11000&filter[PriceFrom]=0&filter[PriceTo]=11000&filter[addCategory]=50&filter[addCatering]=1&filter[addMisc]=0&filter[addTransport]=F&filter[fp]=1&order_by=ofr_price&filter[tourOperator]=0&filter[childAge][1]=20201210","https://fly.pl/cdn/photo/assets/uploads/582/278/2014/07/Regency-Plaza-Aqua-Park-Spa-fly-pl.jpg","https://fly.pl/wycieczka/egipt,sharm-el-sheikh,szarm-el-szejk/regency-plaza/pylBH5-WA5RIAHM9lgZis2AAogNa2mpc6mrEPVlnIRBIQcS40RCYMUbnAoptZdUuhRlRYqBEpPSVAwgeTU1AZI_1NQQVjAFWACagNDR21yQpsBFAEVBhcAXANYBVYCQMoGT-IBXQARmcoBXsUwUqYgUwBLxyNhAEzljDoN-_6XCSAAAcq5xLjFiMygMAIOYwEADeu5Rj8/ofertasv/?filter[tourOperator]=JOIP&filter%5Bperson%5D=2&filter%5BchildAge%5D%5B1%5D=20201210&filter%5Bchild%5D=1","filter_egypt_ny_dec24_2026_7_10_days","egipt","sharm-el-sheikh","szarm-el-szejk","2026-12-24","2026-12-31","8","7","Warszawa","2+1","egipt|sharm-el-sheikh|2026-12-24|2026-12-31|7|Warszawa|2+1"
"Sharm Grand Plaza Resort","10889.0","24.12.2026 - 31.12.2026","8 dni/7 nocy","4.4","4.4","9428","tripadvisor","Warszawa","2026-08-31T07:49:17.769767+00:00","https://fly.pl/oferta/egipt-wczasy/?filter[dest]=11:&filter[hotelids]=&filter[cityids]=&filter[cregids]=&filter[ofrType]=&filter[addObjType]=&filter[whenFrom]=24-12-2026&filter[whenTo]=06-01-2027&filter[duration]=7:10&filter[from]=Warszawa-Radom,Warszawa,Warszawa-Modlin,Warszawa%20-%20Radom,Warszawa%20-%20Modlin&filter[person]=2&filter[child]=1&filter[price]=0:11000&filter[PriceFrom]=0&filter[PriceTo]=11000&filter[addCategory]=50&filter[addCatering]=1&filter[addMisc]=0&filter[addTransport]=F&filter[fp]=1&order_by=ofr_price&filter[tourOperator]=0&filter[childAge][1]=20201210","https://fly.pl/cdn/photo/assets/uploads/582/278/2014/07/SHARM-GRAND-PLAZA-RESORT-1.jpg","https://fly.pl/wycieczka/egipt,sharm-el-sheikh,c/grand-plaza-resort/p1KDDrEeP8Coai1AgeAH6mAAogcz4rrP3fRwXDOrazAamFiI0RCYMUbnAoptZdUuhRlRYqBEpPSVAwgeTU1AZIiVVQQVjAFWACagMwMllyQpsBFAEVBhcAXANYBVYCQMoGT-IBXQARgscBXtwzUqYgUwBLxyNhAEzljDoN-_6XCSAAAefZ2MjVicygMAINYwEAC0bDWGg/ofertasv/?filter[tourOperator]=JOIP&filter%5Bperson%5D=2&filter%5BchildAge%5D%5B1%5D=20201210&filter%5Bchild%5D=1","filter_egypt_ny_dec24_2026_7_10_days","egipt","sharm-el-sheikh","c","2026-12-24","2026-12-31","8","7","Warszawa","2+1","egipt|sharm-el-sheikh|2026-12-24|2026-12-31|7|Warszawa|2+1"
"Xperience Kiroseiz Parkland","10946.0","24.12.2026 - 31.12.2026","8 dni/7 nocy","4.5","4.5","3121","tripadvisor","Warszawa","2026-08-31T07:49:17.769767+00:00","https://fly.pl/oferta/egipt-wczasy/?filter[dest]=11:&filter[hotelids]=&filter[cityids]=&filter[cregids]=&filter[ofrType]=&filter[addObjType]=&filter[whenFrom]=24-12-2026&filter[whenTo]=06-01-2027&filter[duration]=7:10&filter[from]=Warszawa-Radom,Warszawa,Warszawa-Modlin,Warszawa%20-%20Radom,Warszawa%20-%20Modlin&filter[person]=2&filter[child]=1&filter[price]=0:11000&filter[PriceFrom]=0&filter[PriceTo]=11000&filter[addCategory]=50&filter[addCatering]=1&filter[addMisc]=0&filter[addTransport]=F&filter[fp]=1&order_by=ofr_price&filter[tourOperator]=0&filter[childAge][1]=20201210","https://fly.pl/cdn/photo/assets/uploads/582/278/2014/06/Xperience-Kiroseiz-Parkland-fly-pl.jpg","https://fly.pl/wycieczka/egipt,sharm-el-sheikh,c/xperience-kiroseiz-parkland/pBGc1XgTunjmZJBDVUo6oyAAogmLvQXqlZxEcPg01L56Crm40RCYMUbnAoptZdUuhRlRYqBEpPSVAwgeTU1AZIwlVQQVjAFWACagNDR21yQpsBFAEVBhcAXANYBVYCQMoGT-IBXQARt8YBXqc0UqYgUwBLxyNhAEzljDoN-_6XCSAAAcnXyLi0iMygMAINYwEAC1cd9xw/ofertasv/?filter[tourOperator]=JOIP&filter%5Bperson%5D=2&filter%5BchildAge%5D%5B1%5D=20201210&filter%5Bchild%5D=1","filter_egypt_ny_dec24_2026_7_10_days","egipt","sharm-el-sheikh","c","2026-12-24","2026-12-31","8","7","Warszawa","2+1","egipt|sharm-el-sheikh|2026-12-24|2026-12-31|7|Warszawa|2+1"
"Rehana Royal Beach Resort & Spa","10965.0","24.12.2026 - 31.12.2026","8 dni/7 nocy","4.3","4.3","4661","tripadvisor","Warszawa","2026-08-31T07:49:17.769767+00:00","https://fly.pl/oferta/egipt-wczasy/?filter[dest]=11:&filter[hotelids]=&filter[cityids]=&filter[cregids]=&filter[ofrType]=&filter[addObjType]=&filter[whenFrom]=24-12-2026&filter[whenTo]=06-01-2027&filter[duration]=7:10&filter[from]=Warszawa-Radom,Warszawa,Warszawa-Modlin,Warszawa%20-%20Radom,Warszawa%20-%20Modlin&filter[person]=2&filter[child]=1&filter[price]=0:11000&filter[PriceFrom]=0&filter[PriceTo]=11000&filter[addCategory]=50&filter[addCatering]=1&filter[addMisc]=0&filter[addTransport]=F&filter[fp]=1&order_by=ofr_price&filter[tourOperator]=0&filter[childAge][1]=20201210","https://fly.pl/cdn/photo/assets/uploads/582/278/2016/11/Rehana-Royal-Beach-Resort-amp-Spa.jpg","https://fly.pl/wycieczka/egipt,sharm-el-sheikh,c/rehana-royal-beach-resort-spa/p6DNLVhwDkLY8jF80OJ1kKAAogDH7tKRZnTfyoBCAh7xvifI0RCYMUbnAoptZdUuhRlRYqBEpPSVAwgeTU1AZI1VVQQVjAFWACagMwMHdyQpsBFAEVBhcAXANYBVYCQMoGT-IBXQAR88gBXusxUqYgUwBLxyNhAEzljDoN-_6XCSAAAe_dvLiDqs2gMAINYwEADJX5QN4/ofertasv/?filter[tourOperator]=JOIP&filter%5Bperson%5D=2&filter%5BchildAge%5D%5B1%5D=20201210&filter%5Bchild%5D=1","filter_egypt_ny_dec24_2026_7_10_days","egipt","sharm-el-sheikh","c","2026-12-24","2026-12-31","8","7","Warszawa","2+1","egipt|sharm-el-sheikh|2026-12-24|2026-12-31|7|Warszawa|2+1"
"Gravity Hotel & Aquapark Hurghada (ex. Samra Bay Resort)","10972.0","24.12.2026 - 31.12.2026","8 dni/7 nocy","","","","","Warszawa","2026-08-31T07:49:17.769767+00:00","https://fly.pl/oferta/egipt-wczasy/?filter[dest]=11:&filter[hotelids]=&filter[cityids]=&filter[cregids]=&filter[ofrType]=&filter[addObjType]=&filter[whenFrom]=24-12-2026&filter[whenTo]=06-01-2027&filter[duration]=7:10&filter[from]=Warszawa-Radom,Warszawa,Warszawa-Modlin,Warszawa%20-%20Radom,Warszawa%20-%20Modlin&filter[person]=2&filter[child]=1&filter[price]=0:11000&filter[PriceFrom]=0&filter[PriceTo]=11000&filter[addCategory]=50&filter[addCatering]=1&filter[addMisc]=0&filter[addTransport]=F&filter[fp]=1&order_by=ofr_price&filter[tourOperator]=0&filter[childAge][1]=20201210","https://fly.pl/cdn/photo/assets/uploads/582/278/2017/04/Gravity-Hotel-Aquapark-Hurghada.jpg","https://fly.pl/wycieczka/egipt,hurghada,c/samra-bay-resort/p7e4mOMn5UvxxPy_1-OdV9AAoguHhLBhDzhdphd211mkSAfhSsLauwO7yNTDNJOYuPziwqBEpPSVAwgeTU1AZI3FVQQVjAFWACagMwMllyQpsBFAEVBhcAXANYBVYCQMoGT-IBXQBSr6sBUwBer08RuD9LtQRhAEzljDoN-_6XCSAAAfCNjKmkhsygMAIOYwEADXiY82E/ofertasv/?filter[tourOperator]=JOIP&filter%5Bperson%5D=2&filter%5BchildAge%5D%5B1%5D=20201210&filter%5Bchild%5D=1","filter_egypt_ny_dec24_2026_7_10_days","egipt","hurghada","c","2026-12-24","2026-12-31","8","7","Warszawa","2+1","egipt|hurghada|2026-12-24|2026-12-31|7|Warszawa|2+1"
"Parrotel Lagoon Resort Egipt, Sharm El Sheikh, Szarm el-Szejk","8381.0","24.12.2026 - 31.12.2026","8 dni/7 nocy","4.1","4.1","1824","tripadvisor","Warszawa","2026-08-31T13:12:09.734682+00:00","https://fly.pl/oferta/egipt-wczasy/?filter[dest]=11:&filter[hotelids]=&filter[cityids]=&filter[cregids]=&filter[ofrType]=&filter[addObjType]=&filter[whenFrom]=24-12-2026&filter[whenTo]=06-01-2027&filter[duration]=7:10&filter[from]=Warszawa-Radom,Warszawa,Warszawa-Modlin,Warszawa%20-%20Radom,Warszawa%20-%20Modlin&filter[person]=2&filter[child]=1&filter[price]=0:11000&filter[PriceFrom]=0&filter[PriceTo]=11000&filter[addCategory]=50&filter[addCatering]=1&filter[addMisc]=0&filter[addTransport]=F&filter[fp]=1&order_by=ofr_price&filter[tourOperator]=0&filter[childAge][1]=20201210","https://fly.pl/cdn/photo/assets/uploads/582/278/2020/10/Parrotel-Lagoon-Resort.jpg","https://fly.pl/wycieczka/egipt,sharm-el-sheikh,szarm-el-szejk/parrotel-lagoon-resort-14/puTWugI0QkBEH9ykFD5nipAAoglN3tht0aQgGSeoUxFLU93Y0RCYMUbnAoptZdUuhRlRYqBEpPSVAwqvvV1AZIvUFQQVi6FWACagMwMHdyQpsBFAEVBhcAXANYBVYCQMoGT-IBXQBe3voBUqYgUwBLxyNhABHdV0yItTkN-_6XCSAAAc-79PfSiMygMAIOYwEADWdAirM/ofertasv/?filter[tourOperator]=JOIP&filter%5Bperson%5D=2&filter%5BchildAge%5D%5B1%5D=20201210&filter%5Bchild%5D=1","filter_egypt_ny_dec24_2026_7_10_days","egipt","sharm-el-sheikh","szarm-el-szejk","2026-12-24","2026-12-31","8","7","Warszawa","2+1","egipt|sharm-el-sheikh|2026-12-24|2026-12-31|7|Warszawa|2+1"
"Rewaya Luxury Resort Egipt, Hurghada","8887.0","24.12.2026 - 31.12.2026","9 dni/7 nocy","","","","","Warszawa - Modlin","2026-08-31T13:12:09.734682+00:00","https://fly.pl/oferta/egipt-wczasy/?filter[dest]=11:&filter[hotelids]=&filter[cityids]=&filter[cregids]=&filter[ofrType]=&filter[addObjType]=&filter[whenFrom]=24-12-2026&filter[whenTo]=06-01-2027&filter[duration]=7:10&filter[from]=Warszawa-Radom,Warszawa,Warszawa-Modlin,Warszawa%20-%20Radom,Warszawa%20-%20Modlin&filter[person]=2&filter[child]=1&filter[price]=0:11000&filter[PriceFrom]=0&filter[PriceTo]=11000&filter[addCategory]=50&filter[addCatering]=1&filter[addMisc]=0&filter[addTransport]=F&filter[fp]=1&order_by=ofr_price&filter[tourOperator]=0&filter[childAge][1]=20201210","https://datacfstatic.merlinx.pl/EXIM/IMG/114587/d4eb92cfe350c7a33d54f02107ec3a32db9ef7ad1d4e95c8b7b4944e33e5d7b4.webp","https://fly.pl/wycieczka/egipt,hurghada,c/rewaya-luxury-resort-9/pxLr0FGkpXWVSWS8fVFra4AAog2K-Noss6pAGqOLH8oTH98L26M4lZ0TmK_1aTPorq4NMqBEVYSU0wqvvV1AZIt0VQAVi6FWACagNVQUlyIRwRm_8GqwTFqUu5BEQbzJ5AGO_mRwHhnN2rDQISYwECDbZ2B9k/ofertasv/?filter[tourOperator]=EXIM&filter%5Bperson%5D=2&filter%5BchildAge%5D%5B1%5D=20201210&filter%5Bchild%5D=1","filter_egypt_ny_dec24_2026_7_10_days","egipt","hurghada","c","2026-12-24","2026-12-31","9","7","Warszawa - Modlin","2+1","egipt|hurghada|2026-12-24|2026-12-31|7|Warszawa - Modlin|2+1"
"Rewaya Majestic Resort Egipt, Hurghada","9067.0","24.12.2026 - 31.12.2026","9 dni/7 nocy","","","","","Warszawa - Modlin","2026-08-31T13:12:09.734682+00:00","https://fly.pl/oferta/egipt-wczasy/?filter[dest]=11:&filter[hotelids]=&filter[cityids]=&filter[cregids]=&filter[ofrType]=&filter[addObjType]=&filter[whenFrom]=24-12-2026&filter[whenTo]=06-01-2027&filter[duration]=7:10&filter[from]=Warszawa-Radom,Warszawa,Warszawa-Modlin,Warszawa%20-%20Radom,Warszawa%20-%20Modlin&filter[person]=2&filter[child]=1&filter[price]=0:11000&filter[PriceFrom]=0&filter[PriceTo]=11000&filter[addCategory]=50&filter[addCatering]=1&filter[addMisc]=0&filter[addTransport]=F&filter[fp]=1&order_by=ofr_price&filter[tourOperator]=0&filter[childAge][1]=20201210","https://datacfstatic.merlinx.pl/EXIM/IMG/114588/e3a15b238b2d30f27199dd0e48d3c85c0bc5e06a1c321d66bdb885dd7a89e111.webp","https://fly.pl/wycieczka/egipt,hurghada,c/rewaya-majestic-resort-10/p6undevQ0sgJKLsuVIaJeMAAogr62pPgv1QM-SW7VDsmj5Q726M4lZ0TmK_1aTPorq4NMqBEVYSU0wqvvV1AZI60ZQAVi6FWACagNVQUlyIRwRnP8GqwTEqUu5BEQbzJ9AGP7lRwHhgfKrDQISYwECDZLMv5k/ofertasv/?filter[tourOperator]=EXIM&filter%5Bperson%5D=2&filter%5BchildAge%5D%5B1%5D=20201210&filter%5Bchild%5D=1","filter_egypt_ny_dec24_2026_7_10_days","egipt","hurghada","c","2026-12-24","2026-12-31","9","7","Warszawa - Modlin","2+1","egipt|hurghada|2026-12-24|2026-12-31|7|Warszawa - Modlin|2+1"
"Concorde Moreen Beach Resort & Spa Egipt, Marsa Alam","9310.0","30.12.2026 - 06.01.2027","8 dni/7 nocy","4.5","4.5","5598","tripadvisor","Warszawa - Modlin","2026-08-31T13:12:09.734682+00:00","https://fly.pl/oferta/egipt-wczasy/?filter[dest]=11:&filter[hotelids]=&filter[cityids]=&filter[cregids]=&filter[ofrType]=&filter[addObjType]=&filter[whenFrom]=24-12-2026&filter[whenTo]=06-01-2027&filter[duration]=7:10&filter[from]=Warszawa-Radom,Warszawa,Warszawa-Modlin,Warszawa%20-%20Radom,Warszawa%20-%20Modlin&filter[person]=2&filter[child]=1&filter[price]=0:11000&filter[PriceFrom]=0&filter[PriceTo]=11000&filter[addCategory]=50&filter[addCatering]=1&filter[addMisc]=0&filter[addTransport]=F&filter[fp]=1&order_by=ofr_price&filter[tourOperator]=0&filter[childAge][1]=20201210","https://fly.pl/cdn/photo/assets/uploads/582/278/2014/07/Concorde-Moreen-Beach-Resort-Spa-fly-pl.jpg","https://fly.pl/wycieczka/egipt,marsa-alam,c/concorde-moreen-beach-spa-resort/pofi17j0zpoVFzMKMd7AvSAAogtyYZ4AcRuGdKMiKUoAC2U8dnvfVmx8Rg_GaPWDTmLT4qBEpPSVAwqvvV1AZI3khQQVjKFmACagNDR21yQpsBFAEVBhcAXANYBVYCQMoGT6sCXQAR39ABXrYpUrwUUwBL0zJhAEzDiToNgf-XCSAAAcu31LDVys2gMAINYwEAC6sKEAw/ofertasv/?filter[tourOperator]=JOIP&filter%5Bperson%5D=2&filter%5BchildAge%5D%5B1%5D=20201210&filter%5Bchild%5D=1","filter_egypt_ny_dec24_2026_7_10_days","egipt","marsa-alam","c","2026-12-30","2027-01-06","8","7","Warszawa - Modlin","2+1","egipt|marsa-alam|2026-12-30|2027-01-06|7|Warszawa - Modlin|2+1"
"Fantazia Resort Egipt, Marsa Alam","9345.0","30.12.2026 - 06.01.2027","8 dni/7 nocy","4.4","4.4","5979","tripadvisor","Warszawa - Modlin","2026-08-31T13:12:09.734682+00:00","https://fly.pl/oferta/egipt-wczasy/?filter[dest]=11:&filter[hotelids]=&filter[cityids]=&filter[cregids]=&filter[ofrType]=&filter[addObjType]=&filter[whenFrom]=24-12-2026&filter[whenTo]=06-01-2027&filter[duration]=7:10&filter[from]=Warszawa-Radom,Warszawa,Warszawa-Modlin,Warszawa%20-%20Radom,Warszawa%20-%20Modlin&filter[person]=2&filter[child]=1&filter[price]=0:11000&filter[PriceFrom]=0&filter[PriceTo]=11000&filter[addCategory]=50&filter[addCatering]=1&filter[addMisc]=0&filter[addTransport]=F&filter[fp]=1&order_by=ofr_price&filter[tourOperator]=0&filter[childAge][1]=20201210","https://fly.pl/cdn/photo/assets/uploads/582/278/2016/11/Fantazia-Resort.jpg","https://fly.pl/wycieczka/egipt,marsa-alam,c/fantazia-resort/p3B9FwPATtOF1st-TWzJydAAogGOQkWddDoAqKmEAP79kdiMdnvfVmx8Rg_GaPWDTmLT4qBEpPSVAwqvvV1AZIgUlQQVjKFmACagMwMllyQpsBFAEVBhcAXANYBVYCQMoGT6sCXQBelfoBEcsBUvESUwBL0zJhAEzDiToNgf-XCSAAAeGVzLDVys2gMAINYwEADOLhTxU/ofertasv/?filter[tourOperator]=JOIP&filter%5Bperson%5D=2&filter%5BchildAge%5D%5B1%5D=20201210&filter%5Bchild%5D=1","filter_egypt_ny_dec24_2026_7_10_days","egipt","marsa-alam","c","2026-12-30","2027-01-06","8","7","Warszawa - Modlin","2+1","egipt|marsa-alam|2026-12-30|2027-01-06|7|Warszawa - Modlin|2+1"
"Hawaii Paradise Aqua Park Resort Egipt, Hurghada","9370.0","24.12.2026 - 31.12.2026","8 dni/7 nocy","3.4","3.4","441","tripadvisor","Warszawa","2026-08-31T13:12:09.734682+00:00","https://fly.pl/oferta/egipt-wczasy/?filter[dest]=11:&filter[hotelids]=&filter[cityids]=&filter[cregids]=&filter[ofrType]=&filter[addObjType]=&filter[whenFrom]=24-12-2026&filter[whenTo]=06-01-2027&filter[duration]=7:10&filter[from]=Warszawa-Radom,Warszawa,Warszawa-Modlin,Warszawa%20-%20Radom,Warszawa%20-%20Modlin&filter[person]=2&filter[child]=1&filter[price]=0:11000&filter[PriceFrom]=0&filter[PriceTo]=11000&filter[addCategory]=50&filter[addCatering]=1&filter[addMisc]=0&filter[addTransport]=F&filter[fp]=1&order_by=ofr_price&filter[tourOperator]=0&filter[childAge][1]=20201210","https://fly.pl/cdn/photo/assets/uploads/582/278/2020/09/Hawaii-Paradise-Aqua-Park-Resort.jpg","https://fly.pl/wycieczka/egipt,hurghada,c/hawaii-paradise-aqua-park-resort-14/pT3oxObvg8cTZPYgtle6sdAAogUUH-4BoGB7c6_W7xMZOlehSsLauwO7yNTDNJOYuPziwqBEpPSVAwqvvV1AZImklQQVi6FWACagNDR21yQ5sBFAEVBhcAXANYBVYCQMoGT-IBXQBSr6sBUwBer09L7UNhABHEiwFMoYE5Dfv-lwkgAAHxt7yAxYbMoDACDmMBAA1p_d8w/ofertasv/?filter[tourOperator]=JOIP&filter%5Bperson%5D=2&filter%5BchildAge%5D%5B1%5D=20201210&filter%5Bchild%5D=1","filter_egypt_ny_dec24_2026_7_10_days","egipt","hurghada","c","2026-12-24","2026-12-31","8","7","Warszawa","2+1","egipt|hurghada|2026-12-24|2026-12-31|7|Warszawa|2+1"
"Creek Hotel & Residences Egipt, Hurghada, Al-Dżuna","9381.0","27.12.2026 - 03.01.2027","8 dni/7 nocy","4.8","4.8","219","tripadvisor","Warszawa - Modlin","2026-08-31T13:12:09.734682+00:00","https://fly.pl/oferta/egipt-wczasy/?filter[dest]=11:&filter[hotelids]=&filter[cityids]=&filter[cregids]=&filter[ofrType]=&filter[addObjType]=&filter[whenFrom]=24-12-2026&filter[whenTo]=06-01-2027&filter[duration]=7:10&filter[from]=Warszawa-Radom,Warszawa,Warszawa-Modlin,Warszawa%20-%20Radom,Warszawa%20-%20Modlin&filter[person]=2&filter[child]=1&filter[price]=0:11000&filter[PriceFrom]=0&filter[PriceTo]=11000&filter[addCategory]=50&filter[addCatering]=1&filter[addMisc]=0&filter[addTransport]=F&filter[fp]=1&order_by=ofr_price&filter[tourOperator]=0&filter[childAge][1]=20201210","https://fly.pl/cdn/photo/assets/uploads/582/278/2024/07/creek-hotel-residences.jpg","https://fly.pl/wycieczka/egipt,hurghada,al-dzuna/creek-hotel-residences-9/pLw_bV3mBk32FEJ4woQromAAog2R7AVXwWeyg9QiBFOglfnYSdpu8jpIPbHYu2xWUvsYMqBEJWQkUwqvvV1AZIpUlQAViCFmACagJBSXIhHBH76gEb2LpBGJOVGqsEgrspuQR0AYnX0pMEAgBjAQYLvsPI2A/ofertasv/?filter[tourOperator]=BVBE&filter%5Bperson%5D=2&filter%5BchildAge%5D%5B1%5D=20201210&filter%5Bchild%5D=1","filter_egypt_ny_dec24_2026_7_10_days","egipt","hurghada","al-dzuna","2026-12-27","2027-01-03","8","7","Warszawa - Modlin","2+1","egipt|hurghada|2026-12-27|2027-01-03|7|Warszawa - Modlin|2+1"
"Gorgonia Beach Egipt, Marsa Alam","9400.0","30.12.2026 - 06.01.2027","8 dni/7 nocy","4.5","4.5","3753","tripadvisor","Warszawa - Modlin","2026-08-31T13:12:09.734682+00:00","https://fly.pl/oferta/egipt-wczasy/?filter[dest]=11:&filter[hotelids]=&filter[cityids]=&filter[cregids]=&filter[ofrType]=&filter[addObjType]=&filter[whenFrom]=24-12-2026&filter[whenTo]=06-01-2027&filter[duration]=7:10&filter[from]=Warszawa-Radom,Warszawa,Warszawa-Modlin,Warszawa%20-%20Radom,Warszawa%20-%20Modlin&filter[person]=2&filter[child]=1&filter[price]=0:11000&filter[PriceFrom]=0&filter[PriceTo]=11000&filter[addCategory]=50&filter[addCatering]=1&filter[addMisc]=0&filter[addTransport]=F&filter[fp]=1&order_by=ofr_price&filter[tourOperator]=0&filter[childAge][1]=20201210","https://fly.pl/cdn/photo/assets/uploads/582/278/2016/12/Gorgonia-Beach-Resort.jpg","https://fly.pl/wycieczka/egipt,marsa-alam,c/gorgonia-beach/pznnU4wm79YBryS6jYw_7tAAogYS3T-YjLMq4EhB4-8Lm3HsdnvfVmx8Rg_GaPWDTmLT4qBEpPSVAwqvvV1AZIuElQQVjKFmACagMwYmtyQ5sBFAEVBhcAXANYBVYCQMoGT6sCXQBelfoBUrwUUwBL0zJhABGumgFMle84DYH_lwkgAAHrx8Cw1crNoDACDWMBAAsjRn0p/ofertasv/?filter[tourOperator]=JOIP&filter%5Bperson%5D=2&filter%5BchildAge%5D%5B1%5D=20201210&filter%5Bchild%5D=1","filter_egypt_ny_dec24_2026_7_10_days","egipt","marsa-alam","c","2026-12-30","2027-01-06","8","7","Warszawa - Modlin","2+1","egipt|marsa-alam|2026-12-30|2027-01-06|7|Warszawa - Modlin|2+1"
"AMC Royal Hotel & Spa (ex. AMC Azur Resort) Egipt, Hurghada","9403.0","27.12.2026 - 03.01.2027","8 dni/7 nocy","4.4","4.4","3054","tripadvisor","Warszawa - Modlin","2026-08-31T13:12:09.734682+00:00","https://fly.pl/oferta/egipt-wczasy/?filter[dest]=11:&filter[hotelids]=&filter[cityids]=&filter[cregids]=&filter[ofrType]=&filter[addObjType]=&filter[whenFrom]=24-12-2026&filter[whenTo]=06-01-2027&filter[duration]=7:10&filter[from]=Warszawa-Radom,Warszawa,Warszawa-Modlin,Warszawa%20-%20Radom,Warszawa%20-%20Modlin&filter[person]=2&filter[child]=1&filter[price]=0:11000&filter[PriceFrom]=0&filter[PriceTo]=11000&filter[addCategory]=50&filter[addCatering]=1&filter[addMisc]=0&filter[addTransport]=F&filter[fp]=1&order_by=ofr_price&filter[tourOperator]=0&filter[childAge][1]=20201210","https://fly.pl/cdn/photo/assets/uploads/582/278/2014/07/AMC-Royal-Resort.jpg","https://fly.pl/wycieczka/egipt,hurghada,c/amc-royal-ex-amc-azur-resort/pC3XFznCimNdLqQfBZMqedAAogyACbrqqUjemILVLRqx7mzISdpu8jpIPbHYu2xWUvsYMqBEJWQkUwqvvV1AZIu0lQAViCFmACagJBSXIhHBH-1AEbtupAGP34GqsEt70puQR0AeunxJMEAgBjAQYMQ3SXmQ/ofertasv/?filter[tourOperator]=BVBE&filter%5Bperson%5D=2&filter%5BchildAge%5D%5B1%5D=20201210&filter%5Bchild%5D=1","filter_egypt_ny_dec24_2026_7_10_days","egipt","hurghada","c","2026-12-27","2027-01-03","8","7","Warszawa - Modlin","2+1","egipt|hurghada|2026-12-27|2027-01-03|7|Warszawa - Modlin|2+1"
"Novotel Marsa Alam Egipt, Marsa Alam","9448.0","30.12.2026 - 06.01.2027","8 dni/7 nocy","4.5","4.5","3662","tripadvisor","Warszawa - Modlin","2026-08-31T13:12:09.734682+00:00","https://fly.pl/oferta/egipt-wczasy/?filter[dest]=11:&filter[hotelids]=&filter[cityids]=&filter[cregids]=&filter[ofrType]=&filter[addObjType]=&filter[whenFrom]=24-12-2026&filter[whenTo]=06-01-2027&filter[duration]=7:10&filter[from]=Warszawa-Radom,Warszawa,Warszawa-Modlin,Warszawa%20-%20Radom,Warszawa%20-%20Modlin&filter[person]=2&filter[child]=1&filter[price]=0:11000&filter[PriceFrom]=0&filter[PriceTo]=11000&filter[addCategory]=50&filter[addCatering]=1&filter[addMisc]=0&filter[addTransport]=F&filter[fp]=1&order_by=ofr_price&filter[tourOperator]=0&filter[childAge][1]=20201210","https://fly.pl/cdn/photo/assets/uploads/582/278/2015/09/Novotel-Marsa-Alam.jpg","https://fly.pl/wycieczka/egipt,marsa-alam,c/novotel-marsa-alam/p_JGjdHBlGYQ7uFNeo0mtsAAogYUqXWYDgVUuPg3x81XykmMdnvfVmx8Rg_GaPWDTmLT4qBEpPSVAwqvvV1AZI6ElQQVjKFmACagMwbkhyQpsBFAEVBhcAXANYBVYCQMoGT6sCXQBelfoBUrwUUwARrA5LpyRhAEzDiToNgf-XCSAAAcqN9LDVys2gMAINYwEAC0HbtJw/ofertasv/?filter[tourOperator]=JOIP&filter%5Bperson%5D=2&filter%5BchildAge%5D%5B1%5D=20201210&filter%5Bchild%5D=1","filter_egypt_ny_dec24_2026_7_10_days","egipt","marsa-alam","c","2026-12-30","2027-01-06","8","7","Warszawa - Modlin","2+1","egipt|marsa-alam|2026-12-30|2027-01-06|7|Warszawa - Modlin|2+1"
"Sea Star Beau Rivage Egipt, Hurghada","9539.0","24.12.2026 - 31.12.2026","8 dni/7 nocy","4.5","4.5","4261","tripadvisor","Warszawa","2026-08-31T13:12:09.734682+00:00","https://fly.pl/oferta/egipt-wczasy/?filter[dest]=11:&filter[hotelids]=&filter[cityids]=&filter[cregids]=&filter[ofrType]=&filter[addObjType]=&filter[whenFrom]=24-12-2026&filter[whenTo]=06-01-2027&filter[duration]=7:10&filter[from]=Warszawa-Radom,Warszawa,Warszawa-Modlin,Warszawa%20-%20Radom,Warszawa%20-%20Modlin&filter[person]=2&filter[child]=1&filter[price]=0:11000&filter[PriceFrom]=0&filter[PriceTo]=11000&filter[addCategory]=50&filter[addCatering]=1&filter[addMisc]=0&filter[addTransport]=F&filter[fp]=1&order_by=ofr_price&filter[tourOperator]=0&filter[childAge][1]=20201210","https://fly.pl/cdn/photo/assets/uploads/582/278/2014/07/Sea-Star-Beau-Rivage-fly-pl.jpg","https://fly.pl/wycieczka/egipt,hurghada,c/sea-star-beau-rivage/pgTiv15F3Ggyk9MjI3juICAAogWzllsSxKLApvPTl2cC_E_RSsLauwO7yNTDNJOYuPziwqBEpPSVAwqvvV1AZIw0pQQVi6FWACagMwZmRyQpsBFAEVBhcAXANYBVYCQMoGT-IBXQBSr6sBUwARxxpe6DRL7UNhAEzljDoN-_6XCSAAAd7FiPDEhsygMAINYwEADOWx_GM/ofertasv/?filter[tourOperator]=JOIP&filter%5Bperson%5D=2&filter%5BchildAge%5D%5B1%5D=20201210&filter%5Bchild%5D=1","filter_egypt_ny_dec24_2026_7_10_days","egipt","hurghada","c","2026-12-24","2026-12-31","8","7","Warszawa","2+1","egipt|hurghada|2026-12-24|2026-12-31|7|Warszawa|2+1"
"Royal Lagoons Aqua (ex. Premium Blue) Egipt, Hurghada","9773.0","24.12.2026 - 31.12.2026","8 dni/7 nocy","4.2","4.2","4300","tripadvisor","Warszawa","2026-08-31T13:12:09.734682+00:00","https://fly.pl/oferta/egipt-wczasy/?filter[dest]=11:&filter[hotelids]=&filter[cityids]=&filter[cregids]=&filter[ofrType]=&filter[addObjType]=&filter[whenFrom]=24-12-2026&filter[whenTo]=06-01-2027&filter[duration]=7:10&filter[from]=Warszawa-Radom,Warszawa,Warszawa-Modlin,Warszawa%20-%20Radom,Warszawa%20-%20Modlin&filter[person]=2&filter[child]=1&filter[price]=0:11000&filter[PriceFrom]=0&filter[PriceTo]=11000&filter[addCategory]=50&filter[addCatering]=1&filter[addMisc]=0&filter[addTransport]=F&filter[fp]=1&order_by=ofr_price&filter[tourOperator]=0&filter[childAge][1]=20201210","https://fly.pl/cdn/photo/assets/uploads/582/278/2014/10/Royal-Lagoons-Aqua.jpg","https://fly.pl/wycieczka/egipt,hurghada,c/premium-blue-lagoon-ex-pyramisa-blue-lagoon/ptmPZAKeU-TlsjiJbbGK2nAAogpe-HhmiACix2IKh33cgMbxSsLauwO7yNTDNJOYuPziwqBEpPSVAwqvvV1AZIrUxQQVi6FWACagNDR21yQpsBFAEVBhcAXANYBVYCQMoGT-IBXQBSr6sBUwBer08RhzJL5hFhAEzljDoN-_6XCSAAAcvF3JjFhsygMAIOYwEADVlU0F8/ofertasv/?filter[tourOperator]=JOIP&filter%5Bperson%5D=2&filter%5BchildAge%5D%5B1%5D=20201210&filter%5Bchild%5D=1","filter_egypt_ny_dec24_2026_7_10_days","egipt","hurghada","c","2026-12-24","2026-12-31","8","7","Warszawa","2+1","egipt|hurghada|2026-12-24|2026-12-31|7|Warszawa|2+1"
"Gemma Resort (ex. Labranda Gemma Premium Resort) Egipt, Marsa Alam","9976.0","30.12.2026 - 06.01.2027","8 dni/7 nocy","4.5","4.5","5568","tripadvisor","Warszawa - Modlin","2026-08-31T13:12:09.734682+00:00","https://fly.pl/oferta/egipt-wczasy/?filter[dest]=11:&filter[hotelids]=&filter[cityids]=&filter[cregids]=&filter[ofrType]=&filter[addObjType]=&filter[whenFrom]=24-12-2026&filter[whenTo]=06-01-2027&filter[duration]=7:10&filter[from]=Warszawa-Radom,Warszawa,Warszawa-Modlin,Warszawa%20-%20Radom,Warszawa%20-%20Modlin&filter[person]=2&filter[child]=1&filter[price]=0:11000&filter[PriceFrom]=0&filter[PriceTo]=11000&filter[addCategory]=50&filter[addCatering]=1&filter[addMisc]=0&filter[addTransport]=F&filter[fp]=1&order_by=ofr_price&filter[tourOperator]=0&filter[childAge][1]=20201210","https://fly.pl/cdn/photo/assets/uploads/582/278/2015/06/Gemma-Resort.jpg","https://fly.pl/wycieczka/egipt,marsa-alam,c/gemma-resort/pkNgNsACdSX7OLkp74r_XtAAogVd9bqV4dIaiQdkownEvVC8dnvfVmx8Rg_GaPWDTmLT4qBEpPSVAwqvvV1AZI-E1QQVjKFmACagMwbkhyQpsBFAEVBhcAXANYBVYCQMoGT6sCXQBelfoBUrwUUwBL0zJhABGHcEy8mTkNgf-XCSAAAciV2LDVys2gMAIOYwEADdvNzhM/ofertasv/?filter[tourOperator]=JOIP&filter%5Bperson%5D=2&filter%5BchildAge%5D%5B1%5D=20201210&filter%5Bchild%5D=1","filter_egypt_ny_dec24_2026_7_10_days","egipt","marsa-alam","c","2026-12-30","2027-01-06","8","7","Warszawa - Modlin","2+1","egipt|marsa-alam|2026-12-30|2027-01-06|7|Warszawa - Modlin|2+1"
"Le Meridien Dahab Resort Egipt, Dahab","9983.0","24.12.2026 - 31.12.2026","8 dni/7 nocy","4.3","4.3","1708","tripadvisor","Warszawa","2026-08-31T13:12:09.734682+00:00","https://fly.pl/oferta/egipt-wczasy/?filter[dest]=11:&filter[hotelids]=&filter[cityids]=&filter[cregids]=&filter[ofrType]=&filter[addObjType]=&filter[whenFrom]=24-12-2026&filter[whenTo]=06-01-2027&filter[duration]=7:10&filter[from]=Warszawa-Radom,Warszawa,Warszawa-Modlin,Warszawa%20-%20Radom,Warszawa%20-%20Modlin&filter[person]=2&filter[child]=1&filter[price]=0:11000&filter[PriceFrom]=0&filter[PriceTo]=11000&filter[addCategory]=50&filter[addCatering]=1&filter[addMisc]=0&filter[addTransport]=F&filter[fp]=1&order_by=ofr_price&filter[tourOperator]=0&filter[childAge][1]=20201210","https://fly.pl/cdn/photo/assets/uploads/582/278/2014/09/Retac-Qunay-Dahab.jpg","https://fly.pl/wycieczka/egipt,dahab,c/le-meridien-dahab-bay/p0xvVwIGy0ZqZXBTXFzRfCAAogaYjHUiP2my3qB9g9uPSD440RCYMUbnAoptZdUuhRlRYqBEpPSVAwqvvV1AZI_01QQVi6FWACagNDR21yQpsBFAEVBhcAXANYBVYCQMoGT-IBXQARrdEBXrEpUqYgUwBLxyNhAEzljDoN-_6XCSAAAeWZ5JDFiMygMAINYwEAC8ksyps/ofertasv/?filter[tourOperator]=JOIP&filter%5Bperson%5D=2&filter%5BchildAge%5D%5B1%5D=20201210&filter%5Bchild%5D=1","filter_egypt_ny_dec24_2026_7_10_days","egipt","dahab","c","2026-12-24","2026-12-31","8","7","Warszawa","2+1","egipt|dahab|2026-12-24|2026-12-31|7|Warszawa|2+1"
"Raouf Sun International Aqua Park & SPA Egipt, Sharm El Sheikh, Szarm el-Szejk","9988.0","24.12.2026 - 31.12.2026","8 dni/7 nocy","3.8","3.8","319","tripadvisor","Warszawa","2026-08-31T13:12:09.734682+00:00","https://fly.pl/oferta/egipt-wczasy/?filter[dest]=11:&filter[hotelids]=&filter[cityids]=&filter[cregids]=&filter[ofrType]=&filter[addObjType]=&filter[whenFrom]=24-12-2026&filter[whenTo]=06-01-2027&filter[duration]=7:10&filter[from]=Warszawa-Radom,Warszawa,Warszawa-Modlin,Warszawa%20-%20Radom,Warszawa%20-%20Modlin&filter[person]=2&filter[child]=1&filter[price]=0:11000&filter[PriceFrom]=0&filter[PriceTo]=11000&filter[addCategory]=50&filter[addCatering]=1&filter[addMisc]=0&filter[addTransport]=F&filter[fp]=1&order_by=ofr_price&filter[tourOperator]=0&filter[childAge][1]=20201210","https://fly.pl/cdn/photo/assets/uploads/582/278/2024/07/raouf-sun-international-aqua-park-spa.jpg","https://fly.pl/wycieczka/egipt,sharm-el-sheikh,szarm-el-szejk/raouf-international-aqua-park-spa-14/pCsGCWDN9EMvgt02BceOHfAAogDMzrR9iJSSW0yhRwXrgWA40RCYMUbnAoptZdUuhRlRYqBEpPSVAwqvvV1AZIhE5QQVi6FWACagMxMm9yQ5sBFAEVBhcAXANYBVYCQMoGT-IBXQBe3voBUqYgUwBLxyNhABHPiAFMloQ5Dfv-lwkgAAHgr-S4w4jMoDACDWMBAAyC2_Pi/ofertasv/?filter[tourOperator]=JOIP&filter%5Bperson%5D=2&filter%5BchildAge%5D%5B1%5D=20201210&filter%5Bchild%5D=1","filter_egypt_ny_dec24_2026_7_10_days","egipt","sharm-el-sheikh","szarm-el-szejk","2026-12-24","2026-12-31","8","7","Warszawa","2+1","egipt|sharm-el-sheikh|2026-12-24|2026-12-31|7|Warszawa|2+1"
"Park Inn (Sharm El Sheikh) Egipt, Sharm El Sheikh","9989.0","24.12.2026 - 31.12.2026","8 dni/7 nocy","4.3","4.3","7163","tripadvisor","Warszawa - Modlin","2026-08-31T13:12:09.734682+00:00","https://fly.pl/oferta/egipt-wczasy/?filter[dest]=11:&filter[hotelids]=&filter[cityids]=&filter[cregids]=&filter[ofrType]=&filter[addObjType]=&filter[whenFrom]=24-12-2026&filter[whenTo]=06-01-2027&filter[duration]=7:10&filter[from]=Warszawa-Radom,Warszawa,Warszawa-Modlin,Warszawa%20-%20Radom,Warszawa%20-%20Modlin&filter[person]=2&filter[child]=1&filter[price]=0:11000&filter[PriceFrom]=0&filter[PriceTo]=11000&filter[addCategory]=50&filter[addCatering]=1&filter[addMisc]=0&filter[addTransport]=F&filter[fp]=1&order_by=ofr_price&filter[tourOperator]=0&filter[childAge][1]=20201210","https://fly.pl/cdn/photo/assets/uploads/582/278/2016/11/Park-Inn-Sharm-El-Sheikh.jpg","https://fly.pl/wycieczka/egipt,sharm-el-sheikh,c/park-inn-sharm-el-sheikh/psT9njAObzyGWHKzXjtabRAAogmbUCkMeFSSGaAgKhYuaeBGgJ2MREVQeft-2AzPrrwC4qBEtPTVQwqvvV1AZIhU5QAVi6FWACagJBSXIfHBH6GqsEjeMBuQQxGLmuBBvX9iMB-fzyHgIAYwECBgvIp8M/ofertasv/?filter[tourOperator]=KOMT&filter%5Bperson%5D=2&filter%5BchildAge%5D%5B1%5D=20201210&filter%5Bchild%5D=1","filter_egypt_ny_dec24_2026_7_10_days","egipt","sharm-el-sheikh","c","2026-12-24","2026-12-31","8","7","Warszawa - Modlin","2+1","egipt|sharm-el-sheikh|2026-12-24|2026-12-31|7|Warszawa - Modlin|2+1"
"Jaz Sharm Dreams Resort (ex. Sharm Dreams Resort) Egipt, Sharm El Sheikh","9992.0","24.12.2026 - 31.12.2026","8 dni/7 nocy","4.3","4.3","6488","tripadvisor","Warszawa","2026-08-31T13:12:09.734682+00:00","https://fly.pl/oferta/egipt-wczasy/?filter[dest]=11:&filter[hotelids]=&filter[cityids]=&filter[cregids]=&filter[ofrType]=&filter[addObjType]=&filter[whenFrom]=24-12-2026&filter[whenTo]=06-01-2027&filter[duration]=7:10&filter[from]=Warszawa-Radom,Warszawa,Warszawa-Modlin,Warszawa%20-%20Radom,Warszawa%20-%20Modlin&filter[person]=2&filter[child]=1&filter[price]=0:11000&filter[PriceFrom]=0&filter[PriceTo]=11000&filter[addCategory]=50&filter[addCatering]=1&filter[addMisc]=0&filter[addTransport]=F&filter[fp]=1&order_by=ofr_price&filter[tourOperator]=0&filter[childAge][1]=20201210","https://fly.pl/cdn/photo/assets/uploads/582/278/2014/07/Jaz-Sharm-Dreams.jpg","https://fly.pl/wycieczka/egipt,sharm-el-sheikh,c/hilton-sharm-dreams-resort/pp7qXKsRRkyp8JUSzGlEs6AAogLjhZqwIBdqIp9uvfgHD7E40RCYMUbnAoptZdUuhRlRYqBEpPSVAwqvvV1AZIiE5QQVi6FWACagMwMllyQpsBFAEVBhcAXANYBVYCQMoGT-IBXQARxMYBXpo0UqYgUwBLxyNhAEzljDoN-_6XCSAAAfC9-L-1iMygMAINYwEADODwDos/ofertasv/?filter[tourOperator]=JOIP&filter%5Bperson%5D=2&filter%5BchildAge%5D%5B1%5D=20201210&filter%5Bchild%5D=1","filter_egypt_ny_dec24_2026_7_10_days","egipt","sharm-el-sheikh","c","2026-12-24","2026-12-31","8","7","Warszawa","2+1","egipt|sharm-el-sheikh|2026-12-24|2026-12-31|7|Warszawa|2+1"
"Dream Lagoon & Aqua Park Resort (ex. Floriana Dream Lagoon) Egipt, Marsa Alam","10037.0","29.12.2026 - 05.01.2027","8 dni/7 nocy","4.3","4.3","5710","tripadvisor","Warszawa","2026-08-31T13:12:09.734682+00:00","https://fly.pl/oferta/egipt-wczasy/?filter[dest]=11:&filter[hotelids]=&filter[cityids]=&filter[cregids]=&filter[ofrType]=&filter[addObjType]=&filter[whenFrom]=24-12-2026&filter[whenTo]=06-01-2027&filter[duration]=7:10&filter[from]=Warszawa-Radom,Warszawa,Warszawa-Modlin,Warszawa%20-%20Radom,Warszawa%20-%20Modlin&filter[person]=2&filter[child]=1&filter[price]=0:11000&filter[PriceFrom]=0&filter[PriceTo]=11000&filter[addCategory]=50&filter[addCatering]=1&filter[addMisc]=0&filter[addTransport]=F&filter[fp]=1&order_by=ofr_price&filter[tourOperator]=0&filter[childAge][1]=20201210","https://fly.pl/cdn/photo/assets/uploads/582/278/2015/11/Future-Dream-Lagoon-ex.-Floriana-Dream-Lagoon-fly-pl.jpg","https://fly.pl/wycieczka/egipt,marsa-alam,c/floriana-dream-lagoon/pjj6EoLFujDSAPjXognVLUAAogIEazr1PvZnT84Ds2qrjZKMa1pxxZSARSPLLVQIXch-oqBEVYSU0wqvvV1AZItU5QAViyFmACagJBSXIhHBHagAe5BIucS6sEGhuJ9kAYv8BIAZeDkLMNAgBjAQINzhDncg/ofertasv/?filter[tourOperator]=EXIM&filter%5Bperson%5D=2&filter%5BchildAge%5D%5B1%5D=20201210&filter%5Bchild%5D=1","filter_egypt_ny_dec24_2026_7_10_days","egipt","marsa-alam","c","2026-12-29","2027-01-05","8","7","Warszawa","2+1","egipt|marsa-alam|2026-12-29|2027-01-05|7|Warszawa|2+1"
"Dreams Beach (Sharm El Sheikh) Egipt, Sharm El Sheikh, Szarm el-Szejk","10073.0","24.12.2026 - 31.12.2026","8 dni/7 nocy","3.9","3.9","2640","tripadvisor","Warszawa","2026-08-31T13:12:09.734682+00:00","https://fly.pl/oferta/egipt-wczasy/?filter[dest]=11:&filter[hotelids]=&filter[cityids]=&filter[cregids]=&filter[ofrType]=&filter[addObjType]=&filter[whenFrom]=24-12-2026&filter[whenTo]=06-01-2027&filter[duration]=7:10&filter[from]=Warszawa-Radom,Warszawa,Warszawa-Modlin,Warszawa%20-%20Radom,Warszawa%20-%20Modlin&filter[person]=2&filter[child]=1&filter[price]=0:11000&filter[PriceFrom]=0&filter[PriceTo]=11000&filter[addCategory]=50&filter[addCatering]=1&filter[addMisc]=0&filter[addTransport]=F&filter[fp]=1&order_by=ofr_price&filter[tourOperator]=0&filter[childAge][1]=20201210","https://fly.pl/cdn/photo/assets/uploads/582/278/2014/07/Dreams-Beach-Resort.jpg","https://fly.pl/wycieczka/egipt,sharm-el-sheikh,szarm-el-szejk/dreams-beach-sharm-el-sheikh/pzoBKauXPtocKcyS3WQ_NcAAogmWsNTubVUHJiFrHADfnAJ40RCYMUbnAoptZdUuhRlRYqBEpPSVAwqvvV1AZI2U5QQVi6FWACagNDR21yQpsBFAEVBhcAXANYBVYCQMoGT-IBXQAR5MYBXvozUqYgUwBLxyNhAEzljDoN-_6XCSAAAdDh-PjCiMygMAINYwEACxGUb0I/ofertasv/?filter[tourOperator]=JOIP&filter%5Bperson%5D=2&filter%5BchildAge%5D%5B1%5D=20201210&filter%5Bchild%5D=1","filter_egypt_ny_dec24_2026_7_10_days","egipt","sharm-el-sheikh","szarm-el-szejk","2026-12-24","2026-12-31","8","7","Warszawa","2+1","egipt|sharm-el-sheikh|2026-12-24|2026-12-31|7|Warszawa|2+1"
"IL Mercato (ex. Iberotel Il Mercato) Egipt, Sharm El Sheikh","10077.0","24.12.2026 - 31.12.2026","8 dni/7 nocy","4.4","4.4","2248","tripadvisor","Warszawa","2026-08-31T13:12:09.734682+00:00","https://fly.pl/oferta/egipt-wczasy/?filter[dest]=11:&filter[hotelids]=&filter[cityids]=&filter[cregids]=&filter[ofrType]=&filter[addObjType]=&filter[whenFrom]=24-12-2026&filter[whenTo]=06-01-2027&filter[duration]=7:10&filter[from]=Warszawa-Radom,Warszawa,Warszawa-Modlin,Warszawa%20-%20Radom,Warszawa%20-%20Modlin&filter[person]=2&filter[child]=1&filter[price]=0:11000&filter[PriceFrom]=0&filter[PriceTo]=11000&filter[addCategory]=50&filter[addCatering]=1&filter[addMisc]=0&filter[addTransport]=F&filter[fp]=1&order_by=ofr_price&filter[tourOperator]=0&filter[childAge][1]=20201210","https://fly.pl/cdn/photo/assets/uploads/582/278/2014/07/Il-Mercato-Hotel-Spa-Sharm-El-Sheikh.jpg","https://fly.pl/wycieczka/egipt,sharm-el-sheikh,c/iberotel-il-mercato/pvl05ZMFdei3tEEbJiPoRvAAogyK3R0wXF1UE9KC9A_lH8gY0RCYMUbnAoptZdUuhRlRYqBEpPSVAwqvvV1AZI3U5QQVi6FWACagNDR21yQpsBFAEVBhcAXANYBVYCQMoGT-IBXQBe3voBEcsXUtsIUwBLxyNhAEzljDoN-_6XCSAAAcvP1NDEiMygMAINYwEAC2YeBY8/ofertasv/?filter[tourOperator]=JOIP&filter%5Bperson%5D=2&filter%5BchildAge%5D%5B1%5D=20201210&filter%5Bchild%5D=1","filter_egypt_ny_dec24_2026_7_10_days","egipt","sharm-el-sheikh","c","2026-12-24","2026-12-31","8","7","Warszawa","2+1","egipt|sharm-el-sheikh|2026-12-24|2026-12-31|7|Warszawa|2+1"
"Parrotel Beach Resort (ex. Radisson Blu) Egipt, Sharm El Sheikh","10218.0","24.12.2026 - 31.12.2026","8 dni/7 nocy","4.4","4.4","6983","tripadvisor","Warszawa","2026-08-31T13:12:09.734682+00:00","https://fly.pl/oferta/egipt-wczasy/?filter[dest]=11:&filter[hotelids]=&filter[cityids]=&filter[cregids]=&filter[ofrType]=&filter[addObjType]=&filter[whenFrom]=24-12-2026&filter[whenTo]=06-01-2027&filter[duration]=7:10&filter[from]=Warszawa-Radom,Warszawa,Warszawa-Modlin,Warszawa%20-%20Radom,Warszawa%20-%20Modlin&filter[person]=2&filter[child]=1&filter[price]=0:11000&filter[PriceFrom]=0&filter[PriceTo]=11000&filter[addCategory]=50&filter[addCatering]=1&filter[addMisc]=0&filter[addTransport]=F&filter[fp]=1&order_by=ofr_price&filter[tourOperator]=0&filter[childAge][1]=20201210","https://fly.pl/cdn/photo/assets/uploads/582/278/2014/07/Parrotel-Beach-Resort.jpg","https://fly.pl/wycieczka/egipt,sharm-el-sheikh,c/radisson-blu-resort-sharm-el-sheikh/pcza6J_h4ImIgwb1Fop934AAogSBPBQ7vP2oTb-cWJBFOPCY0RCYMUbnAoptZdUuhRlRYqBEpPSVAwqvvV1AZI6k9QQVi6FWACagNDR21yQpsBFAEVBhcAXANYBVYCQMoGT-IBXQARoccBXr0zUqYgUwBLxyNhAEzljDoN-_6XCSAAAcmX-JfTiMygMAIOYwEADZyHwBc/ofertasv/?filter[tourOperator]=JOIP&filter%5Bperson%5D=2&filter%5BchildAge%5D%5B1%5D=20201210&filter%5Bchild%5D=1","filter_egypt_ny_dec24_2026_7_10_days","egipt","sharm-el-sheikh","c","2026-12-24","2026-12-31","8","7","Warszawa","2+1","egipt|sharm-el-sheikh|2026-12-24|2026-12-31|7|Warszawa|2+1"
"Raouf Star Egipt, Sharm El Sheikh, Szarm el-Szejk","10300.0","24.12.2026 - 31.12.2026","8 dni/7 nocy","4.2","4.2","100","tripadvisor","Warszawa","2026-08-31T13:12:09.734682+00:00","https://fly.pl/oferta/egipt-wczasy/?filter[dest]=11:&filter[hotelids]=&filter[cityids]=&filter[cregids]=&filter[ofrType]=&filter[addObjType]=&filter[whenFrom]=24-12-2026&filter[whenTo]=06-01-2027&filter[duration]=7:10&filter[from]=Warszawa-Radom,Warszawa,Warszawa-Modlin,Warszawa%20-%20Radom,Warszawa%20-%20Modlin&filter[person]=2&filter[child]=1&filter[price]=0:11000&filter[PriceFrom]=0&filter[PriceTo]=11000&filter[addCategory]=50&filter[addCatering]=1&filter[addMisc]=0&filter[addTransport]=F&filter[fp]=1&order_by=ofr_price&filter[tourOperator]=0&filter[childAge][1]=20201210","https://fly.pl/cdn/photo/assets/uploads/582/278/2023/04/Amarina-Star-Resort-Aqua-Park.jpg","https://fly.pl/wycieczka/egipt,sharm-el-sheikh,szarm-el-szejk/raouf-star-15/pONcZPCsL4KatXuP1HkbScAAogn7JU-pwN9yb_q1ZQWVeu5Y0RCYMUbnAoptZdUuhRlRYqBEpPSVAwqvvV1AZIvFBQQVi6FWACagMxMm9yQ5sBFAEVBhcAXANYBVYCQMoGT-IBXQBe3voBUqYgUwBLxyNhABH2pwFM7-Q4Dfv-lwkgAAHiv_iPxIjMoDACDWMBAAwfw6Qc/ofertasv/?filter[tourOperator]=JOIP&filter%5Bperson%5D=2&filter%5BchildAge%5D%5B1%5D=20201210&filter%5Bchild%5D=1","filter_egypt_ny_dec24_2026_7_10_days","egipt","sharm-el-sheikh","szarm-el-szejk","2026-12-24","2026-12-31","8","7","Warszawa","2+1","egipt|sharm-el-sheikh|2026-12-24|2026-12-31|7|Warszawa|2+1"
"Swiss Inn Resort Hurghada (ex. Hilton Hurghada Resort) Egipt, Hurghada","10327.0","24.12.2026 - 31.12.2026","9 dni/7 nocy","4.5","4.5","1875","tripadvisor","Warszawa - Modlin","2026-08-31T13:12:09.734682+00:00","https://fly.pl/oferta/egipt-wczasy/?filter[dest]=11:&filter[hotelids]=&filter[cityids]=&filter[cregids]=&filter[ofrType]=&filter[addObjType]=&filter[whenFrom]=24-12-2026&filter[whenTo]=06-01-2027&filter[duration]=7:10&filter[from]=Warszawa-Radom,Warszawa,Warszawa-Modlin,Warszawa%20-%20Radom,Warszawa%20-%20Modlin&filter[person]=2&filter[child]=1&filter[price]=0:11000&filter[PriceFrom]=0&filter[PriceTo]=11000&filter[addCategory]=50&filter[addCatering]=1&filter[addMisc]=0&filter[addTransport]=F&filter[fp]=1&order_by=ofr_price&filter[tourOperator]=0&filter[childAge][1]=20201210","https://fly.pl/cdn/photo/assets/uploads/582/278/2014/07/Swiss-Inn-Resort-Hurghada.jpg","https://fly.pl/wycieczka/egipt,hurghada,c/hilton-resort/pWlUwdIRnVTwN1t6Rc7Tb4AAogedEqrSSFZD_gvKPZzQDcV0a-WtljEXgfX-OSnJ4bppMqBEVDQ1gwqvvV1AZI11BQAVi6FWACagJBSXIgHBG2TLkEgc4YqwQTGLiwLhvF5UMBker6iQICAGMBAgZdBVML/ofertasv/?filter[tourOperator]=ECCX&filter%5Bperson%5D=2&filter%5BchildAge%5D%5B1%5D=20201210&filter%5Bchild%5D=1","filter_egypt_ny_dec24_2026_7_10_days","egipt","hurghada","c","2026-12-24","2026-12-31","9","7","Warszawa - Modlin","2+1","egipt|hurghada|2026-12-24|2026-12-31|7|Warszawa - Modlin|2+1"
"Radisson Blu Resort (El Quseir) Egipt, Marsa Alam, Al-Kusajr","10379.0","30.12.2026 - 06.01.2027","8 dni/7 nocy","4.4","4.4","3127","tripadvisor","Warszawa - Modlin","2026-08-31T13:12:09.734682+00:00","https://fly.pl/oferta/egipt-wczasy/?filter[dest]=11:&filter[hotelids]=&filter[cityids]=&filter[cregids]=&filter[ofrType]=&filter[addObjType]=&filter[whenFrom]=24-12-2026&filter[whenTo]=06-01-2027&filter[duration]=7:10&filter[from]=Warszawa-Radom,Warszawa,Warszawa-Modlin,Warszawa%20-%20Radom,Warszawa%20-%20Modlin&filter[person]=2&filter[child]=1&filter[price]=0:11000&filter[PriceFrom]=0&filter[PriceTo]=11000&filter[addCategory]=50&filter[addCatering]=1&filter[addMisc]=0&filter[addTransport]=F&filter[fp]=1&order_by=ofr_price&filter[tourOperator]=0&filter[childAge][1]=20201210","https://fly.pl/cdn/photo/assets/uploads/582/278/2015/02/RADISSON-BLU-m.jpg","https://fly.pl/wycieczka/egipt,marsa-alam,al-kusajr/radisson-blu-resort-el-quseir/pAGapyP17fPgsQOc3DfNFRAAogfi7m0MksiVpeAPomS0HoYsdnvfVmx8Rg_GaPWDTmLT4qBEpPSVAwqvvV1AZIi1FQQVjKFmACagMwMEZyQpsBFAEVBhcAXANYBVYCQMoGT6sCXQBelfoBUrwUUwARuhhLmRphAEzDiToNgf-XCSAAAeLViLHVys2gMAINYwEAC2UA7Gc/ofertasv/?filter[tourOperator]=JOIP&filter%5Bperson%5D=2&filter%5BchildAge%5D%5B1%5D=20201210&filter%5Bchild%5D=1","filter_egypt_ny_dec24_2026_7_10_days","egipt","marsa-alam","al-kusajr","2026-12-30","2027-01-06","8","7","Warszawa - Modlin","2+1","egipt|marsa-alam|2026-12-30|2027-01-06|7|Warszawa - Modlin|2+1"
"Bellagio Beach Resort & Spa (ex. Panorama Bungalows Hurghada) Egipt, Hurghada","10460.0","24.12.2026 - 31.12.2026","8 dni/7 nocy","4.3","4.3","4460","tripadvisor","Warszawa","2026-08-31T13:12:09.734682+00:00","https://fly.pl/oferta/egipt-wczasy/?filter[dest]=11:&filter[hotelids]=&filter[cityids]=&filter[cregids]=&filter[ofrType]=&filter[addObjType]=&filter[whenFrom]=24-12-2026&filter[whenTo]=06-01-2027&filter[duration]=7:10&filter[from]=Warszawa-Radom,Warszawa,Warszawa-Modlin,Warszawa%20-%20Radom,Warszawa%20-%20Modlin&filter[person]=2&filter[child]=1&filter[price]=0:11000&filter[PriceFrom]=0&filter[PriceTo]=11000&filter[addCategory]=50&filter[addCatering]=1&filter[addMisc]=0&filter[addTransport]=F&filter[fp]=1&order_by=ofr_price&filter[tourOperator]=0&filter[childAge][1]=20201210","https://fly.pl/cdn/photo/assets/uploads/582/278/2014/07/Bellagio-Beach-Resort-Spa.jpg","https://fly.pl/wycieczka/egipt,hurghada,c/panorama-bungalow-resort/pHzCeVx_0ias3tp0JA1AbjAAogwO8zDWpUkApPuxcS6YlT_BSsLauwO7yNTDNJOYuPziwqBEpPSVAwqvvV1AZI3FFQQVi6FWACagMwMHdyQ5sBFAEVBhcAXANYBVYCQMoGT-IBXQBSr6sBUwBer09L7UNhABGgjgFMxf44Dfv-lwkgAAHl4finpIbMoDACDmMBAA02UCMY/ofertasv/?filter[tourOperator]=JOIP&filter%5Bperson%5D=2&filter%5BchildAge%5D%5B1%5D=20201210&filter%5Bchild%5D=1","filter_egypt_ny_dec24_2026_7_10_days","egipt","hurghada","c","2026-12-24","2026-12-31","8","7","Warszawa","2+1","egipt|hurghada|2026-12-24|2026-12-31|7|Warszawa|2+1"
"Amarina Jannah Resort Aquapark Egipt, Marsa Alam, Port Ghalib","10507.0","29.12.2026 - 05.01.2027","8 dni/7 nocy","4.7","4.7","661","tripadvisor","Warszawa","2026-08-31T13:12:09.734682+00:00","https://fly.pl/oferta/egipt-wczasy/?filter[dest]=11:&filter[hotelids]=&filter[cityids]=&filter[cregids]=&filter[ofrType]=&filter[addObjType]=&filter[whenFrom]=24-12-2026&filter[whenTo]=06-01-2027&filter[duration]=7:10&filter[from]=Warszawa-Radom,Warszawa,Warszawa-Modlin,Warszawa%20-%20Radom,Warszawa%20-%20Modlin&filter[person]=2&filter[child]=1&filter[price]=0:11000&filter[PriceFrom]=0&filter[PriceTo]=11000&filter[addCategory]=50&filter[addCatering]=1&filter[addMisc]=0&filter[addTransport]=F&filter[fp]=1&order_by=ofr_price&filter[tourOperator]=0&filter[childAge][1]=20201210","https://fly.pl/cdn/photo/assets/uploads/582/278/2023/04/Amarina-Jannah-Resort-Aquapark.jpg","https://fly.pl/wycieczka/egipt,marsa-alam,port-ghalib/amarina-jannah-resort-aquapark-15/pjB6Ug3x_rmYpvSdW7vYriAAog7Xo7qCP-DOOl8q-zUEOMksa1pxxZSARSPLLVQIXch-oqBEVYSU0wqvvV1AZIi1JQAViyFmACagJBSXIhHBGqzga5BLvOS6sEGhvT0jAY8dpRAZKhu_IMAgBjAQIOGywTsg/ofertasv/?filter[tourOperator]=EXIM&filter%5Bperson%5D=2&filter%5BchildAge%5D%5B1%5D=20201210&filter%5Bchild%5D=1","filter_egypt_ny_dec24_2026_7_10_days","egipt","marsa-alam","port-ghalib","2026-12-29","2027-01-05","8","7","Warszawa","2+1","egipt|marsa-alam|2026-12-29|2027-01-05|7|Warszawa|2+1"
"Xperience Kiroseiz Premier Egipt, Sharm El Sheikh","10573.0","24.12.2026 - 31.12.2026","8 dni/7 nocy","4.5","4.5","980","tripadvisor","Warszawa","2026-08-31T13:12:09.734682+00:00","https://fly.pl/oferta/egipt-wczasy/?filter[dest]=11:&filter[hotelids]=&filter[cityids]=&filter[cregids]=&filter[ofrType]=&filter[addObjType]=&filter[whenFrom]=24-12-2026&filter[whenTo]=06-01-2027&filter[duration]=7:10&filter[from]=Warszawa-Radom,Warszawa,Warszawa-Modlin,Warszawa%20-%20Radom,Warszawa%20-%20Modlin&filter[person]=2&filter[child]=1&filter[price]=0:11000&filter[PriceFrom]=0&filter[PriceTo]=11000&filter[addCategory]=50&filter[addCatering]=1&filter[addMisc]=0&filter[addTransport]=F&filter[fp]=1&order_by=ofr_price&filter[tourOperator]=0&filter[childAge][1]=20201210","https://fly.pl/cdn/photo/assets/uploads/582/278/2015/11/Xperience-Kiroseiz-Premier-fly-pl-3.jpg","https://fly.pl/wycieczka/egipt,sharm-el-sheikh,c/xperience-kiroseiz-premier/pfVLeyOGtbsK1FENzPZUIuAAogc5qsI0a47M53bgGd0dOQ4o0RCYMUbnAoptZdUuhRlRYqBEpPSVAwqvvV1AZIzVJQQVi6FWACagNDR21yQpsBFAEVBhcAXANYBVYCQMoGT-IBXQBe3voBEeYSUsANUwBLxyNhAEzljDoN-_6XCSAAAcvRiLG0iMygMAINYwEAC9dJcnM/ofertasv/?filter[tourOperator]=JOIP&filter%5Bperson%5D=2&filter%5BchildAge%5D%5B1%5D=20201210&filter%5Bchild%5D=1","filter_egypt_ny_dec24_2026_7_10_days","egipt","sharm-el-sheikh","c","2026-12-24","2026-12-31","8","7","Warszawa","2+1","egipt|sharm-el-sheikh|2026-12-24|2026-12-31|7|Warszawa|2+1"
"Movenpick Sirena Beach Egipt, Marsa Alam, Al-Kusajr","10604.0","30.12.2026 - 06.01.2027","8 dni/7 nocy","4.7","4.7","466","tripadvisor","Warszawa - Modlin","2026-08-31T13:12:09.734682+00:00","https://fly.pl/oferta/egipt-wczasy/?filter[dest]=11:&filter[hotelids]=&filter[cityids]=&filter[cregids]=&filter[ofrType]=&filter[addObjType]=&filter[whenFrom]=24-12-2026&filter[whenTo]=06-01-2027&filter[duration]=7:10&filter[from]=Warszawa-Radom,Warszawa,Warszawa-Modlin,Warszawa%20-%20Radom,Warszawa%20-%20Modlin&filter[person]=2&filter[child]=1&filter[price]=0:11000&filter[PriceFrom]=0&filter[PriceTo]=11000&filter[addCategory]=50&filter[addCatering]=1&filter[addMisc]=0&filter[addTransport]=F&filter[fp]=1&order_by=ofr_price&filter[tourOperator]=0&filter[childAge][1]=20201210","https://datacfstatic.merlinx.pl/JOIP/IMG/60908/a0379f6d880c0f927e84af985906d18427fa6630df380b9e8cafce0b757c5aa9.webp","https://fly.pl/wycieczka/egipt,marsa-alam,al-kusajr/movenpick-sirena-beach-13/przOQB8joB2ZSN0tvtfHY-AAognJhHiCDJc3YWIjY5FGFX0cdnvfVmx8Rg_GaPWDTmLT4qBEpPSVAwqvvV1AZI7FJQQVjKFmACagM3RWZyQ5sBFAEVBhcAXANYBVYCQMoGT6sCXQBelfoBUrwUUwBL0zJhABHCkQFMgfg4DYH_lwkgAAHU34Sx1crNoDACDmMBAA1PBNOb/ofertasv/?filter[tourOperator]=JOIP&filter%5Bperson%5D=2&filter%5BchildAge%5D%5B1%5D=20201210&filter%5Bchild%5D=1","filter_egypt_ny_dec24_2026_7_10_days","egipt","marsa-alam","al-kusajr","2026-12-30","2027-01-06","8","7","Warszawa - Modlin","2+1","egipt|marsa-alam|2026-12-30|2027-01-06|7|Warszawa - Modlin|2+1"
"Albatros Palace Port Ghalib (ex. Red Sea The Palace) Egipt, Marsa Alam, Port Ghalib","10624.0","30.12.2026 - 06.01.2027","8 dni/7 nocy","4.7","4.7","3718","tripadvisor","Warszawa - Modlin","2026-08-31T13:12:09.734682+00:00","https://fly.pl/oferta/egipt-wczasy/?filter[dest]=11:&filter[hotelids]=&filter[cityids]=&filter[cregids]=&filter[ofrType]=&filter[addObjType]=&filter[whenFrom]=24-12-2026&filter[whenTo]=06-01-2027&filter[duration]=7:10&filter[from]=Warszawa-Radom,Warszawa,Warszawa-Modlin,Warszawa%20-%20Radom,Warszawa%20-%20Modlin&filter[person]=2&filter[child]=1&filter[price]=0:11000&filter[PriceFrom]=0&filter[PriceTo]=11000&filter[addCategory]=50&filter[addCatering]=1&filter[addMisc]=0&filter[addTransport]=F&filter[fp]=1&order_by=ofr_price&filter[tourOperator]=0&filter[childAge][1]=20201210","https://fly.pl/cdn/photo/assets/uploads/582/278/2014/09/albatros-palace.jpg","https://fly.pl/wycieczka/egipt,marsa-alam,port-ghalib/intercontinental-the-palace-port-ghalib/p7-b9s0ybcRKh9W_yIrIlUAAog2Xic66aru6aQ5bG3C1p-2sdnvfVmx8Rg_GaPWDTmLT4qBEpPSVAwqvvV1AZIgFNQQVjKFmACagMxMmJyQ5sBFAEVBhcAXANYBVYCQMoGT6sCXQBelfoBUrwUUwBL0zJhABGWgwFMrYY5DYH_lwkgAAHFleyw1crNoDACDWMBAAwU07xU/ofertasv/?filter[tourOperator]=JOIP&filter%5Bperson%5D=2&filter%5BchildAge%5D%5B1%5D=20201210&filter%5Bchild%5D=1","filter_egypt_ny_dec24_2026_7_10_days","egipt","marsa-alam","port-ghalib","2026-12-30","2027-01-06","8","7","Warszawa - Modlin","2+1","egipt|marsa-alam|2026-12-30|2027-01-06|7|Warszawa - Modlin|2+1"
"Safir Dahab Resort Egipt, Dahab","10732.0","24.12.2026 - 31.12.2026","8 dni/7 nocy","4.5","4.5","1506","tripadvisor","Warszawa","2026-08-31T13:12:09.734682+00:00","https://fly.pl/oferta/egipt-wczasy/?filter[dest]=11:&filter[hotelids]=&filter[cityids]=&filter[cregids]=&filter[ofrType]=&filter[addObjType]=&filter[whenFrom]=24-12-2026&filter[whenTo]=06-01-2027&filter[duration]=7:10&filter[from]=Warszawa-Radom,Warszawa,Warszawa-Modlin,Warszawa%20-%20Radom,Warszawa%20-%20Modlin&filter[person]=2&filter[child]=1&filter[price]=0:11000&filter[PriceFrom]=0&filter[PriceTo]=11000&filter[addCategory]=50&filter[addCatering]=1&filter[addMisc]=0&filter[addTransport]=F&filter[fp]=1&order_by=ofr_price&filter[tourOperator]=0&filter[childAge][1]=20201210","https://fly.pl/cdn/photo/assets/uploads/582/278/2015/09/Safir-Dahab-Resort.jpg","https://fly.pl/wycieczka/egipt,dahab,c/dahab-resort/pzim_4pmgnqtzPKzIYKd1lAAogb-wvzB_Js_ax1HFdSa1f9I0RCYMUbnAoptZdUuhRlRYqBEpPSVAwqvvV1AZI7FNQQVi6FWACagNDR21yQpsBFAEVBhcAXANYBVYCQMoGT-IBXQBe3voBEcQEUuIbUwBLxyNhAEzljDoN-_6XCSAAAdnNgIm0iMygMAINYwEACwypOMk/ofertasv/?filter[tourOperator]=JOIP&filter%5Bperson%5D=2&filter%5BchildAge%5D%5B1%5D=20201210&filter%5Bchild%5D=1","filter_egypt_ny_dec24_2026_7_10_days","egipt","dahab","c","2026-12-24","2026-12-31","8","7","Warszawa","2+1","egipt|dahab|2026-12-24|2026-12-31|7|Warszawa|2+1"
"Regency Plaza Aqua Park Spa","10751.0","24.12.2026 - 31.12.2026","8 dni/7 nocy","4.1","4.1","6188","tripadvisor","Warszawa","2026-08-31T13:12:09.734682+00:00","https://fly.pl/oferta/egipt-wczasy/?filter[dest]=11:&filter[hotelids]=&filter[cityids]=&filter[cregids]=&filter[ofrType]=&filter[addObjType]=&filter[whenFrom]=24-12-2026&filter[whenTo]=06-01-2027&filter[duration]=7:10&filter[from]=Warszawa-Radom,Warszawa,Warszawa-Modlin,Warszawa%20-%20Radom,Warszawa%20-%20Modlin&filter[person]=2&filter[child]=1&filter[price]=0:11000&filter[PriceFrom]=0&filter[PriceTo]=11000&filter[addCategory]=50&filter[addCatering]=1&filter[addMisc]=0&filter[addTransport]=F&filter[fp]=1&order_by=ofr_price&filter[tourOperator]=0&filter[childAge][1]=20201210","https://fly.pl/cdn/photo/assets/uploads/582/278/2014/07/Regency-Plaza-Aqua-Park-Spa-fly-pl.jpg","https://fly.pl/wycieczka/egipt,sharm-el-sheikh,szarm-el-szejk/regency-plaza/pylBH5-WA5RIAHM9lgZis2AAogNa2mpc6mrEPVlnIRBIQcS40RCYMUbnAoptZdUuhRlRYqBEpPSVAwrfvV1AZI_1NQQVi6FWACagNDR21yQpsBFAEVBhcAXANYBVYCQMoGT-IBXQARmcoBXsUwUqYgUwBLxyNhAEzljDoN-_6XCSAAAcq5xLjFiMygMAIOYwEADeOC9Nc/ofertasv/?filter[tourOperator]=JOIP&filter%5Bperson%5D=2&filter%5BchildAge%5D%5B1%5D=20201210&filter%5Bchild%5D=1","filter_egypt_ny_dec24_2026_7_10_days","egipt","sharm-el-sheikh","szarm-el-szejk","2026-12-24","2026-12-31","8","7","Warszawa","2+1","egipt|sharm-el-sheikh|2026-12-24|2026-12-31|7|Warszawa|2+1"
"Sharm Grand Plaza Resort","10889.0","24.12.2026 - 31.12.2026","8 dni/7 nocy","4.4","4.4","9428","tripadvisor","Warszawa","2026-08-31T13:12:09.734682+00:00","https://fly.pl/oferta/egipt-wczasy/?filter[dest]=11:&filter[hotelids]=&filter[cityids]=&filter[cregids]=&filter[ofrType]=&filter[addObjType]=&filter[whenFrom]=24-12-2026&filter[whenTo]=06-01-2027&filter[duration]=7:10&filter[from]=Warszawa-Radom,Warszawa,Warszawa-Modlin,Warszawa%20-%20Radom,Warszawa%20-%20Modlin&filter[person]=2&filter[child]=1&filter[price]=0:11000&filter[PriceFrom]=0&filter[PriceTo]=11000&filter[addCategory]=50&filter[addCatering]=1&filter[addMisc]=0&filter[addTransport]=F&filter[fp]=1&order_by=ofr_price&filter[tourOperator]=0&filter[childAge][1]=20201210","https://fly.pl/cdn/photo/assets/uploads/582/278/2014/07/SHARM-GRAND-PLAZA-RESORT-1.jpg","https://fly.pl/wycieczka/egipt,sharm-el-sheikh,c/grand-plaza-resort/p1KDDrEeP8Coai1AgeAH6mAAogcz4rrP3fRwXDOrazAamFiI0RCYMUbnAoptZdUuhRlRYqBEpPSVAwrfvV1AZIiVVQQVi6FWACagMwMllyQpsBFAEVBhcAXANYBVYCQMoGT-IBXQARgscBXtwzUqYgUwBLxyNhAEzljDoN-_6XCSAAAefZ2MjVicygMAINYwEACzqf8H4/ofertasv/?filter[tourOperator]=JOIP&filter%5Bperson%5D=2&filter%5BchildAge%5D%5B1%5D=20201210&filter%5Bchild%5D=1","filter_egypt_ny_dec24_2026_7_10_days","egipt","sharm-el-sheikh","c","2026-12-24","2026-12-31","8","7","Warszawa","2+1","egipt|sharm-el-sheikh|2026-12-24|2026-12-31|7|Warszawa|2+1"
"Xperience Kiroseiz Parkland","10946.0","24.12.2026 - 31.12.2026","8 dni/7 nocy","4.5","4.5","3121","tripadvisor","Warszawa","2026-08-31T13:12:09.734682+00:00","https://fly.pl/oferta/egipt-wczasy/?filter[dest]=11:&filter[hotelids]=&filter[cityids]=&filter[cregids]=&filter[ofrType]=&filter[addObjType]=&filter[whenFrom]=24-12-2026&filter[whenTo]=06-01-2027&filter[duration]=7:10&filter[from]=Warszawa-Radom,Warszawa,Warszawa-Modlin,Warszawa%20-%20Radom,Warszawa%20-%20Modlin&filter[person]=2&filter[child]=1&filter[price]=0:11000&filter[PriceFrom]=0&filter[PriceTo]=11000&filter[addCategory]=50&filter[addCatering]=1&filter[addMisc]=0&filter[addTransport]=F&filter[fp]=1&order_by=ofr_price&filter[tourOperator]=0&filter[childAge][1]=20201210","https://fly.pl/cdn/photo/assets/uploads/582/278/2014/06/Xperience-Kiroseiz-Parkland-fly-pl.jpg","https://fly.pl/wycieczka/egipt,sharm-el-sheikh,c/xperience-kiroseiz-parkland/pBGc1XgTunjmZJBDVUo6oyAAogmLvQXqlZxEcPg01L56Crm40RCYMUbnAoptZdUuhRlRYqBEpPSVAwrfvV1AZIwlVQQVi6FWACagNDR21yQpsBFAEVBhcAXANYBVYCQMoGT-IBXQARt8YBXqc0UqYgUwBLxyNhAEzljDoN-_6XCSAAAcnXyLi0iMygMAINYwEAC5PATzk/ofertasv/?filter[tourOperator]=JOIP&filter%5Bperson%5D=2&filter%5BchildAge%5D%5B1%5D=20201210&filter%5Bchild%5D=1","filter_egypt_ny_dec24_2026_7_10_days","egipt","sharm-el-sheikh","c","2026-12-24","2026-12-31","8","7","Warszawa","2+1","egipt|sharm-el-sheikh|2026-12-24|2026-12-31|7|Warszawa|2+1"
"Rehana Royal Beach Resort & Spa","10965.0","24.12.2026 - 31.12.2026","8 dni/7 nocy","4.3","4.3","4661","tripadvisor","Warszawa","2026-08-31T13:12:09.734682+00:00","https://fly.pl/oferta/egipt-wczasy/?filter[dest]=11:&filter[hotelids]=&filter[cityids]=&filter[cregids]=&filter[ofrType]=&filter[addObjType]=&filter[whenFrom]=24-12-2026&filter[whenTo]=06-01-2027&filter[duration]=7:10&filter[from]=Warszawa-Radom,Warszawa,Warszawa-Modlin,Warszawa%20-%20Radom,Warszawa%20-%20Modlin&filter[person]=2&filter[child]=1&filter[price]=0:11000&filter[PriceFrom]=0&filter[PriceTo]=11000&filter[addCategory]=50&filter[addCatering]=1&filter[addMisc]=0&filter[addTransport]=F&filter[fp]=1&order_by=ofr_price&filter[tourOperator]=0&filter[childAge][1]=20201210","https://fly.pl/cdn/photo/assets/uploads/582/278/2016/11/Rehana-Royal-Beach-Resort-amp-Spa.jpg","https://fly.pl/wycieczka/egipt,sharm-el-sheikh,c/rehana-royal-beach-resort-spa/p6DNLVhwDkLY8jF80OJ1kKAAogDH7tKRZnTfyoBCAh7xvifI0RCYMUbnAoptZdUuhRlRYqBEpPSVAwrfvV1AZI1VVQQVi6FWACagMwMHdyQpsBFAEVBhcAXANYBVYCQMoGT-IBXQAR88gBXusxUqYgUwBLxyNhAEzljDoN-_6XCSAAAe_dvLiDqs2gMAINYwEADAisShY/ofertasv/?filter[tourOperator]=JOIP&filter%5Bperson%5D=2&filter%5BchildAge%5D%5B1%5D=20201210&filter%5Bchild%5D=1","filter_egypt_ny_dec24_2026_7_10_days","egipt","sharm-el-sheikh","c","2026-12-24","2026-12-31","8","7","Warszawa","2+1","egipt|sharm-el-sheikh|2026-12-24|2026-12-31|7|Warszawa|2+1"
"Gravity Hotel & Aquapark Hurghada (ex. Samra Bay Resort)","10972.0","24.12.2026 - 31.12.2026","8 dni/7 nocy","","","","","Warszawa","2026-08-31T13:12:09.734682+00:00","https://fly.pl/oferta/egipt-wczasy/?filter[dest]=11:&filter[hotelids]=&filter[cityids]=&filter[cregids]=&filter[ofrType]=&filter[addObjType]=&filter[whenFrom]=24-12-2026&filter[whenTo]=06-01-2027&filter[duration]=7:10&filter[from]=Warszawa-Radom,Warszawa,Warszawa-Modlin,Warszawa%20-%20Radom,Warszawa%20-%20Modlin&filter[person]=2&filter[child]=1&filter[price]=0:11000&filter[PriceFrom]=0&filter[PriceTo]=11000&filter[addCategory]=50&filter[addCatering]=1&filter[addMisc]=0&filter[addTransport]=F&filter[fp]=1&order_by=ofr_price&filter[tourOperator]=0&filter[childAge][1]=20201210","https://fly.pl/cdn/photo/assets/uploads/582/278/2017/04/Gravity-Hotel-Aquapark-Hurghada.jpg","https://fly.pl/wycieczka/egipt,hurghada,c/samra-bay-resort/p7e4mOMn5UvxxPy_1-OdV9AAoguHhLBhDzhdphd211mkSAfhSsLauwO7yNTDNJOYuPziwqBEpPSVAwrfvV1AZI3FVQQVi6FWACagMwMllyQpsBFAEVBhcAXANYBVYCQMoGT-IBXQBSr6sBUwBer08RuD9LtQRhAEzljDoN-_6XCSAAAfCNjKmkhsygMAIOYwEADZ7SofQ/ofertasv/?filter[tourOperator]=JOIP&filter%5Bperson%5D=2&filter%5BchildAge%5D%5B1%5D=20201210&filter%5Bchild%5D=1","filter_egypt_ny_dec24_2026_7_10_days","egipt","hurghada","c","2026-12-24","2026-12-31","8","7","Warszawa","2+1","egipt|hurghada|2026-12-24|2026-12-31|7|Warszawa|2+1"
