"run_started_at","departure_key","filter_id","country","region","departure_date","return_date","nights","origin_scope","pax_profile","days_to_departure","offer_count","hotel_count","min_price","p10_price","p25_price","median_price","max_price","below_10000_count","below_8000_count","prev_min_price","prev_p10_price","prev_median_price","min_change_pct","p10_change_pct","median_change_pct","hotel_count_delta","common_hotel_count","avg_deal_score","mean_avg_delta_pct","hot_deal_count","good_deal_count","median_ta_rating","ta_rated_hotel_count","hot_score"
"2026-06-14T10:36:41+0000","turcja|alanya|2026-07-18|2026-07-25|7|Warszawa,Warszawa-Radom,Warszawa - Modlin,Warszawa - Radom|2+1","filter_turkey_vacation_jul18_2026","turcja","alanya","2026-07-18","2026-07-25","7.0","Warszawa,Warszawa-Radom,Warszawa - Modlin,Warszawa - Radom","2+1","34.0","5.0","5.0","9190.0","9850.4","10841.0","11483.0","12298.0","1.0","0.0","0.0","0.0","0.0","0.0","0.0","0.0","0.0","0.0","0.0","0.0","0.0","0.0","4.5","5.0","0.0"
"2026-06-14T11:30:31+0000","turcja|alanya|2026-07-18|2026-07-25|7|Warszawa,Warszawa-Radom,Warszawa - Modlin,Warszawa - Radom|2+1","filter_turkey_vacation_jul18_2026","turcja","alanya","2026-07-18","2026-07-25","7.0","Warszawa,Warszawa-Radom,Warszawa - Modlin,Warszawa - Radom","2+1","34.0","5.0","5.0","9190.0","9850.4","10841.0","11483.0","12298.0","1.0","0.0","0.0","0.0","0.0","0.0","0.0","0.0","0.0","0.0","56.0","0.0","0.0","0.0","4.5","5.0","0.0"
"2026-06-14T11:49:03+0000","turcja|alanya|2026-07-18|2026-07-25|7|Warszawa,Warszawa-Radom,Warszawa - Modlin,Warszawa - Radom|2+1","filter_turkey_vacation_jul18_2026","turcja","alanya","2026-07-18","2026-07-25","7.0","Warszawa,Warszawa-Radom,Warszawa - Modlin,Warszawa - Radom","2+1","34.0","5.0","5.0","9190.0","9850.4","10841.0","11483.0","12298.0","1.0","0.0","0.0","0.0","0.0","0.0","0.0","0.0","0.0","0.0","56.0","0.0","0.0","0.0","4.5","5.0","0.0"
"2026-06-14T13:00:44+0000","turcja|alanya|2026-07-18|2026-07-25|7|Warszawa,Warszawa-Radom,Warszawa - Modlin,Warszawa - Radom|2+1","filter_turkey_vacation_jul18_2026","turcja","alanya","2026-07-18","2026-07-25","7.0","Warszawa,Warszawa-Radom,Warszawa - Modlin,Warszawa - Radom","2+1","34.0","5.0","5.0","9190.0","9850.4","10841.0","11483.0","12298.0","1.0","0.0","0.0","0.0","0.0","0.0","0.0","0.0","0.0","0.0","58.0","-2.69","0.0","0.0","4.5","5.0","0.0"
"2026-06-14T13:34:55+0000","turcja|alanya|2026-07-18|2026-07-25|7|Warszawa,Warszawa-Radom,Warszawa - Modlin,Warszawa - Radom|2+1","filter_turkey_vacation_jul18_2026","turcja","alanya","2026-07-18","2026-07-25","7.0","Warszawa,Warszawa-Radom,Warszawa - Modlin,Warszawa - Radom","2+1","34.0","5.0","5.0","9190.0","9850.4","10841.0","11483.0","12298.0","1.0","0.0","0.0","0.0","0.0","0.0","0.0","0.0","0.0","0.0","60.0","-4.1","0.0","0.0","4.5","5.0","0.0"
"2026-06-14T14:36:32+0000","turcja|alanya|2026-07-18|2026-07-25|7|Warszawa,Warszawa-Radom,Warszawa - Modlin,Warszawa - Radom|2+1","filter_turkey_vacation_jul18_2026","turcja","alanya","2026-07-18","2026-07-25","7.0","Warszawa,Warszawa-Radom,Warszawa - Modlin,Warszawa - Radom","2+1","34.0","5.0","5.0","9190.0","9850.4","10841.0","11483.0","12298.0","1.0","0.0","0.0","0.0","0.0","0.0","0.0","0.0","0.0","0.0","62.0","-5.69","0.0","0.0","4.5","5.0","0.0"
"2026-06-14T13:00:44+0000","turcja|alanya|2026-07-18|2026-07-27|9|Warszawa,Warszawa-Radom,Warszawa - Modlin,Warszawa - Radom|2+1","filter_turkey_vacation_jul18_2026","turcja","alanya","2026-07-18","2026-07-27","9.0","Warszawa,Warszawa-Radom,Warszawa - Modlin,Warszawa - Radom","2+1","34.0","7.0","7.0","10625.0","11777.6","12661.0","12855.0","15543.0","0.0","0.0","0.0","0.0","0.0","0.0","0.0","0.0","0.0","0.0","49.0","14.46","0.0","0.0","4.4","7.0","0.0"
"2026-06-14T13:34:55+0000","turcja|alanya|2026-07-18|2026-07-27|9|Warszawa,Warszawa-Radom,Warszawa - Modlin,Warszawa - Radom|2+1","filter_turkey_vacation_jul18_2026","turcja","alanya","2026-07-18","2026-07-27","9.0","Warszawa,Warszawa-Radom,Warszawa - Modlin,Warszawa - Radom","2+1","34.0","6.0","6.0","10625.0","11585.5","12603.5","13145.5","15543.0","0.0","0.0","0.0","0.0","0.0","0.0","0.0","0.0","0.0","0.0","49.0","10.45","0.0","0.0","4.3","6.0","0.0"
"2026-06-14T14:36:32+0000","turcja|alanya|2026-07-18|2026-07-27|9|Warszawa,Warszawa-Radom,Warszawa - Modlin,Warszawa - Radom|2+1","filter_turkey_vacation_jul18_2026","turcja","alanya","2026-07-18","2026-07-27","9.0","Warszawa,Warszawa-Radom,Warszawa - Modlin,Warszawa - Radom","2+1","34.0","5.0","5.0","10625.0","11393.4","12546.0","12776.0","14485.0","0.0","0.0","0.0","0.0","0.0","0.0","0.0","0.0","0.0","0.0","46.0","11.26","0.0","0.0","4.2","5.0","0.0"
"2026-06-14T10:36:41+0000","turcja|alanya|2026-07-19|2026-07-26|7|Warszawa,Warszawa-Radom,Warszawa - Modlin,Warszawa - Radom|2+1","filter_turkey_vacation_jul18_2026","turcja","alanya","2026-07-19","2026-07-26","7.0","Warszawa,Warszawa-Radom,Warszawa - Modlin,Warszawa - Radom","2+1","35.0","26.0","26.0","8247.0","8660.0","8898.75","10010.0","12225.0","13.0","0.0","0.0","0.0","0.0","0.0","0.0","0.0","0.0","0.0","0.0","0.0","0.0","0.0","4.3","24.0","0.0"
"2026-06-14T10:36:41+0000","turcja|alanya|2026-07-19|2026-07-26|7|Warszawa,Warszawa-Radom,Warszawa - Modlin,Warszawa - Radom|2+1","filter_turkey_vacation_jul18_2026","turcja","alanya","2026-07-19","2026-07-26","7.0","Warszawa,Warszawa-Radom,Warszawa - Modlin,Warszawa - Radom","2+1","35.0","26.0","26.0","8247.0","8660.0","8898.75","10010.0","12225.0","13.0","0.0","0.0","0.0","0.0","0.0","0.0","0.0","0.0","0.0","0.0","0.0","0.0","0.0","4.3","24.0","0.0"
"2026-06-14T11:30:31+0000","turcja|alanya|2026-07-19|2026-07-26|7|Warszawa,Warszawa-Radom,Warszawa - Modlin,Warszawa - Radom|2+1","filter_turkey_vacation_jul18_2026","turcja","alanya","2026-07-19","2026-07-26","7.0","Warszawa,Warszawa-Radom,Warszawa - Modlin,Warszawa - Radom","2+1","35.0","26.0","26.0","8247.0","8660.0","8898.75","10010.0","12225.0","13.0","0.0","0.0","0.0","0.0","0.0","0.0","0.0","0.0","0.0","54.0","0.0","0.0","0.0","4.3","24.0","0.0"
"2026-06-14T11:49:03+0000","turcja|alanya|2026-07-19|2026-07-26|7|Warszawa,Warszawa-Radom,Warszawa - Modlin,Warszawa - Radom|2+1","filter_turkey_vacation_jul18_2026","turcja","alanya","2026-07-19","2026-07-26","7.0","Warszawa,Warszawa-Radom,Warszawa - Modlin,Warszawa - Radom","2+1","35.0","26.0","26.0","8247.0","8660.0","8898.75","10010.0","12225.0","13.0","0.0","0.0","0.0","0.0","0.0","0.0","0.0","0.0","0.0","54.0","0.0","0.0","0.0","4.3","24.0","0.0"
"2026-06-14T13:00:44+0000","turcja|alanya|2026-07-19|2026-07-26|7|Warszawa,Warszawa-Radom,Warszawa - Modlin,Warszawa - Radom|2+1","filter_turkey_vacation_jul18_2026","turcja","alanya","2026-07-19","2026-07-26","7.0","Warszawa,Warszawa-Radom,Warszawa - Modlin,Warszawa - Radom","2+1","35.0","26.0","26.0","8247.0","8660.0","8898.75","10010.0","12225.0","13.0","0.0","0.0","0.0","0.0","0.0","0.0","0.0","0.0","0.0","56.0","-2.11","0.0","0.0","4.3","24.0","0.0"
"2026-06-14T13:34:55+0000","turcja|alanya|2026-07-19|2026-07-26|7|Warszawa,Warszawa-Radom,Warszawa - Modlin,Warszawa - Radom|2+1","filter_turkey_vacation_jul18_2026","turcja","alanya","2026-07-19","2026-07-26","7.0","Warszawa,Warszawa-Radom,Warszawa - Modlin,Warszawa - Radom","2+1","35.0","26.0","26.0","8247.0","8660.0","8898.75","10010.0","12225.0","13.0","0.0","0.0","0.0","0.0","0.0","0.0","0.0","0.0","0.0","58.0","-3.23","0.0","0.0","4.3","24.0","0.0"
"2026-06-14T14:36:32+0000","turcja|alanya|2026-07-19|2026-07-26|7|Warszawa,Warszawa-Radom,Warszawa - Modlin,Warszawa - Radom|2+1","filter_turkey_vacation_jul18_2026","turcja","alanya","2026-07-19","2026-07-26","7.0","Warszawa,Warszawa-Radom,Warszawa - Modlin,Warszawa - Radom","2+1","35.0","26.0","26.0","8247.0","8660.0","8898.75","10010.0","12225.0","13.0","0.0","0.0","0.0","0.0","0.0","0.0","0.0","0.0","0.0","60.0","-4.49","0.0","1.0","4.3","24.0","0.0"
"2026-06-14T10:36:41+0000","turcja|alanya|2026-07-20|2026-07-27|7|Warszawa,Warszawa-Radom,Warszawa - Modlin,Warszawa - Radom|2+1","filter_turkey_vacation_jul18_2026","turcja","alanya","2026-07-20","2026-07-27","7.0","Warszawa,Warszawa-Radom,Warszawa - Modlin,Warszawa - Radom","2+1","36.0","8.0","8.0","8012.0","8336.1","8653.5","9896.5","11557.0","4.0","0.0","0.0","0.0","0.0","0.0","0.0","0.0","0.0","0.0","0.0","0.0","0.0","0.0","3.9","8.0","0.0"
"2026-06-14T10:36:41+0000","turcja|alanya|2026-07-20|2026-07-27|7|Warszawa,Warszawa-Radom,Warszawa - Modlin,Warszawa - Radom|2+1","filter_turkey_vacation_jul18_2026","turcja","alanya","2026-07-20","2026-07-27","7.0","Warszawa,Warszawa-Radom,Warszawa - Modlin,Warszawa - Radom","2+1","36.0","8.0","8.0","8012.0","8336.1","8653.5","9896.5","11557.0","4.0","0.0","0.0","0.0","0.0","0.0","0.0","0.0","0.0","0.0","0.0","0.0","0.0","0.0","3.9","8.0","0.0"
"2026-06-14T11:30:31+0000","turcja|alanya|2026-07-20|2026-07-27|7|Warszawa,Warszawa-Radom,Warszawa - Modlin,Warszawa - Radom|2+1","filter_turkey_vacation_jul18_2026","turcja","alanya","2026-07-20","2026-07-27","7.0","Warszawa,Warszawa-Radom,Warszawa - Modlin,Warszawa - Radom","2+1","36.0","8.0","8.0","6987.0","7704.5","8359.25","9064.5","11557.0","5.0","1.0","0.0","0.0","0.0","0.0","0.0","0.0","0.0","0.0","51.0","0.0","0.0","0.0","3.55","8.0","0.0"
"2026-06-14T11:49:03+0000","turcja|alanya|2026-07-20|2026-07-27|7|Warszawa,Warszawa-Radom,Warszawa - Modlin,Warszawa - Radom|2+1","filter_turkey_vacation_jul18_2026","turcja","alanya","2026-07-20","2026-07-27","7.0","Warszawa,Warszawa-Radom,Warszawa - Modlin,Warszawa - Radom","2+1","36.0","8.0","8.0","6987.0","7704.5","8359.25","9064.5","11557.0","5.0","1.0","0.0","0.0","0.0","0.0","0.0","0.0","0.0","0.0","51.0","0.0","0.0","0.0","3.55","8.0","0.0"
"2026-06-14T13:00:44+0000","turcja|alanya|2026-07-20|2026-07-27|7|Warszawa,Warszawa-Radom,Warszawa - Modlin,Warszawa - Radom|2+1","filter_turkey_vacation_jul18_2026","turcja","alanya","2026-07-20","2026-07-27","7.0","Warszawa,Warszawa-Radom,Warszawa - Modlin,Warszawa - Radom","2+1","36.0","8.0","8.0","6987.0","7704.5","8359.25","9064.5","11557.0","5.0","1.0","0.0","0.0","0.0","0.0","0.0","0.0","0.0","0.0","52.0","-3.88","0.0","0.0","3.55","8.0","0.0"
"2026-06-14T13:34:55+0000","turcja|alanya|2026-07-20|2026-07-27|7|Warszawa,Warszawa-Radom,Warszawa - Modlin,Warszawa - Radom|2+1","filter_turkey_vacation_jul18_2026","turcja","alanya","2026-07-20","2026-07-27","7.0","Warszawa,Warszawa-Radom,Warszawa - Modlin,Warszawa - Radom","2+1","36.0","8.0","8.0","6987.0","7704.5","8359.25","9064.5","11557.0","5.0","1.0","0.0","0.0","0.0","0.0","0.0","0.0","0.0","0.0","54.0","-6.2","0.0","0.0","3.55","8.0","0.0"
"2026-06-14T14:36:32+0000","turcja|alanya|2026-07-20|2026-07-27|7|Warszawa,Warszawa-Radom,Warszawa - Modlin,Warszawa - Radom|2+1","filter_turkey_vacation_jul18_2026","turcja","alanya","2026-07-20","2026-07-27","7.0","Warszawa,Warszawa-Radom,Warszawa - Modlin,Warszawa - Radom","2+1","36.0","8.0","8.0","8012.0","8336.1","8653.5","9896.5","11557.0","4.0","0.0","0.0","0.0","0.0","0.0","0.0","0.0","0.0","0.0","57.0","-9.21","0.0","0.0","3.9","8.0","0.0"
"2026-06-14T13:00:44+0000","turcja|alanya|2026-07-20|2026-07-29|9|Warszawa,Warszawa-Radom,Warszawa - Modlin,Warszawa - Radom|2+1","filter_turkey_vacation_jul18_2026","turcja","alanya","2026-07-20","2026-07-29","9.0","Warszawa,Warszawa-Radom,Warszawa - Modlin,Warszawa - Radom","2+1","36.0","21.0","21.0","8384.0","8771.0","10530.0","11786.0","15620.0","3.0","0.0","0.0","0.0","0.0","0.0","0.0","0.0","0.0","0.0","45.0","18.71","0.0","0.0","4.1","21.0","0.0"
"2026-06-14T13:34:55+0000","turcja|alanya|2026-07-20|2026-07-29|9|Warszawa,Warszawa-Radom,Warszawa - Modlin,Warszawa - Radom|2+1","filter_turkey_vacation_jul18_2026","turcja","alanya","2026-07-20","2026-07-29","9.0","Warszawa,Warszawa-Radom,Warszawa - Modlin,Warszawa - Radom","2+1","36.0","23.0","23.0","8384.0","9059.0","10564.0","11813.0","15620.0","3.0","0.0","0.0","0.0","0.0","0.0","0.0","0.0","0.0","0.0","47.0","10.54","0.0","0.0","4.2","23.0","0.0"
"2026-06-14T14:36:32+0000","turcja|alanya|2026-07-20|2026-07-29|9|Warszawa,Warszawa-Radom,Warszawa - Modlin,Warszawa - Radom|2+1","filter_turkey_vacation_jul18_2026","turcja","alanya","2026-07-20","2026-07-29","9.0","Warszawa,Warszawa-Radom,Warszawa - Modlin,Warszawa - Radom","2+1","36.0","22.0","22.0","8384.0","8915.0","10547.0","11799.5","14900.0","3.0","0.0","0.0","0.0","0.0","0.0","0.0","0.0","0.0","0.0","46.0","9.01","0.0","0.0","4.15","22.0","0.0"
"2026-06-14T13:00:44+0000","turcja|alanya|2026-07-20|2026-07-30|10|Warszawa,Warszawa-Radom,Warszawa - Modlin,Warszawa - Radom|2+1","filter_turkey_vacation_jul18_2026","turcja","alanya","2026-07-20","2026-07-30","10.0","Warszawa,Warszawa-Radom,Warszawa - Modlin,Warszawa - Radom","2+1","36.0","3.0","3.0","11217.0","11621.0","12227.0","13237.0","14017.0","0.0","0.0","0.0","0.0","0.0","0.0","0.0","0.0","0.0","0.0","49.0","10.34","0.0","0.0","4.0","3.0","0.0"
"2026-06-14T13:34:55+0000","turcja|alanya|2026-07-20|2026-07-30|10|Warszawa,Warszawa-Radom,Warszawa - Modlin,Warszawa - Radom|2+1","filter_turkey_vacation_jul18_2026","turcja","alanya","2026-07-20","2026-07-30","10.0","Warszawa,Warszawa-Radom,Warszawa - Modlin,Warszawa - Radom","2+1","36.0","3.0","3.0","11217.0","11621.0","12227.0","13237.0","14017.0","0.0","0.0","0.0","0.0","0.0","0.0","0.0","0.0","0.0","0.0","52.0","3.33","0.0","0.0","4.0","3.0","0.0"
"2026-06-14T14:36:32+0000","turcja|alanya|2026-07-20|2026-07-30|10|Warszawa,Warszawa-Radom,Warszawa - Modlin,Warszawa - Radom|2+1","filter_turkey_vacation_jul18_2026","turcja","alanya","2026-07-20","2026-07-30","10.0","Warszawa,Warszawa-Radom,Warszawa - Modlin,Warszawa - Radom","2+1","36.0","3.0","3.0","11217.0","11621.0","12227.0","13237.0","14017.0","0.0","0.0","0.0","0.0","0.0","0.0","0.0","0.0","0.0","0.0","53.0","2.84","0.0","0.0","4.0","3.0","0.0"
"2026-06-14T10:36:41+0000","turcja|alanya|2026-07-21|2026-07-29|8|Warszawa,Warszawa-Radom,Warszawa - Modlin,Warszawa - Radom|2+1","filter_turkey_vacation_jul18_2026","turcja","alanya","2026-07-21","2026-07-29","8.0","Warszawa,Warszawa-Radom,Warszawa - Modlin,Warszawa - Radom","2+1","37.0","3.0","3.0","7911.0","8040.6","8235.0","8559.0","9617.0","3.0","1.0","0.0","0.0","0.0","0.0","0.0","0.0","0.0","0.0","0.0","0.0","0.0","0.0","3.9","3.0","0.0"
"2026-06-14T10:36:41+0000","turcja|alanya|2026-07-21|2026-07-29|8|Warszawa,Warszawa-Radom,Warszawa - Modlin,Warszawa - Radom|2+1","filter_turkey_vacation_jul18_2026","turcja","alanya","2026-07-21","2026-07-29","8.0","Warszawa,Warszawa-Radom,Warszawa - Modlin,Warszawa - Radom","2+1","37.0","3.0","3.0","7911.0","8040.6","8235.0","8559.0","9617.0","3.0","1.0","0.0","0.0","0.0","0.0","0.0","0.0","0.0","0.0","0.0","0.0","0.0","0.0","3.9","3.0","0.0"
"2026-06-14T11:30:31+0000","turcja|alanya|2026-07-21|2026-07-29|8|Warszawa,Warszawa-Radom,Warszawa - Modlin,Warszawa - Radom|2+1","filter_turkey_vacation_jul18_2026","turcja","alanya","2026-07-21","2026-07-29","8.0","Warszawa,Warszawa-Radom,Warszawa - Modlin,Warszawa - Radom","2+1","37.0","3.0","3.0","7911.0","8040.6","8235.0","8559.0","9617.0","3.0","1.0","0.0","0.0","0.0","0.0","0.0","0.0","0.0","0.0","50.0","0.0","0.0","0.0","3.9","3.0","0.0"
"2026-06-14T11:49:03+0000","turcja|alanya|2026-07-21|2026-07-29|8|Warszawa,Warszawa-Radom,Warszawa - Modlin,Warszawa - Radom|2+1","filter_turkey_vacation_jul18_2026","turcja","alanya","2026-07-21","2026-07-29","8.0","Warszawa,Warszawa-Radom,Warszawa - Modlin,Warszawa - Radom","2+1","37.0","3.0","3.0","7911.0","8040.6","8235.0","8559.0","9617.0","3.0","1.0","0.0","0.0","0.0","0.0","0.0","0.0","0.0","0.0","50.0","0.0","0.0","0.0","3.9","3.0","0.0"
"2026-06-14T13:00:44+0000","turcja|alanya|2026-07-21|2026-07-29|8|Warszawa,Warszawa-Radom,Warszawa - Modlin,Warszawa - Radom|2+1","filter_turkey_vacation_jul18_2026","turcja","alanya","2026-07-21","2026-07-29","8.0","Warszawa,Warszawa-Radom,Warszawa - Modlin,Warszawa - Radom","2+1","37.0","3.0","3.0","7911.0","8040.6","8235.0","8559.0","9617.0","3.0","1.0","0.0","0.0","0.0","0.0","0.0","0.0","0.0","0.0","52.0","-1.06","0.0","0.0","3.9","3.0","0.0"
"2026-06-14T13:34:55+0000","turcja|alanya|2026-07-21|2026-07-29|8|Warszawa,Warszawa-Radom,Warszawa - Modlin,Warszawa - Radom|2+1","filter_turkey_vacation_jul18_2026","turcja","alanya","2026-07-21","2026-07-29","8.0","Warszawa,Warszawa-Radom,Warszawa - Modlin,Warszawa - Radom","2+1","37.0","3.0","3.0","7911.0","8040.6","8235.0","8559.0","9617.0","3.0","1.0","0.0","0.0","0.0","0.0","0.0","0.0","0.0","0.0","53.0","-1.64","0.0","0.0","3.9","3.0","0.0"
"2026-06-14T14:36:32+0000","turcja|alanya|2026-07-21|2026-07-29|8|Warszawa,Warszawa-Radom,Warszawa - Modlin,Warszawa - Radom|2+1","filter_turkey_vacation_jul18_2026","turcja","alanya","2026-07-21","2026-07-29","8.0","Warszawa,Warszawa-Radom,Warszawa - Modlin,Warszawa - Radom","2+1","37.0","3.0","3.0","7911.0","8040.6","8235.0","8559.0","9617.0","3.0","1.0","0.0","0.0","0.0","0.0","0.0","0.0","0.0","0.0","55.0","-2.31","0.0","0.0","3.9","3.0","0.0"
"2026-06-14T10:36:41+0000","turcja|alanya|2026-07-22|2026-07-29|7|Warszawa,Warszawa-Radom,Warszawa - Modlin,Warszawa - Radom|2+1","filter_turkey_vacation_jul18_2026","turcja","alanya","2026-07-22","2026-07-29","7.0","Warszawa,Warszawa-Radom,Warszawa - Modlin,Warszawa - Radom","2+1","38.0","8.0","8.0","9350.0","9731.5","10190.5","10815.0","11694.0","2.0","0.0","0.0","0.0","0.0","0.0","0.0","0.0","0.0","0.0","0.0","0.0","0.0","0.0","4.5","8.0","0.0"
"2026-06-14T10:36:41+0000","turcja|alanya|2026-07-22|2026-07-29|7|Warszawa,Warszawa-Radom,Warszawa - Modlin,Warszawa - Radom|2+1","filter_turkey_vacation_jul18_2026","turcja","alanya","2026-07-22","2026-07-29","7.0","Warszawa,Warszawa-Radom,Warszawa - Modlin,Warszawa - Radom","2+1","38.0","8.0","8.0","9350.0","9731.5","10190.5","10815.0","11694.0","2.0","0.0","0.0","0.0","0.0","0.0","0.0","0.0","0.0","0.0","0.0","0.0","0.0","0.0","4.5","8.0","0.0"
"2026-06-14T11:30:31+0000","turcja|alanya|2026-07-22|2026-07-29|7|Warszawa,Warszawa-Radom,Warszawa - Modlin,Warszawa - Radom|2+1","filter_turkey_vacation_jul18_2026","turcja","alanya","2026-07-22","2026-07-29","7.0","Warszawa,Warszawa-Radom,Warszawa - Modlin,Warszawa - Radom","2+1","38.0","8.0","8.0","9350.0","9731.5","10190.5","10815.0","11694.0","2.0","0.0","0.0","0.0","0.0","0.0","0.0","0.0","0.0","0.0","56.0","0.0","0.0","0.0","4.5","8.0","0.0"
"2026-06-14T11:49:03+0000","turcja|alanya|2026-07-22|2026-07-29|7|Warszawa,Warszawa-Radom,Warszawa - Modlin,Warszawa - Radom|2+1","filter_turkey_vacation_jul18_2026","turcja","alanya","2026-07-22","2026-07-29","7.0","Warszawa,Warszawa-Radom,Warszawa - Modlin,Warszawa - Radom","2+1","38.0","8.0","8.0","9350.0","9731.5","10190.5","10815.0","11694.0","2.0","0.0","0.0","0.0","0.0","0.0","0.0","0.0","0.0","0.0","56.0","0.0","0.0","0.0","4.5","8.0","0.0"
"2026-06-14T13:00:44+0000","turcja|alanya|2026-07-22|2026-07-29|7|Warszawa,Warszawa-Radom,Warszawa - Modlin,Warszawa - Radom|2+1","filter_turkey_vacation_jul18_2026","turcja","alanya","2026-07-22","2026-07-29","7.0","Warszawa,Warszawa-Radom,Warszawa - Modlin,Warszawa - Radom","2+1","38.0","8.0","8.0","9350.0","9731.5","10190.5","10815.0","11694.0","2.0","0.0","0.0","0.0","0.0","0.0","0.0","0.0","0.0","0.0","58.0","-2.78","0.0","0.0","4.5","8.0","0.0"
"2026-06-14T13:34:55+0000","turcja|alanya|2026-07-22|2026-07-29|7|Warszawa,Warszawa-Radom,Warszawa - Modlin,Warszawa - Radom|2+1","filter_turkey_vacation_jul18_2026","turcja","alanya","2026-07-22","2026-07-29","7.0","Warszawa,Warszawa-Radom,Warszawa - Modlin,Warszawa - Radom","2+1","38.0","8.0","8.0","9350.0","9731.5","10190.5","10815.0","11694.0","2.0","0.0","0.0","0.0","0.0","0.0","0.0","0.0","0.0","0.0","60.0","-4.27","0.0","0.0","4.5","8.0","0.0"
"2026-06-14T14:36:32+0000","turcja|alanya|2026-07-22|2026-07-29|7|Warszawa,Warszawa-Radom,Warszawa - Modlin,Warszawa - Radom|2+1","filter_turkey_vacation_jul18_2026","turcja","alanya","2026-07-22","2026-07-29","7.0","Warszawa,Warszawa-Radom,Warszawa - Modlin,Warszawa - Radom","2+1","38.0","8.0","8.0","9350.0","9731.5","10190.5","10815.0","11694.0","2.0","0.0","0.0","0.0","0.0","0.0","0.0","0.0","0.0","0.0","62.0","-5.96","0.0","0.0","4.5","8.0","0.0"
"2026-06-14T13:00:44+0000","turcja|alanya|2026-07-22|2026-07-31|9|Warszawa,Warszawa-Radom,Warszawa - Modlin,Warszawa - Radom|2+1","filter_turkey_vacation_jul18_2026","turcja","alanya","2026-07-22","2026-07-31","9.0","Warszawa,Warszawa-Radom,Warszawa - Modlin,Warszawa - Radom","2+1","38.0","3.0","3.0","11372.0","11600.8","11944.0","12516.0","13646.0","0.0","0.0","0.0","0.0","0.0","0.0","0.0","0.0","0.0","0.0","48.0","13.37","0.0","0.0","4.0","3.0","0.0"
"2026-06-14T13:34:55+0000","turcja|alanya|2026-07-22|2026-07-31|9|Warszawa,Warszawa-Radom,Warszawa - Modlin,Warszawa - Radom|2+1","filter_turkey_vacation_jul18_2026","turcja","alanya","2026-07-22","2026-07-31","9.0","Warszawa,Warszawa-Radom,Warszawa - Modlin,Warszawa - Radom","2+1","38.0","2.0","2.0","11372.0","11486.4","11658.0","11944.0","12516.0","0.0","0.0","0.0","0.0","0.0","0.0","0.0","0.0","0.0","0.0","0.0","0.0","0.0","0.0","3.9","2.0","0.0"
"2026-06-14T14:36:32+0000","turcja|alanya|2026-07-22|2026-07-31|9|Warszawa,Warszawa-Radom,Warszawa - Modlin,Warszawa - Radom|2+1","filter_turkey_vacation_jul18_2026","turcja","alanya","2026-07-22","2026-07-31","9.0","Warszawa,Warszawa-Radom,Warszawa - Modlin,Warszawa - Radom","2+1","38.0","2.0","2.0","11372.0","11486.4","11658.0","11944.0","12516.0","0.0","0.0","0.0","0.0","0.0","0.0","0.0","0.0","0.0","0.0","0.0","0.0","0.0","0.0","3.9","2.0","0.0"
"2026-06-14T10:36:41+0000","turcja|alanya|2026-07-23|2026-07-30|7|Warszawa,Warszawa-Radom,Warszawa - Modlin,Warszawa - Radom|2+1","filter_turkey_vacation_jul18_2026","turcja","alanya","2026-07-23","2026-07-30","7.0","Warszawa,Warszawa-Radom,Warszawa - Modlin,Warszawa - Radom","2+1","39.0","1.0","1.0","11397.0","11397.0","11397.0","11397.0","11397.0","0.0","0.0","0.0","0.0","0.0","0.0","0.0","0.0","0.0","0.0","0.0","0.0","0.0","0.0","4.4","1.0","0.0"
"2026-06-14T10:36:41+0000","turcja|alanya|2026-07-23|2026-07-30|7|Warszawa,Warszawa-Radom,Warszawa - Modlin,Warszawa - Radom|2+1","filter_turkey_vacation_jul18_2026","turcja","alanya","2026-07-23","2026-07-30","7.0","Warszawa,Warszawa-Radom,Warszawa - Modlin,Warszawa - Radom","2+1","39.0","1.0","1.0","11397.0","11397.0","11397.0","11397.0","11397.0","0.0","0.0","0.0","0.0","0.0","0.0","0.0","0.0","0.0","0.0","0.0","0.0","0.0","0.0","4.4","1.0","0.0"
"2026-06-14T11:30:31+0000","turcja|alanya|2026-07-23|2026-07-30|7|Warszawa,Warszawa-Radom,Warszawa - Modlin,Warszawa - Radom|2+1","filter_turkey_vacation_jul18_2026","turcja","alanya","2026-07-23","2026-07-30","7.0","Warszawa,Warszawa-Radom,Warszawa - Modlin,Warszawa - Radom","2+1","39.0","1.0","1.0","11397.0","11397.0","11397.0","11397.0","11397.0","0.0","0.0","0.0","0.0","0.0","0.0","0.0","0.0","0.0","0.0","0.0","0.0","0.0","0.0","4.4","1.0","0.0"
"2026-06-14T11:49:03+0000","turcja|alanya|2026-07-23|2026-07-30|7|Warszawa,Warszawa-Radom,Warszawa - Modlin,Warszawa - Radom|2+1","filter_turkey_vacation_jul18_2026","turcja","alanya","2026-07-23","2026-07-30","7.0","Warszawa,Warszawa-Radom,Warszawa - Modlin,Warszawa - Radom","2+1","39.0","1.0","1.0","11397.0","11397.0","11397.0","11397.0","11397.0","0.0","0.0","0.0","0.0","0.0","0.0","0.0","0.0","0.0","0.0","0.0","0.0","0.0","0.0","4.4","1.0","0.0"
"2026-06-14T13:00:44+0000","turcja|alanya|2026-07-23|2026-07-30|7|Warszawa,Warszawa-Radom,Warszawa - Modlin,Warszawa - Radom|2+1","filter_turkey_vacation_jul18_2026","turcja","alanya","2026-07-23","2026-07-30","7.0","Warszawa,Warszawa-Radom,Warszawa - Modlin,Warszawa - Radom","2+1","39.0","2.0","2.0","10757.0","10821.0","10917.0","11077.0","11397.0","0.0","0.0","0.0","0.0","0.0","0.0","0.0","0.0","0.0","0.0","0.0","0.0","0.0","0.0","4.2","2.0","0.0"
"2026-06-14T13:34:55+0000","turcja|alanya|2026-07-23|2026-07-30|7|Warszawa,Warszawa-Radom,Warszawa - Modlin,Warszawa - Radom|2+1","filter_turkey_vacation_jul18_2026","turcja","alanya","2026-07-23","2026-07-30","7.0","Warszawa,Warszawa-Radom,Warszawa - Modlin,Warszawa - Radom","2+1","39.0","2.0","2.0","10757.0","10821.0","10917.0","11077.0","11397.0","0.0","0.0","0.0","0.0","0.0","0.0","0.0","0.0","0.0","0.0","0.0","0.0","0.0","0.0","4.2","2.0","0.0"
"2026-06-14T14:36:32+0000","turcja|alanya|2026-07-23|2026-07-30|7|Warszawa,Warszawa-Radom,Warszawa - Modlin,Warszawa - Radom|2+1","filter_turkey_vacation_jul18_2026","turcja","alanya","2026-07-23","2026-07-30","7.0","Warszawa,Warszawa-Radom,Warszawa - Modlin,Warszawa - Radom","2+1","39.0","2.0","2.0","10757.0","10821.0","10917.0","11077.0","11397.0","0.0","0.0","0.0","0.0","0.0","0.0","0.0","0.0","0.0","0.0","0.0","0.0","0.0","0.0","4.2","2.0","0.0"
"2026-06-14T13:00:44+0000","turcja|alanya|2026-07-23|2026-08-01|9|Warszawa,Warszawa-Radom,Warszawa - Modlin,Warszawa - Radom|2+1","filter_turkey_vacation_jul18_2026","turcja","alanya","2026-07-23","2026-08-01","9.0","Warszawa,Warszawa-Radom,Warszawa - Modlin,Warszawa - Radom","2+1","39.0","11.0","11.0","7583.0","9072.0","9830.5","11493.0","15768.0","3.0","1.0","0.0","0.0","0.0","0.0","0.0","0.0","0.0","0.0","47.0","7.81","0.0","0.0","4.4","10.0","0.0"
"2026-06-14T13:34:55+0000","turcja|alanya|2026-07-23|2026-08-01|9|Warszawa,Warszawa-Radom,Warszawa - Modlin,Warszawa - Radom|2+1","filter_turkey_vacation_jul18_2026","turcja","alanya","2026-07-23","2026-08-01","9.0","Warszawa,Warszawa-Radom,Warszawa - Modlin,Warszawa - Radom","2+1","39.0","12.0","12.0","7583.0","9077.0","10184.75","11781.0","15768.0","3.0","1.0","0.0","0.0","0.0","0.0","0.0","0.0","0.0","0.0","52.0","3.4","0.0","0.0","4.4","11.0","0.0"
"2026-06-14T14:36:32+0000","turcja|alanya|2026-07-23|2026-08-01|9|Warszawa,Warszawa-Radom,Warszawa - Modlin,Warszawa - Radom|2+1","filter_turkey_vacation_jul18_2026","turcja","alanya","2026-07-23","2026-08-01","9.0","Warszawa,Warszawa-Radom,Warszawa - Modlin,Warszawa - Radom","2+1","39.0","10.0","10.0","7583.0","8923.1","9476.25","11131.0","13707.0","3.0","1.0","0.0","0.0","0.0","0.0","0.0","0.0","0.0","0.0","52.0","3.34","0.0","0.0","4.4","9.0","0.0"
"2026-06-14T10:36:41+0000","turcja|alanya|2026-07-25|2026-08-01|7|Warszawa,Warszawa-Radom,Warszawa - Modlin,Warszawa - Radom|2+1","filter_turkey_vacation_jul18_2026","turcja","alanya","2026-07-25","2026-08-01","7.0","Warszawa,Warszawa-Radom,Warszawa - Modlin,Warszawa - Radom","2+1","41.0","2.0","2.0","9688.0","9973.2","10401.0","11114.0","12540.0","1.0","0.0","0.0","0.0","0.0","0.0","0.0","0.0","0.0","0.0","0.0","0.0","0.0","0.0","4.6","2.0","0.0"
"2026-06-14T10:36:41+0000","turcja|alanya|2026-07-25|2026-08-01|7|Warszawa,Warszawa-Radom,Warszawa - Modlin,Warszawa - Radom|2+1","filter_turkey_vacation_jul18_2026","turcja","alanya","2026-07-25","2026-08-01","7.0","Warszawa,Warszawa-Radom,Warszawa - Modlin,Warszawa - Radom","2+1","41.0","2.0","2.0","9688.0","9973.2","10401.0","11114.0","12540.0","1.0","0.0","0.0","0.0","0.0","0.0","0.0","0.0","0.0","0.0","0.0","0.0","0.0","0.0","4.6","2.0","0.0"
"2026-06-14T11:30:31+0000","turcja|alanya|2026-07-25|2026-08-01|7|Warszawa,Warszawa-Radom,Warszawa - Modlin,Warszawa - Radom|2+1","filter_turkey_vacation_jul18_2026","turcja","alanya","2026-07-25","2026-08-01","7.0","Warszawa,Warszawa-Radom,Warszawa - Modlin,Warszawa - Radom","2+1","41.0","2.0","2.0","9688.0","9973.2","10401.0","11114.0","12540.0","1.0","0.0","0.0","0.0","0.0","0.0","0.0","0.0","0.0","0.0","0.0","0.0","0.0","0.0","4.6","2.0","0.0"
"2026-06-14T11:49:03+0000","turcja|alanya|2026-07-25|2026-08-01|7|Warszawa,Warszawa-Radom,Warszawa - Modlin,Warszawa - Radom|2+1","filter_turkey_vacation_jul18_2026","turcja","alanya","2026-07-25","2026-08-01","7.0","Warszawa,Warszawa-Radom,Warszawa - Modlin,Warszawa - Radom","2+1","41.0","2.0","2.0","9688.0","9973.2","10401.0","11114.0","12540.0","1.0","0.0","0.0","0.0","0.0","0.0","0.0","0.0","0.0","0.0","0.0","0.0","0.0","0.0","4.6","2.0","0.0"
"2026-06-14T13:00:44+0000","turcja|alanya|2026-07-25|2026-08-01|7|Warszawa,Warszawa-Radom,Warszawa - Modlin,Warszawa - Radom|2+1","filter_turkey_vacation_jul18_2026","turcja","alanya","2026-07-25","2026-08-01","7.0","Warszawa,Warszawa-Radom,Warszawa - Modlin,Warszawa - Radom","2+1","41.0","2.0","2.0","9688.0","9973.2","10401.0","11114.0","12540.0","1.0","0.0","0.0","0.0","0.0","0.0","0.0","0.0","0.0","0.0","0.0","0.0","0.0","0.0","4.6","2.0","0.0"
"2026-06-14T13:34:55+0000","turcja|alanya|2026-07-25|2026-08-01|7|Warszawa,Warszawa-Radom,Warszawa - Modlin,Warszawa - Radom|2+1","filter_turkey_vacation_jul18_2026","turcja","alanya","2026-07-25","2026-08-01","7.0","Warszawa,Warszawa-Radom,Warszawa - Modlin,Warszawa - Radom","2+1","41.0","2.0","2.0","9688.0","9973.2","10401.0","11114.0","12540.0","1.0","0.0","0.0","0.0","0.0","0.0","0.0","0.0","0.0","0.0","0.0","0.0","0.0","0.0","4.6","2.0","0.0"
"2026-06-14T14:36:32+0000","turcja|alanya|2026-07-25|2026-08-01|7|Warszawa,Warszawa-Radom,Warszawa - Modlin,Warszawa - Radom|2+1","filter_turkey_vacation_jul18_2026","turcja","alanya","2026-07-25","2026-08-01","7.0","Warszawa,Warszawa-Radom,Warszawa - Modlin,Warszawa - Radom","2+1","41.0","2.0","2.0","9688.0","9973.2","10401.0","11114.0","12540.0","1.0","0.0","0.0","0.0","0.0","0.0","0.0","0.0","0.0","0.0","0.0","0.0","0.0","0.0","4.6","2.0","0.0"
"2026-06-14T13:00:44+0000","turcja|alanya|2026-07-25|2026-08-03|9|Warszawa,Warszawa-Radom,Warszawa - Modlin,Warszawa - Radom|2+1","filter_turkey_vacation_jul18_2026","turcja","alanya","2026-07-25","2026-08-03","9.0","Warszawa,Warszawa-Radom,Warszawa - Modlin,Warszawa - Radom","2+1","41.0","22.0","22.0","9482.0","10099.7","10908.0","12262.5","15663.0","2.0","0.0","0.0","0.0","0.0","0.0","0.0","0.0","0.0","0.0","48.0","14.71","0.0","0.0","4.3","22.0","0.0"
"2026-06-14T13:34:55+0000","turcja|alanya|2026-07-25|2026-08-03|9|Warszawa,Warszawa-Radom,Warszawa - Modlin,Warszawa - Radom|2+1","filter_turkey_vacation_jul18_2026","turcja","alanya","2026-07-25","2026-08-03","9.0","Warszawa,Warszawa-Radom,Warszawa - Modlin,Warszawa - Radom","2+1","41.0","22.0","22.0","9482.0","10099.7","10908.0","12262.5","15663.0","2.0","0.0","0.0","0.0","0.0","0.0","0.0","0.0","0.0","0.0","49.0","8.72","0.0","0.0","4.3","22.0","0.0"
"2026-06-14T14:36:32+0000","turcja|alanya|2026-07-25|2026-08-03|9|Warszawa,Warszawa-Radom,Warszawa - Modlin,Warszawa - Radom|2+1","filter_turkey_vacation_jul18_2026","turcja","alanya","2026-07-25","2026-08-03","9.0","Warszawa,Warszawa-Radom,Warszawa - Modlin,Warszawa - Radom","2+1","41.0","19.0","19.0","9482.0","9990.0","10579.0","11606.0","14940.0","2.0","0.0","0.0","0.0","0.0","0.0","0.0","0.0","0.0","0.0","48.0","8.39","0.0","0.0","4.3","19.0","0.0"
"2026-06-14T10:36:41+0000","turcja|antalya|2026-07-19|2026-07-26|7|Warszawa,Warszawa-Radom,Warszawa - Modlin,Warszawa - Radom|2+1","filter_turkey_vacation_jul18_2026","turcja","antalya","2026-07-19","2026-07-26","7.0","Warszawa,Warszawa-Radom,Warszawa - Modlin,Warszawa - Radom","2+1","35.0","1.0","1.0","12730.0","12730.0","12730.0","12730.0","12730.0","0.0","0.0","0.0","0.0","0.0","0.0","0.0","0.0","0.0","0.0","0.0","0.0","0.0","0.0","4.2","1.0","0.0"
"2026-06-14T10:36:41+0000","turcja|antalya|2026-07-19|2026-07-26|7|Warszawa,Warszawa-Radom,Warszawa - Modlin,Warszawa - Radom|2+1","filter_turkey_vacation_jul18_2026","turcja","antalya","2026-07-19","2026-07-26","7.0","Warszawa,Warszawa-Radom,Warszawa - Modlin,Warszawa - Radom","2+1","35.0","1.0","1.0","12730.0","12730.0","12730.0","12730.0","12730.0","0.0","0.0","0.0","0.0","0.0","0.0","0.0","0.0","0.0","0.0","0.0","0.0","0.0","0.0","4.2","1.0","0.0"
"2026-06-14T11:30:31+0000","turcja|antalya|2026-07-19|2026-07-26|7|Warszawa,Warszawa-Radom,Warszawa - Modlin,Warszawa - Radom|2+1","filter_turkey_vacation_jul18_2026","turcja","antalya","2026-07-19","2026-07-26","7.0","Warszawa,Warszawa-Radom,Warszawa - Modlin,Warszawa - Radom","2+1","35.0","1.0","1.0","12730.0","12730.0","12730.0","12730.0","12730.0","0.0","0.0","0.0","0.0","0.0","0.0","0.0","0.0","0.0","0.0","0.0","0.0","0.0","0.0","4.2","1.0","0.0"
"2026-06-14T11:49:03+0000","turcja|antalya|2026-07-19|2026-07-26|7|Warszawa,Warszawa-Radom,Warszawa - Modlin,Warszawa - Radom|2+1","filter_turkey_vacation_jul18_2026","turcja","antalya","2026-07-19","2026-07-26","7.0","Warszawa,Warszawa-Radom,Warszawa - Modlin,Warszawa - Radom","2+1","35.0","1.0","1.0","12730.0","12730.0","12730.0","12730.0","12730.0","0.0","0.0","0.0","0.0","0.0","0.0","0.0","0.0","0.0","0.0","0.0","0.0","0.0","0.0","4.2","1.0","0.0"
"2026-06-14T13:00:44+0000","turcja|antalya|2026-07-19|2026-07-26|7|Warszawa,Warszawa-Radom,Warszawa - Modlin,Warszawa - Radom|2+1","filter_turkey_vacation_jul18_2026","turcja","antalya","2026-07-19","2026-07-26","7.0","Warszawa,Warszawa-Radom,Warszawa - Modlin,Warszawa - Radom","2+1","35.0","1.0","1.0","12730.0","12730.0","12730.0","12730.0","12730.0","0.0","0.0","0.0","0.0","0.0","0.0","0.0","0.0","0.0","0.0","0.0","0.0","0.0","0.0","4.2","1.0","0.0"
"2026-06-14T13:34:55+0000","turcja|antalya|2026-07-19|2026-07-26|7|Warszawa,Warszawa-Radom,Warszawa - Modlin,Warszawa - Radom|2+1","filter_turkey_vacation_jul18_2026","turcja","antalya","2026-07-19","2026-07-26","7.0","Warszawa,Warszawa-Radom,Warszawa - Modlin,Warszawa - Radom","2+1","35.0","1.0","1.0","12730.0","12730.0","12730.0","12730.0","12730.0","0.0","0.0","0.0","0.0","0.0","0.0","0.0","0.0","0.0","0.0","0.0","0.0","0.0","0.0","4.2","1.0","0.0"
"2026-06-14T14:36:32+0000","turcja|antalya|2026-07-19|2026-07-26|7|Warszawa,Warszawa-Radom,Warszawa - Modlin,Warszawa - Radom|2+1","filter_turkey_vacation_jul18_2026","turcja","antalya","2026-07-19","2026-07-26","7.0","Warszawa,Warszawa-Radom,Warszawa - Modlin,Warszawa - Radom","2+1","35.0","1.0","1.0","12730.0","12730.0","12730.0","12730.0","12730.0","0.0","0.0","0.0","0.0","0.0","0.0","0.0","0.0","0.0","0.0","0.0","0.0","0.0","0.0","4.2","1.0","0.0"
"2026-06-14T13:00:44+0000","turcja|antalya|2026-07-20|2026-07-29|9|Warszawa,Warszawa-Radom,Warszawa - Modlin,Warszawa - Radom|2+1","filter_turkey_vacation_jul18_2026","turcja","antalya","2026-07-20","2026-07-29","9.0","Warszawa,Warszawa-Radom,Warszawa - Modlin,Warszawa - Radom","2+1","36.0","2.0","2.0","13563.0","13596.8","13647.5","13732.0","13901.0","0.0","0.0","0.0","0.0","0.0","0.0","0.0","0.0","0.0","0.0","0.0","0.0","0.0","0.0","4.1","2.0","0.0"
"2026-06-14T13:34:55+0000","turcja|antalya|2026-07-20|2026-07-29|9|Warszawa,Warszawa-Radom,Warszawa - Modlin,Warszawa - Radom|2+1","filter_turkey_vacation_jul18_2026","turcja","antalya","2026-07-20","2026-07-29","9.0","Warszawa,Warszawa-Radom,Warszawa - Modlin,Warszawa - Radom","2+1","36.0","2.0","2.0","13563.0","13596.8","13647.5","13732.0","13901.0","0.0","0.0","0.0","0.0","0.0","0.0","0.0","0.0","0.0","0.0","0.0","0.0","0.0","0.0","4.1","2.0","0.0"
"2026-06-14T14:36:32+0000","turcja|antalya|2026-07-20|2026-07-29|9|Warszawa,Warszawa-Radom,Warszawa - Modlin,Warszawa - Radom|2+1","filter_turkey_vacation_jul18_2026","turcja","antalya","2026-07-20","2026-07-29","9.0","Warszawa,Warszawa-Radom,Warszawa - Modlin,Warszawa - Radom","2+1","36.0","2.0","2.0","13563.0","13596.8","13647.5","13732.0","13901.0","0.0","0.0","0.0","0.0","0.0","0.0","0.0","0.0","0.0","0.0","0.0","0.0","0.0","0.0","4.1","2.0","0.0"
"2026-06-14T10:36:41+0000","turcja|antalya|2026-07-21|2026-07-29|8|Warszawa,Warszawa-Radom,Warszawa - Modlin,Warszawa - Radom|2+1","filter_turkey_vacation_jul18_2026","turcja","antalya","2026-07-21","2026-07-29","8.0","Warszawa,Warszawa-Radom,Warszawa - Modlin,Warszawa - Radom","2+1","37.0","1.0","1.0","12537.0","12537.0","12537.0","12537.0","12537.0","0.0","0.0","0.0","0.0","0.0","0.0","0.0","0.0","0.0","0.0","0.0","0.0","0.0","0.0","4.2","1.0","0.0"
"2026-06-14T10:36:41+0000","turcja|antalya|2026-07-21|2026-07-29|8|Warszawa,Warszawa-Radom,Warszawa - Modlin,Warszawa - Radom|2+1","filter_turkey_vacation_jul18_2026","turcja","antalya","2026-07-21","2026-07-29","8.0","Warszawa,Warszawa-Radom,Warszawa - Modlin,Warszawa - Radom","2+1","37.0","1.0","1.0","12537.0","12537.0","12537.0","12537.0","12537.0","0.0","0.0","0.0","0.0","0.0","0.0","0.0","0.0","0.0","0.0","0.0","0.0","0.0","0.0","4.2","1.0","0.0"
"2026-06-14T11:30:31+0000","turcja|antalya|2026-07-21|2026-07-29|8|Warszawa,Warszawa-Radom,Warszawa - Modlin,Warszawa - Radom|2+1","filter_turkey_vacation_jul18_2026","turcja","antalya","2026-07-21","2026-07-29","8.0","Warszawa,Warszawa-Radom,Warszawa - Modlin,Warszawa - Radom","2+1","37.0","1.0","1.0","12537.0","12537.0","12537.0","12537.0","12537.0","0.0","0.0","0.0","0.0","0.0","0.0","0.0","0.0","0.0","0.0","0.0","0.0","0.0","0.0","4.2","1.0","0.0"
"2026-06-14T11:49:03+0000","turcja|antalya|2026-07-21|2026-07-29|8|Warszawa,Warszawa-Radom,Warszawa - Modlin,Warszawa - Radom|2+1","filter_turkey_vacation_jul18_2026","turcja","antalya","2026-07-21","2026-07-29","8.0","Warszawa,Warszawa-Radom,Warszawa - Modlin,Warszawa - Radom","2+1","37.0","1.0","1.0","12537.0","12537.0","12537.0","12537.0","12537.0","0.0","0.0","0.0","0.0","0.0","0.0","0.0","0.0","0.0","0.0","0.0","0.0","0.0","0.0","4.2","1.0","0.0"
"2026-06-14T13:00:44+0000","turcja|antalya|2026-07-21|2026-07-29|8|Warszawa,Warszawa-Radom,Warszawa - Modlin,Warszawa - Radom|2+1","filter_turkey_vacation_jul18_2026","turcja","antalya","2026-07-21","2026-07-29","8.0","Warszawa,Warszawa-Radom,Warszawa - Modlin,Warszawa - Radom","2+1","37.0","1.0","1.0","12537.0","12537.0","12537.0","12537.0","12537.0","0.0","0.0","0.0","0.0","0.0","0.0","0.0","0.0","0.0","0.0","0.0","0.0","0.0","0.0","4.2","1.0","0.0"
"2026-06-14T13:34:55+0000","turcja|antalya|2026-07-21|2026-07-29|8|Warszawa,Warszawa-Radom,Warszawa - Modlin,Warszawa - Radom|2+1","filter_turkey_vacation_jul18_2026","turcja","antalya","2026-07-21","2026-07-29","8.0","Warszawa,Warszawa-Radom,Warszawa - Modlin,Warszawa - Radom","2+1","37.0","1.0","1.0","12537.0","12537.0","12537.0","12537.0","12537.0","0.0","0.0","0.0","0.0","0.0","0.0","0.0","0.0","0.0","0.0","0.0","0.0","0.0","0.0","4.2","1.0","0.0"
"2026-06-14T14:36:32+0000","turcja|antalya|2026-07-21|2026-07-29|8|Warszawa,Warszawa-Radom,Warszawa - Modlin,Warszawa - Radom|2+1","filter_turkey_vacation_jul18_2026","turcja","antalya","2026-07-21","2026-07-29","8.0","Warszawa,Warszawa-Radom,Warszawa - Modlin,Warszawa - Radom","2+1","37.0","1.0","1.0","12537.0","12537.0","12537.0","12537.0","12537.0","0.0","0.0","0.0","0.0","0.0","0.0","0.0","0.0","0.0","0.0","0.0","0.0","0.0","0.0","4.2","1.0","0.0"
"2026-06-14T13:00:44+0000","turcja|antalya|2026-07-23|2026-08-01|9|Warszawa,Warszawa-Radom,Warszawa - Modlin,Warszawa - Radom|2+1","filter_turkey_vacation_jul18_2026","turcja","antalya","2026-07-23","2026-08-01","9.0","Warszawa,Warszawa-Radom,Warszawa - Modlin,Warszawa - Radom","2+1","39.0","1.0","1.0","12983.0","12983.0","12983.0","12983.0","12983.0","0.0","0.0","0.0","0.0","0.0","0.0","0.0","0.0","0.0","0.0","0.0","0.0","0.0","0.0","4.3","1.0","0.0"
"2026-06-14T13:34:55+0000","turcja|antalya|2026-07-23|2026-08-01|9|Warszawa,Warszawa-Radom,Warszawa - Modlin,Warszawa - Radom|2+1","filter_turkey_vacation_jul18_2026","turcja","antalya","2026-07-23","2026-08-01","9.0","Warszawa,Warszawa-Radom,Warszawa - Modlin,Warszawa - Radom","2+1","39.0","1.0","1.0","12983.0","12983.0","12983.0","12983.0","12983.0","0.0","0.0","0.0","0.0","0.0","0.0","0.0","0.0","0.0","0.0","0.0","0.0","0.0","0.0","4.3","1.0","0.0"
"2026-06-14T14:36:32+0000","turcja|antalya|2026-07-23|2026-08-01|9|Warszawa,Warszawa-Radom,Warszawa - Modlin,Warszawa - Radom|2+1","filter_turkey_vacation_jul18_2026","turcja","antalya","2026-07-23","2026-08-01","9.0","Warszawa,Warszawa-Radom,Warszawa - Modlin,Warszawa - Radom","2+1","39.0","1.0","1.0","12983.0","12983.0","12983.0","12983.0","12983.0","0.0","0.0","0.0","0.0","0.0","0.0","0.0","0.0","0.0","0.0","0.0","0.0","0.0","0.0","4.3","1.0","0.0"
"2026-06-14T13:00:44+0000","turcja|antalya|2026-07-25|2026-08-03|9|Warszawa,Warszawa-Radom,Warszawa - Modlin,Warszawa - Radom|2+1","filter_turkey_vacation_jul18_2026","turcja","antalya","2026-07-25","2026-08-03","9.0","Warszawa,Warszawa-Radom,Warszawa - Modlin,Warszawa - Radom","2+1","41.0","1.0","1.0","15245.0","15245.0","15245.0","15245.0","15245.0","0.0","0.0","0.0","0.0","0.0","0.0","0.0","0.0","0.0","0.0","0.0","0.0","0.0","0.0","4.2","1.0","0.0"
"2026-06-14T13:34:55+0000","turcja|antalya|2026-07-25|2026-08-03|9|Warszawa,Warszawa-Radom,Warszawa - Modlin,Warszawa - Radom|2+1","filter_turkey_vacation_jul18_2026","turcja","antalya","2026-07-25","2026-08-03","9.0","Warszawa,Warszawa-Radom,Warszawa - Modlin,Warszawa - Radom","2+1","41.0","1.0","1.0","15245.0","15245.0","15245.0","15245.0","15245.0","0.0","0.0","0.0","0.0","0.0","0.0","0.0","0.0","0.0","0.0","0.0","0.0","0.0","0.0","4.2","1.0","0.0"
"2026-06-14T13:00:44+0000","turcja|belek|2026-07-18|2026-07-27|9|Warszawa,Warszawa-Radom,Warszawa - Modlin,Warszawa - Radom|2+1","filter_turkey_vacation_jul18_2026","turcja","belek","2026-07-18","2026-07-27","9.0","Warszawa,Warszawa-Radom,Warszawa - Modlin,Warszawa - Radom","2+1","34.0","4.0","4.0","13754.0","13795.1","13856.75","14085.0","15759.0","0.0","0.0","0.0","0.0","0.0","0.0","0.0","0.0","0.0","0.0","47.0","17.21","0.0","0.0","4.25","4.0","0.0"
"2026-06-14T13:34:55+0000","turcja|belek|2026-07-18|2026-07-27|9|Warszawa,Warszawa-Radom,Warszawa - Modlin,Warszawa - Radom|2+1","filter_turkey_vacation_jul18_2026","turcja","belek","2026-07-18","2026-07-27","9.0","Warszawa,Warszawa-Radom,Warszawa - Modlin,Warszawa - Radom","2+1","34.0","4.0","4.0","13754.0","13795.1","13856.75","14085.0","15759.0","0.0","0.0","0.0","0.0","0.0","0.0","0.0","0.0","0.0","0.0","50.0","7.47","0.0","0.0","4.25","4.0","0.0"
"2026-06-14T14:36:32+0000","turcja|belek|2026-07-18|2026-07-27|9|Warszawa,Warszawa-Radom,Warszawa - Modlin,Warszawa - Radom|2+1","filter_turkey_vacation_jul18_2026","turcja","belek","2026-07-18","2026-07-27","9.0","Warszawa,Warszawa-Radom,Warszawa - Modlin,Warszawa - Radom","2+1","34.0","3.0","3.0","13754.0","13781.4","13822.5","13891.0","14279.0","0.0","0.0","0.0","0.0","0.0","0.0","0.0","0.0","0.0","0.0","48.0","8.25","0.0","0.0","4.0","3.0","0.0"
"2026-06-14T10:36:41+0000","turcja|belek|2026-07-19|2026-07-26|7|Warszawa,Warszawa-Radom,Warszawa - Modlin,Warszawa - Radom|2+1","filter_turkey_vacation_jul18_2026","turcja","belek","2026-07-19","2026-07-26","7.0","Warszawa,Warszawa-Radom,Warszawa - Modlin,Warszawa - Radom","2+1","35.0","2.0","2.0","11297.0","11329.6","11378.5","11460.0","11623.0","0.0","0.0","0.0","0.0","0.0","0.0","0.0","0.0","0.0","0.0","0.0","0.0","0.0","0.0","4.4","2.0","0.0"
"2026-06-14T10:36:41+0000","turcja|belek|2026-07-19|2026-07-26|7|Warszawa,Warszawa-Radom,Warszawa - Modlin,Warszawa - Radom|2+1","filter_turkey_vacation_jul18_2026","turcja","belek","2026-07-19","2026-07-26","7.0","Warszawa,Warszawa-Radom,Warszawa - Modlin,Warszawa - Radom","2+1","35.0","2.0","2.0","11297.0","11329.6","11378.5","11460.0","11623.0","0.0","0.0","0.0","0.0","0.0","0.0","0.0","0.0","0.0","0.0","0.0","0.0","0.0","0.0","4.4","2.0","0.0"
"2026-06-14T11:30:31+0000","turcja|belek|2026-07-19|2026-07-26|7|Warszawa,Warszawa-Radom,Warszawa - Modlin,Warszawa - Radom|2+1","filter_turkey_vacation_jul18_2026","turcja","belek","2026-07-19","2026-07-26","7.0","Warszawa,Warszawa-Radom,Warszawa - Modlin,Warszawa - Radom","2+1","35.0","2.0","2.0","11297.0","11329.6","11378.5","11460.0","11623.0","0.0","0.0","0.0","0.0","0.0","0.0","0.0","0.0","0.0","0.0","0.0","0.0","0.0","0.0","4.4","2.0","0.0"
"2026-06-14T11:49:03+0000","turcja|belek|2026-07-19|2026-07-26|7|Warszawa,Warszawa-Radom,Warszawa - Modlin,Warszawa - Radom|2+1","filter_turkey_vacation_jul18_2026","turcja","belek","2026-07-19","2026-07-26","7.0","Warszawa,Warszawa-Radom,Warszawa - Modlin,Warszawa - Radom","2+1","35.0","2.0","2.0","11297.0","11329.6","11378.5","11460.0","11623.0","0.0","0.0","0.0","0.0","0.0","0.0","0.0","0.0","0.0","0.0","0.0","0.0","0.0","0.0","4.4","2.0","0.0"
"2026-06-14T13:00:44+0000","turcja|belek|2026-07-19|2026-07-26|7|Warszawa,Warszawa-Radom,Warszawa - Modlin,Warszawa - Radom|2+1","filter_turkey_vacation_jul18_2026","turcja","belek","2026-07-19","2026-07-26","7.0","Warszawa,Warszawa-Radom,Warszawa - Modlin,Warszawa - Radom","2+1","35.0","2.0","2.0","11297.0","11329.6","11378.5","11460.0","11623.0","0.0","0.0","0.0","0.0","0.0","0.0","0.0","0.0","0.0","0.0","0.0","0.0","0.0","0.0","4.4","2.0","0.0"
"2026-06-14T13:34:55+0000","turcja|belek|2026-07-19|2026-07-26|7|Warszawa,Warszawa-Radom,Warszawa - Modlin,Warszawa - Radom|2+1","filter_turkey_vacation_jul18_2026","turcja","belek","2026-07-19","2026-07-26","7.0","Warszawa,Warszawa-Radom,Warszawa - Modlin,Warszawa - Radom","2+1","35.0","2.0","2.0","11297.0","11329.6","11378.5","11460.0","11623.0","0.0","0.0","0.0","0.0","0.0","0.0","0.0","0.0","0.0","0.0","0.0","0.0","0.0","0.0","4.4","2.0","0.0"
"2026-06-14T14:36:32+0000","turcja|belek|2026-07-19|2026-07-26|7|Warszawa,Warszawa-Radom,Warszawa - Modlin,Warszawa - Radom|2+1","filter_turkey_vacation_jul18_2026","turcja","belek","2026-07-19","2026-07-26","7.0","Warszawa,Warszawa-Radom,Warszawa - Modlin,Warszawa - Radom","2+1","35.0","2.0","2.0","11297.0","11329.6","11378.5","11460.0","11623.0","0.0","0.0","0.0","0.0","0.0","0.0","0.0","0.0","0.0","0.0","0.0","0.0","0.0","0.0","4.4","2.0","0.0"
"2026-06-14T13:00:44+0000","turcja|belek|2026-07-20|2026-07-29|9|Warszawa,Warszawa-Radom,Warszawa - Modlin,Warszawa - Radom|2+1","filter_turkey_vacation_jul18_2026","turcja","belek","2026-07-20","2026-07-29","9.0","Warszawa,Warszawa-Radom,Warszawa - Modlin,Warszawa - Radom","2+1","36.0","5.0","5.0","11813.0","12122.6","12587.0","13158.0","15359.0","0.0","0.0","0.0","0.0","0.0","0.0","0.0","0.0","0.0","0.0","49.0","6.23","0.0","0.0","4.4","4.0","0.0"
"2026-06-14T13:34:55+0000","turcja|belek|2026-07-20|2026-07-29|9|Warszawa,Warszawa-Radom,Warszawa - Modlin,Warszawa - Radom|2+1","filter_turkey_vacation_jul18_2026","turcja","belek","2026-07-20","2026-07-29","9.0","Warszawa,Warszawa-Radom,Warszawa - Modlin,Warszawa - Radom","2+1","36.0","5.0","5.0","11813.0","12122.6","12587.0","13158.0","15359.0","0.0","0.0","0.0","0.0","0.0","0.0","0.0","0.0","0.0","0.0","54.0","1.09","0.0","0.0","4.4","4.0","0.0"
"2026-06-14T14:36:32+0000","turcja|belek|2026-07-20|2026-07-29|9|Warszawa,Warszawa-Radom,Warszawa - Modlin,Warszawa - Radom|2+1","filter_turkey_vacation_jul18_2026","turcja","belek","2026-07-20","2026-07-29","9.0","Warszawa,Warszawa-Radom,Warszawa - Modlin,Warszawa - Radom","2+1","36.0","4.0","4.0","11813.0","12045.2","12393.5","12872.5","15134.0","0.0","0.0","0.0","0.0","0.0","0.0","0.0","0.0","0.0","0.0","54.0","1.15","0.0","0.0","4.4","3.0","0.0"
"2026-06-14T13:00:44+0000","turcja|belek|2026-07-20|2026-07-30|10|Warszawa,Warszawa-Radom,Warszawa - Modlin,Warszawa - Radom|2+1","filter_turkey_vacation_jul18_2026","turcja","belek","2026-07-20","2026-07-30","10.0","Warszawa,Warszawa-Radom,Warszawa - Modlin,Warszawa - Radom","2+1","36.0","2.0","2.0","14437.0","14493.0","14577.0","14717.0","14997.0","0.0","0.0","0.0","0.0","0.0","0.0","0.0","0.0","0.0","0.0","0.0","0.0","0.0","0.0","3.9","2.0","0.0"
"2026-06-14T13:34:55+0000","turcja|belek|2026-07-20|2026-07-30|10|Warszawa,Warszawa-Radom,Warszawa - Modlin,Warszawa - Radom|2+1","filter_turkey_vacation_jul18_2026","turcja","belek","2026-07-20","2026-07-30","10.0","Warszawa,Warszawa-Radom,Warszawa - Modlin,Warszawa - Radom","2+1","36.0","2.0","2.0","14437.0","14493.0","14577.0","14717.0","14997.0","0.0","0.0","0.0","0.0","0.0","0.0","0.0","0.0","0.0","0.0","0.0","0.0","0.0","0.0","3.9","2.0","0.0"
"2026-06-14T14:36:32+0000","turcja|belek|2026-07-20|2026-07-30|10|Warszawa,Warszawa-Radom,Warszawa - Modlin,Warszawa - Radom|2+1","filter_turkey_vacation_jul18_2026","turcja","belek","2026-07-20","2026-07-30","10.0","Warszawa,Warszawa-Radom,Warszawa - Modlin,Warszawa - Radom","2+1","36.0","2.0","2.0","14437.0","14493.0","14577.0","14717.0","14997.0","0.0","0.0","0.0","0.0","0.0","0.0","0.0","0.0","0.0","0.0","0.0","0.0","0.0","0.0","3.9","2.0","0.0"
"2026-06-14T10:36:41+0000","turcja|belek|2026-07-21|2026-07-29|8|Warszawa,Warszawa-Radom,Warszawa - Modlin,Warszawa - Radom|2+1","filter_turkey_vacation_jul18_2026","turcja","belek","2026-07-21","2026-07-29","8.0","Warszawa,Warszawa-Radom,Warszawa - Modlin,Warszawa - Radom","2+1","37.0","2.0","2.0","9752.0","9946.4","10238.0","10724.0","11696.0","1.0","0.0","0.0","0.0","0.0","0.0","0.0","0.0","0.0","0.0","0.0","0.0","0.0","0.0","4.25","2.0","0.0"
"2026-06-14T10:36:41+0000","turcja|belek|2026-07-21|2026-07-29|8|Warszawa,Warszawa-Radom,Warszawa - Modlin,Warszawa - Radom|2+1","filter_turkey_vacation_jul18_2026","turcja","belek","2026-07-21","2026-07-29","8.0","Warszawa,Warszawa-Radom,Warszawa - Modlin,Warszawa - Radom","2+1","37.0","2.0","2.0","9752.0","9946.4","10238.0","10724.0","11696.0","1.0","0.0","0.0","0.0","0.0","0.0","0.0","0.0","0.0","0.0","0.0","0.0","0.0","0.0","4.25","2.0","0.0"
"2026-06-14T11:30:31+0000","turcja|belek|2026-07-21|2026-07-29|8|Warszawa,Warszawa-Radom,Warszawa - Modlin,Warszawa - Radom|2+1","filter_turkey_vacation_jul18_2026","turcja","belek","2026-07-21","2026-07-29","8.0","Warszawa,Warszawa-Radom,Warszawa - Modlin,Warszawa - Radom","2+1","37.0","2.0","2.0","9752.0","9946.4","10238.0","10724.0","11696.0","1.0","0.0","0.0","0.0","0.0","0.0","0.0","0.0","0.0","0.0","0.0","0.0","0.0","0.0","4.25","2.0","0.0"
"2026-06-14T11:49:03+0000","turcja|belek|2026-07-21|2026-07-29|8|Warszawa,Warszawa-Radom,Warszawa - Modlin,Warszawa - Radom|2+1","filter_turkey_vacation_jul18_2026","turcja","belek","2026-07-21","2026-07-29","8.0","Warszawa,Warszawa-Radom,Warszawa - Modlin,Warszawa - Radom","2+1","37.0","2.0","2.0","9752.0","9946.4","10238.0","10724.0","11696.0","1.0","0.0","0.0","0.0","0.0","0.0","0.0","0.0","0.0","0.0","0.0","0.0","0.0","0.0","4.25","2.0","0.0"
"2026-06-14T13:00:44+0000","turcja|belek|2026-07-21|2026-07-29|8|Warszawa,Warszawa-Radom,Warszawa - Modlin,Warszawa - Radom|2+1","filter_turkey_vacation_jul18_2026","turcja","belek","2026-07-21","2026-07-29","8.0","Warszawa,Warszawa-Radom,Warszawa - Modlin,Warszawa - Radom","2+1","37.0","2.0","2.0","9752.0","9946.4","10238.0","10724.0","11696.0","1.0","0.0","0.0","0.0","0.0","0.0","0.0","0.0","0.0","0.0","0.0","0.0","0.0","0.0","4.25","2.0","0.0"
"2026-06-14T13:34:55+0000","turcja|belek|2026-07-21|2026-07-29|8|Warszawa,Warszawa-Radom,Warszawa - Modlin,Warszawa - Radom|2+1","filter_turkey_vacation_jul18_2026","turcja","belek","2026-07-21","2026-07-29","8.0","Warszawa,Warszawa-Radom,Warszawa - Modlin,Warszawa - Radom","2+1","37.0","2.0","2.0","9752.0","9946.4","10238.0","10724.0","11696.0","1.0","0.0","0.0","0.0","0.0","0.0","0.0","0.0","0.0","0.0","0.0","0.0","0.0","0.0","4.25","2.0","0.0"
"2026-06-14T14:36:32+0000","turcja|belek|2026-07-21|2026-07-29|8|Warszawa,Warszawa-Radom,Warszawa - Modlin,Warszawa - Radom|2+1","filter_turkey_vacation_jul18_2026","turcja","belek","2026-07-21","2026-07-29","8.0","Warszawa,Warszawa-Radom,Warszawa - Modlin,Warszawa - Radom","2+1","37.0","2.0","2.0","9752.0","9946.4","10238.0","10724.0","11696.0","1.0","0.0","0.0","0.0","0.0","0.0","0.0","0.0","0.0","0.0","0.0","0.0","0.0","0.0","4.25","2.0","0.0"
"2026-06-14T10:36:41+0000","turcja|belek|2026-07-22|2026-07-29|7|Warszawa,Warszawa-Radom,Warszawa - Modlin,Warszawa - Radom|2+1","filter_turkey_vacation_jul18_2026","turcja","belek","2026-07-22","2026-07-29","7.0","Warszawa,Warszawa-Radom,Warszawa - Modlin,Warszawa - Radom","2+1","38.0","1.0","1.0","11445.0","11445.0","11445.0","11445.0","11445.0","0.0","0.0","0.0","0.0","0.0","0.0","0.0","0.0","0.0","0.0","0.0","0.0","0.0","0.0","3.7","1.0","0.0"
"2026-06-14T10:36:41+0000","turcja|belek|2026-07-22|2026-07-29|7|Warszawa,Warszawa-Radom,Warszawa - Modlin,Warszawa - Radom|2+1","filter_turkey_vacation_jul18_2026","turcja","belek","2026-07-22","2026-07-29","7.0","Warszawa,Warszawa-Radom,Warszawa - Modlin,Warszawa - Radom","2+1","38.0","1.0","1.0","11445.0","11445.0","11445.0","11445.0","11445.0","0.0","0.0","0.0","0.0","0.0","0.0","0.0","0.0","0.0","0.0","0.0","0.0","0.0","0.0","3.7","1.0","0.0"
"2026-06-14T11:30:31+0000","turcja|belek|2026-07-22|2026-07-29|7|Warszawa,Warszawa-Radom,Warszawa - Modlin,Warszawa - Radom|2+1","filter_turkey_vacation_jul18_2026","turcja","belek","2026-07-22","2026-07-29","7.0","Warszawa,Warszawa-Radom,Warszawa - Modlin,Warszawa - Radom","2+1","38.0","1.0","1.0","11445.0","11445.0","11445.0","11445.0","11445.0","0.0","0.0","0.0","0.0","0.0","0.0","0.0","0.0","0.0","0.0","0.0","0.0","0.0","0.0","3.7","1.0","0.0"
"2026-06-14T11:49:03+0000","turcja|belek|2026-07-22|2026-07-29|7|Warszawa,Warszawa-Radom,Warszawa - Modlin,Warszawa - Radom|2+1","filter_turkey_vacation_jul18_2026","turcja","belek","2026-07-22","2026-07-29","7.0","Warszawa,Warszawa-Radom,Warszawa - Modlin,Warszawa - Radom","2+1","38.0","1.0","1.0","11445.0","11445.0","11445.0","11445.0","11445.0","0.0","0.0","0.0","0.0","0.0","0.0","0.0","0.0","0.0","0.0","0.0","0.0","0.0","0.0","3.7","1.0","0.0"
"2026-06-14T13:00:44+0000","turcja|belek|2026-07-22|2026-07-29|7|Warszawa,Warszawa-Radom,Warszawa - Modlin,Warszawa - Radom|2+1","filter_turkey_vacation_jul18_2026","turcja","belek","2026-07-22","2026-07-29","7.0","Warszawa,Warszawa-Radom,Warszawa - Modlin,Warszawa - Radom","2+1","38.0","1.0","1.0","11445.0","11445.0","11445.0","11445.0","11445.0","0.0","0.0","0.0","0.0","0.0","0.0","0.0","0.0","0.0","0.0","0.0","0.0","0.0","0.0","3.7","1.0","0.0"
"2026-06-14T13:34:55+0000","turcja|belek|2026-07-22|2026-07-29|7|Warszawa,Warszawa-Radom,Warszawa - Modlin,Warszawa - Radom|2+1","filter_turkey_vacation_jul18_2026","turcja","belek","2026-07-22","2026-07-29","7.0","Warszawa,Warszawa-Radom,Warszawa - Modlin,Warszawa - Radom","2+1","38.0","1.0","1.0","11445.0","11445.0","11445.0","11445.0","11445.0","0.0","0.0","0.0","0.0","0.0","0.0","0.0","0.0","0.0","0.0","0.0","0.0","0.0","0.0","3.7","1.0","0.0"
"2026-06-14T14:36:32+0000","turcja|belek|2026-07-22|2026-07-29|7|Warszawa,Warszawa-Radom,Warszawa - Modlin,Warszawa - Radom|2+1","filter_turkey_vacation_jul18_2026","turcja","belek","2026-07-22","2026-07-29","7.0","Warszawa,Warszawa-Radom,Warszawa - Modlin,Warszawa - Radom","2+1","38.0","1.0","1.0","11445.0","11445.0","11445.0","11445.0","11445.0","0.0","0.0","0.0","0.0","0.0","0.0","0.0","0.0","0.0","0.0","0.0","0.0","0.0","0.0","3.7","1.0","0.0"
"2026-06-14T13:00:44+0000","turcja|belek|2026-07-22|2026-07-31|9|Warszawa,Warszawa-Radom,Warszawa - Modlin,Warszawa - Radom|2+1","filter_turkey_vacation_jul18_2026","turcja","belek","2026-07-22","2026-07-31","9.0","Warszawa,Warszawa-Radom,Warszawa - Modlin,Warszawa - Radom","2+1","38.0","1.0","1.0","12018.0","12018.0","12018.0","12018.0","12018.0","0.0","0.0","0.0","0.0","0.0","0.0","0.0","0.0","0.0","0.0","0.0","0.0","0.0","0.0","0.0","0.0","0.0"
"2026-06-14T13:34:55+0000","turcja|belek|2026-07-22|2026-07-31|9|Warszawa,Warszawa-Radom,Warszawa - Modlin,Warszawa - Radom|2+1","filter_turkey_vacation_jul18_2026","turcja","belek","2026-07-22","2026-07-31","9.0","Warszawa,Warszawa-Radom,Warszawa - Modlin,Warszawa - Radom","2+1","38.0","1.0","1.0","12018.0","12018.0","12018.0","12018.0","12018.0","0.0","0.0","0.0","0.0","0.0","0.0","0.0","0.0","0.0","0.0","0.0","0.0","0.0","0.0","0.0","0.0","0.0"
"2026-06-14T14:36:32+0000","turcja|belek|2026-07-22|2026-07-31|9|Warszawa,Warszawa-Radom,Warszawa - Modlin,Warszawa - Radom|2+1","filter_turkey_vacation_jul18_2026","turcja","belek","2026-07-22","2026-07-31","9.0","Warszawa,Warszawa-Radom,Warszawa - Modlin,Warszawa - Radom","2+1","38.0","1.0","1.0","12018.0","12018.0","12018.0","12018.0","12018.0","0.0","0.0","0.0","0.0","0.0","0.0","0.0","0.0","0.0","0.0","0.0","0.0","0.0","0.0","0.0","0.0","0.0"
"2026-06-14T10:36:41+0000","turcja|belek|2026-07-23|2026-07-30|7|Warszawa,Warszawa-Radom,Warszawa - Modlin,Warszawa - Radom|2+1","filter_turkey_vacation_jul18_2026","turcja","belek","2026-07-23","2026-07-30","7.0","Warszawa,Warszawa-Radom,Warszawa - Modlin,Warszawa - Radom","2+1","39.0","1.0","1.0","12237.0","12237.0","12237.0","12237.0","12237.0","0.0","0.0","0.0","0.0","0.0","0.0","0.0","0.0","0.0","0.0","0.0","0.0","0.0","0.0","3.8","1.0","0.0"
"2026-06-14T10:36:41+0000","turcja|belek|2026-07-23|2026-07-30|7|Warszawa,Warszawa-Radom,Warszawa - Modlin,Warszawa - Radom|2+1","filter_turkey_vacation_jul18_2026","turcja","belek","2026-07-23","2026-07-30","7.0","Warszawa,Warszawa-Radom,Warszawa - Modlin,Warszawa - Radom","2+1","39.0","1.0","1.0","12237.0","12237.0","12237.0","12237.0","12237.0","0.0","0.0","0.0","0.0","0.0","0.0","0.0","0.0","0.0","0.0","0.0","0.0","0.0","0.0","3.8","1.0","0.0"
"2026-06-14T11:30:31+0000","turcja|belek|2026-07-23|2026-07-30|7|Warszawa,Warszawa-Radom,Warszawa - Modlin,Warszawa - Radom|2+1","filter_turkey_vacation_jul18_2026","turcja","belek","2026-07-23","2026-07-30","7.0","Warszawa,Warszawa-Radom,Warszawa - Modlin,Warszawa - Radom","2+1","39.0","1.0","1.0","12237.0","12237.0","12237.0","12237.0","12237.0","0.0","0.0","0.0","0.0","0.0","0.0","0.0","0.0","0.0","0.0","0.0","0.0","0.0","0.0","3.8","1.0","0.0"
"2026-06-14T11:49:03+0000","turcja|belek|2026-07-23|2026-07-30|7|Warszawa,Warszawa-Radom,Warszawa - Modlin,Warszawa - Radom|2+1","filter_turkey_vacation_jul18_2026","turcja","belek","2026-07-23","2026-07-30","7.0","Warszawa,Warszawa-Radom,Warszawa - Modlin,Warszawa - Radom","2+1","39.0","1.0","1.0","12237.0","12237.0","12237.0","12237.0","12237.0","0.0","0.0","0.0","0.0","0.0","0.0","0.0","0.0","0.0","0.0","0.0","0.0","0.0","0.0","3.8","1.0","0.0"
"2026-06-14T13:00:44+0000","turcja|belek|2026-07-23|2026-07-30|7|Warszawa,Warszawa-Radom,Warszawa - Modlin,Warszawa - Radom|2+1","filter_turkey_vacation_jul18_2026","turcja","belek","2026-07-23","2026-07-30","7.0","Warszawa,Warszawa-Radom,Warszawa - Modlin,Warszawa - Radom","2+1","39.0","1.0","1.0","12237.0","12237.0","12237.0","12237.0","12237.0","0.0","0.0","0.0","0.0","0.0","0.0","0.0","0.0","0.0","0.0","0.0","0.0","0.0","0.0","3.8","1.0","0.0"
"2026-06-14T13:34:55+0000","turcja|belek|2026-07-23|2026-07-30|7|Warszawa,Warszawa-Radom,Warszawa - Modlin,Warszawa - Radom|2+1","filter_turkey_vacation_jul18_2026","turcja","belek","2026-07-23","2026-07-30","7.0","Warszawa,Warszawa-Radom,Warszawa - Modlin,Warszawa - Radom","2+1","39.0","1.0","1.0","12237.0","12237.0","12237.0","12237.0","12237.0","0.0","0.0","0.0","0.0","0.0","0.0","0.0","0.0","0.0","0.0","0.0","0.0","0.0","0.0","3.8","1.0","0.0"
"2026-06-14T14:36:32+0000","turcja|belek|2026-07-23|2026-07-30|7|Warszawa,Warszawa-Radom,Warszawa - Modlin,Warszawa - Radom|2+1","filter_turkey_vacation_jul18_2026","turcja","belek","2026-07-23","2026-07-30","7.0","Warszawa,Warszawa-Radom,Warszawa - Modlin,Warszawa - Radom","2+1","39.0","1.0","1.0","12237.0","12237.0","12237.0","12237.0","12237.0","0.0","0.0","0.0","0.0","0.0","0.0","0.0","0.0","0.0","0.0","0.0","0.0","0.0","0.0","3.8","1.0","0.0"
"2026-06-14T13:00:44+0000","turcja|belek|2026-07-23|2026-08-01|9|Warszawa,Warszawa-Radom,Warszawa - Modlin,Warszawa - Radom|2+1","filter_turkey_vacation_jul18_2026","turcja","belek","2026-07-23","2026-08-01","9.0","Warszawa,Warszawa-Radom,Warszawa - Modlin,Warszawa - Radom","2+1","39.0","3.0","3.0","10413.0","10712.8","11162.5","11912.0","15885.0","0.0","0.0","0.0","0.0","0.0","0.0","0.0","0.0","0.0","0.0","51.0","5.55","0.0","0.0","4.4","3.0","0.0"
"2026-06-14T13:34:55+0000","turcja|belek|2026-07-23|2026-08-01|9|Warszawa,Warszawa-Radom,Warszawa - Modlin,Warszawa - Radom|2+1","filter_turkey_vacation_jul18_2026","turcja","belek","2026-07-23","2026-08-01","9.0","Warszawa,Warszawa-Radom,Warszawa - Modlin,Warszawa - Radom","2+1","39.0","3.0","3.0","10413.0","10712.8","11162.5","11912.0","15885.0","0.0","0.0","0.0","0.0","0.0","0.0","0.0","0.0","0.0","0.0","55.0","1.63","0.0","0.0","4.4","3.0","0.0"
"2026-06-14T14:36:32+0000","turcja|belek|2026-07-23|2026-08-01|9|Warszawa,Warszawa-Radom,Warszawa - Modlin,Warszawa - Radom|2+1","filter_turkey_vacation_jul18_2026","turcja","belek","2026-07-23","2026-08-01","9.0","Warszawa,Warszawa-Radom,Warszawa - Modlin,Warszawa - Radom","2+1","39.0","2.0","2.0","10413.0","10562.9","10787.75","11162.5","11912.0","0.0","0.0","0.0","0.0","0.0","0.0","0.0","0.0","0.0","0.0","0.0","0.0","0.0","0.0","4.4","2.0","0.0"
"2026-06-14T13:00:44+0000","turcja|belek|2026-07-25|2026-08-03|9|Warszawa,Warszawa-Radom,Warszawa - Modlin,Warszawa - Radom|2+1","filter_turkey_vacation_jul18_2026","turcja","belek","2026-07-25","2026-08-03","9.0","Warszawa,Warszawa-Radom,Warszawa - Modlin,Warszawa - Radom","2+1","41.0","1.0","1.0","13921.0","13921.0","13921.0","13921.0","13921.0","0.0","0.0","0.0","0.0","0.0","0.0","0.0","0.0","0.0","0.0","0.0","0.0","0.0","0.0","4.3","1.0","0.0"
"2026-06-14T13:34:55+0000","turcja|belek|2026-07-25|2026-08-03|9|Warszawa,Warszawa-Radom,Warszawa - Modlin,Warszawa - Radom|2+1","filter_turkey_vacation_jul18_2026","turcja","belek","2026-07-25","2026-08-03","9.0","Warszawa,Warszawa-Radom,Warszawa - Modlin,Warszawa - Radom","2+1","41.0","1.0","1.0","13921.0","13921.0","13921.0","13921.0","13921.0","0.0","0.0","0.0","0.0","0.0","0.0","0.0","0.0","0.0","0.0","0.0","0.0","0.0","0.0","4.3","1.0","0.0"
"2026-06-14T14:36:32+0000","turcja|belek|2026-07-25|2026-08-03|9|Warszawa,Warszawa-Radom,Warszawa - Modlin,Warszawa - Radom|2+1","filter_turkey_vacation_jul18_2026","turcja","belek","2026-07-25","2026-08-03","9.0","Warszawa,Warszawa-Radom,Warszawa - Modlin,Warszawa - Radom","2+1","41.0","1.0","1.0","13921.0","13921.0","13921.0","13921.0","13921.0","0.0","0.0","0.0","0.0","0.0","0.0","0.0","0.0","0.0","0.0","0.0","0.0","0.0","0.0","4.3","1.0","0.0"
"2026-06-14T10:36:41+0000","turcja|bodrum|2026-07-19|2026-07-26|7|Warszawa,Warszawa-Radom,Warszawa - Modlin,Warszawa - Radom|2+1","filter_turkey_vacation_jul18_2026","turcja","bodrum","2026-07-19","2026-07-26","7.0","Warszawa,Warszawa-Radom,Warszawa - Modlin,Warszawa - Radom","2+1","35.0","1.0","1.0","11277.0","11277.0","11277.0","11277.0","11277.0","0.0","0.0","0.0","0.0","0.0","0.0","0.0","0.0","0.0","0.0","0.0","0.0","0.0","0.0","3.9","1.0","0.0"
"2026-06-14T10:36:41+0000","turcja|bodrum|2026-07-19|2026-07-26|7|Warszawa,Warszawa-Radom,Warszawa - Modlin,Warszawa - Radom|2+1","filter_turkey_vacation_jul18_2026","turcja","bodrum","2026-07-19","2026-07-26","7.0","Warszawa,Warszawa-Radom,Warszawa - Modlin,Warszawa - Radom","2+1","35.0","1.0","1.0","11277.0","11277.0","11277.0","11277.0","11277.0","0.0","0.0","0.0","0.0","0.0","0.0","0.0","0.0","0.0","0.0","0.0","0.0","0.0","0.0","3.9","1.0","0.0"
"2026-06-14T11:30:31+0000","turcja|bodrum|2026-07-19|2026-07-26|7|Warszawa,Warszawa-Radom,Warszawa - Modlin,Warszawa - Radom|2+1","filter_turkey_vacation_jul18_2026","turcja","bodrum","2026-07-19","2026-07-26","7.0","Warszawa,Warszawa-Radom,Warszawa - Modlin,Warszawa - Radom","2+1","35.0","1.0","1.0","11277.0","11277.0","11277.0","11277.0","11277.0","0.0","0.0","0.0","0.0","0.0","0.0","0.0","0.0","0.0","0.0","0.0","0.0","0.0","0.0","3.9","1.0","0.0"
"2026-06-14T11:49:03+0000","turcja|bodrum|2026-07-19|2026-07-26|7|Warszawa,Warszawa-Radom,Warszawa - Modlin,Warszawa - Radom|2+1","filter_turkey_vacation_jul18_2026","turcja","bodrum","2026-07-19","2026-07-26","7.0","Warszawa,Warszawa-Radom,Warszawa - Modlin,Warszawa - Radom","2+1","35.0","1.0","1.0","11277.0","11277.0","11277.0","11277.0","11277.0","0.0","0.0","0.0","0.0","0.0","0.0","0.0","0.0","0.0","0.0","0.0","0.0","0.0","0.0","3.9","1.0","0.0"
"2026-06-14T13:00:44+0000","turcja|bodrum|2026-07-19|2026-07-26|7|Warszawa,Warszawa-Radom,Warszawa - Modlin,Warszawa - Radom|2+1","filter_turkey_vacation_jul18_2026","turcja","bodrum","2026-07-19","2026-07-26","7.0","Warszawa,Warszawa-Radom,Warszawa - Modlin,Warszawa - Radom","2+1","35.0","1.0","1.0","11277.0","11277.0","11277.0","11277.0","11277.0","0.0","0.0","0.0","0.0","0.0","0.0","0.0","0.0","0.0","0.0","0.0","0.0","0.0","0.0","3.9","1.0","0.0"
"2026-06-14T13:34:55+0000","turcja|bodrum|2026-07-19|2026-07-26|7|Warszawa,Warszawa-Radom,Warszawa - Modlin,Warszawa - Radom|2+1","filter_turkey_vacation_jul18_2026","turcja","bodrum","2026-07-19","2026-07-26","7.0","Warszawa,Warszawa-Radom,Warszawa - Modlin,Warszawa - Radom","2+1","35.0","1.0","1.0","11277.0","11277.0","11277.0","11277.0","11277.0","0.0","0.0","0.0","0.0","0.0","0.0","0.0","0.0","0.0","0.0","0.0","0.0","0.0","0.0","3.9","1.0","0.0"
"2026-06-14T14:36:32+0000","turcja|bodrum|2026-07-19|2026-07-26|7|Warszawa,Warszawa-Radom,Warszawa - Modlin,Warszawa - Radom|2+1","filter_turkey_vacation_jul18_2026","turcja","bodrum","2026-07-19","2026-07-26","7.0","Warszawa,Warszawa-Radom,Warszawa - Modlin,Warszawa - Radom","2+1","35.0","1.0","1.0","11277.0","11277.0","11277.0","11277.0","11277.0","0.0","0.0","0.0","0.0","0.0","0.0","0.0","0.0","0.0","0.0","0.0","0.0","0.0","0.0","3.9","1.0","0.0"
"2026-06-14T10:36:41+0000","turcja|bodrum|2026-07-19|2026-07-27|7|Warszawa,Warszawa-Radom,Warszawa - Modlin,Warszawa - Radom|2+1","filter_turkey_vacation_jul18_2026","turcja","bodrum","2026-07-19","2026-07-27","7.0","Warszawa,Warszawa-Radom,Warszawa - Modlin,Warszawa - Radom","2+1","35.0","1.0","1.0","11377.0","11377.0","11377.0","11377.0","11377.0","0.0","0.0","0.0","0.0","0.0","0.0","0.0","0.0","0.0","0.0","0.0","0.0","0.0","0.0","0.0","0.0","0.0"
"2026-06-14T10:36:41+0000","turcja|bodrum|2026-07-19|2026-07-27|7|Warszawa,Warszawa-Radom,Warszawa - Modlin,Warszawa - Radom|2+1","filter_turkey_vacation_jul18_2026","turcja","bodrum","2026-07-19","2026-07-27","7.0","Warszawa,Warszawa-Radom,Warszawa - Modlin,Warszawa - Radom","2+1","35.0","1.0","1.0","11377.0","11377.0","11377.0","11377.0","11377.0","0.0","0.0","0.0","0.0","0.0","0.0","0.0","0.0","0.0","0.0","0.0","0.0","0.0","0.0","0.0","0.0","0.0"
"2026-06-14T11:30:31+0000","turcja|bodrum|2026-07-19|2026-07-27|7|Warszawa,Warszawa-Radom,Warszawa - Modlin,Warszawa - Radom|2+1","filter_turkey_vacation_jul18_2026","turcja","bodrum","2026-07-19","2026-07-27","7.0","Warszawa,Warszawa-Radom,Warszawa - Modlin,Warszawa - Radom","2+1","35.0","1.0","1.0","11377.0","11377.0","11377.0","11377.0","11377.0","0.0","0.0","0.0","0.0","0.0","0.0","0.0","0.0","0.0","0.0","0.0","0.0","0.0","0.0","0.0","0.0","0.0"
"2026-06-14T11:49:03+0000","turcja|bodrum|2026-07-19|2026-07-27|7|Warszawa,Warszawa-Radom,Warszawa - Modlin,Warszawa - Radom|2+1","filter_turkey_vacation_jul18_2026","turcja","bodrum","2026-07-19","2026-07-27","7.0","Warszawa,Warszawa-Radom,Warszawa - Modlin,Warszawa - Radom","2+1","35.0","1.0","1.0","11377.0","11377.0","11377.0","11377.0","11377.0","0.0","0.0","0.0","0.0","0.0","0.0","0.0","0.0","0.0","0.0","0.0","0.0","0.0","0.0","0.0","0.0","0.0"
"2026-06-14T13:00:44+0000","turcja|bodrum|2026-07-19|2026-07-27|7|Warszawa,Warszawa-Radom,Warszawa - Modlin,Warszawa - Radom|2+1","filter_turkey_vacation_jul18_2026","turcja","bodrum","2026-07-19","2026-07-27","7.0","Warszawa,Warszawa-Radom,Warszawa - Modlin,Warszawa - Radom","2+1","35.0","1.0","1.0","11377.0","11377.0","11377.0","11377.0","11377.0","0.0","0.0","0.0","0.0","0.0","0.0","0.0","0.0","0.0","0.0","0.0","0.0","0.0","0.0","0.0","0.0","0.0"
"2026-06-14T13:34:55+0000","turcja|bodrum|2026-07-19|2026-07-27|7|Warszawa,Warszawa-Radom,Warszawa - Modlin,Warszawa - Radom|2+1","filter_turkey_vacation_jul18_2026","turcja","bodrum","2026-07-19","2026-07-27","7.0","Warszawa,Warszawa-Radom,Warszawa - Modlin,Warszawa - Radom","2+1","35.0","1.0","1.0","11377.0","11377.0","11377.0","11377.0","11377.0","0.0","0.0","0.0","0.0","0.0","0.0","0.0","0.0","0.0","0.0","0.0","0.0","0.0","0.0","0.0","0.0","0.0"
"2026-06-14T14:36:32+0000","turcja|bodrum|2026-07-19|2026-07-27|7|Warszawa,Warszawa-Radom,Warszawa - Modlin,Warszawa - Radom|2+1","filter_turkey_vacation_jul18_2026","turcja","bodrum","2026-07-19","2026-07-27","7.0","Warszawa,Warszawa-Radom,Warszawa - Modlin,Warszawa - Radom","2+1","35.0","1.0","1.0","11377.0","11377.0","11377.0","11377.0","11377.0","0.0","0.0","0.0","0.0","0.0","0.0","0.0","0.0","0.0","0.0","0.0","0.0","0.0","0.0","0.0","0.0","0.0"
"2026-06-14T10:36:41+0000","turcja|bodrum|2026-07-22|2026-07-29|7|Warszawa,Warszawa-Radom,Warszawa - Modlin,Warszawa - Radom|2+1","filter_turkey_vacation_jul18_2026","turcja","bodrum","2026-07-22","2026-07-29","7.0","Warszawa,Warszawa-Radom,Warszawa - Modlin,Warszawa - Radom","2+1","38.0","2.0","2.0","10107.0","10241.6","10443.5","10780.0","11453.0","0.0","0.0","0.0","0.0","0.0","0.0","0.0","0.0","0.0","0.0","0.0","0.0","0.0","0.0","4.15","2.0","0.0"
"2026-06-14T10:36:41+0000","turcja|bodrum|2026-07-22|2026-07-29|7|Warszawa,Warszawa-Radom,Warszawa - Modlin,Warszawa - Radom|2+1","filter_turkey_vacation_jul18_2026","turcja","bodrum","2026-07-22","2026-07-29","7.0","Warszawa,Warszawa-Radom,Warszawa - Modlin,Warszawa - Radom","2+1","38.0","2.0","2.0","10107.0","10241.6","10443.5","10780.0","11453.0","0.0","0.0","0.0","0.0","0.0","0.0","0.0","0.0","0.0","0.0","0.0","0.0","0.0","0.0","4.15","2.0","0.0"
"2026-06-14T11:30:31+0000","turcja|bodrum|2026-07-22|2026-07-29|7|Warszawa,Warszawa-Radom,Warszawa - Modlin,Warszawa - Radom|2+1","filter_turkey_vacation_jul18_2026","turcja","bodrum","2026-07-22","2026-07-29","7.0","Warszawa,Warszawa-Radom,Warszawa - Modlin,Warszawa - Radom","2+1","38.0","2.0","2.0","10107.0","10241.6","10443.5","10780.0","11453.0","0.0","0.0","0.0","0.0","0.0","0.0","0.0","0.0","0.0","0.0","0.0","0.0","0.0","0.0","4.15","2.0","0.0"
"2026-06-14T11:49:03+0000","turcja|bodrum|2026-07-22|2026-07-29|7|Warszawa,Warszawa-Radom,Warszawa - Modlin,Warszawa - Radom|2+1","filter_turkey_vacation_jul18_2026","turcja","bodrum","2026-07-22","2026-07-29","7.0","Warszawa,Warszawa-Radom,Warszawa - Modlin,Warszawa - Radom","2+1","38.0","2.0","2.0","10107.0","10241.6","10443.5","10780.0","11453.0","0.0","0.0","0.0","0.0","0.0","0.0","0.0","0.0","0.0","0.0","0.0","0.0","0.0","0.0","4.15","2.0","0.0"
"2026-06-14T13:00:44+0000","turcja|bodrum|2026-07-22|2026-07-29|7|Warszawa,Warszawa-Radom,Warszawa - Modlin,Warszawa - Radom|2+1","filter_turkey_vacation_jul18_2026","turcja","bodrum","2026-07-22","2026-07-29","7.0","Warszawa,Warszawa-Radom,Warszawa - Modlin,Warszawa - Radom","2+1","38.0","2.0","2.0","10107.0","10241.6","10443.5","10780.0","11453.0","0.0","0.0","0.0","0.0","0.0","0.0","0.0","0.0","0.0","0.0","0.0","0.0","0.0","0.0","4.15","2.0","0.0"
"2026-06-14T13:34:55+0000","turcja|bodrum|2026-07-22|2026-07-29|7|Warszawa,Warszawa-Radom,Warszawa - Modlin,Warszawa - Radom|2+1","filter_turkey_vacation_jul18_2026","turcja","bodrum","2026-07-22","2026-07-29","7.0","Warszawa,Warszawa-Radom,Warszawa - Modlin,Warszawa - Radom","2+1","38.0","2.0","2.0","10107.0","10241.6","10443.5","10780.0","11453.0","0.0","0.0","0.0","0.0","0.0","0.0","0.0","0.0","0.0","0.0","0.0","0.0","0.0","0.0","4.15","2.0","0.0"
"2026-06-14T14:36:32+0000","turcja|bodrum|2026-07-22|2026-07-29|7|Warszawa,Warszawa-Radom,Warszawa - Modlin,Warszawa - Radom|2+1","filter_turkey_vacation_jul18_2026","turcja","bodrum","2026-07-22","2026-07-29","7.0","Warszawa,Warszawa-Radom,Warszawa - Modlin,Warszawa - Radom","2+1","38.0","2.0","2.0","10107.0","10241.6","10443.5","10780.0","11453.0","0.0","0.0","0.0","0.0","0.0","0.0","0.0","0.0","0.0","0.0","0.0","0.0","0.0","0.0","4.15","2.0","0.0"
"2026-06-14T10:36:41+0000","turcja|bodrum|2026-07-23|2026-07-31|7|Warszawa,Warszawa-Radom,Warszawa - Modlin,Warszawa - Radom|2+1","filter_turkey_vacation_jul18_2026","turcja","bodrum","2026-07-23","2026-07-31","7.0","Warszawa,Warszawa-Radom,Warszawa - Modlin,Warszawa - Radom","2+1","39.0","1.0","1.0","10777.0","10777.0","10777.0","10777.0","10777.0","0.0","0.0","0.0","0.0","0.0","0.0","0.0","0.0","0.0","0.0","0.0","0.0","0.0","0.0","4.1","1.0","0.0"
"2026-06-14T10:36:41+0000","turcja|bodrum|2026-07-23|2026-07-31|7|Warszawa,Warszawa-Radom,Warszawa - Modlin,Warszawa - Radom|2+1","filter_turkey_vacation_jul18_2026","turcja","bodrum","2026-07-23","2026-07-31","7.0","Warszawa,Warszawa-Radom,Warszawa - Modlin,Warszawa - Radom","2+1","39.0","1.0","1.0","10777.0","10777.0","10777.0","10777.0","10777.0","0.0","0.0","0.0","0.0","0.0","0.0","0.0","0.0","0.0","0.0","0.0","0.0","0.0","0.0","4.1","1.0","0.0"
"2026-06-14T11:30:31+0000","turcja|bodrum|2026-07-23|2026-07-31|7|Warszawa,Warszawa-Radom,Warszawa - Modlin,Warszawa - Radom|2+1","filter_turkey_vacation_jul18_2026","turcja","bodrum","2026-07-23","2026-07-31","7.0","Warszawa,Warszawa-Radom,Warszawa - Modlin,Warszawa - Radom","2+1","39.0","1.0","1.0","10777.0","10777.0","10777.0","10777.0","10777.0","0.0","0.0","0.0","0.0","0.0","0.0","0.0","0.0","0.0","0.0","0.0","0.0","0.0","0.0","4.1","1.0","0.0"
"2026-06-14T11:49:03+0000","turcja|bodrum|2026-07-23|2026-07-31|7|Warszawa,Warszawa-Radom,Warszawa - Modlin,Warszawa - Radom|2+1","filter_turkey_vacation_jul18_2026","turcja","bodrum","2026-07-23","2026-07-31","7.0","Warszawa,Warszawa-Radom,Warszawa - Modlin,Warszawa - Radom","2+1","39.0","1.0","1.0","10777.0","10777.0","10777.0","10777.0","10777.0","0.0","0.0","0.0","0.0","0.0","0.0","0.0","0.0","0.0","0.0","0.0","0.0","0.0","0.0","4.1","1.0","0.0"
"2026-06-14T13:00:44+0000","turcja|bodrum|2026-07-23|2026-07-31|7|Warszawa,Warszawa-Radom,Warszawa - Modlin,Warszawa - Radom|2+1","filter_turkey_vacation_jul18_2026","turcja","bodrum","2026-07-23","2026-07-31","7.0","Warszawa,Warszawa-Radom,Warszawa - Modlin,Warszawa - Radom","2+1","39.0","1.0","1.0","10777.0","10777.0","10777.0","10777.0","10777.0","0.0","0.0","0.0","0.0","0.0","0.0","0.0","0.0","0.0","0.0","0.0","0.0","0.0","0.0","4.1","1.0","0.0"
"2026-06-14T13:34:55+0000","turcja|bodrum|2026-07-23|2026-07-31|7|Warszawa,Warszawa-Radom,Warszawa - Modlin,Warszawa - Radom|2+1","filter_turkey_vacation_jul18_2026","turcja","bodrum","2026-07-23","2026-07-31","7.0","Warszawa,Warszawa-Radom,Warszawa - Modlin,Warszawa - Radom","2+1","39.0","1.0","1.0","10777.0","10777.0","10777.0","10777.0","10777.0","0.0","0.0","0.0","0.0","0.0","0.0","0.0","0.0","0.0","0.0","0.0","0.0","0.0","0.0","4.1","1.0","0.0"
"2026-06-14T14:36:32+0000","turcja|bodrum|2026-07-23|2026-07-31|7|Warszawa,Warszawa-Radom,Warszawa - Modlin,Warszawa - Radom|2+1","filter_turkey_vacation_jul18_2026","turcja","bodrum","2026-07-23","2026-07-31","7.0","Warszawa,Warszawa-Radom,Warszawa - Modlin,Warszawa - Radom","2+1","39.0","1.0","1.0","10777.0","10777.0","10777.0","10777.0","10777.0","0.0","0.0","0.0","0.0","0.0","0.0","0.0","0.0","0.0","0.0","0.0","0.0","0.0","0.0","4.1","1.0","0.0"
"2026-06-14T13:00:44+0000","turcja|bodrum|2026-07-23|2026-08-03|10|Warszawa,Warszawa-Radom,Warszawa - Modlin,Warszawa - Radom|2+1","filter_turkey_vacation_jul18_2026","turcja","bodrum","2026-07-23","2026-08-03","10.0","Warszawa,Warszawa-Radom,Warszawa - Modlin,Warszawa - Radom","2+1","39.0","3.0","3.0","13617.0","13649.0","13697.0","13777.0","15297.0","0.0","0.0","0.0","0.0","0.0","0.0","0.0","0.0","0.0","0.0","46.0","16.73","0.0","0.0","4.15","2.0","0.0"
"2026-06-14T13:34:55+0000","turcja|bodrum|2026-07-23|2026-08-03|10|Warszawa,Warszawa-Radom,Warszawa - Modlin,Warszawa - Radom|2+1","filter_turkey_vacation_jul18_2026","turcja","bodrum","2026-07-23","2026-08-03","10.0","Warszawa,Warszawa-Radom,Warszawa - Modlin,Warszawa - Radom","2+1","39.0","3.0","3.0","13617.0","13649.0","13697.0","13777.0","15297.0","0.0","0.0","0.0","0.0","0.0","0.0","0.0","0.0","0.0","0.0","48.0","9.68","0.0","0.0","4.15","2.0","0.0"
"2026-06-14T14:36:32+0000","turcja|bodrum|2026-07-23|2026-08-03|10|Warszawa,Warszawa-Radom,Warszawa - Modlin,Warszawa - Radom|2+1","filter_turkey_vacation_jul18_2026","turcja","bodrum","2026-07-23","2026-08-03","10.0","Warszawa,Warszawa-Radom,Warszawa - Modlin,Warszawa - Radom","2+1","39.0","2.0","2.0","13617.0","13633.0","13657.0","13697.0","13777.0","0.0","0.0","0.0","0.0","0.0","0.0","0.0","0.0","0.0","0.0","0.0","0.0","0.0","0.0","3.9","1.0","0.0"
"2026-06-14T10:36:41+0000","turcja|kemer|2026-07-18|2026-07-25|7|Warszawa,Warszawa-Radom,Warszawa - Modlin,Warszawa - Radom|2+1","filter_turkey_vacation_jul18_2026","turcja","kemer","2026-07-18","2026-07-25","7.0","Warszawa,Warszawa-Radom,Warszawa - Modlin,Warszawa - Radom","2+1","34.0","3.0","3.0","10333.0","10382.6","10457.0","10581.0","11996.0","0.0","0.0","0.0","0.0","0.0","0.0","0.0","0.0","0.0","0.0","0.0","0.0","0.0","0.0","4.4","3.0","0.0"
"2026-06-14T10:36:41+0000","turcja|kemer|2026-07-18|2026-07-25|7|Warszawa,Warszawa-Radom,Warszawa - Modlin,Warszawa - Radom|2+1","filter_turkey_vacation_jul18_2026","turcja","kemer","2026-07-18","2026-07-25","7.0","Warszawa,Warszawa-Radom,Warszawa - Modlin,Warszawa - Radom","2+1","34.0","3.0","3.0","10333.0","10382.6","10457.0","10581.0","11996.0","0.0","0.0","0.0","0.0","0.0","0.0","0.0","0.0","0.0","0.0","0.0","0.0","0.0","0.0","4.4","3.0","0.0"
"2026-06-14T11:30:31+0000","turcja|kemer|2026-07-18|2026-07-25|7|Warszawa,Warszawa-Radom,Warszawa - Modlin,Warszawa - Radom|2+1","filter_turkey_vacation_jul18_2026","turcja","kemer","2026-07-18","2026-07-25","7.0","Warszawa,Warszawa-Radom,Warszawa - Modlin,Warszawa - Radom","2+1","34.0","3.0","3.0","10333.0","10382.6","10457.0","10581.0","11996.0","0.0","0.0","0.0","0.0","0.0","0.0","0.0","0.0","0.0","0.0","56.0","0.0","0.0","0.0","4.4","3.0","0.0"
"2026-06-14T11:49:03+0000","turcja|kemer|2026-07-18|2026-07-25|7|Warszawa,Warszawa-Radom,Warszawa - Modlin,Warszawa - Radom|2+1","filter_turkey_vacation_jul18_2026","turcja","kemer","2026-07-18","2026-07-25","7.0","Warszawa,Warszawa-Radom,Warszawa - Modlin,Warszawa - Radom","2+1","34.0","3.0","3.0","10333.0","10382.6","10457.0","10581.0","11996.0","0.0","0.0","0.0","0.0","0.0","0.0","0.0","0.0","0.0","0.0","56.0","0.0","0.0","0.0","4.4","3.0","0.0"
"2026-06-14T13:00:44+0000","turcja|kemer|2026-07-18|2026-07-25|7|Warszawa,Warszawa-Radom,Warszawa - Modlin,Warszawa - Radom|2+1","filter_turkey_vacation_jul18_2026","turcja","kemer","2026-07-18","2026-07-25","7.0","Warszawa,Warszawa-Radom,Warszawa - Modlin,Warszawa - Radom","2+1","34.0","3.0","3.0","10333.0","10382.6","10457.0","10581.0","11996.0","0.0","0.0","0.0","0.0","0.0","0.0","0.0","0.0","0.0","0.0","58.0","-3.68","0.0","0.0","4.4","3.0","0.0"
"2026-06-14T13:34:55+0000","turcja|kemer|2026-07-18|2026-07-25|7|Warszawa,Warszawa-Radom,Warszawa - Modlin,Warszawa - Radom|2+1","filter_turkey_vacation_jul18_2026","turcja","kemer","2026-07-18","2026-07-25","7.0","Warszawa,Warszawa-Radom,Warszawa - Modlin,Warszawa - Radom","2+1","34.0","3.0","3.0","10333.0","10382.6","10457.0","10581.0","11996.0","0.0","0.0","0.0","0.0","0.0","0.0","0.0","0.0","0.0","0.0","60.0","-5.61","0.0","0.0","4.4","3.0","0.0"
"2026-06-14T14:36:32+0000","turcja|kemer|2026-07-18|2026-07-25|7|Warszawa,Warszawa-Radom,Warszawa - Modlin,Warszawa - Radom|2+1","filter_turkey_vacation_jul18_2026","turcja","kemer","2026-07-18","2026-07-25","7.0","Warszawa,Warszawa-Radom,Warszawa - Modlin,Warszawa - Radom","2+1","34.0","2.0","2.0","10333.0","10499.3","10748.75","11164.5","11996.0","0.0","0.0","0.0","0.0","0.0","0.0","0.0","0.0","0.0","0.0","0.0","0.0","0.0","0.0","4.35","2.0","0.0"
"2026-06-14T13:00:44+0000","turcja|kemer|2026-07-18|2026-07-27|9|Warszawa,Warszawa-Radom,Warszawa - Modlin,Warszawa - Radom|2+1","filter_turkey_vacation_jul18_2026","turcja","kemer","2026-07-18","2026-07-27","9.0","Warszawa,Warszawa-Radom,Warszawa - Modlin,Warszawa - Radom","2+1","34.0","6.0","6.0","10963.0","11559.0","12252.75","13511.5","15579.0","0.0","0.0","0.0","0.0","0.0","0.0","0.0","0.0","0.0","0.0","45.0","17.14","0.0","0.0","4.0","6.0","0.0"
"2026-06-14T13:34:55+0000","turcja|kemer|2026-07-18|2026-07-27|9|Warszawa,Warszawa-Radom,Warszawa - Modlin,Warszawa - Radom|2+1","filter_turkey_vacation_jul18_2026","turcja","kemer","2026-07-18","2026-07-27","9.0","Warszawa,Warszawa-Radom,Warszawa - Modlin,Warszawa - Radom","2+1","34.0","6.0","6.0","10963.0","11559.0","12252.75","13511.5","15579.0","0.0","0.0","0.0","0.0","0.0","0.0","0.0","0.0","0.0","0.0","48.0","7.43","0.0","0.0","4.0","6.0","0.0"
"2026-06-14T14:36:32+0000","turcja|kemer|2026-07-18|2026-07-27|9|Warszawa,Warszawa-Radom,Warszawa - Modlin,Warszawa - Radom|2+1","filter_turkey_vacation_jul18_2026","turcja","kemer","2026-07-18","2026-07-27","9.0","Warszawa,Warszawa-Radom,Warszawa - Modlin,Warszawa - Radom","2+1","34.0","5.0","5.0","10963.0","11439.8","12155.0","12546.0","15233.0","0.0","0.0","0.0","0.0","0.0","0.0","0.0","0.0","0.0","0.0","47.0","7.39","0.0","0.0","4.0","5.0","0.0"
"2026-06-14T13:00:44+0000","turcja|kemer|2026-07-18|2026-07-29|11|Warszawa,Warszawa-Radom,Warszawa - Modlin,Warszawa - Radom|2+1","filter_turkey_vacation_jul18_2026","turcja","kemer","2026-07-18","2026-07-29","11.0","Warszawa,Warszawa-Radom,Warszawa - Modlin,Warszawa - Radom","2+1","34.0","2.0","2.0","13373.0","13569.0","13863.0","14353.0","15333.0","0.0","0.0","0.0","0.0","0.0","0.0","0.0","0.0","0.0","0.0","0.0","0.0","0.0","0.0","4.35","2.0","0.0"
"2026-06-14T13:34:55+0000","turcja|kemer|2026-07-18|2026-07-29|11|Warszawa,Warszawa-Radom,Warszawa - Modlin,Warszawa - Radom|2+1","filter_turkey_vacation_jul18_2026","turcja","kemer","2026-07-18","2026-07-29","11.0","Warszawa,Warszawa-Radom,Warszawa - Modlin,Warszawa - Radom","2+1","34.0","2.0","2.0","13373.0","13569.0","13863.0","14353.0","15333.0","0.0","0.0","0.0","0.0","0.0","0.0","0.0","0.0","0.0","0.0","0.0","0.0","0.0","0.0","4.35","2.0","0.0"
"2026-06-14T14:36:32+0000","turcja|kemer|2026-07-18|2026-07-29|11|Warszawa,Warszawa-Radom,Warszawa - Modlin,Warszawa - Radom|2+1","filter_turkey_vacation_jul18_2026","turcja","kemer","2026-07-18","2026-07-29","11.0","Warszawa,Warszawa-Radom,Warszawa - Modlin,Warszawa - Radom","2+1","34.0","1.0","1.0","13373.0","13373.0","13373.0","13373.0","13373.0","0.0","0.0","0.0","0.0","0.0","0.0","0.0","0.0","0.0","0.0","0.0","0.0","0.0","0.0","4.3","1.0","0.0"
"2026-06-14T10:36:41+0000","turcja|kemer|2026-07-19|2026-07-26|7|Warszawa,Warszawa-Radom,Warszawa - Modlin,Warszawa - Radom|2+1","filter_turkey_vacation_jul18_2026","turcja","kemer","2026-07-19","2026-07-26","7.0","Warszawa,Warszawa-Radom,Warszawa - Modlin,Warszawa - Radom","2+1","35.0","14.0","14.0","9196.0","9375.2","10318.75","10765.0","12392.0","3.0","0.0","0.0","0.0","0.0","0.0","0.0","0.0","0.0","0.0","0.0","0.0","0.0","0.0","4.3","14.0","0.0"
"2026-06-14T10:36:41+0000","turcja|kemer|2026-07-19|2026-07-26|7|Warszawa,Warszawa-Radom,Warszawa - Modlin,Warszawa - Radom|2+1","filter_turkey_vacation_jul18_2026","turcja","kemer","2026-07-19","2026-07-26","7.0","Warszawa,Warszawa-Radom,Warszawa - Modlin,Warszawa - Radom","2+1","35.0","14.0","14.0","9196.0","9375.2","10318.75","10765.0","12392.0","3.0","0.0","0.0","0.0","0.0","0.0","0.0","0.0","0.0","0.0","0.0","0.0","0.0","0.0","4.3","14.0","0.0"
"2026-06-14T11:30:31+0000","turcja|kemer|2026-07-19|2026-07-26|7|Warszawa,Warszawa-Radom,Warszawa - Modlin,Warszawa - Radom|2+1","filter_turkey_vacation_jul18_2026","turcja","kemer","2026-07-19","2026-07-26","7.0","Warszawa,Warszawa-Radom,Warszawa - Modlin,Warszawa - Radom","2+1","35.0","13.0","13.0","9196.0","9359.8","10268.0","10528.0","12392.0","3.0","0.0","0.0","0.0","0.0","0.0","0.0","0.0","0.0","0.0","55.0","0.0","0.0","0.0","4.3","13.0","0.0"
"2026-06-14T11:49:03+0000","turcja|kemer|2026-07-19|2026-07-26|7|Warszawa,Warszawa-Radom,Warszawa - Modlin,Warszawa - Radom|2+1","filter_turkey_vacation_jul18_2026","turcja","kemer","2026-07-19","2026-07-26","7.0","Warszawa,Warszawa-Radom,Warszawa - Modlin,Warszawa - Radom","2+1","35.0","13.0","13.0","9196.0","9359.8","10268.0","10528.0","12392.0","3.0","0.0","0.0","0.0","0.0","0.0","0.0","0.0","0.0","0.0","55.0","0.0","0.0","0.0","4.3","13.0","0.0"
"2026-06-14T13:00:44+0000","turcja|kemer|2026-07-19|2026-07-26|7|Warszawa,Warszawa-Radom,Warszawa - Modlin,Warszawa - Radom|2+1","filter_turkey_vacation_jul18_2026","turcja","kemer","2026-07-19","2026-07-26","7.0","Warszawa,Warszawa-Radom,Warszawa - Modlin,Warszawa - Radom","2+1","35.0","14.0","14.0","9196.0","9375.2","10318.75","10765.0","12392.0","3.0","0.0","0.0","0.0","0.0","0.0","0.0","0.0","0.0","0.0","57.0","-2.61","0.0","0.0","4.3","14.0","0.0"
"2026-06-14T13:34:55+0000","turcja|kemer|2026-07-19|2026-07-26|7|Warszawa,Warszawa-Radom,Warszawa - Modlin,Warszawa - Radom|2+1","filter_turkey_vacation_jul18_2026","turcja","kemer","2026-07-19","2026-07-26","7.0","Warszawa,Warszawa-Radom,Warszawa - Modlin,Warszawa - Radom","2+1","35.0","14.0","14.0","9196.0","9375.2","10318.75","10765.0","12392.0","3.0","0.0","0.0","0.0","0.0","0.0","0.0","0.0","0.0","0.0","58.0","-3.98","0.0","0.0","4.3","14.0","0.0"
"2026-06-14T14:36:32+0000","turcja|kemer|2026-07-19|2026-07-26|7|Warszawa,Warszawa-Radom,Warszawa - Modlin,Warszawa - Radom|2+1","filter_turkey_vacation_jul18_2026","turcja","kemer","2026-07-19","2026-07-26","7.0","Warszawa,Warszawa-Radom,Warszawa - Modlin,Warszawa - Radom","2+1","35.0","14.0","14.0","9196.0","9375.2","10318.75","10765.0","12392.0","3.0","0.0","0.0","0.0","0.0","0.0","0.0","0.0","0.0","0.0","60.0","-5.54","0.0","0.0","4.3","14.0","0.0"
"2026-06-14T10:36:41+0000","turcja|kemer|2026-07-20|2026-07-27|7|Warszawa,Warszawa-Radom,Warszawa - Modlin,Warszawa - Radom|2+1","filter_turkey_vacation_jul18_2026","turcja","kemer","2026-07-20","2026-07-27","7.0","Warszawa,Warszawa-Radom,Warszawa - Modlin,Warszawa - Radom","2+1","36.0","5.0","5.0","9413.0","9628.2","9951.0","11767.0","12697.0","2.0","0.0","0.0","0.0","0.0","0.0","0.0","0.0","0.0","0.0","0.0","0.0","0.0","0.0","4.3","5.0","0.0"
"2026-06-14T10:36:41+0000","turcja|kemer|2026-07-20|2026-07-27|7|Warszawa,Warszawa-Radom,Warszawa - Modlin,Warszawa - Radom|2+1","filter_turkey_vacation_jul18_2026","turcja","kemer","2026-07-20","2026-07-27","7.0","Warszawa,Warszawa-Radom,Warszawa - Modlin,Warszawa - Radom","2+1","36.0","5.0","5.0","9413.0","9628.2","9951.0","11767.0","12697.0","2.0","0.0","0.0","0.0","0.0","0.0","0.0","0.0","0.0","0.0","0.0","0.0","0.0","0.0","4.3","5.0","0.0"
"2026-06-14T11:30:31+0000","turcja|kemer|2026-07-20|2026-07-27|7|Warszawa,Warszawa-Radom,Warszawa - Modlin,Warszawa - Radom|2+1","filter_turkey_vacation_jul18_2026","turcja","kemer","2026-07-20","2026-07-27","7.0","Warszawa,Warszawa-Radom,Warszawa - Modlin,Warszawa - Radom","2+1","36.0","5.0","5.0","9413.0","9628.2","9951.0","11767.0","12697.0","2.0","0.0","0.0","0.0","0.0","0.0","0.0","0.0","0.0","0.0","55.0","0.0","0.0","0.0","4.3","5.0","0.0"
"2026-06-14T11:49:03+0000","turcja|kemer|2026-07-20|2026-07-27|7|Warszawa,Warszawa-Radom,Warszawa - Modlin,Warszawa - Radom|2+1","filter_turkey_vacation_jul18_2026","turcja","kemer","2026-07-20","2026-07-27","7.0","Warszawa,Warszawa-Radom,Warszawa - Modlin,Warszawa - Radom","2+1","36.0","5.0","5.0","9413.0","9628.2","9951.0","11767.0","12697.0","2.0","0.0","0.0","0.0","0.0","0.0","0.0","0.0","0.0","0.0","55.0","0.0","0.0","0.0","4.3","5.0","0.0"
"2026-06-14T13:00:44+0000","turcja|kemer|2026-07-20|2026-07-27|7|Warszawa,Warszawa-Radom,Warszawa - Modlin,Warszawa - Radom|2+1","filter_turkey_vacation_jul18_2026","turcja","kemer","2026-07-20","2026-07-27","7.0","Warszawa,Warszawa-Radom,Warszawa - Modlin,Warszawa - Radom","2+1","36.0","4.0","4.0","9413.0","9574.4","9816.5","10859.0","12697.0","2.0","0.0","0.0","0.0","0.0","0.0","0.0","0.0","0.0","0.0","56.0","-4.5","0.0","0.0","4.15","4.0","0.0"
"2026-06-14T13:34:55+0000","turcja|kemer|2026-07-20|2026-07-27|7|Warszawa,Warszawa-Radom,Warszawa - Modlin,Warszawa - Radom|2+1","filter_turkey_vacation_jul18_2026","turcja","kemer","2026-07-20","2026-07-27","7.0","Warszawa,Warszawa-Radom,Warszawa - Modlin,Warszawa - Radom","2+1","36.0","4.0","4.0","9413.0","9574.4","9816.5","10859.0","12697.0","2.0","0.0","0.0","0.0","0.0","0.0","0.0","0.0","0.0","0.0","58.0","-6.81","0.0","0.0","4.15","4.0","0.0"
"2026-06-14T14:36:32+0000","turcja|kemer|2026-07-20|2026-07-27|7|Warszawa,Warszawa-Radom,Warszawa - Modlin,Warszawa - Radom|2+1","filter_turkey_vacation_jul18_2026","turcja","kemer","2026-07-20","2026-07-27","7.0","Warszawa,Warszawa-Radom,Warszawa - Modlin,Warszawa - Radom","2+1","36.0","4.0","4.0","9413.0","9574.4","9816.5","10859.0","12697.0","2.0","0.0","0.0","0.0","0.0","0.0","0.0","0.0","0.0","0.0","62.0","-8.91","0.0","0.0","4.15","4.0","0.0"
"2026-06-14T13:00:44+0000","turcja|kemer|2026-07-20|2026-07-29|9|Warszawa,Warszawa-Radom,Warszawa - Modlin,Warszawa - Radom|2+1","filter_turkey_vacation_jul18_2026","turcja","kemer","2026-07-20","2026-07-29","9.0","Warszawa,Warszawa-Radom,Warszawa - Modlin,Warszawa - Radom","2+1","36.0","14.0","14.0","10053.0","10374.9","11306.25","13195.5","14591.0","0.0","0.0","0.0","0.0","0.0","0.0","0.0","0.0","0.0","0.0","49.0","10.82","0.0","0.0","4.3","12.0","0.0"
"2026-06-14T13:34:55+0000","turcja|kemer|2026-07-20|2026-07-29|9|Warszawa,Warszawa-Radom,Warszawa - Modlin,Warszawa - Radom|2+1","filter_turkey_vacation_jul18_2026","turcja","kemer","2026-07-20","2026-07-29","9.0","Warszawa,Warszawa-Radom,Warszawa - Modlin,Warszawa - Radom","2+1","36.0","14.0","14.0","10053.0","10374.9","11306.25","13195.5","14591.0","0.0","0.0","0.0","0.0","0.0","0.0","0.0","0.0","0.0","0.0","51.0","5.39","0.0","0.0","4.3","12.0","0.0"
"2026-06-14T14:36:32+0000","turcja|kemer|2026-07-20|2026-07-29|9|Warszawa,Warszawa-Radom,Warszawa - Modlin,Warszawa - Radom|2+1","filter_turkey_vacation_jul18_2026","turcja","kemer","2026-07-20","2026-07-29","9.0","Warszawa,Warszawa-Radom,Warszawa - Modlin,Warszawa - Radom","2+1","36.0","14.0","14.0","10053.0","10374.9","11306.25","13195.5","14591.0","0.0","0.0","0.0","0.0","0.0","0.0","0.0","0.0","0.0","0.0","51.0","4.49","0.0","0.0","4.3","12.0","0.0"
"2026-06-14T13:00:44+0000","turcja|kemer|2026-07-20|2026-07-30|10|Warszawa,Warszawa-Radom,Warszawa - Modlin,Warszawa - Radom|2+1","filter_turkey_vacation_jul18_2026","turcja","kemer","2026-07-20","2026-07-30","10.0","Warszawa,Warszawa-Radom,Warszawa - Modlin,Warszawa - Radom","2+1","36.0","6.0","6.0","11217.0","12287.0","13464.0","14111.0","15617.0","0.0","0.0","0.0","0.0","0.0","0.0","0.0","0.0","0.0","0.0","48.0","18.64","0.0","0.0","4.3","6.0","0.0"
"2026-06-14T13:34:55+0000","turcja|kemer|2026-07-20|2026-07-30|10|Warszawa,Warszawa-Radom,Warszawa - Modlin,Warszawa - Radom|2+1","filter_turkey_vacation_jul18_2026","turcja","kemer","2026-07-20","2026-07-30","10.0","Warszawa,Warszawa-Radom,Warszawa - Modlin,Warszawa - Radom","2+1","36.0","6.0","6.0","11217.0","12287.0","13464.0","14111.0","15617.0","0.0","0.0","0.0","0.0","0.0","0.0","0.0","0.0","0.0","0.0","48.0","13.56","0.0","0.0","4.3","6.0","0.0"
"2026-06-14T14:36:32+0000","turcja|kemer|2026-07-20|2026-07-30|10|Warszawa,Warszawa-Radom,Warszawa - Modlin,Warszawa - Radom|2+1","filter_turkey_vacation_jul18_2026","turcja","kemer","2026-07-20","2026-07-30","10.0","Warszawa,Warszawa-Radom,Warszawa - Modlin,Warszawa - Radom","2+1","36.0","5.0","5.0","11217.0","12073.0","13357.0","13785.0","14637.0","0.0","0.0","0.0","0.0","0.0","0.0","0.0","0.0","0.0","0.0","47.0","10.82","0.0","0.0","4.2","5.0","0.0"
"2026-06-14T10:36:41+0000","turcja|kemer|2026-07-21|2026-07-29|8|Warszawa,Warszawa-Radom,Warszawa - Modlin,Warszawa - Radom|2+1","filter_turkey_vacation_jul18_2026","turcja","kemer","2026-07-21","2026-07-29","8.0","Warszawa,Warszawa-Radom,Warszawa - Modlin,Warszawa - Radom","2+1","37.0","3.0","3.0","9419.0","9463.0","9529.0","9639.0","10593.0","2.0","0.0","0.0","0.0","0.0","0.0","0.0","0.0","0.0","0.0","0.0","0.0","0.0","0.0","4.1","3.0","0.0"
"2026-06-14T10:36:41+0000","turcja|kemer|2026-07-21|2026-07-29|8|Warszawa,Warszawa-Radom,Warszawa - Modlin,Warszawa - Radom|2+1","filter_turkey_vacation_jul18_2026","turcja","kemer","2026-07-21","2026-07-29","8.0","Warszawa,Warszawa-Radom,Warszawa - Modlin,Warszawa - Radom","2+1","37.0","3.0","3.0","9419.0","9463.0","9529.0","9639.0","10593.0","2.0","0.0","0.0","0.0","0.0","0.0","0.0","0.0","0.0","0.0","0.0","0.0","0.0","0.0","4.1","3.0","0.0"
"2026-06-14T11:30:31+0000","turcja|kemer|2026-07-21|2026-07-29|8|Warszawa,Warszawa-Radom,Warszawa - Modlin,Warszawa - Radom|2+1","filter_turkey_vacation_jul18_2026","turcja","kemer","2026-07-21","2026-07-29","8.0","Warszawa,Warszawa-Radom,Warszawa - Modlin,Warszawa - Radom","2+1","37.0","3.0","3.0","9419.0","9463.0","9529.0","9639.0","10593.0","2.0","0.0","0.0","0.0","0.0","0.0","0.0","0.0","0.0","0.0","53.0","0.0","0.0","0.0","4.1","3.0","0.0"
"2026-06-14T11:49:03+0000","turcja|kemer|2026-07-21|2026-07-29|8|Warszawa,Warszawa-Radom,Warszawa - Modlin,Warszawa - Radom|2+1","filter_turkey_vacation_jul18_2026","turcja","kemer","2026-07-21","2026-07-29","8.0","Warszawa,Warszawa-Radom,Warszawa - Modlin,Warszawa - Radom","2+1","37.0","3.0","3.0","9419.0","9463.0","9529.0","9639.0","10593.0","2.0","0.0","0.0","0.0","0.0","0.0","0.0","0.0","0.0","0.0","53.0","0.0","0.0","0.0","4.1","3.0","0.0"
"2026-06-14T13:00:44+0000","turcja|kemer|2026-07-21|2026-07-29|8|Warszawa,Warszawa-Radom,Warszawa - Modlin,Warszawa - Radom|2+1","filter_turkey_vacation_jul18_2026","turcja","kemer","2026-07-21","2026-07-29","8.0","Warszawa,Warszawa-Radom,Warszawa - Modlin,Warszawa - Radom","2+1","37.0","3.0","3.0","9419.0","9463.0","9529.0","9639.0","10593.0","2.0","0.0","0.0","0.0","0.0","0.0","0.0","0.0","0.0","0.0","55.0","-1.12","0.0","0.0","4.1","3.0","0.0"
"2026-06-14T13:34:55+0000","turcja|kemer|2026-07-21|2026-07-29|8|Warszawa,Warszawa-Radom,Warszawa - Modlin,Warszawa - Radom|2+1","filter_turkey_vacation_jul18_2026","turcja","kemer","2026-07-21","2026-07-29","8.0","Warszawa,Warszawa-Radom,Warszawa - Modlin,Warszawa - Radom","2+1","37.0","3.0","3.0","9419.0","9463.0","9529.0","9639.0","10593.0","2.0","0.0","0.0","0.0","0.0","0.0","0.0","0.0","0.0","0.0","56.0","-1.73","0.0","0.0","4.1","3.0","0.0"
"2026-06-14T14:36:32+0000","turcja|kemer|2026-07-21|2026-07-29|8|Warszawa,Warszawa-Radom,Warszawa - Modlin,Warszawa - Radom|2+1","filter_turkey_vacation_jul18_2026","turcja","kemer","2026-07-21","2026-07-29","8.0","Warszawa,Warszawa-Radom,Warszawa - Modlin,Warszawa - Radom","2+1","37.0","3.0","3.0","9419.0","9463.0","9529.0","9639.0","10593.0","2.0","0.0","0.0","0.0","0.0","0.0","0.0","0.0","0.0","0.0","58.0","-2.43","0.0","0.0","4.1","3.0","0.0"
"2026-06-14T13:00:44+0000","turcja|kemer|2026-07-21|2026-07-30|9|Warszawa,Warszawa-Radom,Warszawa - Modlin,Warszawa - Radom|2+1","filter_turkey_vacation_jul18_2026","turcja","kemer","2026-07-21","2026-07-30","9.0","Warszawa,Warszawa-Radom,Warszawa - Modlin,Warszawa - Radom","2+1","37.0","1.0","1.0","13026.0","13026.0","13026.0","13026.0","13026.0","0.0","0.0","0.0","0.0","0.0","0.0","0.0","0.0","0.0","0.0","0.0","0.0","0.0","0.0","4.7","1.0","0.0"
"2026-06-14T13:34:55+0000","turcja|kemer|2026-07-21|2026-07-30|9|Warszawa,Warszawa-Radom,Warszawa - Modlin,Warszawa - Radom|2+1","filter_turkey_vacation_jul18_2026","turcja","kemer","2026-07-21","2026-07-30","9.0","Warszawa,Warszawa-Radom,Warszawa - Modlin,Warszawa - Radom","2+1","37.0","1.0","1.0","13026.0","13026.0","13026.0","13026.0","13026.0","0.0","0.0","0.0","0.0","0.0","0.0","0.0","0.0","0.0","0.0","0.0","0.0","0.0","0.0","4.7","1.0","0.0"
"2026-06-14T14:36:32+0000","turcja|kemer|2026-07-21|2026-07-30|9|Warszawa,Warszawa-Radom,Warszawa - Modlin,Warszawa - Radom|2+1","filter_turkey_vacation_jul18_2026","turcja","kemer","2026-07-21","2026-07-30","9.0","Warszawa,Warszawa-Radom,Warszawa - Modlin,Warszawa - Radom","2+1","37.0","1.0","1.0","13026.0","13026.0","13026.0","13026.0","13026.0","0.0","0.0","0.0","0.0","0.0","0.0","0.0","0.0","0.0","0.0","0.0","0.0","0.0","0.0","4.7","1.0","0.0"
"2026-06-14T10:36:41+0000","turcja|kemer|2026-07-22|2026-07-29|7|Warszawa,Warszawa-Radom,Warszawa - Modlin,Warszawa - Radom|2+1","filter_turkey_vacation_jul18_2026","turcja","kemer","2026-07-22","2026-07-29","7.0","Warszawa,Warszawa-Radom,Warszawa - Modlin,Warszawa - Radom","2+1","38.0","2.0","2.0","11673.0","11749.6","11864.5","12056.0","12439.0","0.0","0.0","0.0","0.0","0.0","0.0","0.0","0.0","0.0","0.0","0.0","0.0","0.0","0.0","4.4","2.0","0.0"
"2026-06-14T10:36:41+0000","turcja|kemer|2026-07-22|2026-07-29|7|Warszawa,Warszawa-Radom,Warszawa - Modlin,Warszawa - Radom|2+1","filter_turkey_vacation_jul18_2026","turcja","kemer","2026-07-22","2026-07-29","7.0","Warszawa,Warszawa-Radom,Warszawa - Modlin,Warszawa - Radom","2+1","38.0","2.0","2.0","11673.0","11749.6","11864.5","12056.0","12439.0","0.0","0.0","0.0","0.0","0.0","0.0","0.0","0.0","0.0","0.0","0.0","0.0","0.0","0.0","4.4","2.0","0.0"
"2026-06-14T11:30:31+0000","turcja|kemer|2026-07-22|2026-07-29|7|Warszawa,Warszawa-Radom,Warszawa - Modlin,Warszawa - Radom|2+1","filter_turkey_vacation_jul18_2026","turcja","kemer","2026-07-22","2026-07-29","7.0","Warszawa,Warszawa-Radom,Warszawa - Modlin,Warszawa - Radom","2+1","38.0","2.0","2.0","11673.0","11749.6","11864.5","12056.0","12439.0","0.0","0.0","0.0","0.0","0.0","0.0","0.0","0.0","0.0","0.0","0.0","0.0","0.0","0.0","4.4","2.0","0.0"
"2026-06-14T11:49:03+0000","turcja|kemer|2026-07-22|2026-07-29|7|Warszawa,Warszawa-Radom,Warszawa - Modlin,Warszawa - Radom|2+1","filter_turkey_vacation_jul18_2026","turcja","kemer","2026-07-22","2026-07-29","7.0","Warszawa,Warszawa-Radom,Warszawa - Modlin,Warszawa - Radom","2+1","38.0","2.0","2.0","11673.0","11749.6","11864.5","12056.0","12439.0","0.0","0.0","0.0","0.0","0.0","0.0","0.0","0.0","0.0","0.0","0.0","0.0","0.0","0.0","4.4","2.0","0.0"
"2026-06-14T13:00:44+0000","turcja|kemer|2026-07-22|2026-07-29|7|Warszawa,Warszawa-Radom,Warszawa - Modlin,Warszawa - Radom|2+1","filter_turkey_vacation_jul18_2026","turcja","kemer","2026-07-22","2026-07-29","7.0","Warszawa,Warszawa-Radom,Warszawa - Modlin,Warszawa - Radom","2+1","38.0","2.0","2.0","11673.0","11749.6","11864.5","12056.0","12439.0","0.0","0.0","0.0","0.0","0.0","0.0","0.0","0.0","0.0","0.0","0.0","0.0","0.0","0.0","4.4","2.0","0.0"
"2026-06-14T13:34:55+0000","turcja|kemer|2026-07-22|2026-07-29|7|Warszawa,Warszawa-Radom,Warszawa - Modlin,Warszawa - Radom|2+1","filter_turkey_vacation_jul18_2026","turcja","kemer","2026-07-22","2026-07-29","7.0","Warszawa,Warszawa-Radom,Warszawa - Modlin,Warszawa - Radom","2+1","38.0","2.0","2.0","11673.0","11749.6","11864.5","12056.0","12439.0","0.0","0.0","0.0","0.0","0.0","0.0","0.0","0.0","0.0","0.0","0.0","0.0","0.0","0.0","4.4","2.0","0.0"
"2026-06-14T14:36:32+0000","turcja|kemer|2026-07-22|2026-07-29|7|Warszawa,Warszawa-Radom,Warszawa - Modlin,Warszawa - Radom|2+1","filter_turkey_vacation_jul18_2026","turcja","kemer","2026-07-22","2026-07-29","7.0","Warszawa,Warszawa-Radom,Warszawa - Modlin,Warszawa - Radom","2+1","38.0","2.0","2.0","11673.0","11749.6","11864.5","12056.0","12439.0","0.0","0.0","0.0","0.0","0.0","0.0","0.0","0.0","0.0","0.0","0.0","0.0","0.0","0.0","4.4","2.0","0.0"
"2026-06-14T10:36:41+0000","turcja|kemer|2026-07-23|2026-07-30|7|Warszawa,Warszawa-Radom,Warszawa - Modlin,Warszawa - Radom|2+1","filter_turkey_vacation_jul18_2026","turcja","kemer","2026-07-23","2026-07-30","7.0","Warszawa,Warszawa-Radom,Warszawa - Modlin,Warszawa - Radom","2+1","39.0","2.0","2.0","9397.0","9535.1","9742.25","10087.5","10778.0","1.0","0.0","0.0","0.0","0.0","0.0","0.0","0.0","0.0","0.0","0.0","0.0","0.0","0.0","4.35","2.0","0.0"
"2026-06-14T10:36:41+0000","turcja|kemer|2026-07-23|2026-07-30|7|Warszawa,Warszawa-Radom,Warszawa - Modlin,Warszawa - Radom|2+1","filter_turkey_vacation_jul18_2026","turcja","kemer","2026-07-23","2026-07-30","7.0","Warszawa,Warszawa-Radom,Warszawa - Modlin,Warszawa - Radom","2+1","39.0","2.0","2.0","9397.0","9535.1","9742.25","10087.5","10778.0","1.0","0.0","0.0","0.0","0.0","0.0","0.0","0.0","0.0","0.0","0.0","0.0","0.0","0.0","4.35","2.0","0.0"
"2026-06-14T11:30:31+0000","turcja|kemer|2026-07-23|2026-07-30|7|Warszawa,Warszawa-Radom,Warszawa - Modlin,Warszawa - Radom|2+1","filter_turkey_vacation_jul18_2026","turcja","kemer","2026-07-23","2026-07-30","7.0","Warszawa,Warszawa-Radom,Warszawa - Modlin,Warszawa - Radom","2+1","39.0","2.0","2.0","9397.0","9535.1","9742.25","10087.5","10778.0","1.0","0.0","0.0","0.0","0.0","0.0","0.0","0.0","0.0","0.0","0.0","0.0","0.0","0.0","4.35","2.0","0.0"
"2026-06-14T11:49:03+0000","turcja|kemer|2026-07-23|2026-07-30|7|Warszawa,Warszawa-Radom,Warszawa - Modlin,Warszawa - Radom|2+1","filter_turkey_vacation_jul18_2026","turcja","kemer","2026-07-23","2026-07-30","7.0","Warszawa,Warszawa-Radom,Warszawa - Modlin,Warszawa - Radom","2+1","39.0","2.0","2.0","9397.0","9535.1","9742.25","10087.5","10778.0","1.0","0.0","0.0","0.0","0.0","0.0","0.0","0.0","0.0","0.0","0.0","0.0","0.0","0.0","4.35","2.0","0.0"
"2026-06-14T13:00:44+0000","turcja|kemer|2026-07-23|2026-07-30|7|Warszawa,Warszawa-Radom,Warszawa - Modlin,Warszawa - Radom|2+1","filter_turkey_vacation_jul18_2026","turcja","kemer","2026-07-23","2026-07-30","7.0","Warszawa,Warszawa-Radom,Warszawa - Modlin,Warszawa - Radom","2+1","39.0","4.0","4.0","9397.0","9811.3","10432.75","11037.5","11897.0","1.0","0.0","0.0","0.0","0.0","0.0","0.0","0.0","0.0","0.0","57.0","-5.04","0.0","0.0","4.3","4.0","0.0"
"2026-06-14T13:34:55+0000","turcja|kemer|2026-07-23|2026-07-30|7|Warszawa,Warszawa-Radom,Warszawa - Modlin,Warszawa - Radom|2+1","filter_turkey_vacation_jul18_2026","turcja","kemer","2026-07-23","2026-07-30","7.0","Warszawa,Warszawa-Radom,Warszawa - Modlin,Warszawa - Radom","2+1","39.0","4.0","4.0","9397.0","9811.3","10432.75","11037.5","11897.0","1.0","0.0","0.0","0.0","0.0","0.0","0.0","0.0","0.0","0.0","59.0","-6.45","0.0","0.0","4.3","4.0","0.0"
"2026-06-14T14:36:32+0000","turcja|kemer|2026-07-23|2026-07-30|7|Warszawa,Warszawa-Radom,Warszawa - Modlin,Warszawa - Radom|2+1","filter_turkey_vacation_jul18_2026","turcja","kemer","2026-07-23","2026-07-30","7.0","Warszawa,Warszawa-Radom,Warszawa - Modlin,Warszawa - Radom","2+1","39.0","4.0","4.0","9397.0","9811.3","10432.75","11037.5","11897.0","1.0","0.0","0.0","0.0","0.0","0.0","0.0","0.0","0.0","0.0","61.0","-8.25","0.0","0.0","4.3","4.0","0.0"
"2026-06-14T13:00:44+0000","turcja|kemer|2026-07-23|2026-08-01|9|Warszawa,Warszawa-Radom,Warszawa - Modlin,Warszawa - Radom|2+1","filter_turkey_vacation_jul18_2026","turcja","kemer","2026-07-23","2026-08-01","9.0","Warszawa,Warszawa-Radom,Warszawa - Modlin,Warszawa - Radom","2+1","39.0","6.0","6.0","10683.0","10816.0","11120.0","12976.0","15516.0","0.0","0.0","0.0","0.0","0.0","0.0","0.0","0.0","0.0","0.0","49.0","14.86","0.0","0.0","4.2","6.0","0.0"
"2026-06-14T13:34:55+0000","turcja|kemer|2026-07-23|2026-08-01|9|Warszawa,Warszawa-Radom,Warszawa - Modlin,Warszawa - Radom|2+1","filter_turkey_vacation_jul18_2026","turcja","kemer","2026-07-23","2026-08-01","9.0","Warszawa,Warszawa-Radom,Warszawa - Modlin,Warszawa - Radom","2+1","39.0","6.0","6.0","10683.0","10816.0","11120.0","12976.0","15516.0","0.0","0.0","0.0","0.0","0.0","0.0","0.0","0.0","0.0","0.0","52.0","2.15","0.0","0.0","4.2","6.0","0.0"
"2026-06-14T14:36:32+0000","turcja|kemer|2026-07-23|2026-08-01|9|Warszawa,Warszawa-Radom,Warszawa - Modlin,Warszawa - Radom|2+1","filter_turkey_vacation_jul18_2026","turcja","kemer","2026-07-23","2026-08-01","9.0","Warszawa,Warszawa-Radom,Warszawa - Modlin,Warszawa - Radom","2+1","39.0","5.0","5.0","10683.0","10789.4","10949.0","11633.0","14742.0","0.0","0.0","0.0","0.0","0.0","0.0","0.0","0.0","0.0","0.0","52.0","2.15","0.0","0.0","4.0","5.0","0.0"
"2026-06-14T14:36:32+0000","turcja|kemer|2026-07-25|2026-08-01|7|Warszawa,Warszawa-Radom,Warszawa - Modlin,Warszawa - Radom|2+1","filter_turkey_vacation_jul18_2026","turcja","kemer","2026-07-25","2026-08-01","7.0","Warszawa,Warszawa-Radom,Warszawa - Modlin,Warszawa - Radom","2+1","41.0","1.0","1.0","10383.0","10383.0","10383.0","10383.0","10383.0","0.0","0.0","0.0","0.0","0.0","0.0","0.0","0.0","0.0","0.0","0.0","0.0","0.0","0.0","4.7","1.0","0.0"
"2026-06-14T13:00:44+0000","turcja|kemer|2026-07-25|2026-08-03|9|Warszawa,Warszawa-Radom,Warszawa - Modlin,Warszawa - Radom|2+1","filter_turkey_vacation_jul18_2026","turcja","kemer","2026-07-25","2026-08-03","9.0","Warszawa,Warszawa-Radom,Warszawa - Modlin,Warszawa - Radom","2+1","41.0","11.0","11.0","10958.0","10972.0","11773.5","12582.0","14910.0","0.0","0.0","0.0","0.0","0.0","0.0","0.0","0.0","0.0","0.0","50.0","15.01","0.0","0.0","4.4","11.0","0.0"
"2026-06-14T13:34:55+0000","turcja|kemer|2026-07-25|2026-08-03|9|Warszawa,Warszawa-Radom,Warszawa - Modlin,Warszawa - Radom|2+1","filter_turkey_vacation_jul18_2026","turcja","kemer","2026-07-25","2026-08-03","9.0","Warszawa,Warszawa-Radom,Warszawa - Modlin,Warszawa - Radom","2+1","41.0","11.0","11.0","10958.0","10972.0","11773.5","12582.0","14910.0","0.0","0.0","0.0","0.0","0.0","0.0","0.0","0.0","0.0","0.0","50.0","9.49","0.0","0.0","4.4","11.0","0.0"
"2026-06-14T14:36:32+0000","turcja|kemer|2026-07-25|2026-08-03|9|Warszawa,Warszawa-Radom,Warszawa - Modlin,Warszawa - Radom|2+1","filter_turkey_vacation_jul18_2026","turcja","kemer","2026-07-25","2026-08-03","9.0","Warszawa,Warszawa-Radom,Warszawa - Modlin,Warszawa - Radom","2+1","41.0","11.0","11.0","10958.0","10972.0","11773.5","12582.0","14910.0","0.0","0.0","0.0","0.0","0.0","0.0","0.0","0.0","0.0","0.0","49.0","7.9","0.0","0.0","4.4","11.0","0.0"
"2026-06-14T10:36:41+0000","turcja|kusadasi|2026-07-21|2026-07-29|7|Warszawa,Warszawa-Radom,Warszawa - Modlin,Warszawa - Radom|2+1","filter_turkey_vacation_jul18_2026","turcja","kusadasi","2026-07-21","2026-07-29","7.0","Warszawa,Warszawa-Radom,Warszawa - Modlin,Warszawa - Radom","2+1","37.0","1.0","1.0","11897.0","11897.0","11897.0","11897.0","11897.0","0.0","0.0","0.0","0.0","0.0","0.0","0.0","0.0","0.0","0.0","0.0","0.0","0.0","0.0","4.2","1.0","0.0"
"2026-06-14T10:36:41+0000","turcja|kusadasi|2026-07-21|2026-07-29|7|Warszawa,Warszawa-Radom,Warszawa - Modlin,Warszawa - Radom|2+1","filter_turkey_vacation_jul18_2026","turcja","kusadasi","2026-07-21","2026-07-29","7.0","Warszawa,Warszawa-Radom,Warszawa - Modlin,Warszawa - Radom","2+1","37.0","1.0","1.0","11897.0","11897.0","11897.0","11897.0","11897.0","0.0","0.0","0.0","0.0","0.0","0.0","0.0","0.0","0.0","0.0","0.0","0.0","0.0","0.0","4.2","1.0","0.0"
"2026-06-14T11:30:31+0000","turcja|kusadasi|2026-07-21|2026-07-29|7|Warszawa,Warszawa-Radom,Warszawa - Modlin,Warszawa - Radom|2+1","filter_turkey_vacation_jul18_2026","turcja","kusadasi","2026-07-21","2026-07-29","7.0","Warszawa,Warszawa-Radom,Warszawa - Modlin,Warszawa - Radom","2+1","37.0","1.0","1.0","11897.0","11897.0","11897.0","11897.0","11897.0","0.0","0.0","0.0","0.0","0.0","0.0","0.0","0.0","0.0","0.0","0.0","0.0","0.0","0.0","4.2","1.0","0.0"
"2026-06-14T11:49:03+0000","turcja|kusadasi|2026-07-21|2026-07-29|7|Warszawa,Warszawa-Radom,Warszawa - Modlin,Warszawa - Radom|2+1","filter_turkey_vacation_jul18_2026","turcja","kusadasi","2026-07-21","2026-07-29","7.0","Warszawa,Warszawa-Radom,Warszawa - Modlin,Warszawa - Radom","2+1","37.0","1.0","1.0","11897.0","11897.0","11897.0","11897.0","11897.0","0.0","0.0","0.0","0.0","0.0","0.0","0.0","0.0","0.0","0.0","0.0","0.0","0.0","0.0","4.2","1.0","0.0"
"2026-06-14T13:00:44+0000","turcja|kusadasi|2026-07-21|2026-07-29|7|Warszawa,Warszawa-Radom,Warszawa - Modlin,Warszawa - Radom|2+1","filter_turkey_vacation_jul18_2026","turcja","kusadasi","2026-07-21","2026-07-29","7.0","Warszawa,Warszawa-Radom,Warszawa - Modlin,Warszawa - Radom","2+1","37.0","1.0","1.0","11897.0","11897.0","11897.0","11897.0","11897.0","0.0","0.0","0.0","0.0","0.0","0.0","0.0","0.0","0.0","0.0","0.0","0.0","0.0","0.0","4.2","1.0","0.0"
"2026-06-14T13:34:55+0000","turcja|kusadasi|2026-07-21|2026-07-29|7|Warszawa,Warszawa-Radom,Warszawa - Modlin,Warszawa - Radom|2+1","filter_turkey_vacation_jul18_2026","turcja","kusadasi","2026-07-21","2026-07-29","7.0","Warszawa,Warszawa-Radom,Warszawa - Modlin,Warszawa - Radom","2+1","37.0","1.0","1.0","11897.0","11897.0","11897.0","11897.0","11897.0","0.0","0.0","0.0","0.0","0.0","0.0","0.0","0.0","0.0","0.0","0.0","0.0","0.0","0.0","4.2","1.0","0.0"
"2026-06-14T14:36:32+0000","turcja|kusadasi|2026-07-21|2026-07-29|7|Warszawa,Warszawa-Radom,Warszawa - Modlin,Warszawa - Radom|2+1","filter_turkey_vacation_jul18_2026","turcja","kusadasi","2026-07-21","2026-07-29","7.0","Warszawa,Warszawa-Radom,Warszawa - Modlin,Warszawa - Radom","2+1","37.0","1.0","1.0","11897.0","11897.0","11897.0","11897.0","11897.0","0.0","0.0","0.0","0.0","0.0","0.0","0.0","0.0","0.0","0.0","0.0","0.0","0.0","0.0","4.2","1.0","0.0"
"2026-06-14T10:36:41+0000","turcja|kusadasi|2026-07-22|2026-07-29|7|Warszawa,Warszawa-Radom,Warszawa - Modlin,Warszawa - Radom|2+1","filter_turkey_vacation_jul18_2026","turcja","kusadasi","2026-07-22","2026-07-29","7.0","Warszawa,Warszawa-Radom,Warszawa - Modlin,Warszawa - Radom","2+1","38.0","2.0","2.0","8411.0","8461.8","8538.0","8665.0","8919.0","2.0","0.0","0.0","0.0","0.0","0.0","0.0","0.0","0.0","0.0","0.0","0.0","0.0","0.0","3.95","2.0","0.0"
"2026-06-14T10:36:41+0000","turcja|kusadasi|2026-07-22|2026-07-29|7|Warszawa,Warszawa-Radom,Warszawa - Modlin,Warszawa - Radom|2+1","filter_turkey_vacation_jul18_2026","turcja","kusadasi","2026-07-22","2026-07-29","7.0","Warszawa,Warszawa-Radom,Warszawa - Modlin,Warszawa - Radom","2+1","38.0","2.0","2.0","8411.0","8461.8","8538.0","8665.0","8919.0","2.0","0.0","0.0","0.0","0.0","0.0","0.0","0.0","0.0","0.0","0.0","0.0","0.0","0.0","3.95","2.0","0.0"
"2026-06-14T11:30:31+0000","turcja|kusadasi|2026-07-22|2026-07-29|7|Warszawa,Warszawa-Radom,Warszawa - Modlin,Warszawa - Radom|2+1","filter_turkey_vacation_jul18_2026","turcja","kusadasi","2026-07-22","2026-07-29","7.0","Warszawa,Warszawa-Radom,Warszawa - Modlin,Warszawa - Radom","2+1","38.0","2.0","2.0","8411.0","8461.8","8538.0","8665.0","8919.0","2.0","0.0","0.0","0.0","0.0","0.0","0.0","0.0","0.0","0.0","0.0","0.0","0.0","0.0","3.95","2.0","0.0"
"2026-06-14T11:49:03+0000","turcja|kusadasi|2026-07-22|2026-07-29|7|Warszawa,Warszawa-Radom,Warszawa - Modlin,Warszawa - Radom|2+1","filter_turkey_vacation_jul18_2026","turcja","kusadasi","2026-07-22","2026-07-29","7.0","Warszawa,Warszawa-Radom,Warszawa - Modlin,Warszawa - Radom","2+1","38.0","2.0","2.0","8411.0","8461.8","8538.0","8665.0","8919.0","2.0","0.0","0.0","0.0","0.0","0.0","0.0","0.0","0.0","0.0","0.0","0.0","0.0","0.0","3.95","2.0","0.0"
"2026-06-14T13:00:44+0000","turcja|kusadasi|2026-07-22|2026-07-29|7|Warszawa,Warszawa-Radom,Warszawa - Modlin,Warszawa - Radom|2+1","filter_turkey_vacation_jul18_2026","turcja","kusadasi","2026-07-22","2026-07-29","7.0","Warszawa,Warszawa-Radom,Warszawa - Modlin,Warszawa - Radom","2+1","38.0","2.0","2.0","8411.0","8461.8","8538.0","8665.0","8919.0","2.0","0.0","0.0","0.0","0.0","0.0","0.0","0.0","0.0","0.0","0.0","0.0","0.0","0.0","3.95","2.0","0.0"
"2026-06-14T13:34:55+0000","turcja|kusadasi|2026-07-22|2026-07-29|7|Warszawa,Warszawa-Radom,Warszawa - Modlin,Warszawa - Radom|2+1","filter_turkey_vacation_jul18_2026","turcja","kusadasi","2026-07-22","2026-07-29","7.0","Warszawa,Warszawa-Radom,Warszawa - Modlin,Warszawa - Radom","2+1","38.0","2.0","2.0","8411.0","8461.8","8538.0","8665.0","8919.0","2.0","0.0","0.0","0.0","0.0","0.0","0.0","0.0","0.0","0.0","0.0","0.0","0.0","0.0","3.95","2.0","0.0"
"2026-06-14T14:36:32+0000","turcja|kusadasi|2026-07-22|2026-07-29|7|Warszawa,Warszawa-Radom,Warszawa - Modlin,Warszawa - Radom|2+1","filter_turkey_vacation_jul18_2026","turcja","kusadasi","2026-07-22","2026-07-29","7.0","Warszawa,Warszawa-Radom,Warszawa - Modlin,Warszawa - Radom","2+1","38.0","2.0","2.0","8411.0","8461.8","8538.0","8665.0","8919.0","2.0","0.0","0.0","0.0","0.0","0.0","0.0","0.0","0.0","0.0","0.0","0.0","0.0","0.0","3.95","2.0","0.0"
"2026-06-14T10:36:41+0000","turcja|kusadasi|2026-07-24|2026-07-31|7|Warszawa,Warszawa-Radom,Warszawa - Modlin,Warszawa - Radom|2+1","filter_turkey_vacation_jul18_2026","turcja","kusadasi","2026-07-24","2026-07-31","7.0","Warszawa,Warszawa-Radom,Warszawa - Modlin,Warszawa - Radom","2+1","40.0","1.0","1.0","10284.0","10284.0","10284.0","10284.0","10284.0","0.0","0.0","0.0","0.0","0.0","0.0","0.0","0.0","0.0","0.0","0.0","0.0","0.0","0.0","4.2","1.0","0.0"
"2026-06-14T10:36:41+0000","turcja|kusadasi|2026-07-24|2026-07-31|7|Warszawa,Warszawa-Radom,Warszawa - Modlin,Warszawa - Radom|2+1","filter_turkey_vacation_jul18_2026","turcja","kusadasi","2026-07-24","2026-07-31","7.0","Warszawa,Warszawa-Radom,Warszawa - Modlin,Warszawa - Radom","2+1","40.0","1.0","1.0","10284.0","10284.0","10284.0","10284.0","10284.0","0.0","0.0","0.0","0.0","0.0","0.0","0.0","0.0","0.0","0.0","0.0","0.0","0.0","0.0","4.2","1.0","0.0"
"2026-06-14T11:30:31+0000","turcja|kusadasi|2026-07-24|2026-07-31|7|Warszawa,Warszawa-Radom,Warszawa - Modlin,Warszawa - Radom|2+1","filter_turkey_vacation_jul18_2026","turcja","kusadasi","2026-07-24","2026-07-31","7.0","Warszawa,Warszawa-Radom,Warszawa - Modlin,Warszawa - Radom","2+1","40.0","1.0","1.0","10284.0","10284.0","10284.0","10284.0","10284.0","0.0","0.0","0.0","0.0","0.0","0.0","0.0","0.0","0.0","0.0","0.0","0.0","0.0","0.0","4.2","1.0","0.0"
"2026-06-14T11:49:03+0000","turcja|kusadasi|2026-07-24|2026-07-31|7|Warszawa,Warszawa-Radom,Warszawa - Modlin,Warszawa - Radom|2+1","filter_turkey_vacation_jul18_2026","turcja","kusadasi","2026-07-24","2026-07-31","7.0","Warszawa,Warszawa-Radom,Warszawa - Modlin,Warszawa - Radom","2+1","40.0","1.0","1.0","10284.0","10284.0","10284.0","10284.0","10284.0","0.0","0.0","0.0","0.0","0.0","0.0","0.0","0.0","0.0","0.0","0.0","0.0","0.0","0.0","4.2","1.0","0.0"
"2026-06-14T13:00:44+0000","turcja|kusadasi|2026-07-24|2026-07-31|7|Warszawa,Warszawa-Radom,Warszawa - Modlin,Warszawa - Radom|2+1","filter_turkey_vacation_jul18_2026","turcja","kusadasi","2026-07-24","2026-07-31","7.0","Warszawa,Warszawa-Radom,Warszawa - Modlin,Warszawa - Radom","2+1","40.0","1.0","1.0","10284.0","10284.0","10284.0","10284.0","10284.0","0.0","0.0","0.0","0.0","0.0","0.0","0.0","0.0","0.0","0.0","0.0","0.0","0.0","0.0","4.2","1.0","0.0"
"2026-06-14T13:34:55+0000","turcja|kusadasi|2026-07-24|2026-07-31|7|Warszawa,Warszawa-Radom,Warszawa - Modlin,Warszawa - Radom|2+1","filter_turkey_vacation_jul18_2026","turcja","kusadasi","2026-07-24","2026-07-31","7.0","Warszawa,Warszawa-Radom,Warszawa - Modlin,Warszawa - Radom","2+1","40.0","1.0","1.0","10284.0","10284.0","10284.0","10284.0","10284.0","0.0","0.0","0.0","0.0","0.0","0.0","0.0","0.0","0.0","0.0","0.0","0.0","0.0","0.0","4.2","1.0","0.0"
"2026-06-14T14:36:32+0000","turcja|kusadasi|2026-07-24|2026-07-31|7|Warszawa,Warszawa-Radom,Warszawa - Modlin,Warszawa - Radom|2+1","filter_turkey_vacation_jul18_2026","turcja","kusadasi","2026-07-24","2026-07-31","7.0","Warszawa,Warszawa-Radom,Warszawa - Modlin,Warszawa - Radom","2+1","40.0","1.0","1.0","10284.0","10284.0","10284.0","10284.0","10284.0","0.0","0.0","0.0","0.0","0.0","0.0","0.0","0.0","0.0","0.0","0.0","0.0","0.0","0.0","4.2","1.0","0.0"
"2026-06-14T10:36:41+0000","turcja|marmaris|2026-07-20|2026-07-27|7|Warszawa,Warszawa-Radom,Warszawa - Modlin,Warszawa - Radom|2+1","filter_turkey_vacation_jul18_2026","turcja","marmaris","2026-07-20","2026-07-27","7.0","Warszawa,Warszawa-Radom,Warszawa - Modlin,Warszawa - Radom","2+1","36.0","1.0","1.0","11898.0","11898.0","11898.0","11898.0","11898.0","0.0","0.0","0.0","0.0","0.0","0.0","0.0","0.0","0.0","0.0","0.0","0.0","0.0","0.0","4.2","1.0","0.0"
"2026-06-14T10:36:41+0000","turcja|marmaris|2026-07-20|2026-07-27|7|Warszawa,Warszawa-Radom,Warszawa - Modlin,Warszawa - Radom|2+1","filter_turkey_vacation_jul18_2026","turcja","marmaris","2026-07-20","2026-07-27","7.0","Warszawa,Warszawa-Radom,Warszawa - Modlin,Warszawa - Radom","2+1","36.0","1.0","1.0","11898.0","11898.0","11898.0","11898.0","11898.0","0.0","0.0","0.0","0.0","0.0","0.0","0.0","0.0","0.0","0.0","0.0","0.0","0.0","0.0","4.2","1.0","0.0"
"2026-06-14T11:30:31+0000","turcja|marmaris|2026-07-20|2026-07-27|7|Warszawa,Warszawa-Radom,Warszawa - Modlin,Warszawa - Radom|2+1","filter_turkey_vacation_jul18_2026","turcja","marmaris","2026-07-20","2026-07-27","7.0","Warszawa,Warszawa-Radom,Warszawa - Modlin,Warszawa - Radom","2+1","36.0","1.0","1.0","11898.0","11898.0","11898.0","11898.0","11898.0","0.0","0.0","0.0","0.0","0.0","0.0","0.0","0.0","0.0","0.0","0.0","0.0","0.0","0.0","4.2","1.0","0.0"
"2026-06-14T11:49:03+0000","turcja|marmaris|2026-07-20|2026-07-27|7|Warszawa,Warszawa-Radom,Warszawa - Modlin,Warszawa - Radom|2+1","filter_turkey_vacation_jul18_2026","turcja","marmaris","2026-07-20","2026-07-27","7.0","Warszawa,Warszawa-Radom,Warszawa - Modlin,Warszawa - Radom","2+1","36.0","1.0","1.0","11898.0","11898.0","11898.0","11898.0","11898.0","0.0","0.0","0.0","0.0","0.0","0.0","0.0","0.0","0.0","0.0","0.0","0.0","0.0","0.0","4.2","1.0","0.0"
"2026-06-14T13:00:44+0000","turcja|marmaris|2026-07-20|2026-07-27|7|Warszawa,Warszawa-Radom,Warszawa - Modlin,Warszawa - Radom|2+1","filter_turkey_vacation_jul18_2026","turcja","marmaris","2026-07-20","2026-07-27","7.0","Warszawa,Warszawa-Radom,Warszawa - Modlin,Warszawa - Radom","2+1","36.0","1.0","1.0","11898.0","11898.0","11898.0","11898.0","11898.0","0.0","0.0","0.0","0.0","0.0","0.0","0.0","0.0","0.0","0.0","0.0","0.0","0.0","0.0","4.2","1.0","0.0"
"2026-06-14T13:34:55+0000","turcja|marmaris|2026-07-20|2026-07-27|7|Warszawa,Warszawa-Radom,Warszawa - Modlin,Warszawa - Radom|2+1","filter_turkey_vacation_jul18_2026","turcja","marmaris","2026-07-20","2026-07-27","7.0","Warszawa,Warszawa-Radom,Warszawa - Modlin,Warszawa - Radom","2+1","36.0","1.0","1.0","11898.0","11898.0","11898.0","11898.0","11898.0","0.0","0.0","0.0","0.0","0.0","0.0","0.0","0.0","0.0","0.0","0.0","0.0","0.0","0.0","4.2","1.0","0.0"
"2026-06-14T14:36:32+0000","turcja|marmaris|2026-07-20|2026-07-27|7|Warszawa,Warszawa-Radom,Warszawa - Modlin,Warszawa - Radom|2+1","filter_turkey_vacation_jul18_2026","turcja","marmaris","2026-07-20","2026-07-27","7.0","Warszawa,Warszawa-Radom,Warszawa - Modlin,Warszawa - Radom","2+1","36.0","1.0","1.0","11898.0","11898.0","11898.0","11898.0","11898.0","0.0","0.0","0.0","0.0","0.0","0.0","0.0","0.0","0.0","0.0","0.0","0.0","0.0","0.0","4.2","1.0","0.0"
"2026-06-14T13:00:44+0000","turcja|marmaris|2026-07-20|2026-07-31|11|Warszawa,Warszawa-Radom,Warszawa - Modlin,Warszawa - Radom|2+1","filter_turkey_vacation_jul18_2026","turcja","marmaris","2026-07-20","2026-07-31","11.0","Warszawa,Warszawa-Radom,Warszawa - Modlin,Warszawa - Radom","2+1","36.0","1.0","1.0","13664.0","13664.0","13664.0","13664.0","13664.0","0.0","0.0","0.0","0.0","0.0","0.0","0.0","0.0","0.0","0.0","0.0","0.0","0.0","0.0","4.4","1.0","0.0"
"2026-06-14T13:34:55+0000","turcja|marmaris|2026-07-20|2026-07-31|11|Warszawa,Warszawa-Radom,Warszawa - Modlin,Warszawa - Radom|2+1","filter_turkey_vacation_jul18_2026","turcja","marmaris","2026-07-20","2026-07-31","11.0","Warszawa,Warszawa-Radom,Warszawa - Modlin,Warszawa - Radom","2+1","36.0","1.0","1.0","13664.0","13664.0","13664.0","13664.0","13664.0","0.0","0.0","0.0","0.0","0.0","0.0","0.0","0.0","0.0","0.0","0.0","0.0","0.0","0.0","4.4","1.0","0.0"
"2026-06-14T14:36:32+0000","turcja|marmaris|2026-07-20|2026-07-31|11|Warszawa,Warszawa-Radom,Warszawa - Modlin,Warszawa - Radom|2+1","filter_turkey_vacation_jul18_2026","turcja","marmaris","2026-07-20","2026-07-31","11.0","Warszawa,Warszawa-Radom,Warszawa - Modlin,Warszawa - Radom","2+1","36.0","1.0","1.0","13664.0","13664.0","13664.0","13664.0","13664.0","0.0","0.0","0.0","0.0","0.0","0.0","0.0","0.0","0.0","0.0","0.0","0.0","0.0","0.0","4.4","1.0","0.0"
"2026-06-14T10:36:41+0000","turcja|marmaris|2026-07-22|2026-07-29|7|Warszawa,Warszawa-Radom,Warszawa - Modlin,Warszawa - Radom|2+1","filter_turkey_vacation_jul18_2026","turcja","marmaris","2026-07-22","2026-07-29","7.0","Warszawa,Warszawa-Radom,Warszawa - Modlin,Warszawa - Radom","2+1","38.0","4.0","4.0","8811.0","8902.8","9040.5","9578.5","10211.0","2.0","0.0","0.0","0.0","0.0","0.0","0.0","0.0","0.0","0.0","0.0","0.0","0.0","0.0","4.25","4.0","0.0"
"2026-06-14T10:36:41+0000","turcja|marmaris|2026-07-22|2026-07-29|7|Warszawa,Warszawa-Radom,Warszawa - Modlin,Warszawa - Radom|2+1","filter_turkey_vacation_jul18_2026","turcja","marmaris","2026-07-22","2026-07-29","7.0","Warszawa,Warszawa-Radom,Warszawa - Modlin,Warszawa - Radom","2+1","38.0","4.0","4.0","8811.0","8902.8","9040.5","9578.5","10211.0","2.0","0.0","0.0","0.0","0.0","0.0","0.0","0.0","0.0","0.0","0.0","0.0","0.0","0.0","4.25","4.0","0.0"
"2026-06-14T11:30:31+0000","turcja|marmaris|2026-07-22|2026-07-29|7|Warszawa,Warszawa-Radom,Warszawa - Modlin,Warszawa - Radom|2+1","filter_turkey_vacation_jul18_2026","turcja","marmaris","2026-07-22","2026-07-29","7.0","Warszawa,Warszawa-Radom,Warszawa - Modlin,Warszawa - Radom","2+1","38.0","4.0","4.0","8811.0","8902.8","9040.5","9578.5","10211.0","2.0","0.0","0.0","0.0","0.0","0.0","0.0","0.0","0.0","0.0","55.0","0.0","0.0","0.0","4.25","4.0","0.0"
"2026-06-14T11:49:03+0000","turcja|marmaris|2026-07-22|2026-07-29|7|Warszawa,Warszawa-Radom,Warszawa - Modlin,Warszawa - Radom|2+1","filter_turkey_vacation_jul18_2026","turcja","marmaris","2026-07-22","2026-07-29","7.0","Warszawa,Warszawa-Radom,Warszawa - Modlin,Warszawa - Radom","2+1","38.0","4.0","4.0","8811.0","8902.8","9040.5","9578.5","10211.0","2.0","0.0","0.0","0.0","0.0","0.0","0.0","0.0","0.0","0.0","55.0","0.0","0.0","0.0","4.25","4.0","0.0"
"2026-06-14T13:00:44+0000","turcja|marmaris|2026-07-22|2026-07-29|7|Warszawa,Warszawa-Radom,Warszawa - Modlin,Warszawa - Radom|2+1","filter_turkey_vacation_jul18_2026","turcja","marmaris","2026-07-22","2026-07-29","7.0","Warszawa,Warszawa-Radom,Warszawa - Modlin,Warszawa - Radom","2+1","38.0","4.0","4.0","8811.0","8902.8","9040.5","9578.5","10211.0","2.0","0.0","0.0","0.0","0.0","0.0","0.0","0.0","0.0","0.0","57.0","-1.98","0.0","0.0","4.25","4.0","0.0"
"2026-06-14T13:34:55+0000","turcja|marmaris|2026-07-22|2026-07-29|7|Warszawa,Warszawa-Radom,Warszawa - Modlin,Warszawa - Radom|2+1","filter_turkey_vacation_jul18_2026","turcja","marmaris","2026-07-22","2026-07-29","7.0","Warszawa,Warszawa-Radom,Warszawa - Modlin,Warszawa - Radom","2+1","38.0","4.0","4.0","8811.0","8902.8","9040.5","9578.5","10211.0","2.0","0.0","0.0","0.0","0.0","0.0","0.0","0.0","0.0","0.0","59.0","-2.94","0.0","0.0","4.25","4.0","0.0"
"2026-06-14T14:36:32+0000","turcja|marmaris|2026-07-22|2026-07-29|7|Warszawa,Warszawa-Radom,Warszawa - Modlin,Warszawa - Radom|2+1","filter_turkey_vacation_jul18_2026","turcja","marmaris","2026-07-22","2026-07-29","7.0","Warszawa,Warszawa-Radom,Warszawa - Modlin,Warszawa - Radom","2+1","38.0","4.0","4.0","8811.0","8902.8","9040.5","9578.5","10211.0","2.0","0.0","0.0","0.0","0.0","0.0","0.0","0.0","0.0","0.0","61.0","-3.98","0.0","1.0","4.25","4.0","0.0"
"2026-06-14T11:49:03+0000","turcja|marmaris|2026-07-24|2026-07-31|7|Warszawa,Warszawa-Radom,Warszawa - Modlin,Warszawa - Radom|2+1","filter_turkey_vacation_jul18_2026","turcja","marmaris","2026-07-24","2026-07-31","7.0","Warszawa,Warszawa-Radom,Warszawa - Modlin,Warszawa - Radom","2+1","40.0","1.0","1.0","12292.0","12292.0","12292.0","12292.0","12292.0","0.0","0.0","0.0","0.0","0.0","0.0","0.0","0.0","0.0","0.0","0.0","0.0","0.0","0.0","4.3","1.0","0.0"
"2026-06-14T13:00:44+0000","turcja|marmaris|2026-07-24|2026-07-31|7|Warszawa,Warszawa-Radom,Warszawa - Modlin,Warszawa - Radom|2+1","filter_turkey_vacation_jul18_2026","turcja","marmaris","2026-07-24","2026-07-31","7.0","Warszawa,Warszawa-Radom,Warszawa - Modlin,Warszawa - Radom","2+1","40.0","1.0","1.0","12292.0","12292.0","12292.0","12292.0","12292.0","0.0","0.0","0.0","0.0","0.0","0.0","0.0","0.0","0.0","0.0","0.0","0.0","0.0","0.0","4.3","1.0","0.0"
"2026-06-14T13:34:55+0000","turcja|marmaris|2026-07-24|2026-07-31|7|Warszawa,Warszawa-Radom,Warszawa - Modlin,Warszawa - Radom|2+1","filter_turkey_vacation_jul18_2026","turcja","marmaris","2026-07-24","2026-07-31","7.0","Warszawa,Warszawa-Radom,Warszawa - Modlin,Warszawa - Radom","2+1","40.0","1.0","1.0","12292.0","12292.0","12292.0","12292.0","12292.0","0.0","0.0","0.0","0.0","0.0","0.0","0.0","0.0","0.0","0.0","0.0","0.0","0.0","0.0","4.3","1.0","0.0"
"2026-06-14T14:36:32+0000","turcja|marmaris|2026-07-24|2026-07-31|7|Warszawa,Warszawa-Radom,Warszawa - Modlin,Warszawa - Radom|2+1","filter_turkey_vacation_jul18_2026","turcja","marmaris","2026-07-24","2026-07-31","7.0","Warszawa,Warszawa-Radom,Warszawa - Modlin,Warszawa - Radom","2+1","40.0","1.0","1.0","12292.0","12292.0","12292.0","12292.0","12292.0","0.0","0.0","0.0","0.0","0.0","0.0","0.0","0.0","0.0","0.0","0.0","0.0","0.0","0.0","4.3","1.0","0.0"
"2026-06-14T10:36:41+0000","turcja|marmaris|2026-07-24|2026-08-01|7|Warszawa,Warszawa-Radom,Warszawa - Modlin,Warszawa - Radom|2+1","filter_turkey_vacation_jul18_2026","turcja","marmaris","2026-07-24","2026-08-01","7.0","Warszawa,Warszawa-Radom,Warszawa - Modlin,Warszawa - Radom","2+1","40.0","1.0","1.0","10117.0","10117.0","10117.0","10117.0","10117.0","0.0","0.0","0.0","0.0","0.0","0.0","0.0","0.0","0.0","0.0","0.0","0.0","0.0","0.0","4.1","1.0","0.0"
"2026-06-14T10:36:41+0000","turcja|marmaris|2026-07-24|2026-08-01|7|Warszawa,Warszawa-Radom,Warszawa - Modlin,Warszawa - Radom|2+1","filter_turkey_vacation_jul18_2026","turcja","marmaris","2026-07-24","2026-08-01","7.0","Warszawa,Warszawa-Radom,Warszawa - Modlin,Warszawa - Radom","2+1","40.0","1.0","1.0","10117.0","10117.0","10117.0","10117.0","10117.0","0.0","0.0","0.0","0.0","0.0","0.0","0.0","0.0","0.0","0.0","0.0","0.0","0.0","0.0","4.1","1.0","0.0"
"2026-06-14T11:30:31+0000","turcja|marmaris|2026-07-24|2026-08-01|7|Warszawa,Warszawa-Radom,Warszawa - Modlin,Warszawa - Radom|2+1","filter_turkey_vacation_jul18_2026","turcja","marmaris","2026-07-24","2026-08-01","7.0","Warszawa,Warszawa-Radom,Warszawa - Modlin,Warszawa - Radom","2+1","40.0","1.0","1.0","10117.0","10117.0","10117.0","10117.0","10117.0","0.0","0.0","0.0","0.0","0.0","0.0","0.0","0.0","0.0","0.0","0.0","0.0","0.0","0.0","4.1","1.0","0.0"
"2026-06-14T11:49:03+0000","turcja|marmaris|2026-07-24|2026-08-01|7|Warszawa,Warszawa-Radom,Warszawa - Modlin,Warszawa - Radom|2+1","filter_turkey_vacation_jul18_2026","turcja","marmaris","2026-07-24","2026-08-01","7.0","Warszawa,Warszawa-Radom,Warszawa - Modlin,Warszawa - Radom","2+1","40.0","1.0","1.0","10117.0","10117.0","10117.0","10117.0","10117.0","0.0","0.0","0.0","0.0","0.0","0.0","0.0","0.0","0.0","0.0","0.0","0.0","0.0","0.0","4.1","1.0","0.0"
"2026-06-14T13:00:44+0000","turcja|marmaris|2026-07-24|2026-08-01|7|Warszawa,Warszawa-Radom,Warszawa - Modlin,Warszawa - Radom|2+1","filter_turkey_vacation_jul18_2026","turcja","marmaris","2026-07-24","2026-08-01","7.0","Warszawa,Warszawa-Radom,Warszawa - Modlin,Warszawa - Radom","2+1","40.0","1.0","1.0","10117.0","10117.0","10117.0","10117.0","10117.0","0.0","0.0","0.0","0.0","0.0","0.0","0.0","0.0","0.0","0.0","0.0","0.0","0.0","0.0","4.1","1.0","0.0"
"2026-06-14T13:34:55+0000","turcja|marmaris|2026-07-24|2026-08-01|7|Warszawa,Warszawa-Radom,Warszawa - Modlin,Warszawa - Radom|2+1","filter_turkey_vacation_jul18_2026","turcja","marmaris","2026-07-24","2026-08-01","7.0","Warszawa,Warszawa-Radom,Warszawa - Modlin,Warszawa - Radom","2+1","40.0","1.0","1.0","10117.0","10117.0","10117.0","10117.0","10117.0","0.0","0.0","0.0","0.0","0.0","0.0","0.0","0.0","0.0","0.0","0.0","0.0","0.0","0.0","4.1","1.0","0.0"
"2026-06-14T14:36:32+0000","turcja|marmaris|2026-07-24|2026-08-01|7|Warszawa,Warszawa-Radom,Warszawa - Modlin,Warszawa - Radom|2+1","filter_turkey_vacation_jul18_2026","turcja","marmaris","2026-07-24","2026-08-01","7.0","Warszawa,Warszawa-Radom,Warszawa - Modlin,Warszawa - Radom","2+1","40.0","1.0","1.0","10117.0","10117.0","10117.0","10117.0","10117.0","0.0","0.0","0.0","0.0","0.0","0.0","0.0","0.0","0.0","0.0","0.0","0.0","0.0","0.0","4.1","1.0","0.0"
"2026-06-14T10:36:41+0000","turcja|side|2026-07-18|2026-07-25|7|Warszawa,Warszawa-Radom,Warszawa - Modlin,Warszawa - Radom|2+1","filter_turkey_vacation_jul18_2026","turcja","side","2026-07-18","2026-07-25","7.0","Warszawa,Warszawa-Radom,Warszawa - Modlin,Warszawa - Radom","2+1","34.0","8.0","8.0","7952.0","8624.0","9621.5","10248.5","12693.0","4.0","1.0","0.0","0.0","0.0","0.0","0.0","0.0","0.0","0.0","0.0","0.0","0.0","0.0","4.05","8.0","0.0"
"2026-06-14T10:36:41+0000","turcja|side|2026-07-18|2026-07-25|7|Warszawa,Warszawa-Radom,Warszawa - Modlin,Warszawa - Radom|2+1","filter_turkey_vacation_jul18_2026","turcja","side","2026-07-18","2026-07-25","7.0","Warszawa,Warszawa-Radom,Warszawa - Modlin,Warszawa - Radom","2+1","34.0","8.0","8.0","7952.0","8624.0","9621.5","10248.5","12693.0","4.0","1.0","0.0","0.0","0.0","0.0","0.0","0.0","0.0","0.0","0.0","0.0","0.0","0.0","4.05","8.0","0.0"
"2026-06-14T11:30:31+0000","turcja|side|2026-07-18|2026-07-25|7|Warszawa,Warszawa-Radom,Warszawa - Modlin,Warszawa - Radom|2+1","filter_turkey_vacation_jul18_2026","turcja","side","2026-07-18","2026-07-25","7.0","Warszawa,Warszawa-Radom,Warszawa - Modlin,Warszawa - Radom","2+1","34.0","8.0","8.0","7952.0","8624.0","9621.5","10248.5","12693.0","4.0","1.0","0.0","0.0","0.0","0.0","0.0","0.0","0.0","0.0","54.0","0.0","0.0","0.0","4.05","8.0","0.0"
"2026-06-14T11:49:03+0000","turcja|side|2026-07-18|2026-07-25|7|Warszawa,Warszawa-Radom,Warszawa - Modlin,Warszawa - Radom|2+1","filter_turkey_vacation_jul18_2026","turcja","side","2026-07-18","2026-07-25","7.0","Warszawa,Warszawa-Radom,Warszawa - Modlin,Warszawa - Radom","2+1","34.0","8.0","8.0","7952.0","8624.0","9621.5","10248.5","12693.0","4.0","1.0","0.0","0.0","0.0","0.0","0.0","0.0","0.0","0.0","54.0","0.0","0.0","0.0","4.05","8.0","0.0"
"2026-06-14T13:00:44+0000","turcja|side|2026-07-18|2026-07-25|7|Warszawa,Warszawa-Radom,Warszawa - Modlin,Warszawa - Radom|2+1","filter_turkey_vacation_jul18_2026","turcja","side","2026-07-18","2026-07-25","7.0","Warszawa,Warszawa-Radom,Warszawa - Modlin,Warszawa - Radom","2+1","34.0","8.0","8.0","7952.0","8624.0","9621.5","10248.5","12693.0","4.0","1.0","0.0","0.0","0.0","0.0","0.0","0.0","0.0","0.0","56.0","-3.08","0.0","0.0","4.05","8.0","0.0"
"2026-06-14T13:34:55+0000","turcja|side|2026-07-18|2026-07-25|7|Warszawa,Warszawa-Radom,Warszawa - Modlin,Warszawa - Radom|2+1","filter_turkey_vacation_jul18_2026","turcja","side","2026-07-18","2026-07-25","7.0","Warszawa,Warszawa-Radom,Warszawa - Modlin,Warszawa - Radom","2+1","34.0","9.0","9.0","7952.0","8720.0","9858.0","10514.0","12693.0","4.0","1.0","0.0","0.0","0.0","0.0","0.0","0.0","0.0","0.0","57.0","-4.62","0.0","0.0","3.9","9.0","0.0"
"2026-06-14T14:36:32+0000","turcja|side|2026-07-18|2026-07-25|7|Warszawa,Warszawa-Radom,Warszawa - Modlin,Warszawa - Radom|2+1","filter_turkey_vacation_jul18_2026","turcja","side","2026-07-18","2026-07-25","7.0","Warszawa,Warszawa-Radom,Warszawa - Modlin,Warszawa - Radom","2+1","34.0","8.0","8.0","7952.0","8624.0","9665.75","10547.0","12693.0","3.0","1.0","0.0","0.0","0.0","0.0","0.0","0.0","0.0","0.0","59.0","-6.4","0.0","0.0","4.05","8.0","0.0"
"2026-06-14T13:00:44+0000","turcja|side|2026-07-18|2026-07-27|9|Warszawa,Warszawa-Radom,Warszawa - Modlin,Warszawa - Radom|2+1","filter_turkey_vacation_jul18_2026","turcja","side","2026-07-18","2026-07-27","9.0","Warszawa,Warszawa-Radom,Warszawa - Modlin,Warszawa - Radom","2+1","34.0","15.0","15.0","9226.0","11139.2","11976.0","12479.0","15663.0","1.0","0.0","0.0","0.0","0.0","0.0","0.0","0.0","0.0","0.0","48.0","14.5","0.0","0.0","4.0","15.0","0.0"
"2026-06-14T13:34:55+0000","turcja|side|2026-07-18|2026-07-27|9|Warszawa,Warszawa-Radom,Warszawa - Modlin,Warszawa - Radom|2+1","filter_turkey_vacation_jul18_2026","turcja","side","2026-07-18","2026-07-27","9.0","Warszawa,Warszawa-Radom,Warszawa - Modlin,Warszawa - Radom","2+1","34.0","16.0","16.0","9226.0","11224.0","12094.5","12597.5","15663.0","1.0","0.0","0.0","0.0","0.0","0.0","0.0","0.0","0.0","0.0","48.0","10.09","0.0","0.0","4.1","16.0","0.0"
"2026-06-14T14:36:32+0000","turcja|side|2026-07-18|2026-07-27|9|Warszawa,Warszawa-Radom,Warszawa - Modlin,Warszawa - Radom|2+1","filter_turkey_vacation_jul18_2026","turcja","side","2026-07-18","2026-07-27","9.0","Warszawa,Warszawa-Radom,Warszawa - Modlin,Warszawa - Radom","2+1","34.0","14.0","14.0","9226.0","11054.4","11857.5","12469.5","14972.0","1.0","0.0","0.0","0.0","0.0","0.0","0.0","0.0","0.0","0.0","47.0","8.99","0.0","0.0","4.1","14.0","0.0"
"2026-06-14T10:36:41+0000","turcja|side|2026-07-19|2026-07-26|7|Warszawa,Warszawa-Radom,Warszawa - Modlin,Warszawa - Radom|2+1","filter_turkey_vacation_jul18_2026","turcja","side","2026-07-19","2026-07-26","7.0","Warszawa,Warszawa-Radom,Warszawa - Modlin,Warszawa - Radom","2+1","35.0","28.0","28.0","8857.0","9558.0","10649.25","11474.0","12658.0","4.0","0.0","0.0","0.0","0.0","0.0","0.0","0.0","0.0","0.0","0.0","0.0","0.0","0.0","4.3","27.0","0.0"
"2026-06-14T10:36:41+0000","turcja|side|2026-07-19|2026-07-26|7|Warszawa,Warszawa-Radom,Warszawa - Modlin,Warszawa - Radom|2+1","filter_turkey_vacation_jul18_2026","turcja","side","2026-07-19","2026-07-26","7.0","Warszawa,Warszawa-Radom,Warszawa - Modlin,Warszawa - Radom","2+1","35.0","28.0","28.0","8857.0","9558.0","10649.25","11474.0","12658.0","4.0","0.0","0.0","0.0","0.0","0.0","0.0","0.0","0.0","0.0","0.0","0.0","0.0","0.0","4.3","27.0","0.0"
"2026-06-14T11:30:31+0000","turcja|side|2026-07-19|2026-07-26|7|Warszawa,Warszawa-Radom,Warszawa - Modlin,Warszawa - Radom|2+1","filter_turkey_vacation_jul18_2026","turcja","side","2026-07-19","2026-07-26","7.0","Warszawa,Warszawa-Radom,Warszawa - Modlin,Warszawa - Radom","2+1","35.0","28.0","28.0","8857.0","9558.0","10649.25","11474.0","12658.0","4.0","0.0","0.0","0.0","0.0","0.0","0.0","0.0","0.0","0.0","55.0","0.0","0.0","0.0","4.3","27.0","0.0"
"2026-06-14T11:49:03+0000","turcja|side|2026-07-19|2026-07-26|7|Warszawa,Warszawa-Radom,Warszawa - Modlin,Warszawa - Radom|2+1","filter_turkey_vacation_jul18_2026","turcja","side","2026-07-19","2026-07-26","7.0","Warszawa,Warszawa-Radom,Warszawa - Modlin,Warszawa - Radom","2+1","35.0","28.0","28.0","8857.0","9558.0","10649.25","11474.0","12658.0","4.0","0.0","0.0","0.0","0.0","0.0","0.0","0.0","0.0","0.0","55.0","0.0","0.0","0.0","4.3","27.0","0.0"
"2026-06-14T13:00:44+0000","turcja|side|2026-07-19|2026-07-26|7|Warszawa,Warszawa-Radom,Warszawa - Modlin,Warszawa - Radom|2+1","filter_turkey_vacation_jul18_2026","turcja","side","2026-07-19","2026-07-26","7.0","Warszawa,Warszawa-Radom,Warszawa - Modlin,Warszawa - Radom","2+1","35.0","28.0","28.0","8857.0","9558.0","10649.25","11474.0","12658.0","4.0","0.0","0.0","0.0","0.0","0.0","0.0","0.0","0.0","0.0","57.0","-2.59","0.0","0.0","4.3","27.0","0.0"
"2026-06-14T13:34:55+0000","turcja|side|2026-07-19|2026-07-26|7|Warszawa,Warszawa-Radom,Warszawa - Modlin,Warszawa - Radom|2+1","filter_turkey_vacation_jul18_2026","turcja","side","2026-07-19","2026-07-26","7.0","Warszawa,Warszawa-Radom,Warszawa - Modlin,Warszawa - Radom","2+1","35.0","28.0","28.0","8857.0","9558.0","10649.25","11474.0","12658.0","4.0","0.0","0.0","0.0","0.0","0.0","0.0","0.0","0.0","0.0","59.0","-3.95","0.0","0.0","4.3","27.0","0.0"
"2026-06-14T14:36:32+0000","turcja|side|2026-07-19|2026-07-26|7|Warszawa,Warszawa-Radom,Warszawa - Modlin,Warszawa - Radom|2+1","filter_turkey_vacation_jul18_2026","turcja","side","2026-07-19","2026-07-26","7.0","Warszawa,Warszawa-Radom,Warszawa - Modlin,Warszawa - Radom","2+1","35.0","28.0","28.0","8857.0","9558.0","10649.25","11474.0","12658.0","4.0","0.0","0.0","0.0","0.0","0.0","0.0","0.0","0.0","0.0","61.0","-5.43","0.0","0.0","4.3","27.0","0.0"
"2026-06-14T10:36:41+0000","turcja|side|2026-07-20|2026-07-27|7|Warszawa,Warszawa-Radom,Warszawa - Modlin,Warszawa - Radom|2+1","filter_turkey_vacation_jul18_2026","turcja","side","2026-07-20","2026-07-27","7.0","Warszawa,Warszawa-Radom,Warszawa - Modlin,Warszawa - Radom","2+1","36.0","3.0","3.0","9601.0","9656.2","9739.0","9877.0","11917.0","2.0","0.0","0.0","0.0","0.0","0.0","0.0","0.0","0.0","0.0","0.0","0.0","0.0","0.0","4.1","3.0","0.0"
"2026-06-14T10:36:41+0000","turcja|side|2026-07-20|2026-07-27|7|Warszawa,Warszawa-Radom,Warszawa - Modlin,Warszawa - Radom|2+1","filter_turkey_vacation_jul18_2026","turcja","side","2026-07-20","2026-07-27","7.0","Warszawa,Warszawa-Radom,Warszawa - Modlin,Warszawa - Radom","2+1","36.0","3.0","3.0","9601.0","9656.2","9739.0","9877.0","11917.0","2.0","0.0","0.0","0.0","0.0","0.0","0.0","0.0","0.0","0.0","0.0","0.0","0.0","0.0","4.1","3.0","0.0"
"2026-06-14T11:30:31+0000","turcja|side|2026-07-20|2026-07-27|7|Warszawa,Warszawa-Radom,Warszawa - Modlin,Warszawa - Radom|2+1","filter_turkey_vacation_jul18_2026","turcja","side","2026-07-20","2026-07-27","7.0","Warszawa,Warszawa-Radom,Warszawa - Modlin,Warszawa - Radom","2+1","36.0","3.0","3.0","9601.0","9656.2","9739.0","9877.0","11917.0","2.0","0.0","0.0","0.0","0.0","0.0","0.0","0.0","0.0","0.0","54.0","0.0","0.0","0.0","4.1","3.0","0.0"
"2026-06-14T11:49:03+0000","turcja|side|2026-07-20|2026-07-27|7|Warszawa,Warszawa-Radom,Warszawa - Modlin,Warszawa - Radom|2+1","filter_turkey_vacation_jul18_2026","turcja","side","2026-07-20","2026-07-27","7.0","Warszawa,Warszawa-Radom,Warszawa - Modlin,Warszawa - Radom","2+1","36.0","3.0","3.0","9601.0","9656.2","9739.0","9877.0","11917.0","2.0","0.0","0.0","0.0","0.0","0.0","0.0","0.0","0.0","0.0","54.0","0.0","0.0","0.0","4.1","3.0","0.0"
"2026-06-14T13:00:44+0000","turcja|side|2026-07-20|2026-07-27|7|Warszawa,Warszawa-Radom,Warszawa - Modlin,Warszawa - Radom|2+1","filter_turkey_vacation_jul18_2026","turcja","side","2026-07-20","2026-07-27","7.0","Warszawa,Warszawa-Radom,Warszawa - Modlin,Warszawa - Radom","2+1","36.0","2.0","2.0","9601.0","9628.6","9670.0","9739.0","9877.0","2.0","0.0","0.0","0.0","0.0","0.0","0.0","0.0","0.0","0.0","0.0","0.0","0.0","0.0","4.1","2.0","0.0"
"2026-06-14T13:34:55+0000","turcja|side|2026-07-20|2026-07-27|7|Warszawa,Warszawa-Radom,Warszawa - Modlin,Warszawa - Radom|2+1","filter_turkey_vacation_jul18_2026","turcja","side","2026-07-20","2026-07-27","7.0","Warszawa,Warszawa-Radom,Warszawa - Modlin,Warszawa - Radom","2+1","36.0","2.0","2.0","9601.0","9628.6","9670.0","9739.0","9877.0","2.0","0.0","0.0","0.0","0.0","0.0","0.0","0.0","0.0","0.0","0.0","0.0","0.0","0.0","4.1","2.0","0.0"
"2026-06-14T14:36:32+0000","turcja|side|2026-07-20|2026-07-27|7|Warszawa,Warszawa-Radom,Warszawa - Modlin,Warszawa - Radom|2+1","filter_turkey_vacation_jul18_2026","turcja","side","2026-07-20","2026-07-27","7.0","Warszawa,Warszawa-Radom,Warszawa - Modlin,Warszawa - Radom","2+1","36.0","2.0","2.0","9601.0","9628.6","9670.0","9739.0","9877.0","2.0","0.0","0.0","0.0","0.0","0.0","0.0","0.0","0.0","0.0","0.0","0.0","0.0","0.0","4.1","2.0","0.0"
"2026-06-14T13:00:44+0000","turcja|side|2026-07-20|2026-07-29|9|Warszawa,Warszawa-Radom,Warszawa - Modlin,Warszawa - Radom|2+1","filter_turkey_vacation_jul18_2026","turcja","side","2026-07-20","2026-07-29","9.0","Warszawa,Warszawa-Radom,Warszawa - Modlin,Warszawa - Radom","2+1","36.0","21.0","21.0","9833.0","10463.0","11462.0","12434.0","15453.0","1.0","0.0","0.0","0.0","0.0","0.0","0.0","0.0","0.0","0.0","50.0","11.26","0.0","0.0","4.3","21.0","0.0"
"2026-06-14T13:34:55+0000","turcja|side|2026-07-20|2026-07-29|9|Warszawa,Warszawa-Radom,Warszawa - Modlin,Warszawa - Radom|2+1","filter_turkey_vacation_jul18_2026","turcja","side","2026-07-20","2026-07-29","9.0","Warszawa,Warszawa-Radom,Warszawa - Modlin,Warszawa - Radom","2+1","36.0","21.0","21.0","9833.0","10463.0","11462.0","12434.0","15453.0","1.0","0.0","0.0","0.0","0.0","0.0","0.0","0.0","0.0","0.0","51.0","5.15","0.0","0.0","4.3","21.0","0.0"
"2026-06-14T14:36:32+0000","turcja|side|2026-07-20|2026-07-29|9|Warszawa,Warszawa-Radom,Warszawa - Modlin,Warszawa - Radom|2+1","filter_turkey_vacation_jul18_2026","turcja","side","2026-07-20","2026-07-29","9.0","Warszawa,Warszawa-Radom,Warszawa - Modlin,Warszawa - Radom","2+1","36.0","20.0","20.0","9833.0","10424.7","11314.5","12411.5","14849.0","1.0","0.0","0.0","0.0","0.0","0.0","0.0","0.0","0.0","0.0","51.0","4.5","0.0","0.0","4.25","20.0","0.0"
"2026-06-14T13:00:44+0000","turcja|side|2026-07-20|2026-07-30|10|Warszawa,Warszawa-Radom,Warszawa - Modlin,Warszawa - Radom|2+1","filter_turkey_vacation_jul18_2026","turcja","side","2026-07-20","2026-07-30","10.0","Warszawa,Warszawa-Radom,Warszawa - Modlin,Warszawa - Radom","2+1","36.0","13.0","13.0","11937.0","12797.0","13197.0","14097.0","15557.0","0.0","0.0","0.0","0.0","0.0","0.0","0.0","0.0","0.0","0.0","47.0","15.2","0.0","0.0","4.05","12.0","0.0"
"2026-06-14T13:34:55+0000","turcja|side|2026-07-20|2026-07-30|10|Warszawa,Warszawa-Radom,Warszawa - Modlin,Warszawa - Radom|2+1","filter_turkey_vacation_jul18_2026","turcja","side","2026-07-20","2026-07-30","10.0","Warszawa,Warszawa-Radom,Warszawa - Modlin,Warszawa - Radom","2+1","36.0","13.0","13.0","11937.0","12797.0","13197.0","14097.0","15557.0","0.0","0.0","0.0","0.0","0.0","0.0","0.0","0.0","0.0","0.0","47.0","12.42","0.0","0.0","4.05","12.0","0.0"
"2026-06-14T14:36:32+0000","turcja|side|2026-07-20|2026-07-30|10|Warszawa,Warszawa-Radom,Warszawa - Modlin,Warszawa - Radom|2+1","filter_turkey_vacation_jul18_2026","turcja","side","2026-07-20","2026-07-30","10.0","Warszawa,Warszawa-Radom,Warszawa - Modlin,Warszawa - Radom","2+1","36.0","11.0","11.0","11937.0","12737.0","13117.0","14057.0","14997.0","0.0","0.0","0.0","0.0","0.0","0.0","0.0","0.0","0.0","0.0","45.0","11.01","0.0","0.0","4.05","10.0","0.0"
"2026-06-14T10:36:41+0000","turcja|side|2026-07-21|2026-07-29|8|Warszawa,Warszawa-Radom,Warszawa - Modlin,Warszawa - Radom|2+1","filter_turkey_vacation_jul18_2026","turcja","side","2026-07-21","2026-07-29","8.0","Warszawa,Warszawa-Radom,Warszawa - Modlin,Warszawa - Radom","2+1","37.0","4.0","4.0","9581.0","9640.4","9729.5","10658.5","11957.0","2.0","0.0","0.0","0.0","0.0","0.0","0.0","0.0","0.0","0.0","0.0","0.0","0.0","0.0","4.25","4.0","0.0"
"2026-06-14T10:36:41+0000","turcja|side|2026-07-21|2026-07-29|8|Warszawa,Warszawa-Radom,Warszawa - Modlin,Warszawa - Radom|2+1","filter_turkey_vacation_jul18_2026","turcja","side","2026-07-21","2026-07-29","8.0","Warszawa,Warszawa-Radom,Warszawa - Modlin,Warszawa - Radom","2+1","37.0","4.0","4.0","9581.0","9640.4","9729.5","10658.5","11957.0","2.0","0.0","0.0","0.0","0.0","0.0","0.0","0.0","0.0","0.0","0.0","0.0","0.0","0.0","4.25","4.0","0.0"
"2026-06-14T11:30:31+0000","turcja|side|2026-07-21|2026-07-29|8|Warszawa,Warszawa-Radom,Warszawa - Modlin,Warszawa - Radom|2+1","filter_turkey_vacation_jul18_2026","turcja","side","2026-07-21","2026-07-29","8.0","Warszawa,Warszawa-Radom,Warszawa - Modlin,Warszawa - Radom","2+1","37.0","4.0","4.0","9581.0","9640.4","9729.5","10658.5","11957.0","2.0","0.0","0.0","0.0","0.0","0.0","0.0","0.0","0.0","0.0","55.0","0.0","0.0","0.0","4.25","4.0","0.0"
"2026-06-14T11:49:03+0000","turcja|side|2026-07-21|2026-07-29|8|Warszawa,Warszawa-Radom,Warszawa - Modlin,Warszawa - Radom|2+1","filter_turkey_vacation_jul18_2026","turcja","side","2026-07-21","2026-07-29","8.0","Warszawa,Warszawa-Radom,Warszawa - Modlin,Warszawa - Radom","2+1","37.0","4.0","4.0","9581.0","9640.4","9729.5","10658.5","11957.0","2.0","0.0","0.0","0.0","0.0","0.0","0.0","0.0","0.0","0.0","55.0","0.0","0.0","0.0","4.25","4.0","0.0"
"2026-06-14T13:00:44+0000","turcja|side|2026-07-21|2026-07-29|8|Warszawa,Warszawa-Radom,Warszawa - Modlin,Warszawa - Radom|2+1","filter_turkey_vacation_jul18_2026","turcja","side","2026-07-21","2026-07-29","8.0","Warszawa,Warszawa-Radom,Warszawa - Modlin,Warszawa - Radom","2+1","37.0","4.0","4.0","9581.0","9640.4","9729.5","10658.5","11957.0","2.0","0.0","0.0","0.0","0.0","0.0","0.0","0.0","0.0","0.0","57.0","-1.26","0.0","0.0","4.25","4.0","0.0"
"2026-06-14T13:34:55+0000","turcja|side|2026-07-21|2026-07-29|8|Warszawa,Warszawa-Radom,Warszawa - Modlin,Warszawa - Radom|2+1","filter_turkey_vacation_jul18_2026","turcja","side","2026-07-21","2026-07-29","8.0","Warszawa,Warszawa-Radom,Warszawa - Modlin,Warszawa - Radom","2+1","37.0","4.0","4.0","9581.0","9640.4","9729.5","10658.5","11957.0","2.0","0.0","0.0","0.0","0.0","0.0","0.0","0.0","0.0","0.0","58.0","-1.95","0.0","0.0","4.25","4.0","0.0"
"2026-06-14T14:36:32+0000","turcja|side|2026-07-21|2026-07-29|8|Warszawa,Warszawa-Radom,Warszawa - Modlin,Warszawa - Radom|2+1","filter_turkey_vacation_jul18_2026","turcja","side","2026-07-21","2026-07-29","8.0","Warszawa,Warszawa-Radom,Warszawa - Modlin,Warszawa - Radom","2+1","37.0","4.0","4.0","9581.0","9640.4","9729.5","10658.5","11957.0","2.0","0.0","0.0","0.0","0.0","0.0","0.0","0.0","0.0","0.0","60.0","-2.75","0.0","0.0","4.25","4.0","0.0"
"2026-06-14T13:00:44+0000","turcja|side|2026-07-21|2026-07-30|9|Warszawa,Warszawa-Radom,Warszawa - Modlin,Warszawa - Radom|2+1","filter_turkey_vacation_jul18_2026","turcja","side","2026-07-21","2026-07-30","9.0","Warszawa,Warszawa-Radom,Warszawa - Modlin,Warszawa - Radom","2+1","37.0","1.0","1.0","12738.0","12738.0","12738.0","12738.0","12738.0","0.0","0.0","0.0","0.0","0.0","0.0","0.0","0.0","0.0","0.0","0.0","0.0","0.0","0.0","4.4","1.0","0.0"
"2026-06-14T13:34:55+0000","turcja|side|2026-07-21|2026-07-30|9|Warszawa,Warszawa-Radom,Warszawa - Modlin,Warszawa - Radom|2+1","filter_turkey_vacation_jul18_2026","turcja","side","2026-07-21","2026-07-30","9.0","Warszawa,Warszawa-Radom,Warszawa - Modlin,Warszawa - Radom","2+1","37.0","1.0","1.0","12738.0","12738.0","12738.0","12738.0","12738.0","0.0","0.0","0.0","0.0","0.0","0.0","0.0","0.0","0.0","0.0","0.0","0.0","0.0","0.0","4.4","1.0","0.0"
"2026-06-14T14:36:32+0000","turcja|side|2026-07-21|2026-07-30|9|Warszawa,Warszawa-Radom,Warszawa - Modlin,Warszawa - Radom|2+1","filter_turkey_vacation_jul18_2026","turcja","side","2026-07-21","2026-07-30","9.0","Warszawa,Warszawa-Radom,Warszawa - Modlin,Warszawa - Radom","2+1","37.0","1.0","1.0","12738.0","12738.0","12738.0","12738.0","12738.0","0.0","0.0","0.0","0.0","0.0","0.0","0.0","0.0","0.0","0.0","0.0","0.0","0.0","0.0","4.4","1.0","0.0"
"2026-06-14T10:36:41+0000","turcja|side|2026-07-22|2026-07-29|7|Warszawa,Warszawa-Radom,Warszawa - Modlin,Warszawa - Radom|2+1","filter_turkey_vacation_jul18_2026","turcja","side","2026-07-22","2026-07-29","7.0","Warszawa,Warszawa-Radom,Warszawa - Modlin,Warszawa - Radom","2+1","38.0","13.0","13.0","9465.0","9689.6","10458.0","11140.0","12696.0","2.0","0.0","0.0","0.0","0.0","0.0","0.0","0.0","0.0","0.0","0.0","0.0","0.0","0.0","4.3","11.0","0.0"
"2026-06-14T10:36:41+0000","turcja|side|2026-07-22|2026-07-29|7|Warszawa,Warszawa-Radom,Warszawa - Modlin,Warszawa - Radom|2+1","filter_turkey_vacation_jul18_2026","turcja","side","2026-07-22","2026-07-29","7.0","Warszawa,Warszawa-Radom,Warszawa - Modlin,Warszawa - Radom","2+1","38.0","13.0","13.0","9465.0","9689.6","10458.0","11140.0","12696.0","2.0","0.0","0.0","0.0","0.0","0.0","0.0","0.0","0.0","0.0","0.0","0.0","0.0","0.0","4.3","11.0","0.0"
"2026-06-14T11:30:31+0000","turcja|side|2026-07-22|2026-07-29|7|Warszawa,Warszawa-Radom,Warszawa - Modlin,Warszawa - Radom|2+1","filter_turkey_vacation_jul18_2026","turcja","side","2026-07-22","2026-07-29","7.0","Warszawa,Warszawa-Radom,Warszawa - Modlin,Warszawa - Radom","2+1","38.0","13.0","13.0","9465.0","9689.6","10458.0","11140.0","12696.0","2.0","0.0","0.0","0.0","0.0","0.0","0.0","0.0","0.0","0.0","54.0","0.0","0.0","0.0","4.3","11.0","0.0"
"2026-06-14T11:49:03+0000","turcja|side|2026-07-22|2026-07-29|7|Warszawa,Warszawa-Radom,Warszawa - Modlin,Warszawa - Radom|2+1","filter_turkey_vacation_jul18_2026","turcja","side","2026-07-22","2026-07-29","7.0","Warszawa,Warszawa-Radom,Warszawa - Modlin,Warszawa - Radom","2+1","38.0","13.0","13.0","9465.0","9689.6","10458.0","11140.0","12696.0","2.0","0.0","0.0","0.0","0.0","0.0","0.0","0.0","0.0","0.0","54.0","0.0","0.0","0.0","4.3","11.0","0.0"
"2026-06-14T13:00:44+0000","turcja|side|2026-07-22|2026-07-29|7|Warszawa,Warszawa-Radom,Warszawa - Modlin,Warszawa - Radom|2+1","filter_turkey_vacation_jul18_2026","turcja","side","2026-07-22","2026-07-29","7.0","Warszawa,Warszawa-Radom,Warszawa - Modlin,Warszawa - Radom","2+1","38.0","13.0","13.0","9465.0","9689.6","10458.0","11140.0","12696.0","2.0","0.0","0.0","0.0","0.0","0.0","0.0","0.0","0.0","0.0","56.0","-2.99","0.0","0.0","4.3","11.0","0.0"
"2026-06-14T13:34:55+0000","turcja|side|2026-07-22|2026-07-29|7|Warszawa,Warszawa-Radom,Warszawa - Modlin,Warszawa - Radom|2+1","filter_turkey_vacation_jul18_2026","turcja","side","2026-07-22","2026-07-29","7.0","Warszawa,Warszawa-Radom,Warszawa - Modlin,Warszawa - Radom","2+1","38.0","12.0","12.0","9465.0","9599.8","10633.0","11341.0","12696.0","2.0","0.0","0.0","0.0","0.0","0.0","0.0","0.0","0.0","0.0","58.0","-4.59","0.0","0.0","4.35","10.0","0.0"
"2026-06-14T14:36:32+0000","turcja|side|2026-07-22|2026-07-29|7|Warszawa,Warszawa-Radom,Warszawa - Modlin,Warszawa - Radom|2+1","filter_turkey_vacation_jul18_2026","turcja","side","2026-07-22","2026-07-29","7.0","Warszawa,Warszawa-Radom,Warszawa - Modlin,Warszawa - Radom","2+1","38.0","12.0","12.0","9465.0","9599.8","10633.0","11341.0","12696.0","2.0","0.0","0.0","0.0","0.0","0.0","0.0","0.0","0.0","0.0","60.0","-6.38","0.0","0.0","4.35","10.0","0.0"
"2026-06-14T13:00:44+0000","turcja|side|2026-07-22|2026-07-31|9|Warszawa,Warszawa-Radom,Warszawa - Modlin,Warszawa - Radom|2+1","filter_turkey_vacation_jul18_2026","turcja","side","2026-07-22","2026-07-31","9.0","Warszawa,Warszawa-Radom,Warszawa - Modlin,Warszawa - Radom","2+1","38.0","9.0","9.0","10208.0","10715.2","11022.0","13104.0","15710.0","0.0","0.0","0.0","0.0","0.0","0.0","0.0","0.0","0.0","0.0","46.0","14.86","0.0","0.0","4.0","7.0","0.0"
"2026-06-14T13:34:55+0000","turcja|side|2026-07-22|2026-07-31|9|Warszawa,Warszawa-Radom,Warszawa - Modlin,Warszawa - Radom|2+1","filter_turkey_vacation_jul18_2026","turcja","side","2026-07-22","2026-07-31","9.0","Warszawa,Warszawa-Radom,Warszawa - Modlin,Warszawa - Radom","2+1","38.0","9.0","9.0","10208.0","10715.2","11022.0","13104.0","15710.0","0.0","0.0","0.0","0.0","0.0","0.0","0.0","0.0","0.0","0.0","47.0","10.05","0.0","0.0","4.0","7.0","0.0"
"2026-06-14T14:36:32+0000","turcja|side|2026-07-22|2026-07-31|9|Warszawa,Warszawa-Radom,Warszawa - Modlin,Warszawa - Radom|2+1","filter_turkey_vacation_jul18_2026","turcja","side","2026-07-22","2026-07-31","9.0","Warszawa,Warszawa-Radom,Warszawa - Modlin,Warszawa - Radom","2+1","38.0","8.0","8.0","10208.0","10651.8","10977.0","12096.0","14714.0","0.0","0.0","0.0","0.0","0.0","0.0","0.0","0.0","0.0","0.0","45.0","9.39","0.0","0.0","3.95","6.0","0.0"
"2026-06-14T10:36:41+0000","turcja|side|2026-07-23|2026-07-30|7|Warszawa,Warszawa-Radom,Warszawa - Modlin,Warszawa - Radom|2+1","filter_turkey_vacation_jul18_2026","turcja","side","2026-07-23","2026-07-30","7.0","Warszawa,Warszawa-Radom,Warszawa - Modlin,Warszawa - Radom","2+1","39.0","10.0","10.0","9977.0","10480.1","10853.0","11327.0","12457.0","1.0","0.0","0.0","0.0","0.0","0.0","0.0","0.0","0.0","0.0","0.0","0.0","0.0","0.0","4.0","9.0","0.0"
"2026-06-14T10:36:41+0000","turcja|side|2026-07-23|2026-07-30|7|Warszawa,Warszawa-Radom,Warszawa - Modlin,Warszawa - Radom|2+1","filter_turkey_vacation_jul18_2026","turcja","side","2026-07-23","2026-07-30","7.0","Warszawa,Warszawa-Radom,Warszawa - Modlin,Warszawa - Radom","2+1","39.0","10.0","10.0","9977.0","10480.1","10853.0","11327.0","12457.0","1.0","0.0","0.0","0.0","0.0","0.0","0.0","0.0","0.0","0.0","0.0","0.0","0.0","0.0","4.0","9.0","0.0"
"2026-06-14T11:30:31+0000","turcja|side|2026-07-23|2026-07-30|7|Warszawa,Warszawa-Radom,Warszawa - Modlin,Warszawa - Radom|2+1","filter_turkey_vacation_jul18_2026","turcja","side","2026-07-23","2026-07-30","7.0","Warszawa,Warszawa-Radom,Warszawa - Modlin,Warszawa - Radom","2+1","39.0","10.0","10.0","9977.0","10480.1","10853.0","11327.0","12457.0","1.0","0.0","0.0","0.0","0.0","0.0","0.0","0.0","0.0","0.0","54.0","0.0","0.0","0.0","4.0","9.0","0.0"
"2026-06-14T11:49:03+0000","turcja|side|2026-07-23|2026-07-30|7|Warszawa,Warszawa-Radom,Warszawa - Modlin,Warszawa - Radom|2+1","filter_turkey_vacation_jul18_2026","turcja","side","2026-07-23","2026-07-30","7.0","Warszawa,Warszawa-Radom,Warszawa - Modlin,Warszawa - Radom","2+1","39.0","10.0","10.0","9977.0","10480.1","10853.0","11327.0","12457.0","1.0","0.0","0.0","0.0","0.0","0.0","0.0","0.0","0.0","0.0","54.0","0.0","0.0","0.0","4.0","9.0","0.0"
"2026-06-14T13:00:44+0000","turcja|side|2026-07-23|2026-07-30|7|Warszawa,Warszawa-Radom,Warszawa - Modlin,Warszawa - Radom|2+1","filter_turkey_vacation_jul18_2026","turcja","side","2026-07-23","2026-07-30","7.0","Warszawa,Warszawa-Radom,Warszawa - Modlin,Warszawa - Radom","2+1","39.0","14.0","14.0","9977.0","10494.7","10752.0","11327.0","12457.0","1.0","0.0","0.0","0.0","0.0","0.0","0.0","0.0","0.0","0.0","55.0","-4.83","0.0","0.0","4.0","13.0","0.0"
"2026-06-14T13:34:55+0000","turcja|side|2026-07-23|2026-07-30|7|Warszawa,Warszawa-Radom,Warszawa - Modlin,Warszawa - Radom|2+1","filter_turkey_vacation_jul18_2026","turcja","side","2026-07-23","2026-07-30","7.0","Warszawa,Warszawa-Radom,Warszawa - Modlin,Warszawa - Radom","2+1","39.0","14.0","14.0","9977.0","10494.7","10752.0","11327.0","12457.0","1.0","0.0","0.0","0.0","0.0","0.0","0.0","0.0","0.0","0.0","57.0","-6.26","0.0","0.0","4.0","13.0","0.0"
"2026-06-14T14:36:32+0000","turcja|side|2026-07-23|2026-07-30|7|Warszawa,Warszawa-Radom,Warszawa - Modlin,Warszawa - Radom|2+1","filter_turkey_vacation_jul18_2026","turcja","side","2026-07-23","2026-07-30","7.0","Warszawa,Warszawa-Radom,Warszawa - Modlin,Warszawa - Radom","2+1","39.0","14.0","14.0","9977.0","10494.7","10752.0","11327.0","12457.0","1.0","0.0","0.0","0.0","0.0","0.0","0.0","0.0","0.0","0.0","60.0","-7.92","0.0","1.0","4.0","13.0","0.0"
"2026-06-14T13:00:44+0000","turcja|side|2026-07-23|2026-08-01|9|Warszawa,Warszawa-Radom,Warszawa - Modlin,Warszawa - Radom|2+1","filter_turkey_vacation_jul18_2026","turcja","side","2026-07-23","2026-08-01","9.0","Warszawa,Warszawa-Radom,Warszawa - Modlin,Warszawa - Radom","2+1","39.0","8.0","8.0","10265.0","10318.2","10776.75","12341.5","14963.0","0.0","0.0","0.0","0.0","0.0","0.0","0.0","0.0","0.0","0.0","49.0","11.37","0.0","0.0","4.2","7.0","0.0"
"2026-06-14T13:34:55+0000","turcja|side|2026-07-23|2026-08-01|9|Warszawa,Warszawa-Radom,Warszawa - Modlin,Warszawa - Radom|2+1","filter_turkey_vacation_jul18_2026","turcja","side","2026-07-23","2026-08-01","9.0","Warszawa,Warszawa-Radom,Warszawa - Modlin,Warszawa - Radom","2+1","39.0","8.0","8.0","10265.0","10318.2","10776.75","12341.5","14963.0","0.0","0.0","0.0","0.0","0.0","0.0","0.0","0.0","0.0","0.0","52.0","3.72","0.0","0.0","4.2","7.0","0.0"
"2026-06-14T14:36:32+0000","turcja|side|2026-07-23|2026-08-01|9|Warszawa,Warszawa-Radom,Warszawa - Modlin,Warszawa - Radom|2+1","filter_turkey_vacation_jul18_2026","turcja","side","2026-07-23","2026-08-01","9.0","Warszawa,Warszawa-Radom,Warszawa - Modlin,Warszawa - Radom","2+1","39.0","8.0","8.0","10265.0","10318.2","10776.75","12341.5","14963.0","0.0","0.0","0.0","0.0","0.0","0.0","0.0","0.0","0.0","0.0","52.0","3.1","0.0","0.0","4.2","7.0","0.0"
"2026-06-14T14:36:32+0000","turcja|side|2026-07-25|2026-08-01|7|Warszawa,Warszawa-Radom,Warszawa - Modlin,Warszawa - Radom|2+1","filter_turkey_vacation_jul18_2026","turcja","side","2026-07-25","2026-08-01","7.0","Warszawa,Warszawa-Radom,Warszawa - Modlin,Warszawa - Radom","2+1","41.0","2.0","2.0","9356.0","9390.4","9442.0","9528.0","9700.0","2.0","0.0","0.0","0.0","0.0","0.0","0.0","0.0","0.0","0.0","0.0","0.0","0.0","0.0","3.75","2.0","0.0"
"2026-06-14T13:00:44+0000","turcja|side|2026-07-25|2026-08-03|9|Warszawa,Warszawa-Radom,Warszawa - Modlin,Warszawa - Radom|2+1","filter_turkey_vacation_jul18_2026","turcja","side","2026-07-25","2026-08-03","9.0","Warszawa,Warszawa-Radom,Warszawa - Modlin,Warszawa - Radom","2+1","41.0","23.0","23.0","11292.0","11755.2","12836.5","14247.0","15812.0","0.0","0.0","0.0","0.0","0.0","0.0","0.0","0.0","0.0","0.0","48.0","16.37","0.0","0.0","4.3","22.0","0.0"
"2026-06-14T13:34:55+0000","turcja|side|2026-07-25|2026-08-03|9|Warszawa,Warszawa-Radom,Warszawa - Modlin,Warszawa - Radom|2+1","filter_turkey_vacation_jul18_2026","turcja","side","2026-07-25","2026-08-03","9.0","Warszawa,Warszawa-Radom,Warszawa - Modlin,Warszawa - Radom","2+1","41.0","23.0","23.0","11292.0","11755.2","12836.5","14247.0","15812.0","0.0","0.0","0.0","0.0","0.0","0.0","0.0","0.0","0.0","0.0","48.0","11.12","0.0","0.0","4.3","22.0","0.0"
"2026-06-14T14:36:32+0000","turcja|side|2026-07-25|2026-08-03|9|Warszawa,Warszawa-Radom,Warszawa - Modlin,Warszawa - Radom|2+1","filter_turkey_vacation_jul18_2026","turcja","side","2026-07-25","2026-08-03","9.0","Warszawa,Warszawa-Radom,Warszawa - Modlin,Warszawa - Radom","2+1","41.0","19.0","19.0","11292.0","11667.4","12483.5","13114.0","15227.0","0.0","0.0","0.0","0.0","0.0","0.0","0.0","0.0","0.0","0.0","46.0","10.73","0.0","0.0","4.3","18.0","0.0"
"<<<<<<< Updated upstream","","","","","","","","","","","","","","","","","","","","","","","","","","","","","","","","","",""
"=======","","","","","","","","","","","","","","","","","","","","","","","","","","","","","","","","","",""
">>>>>>> Stashed changes","","","","","","","","","","","","","","","","","","","","","","","","","","","","","","","","","",""
