"hotel_name","price","dates","duration","rating","ta_rating","ta_review_count","ta_source","departure_airport","scraped_at","url","image_url","offer_url","filter_id","country","region","resort","departure_date","return_date","days","nights","origin_scope","pax_profile","departure_key"
"Prestige Alanya","7911.0","21.07.2026 - 29.07.2026","9 dni/8 nocy","2.5","2.5","88","tripadvisor","Warszawa","2026-06-14T10:36:41.516941+00:00","https://fly.pl/kierunek/turcja/?filter[dest]=39:&filter[hotelids]=&filter[cityids]=&filter[cregids]=&filter[ofrType]=&filter[addObjType]=&filter[whenFrom]=18-07-2026&filter[whenTo]=13-08-2026&filter[duration]=7:11&filter[from]=Warszawa,Warszawa-Radom,Warszawa%20-%20Modlin,Warszawa%20-%20Radom&filter[person]=2&filter[child]=1&filter[price]=4610:20000&filter[PriceFrom]=4610&filter[PriceTo]=20000&filter[addCategory]=50&filter[addCatering]=1&filter[addMisc]=0&filter[addTransport]=F&filter[fp]=1&order_by=ofr_price&filter[tourOperator]=0&filter[childAge][1]=20200812","https://fly.pl/cdn/photo/assets/uploads/582/278/2018/03/Euphoria-Comfort-Beach-Alanya.jpg","https://fly.pl/wycieczka/turcja,alanya,mahmutlar/armas-prestige/pg18d_vHivamED8UwK9i0AAAogFAjp1_ewNXbMP8Jx96nUaWcowcRFSimdZCEXnLk7UoMqBE9SRVgwuoi60QZI5z1QQVjtBmACagZKRS4yLjFyNpsBFQgXAFwCWAVWAkDKBhG2Jk-lGl0kU6snUgBelpQBS-1DYQBM5Yw6IIT7lwkNAAISYwECC2krxpI/?operator=OREX&adults=2&children=2020-08-12&nsv=1&objectId=195149&transport=accommodation_flight&departureDate=2026-07-21&returnDate=2026-07-29&departureLocation=Warszawa%2CWarszawa-Radom%2CWarszawa+-+Modlin%2CWarszawa+-+Radom&opt=delta&catering=all_inclusive","filter_turkey_vacation_jul18_2026","turcja","alanya","mahmutlar","2026-07-21","2026-07-29","9","8","Warszawa,Warszawa-Radom,Warszawa - Modlin,Warszawa - Radom","2+1","turcja|alanya|2026-07-21|2026-07-29|8|Warszawa,Warszawa-Radom,Warszawa - Modlin,Warszawa - Radom|2+1"
"Seher Sun Palace Resort & Spa","7952.0","18.07.2026 - 25.07.2026","8 dni/7 nocy","4.2","4.2","1367","tripadvisor","Warszawa","2026-06-14T10:36:41.516941+00:00","https://fly.pl/kierunek/turcja/?filter[dest]=39:&filter[hotelids]=&filter[cityids]=&filter[cregids]=&filter[ofrType]=&filter[addObjType]=&filter[whenFrom]=18-07-2026&filter[whenTo]=13-08-2026&filter[duration]=7:11&filter[from]=Warszawa,Warszawa-Radom,Warszawa%20-%20Modlin,Warszawa%20-%20Radom&filter[person]=2&filter[child]=1&filter[price]=4610:20000&filter[PriceFrom]=4610&filter[PriceTo]=20000&filter[addCategory]=50&filter[addCatering]=1&filter[addMisc]=0&filter[addTransport]=F&filter[fp]=1&order_by=ofr_price&filter[tourOperator]=0&filter[childAge][1]=20200812","https://fly.pl/cdn/photo/assets/uploads/582/278/2014/09/Seher-Sun-Palace.jpg","https://fly.pl/wycieczka/turcja,side,colakli/seher-sun-palace-resort-spa/pBgfG9JXFlJg0fh9F0WOKvAAog8pyJ7BZesoS3LNRQ6bfkAQz77lvs6r-gYLlUM_yvRvwqBEJWQkUwuoi60QZIkD5QAVilBmACagJBSXIiHBGU2QEbjYY_GKvLE6sE1pcluQSSAgHzmbywAwIAYwEDBoZY9Bs/?operator=BVBE&adults=2&children=2020-08-12&nsv=1&objectId=25655&transport=accommodation_flight&departureDate=2026-07-18&returnDate=2026-07-25&departureLocation=Warszawa%2CWarszawa-Radom%2CWarszawa+-+Modlin%2CWarszawa+-+Radom&opt=delta&catering=all_inclusive","filter_turkey_vacation_jul18_2026","turcja","side","colakli","2026-07-18","2026-07-25","8","7","Warszawa,Warszawa-Radom,Warszawa - Modlin,Warszawa - Radom","2+1","turcja|side|2026-07-18|2026-07-25|7|Warszawa,Warszawa-Radom,Warszawa - Modlin,Warszawa - Radom|2+1"
"The Marilis Hill Resort and Spa (Alanya)","8012.0","20.07.2026 - 27.07.2026","8 dni/7 nocy","4.1","4.1","684","tripadvisor","Warszawa","2026-06-14T10:36:41.516941+00:00","https://fly.pl/kierunek/turcja/?filter[dest]=39:&filter[hotelids]=&filter[cityids]=&filter[cregids]=&filter[ofrType]=&filter[addObjType]=&filter[whenFrom]=18-07-2026&filter[whenTo]=13-08-2026&filter[duration]=7:11&filter[from]=Warszawa,Warszawa-Radom,Warszawa%20-%20Modlin,Warszawa%20-%20Radom&filter[person]=2&filter[child]=1&filter[price]=4610:20000&filter[PriceFrom]=4610&filter[PriceTo]=20000&filter[addCategory]=50&filter[addCatering]=1&filter[addMisc]=0&filter[addTransport]=F&filter[fp]=1&order_by=ofr_price&filter[tourOperator]=0&filter[childAge][1]=20200812","https://fly.pl/cdn/photo/assets/uploads/582/278/2024/07/the-marilis-hill-resort-and-spa.jpg","https://fly.pl/wycieczka/turcja,alanya,c/the-marilis-hill-resort-and-spa-11/pG3JC64w4xc5Xwt46_rye2AAogX7DvnVhY3Ahnjo6PCiWRwE11eDE-prut4HX7XxcZmEkqBEpPSU4wuoi60QZIzD5QAVjVBmACagJVQXIgHBGCSbkEyLoCqwQoG7nCJxi10wIBpd_BogECEmMBAwxysgGa/?operator=JOIN&adults=2&children=2020-08-12&nsv=1&objectId=204762&transport=accommodation_flight&departureDate=2026-07-20&returnDate=2026-07-27&departureLocation=Warszawa%2CWarszawa-Radom%2CWarszawa+-+Modlin%2CWarszawa+-+Radom&opt=delta&catering=all_inclusive","filter_turkey_vacation_jul18_2026","turcja","alanya","c","2026-07-20","2026-07-27","8","7","Warszawa,Warszawa-Radom,Warszawa - Modlin,Warszawa - Radom","2+1","turcja|alanya|2026-07-20|2026-07-27|7|Warszawa,Warszawa-Radom,Warszawa - Modlin,Warszawa - Radom|2+1"
"Sun Star Resort","8247.0","19.07.2026 - 26.07.2026","8 dni/7 nocy","3.2","3.2","660","tripadvisor","Warszawa","2026-06-14T10:36:41.516941+00:00","https://fly.pl/kierunek/turcja/?filter[dest]=39:&filter[hotelids]=&filter[cityids]=&filter[cregids]=&filter[ofrType]=&filter[addObjType]=&filter[whenFrom]=18-07-2026&filter[whenTo]=13-08-2026&filter[duration]=7:11&filter[from]=Warszawa,Warszawa-Radom,Warszawa%20-%20Modlin,Warszawa%20-%20Radom&filter[person]=2&filter[child]=1&filter[price]=4610:20000&filter[PriceFrom]=4610&filter[PriceTo]=20000&filter[addCategory]=50&filter[addCatering]=1&filter[addMisc]=0&filter[addTransport]=F&filter[fp]=1&order_by=ofr_price&filter[tourOperator]=0&filter[childAge][1]=20200812","https://fly.pl/cdn/photo/assets/uploads/582/278/2015/07/Sun-Star-Beach-Resort.jpg","https://fly.pl/wycieczka/turcja,alanya,mahmutlar/sun-star-beach-resort/px5Eh6MyGF5KYjiBFgeBVFAAog-JPk0-xfzmrpRMgID6MoRQAAAADFdAQA4XQEAAcAAQAqBFdFWlkwuoi60QZIt0BQQVi9BmADaglFbnRlciBBaXJyQp4BHwAcAQIAFgQXAhLtAxXBBRjXARMeFMIDEYdVT5ILTABAnBJQ58UBSwAbhDYduewOIBwNjuXCCQESYwEMYwEDCwOXUCY/?operator=WEZY&adults=2&children=2020-08-12&nsv=1&objectId=174169&transport=accommodation_flight&departureDate=2026-07-19&returnDate=2026-07-26&departureLocation=Warszawa%2CWarszawa-Radom%2CWarszawa+-+Modlin%2CWarszawa+-+Radom&opt=delta&catering=all_inclusive","filter_turkey_vacation_jul18_2026","turcja","alanya","mahmutlar","2026-07-19","2026-07-26","8","7","Warszawa,Warszawa-Radom,Warszawa - Modlin,Warszawa - Radom","2+1","turcja|alanya|2026-07-19|2026-07-26|7|Warszawa,Warszawa-Radom,Warszawa - Modlin,Warszawa - Radom|2+1"
"Concordia Celes Beach","8371.0","19.07.2026 - 26.07.2026","8 dni/7 nocy","3.6","3.6","800","tripadvisor","Warszawa","2026-06-14T10:36:41.516941+00:00","https://fly.pl/kierunek/turcja/?filter[dest]=39:&filter[hotelids]=&filter[cityids]=&filter[cregids]=&filter[ofrType]=&filter[addObjType]=&filter[whenFrom]=18-07-2026&filter[whenTo]=13-08-2026&filter[duration]=7:11&filter[from]=Warszawa,Warszawa-Radom,Warszawa%20-%20Modlin,Warszawa%20-%20Radom&filter[person]=2&filter[child]=1&filter[price]=4610:20000&filter[PriceFrom]=4610&filter[PriceTo]=20000&filter[addCategory]=50&filter[addCatering]=1&filter[addMisc]=0&filter[addTransport]=F&filter[fp]=1&order_by=ofr_price&filter[tourOperator]=0&filter[childAge][1]=20200812","https://fly.pl/cdn/photo/assets/uploads/582/278/2015/05/Concordia-Celes-Beach.jpg","https://fly.pl/wycieczka/turcja,alanya,okurcalar/concordia-celes-beach/pK6LaQOKYxL72JO50jgAXoAAogl2R6cfcGT_gFvNe2qJwmJQAAAABfdAQAq3QEAAcAAAAqBFdFWlkwuoi60QZIs0FQQVi9BmADahJGcmVlIEJpcmQgQWlybGluZXNyQp4BHwAcAQIAFgAXBhLtAxHxAROIAhSVAxVuGNIBT8NhTABAnBJQ58UBSwAbnDEdu_AOIEwNxOXCCQESYwELYwEDCuYNJbA/?operator=WEZY&adults=2&children=2020-08-12&nsv=1&objectId=2000&transport=accommodation_flight&departureDate=2026-07-19&returnDate=2026-07-26&departureLocation=Warszawa%2CWarszawa-Radom%2CWarszawa+-+Modlin%2CWarszawa+-+Radom&opt=delta&catering=all_inclusive","filter_turkey_vacation_jul18_2026","turcja","alanya","okurcalar","2026-07-19","2026-07-26","8","7","Warszawa,Warszawa-Radom,Warszawa - Modlin,Warszawa - Radom","2+1","turcja|alanya|2026-07-19|2026-07-26|7|Warszawa,Warszawa-Radom,Warszawa - Modlin,Warszawa - Radom|2+1"
"Signature Blue Resort (ex. Grand Ozcelik)","8411.0","22.07.2026 - 29.07.2026","8 dni/7 nocy","3.5","3.5","136","tripadvisor","Warszawa","2026-06-14T10:36:41.516941+00:00","https://fly.pl/kierunek/turcja/?filter[dest]=39:&filter[hotelids]=&filter[cityids]=&filter[cregids]=&filter[ofrType]=&filter[addObjType]=&filter[whenFrom]=18-07-2026&filter[whenTo]=13-08-2026&filter[duration]=7:11&filter[from]=Warszawa,Warszawa-Radom,Warszawa%20-%20Modlin,Warszawa%20-%20Radom&filter[person]=2&filter[child]=1&filter[price]=4610:20000&filter[PriceFrom]=4610&filter[PriceTo]=20000&filter[addCategory]=50&filter[addCatering]=1&filter[addMisc]=0&filter[addTransport]=F&filter[fp]=1&order_by=ofr_price&filter[tourOperator]=0&filter[childAge][1]=20200812","https://fly.pl/cdn/photo/assets/uploads/582/278/2024/07/grand-ozcelik.jpg","https://fly.pl/wycieczka/turcja,kusadasi,c/grand-ozcelik/pGbqYwPmG3-8zxMJp06UDmAAogbrMr9V60QponryPcpGka62wwGWYjcr-u2x1F0pBV2hYqBE9SRVgwuoi60QZI20FQQViFB2ACagZDNS4yLjFyNpsBFQcXAFwDWAVWAkDKBhHwFU-LP10kU4EZUgBeoI4BS-1DYQBM5Yw6IIX7lwkNAAISYwECDJiBKPg/?operator=OREX&adults=2&children=2020-08-12&nsv=1&objectId=10801&transport=accommodation_flight&departureDate=2026-07-22&returnDate=2026-07-29&departureLocation=Warszawa%2CWarszawa-Radom%2CWarszawa+-+Modlin%2CWarszawa+-+Radom&opt=delta&catering=all_inclusive","filter_turkey_vacation_jul18_2026","turcja","kusadasi","c","2026-07-22","2026-07-29","8","7","Warszawa,Warszawa-Radom,Warszawa - Modlin,Warszawa - Radom","2+1","turcja|kusadasi|2026-07-22|2026-07-29|7|Warszawa,Warszawa-Radom,Warszawa - Modlin,Warszawa - Radom|2+1"
"Ozkaymak Incekum","8475.0","20.07.2026 - 27.07.2026","8 dni/7 nocy","3.1","3.1","705","tripadvisor","Warszawa","2026-06-14T10:36:41.516941+00:00","https://fly.pl/kierunek/turcja/?filter[dest]=39:&filter[hotelids]=&filter[cityids]=&filter[cregids]=&filter[ofrType]=&filter[addObjType]=&filter[whenFrom]=18-07-2026&filter[whenTo]=13-08-2026&filter[duration]=7:11&filter[from]=Warszawa,Warszawa-Radom,Warszawa%20-%20Modlin,Warszawa%20-%20Radom&filter[person]=2&filter[child]=1&filter[price]=4610:20000&filter[PriceFrom]=4610&filter[PriceTo]=20000&filter[addCategory]=50&filter[addCatering]=1&filter[addMisc]=0&filter[addTransport]=F&filter[fp]=1&order_by=ofr_price&filter[tourOperator]=0&filter[childAge][1]=20200812","https://fly.pl/cdn/photo/assets/uploads/582/278/2015/03/Ozkaymak-Incekum-1.jpg","https://fly.pl/wycieczka/turcja,alanya,incekum/ozkaymak-incekum/p307xoYx0p6iU1Ut3H0B9HAAogKxJOV4yBz3yo0hAi-isVBk11eDE-prut4HX7XxcZmEkqBEpPSU4wuoi60QZIm0JQAVjVBmACagJVQXIgHBG3RrkEk70CqwQoG7abJxiB1AIB_Nv9nwECEmMBAwuFXMGG/?operator=JOIN&adults=2&children=2020-08-12&nsv=1&objectId=2058&transport=accommodation_flight&departureDate=2026-07-20&returnDate=2026-07-27&departureLocation=Warszawa%2CWarszawa-Radom%2CWarszawa+-+Modlin%2CWarszawa+-+Radom&opt=delta&catering=all_inclusive","filter_turkey_vacation_jul18_2026","turcja","alanya","incekum","2026-07-20","2026-07-27","8","7","Warszawa,Warszawa-Radom,Warszawa - Modlin,Warszawa - Radom","2+1","turcja|alanya|2026-07-20|2026-07-27|7|Warszawa,Warszawa-Radom,Warszawa - Modlin,Warszawa - Radom|2+1"
"Miarosa Incekum Beach (ex Alara Kum)","8559.0","21.07.2026 - 29.07.2026","9 dni/8 nocy","4.0","4.0","969","tripadvisor","Warszawa","2026-06-14T10:36:41.516941+00:00","https://fly.pl/kierunek/turcja/?filter[dest]=39:&filter[hotelids]=&filter[cityids]=&filter[cregids]=&filter[ofrType]=&filter[addObjType]=&filter[whenFrom]=18-07-2026&filter[whenTo]=13-08-2026&filter[duration]=7:11&filter[from]=Warszawa,Warszawa-Radom,Warszawa%20-%20Modlin,Warszawa%20-%20Radom&filter[person]=2&filter[child]=1&filter[price]=4610:20000&filter[PriceFrom]=4610&filter[PriceTo]=20000&filter[addCategory]=50&filter[addCatering]=1&filter[addMisc]=0&filter[addTransport]=F&filter[fp]=1&order_by=ofr_price&filter[tourOperator]=0&filter[childAge][1]=20200812","https://fly.pl/cdn/photo/assets/uploads/582/278/2015/04/Alara-Kum-fly-pl.jpg","https://fly.pl/wycieczka/turcja,alanya,avsallar/alara-kum/p-rrTIeUqWID_yIuVITVfWAAogw5yg-kCuIf2z0TRPmJtJQ2cowcRFSimdZCEXnLk7UoMqBE9SRVgwuoi60QZI70JQQVjtBmACagZKMC4yLjFyNpsBFQgXAFgHVgJcCEDCBhHeC0_9NF0kU6snUgBelpQBS-1DYQBM5Yw6IIT7lwkNAAISYwECDKiavUY/?operator=OREX&adults=2&children=2020-08-12&nsv=1&objectId=3860&transport=accommodation_flight&departureDate=2026-07-21&returnDate=2026-07-29&departureLocation=Warszawa%2CWarszawa-Radom%2CWarszawa+-+Modlin%2CWarszawa+-+Radom&opt=delta&catering=all_inclusive","filter_turkey_vacation_jul18_2026","turcja","alanya","avsallar","2026-07-21","2026-07-29","9","8","Warszawa,Warszawa-Radom,Warszawa - Modlin,Warszawa - Radom","2+1","turcja|alanya|2026-07-21|2026-07-29|8|Warszawa,Warszawa-Radom,Warszawa - Modlin,Warszawa - Radom|2+1"
"Holiday Park Resort (Okurcalar)","8660.0","19.07.2026 - 26.07.2026","8 dni/7 nocy","4.3","4.3","1301","tripadvisor","Warszawa","2026-06-14T10:36:41.516941+00:00","https://fly.pl/kierunek/turcja/?filter[dest]=39:&filter[hotelids]=&filter[cityids]=&filter[cregids]=&filter[ofrType]=&filter[addObjType]=&filter[whenFrom]=18-07-2026&filter[whenTo]=13-08-2026&filter[duration]=7:11&filter[from]=Warszawa,Warszawa-Radom,Warszawa%20-%20Modlin,Warszawa%20-%20Radom&filter[person]=2&filter[child]=1&filter[price]=4610:20000&filter[PriceFrom]=4610&filter[PriceTo]=20000&filter[addCategory]=50&filter[addCatering]=1&filter[addMisc]=0&filter[addTransport]=F&filter[fp]=1&order_by=ofr_price&filter[tourOperator]=0&filter[childAge][1]=20200812","https://fly.pl/cdn/photo/assets/uploads/582/278/2014/09/Holiday-Park-Resort.jpg","https://fly.pl/wycieczka/turcja,alanya,okurcalar/holiday-park-resort-okurcalar/pp3HUTpmpBog_AmCFxSHGXAAoggTudwJjO5wDq7INV2XosbAAAAADFdAQA4XQEAAcAAAAqBFdFWlkwuoi60QZI1ENQQVi9BmADaglFbnRlciBBaXJyQp4BHwAcAQIAFgAXBhLtAxH2ARXLAxjXARMeFMIDT5lgTABAnBJQ58UBSwAbnDEdofEOIBwNjuXCCQESYwEMYwEDCw1D58g/?operator=WEZY&adults=2&children=2020-08-12&nsv=1&objectId=2024&transport=accommodation_flight&departureDate=2026-07-19&returnDate=2026-07-26&departureLocation=Warszawa%2CWarszawa-Radom%2CWarszawa+-+Modlin%2CWarszawa+-+Radom&opt=delta&catering=all_inclusive","filter_turkey_vacation_jul18_2026","turcja","alanya","okurcalar","2026-07-19","2026-07-26","8","7","Warszawa,Warszawa-Radom,Warszawa - Modlin,Warszawa - Radom","2+1","turcja|alanya|2026-07-19|2026-07-26|7|Warszawa,Warszawa-Radom,Warszawa - Modlin,Warszawa - Radom|2+1"
"Holiday Garden Resort (Okurcalar)","8660.0","19.07.2026 - 26.07.2026","8 dni/7 nocy","4.3","4.3","878","tripadvisor","Warszawa","2026-06-14T10:36:41.516941+00:00","https://fly.pl/kierunek/turcja/?filter[dest]=39:&filter[hotelids]=&filter[cityids]=&filter[cregids]=&filter[ofrType]=&filter[addObjType]=&filter[whenFrom]=18-07-2026&filter[whenTo]=13-08-2026&filter[duration]=7:11&filter[from]=Warszawa,Warszawa-Radom,Warszawa%20-%20Modlin,Warszawa%20-%20Radom&filter[person]=2&filter[child]=1&filter[price]=4610:20000&filter[PriceFrom]=4610&filter[PriceTo]=20000&filter[addCategory]=50&filter[addCatering]=1&filter[addMisc]=0&filter[addTransport]=F&filter[fp]=1&order_by=ofr_price&filter[tourOperator]=0&filter[childAge][1]=20200812","https://fly.pl/cdn/photo/assets/uploads/582/278/2014/09/HOLIDAY-GARDEN-RESORT.jpg","https://fly.pl/wycieczka/turcja,alanya,okurcalar/holiday-garden-resort-okurcalar/pgRtTtG3C-f8jyqwlypMqoAAog-syaee5jGNoQduniKKbrXAAAAABfdAQAq3QEAAcAAAAqBFdFWlkwuoi60QZI1ENQQVi9BmADahJGcmVlIEJpcmQgQWlybGluZXNyQp4BHwAcAQIAFgAXBhLtAxH1AROEAhSVAxVuGNIBT8NhTABAnBJQ58UBSwAbnDEdu_AOIEwNxOXCCQESYwEMYwEDC2OJyFU/?operator=WEZY&adults=2&children=2020-08-12&nsv=1&objectId=1728&transport=accommodation_flight&departureDate=2026-07-19&returnDate=2026-07-26&departureLocation=Warszawa%2CWarszawa-Radom%2CWarszawa+-+Modlin%2CWarszawa+-+Radom&opt=delta&catering=all_inclusive","filter_turkey_vacation_jul18_2026","turcja","alanya","okurcalar","2026-07-19","2026-07-26","8","7","Warszawa,Warszawa-Radom,Warszawa - Modlin,Warszawa - Radom","2+1","turcja|alanya|2026-07-19|2026-07-26|7|Warszawa,Warszawa-Radom,Warszawa - Modlin,Warszawa - Radom|2+1"
"Ozkaymak Falez","8713.0","20.07.2026 - 27.07.2026","8 dni/7 nocy","2.6","2.6","706","tripadvisor","Warszawa","2026-06-14T10:36:41.516941+00:00","https://fly.pl/kierunek/turcja/?filter[dest]=39:&filter[hotelids]=&filter[cityids]=&filter[cregids]=&filter[ofrType]=&filter[addObjType]=&filter[whenFrom]=18-07-2026&filter[whenTo]=13-08-2026&filter[duration]=7:11&filter[from]=Warszawa,Warszawa-Radom,Warszawa%20-%20Modlin,Warszawa%20-%20Radom&filter[person]=2&filter[child]=1&filter[price]=4610:20000&filter[PriceFrom]=4610&filter[PriceTo]=20000&filter[addCategory]=50&filter[addCatering]=1&filter[addMisc]=0&filter[addTransport]=F&filter[fp]=1&order_by=ofr_price&filter[tourOperator]=0&filter[childAge][1]=20200812","https://datacfstatic.merlinx.pl/JOIN/IMG/9016/0bf1ae8bf49a132f9b3fb86a41825eeb517b0e096eda33a807f99a542facd8c3.webp","https://fly.pl/wycieczka/turcja,alanya,c/ozkaymak-falez/pvB9hIEVzcDK94nep_0vkiAAogbQyC53kxIZtzhtLudgC-W011eDE-prut4HX7XxcZmEkqBEpPSU4wuoi60QZIiURQAVjVBmACagJVQXIgHBG4RrkEkr0CqwQoG7ObJxiB1AIB4_H8nwECEmMBAwkwsFI0/?operator=JOIN&adults=2&children=2020-08-12&nsv=1&objectId=1779&transport=accommodation_flight&departureDate=2026-07-20&returnDate=2026-07-27&departureLocation=Warszawa%2CWarszawa-Radom%2CWarszawa+-+Modlin%2CWarszawa+-+Radom&opt=delta&catering=all_inclusive","filter_turkey_vacation_jul18_2026","turcja","alanya","c","2026-07-20","2026-07-27","8","7","Warszawa,Warszawa-Radom,Warszawa - Modlin,Warszawa - Radom","2+1","turcja|alanya|2026-07-20|2026-07-27|7|Warszawa,Warszawa-Radom,Warszawa - Modlin,Warszawa - Radom|2+1"
"Kirbiyik Resort (ex. Dinler)","8775.0","19.07.2026 - 26.07.2026","8 dni/7 nocy","4.4","4.4","885","tripadvisor","Warszawa","2026-06-14T10:36:41.516941+00:00","https://fly.pl/kierunek/turcja/?filter[dest]=39:&filter[hotelids]=&filter[cityids]=&filter[cregids]=&filter[ofrType]=&filter[addObjType]=&filter[whenFrom]=18-07-2026&filter[whenTo]=13-08-2026&filter[duration]=7:11&filter[from]=Warszawa,Warszawa-Radom,Warszawa%20-%20Modlin,Warszawa%20-%20Radom&filter[person]=2&filter[child]=1&filter[price]=4610:20000&filter[PriceFrom]=4610&filter[PriceTo]=20000&filter[addCategory]=50&filter[addCatering]=1&filter[addMisc]=0&filter[addTransport]=F&filter[fp]=1&order_by=ofr_price&filter[tourOperator]=0&filter[childAge][1]=20200812","https://fly.pl/cdn/photo/assets/uploads/582/278/2014/09/KIRBIYIK-RESORT-HOTEL.jpg","https://fly.pl/wycieczka/turcja,alanya,mahmutlar/dinler/pKB02qDCFams3t9nsqrQG1AAogZeaKVs_-4sx0-qcrMcpRdQAAAACOdAQAdXQEAAcAEgAqBFdFWlkwuoi60QZIx0RQQVi9BmADahJGcmVlIEJpcmQgQWlybGluZXNqBDA3MDBqBDA5MTByQJ4BlQGYAR8AAgEcABYEFwIS7QMTsgoUlQNMyl1PAECcEhHdbhuWOUv0HVAAIO2hDx0ZDeHlwgkBEmMBDWMBBAYIlwEw/?operator=WEZY&adults=2&children=2020-08-12&nsv=1&objectId=3900&transport=accommodation_flight&departureDate=2026-07-19&returnDate=2026-07-26&departureLocation=Warszawa%2CWarszawa-Radom%2CWarszawa+-+Modlin%2CWarszawa+-+Radom&opt=delta&catering=all_inclusive","filter_turkey_vacation_jul18_2026","turcja","alanya","mahmutlar","2026-07-19","2026-07-26","8","7","Warszawa,Warszawa-Radom,Warszawa - Modlin,Warszawa - Radom","2+1","turcja|alanya|2026-07-19|2026-07-26|7|Warszawa,Warszawa-Radom,Warszawa - Modlin,Warszawa - Radom|2+1"
"Xafira Deluxe Resort & Spa","8783.0","19.07.2026 - 26.07.2026","8 dni/7 nocy","3.6","3.6","3936","tripadvisor","Warszawa","2026-06-14T10:36:41.516941+00:00","https://fly.pl/kierunek/turcja/?filter[dest]=39:&filter[hotelids]=&filter[cityids]=&filter[cregids]=&filter[ofrType]=&filter[addObjType]=&filter[whenFrom]=18-07-2026&filter[whenTo]=13-08-2026&filter[duration]=7:11&filter[from]=Warszawa,Warszawa-Radom,Warszawa%20-%20Modlin,Warszawa%20-%20Radom&filter[person]=2&filter[child]=1&filter[price]=4610:20000&filter[PriceFrom]=4610&filter[PriceTo]=20000&filter[addCategory]=50&filter[addCatering]=1&filter[addMisc]=0&filter[addTransport]=F&filter[fp]=1&order_by=ofr_price&filter[tourOperator]=0&filter[childAge][1]=20200812","https://fly.pl/cdn/photo/assets/uploads/582/278/2016/09/Xafira-Deluxe-Resort-Spa.jpg","https://fly.pl/wycieczka/turcja,alanya,turkler/alan-xafira-deluxe-resort-spa/pkjWfciMA1cwlyx0o6wBldAAogZEJ7stQeUkTT08Bxv8DVTwAAAACOdAQAdXQEAAcAEgAqBFdFWlkwuoi60QZIz0RQQVi9BmADahJGcmVlIEJpcmQgQWlybGluZXNqBDA3MDBqBDA5MTByQZ4BlQGYAR8AAgEWABwAFwYS7QMTsgoUlQMRqz9Mnx5PAECcEkvnxQFQABuqayDDtg4dGQ3h5cIJARJjAQ1jAQMMAS7qrg/?operator=WEZY&adults=2&children=2020-08-12&nsv=1&objectId=144059&transport=accommodation_flight&departureDate=2026-07-19&returnDate=2026-07-26&departureLocation=Warszawa%2CWarszawa-Radom%2CWarszawa+-+Modlin%2CWarszawa+-+Radom&opt=delta&catering=all_inclusive","filter_turkey_vacation_jul18_2026","turcja","alanya","turkler","2026-07-19","2026-07-26","8","7","Warszawa,Warszawa-Radom,Warszawa - Modlin,Warszawa - Radom","2+1","turcja|alanya|2026-07-19|2026-07-26|7|Warszawa,Warszawa-Radom,Warszawa - Modlin,Warszawa - Radom|2+1"
"Insula Resort","8803.0","19.07.2026 - 26.07.2026","8 dni/7 nocy","3.9","3.9","556","tripadvisor","Warszawa","2026-06-14T10:36:41.516941+00:00","https://fly.pl/kierunek/turcja/?filter[dest]=39:&filter[hotelids]=&filter[cityids]=&filter[cregids]=&filter[ofrType]=&filter[addObjType]=&filter[whenFrom]=18-07-2026&filter[whenTo]=13-08-2026&filter[duration]=7:11&filter[from]=Warszawa,Warszawa-Radom,Warszawa%20-%20Modlin,Warszawa%20-%20Radom&filter[person]=2&filter[child]=1&filter[price]=4610:20000&filter[PriceFrom]=4610&filter[PriceTo]=20000&filter[addCategory]=50&filter[addCatering]=1&filter[addMisc]=0&filter[addTransport]=F&filter[fp]=1&order_by=ofr_price&filter[tourOperator]=0&filter[childAge][1]=20200812","https://fly.pl/cdn/photo/assets/uploads/582/278/2015/04/Insula-Resort-fly-pl.jpg","https://fly.pl/wycieczka/turcja,alanya,konakli/insula-resort/pAMeCN1c3H6ba-VjxW7Gk8AAogddAppt2sF6ztzx8fee5PZQAAAACOdAQAdXQEAAcAAQAqBFdFWlkwuoi60QZI40RQQVi9BmADahJGcmVlIEJpcmQgQWlybGluZXNqBDA3MDBqBDA5MTByQZ4BlQGYAR8AAgEWABwAFwYS7QMTsgoUlQNMyl1PAECcEhG-K0upmgFQABuENiDp6w4dGQ3h5cIJARJjAQxjAQMLK-oScA/?operator=WEZY&adults=2&children=2020-08-12&nsv=1&objectId=107780&transport=accommodation_flight&departureDate=2026-07-19&returnDate=2026-07-26&departureLocation=Warszawa%2CWarszawa-Radom%2CWarszawa+-+Modlin%2CWarszawa+-+Radom&opt=delta&catering=all_inclusive","filter_turkey_vacation_jul18_2026","turcja","alanya","konakli","2026-07-19","2026-07-26","8","7","Warszawa,Warszawa-Radom,Warszawa - Modlin,Warszawa - Radom","2+1","turcja|alanya|2026-07-19|2026-07-26|7|Warszawa,Warszawa-Radom,Warszawa - Modlin,Warszawa - Radom|2+1"
"Mirage World","8811.0","22.07.2026 - 29.07.2026","8 dni/7 nocy","4.0","4.0","2850","tripadvisor","Warszawa","2026-06-14T10:36:41.516941+00:00","https://fly.pl/kierunek/turcja/?filter[dest]=39:&filter[hotelids]=&filter[cityids]=&filter[cregids]=&filter[ofrType]=&filter[addObjType]=&filter[whenFrom]=18-07-2026&filter[whenTo]=13-08-2026&filter[duration]=7:11&filter[from]=Warszawa,Warszawa-Radom,Warszawa%20-%20Modlin,Warszawa%20-%20Radom&filter[person]=2&filter[child]=1&filter[price]=4610:20000&filter[PriceFrom]=4610&filter[PriceTo]=20000&filter[addCategory]=50&filter[addCatering]=1&filter[addMisc]=0&filter[addTransport]=F&filter[fp]=1&order_by=ofr_price&filter[tourOperator]=0&filter[childAge][1]=20200812","https://fly.pl/cdn/photo/assets/uploads/582/278/2017/02/Mirage-World.jpg","https://fly.pl/wycieczka/turcja,marmaris,icmeler/mirage-world/py6XykkLdDvgq1_DgPNpJnAAogj4FuSNEX_fpOZW0emTvnHWwwGWYjcr-u2x1F0pBV2hYqBE9SRVgwuoi60QZI60RQQViFB2ACagVFLjIuMXI2mwEVBxcAXANYBVYCEfMCQNcDT_tUXSRTgRlSAF6gjgFL7UNhAEzljDoghfuXCQ0AAhJjAQIGEEPYQQ/?operator=OREX&adults=2&children=2020-08-12&nsv=1&objectId=1742&transport=accommodation_flight&departureDate=2026-07-22&returnDate=2026-07-29&departureLocation=Warszawa%2CWarszawa-Radom%2CWarszawa+-+Modlin%2CWarszawa+-+Radom&opt=delta&catering=all_inclusive","filter_turkey_vacation_jul18_2026","turcja","marmaris","icmeler","2026-07-22","2026-07-29","8","7","Warszawa,Warszawa-Radom,Warszawa - Modlin,Warszawa - Radom","2+1","turcja|marmaris|2026-07-22|2026-07-29|7|Warszawa,Warszawa-Radom,Warszawa - Modlin,Warszawa - Radom|2+1"
"Cenger Beach Resort (Side)","8857.0","19.07.2026 - 26.07.2026","8 dni/7 nocy","4.0","4.0","1120","tripadvisor","Warszawa","2026-06-14T10:36:41.516941+00:00","https://fly.pl/kierunek/turcja/?filter[dest]=39:&filter[hotelids]=&filter[cityids]=&filter[cregids]=&filter[ofrType]=&filter[addObjType]=&filter[whenFrom]=18-07-2026&filter[whenTo]=13-08-2026&filter[duration]=7:11&filter[from]=Warszawa,Warszawa-Radom,Warszawa%20-%20Modlin,Warszawa%20-%20Radom&filter[person]=2&filter[child]=1&filter[price]=4610:20000&filter[PriceFrom]=4610&filter[PriceTo]=20000&filter[addCategory]=50&filter[addCatering]=1&filter[addMisc]=0&filter[addTransport]=F&filter[fp]=1&order_by=ofr_price&filter[tourOperator]=0&filter[childAge][1]=20200812","https://fly.pl/cdn/photo/assets/uploads/582/278/2015/02/Cenger-Beach-Resort.jpg","https://fly.pl/wycieczka/turcja,side,c/cenger-beach-resort/pZtWtxMPQh-MOuUvwBXNpKAAog90KhcDsYdhBcXPguB9ehnwAAAADFdAQA4XQEAAcAAAAqBFdFWlkwuoi60QZImUVQQVi9BmADaglFbnRlciBBaXJyQ54BHwAcAQIAFgQXAhLtAxXBBRjXARMeFMIDEbZAT-MfTABAnBJQ58UBSwAbs4YEHYqcCyAcDY7lwgkBEmMBDGMBAwuj3LAE/?operator=WEZY&adults=2&children=2020-08-12&nsv=1&objectId=31546&transport=accommodation_flight&departureDate=2026-07-19&returnDate=2026-07-26&departureLocation=Warszawa%2CWarszawa-Radom%2CWarszawa+-+Modlin%2CWarszawa+-+Radom&opt=delta&catering=all_inclusive","filter_turkey_vacation_jul18_2026","turcja","side","c","2026-07-19","2026-07-26","8","7","Warszawa,Warszawa-Radom,Warszawa - Modlin,Warszawa - Radom","2+1","turcja|side|2026-07-19|2026-07-26|7|Warszawa,Warszawa-Radom,Warszawa - Modlin,Warszawa - Radom|2+1"
"Seher Resort & Spa","8912.0","18.07.2026 - 25.07.2026","8 dni/7 nocy","3.9","3.9","1089","tripadvisor","Warszawa","2026-06-14T10:36:41.516941+00:00","https://fly.pl/kierunek/turcja/?filter[dest]=39:&filter[hotelids]=&filter[cityids]=&filter[cregids]=&filter[ofrType]=&filter[addObjType]=&filter[whenFrom]=18-07-2026&filter[whenTo]=13-08-2026&filter[duration]=7:11&filter[from]=Warszawa,Warszawa-Radom,Warszawa%20-%20Modlin,Warszawa%20-%20Radom&filter[person]=2&filter[child]=1&filter[price]=4610:20000&filter[PriceFrom]=4610&filter[PriceTo]=20000&filter[addCategory]=50&filter[addCatering]=1&filter[addMisc]=0&filter[addTransport]=F&filter[fp]=1&order_by=ofr_price&filter[tourOperator]=0&filter[childAge][1]=20200812","https://fly.pl/cdn/photo/assets/uploads/582/278/2014/09/Seher-Resort-Spa.jpg","https://fly.pl/wycieczka/turcja,side,colakli/seher-resort/pHSFmYPJ7XjPPM85OdhlkzAAoglkAUwv607tLVFOrDQ0IbAAz77lvs6r-gYLlUM_yvRvwqBEJWQkUwuoi60QZI0EVQAVilBmACagJBSXIiHBGj2QEbi4k_GInTE6sE64wluQSSAgGEp-ixAwIAYwEDBjY_-RQ/?operator=BVBE&adults=2&children=2020-08-12&nsv=1&objectId=5748&transport=accommodation_flight&departureDate=2026-07-18&returnDate=2026-07-25&departureLocation=Warszawa%2CWarszawa-Radom%2CWarszawa+-+Modlin%2CWarszawa+-+Radom&opt=delta&catering=all_inclusive","filter_turkey_vacation_jul18_2026","turcja","side","colakli","2026-07-18","2026-07-25","8","7","Warszawa,Warszawa-Radom,Warszawa - Modlin,Warszawa - Radom","2+1","turcja|side|2026-07-18|2026-07-25|7|Warszawa,Warszawa-Radom,Warszawa - Modlin,Warszawa - Radom|2+1"
"Fantasia De Luxe Kusadasi","8919.0","22.07.2026 - 29.07.2026","8 dni/7 nocy","4.4","4.4","3839","tripadvisor","Warszawa","2026-06-14T10:36:41.516941+00:00","https://fly.pl/kierunek/turcja/?filter[dest]=39:&filter[hotelids]=&filter[cityids]=&filter[cregids]=&filter[ofrType]=&filter[addObjType]=&filter[whenFrom]=18-07-2026&filter[whenTo]=13-08-2026&filter[duration]=7:11&filter[from]=Warszawa,Warszawa-Radom,Warszawa%20-%20Modlin,Warszawa%20-%20Radom&filter[person]=2&filter[child]=1&filter[price]=4610:20000&filter[PriceFrom]=4610&filter[PriceTo]=20000&filter[addCategory]=50&filter[addCatering]=1&filter[addMisc]=0&filter[addTransport]=F&filter[fp]=1&order_by=ofr_price&filter[tourOperator]=0&filter[childAge][1]=20200812","https://fly.pl/cdn/photo/assets/uploads/582/278/2015/11/Fantasia-De-Luxe-Kusadasi.jpg","https://fly.pl/wycieczka/turcja,kusadasi,c/fantasia-de-luxe-kusadasi/pwrfAJNRiGN9_rlWOZ7FHNAAogUR2TDAw52oVG1wctNfetBmwwGWYjcr-u2x1F0pBV2hYqBE9SRVgwuoi60QZI10VQQViFB2ACagZEUi4yLjFyNpsBFQcXAFwDWAVWAhHvAkDbA0_7VF0kU4EZUgBeoI4BS-1DYQBM5Yw6IIX7lwkNAAISYwECDAC1H2U/?operator=OREX&adults=2&children=2020-08-12&nsv=1&objectId=17585&transport=accommodation_flight&departureDate=2026-07-22&returnDate=2026-07-29&departureLocation=Warszawa%2CWarszawa-Radom%2CWarszawa+-+Modlin%2CWarszawa+-+Radom&opt=delta&catering=all_inclusive","filter_turkey_vacation_jul18_2026","turcja","kusadasi","c","2026-07-22","2026-07-29","8","7","Warszawa,Warszawa-Radom,Warszawa - Modlin,Warszawa - Radom","2+1","turcja|kusadasi|2026-07-22|2026-07-29|7|Warszawa,Warszawa-Radom,Warszawa - Modlin,Warszawa - Radom|2+1"
"Grand Pasa","9117.0","22.07.2026 - 29.07.2026","8 dni/7 nocy","4.4","4.4","4636","tripadvisor","Warszawa","2026-06-14T10:36:41.516941+00:00","https://fly.pl/kierunek/turcja/?filter[dest]=39:&filter[hotelids]=&filter[cityids]=&filter[cregids]=&filter[ofrType]=&filter[addObjType]=&filter[whenFrom]=18-07-2026&filter[whenTo]=13-08-2026&filter[duration]=7:11&filter[from]=Warszawa,Warszawa-Radom,Warszawa%20-%20Modlin,Warszawa%20-%20Radom&filter[person]=2&filter[child]=1&filter[price]=4610:20000&filter[PriceFrom]=4610&filter[PriceTo]=20000&filter[addCategory]=50&filter[addCatering]=1&filter[addMisc]=0&filter[addTransport]=F&filter[fp]=1&order_by=ofr_price&filter[tourOperator]=0&filter[childAge][1]=20200812","https://fly.pl/cdn/photo/assets/uploads/582/278/2016/11/Grand-Pasa-fly-pl-1.jpg","https://fly.pl/wycieczka/turcja,marmaris,c/grand-pasa/prE3K7UfP12C3e7_dusiFDAAogdMjZPuZ4JFzYIwiQFkbR8GwwGWYjcr-u2x1F0pBV2hYqBE9SRVgwu4i60QZInUdQQViFB2ACagZKMC4yLjFyNpsBFQcXAFwDWAVWAkDKBhHhB0-aTV0kU4EZUgBeoI4BS-1DYQBM5Yw6IIX7lwkNAAISYwECBt62Jak/?operator=OREX&adults=2&children=2020-08-12&nsv=1&objectId=1603&transport=accommodation_flight&departureDate=2026-07-22&returnDate=2026-07-29&departureLocation=Warszawa%2CWarszawa-Radom%2CWarszawa+-+Modlin%2CWarszawa+-+Radom&opt=delta&catering=all_inclusive","filter_turkey_vacation_jul18_2026","turcja","marmaris","c","2026-07-22","2026-07-29","8","7","Warszawa,Warszawa-Radom,Warszawa - Modlin,Warszawa - Radom","2+1","turcja|marmaris|2026-07-22|2026-07-29|7|Warszawa,Warszawa-Radom,Warszawa - Modlin,Warszawa - Radom|2+1"
"Ozkaymak Select Resort (ex. Otium Ozkaymak Select)","9186.0","19.07.2026 - 26.07.2026","8 dni/7 nocy","3.7","3.7","631","tripadvisor","Warszawa","2026-06-14T10:36:41.516941+00:00","https://fly.pl/kierunek/turcja/?filter[dest]=39:&filter[hotelids]=&filter[cityids]=&filter[cregids]=&filter[ofrType]=&filter[addObjType]=&filter[whenFrom]=18-07-2026&filter[whenTo]=13-08-2026&filter[duration]=7:11&filter[from]=Warszawa,Warszawa-Radom,Warszawa%20-%20Modlin,Warszawa%20-%20Radom&filter[person]=2&filter[child]=1&filter[price]=4610:20000&filter[PriceFrom]=4610&filter[PriceTo]=20000&filter[addCategory]=50&filter[addCatering]=1&filter[addMisc]=0&filter[addTransport]=F&filter[fp]=1&order_by=ofr_price&filter[tourOperator]=0&filter[childAge][1]=20200812","https://fly.pl/cdn/photo/assets/uploads/582/278/2015/03/Ozkaymak-Select-Resort-Hotel.jpg","https://fly.pl/wycieczka/turcja,alanya,avsallar/ozkaymak-select/pxrQwTAUVfu5IiGA4vhfGnAAogjls52Vooy8OkIzCgpEKDYwAAAACOdAQAdXQEAAcAAAAqBFdFWlkwu4i60QZI4kdQQVi9BmADahJGcmVlIEJpcmQgQWlybGluZXNqBDA3MDBqBDA5MTByQZ4BlQGYAR8AAgEWABwAFwYS7QMTsgoUlQMRvyJMiztPAECcEkvnxQFQABv3MCD28A4dGQ3h5cIJARJjAQxjAQMLG2eMsQ/?operator=WEZY&adults=2&children=2020-08-12&nsv=1&objectId=111221&transport=accommodation_flight&departureDate=2026-07-19&returnDate=2026-07-26&departureLocation=Warszawa%2CWarszawa-Radom%2CWarszawa+-+Modlin%2CWarszawa+-+Radom&opt=delta&catering=all_inclusive","filter_turkey_vacation_jul18_2026","turcja","alanya","avsallar","2026-07-19","2026-07-26","8","7","Warszawa,Warszawa-Radom,Warszawa - Modlin,Warszawa - Radom","2+1","turcja|alanya|2026-07-19|2026-07-26|7|Warszawa,Warszawa-Radom,Warszawa - Modlin,Warszawa - Radom|2+1"
"Xoria Deluxe","9190.0","18.07.2026 - 25.07.2026","8 dni/7 nocy","4.1","4.1","2287","tripadvisor","Warszawa","2026-06-14T10:36:41.516941+00:00","https://fly.pl/kierunek/turcja/?filter[dest]=39:&filter[hotelids]=&filter[cityids]=&filter[cregids]=&filter[ofrType]=&filter[addObjType]=&filter[whenFrom]=18-07-2026&filter[whenTo]=13-08-2026&filter[duration]=7:11&filter[from]=Warszawa,Warszawa-Radom,Warszawa%20-%20Modlin,Warszawa%20-%20Radom&filter[person]=2&filter[child]=1&filter[price]=4610:20000&filter[PriceFrom]=4610&filter[PriceTo]=20000&filter[addCategory]=50&filter[addCatering]=1&filter[addMisc]=0&filter[addTransport]=F&filter[fp]=1&order_by=ofr_price&filter[tourOperator]=0&filter[childAge][1]=20200812","https://fly.pl/cdn/photo/assets/uploads/582/278/2018/11/Xoria-Deluxe-fly-pl.jpg","https://fly.pl/wycieczka/turcja,alanya,payallar/xoria/pjbWOsgQNHVD8usNPbe23vAAogC8tDwE1lofxUUzucPuRvO44rnHDhyyP7p1xX0bl-A28qBE9BU0kwu4i60QZI5kdQAVilBmACagNVQUlyIBwRrnq5BI6PD6sEAxvwoA0YzY4RAZLi24UCAgBjAQMMCDNlcA/?operator=OASI&adults=2&children=2020-08-12&nsv=1&objectId=199160&transport=accommodation_flight&departureDate=2026-07-18&returnDate=2026-07-25&departureLocation=Warszawa%2CWarszawa-Radom%2CWarszawa+-+Modlin%2CWarszawa+-+Radom&opt=delta&catering=all_inclusive","filter_turkey_vacation_jul18_2026","turcja","alanya","payallar","2026-07-18","2026-07-25","8","7","Warszawa,Warszawa-Radom,Warszawa - Modlin,Warszawa - Radom","2+1","turcja|alanya|2026-07-18|2026-07-25|7|Warszawa,Warszawa-Radom,Warszawa - Modlin,Warszawa - Radom|2+1"
"Daima Biz (Kemer)","9196.0","19.07.2026 - 26.07.2026","8 dni/7 nocy","3.1","3.1","454","tripadvisor","Warszawa","2026-06-14T10:36:41.516941+00:00","https://fly.pl/kierunek/turcja/?filter[dest]=39:&filter[hotelids]=&filter[cityids]=&filter[cregids]=&filter[ofrType]=&filter[addObjType]=&filter[whenFrom]=18-07-2026&filter[whenTo]=13-08-2026&filter[duration]=7:11&filter[from]=Warszawa,Warszawa-Radom,Warszawa%20-%20Modlin,Warszawa%20-%20Radom&filter[person]=2&filter[child]=1&filter[price]=4610:20000&filter[PriceFrom]=4610&filter[PriceTo]=20000&filter[addCategory]=50&filter[addCatering]=1&filter[addMisc]=0&filter[addTransport]=F&filter[fp]=1&order_by=ofr_price&filter[tourOperator]=0&filter[childAge][1]=20200812","https://fly.pl/cdn/photo/assets/uploads/582/278/2015/04/Daima-Biz-Resort-fly-pl.jpg","https://fly.pl/wycieczka/turcja,kemer,c/daima-biz-resort/pbUy14kXUPaCEpvKykpeB5AAogROgzVuLOVE1MJ0wfyZlbUwAAAACOdAQAq3QEAAcAAQAqBFdFWlkwu4i60QZI7EdQQVi9BmADahJGcmVlIEJpcmQgQWlybGluZXNyQp4BHwAcAQIAFgAXBhLtAxX8BxjSARNkFJUDEdgsT_IwTABAnBJQ58UBSwAbnDEd6vAOIB0NxOXCCQESYwEMYwEDC1aL5pY/?operator=WEZY&adults=2&children=2020-08-12&nsv=1&objectId=35073&transport=accommodation_flight&departureDate=2026-07-19&returnDate=2026-07-26&departureLocation=Warszawa%2CWarszawa-Radom%2CWarszawa+-+Modlin%2CWarszawa+-+Radom&opt=delta&catering=all_inclusive","filter_turkey_vacation_jul18_2026","turcja","kemer","c","2026-07-19","2026-07-26","8","7","Warszawa,Warszawa-Radom,Warszawa - Modlin,Warszawa - Radom","2+1","turcja|kemer|2026-07-19|2026-07-26|7|Warszawa,Warszawa-Radom,Warszawa - Modlin,Warszawa - Radom|2+1"
"Armas Bella Sun (ex.Club Bella Sun)","9251.0","19.07.2026 - 26.07.2026","8 dni/7 nocy","4.1","4.1","1185","tripadvisor","Warszawa","2026-06-14T10:36:41.516941+00:00","https://fly.pl/kierunek/turcja/?filter[dest]=39:&filter[hotelids]=&filter[cityids]=&filter[cregids]=&filter[ofrType]=&filter[addObjType]=&filter[whenFrom]=18-07-2026&filter[whenTo]=13-08-2026&filter[duration]=7:11&filter[from]=Warszawa,Warszawa-Radom,Warszawa%20-%20Modlin,Warszawa%20-%20Radom&filter[person]=2&filter[child]=1&filter[price]=4610:20000&filter[PriceFrom]=4610&filter[PriceTo]=20000&filter[addCategory]=50&filter[addCatering]=1&filter[addMisc]=0&filter[addTransport]=F&filter[fp]=1&order_by=ofr_price&filter[tourOperator]=0&filter[childAge][1]=20200812","https://fly.pl/cdn/photo/assets/uploads/582/278/2015/08/Armas-Bella-Sun.jpg","https://fly.pl/wycieczka/turcja,side,c/club-bella-sun/pnqHAjzeWOPOarSB3ZT0jUAAog4MMQuUUtqZ3hIzIXwVYUVgAAAACOdAQAdXQEAAcAAQAqBFdFWlkwu4i60QZIo0hQQVi9BmADahJGcmVlIEJpcmQgQWlybGluZXNqBDA3MDBqBDA5MTByQZ4BlQGYAR8AAgEWABwAFwYS7QMTsgoUlQNMyl1PAECcEhGCKUvlnAFQABucMSDR8A4dGQ3h5cIJARJjAQxjAQMLhZ4tgw/?operator=WEZY&adults=2&children=2020-08-12&nsv=1&objectId=1629&transport=accommodation_flight&departureDate=2026-07-19&returnDate=2026-07-26&departureLocation=Warszawa%2CWarszawa-Radom%2CWarszawa+-+Modlin%2CWarszawa+-+Radom&opt=delta&catering=all_inclusive","filter_turkey_vacation_jul18_2026","turcja","side","c","2026-07-19","2026-07-26","8","7","Warszawa,Warszawa-Radom,Warszawa - Modlin,Warszawa - Radom","2+1","turcja|side|2026-07-19|2026-07-26|7|Warszawa,Warszawa-Radom,Warszawa - Modlin,Warszawa - Radom|2+1"
"Diamond Hill Resort","9306.0","19.07.2026 - 26.07.2026","8 dni/7 nocy","4.3","4.3","2239","tripadvisor","Warszawa","2026-06-14T10:36:41.516941+00:00","https://fly.pl/kierunek/turcja/?filter[dest]=39:&filter[hotelids]=&filter[cityids]=&filter[cregids]=&filter[ofrType]=&filter[addObjType]=&filter[whenFrom]=18-07-2026&filter[whenTo]=13-08-2026&filter[duration]=7:11&filter[from]=Warszawa,Warszawa-Radom,Warszawa%20-%20Modlin,Warszawa%20-%20Radom&filter[person]=2&filter[child]=1&filter[price]=4610:20000&filter[PriceFrom]=4610&filter[PriceTo]=20000&filter[addCategory]=50&filter[addCatering]=1&filter[addMisc]=0&filter[addTransport]=F&filter[fp]=1&order_by=ofr_price&filter[tourOperator]=0&filter[childAge][1]=20200812","https://fly.pl/cdn/photo/assets/uploads/582/278/2014/10/Diamond-Hill-Resort.jpg","https://fly.pl/wycieczka/turcja,alanya,incekum/diamond-hill-resort/pT99NbOeWC2-msCtCVU2rUAAogzadc7nOpKWkjApw7HyxdPwAAAACOdAQAdXQEAAcAAAAqBFdFWlkwu4i60QZI2khQQVi9BmADahJGcmVlIEJpcmQgQWlybGluZXNqBDA3MDBqBDA5MTByQZ4BlQGYAR8AAgEWABwAFwYS7QMTsgoUlQMRlzlMsyRPAECcEkvnxQFQABv3MCD28A4dGQ3h5cIJARJjAQ1jAQMMLCaX0w/?operator=WEZY&adults=2&children=2020-08-12&nsv=1&objectId=77834&transport=accommodation_flight&departureDate=2026-07-19&returnDate=2026-07-26&departureLocation=Warszawa%2CWarszawa-Radom%2CWarszawa+-+Modlin%2CWarszawa+-+Radom&opt=delta&catering=all_inclusive","filter_turkey_vacation_jul18_2026","turcja","alanya","incekum","2026-07-19","2026-07-26","8","7","Warszawa,Warszawa-Radom,Warszawa - Modlin,Warszawa - Radom","2+1","turcja|alanya|2026-07-19|2026-07-26|7|Warszawa,Warszawa-Radom,Warszawa - Modlin,Warszawa - Radom|2+1"
"Armas Gul Beach","9329.0","19.07.2026 - 26.07.2026","8 dni/7 nocy","4.2","4.2","1498","tripadvisor","Warszawa","2026-06-14T10:36:41.516941+00:00","https://fly.pl/kierunek/turcja/?filter[dest]=39:&filter[hotelids]=&filter[cityids]=&filter[cregids]=&filter[ofrType]=&filter[addObjType]=&filter[whenFrom]=18-07-2026&filter[whenTo]=13-08-2026&filter[duration]=7:11&filter[from]=Warszawa,Warszawa-Radom,Warszawa%20-%20Modlin,Warszawa%20-%20Radom&filter[person]=2&filter[child]=1&filter[price]=4610:20000&filter[PriceFrom]=4610&filter[PriceTo]=20000&filter[addCategory]=50&filter[addCatering]=1&filter[addMisc]=0&filter[addTransport]=F&filter[fp]=1&order_by=ofr_price&filter[tourOperator]=0&filter[childAge][1]=20200812","https://fly.pl/cdn/photo/assets/uploads/582/278/2014/09/Armas-Gul-Beach-ex-Otium-Gul-Beach-Resort-fly-pl.jpg","https://fly.pl/wycieczka/turcja,kemer,c/gul-beach/pVTGEWBDgbcV7w1klFA9msAAogvVJb9bu7UqV9zOpcK4YNmgAAAACOdAQAdXQEAAcAAQAqBFdFWlkwu4i60QZI8UhQQVi9BmADahJGcmVlIEJpcmQgQWlybGluZXNqBDA3MDBqBDA5MTByQp4BlQGYAR8AAgEWABwAFwYS7QMTsgoUlQNMyl1PAECcEhHSH0uVpgFQABuR3wEg3MINHRkN4eXCCQESYwEMYwEDCxiDSJI/?operator=WEZY&adults=2&children=2020-08-12&nsv=1&objectId=6991&transport=accommodation_flight&departureDate=2026-07-19&returnDate=2026-07-26&departureLocation=Warszawa%2CWarszawa-Radom%2CWarszawa+-+Modlin%2CWarszawa+-+Radom&opt=delta&catering=all_inclusive","filter_turkey_vacation_jul18_2026","turcja","kemer","c","2026-07-19","2026-07-26","8","7","Warszawa,Warszawa-Radom,Warszawa - Modlin,Warszawa - Radom","2+1","turcja|kemer|2026-07-19|2026-07-26|7|Warszawa,Warszawa-Radom,Warszawa - Modlin,Warszawa - Radom|2+1"
"Oz Sui Resort","9350.0","22.07.2026 - 29.07.2026","8 dni/7 nocy","4.6","4.6","1939","tripadvisor","Warszawa","2026-06-14T10:36:41.516941+00:00","https://fly.pl/kierunek/turcja/?filter[dest]=39:&filter[hotelids]=&filter[cityids]=&filter[cregids]=&filter[ofrType]=&filter[addObjType]=&filter[whenFrom]=18-07-2026&filter[whenTo]=13-08-2026&filter[duration]=7:11&filter[from]=Warszawa,Warszawa-Radom,Warszawa%20-%20Modlin,Warszawa%20-%20Radom&filter[person]=2&filter[child]=1&filter[price]=4610:20000&filter[PriceFrom]=4610&filter[PriceTo]=20000&filter[addCategory]=50&filter[addCatering]=1&filter[addMisc]=0&filter[addTransport]=F&filter[fp]=1&order_by=ofr_price&filter[tourOperator]=0&filter[childAge][1]=20200812","https://fly.pl/cdn/photo/assets/uploads/582/278/2016/02/Oz-Hotels-Sui-Resort.jpg","https://fly.pl/wycieczka/turcja,alanya,c/sui-resort/pppcIz1GCRuwZ8JtRNjreyAAogefW-8JrXi1ozA_H_OMydhwLuLr51ZXfiuqRu7D0QClcqBEVYSU0wu4i60QZIhklQAViFB2ACagJBSXIhHBG9uAarBKPUQLkEZRvWoDcY55I7AbDRkp4KAhJjAQIGi98Png/?operator=EXIM&adults=2&children=2020-08-12&nsv=1&objectId=178996&transport=accommodation_flight&departureDate=2026-07-22&returnDate=2026-07-29&departureLocation=Warszawa%2CWarszawa-Radom%2CWarszawa+-+Modlin%2CWarszawa+-+Radom&opt=delta&catering=all_inclusive","filter_turkey_vacation_jul18_2026","turcja","alanya","c","2026-07-22","2026-07-29","8","7","Warszawa,Warszawa-Radom,Warszawa - Modlin,Warszawa - Radom","2+1","turcja|alanya|2026-07-22|2026-07-29|7|Warszawa,Warszawa-Radom,Warszawa - Modlin,Warszawa - Radom|2+1"
"M. C. Arancia Resort","9383.0","19.07.2026 - 26.07.2026","8 dni/7 nocy","3.7","3.7","2742","tripadvisor","Warszawa","2026-06-14T10:36:41.516941+00:00","https://fly.pl/kierunek/turcja/?filter[dest]=39:&filter[hotelids]=&filter[cityids]=&filter[cregids]=&filter[ofrType]=&filter[addObjType]=&filter[whenFrom]=18-07-2026&filter[whenTo]=13-08-2026&filter[duration]=7:11&filter[from]=Warszawa,Warszawa-Radom,Warszawa%20-%20Modlin,Warszawa%20-%20Radom&filter[person]=2&filter[child]=1&filter[price]=4610:20000&filter[PriceFrom]=4610&filter[PriceTo]=20000&filter[addCategory]=50&filter[addCatering]=1&filter[addMisc]=0&filter[addTransport]=F&filter[fp]=1&order_by=ofr_price&filter[tourOperator]=0&filter[childAge][1]=20200812","https://fly.pl/cdn/photo/assets/uploads/582/278/2015/04/M.-C.-Arancia-Resort-fly-pl.jpg","https://fly.pl/wycieczka/turcja,alanya,konakli/m-c-arancia-resort/p9RxtErMRQpXl9AsXif9g6AAogxe1FzIHO5fhW1GglguZujwAAAACOdAQAdXQEAAcAAAAqBFdFWlkwu4i60QZIp0lQQVi9BmADahJGcmVlIEJpcmQgQWlybGluZXNqBDA3MDBqBDA5MTByQJ4BlQGYAR8AHAECABYAFwYS7QMRGBOaChSVA0zKXU8AQJwSS-fFAVAAG_cwIPbwDh0ZDeHlwgkBEmMBDGMBAwuv2UUJ/?operator=WEZY&adults=2&children=2020-08-12&nsv=1&objectId=1590&transport=accommodation_flight&departureDate=2026-07-19&returnDate=2026-07-26&departureLocation=Warszawa%2CWarszawa-Radom%2CWarszawa+-+Modlin%2CWarszawa+-+Radom&opt=delta&catering=all_inclusive","filter_turkey_vacation_jul18_2026","turcja","alanya","konakli","2026-07-19","2026-07-26","8","7","Warszawa,Warszawa-Radom,Warszawa - Modlin,Warszawa - Radom","2+1","turcja|alanya|2026-07-19|2026-07-26|7|Warszawa,Warszawa-Radom,Warszawa - Modlin,Warszawa - Radom|2+1"
"Presa Di Finica (Finike)","9397.0","23.07.2026 - 30.07.2026","8 dni/7 nocy","4.0","4.0","677","tripadvisor","Warszawa","2026-06-14T10:36:41.516941+00:00","https://fly.pl/kierunek/turcja/?filter[dest]=39:&filter[hotelids]=&filter[cityids]=&filter[cregids]=&filter[ofrType]=&filter[addObjType]=&filter[whenFrom]=18-07-2026&filter[whenTo]=13-08-2026&filter[duration]=7:11&filter[from]=Warszawa,Warszawa-Radom,Warszawa%20-%20Modlin,Warszawa%20-%20Radom&filter[person]=2&filter[child]=1&filter[price]=4610:20000&filter[PriceFrom]=4610&filter[PriceTo]=20000&filter[addCategory]=50&filter[addCatering]=1&filter[addMisc]=0&filter[addTransport]=F&filter[fp]=1&order_by=ofr_price&filter[tourOperator]=0&filter[childAge][1]=20200812","https://fly.pl/cdn/photo/assets/uploads/582/278/2016/02/presa-di-finica.jpg","https://fly.pl/wycieczka/turcja,kemer,finike/presa-di-finica-finike/p_4oR9LATuqt0KA9fmoVovAAogjTQAmhIrd9qWVd5U4n6NRFcbW0kfwNyF5b7TGk4Wi78qBFZJVFgwu4i60QZItUlQQVidB2ACcj8aABUHFwBcA1gFQI8DU-drUgBb2BdevnxLgRJhAEyOqy4NyY6kCSAAUbuT9u1YT8PjIV3Ej9OLhQECDmMBAg0bBKxp/?operator=VITX&adults=2&children=2020-08-12&nsv=1&objectId=1686&transport=accommodation_flight&departureDate=2026-07-23&returnDate=2026-07-30&departureLocation=Warszawa%2CWarszawa-Radom%2CWarszawa+-+Modlin%2CWarszawa+-+Radom&opt=delta&catering=all_inclusive","filter_turkey_vacation_jul18_2026","turcja","kemer","finike","2026-07-23","2026-07-30","8","7","Warszawa,Warszawa-Radom,Warszawa - Modlin,Warszawa - Radom","2+1","turcja|kemer|2026-07-23|2026-07-30|7|Warszawa,Warszawa-Radom,Warszawa - Modlin,Warszawa - Radom|2+1"
"Beach Club Doganay","9401.0","19.07.2026 - 26.07.2026","8 dni/7 nocy","4.1","4.1","2231","tripadvisor","Warszawa","2026-06-14T10:36:41.516941+00:00","https://fly.pl/kierunek/turcja/?filter[dest]=39:&filter[hotelids]=&filter[cityids]=&filter[cregids]=&filter[ofrType]=&filter[addObjType]=&filter[whenFrom]=18-07-2026&filter[whenTo]=13-08-2026&filter[duration]=7:11&filter[from]=Warszawa,Warszawa-Radom,Warszawa%20-%20Modlin,Warszawa%20-%20Radom&filter[person]=2&filter[child]=1&filter[price]=4610:20000&filter[PriceFrom]=4610&filter[PriceTo]=20000&filter[addCategory]=50&filter[addCatering]=1&filter[addMisc]=0&filter[addTransport]=F&filter[fp]=1&order_by=ofr_price&filter[tourOperator]=0&filter[childAge][1]=20200812","https://fly.pl/cdn/photo/assets/uploads/582/278/2015/04/Beach-Club-Doganay.jpg","https://fly.pl/wycieczka/turcja,alanya,konakli/beach-club-doganay/pIrjEYO_GcO7NTNA-ik0b1AAoguPDgvyIHU6GWGPsCLK0JPAAAAACOdAQAdXQEAAcAAAAqBFdFWlkwu4i60QZIuUlQQVi9BmADahJGcmVlIEJpcmQgQWlybGluZXNqBDA3MDBqBDA5MTByQZ4BlQGYAR8AAgEWABwAFwYS7QMTsgoUlQNMyl1PAECcEhGjJkvEnwFQABvccyCRrg4dGQ3h5cIJARJjAQtjAQMKr50eaw/?operator=WEZY&adults=2&children=2020-08-12&nsv=1&objectId=1594&transport=accommodation_flight&departureDate=2026-07-19&returnDate=2026-07-26&departureLocation=Warszawa%2CWarszawa-Radom%2CWarszawa+-+Modlin%2CWarszawa+-+Radom&opt=delta&catering=all_inclusive","filter_turkey_vacation_jul18_2026","turcja","alanya","konakli","2026-07-19","2026-07-26","8","7","Warszawa,Warszawa-Radom,Warszawa - Modlin,Warszawa - Radom","2+1","turcja|alanya|2026-07-19|2026-07-26|7|Warszawa,Warszawa-Radom,Warszawa - Modlin,Warszawa - Radom|2+1"
"Ozkaymak Marina (Kemer)","9413.0","20.07.2026 - 27.07.2026","8 dni/7 nocy","3.9","3.9","1208","tripadvisor","Warszawa","2026-06-14T10:36:41.516941+00:00","https://fly.pl/kierunek/turcja/?filter[dest]=39:&filter[hotelids]=&filter[cityids]=&filter[cregids]=&filter[ofrType]=&filter[addObjType]=&filter[whenFrom]=18-07-2026&filter[whenTo]=13-08-2026&filter[duration]=7:11&filter[from]=Warszawa,Warszawa-Radom,Warszawa%20-%20Modlin,Warszawa%20-%20Radom&filter[person]=2&filter[child]=1&filter[price]=4610:20000&filter[PriceFrom]=4610&filter[PriceTo]=20000&filter[addCategory]=50&filter[addCatering]=1&filter[addMisc]=0&filter[addTransport]=F&filter[fp]=1&order_by=ofr_price&filter[tourOperator]=0&filter[childAge][1]=20200812","https://fly.pl/cdn/photo/assets/uploads/582/278/2016/05/Ozkaymak-Kemer-Marina.jpg","https://fly.pl/wycieczka/turcja,kemer,c/ozkaymak-kemer-marina/pBvqTjrev2-pg5yhoVbTRxAAogtachTxscPgJgY52erRuMF011eDE-prut4HX7XxcZmEkqBEpPSU4wu4i60QZIxUlQAVjVBmACagJVQXIgHBG2RrkElL0CqwQoG8CbJxiB1AIB3K20oAECEmMBAws3wgwb/?operator=JOIN&adults=2&children=2020-08-12&nsv=1&objectId=2059&transport=accommodation_flight&departureDate=2026-07-20&returnDate=2026-07-27&departureLocation=Warszawa%2CWarszawa-Radom%2CWarszawa+-+Modlin%2CWarszawa+-+Radom&opt=delta&catering=all_inclusive","filter_turkey_vacation_jul18_2026","turcja","kemer","c","2026-07-20","2026-07-27","8","7","Warszawa,Warszawa-Radom,Warszawa - Modlin,Warszawa - Radom","2+1","turcja|kemer|2026-07-20|2026-07-27|7|Warszawa,Warszawa-Radom,Warszawa - Modlin,Warszawa - Radom|2+1"
"The Nora Hotels Family Club (Kargicak)","9416.0","20.07.2026 - 27.07.2026","8 dni/7 nocy","2.6","2.6","136","tripadvisor","Warszawa","2026-06-14T10:36:41.516941+00:00","https://fly.pl/kierunek/turcja/?filter[dest]=39:&filter[hotelids]=&filter[cityids]=&filter[cregids]=&filter[ofrType]=&filter[addObjType]=&filter[whenFrom]=18-07-2026&filter[whenTo]=13-08-2026&filter[duration]=7:11&filter[from]=Warszawa,Warszawa-Radom,Warszawa%20-%20Modlin,Warszawa%20-%20Radom&filter[person]=2&filter[child]=1&filter[price]=4610:20000&filter[PriceFrom]=4610&filter[PriceTo]=20000&filter[addCategory]=50&filter[addCatering]=1&filter[addMisc]=0&filter[addTransport]=F&filter[fp]=1&order_by=ofr_price&filter[tourOperator]=0&filter[childAge][1]=20200812","https://fly.pl/cdn/photo/assets/uploads/582/278/2024/07/scylax-family-club-kargicak.jpg","https://fly.pl/wycieczka/turcja,alanya,mahmutlar/scylax-family-club-kargicak-15/pBpCkyXTazaAmd-deiQEESAAogeOqVyLX8iTEWAoExNpYy2011eDE-prut4HX7XxcZmEkqBEpPSU4wu4i60QZIyElQAVjVBmACagJBSXIgHBH6RLkE0L4CqwQoG5yYJxiG2gIB1cWpoAECEmMBAg7naliS/?operator=JOIN&adults=2&children=2020-08-12&nsv=1&objectId=219065&transport=accommodation_flight&departureDate=2026-07-20&returnDate=2026-07-27&departureLocation=Warszawa%2CWarszawa-Radom%2CWarszawa+-+Modlin%2CWarszawa+-+Radom&opt=delta&catering=all_inclusive","filter_turkey_vacation_jul18_2026","turcja","alanya","mahmutlar","2026-07-20","2026-07-27","8","7","Warszawa,Warszawa-Radom,Warszawa - Modlin,Warszawa - Radom","2+1","turcja|alanya|2026-07-20|2026-07-27|7|Warszawa,Warszawa-Radom,Warszawa - Modlin,Warszawa - Radom|2+1"
"Viking Star","9419.0","21.07.2026 - 29.07.2026","9 dni/8 nocy","4.1","4.1","1495","tripadvisor","Warszawa","2026-06-14T10:36:41.516941+00:00","https://fly.pl/kierunek/turcja/?filter[dest]=39:&filter[hotelids]=&filter[cityids]=&filter[cregids]=&filter[ofrType]=&filter[addObjType]=&filter[whenFrom]=18-07-2026&filter[whenTo]=13-08-2026&filter[duration]=7:11&filter[from]=Warszawa,Warszawa-Radom,Warszawa%20-%20Modlin,Warszawa%20-%20Radom&filter[person]=2&filter[child]=1&filter[price]=4610:20000&filter[PriceFrom]=4610&filter[PriceTo]=20000&filter[addCategory]=50&filter[addCatering]=1&filter[addMisc]=0&filter[addTransport]=F&filter[fp]=1&order_by=ofr_price&filter[tourOperator]=0&filter[childAge][1]=20200812","https://fly.pl/cdn/photo/assets/uploads/582/278/2014/09/Viking-Star.jpg","https://fly.pl/wycieczka/turcja,kemer,c/viking-star/p_P9aLjWdtE-haQ3WnSC6EAAoghn9BvaTcxJIYjv1CeSFNVmcowcRFSimdZCEXnLk7UoMqBE9SRVgwu4i60QZIy0lQQVjtBmACagVFLjIuMXI1mwEVCBcAXAJYBVYCEXNA1wVP20BdJFOrJ1IAXpaUAUvtQ2EATOWMOiCE-5cJDQACEmMBAwteHAHE/?operator=OREX&adults=2&children=2020-08-12&nsv=1&objectId=2836&transport=accommodation_flight&departureDate=2026-07-21&returnDate=2026-07-29&departureLocation=Warszawa%2CWarszawa-Radom%2CWarszawa+-+Modlin%2CWarszawa+-+Radom&opt=delta&catering=all_inclusive","filter_turkey_vacation_jul18_2026","turcja","kemer","c","2026-07-21","2026-07-29","9","8","Warszawa,Warszawa-Radom,Warszawa - Modlin,Warszawa - Radom","2+1","turcja|kemer|2026-07-21|2026-07-29|8|Warszawa,Warszawa-Radom,Warszawa - Modlin,Warszawa - Radom|2+1"
"Armella Hill","9446.0","19.07.2026 - 26.07.2026","8 dni/7 nocy","4.1","4.1","146","tripadvisor","Warszawa","2026-06-14T10:36:41.516941+00:00","https://fly.pl/kierunek/turcja/?filter[dest]=39:&filter[hotelids]=&filter[cityids]=&filter[cregids]=&filter[ofrType]=&filter[addObjType]=&filter[whenFrom]=18-07-2026&filter[whenTo]=13-08-2026&filter[duration]=7:11&filter[from]=Warszawa,Warszawa-Radom,Warszawa%20-%20Modlin,Warszawa%20-%20Radom&filter[person]=2&filter[child]=1&filter[price]=4610:20000&filter[PriceFrom]=4610&filter[PriceTo]=20000&filter[addCategory]=50&filter[addCatering]=1&filter[addMisc]=0&filter[addTransport]=F&filter[fp]=1&order_by=ofr_price&filter[tourOperator]=0&filter[childAge][1]=20200812","https://fly.pl/cdn/photo/assets/uploads/582/278/2024/07/armella-hill.jpg","https://fly.pl/wycieczka/turcja,side,manavgat/armella-hill-11/pSeowS2-dgLHqj41U3NxTWAAogBZSNsyMO2jgVPqBMDNE9XAAAAACOdAQAdXQEAAcAEgAqBFdFWlkwu4i60QZI5klQQVi9BmADahJGcmVlIEJpcmQgQWlybGluZXNqBDA3MDBqBDA5MTByQZ4BlQGYAR8AAgEWABwAFwYS7QMTsgoUlQNMyl1PAECcEhG9mQFLqixQABuzViC6yw4dGQ3h5cIJARJjAQxjAQMKUAlWgA/?operator=WEZY&adults=2&children=2020-08-12&nsv=1&objectId=215689&transport=accommodation_flight&departureDate=2026-07-19&returnDate=2026-07-26&departureLocation=Warszawa%2CWarszawa-Radom%2CWarszawa+-+Modlin%2CWarszawa+-+Radom&opt=delta&catering=all_inclusive","filter_turkey_vacation_jul18_2026","turcja","side","manavgat","2026-07-19","2026-07-26","8","7","Warszawa,Warszawa-Radom,Warszawa - Modlin,Warszawa - Radom","2+1","turcja|side|2026-07-19|2026-07-26|7|Warszawa,Warszawa-Radom,Warszawa - Modlin,Warszawa - Radom|2+1"
"Sultan of Dreams","9465.0","22.07.2026 - 29.07.2026","8 dni/7 nocy","3.2","3.2","398","tripadvisor","Warszawa","2026-06-14T10:36:41.516941+00:00","https://fly.pl/kierunek/turcja/?filter[dest]=39:&filter[hotelids]=&filter[cityids]=&filter[cregids]=&filter[ofrType]=&filter[addObjType]=&filter[whenFrom]=18-07-2026&filter[whenTo]=13-08-2026&filter[duration]=7:11&filter[from]=Warszawa,Warszawa-Radom,Warszawa%20-%20Modlin,Warszawa%20-%20Radom&filter[person]=2&filter[child]=1&filter[price]=4610:20000&filter[PriceFrom]=4610&filter[PriceTo]=20000&filter[addCategory]=50&filter[addCatering]=1&filter[addMisc]=0&filter[addTransport]=F&filter[fp]=1&order_by=ofr_price&filter[tourOperator]=0&filter[childAge][1]=20200812","https://fly.pl/cdn/photo/assets/uploads/582/278/2015/04/Sultan-of-Dreams-fly-pl.jpg","https://fly.pl/wycieczka/turcja,side,manavgat/sultan-of-dreams/pplYL_FemIgriSOAxvsLBsAAogKUIV2LuvEuD_OON2kX_hEQLuLr51ZXfiuqRu7D0QClcqBEVYSU0wu4i60QZI-UlQAViFB2ACagJBSXIhHBHI7wWrBJidQbkEZRvr4iQY5745AeW63fUIAhJjAQIMVJGCcQ/?operator=EXIM&adults=2&children=2020-08-12&nsv=1&objectId=105413&transport=accommodation_flight&departureDate=2026-07-22&returnDate=2026-07-29&departureLocation=Warszawa%2CWarszawa-Radom%2CWarszawa+-+Modlin%2CWarszawa+-+Radom&opt=delta&catering=all_inclusive","filter_turkey_vacation_jul18_2026","turcja","side","manavgat","2026-07-22","2026-07-29","8","7","Warszawa,Warszawa-Radom,Warszawa - Modlin,Warszawa - Radom","2+1","turcja|side|2026-07-22|2026-07-29|7|Warszawa,Warszawa-Radom,Warszawa - Modlin,Warszawa - Radom|2+1"
"Sunland Resort (ex. Imperial Sunland Resort & Spa)","9483.0","19.07.2026 - 26.07.2026","8 dni/7 nocy","4.0","4.0","1481","tripadvisor","Warszawa","2026-06-14T10:36:41.516941+00:00","https://fly.pl/kierunek/turcja/?filter[dest]=39:&filter[hotelids]=&filter[cityids]=&filter[cregids]=&filter[ofrType]=&filter[addObjType]=&filter[whenFrom]=18-07-2026&filter[whenTo]=13-08-2026&filter[duration]=7:11&filter[from]=Warszawa,Warszawa-Radom,Warszawa%20-%20Modlin,Warszawa%20-%20Radom&filter[person]=2&filter[child]=1&filter[price]=4610:20000&filter[PriceFrom]=4610&filter[PriceTo]=20000&filter[addCategory]=50&filter[addCatering]=1&filter[addMisc]=0&filter[addTransport]=F&filter[fp]=1&order_by=ofr_price&filter[tourOperator]=0&filter[childAge][1]=20200812","https://fly.pl/cdn/photo/assets/uploads/582/278/2015/04/Imperial-Sunland-Resort-Spa.jpg","https://fly.pl/wycieczka/turcja,kemer,beldibi/sunland-resort/pvmR4Oo5VV4rvFhlCl5CcoAAogsgh6IcoxTppI0aNIRJ89jwAAAACOdAQAdXQEAAcAAAAqBFdFWlkwu4i60QZIi0pQQVi9BmADahJGcmVlIEJpcmQgQWlybGluZXNqBDA3MDBqBDA5MTByQp4BlQGYAR8AAgEWABwAFwYS7QMTsgoUlQMRzSFM_TtPAECcEkvnxQFQACDtoQ8dGRvh-EkNgO34CAESYwEHYwEDBlFVhQU/?operator=WEZY&adults=2&children=2020-08-12&nsv=1&objectId=2088&transport=accommodation_flight&departureDate=2026-07-19&returnDate=2026-07-26&departureLocation=Warszawa%2CWarszawa-Radom%2CWarszawa+-+Modlin%2CWarszawa+-+Radom&opt=delta&catering=all_inclusive","filter_turkey_vacation_jul18_2026","turcja","kemer","beldibi","2026-07-19","2026-07-26","8","7","Warszawa,Warszawa-Radom,Warszawa - Modlin,Warszawa - Radom","2+1","turcja|kemer|2026-07-19|2026-07-26|7|Warszawa,Warszawa-Radom,Warszawa - Modlin,Warszawa - Radom|2+1"
"Cenger Blue Collection","9510.0","22.07.2026 - 29.07.2026","8 dni/7 nocy","","","","","Warszawa","2026-06-14T10:36:41.516941+00:00","https://fly.pl/kierunek/turcja/?filter[dest]=39:&filter[hotelids]=&filter[cityids]=&filter[cregids]=&filter[ofrType]=&filter[addObjType]=&filter[whenFrom]=18-07-2026&filter[whenTo]=13-08-2026&filter[duration]=7:11&filter[from]=Warszawa,Warszawa-Radom,Warszawa%20-%20Modlin,Warszawa%20-%20Radom&filter[person]=2&filter[child]=1&filter[price]=4610:20000&filter[PriceFrom]=4610&filter[PriceTo]=20000&filter[addCategory]=50&filter[addCatering]=1&filter[addMisc]=0&filter[addTransport]=F&filter[fp]=1&order_by=ofr_price&filter[tourOperator]=0&filter[childAge][1]=20200812","https://datacfstatic.merlinx.pl/EXIM/IMG/107730/67efe0da2a917882a30c9479fe604bc779a4db7a7963a6442cb1e1cab1a455d2.webp","https://fly.pl/wycieczka/turcja,side,kizilot/cenger-blue-collection-12/p_0rKQMkUkKtoohD1okvttAAog-d2t2B_5cwxX642tLkevUALuLr51ZXfiuqRu7D0QClcqBEVYSU0wu4i60QZIpkpQAViFB2ACagNVQUlyIRwR0skGqwSOw0C5BGUb0ro5GMHWPQHJ7-vmCgISYwECBn1835o/?operator=EXIM&adults=2&children=2020-08-12&nsv=1&objectId=236585&transport=accommodation_flight&departureDate=2026-07-22&returnDate=2026-07-29&departureLocation=Warszawa%2CWarszawa-Radom%2CWarszawa+-+Modlin%2CWarszawa+-+Radom&opt=delta&catering=all_inclusive","filter_turkey_vacation_jul18_2026","turcja","side","kizilot","2026-07-22","2026-07-29","8","7","Warszawa,Warszawa-Radom,Warszawa - Modlin,Warszawa - Radom","2+1","turcja|side|2026-07-22|2026-07-29|7|Warszawa,Warszawa-Radom,Warszawa - Modlin,Warszawa - Radom|2+1"
"Selectum Colours Side","9581.0","21.07.2026 - 29.07.2026","9 dni/8 nocy","3.9","3.9","1171","tripadvisor","Warszawa","2026-06-14T10:36:41.516941+00:00","https://fly.pl/kierunek/turcja/?filter[dest]=39:&filter[hotelids]=&filter[cityids]=&filter[cregids]=&filter[ofrType]=&filter[addObjType]=&filter[whenFrom]=18-07-2026&filter[whenTo]=13-08-2026&filter[duration]=7:11&filter[from]=Warszawa,Warszawa-Radom,Warszawa%20-%20Modlin,Warszawa%20-%20Radom&filter[person]=2&filter[child]=1&filter[price]=4610:20000&filter[PriceFrom]=4610&filter[PriceTo]=20000&filter[addCategory]=50&filter[addCatering]=1&filter[addMisc]=0&filter[addTransport]=F&filter[fp]=1&order_by=ofr_price&filter[tourOperator]=0&filter[childAge][1]=20200812","https://datacfstatic.merlinx.pl/OREX/IMG/5779/7e6360396de02c5442f31d6c0d3b7fe85f7954c8ecb6c757744a46918d739685.webp","https://fly.pl/wycieczka/turcja,side,manavgat/fun-sun-life-side-14/pTD9PE_unBZRwhErKWPsEWAAogt3d81pGBiPnr87_OFgtZCGcowcRFSimdZCEXnLk7UoMqBE9SRVgwu4i60QZI7UpQQVjtBmACagdFQkYuMi4xcjabARUIFwBYB1YCXAhAwgYRuCZPoxpdJFOrJ1IAXpaUAUvtQ2EATOWMOiCE-5cJDQACEmMBAgtioodU/?operator=OREX&adults=2&children=2020-08-12&nsv=1&objectId=205200&transport=accommodation_flight&departureDate=2026-07-21&returnDate=2026-07-29&departureLocation=Warszawa%2CWarszawa-Radom%2CWarszawa+-+Modlin%2CWarszawa+-+Radom&opt=delta&catering=all_inclusive","filter_turkey_vacation_jul18_2026","turcja","side","manavgat","2026-07-21","2026-07-29","9","8","Warszawa,Warszawa-Radom,Warszawa - Modlin,Warszawa - Radom","2+1","turcja|side|2026-07-21|2026-07-29|8|Warszawa,Warszawa-Radom,Warszawa - Modlin,Warszawa - Radom|2+1"
"Kaila Beach (ex Katya)","9591.0","19.07.2026 - 26.07.2026","8 dni/7 nocy","4.4","4.4","1795","tripadvisor","Warszawa","2026-06-14T10:36:41.516941+00:00","https://fly.pl/kierunek/turcja/?filter[dest]=39:&filter[hotelids]=&filter[cityids]=&filter[cregids]=&filter[ofrType]=&filter[addObjType]=&filter[whenFrom]=18-07-2026&filter[whenTo]=13-08-2026&filter[duration]=7:11&filter[from]=Warszawa,Warszawa-Radom,Warszawa%20-%20Modlin,Warszawa%20-%20Radom&filter[person]=2&filter[child]=1&filter[price]=4610:20000&filter[PriceFrom]=4610&filter[PriceTo]=20000&filter[addCategory]=50&filter[addCatering]=1&filter[addMisc]=0&filter[addTransport]=F&filter[fp]=1&order_by=ofr_price&filter[tourOperator]=0&filter[childAge][1]=20200812","https://fly.pl/cdn/photo/assets/uploads/582/278/2014/09/Kaila-Beach.jpg","https://fly.pl/wycieczka/turcja,alanya,c/krizantem-katya/pYSpYluA4wM1XX2dWIXFWXAAogA1fhEJkKZVi_BsbRcCmRUgAAAACOdAQAdXQEAAcAAQAqBFdFWlkwu4i60QZI90pQQVi9BmADahJGcmVlIEJpcmQgQWlybGluZXNqBDA3MDBqBDA5MTByQZ4BlQGYAR8AHAECABYEFwIS7QMRLxODChSVA0zKXU8AQJwSS-fFAVAAIO2hDx0ZG6rABQ23pb0JARJjAQxjAQILwRv2wA/?operator=WEZY&adults=2&children=2020-08-12&nsv=1&objectId=3934&transport=accommodation_flight&departureDate=2026-07-19&returnDate=2026-07-26&departureLocation=Warszawa%2CWarszawa-Radom%2CWarszawa+-+Modlin%2CWarszawa+-+Radom&opt=delta&catering=all_inclusive","filter_turkey_vacation_jul18_2026","turcja","alanya","c","2026-07-19","2026-07-26","8","7","Warszawa,Warszawa-Radom,Warszawa - Modlin,Warszawa - Radom","2+1","turcja|alanya|2026-07-19|2026-07-26|7|Warszawa,Warszawa-Radom,Warszawa - Modlin,Warszawa - Radom|2+1"
"Side Moon Palace","9601.0","20.07.2026 - 27.07.2026","8 dni/7 nocy","4.4","4.4","992","tripadvisor","Warszawa","2026-06-14T10:36:41.516941+00:00","https://fly.pl/kierunek/turcja/?filter[dest]=39:&filter[hotelids]=&filter[cityids]=&filter[cregids]=&filter[ofrType]=&filter[addObjType]=&filter[whenFrom]=18-07-2026&filter[whenTo]=13-08-2026&filter[duration]=7:11&filter[from]=Warszawa,Warszawa-Radom,Warszawa%20-%20Modlin,Warszawa%20-%20Radom&filter[person]=2&filter[child]=1&filter[price]=4610:20000&filter[PriceFrom]=4610&filter[PriceTo]=20000&filter[addCategory]=50&filter[addCatering]=1&filter[addMisc]=0&filter[addTransport]=F&filter[fp]=1&order_by=ofr_price&filter[tourOperator]=0&filter[childAge][1]=20200812","https://fly.pl/cdn/photo/assets/uploads/582/278/2023/12/Side-Moon-Palace.jpg","https://fly.pl/wycieczka/turcja,side,c/side-moon-palace-15/p6BY-cRsUn-5qh2d7uPe0AAAogcvaxnfpCB0pLdCieb3nUq011eDE-prut4HX7XxcZmEkqBEpPSU4wu4i60QZIgUtQAVjVBmACagJVQXIgHBGuRbkEnL4CqwQoG9zDJxiu0gIB1LPEogECEmMBAgoIzKb3/?operator=JOIN&adults=2&children=2020-08-12&nsv=1&objectId=226656&transport=accommodation_flight&departureDate=2026-07-20&returnDate=2026-07-27&departureLocation=Warszawa%2CWarszawa-Radom%2CWarszawa+-+Modlin%2CWarszawa+-+Radom&opt=delta&catering=all_inclusive","filter_turkey_vacation_jul18_2026","turcja","side","c","2026-07-20","2026-07-27","8","7","Warszawa,Warszawa-Radom,Warszawa - Modlin,Warszawa - Radom","2+1","turcja|side|2026-07-20|2026-07-27|7|Warszawa,Warszawa-Radom,Warszawa - Modlin,Warszawa - Radom|2+1"
"Palemon Resort & Spa","9606.0","19.07.2026 - 26.07.2026","8 dni/7 nocy","","","","","Warszawa","2026-06-14T10:36:41.516941+00:00","https://fly.pl/kierunek/turcja/?filter[dest]=39:&filter[hotelids]=&filter[cityids]=&filter[cregids]=&filter[ofrType]=&filter[addObjType]=&filter[whenFrom]=18-07-2026&filter[whenTo]=13-08-2026&filter[duration]=7:11&filter[from]=Warszawa,Warszawa-Radom,Warszawa%20-%20Modlin,Warszawa%20-%20Radom&filter[person]=2&filter[child]=1&filter[price]=4610:20000&filter[PriceFrom]=4610&filter[PriceTo]=20000&filter[addCategory]=50&filter[addCatering]=1&filter[addMisc]=0&filter[addTransport]=F&filter[fp]=1&order_by=ofr_price&filter[tourOperator]=0&filter[childAge][1]=20200812","https://datacfstatic.merlinx.pl/WEZY/IMG/75846/cccb44589cc7490965acc664a5597084c6c6b69af6d5deccb3149abe92dc0513.webp","https://fly.pl/wycieczka/turcja,side,manavgat/palemon-resort-spa-14/pO0bTmG9BUuQrGnO6uoLPqAAogctXOpJFtl4bRv5ZI8iZ9IwAAAADFdAQA4XQEAAcAEgAqBFdFWlkwu4i60QZIhktQQVi9BmADaglFbnRlciBBaXJyRJ4BHwAcAQIAFgAXBhLtAxXBBRjXARMeFMIDTJlgTwBAnBJQ58UBSwARvokCHf-YDSAcG-70ZA2g8N0IARJjAQ1jAQIMhaAF4g/?operator=WEZY&adults=2&children=2020-08-12&nsv=1&objectId=231955&transport=accommodation_flight&departureDate=2026-07-19&returnDate=2026-07-26&departureLocation=Warszawa%2CWarszawa-Radom%2CWarszawa+-+Modlin%2CWarszawa+-+Radom&opt=delta&catering=all_inclusive","filter_turkey_vacation_jul18_2026","turcja","side","manavgat","2026-07-19","2026-07-26","8","7","Warszawa,Warszawa-Radom,Warszawa - Modlin,Warszawa - Radom","2+1","turcja|side|2026-07-19|2026-07-26|7|Warszawa,Warszawa-Radom,Warszawa - Modlin,Warszawa - Radom|2+1"
"Armas Green Fugla","9617.0","21.07.2026 - 29.07.2026","9 dni/8 nocy","3.9","3.9","796","tripadvisor","Warszawa","2026-06-14T10:36:41.516941+00:00","https://fly.pl/kierunek/turcja/?filter[dest]=39:&filter[hotelids]=&filter[cityids]=&filter[cregids]=&filter[ofrType]=&filter[addObjType]=&filter[whenFrom]=18-07-2026&filter[whenTo]=13-08-2026&filter[duration]=7:11&filter[from]=Warszawa,Warszawa-Radom,Warszawa%20-%20Modlin,Warszawa%20-%20Radom&filter[person]=2&filter[child]=1&filter[price]=4610:20000&filter[PriceFrom]=4610&filter[PriceTo]=20000&filter[addCategory]=50&filter[addCatering]=1&filter[addMisc]=0&filter[addTransport]=F&filter[fp]=1&order_by=ofr_price&filter[tourOperator]=0&filter[childAge][1]=20200812","https://fly.pl/cdn/photo/assets/uploads/582/278/2014/09/Armas-Green-Fugla.jpg","https://fly.pl/wycieczka/turcja,alanya,c/green-fugla-beach/p2LUTL12lOFfSxVeSNvXAoAAogJim-MAgyOPWH7ZIInqWiNGcowcRFSimdZCEXnLk7UoMqBE9SRVgwvYi60QZIkUtQQVjtBmACagVFLjIuMXI2mwEVCBcAWAdWAlwIQMIGEdAPT4sxXSRTqydSAF6WlAFL7UNhAEzljDoghPuXCQ0AAhJjAQILGpTkIA/?operator=OREX&adults=2&children=2020-08-12&nsv=1&objectId=153011&transport=accommodation_flight&departureDate=2026-07-21&returnDate=2026-07-29&departureLocation=Warszawa%2CWarszawa-Radom%2CWarszawa+-+Modlin%2CWarszawa+-+Radom&opt=delta&catering=all_inclusive","filter_turkey_vacation_jul18_2026","turcja","alanya","c","2026-07-21","2026-07-29","9","8","Warszawa,Warszawa-Radom,Warszawa - Modlin,Warszawa - Radom","2+1","turcja|alanya|2026-07-21|2026-07-29|8|Warszawa,Warszawa-Radom,Warszawa - Modlin,Warszawa - Radom|2+1"
"Ring Beach (Kemer)","9639.0","21.07.2026 - 29.07.2026","9 dni/8 nocy","3.6","3.6","371","tripadvisor","Warszawa","2026-06-14T10:36:41.516941+00:00","https://fly.pl/kierunek/turcja/?filter[dest]=39:&filter[hotelids]=&filter[cityids]=&filter[cregids]=&filter[ofrType]=&filter[addObjType]=&filter[whenFrom]=18-07-2026&filter[whenTo]=13-08-2026&filter[duration]=7:11&filter[from]=Warszawa,Warszawa-Radom,Warszawa%20-%20Modlin,Warszawa%20-%20Radom&filter[person]=2&filter[child]=1&filter[price]=4610:20000&filter[PriceFrom]=4610&filter[PriceTo]=20000&filter[addCategory]=50&filter[addCatering]=1&filter[addMisc]=0&filter[addTransport]=F&filter[fp]=1&order_by=ofr_price&filter[tourOperator]=0&filter[childAge][1]=20200812","https://fly.pl/cdn/photo/assets/uploads/582/278/2020/01/Ring-Beach.jpg","https://fly.pl/wycieczka/turcja,kemer,beldibi/ring-beach-15/pO2BLa5qj6f1WRDoY_jCuOAAogGtLjX69p3zVq_U79F8auE2cowcRFSimdZCEXnLk7UoMqBE9SRVgwvYi60QZIp0tQQVjtBmACagVFLjIuMXI2mwEVCBcAXAJYBVYCQMoGEasOT7AyXSRTqydSAF6WlAFL7UNhAEzljDoghPuXCQ0AAhJjAQILNNHzNA/?operator=OREX&adults=2&children=2020-08-12&nsv=1&objectId=17566&transport=accommodation_flight&departureDate=2026-07-21&returnDate=2026-07-29&departureLocation=Warszawa%2CWarszawa-Radom%2CWarszawa+-+Modlin%2CWarszawa+-+Radom&opt=delta&catering=all_inclusive","filter_turkey_vacation_jul18_2026","turcja","kemer","beldibi","2026-07-21","2026-07-29","9","8","Warszawa,Warszawa-Radom,Warszawa - Modlin,Warszawa - Radom","2+1","turcja|kemer|2026-07-21|2026-07-29|8|Warszawa,Warszawa-Radom,Warszawa - Modlin,Warszawa - Radom|2+1"
"Nova Life","9669.0","19.07.2026 - 26.07.2026","8 dni/7 nocy","","","","","Warszawa","2026-06-14T10:36:41.516941+00:00","https://fly.pl/kierunek/turcja/?filter[dest]=39:&filter[hotelids]=&filter[cityids]=&filter[cregids]=&filter[ofrType]=&filter[addObjType]=&filter[whenFrom]=18-07-2026&filter[whenTo]=13-08-2026&filter[duration]=7:11&filter[from]=Warszawa,Warszawa-Radom,Warszawa%20-%20Modlin,Warszawa%20-%20Radom&filter[person]=2&filter[child]=1&filter[price]=4610:20000&filter[PriceFrom]=4610&filter[PriceTo]=20000&filter[addCategory]=50&filter[addCatering]=1&filter[addMisc]=0&filter[addTransport]=F&filter[fp]=1&order_by=ofr_price&filter[tourOperator]=0&filter[childAge][1]=20200812","https://datacfstatic.merlinx.pl/WEZY/IMG/82652/13a784b770e60f1032e83f3f27d550babb25154bfa12668985479d9ce787b6f7.webp","https://fly.pl/wycieczka/turcja,alanya,konakli/nova-life-13/pV-MJsqxmHSOEvz-Qd5NveAAogebefux5dc054S9CnLqEOjAAAAADFdAQA4XQEAAcAAAAqBFdFWlkwvYi60QZIxUtQQVi9BmADaglFbnRlciBBaXJyRJ4BHwAcAQIAFgAXBhLtAxXBBRjXARMeFMIDTJlgTwBAnBJQ58UBSwAR1L4CHenjDCAcG5jWeg32jsgIARJjAQpjAQMJMUmN7A/?operator=WEZY&adults=2&children=2020-08-12&nsv=1&objectId=237621&transport=accommodation_flight&departureDate=2026-07-19&returnDate=2026-07-26&departureLocation=Warszawa%2CWarszawa-Radom%2CWarszawa+-+Modlin%2CWarszawa+-+Radom&opt=delta&catering=all_inclusive","filter_turkey_vacation_jul18_2026","turcja","alanya","konakli","2026-07-19","2026-07-26","8","7","Warszawa,Warszawa-Radom,Warszawa - Modlin,Warszawa - Radom","2+1","turcja|alanya|2026-07-19|2026-07-26|7|Warszawa,Warszawa-Radom,Warszawa - Modlin,Warszawa - Radom|2+1"
"Grand Kolibri Prestige & Spa","9688.0","25.07.2026 - 01.08.2026","8 dni/7 nocy","4.5","4.5","808","tripadvisor","Warszawa","2026-06-14T10:36:41.516941+00:00","https://fly.pl/kierunek/turcja/?filter[dest]=39:&filter[hotelids]=&filter[cityids]=&filter[cregids]=&filter[ofrType]=&filter[addObjType]=&filter[whenFrom]=18-07-2026&filter[whenTo]=13-08-2026&filter[duration]=7:11&filter[from]=Warszawa,Warszawa-Radom,Warszawa%20-%20Modlin,Warszawa%20-%20Radom&filter[person]=2&filter[child]=1&filter[price]=4610:20000&filter[PriceFrom]=4610&filter[PriceTo]=20000&filter[addCategory]=50&filter[addCatering]=1&filter[addMisc]=0&filter[addTransport]=F&filter[fp]=1&order_by=ofr_price&filter[tourOperator]=0&filter[childAge][1]=20200812","https://fly.pl/cdn/photo/assets/uploads/582/278/2024/07/grand-kolibri-prestige-spa.jpg","https://fly.pl/wycieczka/turcja,alanya,konakli/grand-kolibri-prestige-spa-13/pF5El7oiv--NfJVgw01FqRAAogn0razWEBxAFodRh_Z1EBsjs3e4u3TOcK4I9XPaGb-0IqBFJOQlcwvYi60QZI2EtQQVjNB2ACagRCd2NhaiIxNiwyODMsMjk2LDM4MCwzODgsNDc3LDQ4Myw0ODQsNDg1cjefAZ4BFQcXAFgICpwBQKwGEdUmGeUwELcFUr0KUwBLg9gBYQAdjpVBDy0gsvKQCQ0AAgxjAQMLHUY0VQ/?operator=RNBW&adults=2&children=2020-08-12&nsv=1&objectId=210863&transport=accommodation_flight&departureDate=2026-07-25&returnDate=2026-08-01&departureLocation=Warszawa%2CWarszawa-Radom%2CWarszawa+-+Modlin%2CWarszawa+-+Radom&opt=delta&catering=all_inclusive","filter_turkey_vacation_jul18_2026","turcja","alanya","konakli","2026-07-25","2026-08-01","8","7","Warszawa,Warszawa-Radom,Warszawa - Modlin,Warszawa - Radom","2+1","turcja|alanya|2026-07-25|2026-08-01|7|Warszawa,Warszawa-Radom,Warszawa - Modlin,Warszawa - Radom|2+1"
"Armas Life Belek","9752.0","21.07.2026 - 29.07.2026","9 dni/8 nocy","4.4","4.4","1888","tripadvisor","Warszawa","2026-06-14T10:36:41.516941+00:00","https://fly.pl/kierunek/turcja/?filter[dest]=39:&filter[hotelids]=&filter[cityids]=&filter[cregids]=&filter[ofrType]=&filter[addObjType]=&filter[whenFrom]=18-07-2026&filter[whenTo]=13-08-2026&filter[duration]=7:11&filter[from]=Warszawa,Warszawa-Radom,Warszawa%20-%20Modlin,Warszawa%20-%20Radom&filter[person]=2&filter[child]=1&filter[price]=4610:20000&filter[PriceFrom]=4610&filter[PriceTo]=20000&filter[addCategory]=50&filter[addCatering]=1&filter[addMisc]=0&filter[addTransport]=F&filter[fp]=1&order_by=ofr_price&filter[tourOperator]=0&filter[childAge][1]=20200812","https://datacfstatic.merlinx.pl/OREX/IMG/5771/00ca85648381dbf274d7a506f07e272f512a3bc9b3c30afc7a9406dd7210cc72.webp","https://fly.pl/wycieczka/turcja,belek,bogazkent/tui-day-night-connected-club-life-belek/p7kCd9GCPijcOBN9wdNacNAAog0Vf0Qjf2M4KMSAC5CQz3BmcowcRFSimdZCEXnLk7UoMqBE9SRVgwvYi60QZImExQQVjtBmACagdKTE0uMi4xcjabARUIFwBYB1YCXAhAwgYRsCZPqxpdJFOrJ1IAXpaUAUvtQ2EATOWMOiCE-5cJDQACEmMBAgtyF8-1/?operator=OREX&adults=2&children=2020-08-12&nsv=1&objectId=195880&transport=accommodation_flight&departureDate=2026-07-21&returnDate=2026-07-29&departureLocation=Warszawa%2CWarszawa-Radom%2CWarszawa+-+Modlin%2CWarszawa+-+Radom&opt=delta&catering=all_inclusive","filter_turkey_vacation_jul18_2026","turcja","belek","bogazkent","2026-07-21","2026-07-29","9","8","Warszawa,Warszawa-Radom,Warszawa - Modlin,Warszawa - Radom","2+1","turcja|belek|2026-07-21|2026-07-29|8|Warszawa,Warszawa-Radom,Warszawa - Modlin,Warszawa - Radom|2+1"
"Asteria Collection Side","9779.0","21.07.2026 - 29.07.2026","9 dni/8 nocy","4.3","4.3","2042","tripadvisor","Warszawa","2026-06-14T10:36:41.516941+00:00","https://fly.pl/kierunek/turcja/?filter[dest]=39:&filter[hotelids]=&filter[cityids]=&filter[cregids]=&filter[ofrType]=&filter[addObjType]=&filter[whenFrom]=18-07-2026&filter[whenTo]=13-08-2026&filter[duration]=7:11&filter[from]=Warszawa,Warszawa-Radom,Warszawa%20-%20Modlin,Warszawa%20-%20Radom&filter[person]=2&filter[child]=1&filter[price]=4610:20000&filter[PriceFrom]=4610&filter[PriceTo]=20000&filter[addCategory]=50&filter[addCatering]=1&filter[addMisc]=0&filter[addTransport]=F&filter[fp]=1&order_by=ofr_price&filter[tourOperator]=0&filter[childAge][1]=20200812","https://fly.pl/cdn/photo/assets/uploads/582/278/2016/11/Saray-Regency-Resort.jpg","https://fly.pl/wycieczka/turcja,side,titreyengol/saray-regency-resort-spa/p6yMfse-lt3rqXrFAcl1jAAAogRr4u1DN-k0JuGLdMArTyH2cowcRFSimdZCEXnLk7UoMqBE9SRVgwvYi60QZIs0xQQVjtBmACagVFLjIuMXI2mwEVCBcAWAdWAlwIQMIGEc0mT44aXSRTqydSAF6WlAFL7UNhAEzljDoghPuXCQ0AAhJjAQILzMjUqA/?operator=OREX&adults=2&children=2020-08-12&nsv=1&objectId=5005&transport=accommodation_flight&departureDate=2026-07-21&returnDate=2026-07-29&departureLocation=Warszawa%2CWarszawa-Radom%2CWarszawa+-+Modlin%2CWarszawa+-+Radom&opt=delta&catering=all_inclusive","filter_turkey_vacation_jul18_2026","turcja","side","titreyengol","2026-07-21","2026-07-29","9","8","Warszawa,Warszawa-Radom,Warszawa - Modlin,Warszawa - Radom","2+1","turcja|side|2026-07-21|2026-07-29|8|Warszawa,Warszawa-Radom,Warszawa - Modlin,Warszawa - Radom|2+1"
"Club Nena (Side)","9858.0","18.07.2026 - 25.07.2026","8 dni/7 nocy","3.8","3.8","1249","tripadvisor","Warszawa","2026-06-14T10:36:41.516941+00:00","https://fly.pl/kierunek/turcja/?filter[dest]=39:&filter[hotelids]=&filter[cityids]=&filter[cregids]=&filter[ofrType]=&filter[addObjType]=&filter[whenFrom]=18-07-2026&filter[whenTo]=13-08-2026&filter[duration]=7:11&filter[from]=Warszawa,Warszawa-Radom,Warszawa%20-%20Modlin,Warszawa%20-%20Radom&filter[person]=2&filter[child]=1&filter[price]=4610:20000&filter[PriceFrom]=4610&filter[PriceTo]=20000&filter[addCategory]=50&filter[addCatering]=1&filter[addMisc]=0&filter[addTransport]=F&filter[fp]=1&order_by=ofr_price&filter[tourOperator]=0&filter[childAge][1]=20200812","https://fly.pl/cdn/photo/assets/uploads/582/278/2016/11/Club-Nena-fly-pl.jpg","https://fly.pl/wycieczka/turcja,side,kizilagac/club-nena/plX_BXIuClWM3Sw8qn1A1GAAog9gckiTI4udcWAtFHjqnClTm75xzNrdMBvkUGrR8D3XsqBEVDQ1gwvYi60QZIgk1QAVilBmACagJBSXIgHBHOT6sE3fwVuQQdGLeWKhuooUIB3O_j4QECAGMBAgi2Plka/?operator=ECCX&adults=2&children=2020-08-12&nsv=1&objectId=1799&transport=accommodation_flight&departureDate=2026-07-18&returnDate=2026-07-25&departureLocation=Warszawa%2CWarszawa-Radom%2CWarszawa+-+Modlin%2CWarszawa+-+Radom&opt=delta&catering=all_inclusive","filter_turkey_vacation_jul18_2026","turcja","side","kizilagac","2026-07-18","2026-07-25","8","7","Warszawa,Warszawa-Radom,Warszawa - Modlin,Warszawa - Radom","2+1","turcja|side|2026-07-18|2026-07-25|7|Warszawa,Warszawa-Radom,Warszawa - Modlin,Warszawa - Radom|2+1"
"Calido Maris","9877.0","20.07.2026 - 27.07.2026","8 dni/7 nocy","3.8","3.8","1042","tripadvisor","Warszawa","2026-06-14T10:36:41.516941+00:00","https://fly.pl/kierunek/turcja/?filter[dest]=39:&filter[hotelids]=&filter[cityids]=&filter[cregids]=&filter[ofrType]=&filter[addObjType]=&filter[whenFrom]=18-07-2026&filter[whenTo]=13-08-2026&filter[duration]=7:11&filter[from]=Warszawa,Warszawa-Radom,Warszawa%20-%20Modlin,Warszawa%20-%20Radom&filter[person]=2&filter[child]=1&filter[price]=4610:20000&filter[PriceFrom]=4610&filter[PriceTo]=20000&filter[addCategory]=50&filter[addCatering]=1&filter[addMisc]=0&filter[addTransport]=F&filter[fp]=1&order_by=ofr_price&filter[tourOperator]=0&filter[childAge][1]=20200812","https://fly.pl/cdn/photo/assets/uploads/582/278/2015/12/Calido-Maris.jpg","https://fly.pl/wycieczka/turcja,side,cengerkoy/calido-maris-resort/pPYxckS2EhLvWgTKyeQ2vMAAogJ2qLWmRN9Y_W9YMAT3OSvU11eDE-prut4HX7XxcZmEkqBEpPSU4wvYi60QZIlU1QAVjVBmACagJVQXIgHBGhSbkEqboCqwQoG_7FJxjb1AIBz7KAowECEmMBAwrYa8N3/?operator=JOIN&adults=2&children=2020-08-12&nsv=1&objectId=176553&transport=accommodation_flight&departureDate=2026-07-20&returnDate=2026-07-27&departureLocation=Warszawa%2CWarszawa-Radom%2CWarszawa+-+Modlin%2CWarszawa+-+Radom&opt=delta&catering=all_inclusive","filter_turkey_vacation_jul18_2026","turcja","side","cengerkoy","2026-07-20","2026-07-27","8","7","Warszawa,Warszawa-Radom,Warszawa - Modlin,Warszawa - Radom","2+1","turcja|side|2026-07-20|2026-07-27|7|Warszawa,Warszawa-Radom,Warszawa - Modlin,Warszawa - Radom|2+1"
"Sentido Lycus Beach (ex. Lti)","9895.0","22.07.2026 - 29.07.2026","8 dni/7 nocy","3.8","3.8","314","tripadvisor","Warszawa","2026-06-14T10:36:41.516941+00:00","https://fly.pl/kierunek/turcja/?filter[dest]=39:&filter[hotelids]=&filter[cityids]=&filter[cregids]=&filter[ofrType]=&filter[addObjType]=&filter[whenFrom]=18-07-2026&filter[whenTo]=13-08-2026&filter[duration]=7:11&filter[from]=Warszawa,Warszawa-Radom,Warszawa%20-%20Modlin,Warszawa%20-%20Radom&filter[person]=2&filter[child]=1&filter[price]=4610:20000&filter[PriceFrom]=4610&filter[PriceTo]=20000&filter[addCategory]=50&filter[addCatering]=1&filter[addMisc]=0&filter[addTransport]=F&filter[fp]=1&order_by=ofr_price&filter[tourOperator]=0&filter[childAge][1]=20200812","https://fly.pl/cdn/photo/assets/uploads/582/278/2009/10/Lycus-Beach-1.jpg","https://fly.pl/wycieczka/turcja,alanya,okurcalar/lycus-beach/pmlG3rAKjw2by5gF2M--YdAAogdZTBcN8zQm6F6LL0NepL7gLuLr51ZXfiuqRu7D0QClcqBEVYSU0wvYi60QZIp01QAViFB2ACagJBSXIhHBHG7wWrBJqdQbkEZRumsiUY1e44AY700_UIAhJjAQINa2-Lkg/?operator=EXIM&adults=2&children=2020-08-12&nsv=1&objectId=8859&transport=accommodation_flight&departureDate=2026-07-22&returnDate=2026-07-29&departureLocation=Warszawa%2CWarszawa-Radom%2CWarszawa+-+Modlin%2CWarszawa+-+Radom&opt=delta&catering=all_inclusive","filter_turkey_vacation_jul18_2026","turcja","alanya","okurcalar","2026-07-22","2026-07-29","8","7","Warszawa,Warszawa-Radom,Warszawa - Modlin,Warszawa - Radom","2+1","turcja|alanya|2026-07-22|2026-07-29|7|Warszawa,Warszawa-Radom,Warszawa - Modlin,Warszawa - Radom|2+1"
"Grand Seker","9917.0","18.07.2026 - 25.07.2026","8 dni/7 nocy","3.8","3.8","426","tripadvisor","Warszawa","2026-06-14T10:36:41.516941+00:00","https://fly.pl/kierunek/turcja/?filter[dest]=39:&filter[hotelids]=&filter[cityids]=&filter[cregids]=&filter[ofrType]=&filter[addObjType]=&filter[whenFrom]=18-07-2026&filter[whenTo]=13-08-2026&filter[duration]=7:11&filter[from]=Warszawa,Warszawa-Radom,Warszawa%20-%20Modlin,Warszawa%20-%20Radom&filter[person]=2&filter[child]=1&filter[price]=4610:20000&filter[PriceFrom]=4610&filter[PriceTo]=20000&filter[addCategory]=50&filter[addCatering]=1&filter[addMisc]=0&filter[addTransport]=F&filter[fp]=1&order_by=ofr_price&filter[tourOperator]=0&filter[childAge][1]=20200812","https://fly.pl/cdn/photo/assets/uploads/582/278/2017/02/Grand-Seker-Hotel.jpg","https://fly.pl/wycieczka/turcja,side,colakli/grand-seker/pC-VKRK76agTWueIML_MjcAAogczIP9M4sI3CsernVPAExKI4rnHDhyyP7p1xX0bl-A28qBE9BU0kwvYi60QZIvU1QAVilBmACagNBSWxyIBwRm3q5BKGPD6sEAxug7AcYoJoUAcrWnfkBAgBjAQMLI2dRjw/?operator=OASI&adults=2&children=2020-08-12&nsv=1&objectId=1644&transport=accommodation_flight&departureDate=2026-07-18&returnDate=2026-07-25&departureLocation=Warszawa%2CWarszawa-Radom%2CWarszawa+-+Modlin%2CWarszawa+-+Radom&opt=delta&catering=all_inclusive","filter_turkey_vacation_jul18_2026","turcja","side","colakli","2026-07-18","2026-07-25","8","7","Warszawa,Warszawa-Radom,Warszawa - Modlin,Warszawa - Radom","2+1","turcja|side|2026-07-18|2026-07-25|7|Warszawa,Warszawa-Radom,Warszawa - Modlin,Warszawa - Radom|2+1"
"L' Oceanica Beach Resort (Kemer)","9951.0","20.07.2026 - 27.07.2026","8 dni/7 nocy","4.3","4.3","1105","tripadvisor","Warszawa","2026-06-14T10:36:41.516941+00:00","https://fly.pl/kierunek/turcja/?filter[dest]=39:&filter[hotelids]=&filter[cityids]=&filter[cregids]=&filter[ofrType]=&filter[addObjType]=&filter[whenFrom]=18-07-2026&filter[whenTo]=13-08-2026&filter[duration]=7:11&filter[from]=Warszawa,Warszawa-Radom,Warszawa%20-%20Modlin,Warszawa%20-%20Radom&filter[person]=2&filter[child]=1&filter[price]=4610:20000&filter[PriceFrom]=4610&filter[PriceTo]=20000&filter[addCategory]=50&filter[addCatering]=1&filter[addMisc]=0&filter[addTransport]=F&filter[fp]=1&order_by=ofr_price&filter[tourOperator]=0&filter[childAge][1]=20200812","https://fly.pl/cdn/photo/assets/uploads/582/278/2014/09/L-Oceanica-Beach-Resort.jpg","https://fly.pl/wycieczka/turcja,kemer,camyuva/oceanica-beach-resort/pDwdpwME9RX26_RYq5Fae8AAogAQ7kSyBevoO2fIiPlsfdnU11eDE-prut4HX7XxcZmEkqBEpPSU4wvYi60QZI301QAVjVBmACagJVQXIgHBGCR7kEyLwCqwQoG4iaJxiv1AIB2qv5nwECEmMBAgbs9fEU/?operator=JOIN&adults=2&children=2020-08-12&nsv=1&objectId=2036&transport=accommodation_flight&departureDate=2026-07-20&returnDate=2026-07-27&departureLocation=Warszawa%2CWarszawa-Radom%2CWarszawa+-+Modlin%2CWarszawa+-+Radom&opt=delta&catering=all_inclusive","filter_turkey_vacation_jul18_2026","turcja","kemer","camyuva","2026-07-20","2026-07-27","8","7","Warszawa,Warszawa-Radom,Warszawa - Modlin,Warszawa - Radom","2+1","turcja|kemer|2026-07-20|2026-07-27|7|Warszawa,Warszawa-Radom,Warszawa - Modlin,Warszawa - Radom|2+1"
"Linda Sunny Beach","9977.0","23.07.2026 - 30.07.2026","8 dni/7 nocy","4.8","4.8","215","tripadvisor","Warszawa","2026-06-14T10:36:41.516941+00:00","https://fly.pl/kierunek/turcja/?filter[dest]=39:&filter[hotelids]=&filter[cityids]=&filter[cregids]=&filter[ofrType]=&filter[addObjType]=&filter[whenFrom]=18-07-2026&filter[whenTo]=13-08-2026&filter[duration]=7:11&filter[from]=Warszawa,Warszawa-Radom,Warszawa%20-%20Modlin,Warszawa%20-%20Radom&filter[person]=2&filter[child]=1&filter[price]=4610:20000&filter[PriceFrom]=4610&filter[PriceTo]=20000&filter[addCategory]=50&filter[addCatering]=1&filter[addMisc]=0&filter[addTransport]=F&filter[fp]=1&order_by=ofr_price&filter[tourOperator]=0&filter[childAge][1]=20200812","https://fly.pl/cdn/photo/assets/uploads/582/278/2014/09/Bone-Club-Sunset-fly-pl.jpg","https://fly.pl/wycieczka/turcja,side,c/bone-club-sunset/pex1kKEdwaFUaMvytuE-xBAAogQXcKKky62-leNX2YTJFGH1cbW0kfwNyF5b7TGk4Wi78qBFZJVFgwvYi60QZI-U1QQVidB2ACcj8aABUHFwBcA1gFQI8DU-drUgBb2BdevnxLgRJhAEyOqy4NyY6kCSAAUZee6-1YT-fYLF3Ej9OLhQECDGMBAguvMTQY/?operator=VITX&adults=2&children=2020-08-12&nsv=1&objectId=110515&transport=accommodation_flight&departureDate=2026-07-23&returnDate=2026-07-30&departureLocation=Warszawa%2CWarszawa-Radom%2CWarszawa+-+Modlin%2CWarszawa+-+Radom&opt=delta&catering=all_inclusive","filter_turkey_vacation_jul18_2026","turcja","side","c","2026-07-23","2026-07-30","8","7","Warszawa,Warszawa-Radom,Warszawa - Modlin,Warszawa - Radom","2+1","turcja|side|2026-07-23|2026-07-30|7|Warszawa,Warszawa-Radom,Warszawa - Modlin,Warszawa - Radom|2+1"
"Golden Rock Beach","10040.0","22.07.2026 - 29.07.2026","8 dni/7 nocy","4.5","4.5","3576","tripadvisor","Warszawa","2026-06-14T10:36:41.516941+00:00","https://fly.pl/kierunek/turcja/?filter[dest]=39:&filter[hotelids]=&filter[cityids]=&filter[cregids]=&filter[ofrType]=&filter[addObjType]=&filter[whenFrom]=18-07-2026&filter[whenTo]=13-08-2026&filter[duration]=7:11&filter[from]=Warszawa,Warszawa-Radom,Warszawa%20-%20Modlin,Warszawa%20-%20Radom&filter[person]=2&filter[child]=1&filter[price]=4610:20000&filter[PriceFrom]=4610&filter[PriceTo]=20000&filter[addCategory]=50&filter[addCatering]=1&filter[addMisc]=0&filter[addTransport]=F&filter[fp]=1&order_by=ofr_price&filter[tourOperator]=0&filter[childAge][1]=20200812","https://fly.pl/cdn/photo/assets/uploads/582/278/2015/04/Golden-Rock-Beach.jpg","https://fly.pl/wycieczka/turcja,marmaris,c/golden-rock-beach/pWlO9OzR_tGRVCV2cAkjxqAAogL5Q3I1t4gipu9A8OI--f5GwwGWYjcr-u2x1F0pBV2hYqBE9SRVgwvYi60QZIuE5QQViFB2ACagZKMC4yLjFyNpsBFQcXAFwDWAVWAkDKBhHgB0-bTV0kU4EZUgBeoI4BS-1DYQBM5Yw6IIX7lwkNAAISYwECBlwi_no/?operator=OREX&adults=2&children=2020-08-12&nsv=1&objectId=40092&transport=accommodation_flight&departureDate=2026-07-22&returnDate=2026-07-29&departureLocation=Warszawa%2CWarszawa-Radom%2CWarszawa+-+Modlin%2CWarszawa+-+Radom&opt=delta&catering=all_inclusive","filter_turkey_vacation_jul18_2026","turcja","marmaris","c","2026-07-22","2026-07-29","8","7","Warszawa,Warszawa-Radom,Warszawa - Modlin,Warszawa - Radom","2+1","turcja|marmaris|2026-07-22|2026-07-29|7|Warszawa,Warszawa-Radom,Warszawa - Modlin,Warszawa - Radom|2+1"
"Master Family Club","10075.0","19.07.2026 - 26.07.2026","8 dni/7 nocy","4.3","4.3","1331","tripadvisor","Warszawa","2026-06-14T10:36:41.516941+00:00","https://fly.pl/kierunek/turcja/?filter[dest]=39:&filter[hotelids]=&filter[cityids]=&filter[cregids]=&filter[ofrType]=&filter[addObjType]=&filter[whenFrom]=18-07-2026&filter[whenTo]=13-08-2026&filter[duration]=7:11&filter[from]=Warszawa,Warszawa-Radom,Warszawa%20-%20Modlin,Warszawa%20-%20Radom&filter[person]=2&filter[child]=1&filter[price]=4610:20000&filter[PriceFrom]=4610&filter[PriceTo]=20000&filter[addCategory]=50&filter[addCatering]=1&filter[addMisc]=0&filter[addTransport]=F&filter[fp]=1&order_by=ofr_price&filter[tourOperator]=0&filter[childAge][1]=20200812","https://fly.pl/cdn/photo/assets/uploads/582/278/2019/06/Master-Family-Club-fly-pl.jpg","https://fly.pl/wycieczka/turcja,side,c/master-family-club/p4Yy8YyEpNBcKZ4VWSFJMPAAogFMoNVM7ftDp3rgHIB4IzVQAAAADFdAQA4XQEAAcAAAAqBFdFWlkwvYi60QZI205QQVi9BmADaglFbnRlciBBaXJyQZ4BHwAcAQIAFgAXBhLtAxXBBRjXARMeFMIDT5lgTABAnBIRk1xQ1GlLABulbh2YtA4gHA2O5cIJARJjAQxjAQMLvQ2qfw/?operator=WEZY&adults=2&children=2020-08-12&nsv=1&objectId=202531&transport=accommodation_flight&departureDate=2026-07-19&returnDate=2026-07-26&departureLocation=Warszawa%2CWarszawa-Radom%2CWarszawa+-+Modlin%2CWarszawa+-+Radom&opt=delta&catering=all_inclusive","filter_turkey_vacation_jul18_2026","turcja","side","c","2026-07-19","2026-07-26","8","7","Warszawa,Warszawa-Radom,Warszawa - Modlin,Warszawa - Radom","2+1","turcja|side|2026-07-19|2026-07-26|7|Warszawa,Warszawa-Radom,Warszawa - Modlin,Warszawa - Radom|2+1"
"Royal Asarlik Beach","10107.0","22.07.2026 - 29.07.2026","8 dni/7 nocy","4.3","4.3","4752","tripadvisor","Warszawa","2026-06-14T10:36:41.516941+00:00","https://fly.pl/kierunek/turcja/?filter[dest]=39:&filter[hotelids]=&filter[cityids]=&filter[cregids]=&filter[ofrType]=&filter[addObjType]=&filter[whenFrom]=18-07-2026&filter[whenTo]=13-08-2026&filter[duration]=7:11&filter[from]=Warszawa,Warszawa-Radom,Warszawa%20-%20Modlin,Warszawa%20-%20Radom&filter[person]=2&filter[child]=1&filter[price]=4610:20000&filter[PriceFrom]=4610&filter[PriceTo]=20000&filter[addCategory]=50&filter[addCatering]=1&filter[addMisc]=0&filter[addTransport]=F&filter[fp]=1&order_by=ofr_price&filter[tourOperator]=0&filter[childAge][1]=20200812","https://fly.pl/cdn/photo/assets/uploads/582/278/2014/09/Royal-Asarlik-Beach-fly-pl.jpg","https://fly.pl/wycieczka/turcja,bodrum,gumbet/royal-asarlik-beach/pIldVuYLICHzBXz12rz5twAAogNgalwKY7nQIQAWo7L8mbJ2wwGWYjcr-u2x1F0pBV2hYqBE9SRVgwv4i60QZI-05QQViFB2ACagZDNS4yLjFyNZsBFQcXAFgIVgJcCBGlBkAdT_tUXSRTgRlSAF6gjgFL7UNhAEzljDoghfuXCQ0AAhJjAQIGItjHzA/?operator=OREX&adults=2&children=2020-08-12&nsv=1&objectId=1689&transport=accommodation_flight&departureDate=2026-07-22&returnDate=2026-07-29&departureLocation=Warszawa%2CWarszawa-Radom%2CWarszawa+-+Modlin%2CWarszawa+-+Radom&opt=delta&catering=all_inclusive","filter_turkey_vacation_jul18_2026","turcja","bodrum","gumbet","2026-07-22","2026-07-29","8","7","Warszawa,Warszawa-Radom,Warszawa - Modlin,Warszawa - Radom","2+1","turcja|bodrum|2026-07-22|2026-07-29|7|Warszawa,Warszawa-Radom,Warszawa - Modlin,Warszawa - Radom|2+1"
"Green Nature Resort & Spa","10117.0","24.07.2026 - 01.08.2026","9 dni/7 nocy","4.1","4.1","6841","tripadvisor","Warszawa","2026-06-14T10:36:41.516941+00:00","https://fly.pl/kierunek/turcja/?filter[dest]=39:&filter[hotelids]=&filter[cityids]=&filter[cregids]=&filter[ofrType]=&filter[addObjType]=&filter[whenFrom]=18-07-2026&filter[whenTo]=13-08-2026&filter[duration]=7:11&filter[from]=Warszawa,Warszawa-Radom,Warszawa%20-%20Modlin,Warszawa%20-%20Radom&filter[person]=2&filter[child]=1&filter[price]=4610:20000&filter[PriceFrom]=4610&filter[PriceTo]=20000&filter[addCategory]=50&filter[addCatering]=1&filter[addMisc]=0&filter[addTransport]=F&filter[fp]=1&order_by=ofr_price&filter[tourOperator]=0&filter[childAge][1]=20200812","https://fly.pl/cdn/photo/assets/uploads/582/278/2014/07/Green-Nature-Resort.jpg","https://fly.pl/wycieczka/turcja,marmaris,c/green-nature-resort/pyB7qrTTevzYirl-YIsXZUAAogRTD7eog6Bx27zFaTj8TOtHNxWcBNG0F_Wi_nbPecp34qBFZJVFgwv4i60QZIhU9QQVi1B2ACckAaABUHFwBcA1gFQI8DW7-DAVP9AlIAXsF5S-1DYQBMovktDcqOpAkgAVHBwrebbk_soCxdiLvw05cBAg1jAQIMhQg_RQ/?operator=VITX&adults=2&children=2020-08-12&nsv=1&objectId=7988&transport=accommodation_flight&departureDate=2026-07-24&returnDate=2026-08-01&departureLocation=Warszawa%2CWarszawa-Radom%2CWarszawa+-+Modlin%2CWarszawa+-+Radom&opt=delta&catering=all_inclusive","filter_turkey_vacation_jul18_2026","turcja","marmaris","c","2026-07-24","2026-08-01","9","7","Warszawa,Warszawa-Radom,Warszawa - Modlin,Warszawa - Radom","2+1","turcja|marmaris|2026-07-24|2026-08-01|7|Warszawa,Warszawa-Radom,Warszawa - Modlin,Warszawa - Radom|2+1"
"Elegance (Marmaris)","10211.0","22.07.2026 - 29.07.2026","8 dni/7 nocy","4.1","4.1","1533","tripadvisor","Warszawa","2026-06-14T10:36:41.516941+00:00","https://fly.pl/kierunek/turcja/?filter[dest]=39:&filter[hotelids]=&filter[cityids]=&filter[cregids]=&filter[ofrType]=&filter[addObjType]=&filter[whenFrom]=18-07-2026&filter[whenTo]=13-08-2026&filter[duration]=7:11&filter[from]=Warszawa,Warszawa-Radom,Warszawa%20-%20Modlin,Warszawa%20-%20Radom&filter[person]=2&filter[child]=1&filter[price]=4610:20000&filter[PriceFrom]=4610&filter[PriceTo]=20000&filter[addCategory]=50&filter[addCatering]=1&filter[addMisc]=0&filter[addTransport]=F&filter[fp]=1&order_by=ofr_price&filter[tourOperator]=0&filter[childAge][1]=20200812","https://fly.pl/cdn/photo/assets/uploads/582/278/2015/02/Elegance.jpg","https://fly.pl/wycieczka/turcja,marmaris,c/elegance-marmaris/pIizBs3JJQwMtRn26zXjAFAAogA8hsRRqkQ7ryzTjNfCuxYGwwGWYjcr-u2x1F0pBV2hYqBE9SRVgwv4i60QZI409QQViFB2ACagZDNS4yLjFyNpsBFQcXAFwDWAVWAkDKBhGZFE_iQF0kU4EZUgBeoI4BS-1DYQBM5Yw6IIX7lwkNAAISYwECDIOUxgY/?operator=OREX&adults=2&children=2020-08-12&nsv=1&objectId=4950&transport=accommodation_flight&departureDate=2026-07-22&returnDate=2026-07-29&departureLocation=Warszawa%2CWarszawa-Radom%2CWarszawa+-+Modlin%2CWarszawa+-+Radom&opt=delta&catering=all_inclusive","filter_turkey_vacation_jul18_2026","turcja","marmaris","c","2026-07-22","2026-07-29","8","7","Warszawa,Warszawa-Radom,Warszawa - Modlin,Warszawa - Radom","2+1","turcja|marmaris|2026-07-22|2026-07-29|7|Warszawa,Warszawa-Radom,Warszawa - Modlin,Warszawa - Radom|2+1"
"Meder Resort","10268.0","19.07.2026 - 26.07.2026","8 dni/7 nocy","4.3","4.3","1721","tripadvisor","Warszawa","2026-06-14T10:36:41.516941+00:00","https://fly.pl/kierunek/turcja/?filter[dest]=39:&filter[hotelids]=&filter[cityids]=&filter[cregids]=&filter[ofrType]=&filter[addObjType]=&filter[whenFrom]=18-07-2026&filter[whenTo]=13-08-2026&filter[duration]=7:11&filter[from]=Warszawa,Warszawa-Radom,Warszawa%20-%20Modlin,Warszawa%20-%20Radom&filter[person]=2&filter[child]=1&filter[price]=4610:20000&filter[PriceFrom]=4610&filter[PriceTo]=20000&filter[addCategory]=50&filter[addCatering]=1&filter[addMisc]=0&filter[addTransport]=F&filter[fp]=1&order_by=ofr_price&filter[tourOperator]=0&filter[childAge][1]=20200812","https://fly.pl/cdn/photo/assets/uploads/582/278/2014/09/Meder-Resort.jpg","https://fly.pl/wycieczka/turcja,kemer,c/meder-resort/pzmcmSj6QzcQHhKLJcGwGWAAog_Veh1uE0fsskQ0YmbCvxngAAAACOdAQAdXQEAAcAAAAqBFdFWlkwv4i60QZInFBQQVi9BmADahJGcmVlIEJpcmQgQWlybGluZXNqBDA3MDBqBDA5MTByQp4BlQGYAR8AHAECABYAFwYRvgISrwETsgoUlQNMyl1PAECcEkvnxQFQACDtoQ8dGRuOrDMN07mPCQESYwEMYwEDCzCaaAs/?operator=WEZY&adults=2&children=2020-08-12&nsv=1&objectId=4063&transport=accommodation_flight&departureDate=2026-07-19&returnDate=2026-07-26&departureLocation=Warszawa%2CWarszawa-Radom%2CWarszawa+-+Modlin%2CWarszawa+-+Radom&opt=delta&catering=all_inclusive","filter_turkey_vacation_jul18_2026","turcja","kemer","c","2026-07-19","2026-07-26","8","7","Warszawa,Warszawa-Radom,Warszawa - Modlin,Warszawa - Radom","2+1","turcja|kemer|2026-07-19|2026-07-26|7|Warszawa,Warszawa-Radom,Warszawa - Modlin,Warszawa - Radom|2+1"
"Club Yali Hotels & Resort","10284.0","24.07.2026 - 31.07.2026","8 dni/7 nocy","4.2","4.2","3112","tripadvisor","Warszawa","2026-06-14T10:36:41.516941+00:00","https://fly.pl/kierunek/turcja/?filter[dest]=39:&filter[hotelids]=&filter[cityids]=&filter[cregids]=&filter[ofrType]=&filter[addObjType]=&filter[whenFrom]=18-07-2026&filter[whenTo]=13-08-2026&filter[duration]=7:11&filter[from]=Warszawa,Warszawa-Radom,Warszawa%20-%20Modlin,Warszawa%20-%20Radom&filter[person]=2&filter[child]=1&filter[price]=4610:20000&filter[PriceFrom]=4610&filter[PriceTo]=20000&filter[addCategory]=50&filter[addCatering]=1&filter[addMisc]=0&filter[addTransport]=F&filter[fp]=1&order_by=ofr_price&filter[tourOperator]=0&filter[childAge][1]=20200812","https://fly.pl/cdn/photo/assets/uploads/582/278/2020/01/CLUB-YALI-HOTELS-RESORT.jpg","https://fly.pl/wycieczka/turcja,kusadasi,gumuldur/club-yali-hotels-resort-11/pmjgBNqRfUZxmHupRC0mI1AAogZZZmP4cG14cWALOqDlTxVQAAAACZqQQAtqkEAAcAAAAqBFdFWlkwv4i60QZIrFBQQVi1B2ADaglFbnRlciBBaXJyRJ4BHwAcAQIAFgAXBhLtAxXDBhjIARP8AhSLAxHCLk-3KEwAQKIYUOfFAUsAHZGMECAdG4HsYw29j94IARJjAQ1jAQMMj7RkfQ/?operator=WEZY&adults=2&children=2020-08-12&nsv=1&objectId=141939&transport=accommodation_flight&departureDate=2026-07-24&returnDate=2026-07-31&departureLocation=Warszawa%2CWarszawa-Radom%2CWarszawa+-+Modlin%2CWarszawa+-+Radom&opt=delta&catering=all_inclusive","filter_turkey_vacation_jul18_2026","turcja","kusadasi","gumuldur","2026-07-24","2026-07-31","8","7","Warszawa,Warszawa-Radom,Warszawa - Modlin,Warszawa - Radom","2+1","turcja|kusadasi|2026-07-24|2026-07-31|7|Warszawa,Warszawa-Radom,Warszawa - Modlin,Warszawa - Radom|2+1"
"OZ Incekum Beach Resort","10289.0","22.07.2026 - 29.07.2026","8 dni/7 nocy","4.4","4.4","2067","tripadvisor","Warszawa","2026-06-14T10:36:41.516941+00:00","https://fly.pl/kierunek/turcja/?filter[dest]=39:&filter[hotelids]=&filter[cityids]=&filter[cregids]=&filter[ofrType]=&filter[addObjType]=&filter[whenFrom]=18-07-2026&filter[whenTo]=13-08-2026&filter[duration]=7:11&filter[from]=Warszawa,Warszawa-Radom,Warszawa%20-%20Modlin,Warszawa%20-%20Radom&filter[person]=2&filter[child]=1&filter[price]=4610:20000&filter[PriceFrom]=4610&filter[PriceTo]=20000&filter[addCategory]=50&filter[addCatering]=1&filter[addMisc]=0&filter[addTransport]=F&filter[fp]=1&order_by=ofr_price&filter[tourOperator]=0&filter[childAge][1]=20200812","https://fly.pl/cdn/photo/assets/uploads/582/278/2016/11/Incekum-Beach-Resort.jpg","https://fly.pl/wycieczka/turcja,alanya,incekum/incekum-beach-resort/p4KbJb-TkFkx_JNv2t4BjmAAog-UCSQLAjOclE_JVXDfpTfALuLr51ZXfiuqRu7D0QClcqBEVYSU0wv4i60QZIsVBQAViFB2ACagJBSXIhHBG_uAarBKHUQLkEZRvjoDcY7pI7AZeglZ4KAhJjAQIGo3MqTg/?operator=EXIM&adults=2&children=2020-08-12&nsv=1&objectId=1797&transport=accommodation_flight&departureDate=2026-07-22&returnDate=2026-07-29&departureLocation=Warszawa%2CWarszawa-Radom%2CWarszawa+-+Modlin%2CWarszawa+-+Radom&opt=delta&catering=all_inclusive","filter_turkey_vacation_jul18_2026","turcja","alanya","incekum","2026-07-22","2026-07-29","8","7","Warszawa,Warszawa-Radom,Warszawa - Modlin,Warszawa - Radom","2+1","turcja|alanya|2026-07-22|2026-07-29|7|Warszawa,Warszawa-Radom,Warszawa - Modlin,Warszawa - Radom|2+1"
"Grand Ring","10333.0","18.07.2026 - 25.07.2026","8 dni/7 nocy","4.3","4.3","1271","tripadvisor","Warszawa","2026-06-14T10:36:41.516941+00:00","https://fly.pl/kierunek/turcja/?filter[dest]=39:&filter[hotelids]=&filter[cityids]=&filter[cregids]=&filter[ofrType]=&filter[addObjType]=&filter[whenFrom]=18-07-2026&filter[whenTo]=13-08-2026&filter[duration]=7:11&filter[from]=Warszawa,Warszawa-Radom,Warszawa%20-%20Modlin,Warszawa%20-%20Radom&filter[person]=2&filter[child]=1&filter[price]=4610:20000&filter[PriceFrom]=4610&filter[PriceTo]=20000&filter[addCategory]=50&filter[addCatering]=1&filter[addMisc]=0&filter[addTransport]=F&filter[fp]=1&order_by=ofr_price&filter[tourOperator]=0&filter[childAge][1]=20200812","https://fly.pl/cdn/photo/assets/uploads/582/278/2014/09/Grand-Ring.jpg","https://fly.pl/wycieczka/turcja,kemer,beldibi/grand-ring/pmdR9OQc_NUWIp1zmLNbMyAAog7MF_PkIwcPAcz-6ZpMgtBwrnVfkQ891p__EhtKqHuQwqBFNGUEwwv4i60QZI3VBQQVilBmACciILAhUFIgQSWVyWAkAuW5vyUQ2r2YIJUeHZ-e1YAhJjAQILbRkEnA/?operator=SFPL&adults=2&children=2020-08-12&nsv=1&objectId=1604&transport=accommodation_flight&departureDate=2026-07-18&returnDate=2026-07-25&departureLocation=Warszawa%2CWarszawa-Radom%2CWarszawa+-+Modlin%2CWarszawa+-+Radom&opt=delta&catering=all_inclusive","filter_turkey_vacation_jul18_2026","turcja","kemer","beldibi","2026-07-18","2026-07-25","8","7","Warszawa,Warszawa-Radom,Warszawa - Modlin,Warszawa - Radom","2+1","turcja|kemer|2026-07-18|2026-07-25|7|Warszawa,Warszawa-Radom,Warszawa - Modlin,Warszawa - Radom|2+1"
"Galeri Resort","10351.0","19.07.2026 - 26.07.2026","8 dni/7 nocy","4.4","4.4","1005","tripadvisor","Warszawa","2026-06-14T10:36:41.516941+00:00","https://fly.pl/kierunek/turcja/?filter[dest]=39:&filter[hotelids]=&filter[cityids]=&filter[cregids]=&filter[ofrType]=&filter[addObjType]=&filter[whenFrom]=18-07-2026&filter[whenTo]=13-08-2026&filter[duration]=7:11&filter[from]=Warszawa,Warszawa-Radom,Warszawa%20-%20Modlin,Warszawa%20-%20Radom&filter[person]=2&filter[child]=1&filter[price]=4610:20000&filter[PriceFrom]=4610&filter[PriceTo]=20000&filter[addCategory]=50&filter[addCatering]=1&filter[addMisc]=0&filter[addTransport]=F&filter[fp]=1&order_by=ofr_price&filter[tourOperator]=0&filter[childAge][1]=20200812","https://fly.pl/cdn/photo/assets/uploads/582/278/2015/04/GALERI-RESORT-HOTEL.jpg","https://fly.pl/wycieczka/turcja,alanya,okurcalar/galeri-resort/pkN_qPaw6Lg7Y43zJu-cgOAAogBsnXwFNM3lPag0zoV8-ChgAAAADFdAQA4XQEAAcAAQAqBFdFWlkwv4i60QZI71BQQVi9BmADaglFbnRlciBBaXJyQ54BHwAcAQIAFgAXBhLtAxXBBRjXARMeFMIDEY8lT4o7TABAnBJQ58UBSwAdvaIPIBwbgsZkDYyf3ggBEmMBDGMBAwsveXG4/?operator=WEZY&adults=2&children=2020-08-12&nsv=1&objectId=1598&transport=accommodation_flight&departureDate=2026-07-19&returnDate=2026-07-26&departureLocation=Warszawa%2CWarszawa-Radom%2CWarszawa+-+Modlin%2CWarszawa+-+Radom&opt=delta&catering=all_inclusive","filter_turkey_vacation_jul18_2026","turcja","alanya","okurcalar","2026-07-19","2026-07-26","8","7","Warszawa,Warszawa-Radom,Warszawa - Modlin,Warszawa - Radom","2+1","turcja|alanya|2026-07-19|2026-07-26|7|Warszawa,Warszawa-Radom,Warszawa - Modlin,Warszawa - Radom|2+1"
"Alaiye Resort & Spa","10353.0","19.07.2026 - 26.07.2026","8 dni/7 nocy","4.4","4.4","2767","tripadvisor","Warszawa","2026-06-14T10:36:41.516941+00:00","https://fly.pl/kierunek/turcja/?filter[dest]=39:&filter[hotelids]=&filter[cityids]=&filter[cregids]=&filter[ofrType]=&filter[addObjType]=&filter[whenFrom]=18-07-2026&filter[whenTo]=13-08-2026&filter[duration]=7:11&filter[from]=Warszawa,Warszawa-Radom,Warszawa%20-%20Modlin,Warszawa%20-%20Radom&filter[person]=2&filter[child]=1&filter[price]=4610:20000&filter[PriceFrom]=4610&filter[PriceTo]=20000&filter[addCategory]=50&filter[addCatering]=1&filter[addMisc]=0&filter[addTransport]=F&filter[fp]=1&order_by=ofr_price&filter[tourOperator]=0&filter[childAge][1]=20200812","https://fly.pl/cdn/photo/assets/uploads/582/278/2014/11/Alaiye-Resort-Hotel.jpg","https://fly.pl/wycieczka/turcja,alanya,avsallar/alaiye-resort/pFvlPNkknMSiVEI9amak0rAAogoi-KsjeDGSNbgX-Cdu5yHAAAAACOdAQAdXQEAAcAAAAqBFdFWlkwv4i60QZI8VBQQVi9BmADahJGcmVlIEJpcmQgQWlybGluZXNqBDA3MDBqBDA5MTByQZ4BlQGYAR8AAgEWABwAFwYS7QMTsgoUlQMRmjxMsCFPAECcEkvnxQFQABv8YiDxvg4dGQ3h5cIJARJjAQxjAQMLkD7dXw/?operator=WEZY&adults=2&children=2020-08-12&nsv=1&objectId=1586&transport=accommodation_flight&departureDate=2026-07-19&returnDate=2026-07-26&departureLocation=Warszawa%2CWarszawa-Radom%2CWarszawa+-+Modlin%2CWarszawa+-+Radom&opt=delta&catering=all_inclusive","filter_turkey_vacation_jul18_2026","turcja","alanya","avsallar","2026-07-19","2026-07-26","8","7","Warszawa,Warszawa-Radom,Warszawa - Modlin,Warszawa - Radom","2+1","turcja|alanya|2026-07-19|2026-07-26|7|Warszawa,Warszawa-Radom,Warszawa - Modlin,Warszawa - Radom|2+1"
"Victory Resort","10363.0","19.07.2026 - 26.07.2026","8 dni/7 nocy","4.6","4.6","726","tripadvisor","Warszawa","2026-06-14T10:36:41.516941+00:00","https://fly.pl/kierunek/turcja/?filter[dest]=39:&filter[hotelids]=&filter[cityids]=&filter[cregids]=&filter[ofrType]=&filter[addObjType]=&filter[whenFrom]=18-07-2026&filter[whenTo]=13-08-2026&filter[duration]=7:11&filter[from]=Warszawa,Warszawa-Radom,Warszawa%20-%20Modlin,Warszawa%20-%20Radom&filter[person]=2&filter[child]=1&filter[price]=4610:20000&filter[PriceFrom]=4610&filter[PriceTo]=20000&filter[addCategory]=50&filter[addCatering]=1&filter[addMisc]=0&filter[addTransport]=F&filter[fp]=1&order_by=ofr_price&filter[tourOperator]=0&filter[childAge][1]=20200812","https://fly.pl/cdn/photo/assets/uploads/582/278/2015/12/Victory-Resort.jpg","https://fly.pl/wycieczka/turcja,side,manavgat/victory-resort/p2gyJFHwHEdzVsJcmWTaWMAAogEfQx9qQeJpGiygb7mwtGLAAAAACOdAQAdXQEAAcAAAAqBFdFWlkwv4i60QZI-1BQQVi9BmADahJGcmVlIEJpcmQgQWlybGluZXNqBDA3MDBqBDA5MTByQZ4BlQGYAR8AHAECABYAFwYS7QMR7QETxQgUlQNMyl1PAECcEkvnxQFQABvCPyCr4g4dGQ3h5cIJARJjARFjAQMQFXDO6Q/?operator=WEZY&adults=2&children=2020-08-12&nsv=1&objectId=3976&transport=accommodation_flight&departureDate=2026-07-19&returnDate=2026-07-26&departureLocation=Warszawa%2CWarszawa-Radom%2CWarszawa+-+Modlin%2CWarszawa+-+Radom&opt=delta&catering=all_inclusive","filter_turkey_vacation_jul18_2026","turcja","side","manavgat","2026-07-19","2026-07-26","8","7","Warszawa,Warszawa-Radom,Warszawa - Modlin,Warszawa - Radom","2+1","turcja|side|2026-07-19|2026-07-26|7|Warszawa,Warszawa-Radom,Warszawa - Modlin,Warszawa - Radom|2+1"
"Orange County Alanya","10377.0","20.07.2026 - 27.07.2026","8 dni/7 nocy","3.8","3.8","2336","tripadvisor","Warszawa","2026-06-14T10:36:41.516941+00:00","https://fly.pl/kierunek/turcja/?filter[dest]=39:&filter[hotelids]=&filter[cityids]=&filter[cregids]=&filter[ofrType]=&filter[addObjType]=&filter[whenFrom]=18-07-2026&filter[whenTo]=13-08-2026&filter[duration]=7:11&filter[from]=Warszawa,Warszawa-Radom,Warszawa%20-%20Modlin,Warszawa%20-%20Radom&filter[person]=2&filter[child]=1&filter[price]=4610:20000&filter[PriceFrom]=4610&filter[PriceTo]=20000&filter[addCategory]=50&filter[addCatering]=1&filter[addMisc]=0&filter[addTransport]=F&filter[fp]=1&order_by=ofr_price&filter[tourOperator]=0&filter[childAge][1]=20200812","https://fly.pl/cdn/photo/assets/uploads/582/278/2015/12/Orange-County-Resort-Alanya.jpg","https://fly.pl/wycieczka/turcja,alanya,okurcalar/orange-county-resort-alanya/pujOMuGG7vMh1sIBD8suFTAAogp4HA2LiciACzF8Yr3JiJvk11eDE-prut4HX7XxcZmEkqBEpPSU4wv4i60QZIiVFQAVjVBmACagJVQXIgHBG-RrkEjL0CqwQoG-2aJxim1AIByYCsoAECEmMBAgtFviVh/?operator=JOIN&adults=2&children=2020-08-12&nsv=1&objectId=176535&transport=accommodation_flight&departureDate=2026-07-20&returnDate=2026-07-27&departureLocation=Warszawa%2CWarszawa-Radom%2CWarszawa+-+Modlin%2CWarszawa+-+Radom&opt=delta&catering=all_inclusive","filter_turkey_vacation_jul18_2026","turcja","alanya","okurcalar","2026-07-20","2026-07-27","8","7","Warszawa,Warszawa-Radom,Warszawa - Modlin,Warszawa - Radom","2+1","turcja|alanya|2026-07-20|2026-07-27|7|Warszawa,Warszawa-Radom,Warszawa - Modlin,Warszawa - Radom|2+1"
"Side Premium by OZ Hotels","10408.0","22.07.2026 - 29.07.2026","8 dni/7 nocy","4.4","4.4","3688","tripadvisor","Warszawa","2026-06-14T10:36:41.516941+00:00","https://fly.pl/kierunek/turcja/?filter[dest]=39:&filter[hotelids]=&filter[cityids]=&filter[cregids]=&filter[ofrType]=&filter[addObjType]=&filter[whenFrom]=18-07-2026&filter[whenTo]=13-08-2026&filter[duration]=7:11&filter[from]=Warszawa,Warszawa-Radom,Warszawa%20-%20Modlin,Warszawa%20-%20Radom&filter[person]=2&filter[child]=1&filter[price]=4610:20000&filter[PriceFrom]=4610&filter[PriceTo]=20000&filter[addCategory]=50&filter[addCatering]=1&filter[addMisc]=0&filter[addTransport]=F&filter[fp]=1&order_by=ofr_price&filter[tourOperator]=0&filter[childAge][1]=20200812","https://fly.pl/cdn/photo/assets/uploads/582/278/2016/03/Side-Premium.jpg","https://fly.pl/wycieczka/turcja,side,evrenseki/side-premium/pwUsSdqJxlV33rqIUiiXJ_AAogJW8Hg34nUbhRcVVE1czg6gLuLr51ZXfiuqRu7D0QClcqBEVYSU0wv4i60QZIqFFQAViFB2ACagNVQUlyIRwRvrgGqwSi1EC5BGUb_aQ2GNKGPAGD5vicCgISYwECBjgACyg/?operator=EXIM&adults=2&children=2020-08-12&nsv=1&objectId=142474&transport=accommodation_flight&departureDate=2026-07-22&returnDate=2026-07-29&departureLocation=Warszawa%2CWarszawa-Radom%2CWarszawa+-+Modlin%2CWarszawa+-+Radom&opt=delta&catering=all_inclusive","filter_turkey_vacation_jul18_2026","turcja","side","evrenseki","2026-07-22","2026-07-29","8","7","Warszawa,Warszawa-Radom,Warszawa - Modlin,Warszawa - Radom","2+1","turcja|side|2026-07-22|2026-07-29|7|Warszawa,Warszawa-Radom,Warszawa - Modlin,Warszawa - Radom|2+1"
"Glamour Resort & Spa","10458.0","22.07.2026 - 29.07.2026","8 dni/7 nocy","3.8","3.8","472","tripadvisor","Warszawa","2026-06-14T10:36:41.516941+00:00","https://fly.pl/kierunek/turcja/?filter[dest]=39:&filter[hotelids]=&filter[cityids]=&filter[cregids]=&filter[ofrType]=&filter[addObjType]=&filter[whenFrom]=18-07-2026&filter[whenTo]=13-08-2026&filter[duration]=7:11&filter[from]=Warszawa,Warszawa-Radom,Warszawa%20-%20Modlin,Warszawa%20-%20Radom&filter[person]=2&filter[child]=1&filter[price]=4610:20000&filter[PriceFrom]=4610&filter[PriceTo]=20000&filter[addCategory]=50&filter[addCatering]=1&filter[addMisc]=0&filter[addTransport]=F&filter[fp]=1&order_by=ofr_price&filter[tourOperator]=0&filter[childAge][1]=20200812","https://fly.pl/cdn/photo/assets/uploads/582/278/2015/10/Glamour-Resort-Spa.jpg","https://fly.pl/wycieczka/turcja,side,c/glamour-side/pgDD9-7gVn81-388kZOLJJAAog-YLwks2QrRrccl0R80WZFwLuLr51ZXfiuqRu7D0QClcqBEVYSU0wv4i60QZI2lFQAViFB2ACagJBSXIhHBG9rQarBKPfQLkEZRvA4iwYvsVFAYrBm5wKAhJjAQIMB9TWbQ/?operator=EXIM&adults=2&children=2020-08-12&nsv=1&objectId=175892&transport=accommodation_flight&departureDate=2026-07-22&returnDate=2026-07-29&departureLocation=Warszawa%2CWarszawa-Radom%2CWarszawa+-+Modlin%2CWarszawa+-+Radom&opt=delta&catering=all_inclusive","filter_turkey_vacation_jul18_2026","turcja","side","c","2026-07-22","2026-07-29","8","7","Warszawa,Warszawa-Radom,Warszawa - Modlin,Warszawa - Radom","2+1","turcja|side|2026-07-22|2026-07-29|7|Warszawa,Warszawa-Radom,Warszawa - Modlin,Warszawa - Radom|2+1"
"Fore Resort & Spa","10471.0","19.07.2026 - 26.07.2026","8 dni/7 nocy","4.4","4.4","469","tripadvisor","Warszawa","2026-06-14T10:36:41.516941+00:00","https://fly.pl/kierunek/turcja/?filter[dest]=39:&filter[hotelids]=&filter[cityids]=&filter[cregids]=&filter[ofrType]=&filter[addObjType]=&filter[whenFrom]=18-07-2026&filter[whenTo]=13-08-2026&filter[duration]=7:11&filter[from]=Warszawa,Warszawa-Radom,Warszawa%20-%20Modlin,Warszawa%20-%20Radom&filter[person]=2&filter[child]=1&filter[price]=4610:20000&filter[PriceFrom]=4610&filter[PriceTo]=20000&filter[addCategory]=50&filter[addCatering]=1&filter[addMisc]=0&filter[addTransport]=F&filter[fp]=1&order_by=ofr_price&filter[tourOperator]=0&filter[childAge][1]=20200812","https://fly.pl/cdn/photo/assets/uploads/582/278/2014/10/Palmet-Resort-Spa-ex-Sentido-Palmet-Beach-fly-pl.jpg","https://fly.pl/wycieczka/turcja,kemer,c/palmet/pxi37hpROHlTkmEH5ZsmUmAAogtOhtKmUY4dv1bGNvjYvC9wAAAACOdAQAdXQEAAcAAAAqBFdFWlkwv4i60QZI51FQQVi9BmADahJGcmVlIEJpcmQgQWlybGluZXNqBDA3MDBqBDA5MTByQp4BlQGYAR8AAgEWABwAFwYS7QMTsgoUlQNPyl1MAECcEkvnxQFQABHdYyCQvg4dGRvuglAN8-LyCAESYwEMYwECBYVfFGE/?operator=WEZY&adults=2&children=2020-08-12&nsv=1&objectId=25434&transport=accommodation_flight&departureDate=2026-07-19&returnDate=2026-07-26&departureLocation=Warszawa%2CWarszawa-Radom%2CWarszawa+-+Modlin%2CWarszawa+-+Radom&opt=delta&catering=all_inclusive","filter_turkey_vacation_jul18_2026","turcja","kemer","c","2026-07-19","2026-07-26","8","7","Warszawa,Warszawa-Radom,Warszawa - Modlin,Warszawa - Radom","2+1","turcja|kemer|2026-07-19|2026-07-26|7|Warszawa,Warszawa-Radom,Warszawa - Modlin,Warszawa - Radom|2+1"
"Zena Resort","10476.0","19.07.2026 - 26.07.2026","8 dni/7 nocy","4.4","4.4","929","tripadvisor","Warszawa","2026-06-14T10:36:41.516941+00:00","https://fly.pl/kierunek/turcja/?filter[dest]=39:&filter[hotelids]=&filter[cityids]=&filter[cregids]=&filter[ofrType]=&filter[addObjType]=&filter[whenFrom]=18-07-2026&filter[whenTo]=13-08-2026&filter[duration]=7:11&filter[from]=Warszawa,Warszawa-Radom,Warszawa%20-%20Modlin,Warszawa%20-%20Radom&filter[person]=2&filter[child]=1&filter[price]=4610:20000&filter[PriceFrom]=4610&filter[PriceTo]=20000&filter[addCategory]=50&filter[addCatering]=1&filter[addMisc]=0&filter[addTransport]=F&filter[fp]=1&order_by=ofr_price&filter[tourOperator]=0&filter[childAge][1]=20200812","https://fly.pl/cdn/photo/assets/uploads/582/278/2014/09/ZENA-RESORT-HOTEL.jpg","https://fly.pl/wycieczka/turcja,kemer,camyuva/zena-resort/pWjWkf4aNh59zCzBRUuxEbAAogp3CMcTErA2SOOfyfCRj3SAAAAADFdAQA4XQEAAcAAAAqBFdFWlkwv4i60QZI7FFQQVi9BmADaglFbnRlciBBaXJyQ54BHwAcAQIAFgQXAhLtAxH4AxXJARjXARMeFMIDT5lgTABAnBJQ58UBSwAdvaIPIBwb85tKDZvJ-AgBEmMBDGMBAwaoLg5u/?operator=WEZY&adults=2&children=2020-08-12&nsv=1&objectId=1764&transport=accommodation_flight&departureDate=2026-07-19&returnDate=2026-07-26&departureLocation=Warszawa%2CWarszawa-Radom%2CWarszawa+-+Modlin%2CWarszawa+-+Radom&opt=delta&catering=all_inclusive","filter_turkey_vacation_jul18_2026","turcja","kemer","camyuva","2026-07-19","2026-07-26","8","7","Warszawa,Warszawa-Radom,Warszawa - Modlin,Warszawa - Radom","2+1","turcja|kemer|2026-07-19|2026-07-26|7|Warszawa,Warszawa-Radom,Warszawa - Modlin,Warszawa - Radom|2+1"
"Armas Beach","10528.0","19.07.2026 - 26.07.2026","8 dni/7 nocy","4.3","4.3","763","tripadvisor","Warszawa","2026-06-14T10:36:41.516941+00:00","https://fly.pl/kierunek/turcja/?filter[dest]=39:&filter[hotelids]=&filter[cityids]=&filter[cregids]=&filter[ofrType]=&filter[addObjType]=&filter[whenFrom]=18-07-2026&filter[whenTo]=13-08-2026&filter[duration]=7:11&filter[from]=Warszawa,Warszawa-Radom,Warszawa%20-%20Modlin,Warszawa%20-%20Radom&filter[person]=2&filter[child]=1&filter[price]=4610:20000&filter[PriceFrom]=4610&filter[PriceTo]=20000&filter[addCategory]=50&filter[addCatering]=1&filter[addMisc]=0&filter[addTransport]=F&filter[fp]=1&order_by=ofr_price&filter[tourOperator]=0&filter[childAge][1]=20200812","https://fly.pl/cdn/photo/assets/uploads/582/278/2014/09/Armas-Beach-fly-pl.jpg","https://fly.pl/wycieczka/turcja,kemer,c/armas-beach/pKt1DQ7XMLZSiCv94DP8iiAAog1HiNHQHZR1hBMWwjLmh02QAAAADFdAQA4XQEAAcAAQAqBFdFWlkwv4i60QZIoFJQQVi9BmADaglFbnRlciBBaXJyQZ4BHwAcAQIAFgAXBhLtAxHzBBVOGNcBEx4UwgNPmWBMAECcElDnxQFLABucMR2h8Q4gHA2O5cIJARJjAQxjAQML_OFtPA/?operator=WEZY&adults=2&children=2020-08-12&nsv=1&objectId=25982&transport=accommodation_flight&departureDate=2026-07-19&returnDate=2026-07-26&departureLocation=Warszawa%2CWarszawa-Radom%2CWarszawa+-+Modlin%2CWarszawa+-+Radom&opt=delta&catering=all_inclusive","filter_turkey_vacation_jul18_2026","turcja","kemer","c","2026-07-19","2026-07-26","8","7","Warszawa,Warszawa-Radom,Warszawa - Modlin,Warszawa - Radom","2+1","turcja|kemer|2026-07-19|2026-07-26|7|Warszawa,Warszawa-Radom,Warszawa - Modlin,Warszawa - Radom|2+1"
"Riolavitas SPA & Resort","10536.0","23.07.2026 - 30.07.2026","8 dni/7 nocy","4.0","4.0","1467","tripadvisor","Warszawa","2026-06-14T10:36:41.516941+00:00","https://fly.pl/kierunek/turcja/?filter[dest]=39:&filter[hotelids]=&filter[cityids]=&filter[cregids]=&filter[ofrType]=&filter[addObjType]=&filter[whenFrom]=18-07-2026&filter[whenTo]=13-08-2026&filter[duration]=7:11&filter[from]=Warszawa,Warszawa-Radom,Warszawa%20-%20Modlin,Warszawa%20-%20Radom&filter[person]=2&filter[child]=1&filter[price]=4610:20000&filter[PriceFrom]=4610&filter[PriceTo]=20000&filter[addCategory]=50&filter[addCatering]=1&filter[addMisc]=0&filter[addTransport]=F&filter[fp]=1&order_by=ofr_price&filter[tourOperator]=0&filter[childAge][1]=20200812","https://fly.pl/cdn/photo/assets/uploads/582/278/2016/02/Lavitas-Spa-fly-pl-1.jpg","https://fly.pl/wycieczka/turcja,side,titreyengol/lavitas-spa/pWp5Q6jisv5z9b8Hmc2EmJAAogKCJcoFm9jmZreu06ApImrDICq4IvHFLSy1yPUSVlhM4qBEJWQkUwv4i60QZIqFJQAVidB2ACagNBSStyIRwR5sMBG4WXOxj3whS5BKSkKKsEfgH4mdn1AgIAYwEDCjxD184/?operator=BVBE&adults=2&children=2020-08-12&nsv=1&objectId=178688&transport=accommodation_flight&departureDate=2026-07-23&returnDate=2026-07-30&departureLocation=Warszawa%2CWarszawa-Radom%2CWarszawa+-+Modlin%2CWarszawa+-+Radom&opt=delta&catering=all_inclusive","filter_turkey_vacation_jul18_2026","turcja","side","titreyengol","2026-07-23","2026-07-30","8","7","Warszawa,Warszawa-Radom,Warszawa - Modlin,Warszawa - Radom","2+1","turcja|side|2026-07-23|2026-07-30|7|Warszawa,Warszawa-Radom,Warszawa - Modlin,Warszawa - Radom|2+1"
"Water Side Resort & Spa","10554.0","19.07.2026 - 26.07.2026","8 dni/7 nocy","4.0","4.0","1548","tripadvisor","Warszawa","2026-06-14T10:36:41.516941+00:00","https://fly.pl/kierunek/turcja/?filter[dest]=39:&filter[hotelids]=&filter[cityids]=&filter[cregids]=&filter[ofrType]=&filter[addObjType]=&filter[whenFrom]=18-07-2026&filter[whenTo]=13-08-2026&filter[duration]=7:11&filter[from]=Warszawa,Warszawa-Radom,Warszawa%20-%20Modlin,Warszawa%20-%20Radom&filter[person]=2&filter[child]=1&filter[price]=4610:20000&filter[PriceFrom]=4610&filter[PriceTo]=20000&filter[addCategory]=50&filter[addCatering]=1&filter[addMisc]=0&filter[addTransport]=F&filter[fp]=1&order_by=ofr_price&filter[tourOperator]=0&filter[childAge][1]=20200812","https://fly.pl/cdn/photo/assets/uploads/582/278/2015/04/Water-Side-Resort-Spa.jpg","https://fly.pl/wycieczka/turcja,side,c/water-side-resort-spa/prvhWEoHhdG27FQNVQN-diAAogY9URea445hNRTg_9C6GoFwAAAACOdAQAdXQEAAcAAAAqBFdFWlkwwIi60QZIulJQQVi9BmADahJGcmVlIEJpcmQgQWlybGluZXNqBDA3MDBqBDA5MTByQp4BlQGYAR8AAgEWABwAFwYS7QMTsgoUlQMR8VBM2QxPAECcEkvnxQFQABuQkgMg3Y8MHRkN4eXCCQESYwENYwEDDHhU5OQ/?operator=WEZY&adults=2&children=2020-08-12&nsv=1&objectId=168079&transport=accommodation_flight&departureDate=2026-07-19&returnDate=2026-07-26&departureLocation=Warszawa%2CWarszawa-Radom%2CWarszawa+-+Modlin%2CWarszawa+-+Radom&opt=delta&catering=all_inclusive","filter_turkey_vacation_jul18_2026","turcja","side","c","2026-07-19","2026-07-26","8","7","Warszawa,Warszawa-Radom,Warszawa - Modlin,Warszawa - Radom","2+1","turcja|side|2026-07-19|2026-07-26|7|Warszawa,Warszawa-Radom,Warszawa - Modlin,Warszawa - Radom|2+1"
"Mary Side (ex. Mary Palace)","10580.0","18.07.2026 - 25.07.2026","8 dni/7 nocy","4.4","4.4","197","tripadvisor","Warszawa","2026-06-14T10:36:41.516941+00:00","https://fly.pl/kierunek/turcja/?filter[dest]=39:&filter[hotelids]=&filter[cityids]=&filter[cregids]=&filter[ofrType]=&filter[addObjType]=&filter[whenFrom]=18-07-2026&filter[whenTo]=13-08-2026&filter[duration]=7:11&filter[from]=Warszawa,Warszawa-Radom,Warszawa%20-%20Modlin,Warszawa%20-%20Radom&filter[person]=2&filter[child]=1&filter[price]=4610:20000&filter[PriceFrom]=4610&filter[PriceTo]=20000&filter[addCategory]=50&filter[addCatering]=1&filter[addMisc]=0&filter[addTransport]=F&filter[fp]=1&order_by=ofr_price&filter[tourOperator]=0&filter[childAge][1]=20200812","https://fly.pl/cdn/photo/assets/uploads/582/278/2015/04/Mary-Hotel-Side.jpg","https://fly.pl/wycieczka/turcja,side,c/mary-palace/pBrhLxshiyeUvdRyN0p9ZCAAogPhP16hJvYNf44JdtDc7y944rnHDhyyP7p1xX0bl-A28qBE9BU0kwwIi60QZI1FJQAVilBmACagNBSWxyIBwR4H-5BNyJD6sEAxumngkY0ewSAcjOp_kBAgBjAQMGXQhlgg/?operator=OASI&adults=2&children=2020-08-12&nsv=1&objectId=168076&transport=accommodation_flight&departureDate=2026-07-18&returnDate=2026-07-25&departureLocation=Warszawa%2CWarszawa-Radom%2CWarszawa+-+Modlin%2CWarszawa+-+Radom&opt=delta&catering=all_inclusive","filter_turkey_vacation_jul18_2026","turcja","side","c","2026-07-18","2026-07-25","8","7","Warszawa,Warszawa-Radom,Warszawa - Modlin,Warszawa - Radom","2+1","turcja|side|2026-07-18|2026-07-25|7|Warszawa,Warszawa-Radom,Warszawa - Modlin,Warszawa - Radom|2+1"
"Fame Residence (Göynük)","10581.0","18.07.2026 - 25.07.2026","8 dni/7 nocy","4.7","4.7","2197","tripadvisor","Warszawa","2026-06-14T10:36:41.516941+00:00","https://fly.pl/kierunek/turcja/?filter[dest]=39:&filter[hotelids]=&filter[cityids]=&filter[cregids]=&filter[ofrType]=&filter[addObjType]=&filter[whenFrom]=18-07-2026&filter[whenTo]=13-08-2026&filter[duration]=7:11&filter[from]=Warszawa,Warszawa-Radom,Warszawa%20-%20Modlin,Warszawa%20-%20Radom&filter[person]=2&filter[child]=1&filter[price]=4610:20000&filter[PriceFrom]=4610&filter[PriceTo]=20000&filter[addCategory]=50&filter[addCatering]=1&filter[addMisc]=0&filter[addTransport]=F&filter[fp]=1&order_by=ofr_price&filter[tourOperator]=0&filter[childAge][1]=20200812","https://fly.pl/cdn/photo/assets/uploads/582/278/2015/05/Fame-Residence-Goynuk.jpg","https://fly.pl/wycieczka/turcja,kemer,goynuk/fame-residence-goynuk/pHPh66c1pF1o7QxMTaypGhAAogeAgcrsBEVdzO5nssYnQpujm75xzNrdMBvkUGrR8D3XsqBEVDQ1gwwIi60QZI1VJQAVilBmACagJBSXIgHBHdJqsEzqUWuQQdGJnXKRus7QwB2aO93gECAGMBAguemXCE/?operator=ECCX&adults=2&children=2020-08-12&nsv=1&objectId=8604&transport=accommodation_flight&departureDate=2026-07-18&returnDate=2026-07-25&departureLocation=Warszawa%2CWarszawa-Radom%2CWarszawa+-+Modlin%2CWarszawa+-+Radom&opt=delta&catering=all_inclusive","filter_turkey_vacation_jul18_2026","turcja","kemer","goynuk","2026-07-18","2026-07-25","8","7","Warszawa,Warszawa-Radom,Warszawa - Modlin,Warszawa - Radom","2+1","turcja|kemer|2026-07-18|2026-07-25|7|Warszawa,Warszawa-Radom,Warszawa - Modlin,Warszawa - Radom|2+1"
"Armas Kaplan Paradise","10593.0","21.07.2026 - 29.07.2026","9 dni/8 nocy","4.3","4.3","1175","tripadvisor","Warszawa","2026-06-14T10:36:41.516941+00:00","https://fly.pl/kierunek/turcja/?filter[dest]=39:&filter[hotelids]=&filter[cityids]=&filter[cregids]=&filter[ofrType]=&filter[addObjType]=&filter[whenFrom]=18-07-2026&filter[whenTo]=13-08-2026&filter[duration]=7:11&filter[from]=Warszawa,Warszawa-Radom,Warszawa%20-%20Modlin,Warszawa%20-%20Radom&filter[person]=2&filter[child]=1&filter[price]=4610:20000&filter[PriceFrom]=4610&filter[PriceTo]=20000&filter[addCategory]=50&filter[addCatering]=1&filter[addMisc]=0&filter[addTransport]=F&filter[fp]=1&order_by=ofr_price&filter[tourOperator]=0&filter[childAge][1]=20200812","https://fly.pl/cdn/photo/assets/uploads/582/278/2017/03/Armas-Kaplan-Paradise.jpg","https://fly.pl/wycieczka/turcja,kemer,tekirova/armas-kaplan-paradise/pVAU4jVRWIE1b77-5oiQnaAAog2LGIu9aF9hwFJ1Zt6V-p6GcowcRFSimdZCEXnLk7UoMqBE9SRVgwwIi60QZI4VJQQVjtBmACagVFLjIuMXI2mwEVCBcAWAdWAlwIQMIGEdEPT4oxXSRTqydSAF6WlAFL7UNhAEzljDoghPuXCQ0AAhJjAQILlMupMQ/?operator=OREX&adults=2&children=2020-08-12&nsv=1&objectId=8610&transport=accommodation_flight&departureDate=2026-07-21&returnDate=2026-07-29&departureLocation=Warszawa%2CWarszawa-Radom%2CWarszawa+-+Modlin%2CWarszawa+-+Radom&opt=delta&catering=all_inclusive","filter_turkey_vacation_jul18_2026","turcja","kemer","tekirova","2026-07-21","2026-07-29","9","8","Warszawa,Warszawa-Radom,Warszawa - Modlin,Warszawa - Radom","2+1","turcja|kemer|2026-07-21|2026-07-29|8|Warszawa,Warszawa-Radom,Warszawa - Modlin,Warszawa - Radom|2+1"
"Azura World (ex. Wyndham Alanya)","10615.0","19.07.2026 - 26.07.2026","8 dni/7 nocy","","","","","Warszawa","2026-06-14T10:36:41.516941+00:00","https://fly.pl/kierunek/turcja/?filter[dest]=39:&filter[hotelids]=&filter[cityids]=&filter[cregids]=&filter[ofrType]=&filter[addObjType]=&filter[whenFrom]=18-07-2026&filter[whenTo]=13-08-2026&filter[duration]=7:11&filter[from]=Warszawa,Warszawa-Radom,Warszawa%20-%20Modlin,Warszawa%20-%20Radom&filter[person]=2&filter[child]=1&filter[price]=4610:20000&filter[PriceFrom]=4610&filter[PriceTo]=20000&filter[addCategory]=50&filter[addCatering]=1&filter[addMisc]=0&filter[addTransport]=F&filter[fp]=1&order_by=ofr_price&filter[tourOperator]=0&filter[childAge][1]=20200812","https://datacfstatic.merlinx.pl/WEZY/IMG/76255/22583b3c8e09c577b045f09bb489a296f2b2e630d003cd7a52002e732630e66d.webp","https://fly.pl/wycieczka/turcja,alanya,turkler/wyndham-alanya-11/pbWOh2Y3C75QOjdHqMfWhFAAogmsXxuaPv8cMr5OVDSXjEeQAAAACOdAQAdXQEAAcAAQAqBFdFWlkwwIi60QZI91JQQVi9BmADahJGcmVlIEJpcmQgQWlybGluZXNqBDA3MDBqBDA5MTByQ54BlQGYAR8AAgEcABYEFwIS7QMTsgoUlQNPyl1MAECcEkvnxQFQABHXjAIglpUNHRkbza9gDZS24ggBEmMBDGMBAws4nkos/?operator=WEZY&adults=2&children=2020-08-12&nsv=1&objectId=232247&transport=accommodation_flight&departureDate=2026-07-19&returnDate=2026-07-26&departureLocation=Warszawa%2CWarszawa-Radom%2CWarszawa+-+Modlin%2CWarszawa+-+Radom&opt=delta&catering=all_inclusive","filter_turkey_vacation_jul18_2026","turcja","alanya","turkler","2026-07-19","2026-07-26","8","7","Warszawa,Warszawa-Radom,Warszawa - Modlin,Warszawa - Radom","2+1","turcja|alanya|2026-07-19|2026-07-26|7|Warszawa,Warszawa-Radom,Warszawa - Modlin,Warszawa - Radom|2+1"
"Terrace Elite Resort","10624.0","18.07.2026 - 25.07.2026","8 dni/7 nocy","4.5","4.5","1273","tripadvisor","Warszawa","2026-06-14T10:36:41.516941+00:00","https://fly.pl/kierunek/turcja/?filter[dest]=39:&filter[hotelids]=&filter[cityids]=&filter[cregids]=&filter[ofrType]=&filter[addObjType]=&filter[whenFrom]=18-07-2026&filter[whenTo]=13-08-2026&filter[duration]=7:11&filter[from]=Warszawa,Warszawa-Radom,Warszawa%20-%20Modlin,Warszawa%20-%20Radom&filter[person]=2&filter[child]=1&filter[price]=4610:20000&filter[PriceFrom]=4610&filter[PriceTo]=20000&filter[addCategory]=50&filter[addCatering]=1&filter[addMisc]=0&filter[addTransport]=F&filter[fp]=1&order_by=ofr_price&filter[tourOperator]=0&filter[childAge][1]=20200812","https://fly.pl/cdn/photo/assets/uploads/582/278/2015/11/Terrace-Elite-Resort-fly-pl.jpg","https://fly.pl/wycieczka/turcja,side,c/terrace-elite-resort/pDhdIUYCTqniKoeCvN4xMPAAoguoLbYT5xI7autRWJQdy1wAz77lvs6r-gYLlUM_yvRvwqBEJWQkUwwIi60QZIgFNQAVilBmACagNVQUlyIhwR5qgBG7DwPRip-hGrBOOuKLkEkgIBjI2A9AICAGMBAwlIWMxW/?operator=BVBE&adults=2&children=2020-08-12&nsv=1&objectId=111729&transport=accommodation_flight&departureDate=2026-07-18&returnDate=2026-07-25&departureLocation=Warszawa%2CWarszawa-Radom%2CWarszawa+-+Modlin%2CWarszawa+-+Radom&opt=delta&catering=all_inclusive","filter_turkey_vacation_jul18_2026","turcja","side","c","2026-07-18","2026-07-25","8","7","Warszawa,Warszawa-Radom,Warszawa - Modlin,Warszawa - Radom","2+1","turcja|side|2026-07-18|2026-07-25|7|Warszawa,Warszawa-Radom,Warszawa - Modlin,Warszawa - Radom|2+1"
"Side Prenses","10681.0","19.07.2026 - 26.07.2026","8 dni/7 nocy","4.1","4.1","949","tripadvisor","Warszawa","2026-06-14T10:36:41.516941+00:00","https://fly.pl/kierunek/turcja/?filter[dest]=39:&filter[hotelids]=&filter[cityids]=&filter[cregids]=&filter[ofrType]=&filter[addObjType]=&filter[whenFrom]=18-07-2026&filter[whenTo]=13-08-2026&filter[duration]=7:11&filter[from]=Warszawa,Warszawa-Radom,Warszawa%20-%20Modlin,Warszawa%20-%20Radom&filter[person]=2&filter[child]=1&filter[price]=4610:20000&filter[PriceFrom]=4610&filter[PriceTo]=20000&filter[addCategory]=50&filter[addCatering]=1&filter[addMisc]=0&filter[addTransport]=F&filter[fp]=1&order_by=ofr_price&filter[tourOperator]=0&filter[childAge][1]=20200812","https://fly.pl/cdn/photo/assets/uploads/582/278/2015/04/Side-Prenses.jpg","https://fly.pl/wycieczka/turcja,side,c/side-prenses/ps8dBDkq14XkLusCKFqz8UAAogirQBq9AUPzz3kwEQFhh1GAAAAACOdAQAdXQEAAcAEgAqBFdFWlkwwIi60QZIuVNQQVi9BmADahJGcmVlIEJpcmQgQWlybGluZXNqBDA3MDBqBDA5MTByQp4BlQGYAR8AAgEcABYEFwIS7QMTsgoUlQNMyl1PAECcEhHVKUuSnAFQABvn3AEghsUNHRkN4eXCCQESYwEMYwEDCzRcs9o/?operator=WEZY&adults=2&children=2020-08-12&nsv=1&objectId=1693&transport=accommodation_flight&departureDate=2026-07-19&returnDate=2026-07-26&departureLocation=Warszawa%2CWarszawa-Radom%2CWarszawa+-+Modlin%2CWarszawa+-+Radom&opt=delta&catering=all_inclusive","filter_turkey_vacation_jul18_2026","turcja","side","c","2026-07-19","2026-07-26","8","7","Warszawa,Warszawa-Radom,Warszawa - Modlin,Warszawa - Radom","2+1","turcja|side|2026-07-19|2026-07-26|7|Warszawa,Warszawa-Radom,Warszawa - Modlin,Warszawa - Radom|2+1"
"Port Side Resort","10708.0","22.07.2026 - 29.07.2026","8 dni/7 nocy","4.4","4.4","215","tripadvisor","Warszawa","2026-06-14T10:36:41.516941+00:00","https://fly.pl/kierunek/turcja/?filter[dest]=39:&filter[hotelids]=&filter[cityids]=&filter[cregids]=&filter[ofrType]=&filter[addObjType]=&filter[whenFrom]=18-07-2026&filter[whenTo]=13-08-2026&filter[duration]=7:11&filter[from]=Warszawa,Warszawa-Radom,Warszawa%20-%20Modlin,Warszawa%20-%20Radom&filter[person]=2&filter[child]=1&filter[price]=4610:20000&filter[PriceFrom]=4610&filter[PriceTo]=20000&filter[addCategory]=50&filter[addCatering]=1&filter[addMisc]=0&filter[addTransport]=F&filter[fp]=1&order_by=ofr_price&filter[tourOperator]=0&filter[childAge][1]=20200812","https://fly.pl/cdn/photo/assets/uploads/582/278/2017/01/Port-Side-Resort-fly-pl-3.jpg","https://fly.pl/wycieczka/turcja,side,c/port-side-resort/p50KqVAzJ_jOUsCdcB19hVAAog-0NXIWmPH5zHoIN9vRKvc__2dYpkKqu6LbfqewOdjQIqBEJWQkUwwIi60QZI1FNQAViFB2ACagJBSXIiHBGgowEb6bg8GNawD7kE97QsqwSUAQH_p768AgIAYwEDDKWqoQg/?operator=BVBE&adults=2&children=2020-08-12&nsv=1&objectId=31329&transport=accommodation_flight&departureDate=2026-07-22&returnDate=2026-07-29&departureLocation=Warszawa%2CWarszawa-Radom%2CWarszawa+-+Modlin%2CWarszawa+-+Radom&opt=delta&catering=all_inclusive","filter_turkey_vacation_jul18_2026","turcja","side","c","2026-07-22","2026-07-29","8","7","Warszawa,Warszawa-Radom,Warszawa - Modlin,Warszawa - Radom","2+1","turcja|side|2026-07-22|2026-07-29|7|Warszawa,Warszawa-Radom,Warszawa - Modlin,Warszawa - Radom|2+1"
"Green Garden Resort","10767.0","22.07.2026 - 29.07.2026","8 dni/7 nocy","4.0","4.0","283","tripadvisor","Warszawa","2026-06-14T10:36:41.516941+00:00","https://fly.pl/kierunek/turcja/?filter[dest]=39:&filter[hotelids]=&filter[cityids]=&filter[cregids]=&filter[ofrType]=&filter[addObjType]=&filter[whenFrom]=18-07-2026&filter[whenTo]=13-08-2026&filter[duration]=7:11&filter[from]=Warszawa,Warszawa-Radom,Warszawa%20-%20Modlin,Warszawa%20-%20Radom&filter[person]=2&filter[child]=1&filter[price]=4610:20000&filter[PriceFrom]=4610&filter[PriceTo]=20000&filter[addCategory]=50&filter[addCatering]=1&filter[addMisc]=0&filter[addTransport]=F&filter[fp]=1&order_by=ofr_price&filter[tourOperator]=0&filter[childAge][1]=20200812","https://fly.pl/cdn/photo/assets/uploads/582/278/2017/06/Green-Garden-fly-pl-2.jpg","https://fly.pl/wycieczka/turcja,alanya,c/green-garden/pDsjD3O3ql8nA5_3BYVO3JAAogznnjoBX0JA8lvc6uFalzVgLuLr51ZXfiuqRu7D0QClcqBEVYSU0wwIi60QZIj1RQAViFB2ACagNVQUlyIRwRru8FqwSynUG5BGUb77ElGODqOAHqnMPzCAISYwEDDLE1xFM/?operator=EXIM&adults=2&children=2020-08-12&nsv=1&objectId=180567&transport=accommodation_flight&departureDate=2026-07-22&returnDate=2026-07-29&departureLocation=Warszawa%2CWarszawa-Radom%2CWarszawa+-+Modlin%2CWarszawa+-+Radom&opt=delta&catering=all_inclusive","filter_turkey_vacation_jul18_2026","turcja","alanya","c","2026-07-22","2026-07-29","8","7","Warszawa,Warszawa-Radom,Warszawa - Modlin,Warszawa - Radom","2+1","turcja|alanya|2026-07-22|2026-07-29|7|Warszawa,Warszawa-Radom,Warszawa - Modlin,Warszawa - Radom|2+1"
"Seaden Sea World Resort & Spa","10772.0","18.07.2026 - 25.07.2026","8 dni/7 nocy","3.7","3.7","848","tripadvisor","Warszawa","2026-06-14T10:36:41.516941+00:00","https://fly.pl/kierunek/turcja/?filter[dest]=39:&filter[hotelids]=&filter[cityids]=&filter[cregids]=&filter[ofrType]=&filter[addObjType]=&filter[whenFrom]=18-07-2026&filter[whenTo]=13-08-2026&filter[duration]=7:11&filter[from]=Warszawa,Warszawa-Radom,Warszawa%20-%20Modlin,Warszawa%20-%20Radom&filter[person]=2&filter[child]=1&filter[price]=4610:20000&filter[PriceFrom]=4610&filter[PriceTo]=20000&filter[addCategory]=50&filter[addCatering]=1&filter[addMisc]=0&filter[addTransport]=F&filter[fp]=1&order_by=ofr_price&filter[tourOperator]=0&filter[childAge][1]=20200812","https://fly.pl/cdn/photo/assets/uploads/582/278/2015/01/Seaden-Sea-World-Resort-Spa.jpg","https://fly.pl/wycieczka/turcja,side,kizilagac/sea-world-resort/pchr1C9s3_xVKQdNMy7fBeAAogSF7c_RGCWEPtfCGwSh8KtQz77lvs6r-gYLlUM_yvRvwqBEJWQkUwwIi60QZIlFRQAVilBmACagJBSXIiHBHR2QEbkZE_GJveE6sEpfkkuQSSAgHB5eezAwIAYwEDDEWLRQ0/?operator=BVBE&adults=2&children=2020-08-12&nsv=1&objectId=5007&transport=accommodation_flight&departureDate=2026-07-18&returnDate=2026-07-25&departureLocation=Warszawa%2CWarszawa-Radom%2CWarszawa+-+Modlin%2CWarszawa+-+Radom&opt=delta&catering=all_inclusive","filter_turkey_vacation_jul18_2026","turcja","side","kizilagac","2026-07-18","2026-07-25","8","7","Warszawa,Warszawa-Radom,Warszawa - Modlin,Warszawa - Radom","2+1","turcja|side|2026-07-18|2026-07-25|7|Warszawa,Warszawa-Radom,Warszawa - Modlin,Warszawa - Radom|2+1"
"Delta by Marriott Bodrum","10777.0","23.07.2026 - 31.07.2026","9 dni/7 nocy","4.1","4.1","1787","tripadvisor","Warszawa","2026-06-14T10:36:41.516941+00:00","https://fly.pl/kierunek/turcja/?filter[dest]=39:&filter[hotelids]=&filter[cityids]=&filter[cregids]=&filter[ofrType]=&filter[addObjType]=&filter[whenFrom]=18-07-2026&filter[whenTo]=13-08-2026&filter[duration]=7:11&filter[from]=Warszawa,Warszawa-Radom,Warszawa%20-%20Modlin,Warszawa%20-%20Radom&filter[person]=2&filter[child]=1&filter[price]=4610:20000&filter[PriceFrom]=4610&filter[PriceTo]=20000&filter[addCategory]=50&filter[addCatering]=1&filter[addMisc]=0&filter[addTransport]=F&filter[fp]=1&order_by=ofr_price&filter[tourOperator]=0&filter[childAge][1]=20200812","https://fly.pl/cdn/photo/assets/uploads/582/278/2014/11/delta.jpg","https://fly.pl/wycieczka/turcja,bodrum,yalikavak/delta-beach-resort/pjHgDvZU6Eh5igHeV8my4EAAogKvdMEe7gwuUEci8omg1RmYhtswdb3bT1O6VJ_fxUJqAqBFZJVFgwwIi60QZImVRQQVidB2ACcj8aABUHFwBcA1gFQI8DU91xUgBb4hFevnxL7UNhAEyi-S0NyY6kCSABUb39-sxdT_DnNV2szp2iqAECB2MBAgZp6LJP/?operator=VITX&adults=2&children=2020-08-12&nsv=1&objectId=7770&transport=accommodation_flight&departureDate=2026-07-23&returnDate=2026-07-31&departureLocation=Warszawa%2CWarszawa-Radom%2CWarszawa+-+Modlin%2CWarszawa+-+Radom&opt=delta&catering=all_inclusive","filter_turkey_vacation_jul18_2026","turcja","bodrum","yalikavak","2026-07-23","2026-07-31","9","7","Warszawa,Warszawa-Radom,Warszawa - Modlin,Warszawa - Radom","2+1","turcja|bodrum|2026-07-23|2026-07-31|7|Warszawa,Warszawa-Radom,Warszawa - Modlin,Warszawa - Radom|2+1"
"Fame Residence (Kemer)","10778.0","23.07.2026 - 30.07.2026","8 dni/7 nocy","4.7","4.7","2119","tripadvisor","Warszawa","2026-06-14T10:36:41.516941+00:00","https://fly.pl/kierunek/turcja/?filter[dest]=39:&filter[hotelids]=&filter[cityids]=&filter[cregids]=&filter[ofrType]=&filter[addObjType]=&filter[whenFrom]=18-07-2026&filter[whenTo]=13-08-2026&filter[duration]=7:11&filter[from]=Warszawa,Warszawa-Radom,Warszawa%20-%20Modlin,Warszawa%20-%20Radom&filter[person]=2&filter[child]=1&filter[price]=4610:20000&filter[PriceFrom]=4610&filter[PriceTo]=20000&filter[addCategory]=50&filter[addCatering]=1&filter[addMisc]=0&filter[addTransport]=F&filter[fp]=1&order_by=ofr_price&filter[tourOperator]=0&filter[childAge][1]=20200812","https://fly.pl/cdn/photo/assets/uploads/582/278/2015/05/Fame-Residence-Kemer-fly-pl-1.jpg","https://fly.pl/wycieczka/turcja,kemer,c/fame-residence-kemer/ptFNr3hE8Bn1ZGl1D1MKPfAAogg7SBm9LMNjqBsGiihw58_DICq4IvHFLSy1yPUSVlhM4qBEJWQkUwwIi60QZImlRQAVidB2ACagJBSXIhHBG0kwEbxqc7GNfHFLkEtb8oqwR-AaaGkfECAgBjAQILIoXPxg/?operator=BVBE&adults=2&children=2020-08-12&nsv=1&objectId=4952&transport=accommodation_flight&departureDate=2026-07-23&returnDate=2026-07-30&departureLocation=Warszawa%2CWarszawa-Radom%2CWarszawa+-+Modlin%2CWarszawa+-+Radom&opt=delta&catering=all_inclusive","filter_turkey_vacation_jul18_2026","turcja","kemer","c","2026-07-23","2026-07-30","8","7","Warszawa,Warszawa-Radom,Warszawa - Modlin,Warszawa - Radom","2+1","turcja|kemer|2026-07-23|2026-07-30|7|Warszawa,Warszawa-Radom,Warszawa - Modlin,Warszawa - Radom|2+1"
"Lake River Side Spa","10797.0","23.07.2026 - 30.07.2026","8 dni/7 nocy","4.0","4.0","1852","tripadvisor","Warszawa","2026-06-14T10:36:41.516941+00:00","https://fly.pl/kierunek/turcja/?filter[dest]=39:&filter[hotelids]=&filter[cityids]=&filter[cregids]=&filter[ofrType]=&filter[addObjType]=&filter[whenFrom]=18-07-2026&filter[whenTo]=13-08-2026&filter[duration]=7:11&filter[from]=Warszawa,Warszawa-Radom,Warszawa%20-%20Modlin,Warszawa%20-%20Radom&filter[person]=2&filter[child]=1&filter[price]=4610:20000&filter[PriceFrom]=4610&filter[PriceTo]=20000&filter[addCategory]=50&filter[addCatering]=1&filter[addMisc]=0&filter[addTransport]=F&filter[fp]=1&order_by=ofr_price&filter[tourOperator]=0&filter[childAge][1]=20200812","https://fly.pl/cdn/photo/assets/uploads/582/278/2014/11/Lake-River-Side-Spa-fly-pl-1.jpg","https://fly.pl/wycieczka/turcja,side,manavgat/lake-river-side-spa/p8EEdadnB_PjR0mbfv02D4AAogo6Y1F2QnBhXbUi4Zvcce0FcbW0kfwNyF5b7TGk4Wi78qBFZJVFgwwIi60QZIrVRQQVidB2ACcj8aABUHFwBcA1gFQI8DU-drUgBb2BdevnxLgRJhAEyOqy4NyY6kCSAAUcvMhu5YT7OqEV3Ej9OLhQECDWMBAgxtgmqA/?operator=VITX&adults=2&children=2020-08-12&nsv=1&objectId=38066&transport=accommodation_flight&departureDate=2026-07-23&returnDate=2026-07-30&departureLocation=Warszawa%2CWarszawa-Radom%2CWarszawa+-+Modlin%2CWarszawa+-+Radom&opt=delta&catering=all_inclusive","filter_turkey_vacation_jul18_2026","turcja","side","manavgat","2026-07-23","2026-07-30","8","7","Warszawa,Warszawa-Radom,Warszawa - Modlin,Warszawa - Radom","2+1","turcja|side|2026-07-23|2026-07-30|7|Warszawa,Warszawa-Radom,Warszawa - Modlin,Warszawa - Radom|2+1"
"Wind of Lara","10841.0","18.07.2026 - 25.07.2026","8 dni/7 nocy","4.2","4.2","2281","tripadvisor","Warszawa","2026-06-14T10:36:41.516941+00:00","https://fly.pl/kierunek/turcja/?filter[dest]=39:&filter[hotelids]=&filter[cityids]=&filter[cregids]=&filter[ofrType]=&filter[addObjType]=&filter[whenFrom]=18-07-2026&filter[whenTo]=13-08-2026&filter[duration]=7:11&filter[from]=Warszawa,Warszawa-Radom,Warszawa%20-%20Modlin,Warszawa%20-%20Radom&filter[person]=2&filter[child]=1&filter[price]=4610:20000&filter[PriceFrom]=4610&filter[PriceTo]=20000&filter[addCategory]=50&filter[addCatering]=1&filter[addMisc]=0&filter[addTransport]=F&filter[fp]=1&order_by=ofr_price&filter[tourOperator]=0&filter[childAge][1]=20200812","https://fly.pl/cdn/photo/assets/uploads/582/278/2015/12/Wind-of-Lara.jpg","https://fly.pl/wycieczka/turcja,alanya,c/wind-of-lara/p2A342R6I60VwnqZnOQfE3AAogtIp7eICct02vaRivoHmUGo4rnHDhyyP7p1xX0bl-A28qBE9BU0kwwIi60QZI2VRQAVilBmACagNBSWxyIBwRrXq5BI-PD6sEAxvUjwkY5PsSAd3Ry_kBAgBjAQMJxlrpJw/?operator=OASI&adults=2&children=2020-08-12&nsv=1&objectId=175996&transport=accommodation_flight&departureDate=2026-07-18&returnDate=2026-07-25&departureLocation=Warszawa%2CWarszawa-Radom%2CWarszawa+-+Modlin%2CWarszawa+-+Radom&opt=delta&catering=all_inclusive","filter_turkey_vacation_jul18_2026","turcja","alanya","c","2026-07-18","2026-07-25","8","7","Warszawa,Warszawa-Radom,Warszawa - Modlin,Warszawa - Radom","2+1","turcja|alanya|2026-07-18|2026-07-25|7|Warszawa,Warszawa-Radom,Warszawa - Modlin,Warszawa - Radom|2+1"
"Horus Paradise Luxury Resort","10855.0","19.07.2026 - 26.07.2026","8 dni/7 nocy","4.0","4.0","3047","tripadvisor","Warszawa","2026-06-14T10:36:41.516941+00:00","https://fly.pl/kierunek/turcja/?filter[dest]=39:&filter[hotelids]=&filter[cityids]=&filter[cregids]=&filter[ofrType]=&filter[addObjType]=&filter[whenFrom]=18-07-2026&filter[whenTo]=13-08-2026&filter[duration]=7:11&filter[from]=Warszawa,Warszawa-Radom,Warszawa%20-%20Modlin,Warszawa%20-%20Radom&filter[person]=2&filter[child]=1&filter[price]=4610:20000&filter[PriceFrom]=4610&filter[PriceTo]=20000&filter[addCategory]=50&filter[addCatering]=1&filter[addMisc]=0&filter[addTransport]=F&filter[fp]=1&order_by=ofr_price&filter[tourOperator]=0&filter[childAge][1]=20200812","https://fly.pl/cdn/photo/assets/uploads/582/278/2015/04/Horus-Paradise-Luxury-Resort.jpg","https://fly.pl/wycieczka/turcja,side,c/horus-paradise-club-luxury-resort/pQwJ6-kCD64N-VrWD6ziylAAogSkSWmDECdsCBzEpgn1QhggAAAACOdAQAdXQEAAcAAAAqBFdFWlkwwIi60QZI51RQQVi9BmADahJGcmVlIEJpcmQgQWlybGluZXNqBDA3MDBqBDA5MTByQp4BlQGYAR8AHAECABYAFwYS7QMRhQITrQgUlQNMyl1PAECcEkvnxQFQACDtoQ8dGRuKkEkN19X5CAESYwEMYwEDCy_GdHQ/?operator=WEZY&adults=2&children=2020-08-12&nsv=1&objectId=2838&transport=accommodation_flight&departureDate=2026-07-19&returnDate=2026-07-26&departureLocation=Warszawa%2CWarszawa-Radom%2CWarszawa+-+Modlin%2CWarszawa+-+Radom&opt=delta&catering=all_inclusive","filter_turkey_vacation_jul18_2026","turcja","side","c","2026-07-19","2026-07-26","8","7","Warszawa,Warszawa-Radom,Warszawa - Modlin,Warszawa - Radom","2+1","turcja|side|2026-07-19|2026-07-26|7|Warszawa,Warszawa-Radom,Warszawa - Modlin,Warszawa - Radom|2+1"
"A Good Life Utopia Family Resort (ex. Water Planet & Aquapark)","10863.0","22.07.2026 - 29.07.2026","8 dni/7 nocy","4.5","4.5","903","tripadvisor","Warszawa","2026-06-14T10:36:41.516941+00:00","https://fly.pl/kierunek/turcja/?filter[dest]=39:&filter[hotelids]=&filter[cityids]=&filter[cregids]=&filter[ofrType]=&filter[addObjType]=&filter[whenFrom]=18-07-2026&filter[whenTo]=13-08-2026&filter[duration]=7:11&filter[from]=Warszawa,Warszawa-Radom,Warszawa%20-%20Modlin,Warszawa%20-%20Radom&filter[person]=2&filter[child]=1&filter[price]=4610:20000&filter[PriceFrom]=4610&filter[PriceTo]=20000&filter[addCategory]=50&filter[addCatering]=1&filter[addMisc]=0&filter[addTransport]=F&filter[fp]=1&order_by=ofr_price&filter[tourOperator]=0&filter[childAge][1]=20200812","https://fly.pl/cdn/photo/assets/uploads/582/278/2016/11/A-Good-Life-Utopia-Family-Resort-.jpg","https://fly.pl/wycieczka/turcja,alanya,okurcalar/water-planet-aquapark/p_Mon7SXA8EWqSf6kwCI6KAAog_X1yEKfBnGVQYGz97j4H228eBhtVdAzO4SPxqwgBlnYqBEJWUFIwwIi60QZI71RQAViFB2ACagNVQUlyIRwR5igb1ZoFGP6QDbkEtbgSqwSxAQHZ6dvIAQISYwEDC6oax6k/?operator=BVPR&adults=2&children=2020-08-12&nsv=1&objectId=1789&transport=accommodation_flight&departureDate=2026-07-22&returnDate=2026-07-29&departureLocation=Warszawa%2CWarszawa-Radom%2CWarszawa+-+Modlin%2CWarszawa+-+Radom&opt=delta&catering=all_inclusive","filter_turkey_vacation_jul18_2026","turcja","alanya","okurcalar","2026-07-22","2026-07-29","8","7","Warszawa,Warszawa-Radom,Warszawa - Modlin,Warszawa - Radom","2+1","turcja|alanya|2026-07-22|2026-07-29|7|Warszawa,Warszawa-Radom,Warszawa - Modlin,Warszawa - Radom|2+1"
"Arnor De Luxe & SPA","10994.0","19.07.2026 - 26.07.2026","8 dni/7 nocy","4.5","4.5","2196","tripadvisor","Warszawa","2026-06-14T10:36:41.516941+00:00","https://fly.pl/kierunek/turcja/?filter[dest]=39:&filter[hotelids]=&filter[cityids]=&filter[cregids]=&filter[ofrType]=&filter[addObjType]=&filter[whenFrom]=18-07-2026&filter[whenTo]=13-08-2026&filter[duration]=7:11&filter[from]=Warszawa,Warszawa-Radom,Warszawa%20-%20Modlin,Warszawa%20-%20Radom&filter[person]=2&filter[child]=1&filter[price]=4610:20000&filter[PriceFrom]=4610&filter[PriceTo]=20000&filter[addCategory]=50&filter[addCatering]=1&filter[addMisc]=0&filter[addTransport]=F&filter[fp]=1&order_by=ofr_price&filter[tourOperator]=0&filter[childAge][1]=20200812","https://datacfstatic.merlinx.pl/WEZY/IMG/30617/b0e6cd123adcc40d09869e53038db114afa97f53c0ee274bdfc2aa8aa70a8a96.webp","https://fly.pl/wycieczka/turcja,side,manavgat/arnor-de-luxe-spa-11/pLVuy4vZQ8EgeQJET4RgXNAAogYTxL4H4d4ymrjAS6INC3-wAAAACOdAQAdXQEAAcAAAAqBFdFWlkwwoi60QZI8lVQQVi9BmADahJGcmVlIEJpcmQgQWlybGluZXNqBDA3MDBqBDA5MTByQJ4BlQGYAR8AAgEWABwAFwYS7QMTsgoUlQNMyl1PAECcEhH4bUvvV1AAG9V3IJiqDh0ZDeHlwgkBEmMBC2MBAwpbj8m8/?operator=WEZY&adults=2&children=2020-08-12&nsv=1&objectId=205392&transport=accommodation_flight&departureDate=2026-07-19&returnDate=2026-07-26&departureLocation=Warszawa%2CWarszawa-Radom%2CWarszawa+-+Modlin%2CWarszawa+-+Radom&opt=delta&catering=all_inclusive","filter_turkey_vacation_jul18_2026","turcja","side","manavgat","2026-07-19","2026-07-26","8","7","Warszawa,Warszawa-Radom,Warszawa - Modlin,Warszawa - Radom","2+1","turcja|side|2026-07-19|2026-07-26|7|Warszawa,Warszawa-Radom,Warszawa - Modlin,Warszawa - Radom|2+1"
"Greenwood Kemer Resort (ex. Sherwood Greenwood Resort)","11002.0","19.07.2026 - 26.07.2026","8 dni/7 nocy","4.5","4.5","3702","tripadvisor","Warszawa","2026-06-14T10:36:41.516941+00:00","https://fly.pl/kierunek/turcja/?filter[dest]=39:&filter[hotelids]=&filter[cityids]=&filter[cregids]=&filter[ofrType]=&filter[addObjType]=&filter[whenFrom]=18-07-2026&filter[whenTo]=13-08-2026&filter[duration]=7:11&filter[from]=Warszawa,Warszawa-Radom,Warszawa%20-%20Modlin,Warszawa%20-%20Radom&filter[person]=2&filter[child]=1&filter[price]=4610:20000&filter[PriceFrom]=4610&filter[PriceTo]=20000&filter[addCategory]=50&filter[addCatering]=1&filter[addMisc]=0&filter[addTransport]=F&filter[fp]=1&order_by=ofr_price&filter[tourOperator]=0&filter[childAge][1]=20200812","https://fly.pl/cdn/photo/assets/uploads/582/278/2016/04/GREENWOOD-KEMER-RESORT.jpg","https://fly.pl/wycieczka/turcja,kemer,goynuk/sherwood-greenwood/pmK7hbKHP-QErMyQvOZfvCAAogln8DGj2uqJixqI7ooPtgfwAAAADFdAQA4XQEAAcAAAAqBFdFWlkwwoi60QZI-lVQQVi9BmADaglFbnRlciBBaXJyQ54BHwAcAQIAFgQXAhLtAxGuARWTBBjXARMeFMIDT5lgTABAnBJQ58UBSwAdvaIPIBwb479NDaul9QgBEmMBDGMBAgvr5xqL/?operator=WEZY&adults=2&children=2020-08-12&nsv=1&objectId=105584&transport=accommodation_flight&departureDate=2026-07-19&returnDate=2026-07-26&departureLocation=Warszawa%2CWarszawa-Radom%2CWarszawa+-+Modlin%2CWarszawa+-+Radom&opt=delta&catering=all_inclusive","filter_turkey_vacation_jul18_2026","turcja","kemer","goynuk","2026-07-19","2026-07-26","8","7","Warszawa,Warszawa-Radom,Warszawa - Modlin,Warszawa - Radom","2+1","turcja|kemer|2026-07-19|2026-07-26|7|Warszawa,Warszawa-Radom,Warszawa - Modlin,Warszawa - Radom|2+1"
"Side Star Park","11021.0","23.07.2026 - 30.07.2026","8 dni/7 nocy","4.5","4.5","787","tripadvisor","Warszawa","2026-06-14T10:36:41.516941+00:00","https://fly.pl/kierunek/turcja/?filter[dest]=39:&filter[hotelids]=&filter[cityids]=&filter[cregids]=&filter[ofrType]=&filter[addObjType]=&filter[whenFrom]=18-07-2026&filter[whenTo]=13-08-2026&filter[duration]=7:11&filter[from]=Warszawa,Warszawa-Radom,Warszawa%20-%20Modlin,Warszawa%20-%20Radom&filter[person]=2&filter[child]=1&filter[price]=4610:20000&filter[PriceFrom]=4610&filter[PriceTo]=20000&filter[addCategory]=50&filter[addCatering]=1&filter[addMisc]=0&filter[addTransport]=F&filter[fp]=1&order_by=ofr_price&filter[tourOperator]=0&filter[childAge][1]=20200812","https://fly.pl/cdn/photo/assets/uploads/582/278/2015/11/Side-Star-Park-fly-pl-1.jpg","https://fly.pl/wycieczka/turcja,side,c/side-star-park/pTpIffqACkoV0d6v1E7MPBAAogj98U8udwTY0tKESbimIXdn7frXrHCDxFHFiJVW8GhSoqBEVYSU0wwoi60QZIjVZQAVidB2ACagJBSXIiHBGyowarBJTqQLkEhwIb0vwpGN-iNAHS0dr1CAISYwECDYI2Ovs/?operator=EXIM&adults=2&children=2020-08-12&nsv=1&objectId=1694&transport=accommodation_flight&departureDate=2026-07-23&returnDate=2026-07-30&departureLocation=Warszawa%2CWarszawa-Radom%2CWarszawa+-+Modlin%2CWarszawa+-+Radom&opt=delta&catering=all_inclusive","filter_turkey_vacation_jul18_2026","turcja","side","c","2026-07-23","2026-07-30","8","7","Warszawa,Warszawa-Radom,Warszawa - Modlin,Warszawa - Radom","2+1","turcja|side|2026-07-23|2026-07-30|7|Warszawa,Warszawa-Radom,Warszawa - Modlin,Warszawa - Radom|2+1"
"Dream World Resort & Spa (Side)","11023.0","19.07.2026 - 26.07.2026","8 dni/7 nocy","3.9","3.9","345","tripadvisor","Warszawa","2026-06-14T10:36:41.516941+00:00","https://fly.pl/kierunek/turcja/?filter[dest]=39:&filter[hotelids]=&filter[cityids]=&filter[cregids]=&filter[ofrType]=&filter[addObjType]=&filter[whenFrom]=18-07-2026&filter[whenTo]=13-08-2026&filter[duration]=7:11&filter[from]=Warszawa,Warszawa-Radom,Warszawa%20-%20Modlin,Warszawa%20-%20Radom&filter[person]=2&filter[child]=1&filter[price]=4610:20000&filter[PriceFrom]=4610&filter[PriceTo]=20000&filter[addCategory]=50&filter[addCatering]=1&filter[addMisc]=0&filter[addTransport]=F&filter[fp]=1&order_by=ofr_price&filter[tourOperator]=0&filter[childAge][1]=20200812","https://fly.pl/cdn/photo/assets/uploads/582/278/2015/04/Dream-World-Resort-Spa.jpg","https://fly.pl/wycieczka/turcja,side,c/dream-world-resort-spa/p3HD4bFNSbwOxnPiK8iRyEAAog_yS03AqnN_4YD3lVGdSsZAAAAABfdAQAq3QEAAcAAAAqBFdFWlkwwoi60QZIj1ZQQVi9BmADahJGcmVlIEJpcmQgQWlybGluZXNyQp4BHwAcAQIAFgQXAhLtAxP5AxSVAxVuGNIBEbY1T40sTABAnBJQ58UBSwAbuFQdn80OIEwNxOXCCQESYwEMYwECCxcjkLo/?operator=WEZY&adults=2&children=2020-08-12&nsv=1&objectId=107990&transport=accommodation_flight&departureDate=2026-07-19&returnDate=2026-07-26&departureLocation=Warszawa%2CWarszawa-Radom%2CWarszawa+-+Modlin%2CWarszawa+-+Radom&opt=delta&catering=all_inclusive","filter_turkey_vacation_jul18_2026","turcja","side","c","2026-07-19","2026-07-26","8","7","Warszawa,Warszawa-Radom,Warszawa - Modlin,Warszawa - Radom","2+1","turcja|side|2026-07-19|2026-07-26|7|Warszawa,Warszawa-Radom,Warszawa - Modlin,Warszawa - Radom|2+1"
"Kahya Resort Aqua & Spa","11067.0","19.07.2026 - 26.07.2026","8 dni/7 nocy","4.4","4.4","2640","tripadvisor","Warszawa","2026-06-14T10:36:41.516941+00:00","https://fly.pl/kierunek/turcja/?filter[dest]=39:&filter[hotelids]=&filter[cityids]=&filter[cregids]=&filter[ofrType]=&filter[addObjType]=&filter[whenFrom]=18-07-2026&filter[whenTo]=13-08-2026&filter[duration]=7:11&filter[from]=Warszawa,Warszawa-Radom,Warszawa%20-%20Modlin,Warszawa%20-%20Radom&filter[person]=2&filter[child]=1&filter[price]=4610:20000&filter[PriceFrom]=4610&filter[PriceTo]=20000&filter[addCategory]=50&filter[addCatering]=1&filter[addMisc]=0&filter[addTransport]=F&filter[fp]=1&order_by=ofr_price&filter[tourOperator]=0&filter[childAge][1]=20200812","https://fly.pl/cdn/photo/assets/uploads/582/278/2015/03/Kahya-Resort-Aqua-Spa-scaled.jpg","https://fly.pl/wycieczka/turcja,alanya,payallar/kahya-resort/pthF3EzNkBq83A8QYzmS5VAAogAG1QUOLxh-GU1HvQy6NBBgAAAACOdAQAdXQEAAcAAQAqBFdFWlkwwoi60QZIu1ZQQVi9BmADahJGcmVlIEJpcmQgQWlybGluZXNqBDA3MDBqBDA5MTByQZ4BlQGYAR8AAgEWABwAFwYS7QMTsgoUlQMRiCpMwjNPAECcEkvnxQFQABukRyDJ2g4dGQ3h5cIJARJjAQ5jAQMNT72uVg/?operator=WEZY&adults=2&children=2020-08-12&nsv=1&objectId=1076&transport=accommodation_flight&departureDate=2026-07-19&returnDate=2026-07-26&departureLocation=Warszawa%2CWarszawa-Radom%2CWarszawa+-+Modlin%2CWarszawa+-+Radom&opt=delta&catering=all_inclusive","filter_turkey_vacation_jul18_2026","turcja","alanya","payallar","2026-07-19","2026-07-26","8","7","Warszawa,Warszawa-Radom,Warszawa - Modlin,Warszawa - Radom","2+1","turcja|alanya|2026-07-19|2026-07-26|7|Warszawa,Warszawa-Radom,Warszawa - Modlin,Warszawa - Radom|2+1"
"White City Resort","11133.0","19.07.2026 - 26.07.2026","8 dni/7 nocy","4.6","4.6","4376","tripadvisor","Warszawa","2026-06-14T10:36:41.516941+00:00","https://fly.pl/kierunek/turcja/?filter[dest]=39:&filter[hotelids]=&filter[cityids]=&filter[cregids]=&filter[ofrType]=&filter[addObjType]=&filter[whenFrom]=18-07-2026&filter[whenTo]=13-08-2026&filter[duration]=7:11&filter[from]=Warszawa,Warszawa-Radom,Warszawa%20-%20Modlin,Warszawa%20-%20Radom&filter[person]=2&filter[child]=1&filter[price]=4610:20000&filter[PriceFrom]=4610&filter[PriceTo]=20000&filter[addCategory]=50&filter[addCatering]=1&filter[addMisc]=0&filter[addTransport]=F&filter[fp]=1&order_by=ofr_price&filter[tourOperator]=0&filter[childAge][1]=20200812","https://fly.pl/cdn/photo/assets/uploads/582/278/2014/11/White-City-Resort.jpg","https://fly.pl/wycieczka/turcja,alanya,incekum/white-city-resort/pta3IYplvQgAppwkh0sbk0AAogbZVLX6pFOFf21BjH1ZMIkAAAAADFdAQA4XQEAAcAEgAqBFdFWlkwwoi60QZI_VZQQVi9BmADaglFbnRlciBBaXJyQ54BHwAcAQIAFgAXBhLtAxXBBRjXARMeFMIDEeIyT7ctTABAnBJQ58UBSwAb95QBHcaNDiAcDY7lwgkBEmMBCmMBAgmTA6x6/?operator=WEZY&adults=2&children=2020-08-12&nsv=1&objectId=125676&transport=accommodation_flight&departureDate=2026-07-19&returnDate=2026-07-26&departureLocation=Warszawa%2CWarszawa-Radom%2CWarszawa+-+Modlin%2CWarszawa+-+Radom&opt=delta&catering=all_inclusive","filter_turkey_vacation_jul18_2026","turcja","alanya","incekum","2026-07-19","2026-07-26","8","7","Warszawa,Warszawa-Radom,Warszawa - Modlin,Warszawa - Radom","2+1","turcja|alanya|2026-07-19|2026-07-26|7|Warszawa,Warszawa-Radom,Warszawa - Modlin,Warszawa - Radom|2+1"
"Sunis Elita Beach Resort (ex Asteria Elita)","11135.0","19.07.2026 - 26.07.2026","8 dni/7 nocy","4.6","4.6","2336","tripadvisor","Warszawa","2026-06-14T10:36:41.516941+00:00","https://fly.pl/kierunek/turcja/?filter[dest]=39:&filter[hotelids]=&filter[cityids]=&filter[cregids]=&filter[ofrType]=&filter[addObjType]=&filter[whenFrom]=18-07-2026&filter[whenTo]=13-08-2026&filter[duration]=7:11&filter[from]=Warszawa,Warszawa-Radom,Warszawa%20-%20Modlin,Warszawa%20-%20Radom&filter[person]=2&filter[child]=1&filter[price]=4610:20000&filter[PriceFrom]=4610&filter[PriceTo]=20000&filter[addCategory]=50&filter[addCatering]=1&filter[addMisc]=0&filter[addTransport]=F&filter[fp]=1&order_by=ofr_price&filter[tourOperator]=0&filter[childAge][1]=20200812","https://fly.pl/cdn/photo/assets/uploads/582/278/2014/10/Sunis-Elita-Beach-Resort-ex-Asteria-Elita-fly-pl.jpg","https://fly.pl/wycieczka/turcja,side,kizilagac/sunis-elita-beach-resort-ex-asteria-elita/pNAN6E4gifaJdM2DnopCVMAAogI3YlqfbaeCzXp-tFr3BASAAAAACOdAQAdXQEAAcAAQAqBFdFWlkwwoi60QZI_1ZQQVi9BmADahJGcmVlIEJpcmQgQWlybGluZXNqBDA3MDBqBDA5MTByQZ4BlQGYAR8AAgEWABwAFwYS7QMTsgoUlQMRxA1MhlBPAECcEkvnxQFQABuONSDf7A4dGQ3h5cIJARJjAQ1jAQMMt7BNmg/?operator=WEZY&adults=2&children=2020-08-12&nsv=1&objectId=17397&transport=accommodation_flight&departureDate=2026-07-19&returnDate=2026-07-26&departureLocation=Warszawa%2CWarszawa-Radom%2CWarszawa+-+Modlin%2CWarszawa+-+Radom&opt=delta&catering=all_inclusive","filter_turkey_vacation_jul18_2026","turcja","side","kizilagac","2026-07-19","2026-07-26","8","7","Warszawa,Warszawa-Radom,Warszawa - Modlin,Warszawa - Radom","2+1","turcja|side|2026-07-19|2026-07-26|7|Warszawa,Warszawa-Radom,Warszawa - Modlin,Warszawa - Radom|2+1"
"Karmir Resort (Kemer)","11136.0","19.07.2026 - 26.07.2026","8 dni/7 nocy","4.6","4.6","3601","tripadvisor","Warszawa","2026-06-14T10:36:41.516941+00:00","https://fly.pl/kierunek/turcja/?filter[dest]=39:&filter[hotelids]=&filter[cityids]=&filter[cregids]=&filter[ofrType]=&filter[addObjType]=&filter[whenFrom]=18-07-2026&filter[whenTo]=13-08-2026&filter[duration]=7:11&filter[from]=Warszawa,Warszawa-Radom,Warszawa%20-%20Modlin,Warszawa%20-%20Radom&filter[person]=2&filter[child]=1&filter[price]=4610:20000&filter[PriceFrom]=4610&filter[PriceTo]=20000&filter[addCategory]=50&filter[addCatering]=1&filter[addMisc]=0&filter[addTransport]=F&filter[fp]=1&order_by=ofr_price&filter[tourOperator]=0&filter[childAge][1]=20200812","https://fly.pl/cdn/photo/assets/uploads/582/278/2014/09/Karmir-Resort.jpg","https://fly.pl/wycieczka/turcja,kemer,goynuk/karmir-resort/pJGHiwBRI38LQ6qzGULd0-AAogIBMF9cns-7v6l67sgC3nEgAAAABfdAQAq3QEAAcAAAAqBFdFWlkwwoi60QZIgFdQQVi9BmADahJGcmVlIEJpcmQgQWlybGluZXNyQ54BHwAcAQIAFgAXBhLtAxP5AxSVAxVuGNIBEbBFT5McTABAnBJQ58UBSwAb7IgBHeuYDiBMDcTlwgkBEmMBCmMBAwaRIPCx/?operator=WEZY&adults=2&children=2020-08-12&nsv=1&objectId=144299&transport=accommodation_flight&departureDate=2026-07-19&returnDate=2026-07-26&departureLocation=Warszawa%2CWarszawa-Radom%2CWarszawa+-+Modlin%2CWarszawa+-+Radom&opt=delta&catering=all_inclusive","filter_turkey_vacation_jul18_2026","turcja","kemer","goynuk","2026-07-19","2026-07-26","8","7","Warszawa,Warszawa-Radom,Warszawa - Modlin,Warszawa - Radom","2+1","turcja|kemer|2026-07-19|2026-07-26|7|Warszawa,Warszawa-Radom,Warszawa - Modlin,Warszawa - Radom|2+1"
"Side Star Beach","11140.0","22.07.2026 - 29.07.2026","8 dni/7 nocy","4.6","4.6","970","tripadvisor","Warszawa","2026-06-14T10:36:41.516941+00:00","https://fly.pl/kierunek/turcja/?filter[dest]=39:&filter[hotelids]=&filter[cityids]=&filter[cregids]=&filter[ofrType]=&filter[addObjType]=&filter[whenFrom]=18-07-2026&filter[whenTo]=13-08-2026&filter[duration]=7:11&filter[from]=Warszawa,Warszawa-Radom,Warszawa%20-%20Modlin,Warszawa%20-%20Radom&filter[person]=2&filter[child]=1&filter[price]=4610:20000&filter[PriceFrom]=4610&filter[PriceTo]=20000&filter[addCategory]=50&filter[addCatering]=1&filter[addMisc]=0&filter[addTransport]=F&filter[fp]=1&order_by=ofr_price&filter[tourOperator]=0&filter[childAge][1]=20200812","https://fly.pl/cdn/photo/assets/uploads/582/278/2015/04/Side-Star-Beach-fly-pl-1-scaled.jpg","https://fly.pl/wycieczka/turcja,side,c/side-star-beach/pZkoTDFKrvOzcauQOJW4qXAAog-RhCUJkPa_RnJ-_V4AEh___2dYpkKqu6LbfqewOdjQIqBEJWQkUwwoi60QZIhFdQAViFB2ACagNVQUlyIhwRrYgBG_7qPBiUphC5BJeoK6sElAEBk-fNyQICAGMBAgaf2mEW/?operator=BVBE&adults=2&children=2020-08-12&nsv=1&objectId=5741&transport=accommodation_flight&departureDate=2026-07-22&returnDate=2026-07-29&departureLocation=Warszawa%2CWarszawa-Radom%2CWarszawa+-+Modlin%2CWarszawa+-+Radom&opt=delta&catering=all_inclusive","filter_turkey_vacation_jul18_2026","turcja","side","c","2026-07-22","2026-07-29","8","7","Warszawa,Warszawa-Radom,Warszawa - Modlin,Warszawa - Radom","2+1","turcja|side|2026-07-22|2026-07-29|7|Warszawa,Warszawa-Radom,Warszawa - Modlin,Warszawa - Radom|2+1"
"Alba Queen","11140.0","22.07.2026 - 29.07.2026","8 dni/7 nocy","4.2","4.2","1173","tripadvisor","Warszawa","2026-06-14T10:36:41.516941+00:00","https://fly.pl/kierunek/turcja/?filter[dest]=39:&filter[hotelids]=&filter[cityids]=&filter[cregids]=&filter[ofrType]=&filter[addObjType]=&filter[whenFrom]=18-07-2026&filter[whenTo]=13-08-2026&filter[duration]=7:11&filter[from]=Warszawa,Warszawa-Radom,Warszawa%20-%20Modlin,Warszawa%20-%20Radom&filter[person]=2&filter[child]=1&filter[price]=4610:20000&filter[PriceFrom]=4610&filter[PriceTo]=20000&filter[addCategory]=50&filter[addCatering]=1&filter[addMisc]=0&filter[addTransport]=F&filter[fp]=1&order_by=ofr_price&filter[tourOperator]=0&filter[childAge][1]=20200812","https://fly.pl/cdn/photo/assets/uploads/582/278/2014/09/Alba-Queen.jpg","https://fly.pl/wycieczka/turcja,side,c/alba-queen/pkqqkSvhBDrUBqxhyTp9NXAAogpQ3tOrZw8eCrM_LLFkR9egLuLr51ZXfiuqRu7D0QClcqBEVYSU0wwoi60QZIhFdQAViFB2ACagNVQUlyIRwR6LoGqwT40UC5BGUbisAtGNHlRAHC09WcCgISYwECC2iI8OM/?operator=EXIM&adults=2&children=2020-08-12&nsv=1&objectId=6153&transport=accommodation_flight&departureDate=2026-07-22&returnDate=2026-07-29&departureLocation=Warszawa%2CWarszawa-Radom%2CWarszawa+-+Modlin%2CWarszawa+-+Radom&opt=delta&catering=all_inclusive","filter_turkey_vacation_jul18_2026","turcja","side","c","2026-07-22","2026-07-29","8","7","Warszawa,Warszawa-Radom,Warszawa - Modlin,Warszawa - Radom","2+1","turcja|side|2026-07-22|2026-07-29|7|Warszawa,Warszawa-Radom,Warszawa - Modlin,Warszawa - Radom|2+1"
"Berry Blue","11157.0","19.07.2026 - 26.07.2026","8 dni/7 nocy","4.5","4.5","423","tripadvisor","Warszawa","2026-06-14T10:36:41.516941+00:00","https://fly.pl/kierunek/turcja/?filter[dest]=39:&filter[hotelids]=&filter[cityids]=&filter[cregids]=&filter[ofrType]=&filter[addObjType]=&filter[whenFrom]=18-07-2026&filter[whenTo]=13-08-2026&filter[duration]=7:11&filter[from]=Warszawa,Warszawa-Radom,Warszawa%20-%20Modlin,Warszawa%20-%20Radom&filter[person]=2&filter[child]=1&filter[price]=4610:20000&filter[PriceFrom]=4610&filter[PriceTo]=20000&filter[addCategory]=50&filter[addCatering]=1&filter[addMisc]=0&filter[addTransport]=F&filter[fp]=1&order_by=ofr_price&filter[tourOperator]=0&filter[childAge][1]=20200812","https://fly.pl/cdn/photo/assets/uploads/582/278/2024/07/berry.jpg","https://fly.pl/wycieczka/turcja,side,titreyengol/berry-12/pvALM5Nvie4g_SLGMCU2wgAAogRLfOQ-uB9dFivtRJ7I-EkAAAAACOdAQAdXQEAAcAAQAqBFdFWlkwwoi60QZIlVdQQVi9BmADahJGcmVlIEJpcmQgQWlybGluZXNqBDA3MDBqBDA5MTByQp4BlQGYAR8AAgEWABwAFwYS7QMTsgoUlQNPyl1MAECcEkvnxQFQABGrYSDCwA4dGRv9xlAN5J7yCAESYwEMYwEDC93Jjzk/?operator=WEZY&adults=2&children=2020-08-12&nsv=1&objectId=224759&transport=accommodation_flight&departureDate=2026-07-19&returnDate=2026-07-26&departureLocation=Warszawa%2CWarszawa-Radom%2CWarszawa+-+Modlin%2CWarszawa+-+Radom&opt=delta&catering=all_inclusive","filter_turkey_vacation_jul18_2026","turcja","side","titreyengol","2026-07-19","2026-07-26","8","7","Warszawa,Warszawa-Radom,Warszawa - Modlin,Warszawa - Radom","2+1","turcja|side|2026-07-19|2026-07-26|7|Warszawa,Warszawa-Radom,Warszawa - Modlin,Warszawa - Radom|2+1"
"Queens Park Goynuk (Kemer)","11182.0","19.07.2026 - 26.07.2026","8 dni/7 nocy","4.1","4.1","1446","tripadvisor","Warszawa","2026-06-14T10:36:41.516941+00:00","https://fly.pl/kierunek/turcja/?filter[dest]=39:&filter[hotelids]=&filter[cityids]=&filter[cregids]=&filter[ofrType]=&filter[addObjType]=&filter[whenFrom]=18-07-2026&filter[whenTo]=13-08-2026&filter[duration]=7:11&filter[from]=Warszawa,Warszawa-Radom,Warszawa%20-%20Modlin,Warszawa%20-%20Radom&filter[person]=2&filter[child]=1&filter[price]=4610:20000&filter[PriceFrom]=4610&filter[PriceTo]=20000&filter[addCategory]=50&filter[addCatering]=1&filter[addMisc]=0&filter[addTransport]=F&filter[fp]=1&order_by=ofr_price&filter[tourOperator]=0&filter[childAge][1]=20200812","https://fly.pl/cdn/photo/assets/uploads/582/278/2018/04/QUEENS-PARK-RESORT-GOYNUK.jpg","https://fly.pl/wycieczka/turcja,kemer,goynuk/queens-park-goynuk/p0uuDgLuBbqdQFUV3L2_AaAAogHNFyDW-uz6keOhW8f3zTDQAAAACOdAQAdXQEAAcAAAAqBFdFWlkwwoi60QZIrldQQVi9BmADahJGcmVlIEJpcmQgQWlybGluZXNqBDA3MDBqBDA5MTByQp4BlQGYAR8AAgEWABwAFwYS7QMTsgoUlQMRhixMxDFPAECcEkvnxQFQABv9kQQg8I8LHRkN4eXCCQESYwEMYwEDC3q7c5Q/?operator=WEZY&adults=2&children=2020-08-12&nsv=1&objectId=34586&transport=accommodation_flight&departureDate=2026-07-19&returnDate=2026-07-26&departureLocation=Warszawa%2CWarszawa-Radom%2CWarszawa+-+Modlin%2CWarszawa+-+Radom&opt=delta&catering=all_inclusive","filter_turkey_vacation_jul18_2026","turcja","kemer","goynuk","2026-07-19","2026-07-26","8","7","Warszawa,Warszawa-Radom,Warszawa - Modlin,Warszawa - Radom","2+1","turcja|kemer|2026-07-19|2026-07-26|7|Warszawa,Warszawa-Radom,Warszawa - Modlin,Warszawa - Radom|2+1"
"Casa Fora Beach Resort","11217.0","23.07.2026 - 30.07.2026","8 dni/7 nocy","4.2","4.2","537","tripadvisor","Warszawa","2026-06-14T10:36:41.516941+00:00","https://fly.pl/kierunek/turcja/?filter[dest]=39:&filter[hotelids]=&filter[cityids]=&filter[cregids]=&filter[ofrType]=&filter[addObjType]=&filter[whenFrom]=18-07-2026&filter[whenTo]=13-08-2026&filter[duration]=7:11&filter[from]=Warszawa,Warszawa-Radom,Warszawa%20-%20Modlin,Warszawa%20-%20Radom&filter[person]=2&filter[child]=1&filter[price]=4610:20000&filter[PriceFrom]=4610&filter[PriceTo]=20000&filter[addCategory]=50&filter[addCatering]=1&filter[addMisc]=0&filter[addTransport]=F&filter[fp]=1&order_by=ofr_price&filter[tourOperator]=0&filter[childAge][1]=20200812","https://fly.pl/cdn/photo/assets/uploads/582/278/2024/07/casa-fora-beach-resort.jpg","https://fly.pl/wycieczka/turcja,side,kizilot/casa-fora-beach-resort-12/p7v1ojnM2U1AfciusuICt1AAog2u1OeZ-E5jIP0cDqNyNX8VcbW0kfwNyF5b7TGk4Wi78qBFZJVFgwwoi60QZI0VdQQVidB2ACcj8aABUHFwBcA1gFQI8DU-drUgBbmBxe_ndLgRJhAEy0nh0No5u1CSAAUaf-7O1YT9f4Kl3Ej9OLhQECDGMBAgsKfonZ/?operator=VITX&adults=2&children=2020-08-12&nsv=1&objectId=224280&transport=accommodation_flight&departureDate=2026-07-23&returnDate=2026-07-30&departureLocation=Warszawa%2CWarszawa-Radom%2CWarszawa+-+Modlin%2CWarszawa+-+Radom&opt=delta&catering=all_inclusive","filter_turkey_vacation_jul18_2026","turcja","side","kizilot","2026-07-23","2026-07-30","8","7","Warszawa,Warszawa-Radom,Warszawa - Modlin,Warszawa - Radom","2+1","turcja|side|2026-07-23|2026-07-30|7|Warszawa,Warszawa-Radom,Warszawa - Modlin,Warszawa - Radom|2+1"
"Grand Kaptan","11253.0","19.07.2026 - 26.07.2026","8 dni/7 nocy","4.4","4.4","2060","tripadvisor","Warszawa","2026-06-14T10:36:41.516941+00:00","https://fly.pl/kierunek/turcja/?filter[dest]=39:&filter[hotelids]=&filter[cityids]=&filter[cregids]=&filter[ofrType]=&filter[addObjType]=&filter[whenFrom]=18-07-2026&filter[whenTo]=13-08-2026&filter[duration]=7:11&filter[from]=Warszawa,Warszawa-Radom,Warszawa%20-%20Modlin,Warszawa%20-%20Radom&filter[person]=2&filter[child]=1&filter[price]=4610:20000&filter[PriceFrom]=4610&filter[PriceTo]=20000&filter[addCategory]=50&filter[addCatering]=1&filter[addMisc]=0&filter[addTransport]=F&filter[fp]=1&order_by=ofr_price&filter[tourOperator]=0&filter[childAge][1]=20200812","https://fly.pl/cdn/photo/assets/uploads/582/278/2015/04/Grand-Kaptan-fly-pl.jpg","https://fly.pl/wycieczka/turcja,alanya,c/grand-kaptan/pStuWV3yUSx5Yg-t6e-FbsAAog6DjU_BQFMWW5ayFblHBidKjIegpqyq_ivMGymTYZd9UqBFJOQlcwwoi60QZI9VdQQVi9BmACagRCd2NhaiIxNiwyODMsMjk2LDM4MCwzODgsNDc3LDQ4Myw0ODQsNDg1ahc0MDIsNDAzLDQwNiw0MTcsNDczLDQ5OXI5nwGeAZwBFQcXAFgICpwBQKwGEf8xGbslUvQPUwAQ2iZLqbEBYQAPkYBBHTMgo4eRCQ0AAgxjAQMLytXyHA/?operator=RNBW&adults=2&children=2020-08-12&nsv=1&objectId=4054&transport=accommodation_flight&departureDate=2026-07-19&returnDate=2026-07-26&departureLocation=Warszawa%2CWarszawa-Radom%2CWarszawa+-+Modlin%2CWarszawa+-+Radom&opt=delta&catering=all_inclusive","filter_turkey_vacation_jul18_2026","turcja","alanya","c","2026-07-19","2026-07-26","8","7","Warszawa,Warszawa-Radom,Warszawa - Modlin,Warszawa - Radom","2+1","turcja|alanya|2026-07-19|2026-07-26|7|Warszawa,Warszawa-Radom,Warszawa - Modlin,Warszawa - Radom|2+1"
"Ramada Plaza Antalya","11275.0","20.07.2026 - 27.07.2026","8 dni/7 nocy","4.4","4.4","4128","tripadvisor","Warszawa","2026-06-14T10:36:41.516941+00:00","https://fly.pl/kierunek/turcja/?filter[dest]=39:&filter[hotelids]=&filter[cityids]=&filter[cregids]=&filter[ofrType]=&filter[addObjType]=&filter[whenFrom]=18-07-2026&filter[whenTo]=13-08-2026&filter[duration]=7:11&filter[from]=Warszawa,Warszawa-Radom,Warszawa%20-%20Modlin,Warszawa%20-%20Radom&filter[person]=2&filter[child]=1&filter[price]=4610:20000&filter[PriceFrom]=4610&filter[PriceTo]=20000&filter[addCategory]=50&filter[addCatering]=1&filter[addMisc]=0&filter[addTransport]=F&filter[fp]=1&order_by=ofr_price&filter[tourOperator]=0&filter[childAge][1]=20200812","https://fly.pl/cdn/photo/assets/uploads/582/278/2015/01/Ramada-Plaza.jpg","https://fly.pl/wycieczka/turcja,alanya,c/ramada-plaza-antalya/ppIcMxI6DrmObEaCnPMTpdAAogDnzq5I0B5mo9kvdvkxTAYU11eDE-prut4HX7XxcZmEkqBEpPSU4wwoi60QZIi1hQAVjVBmACagJVQXIgHBGgRrkEqr0CqwQoG-KcJxii0wIB2JCboAECEmMBAwadzLCU/?operator=JOIN&adults=2&children=2020-08-12&nsv=1&objectId=12479&transport=accommodation_flight&departureDate=2026-07-20&returnDate=2026-07-27&departureLocation=Warszawa%2CWarszawa-Radom%2CWarszawa+-+Modlin%2CWarszawa+-+Radom&opt=delta&catering=all_inclusive","filter_turkey_vacation_jul18_2026","turcja","alanya","c","2026-07-20","2026-07-27","8","7","Warszawa,Warszawa-Radom,Warszawa - Modlin,Warszawa - Radom","2+1","turcja|alanya|2026-07-20|2026-07-27|7|Warszawa,Warszawa-Radom,Warszawa - Modlin,Warszawa - Radom|2+1"
"Kadikale Resort Spa & Wellness","11277.0","19.07.2026 - 26.07.2026","8 dni/7 nocy","3.9","3.9","1954","tripadvisor","Warszawa","2026-06-14T10:36:41.516941+00:00","https://fly.pl/kierunek/turcja/?filter[dest]=39:&filter[hotelids]=&filter[cityids]=&filter[cregids]=&filter[ofrType]=&filter[addObjType]=&filter[whenFrom]=18-07-2026&filter[whenTo]=13-08-2026&filter[duration]=7:11&filter[from]=Warszawa,Warszawa-Radom,Warszawa%20-%20Modlin,Warszawa%20-%20Radom&filter[person]=2&filter[child]=1&filter[price]=4610:20000&filter[PriceFrom]=4610&filter[PriceTo]=20000&filter[addCategory]=50&filter[addCatering]=1&filter[addMisc]=0&filter[addTransport]=F&filter[fp]=1&order_by=ofr_price&filter[tourOperator]=0&filter[childAge][1]=20200812","https://fly.pl/cdn/photo/assets/uploads/582/278/2015/04/Kadikale-Resort-Spa-Wellness.jpg","https://fly.pl/wycieczka/turcja,bodrum,turgutreis/kadikale-resort/pn07B913_Gg6LT9FZo5XotAAogkcTab27rHhbvkrzvqBQF4FWZfCvkDXrEr9IGXZ0bms4qBFZJVFgwwoi60QZIjVhQQVi9BmACcj8aABUHFwBcA1gFQI8DU91xUgBb4hFevnxL7UNhAEyi-S0NxY6kCSAAUZfKjs1dT52bIl2szp2iqAECDWMBAgzSXsBV/?operator=VITX&adults=2&children=2020-08-12&nsv=1&objectId=1712&transport=accommodation_flight&departureDate=2026-07-19&returnDate=2026-07-26&departureLocation=Warszawa%2CWarszawa-Radom%2CWarszawa+-+Modlin%2CWarszawa+-+Radom&opt=delta&catering=all_inclusive","filter_turkey_vacation_jul18_2026","turcja","bodrum","turgutreis","2026-07-19","2026-07-26","8","7","Warszawa,Warszawa-Radom,Warszawa - Modlin,Warszawa - Radom","2+1","turcja|bodrum|2026-07-19|2026-07-26|7|Warszawa,Warszawa-Radom,Warszawa - Modlin,Warszawa - Radom|2+1"
"Green Max (ex Chervo Club Sirena)","11297.0","19.07.2026 - 26.07.2026","8 dni/7 nocy","4.5","4.5","528","tripadvisor","Warszawa","2026-06-14T10:36:41.516941+00:00","https://fly.pl/kierunek/turcja/?filter[dest]=39:&filter[hotelids]=&filter[cityids]=&filter[cregids]=&filter[ofrType]=&filter[addObjType]=&filter[whenFrom]=18-07-2026&filter[whenTo]=13-08-2026&filter[duration]=7:11&filter[from]=Warszawa,Warszawa-Radom,Warszawa%20-%20Modlin,Warszawa%20-%20Radom&filter[person]=2&filter[child]=1&filter[price]=4610:20000&filter[PriceFrom]=4610&filter[PriceTo]=20000&filter[addCategory]=50&filter[addCatering]=1&filter[addMisc]=0&filter[addTransport]=F&filter[fp]=1&order_by=ofr_price&filter[tourOperator]=0&filter[childAge][1]=20200812","https://fly.pl/cdn/photo/assets/uploads/582/278/2015/02/Green-Max.jpg","https://fly.pl/wycieczka/turcja,belek,c/green-max-ex-chervo-club-sirena/p0oyyAXtuMVp12yS6UetBbAAogYTzaSXF64vxnrZxt4OIGfAAAAACOdAQAdXQEAAcAAAAqBFdFWlkwxIi60QZIoVhQQVi9BmADahJGcmVlIEJpcmQgQWlybGluZXNqBDA3MDBqBDA5MTByQZ4BlQGYAR8AAgEWABwAFwYS7QMTsgoUlQMRhTBMxS1PAECcEkvnxQFQABv3MCD28A4dGQ3h5cIJARJjAQ1jAQMMpcASHA/?operator=WEZY&adults=2&children=2020-08-12&nsv=1&objectId=25173&transport=accommodation_flight&departureDate=2026-07-19&returnDate=2026-07-26&departureLocation=Warszawa%2CWarszawa-Radom%2CWarszawa+-+Modlin%2CWarszawa+-+Radom&opt=delta&catering=all_inclusive","filter_turkey_vacation_jul18_2026","turcja","belek","c","2026-07-19","2026-07-26","8","7","Warszawa,Warszawa-Radom,Warszawa - Modlin,Warszawa - Radom","2+1","turcja|belek|2026-07-19|2026-07-26|7|Warszawa,Warszawa-Radom,Warszawa - Modlin,Warszawa - Radom|2+1"
"Justiniano Deluxe Resort","11328.0","19.07.2026 - 26.07.2026","8 dni/7 nocy","4.0","4.0","618","tripadvisor","Warszawa","2026-06-14T10:36:41.516941+00:00","https://fly.pl/kierunek/turcja/?filter[dest]=39:&filter[hotelids]=&filter[cityids]=&filter[cregids]=&filter[ofrType]=&filter[addObjType]=&filter[whenFrom]=18-07-2026&filter[whenTo]=13-08-2026&filter[duration]=7:11&filter[from]=Warszawa,Warszawa-Radom,Warszawa%20-%20Modlin,Warszawa%20-%20Radom&filter[person]=2&filter[child]=1&filter[price]=4610:20000&filter[PriceFrom]=4610&filter[PriceTo]=20000&filter[addCategory]=50&filter[addCatering]=1&filter[addMisc]=0&filter[addTransport]=F&filter[fp]=1&order_by=ofr_price&filter[tourOperator]=0&filter[childAge][1]=20200812","https://fly.pl/cdn/photo/assets/uploads/582/278/2015/03/Justiniano-De-Luxe-Resort.jpg","https://fly.pl/wycieczka/turcja,alanya,okurcalar/justiniano-de-luxe-resort/pgoeiDjDFexJVgZZcToP8iAAogWRBfFAD7-EIUZbJo-IeMOQAAAADFdAQA4XQEAAcAAAAqBFdFWlkwxIi60QZIwFhQQVi9BmADaglFbnRlciBBaXJyQ54BHwAcAQIAFgAXBhLtAxXBBRjXARMeFMIDEbwxT90uTABAnBJQ58UBSwAdvaIPIBwb4d96Da2FyAgBEmMBDGMBAgZcMFND/?operator=WEZY&adults=2&children=2020-08-12&nsv=1&objectId=108885&transport=accommodation_flight&departureDate=2026-07-19&returnDate=2026-07-26&departureLocation=Warszawa%2CWarszawa-Radom%2CWarszawa+-+Modlin%2CWarszawa+-+Radom&opt=delta&catering=all_inclusive","filter_turkey_vacation_jul18_2026","turcja","alanya","okurcalar","2026-07-19","2026-07-26","8","7","Warszawa,Warszawa-Radom,Warszawa - Modlin,Warszawa - Radom","2+1","turcja|alanya|2026-07-19|2026-07-26|7|Warszawa,Warszawa-Radom,Warszawa - Modlin,Warszawa - Radom|2+1"
"Porto Bello","11329.0","20.07.2026 - 27.07.2026","8 dni/7 nocy","4.5","4.5","3806","tripadvisor","Warszawa","2026-06-14T10:36:41.516941+00:00","https://fly.pl/kierunek/turcja/?filter[dest]=39:&filter[hotelids]=&filter[cityids]=&filter[cregids]=&filter[ofrType]=&filter[addObjType]=&filter[whenFrom]=18-07-2026&filter[whenTo]=13-08-2026&filter[duration]=7:11&filter[from]=Warszawa,Warszawa-Radom,Warszawa%20-%20Modlin,Warszawa%20-%20Radom&filter[person]=2&filter[child]=1&filter[price]=4610:20000&filter[PriceFrom]=4610&filter[PriceTo]=20000&filter[addCategory]=50&filter[addCatering]=1&filter[addMisc]=0&filter[addTransport]=F&filter[fp]=1&order_by=ofr_price&filter[tourOperator]=0&filter[childAge][1]=20200812","https://fly.pl/cdn/photo/assets/uploads/582/278/2015/05/Porto-Bello.jpg","https://fly.pl/wycieczka/turcja,alanya,c/porto-bello/pAXgg_UaIkNEgr2QOKurAYAAogi-5gdI8Ytp1Euh5IzXb06E11eDE-prut4HX7XxcZmEkqBEpPSU4wxIi60QZIwVhQAVjVBmACagJVQXIgHBGmRrkEpL0CqwQoG4ubJxjq1AIBoK-DoAECEmMBAgZbeAxb/?operator=JOIN&adults=2&children=2020-08-12&nsv=1&objectId=2064&transport=accommodation_flight&departureDate=2026-07-20&returnDate=2026-07-27&departureLocation=Warszawa%2CWarszawa-Radom%2CWarszawa+-+Modlin%2CWarszawa+-+Radom&opt=delta&catering=all_inclusive","filter_turkey_vacation_jul18_2026","turcja","alanya","c","2026-07-20","2026-07-27","8","7","Warszawa,Warszawa-Radom,Warszawa - Modlin,Warszawa - Radom","2+1","turcja|alanya|2026-07-20|2026-07-27|7|Warszawa,Warszawa-Radom,Warszawa - Modlin,Warszawa - Radom|2+1"
"Maril Resort Beach & Spa","11377.0","19.07.2026 - 27.07.2026","9 dni/7 nocy","","","","","Warszawa","2026-06-14T10:36:41.516941+00:00","https://fly.pl/kierunek/turcja/?filter[dest]=39:&filter[hotelids]=&filter[cityids]=&filter[cregids]=&filter[ofrType]=&filter[addObjType]=&filter[whenFrom]=18-07-2026&filter[whenTo]=13-08-2026&filter[duration]=7:11&filter[from]=Warszawa,Warszawa-Radom,Warszawa%20-%20Modlin,Warszawa%20-%20Radom&filter[person]=2&filter[child]=1&filter[price]=4610:20000&filter[PriceFrom]=4610&filter[PriceTo]=20000&filter[addCategory]=50&filter[addCatering]=1&filter[addMisc]=0&filter[addTransport]=F&filter[fp]=1&order_by=ofr_price&filter[tourOperator]=0&filter[childAge][1]=20200812","https://datacfstatic.merlinx.pl/ITAK/IMG/BJVMARL/d984cc53fa2d286e630622a2d1b292e14d667a35ef430019bdbe8e07e3cc4391.webp","https://fly.pl/wycieczka/turcja,bodrum,didim/maril-resort-9/peUL3fvzn_7p7QJcHIncGDAAog8tILqgkhFWCMy656q7dn6MUE8PS8UEIOt6-1wAKrS0kqBFZJVFgwxIi60QZI8VhQQVi9BmACcj8aABUHFwBcA1gFQI8DU91xUgBb4hFevnxL7UNhAEyi-S0NxY6kCSAAUZKnlM1dT6G-HF2szp2iqAECDWMBAgy73nWd/?operator=VITX&adults=2&children=2020-08-12&nsv=1&objectId=205420&transport=accommodation_flight&departureDate=2026-07-19&returnDate=2026-07-27&departureLocation=Warszawa%2CWarszawa-Radom%2CWarszawa+-+Modlin%2CWarszawa+-+Radom&opt=delta&catering=all_inclusive","filter_turkey_vacation_jul18_2026","turcja","bodrum","didim","2026-07-19","2026-07-27","9","7","Warszawa,Warszawa-Radom,Warszawa - Modlin,Warszawa - Radom","2+1","turcja|bodrum|2026-07-19|2026-07-27|7|Warszawa,Warszawa-Radom,Warszawa - Modlin,Warszawa - Radom|2+1"
"My Home Resort","11397.0","23.07.2026 - 30.07.2026","8 dni/7 nocy","4.4","4.4","860","tripadvisor","Warszawa","2026-06-14T10:36:41.516941+00:00","https://fly.pl/kierunek/turcja/?filter[dest]=39:&filter[hotelids]=&filter[cityids]=&filter[cregids]=&filter[ofrType]=&filter[addObjType]=&filter[whenFrom]=18-07-2026&filter[whenTo]=13-08-2026&filter[duration]=7:11&filter[from]=Warszawa,Warszawa-Radom,Warszawa%20-%20Modlin,Warszawa%20-%20Radom&filter[person]=2&filter[child]=1&filter[price]=4610:20000&filter[PriceFrom]=4610&filter[PriceTo]=20000&filter[addCategory]=50&filter[addCatering]=1&filter[addMisc]=0&filter[addTransport]=F&filter[fp]=1&order_by=ofr_price&filter[tourOperator]=0&filter[childAge][1]=20200812","https://fly.pl/cdn/photo/assets/uploads/582/278/2010/07/My-Home-Resort2403.jpg","https://fly.pl/wycieczka/turcja,alanya,avsallar/my-home-resort/p4rfs2bHx5wckSwlU4XFnkAAogPsMGonF08Ndw7f3zjNlySlcbW0kfwNyF5b7TGk4Wi78qBFZJVFgwxIi60QZIhVlQQVidB2ACcj8aABUHFwBcA1gFQI8DU-drUgBb2BdevnxLgRJhAEyOqy4NyY6kCSAAUamri-5YT9XLDF3Ej9OLhQECDWMBAgyPcKJ0/?operator=VITX&adults=2&children=2020-08-12&nsv=1&objectId=6785&transport=accommodation_flight&departureDate=2026-07-23&returnDate=2026-07-30&departureLocation=Warszawa%2CWarszawa-Radom%2CWarszawa+-+Modlin%2CWarszawa+-+Radom&opt=delta&catering=all_inclusive","filter_turkey_vacation_jul18_2026","turcja","alanya","avsallar","2026-07-23","2026-07-30","8","7","Warszawa,Warszawa-Radom,Warszawa - Modlin,Warszawa - Radom","2+1","turcja|alanya|2026-07-23|2026-07-30|7|Warszawa,Warszawa-Radom,Warszawa - Modlin,Warszawa - Radom|2+1"
"Port River & Spa","11437.0","23.07.2026 - 30.07.2026","8 dni/7 nocy","4.0","4.0","2682","tripadvisor","Warszawa","2026-06-14T10:36:41.516941+00:00","https://fly.pl/kierunek/turcja/?filter[dest]=39:&filter[hotelids]=&filter[cityids]=&filter[cregids]=&filter[ofrType]=&filter[addObjType]=&filter[whenFrom]=18-07-2026&filter[whenTo]=13-08-2026&filter[duration]=7:11&filter[from]=Warszawa,Warszawa-Radom,Warszawa%20-%20Modlin,Warszawa%20-%20Radom&filter[person]=2&filter[child]=1&filter[price]=4610:20000&filter[PriceFrom]=4610&filter[PriceTo]=20000&filter[addCategory]=50&filter[addCatering]=1&filter[addMisc]=0&filter[addTransport]=F&filter[fp]=1&order_by=ofr_price&filter[tourOperator]=0&filter[childAge][1]=20200812","https://fly.pl/cdn/photo/assets/uploads/582/278/2015/04/Port-River-Spa.jpg","https://fly.pl/wycieczka/turcja,side,titreyengol/port-river/pteGiUUp_aR2oJBIcoAZD8AAogU9-Tnb-_YxLfFvV2Gj9g4VcbW0kfwNyF5b7TGk4Wi78qBFZJVFgwxIi60QZIrVlQQVidB2ACcj8aABUHFwBcA1gFQI8DU-drUgBb2BdevnxLgRJhAEy0nh0No5u1CSAAUbaOk-5YT8joBF3Ej9OLhQECDWMBAgyUBp6o/?operator=VITX&adults=2&children=2020-08-12&nsv=1&objectId=168160&transport=accommodation_flight&departureDate=2026-07-23&returnDate=2026-07-30&departureLocation=Warszawa%2CWarszawa-Radom%2CWarszawa+-+Modlin%2CWarszawa+-+Radom&opt=delta&catering=all_inclusive","filter_turkey_vacation_jul18_2026","turcja","side","titreyengol","2026-07-23","2026-07-30","8","7","Warszawa,Warszawa-Radom,Warszawa - Modlin,Warszawa - Radom","2+1","turcja|side|2026-07-23|2026-07-30|7|Warszawa,Warszawa-Radom,Warszawa - Modlin,Warszawa - Radom|2+1"
"Siam Elegance","11445.0","22.07.2026 - 29.07.2026","8 dni/7 nocy","3.7","3.7","1201","tripadvisor","Warszawa","2026-06-14T10:36:41.516941+00:00","https://fly.pl/kierunek/turcja/?filter[dest]=39:&filter[hotelids]=&filter[cityids]=&filter[cregids]=&filter[ofrType]=&filter[addObjType]=&filter[whenFrom]=18-07-2026&filter[whenTo]=13-08-2026&filter[duration]=7:11&filter[from]=Warszawa,Warszawa-Radom,Warszawa%20-%20Modlin,Warszawa%20-%20Radom&filter[person]=2&filter[child]=1&filter[price]=4610:20000&filter[PriceFrom]=4610&filter[PriceTo]=20000&filter[addCategory]=50&filter[addCatering]=1&filter[addMisc]=0&filter[addTransport]=F&filter[fp]=1&order_by=ofr_price&filter[tourOperator]=0&filter[childAge][1]=20200812","https://fly.pl/cdn/photo/assets/uploads/582/278/2014/10/Siam-Elegance.jpg","https://fly.pl/wycieczka/turcja,belek,c/siam-elegance/pYbhExnulZB1hY_RxqtSh3AAogvKIVJEPMQUGJQtk4tcl4q__2dYpkKqu6LbfqewOdjQIqBEJWQkUwxIi60QZItVlQAViFB2ACagNVQUlyIhwRhJMBG56_Phjk8hS5BND8JKsElAEB4JjAswMCAGMBAgwPm-Ud/?operator=BVBE&adults=2&children=2020-08-12&nsv=1&objectId=7906&transport=accommodation_flight&departureDate=2026-07-22&returnDate=2026-07-29&departureLocation=Warszawa%2CWarszawa-Radom%2CWarszawa+-+Modlin%2CWarszawa+-+Radom&opt=delta&catering=all_inclusive","filter_turkey_vacation_jul18_2026","turcja","belek","c","2026-07-22","2026-07-29","8","7","Warszawa,Warszawa-Radom,Warszawa - Modlin,Warszawa - Radom","2+1","turcja|belek|2026-07-22|2026-07-29|7|Warszawa,Warszawa-Radom,Warszawa - Modlin,Warszawa - Radom|2+1"
"Selectum Collection Bodrum","11453.0","22.07.2026 - 29.07.2026","8 dni/7 nocy","4.0","4.0","1800","tripadvisor","Warszawa","2026-06-14T10:36:41.516941+00:00","https://fly.pl/kierunek/turcja/?filter[dest]=39:&filter[hotelids]=&filter[cityids]=&filter[cregids]=&filter[ofrType]=&filter[addObjType]=&filter[whenFrom]=18-07-2026&filter[whenTo]=13-08-2026&filter[duration]=7:11&filter[from]=Warszawa,Warszawa-Radom,Warszawa%20-%20Modlin,Warszawa%20-%20Radom&filter[person]=2&filter[child]=1&filter[price]=4610:20000&filter[PriceFrom]=4610&filter[PriceTo]=20000&filter[addCategory]=50&filter[addCatering]=1&filter[addMisc]=0&filter[addTransport]=F&filter[fp]=1&order_by=ofr_price&filter[tourOperator]=0&filter[childAge][1]=20200812","https://fly.pl/cdn/photo/assets/uploads/582/278/2016/01/Kairaba-Bodrum-Imperial.jpg","https://fly.pl/wycieczka/turcja,bodrum,c/bodrum-imperial/pJ6hXpuV2FB824p-L56KUbAAogQiWAWrhrvjyOwN37thlKRWwwGWYjcr-u2x1F0pBV2hYqBE9SRVgwxIi60QZIvVlQQViFB2ACagZKNC4yLjFyNpsBFQcXAFgIVgJcCEDCBhG3Jk_ELl0kU4EZUgBeoI4BS-1DYQBM5Yw6IIX7lwkNAAISYwECC8yh5uM/?operator=OREX&adults=2&children=2020-08-12&nsv=1&objectId=155796&transport=accommodation_flight&departureDate=2026-07-22&returnDate=2026-07-29&departureLocation=Warszawa%2CWarszawa-Radom%2CWarszawa+-+Modlin%2CWarszawa+-+Radom&opt=delta&catering=all_inclusive","filter_turkey_vacation_jul18_2026","turcja","bodrum","c","2026-07-22","2026-07-29","8","7","Warszawa,Warszawa-Radom,Warszawa - Modlin,Warszawa - Radom","2+1","turcja|bodrum|2026-07-22|2026-07-29|7|Warszawa,Warszawa-Radom,Warszawa - Modlin,Warszawa - Radom|2+1"
"Victory Be Mine","11474.0","19.07.2026 - 26.07.2026","8 dni/7 nocy","4.6","4.6","2407","tripadvisor","Warszawa","2026-06-14T10:36:41.516941+00:00","https://fly.pl/kierunek/turcja/?filter[dest]=39:&filter[hotelids]=&filter[cityids]=&filter[cregids]=&filter[ofrType]=&filter[addObjType]=&filter[whenFrom]=18-07-2026&filter[whenTo]=13-08-2026&filter[duration]=7:11&filter[from]=Warszawa,Warszawa-Radom,Warszawa%20-%20Modlin,Warszawa%20-%20Radom&filter[person]=2&filter[child]=1&filter[price]=4610:20000&filter[PriceFrom]=4610&filter[PriceTo]=20000&filter[addCategory]=50&filter[addCatering]=1&filter[addMisc]=0&filter[addTransport]=F&filter[fp]=1&order_by=ofr_price&filter[tourOperator]=0&filter[childAge][1]=20200812","https://fly.pl/cdn/photo/assets/uploads/582/278/2024/07/victory-be-mine.jpg","https://fly.pl/wycieczka/turcja,side,colakli/victory-be-mine-13/ph-nEH6FacakVHt-55tXLuAAogOcKS05qM5pb8txA1m78_IAAAAACOdAQAdXQEAAcAAQAqBFdFWlkwxIi60QZI0llQQVi9BmADahJGcmVlIEJpcmQgQWlybGluZXNqBDA3MDBqBDA5MTByQJ4BlQGYAR8AAgEWABwAFwYS7QMTsgoUlQNMyl1PAECcEhGObUvZWFAAG8I_IKviDh0ZDeHlwgkBEmMBEWMBAxB4LLsy/?operator=WEZY&adults=2&children=2020-08-12&nsv=1&objectId=216425&transport=accommodation_flight&departureDate=2026-07-19&returnDate=2026-07-26&departureLocation=Warszawa%2CWarszawa-Radom%2CWarszawa+-+Modlin%2CWarszawa+-+Radom&opt=delta&catering=all_inclusive","filter_turkey_vacation_jul18_2026","turcja","side","colakli","2026-07-19","2026-07-26","8","7","Warszawa,Warszawa-Radom,Warszawa - Modlin,Warszawa - Radom","2+1","turcja|side|2026-07-19|2026-07-26|7|Warszawa,Warszawa-Radom,Warszawa - Modlin,Warszawa - Radom|2+1"
"Victory Volare","11474.0","19.07.2026 - 26.07.2026","8 dni/7 nocy","4.5","4.5","1048","tripadvisor","Warszawa","2026-06-14T10:36:41.516941+00:00","https://fly.pl/kierunek/turcja/?filter[dest]=39:&filter[hotelids]=&filter[cityids]=&filter[cregids]=&filter[ofrType]=&filter[addObjType]=&filter[whenFrom]=18-07-2026&filter[whenTo]=13-08-2026&filter[duration]=7:11&filter[from]=Warszawa,Warszawa-Radom,Warszawa%20-%20Modlin,Warszawa%20-%20Radom&filter[person]=2&filter[child]=1&filter[price]=4610:20000&filter[PriceFrom]=4610&filter[PriceTo]=20000&filter[addCategory]=50&filter[addCatering]=1&filter[addMisc]=0&filter[addTransport]=F&filter[fp]=1&order_by=ofr_price&filter[tourOperator]=0&filter[childAge][1]=20200812","https://fly.pl/cdn/photo/assets/uploads/582/278/2024/07/victory-volare.jpg","https://fly.pl/wycieczka/turcja,side,colakli/victory-volare-14/pnkBWQQwmpZwwAKbDc__hIAAog0JlSsn3iFOsvt0OToqHDngAAAACOdAQAdXQEAAcAAQAqBFdFWlkwxIi60QZI0llQQVi9BmADahJGcmVlIEJpcmQgQWlybGluZXNqBDA3MDBqBDA5MTByQp4BlQGYAR8AAgEWABwAFwYS7QMTsgoUlQNPyl1MAECcEkvnxQFQABGPUSDe0A4dGRvNzgUNlJe9CQESYwERYwEDEEbXZNs/?operator=WEZY&adults=2&children=2020-08-12&nsv=1&objectId=223848&transport=accommodation_flight&departureDate=2026-07-19&returnDate=2026-07-26&departureLocation=Warszawa%2CWarszawa-Radom%2CWarszawa+-+Modlin%2CWarszawa+-+Radom&opt=delta&catering=all_inclusive","filter_turkey_vacation_jul18_2026","turcja","side","colakli","2026-07-19","2026-07-26","8","7","Warszawa,Warszawa-Radom,Warszawa - Modlin,Warszawa - Radom","2+1","turcja|side|2026-07-19|2026-07-26|7|Warszawa,Warszawa-Radom,Warszawa - Modlin,Warszawa - Radom|2+1"
"Champion Holiday Village (Kemer)","11478.0","19.07.2026 - 26.07.2026","8 dni/7 nocy","4.0","4.0","1243","tripadvisor","Warszawa","2026-06-14T10:36:41.516941+00:00","https://fly.pl/kierunek/turcja/?filter[dest]=39:&filter[hotelids]=&filter[cityids]=&filter[cregids]=&filter[ofrType]=&filter[addObjType]=&filter[whenFrom]=18-07-2026&filter[whenTo]=13-08-2026&filter[duration]=7:11&filter[from]=Warszawa,Warszawa-Radom,Warszawa%20-%20Modlin,Warszawa%20-%20Radom&filter[person]=2&filter[child]=1&filter[price]=4610:20000&filter[PriceFrom]=4610&filter[PriceTo]=20000&filter[addCategory]=50&filter[addCatering]=1&filter[addMisc]=0&filter[addTransport]=F&filter[fp]=1&order_by=ofr_price&filter[tourOperator]=0&filter[childAge][1]=20200812","https://fly.pl/cdn/photo/assets/uploads/582/278/2014/10/CHAMPION-HOLIDAY-VILLAGE.jpg","https://fly.pl/wycieczka/turcja,kemer,beldibi/champion-holiday-village/pZNu1paZSzkLxdOjLALpcxAAogirCMh8aB2W_0panPZW-O-QAAAADFdAQA4XQEAAcAAAAqBFdFWlkwxIi60QZI1llQQVi9BmADaglFbnRlciBBaXJyQ54BHwAcAQIAFgQXAhLtAxGdAxWkAhjXARMeFMIDT5lgTABAnBJQ58UBSwAdvaIPIBwbwP5lDc7m3AgBEmMBDGMBAwbyooYM/?operator=WEZY&adults=2&children=2020-08-12&nsv=1&objectId=3879&transport=accommodation_flight&departureDate=2026-07-19&returnDate=2026-07-26&departureLocation=Warszawa%2CWarszawa-Radom%2CWarszawa+-+Modlin%2CWarszawa+-+Radom&opt=delta&catering=all_inclusive","filter_turkey_vacation_jul18_2026","turcja","kemer","beldibi","2026-07-19","2026-07-26","8","7","Warszawa,Warszawa-Radom,Warszawa - Modlin,Warszawa - Radom","2+1","turcja|kemer|2026-07-19|2026-07-26|7|Warszawa,Warszawa-Radom,Warszawa - Modlin,Warszawa - Radom|2+1"
"Saphir Resort","11483.0","18.07.2026 - 25.07.2026","8 dni/7 nocy","4.5","4.5","640","tripadvisor","Warszawa","2026-06-14T10:36:41.516941+00:00","https://fly.pl/kierunek/turcja/?filter[dest]=39:&filter[hotelids]=&filter[cityids]=&filter[cregids]=&filter[ofrType]=&filter[addObjType]=&filter[whenFrom]=18-07-2026&filter[whenTo]=13-08-2026&filter[duration]=7:11&filter[from]=Warszawa,Warszawa-Radom,Warszawa%20-%20Modlin,Warszawa%20-%20Radom&filter[person]=2&filter[child]=1&filter[price]=4610:20000&filter[PriceFrom]=4610&filter[PriceTo]=20000&filter[addCategory]=50&filter[addCatering]=1&filter[addMisc]=0&filter[addTransport]=F&filter[fp]=1&order_by=ofr_price&filter[tourOperator]=0&filter[childAge][1]=20200812","https://fly.pl/cdn/photo/assets/uploads/582/278/2015/04/Saphir-Resort-fly-pl.jpg","https://fly.pl/wycieczka/turcja,alanya,okurcalar/saphir-resort/pOQ8IhmVLN-JuESEyI2NTjAAogBgh2KTWQmZ9X3fqbVzMKnQz77lvs6r-gYLlUM_yvRvwqBEJWQkUwxIi60QZI21lQAVilBmACagNVQUlyIhwRk5wBG_3wPRiu8hGrBOTCKLkEkgIByLL78AICAGMBAgs93djU/?operator=BVBE&adults=2&children=2020-08-12&nsv=1&objectId=6593&transport=accommodation_flight&departureDate=2026-07-18&returnDate=2026-07-25&departureLocation=Warszawa%2CWarszawa-Radom%2CWarszawa+-+Modlin%2CWarszawa+-+Radom&opt=delta&catering=all_inclusive","filter_turkey_vacation_jul18_2026","turcja","alanya","okurcalar","2026-07-18","2026-07-25","8","7","Warszawa,Warszawa-Radom,Warszawa - Modlin,Warszawa - Radom","2+1","turcja|alanya|2026-07-18|2026-07-25|7|Warszawa,Warszawa-Radom,Warszawa - Modlin,Warszawa - Radom|2+1"
"Gypsophila Holiday Village","11500.0","22.07.2026 - 29.07.2026","8 dni/7 nocy","4.5","4.5","1409","tripadvisor","Warszawa","2026-06-14T10:36:41.516941+00:00","https://fly.pl/kierunek/turcja/?filter[dest]=39:&filter[hotelids]=&filter[cityids]=&filter[cregids]=&filter[ofrType]=&filter[addObjType]=&filter[whenFrom]=18-07-2026&filter[whenTo]=13-08-2026&filter[duration]=7:11&filter[from]=Warszawa,Warszawa-Radom,Warszawa%20-%20Modlin,Warszawa%20-%20Radom&filter[person]=2&filter[child]=1&filter[price]=4610:20000&filter[PriceFrom]=4610&filter[PriceTo]=20000&filter[addCategory]=50&filter[addCatering]=1&filter[addMisc]=0&filter[addTransport]=F&filter[fp]=1&order_by=ofr_price&filter[tourOperator]=0&filter[childAge][1]=20200812","https://fly.pl/cdn/photo/assets/uploads/582/278/2014/11/Gypsophila-Holiday-Village-fly-pl.jpg","https://fly.pl/wycieczka/turcja,alanya,okurcalar/gypsophila/pnkvAEcFfAdM7KKfJiMc70AAogGW6HTtXqzToJj5u4DIMZPwLuLr51ZXfiuqRu7D0QClcqBEVYSU0wxIi60QZI7FlQAViFB2ACagNVQUlyIRwRxcMGqwSbyUC5BGUb-IM3GOqkOwGupJycCgISYwEDDAMaLDM/?operator=EXIM&adults=2&children=2020-08-12&nsv=1&objectId=4960&transport=accommodation_flight&departureDate=2026-07-22&returnDate=2026-07-29&departureLocation=Warszawa%2CWarszawa-Radom%2CWarszawa+-+Modlin%2CWarszawa+-+Radom&opt=delta&catering=all_inclusive","filter_turkey_vacation_jul18_2026","turcja","alanya","okurcalar","2026-07-22","2026-07-29","8","7","Warszawa,Warszawa-Radom,Warszawa - Modlin,Warszawa - Radom","2+1","turcja|alanya|2026-07-22|2026-07-29|7|Warszawa,Warszawa-Radom,Warszawa - Modlin,Warszawa - Radom|2+1"
"Lonicera Premium","11518.0","22.07.2026 - 29.07.2026","8 dni/7 nocy","4.7","4.7","544","tripadvisor","Warszawa","2026-06-14T10:36:41.516941+00:00","https://fly.pl/kierunek/turcja/?filter[dest]=39:&filter[hotelids]=&filter[cityids]=&filter[cregids]=&filter[ofrType]=&filter[addObjType]=&filter[whenFrom]=18-07-2026&filter[whenTo]=13-08-2026&filter[duration]=7:11&filter[from]=Warszawa,Warszawa-Radom,Warszawa%20-%20Modlin,Warszawa%20-%20Radom&filter[person]=2&filter[child]=1&filter[price]=4610:20000&filter[PriceFrom]=4610&filter[PriceTo]=20000&filter[addCategory]=50&filter[addCatering]=1&filter[addMisc]=0&filter[addTransport]=F&filter[fp]=1&order_by=ofr_price&filter[tourOperator]=0&filter[childAge][1]=20200812","https://fly.pl/cdn/photo/assets/uploads/582/278/2019/08/LONICERA-PREMIUM-HOTEL.jpg","https://fly.pl/wycieczka/turcja,alanya,avsallar/lonicera-premium-12/phuFj6PN0C5XAejtY2V-MPAAoglHKnCbWkfUjjXjeDUgvz9QLuLr51ZXfiuqRu7D0QClcqBEVYSU0wxIi60QZI_llQAViFB2ACagNVQUlyIRwR2vwFqwSGkEG5BGUbwKomGK7zNwHH57z0CAISYwEDCQhdYtc/?operator=EXIM&adults=2&children=2020-08-12&nsv=1&objectId=203609&transport=accommodation_flight&departureDate=2026-07-22&returnDate=2026-07-29&departureLocation=Warszawa%2CWarszawa-Radom%2CWarszawa+-+Modlin%2CWarszawa+-+Radom&opt=delta&catering=all_inclusive","filter_turkey_vacation_jul18_2026","turcja","alanya","avsallar","2026-07-22","2026-07-29","8","7","Warszawa,Warszawa-Radom,Warszawa - Modlin,Warszawa - Radom","2+1","turcja|alanya|2026-07-22|2026-07-29|7|Warszawa,Warszawa-Radom,Warszawa - Modlin,Warszawa - Radom|2+1"
"Selectum Family Comfort Side (ex. Lyra Resort)","11538.0","21.07.2026 - 29.07.2026","9 dni/8 nocy","4.2","4.2","2178","tripadvisor","Warszawa","2026-06-14T10:36:41.516941+00:00","https://fly.pl/kierunek/turcja/?filter[dest]=39:&filter[hotelids]=&filter[cityids]=&filter[cregids]=&filter[ofrType]=&filter[addObjType]=&filter[whenFrom]=18-07-2026&filter[whenTo]=13-08-2026&filter[duration]=7:11&filter[from]=Warszawa,Warszawa-Radom,Warszawa%20-%20Modlin,Warszawa%20-%20Radom&filter[person]=2&filter[child]=1&filter[price]=4610:20000&filter[PriceFrom]=4610&filter[PriceTo]=20000&filter[addCategory]=50&filter[addCatering]=1&filter[addMisc]=0&filter[addTransport]=F&filter[fp]=1&order_by=ofr_price&filter[tourOperator]=0&filter[childAge][1]=20200812","https://fly.pl/cdn/photo/assets/uploads/582/278/2015/04/Selectum-Family-Comfort-Side.jpg","https://fly.pl/wycieczka/turcja,side,manavgat/lyra-resort/pMYbiEYf68NQU7hGVLlN-KAAogNbkGs8e3PLe8Z1WEfURBZ2cowcRFSimdZCEXnLk7UoMqBE9SRVgwxIi60QZIklpQQVjtBmACagdIQlYuMi4xcjabARUIFwBYB1YCXAhAwgYR8wdP6DhdJFOrJ1IAXpaUAUvtQ2EATOWMOiCE-5cJDQACEmMBAgvsKTa3/?operator=OREX&adults=2&children=2020-08-12&nsv=1&objectId=2841&transport=accommodation_flight&departureDate=2026-07-21&returnDate=2026-07-29&departureLocation=Warszawa%2CWarszawa-Radom%2CWarszawa+-+Modlin%2CWarszawa+-+Radom&opt=delta&catering=all_inclusive","filter_turkey_vacation_jul18_2026","turcja","side","manavgat","2026-07-21","2026-07-29","9","8","Warszawa,Warszawa-Radom,Warszawa - Modlin,Warszawa - Radom","2+1","turcja|side|2026-07-21|2026-07-29|8|Warszawa,Warszawa-Radom,Warszawa - Modlin,Warszawa - Radom|2+1"
"Royal Atlantis Icon","11542.0","22.07.2026 - 29.07.2026","8 dni/7 nocy","","","","","Warszawa","2026-06-14T10:36:41.516941+00:00","https://fly.pl/kierunek/turcja/?filter[dest]=39:&filter[hotelids]=&filter[cityids]=&filter[cregids]=&filter[ofrType]=&filter[addObjType]=&filter[whenFrom]=18-07-2026&filter[whenTo]=13-08-2026&filter[duration]=7:11&filter[from]=Warszawa,Warszawa-Radom,Warszawa%20-%20Modlin,Warszawa%20-%20Radom&filter[person]=2&filter[child]=1&filter[price]=4610:20000&filter[PriceFrom]=4610&filter[PriceTo]=20000&filter[addCategory]=50&filter[addCatering]=1&filter[addMisc]=0&filter[addTransport]=F&filter[fp]=1&order_by=ofr_price&filter[tourOperator]=0&filter[childAge][1]=20200812","https://datacfstatic.merlinx.pl/EXIM/IMG/107498/83f199762772f63d2f89f4837eed99a4101b5876a28e7d7a75e57ded85d98000.webp","https://fly.pl/wycieczka/turcja,side,colakli/royal-atlantis-icon-9/pY-Qpx1Lz2YM_IcneeSC_mAAogUSDNH9XLyO9YC_MCLjAp5ALuLr51ZXfiuqRu7D0QClcqBEVYSU0wxIi60QZIllpQAViFB2ACagNVQUlyIRwR6scGqwT2xEC5BGUbvok4GLLqPAGHkN7FCgISYwEDDIx4h6U/?operator=EXIM&adults=2&children=2020-08-12&nsv=1&objectId=230792&transport=accommodation_flight&departureDate=2026-07-22&returnDate=2026-07-29&departureLocation=Warszawa%2CWarszawa-Radom%2CWarszawa+-+Modlin%2CWarszawa+-+Radom&opt=delta&catering=all_inclusive","filter_turkey_vacation_jul18_2026","turcja","side","colakli","2026-07-22","2026-07-29","8","7","Warszawa,Warszawa-Radom,Warszawa - Modlin,Warszawa - Radom","2+1","turcja|side|2026-07-22|2026-07-29|7|Warszawa,Warszawa-Radom,Warszawa - Modlin,Warszawa - Radom|2+1"
"Laguna Beach Alya","11557.0","20.07.2026 - 27.07.2026","8 dni/7 nocy","4.0","4.0","572","tripadvisor","Warszawa","2026-06-14T10:36:41.516941+00:00","https://fly.pl/kierunek/turcja/?filter[dest]=39:&filter[hotelids]=&filter[cityids]=&filter[cregids]=&filter[ofrType]=&filter[addObjType]=&filter[whenFrom]=18-07-2026&filter[whenTo]=13-08-2026&filter[duration]=7:11&filter[from]=Warszawa,Warszawa-Radom,Warszawa%20-%20Modlin,Warszawa%20-%20Radom&filter[person]=2&filter[child]=1&filter[price]=4610:20000&filter[PriceFrom]=4610&filter[PriceTo]=20000&filter[addCategory]=50&filter[addCatering]=1&filter[addMisc]=0&filter[addTransport]=F&filter[fp]=1&order_by=ofr_price&filter[tourOperator]=0&filter[childAge][1]=20200812","https://fly.pl/cdn/photo/assets/uploads/582/278/2015/12/Laguna-Beach-Alya.jpg","https://fly.pl/wycieczka/turcja,alanya,karaburun/laguna-beach-alya/pEMU6G0jaCutNEgIWVGiVRAAogptFg9Lic9TR_Iy3Pm8gaHWlZs0u9ntxIhhB-JeVTlPEqBFZJVFgwxIi60QZIpVpQQVjVBmACcj8aABUHFwBcA1gFQI8DU-drUgBbmBxe_ndLgRJhAEyOqy4Nxo6kCSAAUc7Lhu5YT7SrEV3Ej9OLhQECDGMBAgu8OE6T/?operator=VITX&adults=2&children=2020-08-12&nsv=1&objectId=177262&transport=accommodation_flight&departureDate=2026-07-20&returnDate=2026-07-27&departureLocation=Warszawa%2CWarszawa-Radom%2CWarszawa+-+Modlin%2CWarszawa+-+Radom&opt=delta&catering=all_inclusive","filter_turkey_vacation_jul18_2026","turcja","alanya","karaburun","2026-07-20","2026-07-27","8","7","Warszawa,Warszawa-Radom,Warszawa - Modlin,Warszawa - Radom","2+1","turcja|alanya|2026-07-20|2026-07-27|7|Warszawa,Warszawa-Radom,Warszawa - Modlin,Warszawa - Radom|2+1"
"The X Belek","11623.0","19.07.2026 - 26.07.2026","8 dni/7 nocy","4.3","4.3","1272","tripadvisor","Warszawa","2026-06-14T10:36:41.516941+00:00","https://fly.pl/kierunek/turcja/?filter[dest]=39:&filter[hotelids]=&filter[cityids]=&filter[cregids]=&filter[ofrType]=&filter[addObjType]=&filter[whenFrom]=18-07-2026&filter[whenTo]=13-08-2026&filter[duration]=7:11&filter[from]=Warszawa,Warszawa-Radom,Warszawa%20-%20Modlin,Warszawa%20-%20Radom&filter[person]=2&filter[child]=1&filter[price]=4610:20000&filter[PriceFrom]=4610&filter[PriceTo]=20000&filter[addCategory]=50&filter[addCatering]=1&filter[addMisc]=0&filter[addTransport]=F&filter[fp]=1&order_by=ofr_price&filter[tourOperator]=0&filter[childAge][1]=20200812","https://fly.pl/cdn/photo/assets/uploads/582/278/2024/07/the-x-belek.jpg","https://fly.pl/wycieczka/turcja,belek,c/the-x-belek-13/pdoXsvLc0cYA_1byS69zToAAogo6SRDf1EgpYlUSvasR_NSgAAAACOdAQAdXQEAAcAEgAqBFdFWlkwxoi60QZI51pQQVi9BmADahJGcmVlIEJpcmQgQWlybGluZXNqBDA3MDBqBDA5MTByQp4BlQGYAR8AAgEWABwAFwYS7QMTsgoUlQNPyl1MAECcEkvnxQFQABGeYRvBjAEgjrQNHRkN4eXCCQESYwEMYwECC23lKUg/?operator=WEZY&adults=2&children=2020-08-12&nsv=1&objectId=224475&transport=accommodation_flight&departureDate=2026-07-19&returnDate=2026-07-26&departureLocation=Warszawa%2CWarszawa-Radom%2CWarszawa+-+Modlin%2CWarszawa+-+Radom&opt=delta&catering=all_inclusive","filter_turkey_vacation_jul18_2026","turcja","belek","c","2026-07-19","2026-07-26","8","7","Warszawa,Warszawa-Radom,Warszawa - Modlin,Warszawa - Radom","2+1","turcja|belek|2026-07-19|2026-07-26|7|Warszawa,Warszawa-Radom,Warszawa - Modlin,Warszawa - Radom|2+1"
"Aria Resort & SPA","11670.0","19.07.2026 - 26.07.2026","8 dni/7 nocy","4.8","4.8","1846","tripadvisor","Warszawa","2026-06-14T10:36:41.516941+00:00","https://fly.pl/kierunek/turcja/?filter[dest]=39:&filter[hotelids]=&filter[cityids]=&filter[cregids]=&filter[ofrType]=&filter[addObjType]=&filter[whenFrom]=18-07-2026&filter[whenTo]=13-08-2026&filter[duration]=7:11&filter[from]=Warszawa,Warszawa-Radom,Warszawa%20-%20Modlin,Warszawa%20-%20Radom&filter[person]=2&filter[child]=1&filter[price]=4610:20000&filter[PriceFrom]=4610&filter[PriceTo]=20000&filter[addCategory]=50&filter[addCatering]=1&filter[addMisc]=0&filter[addTransport]=F&filter[fp]=1&order_by=ofr_price&filter[tourOperator]=0&filter[childAge][1]=20200812","https://fly.pl/cdn/photo/assets/uploads/582/278/2015/01/ARIA-RESORT-SPA.jpg","https://fly.pl/wycieczka/turcja,alanya,c/mirador-club-alanya/pmrIg-NE8Er4OKakRE-ppYAAogR20LXVD4RW_QVBCTtO1GsAAAAACOdAQAdXQEAAcAAAAqBFdFWlkwxoi60QZIlltQQVi9BmADahJGcmVlIEJpcmQgQWlybGluZXNqBDA3MDBqBDA5MTByQp4BlQGYAR8AAgEWABwAFwYS7QMTsgoUlQNMyl1PAECcEhHRiAFLlj1QABvskAQggZELHRkN4eXCCQESYwELYwEDCgdh8IE/?operator=WEZY&adults=2&children=2020-08-12&nsv=1&objectId=2055&transport=accommodation_flight&departureDate=2026-07-19&returnDate=2026-07-26&departureLocation=Warszawa%2CWarszawa-Radom%2CWarszawa+-+Modlin%2CWarszawa+-+Radom&opt=delta&catering=all_inclusive","filter_turkey_vacation_jul18_2026","turcja","alanya","c","2026-07-19","2026-07-26","8","7","Warszawa,Warszawa-Radom,Warszawa - Modlin,Warszawa - Radom","2+1","turcja|alanya|2026-07-19|2026-07-26|7|Warszawa,Warszawa-Radom,Warszawa - Modlin,Warszawa - Radom|2+1"
"Club Boran Mare Beach","11673.0","22.07.2026 - 29.07.2026","8 dni/7 nocy","4.4","4.4","369","tripadvisor","Warszawa","2026-06-14T10:36:41.516941+00:00","https://fly.pl/kierunek/turcja/?filter[dest]=39:&filter[hotelids]=&filter[cityids]=&filter[cregids]=&filter[ofrType]=&filter[addObjType]=&filter[whenFrom]=18-07-2026&filter[whenTo]=13-08-2026&filter[duration]=7:11&filter[from]=Warszawa,Warszawa-Radom,Warszawa%20-%20Modlin,Warszawa%20-%20Radom&filter[person]=2&filter[child]=1&filter[price]=4610:20000&filter[PriceFrom]=4610&filter[PriceTo]=20000&filter[addCategory]=50&filter[addCatering]=1&filter[addMisc]=0&filter[addTransport]=F&filter[fp]=1&order_by=ofr_price&filter[tourOperator]=0&filter[childAge][1]=20200812","https://fly.pl/cdn/photo/assets/uploads/582/278/2015/03/Club-Boran-Mare-Beach.jpg","https://fly.pl/wycieczka/turcja,kemer,c/club-boran-mare-beach/pJF1NP0xO7-gtjdsupfB3nAAoglJJhI_tyIVScaNbX2h1LPYYBeuCgQKVhuc5RFJxGEOAqBFNGUEwwxoi60QZImVtQQViFB2ACciELAhUFIgQSWVyWAkAuW-MEDefG1AlR4Ybt7VgCEmMBAgu-KzrQ/?operator=SFPL&adults=2&children=2020-08-12&nsv=1&objectId=38070&transport=accommodation_flight&departureDate=2026-07-22&returnDate=2026-07-29&departureLocation=Warszawa%2CWarszawa-Radom%2CWarszawa+-+Modlin%2CWarszawa+-+Radom&opt=delta&catering=all_inclusive","filter_turkey_vacation_jul18_2026","turcja","kemer","c","2026-07-22","2026-07-29","8","7","Warszawa,Warszawa-Radom,Warszawa - Modlin,Warszawa - Radom","2+1","turcja|kemer|2026-07-22|2026-07-29|7|Warszawa,Warszawa-Radom,Warszawa - Modlin,Warszawa - Radom|2+1"
"Azura Deluxe Resort & Spa","11694.0","22.07.2026 - 29.07.2026","8 dni/7 nocy","4.7","4.7","2376","tripadvisor","Warszawa","2026-06-14T10:36:41.516941+00:00","https://fly.pl/kierunek/turcja/?filter[dest]=39:&filter[hotelids]=&filter[cityids]=&filter[cregids]=&filter[ofrType]=&filter[addObjType]=&filter[whenFrom]=18-07-2026&filter[whenTo]=13-08-2026&filter[duration]=7:11&filter[from]=Warszawa,Warszawa-Radom,Warszawa%20-%20Modlin,Warszawa%20-%20Radom&filter[person]=2&filter[child]=1&filter[price]=4610:20000&filter[PriceFrom]=4610&filter[PriceTo]=20000&filter[addCategory]=50&filter[addCatering]=1&filter[addMisc]=0&filter[addTransport]=F&filter[fp]=1&order_by=ofr_price&filter[tourOperator]=0&filter[childAge][1]=20200812","https://fly.pl/cdn/photo/assets/uploads/582/278/2015/04/Azura-Deluxe-Resort-Spa.jpg","https://fly.pl/wycieczka/turcja,alanya,avsallar/azura-deluxe-resort-spa/pzNX2XM0SNdZwZNUzE9RNeAAog05UBPW_HM2lCPTF9TvOwSwLuLr51ZXfiuqRu7D0QClcqBEVYSU0wxoi60QZIrltQAViFB2ACagNVQUlyIRwRmu8FqwTGnUG5BGUbvcQkGJ3WOQHKyPrxCAISYwEDCzfuP-Y/?operator=EXIM&adults=2&children=2020-08-12&nsv=1&objectId=162959&transport=accommodation_flight&departureDate=2026-07-22&returnDate=2026-07-29&departureLocation=Warszawa%2CWarszawa-Radom%2CWarszawa+-+Modlin%2CWarszawa+-+Radom&opt=delta&catering=all_inclusive","filter_turkey_vacation_jul18_2026","turcja","alanya","avsallar","2026-07-22","2026-07-29","8","7","Warszawa,Warszawa-Radom,Warszawa - Modlin,Warszawa - Radom","2+1","turcja|alanya|2026-07-22|2026-07-29|7|Warszawa,Warszawa-Radom,Warszawa - Modlin,Warszawa - Radom|2+1"
"Selectum Noa","11696.0","21.07.2026 - 29.07.2026","9 dni/8 nocy","4.1","4.1","1495","tripadvisor","Warszawa","2026-06-14T10:36:41.516941+00:00","https://fly.pl/kierunek/turcja/?filter[dest]=39:&filter[hotelids]=&filter[cityids]=&filter[cregids]=&filter[ofrType]=&filter[addObjType]=&filter[whenFrom]=18-07-2026&filter[whenTo]=13-08-2026&filter[duration]=7:11&filter[from]=Warszawa,Warszawa-Radom,Warszawa%20-%20Modlin,Warszawa%20-%20Radom&filter[person]=2&filter[child]=1&filter[price]=4610:20000&filter[PriceFrom]=4610&filter[PriceTo]=20000&filter[addCategory]=50&filter[addCatering]=1&filter[addMisc]=0&filter[addTransport]=F&filter[fp]=1&order_by=ofr_price&filter[tourOperator]=0&filter[childAge][1]=20200812","https://fly.pl/cdn/photo/assets/uploads/582/278/2015/02/Cesars-Temple.jpg","https://fly.pl/wycieczka/turcja,belek,c/cesars-temple/pf9JqFKt8rO1l8bAqHPuSlAAogTEfOHt688G4altycykFl1mcowcRFSimdZCEXnLk7UoMqBE9SRVgwxoi60QZIsFtQQVjtBmACagdGMU8uMi4xcjabARUIFwBYB1YCXAhAwgYRuSZPohpdJFOrJ1IAXpaUAUvtQ2EATOWMOiCE-5cJDQACEmMBAguOrobk/?operator=OREX&adults=2&children=2020-08-12&nsv=1&objectId=1561&transport=accommodation_flight&departureDate=2026-07-21&returnDate=2026-07-29&departureLocation=Warszawa%2CWarszawa-Radom%2CWarszawa+-+Modlin%2CWarszawa+-+Radom&opt=delta&catering=all_inclusive","filter_turkey_vacation_jul18_2026","turcja","belek","c","2026-07-21","2026-07-29","9","8","Warszawa,Warszawa-Radom,Warszawa - Modlin,Warszawa - Radom","2+1","turcja|belek|2026-07-21|2026-07-29|8|Warszawa,Warszawa-Radom,Warszawa - Modlin,Warszawa - Radom|2+1"
"Orange County (Kemer)","11767.0","20.07.2026 - 27.07.2026","8 dni/7 nocy","4.0","4.0","943","tripadvisor","Warszawa","2026-06-14T10:36:41.516941+00:00","https://fly.pl/kierunek/turcja/?filter[dest]=39:&filter[hotelids]=&filter[cityids]=&filter[cregids]=&filter[ofrType]=&filter[addObjType]=&filter[whenFrom]=18-07-2026&filter[whenTo]=13-08-2026&filter[duration]=7:11&filter[from]=Warszawa,Warszawa-Radom,Warszawa%20-%20Modlin,Warszawa%20-%20Radom&filter[person]=2&filter[child]=1&filter[price]=4610:20000&filter[PriceFrom]=4610&filter[PriceTo]=20000&filter[addCategory]=50&filter[addCatering]=1&filter[addMisc]=0&filter[addTransport]=F&filter[fp]=1&order_by=ofr_price&filter[tourOperator]=0&filter[childAge][1]=20200812","https://fly.pl/cdn/photo/assets/uploads/582/278/2014/10/Orange-County-Resort-Kemer.jpg","https://fly.pl/wycieczka/turcja,kemer,c/orange-county-resort/pGld13VBNHiT9ziiN0nqrHAAogqVAoMSb4LZV4ByAhs3S4uU11eDE-prut4HX7XxcZmEkqBEpPSU4wxoi60QZI91tQAVjVBmACagJVQXIgHBG8RrkEjr0CqwQoG-KaJxjL1AIB1Pi8oAECEmMBAgsbFAmh/?operator=JOIN&adults=2&children=2020-08-12&nsv=1&objectId=2057&transport=accommodation_flight&departureDate=2026-07-20&returnDate=2026-07-27&departureLocation=Warszawa%2CWarszawa-Radom%2CWarszawa+-+Modlin%2CWarszawa+-+Radom&opt=delta&catering=all_inclusive","filter_turkey_vacation_jul18_2026","turcja","kemer","c","2026-07-20","2026-07-27","8","7","Warszawa,Warszawa-Radom,Warszawa - Modlin,Warszawa - Radom","2+1","turcja|kemer|2026-07-20|2026-07-27|7|Warszawa,Warszawa-Radom,Warszawa - Modlin,Warszawa - Radom|2+1"
"Justiniano Club Park Conti","11785.0","19.07.2026 - 26.07.2026","8 dni/7 nocy","4.2","4.2","1654","tripadvisor","Warszawa","2026-06-14T10:36:41.516941+00:00","https://fly.pl/kierunek/turcja/?filter[dest]=39:&filter[hotelids]=&filter[cityids]=&filter[cregids]=&filter[ofrType]=&filter[addObjType]=&filter[whenFrom]=18-07-2026&filter[whenTo]=13-08-2026&filter[duration]=7:11&filter[from]=Warszawa,Warszawa-Radom,Warszawa%20-%20Modlin,Warszawa%20-%20Radom&filter[person]=2&filter[child]=1&filter[price]=4610:20000&filter[PriceFrom]=4610&filter[PriceTo]=20000&filter[addCategory]=50&filter[addCatering]=1&filter[addMisc]=0&filter[addTransport]=F&filter[fp]=1&order_by=ofr_price&filter[tourOperator]=0&filter[childAge][1]=20200812","https://fly.pl/cdn/photo/assets/uploads/582/278/2014/10/Justiniano-Club-Park-Conti.jpg","https://fly.pl/wycieczka/turcja,alanya,okurcalar/justiniano-club-park-conti/p6ko5LIE-2VWiJDVPqlU9MAAogEDo1FVxZ3kAXrcat8RfHrgAAAADFdAQA4XQEAAcAAAAqBFdFWlkwxoi60QZIiVxQQVi9BmADaglFbnRlciBBaXJyQp4BHwAcAQIAFgAXBhLtAxH5ARXIAxjXARMeFMIDT5lgTABAnBJQ58UBSwAbxjcd9-oOIBwNjuXCCQESYwEMYwECBmYliDE/?operator=WEZY&adults=2&children=2020-08-12&nsv=1&objectId=3926&transport=accommodation_flight&departureDate=2026-07-19&returnDate=2026-07-26&departureLocation=Warszawa%2CWarszawa-Radom%2CWarszawa+-+Modlin%2CWarszawa+-+Radom&opt=delta&catering=all_inclusive","filter_turkey_vacation_jul18_2026","turcja","alanya","okurcalar","2026-07-19","2026-07-26","8","7","Warszawa,Warszawa-Radom,Warszawa - Modlin,Warszawa - Radom","2+1","turcja|alanya|2026-07-19|2026-07-26|7|Warszawa,Warszawa-Radom,Warszawa - Modlin,Warszawa - Radom|2+1"
"Side Crown Palace (Side)","11817.0","23.07.2026 - 30.07.2026","8 dni/7 nocy","3.7","3.7","1060","tripadvisor","Warszawa","2026-06-14T10:36:41.516941+00:00","https://fly.pl/kierunek/turcja/?filter[dest]=39:&filter[hotelids]=&filter[cityids]=&filter[cregids]=&filter[ofrType]=&filter[addObjType]=&filter[whenFrom]=18-07-2026&filter[whenTo]=13-08-2026&filter[duration]=7:11&filter[from]=Warszawa,Warszawa-Radom,Warszawa%20-%20Modlin,Warszawa%20-%20Radom&filter[person]=2&filter[child]=1&filter[price]=4610:20000&filter[PriceFrom]=4610&filter[PriceTo]=20000&filter[addCategory]=50&filter[addCatering]=1&filter[addMisc]=0&filter[addTransport]=F&filter[fp]=1&order_by=ofr_price&filter[tourOperator]=0&filter[childAge][1]=20200812","https://fly.pl/cdn/photo/assets/uploads/582/278/2015/04/Side-Crown-Palace-Side.jpg","https://fly.pl/wycieczka/turcja,side,c/crown-palace-side/pZG0kfJDxg90ohCmd5FPUoAAoghuyeuC8KQ56lomaO1WALxVcbW0kfwNyF5b7TGk4Wi78qBFZJVFgwxoi60QZIqVxQQVidB2ACcj8aABUHFwBcA1gFQI8DU-drUgBb2BdevnxLgRJhAEy0nh0No5u1CSAAUb2p7u1YT8HNKV3Ej9OLhQECDWMBAgyZXO7v/?operator=VITX&adults=2&children=2020-08-12&nsv=1&objectId=30538&transport=accommodation_flight&departureDate=2026-07-23&returnDate=2026-07-30&departureLocation=Warszawa%2CWarszawa-Radom%2CWarszawa+-+Modlin%2CWarszawa+-+Radom&opt=delta&catering=all_inclusive","filter_turkey_vacation_jul18_2026","turcja","side","c","2026-07-23","2026-07-30","8","7","Warszawa,Warszawa-Radom,Warszawa - Modlin,Warszawa - Radom","2+1","turcja|side|2026-07-23|2026-07-30|7|Warszawa,Warszawa-Radom,Warszawa - Modlin,Warszawa - Radom|2+1"
"Washington Resort","11817.0","23.07.2026 - 30.07.2026","8 dni/7 nocy","4.0","4.0","759","tripadvisor","Warszawa","2026-06-14T10:36:41.516941+00:00","https://fly.pl/kierunek/turcja/?filter[dest]=39:&filter[hotelids]=&filter[cityids]=&filter[cregids]=&filter[ofrType]=&filter[addObjType]=&filter[whenFrom]=18-07-2026&filter[whenTo]=13-08-2026&filter[duration]=7:11&filter[from]=Warszawa,Warszawa-Radom,Warszawa%20-%20Modlin,Warszawa%20-%20Radom&filter[person]=2&filter[child]=1&filter[price]=4610:20000&filter[PriceFrom]=4610&filter[PriceTo]=20000&filter[addCategory]=50&filter[addCatering]=1&filter[addMisc]=0&filter[addTransport]=F&filter[fp]=1&order_by=ofr_price&filter[tourOperator]=0&filter[childAge][1]=20200812","https://fly.pl/cdn/photo/assets/uploads/582/278/2015/04/Washington-Resort.jpg","https://fly.pl/wycieczka/turcja,side,kizilagac/aska-washington-resort/pYHrvTITZTznptaE_GIHoAAAogqv_DBHWzN8ZRXHGELDW66lcbW0kfwNyF5b7TGk4Wi78qBFZJVFgwxoi60QZIqVxQQVidB2ACcj8aABUHFwBcA1gFQI8DU-drUgBbmBxe_ndLgRJhAEyOqy4NyY6kCSAAT_72l-5YUbuBDl2JjsWLhQECDGMBAgtAeYoX/?operator=VITX&adults=2&children=2020-08-12&nsv=1&objectId=8163&transport=accommodation_flight&departureDate=2026-07-23&returnDate=2026-07-30&departureLocation=Warszawa%2CWarszawa-Radom%2CWarszawa+-+Modlin%2CWarszawa+-+Radom&opt=delta&catering=all_inclusive","filter_turkey_vacation_jul18_2026","turcja","side","kizilagac","2026-07-23","2026-07-30","8","7","Warszawa,Warszawa-Radom,Warszawa - Modlin,Warszawa - Radom","2+1","turcja|side|2026-07-23|2026-07-30|7|Warszawa,Warszawa-Radom,Warszawa - Modlin,Warszawa - Radom|2+1"
"Gold Island Selected","11822.0","19.07.2026 - 26.07.2026","8 dni/7 nocy","4.2","4.2","1840","tripadvisor","Warszawa","2026-06-14T10:36:41.516941+00:00","https://fly.pl/kierunek/turcja/?filter[dest]=39:&filter[hotelids]=&filter[cityids]=&filter[cregids]=&filter[ofrType]=&filter[addObjType]=&filter[whenFrom]=18-07-2026&filter[whenTo]=13-08-2026&filter[duration]=7:11&filter[from]=Warszawa,Warszawa-Radom,Warszawa%20-%20Modlin,Warszawa%20-%20Radom&filter[person]=2&filter[child]=1&filter[price]=4610:20000&filter[PriceFrom]=4610&filter[PriceTo]=20000&filter[addCategory]=50&filter[addCatering]=1&filter[addMisc]=0&filter[addTransport]=F&filter[fp]=1&order_by=ofr_price&filter[tourOperator]=0&filter[childAge][1]=20200812","https://fly.pl/cdn/photo/assets/uploads/582/278/2024/07/gold-island-selected.jpg","https://fly.pl/wycieczka/turcja,alanya,c/gold-island-selected-9/pTdT6LOUZb1AW45tsd8UnoAAogtqr1kzWu76-5U0eIQHvV8AAAAACOdAQAdXQEAAcAAAAqBFdFWlkwxoi60QZIrlxQQVi9BmADahJGcmVlIEJpcmQgQWlybGluZXNqBDA3MDBqBDA5MTByQp4BlQGYAR8AAgEWABwAFwYS7QMTsgoUlQNPyl1MAECcEkvnxQFQABGQdBvr_Qgg8q8FHRkN4eXCCQESYwEMYwEDC1yYqKo/?operator=WEZY&adults=2&children=2020-08-12&nsv=1&objectId=226082&transport=accommodation_flight&departureDate=2026-07-19&returnDate=2026-07-26&departureLocation=Warszawa%2CWarszawa-Radom%2CWarszawa+-+Modlin%2CWarszawa+-+Radom&opt=delta&catering=all_inclusive","filter_turkey_vacation_jul18_2026","turcja","alanya","c","2026-07-19","2026-07-26","8","7","Warszawa,Warszawa-Radom,Warszawa - Modlin,Warszawa - Radom","2+1","turcja|alanya|2026-07-19|2026-07-26|7|Warszawa,Warszawa-Radom,Warszawa - Modlin,Warszawa - Radom|2+1"
"VONResort Golden Beach","11844.0","19.07.2026 - 26.07.2026","8 dni/7 nocy","4.3","4.3","1037","tripadvisor","Warszawa","2026-06-14T10:36:41.516941+00:00","https://fly.pl/kierunek/turcja/?filter[dest]=39:&filter[hotelids]=&filter[cityids]=&filter[cregids]=&filter[ofrType]=&filter[addObjType]=&filter[whenFrom]=18-07-2026&filter[whenTo]=13-08-2026&filter[duration]=7:11&filter[from]=Warszawa,Warszawa-Radom,Warszawa%20-%20Modlin,Warszawa%20-%20Radom&filter[person]=2&filter[child]=1&filter[price]=4610:20000&filter[PriceFrom]=4610&filter[PriceTo]=20000&filter[addCategory]=50&filter[addCatering]=1&filter[addMisc]=0&filter[addTransport]=F&filter[fp]=1&order_by=ofr_price&filter[tourOperator]=0&filter[childAge][1]=20200812","https://fly.pl/cdn/photo/assets/uploads/582/278/2015/04/VON-Club-Golden-Beach-fly-pl.jpg","https://fly.pl/wycieczka/turcja,side,colakli/club-golden-beach-spa/pZnwOOcUm70peIPEZea0N8AAog22FcgkVHd-PJYY5TGb7OxgAAAACOdAQAdXQEAAcAAQAqBFdFWlkwxoi60QZIxFxQQVi9BmADahJGcmVlIEJpcmQgQWlybGluZXNqBDA3MDBqBDA5MTByQZ4BlQGYAR8AAgEWABwAFwYS7QMTsgoUlQMRrD9Mnh5PAECcEkvnxQFQABunSCDG2Q4dGQ3h5cIJARJjAQ1jAQIMDpqblQ/?operator=WEZY&adults=2&children=2020-08-12&nsv=1&objectId=1564&transport=accommodation_flight&departureDate=2026-07-19&returnDate=2026-07-26&departureLocation=Warszawa%2CWarszawa-Radom%2CWarszawa+-+Modlin%2CWarszawa+-+Radom&opt=delta&catering=all_inclusive","filter_turkey_vacation_jul18_2026","turcja","side","colakli","2026-07-19","2026-07-26","8","7","Warszawa,Warszawa-Radom,Warszawa - Modlin,Warszawa - Radom","2+1","turcja|side|2026-07-19|2026-07-26|7|Warszawa,Warszawa-Radom,Warszawa - Modlin,Warszawa - Radom|2+1"
"Megasaray Resort Side (ex. Aska Side Grand Prestige)","11862.0","19.07.2026 - 26.07.2026","8 dni/7 nocy","4.6","4.6","1275","tripadvisor","Warszawa","2026-06-14T10:36:41.516941+00:00","https://fly.pl/kierunek/turcja/?filter[dest]=39:&filter[hotelids]=&filter[cityids]=&filter[cregids]=&filter[ofrType]=&filter[addObjType]=&filter[whenFrom]=18-07-2026&filter[whenTo]=13-08-2026&filter[duration]=7:11&filter[from]=Warszawa,Warszawa-Radom,Warszawa%20-%20Modlin,Warszawa%20-%20Radom&filter[person]=2&filter[child]=1&filter[price]=4610:20000&filter[PriceFrom]=4610&filter[PriceTo]=20000&filter[addCategory]=50&filter[addCatering]=1&filter[addMisc]=0&filter[addTransport]=F&filter[fp]=1&order_by=ofr_price&filter[tourOperator]=0&filter[childAge][1]=20200812","https://fly.pl/cdn/photo/assets/uploads/582/278/2015/04/Megasaray-Resort-Side.jpg","https://fly.pl/wycieczka/turcja,side,c/grand-prestige-side/p-PPVT5K2lxbAmFxTseL72AAoglcKtYz4CkhjKzJ8r_gR0BAAAAACOdAQAdXQEAAcAAAAqBFdFWlkwxoi60QZI1lxQQVi9BmADahJGcmVlIEJpcmQgQWlybGluZXNqBDA3MDBqBDA5MTByQp4BlQGYAR8AAgEWABwAFwYS7QMTsgoUlQNPyl1MAECcEkvnxQFQABHwVyD9yQ4dGRvV5SUNjICdCQESYwEMYwECC3A9vq8/?operator=WEZY&adults=2&children=2020-08-12&nsv=1&objectId=1643&transport=accommodation_flight&departureDate=2026-07-19&returnDate=2026-07-26&departureLocation=Warszawa%2CWarszawa-Radom%2CWarszawa+-+Modlin%2CWarszawa+-+Radom&opt=delta&catering=all_inclusive","filter_turkey_vacation_jul18_2026","turcja","side","c","2026-07-19","2026-07-26","8","7","Warszawa,Warszawa-Radom,Warszawa - Modlin,Warszawa - Radom","2+1","turcja|side|2026-07-19|2026-07-26|7|Warszawa,Warszawa-Radom,Warszawa - Modlin,Warszawa - Radom|2+1"
"Imperial Turkiz Resort (ex. Turkiz Deluxe Resort)","11877.0","19.07.2026 - 26.07.2026","8 dni/7 nocy","4.3","4.3","1624","tripadvisor","Warszawa","2026-06-14T10:36:41.516941+00:00","https://fly.pl/kierunek/turcja/?filter[dest]=39:&filter[hotelids]=&filter[cityids]=&filter[cregids]=&filter[ofrType]=&filter[addObjType]=&filter[whenFrom]=18-07-2026&filter[whenTo]=13-08-2026&filter[duration]=7:11&filter[from]=Warszawa,Warszawa-Radom,Warszawa%20-%20Modlin,Warszawa%20-%20Radom&filter[person]=2&filter[child]=1&filter[price]=4610:20000&filter[PriceFrom]=4610&filter[PriceTo]=20000&filter[addCategory]=50&filter[addCatering]=1&filter[addMisc]=0&filter[addTransport]=F&filter[fp]=1&order_by=ofr_price&filter[tourOperator]=0&filter[childAge][1]=20200812","https://fly.pl/cdn/photo/assets/uploads/582/278/2024/07/turkiz-deluxe-resort-ex-imperial-turkiz-resort.jpg","https://fly.pl/wycieczka/turcja,kemer,c/turkiz-resort-15/pZ2PFJYm1-Dgs6hQ0MgPKKAAog_IpfRODQGav7k0AampS2LAAAAADFdAQA4XQEAAcAAQAqBFdFWlkwxoi60QZI5VxQQVi9BmADaglFbnRlciBBaXJyQp4BHwAcAQIAFgAXBhLtAxXBBRjXARMeFMIDT5lgTABAnBIR2lpQjWtLAB29og8gHBus6DMN4vyOCQESYwEHYwEDBru5qW0/?operator=WEZY&adults=2&children=2020-08-12&nsv=1&objectId=202375&transport=accommodation_flight&departureDate=2026-07-19&returnDate=2026-07-26&departureLocation=Warszawa%2CWarszawa-Radom%2CWarszawa+-+Modlin%2CWarszawa+-+Radom&opt=delta&catering=all_inclusive","filter_turkey_vacation_jul18_2026","turcja","kemer","c","2026-07-19","2026-07-26","8","7","Warszawa,Warszawa-Radom,Warszawa - Modlin,Warszawa - Radom","2+1","turcja|kemer|2026-07-19|2026-07-26|7|Warszawa,Warszawa-Radom,Warszawa - Modlin,Warszawa - Radom|2+1"
"Luna Blanca Resort & Spa","11897.0","19.07.2026 - 26.07.2026","8 dni/7 nocy","4.2","4.2","590","tripadvisor","Warszawa","2026-06-14T10:36:41.516941+00:00","https://fly.pl/kierunek/turcja/?filter[dest]=39:&filter[hotelids]=&filter[cityids]=&filter[cregids]=&filter[ofrType]=&filter[addObjType]=&filter[whenFrom]=18-07-2026&filter[whenTo]=13-08-2026&filter[duration]=7:11&filter[from]=Warszawa,Warszawa-Radom,Warszawa%20-%20Modlin,Warszawa%20-%20Radom&filter[person]=2&filter[child]=1&filter[price]=4610:20000&filter[PriceFrom]=4610&filter[PriceTo]=20000&filter[addCategory]=50&filter[addCatering]=1&filter[addMisc]=0&filter[addTransport]=F&filter[fp]=1&order_by=ofr_price&filter[tourOperator]=0&filter[childAge][1]=20200812","https://fly.pl/cdn/photo/assets/uploads/582/278/2015/04/Luna-Blanca-Resort-Spa.jpg","https://fly.pl/wycieczka/turcja,side,c/luna-blanca-resort-spa/pcj4wnWdqOiDzZG8feUjDEAAoglcKYMdB02qR6jaU7yfsmjgAAAADFdAQA4XQEAAcAAAAqBFdFWlkwxoi60QZI-VxQQVi9BmADaglFbnRlciBBaXJyQp4BHwAcAQIAFgAXBhLtAxXBBRjXARMeFMIDEdE-T8ghTABAnBJQ58UBSwAbz2Ud7rwOIBwNjuXCCQESYwEMYwECC4uwKiI/?operator=WEZY&adults=2&children=2020-08-12&nsv=1&objectId=141782&transport=accommodation_flight&departureDate=2026-07-19&returnDate=2026-07-26&departureLocation=Warszawa%2CWarszawa-Radom%2CWarszawa+-+Modlin%2CWarszawa+-+Radom&opt=delta&catering=all_inclusive","filter_turkey_vacation_jul18_2026","turcja","side","c","2026-07-19","2026-07-26","8","7","Warszawa,Warszawa-Radom,Warszawa - Modlin,Warszawa - Radom","2+1","turcja|side|2026-07-19|2026-07-26|7|Warszawa,Warszawa-Radom,Warszawa - Modlin,Warszawa - Radom|2+1"
"Korumar Deluxe","11897.0","21.07.2026 - 29.07.2026","9 dni/7 nocy","4.2","4.2","1492","tripadvisor","Warszawa","2026-06-14T10:36:41.516941+00:00","https://fly.pl/kierunek/turcja/?filter[dest]=39:&filter[hotelids]=&filter[cityids]=&filter[cregids]=&filter[ofrType]=&filter[addObjType]=&filter[whenFrom]=18-07-2026&filter[whenTo]=13-08-2026&filter[duration]=7:11&filter[from]=Warszawa,Warszawa-Radom,Warszawa%20-%20Modlin,Warszawa%20-%20Radom&filter[person]=2&filter[child]=1&filter[price]=4610:20000&filter[PriceFrom]=4610&filter[PriceTo]=20000&filter[addCategory]=50&filter[addCatering]=1&filter[addMisc]=0&filter[addTransport]=F&filter[fp]=1&order_by=ofr_price&filter[tourOperator]=0&filter[childAge][1]=20200812","https://fly.pl/cdn/photo/assets/uploads/582/278/2016/01/Korumar-Deluxe.jpg","https://fly.pl/wycieczka/turcja,kusadasi,c/korumar-deluxe/puDF3C9ZHnBs5gGonauyjWAAogVpg8nSC22yQNIJ4PZXuKoDOYNAoollcVS62pQIbmcqsqBFZJVFgwxoi60QZI-VxQQVjtBmACcj8aABUHFwBcA1gFQI8DU-FlUgBb3h1evnxL7UNhAEyi-S0Nx46kCSABUefjkYJUT8mJIV28l5jtsQECDGMBAgV2eobF/?operator=VITX&adults=2&children=2020-08-12&nsv=1&objectId=5238&transport=accommodation_flight&departureDate=2026-07-21&returnDate=2026-07-29&departureLocation=Warszawa%2CWarszawa-Radom%2CWarszawa+-+Modlin%2CWarszawa+-+Radom&opt=delta&catering=all_inclusive","filter_turkey_vacation_jul18_2026","turcja","kusadasi","c","2026-07-21","2026-07-29","9","7","Warszawa,Warszawa-Radom,Warszawa - Modlin,Warszawa - Radom","2+1","turcja|kusadasi|2026-07-21|2026-07-29|7|Warszawa,Warszawa-Radom,Warszawa - Modlin,Warszawa - Radom|2+1"
"Crystal Aura Aqua Collection","11897.0","20.07.2026 - 27.07.2026","8 dni/7 nocy","4.4","4.4","2575","tripadvisor","Warszawa","2026-06-14T10:36:41.516941+00:00","https://fly.pl/kierunek/turcja/?filter[dest]=39:&filter[hotelids]=&filter[cityids]=&filter[cregids]=&filter[ofrType]=&filter[addObjType]=&filter[whenFrom]=18-07-2026&filter[whenTo]=13-08-2026&filter[duration]=7:11&filter[from]=Warszawa,Warszawa-Radom,Warszawa%20-%20Modlin,Warszawa%20-%20Radom&filter[person]=2&filter[child]=1&filter[price]=4610:20000&filter[PriceFrom]=4610&filter[PriceTo]=20000&filter[addCategory]=50&filter[addCatering]=1&filter[addMisc]=0&filter[addTransport]=F&filter[fp]=1&order_by=ofr_price&filter[tourOperator]=0&filter[childAge][1]=20200812","https://fly.pl/cdn/photo/assets/uploads/582/278/2014/10/Crystal-Aura-Beach-Resort-fly-pl.jpg","https://fly.pl/wycieczka/turcja,kemer,c/crystal-aura-beach-resort/pgIJu1NtVNzANyT9c0xD7zAAogZdZLYX_lJegtIZ04am3wr2lZs0u9ntxIhhB-JeVTlPEqBFZJVFgwxoi60QZI-VxQQVjVBmACcj8aABUHFwBcA1gFQI8DU-drUgBb2BdevnxLgRJhAEyOqy4Nxo6kCSAAUZKs7u1YT_DKKV3Ej9OLhQECDGMBAgs_q7xp/?operator=VITX&adults=2&children=2020-08-12&nsv=1&objectId=80641&transport=accommodation_flight&departureDate=2026-07-20&returnDate=2026-07-27&departureLocation=Warszawa%2CWarszawa-Radom%2CWarszawa+-+Modlin%2CWarszawa+-+Radom&opt=delta&catering=all_inclusive","filter_turkey_vacation_jul18_2026","turcja","kemer","c","2026-07-20","2026-07-27","8","7","Warszawa,Warszawa-Radom,Warszawa - Modlin,Warszawa - Radom","2+1","turcja|kemer|2026-07-20|2026-07-27|7|Warszawa,Warszawa-Radom,Warszawa - Modlin,Warszawa - Radom|2+1"
"Turunc","11898.0","20.07.2026 - 27.07.2026","8 dni/7 nocy","4.2","4.2","2356","tripadvisor","Warszawa","2026-06-14T10:36:41.516941+00:00","https://fly.pl/kierunek/turcja/?filter[dest]=39:&filter[hotelids]=&filter[cityids]=&filter[cregids]=&filter[ofrType]=&filter[addObjType]=&filter[whenFrom]=18-07-2026&filter[whenTo]=13-08-2026&filter[duration]=7:11&filter[from]=Warszawa,Warszawa-Radom,Warszawa%20-%20Modlin,Warszawa%20-%20Radom&filter[person]=2&filter[child]=1&filter[price]=4610:20000&filter[PriceFrom]=4610&filter[PriceTo]=20000&filter[addCategory]=50&filter[addCatering]=1&filter[addMisc]=0&filter[addTransport]=F&filter[fp]=1&order_by=ofr_price&filter[tourOperator]=0&filter[childAge][1]=20200812","https://fly.pl/cdn/photo/assets/uploads/582/278/2014/07/Turunc.jpg","https://fly.pl/wycieczka/turcja,marmaris,turunc/turunc/pxv7uf2QyTVIIIR6HJp8pwAAog0JEo4i9G3sSPn_nkCaw6svcwihURrKfRGyY34zmwgaEqBFJOQlcwxoi60QZI-lxQQVjVBmACagRDQWdRaiIxNiwyODMsMjk2LDM4MCwzODgsNDc3LDQ4Myw0ODQsNDg1cjmfAZ4BFQcXAFgIChYczgNA5AMRrhoQ4hsZpSFSzipTAEuuvQFhAA_ZqkAdLyDg3JEJDQACDWMBAgz3foou/?operator=RNBW&adults=2&children=2020-08-12&nsv=1&objectId=1704&transport=accommodation_flight&departureDate=2026-07-20&returnDate=2026-07-27&departureLocation=Warszawa%2CWarszawa-Radom%2CWarszawa+-+Modlin%2CWarszawa+-+Radom&opt=delta&catering=all_inclusive","filter_turkey_vacation_jul18_2026","turcja","marmaris","turunc","2026-07-20","2026-07-27","8","7","Warszawa,Warszawa-Radom,Warszawa - Modlin,Warszawa - Radom","2+1","turcja|marmaris|2026-07-20|2026-07-27|7|Warszawa,Warszawa-Radom,Warszawa - Modlin,Warszawa - Radom|2+1"
"Jadore Deluxe","11917.0","20.07.2026 - 27.07.2026","8 dni/7 nocy","4.1","4.1","1767","tripadvisor","Warszawa","2026-06-14T10:36:41.516941+00:00","https://fly.pl/kierunek/turcja/?filter[dest]=39:&filter[hotelids]=&filter[cityids]=&filter[cregids]=&filter[ofrType]=&filter[addObjType]=&filter[whenFrom]=18-07-2026&filter[whenTo]=13-08-2026&filter[duration]=7:11&filter[from]=Warszawa,Warszawa-Radom,Warszawa%20-%20Modlin,Warszawa%20-%20Radom&filter[person]=2&filter[child]=1&filter[price]=4610:20000&filter[PriceFrom]=4610&filter[PriceTo]=20000&filter[addCategory]=50&filter[addCatering]=1&filter[addMisc]=0&filter[addTransport]=F&filter[fp]=1&order_by=ofr_price&filter[tourOperator]=0&filter[childAge][1]=20200812","https://fly.pl/cdn/photo/assets/uploads/582/278/2015/10/Jadore-Deluxe.jpg","https://fly.pl/wycieczka/turcja,side,c/jadore-deluxe-hotel-spa/pnDqE19LC-o6PMWTjRvUb5AAogvfTPlWteoEtLAKI0IlzeJGlZs0u9ntxIhhB-JeVTlPEqBFZJVFgwyYi60QZIjV1QQVjVBmACcj8aABUHFwBcA1gFQI8DU-drUgBbsBle5npLgRJhAEyOqy4Nxo6kCSAAUdzxgO5YT6aFF13Ej9OLhQECDGMBAgtqP_KE/?operator=VITX&adults=2&children=2020-08-12&nsv=1&objectId=175205&transport=accommodation_flight&departureDate=2026-07-20&returnDate=2026-07-27&departureLocation=Warszawa%2CWarszawa-Radom%2CWarszawa+-+Modlin%2CWarszawa+-+Radom&opt=delta&catering=all_inclusive","filter_turkey_vacation_jul18_2026","turcja","side","c","2026-07-20","2026-07-27","8","7","Warszawa,Warszawa-Radom,Warszawa - Modlin,Warszawa - Radom","2+1","turcja|side|2026-07-20|2026-07-27|7|Warszawa,Warszawa-Radom,Warszawa - Modlin,Warszawa - Radom|2+1"
"Selectum Family Resort Side (ex. Silence Beach Resort)","11957.0","21.07.2026 - 29.07.2026","9 dni/8 nocy","4.5","4.5","1602","tripadvisor","Warszawa","2026-06-14T10:36:41.516941+00:00","https://fly.pl/kierunek/turcja/?filter[dest]=39:&filter[hotelids]=&filter[cityids]=&filter[cregids]=&filter[ofrType]=&filter[addObjType]=&filter[whenFrom]=18-07-2026&filter[whenTo]=13-08-2026&filter[duration]=7:11&filter[from]=Warszawa,Warszawa-Radom,Warszawa%20-%20Modlin,Warszawa%20-%20Radom&filter[person]=2&filter[child]=1&filter[price]=4610:20000&filter[PriceFrom]=4610&filter[PriceTo]=20000&filter[addCategory]=50&filter[addCatering]=1&filter[addMisc]=0&filter[addTransport]=F&filter[fp]=1&order_by=ofr_price&filter[tourOperator]=0&filter[childAge][1]=20200812","https://fly.pl/cdn/photo/assets/uploads/582/278/2014/11/Silence-Beach-Resort-fly-pl.jpg","https://fly.pl/wycieczka/turcja,side,c/silence-beach-resort/pXyWbT9m9Kdg6GgE0_Sg2YAAog_X9GkCPO1fyKpZiXbbTFvmcowcRFSimdZCEXnLk7UoMqBE9SRVgwyYi60QZItV1QQVjtBmACagdIQk4uMi4xcjabARUIFwBYB1YCXAgRjwJAswRP20BdJFOrJ1IAXpaUAUvtQ2EATOWMOiCE-5cJDQACEmMBAgskqarU/?operator=OREX&adults=2&children=2020-08-12&nsv=1&objectId=1753&transport=accommodation_flight&departureDate=2026-07-21&returnDate=2026-07-29&departureLocation=Warszawa%2CWarszawa-Radom%2CWarszawa+-+Modlin%2CWarszawa+-+Radom&opt=delta&catering=all_inclusive","filter_turkey_vacation_jul18_2026","turcja","side","c","2026-07-21","2026-07-29","9","8","Warszawa,Warszawa-Radom,Warszawa - Modlin,Warszawa - Radom","2+1","turcja|side|2026-07-21|2026-07-29|8|Warszawa,Warszawa-Radom,Warszawa - Modlin,Warszawa - Radom|2+1"
"Emelda Sun Club (ex. Simena Sun Club)","11996.0","18.07.2026 - 25.07.2026","8 dni/7 nocy","4.4","4.4","1117","tripadvisor","Warszawa","2026-06-14T10:36:41.516941+00:00","https://fly.pl/kierunek/turcja/?filter[dest]=39:&filter[hotelids]=&filter[cityids]=&filter[cregids]=&filter[ofrType]=&filter[addObjType]=&filter[whenFrom]=18-07-2026&filter[whenTo]=13-08-2026&filter[duration]=7:11&filter[from]=Warszawa,Warszawa-Radom,Warszawa%20-%20Modlin,Warszawa%20-%20Radom&filter[person]=2&filter[child]=1&filter[price]=4610:20000&filter[PriceFrom]=4610&filter[PriceTo]=20000&filter[addCategory]=50&filter[addCatering]=1&filter[addMisc]=0&filter[addTransport]=F&filter[fp]=1&order_by=ofr_price&filter[tourOperator]=0&filter[childAge][1]=20200812","https://fly.pl/cdn/photo/assets/uploads/582/278/2014/10/EMELDA-SUN-CLUB-scaled.jpg","https://fly.pl/wycieczka/turcja,kemer,camyuva/simena-sun/pjFbjvJb4KmnY8DbIYJIO9AAogVHcOpCwAxTtswWuMEjdMHjm75xzNrdMBvkUGrR8D3XsqBEVDQ1gwyYi60QZI3F1QAVilBmACagNBSVVyIBwRqQmrBILDFrkEHRje2Ckbw6sNAdLsv94BAgBjAQIMjA7dng/?operator=ECCX&adults=2&children=2020-08-12&nsv=1&objectId=1102&transport=accommodation_flight&departureDate=2026-07-18&returnDate=2026-07-25&departureLocation=Warszawa%2CWarszawa-Radom%2CWarszawa+-+Modlin%2CWarszawa+-+Radom&opt=delta&catering=all_inclusive","filter_turkey_vacation_jul18_2026","turcja","kemer","camyuva","2026-07-18","2026-07-25","8","7","Warszawa,Warszawa-Radom,Warszawa - Modlin,Warszawa - Radom","2+1","turcja|kemer|2026-07-18|2026-07-25|7|Warszawa,Warszawa-Radom,Warszawa - Modlin,Warszawa - Radom|2+1"
"Ramada Resort Lara","12014.0","18.07.2026 - 25.07.2026","8 dni/7 nocy","4.5","4.5","1414","tripadvisor","Warszawa","2026-06-14T10:36:41.516941+00:00","https://fly.pl/kierunek/turcja/?filter[dest]=39:&filter[hotelids]=&filter[cityids]=&filter[cregids]=&filter[ofrType]=&filter[addObjType]=&filter[whenFrom]=18-07-2026&filter[whenTo]=13-08-2026&filter[duration]=7:11&filter[from]=Warszawa,Warszawa-Radom,Warszawa%20-%20Modlin,Warszawa%20-%20Radom&filter[person]=2&filter[child]=1&filter[price]=4610:20000&filter[PriceFrom]=4610&filter[PriceTo]=20000&filter[addCategory]=50&filter[addCatering]=1&filter[addMisc]=0&filter[addTransport]=F&filter[fp]=1&order_by=ofr_price&filter[tourOperator]=0&filter[childAge][1]=20200812","https://fly.pl/cdn/photo/assets/uploads/582/278/2014/09/ramada-lara.jpg","https://fly.pl/wycieczka/turcja,alanya,c/ramada-resort-lara/pGxhGdfFKeU037dZeAdHQOAAogwZhvSjThZljhIgxJC3iURQz77lvs6r-gYLlUM_yvRvwqBEJWQkUwyYi60QZI7l1QAVilBmACagNVQUlyIhwR7-wBG5q5QRjlqharBLTxH7kEkgIB0Pr86gMCAGMBAwsxqJWi/?operator=BVBE&adults=2&children=2020-08-12&nsv=1&objectId=119313&transport=accommodation_flight&departureDate=2026-07-18&returnDate=2026-07-25&departureLocation=Warszawa%2CWarszawa-Radom%2CWarszawa+-+Modlin%2CWarszawa+-+Radom&opt=delta&catering=all_inclusive","filter_turkey_vacation_jul18_2026","turcja","alanya","c","2026-07-18","2026-07-25","8","7","Warszawa,Warszawa-Radom,Warszawa - Modlin,Warszawa - Radom","2+1","turcja|alanya|2026-07-18|2026-07-25|7|Warszawa,Warszawa-Radom,Warszawa - Modlin,Warszawa - Radom|2+1"
"Utopia World","12029.0","19.07.2026 - 26.07.2026","8 dni/7 nocy","4.4","4.4","1719","tripadvisor","Warszawa","2026-06-14T10:36:41.516941+00:00","https://fly.pl/kierunek/turcja/?filter[dest]=39:&filter[hotelids]=&filter[cityids]=&filter[cregids]=&filter[ofrType]=&filter[addObjType]=&filter[whenFrom]=18-07-2026&filter[whenTo]=13-08-2026&filter[duration]=7:11&filter[from]=Warszawa,Warszawa-Radom,Warszawa%20-%20Modlin,Warszawa%20-%20Radom&filter[person]=2&filter[child]=1&filter[price]=4610:20000&filter[PriceFrom]=4610&filter[PriceTo]=20000&filter[addCategory]=50&filter[addCatering]=1&filter[addMisc]=0&filter[addTransport]=F&filter[fp]=1&order_by=ofr_price&filter[tourOperator]=0&filter[childAge][1]=20200812","https://fly.pl/cdn/photo/assets/uploads/582/278/2014/11/UTOPIA-WORLD-DE-LUXE-HOTEL.jpg","https://fly.pl/wycieczka/turcja,alanya,kargicak/utopia-world/pqvK8J22ZaheC_aHsW9s-ZAAognQQ_vD13RiciBGgzYzI-iQAAAACOdAQAdXQEAAcAAAAqBFdFWlkwyYi60QZI_V1QQVi9BmADahJGcmVlIEJpcmQgQWlybGluZXNqBDA3MDBqBDA5MTByQp4BlQGYAR8AHAECABYAFwYS7QMRgAETsgkUlQNMyl1PAECcEkvnxQFQACDtoQ8dGRvH718NmvbiCAESYwEMYwEDC3IHurA/?operator=WEZY&adults=2&children=2020-08-12&nsv=1&objectId=2851&transport=accommodation_flight&departureDate=2026-07-19&returnDate=2026-07-26&departureLocation=Warszawa%2CWarszawa-Radom%2CWarszawa+-+Modlin%2CWarszawa+-+Radom&opt=delta&catering=all_inclusive","filter_turkey_vacation_jul18_2026","turcja","alanya","kargicak","2026-07-19","2026-07-26","8","7","Warszawa,Warszawa-Radom,Warszawa - Modlin,Warszawa - Radom","2+1","turcja|alanya|2026-07-19|2026-07-26|7|Warszawa,Warszawa-Radom,Warszawa - Modlin,Warszawa - Radom|2+1"
"Queens Park Le Jardin Resort","12046.0","19.07.2026 - 26.07.2026","8 dni/7 nocy","4.4","4.4","1549","tripadvisor","Warszawa","2026-06-14T10:36:41.516941+00:00","https://fly.pl/kierunek/turcja/?filter[dest]=39:&filter[hotelids]=&filter[cityids]=&filter[cregids]=&filter[ofrType]=&filter[addObjType]=&filter[whenFrom]=18-07-2026&filter[whenTo]=13-08-2026&filter[duration]=7:11&filter[from]=Warszawa,Warszawa-Radom,Warszawa%20-%20Modlin,Warszawa%20-%20Radom&filter[person]=2&filter[child]=1&filter[price]=4610:20000&filter[PriceFrom]=4610&filter[PriceTo]=20000&filter[addCategory]=50&filter[addCatering]=1&filter[addMisc]=0&filter[addTransport]=F&filter[fp]=1&order_by=ofr_price&filter[tourOperator]=0&filter[childAge][1]=20200812","https://fly.pl/cdn/photo/assets/uploads/582/278/2017/12/QUEENS-PARK-LE-JARDIN-RESORT-1.jpg","https://fly.pl/wycieczka/turcja,kemer,kiris/queens-park-le-jardin-resort/p6AZ88ZtNVN1kVMdRolY0IAAog8PafvaLcnTHbnhFybFaE0AAAAACOdAQAdXQEAAcAAAAqBFdFWlkwyYi60QZIjl5QQVi9BmADahJGcmVlIEJpcmQgQWlybGluZXNqBDA3MDBqBDA5MTByQZ4BlQGYAR8AAgEWABwAFwYS7QMTsgoUlQMRvUpMjRNPAECcEkvnxQFQABu4VCC1zQ4dGQ3h5cIJARJjAQxjAQILj94OBg/?operator=WEZY&adults=2&children=2020-08-12&nsv=1&objectId=145743&transport=accommodation_flight&departureDate=2026-07-19&returnDate=2026-07-26&departureLocation=Warszawa%2CWarszawa-Radom%2CWarszawa+-+Modlin%2CWarszawa+-+Radom&opt=delta&catering=all_inclusive","filter_turkey_vacation_jul18_2026","turcja","kemer","kiris","2026-07-19","2026-07-26","8","7","Warszawa,Warszawa-Radom,Warszawa - Modlin,Warszawa - Radom","2+1","turcja|kemer|2026-07-19|2026-07-26|7|Warszawa,Warszawa-Radom,Warszawa - Modlin,Warszawa - Radom|2+1"
"Diamond Excellence Resort & Spa","12118.0","19.07.2026 - 26.07.2026","8 dni/7 nocy","4.6","4.6","3699","tripadvisor","Warszawa","2026-06-14T10:36:41.516941+00:00","https://fly.pl/kierunek/turcja/?filter[dest]=39:&filter[hotelids]=&filter[cityids]=&filter[cregids]=&filter[ofrType]=&filter[addObjType]=&filter[whenFrom]=18-07-2026&filter[whenTo]=13-08-2026&filter[duration]=7:11&filter[from]=Warszawa,Warszawa-Radom,Warszawa%20-%20Modlin,Warszawa%20-%20Radom&filter[person]=2&filter[child]=1&filter[price]=4610:20000&filter[PriceFrom]=4610&filter[PriceTo]=20000&filter[addCategory]=50&filter[addCatering]=1&filter[addMisc]=0&filter[addTransport]=F&filter[fp]=1&order_by=ofr_price&filter[tourOperator]=0&filter[childAge][1]=20200812","https://fly.pl/cdn/photo/assets/uploads/582/278/2015/04/Crystal-Palace-Luxury-Resort-SPA-fly-pl.jpg","https://fly.pl/wycieczka/turcja,side,c/crystal-palace-resort-spa/pWkNj8EmlM2JVyfzZHXpspAAogG0yJZmF6xRJZn5InCohPaQAAAACOdAQAdXQEAAcAAAAqBFdFWlkwyYi60QZI1l5QQVi9BmADahJGcmVlIEJpcmQgQWlybGluZXNqBDA3MDBqBDA5MTByQp4BlQGYAR8AAgEWABwAFwYS7QMTsgoUlQNPyl1MAECcEkvnxQFQABv3MBHa1QEgnJsNHRkN4eXCCQESYwELYwECClavJis/?operator=WEZY&adults=2&children=2020-08-12&nsv=1&objectId=26146&transport=accommodation_flight&departureDate=2026-07-19&returnDate=2026-07-26&departureLocation=Warszawa%2CWarszawa-Radom%2CWarszawa+-+Modlin%2CWarszawa+-+Radom&opt=delta&catering=all_inclusive","filter_turkey_vacation_jul18_2026","turcja","side","c","2026-07-19","2026-07-26","8","7","Warszawa,Warszawa-Radom,Warszawa - Modlin,Warszawa - Radom","2+1","turcja|side|2026-07-19|2026-07-26|7|Warszawa,Warszawa-Radom,Warszawa - Modlin,Warszawa - Radom|2+1"
"Dream World Hill","12138.0","19.07.2026 - 26.07.2026","8 dni/7 nocy","4.3","4.3","272","tripadvisor","Warszawa","2026-06-14T10:36:41.516941+00:00","https://fly.pl/kierunek/turcja/?filter[dest]=39:&filter[hotelids]=&filter[cityids]=&filter[cregids]=&filter[ofrType]=&filter[addObjType]=&filter[whenFrom]=18-07-2026&filter[whenTo]=13-08-2026&filter[duration]=7:11&filter[from]=Warszawa,Warszawa-Radom,Warszawa%20-%20Modlin,Warszawa%20-%20Radom&filter[person]=2&filter[child]=1&filter[price]=4610:20000&filter[PriceFrom]=4610&filter[PriceTo]=20000&filter[addCategory]=50&filter[addCatering]=1&filter[addMisc]=0&filter[addTransport]=F&filter[fp]=1&order_by=ofr_price&filter[tourOperator]=0&filter[childAge][1]=20200812","https://fly.pl/cdn/photo/assets/uploads/582/278/2015/12/Dream-World-Hill.jpg","https://fly.pl/wycieczka/turcja,side,c/dream-world-hill/pJH9o1vmzqTEdc82MjK4uuAAogZCLPoORvSXHOhop4LpUiWQAAAADFdAQA4XQEAAcAAAAqBFdFWlkwyYi60QZI6l5QQVi9BmADaglFbnRlciBBaXJyQp4BHwAcAQIAFgQXAhLtAxXBBRjXARMeFMIDT5lgTABAnBIRoQZQxr8BSwAb3HMd4a4OIBwNjuXCCQESYwEMYwECCzITxho/?operator=WEZY&adults=2&children=2020-08-12&nsv=1&objectId=176638&transport=accommodation_flight&departureDate=2026-07-19&returnDate=2026-07-26&departureLocation=Warszawa%2CWarszawa-Radom%2CWarszawa+-+Modlin%2CWarszawa+-+Radom&opt=delta&catering=all_inclusive","filter_turkey_vacation_jul18_2026","turcja","side","c","2026-07-19","2026-07-26","8","7","Warszawa,Warszawa-Radom,Warszawa - Modlin,Warszawa - Radom","2+1","turcja|side|2026-07-19|2026-07-26|7|Warszawa,Warszawa-Radom,Warszawa - Modlin,Warszawa - Radom|2+1"
"Orange Palace","12151.0","19.07.2026 - 26.07.2026","8 dni/7 nocy","4.2","4.2","163","tripadvisor","Warszawa","2026-06-14T10:36:41.516941+00:00","https://fly.pl/kierunek/turcja/?filter[dest]=39:&filter[hotelids]=&filter[cityids]=&filter[cregids]=&filter[ofrType]=&filter[addObjType]=&filter[whenFrom]=18-07-2026&filter[whenTo]=13-08-2026&filter[duration]=7:11&filter[from]=Warszawa,Warszawa-Radom,Warszawa%20-%20Modlin,Warszawa%20-%20Radom&filter[person]=2&filter[child]=1&filter[price]=4610:20000&filter[PriceFrom]=4610&filter[PriceTo]=20000&filter[addCategory]=50&filter[addCatering]=1&filter[addMisc]=0&filter[addTransport]=F&filter[fp]=1&order_by=ofr_price&filter[tourOperator]=0&filter[childAge][1]=20200812","https://fly.pl/cdn/photo/assets/uploads/582/278/2015/04/Orange-Palace.jpg","https://fly.pl/wycieczka/turcja,side,c/orange-palace/pk7wBRqkB11P9kivdDMwGHAAog2JncZVmHAji1GDjJxTfhUAAAAADFdAQA4XQEAAcAAAAqBFdFWlkwyYi60QZI915QQVi9BmADaglFbnRlciBBaXJyQZ4BHwAcAQIAFgQXAhLtAxXBBRjXARMeFMIDT5lgTABAnBIR83hQ9ExLABvwcB3NsQ4gHA2O5cIJARJjAQxjAQMLDHSZ5w/?operator=WEZY&adults=2&children=2020-08-12&nsv=1&objectId=141029&transport=accommodation_flight&departureDate=2026-07-19&returnDate=2026-07-26&departureLocation=Warszawa%2CWarszawa-Radom%2CWarszawa+-+Modlin%2CWarszawa+-+Radom&opt=delta&catering=all_inclusive","filter_turkey_vacation_jul18_2026","turcja","side","c","2026-07-19","2026-07-26","8","7","Warszawa,Warszawa-Radom,Warszawa - Modlin,Warszawa - Radom","2+1","turcja|side|2026-07-19|2026-07-26|7|Warszawa,Warszawa-Radom,Warszawa - Modlin,Warszawa - Radom|2+1"
"Adalya Art Side (Ex. Grand Art Side)","12162.0","22.07.2026 - 29.07.2026","8 dni/7 nocy","4.3","4.3","459","tripadvisor","Warszawa","2026-06-14T10:36:41.516941+00:00","https://fly.pl/kierunek/turcja/?filter[dest]=39:&filter[hotelids]=&filter[cityids]=&filter[cregids]=&filter[ofrType]=&filter[addObjType]=&filter[whenFrom]=18-07-2026&filter[whenTo]=13-08-2026&filter[duration]=7:11&filter[from]=Warszawa,Warszawa-Radom,Warszawa%20-%20Modlin,Warszawa%20-%20Radom&filter[person]=2&filter[child]=1&filter[price]=4610:20000&filter[PriceFrom]=4610&filter[PriceTo]=20000&filter[addCategory]=50&filter[addCatering]=1&filter[addMisc]=0&filter[addTransport]=F&filter[fp]=1&order_by=ofr_price&filter[tourOperator]=0&filter[childAge][1]=20200812","https://fly.pl/cdn/photo/assets/uploads/582/278/2016/06/Adalya-Art-Side.jpg","https://fly.pl/wycieczka/turcja,side,colakli/grand-art-side/p529snnqQglRA8LDyJERD9AAog8oWkPBpxIXB8GpNC0fA_Tv_2dYpkKqu6LbfqewOdjQIqBEJWQkUwyYi60QZIgl9QAViFB2ACagNVQUlyIhwRrZwBG-b5PRjInBK5BPuOKKsElAEBntXu-AICAGMBAwvInREu/?operator=BVBE&adults=2&children=2020-08-12&nsv=1&objectId=1072&transport=accommodation_flight&departureDate=2026-07-22&returnDate=2026-07-29&departureLocation=Warszawa%2CWarszawa-Radom%2CWarszawa+-+Modlin%2CWarszawa+-+Radom&opt=delta&catering=all_inclusive","filter_turkey_vacation_jul18_2026","turcja","side","colakli","2026-07-22","2026-07-29","8","7","Warszawa,Warszawa-Radom,Warszawa - Modlin,Warszawa - Radom","2+1","turcja|side|2026-07-22|2026-07-29|7|Warszawa,Warszawa-Radom,Warszawa - Modlin,Warszawa - Radom|2+1"
"Marvida Family Eco","12164.0","19.07.2026 - 26.07.2026","8 dni/7 nocy","4.6","4.6","4066","tripadvisor","Warszawa","2026-06-14T10:36:41.516941+00:00","https://fly.pl/kierunek/turcja/?filter[dest]=39:&filter[hotelids]=&filter[cityids]=&filter[cregids]=&filter[ofrType]=&filter[addObjType]=&filter[whenFrom]=18-07-2026&filter[whenTo]=13-08-2026&filter[duration]=7:11&filter[from]=Warszawa,Warszawa-Radom,Warszawa%20-%20Modlin,Warszawa%20-%20Radom&filter[person]=2&filter[child]=1&filter[price]=4610:20000&filter[PriceFrom]=4610&filter[PriceTo]=20000&filter[addCategory]=50&filter[addCatering]=1&filter[addMisc]=0&filter[addTransport]=F&filter[fp]=1&order_by=ofr_price&filter[tourOperator]=0&filter[childAge][1]=20200812","https://fly.pl/cdn/photo/assets/uploads/582/278/2014/10/Marvida-Family-Eco.jpg","https://fly.pl/wycieczka/turcja,side,titreyengol/otium-club-side/p1h06z0vNlrMqwXiBjoJNmAAogOJKpJKCGFyiBOaMYBlS4yAAAAACOdAQAdXQEAAcAAAAqBFdFWlkwyYi60QZIhF9QQVi9BmADahJGcmVlIEJpcmQgQWlybGluZXNqBDA3MDBqBDA5MTByQZ4BlQGYAR8AHAECABYAFwYRvgMSLxOyChSVA0zKXU8AQJwSS-fFAVAAG_-dAiDugw0dGQ3h5cIJARJjAQxjAQILKy6Alg/?operator=WEZY&adults=2&children=2020-08-12&nsv=1&objectId=3955&transport=accommodation_flight&departureDate=2026-07-19&returnDate=2026-07-26&departureLocation=Warszawa%2CWarszawa-Radom%2CWarszawa+-+Modlin%2CWarszawa+-+Radom&opt=delta&catering=all_inclusive","filter_turkey_vacation_jul18_2026","turcja","side","titreyengol","2026-07-19","2026-07-26","8","7","Warszawa,Warszawa-Radom,Warszawa - Modlin,Warszawa - Radom","2+1","turcja|side|2026-07-19|2026-07-26|7|Warszawa,Warszawa-Radom,Warszawa - Modlin,Warszawa - Radom|2+1"
"Numa Bay Exclusive (ex Sentido Numa Bay)","12164.0","19.07.2026 - 26.07.2026","8 dni/7 nocy","4.6","4.6","3229","tripadvisor","Warszawa","2026-06-14T10:36:41.516941+00:00","https://fly.pl/kierunek/turcja/?filter[dest]=39:&filter[hotelids]=&filter[cityids]=&filter[cregids]=&filter[ofrType]=&filter[addObjType]=&filter[whenFrom]=18-07-2026&filter[whenTo]=13-08-2026&filter[duration]=7:11&filter[from]=Warszawa,Warszawa-Radom,Warszawa%20-%20Modlin,Warszawa%20-%20Radom&filter[person]=2&filter[child]=1&filter[price]=4610:20000&filter[PriceFrom]=4610&filter[PriceTo]=20000&filter[addCategory]=50&filter[addCatering]=1&filter[addMisc]=0&filter[addTransport]=F&filter[fp]=1&order_by=ofr_price&filter[tourOperator]=0&filter[childAge][1]=20200812","https://fly.pl/cdn/photo/assets/uploads/582/278/2016/11/NUMA-BAY-EXCLUSIVE-HOTEL.jpg","https://fly.pl/wycieczka/turcja,alanya,avsallar/sentido-numa-bay/pLN0_HXLZS7el8jt5SUygBAAog2OpS9sQ3B5sxD3kdxTmHAAAAAACOdAQAdXQEAAcAEgAqBFdFWlkwyYi60QZIhF9QQVi9BmADahJGcmVlIEJpcmQgQWlybGluZXNqBDA3MDBqBDA5MTByQZ4BlQGYAR8AAgEWABwAFwYS7QMTsgoUlQNMyl1PAECcEhGFH0vipgFQABvEdCCprQ4dGQ3h5cIJARJjAQ1jAQIK1TruQw/?operator=WEZY&adults=2&children=2020-08-12&nsv=1&objectId=185862&transport=accommodation_flight&departureDate=2026-07-19&returnDate=2026-07-26&departureLocation=Warszawa%2CWarszawa-Radom%2CWarszawa+-+Modlin%2CWarszawa+-+Radom&opt=delta&catering=all_inclusive","filter_turkey_vacation_jul18_2026","turcja","alanya","avsallar","2026-07-19","2026-07-26","8","7","Warszawa,Warszawa-Radom,Warszawa - Modlin,Warszawa - Radom","2+1","turcja|alanya|2026-07-19|2026-07-26|7|Warszawa,Warszawa-Radom,Warszawa - Modlin,Warszawa - Radom|2+1"
"Quattro Beach Spa","12225.0","19.07.2026 - 26.07.2026","8 dni/7 nocy","4.8","4.8","3814","tripadvisor","Warszawa","2026-06-14T10:36:41.516941+00:00","https://fly.pl/kierunek/turcja/?filter[dest]=39:&filter[hotelids]=&filter[cityids]=&filter[cregids]=&filter[ofrType]=&filter[addObjType]=&filter[whenFrom]=18-07-2026&filter[whenTo]=13-08-2026&filter[duration]=7:11&filter[from]=Warszawa,Warszawa-Radom,Warszawa%20-%20Modlin,Warszawa%20-%20Radom&filter[person]=2&filter[child]=1&filter[price]=4610:20000&filter[PriceFrom]=4610&filter[PriceTo]=20000&filter[addCategory]=50&filter[addCatering]=1&filter[addMisc]=0&filter[addTransport]=F&filter[fp]=1&order_by=ofr_price&filter[tourOperator]=0&filter[childAge][1]=20200812","https://fly.pl/cdn/photo/assets/uploads/582/278/2015/03/Quattro-Beach-Spa.jpg","https://fly.pl/wycieczka/turcja,alanya,c/quattro-beach-spa/prT2Pemrsm3EQG7Pmo3sfYAAogsKTJvNAZffknt440830UjgAAAACOdAQAdXQEAAcAEgAqBFdFWlkwyYi60QZIwV9QQVi9BmADahJGcmVlIEJpcmQgQWlybGluZXNqBDA3MDBqBDA5MTByQZ4BlQGYAR8AAgEWABwAFwYS7QMTsgoUlQMR6zxM3yBPAECcEkvnxQFQABv4MCD18A4dGQ3h5cIJARJjAQxjAQML1aESyg/?operator=WEZY&adults=2&children=2020-08-12&nsv=1&objectId=140092&transport=accommodation_flight&departureDate=2026-07-19&returnDate=2026-07-26&departureLocation=Warszawa%2CWarszawa-Radom%2CWarszawa+-+Modlin%2CWarszawa+-+Radom&opt=delta&catering=all_inclusive","filter_turkey_vacation_jul18_2026","turcja","alanya","c","2026-07-19","2026-07-26","8","7","Warszawa,Warszawa-Radom,Warszawa - Modlin,Warszawa - Radom","2+1","turcja|alanya|2026-07-19|2026-07-26|7|Warszawa,Warszawa-Radom,Warszawa - Modlin,Warszawa - Radom|2+1"
"Sensitive Premium Resort & Spa","12237.0","23.07.2026 - 30.07.2026","8 dni/7 nocy","3.8","3.8","1310","tripadvisor","Warszawa","2026-06-14T10:36:41.516941+00:00","https://fly.pl/kierunek/turcja/?filter[dest]=39:&filter[hotelids]=&filter[cityids]=&filter[cregids]=&filter[ofrType]=&filter[addObjType]=&filter[whenFrom]=18-07-2026&filter[whenTo]=13-08-2026&filter[duration]=7:11&filter[from]=Warszawa,Warszawa-Radom,Warszawa%20-%20Modlin,Warszawa%20-%20Radom&filter[person]=2&filter[child]=1&filter[price]=4610:20000&filter[PriceFrom]=4610&filter[PriceTo]=20000&filter[addCategory]=50&filter[addCatering]=1&filter[addMisc]=0&filter[addTransport]=F&filter[fp]=1&order_by=ofr_price&filter[tourOperator]=0&filter[childAge][1]=20200812","https://fly.pl/cdn/photo/assets/uploads/582/278/2016/04/Sensitive-Premium-Resort-Spa-fly-pl-2.jpg","https://fly.pl/wycieczka/turcja,belek,bogazkent/sensitive-premium-resort-spa/p5YRH8YHEWLLBJqygFRbfeAAog51EZj3hYHcH8cvnnl3kF9FcbW0kfwNyF5b7TGk4Wi78qBFZJVFgwyYi60QZIzV9QQVidB2ACcj8aABUHFwBcA1gFQI8DU-drUgBb2BdevnxLgRJhAEy0nh0No5u1CSAAT_72l-5YUcf2Al39mNCLhQECDGMBAgvywDBt/?operator=VITX&adults=2&children=2020-08-12&nsv=1&objectId=179779&transport=accommodation_flight&departureDate=2026-07-23&returnDate=2026-07-30&departureLocation=Warszawa%2CWarszawa-Radom%2CWarszawa+-+Modlin%2CWarszawa+-+Radom&opt=delta&catering=all_inclusive","filter_turkey_vacation_jul18_2026","turcja","belek","bogazkent","2026-07-23","2026-07-30","8","7","Warszawa,Warszawa-Radom,Warszawa - Modlin,Warszawa - Radom","2+1","turcja|belek|2026-07-23|2026-07-30|7|Warszawa,Warszawa-Radom,Warszawa - Modlin,Warszawa - Radom|2+1"
"Side Sunport (ex. Side Sungate)","12281.0","22.07.2026 - 29.07.2026","8 dni/7 nocy","4.0","4.0","204","tripadvisor","Warszawa","2026-06-14T10:36:41.516941+00:00","https://fly.pl/kierunek/turcja/?filter[dest]=39:&filter[hotelids]=&filter[cityids]=&filter[cregids]=&filter[ofrType]=&filter[addObjType]=&filter[whenFrom]=18-07-2026&filter[whenTo]=13-08-2026&filter[duration]=7:11&filter[from]=Warszawa,Warszawa-Radom,Warszawa%20-%20Modlin,Warszawa%20-%20Radom&filter[person]=2&filter[child]=1&filter[price]=4610:20000&filter[PriceFrom]=4610&filter[PriceTo]=20000&filter[addCategory]=50&filter[addCatering]=1&filter[addMisc]=0&filter[addTransport]=F&filter[fp]=1&order_by=ofr_price&filter[tourOperator]=0&filter[childAge][1]=20200812","https://fly.pl/cdn/photo/assets/uploads/582/278/2015/04/Side-Sungate-fly-pl.jpg","https://fly.pl/wycieczka/turcja,side,manavgat/side-sungate/pSA2CB0if8lDJklxTerlu6AAogNhhbveep1L73-CzWeFCkHf_2dYpkKqu6LbfqewOdjQIqBEJWQkUwyYi60QZI-V9QAViFB2ACagJBSXIiHBG9lgEb4KU7GM_dEbkE6qcrqwSUAQHzrt3JAgIAYwECBn4zeuk/?operator=BVBE&adults=2&children=2020-08-12&nsv=1&objectId=172335&transport=accommodation_flight&departureDate=2026-07-22&returnDate=2026-07-29&departureLocation=Warszawa%2CWarszawa-Radom%2CWarszawa+-+Modlin%2CWarszawa+-+Radom&opt=delta&catering=all_inclusive","filter_turkey_vacation_jul18_2026","turcja","side","manavgat","2026-07-22","2026-07-29","8","7","Warszawa,Warszawa-Radom,Warszawa - Modlin,Warszawa - Radom","2+1","turcja|side|2026-07-22|2026-07-29|7|Warszawa,Warszawa-Radom,Warszawa - Modlin,Warszawa - Radom|2+1"
"Blue Marlin Deluxe Spa & Resort","12298.0","18.07.2026 - 25.07.2026","8 dni/7 nocy","4.6","4.6","383","tripadvisor","Warszawa","2026-06-14T10:36:41.516941+00:00","https://fly.pl/kierunek/turcja/?filter[dest]=39:&filter[hotelids]=&filter[cityids]=&filter[cregids]=&filter[ofrType]=&filter[addObjType]=&filter[whenFrom]=18-07-2026&filter[whenTo]=13-08-2026&filter[duration]=7:11&filter[from]=Warszawa,Warszawa-Radom,Warszawa%20-%20Modlin,Warszawa%20-%20Radom&filter[person]=2&filter[child]=1&filter[price]=4610:20000&filter[PriceFrom]=4610&filter[PriceTo]=20000&filter[addCategory]=50&filter[addCatering]=1&filter[addMisc]=0&filter[addTransport]=F&filter[fp]=1&order_by=ofr_price&filter[tourOperator]=0&filter[childAge][1]=20200812","https://fly.pl/cdn/photo/assets/uploads/582/278/2021/01/Blue-Marlin-Deluxe-Spa-Resort-fly-pl.jpg","https://fly.pl/wycieczka/turcja,alanya,c/blue-marlin-deluxe-spa-resort-9/plqi-dBkW17Lc4CgCZPhMEAAogeMpWfcdDBR67Gtw4MyPzjjm75xzNrdMBvkUGrR8D3XsqBEVDQ1gwyYi60QZIimBQAVilBmACagNBSVVyIBwRqSyrBIKgFrkEHRjXiisbtr5BAf2yqugBAgBjAQIFuu16AQ/?operator=ECCX&adults=2&children=2020-08-12&nsv=1&objectId=210031&transport=accommodation_flight&departureDate=2026-07-18&returnDate=2026-07-25&departureLocation=Warszawa%2CWarszawa-Radom%2CWarszawa+-+Modlin%2CWarszawa+-+Radom&opt=delta&catering=all_inclusive","filter_turkey_vacation_jul18_2026","turcja","alanya","c","2026-07-18","2026-07-25","8","7","Warszawa,Warszawa-Radom,Warszawa - Modlin,Warszawa - Radom","2+1","turcja|alanya|2026-07-18|2026-07-25|7|Warszawa,Warszawa-Radom,Warszawa - Modlin,Warszawa - Radom|2+1"
"Sentido Serra Family Resort","12317.0","23.07.2026 - 30.07.2026","8 dni/7 nocy","","","","","Warszawa","2026-06-14T10:36:41.516941+00:00","https://fly.pl/kierunek/turcja/?filter[dest]=39:&filter[hotelids]=&filter[cityids]=&filter[cregids]=&filter[ofrType]=&filter[addObjType]=&filter[whenFrom]=18-07-2026&filter[whenTo]=13-08-2026&filter[duration]=7:11&filter[from]=Warszawa,Warszawa-Radom,Warszawa%20-%20Modlin,Warszawa%20-%20Radom&filter[person]=2&filter[child]=1&filter[price]=4610:20000&filter[PriceFrom]=4610&filter[PriceTo]=20000&filter[addCategory]=50&filter[addCatering]=1&filter[addMisc]=0&filter[addTransport]=F&filter[fp]=1&order_by=ofr_price&filter[tourOperator]=0&filter[childAge][1]=20200812","https://datacfstatic.merlinx.pl/ITAK/IMG/AYTSERF/484645d8c31036fa044487b3cc4071e659a79fe1076c4f7eae45fc47795e8124.webp","https://fly.pl/wycieczka/turcja,side,c/serra-family-resort-15/pniHrzQpL6mwW-5unzuNHkAAoga6HWoiIbwy-mHf_6-23ve1cbW0kfwNyF5b7TGk4Wi78qBFZJVFgwzIi60QZInWBQQVidB2ACcj8aABUHFwBcA1gFQI8DU-drUgBbsBle5npLgRJhAEyOqy4NyY6kCSAAT_72l-5YUcr3Al36l9CLhQECD2MBAg5lnSjE/?operator=VITX&adults=2&children=2020-08-12&nsv=1&objectId=234667&transport=accommodation_flight&departureDate=2026-07-23&returnDate=2026-07-30&departureLocation=Warszawa%2CWarszawa-Radom%2CWarszawa+-+Modlin%2CWarszawa+-+Radom&opt=delta&catering=all_inclusive","filter_turkey_vacation_jul18_2026","turcja","side","c","2026-07-23","2026-07-30","8","7","Warszawa,Warszawa-Radom,Warszawa - Modlin,Warszawa - Radom","2+1","turcja|side|2026-07-23|2026-07-30|7|Warszawa,Warszawa-Radom,Warszawa - Modlin,Warszawa - Radom|2+1"
"Barut Goia (ex. Barut Sunwing Side Beach)","12330.0","22.07.2026 - 29.07.2026","8 dni/7 nocy","4.7","4.7","2029","tripadvisor","Warszawa","2026-06-14T10:36:41.516941+00:00","https://fly.pl/kierunek/turcja/?filter[dest]=39:&filter[hotelids]=&filter[cityids]=&filter[cregids]=&filter[ofrType]=&filter[addObjType]=&filter[whenFrom]=18-07-2026&filter[whenTo]=13-08-2026&filter[duration]=7:11&filter[from]=Warszawa,Warszawa-Radom,Warszawa%20-%20Modlin,Warszawa%20-%20Radom&filter[person]=2&filter[child]=1&filter[price]=4610:20000&filter[PriceFrom]=4610&filter[PriceTo]=20000&filter[addCategory]=50&filter[addCatering]=1&filter[addMisc]=0&filter[addTransport]=F&filter[fp]=1&order_by=ofr_price&filter[tourOperator]=0&filter[childAge][1]=20200812","https://fly.pl/cdn/photo/assets/uploads/582/278/2021/11/Barut-Goia.jpg","https://fly.pl/wycieczka/turcja,side,c/barut-sunwing-side-beach-13/p9P9w5yEDkkzHl_rNnc5sgAAog6tDkAyfZv4eDiSD4ctYP0ALuLr51ZXfiuqRu7D0QClcqBEVYSU0wzIi60QZIqmBQAViFB2ACagNVQUlyIRwRgf0FqwTfj0G5BGUbgpgoGOuCNgH5pPzxCAISYwECC9EB6lQ/?operator=EXIM&adults=2&children=2020-08-12&nsv=1&objectId=216378&transport=accommodation_flight&departureDate=2026-07-22&returnDate=2026-07-29&departureLocation=Warszawa%2CWarszawa-Radom%2CWarszawa+-+Modlin%2CWarszawa+-+Radom&opt=delta&catering=all_inclusive","filter_turkey_vacation_jul18_2026","turcja","side","c","2026-07-22","2026-07-29","8","7","Warszawa,Warszawa-Radom,Warszawa - Modlin,Warszawa - Radom","2+1","turcja|side|2026-07-22|2026-07-29|7|Warszawa,Warszawa-Radom,Warszawa - Modlin,Warszawa - Radom|2+1"
"Kamelya Aishen Club (ex. Kamelya Aishen K Club)","12350.0","22.07.2026 - 29.07.2026","8 dni/7 nocy","4.3","4.3","2727","tripadvisor","Warszawa","2026-06-14T10:36:41.516941+00:00","https://fly.pl/kierunek/turcja/?filter[dest]=39:&filter[hotelids]=&filter[cityids]=&filter[cregids]=&filter[ofrType]=&filter[addObjType]=&filter[whenFrom]=18-07-2026&filter[whenTo]=13-08-2026&filter[duration]=7:11&filter[from]=Warszawa,Warszawa-Radom,Warszawa%20-%20Modlin,Warszawa%20-%20Radom&filter[person]=2&filter[child]=1&filter[price]=4610:20000&filter[PriceFrom]=4610&filter[PriceTo]=20000&filter[addCategory]=50&filter[addCatering]=1&filter[addMisc]=0&filter[addTransport]=F&filter[fp]=1&order_by=ofr_price&filter[tourOperator]=0&filter[childAge][1]=20200812","https://fly.pl/cdn/photo/assets/uploads/582/278/2015/04/Kamelya-Aishen-Club.jpg","https://fly.pl/wycieczka/turcja,side,colakli/kamelya-world-holiday-village/pU_JDl6CNwkYfyBC55EWsEAAogfvGGZxmpax0h7cpcPW5NyALuLr51ZXfiuqRu7D0QClcqBEVYSU0wzIi60QZIvmBQAViFB2ACagNVQUlyIRwRqfMFqwS3mUG5BGUbk_MnGNOpNgHm_tHzCAISYwECCyls4YY/?operator=EXIM&adults=2&children=2020-08-12&nsv=1&objectId=8011&transport=accommodation_flight&departureDate=2026-07-22&returnDate=2026-07-29&departureLocation=Warszawa%2CWarszawa-Radom%2CWarszawa+-+Modlin%2CWarszawa+-+Radom&opt=delta&catering=all_inclusive","filter_turkey_vacation_jul18_2026","turcja","side","colakli","2026-07-22","2026-07-29","8","7","Warszawa,Warszawa-Radom,Warszawa - Modlin,Warszawa - Radom","2+1","turcja|side|2026-07-22|2026-07-29|7|Warszawa,Warszawa-Radom,Warszawa - Modlin,Warszawa - Radom|2+1"
"Can Garden Resort (Side)","12378.0","19.07.2026 - 26.07.2026","8 dni/7 nocy","4.3","4.3","860","tripadvisor","Warszawa","2026-06-14T10:36:41.516941+00:00","https://fly.pl/kierunek/turcja/?filter[dest]=39:&filter[hotelids]=&filter[cityids]=&filter[cregids]=&filter[ofrType]=&filter[addObjType]=&filter[whenFrom]=18-07-2026&filter[whenTo]=13-08-2026&filter[duration]=7:11&filter[from]=Warszawa,Warszawa-Radom,Warszawa%20-%20Modlin,Warszawa%20-%20Radom&filter[person]=2&filter[child]=1&filter[price]=4610:20000&filter[PriceFrom]=4610&filter[PriceTo]=20000&filter[addCategory]=50&filter[addCatering]=1&filter[addMisc]=0&filter[addTransport]=F&filter[fp]=1&order_by=ofr_price&filter[tourOperator]=0&filter[childAge][1]=20200812","https://fly.pl/cdn/photo/assets/uploads/582/278/2017/01/Can-Garden-Resort-fly-pl-3.jpg","https://fly.pl/wycieczka/turcja,side,colakli/can-garden-resort/pp6Rg8EKAtnL6OR4er4DLkAAogjNRFfbwwGeR5CXrfRRXTzgAAAADFdAQA4XQEAAcAAAAqBFdFWlkwzIi60QZI2mBQQVi9BmADaglFbnRlciBBaXJyQp4BHwAcAQIAFgQXAhLtAxHdAhXkAhjXARMeFMIDT5lgTABAnBJQ58UBSwAboUcdnNsOIBwNjuXCCQESYwEPYwECDmdFfwg/?operator=WEZY&adults=2&children=2020-08-12&nsv=1&objectId=8866&transport=accommodation_flight&departureDate=2026-07-19&returnDate=2026-07-26&departureLocation=Warszawa%2CWarszawa-Radom%2CWarszawa+-+Modlin%2CWarszawa+-+Radom&opt=delta&catering=all_inclusive","filter_turkey_vacation_jul18_2026","turcja","side","colakli","2026-07-19","2026-07-26","8","7","Warszawa,Warszawa-Radom,Warszawa - Modlin,Warszawa - Radom","2+1","turcja|side|2026-07-19|2026-07-26|7|Warszawa,Warszawa-Radom,Warszawa - Modlin,Warszawa - Radom|2+1"
"Side Mare Resort","12385.0","19.07.2026 - 26.07.2026","8 dni/7 nocy","3.8","3.8","268","tripadvisor","Warszawa","2026-06-14T10:36:41.516941+00:00","https://fly.pl/kierunek/turcja/?filter[dest]=39:&filter[hotelids]=&filter[cityids]=&filter[cregids]=&filter[ofrType]=&filter[addObjType]=&filter[whenFrom]=18-07-2026&filter[whenTo]=13-08-2026&filter[duration]=7:11&filter[from]=Warszawa,Warszawa-Radom,Warszawa%20-%20Modlin,Warszawa%20-%20Radom&filter[person]=2&filter[child]=1&filter[price]=4610:20000&filter[PriceFrom]=4610&filter[PriceTo]=20000&filter[addCategory]=50&filter[addCatering]=1&filter[addMisc]=0&filter[addTransport]=F&filter[fp]=1&order_by=ofr_price&filter[tourOperator]=0&filter[childAge][1]=20200812","https://fly.pl/cdn/photo/assets/uploads/582/278/2014/09/Side-Mare-Resort-fly-pl.jpg","https://fly.pl/wycieczka/turcja,side,c/side-mare-resort/pQEt7QRvUCxNU8M3U_UlpzAAogqSg3lbKS0i5aSDZm2X06RQAAAADFdAQA4XQEAAcAAAAqBFdFWlkwzIi60QZI4WBQQVi9BmADaglFbnRlciBBaXJyQp4BHwAcAQIAFgQXAhLtAxXBBRjXARMeFMIDEdk-T8AhTABAnBJQ58UBSwAbrzkdjukOIBwNjuXCCQESYwEPYwECDrVFGO4/?operator=WEZY&adults=2&children=2020-08-12&nsv=1&objectId=1776&transport=accommodation_flight&departureDate=2026-07-19&returnDate=2026-07-26&departureLocation=Warszawa%2CWarszawa-Radom%2CWarszawa+-+Modlin%2CWarszawa+-+Radom&opt=delta&catering=all_inclusive","filter_turkey_vacation_jul18_2026","turcja","side","c","2026-07-19","2026-07-26","8","7","Warszawa,Warszawa-Radom,Warszawa - Modlin,Warszawa - Radom","2+1","turcja|side|2026-07-19|2026-07-26|7|Warszawa,Warszawa-Radom,Warszawa - Modlin,Warszawa - Radom|2+1"
"Crystal De Luxe Comfort Collection","12392.0","19.07.2026 - 26.07.2026","8 dni/7 nocy","4.6","4.6","3836","tripadvisor","Warszawa","2026-06-14T10:36:41.516941+00:00","https://fly.pl/kierunek/turcja/?filter[dest]=39:&filter[hotelids]=&filter[cityids]=&filter[cregids]=&filter[ofrType]=&filter[addObjType]=&filter[whenFrom]=18-07-2026&filter[whenTo]=13-08-2026&filter[duration]=7:11&filter[from]=Warszawa,Warszawa-Radom,Warszawa%20-%20Modlin,Warszawa%20-%20Radom&filter[person]=2&filter[child]=1&filter[price]=4610:20000&filter[PriceFrom]=4610&filter[PriceTo]=20000&filter[addCategory]=50&filter[addCatering]=1&filter[addMisc]=0&filter[addTransport]=F&filter[fp]=1&order_by=ofr_price&filter[tourOperator]=0&filter[childAge][1]=20200812","https://fly.pl/cdn/photo/assets/uploads/582/278/2015/04/Crystal-De-Luxe-fly-pl.jpg","https://fly.pl/wycieczka/turcja,kemer,c/crystal-de-luxe/pL0MAFCcdUw7DtBLvDA1dxAAogM3JUiDwmMsBIOcZS_1FSsAAAAACOdAQAdXQEAAcAAAAqBFdFWlkwzIi60QZI6GBQQVi9BmADahJGcmVlIEJpcmQgQWlybGluZXNqBDA3MDBqBDA5MTByQZ4BlQGYAR8AHAECABYAFwYRpQISyAETsgoUlQNMyl1PAECcEkvnxQFQABv3MCD28A4dGQ3h5cIJARJjAQxjAQILY27GCQ/?operator=WEZY&adults=2&children=2020-08-12&nsv=1&objectId=2001&transport=accommodation_flight&departureDate=2026-07-19&returnDate=2026-07-26&departureLocation=Warszawa%2CWarszawa-Radom%2CWarszawa+-+Modlin%2CWarszawa+-+Radom&opt=delta&catering=all_inclusive","filter_turkey_vacation_jul18_2026","turcja","kemer","c","2026-07-19","2026-07-26","8","7","Warszawa,Warszawa-Radom,Warszawa - Modlin,Warszawa - Radom","2+1","turcja|kemer|2026-07-19|2026-07-26|7|Warszawa,Warszawa-Radom,Warszawa - Modlin,Warszawa - Radom|2+1"
"Ali Bey Park Manavgat","12435.0","19.07.2026 - 26.07.2026","8 dni/7 nocy","4.3","4.3","915","tripadvisor","Warszawa","2026-06-14T10:36:41.516941+00:00","https://fly.pl/kierunek/turcja/?filter[dest]=39:&filter[hotelids]=&filter[cityids]=&filter[cregids]=&filter[ofrType]=&filter[addObjType]=&filter[whenFrom]=18-07-2026&filter[whenTo]=13-08-2026&filter[duration]=7:11&filter[from]=Warszawa,Warszawa-Radom,Warszawa%20-%20Modlin,Warszawa%20-%20Radom&filter[person]=2&filter[child]=1&filter[price]=4610:20000&filter[PriceFrom]=4610&filter[PriceTo]=20000&filter[addCategory]=50&filter[addCatering]=1&filter[addMisc]=0&filter[addTransport]=F&filter[fp]=1&order_by=ofr_price&filter[tourOperator]=0&filter[childAge][1]=20200812","https://fly.pl/cdn/photo/assets/uploads/582/278/2016/03/Ali-Bey-Park-Manavgat.jpg","https://fly.pl/wycieczka/turcja,side,manavgat/ali-bey-club-park-manavgat/phN3FvgA5tcQw6U6Dgxws0AAogtn53oomG73WeZr3xJ2qlnAAAAACOdAQAdXQEAAcAAQAqBFdFWlkwzIi60QZIk2FQQVi9BmADahJGcmVlIEJpcmQgQWlybGluZXNqBDA3MDBqBDA5MTByQZ4BlQGYAR8AHAECABYAFwYS7QMRvwIT8wcUlQNMyl1PAECcEkvnxQFQABucMSDR8A4dGQ3h5cIJARJjAQ1jAQMMCHSDtQ/?operator=WEZY&adults=2&children=2020-08-12&nsv=1&objectId=162155&transport=accommodation_flight&departureDate=2026-07-19&returnDate=2026-07-26&departureLocation=Warszawa%2CWarszawa-Radom%2CWarszawa+-+Modlin%2CWarszawa+-+Radom&opt=delta&catering=all_inclusive","filter_turkey_vacation_jul18_2026","turcja","side","manavgat","2026-07-19","2026-07-26","8","7","Warszawa,Warszawa-Radom,Warszawa - Modlin,Warszawa - Radom","2+1","turcja|side|2026-07-19|2026-07-26|7|Warszawa,Warszawa-Radom,Warszawa - Modlin,Warszawa - Radom|2+1"
"Gypsophila Club Marine (ex. Amara Club Marine Nature)","12439.0","22.07.2026 - 29.07.2026","8 dni/7 nocy","4.4","4.4","3113","tripadvisor","Warszawa","2026-06-14T10:36:41.516941+00:00","https://fly.pl/kierunek/turcja/?filter[dest]=39:&filter[hotelids]=&filter[cityids]=&filter[cregids]=&filter[ofrType]=&filter[addObjType]=&filter[whenFrom]=18-07-2026&filter[whenTo]=13-08-2026&filter[duration]=7:11&filter[from]=Warszawa,Warszawa-Radom,Warszawa%20-%20Modlin,Warszawa%20-%20Radom&filter[person]=2&filter[child]=1&filter[price]=4610:20000&filter[PriceFrom]=4610&filter[PriceTo]=20000&filter[addCategory]=50&filter[addCatering]=1&filter[addMisc]=0&filter[addTransport]=F&filter[fp]=1&order_by=ofr_price&filter[tourOperator]=0&filter[childAge][1]=20200812","https://fly.pl/cdn/photo/assets/uploads/582/278/2015/12/Gypsophila-Club-Marine.jpg","https://fly.pl/wycieczka/turcja,kemer,beldibi/amara-club-marine/p9VWgPLrctiltIt6N4s6KzAAogD7rudDpXEu1zGdL1M4mSXIW2UUEgeJvDThJAX3UsH90qBEVDQ1gwzIi60QZIl2FQAViFB2ACagJBSXIgHBHFT7kE5fwVqwRmGPuVKhuboEIBrKfm4QECAGMBAwzntmtH/?operator=ECCX&adults=2&children=2020-08-12&nsv=1&objectId=7022&transport=accommodation_flight&departureDate=2026-07-22&returnDate=2026-07-29&departureLocation=Warszawa%2CWarszawa-Radom%2CWarszawa+-+Modlin%2CWarszawa+-+Radom&opt=delta&catering=all_inclusive","filter_turkey_vacation_jul18_2026","turcja","kemer","beldibi","2026-07-22","2026-07-29","8","7","Warszawa,Warszawa-Radom,Warszawa - Modlin,Warszawa - Radom","2+1","turcja|kemer|2026-07-22|2026-07-29|7|Warszawa,Warszawa-Radom,Warszawa - Modlin,Warszawa - Radom|2+1"
"Cesars Resort (Side)","12457.0","23.07.2026 - 30.07.2026","8 dni/7 nocy","3.5","3.5","599","tripadvisor","Warszawa","2026-06-14T10:36:41.516941+00:00","https://fly.pl/kierunek/turcja/?filter[dest]=39:&filter[hotelids]=&filter[cityids]=&filter[cregids]=&filter[ofrType]=&filter[addObjType]=&filter[whenFrom]=18-07-2026&filter[whenTo]=13-08-2026&filter[duration]=7:11&filter[from]=Warszawa,Warszawa-Radom,Warszawa%20-%20Modlin,Warszawa%20-%20Radom&filter[person]=2&filter[child]=1&filter[price]=4610:20000&filter[PriceFrom]=4610&filter[PriceTo]=20000&filter[addCategory]=50&filter[addCatering]=1&filter[addMisc]=0&filter[addTransport]=F&filter[fp]=1&order_by=ofr_price&filter[tourOperator]=0&filter[childAge][1]=20200812","https://fly.pl/cdn/photo/assets/uploads/582/278/2015/03/Cesars-Resort-Side-fly-pl.jpg","https://fly.pl/wycieczka/turcja,side,c/cesars-resort-side/pwA5FRKHliLWm3x_uZ24LmAAog8BKVbchH6yR6ekIulKBn4FcbW0kfwNyF5b7TGk4Wi78qBFZJVFgwzIi60QZIqWFQQVidB2ACcj8aABUHFwBcA1gFQI8DU-drUgBb2BdevnxLgRJhAEy0nh0No5u1CSAAUfmm7e1YT4XQKl3Ej9OLhQECDWMBAgy20Zck/?operator=VITX&adults=2&children=2020-08-12&nsv=1&objectId=6990&transport=accommodation_flight&departureDate=2026-07-23&returnDate=2026-07-30&departureLocation=Warszawa%2CWarszawa-Radom%2CWarszawa+-+Modlin%2CWarszawa+-+Radom&opt=delta&catering=all_inclusive","filter_turkey_vacation_jul18_2026","turcja","side","c","2026-07-23","2026-07-30","8","7","Warszawa,Warszawa-Radom,Warszawa - Modlin,Warszawa - Radom","2+1","turcja|side|2026-07-23|2026-07-30|7|Warszawa,Warszawa-Radom,Warszawa - Modlin,Warszawa - Radom|2+1"
"Adalya Ocean Deluxe","12478.0","19.07.2026 - 26.07.2026","8 dni/7 nocy","4.4","4.4","441","tripadvisor","Warszawa","2026-06-14T10:36:41.516941+00:00","https://fly.pl/kierunek/turcja/?filter[dest]=39:&filter[hotelids]=&filter[cityids]=&filter[cregids]=&filter[ofrType]=&filter[addObjType]=&filter[whenFrom]=18-07-2026&filter[whenTo]=13-08-2026&filter[duration]=7:11&filter[from]=Warszawa,Warszawa-Radom,Warszawa%20-%20Modlin,Warszawa%20-%20Radom&filter[person]=2&filter[child]=1&filter[price]=4610:20000&filter[PriceFrom]=4610&filter[PriceTo]=20000&filter[addCategory]=50&filter[addCatering]=1&filter[addMisc]=0&filter[addTransport]=F&filter[fp]=1&order_by=ofr_price&filter[tourOperator]=0&filter[childAge][1]=20200812","https://fly.pl/cdn/photo/assets/uploads/582/278/2016/02/Adalya-Ocean-Deluxe.jpg","https://fly.pl/wycieczka/turcja,side,colakli/adalya-ocean/pTYjXntoAfuwE0Awa9o_r6AAogB32JvNVHuIdXDlRxOgIh0QAAAACOdAQAdXQEAAcAAAAqBFdFWlkwzIi60QZIvmFQQVi9BmADahJGcmVlIEJpcmQgQWlybGluZXNqBDA3MDBqBDA5MTByQZ4BlQGYAR8AAgEWABwAFwYS7QMTsgoUlQNMyl1PAECcEhG3DEuwuQFQABueRyDP2g4dGQ3h5cIJARJjAQxjAQMLetoIYQ/?operator=WEZY&adults=2&children=2020-08-12&nsv=1&objectId=104920&transport=accommodation_flight&departureDate=2026-07-19&returnDate=2026-07-26&departureLocation=Warszawa%2CWarszawa-Radom%2CWarszawa+-+Modlin%2CWarszawa+-+Radom&opt=delta&catering=all_inclusive","filter_turkey_vacation_jul18_2026","turcja","side","colakli","2026-07-19","2026-07-26","8","7","Warszawa,Warszawa-Radom,Warszawa - Modlin,Warszawa - Radom","2+1","turcja|side|2026-07-19|2026-07-26|7|Warszawa,Warszawa-Radom,Warszawa - Modlin,Warszawa - Radom|2+1"
"Asteria Family Belek","12537.0","21.07.2026 - 29.07.2026","9 dni/8 nocy","4.2","4.2","2886","tripadvisor","Warszawa","2026-06-14T10:36:41.516941+00:00","https://fly.pl/kierunek/turcja/?filter[dest]=39:&filter[hotelids]=&filter[cityids]=&filter[cregids]=&filter[ofrType]=&filter[addObjType]=&filter[whenFrom]=18-07-2026&filter[whenTo]=13-08-2026&filter[duration]=7:11&filter[from]=Warszawa,Warszawa-Radom,Warszawa%20-%20Modlin,Warszawa%20-%20Radom&filter[person]=2&filter[child]=1&filter[price]=4610:20000&filter[PriceFrom]=4610&filter[PriceTo]=20000&filter[addCategory]=50&filter[addCatering]=1&filter[addMisc]=0&filter[addTransport]=F&filter[fp]=1&order_by=ofr_price&filter[tourOperator]=0&filter[childAge][1]=20200812","https://fly.pl/cdn/photo/assets/uploads/582/278/2019/09/Aquaworld.jpg","https://fly.pl/wycieczka/turcja,antalya,belek/waterworld-belek-by-mp-hotels-ex-magic-life-waterworld-14/p4N9lQydLexRAM9JS1tKAKAAogcrExnmlATV5N5yQ50jCA92cowcRFSimdZCEXnLk7UoMqBE9SRVgwzIi60QZI-WFQQVjtBmACagdNT0cuMi4xcjabARUIFwBYB1YCXAhAwgYRtCZPpxpdJFOrJ1IAXpaUAUvtQ2EATOWMOiCE-5cJDQACEmMBAgvqZTbt/?operator=OREX&adults=2&children=2020-08-12&nsv=1&objectId=6974&transport=accommodation_flight&departureDate=2026-07-21&returnDate=2026-07-29&departureLocation=Warszawa%2CWarszawa-Radom%2CWarszawa+-+Modlin%2CWarszawa+-+Radom&opt=delta&catering=all_inclusive","filter_turkey_vacation_jul18_2026","turcja","antalya","belek","2026-07-21","2026-07-29","9","8","Warszawa,Warszawa-Radom,Warszawa - Modlin,Warszawa - Radom","2+1","turcja|antalya|2026-07-21|2026-07-29|8|Warszawa,Warszawa-Radom,Warszawa - Modlin,Warszawa - Radom|2+1"
"Quattro Family Club Dem","12540.0","25.07.2026 - 01.08.2026","8 dni/7 nocy","4.7","4.7","1917","tripadvisor","Warszawa","2026-06-14T10:36:41.516941+00:00","https://fly.pl/kierunek/turcja/?filter[dest]=39:&filter[hotelids]=&filter[cityids]=&filter[cregids]=&filter[ofrType]=&filter[addObjType]=&filter[whenFrom]=18-07-2026&filter[whenTo]=13-08-2026&filter[duration]=7:11&filter[from]=Warszawa,Warszawa-Radom,Warszawa%20-%20Modlin,Warszawa%20-%20Radom&filter[person]=2&filter[child]=1&filter[price]=4610:20000&filter[PriceFrom]=4610&filter[PriceTo]=20000&filter[addCategory]=50&filter[addCatering]=1&filter[addMisc]=0&filter[addTransport]=F&filter[fp]=1&order_by=ofr_price&filter[tourOperator]=0&filter[childAge][1]=20200812","https://fly.pl/cdn/photo/assets/uploads/582/278/2015/04/Quattro-Family-Club-Dem.jpg","https://fly.pl/wycieczka/turcja,alanya,c/club-dem-resort-spa/pTircngSHYW8MZiZinLg0ZAAogS0geMJsmdIUyVOXI-FpNnzs3e4u3TOcK4I9XPaGb-0IqBFJOQlcwzIi60QZI_GFQQVjNB2ACagRCd2NEaiIxNiwyODMsMjk2LDM4MCwzODgsNDc3LDQ4Myw0ODQsNDg1cjafAZ4BFQcXAFgICgRAxAcRpS0ZlSpS9A9TABDYD0uryAFhAB2OlUEPLSCy8pAJDQACDGMBAgvP4SWl/?operator=RNBW&adults=2&children=2020-08-12&nsv=1&objectId=170430&transport=accommodation_flight&departureDate=2026-07-25&returnDate=2026-08-01&departureLocation=Warszawa%2CWarszawa-Radom%2CWarszawa+-+Modlin%2CWarszawa+-+Radom&opt=delta&catering=all_inclusive","filter_turkey_vacation_jul18_2026","turcja","alanya","c","2026-07-25","2026-08-01","8","7","Warszawa,Warszawa-Radom,Warszawa - Modlin,Warszawa - Radom","2+1","turcja|alanya|2026-07-25|2026-08-01|7|Warszawa,Warszawa-Radom,Warszawa - Modlin,Warszawa - Radom|2+1"
"Club Turan Prince World","12570.0","19.07.2026 - 26.07.2026","8 dni/7 nocy","4.1","4.1","2593","tripadvisor","Warszawa","2026-06-14T10:36:41.516941+00:00","https://fly.pl/kierunek/turcja/?filter[dest]=39:&filter[hotelids]=&filter[cityids]=&filter[cregids]=&filter[ofrType]=&filter[addObjType]=&filter[whenFrom]=18-07-2026&filter[whenTo]=13-08-2026&filter[duration]=7:11&filter[from]=Warszawa,Warszawa-Radom,Warszawa%20-%20Modlin,Warszawa%20-%20Radom&filter[person]=2&filter[child]=1&filter[price]=4610:20000&filter[PriceFrom]=4610&filter[PriceTo]=20000&filter[addCategory]=50&filter[addCatering]=1&filter[addMisc]=0&filter[addTransport]=F&filter[fp]=1&order_by=ofr_price&filter[tourOperator]=0&filter[childAge][1]=20200812","https://fly.pl/cdn/photo/assets/uploads/582/278/2014/10/Turan-Prince-World-fly-pl.jpg","https://fly.pl/wycieczka/turcja,side,manavgat/club-turan-prince-world/pfEmdFzW_A_RH9ut1nJI3dAAogsVrwwky95mOtkPjkBSKraAAAAACOdAQAdXQEAAcAAAAqBFdFWlkwzIi60QZImmJQQVi9BmADahJGcmVlIEJpcmQgQWlybGluZXNqBDA3MDBqBDA5MTByQJ4BlQGYAR8AHAECABYEFwIR3gMSDxOyChSVA0zKXU8AQJwSS-fFAVAAG5V9INikDh0ZDeHlwgkBEmMBDGMBAgWiP_mN/?operator=WEZY&adults=2&children=2020-08-12&nsv=1&objectId=5220&transport=accommodation_flight&departureDate=2026-07-19&returnDate=2026-07-26&departureLocation=Warszawa%2CWarszawa-Radom%2CWarszawa+-+Modlin%2CWarszawa+-+Radom&opt=delta&catering=all_inclusive","filter_turkey_vacation_jul18_2026","turcja","side","manavgat","2026-07-19","2026-07-26","8","7","Warszawa,Warszawa-Radom,Warszawa - Modlin,Warszawa - Radom","2+1","turcja|side|2026-07-19|2026-07-26|7|Warszawa,Warszawa-Radom,Warszawa - Modlin,Warszawa - Radom|2+1"
"Club Grand Aqua","12658.0","19.07.2026 - 26.07.2026","8 dni/7 nocy","4.4","4.4","168","tripadvisor","Warszawa","2026-06-14T10:36:41.516941+00:00","https://fly.pl/kierunek/turcja/?filter[dest]=39:&filter[hotelids]=&filter[cityids]=&filter[cregids]=&filter[ofrType]=&filter[addObjType]=&filter[whenFrom]=18-07-2026&filter[whenTo]=13-08-2026&filter[duration]=7:11&filter[from]=Warszawa,Warszawa-Radom,Warszawa%20-%20Modlin,Warszawa%20-%20Radom&filter[person]=2&filter[child]=1&filter[price]=4610:20000&filter[PriceFrom]=4610&filter[PriceTo]=20000&filter[addCategory]=50&filter[addCatering]=1&filter[addMisc]=0&filter[addTransport]=F&filter[fp]=1&order_by=ofr_price&filter[tourOperator]=0&filter[childAge][1]=20200812","https://fly.pl/cdn/photo/assets/uploads/582/278/2018/03/Club-Grand-Aqua.jpg","https://fly.pl/wycieczka/turcja,side,colakli/club-grand-aqua/ptFbiFvXZm6IziTASQFrTsAAog2dTga0fcDTkCUI-SsUjjAAAAAACOdAQAdXQEAAcAAAAqBFdFWlkwzIi60QZI8mJQQVi9BmADahJGcmVlIEJpcmQgQWlybGluZXNqBDA3MDBqBDA5MTByQZ4BlQGYAR8AAgEcABYEFwIS7QMTsgoUlQNMyl1PAECcEhHLQEuchQFQABv3MCD28A4dGQ3h5cIJARJjAQ1jAQIIiighIA/?operator=WEZY&adults=2&children=2020-08-12&nsv=1&objectId=3887&transport=accommodation_flight&departureDate=2026-07-19&returnDate=2026-07-26&departureLocation=Warszawa%2CWarszawa-Radom%2CWarszawa+-+Modlin%2CWarszawa+-+Radom&opt=delta&catering=all_inclusive","filter_turkey_vacation_jul18_2026","turcja","side","colakli","2026-07-19","2026-07-26","8","7","Warszawa,Warszawa-Radom,Warszawa - Modlin,Warszawa - Radom","2+1","turcja|side|2026-07-19|2026-07-26|7|Warszawa,Warszawa-Radom,Warszawa - Modlin,Warszawa - Radom|2+1"
"Villa Side Residence","12693.0","18.07.2026 - 25.07.2026","8 dni/7 nocy","4.3","4.3","381","tripadvisor","Warszawa","2026-06-14T10:36:41.516941+00:00","https://fly.pl/kierunek/turcja/?filter[dest]=39:&filter[hotelids]=&filter[cityids]=&filter[cregids]=&filter[ofrType]=&filter[addObjType]=&filter[whenFrom]=18-07-2026&filter[whenTo]=13-08-2026&filter[duration]=7:11&filter[from]=Warszawa,Warszawa-Radom,Warszawa%20-%20Modlin,Warszawa%20-%20Radom&filter[person]=2&filter[child]=1&filter[price]=4610:20000&filter[PriceFrom]=4610&filter[PriceTo]=20000&filter[addCategory]=50&filter[addCatering]=1&filter[addMisc]=0&filter[addTransport]=F&filter[fp]=1&order_by=ofr_price&filter[tourOperator]=0&filter[childAge][1]=20200812","https://fly.pl/cdn/photo/assets/uploads/582/278/2015/04/Villa-Side-Residence.jpg","https://fly.pl/wycieczka/turcja,side,c/villa-side-residence/p6rD3K2t6b3Mzz3yFtc5EnAAogFKmMBqF0A2xzNbzG5zBXZQrnVfkQ891p__EhtKqHuQwqBFNGUEwwzIi60QZIlWNQQVilBmACciQLAhUFIgISW0DEAlvjBFzPqgINlJzSCVHtlJfUgRkCEmMBAgnl2WrB/?operator=SFPL&adults=2&children=2020-08-12&nsv=1&objectId=114669&transport=accommodation_flight&departureDate=2026-07-18&returnDate=2026-07-25&departureLocation=Warszawa%2CWarszawa-Radom%2CWarszawa+-+Modlin%2CWarszawa+-+Radom&opt=delta&catering=all_inclusive","filter_turkey_vacation_jul18_2026","turcja","side","c","2026-07-18","2026-07-25","8","7","Warszawa,Warszawa-Radom,Warszawa - Modlin,Warszawa - Radom","2+1","turcja|side|2026-07-18|2026-07-25|7|Warszawa,Warszawa-Radom,Warszawa - Modlin,Warszawa - Radom|2+1"
"Side Star Elegance (ex. Asteria)","12696.0","22.07.2026 - 29.07.2026","8 dni/7 nocy","4.6","4.6","3457","tripadvisor","Warszawa","2026-06-14T10:36:41.516941+00:00","https://fly.pl/kierunek/turcja/?filter[dest]=39:&filter[hotelids]=&filter[cityids]=&filter[cregids]=&filter[ofrType]=&filter[addObjType]=&filter[whenFrom]=18-07-2026&filter[whenTo]=13-08-2026&filter[duration]=7:11&filter[from]=Warszawa,Warszawa-Radom,Warszawa%20-%20Modlin,Warszawa%20-%20Radom&filter[person]=2&filter[child]=1&filter[price]=4610:20000&filter[PriceFrom]=4610&filter[PriceTo]=20000&filter[addCategory]=50&filter[addCatering]=1&filter[addMisc]=0&filter[addTransport]=F&filter[fp]=1&order_by=ofr_price&filter[tourOperator]=0&filter[childAge][1]=20200812","https://fly.pl/cdn/photo/assets/uploads/582/278/2015/04/Side-Star-Elegance-Hotel.jpg","https://fly.pl/wycieczka/turcja,side,c/side-star-elegance-ex-asteria/pqbaS33Q-82ygw9bgvibSZAAog9zjBEgYiDWmOP7mvN9r_ZALuLr51ZXfiuqRu7D0QClcqBEVYSU0wzIi60QZImGNQAViFB2ACagNVQUlyIRwRsaMGqwSv6UC5BGUbgf8pGKWiNAGZv9j1CAISYwECC843dtA/?operator=EXIM&adults=2&children=2020-08-12&nsv=1&objectId=3866&transport=accommodation_flight&departureDate=2026-07-22&returnDate=2026-07-29&departureLocation=Warszawa%2CWarszawa-Radom%2CWarszawa+-+Modlin%2CWarszawa+-+Radom&opt=delta&catering=all_inclusive","filter_turkey_vacation_jul18_2026","turcja","side","c","2026-07-22","2026-07-29","8","7","Warszawa,Warszawa-Radom,Warszawa - Modlin,Warszawa - Radom","2+1","turcja|side|2026-07-22|2026-07-29|7|Warszawa,Warszawa-Radom,Warszawa - Modlin,Warszawa - Radom|2+1"
"Crystal Prestige Pearl Collection","12697.0","20.07.2026 - 27.07.2026","8 dni/7 nocy","4.4","4.4","3693","tripadvisor","Warszawa","2026-06-14T10:36:41.516941+00:00","https://fly.pl/kierunek/turcja/?filter[dest]=39:&filter[hotelids]=&filter[cityids]=&filter[cregids]=&filter[ofrType]=&filter[addObjType]=&filter[whenFrom]=18-07-2026&filter[whenTo]=13-08-2026&filter[duration]=7:11&filter[from]=Warszawa,Warszawa-Radom,Warszawa%20-%20Modlin,Warszawa%20-%20Radom&filter[person]=2&filter[child]=1&filter[price]=4610:20000&filter[PriceFrom]=4610&filter[PriceTo]=20000&filter[addCategory]=50&filter[addCatering]=1&filter[addMisc]=0&filter[addTransport]=F&filter[fp]=1&order_by=ofr_price&filter[tourOperator]=0&filter[childAge][1]=20200812","https://fly.pl/cdn/photo/assets/uploads/582/278/2016/05/Crystal-Prestige-Elite.jpg","https://fly.pl/wycieczka/turcja,kemer,c/amara-prestige/p2gL7aMpt0uXuFv0l-3EWuAAoggelDlOvNkEQbqukDqmudFmlZs0u9ntxIhhB-JeVTlPEqBFZJVFgwzIi60QZImWNQQVjVBmACcj8aABUHFwBcA1gFQI8DU-drUgBb2BdevnxLgRJhAEyOqy4Nxo6kCSAAUZas7u1YT-zKKV3Ej9OLhQECDGMBAgs1kF0p/?operator=VITX&adults=2&children=2020-08-12&nsv=1&objectId=170720&transport=accommodation_flight&departureDate=2026-07-20&returnDate=2026-07-27&departureLocation=Warszawa%2CWarszawa-Radom%2CWarszawa+-+Modlin%2CWarszawa+-+Radom&opt=delta&catering=all_inclusive","filter_turkey_vacation_jul18_2026","turcja","kemer","c","2026-07-20","2026-07-27","8","7","Warszawa,Warszawa-Radom,Warszawa - Modlin,Warszawa - Radom","2+1","turcja|kemer|2026-07-20|2026-07-27|7|Warszawa,Warszawa-Radom,Warszawa - Modlin,Warszawa - Radom|2+1"
"Crystal Waterworld Aqua Collection","12730.0","19.07.2026 - 26.07.2026","8 dni/7 nocy","4.2","4.2","4770","tripadvisor","Warszawa","2026-06-14T10:36:41.516941+00:00","https://fly.pl/kierunek/turcja/?filter[dest]=39:&filter[hotelids]=&filter[cityids]=&filter[cregids]=&filter[ofrType]=&filter[addObjType]=&filter[whenFrom]=18-07-2026&filter[whenTo]=13-08-2026&filter[duration]=7:11&filter[from]=Warszawa,Warszawa-Radom,Warszawa%20-%20Modlin,Warszawa%20-%20Radom&filter[person]=2&filter[child]=1&filter[price]=4610:20000&filter[PriceFrom]=4610&filter[PriceTo]=20000&filter[addCategory]=50&filter[addCatering]=1&filter[addMisc]=0&filter[addTransport]=F&filter[fp]=1&order_by=ofr_price&filter[tourOperator]=0&filter[childAge][1]=20200812","https://fly.pl/cdn/photo/assets/uploads/582/278/2014/10/Crystal-Waterworld-Resort-Spa-fly-pl.jpg","https://fly.pl/wycieczka/turcja,antalya,belek/crystal-waterworld-resort-spa/plUhaI3Fja-s_03dInEQgmAAogjaHx2Olj1FlRKwR7fiw0WAAAAACOdAQAdXQEAAcAAAAqBFdFWlkwzIi60QZIumNQQVi9BmADahJGcmVlIEJpcmQgQWlybGluZXNqBDA3MDBqBDA5MTByQZ4BlQGYAR8AAgEWABwAFwYS7QMTsgoUlQMRyS5MgS9PAECcEkvnxQFQABv3MCD28A4dGQ3h5cIJARJjAQxjAQIIk9P96A/?operator=WEZY&adults=2&children=2020-08-12&nsv=1&objectId=105336&transport=accommodation_flight&departureDate=2026-07-19&returnDate=2026-07-26&departureLocation=Warszawa%2CWarszawa-Radom%2CWarszawa+-+Modlin%2CWarszawa+-+Radom&opt=delta&catering=all_inclusive","filter_turkey_vacation_jul18_2026","turcja","antalya","belek","2026-07-19","2026-07-26","8","7","Warszawa,Warszawa-Radom,Warszawa - Modlin,Warszawa - Radom","2+1","turcja|antalya|2026-07-19|2026-07-26|7|Warszawa,Warszawa-Radom,Warszawa - Modlin,Warszawa - Radom|2+1"
"First Class","6987.0","20.07.2026 - 27.07.2026","8 dni/7 nocy","3.0","3.0","386","tripadvisor","Warszawa","2026-06-14T11:30:31.274345+00:00","https://fly.pl/kierunek/turcja/?filter[dest]=39:&filter[hotelids]=&filter[cityids]=&filter[cregids]=&filter[ofrType]=&filter[addObjType]=&filter[whenFrom]=18-07-2026&filter[whenTo]=13-08-2026&filter[duration]=7:11&filter[from]=Warszawa,Warszawa-Radom,Warszawa%20-%20Modlin,Warszawa%20-%20Radom&filter[person]=2&filter[child]=1&filter[price]=4610:20000&filter[PriceFrom]=4610&filter[PriceTo]=20000&filter[addCategory]=50&filter[addCatering]=1&filter[addMisc]=0&filter[addTransport]=F&filter[fp]=1&order_by=ofr_price&filter[tourOperator]=0&filter[childAge][1]=20200812","https://fly.pl/cdn/photo/assets/uploads/582/278/2015/04/First-Class.jpg","https://fly.pl/wycieczka/turcja,alanya,mahmutlar/first-class/pjy-wvZQEYkDDWjZO8tyFoAAogvmKVox2cw585At0vWjfId011eDE-prut4HX7XxcZmEkqBEpPSU4w2KG60QZIyzZQAVjUBmACagJBSXIgHBH8RrkEzrwCqwQoG4qdJxiS0AIBnob6nwECEmMBAgYloY2n/?operator=JOIN&adults=2&children=2020-08-12&nsv=1&objectId=2010&transport=accommodation_flight&departureDate=2026-07-20&returnDate=2026-07-27&departureLocation=Warszawa%2CWarszawa-Radom%2CWarszawa+-+Modlin%2CWarszawa+-+Radom&opt=delta&catering=all_inclusive","filter_turkey_vacation_jul18_2026","turcja","alanya","mahmutlar","2026-07-20","2026-07-27","8","7","Warszawa,Warszawa-Radom,Warszawa - Modlin,Warszawa - Radom","2+1","turcja|alanya|2026-07-20|2026-07-27|7|Warszawa,Warszawa-Radom,Warszawa - Modlin,Warszawa - Radom|2+1"
"Prestige Alanya","7911.0","21.07.2026 - 29.07.2026","9 dni/8 nocy","2.5","2.5","88","tripadvisor","Warszawa","2026-06-14T11:30:31.274345+00:00","https://fly.pl/kierunek/turcja/?filter[dest]=39:&filter[hotelids]=&filter[cityids]=&filter[cregids]=&filter[ofrType]=&filter[addObjType]=&filter[whenFrom]=18-07-2026&filter[whenTo]=13-08-2026&filter[duration]=7:11&filter[from]=Warszawa,Warszawa-Radom,Warszawa%20-%20Modlin,Warszawa%20-%20Radom&filter[person]=2&filter[child]=1&filter[price]=4610:20000&filter[PriceFrom]=4610&filter[PriceTo]=20000&filter[addCategory]=50&filter[addCatering]=1&filter[addMisc]=0&filter[addTransport]=F&filter[fp]=1&order_by=ofr_price&filter[tourOperator]=0&filter[childAge][1]=20200812","https://fly.pl/cdn/photo/assets/uploads/582/278/2018/03/Euphoria-Comfort-Beach-Alanya.jpg","https://fly.pl/wycieczka/turcja,alanya,mahmutlar/armas-prestige/pg18d_vHivamED8UwK9i0AAAogFAjp1_ewNXbMP8Jx96nUaWcowcRFSimdZCEXnLk7UoMqBE9SRVgw2KG60QZI5z1QQVjsBmACagZKRS4yLjFyNpsBFQgXAFwCWAVWAkDKBhG2Jk-lGl0kU6snUgBelpQBS-1DYQBM5Yw6IIT7lwkNAAISYwECC-L0r90/?operator=OREX&adults=2&children=2020-08-12&nsv=1&objectId=195149&transport=accommodation_flight&departureDate=2026-07-21&returnDate=2026-07-29&departureLocation=Warszawa%2CWarszawa-Radom%2CWarszawa+-+Modlin%2CWarszawa+-+Radom&opt=delta&catering=all_inclusive","filter_turkey_vacation_jul18_2026","turcja","alanya","mahmutlar","2026-07-21","2026-07-29","9","8","Warszawa,Warszawa-Radom,Warszawa - Modlin,Warszawa - Radom","2+1","turcja|alanya|2026-07-21|2026-07-29|8|Warszawa,Warszawa-Radom,Warszawa - Modlin,Warszawa - Radom|2+1"
"Seher Sun Palace Resort & Spa","7952.0","18.07.2026 - 25.07.2026","8 dni/7 nocy","4.2","4.2","1367","tripadvisor","Warszawa","2026-06-14T11:30:31.274345+00:00","https://fly.pl/kierunek/turcja/?filter[dest]=39:&filter[hotelids]=&filter[cityids]=&filter[cregids]=&filter[ofrType]=&filter[addObjType]=&filter[whenFrom]=18-07-2026&filter[whenTo]=13-08-2026&filter[duration]=7:11&filter[from]=Warszawa,Warszawa-Radom,Warszawa%20-%20Modlin,Warszawa%20-%20Radom&filter[person]=2&filter[child]=1&filter[price]=4610:20000&filter[PriceFrom]=4610&filter[PriceTo]=20000&filter[addCategory]=50&filter[addCatering]=1&filter[addMisc]=0&filter[addTransport]=F&filter[fp]=1&order_by=ofr_price&filter[tourOperator]=0&filter[childAge][1]=20200812","https://fly.pl/cdn/photo/assets/uploads/582/278/2014/09/Seher-Sun-Palace.jpg","https://fly.pl/wycieczka/turcja,side,colakli/seher-sun-palace-resort-spa/pBgfG9JXFlJg0fh9F0WOKvAAog8pyJ7BZesoS3LNRQ6bfkAQz77lvs6r-gYLlUM_yvRvwqBEJWQkUw2KG60QZIkD5QAVikBmACagJBSXIiHBGU2QEbjYY_GKvLE6sE1pcluQSSAgHzmbywAwIAYwEDBnIUPWg/?operator=BVBE&adults=2&children=2020-08-12&nsv=1&objectId=25655&transport=accommodation_flight&departureDate=2026-07-18&returnDate=2026-07-25&departureLocation=Warszawa%2CWarszawa-Radom%2CWarszawa+-+Modlin%2CWarszawa+-+Radom&opt=delta&catering=all_inclusive","filter_turkey_vacation_jul18_2026","turcja","side","colakli","2026-07-18","2026-07-25","8","7","Warszawa,Warszawa-Radom,Warszawa - Modlin,Warszawa - Radom","2+1","turcja|side|2026-07-18|2026-07-25|7|Warszawa,Warszawa-Radom,Warszawa - Modlin,Warszawa - Radom|2+1"
"The Marilis Hill Resort and Spa (Alanya)","8012.0","20.07.2026 - 27.07.2026","8 dni/7 nocy","4.1","4.1","684","tripadvisor","Warszawa","2026-06-14T11:30:31.274345+00:00","https://fly.pl/kierunek/turcja/?filter[dest]=39:&filter[hotelids]=&filter[cityids]=&filter[cregids]=&filter[ofrType]=&filter[addObjType]=&filter[whenFrom]=18-07-2026&filter[whenTo]=13-08-2026&filter[duration]=7:11&filter[from]=Warszawa,Warszawa-Radom,Warszawa%20-%20Modlin,Warszawa%20-%20Radom&filter[person]=2&filter[child]=1&filter[price]=4610:20000&filter[PriceFrom]=4610&filter[PriceTo]=20000&filter[addCategory]=50&filter[addCatering]=1&filter[addMisc]=0&filter[addTransport]=F&filter[fp]=1&order_by=ofr_price&filter[tourOperator]=0&filter[childAge][1]=20200812","https://fly.pl/cdn/photo/assets/uploads/582/278/2024/07/the-marilis-hill-resort-and-spa.jpg","https://fly.pl/wycieczka/turcja,alanya,c/the-marilis-hill-resort-and-spa-11/pG3JC64w4xc5Xwt46_rye2AAogX7DvnVhY3Ahnjo6PCiWRwE11eDE-prut4HX7XxcZmEkqBEpPSU4w2KG60QZIzD5QAVjUBmACagJVQXIgHBGCSbkEyLoCqwQoG7nCJxi10wIBpd_BogECEmMBAwxIlB2y/?operator=JOIN&adults=2&children=2020-08-12&nsv=1&objectId=204762&transport=accommodation_flight&departureDate=2026-07-20&returnDate=2026-07-27&departureLocation=Warszawa%2CWarszawa-Radom%2CWarszawa+-+Modlin%2CWarszawa+-+Radom&opt=delta&catering=all_inclusive","filter_turkey_vacation_jul18_2026","turcja","alanya","c","2026-07-20","2026-07-27","8","7","Warszawa,Warszawa-Radom,Warszawa - Modlin,Warszawa - Radom","2+1","turcja|alanya|2026-07-20|2026-07-27|7|Warszawa,Warszawa-Radom,Warszawa - Modlin,Warszawa - Radom|2+1"
"Sun Star Resort","8247.0","19.07.2026 - 26.07.2026","8 dni/7 nocy","3.2","3.2","660","tripadvisor","Warszawa","2026-06-14T11:30:31.274345+00:00","https://fly.pl/kierunek/turcja/?filter[dest]=39:&filter[hotelids]=&filter[cityids]=&filter[cregids]=&filter[ofrType]=&filter[addObjType]=&filter[whenFrom]=18-07-2026&filter[whenTo]=13-08-2026&filter[duration]=7:11&filter[from]=Warszawa,Warszawa-Radom,Warszawa%20-%20Modlin,Warszawa%20-%20Radom&filter[person]=2&filter[child]=1&filter[price]=4610:20000&filter[PriceFrom]=4610&filter[PriceTo]=20000&filter[addCategory]=50&filter[addCatering]=1&filter[addMisc]=0&filter[addTransport]=F&filter[fp]=1&order_by=ofr_price&filter[tourOperator]=0&filter[childAge][1]=20200812","https://fly.pl/cdn/photo/assets/uploads/582/278/2015/07/Sun-Star-Beach-Resort.jpg","https://fly.pl/wycieczka/turcja,alanya,mahmutlar/sun-star-beach-resort/px5Eh6MyGF5KYjiBFgeBVFAAog-JPk0-xfzmrpRMgID6MoRQAAAADFdAQA4XQEAAcAAQAqBFdFWlkw2KG60QZIt0BQQVi8BmADaglFbnRlciBBaXJyQp4BHwAcAQIAFgQXAhLtAxXBBRjXARMeFMIDEYdVT5ILTABAnBJQ58UBSwAbhDYduewOIBwNjuXCCQESYwEMYwEDC8bW1HM/?operator=WEZY&adults=2&children=2020-08-12&nsv=1&objectId=174169&transport=accommodation_flight&departureDate=2026-07-19&returnDate=2026-07-26&departureLocation=Warszawa%2CWarszawa-Radom%2CWarszawa+-+Modlin%2CWarszawa+-+Radom&opt=delta&catering=all_inclusive","filter_turkey_vacation_jul18_2026","turcja","alanya","mahmutlar","2026-07-19","2026-07-26","8","7","Warszawa,Warszawa-Radom,Warszawa - Modlin,Warszawa - Radom","2+1","turcja|alanya|2026-07-19|2026-07-26|7|Warszawa,Warszawa-Radom,Warszawa - Modlin,Warszawa - Radom|2+1"
"Concordia Celes Beach","8371.0","19.07.2026 - 26.07.2026","8 dni/7 nocy","3.6","3.6","800","tripadvisor","Warszawa","2026-06-14T11:30:31.274345+00:00","https://fly.pl/kierunek/turcja/?filter[dest]=39:&filter[hotelids]=&filter[cityids]=&filter[cregids]=&filter[ofrType]=&filter[addObjType]=&filter[whenFrom]=18-07-2026&filter[whenTo]=13-08-2026&filter[duration]=7:11&filter[from]=Warszawa,Warszawa-Radom,Warszawa%20-%20Modlin,Warszawa%20-%20Radom&filter[person]=2&filter[child]=1&filter[price]=4610:20000&filter[PriceFrom]=4610&filter[PriceTo]=20000&filter[addCategory]=50&filter[addCatering]=1&filter[addMisc]=0&filter[addTransport]=F&filter[fp]=1&order_by=ofr_price&filter[tourOperator]=0&filter[childAge][1]=20200812","https://fly.pl/cdn/photo/assets/uploads/582/278/2015/05/Concordia-Celes-Beach.jpg","https://fly.pl/wycieczka/turcja,alanya,okurcalar/concordia-celes-beach/pK6LaQOKYxL72JO50jgAXoAAogl2R6cfcGT_gFvNe2qJwmJQAAAABfdAQAq3QEAAcAAAAqBFdFWlkw2KG60QZIs0FQQVi8BmADahJGcmVlIEJpcmQgQWlybGluZXNyQp4BHwAcAQIAFgAXBhLtAxHxAROIAhSVAxVuGNIBT8NhTABAnBJQ58UBSwAbnDEdu_AOIEwNxOXCCQESYwELYwEDCse7_y0/?operator=WEZY&adults=2&children=2020-08-12&nsv=1&objectId=2000&transport=accommodation_flight&departureDate=2026-07-19&returnDate=2026-07-26&departureLocation=Warszawa%2CWarszawa-Radom%2CWarszawa+-+Modlin%2CWarszawa+-+Radom&opt=delta&catering=all_inclusive","filter_turkey_vacation_jul18_2026","turcja","alanya","okurcalar","2026-07-19","2026-07-26","8","7","Warszawa,Warszawa-Radom,Warszawa - Modlin,Warszawa - Radom","2+1","turcja|alanya|2026-07-19|2026-07-26|7|Warszawa,Warszawa-Radom,Warszawa - Modlin,Warszawa - Radom|2+1"
"Signature Blue Resort (ex. Grand Ozcelik)","8411.0","22.07.2026 - 29.07.2026","8 dni/7 nocy","3.5","3.5","136","tripadvisor","Warszawa","2026-06-14T11:30:31.274345+00:00","https://fly.pl/kierunek/turcja/?filter[dest]=39:&filter[hotelids]=&filter[cityids]=&filter[cregids]=&filter[ofrType]=&filter[addObjType]=&filter[whenFrom]=18-07-2026&filter[whenTo]=13-08-2026&filter[duration]=7:11&filter[from]=Warszawa,Warszawa-Radom,Warszawa%20-%20Modlin,Warszawa%20-%20Radom&filter[person]=2&filter[child]=1&filter[price]=4610:20000&filter[PriceFrom]=4610&filter[PriceTo]=20000&filter[addCategory]=50&filter[addCatering]=1&filter[addMisc]=0&filter[addTransport]=F&filter[fp]=1&order_by=ofr_price&filter[tourOperator]=0&filter[childAge][1]=20200812","https://fly.pl/cdn/photo/assets/uploads/582/278/2024/07/grand-ozcelik.jpg","https://fly.pl/wycieczka/turcja,kusadasi,c/grand-ozcelik/pGbqYwPmG3-8zxMJp06UDmAAogbrMr9V60QponryPcpGka62wwGWYjcr-u2x1F0pBV2hYqBE9SRVgw2KG60QZI20FQQViEB2ACagZDNS4yLjFyNpsBFQcXAFwDWAVWAkDKBhHwFU-LP10kU4EZUgBeoI4BS-1DYQBM5Yw6IIX7lwkNAAISYwECDLPL0FM/?operator=OREX&adults=2&children=2020-08-12&nsv=1&objectId=10801&transport=accommodation_flight&departureDate=2026-07-22&returnDate=2026-07-29&departureLocation=Warszawa%2CWarszawa-Radom%2CWarszawa+-+Modlin%2CWarszawa+-+Radom&opt=delta&catering=all_inclusive","filter_turkey_vacation_jul18_2026","turcja","kusadasi","c","2026-07-22","2026-07-29","8","7","Warszawa,Warszawa-Radom,Warszawa - Modlin,Warszawa - Radom","2+1","turcja|kusadasi|2026-07-22|2026-07-29|7|Warszawa,Warszawa-Radom,Warszawa - Modlin,Warszawa - Radom|2+1"
"Ozkaymak Incekum","8475.0","20.07.2026 - 27.07.2026","8 dni/7 nocy","3.1","3.1","705","tripadvisor","Warszawa","2026-06-14T11:30:31.274345+00:00","https://fly.pl/kierunek/turcja/?filter[dest]=39:&filter[hotelids]=&filter[cityids]=&filter[cregids]=&filter[ofrType]=&filter[addObjType]=&filter[whenFrom]=18-07-2026&filter[whenTo]=13-08-2026&filter[duration]=7:11&filter[from]=Warszawa,Warszawa-Radom,Warszawa%20-%20Modlin,Warszawa%20-%20Radom&filter[person]=2&filter[child]=1&filter[price]=4610:20000&filter[PriceFrom]=4610&filter[PriceTo]=20000&filter[addCategory]=50&filter[addCatering]=1&filter[addMisc]=0&filter[addTransport]=F&filter[fp]=1&order_by=ofr_price&filter[tourOperator]=0&filter[childAge][1]=20200812","https://fly.pl/cdn/photo/assets/uploads/582/278/2015/03/Ozkaymak-Incekum-1.jpg","https://fly.pl/wycieczka/turcja,alanya,incekum/ozkaymak-incekum/p307xoYx0p6iU1Ut3H0B9HAAogKxJOV4yBz3yo0hAi-isVBk11eDE-prut4HX7XxcZmEkqBEpPSU4w2KG60QZIm0JQAVjUBmACagJVQXIgHBG3RrkEk70CqwQoG7abJxiB1AIB_Nv9nwECEmMBAwuyCWzu/?operator=JOIN&adults=2&children=2020-08-12&nsv=1&objectId=2058&transport=accommodation_flight&departureDate=2026-07-20&returnDate=2026-07-27&departureLocation=Warszawa%2CWarszawa-Radom%2CWarszawa+-+Modlin%2CWarszawa+-+Radom&opt=delta&catering=all_inclusive","filter_turkey_vacation_jul18_2026","turcja","alanya","incekum","2026-07-20","2026-07-27","8","7","Warszawa,Warszawa-Radom,Warszawa - Modlin,Warszawa - Radom","2+1","turcja|alanya|2026-07-20|2026-07-27|7|Warszawa,Warszawa-Radom,Warszawa - Modlin,Warszawa - Radom|2+1"
"Miarosa Incekum Beach (ex Alara Kum)","8559.0","21.07.2026 - 29.07.2026","9 dni/8 nocy","4.0","4.0","969","tripadvisor","Warszawa","2026-06-14T11:30:31.274345+00:00","https://fly.pl/kierunek/turcja/?filter[dest]=39:&filter[hotelids]=&filter[cityids]=&filter[cregids]=&filter[ofrType]=&filter[addObjType]=&filter[whenFrom]=18-07-2026&filter[whenTo]=13-08-2026&filter[duration]=7:11&filter[from]=Warszawa,Warszawa-Radom,Warszawa%20-%20Modlin,Warszawa%20-%20Radom&filter[person]=2&filter[child]=1&filter[price]=4610:20000&filter[PriceFrom]=4610&filter[PriceTo]=20000&filter[addCategory]=50&filter[addCatering]=1&filter[addMisc]=0&filter[addTransport]=F&filter[fp]=1&order_by=ofr_price&filter[tourOperator]=0&filter[childAge][1]=20200812","https://fly.pl/cdn/photo/assets/uploads/582/278/2015/04/Alara-Kum-fly-pl.jpg","https://fly.pl/wycieczka/turcja,alanya,avsallar/alara-kum/p-rrTIeUqWID_yIuVITVfWAAogw5yg-kCuIf2z0TRPmJtJQ2cowcRFSimdZCEXnLk7UoMqBE9SRVgw2KG60QZI70JQQVjsBmACagZKMC4yLjFyNpsBFQgXAFgHVgJcCEDCBhHeC0_9NF0kU6snUgBelpQBS-1DYQBM5Yw6IIT7lwkNAAISYwECDKQvL2Y/?operator=OREX&adults=2&children=2020-08-12&nsv=1&objectId=3860&transport=accommodation_flight&departureDate=2026-07-21&returnDate=2026-07-29&departureLocation=Warszawa%2CWarszawa-Radom%2CWarszawa+-+Modlin%2CWarszawa+-+Radom&opt=delta&catering=all_inclusive","filter_turkey_vacation_jul18_2026","turcja","alanya","avsallar","2026-07-21","2026-07-29","9","8","Warszawa,Warszawa-Radom,Warszawa - Modlin,Warszawa - Radom","2+1","turcja|alanya|2026-07-21|2026-07-29|8|Warszawa,Warszawa-Radom,Warszawa - Modlin,Warszawa - Radom|2+1"
"Holiday Park Resort (Okurcalar)","8660.0","19.07.2026 - 26.07.2026","8 dni/7 nocy","4.3","4.3","1301","tripadvisor","Warszawa","2026-06-14T11:30:31.274345+00:00","https://fly.pl/kierunek/turcja/?filter[dest]=39:&filter[hotelids]=&filter[cityids]=&filter[cregids]=&filter[ofrType]=&filter[addObjType]=&filter[whenFrom]=18-07-2026&filter[whenTo]=13-08-2026&filter[duration]=7:11&filter[from]=Warszawa,Warszawa-Radom,Warszawa%20-%20Modlin,Warszawa%20-%20Radom&filter[person]=2&filter[child]=1&filter[price]=4610:20000&filter[PriceFrom]=4610&filter[PriceTo]=20000&filter[addCategory]=50&filter[addCatering]=1&filter[addMisc]=0&filter[addTransport]=F&filter[fp]=1&order_by=ofr_price&filter[tourOperator]=0&filter[childAge][1]=20200812","https://fly.pl/cdn/photo/assets/uploads/582/278/2014/09/Holiday-Park-Resort.jpg","https://fly.pl/wycieczka/turcja,alanya,okurcalar/holiday-park-resort-okurcalar/pp3HUTpmpBog_AmCFxSHGXAAoggTudwJjO5wDq7INV2XosbAAAAADFdAQA4XQEAAcAAAAqBFdFWlkw2KG60QZI1ENQQVi8BmADaglFbnRlciBBaXJyQp4BHwAcAQIAFgAXBhLtAxH2ARXLAxjXARMeFMIDT5lgTABAnBJQ58UBSwAbnDEdofEOIBwNjuXCCQESYwEMYwEDC943TyE/?operator=WEZY&adults=2&children=2020-08-12&nsv=1&objectId=2024&transport=accommodation_flight&departureDate=2026-07-19&returnDate=2026-07-26&departureLocation=Warszawa%2CWarszawa-Radom%2CWarszawa+-+Modlin%2CWarszawa+-+Radom&opt=delta&catering=all_inclusive","filter_turkey_vacation_jul18_2026","turcja","alanya","okurcalar","2026-07-19","2026-07-26","8","7","Warszawa,Warszawa-Radom,Warszawa - Modlin,Warszawa - Radom","2+1","turcja|alanya|2026-07-19|2026-07-26|7|Warszawa,Warszawa-Radom,Warszawa - Modlin,Warszawa - Radom|2+1"
"Holiday Garden Resort (Okurcalar)","8660.0","19.07.2026 - 26.07.2026","8 dni/7 nocy","4.3","4.3","878","tripadvisor","Warszawa","2026-06-14T11:30:31.274345+00:00","https://fly.pl/kierunek/turcja/?filter[dest]=39:&filter[hotelids]=&filter[cityids]=&filter[cregids]=&filter[ofrType]=&filter[addObjType]=&filter[whenFrom]=18-07-2026&filter[whenTo]=13-08-2026&filter[duration]=7:11&filter[from]=Warszawa,Warszawa-Radom,Warszawa%20-%20Modlin,Warszawa%20-%20Radom&filter[person]=2&filter[child]=1&filter[price]=4610:20000&filter[PriceFrom]=4610&filter[PriceTo]=20000&filter[addCategory]=50&filter[addCatering]=1&filter[addMisc]=0&filter[addTransport]=F&filter[fp]=1&order_by=ofr_price&filter[tourOperator]=0&filter[childAge][1]=20200812","https://fly.pl/cdn/photo/assets/uploads/582/278/2014/09/HOLIDAY-GARDEN-RESORT.jpg","https://fly.pl/wycieczka/turcja,alanya,okurcalar/holiday-garden-resort-okurcalar/pgRtTtG3C-f8jyqwlypMqoAAog-syaee5jGNoQduniKKbrXAAAAABfdAQAq3QEAAcAAAAqBFdFWlkw2KG60QZI1ENQQVi8BmADahJGcmVlIEJpcmQgQWlybGluZXNyQp4BHwAcAQIAFgAXBhLtAxH1AROEAhSVAxVuGNIBT8NhTABAnBJQ58UBSwAbnDEdu_AOIEwNxOXCCQESYwEMYwEDC5JAkGg/?operator=WEZY&adults=2&children=2020-08-12&nsv=1&objectId=1728&transport=accommodation_flight&departureDate=2026-07-19&returnDate=2026-07-26&departureLocation=Warszawa%2CWarszawa-Radom%2CWarszawa+-+Modlin%2CWarszawa+-+Radom&opt=delta&catering=all_inclusive","filter_turkey_vacation_jul18_2026","turcja","alanya","okurcalar","2026-07-19","2026-07-26","8","7","Warszawa,Warszawa-Radom,Warszawa - Modlin,Warszawa - Radom","2+1","turcja|alanya|2026-07-19|2026-07-26|7|Warszawa,Warszawa-Radom,Warszawa - Modlin,Warszawa - Radom|2+1"
"Ozkaymak Falez","8713.0","20.07.2026 - 27.07.2026","8 dni/7 nocy","2.6","2.6","706","tripadvisor","Warszawa","2026-06-14T11:30:31.274345+00:00","https://fly.pl/kierunek/turcja/?filter[dest]=39:&filter[hotelids]=&filter[cityids]=&filter[cregids]=&filter[ofrType]=&filter[addObjType]=&filter[whenFrom]=18-07-2026&filter[whenTo]=13-08-2026&filter[duration]=7:11&filter[from]=Warszawa,Warszawa-Radom,Warszawa%20-%20Modlin,Warszawa%20-%20Radom&filter[person]=2&filter[child]=1&filter[price]=4610:20000&filter[PriceFrom]=4610&filter[PriceTo]=20000&filter[addCategory]=50&filter[addCatering]=1&filter[addMisc]=0&filter[addTransport]=F&filter[fp]=1&order_by=ofr_price&filter[tourOperator]=0&filter[childAge][1]=20200812","https://datacfstatic.merlinx.pl/JOIN/IMG/9016/0bf1ae8bf49a132f9b3fb86a41825eeb517b0e096eda33a807f99a542facd8c3.webp","https://fly.pl/wycieczka/turcja,alanya,c/ozkaymak-falez/poXqhjCSr2vjClqyiTtuQ7AAogUAMr_yM2WRGnTidTaYvoWk11eDE-prut4HX7XxcZmEkqBEpPSU4w2KG60QZIiURQAVjUBmACagJVQXIgHBG4RrkEkr0CqwQoG7ObJxj_nQMBp9-4pwECEmMBAwnXP7gb/?operator=JOIN&adults=2&children=2020-08-12&nsv=1&objectId=1779&transport=accommodation_flight&departureDate=2026-07-20&returnDate=2026-07-27&departureLocation=Warszawa%2CWarszawa-Radom%2CWarszawa+-+Modlin%2CWarszawa+-+Radom&opt=delta&catering=all_inclusive","filter_turkey_vacation_jul18_2026","turcja","alanya","c","2026-07-20","2026-07-27","8","7","Warszawa,Warszawa-Radom,Warszawa - Modlin,Warszawa - Radom","2+1","turcja|alanya|2026-07-20|2026-07-27|7|Warszawa,Warszawa-Radom,Warszawa - Modlin,Warszawa - Radom|2+1"
"Kirbiyik Resort (ex. Dinler)","8775.0","19.07.2026 - 26.07.2026","8 dni/7 nocy","4.4","4.4","885","tripadvisor","Warszawa","2026-06-14T11:30:31.274345+00:00","https://fly.pl/kierunek/turcja/?filter[dest]=39:&filter[hotelids]=&filter[cityids]=&filter[cregids]=&filter[ofrType]=&filter[addObjType]=&filter[whenFrom]=18-07-2026&filter[whenTo]=13-08-2026&filter[duration]=7:11&filter[from]=Warszawa,Warszawa-Radom,Warszawa%20-%20Modlin,Warszawa%20-%20Radom&filter[person]=2&filter[child]=1&filter[price]=4610:20000&filter[PriceFrom]=4610&filter[PriceTo]=20000&filter[addCategory]=50&filter[addCatering]=1&filter[addMisc]=0&filter[addTransport]=F&filter[fp]=1&order_by=ofr_price&filter[tourOperator]=0&filter[childAge][1]=20200812","https://fly.pl/cdn/photo/assets/uploads/582/278/2014/09/KIRBIYIK-RESORT-HOTEL.jpg","https://fly.pl/wycieczka/turcja,alanya,mahmutlar/dinler/pKB02qDCFams3t9nsqrQG1AAogZeaKVs_-4sx0-qcrMcpRdQAAAACOdAQAdXQEAAcAEgAqBFdFWlkw2KG60QZIx0RQQVi8BmADahJGcmVlIEJpcmQgQWlybGluZXNqBDA3MDBqBDA5MTByQJ4BlQGYAR8AAgEcABYEFwIS7QMTsgoUlQNMyl1PAECcEhHdbhuWOUv0HVAAIO2hDx0ZDeHlwgkBEmMBDWMBBAYA1Bu6/?operator=WEZY&adults=2&children=2020-08-12&nsv=1&objectId=3900&transport=accommodation_flight&departureDate=2026-07-19&returnDate=2026-07-26&departureLocation=Warszawa%2CWarszawa-Radom%2CWarszawa+-+Modlin%2CWarszawa+-+Radom&opt=delta&catering=all_inclusive","filter_turkey_vacation_jul18_2026","turcja","alanya","mahmutlar","2026-07-19","2026-07-26","8","7","Warszawa,Warszawa-Radom,Warszawa - Modlin,Warszawa - Radom","2+1","turcja|alanya|2026-07-19|2026-07-26|7|Warszawa,Warszawa-Radom,Warszawa - Modlin,Warszawa - Radom|2+1"
"Xafira Deluxe Resort & Spa","8783.0","19.07.2026 - 26.07.2026","8 dni/7 nocy","3.6","3.6","3936","tripadvisor","Warszawa","2026-06-14T11:30:31.274345+00:00","https://fly.pl/kierunek/turcja/?filter[dest]=39:&filter[hotelids]=&filter[cityids]=&filter[cregids]=&filter[ofrType]=&filter[addObjType]=&filter[whenFrom]=18-07-2026&filter[whenTo]=13-08-2026&filter[duration]=7:11&filter[from]=Warszawa,Warszawa-Radom,Warszawa%20-%20Modlin,Warszawa%20-%20Radom&filter[person]=2&filter[child]=1&filter[price]=4610:20000&filter[PriceFrom]=4610&filter[PriceTo]=20000&filter[addCategory]=50&filter[addCatering]=1&filter[addMisc]=0&filter[addTransport]=F&filter[fp]=1&order_by=ofr_price&filter[tourOperator]=0&filter[childAge][1]=20200812","https://fly.pl/cdn/photo/assets/uploads/582/278/2016/09/Xafira-Deluxe-Resort-Spa.jpg","https://fly.pl/wycieczka/turcja,alanya,turkler/alan-xafira-deluxe-resort-spa/pkjWfciMA1cwlyx0o6wBldAAogZEJ7stQeUkTT08Bxv8DVTwAAAACOdAQAdXQEAAcAEgAqBFdFWlkw2KG60QZIz0RQQVi8BmADahJGcmVlIEJpcmQgQWlybGluZXNqBDA3MDBqBDA5MTByQZ4BlQGYAR8AAgEWABwAFwYS7QMTsgoUlQMRqz9Mnx5PAECcEkvnxQFQABuqayDDtg4dGQ3h5cIJARJjAQ1jAQMMoTk00w/?operator=WEZY&adults=2&children=2020-08-12&nsv=1&objectId=144059&transport=accommodation_flight&departureDate=2026-07-19&returnDate=2026-07-26&departureLocation=Warszawa%2CWarszawa-Radom%2CWarszawa+-+Modlin%2CWarszawa+-+Radom&opt=delta&catering=all_inclusive","filter_turkey_vacation_jul18_2026","turcja","alanya","turkler","2026-07-19","2026-07-26","8","7","Warszawa,Warszawa-Radom,Warszawa - Modlin,Warszawa - Radom","2+1","turcja|alanya|2026-07-19|2026-07-26|7|Warszawa,Warszawa-Radom,Warszawa - Modlin,Warszawa - Radom|2+1"
"Insula Resort","8803.0","19.07.2026 - 26.07.2026","8 dni/7 nocy","3.9","3.9","556","tripadvisor","Warszawa","2026-06-14T11:30:31.274345+00:00","https://fly.pl/kierunek/turcja/?filter[dest]=39:&filter[hotelids]=&filter[cityids]=&filter[cregids]=&filter[ofrType]=&filter[addObjType]=&filter[whenFrom]=18-07-2026&filter[whenTo]=13-08-2026&filter[duration]=7:11&filter[from]=Warszawa,Warszawa-Radom,Warszawa%20-%20Modlin,Warszawa%20-%20Radom&filter[person]=2&filter[child]=1&filter[price]=4610:20000&filter[PriceFrom]=4610&filter[PriceTo]=20000&filter[addCategory]=50&filter[addCatering]=1&filter[addMisc]=0&filter[addTransport]=F&filter[fp]=1&order_by=ofr_price&filter[tourOperator]=0&filter[childAge][1]=20200812","https://fly.pl/cdn/photo/assets/uploads/582/278/2015/04/Insula-Resort-fly-pl.jpg","https://fly.pl/wycieczka/turcja,alanya,konakli/insula-resort/pAMeCN1c3H6ba-VjxW7Gk8AAogddAppt2sF6ztzx8fee5PZQAAAACOdAQAdXQEAAcAAQAqBFdFWlkw2KG60QZI40RQQVi8BmADahJGcmVlIEJpcmQgQWlybGluZXNqBDA3MDBqBDA5MTByQZ4BlQGYAR8AAgEWABwAFwYS7QMTsgoUlQNMyl1PAECcEhG-K0upmgFQABuENiDp6w4dGQ3h5cIJARJjAQxjAQMLBies5w/?operator=WEZY&adults=2&children=2020-08-12&nsv=1&objectId=107780&transport=accommodation_flight&departureDate=2026-07-19&returnDate=2026-07-26&departureLocation=Warszawa%2CWarszawa-Radom%2CWarszawa+-+Modlin%2CWarszawa+-+Radom&opt=delta&catering=all_inclusive","filter_turkey_vacation_jul18_2026","turcja","alanya","konakli","2026-07-19","2026-07-26","8","7","Warszawa,Warszawa-Radom,Warszawa - Modlin,Warszawa - Radom","2+1","turcja|alanya|2026-07-19|2026-07-26|7|Warszawa,Warszawa-Radom,Warszawa - Modlin,Warszawa - Radom|2+1"
"Mirage World","8811.0","22.07.2026 - 29.07.2026","8 dni/7 nocy","4.0","4.0","2850","tripadvisor","Warszawa","2026-06-14T11:30:31.274345+00:00","https://fly.pl/kierunek/turcja/?filter[dest]=39:&filter[hotelids]=&filter[cityids]=&filter[cregids]=&filter[ofrType]=&filter[addObjType]=&filter[whenFrom]=18-07-2026&filter[whenTo]=13-08-2026&filter[duration]=7:11&filter[from]=Warszawa,Warszawa-Radom,Warszawa%20-%20Modlin,Warszawa%20-%20Radom&filter[person]=2&filter[child]=1&filter[price]=4610:20000&filter[PriceFrom]=4610&filter[PriceTo]=20000&filter[addCategory]=50&filter[addCatering]=1&filter[addMisc]=0&filter[addTransport]=F&filter[fp]=1&order_by=ofr_price&filter[tourOperator]=0&filter[childAge][1]=20200812","https://fly.pl/cdn/photo/assets/uploads/582/278/2017/02/Mirage-World.jpg","https://fly.pl/wycieczka/turcja,marmaris,icmeler/mirage-world/py6XykkLdDvgq1_DgPNpJnAAogj4FuSNEX_fpOZW0emTvnHWwwGWYjcr-u2x1F0pBV2hYqBE9SRVgw2KG60QZI60RQQViEB2ACagVFLjIuMXI2mwEVBxcAXANYBVYCEfMCQNcDT_tUXSRTgRlSAF6gjgFL7UNhAEzljDoghfuXCQ0AAhJjAQIGwP3aYg/?operator=OREX&adults=2&children=2020-08-12&nsv=1&objectId=1742&transport=accommodation_flight&departureDate=2026-07-22&returnDate=2026-07-29&departureLocation=Warszawa%2CWarszawa-Radom%2CWarszawa+-+Modlin%2CWarszawa+-+Radom&opt=delta&catering=all_inclusive","filter_turkey_vacation_jul18_2026","turcja","marmaris","icmeler","2026-07-22","2026-07-29","8","7","Warszawa,Warszawa-Radom,Warszawa - Modlin,Warszawa - Radom","2+1","turcja|marmaris|2026-07-22|2026-07-29|7|Warszawa,Warszawa-Radom,Warszawa - Modlin,Warszawa - Radom|2+1"
"Cenger Beach Resort (Side)","8857.0","19.07.2026 - 26.07.2026","8 dni/7 nocy","4.0","4.0","1120","tripadvisor","Warszawa","2026-06-14T11:30:31.274345+00:00","https://fly.pl/kierunek/turcja/?filter[dest]=39:&filter[hotelids]=&filter[cityids]=&filter[cregids]=&filter[ofrType]=&filter[addObjType]=&filter[whenFrom]=18-07-2026&filter[whenTo]=13-08-2026&filter[duration]=7:11&filter[from]=Warszawa,Warszawa-Radom,Warszawa%20-%20Modlin,Warszawa%20-%20Radom&filter[person]=2&filter[child]=1&filter[price]=4610:20000&filter[PriceFrom]=4610&filter[PriceTo]=20000&filter[addCategory]=50&filter[addCatering]=1&filter[addMisc]=0&filter[addTransport]=F&filter[fp]=1&order_by=ofr_price&filter[tourOperator]=0&filter[childAge][1]=20200812","https://fly.pl/cdn/photo/assets/uploads/582/278/2015/02/Cenger-Beach-Resort.jpg","https://fly.pl/wycieczka/turcja,side,c/cenger-beach-resort/pZtWtxMPQh-MOuUvwBXNpKAAog90KhcDsYdhBcXPguB9ehnwAAAADFdAQA4XQEAAcAAAAqBFdFWlkw2KG60QZImUVQQVi8BmADaglFbnRlciBBaXJyQ54BHwAcAQIAFgQXAhLtAxXBBRjXARMeFMIDEbZAT-MfTABAnBJQ58UBSwAbs4YEHYqcCyAcDY7lwgkBEmMBDGMBAwvfHb64/?operator=WEZY&adults=2&children=2020-08-12&nsv=1&objectId=31546&transport=accommodation_flight&departureDate=2026-07-19&returnDate=2026-07-26&departureLocation=Warszawa%2CWarszawa-Radom%2CWarszawa+-+Modlin%2CWarszawa+-+Radom&opt=delta&catering=all_inclusive","filter_turkey_vacation_jul18_2026","turcja","side","c","2026-07-19","2026-07-26","8","7","Warszawa,Warszawa-Radom,Warszawa - Modlin,Warszawa - Radom","2+1","turcja|side|2026-07-19|2026-07-26|7|Warszawa,Warszawa-Radom,Warszawa - Modlin,Warszawa - Radom|2+1"
"Seher Resort & Spa","8912.0","18.07.2026 - 25.07.2026","8 dni/7 nocy","3.9","3.9","1089","tripadvisor","Warszawa","2026-06-14T11:30:31.274345+00:00","https://fly.pl/kierunek/turcja/?filter[dest]=39:&filter[hotelids]=&filter[cityids]=&filter[cregids]=&filter[ofrType]=&filter[addObjType]=&filter[whenFrom]=18-07-2026&filter[whenTo]=13-08-2026&filter[duration]=7:11&filter[from]=Warszawa,Warszawa-Radom,Warszawa%20-%20Modlin,Warszawa%20-%20Radom&filter[person]=2&filter[child]=1&filter[price]=4610:20000&filter[PriceFrom]=4610&filter[PriceTo]=20000&filter[addCategory]=50&filter[addCatering]=1&filter[addMisc]=0&filter[addTransport]=F&filter[fp]=1&order_by=ofr_price&filter[tourOperator]=0&filter[childAge][1]=20200812","https://fly.pl/cdn/photo/assets/uploads/582/278/2014/09/Seher-Resort-Spa.jpg","https://fly.pl/wycieczka/turcja,side,colakli/seher-resort/pHSFmYPJ7XjPPM85OdhlkzAAoglkAUwv607tLVFOrDQ0IbAAz77lvs6r-gYLlUM_yvRvwqBEJWQkUw2KG60QZI0EVQAVikBmACagJBSXIiHBGj2QEbi4k_GInTE6sE64wluQSSAgGEp-ixAwIAYwEDBocL_vg/?operator=BVBE&adults=2&children=2020-08-12&nsv=1&objectId=5748&transport=accommodation_flight&departureDate=2026-07-18&returnDate=2026-07-25&departureLocation=Warszawa%2CWarszawa-Radom%2CWarszawa+-+Modlin%2CWarszawa+-+Radom&opt=delta&catering=all_inclusive","filter_turkey_vacation_jul18_2026","turcja","side","colakli","2026-07-18","2026-07-25","8","7","Warszawa,Warszawa-Radom,Warszawa - Modlin,Warszawa - Radom","2+1","turcja|side|2026-07-18|2026-07-25|7|Warszawa,Warszawa-Radom,Warszawa - Modlin,Warszawa - Radom|2+1"
"Fantasia De Luxe Kusadasi","8919.0","22.07.2026 - 29.07.2026","8 dni/7 nocy","4.4","4.4","3839","tripadvisor","Warszawa","2026-06-14T11:30:31.274345+00:00","https://fly.pl/kierunek/turcja/?filter[dest]=39:&filter[hotelids]=&filter[cityids]=&filter[cregids]=&filter[ofrType]=&filter[addObjType]=&filter[whenFrom]=18-07-2026&filter[whenTo]=13-08-2026&filter[duration]=7:11&filter[from]=Warszawa,Warszawa-Radom,Warszawa%20-%20Modlin,Warszawa%20-%20Radom&filter[person]=2&filter[child]=1&filter[price]=4610:20000&filter[PriceFrom]=4610&filter[PriceTo]=20000&filter[addCategory]=50&filter[addCatering]=1&filter[addMisc]=0&filter[addTransport]=F&filter[fp]=1&order_by=ofr_price&filter[tourOperator]=0&filter[childAge][1]=20200812","https://fly.pl/cdn/photo/assets/uploads/582/278/2015/11/Fantasia-De-Luxe-Kusadasi.jpg","https://fly.pl/wycieczka/turcja,kusadasi,c/fantasia-de-luxe-kusadasi/pwrfAJNRiGN9_rlWOZ7FHNAAogUR2TDAw52oVG1wctNfetBmwwGWYjcr-u2x1F0pBV2hYqBE9SRVgw2KG60QZI10VQQViEB2ACagZEUi4yLjFyNpsBFQcXAFwDWAVWAhHvAkDbA0_7VF0kU4EZUgBeoI4BS-1DYQBM5Yw6IIX7lwkNAAISYwECDAYFbAs/?operator=OREX&adults=2&children=2020-08-12&nsv=1&objectId=17585&transport=accommodation_flight&departureDate=2026-07-22&returnDate=2026-07-29&departureLocation=Warszawa%2CWarszawa-Radom%2CWarszawa+-+Modlin%2CWarszawa+-+Radom&opt=delta&catering=all_inclusive","filter_turkey_vacation_jul18_2026","turcja","kusadasi","c","2026-07-22","2026-07-29","8","7","Warszawa,Warszawa-Radom,Warszawa - Modlin,Warszawa - Radom","2+1","turcja|kusadasi|2026-07-22|2026-07-29|7|Warszawa,Warszawa-Radom,Warszawa - Modlin,Warszawa - Radom|2+1"
"Grand Pasa","9117.0","22.07.2026 - 29.07.2026","8 dni/7 nocy","4.4","4.4","4636","tripadvisor","Warszawa","2026-06-14T11:30:31.274345+00:00","https://fly.pl/kierunek/turcja/?filter[dest]=39:&filter[hotelids]=&filter[cityids]=&filter[cregids]=&filter[ofrType]=&filter[addObjType]=&filter[whenFrom]=18-07-2026&filter[whenTo]=13-08-2026&filter[duration]=7:11&filter[from]=Warszawa,Warszawa-Radom,Warszawa%20-%20Modlin,Warszawa%20-%20Radom&filter[person]=2&filter[child]=1&filter[price]=4610:20000&filter[PriceFrom]=4610&filter[PriceTo]=20000&filter[addCategory]=50&filter[addCatering]=1&filter[addMisc]=0&filter[addTransport]=F&filter[fp]=1&order_by=ofr_price&filter[tourOperator]=0&filter[childAge][1]=20200812","https://fly.pl/cdn/photo/assets/uploads/582/278/2016/11/Grand-Pasa-fly-pl-1.jpg","https://fly.pl/wycieczka/turcja,marmaris,c/grand-pasa/prE3K7UfP12C3e7_dusiFDAAogdMjZPuZ4JFzYIwiQFkbR8GwwGWYjcr-u2x1F0pBV2hYqBE9SRVgw2qG60QZInUdQQViEB2ACagZKMC4yLjFyNpsBFQcXAFwDWAVWAkDKBhHhB0-aTV0kU4EZUgBeoI4BS-1DYQBM5Yw6IIX7lwkNAAISYwECBrp09m4/?operator=OREX&adults=2&children=2020-08-12&nsv=1&objectId=1603&transport=accommodation_flight&departureDate=2026-07-22&returnDate=2026-07-29&departureLocation=Warszawa%2CWarszawa-Radom%2CWarszawa+-+Modlin%2CWarszawa+-+Radom&opt=delta&catering=all_inclusive","filter_turkey_vacation_jul18_2026","turcja","marmaris","c","2026-07-22","2026-07-29","8","7","Warszawa,Warszawa-Radom,Warszawa - Modlin,Warszawa - Radom","2+1","turcja|marmaris|2026-07-22|2026-07-29|7|Warszawa,Warszawa-Radom,Warszawa - Modlin,Warszawa - Radom|2+1"
"Ozkaymak Select Resort (ex. Otium Ozkaymak Select)","9186.0","19.07.2026 - 26.07.2026","8 dni/7 nocy","3.7","3.7","631","tripadvisor","Warszawa","2026-06-14T11:30:31.274345+00:00","https://fly.pl/kierunek/turcja/?filter[dest]=39:&filter[hotelids]=&filter[cityids]=&filter[cregids]=&filter[ofrType]=&filter[addObjType]=&filter[whenFrom]=18-07-2026&filter[whenTo]=13-08-2026&filter[duration]=7:11&filter[from]=Warszawa,Warszawa-Radom,Warszawa%20-%20Modlin,Warszawa%20-%20Radom&filter[person]=2&filter[child]=1&filter[price]=4610:20000&filter[PriceFrom]=4610&filter[PriceTo]=20000&filter[addCategory]=50&filter[addCatering]=1&filter[addMisc]=0&filter[addTransport]=F&filter[fp]=1&order_by=ofr_price&filter[tourOperator]=0&filter[childAge][1]=20200812","https://fly.pl/cdn/photo/assets/uploads/582/278/2015/03/Ozkaymak-Select-Resort-Hotel.jpg","https://fly.pl/wycieczka/turcja,alanya,avsallar/ozkaymak-select/pxrQwTAUVfu5IiGA4vhfGnAAogjls52Vooy8OkIzCgpEKDYwAAAACOdAQAdXQEAAcAAAAqBFdFWlkw2qG60QZI4kdQQVi8BmADahJGcmVlIEJpcmQgQWlybGluZXNqBDA3MDBqBDA5MTByQZ4BlQGYAR8AAgEWABwAFwYS7QMTsgoUlQMRvyJMiztPAECcEkvnxQFQABv3MCD28A4dGQ3h5cIJARJjAQxjAQMLaXUPAA/?operator=WEZY&adults=2&children=2020-08-12&nsv=1&objectId=111221&transport=accommodation_flight&departureDate=2026-07-19&returnDate=2026-07-26&departureLocation=Warszawa%2CWarszawa-Radom%2CWarszawa+-+Modlin%2CWarszawa+-+Radom&opt=delta&catering=all_inclusive","filter_turkey_vacation_jul18_2026","turcja","alanya","avsallar","2026-07-19","2026-07-26","8","7","Warszawa,Warszawa-Radom,Warszawa - Modlin,Warszawa - Radom","2+1","turcja|alanya|2026-07-19|2026-07-26|7|Warszawa,Warszawa-Radom,Warszawa - Modlin,Warszawa - Radom|2+1"
"Xoria Deluxe","9190.0","18.07.2026 - 25.07.2026","8 dni/7 nocy","4.1","4.1","2287","tripadvisor","Warszawa","2026-06-14T11:30:31.274345+00:00","https://fly.pl/kierunek/turcja/?filter[dest]=39:&filter[hotelids]=&filter[cityids]=&filter[cregids]=&filter[ofrType]=&filter[addObjType]=&filter[whenFrom]=18-07-2026&filter[whenTo]=13-08-2026&filter[duration]=7:11&filter[from]=Warszawa,Warszawa-Radom,Warszawa%20-%20Modlin,Warszawa%20-%20Radom&filter[person]=2&filter[child]=1&filter[price]=4610:20000&filter[PriceFrom]=4610&filter[PriceTo]=20000&filter[addCategory]=50&filter[addCatering]=1&filter[addMisc]=0&filter[addTransport]=F&filter[fp]=1&order_by=ofr_price&filter[tourOperator]=0&filter[childAge][1]=20200812","https://fly.pl/cdn/photo/assets/uploads/582/278/2018/11/Xoria-Deluxe-fly-pl.jpg","https://fly.pl/wycieczka/turcja,alanya,payallar/xoria/pjbWOsgQNHVD8usNPbe23vAAogC8tDwE1lofxUUzucPuRvO44rnHDhyyP7p1xX0bl-A28qBE9BU0kw2qG60QZI5kdQAVikBmACagNVQUlyIBwRrnq5BI6PD6sEAxvwoA0YzY4RAZLi24UCAgBjAQMM_5nLhw/?operator=OASI&adults=2&children=2020-08-12&nsv=1&objectId=199160&transport=accommodation_flight&departureDate=2026-07-18&returnDate=2026-07-25&departureLocation=Warszawa%2CWarszawa-Radom%2CWarszawa+-+Modlin%2CWarszawa+-+Radom&opt=delta&catering=all_inclusive","filter_turkey_vacation_jul18_2026","turcja","alanya","payallar","2026-07-18","2026-07-25","8","7","Warszawa,Warszawa-Radom,Warszawa - Modlin,Warszawa - Radom","2+1","turcja|alanya|2026-07-18|2026-07-25|7|Warszawa,Warszawa-Radom,Warszawa - Modlin,Warszawa - Radom|2+1"
"Daima Biz (Kemer)","9196.0","19.07.2026 - 26.07.2026","8 dni/7 nocy","3.1","3.1","454","tripadvisor","Warszawa","2026-06-14T11:30:31.274345+00:00","https://fly.pl/kierunek/turcja/?filter[dest]=39:&filter[hotelids]=&filter[cityids]=&filter[cregids]=&filter[ofrType]=&filter[addObjType]=&filter[whenFrom]=18-07-2026&filter[whenTo]=13-08-2026&filter[duration]=7:11&filter[from]=Warszawa,Warszawa-Radom,Warszawa%20-%20Modlin,Warszawa%20-%20Radom&filter[person]=2&filter[child]=1&filter[price]=4610:20000&filter[PriceFrom]=4610&filter[PriceTo]=20000&filter[addCategory]=50&filter[addCatering]=1&filter[addMisc]=0&filter[addTransport]=F&filter[fp]=1&order_by=ofr_price&filter[tourOperator]=0&filter[childAge][1]=20200812","https://fly.pl/cdn/photo/assets/uploads/582/278/2015/04/Daima-Biz-Resort-fly-pl.jpg","https://fly.pl/wycieczka/turcja,kemer,c/daima-biz-resort/pbUy14kXUPaCEpvKykpeB5AAogROgzVuLOVE1MJ0wfyZlbUwAAAACOdAQAq3QEAAcAAQAqBFdFWlkw2qG60QZI7EdQQVi8BmADahJGcmVlIEJpcmQgQWlybGluZXNyQp4BHwAcAQIAFgAXBhLtAxX8BxjSARNkFJUDEdgsT_IwTABAnBJQ58UBSwAbnDEd6vAOIB0NxOXCCQESYwEMYwEDCwbvu0I/?operator=WEZY&adults=2&children=2020-08-12&nsv=1&objectId=35073&transport=accommodation_flight&departureDate=2026-07-19&returnDate=2026-07-26&departureLocation=Warszawa%2CWarszawa-Radom%2CWarszawa+-+Modlin%2CWarszawa+-+Radom&opt=delta&catering=all_inclusive","filter_turkey_vacation_jul18_2026","turcja","kemer","c","2026-07-19","2026-07-26","8","7","Warszawa,Warszawa-Radom,Warszawa - Modlin,Warszawa - Radom","2+1","turcja|kemer|2026-07-19|2026-07-26|7|Warszawa,Warszawa-Radom,Warszawa - Modlin,Warszawa - Radom|2+1"
"Armas Bella Sun (ex.Club Bella Sun)","9251.0","19.07.2026 - 26.07.2026","8 dni/7 nocy","4.1","4.1","1185","tripadvisor","Warszawa","2026-06-14T11:30:31.274345+00:00","https://fly.pl/kierunek/turcja/?filter[dest]=39:&filter[hotelids]=&filter[cityids]=&filter[cregids]=&filter[ofrType]=&filter[addObjType]=&filter[whenFrom]=18-07-2026&filter[whenTo]=13-08-2026&filter[duration]=7:11&filter[from]=Warszawa,Warszawa-Radom,Warszawa%20-%20Modlin,Warszawa%20-%20Radom&filter[person]=2&filter[child]=1&filter[price]=4610:20000&filter[PriceFrom]=4610&filter[PriceTo]=20000&filter[addCategory]=50&filter[addCatering]=1&filter[addMisc]=0&filter[addTransport]=F&filter[fp]=1&order_by=ofr_price&filter[tourOperator]=0&filter[childAge][1]=20200812","https://fly.pl/cdn/photo/assets/uploads/582/278/2015/08/Armas-Bella-Sun.jpg","https://fly.pl/wycieczka/turcja,side,c/club-bella-sun/pnqHAjzeWOPOarSB3ZT0jUAAog4MMQuUUtqZ3hIzIXwVYUVgAAAACOdAQAdXQEAAcAAQAqBFdFWlkw2qG60QZIo0hQQVi8BmADahJGcmVlIEJpcmQgQWlybGluZXNqBDA3MDBqBDA5MTByQZ4BlQGYAR8AAgEWABwAFwYS7QMTsgoUlQNMyl1PAECcEhGCKUvlnAFQABucMSDR8A4dGQ3h5cIJARJjAQxjAQML-T1_Eg/?operator=WEZY&adults=2&children=2020-08-12&nsv=1&objectId=1629&transport=accommodation_flight&departureDate=2026-07-19&returnDate=2026-07-26&departureLocation=Warszawa%2CWarszawa-Radom%2CWarszawa+-+Modlin%2CWarszawa+-+Radom&opt=delta&catering=all_inclusive","filter_turkey_vacation_jul18_2026","turcja","side","c","2026-07-19","2026-07-26","8","7","Warszawa,Warszawa-Radom,Warszawa - Modlin,Warszawa - Radom","2+1","turcja|side|2026-07-19|2026-07-26|7|Warszawa,Warszawa-Radom,Warszawa - Modlin,Warszawa - Radom|2+1"
"Diamond Hill Resort","9306.0","19.07.2026 - 26.07.2026","8 dni/7 nocy","4.3","4.3","2239","tripadvisor","Warszawa","2026-06-14T11:30:31.274345+00:00","https://fly.pl/kierunek/turcja/?filter[dest]=39:&filter[hotelids]=&filter[cityids]=&filter[cregids]=&filter[ofrType]=&filter[addObjType]=&filter[whenFrom]=18-07-2026&filter[whenTo]=13-08-2026&filter[duration]=7:11&filter[from]=Warszawa,Warszawa-Radom,Warszawa%20-%20Modlin,Warszawa%20-%20Radom&filter[person]=2&filter[child]=1&filter[price]=4610:20000&filter[PriceFrom]=4610&filter[PriceTo]=20000&filter[addCategory]=50&filter[addCatering]=1&filter[addMisc]=0&filter[addTransport]=F&filter[fp]=1&order_by=ofr_price&filter[tourOperator]=0&filter[childAge][1]=20200812","https://fly.pl/cdn/photo/assets/uploads/582/278/2014/10/Diamond-Hill-Resort.jpg","https://fly.pl/wycieczka/turcja,alanya,incekum/diamond-hill-resort/pT99NbOeWC2-msCtCVU2rUAAogzadc7nOpKWkjApw7HyxdPwAAAACOdAQAdXQEAAcAAAAqBFdFWlkw2qG60QZI2khQQVi8BmADahJGcmVlIEJpcmQgQWlybGluZXNqBDA3MDBqBDA5MTByQZ4BlQGYAR8AAgEWABwAFwYS7QMTsgoUlQMRlzlMsyRPAECcEkvnxQFQABv3MCD28A4dGQ3h5cIJARJjAQ1jAQMMl3aXUA/?operator=WEZY&adults=2&children=2020-08-12&nsv=1&objectId=77834&transport=accommodation_flight&departureDate=2026-07-19&returnDate=2026-07-26&departureLocation=Warszawa%2CWarszawa-Radom%2CWarszawa+-+Modlin%2CWarszawa+-+Radom&opt=delta&catering=all_inclusive","filter_turkey_vacation_jul18_2026","turcja","alanya","incekum","2026-07-19","2026-07-26","8","7","Warszawa,Warszawa-Radom,Warszawa - Modlin,Warszawa - Radom","2+1","turcja|alanya|2026-07-19|2026-07-26|7|Warszawa,Warszawa-Radom,Warszawa - Modlin,Warszawa - Radom|2+1"
"Armas Gul Beach","9329.0","19.07.2026 - 26.07.2026","8 dni/7 nocy","4.2","4.2","1498","tripadvisor","Warszawa","2026-06-14T11:30:31.274345+00:00","https://fly.pl/kierunek/turcja/?filter[dest]=39:&filter[hotelids]=&filter[cityids]=&filter[cregids]=&filter[ofrType]=&filter[addObjType]=&filter[whenFrom]=18-07-2026&filter[whenTo]=13-08-2026&filter[duration]=7:11&filter[from]=Warszawa,Warszawa-Radom,Warszawa%20-%20Modlin,Warszawa%20-%20Radom&filter[person]=2&filter[child]=1&filter[price]=4610:20000&filter[PriceFrom]=4610&filter[PriceTo]=20000&filter[addCategory]=50&filter[addCatering]=1&filter[addMisc]=0&filter[addTransport]=F&filter[fp]=1&order_by=ofr_price&filter[tourOperator]=0&filter[childAge][1]=20200812","https://fly.pl/cdn/photo/assets/uploads/582/278/2014/09/Armas-Gul-Beach-ex-Otium-Gul-Beach-Resort-fly-pl.jpg","https://fly.pl/wycieczka/turcja,kemer,c/gul-beach/pVTGEWBDgbcV7w1klFA9msAAogvVJb9bu7UqV9zOpcK4YNmgAAAACOdAQAdXQEAAcAAQAqBFdFWlkw2qG60QZI8UhQQVi8BmADahJGcmVlIEJpcmQgQWlybGluZXNqBDA3MDBqBDA5MTByQp4BlQGYAR8AAgEWABwAFwYS7QMTsgoUlQNMyl1PAECcEhHSH0uVpgFQABuR3wEg3MINHRkN4eXCCQESYwEMYwEDC87VS1E/?operator=WEZY&adults=2&children=2020-08-12&nsv=1&objectId=6991&transport=accommodation_flight&departureDate=2026-07-19&returnDate=2026-07-26&departureLocation=Warszawa%2CWarszawa-Radom%2CWarszawa+-+Modlin%2CWarszawa+-+Radom&opt=delta&catering=all_inclusive","filter_turkey_vacation_jul18_2026","turcja","kemer","c","2026-07-19","2026-07-26","8","7","Warszawa,Warszawa-Radom,Warszawa - Modlin,Warszawa - Radom","2+1","turcja|kemer|2026-07-19|2026-07-26|7|Warszawa,Warszawa-Radom,Warszawa - Modlin,Warszawa - Radom|2+1"
"Oz Sui Resort","9350.0","22.07.2026 - 29.07.2026","8 dni/7 nocy","4.6","4.6","1939","tripadvisor","Warszawa","2026-06-14T11:30:31.274345+00:00","https://fly.pl/kierunek/turcja/?filter[dest]=39:&filter[hotelids]=&filter[cityids]=&filter[cregids]=&filter[ofrType]=&filter[addObjType]=&filter[whenFrom]=18-07-2026&filter[whenTo]=13-08-2026&filter[duration]=7:11&filter[from]=Warszawa,Warszawa-Radom,Warszawa%20-%20Modlin,Warszawa%20-%20Radom&filter[person]=2&filter[child]=1&filter[price]=4610:20000&filter[PriceFrom]=4610&filter[PriceTo]=20000&filter[addCategory]=50&filter[addCatering]=1&filter[addMisc]=0&filter[addTransport]=F&filter[fp]=1&order_by=ofr_price&filter[tourOperator]=0&filter[childAge][1]=20200812","https://fly.pl/cdn/photo/assets/uploads/582/278/2016/02/Oz-Hotels-Sui-Resort.jpg","https://fly.pl/wycieczka/turcja,alanya,c/sui-resort/pppcIz1GCRuwZ8JtRNjreyAAogefW-8JrXi1ozA_H_OMydhwLuLr51ZXfiuqRu7D0QClcqBEVYSU0w2qG60QZIhklQAViEB2ACagJBSXIhHBG9uAarBKPUQLkEZRvWoDcY55I7AbDRkp4KAhJjAQIG6uZmXA/?operator=EXIM&adults=2&children=2020-08-12&nsv=1&objectId=178996&transport=accommodation_flight&departureDate=2026-07-22&returnDate=2026-07-29&departureLocation=Warszawa%2CWarszawa-Radom%2CWarszawa+-+Modlin%2CWarszawa+-+Radom&opt=delta&catering=all_inclusive","filter_turkey_vacation_jul18_2026","turcja","alanya","c","2026-07-22","2026-07-29","8","7","Warszawa,Warszawa-Radom,Warszawa - Modlin,Warszawa - Radom","2+1","turcja|alanya|2026-07-22|2026-07-29|7|Warszawa,Warszawa-Radom,Warszawa - Modlin,Warszawa - Radom|2+1"
"M. C. Arancia Resort","9383.0","19.07.2026 - 26.07.2026","8 dni/7 nocy","3.7","3.7","2742","tripadvisor","Warszawa","2026-06-14T11:30:31.274345+00:00","https://fly.pl/kierunek/turcja/?filter[dest]=39:&filter[hotelids]=&filter[cityids]=&filter[cregids]=&filter[ofrType]=&filter[addObjType]=&filter[whenFrom]=18-07-2026&filter[whenTo]=13-08-2026&filter[duration]=7:11&filter[from]=Warszawa,Warszawa-Radom,Warszawa%20-%20Modlin,Warszawa%20-%20Radom&filter[person]=2&filter[child]=1&filter[price]=4610:20000&filter[PriceFrom]=4610&filter[PriceTo]=20000&filter[addCategory]=50&filter[addCatering]=1&filter[addMisc]=0&filter[addTransport]=F&filter[fp]=1&order_by=ofr_price&filter[tourOperator]=0&filter[childAge][1]=20200812","https://fly.pl/cdn/photo/assets/uploads/582/278/2015/04/M.-C.-Arancia-Resort-fly-pl.jpg","https://fly.pl/wycieczka/turcja,alanya,konakli/m-c-arancia-resort/p9RxtErMRQpXl9AsXif9g6AAogxe1FzIHO5fhW1GglguZujwAAAACOdAQAdXQEAAcAAAAqBFdFWlkw2qG60QZIp0lQQVi8BmADahJGcmVlIEJpcmQgQWlybGluZXNqBDA3MDBqBDA5MTByQJ4BlQGYAR8AHAECABYAFwYS7QMRGBOaChSVA0zKXU8AQJwSS-fFAVAAG_cwIPbwDh0ZDeHlwgkBEmMBDGMBAwvEmuTa/?operator=WEZY&adults=2&children=2020-08-12&nsv=1&objectId=1590&transport=accommodation_flight&departureDate=2026-07-19&returnDate=2026-07-26&departureLocation=Warszawa%2CWarszawa-Radom%2CWarszawa+-+Modlin%2CWarszawa+-+Radom&opt=delta&catering=all_inclusive","filter_turkey_vacation_jul18_2026","turcja","alanya","konakli","2026-07-19","2026-07-26","8","7","Warszawa,Warszawa-Radom,Warszawa - Modlin,Warszawa - Radom","2+1","turcja|alanya|2026-07-19|2026-07-26|7|Warszawa,Warszawa-Radom,Warszawa - Modlin,Warszawa - Radom|2+1"
"Presa Di Finica (Finike)","9397.0","23.07.2026 - 30.07.2026","8 dni/7 nocy","4.0","4.0","677","tripadvisor","Warszawa","2026-06-14T11:30:31.274345+00:00","https://fly.pl/kierunek/turcja/?filter[dest]=39:&filter[hotelids]=&filter[cityids]=&filter[cregids]=&filter[ofrType]=&filter[addObjType]=&filter[whenFrom]=18-07-2026&filter[whenTo]=13-08-2026&filter[duration]=7:11&filter[from]=Warszawa,Warszawa-Radom,Warszawa%20-%20Modlin,Warszawa%20-%20Radom&filter[person]=2&filter[child]=1&filter[price]=4610:20000&filter[PriceFrom]=4610&filter[PriceTo]=20000&filter[addCategory]=50&filter[addCatering]=1&filter[addMisc]=0&filter[addTransport]=F&filter[fp]=1&order_by=ofr_price&filter[tourOperator]=0&filter[childAge][1]=20200812","https://fly.pl/cdn/photo/assets/uploads/582/278/2016/02/presa-di-finica.jpg","https://fly.pl/wycieczka/turcja,kemer,finike/presa-di-finica-finike/p_4oR9LATuqt0KA9fmoVovAAogjTQAmhIrd9qWVd5U4n6NRFcbW0kfwNyF5b7TGk4Wi78qBFZJVFgw2qG60QZItUlQQVicB2ACcj8aABUHFwBcA1gFQI8DU-drUgBb2BdevnxLgRJhAEyOqy4NyY6kCSAAUbuT9u1YT8PjIV3Ej9OLhQECDmMBAg0Uh9i-/?operator=VITX&adults=2&children=2020-08-12&nsv=1&objectId=1686&transport=accommodation_flight&departureDate=2026-07-23&returnDate=2026-07-30&departureLocation=Warszawa%2CWarszawa-Radom%2CWarszawa+-+Modlin%2CWarszawa+-+Radom&opt=delta&catering=all_inclusive","filter_turkey_vacation_jul18_2026","turcja","kemer","finike","2026-07-23","2026-07-30","8","7","Warszawa,Warszawa-Radom,Warszawa - Modlin,Warszawa - Radom","2+1","turcja|kemer|2026-07-23|2026-07-30|7|Warszawa,Warszawa-Radom,Warszawa - Modlin,Warszawa - Radom|2+1"
"Beach Club Doganay","9401.0","19.07.2026 - 26.07.2026","8 dni/7 nocy","4.1","4.1","2231","tripadvisor","Warszawa","2026-06-14T11:30:31.274345+00:00","https://fly.pl/kierunek/turcja/?filter[dest]=39:&filter[hotelids]=&filter[cityids]=&filter[cregids]=&filter[ofrType]=&filter[addObjType]=&filter[whenFrom]=18-07-2026&filter[whenTo]=13-08-2026&filter[duration]=7:11&filter[from]=Warszawa,Warszawa-Radom,Warszawa%20-%20Modlin,Warszawa%20-%20Radom&filter[person]=2&filter[child]=1&filter[price]=4610:20000&filter[PriceFrom]=4610&filter[PriceTo]=20000&filter[addCategory]=50&filter[addCatering]=1&filter[addMisc]=0&filter[addTransport]=F&filter[fp]=1&order_by=ofr_price&filter[tourOperator]=0&filter[childAge][1]=20200812","https://fly.pl/cdn/photo/assets/uploads/582/278/2015/04/Beach-Club-Doganay.jpg","https://fly.pl/wycieczka/turcja,alanya,konakli/beach-club-doganay/pIrjEYO_GcO7NTNA-ik0b1AAoguPDgvyIHU6GWGPsCLK0JPAAAAACOdAQAdXQEAAcAAAAqBFdFWlkw2qG60QZIuUlQQVi8BmADahJGcmVlIEJpcmQgQWlybGluZXNqBDA3MDBqBDA5MTByQZ4BlQGYAR8AAgEWABwAFwYS7QMTsgoUlQNMyl1PAECcEhGjJkvEnwFQABvccyCRrg4dGQ3h5cIJARJjAQtjAQMKPUqQ6w/?operator=WEZY&adults=2&children=2020-08-12&nsv=1&objectId=1594&transport=accommodation_flight&departureDate=2026-07-19&returnDate=2026-07-26&departureLocation=Warszawa%2CWarszawa-Radom%2CWarszawa+-+Modlin%2CWarszawa+-+Radom&opt=delta&catering=all_inclusive","filter_turkey_vacation_jul18_2026","turcja","alanya","konakli","2026-07-19","2026-07-26","8","7","Warszawa,Warszawa-Radom,Warszawa - Modlin,Warszawa - Radom","2+1","turcja|alanya|2026-07-19|2026-07-26|7|Warszawa,Warszawa-Radom,Warszawa - Modlin,Warszawa - Radom|2+1"
"Ozkaymak Marina (Kemer)","9413.0","20.07.2026 - 27.07.2026","8 dni/7 nocy","3.9","3.9","1208","tripadvisor","Warszawa","2026-06-14T11:30:31.274345+00:00","https://fly.pl/kierunek/turcja/?filter[dest]=39:&filter[hotelids]=&filter[cityids]=&filter[cregids]=&filter[ofrType]=&filter[addObjType]=&filter[whenFrom]=18-07-2026&filter[whenTo]=13-08-2026&filter[duration]=7:11&filter[from]=Warszawa,Warszawa-Radom,Warszawa%20-%20Modlin,Warszawa%20-%20Radom&filter[person]=2&filter[child]=1&filter[price]=4610:20000&filter[PriceFrom]=4610&filter[PriceTo]=20000&filter[addCategory]=50&filter[addCatering]=1&filter[addMisc]=0&filter[addTransport]=F&filter[fp]=1&order_by=ofr_price&filter[tourOperator]=0&filter[childAge][1]=20200812","https://fly.pl/cdn/photo/assets/uploads/582/278/2016/05/Ozkaymak-Kemer-Marina.jpg","https://fly.pl/wycieczka/turcja,kemer,c/ozkaymak-kemer-marina/pBvqTjrev2-pg5yhoVbTRxAAogtachTxscPgJgY52erRuMF011eDE-prut4HX7XxcZmEkqBEpPSU4w2qG60QZIxUlQAVjUBmACagJVQXIgHBG2RrkElL0CqwQoG8CbJxiB1AIB3K20oAECEmMBAwtuaMPg/?operator=JOIN&adults=2&children=2020-08-12&nsv=1&objectId=2059&transport=accommodation_flight&departureDate=2026-07-20&returnDate=2026-07-27&departureLocation=Warszawa%2CWarszawa-Radom%2CWarszawa+-+Modlin%2CWarszawa+-+Radom&opt=delta&catering=all_inclusive","filter_turkey_vacation_jul18_2026","turcja","kemer","c","2026-07-20","2026-07-27","8","7","Warszawa,Warszawa-Radom,Warszawa - Modlin,Warszawa - Radom","2+1","turcja|kemer|2026-07-20|2026-07-27|7|Warszawa,Warszawa-Radom,Warszawa - Modlin,Warszawa - Radom|2+1"
"The Nora Hotels Family Club (Kargicak)","9416.0","20.07.2026 - 27.07.2026","8 dni/7 nocy","2.6","2.6","136","tripadvisor","Warszawa","2026-06-14T11:30:31.274345+00:00","https://fly.pl/kierunek/turcja/?filter[dest]=39:&filter[hotelids]=&filter[cityids]=&filter[cregids]=&filter[ofrType]=&filter[addObjType]=&filter[whenFrom]=18-07-2026&filter[whenTo]=13-08-2026&filter[duration]=7:11&filter[from]=Warszawa,Warszawa-Radom,Warszawa%20-%20Modlin,Warszawa%20-%20Radom&filter[person]=2&filter[child]=1&filter[price]=4610:20000&filter[PriceFrom]=4610&filter[PriceTo]=20000&filter[addCategory]=50&filter[addCatering]=1&filter[addMisc]=0&filter[addTransport]=F&filter[fp]=1&order_by=ofr_price&filter[tourOperator]=0&filter[childAge][1]=20200812","https://fly.pl/cdn/photo/assets/uploads/582/278/2024/07/scylax-family-club-kargicak.jpg","https://fly.pl/wycieczka/turcja,alanya,mahmutlar/scylax-family-club-kargicak-15/pBpCkyXTazaAmd-deiQEESAAogeOqVyLX8iTEWAoExNpYy2011eDE-prut4HX7XxcZmEkqBEpPSU4w2qG60QZIyElQAVjUBmACagJBSXIgHBH6RLkE0L4CqwQoG5yYJxiG2gIB1cWpoAECEmMBAg5Eqc9l/?operator=JOIN&adults=2&children=2020-08-12&nsv=1&objectId=219065&transport=accommodation_flight&departureDate=2026-07-20&returnDate=2026-07-27&departureLocation=Warszawa%2CWarszawa-Radom%2CWarszawa+-+Modlin%2CWarszawa+-+Radom&opt=delta&catering=all_inclusive","filter_turkey_vacation_jul18_2026","turcja","alanya","mahmutlar","2026-07-20","2026-07-27","8","7","Warszawa,Warszawa-Radom,Warszawa - Modlin,Warszawa - Radom","2+1","turcja|alanya|2026-07-20|2026-07-27|7|Warszawa,Warszawa-Radom,Warszawa - Modlin,Warszawa - Radom|2+1"
"Viking Star","9419.0","21.07.2026 - 29.07.2026","9 dni/8 nocy","4.1","4.1","1495","tripadvisor","Warszawa","2026-06-14T11:30:31.274345+00:00","https://fly.pl/kierunek/turcja/?filter[dest]=39:&filter[hotelids]=&filter[cityids]=&filter[cregids]=&filter[ofrType]=&filter[addObjType]=&filter[whenFrom]=18-07-2026&filter[whenTo]=13-08-2026&filter[duration]=7:11&filter[from]=Warszawa,Warszawa-Radom,Warszawa%20-%20Modlin,Warszawa%20-%20Radom&filter[person]=2&filter[child]=1&filter[price]=4610:20000&filter[PriceFrom]=4610&filter[PriceTo]=20000&filter[addCategory]=50&filter[addCatering]=1&filter[addMisc]=0&filter[addTransport]=F&filter[fp]=1&order_by=ofr_price&filter[tourOperator]=0&filter[childAge][1]=20200812","https://fly.pl/cdn/photo/assets/uploads/582/278/2014/09/Viking-Star.jpg","https://fly.pl/wycieczka/turcja,kemer,c/viking-star/p_P9aLjWdtE-haQ3WnSC6EAAoghn9BvaTcxJIYjv1CeSFNVmcowcRFSimdZCEXnLk7UoMqBE9SRVgw2qG60QZIy0lQQVjsBmACagVFLjIuMXI1mwEVCBcAXAJYBVYCEXNA1wVP20BdJFOrJ1IAXpaUAUvtQ2EATOWMOiCE-5cJDQACEmMBAwu645il/?operator=OREX&adults=2&children=2020-08-12&nsv=1&objectId=2836&transport=accommodation_flight&departureDate=2026-07-21&returnDate=2026-07-29&departureLocation=Warszawa%2CWarszawa-Radom%2CWarszawa+-+Modlin%2CWarszawa+-+Radom&opt=delta&catering=all_inclusive","filter_turkey_vacation_jul18_2026","turcja","kemer","c","2026-07-21","2026-07-29","9","8","Warszawa,Warszawa-Radom,Warszawa - Modlin,Warszawa - Radom","2+1","turcja|kemer|2026-07-21|2026-07-29|8|Warszawa,Warszawa-Radom,Warszawa - Modlin,Warszawa - Radom|2+1"
"Armella Hill","9446.0","19.07.2026 - 26.07.2026","8 dni/7 nocy","4.1","4.1","146","tripadvisor","Warszawa","2026-06-14T11:30:31.274345+00:00","https://fly.pl/kierunek/turcja/?filter[dest]=39:&filter[hotelids]=&filter[cityids]=&filter[cregids]=&filter[ofrType]=&filter[addObjType]=&filter[whenFrom]=18-07-2026&filter[whenTo]=13-08-2026&filter[duration]=7:11&filter[from]=Warszawa,Warszawa-Radom,Warszawa%20-%20Modlin,Warszawa%20-%20Radom&filter[person]=2&filter[child]=1&filter[price]=4610:20000&filter[PriceFrom]=4610&filter[PriceTo]=20000&filter[addCategory]=50&filter[addCatering]=1&filter[addMisc]=0&filter[addTransport]=F&filter[fp]=1&order_by=ofr_price&filter[tourOperator]=0&filter[childAge][1]=20200812","https://fly.pl/cdn/photo/assets/uploads/582/278/2024/07/armella-hill.jpg","https://fly.pl/wycieczka/turcja,side,manavgat/armella-hill-11/pSeowS2-dgLHqj41U3NxTWAAogBZSNsyMO2jgVPqBMDNE9XAAAAACOdAQAdXQEAAcAEgAqBFdFWlkw2qG60QZI5klQQVi8BmADahJGcmVlIEJpcmQgQWlybGluZXNqBDA3MDBqBDA5MTByQZ4BlQGYAR8AAgEWABwAFwYS7QMTsgoUlQNMyl1PAECcEhG9mQFLqixQABuzViC6yw4dGQ3h5cIJARJjAQxjAQMKoSagWQ/?operator=WEZY&adults=2&children=2020-08-12&nsv=1&objectId=215689&transport=accommodation_flight&departureDate=2026-07-19&returnDate=2026-07-26&departureLocation=Warszawa%2CWarszawa-Radom%2CWarszawa+-+Modlin%2CWarszawa+-+Radom&opt=delta&catering=all_inclusive","filter_turkey_vacation_jul18_2026","turcja","side","manavgat","2026-07-19","2026-07-26","8","7","Warszawa,Warszawa-Radom,Warszawa - Modlin,Warszawa - Radom","2+1","turcja|side|2026-07-19|2026-07-26|7|Warszawa,Warszawa-Radom,Warszawa - Modlin,Warszawa - Radom|2+1"
"Sultan of Dreams","9465.0","22.07.2026 - 29.07.2026","8 dni/7 nocy","3.2","3.2","398","tripadvisor","Warszawa","2026-06-14T11:30:31.274345+00:00","https://fly.pl/kierunek/turcja/?filter[dest]=39:&filter[hotelids]=&filter[cityids]=&filter[cregids]=&filter[ofrType]=&filter[addObjType]=&filter[whenFrom]=18-07-2026&filter[whenTo]=13-08-2026&filter[duration]=7:11&filter[from]=Warszawa,Warszawa-Radom,Warszawa%20-%20Modlin,Warszawa%20-%20Radom&filter[person]=2&filter[child]=1&filter[price]=4610:20000&filter[PriceFrom]=4610&filter[PriceTo]=20000&filter[addCategory]=50&filter[addCatering]=1&filter[addMisc]=0&filter[addTransport]=F&filter[fp]=1&order_by=ofr_price&filter[tourOperator]=0&filter[childAge][1]=20200812","https://fly.pl/cdn/photo/assets/uploads/582/278/2015/04/Sultan-of-Dreams-fly-pl.jpg","https://fly.pl/wycieczka/turcja,side,manavgat/sultan-of-dreams/pplYL_FemIgriSOAxvsLBsAAogKUIV2LuvEuD_OON2kX_hEQLuLr51ZXfiuqRu7D0QClcqBEVYSU0w2qG60QZI-UlQAViEB2ACagJBSXIhHBHI7wWrBJidQbkEZRvr4iQY5745AeW63fUIAhJjAQIMQ_4GPg/?operator=EXIM&adults=2&children=2020-08-12&nsv=1&objectId=105413&transport=accommodation_flight&departureDate=2026-07-22&returnDate=2026-07-29&departureLocation=Warszawa%2CWarszawa-Radom%2CWarszawa+-+Modlin%2CWarszawa+-+Radom&opt=delta&catering=all_inclusive","filter_turkey_vacation_jul18_2026","turcja","side","manavgat","2026-07-22","2026-07-29","8","7","Warszawa,Warszawa-Radom,Warszawa - Modlin,Warszawa - Radom","2+1","turcja|side|2026-07-22|2026-07-29|7|Warszawa,Warszawa-Radom,Warszawa - Modlin,Warszawa - Radom|2+1"
"Sunland Resort (ex. Imperial Sunland Resort & Spa)","9483.0","19.07.2026 - 26.07.2026","8 dni/7 nocy","4.0","4.0","1481","tripadvisor","Warszawa","2026-06-14T11:30:31.274345+00:00","https://fly.pl/kierunek/turcja/?filter[dest]=39:&filter[hotelids]=&filter[cityids]=&filter[cregids]=&filter[ofrType]=&filter[addObjType]=&filter[whenFrom]=18-07-2026&filter[whenTo]=13-08-2026&filter[duration]=7:11&filter[from]=Warszawa,Warszawa-Radom,Warszawa%20-%20Modlin,Warszawa%20-%20Radom&filter[person]=2&filter[child]=1&filter[price]=4610:20000&filter[PriceFrom]=4610&filter[PriceTo]=20000&filter[addCategory]=50&filter[addCatering]=1&filter[addMisc]=0&filter[addTransport]=F&filter[fp]=1&order_by=ofr_price&filter[tourOperator]=0&filter[childAge][1]=20200812","https://fly.pl/cdn/photo/assets/uploads/582/278/2015/04/Imperial-Sunland-Resort-Spa.jpg","https://fly.pl/wycieczka/turcja,kemer,beldibi/sunland-resort/pvmR4Oo5VV4rvFhlCl5CcoAAogsgh6IcoxTppI0aNIRJ89jwAAAACOdAQAdXQEAAcAAAAqBFdFWlkw2qG60QZIi0pQQVi8BmADahJGcmVlIEJpcmQgQWlybGluZXNqBDA3MDBqBDA5MTByQp4BlQGYAR8AAgEWABwAFwYS7QMTsgoUlQMRzSFM_TtPAECcEkvnxQFQACDtoQ8dGRvh-EkNgO34CAESYwEHYwEDBuHFRyw/?operator=WEZY&adults=2&children=2020-08-12&nsv=1&objectId=2088&transport=accommodation_flight&departureDate=2026-07-19&returnDate=2026-07-26&departureLocation=Warszawa%2CWarszawa-Radom%2CWarszawa+-+Modlin%2CWarszawa+-+Radom&opt=delta&catering=all_inclusive","filter_turkey_vacation_jul18_2026","turcja","kemer","beldibi","2026-07-19","2026-07-26","8","7","Warszawa,Warszawa-Radom,Warszawa - Modlin,Warszawa - Radom","2+1","turcja|kemer|2026-07-19|2026-07-26|7|Warszawa,Warszawa-Radom,Warszawa - Modlin,Warszawa - Radom|2+1"
"Cenger Blue Collection","9510.0","22.07.2026 - 29.07.2026","8 dni/7 nocy","","","","","Warszawa","2026-06-14T11:30:31.274345+00:00","https://fly.pl/kierunek/turcja/?filter[dest]=39:&filter[hotelids]=&filter[cityids]=&filter[cregids]=&filter[ofrType]=&filter[addObjType]=&filter[whenFrom]=18-07-2026&filter[whenTo]=13-08-2026&filter[duration]=7:11&filter[from]=Warszawa,Warszawa-Radom,Warszawa%20-%20Modlin,Warszawa%20-%20Radom&filter[person]=2&filter[child]=1&filter[price]=4610:20000&filter[PriceFrom]=4610&filter[PriceTo]=20000&filter[addCategory]=50&filter[addCatering]=1&filter[addMisc]=0&filter[addTransport]=F&filter[fp]=1&order_by=ofr_price&filter[tourOperator]=0&filter[childAge][1]=20200812","https://datacfstatic.merlinx.pl/EXIM/IMG/107730/67efe0da2a917882a30c9479fe604bc779a4db7a7963a6442cb1e1cab1a455d2.webp","https://fly.pl/wycieczka/turcja,side,kizilot/cenger-blue-collection-12/p_0rKQMkUkKtoohD1okvttAAog-d2t2B_5cwxX642tLkevUALuLr51ZXfiuqRu7D0QClcqBEVYSU0w2qG60QZIpkpQAViEB2ACagNVQUlyIRwR0skGqwSOw0C5BGUb0ro5GMHWPQHJ7-vmCgISYwECBq-Ptxk/?operator=EXIM&adults=2&children=2020-08-12&nsv=1&objectId=236585&transport=accommodation_flight&departureDate=2026-07-22&returnDate=2026-07-29&departureLocation=Warszawa%2CWarszawa-Radom%2CWarszawa+-+Modlin%2CWarszawa+-+Radom&opt=delta&catering=all_inclusive","filter_turkey_vacation_jul18_2026","turcja","side","kizilot","2026-07-22","2026-07-29","8","7","Warszawa,Warszawa-Radom,Warszawa - Modlin,Warszawa - Radom","2+1","turcja|side|2026-07-22|2026-07-29|7|Warszawa,Warszawa-Radom,Warszawa - Modlin,Warszawa - Radom|2+1"
"Selectum Colours Side","9581.0","21.07.2026 - 29.07.2026","9 dni/8 nocy","3.9","3.9","1171","tripadvisor","Warszawa","2026-06-14T11:30:31.274345+00:00","https://fly.pl/kierunek/turcja/?filter[dest]=39:&filter[hotelids]=&filter[cityids]=&filter[cregids]=&filter[ofrType]=&filter[addObjType]=&filter[whenFrom]=18-07-2026&filter[whenTo]=13-08-2026&filter[duration]=7:11&filter[from]=Warszawa,Warszawa-Radom,Warszawa%20-%20Modlin,Warszawa%20-%20Radom&filter[person]=2&filter[child]=1&filter[price]=4610:20000&filter[PriceFrom]=4610&filter[PriceTo]=20000&filter[addCategory]=50&filter[addCatering]=1&filter[addMisc]=0&filter[addTransport]=F&filter[fp]=1&order_by=ofr_price&filter[tourOperator]=0&filter[childAge][1]=20200812","https://datacfstatic.merlinx.pl/OREX/IMG/5779/7e6360396de02c5442f31d6c0d3b7fe85f7954c8ecb6c757744a46918d739685.webp","https://fly.pl/wycieczka/turcja,side,manavgat/fun-sun-life-side-14/pTD9PE_unBZRwhErKWPsEWAAogt3d81pGBiPnr87_OFgtZCGcowcRFSimdZCEXnLk7UoMqBE9SRVgw2qG60QZI7UpQQVjsBmACagdFQkYuMi4xcjabARUIFwBYB1YCXAhAwgYRuCZPoxpdJFOrJ1IAXpaUAUvtQ2EATOWMOiCE-5cJDQACEmMBAguJ5ccH/?operator=OREX&adults=2&children=2020-08-12&nsv=1&objectId=205200&transport=accommodation_flight&departureDate=2026-07-21&returnDate=2026-07-29&departureLocation=Warszawa%2CWarszawa-Radom%2CWarszawa+-+Modlin%2CWarszawa+-+Radom&opt=delta&catering=all_inclusive","filter_turkey_vacation_jul18_2026","turcja","side","manavgat","2026-07-21","2026-07-29","9","8","Warszawa,Warszawa-Radom,Warszawa - Modlin,Warszawa - Radom","2+1","turcja|side|2026-07-21|2026-07-29|8|Warszawa,Warszawa-Radom,Warszawa - Modlin,Warszawa - Radom|2+1"
"Kaila Beach (ex Katya)","9591.0","19.07.2026 - 26.07.2026","8 dni/7 nocy","4.4","4.4","1795","tripadvisor","Warszawa","2026-06-14T11:30:31.274345+00:00","https://fly.pl/kierunek/turcja/?filter[dest]=39:&filter[hotelids]=&filter[cityids]=&filter[cregids]=&filter[ofrType]=&filter[addObjType]=&filter[whenFrom]=18-07-2026&filter[whenTo]=13-08-2026&filter[duration]=7:11&filter[from]=Warszawa,Warszawa-Radom,Warszawa%20-%20Modlin,Warszawa%20-%20Radom&filter[person]=2&filter[child]=1&filter[price]=4610:20000&filter[PriceFrom]=4610&filter[PriceTo]=20000&filter[addCategory]=50&filter[addCatering]=1&filter[addMisc]=0&filter[addTransport]=F&filter[fp]=1&order_by=ofr_price&filter[tourOperator]=0&filter[childAge][1]=20200812","https://fly.pl/cdn/photo/assets/uploads/582/278/2014/09/Kaila-Beach.jpg","https://fly.pl/wycieczka/turcja,alanya,c/krizantem-katya/pYSpYluA4wM1XX2dWIXFWXAAogA1fhEJkKZVi_BsbRcCmRUgAAAACOdAQAdXQEAAcAAQAqBFdFWlkw2qG60QZI90pQQVi8BmADahJGcmVlIEJpcmQgQWlybGluZXNqBDA3MDBqBDA5MTByQZ4BlQGYAR8AHAECABYEFwIS7QMRLxODChSVA0zKXU8AQJwSS-fFAVAAIO2hDx0ZG6rABQ23pb0JARJjAQxjAQILEvgCRw/?operator=WEZY&adults=2&children=2020-08-12&nsv=1&objectId=3934&transport=accommodation_flight&departureDate=2026-07-19&returnDate=2026-07-26&departureLocation=Warszawa%2CWarszawa-Radom%2CWarszawa+-+Modlin%2CWarszawa+-+Radom&opt=delta&catering=all_inclusive","filter_turkey_vacation_jul18_2026","turcja","alanya","c","2026-07-19","2026-07-26","8","7","Warszawa,Warszawa-Radom,Warszawa - Modlin,Warszawa - Radom","2+1","turcja|alanya|2026-07-19|2026-07-26|7|Warszawa,Warszawa-Radom,Warszawa - Modlin,Warszawa - Radom|2+1"
"Side Moon Palace","9601.0","20.07.2026 - 27.07.2026","8 dni/7 nocy","4.4","4.4","992","tripadvisor","Warszawa","2026-06-14T11:30:31.274345+00:00","https://fly.pl/kierunek/turcja/?filter[dest]=39:&filter[hotelids]=&filter[cityids]=&filter[cregids]=&filter[ofrType]=&filter[addObjType]=&filter[whenFrom]=18-07-2026&filter[whenTo]=13-08-2026&filter[duration]=7:11&filter[from]=Warszawa,Warszawa-Radom,Warszawa%20-%20Modlin,Warszawa%20-%20Radom&filter[person]=2&filter[child]=1&filter[price]=4610:20000&filter[PriceFrom]=4610&filter[PriceTo]=20000&filter[addCategory]=50&filter[addCatering]=1&filter[addMisc]=0&filter[addTransport]=F&filter[fp]=1&order_by=ofr_price&filter[tourOperator]=0&filter[childAge][1]=20200812","https://fly.pl/cdn/photo/assets/uploads/582/278/2023/12/Side-Moon-Palace.jpg","https://fly.pl/wycieczka/turcja,side,c/side-moon-palace-15/p6BY-cRsUn-5qh2d7uPe0AAAogcvaxnfpCB0pLdCieb3nUq011eDE-prut4HX7XxcZmEkqBEpPSU4w2qG60QZIgUtQAVjUBmACagJVQXIgHBGuRbkEnL4CqwQoG9zDJxiu0gIB1LPEogECEmMBAgpITkp4/?operator=JOIN&adults=2&children=2020-08-12&nsv=1&objectId=226656&transport=accommodation_flight&departureDate=2026-07-20&returnDate=2026-07-27&departureLocation=Warszawa%2CWarszawa-Radom%2CWarszawa+-+Modlin%2CWarszawa+-+Radom&opt=delta&catering=all_inclusive","filter_turkey_vacation_jul18_2026","turcja","side","c","2026-07-20","2026-07-27","8","7","Warszawa,Warszawa-Radom,Warszawa - Modlin,Warszawa - Radom","2+1","turcja|side|2026-07-20|2026-07-27|7|Warszawa,Warszawa-Radom,Warszawa - Modlin,Warszawa - Radom|2+1"
"Palemon Resort & Spa","9606.0","19.07.2026 - 26.07.2026","8 dni/7 nocy","","","","","Warszawa","2026-06-14T11:30:31.274345+00:00","https://fly.pl/kierunek/turcja/?filter[dest]=39:&filter[hotelids]=&filter[cityids]=&filter[cregids]=&filter[ofrType]=&filter[addObjType]=&filter[whenFrom]=18-07-2026&filter[whenTo]=13-08-2026&filter[duration]=7:11&filter[from]=Warszawa,Warszawa-Radom,Warszawa%20-%20Modlin,Warszawa%20-%20Radom&filter[person]=2&filter[child]=1&filter[price]=4610:20000&filter[PriceFrom]=4610&filter[PriceTo]=20000&filter[addCategory]=50&filter[addCatering]=1&filter[addMisc]=0&filter[addTransport]=F&filter[fp]=1&order_by=ofr_price&filter[tourOperator]=0&filter[childAge][1]=20200812","https://datacfstatic.merlinx.pl/WEZY/IMG/75846/cccb44589cc7490965acc664a5597084c6c6b69af6d5deccb3149abe92dc0513.webp","https://fly.pl/wycieczka/turcja,side,manavgat/palemon-resort-spa-14/pO0bTmG9BUuQrGnO6uoLPqAAogctXOpJFtl4bRv5ZI8iZ9IwAAAADFdAQA4XQEAAcAEgAqBFdFWlkw2qG60QZIhktQQVi8BmADaglFbnRlciBBaXJyRJ4BHwAcAQIAFgAXBhLtAxXBBRjXARMeFMIDTJlgTwBAnBJQ58UBSwARvokCHf-YDSAcG-70ZA2g8N0IARJjAQ1jAQIMBd6nlg/?operator=WEZY&adults=2&children=2020-08-12&nsv=1&objectId=231955&transport=accommodation_flight&departureDate=2026-07-19&returnDate=2026-07-26&departureLocation=Warszawa%2CWarszawa-Radom%2CWarszawa+-+Modlin%2CWarszawa+-+Radom&opt=delta&catering=all_inclusive","filter_turkey_vacation_jul18_2026","turcja","side","manavgat","2026-07-19","2026-07-26","8","7","Warszawa,Warszawa-Radom,Warszawa - Modlin,Warszawa - Radom","2+1","turcja|side|2026-07-19|2026-07-26|7|Warszawa,Warszawa-Radom,Warszawa - Modlin,Warszawa - Radom|2+1"
"Armas Green Fugla","9617.0","21.07.2026 - 29.07.2026","9 dni/8 nocy","3.9","3.9","796","tripadvisor","Warszawa","2026-06-14T11:30:31.274345+00:00","https://fly.pl/kierunek/turcja/?filter[dest]=39:&filter[hotelids]=&filter[cityids]=&filter[cregids]=&filter[ofrType]=&filter[addObjType]=&filter[whenFrom]=18-07-2026&filter[whenTo]=13-08-2026&filter[duration]=7:11&filter[from]=Warszawa,Warszawa-Radom,Warszawa%20-%20Modlin,Warszawa%20-%20Radom&filter[person]=2&filter[child]=1&filter[price]=4610:20000&filter[PriceFrom]=4610&filter[PriceTo]=20000&filter[addCategory]=50&filter[addCatering]=1&filter[addMisc]=0&filter[addTransport]=F&filter[fp]=1&order_by=ofr_price&filter[tourOperator]=0&filter[childAge][1]=20200812","https://fly.pl/cdn/photo/assets/uploads/582/278/2014/09/Armas-Green-Fugla.jpg","https://fly.pl/wycieczka/turcja,alanya,c/green-fugla-beach/p2LUTL12lOFfSxVeSNvXAoAAogJim-MAgyOPWH7ZIInqWiNGcowcRFSimdZCEXnLk7UoMqBE9SRVgw26G60QZIkUtQQVjsBmACagVFLjIuMXI2mwEVCBcAWAdWAlwIQMIGEdAPT4sxXSRTqydSAF6WlAFL7UNhAEzljDoghPuXCQ0AAhJjAQILdglJ9A/?operator=OREX&adults=2&children=2020-08-12&nsv=1&objectId=153011&transport=accommodation_flight&departureDate=2026-07-21&returnDate=2026-07-29&departureLocation=Warszawa%2CWarszawa-Radom%2CWarszawa+-+Modlin%2CWarszawa+-+Radom&opt=delta&catering=all_inclusive","filter_turkey_vacation_jul18_2026","turcja","alanya","c","2026-07-21","2026-07-29","9","8","Warszawa,Warszawa-Radom,Warszawa - Modlin,Warszawa - Radom","2+1","turcja|alanya|2026-07-21|2026-07-29|8|Warszawa,Warszawa-Radom,Warszawa - Modlin,Warszawa - Radom|2+1"
"Ring Beach (Kemer)","9639.0","21.07.2026 - 29.07.2026","9 dni/8 nocy","3.6","3.6","371","tripadvisor","Warszawa","2026-06-14T11:30:31.274345+00:00","https://fly.pl/kierunek/turcja/?filter[dest]=39:&filter[hotelids]=&filter[cityids]=&filter[cregids]=&filter[ofrType]=&filter[addObjType]=&filter[whenFrom]=18-07-2026&filter[whenTo]=13-08-2026&filter[duration]=7:11&filter[from]=Warszawa,Warszawa-Radom,Warszawa%20-%20Modlin,Warszawa%20-%20Radom&filter[person]=2&filter[child]=1&filter[price]=4610:20000&filter[PriceFrom]=4610&filter[PriceTo]=20000&filter[addCategory]=50&filter[addCatering]=1&filter[addMisc]=0&filter[addTransport]=F&filter[fp]=1&order_by=ofr_price&filter[tourOperator]=0&filter[childAge][1]=20200812","https://fly.pl/cdn/photo/assets/uploads/582/278/2020/01/Ring-Beach.jpg","https://fly.pl/wycieczka/turcja,kemer,beldibi/ring-beach-15/pO2BLa5qj6f1WRDoY_jCuOAAogGtLjX69p3zVq_U79F8auE2cowcRFSimdZCEXnLk7UoMqBE9SRVgw26G60QZIp0tQQVjsBmACagVFLjIuMXI2mwEVCBcAXAJYBVYCQMoGEasOT7AyXSRTqydSAF6WlAFL7UNhAEzljDoghPuXCQ0AAhJjAQILhaixlQ/?operator=OREX&adults=2&children=2020-08-12&nsv=1&objectId=17566&transport=accommodation_flight&departureDate=2026-07-21&returnDate=2026-07-29&departureLocation=Warszawa%2CWarszawa-Radom%2CWarszawa+-+Modlin%2CWarszawa+-+Radom&opt=delta&catering=all_inclusive","filter_turkey_vacation_jul18_2026","turcja","kemer","beldibi","2026-07-21","2026-07-29","9","8","Warszawa,Warszawa-Radom,Warszawa - Modlin,Warszawa - Radom","2+1","turcja|kemer|2026-07-21|2026-07-29|8|Warszawa,Warszawa-Radom,Warszawa - Modlin,Warszawa - Radom|2+1"
"Nova Life","9669.0","19.07.2026 - 26.07.2026","8 dni/7 nocy","","","","","Warszawa","2026-06-14T11:30:31.274345+00:00","https://fly.pl/kierunek/turcja/?filter[dest]=39:&filter[hotelids]=&filter[cityids]=&filter[cregids]=&filter[ofrType]=&filter[addObjType]=&filter[whenFrom]=18-07-2026&filter[whenTo]=13-08-2026&filter[duration]=7:11&filter[from]=Warszawa,Warszawa-Radom,Warszawa%20-%20Modlin,Warszawa%20-%20Radom&filter[person]=2&filter[child]=1&filter[price]=4610:20000&filter[PriceFrom]=4610&filter[PriceTo]=20000&filter[addCategory]=50&filter[addCatering]=1&filter[addMisc]=0&filter[addTransport]=F&filter[fp]=1&order_by=ofr_price&filter[tourOperator]=0&filter[childAge][1]=20200812","https://datacfstatic.merlinx.pl/WEZY/IMG/82652/13a784b770e60f1032e83f3f27d550babb25154bfa12668985479d9ce787b6f7.webp","https://fly.pl/wycieczka/turcja,alanya,konakli/nova-life-13/pV-MJsqxmHSOEvz-Qd5NveAAogebefux5dc054S9CnLqEOjAAAAADFdAQA4XQEAAcAAAAqBFdFWlkw26G60QZIxUtQQVi8BmADaglFbnRlciBBaXJyRJ4BHwAcAQIAFgAXBhLtAxXBBRjXARMeFMIDTJlgTwBAnBJQ58UBSwAR1L4CHenjDCAcG5jWeg32jsgIARJjAQpjAQMJD1XU9w/?operator=WEZY&adults=2&children=2020-08-12&nsv=1&objectId=237621&transport=accommodation_flight&departureDate=2026-07-19&returnDate=2026-07-26&departureLocation=Warszawa%2CWarszawa-Radom%2CWarszawa+-+Modlin%2CWarszawa+-+Radom&opt=delta&catering=all_inclusive","filter_turkey_vacation_jul18_2026","turcja","alanya","konakli","2026-07-19","2026-07-26","8","7","Warszawa,Warszawa-Radom,Warszawa - Modlin,Warszawa - Radom","2+1","turcja|alanya|2026-07-19|2026-07-26|7|Warszawa,Warszawa-Radom,Warszawa - Modlin,Warszawa - Radom|2+1"
"Grand Kolibri Prestige & Spa","9688.0","25.07.2026 - 01.08.2026","8 dni/7 nocy","4.5","4.5","808","tripadvisor","Warszawa","2026-06-14T11:30:31.274345+00:00","https://fly.pl/kierunek/turcja/?filter[dest]=39:&filter[hotelids]=&filter[cityids]=&filter[cregids]=&filter[ofrType]=&filter[addObjType]=&filter[whenFrom]=18-07-2026&filter[whenTo]=13-08-2026&filter[duration]=7:11&filter[from]=Warszawa,Warszawa-Radom,Warszawa%20-%20Modlin,Warszawa%20-%20Radom&filter[person]=2&filter[child]=1&filter[price]=4610:20000&filter[PriceFrom]=4610&filter[PriceTo]=20000&filter[addCategory]=50&filter[addCatering]=1&filter[addMisc]=0&filter[addTransport]=F&filter[fp]=1&order_by=ofr_price&filter[tourOperator]=0&filter[childAge][1]=20200812","https://fly.pl/cdn/photo/assets/uploads/582/278/2024/07/grand-kolibri-prestige-spa.jpg","https://fly.pl/wycieczka/turcja,alanya,konakli/grand-kolibri-prestige-spa-13/pF5El7oiv--NfJVgw01FqRAAogn0razWEBxAFodRh_Z1EBsjs3e4u3TOcK4I9XPaGb-0IqBFJOQlcw26G60QZI2EtQQVjMB2ACagRCd2NhaiIxNiwyODMsMjk2LDM4MCwzODgsNDc3LDQ4Myw0ODQsNDg1cjefAZ4BFQcXAFgICpwBQKwGEdUmGeUwELcFUr0KUwBLg9gBYQAdjpVBDy0gsvKQCQ0AAgxjAQMLStl0SA/?operator=RNBW&adults=2&children=2020-08-12&nsv=1&objectId=210863&transport=accommodation_flight&departureDate=2026-07-25&returnDate=2026-08-01&departureLocation=Warszawa%2CWarszawa-Radom%2CWarszawa+-+Modlin%2CWarszawa+-+Radom&opt=delta&catering=all_inclusive","filter_turkey_vacation_jul18_2026","turcja","alanya","konakli","2026-07-25","2026-08-01","8","7","Warszawa,Warszawa-Radom,Warszawa - Modlin,Warszawa - Radom","2+1","turcja|alanya|2026-07-25|2026-08-01|7|Warszawa,Warszawa-Radom,Warszawa - Modlin,Warszawa - Radom|2+1"
"Armas Life Belek","9752.0","21.07.2026 - 29.07.2026","9 dni/8 nocy","4.4","4.4","1888","tripadvisor","Warszawa","2026-06-14T11:30:31.274345+00:00","https://fly.pl/kierunek/turcja/?filter[dest]=39:&filter[hotelids]=&filter[cityids]=&filter[cregids]=&filter[ofrType]=&filter[addObjType]=&filter[whenFrom]=18-07-2026&filter[whenTo]=13-08-2026&filter[duration]=7:11&filter[from]=Warszawa,Warszawa-Radom,Warszawa%20-%20Modlin,Warszawa%20-%20Radom&filter[person]=2&filter[child]=1&filter[price]=4610:20000&filter[PriceFrom]=4610&filter[PriceTo]=20000&filter[addCategory]=50&filter[addCatering]=1&filter[addMisc]=0&filter[addTransport]=F&filter[fp]=1&order_by=ofr_price&filter[tourOperator]=0&filter[childAge][1]=20200812","https://datacfstatic.merlinx.pl/OREX/IMG/5771/00ca85648381dbf274d7a506f07e272f512a3bc9b3c30afc7a9406dd7210cc72.webp","https://fly.pl/wycieczka/turcja,belek,bogazkent/tui-day-night-connected-club-life-belek/p7kCd9GCPijcOBN9wdNacNAAog0Vf0Qjf2M4KMSAC5CQz3BmcowcRFSimdZCEXnLk7UoMqBE9SRVgw26G60QZImExQQVjsBmACagdKTE0uMi4xcjabARUIFwBYB1YCXAhAwgYRsCZPqxpdJFOrJ1IAXpaUAUvtQ2EATOWMOiCE-5cJDQACEmMBAgtiz4Uc/?operator=OREX&adults=2&children=2020-08-12&nsv=1&objectId=195880&transport=accommodation_flight&departureDate=2026-07-21&returnDate=2026-07-29&departureLocation=Warszawa%2CWarszawa-Radom%2CWarszawa+-+Modlin%2CWarszawa+-+Radom&opt=delta&catering=all_inclusive","filter_turkey_vacation_jul18_2026","turcja","belek","bogazkent","2026-07-21","2026-07-29","9","8","Warszawa,Warszawa-Radom,Warszawa - Modlin,Warszawa - Radom","2+1","turcja|belek|2026-07-21|2026-07-29|8|Warszawa,Warszawa-Radom,Warszawa - Modlin,Warszawa - Radom|2+1"
"Asteria Collection Side","9779.0","21.07.2026 - 29.07.2026","9 dni/8 nocy","4.3","4.3","2042","tripadvisor","Warszawa","2026-06-14T11:30:31.274345+00:00","https://fly.pl/kierunek/turcja/?filter[dest]=39:&filter[hotelids]=&filter[cityids]=&filter[cregids]=&filter[ofrType]=&filter[addObjType]=&filter[whenFrom]=18-07-2026&filter[whenTo]=13-08-2026&filter[duration]=7:11&filter[from]=Warszawa,Warszawa-Radom,Warszawa%20-%20Modlin,Warszawa%20-%20Radom&filter[person]=2&filter[child]=1&filter[price]=4610:20000&filter[PriceFrom]=4610&filter[PriceTo]=20000&filter[addCategory]=50&filter[addCatering]=1&filter[addMisc]=0&filter[addTransport]=F&filter[fp]=1&order_by=ofr_price&filter[tourOperator]=0&filter[childAge][1]=20200812","https://fly.pl/cdn/photo/assets/uploads/582/278/2016/11/Saray-Regency-Resort.jpg","https://fly.pl/wycieczka/turcja,side,titreyengol/saray-regency-resort-spa/p6yMfse-lt3rqXrFAcl1jAAAogRr4u1DN-k0JuGLdMArTyH2cowcRFSimdZCEXnLk7UoMqBE9SRVgw26G60QZIs0xQQVjsBmACagVFLjIuMXI2mwEVCBcAWAdWAlwIQMIGEc0mT44aXSRTqydSAF6WlAFL7UNhAEzljDoghPuXCQ0AAhJjAQILfa76FA/?operator=OREX&adults=2&children=2020-08-12&nsv=1&objectId=5005&transport=accommodation_flight&departureDate=2026-07-21&returnDate=2026-07-29&departureLocation=Warszawa%2CWarszawa-Radom%2CWarszawa+-+Modlin%2CWarszawa+-+Radom&opt=delta&catering=all_inclusive","filter_turkey_vacation_jul18_2026","turcja","side","titreyengol","2026-07-21","2026-07-29","9","8","Warszawa,Warszawa-Radom,Warszawa - Modlin,Warszawa - Radom","2+1","turcja|side|2026-07-21|2026-07-29|8|Warszawa,Warszawa-Radom,Warszawa - Modlin,Warszawa - Radom|2+1"
"Club Nena (Side)","9858.0","18.07.2026 - 25.07.2026","8 dni/7 nocy","3.8","3.8","1249","tripadvisor","Warszawa","2026-06-14T11:30:31.274345+00:00","https://fly.pl/kierunek/turcja/?filter[dest]=39:&filter[hotelids]=&filter[cityids]=&filter[cregids]=&filter[ofrType]=&filter[addObjType]=&filter[whenFrom]=18-07-2026&filter[whenTo]=13-08-2026&filter[duration]=7:11&filter[from]=Warszawa,Warszawa-Radom,Warszawa%20-%20Modlin,Warszawa%20-%20Radom&filter[person]=2&filter[child]=1&filter[price]=4610:20000&filter[PriceFrom]=4610&filter[PriceTo]=20000&filter[addCategory]=50&filter[addCatering]=1&filter[addMisc]=0&filter[addTransport]=F&filter[fp]=1&order_by=ofr_price&filter[tourOperator]=0&filter[childAge][1]=20200812","https://fly.pl/cdn/photo/assets/uploads/582/278/2016/11/Club-Nena-fly-pl.jpg","https://fly.pl/wycieczka/turcja,side,kizilagac/club-nena/plX_BXIuClWM3Sw8qn1A1GAAog9gckiTI4udcWAtFHjqnClTm75xzNrdMBvkUGrR8D3XsqBEVDQ1gw26G60QZIgk1QAVikBmACagJBSXIgHBHOT6sE3fwVuQQdGLeWKhuooUIB3O_j4QECAGMBAggl8uml/?operator=ECCX&adults=2&children=2020-08-12&nsv=1&objectId=1799&transport=accommodation_flight&departureDate=2026-07-18&returnDate=2026-07-25&departureLocation=Warszawa%2CWarszawa-Radom%2CWarszawa+-+Modlin%2CWarszawa+-+Radom&opt=delta&catering=all_inclusive","filter_turkey_vacation_jul18_2026","turcja","side","kizilagac","2026-07-18","2026-07-25","8","7","Warszawa,Warszawa-Radom,Warszawa - Modlin,Warszawa - Radom","2+1","turcja|side|2026-07-18|2026-07-25|7|Warszawa,Warszawa-Radom,Warszawa - Modlin,Warszawa - Radom|2+1"
"Calido Maris","9877.0","20.07.2026 - 27.07.2026","8 dni/7 nocy","3.8","3.8","1042","tripadvisor","Warszawa","2026-06-14T11:30:31.274345+00:00","https://fly.pl/kierunek/turcja/?filter[dest]=39:&filter[hotelids]=&filter[cityids]=&filter[cregids]=&filter[ofrType]=&filter[addObjType]=&filter[whenFrom]=18-07-2026&filter[whenTo]=13-08-2026&filter[duration]=7:11&filter[from]=Warszawa,Warszawa-Radom,Warszawa%20-%20Modlin,Warszawa%20-%20Radom&filter[person]=2&filter[child]=1&filter[price]=4610:20000&filter[PriceFrom]=4610&filter[PriceTo]=20000&filter[addCategory]=50&filter[addCatering]=1&filter[addMisc]=0&filter[addTransport]=F&filter[fp]=1&order_by=ofr_price&filter[tourOperator]=0&filter[childAge][1]=20200812","https://fly.pl/cdn/photo/assets/uploads/582/278/2015/12/Calido-Maris.jpg","https://fly.pl/wycieczka/turcja,side,cengerkoy/calido-maris-resort/pPYxckS2EhLvWgTKyeQ2vMAAogJ2qLWmRN9Y_W9YMAT3OSvU11eDE-prut4HX7XxcZmEkqBEpPSU4w26G60QZIlU1QAVjUBmACagJVQXIgHBGhSbkEqboCqwQoG_7FJxjb1AIBz7KAowECEmMBAwrXg2pM/?operator=JOIN&adults=2&children=2020-08-12&nsv=1&objectId=176553&transport=accommodation_flight&departureDate=2026-07-20&returnDate=2026-07-27&departureLocation=Warszawa%2CWarszawa-Radom%2CWarszawa+-+Modlin%2CWarszawa+-+Radom&opt=delta&catering=all_inclusive","filter_turkey_vacation_jul18_2026","turcja","side","cengerkoy","2026-07-20","2026-07-27","8","7","Warszawa,Warszawa-Radom,Warszawa - Modlin,Warszawa - Radom","2+1","turcja|side|2026-07-20|2026-07-27|7|Warszawa,Warszawa-Radom,Warszawa - Modlin,Warszawa - Radom|2+1"
"Sentido Lycus Beach (ex. Lti)","9895.0","22.07.2026 - 29.07.2026","8 dni/7 nocy","3.8","3.8","314","tripadvisor","Warszawa","2026-06-14T11:30:31.274345+00:00","https://fly.pl/kierunek/turcja/?filter[dest]=39:&filter[hotelids]=&filter[cityids]=&filter[cregids]=&filter[ofrType]=&filter[addObjType]=&filter[whenFrom]=18-07-2026&filter[whenTo]=13-08-2026&filter[duration]=7:11&filter[from]=Warszawa,Warszawa-Radom,Warszawa%20-%20Modlin,Warszawa%20-%20Radom&filter[person]=2&filter[child]=1&filter[price]=4610:20000&filter[PriceFrom]=4610&filter[PriceTo]=20000&filter[addCategory]=50&filter[addCatering]=1&filter[addMisc]=0&filter[addTransport]=F&filter[fp]=1&order_by=ofr_price&filter[tourOperator]=0&filter[childAge][1]=20200812","https://fly.pl/cdn/photo/assets/uploads/582/278/2009/10/Lycus-Beach-1.jpg","https://fly.pl/wycieczka/turcja,alanya,okurcalar/lycus-beach/pmlG3rAKjw2by5gF2M--YdAAogdZTBcN8zQm6F6LL0NepL7gLuLr51ZXfiuqRu7D0QClcqBEVYSU0w26G60QZIp01QAViEB2ACagJBSXIhHBHG7wWrBJqdQbkEZRumsiUY1e44AY700_UIAhJjAQINux32-g/?operator=EXIM&adults=2&children=2020-08-12&nsv=1&objectId=8859&transport=accommodation_flight&departureDate=2026-07-22&returnDate=2026-07-29&departureLocation=Warszawa%2CWarszawa-Radom%2CWarszawa+-+Modlin%2CWarszawa+-+Radom&opt=delta&catering=all_inclusive","filter_turkey_vacation_jul18_2026","turcja","alanya","okurcalar","2026-07-22","2026-07-29","8","7","Warszawa,Warszawa-Radom,Warszawa - Modlin,Warszawa - Radom","2+1","turcja|alanya|2026-07-22|2026-07-29|7|Warszawa,Warszawa-Radom,Warszawa - Modlin,Warszawa - Radom|2+1"
"Grand Seker","9917.0","18.07.2026 - 25.07.2026","8 dni/7 nocy","3.8","3.8","426","tripadvisor","Warszawa","2026-06-14T11:30:31.274345+00:00","https://fly.pl/kierunek/turcja/?filter[dest]=39:&filter[hotelids]=&filter[cityids]=&filter[cregids]=&filter[ofrType]=&filter[addObjType]=&filter[whenFrom]=18-07-2026&filter[whenTo]=13-08-2026&filter[duration]=7:11&filter[from]=Warszawa,Warszawa-Radom,Warszawa%20-%20Modlin,Warszawa%20-%20Radom&filter[person]=2&filter[child]=1&filter[price]=4610:20000&filter[PriceFrom]=4610&filter[PriceTo]=20000&filter[addCategory]=50&filter[addCatering]=1&filter[addMisc]=0&filter[addTransport]=F&filter[fp]=1&order_by=ofr_price&filter[tourOperator]=0&filter[childAge][1]=20200812","https://fly.pl/cdn/photo/assets/uploads/582/278/2017/02/Grand-Seker-Hotel.jpg","https://fly.pl/wycieczka/turcja,side,colakli/grand-seker/pC-VKRK76agTWueIML_MjcAAogczIP9M4sI3CsernVPAExKI4rnHDhyyP7p1xX0bl-A28qBE9BU0kw26G60QZIvU1QAVikBmACagNBSWxyIBwRm3q5BKGPD6sEAxug7AcYoJoUAcrWnfkBAgBjAQML_MDPpg/?operator=OASI&adults=2&children=2020-08-12&nsv=1&objectId=1644&transport=accommodation_flight&departureDate=2026-07-18&returnDate=2026-07-25&departureLocation=Warszawa%2CWarszawa-Radom%2CWarszawa+-+Modlin%2CWarszawa+-+Radom&opt=delta&catering=all_inclusive","filter_turkey_vacation_jul18_2026","turcja","side","colakli","2026-07-18","2026-07-25","8","7","Warszawa,Warszawa-Radom,Warszawa - Modlin,Warszawa - Radom","2+1","turcja|side|2026-07-18|2026-07-25|7|Warszawa,Warszawa-Radom,Warszawa - Modlin,Warszawa - Radom|2+1"
"L' Oceanica Beach Resort (Kemer)","9951.0","20.07.2026 - 27.07.2026","8 dni/7 nocy","4.3","4.3","1105","tripadvisor","Warszawa","2026-06-14T11:30:31.274345+00:00","https://fly.pl/kierunek/turcja/?filter[dest]=39:&filter[hotelids]=&filter[cityids]=&filter[cregids]=&filter[ofrType]=&filter[addObjType]=&filter[whenFrom]=18-07-2026&filter[whenTo]=13-08-2026&filter[duration]=7:11&filter[from]=Warszawa,Warszawa-Radom,Warszawa%20-%20Modlin,Warszawa%20-%20Radom&filter[person]=2&filter[child]=1&filter[price]=4610:20000&filter[PriceFrom]=4610&filter[PriceTo]=20000&filter[addCategory]=50&filter[addCatering]=1&filter[addMisc]=0&filter[addTransport]=F&filter[fp]=1&order_by=ofr_price&filter[tourOperator]=0&filter[childAge][1]=20200812","https://fly.pl/cdn/photo/assets/uploads/582/278/2014/09/L-Oceanica-Beach-Resort.jpg","https://fly.pl/wycieczka/turcja,kemer,camyuva/oceanica-beach-resort/pDwdpwME9RX26_RYq5Fae8AAogAQ7kSyBevoO2fIiPlsfdnU11eDE-prut4HX7XxcZmEkqBEpPSU4w26G60QZI301QAVjUBmACagJVQXIgHBGCR7kEyLwCqwQoG4iaJxiv1AIB2qv5nwECEmMBAgZx96kH/?operator=JOIN&adults=2&children=2020-08-12&nsv=1&objectId=2036&transport=accommodation_flight&departureDate=2026-07-20&returnDate=2026-07-27&departureLocation=Warszawa%2CWarszawa-Radom%2CWarszawa+-+Modlin%2CWarszawa+-+Radom&opt=delta&catering=all_inclusive","filter_turkey_vacation_jul18_2026","turcja","kemer","camyuva","2026-07-20","2026-07-27","8","7","Warszawa,Warszawa-Radom,Warszawa - Modlin,Warszawa - Radom","2+1","turcja|kemer|2026-07-20|2026-07-27|7|Warszawa,Warszawa-Radom,Warszawa - Modlin,Warszawa - Radom|2+1"
"Linda Sunny Beach","9977.0","23.07.2026 - 30.07.2026","8 dni/7 nocy","4.8","4.8","215","tripadvisor","Warszawa","2026-06-14T11:30:31.274345+00:00","https://fly.pl/kierunek/turcja/?filter[dest]=39:&filter[hotelids]=&filter[cityids]=&filter[cregids]=&filter[ofrType]=&filter[addObjType]=&filter[whenFrom]=18-07-2026&filter[whenTo]=13-08-2026&filter[duration]=7:11&filter[from]=Warszawa,Warszawa-Radom,Warszawa%20-%20Modlin,Warszawa%20-%20Radom&filter[person]=2&filter[child]=1&filter[price]=4610:20000&filter[PriceFrom]=4610&filter[PriceTo]=20000&filter[addCategory]=50&filter[addCatering]=1&filter[addMisc]=0&filter[addTransport]=F&filter[fp]=1&order_by=ofr_price&filter[tourOperator]=0&filter[childAge][1]=20200812","https://fly.pl/cdn/photo/assets/uploads/582/278/2014/09/Bone-Club-Sunset-fly-pl.jpg","https://fly.pl/wycieczka/turcja,side,c/bone-club-sunset/pex1kKEdwaFUaMvytuE-xBAAogQXcKKky62-leNX2YTJFGH1cbW0kfwNyF5b7TGk4Wi78qBFZJVFgw26G60QZI-U1QQVicB2ACcj8aABUHFwBcA1gFQI8DU-drUgBb2BdevnxLgRJhAEyOqy4NyY6kCSAAUZee6-1YT-fYLF3Ej9OLhQECDGMBAgtnoPrA/?operator=VITX&adults=2&children=2020-08-12&nsv=1&objectId=110515&transport=accommodation_flight&departureDate=2026-07-23&returnDate=2026-07-30&departureLocation=Warszawa%2CWarszawa-Radom%2CWarszawa+-+Modlin%2CWarszawa+-+Radom&opt=delta&catering=all_inclusive","filter_turkey_vacation_jul18_2026","turcja","side","c","2026-07-23","2026-07-30","8","7","Warszawa,Warszawa-Radom,Warszawa - Modlin,Warszawa - Radom","2+1","turcja|side|2026-07-23|2026-07-30|7|Warszawa,Warszawa-Radom,Warszawa - Modlin,Warszawa - Radom|2+1"
"Golden Rock Beach","10040.0","22.07.2026 - 29.07.2026","8 dni/7 nocy","4.5","4.5","3576","tripadvisor","Warszawa","2026-06-14T11:30:31.274345+00:00","https://fly.pl/kierunek/turcja/?filter[dest]=39:&filter[hotelids]=&filter[cityids]=&filter[cregids]=&filter[ofrType]=&filter[addObjType]=&filter[whenFrom]=18-07-2026&filter[whenTo]=13-08-2026&filter[duration]=7:11&filter[from]=Warszawa,Warszawa-Radom,Warszawa%20-%20Modlin,Warszawa%20-%20Radom&filter[person]=2&filter[child]=1&filter[price]=4610:20000&filter[PriceFrom]=4610&filter[PriceTo]=20000&filter[addCategory]=50&filter[addCatering]=1&filter[addMisc]=0&filter[addTransport]=F&filter[fp]=1&order_by=ofr_price&filter[tourOperator]=0&filter[childAge][1]=20200812","https://fly.pl/cdn/photo/assets/uploads/582/278/2015/04/Golden-Rock-Beach.jpg","https://fly.pl/wycieczka/turcja,marmaris,c/golden-rock-beach/pWlO9OzR_tGRVCV2cAkjxqAAogL5Q3I1t4gipu9A8OI--f5GwwGWYjcr-u2x1F0pBV2hYqBE9SRVgw26G60QZIuE5QQViEB2ACagZKMC4yLjFyNpsBFQcXAFwDWAVWAkDKBhHgB0-bTV0kU4EZUgBeoI4BS-1DYQBM5Yw6IIX7lwkNAAISYwECBqbIECg/?operator=OREX&adults=2&children=2020-08-12&nsv=1&objectId=40092&transport=accommodation_flight&departureDate=2026-07-22&returnDate=2026-07-29&departureLocation=Warszawa%2CWarszawa-Radom%2CWarszawa+-+Modlin%2CWarszawa+-+Radom&opt=delta&catering=all_inclusive","filter_turkey_vacation_jul18_2026","turcja","marmaris","c","2026-07-22","2026-07-29","8","7","Warszawa,Warszawa-Radom,Warszawa - Modlin,Warszawa - Radom","2+1","turcja|marmaris|2026-07-22|2026-07-29|7|Warszawa,Warszawa-Radom,Warszawa - Modlin,Warszawa - Radom|2+1"
"Master Family Club","10075.0","19.07.2026 - 26.07.2026","8 dni/7 nocy","4.3","4.3","1331","tripadvisor","Warszawa","2026-06-14T11:30:31.274345+00:00","https://fly.pl/kierunek/turcja/?filter[dest]=39:&filter[hotelids]=&filter[cityids]=&filter[cregids]=&filter[ofrType]=&filter[addObjType]=&filter[whenFrom]=18-07-2026&filter[whenTo]=13-08-2026&filter[duration]=7:11&filter[from]=Warszawa,Warszawa-Radom,Warszawa%20-%20Modlin,Warszawa%20-%20Radom&filter[person]=2&filter[child]=1&filter[price]=4610:20000&filter[PriceFrom]=4610&filter[PriceTo]=20000&filter[addCategory]=50&filter[addCatering]=1&filter[addMisc]=0&filter[addTransport]=F&filter[fp]=1&order_by=ofr_price&filter[tourOperator]=0&filter[childAge][1]=20200812","https://fly.pl/cdn/photo/assets/uploads/582/278/2019/06/Master-Family-Club-fly-pl.jpg","https://fly.pl/wycieczka/turcja,side,c/master-family-club/p4Yy8YyEpNBcKZ4VWSFJMPAAogFMoNVM7ftDp3rgHIB4IzVQAAAADFdAQA4XQEAAcAAAAqBFdFWlkw26G60QZI205QQVi8BmADaglFbnRlciBBaXJyQZ4BHwAcAQIAFgAXBhLtAxXBBRjXARMeFMIDT5lgTABAnBIRk1xQ1GlLABulbh2YtA4gHA2O5cIJARJjAQxjAQMLu40zlA/?operator=WEZY&adults=2&children=2020-08-12&nsv=1&objectId=202531&transport=accommodation_flight&departureDate=2026-07-19&returnDate=2026-07-26&departureLocation=Warszawa%2CWarszawa-Radom%2CWarszawa+-+Modlin%2CWarszawa+-+Radom&opt=delta&catering=all_inclusive","filter_turkey_vacation_jul18_2026","turcja","side","c","2026-07-19","2026-07-26","8","7","Warszawa,Warszawa-Radom,Warszawa - Modlin,Warszawa - Radom","2+1","turcja|side|2026-07-19|2026-07-26|7|Warszawa,Warszawa-Radom,Warszawa - Modlin,Warszawa - Radom|2+1"
"Royal Asarlik Beach","10107.0","22.07.2026 - 29.07.2026","8 dni/7 nocy","4.3","4.3","4752","tripadvisor","Warszawa","2026-06-14T11:30:31.274345+00:00","https://fly.pl/kierunek/turcja/?filter[dest]=39:&filter[hotelids]=&filter[cityids]=&filter[cregids]=&filter[ofrType]=&filter[addObjType]=&filter[whenFrom]=18-07-2026&filter[whenTo]=13-08-2026&filter[duration]=7:11&filter[from]=Warszawa,Warszawa-Radom,Warszawa%20-%20Modlin,Warszawa%20-%20Radom&filter[person]=2&filter[child]=1&filter[price]=4610:20000&filter[PriceFrom]=4610&filter[PriceTo]=20000&filter[addCategory]=50&filter[addCatering]=1&filter[addMisc]=0&filter[addTransport]=F&filter[fp]=1&order_by=ofr_price&filter[tourOperator]=0&filter[childAge][1]=20200812","https://fly.pl/cdn/photo/assets/uploads/582/278/2014/09/Royal-Asarlik-Beach-fly-pl.jpg","https://fly.pl/wycieczka/turcja,bodrum,gumbet/royal-asarlik-beach/pIldVuYLICHzBXz12rz5twAAogNgalwKY7nQIQAWo7L8mbJ2wwGWYjcr-u2x1F0pBV2hYqBE9SRVgw4qG60QZI-05QQViEB2ACagZDNS4yLjFyNZsBFQcXAFgIVgJcCBGlBkAdT_tUXSRTgRlSAF6gjgFL7UNhAEzljDoghfuXCQ0AAhJjAQIGDycxiA/?operator=OREX&adults=2&children=2020-08-12&nsv=1&objectId=1689&transport=accommodation_flight&departureDate=2026-07-22&returnDate=2026-07-29&departureLocation=Warszawa%2CWarszawa-Radom%2CWarszawa+-+Modlin%2CWarszawa+-+Radom&opt=delta&catering=all_inclusive","filter_turkey_vacation_jul18_2026","turcja","bodrum","gumbet","2026-07-22","2026-07-29","8","7","Warszawa,Warszawa-Radom,Warszawa - Modlin,Warszawa - Radom","2+1","turcja|bodrum|2026-07-22|2026-07-29|7|Warszawa,Warszawa-Radom,Warszawa - Modlin,Warszawa - Radom|2+1"
"Green Nature Resort & Spa","10117.0","24.07.2026 - 01.08.2026","9 dni/7 nocy","4.1","4.1","6841","tripadvisor","Warszawa","2026-06-14T11:30:31.274345+00:00","https://fly.pl/kierunek/turcja/?filter[dest]=39:&filter[hotelids]=&filter[cityids]=&filter[cregids]=&filter[ofrType]=&filter[addObjType]=&filter[whenFrom]=18-07-2026&filter[whenTo]=13-08-2026&filter[duration]=7:11&filter[from]=Warszawa,Warszawa-Radom,Warszawa%20-%20Modlin,Warszawa%20-%20Radom&filter[person]=2&filter[child]=1&filter[price]=4610:20000&filter[PriceFrom]=4610&filter[PriceTo]=20000&filter[addCategory]=50&filter[addCatering]=1&filter[addMisc]=0&filter[addTransport]=F&filter[fp]=1&order_by=ofr_price&filter[tourOperator]=0&filter[childAge][1]=20200812","https://fly.pl/cdn/photo/assets/uploads/582/278/2014/07/Green-Nature-Resort.jpg","https://fly.pl/wycieczka/turcja,marmaris,c/green-nature-resort/pyB7qrTTevzYirl-YIsXZUAAogRTD7eog6Bx27zFaTj8TOtHNxWcBNG0F_Wi_nbPecp34qBFZJVFgw4qG60QZIhU9QQVi0B2ACckAaABUHFwBcA1gFQI8DW7-DAVP9AlIAXsF5S-1DYQBMovktDcqOpAkgAVHBwrebbk_soCxdiLvw05cBAg1jAQIMJCwSlg/?operator=VITX&adults=2&children=2020-08-12&nsv=1&objectId=7988&transport=accommodation_flight&departureDate=2026-07-24&returnDate=2026-08-01&departureLocation=Warszawa%2CWarszawa-Radom%2CWarszawa+-+Modlin%2CWarszawa+-+Radom&opt=delta&catering=all_inclusive","filter_turkey_vacation_jul18_2026","turcja","marmaris","c","2026-07-24","2026-08-01","9","7","Warszawa,Warszawa-Radom,Warszawa - Modlin,Warszawa - Radom","2+1","turcja|marmaris|2026-07-24|2026-08-01|7|Warszawa,Warszawa-Radom,Warszawa - Modlin,Warszawa - Radom|2+1"
"Elegance (Marmaris)","10211.0","22.07.2026 - 29.07.2026","8 dni/7 nocy","4.1","4.1","1533","tripadvisor","Warszawa","2026-06-14T11:30:31.274345+00:00","https://fly.pl/kierunek/turcja/?filter[dest]=39:&filter[hotelids]=&filter[cityids]=&filter[cregids]=&filter[ofrType]=&filter[addObjType]=&filter[whenFrom]=18-07-2026&filter[whenTo]=13-08-2026&filter[duration]=7:11&filter[from]=Warszawa,Warszawa-Radom,Warszawa%20-%20Modlin,Warszawa%20-%20Radom&filter[person]=2&filter[child]=1&filter[price]=4610:20000&filter[PriceFrom]=4610&filter[PriceTo]=20000&filter[addCategory]=50&filter[addCatering]=1&filter[addMisc]=0&filter[addTransport]=F&filter[fp]=1&order_by=ofr_price&filter[tourOperator]=0&filter[childAge][1]=20200812","https://fly.pl/cdn/photo/assets/uploads/582/278/2015/02/Elegance.jpg","https://fly.pl/wycieczka/turcja,marmaris,c/elegance-marmaris/pIizBs3JJQwMtRn26zXjAFAAogA8hsRRqkQ7ryzTjNfCuxYGwwGWYjcr-u2x1F0pBV2hYqBE9SRVgw4qG60QZI409QQViEB2ACagZDNS4yLjFyNpsBFQcXAFwDWAVWAkDKBhGZFE_iQF0kU4EZUgBeoI4BS-1DYQBM5Yw6IIX7lwkNAAISYwECDPlUbmo/?operator=OREX&adults=2&children=2020-08-12&nsv=1&objectId=4950&transport=accommodation_flight&departureDate=2026-07-22&returnDate=2026-07-29&departureLocation=Warszawa%2CWarszawa-Radom%2CWarszawa+-+Modlin%2CWarszawa+-+Radom&opt=delta&catering=all_inclusive","filter_turkey_vacation_jul18_2026","turcja","marmaris","c","2026-07-22","2026-07-29","8","7","Warszawa,Warszawa-Radom,Warszawa - Modlin,Warszawa - Radom","2+1","turcja|marmaris|2026-07-22|2026-07-29|7|Warszawa,Warszawa-Radom,Warszawa - Modlin,Warszawa - Radom|2+1"
"Meder Resort","10268.0","19.07.2026 - 26.07.2026","8 dni/7 nocy","4.3","4.3","1721","tripadvisor","Warszawa","2026-06-14T11:30:31.274345+00:00","https://fly.pl/kierunek/turcja/?filter[dest]=39:&filter[hotelids]=&filter[cityids]=&filter[cregids]=&filter[ofrType]=&filter[addObjType]=&filter[whenFrom]=18-07-2026&filter[whenTo]=13-08-2026&filter[duration]=7:11&filter[from]=Warszawa,Warszawa-Radom,Warszawa%20-%20Modlin,Warszawa%20-%20Radom&filter[person]=2&filter[child]=1&filter[price]=4610:20000&filter[PriceFrom]=4610&filter[PriceTo]=20000&filter[addCategory]=50&filter[addCatering]=1&filter[addMisc]=0&filter[addTransport]=F&filter[fp]=1&order_by=ofr_price&filter[tourOperator]=0&filter[childAge][1]=20200812","https://fly.pl/cdn/photo/assets/uploads/582/278/2014/09/Meder-Resort.jpg","https://fly.pl/wycieczka/turcja,kemer,c/meder-resort/pzmcmSj6QzcQHhKLJcGwGWAAog_Veh1uE0fsskQ0YmbCvxngAAAACOdAQAdXQEAAcAAAAqBFdFWlkw4qG60QZInFBQQVi8BmADahJGcmVlIEJpcmQgQWlybGluZXNqBDA3MDBqBDA5MTByQp4BlQGYAR8AHAECABYAFwYRvgISrwETsgoUlQNMyl1PAECcEkvnxQFQACDtoQ8dGRuOrDMN07mPCQESYwEMYwEDC23AjCs/?operator=WEZY&adults=2&children=2020-08-12&nsv=1&objectId=4063&transport=accommodation_flight&departureDate=2026-07-19&returnDate=2026-07-26&departureLocation=Warszawa%2CWarszawa-Radom%2CWarszawa+-+Modlin%2CWarszawa+-+Radom&opt=delta&catering=all_inclusive","filter_turkey_vacation_jul18_2026","turcja","kemer","c","2026-07-19","2026-07-26","8","7","Warszawa,Warszawa-Radom,Warszawa - Modlin,Warszawa - Radom","2+1","turcja|kemer|2026-07-19|2026-07-26|7|Warszawa,Warszawa-Radom,Warszawa - Modlin,Warszawa - Radom|2+1"
"Club Yali Hotels & Resort","10284.0","24.07.2026 - 31.07.2026","8 dni/7 nocy","4.2","4.2","3112","tripadvisor","Warszawa","2026-06-14T11:30:31.274345+00:00","https://fly.pl/kierunek/turcja/?filter[dest]=39:&filter[hotelids]=&filter[cityids]=&filter[cregids]=&filter[ofrType]=&filter[addObjType]=&filter[whenFrom]=18-07-2026&filter[whenTo]=13-08-2026&filter[duration]=7:11&filter[from]=Warszawa,Warszawa-Radom,Warszawa%20-%20Modlin,Warszawa%20-%20Radom&filter[person]=2&filter[child]=1&filter[price]=4610:20000&filter[PriceFrom]=4610&filter[PriceTo]=20000&filter[addCategory]=50&filter[addCatering]=1&filter[addMisc]=0&filter[addTransport]=F&filter[fp]=1&order_by=ofr_price&filter[tourOperator]=0&filter[childAge][1]=20200812","https://fly.pl/cdn/photo/assets/uploads/582/278/2020/01/CLUB-YALI-HOTELS-RESORT.jpg","https://fly.pl/wycieczka/turcja,kusadasi,gumuldur/club-yali-hotels-resort-11/pmjgBNqRfUZxmHupRC0mI1AAogZZZmP4cG14cWALOqDlTxVQAAAACZqQQAtqkEAAcAAAAqBFdFWlkw4qG60QZIrFBQQVi0B2ADaglFbnRlciBBaXJyRJ4BHwAcAQIAFgAXBhLtAxXDBhjIARP8AhSLAxHCLk-3KEwAQKIYUOfFAUsAHZGMECAdG4HsYw29j94IARJjAQ1jAQMM8PdOBg/?operator=WEZY&adults=2&children=2020-08-12&nsv=1&objectId=141939&transport=accommodation_flight&departureDate=2026-07-24&returnDate=2026-07-31&departureLocation=Warszawa%2CWarszawa-Radom%2CWarszawa+-+Modlin%2CWarszawa+-+Radom&opt=delta&catering=all_inclusive","filter_turkey_vacation_jul18_2026","turcja","kusadasi","gumuldur","2026-07-24","2026-07-31","8","7","Warszawa,Warszawa-Radom,Warszawa - Modlin,Warszawa - Radom","2+1","turcja|kusadasi|2026-07-24|2026-07-31|7|Warszawa,Warszawa-Radom,Warszawa - Modlin,Warszawa - Radom|2+1"
"OZ Incekum Beach Resort","10289.0","22.07.2026 - 29.07.2026","8 dni/7 nocy","4.4","4.4","2067","tripadvisor","Warszawa","2026-06-14T11:30:31.274345+00:00","https://fly.pl/kierunek/turcja/?filter[dest]=39:&filter[hotelids]=&filter[cityids]=&filter[cregids]=&filter[ofrType]=&filter[addObjType]=&filter[whenFrom]=18-07-2026&filter[whenTo]=13-08-2026&filter[duration]=7:11&filter[from]=Warszawa,Warszawa-Radom,Warszawa%20-%20Modlin,Warszawa%20-%20Radom&filter[person]=2&filter[child]=1&filter[price]=4610:20000&filter[PriceFrom]=4610&filter[PriceTo]=20000&filter[addCategory]=50&filter[addCatering]=1&filter[addMisc]=0&filter[addTransport]=F&filter[fp]=1&order_by=ofr_price&filter[tourOperator]=0&filter[childAge][1]=20200812","https://fly.pl/cdn/photo/assets/uploads/582/278/2016/11/Incekum-Beach-Resort.jpg","https://fly.pl/wycieczka/turcja,alanya,incekum/incekum-beach-resort/p4KbJb-TkFkx_JNv2t4BjmAAog-UCSQLAjOclE_JVXDfpTfALuLr51ZXfiuqRu7D0QClcqBEVYSU0w4qG60QZIsVBQAViEB2ACagJBSXIhHBG_uAarBKHUQLkEZRvjoDcY7pI7AZeglZ4KAhJjAQIGJz3GLQ/?operator=EXIM&adults=2&children=2020-08-12&nsv=1&objectId=1797&transport=accommodation_flight&departureDate=2026-07-22&returnDate=2026-07-29&departureLocation=Warszawa%2CWarszawa-Radom%2CWarszawa+-+Modlin%2CWarszawa+-+Radom&opt=delta&catering=all_inclusive","filter_turkey_vacation_jul18_2026","turcja","alanya","incekum","2026-07-22","2026-07-29","8","7","Warszawa,Warszawa-Radom,Warszawa - Modlin,Warszawa - Radom","2+1","turcja|alanya|2026-07-22|2026-07-29|7|Warszawa,Warszawa-Radom,Warszawa - Modlin,Warszawa - Radom|2+1"
"Grand Ring","10333.0","18.07.2026 - 25.07.2026","8 dni/7 nocy","4.3","4.3","1271","tripadvisor","Warszawa","2026-06-14T11:30:31.274345+00:00","https://fly.pl/kierunek/turcja/?filter[dest]=39:&filter[hotelids]=&filter[cityids]=&filter[cregids]=&filter[ofrType]=&filter[addObjType]=&filter[whenFrom]=18-07-2026&filter[whenTo]=13-08-2026&filter[duration]=7:11&filter[from]=Warszawa,Warszawa-Radom,Warszawa%20-%20Modlin,Warszawa%20-%20Radom&filter[person]=2&filter[child]=1&filter[price]=4610:20000&filter[PriceFrom]=4610&filter[PriceTo]=20000&filter[addCategory]=50&filter[addCatering]=1&filter[addMisc]=0&filter[addTransport]=F&filter[fp]=1&order_by=ofr_price&filter[tourOperator]=0&filter[childAge][1]=20200812","https://fly.pl/cdn/photo/assets/uploads/582/278/2014/09/Grand-Ring.jpg","https://fly.pl/wycieczka/turcja,kemer,beldibi/grand-ring/pmdR9OQc_NUWIp1zmLNbMyAAog7MF_PkIwcPAcz-6ZpMgtBwrnVfkQ891p__EhtKqHuQwqBFNGUEww4qG60QZI3VBQQVikBmACciILAhUFIgQSWVyWAkAuW5vyUQ2r2YIJUeHZ-e1YAhJjAQIL2mYktA/?operator=SFPL&adults=2&children=2020-08-12&nsv=1&objectId=1604&transport=accommodation_flight&departureDate=2026-07-18&returnDate=2026-07-25&departureLocation=Warszawa%2CWarszawa-Radom%2CWarszawa+-+Modlin%2CWarszawa+-+Radom&opt=delta&catering=all_inclusive","filter_turkey_vacation_jul18_2026","turcja","kemer","beldibi","2026-07-18","2026-07-25","8","7","Warszawa,Warszawa-Radom,Warszawa - Modlin,Warszawa - Radom","2+1","turcja|kemer|2026-07-18|2026-07-25|7|Warszawa,Warszawa-Radom,Warszawa - Modlin,Warszawa - Radom|2+1"
"Galeri Resort","10351.0","19.07.2026 - 26.07.2026","8 dni/7 nocy","4.4","4.4","1005","tripadvisor","Warszawa","2026-06-14T11:30:31.274345+00:00","https://fly.pl/kierunek/turcja/?filter[dest]=39:&filter[hotelids]=&filter[cityids]=&filter[cregids]=&filter[ofrType]=&filter[addObjType]=&filter[whenFrom]=18-07-2026&filter[whenTo]=13-08-2026&filter[duration]=7:11&filter[from]=Warszawa,Warszawa-Radom,Warszawa%20-%20Modlin,Warszawa%20-%20Radom&filter[person]=2&filter[child]=1&filter[price]=4610:20000&filter[PriceFrom]=4610&filter[PriceTo]=20000&filter[addCategory]=50&filter[addCatering]=1&filter[addMisc]=0&filter[addTransport]=F&filter[fp]=1&order_by=ofr_price&filter[tourOperator]=0&filter[childAge][1]=20200812","https://fly.pl/cdn/photo/assets/uploads/582/278/2015/04/GALERI-RESORT-HOTEL.jpg","https://fly.pl/wycieczka/turcja,alanya,okurcalar/galeri-resort/pkN_qPaw6Lg7Y43zJu-cgOAAogBsnXwFNM3lPag0zoV8-ChgAAAADFdAQA4XQEAAcAAQAqBFdFWlkw4qG60QZI71BQQVi8BmADaglFbnRlciBBaXJyQ54BHwAcAQIAFgAXBhLtAxXBBRjXARMeFMIDEY8lT4o7TABAnBJQ58UBSwAdvaIPIBwbgsZkDYyf3ggBEmMBDGMBAwszUCjA/?operator=WEZY&adults=2&children=2020-08-12&nsv=1&objectId=1598&transport=accommodation_flight&departureDate=2026-07-19&returnDate=2026-07-26&departureLocation=Warszawa%2CWarszawa-Radom%2CWarszawa+-+Modlin%2CWarszawa+-+Radom&opt=delta&catering=all_inclusive","filter_turkey_vacation_jul18_2026","turcja","alanya","okurcalar","2026-07-19","2026-07-26","8","7","Warszawa,Warszawa-Radom,Warszawa - Modlin,Warszawa - Radom","2+1","turcja|alanya|2026-07-19|2026-07-26|7|Warszawa,Warszawa-Radom,Warszawa - Modlin,Warszawa - Radom|2+1"
"Alaiye Resort & Spa","10353.0","19.07.2026 - 26.07.2026","8 dni/7 nocy","4.4","4.4","2767","tripadvisor","Warszawa","2026-06-14T11:30:31.274345+00:00","https://fly.pl/kierunek/turcja/?filter[dest]=39:&filter[hotelids]=&filter[cityids]=&filter[cregids]=&filter[ofrType]=&filter[addObjType]=&filter[whenFrom]=18-07-2026&filter[whenTo]=13-08-2026&filter[duration]=7:11&filter[from]=Warszawa,Warszawa-Radom,Warszawa%20-%20Modlin,Warszawa%20-%20Radom&filter[person]=2&filter[child]=1&filter[price]=4610:20000&filter[PriceFrom]=4610&filter[PriceTo]=20000&filter[addCategory]=50&filter[addCatering]=1&filter[addMisc]=0&filter[addTransport]=F&filter[fp]=1&order_by=ofr_price&filter[tourOperator]=0&filter[childAge][1]=20200812","https://fly.pl/cdn/photo/assets/uploads/582/278/2014/11/Alaiye-Resort-Hotel.jpg","https://fly.pl/wycieczka/turcja,alanya,avsallar/alaiye-resort/pFvlPNkknMSiVEI9amak0rAAogoi-KsjeDGSNbgX-Cdu5yHAAAAACOdAQAdXQEAAcAAAAqBFdFWlkw4qG60QZI8VBQQVi8BmADahJGcmVlIEJpcmQgQWlybGluZXNqBDA3MDBqBDA5MTByQZ4BlQGYAR8AAgEWABwAFwYS7QMTsgoUlQMRmjxMsCFPAECcEkvnxQFQABv8YiDxvg4dGQ3h5cIJARJjAQxjAQMLnSwlow/?operator=WEZY&adults=2&children=2020-08-12&nsv=1&objectId=1586&transport=accommodation_flight&departureDate=2026-07-19&returnDate=2026-07-26&departureLocation=Warszawa%2CWarszawa-Radom%2CWarszawa+-+Modlin%2CWarszawa+-+Radom&opt=delta&catering=all_inclusive","filter_turkey_vacation_jul18_2026","turcja","alanya","avsallar","2026-07-19","2026-07-26","8","7","Warszawa,Warszawa-Radom,Warszawa - Modlin,Warszawa - Radom","2+1","turcja|alanya|2026-07-19|2026-07-26|7|Warszawa,Warszawa-Radom,Warszawa - Modlin,Warszawa - Radom|2+1"
"Victory Resort","10363.0","19.07.2026 - 26.07.2026","8 dni/7 nocy","4.6","4.6","726","tripadvisor","Warszawa","2026-06-14T11:30:31.274345+00:00","https://fly.pl/kierunek/turcja/?filter[dest]=39:&filter[hotelids]=&filter[cityids]=&filter[cregids]=&filter[ofrType]=&filter[addObjType]=&filter[whenFrom]=18-07-2026&filter[whenTo]=13-08-2026&filter[duration]=7:11&filter[from]=Warszawa,Warszawa-Radom,Warszawa%20-%20Modlin,Warszawa%20-%20Radom&filter[person]=2&filter[child]=1&filter[price]=4610:20000&filter[PriceFrom]=4610&filter[PriceTo]=20000&filter[addCategory]=50&filter[addCatering]=1&filter[addMisc]=0&filter[addTransport]=F&filter[fp]=1&order_by=ofr_price&filter[tourOperator]=0&filter[childAge][1]=20200812","https://fly.pl/cdn/photo/assets/uploads/582/278/2015/12/Victory-Resort.jpg","https://fly.pl/wycieczka/turcja,side,manavgat/victory-resort/p2gyJFHwHEdzVsJcmWTaWMAAogEfQx9qQeJpGiygb7mwtGLAAAAACOdAQAdXQEAAcAAAAqBFdFWlkw4qG60QZI-1BQQVi8BmADahJGcmVlIEJpcmQgQWlybGluZXNqBDA3MDBqBDA5MTByQZ4BlQGYAR8AHAECABYAFwYS7QMR7QETxQgUlQNMyl1PAECcEkvnxQFQABvCPyCr4g4dGQ3h5cIJARJjARFjAQMQUAJ5Nw/?operator=WEZY&adults=2&children=2020-08-12&nsv=1&objectId=3976&transport=accommodation_flight&departureDate=2026-07-19&returnDate=2026-07-26&departureLocation=Warszawa%2CWarszawa-Radom%2CWarszawa+-+Modlin%2CWarszawa+-+Radom&opt=delta&catering=all_inclusive","filter_turkey_vacation_jul18_2026","turcja","side","manavgat","2026-07-19","2026-07-26","8","7","Warszawa,Warszawa-Radom,Warszawa - Modlin,Warszawa - Radom","2+1","turcja|side|2026-07-19|2026-07-26|7|Warszawa,Warszawa-Radom,Warszawa - Modlin,Warszawa - Radom|2+1"
"Side Premium by OZ Hotels","10408.0","22.07.2026 - 29.07.2026","8 dni/7 nocy","4.4","4.4","3688","tripadvisor","Warszawa","2026-06-14T11:30:31.274345+00:00","https://fly.pl/kierunek/turcja/?filter[dest]=39:&filter[hotelids]=&filter[cityids]=&filter[cregids]=&filter[ofrType]=&filter[addObjType]=&filter[whenFrom]=18-07-2026&filter[whenTo]=13-08-2026&filter[duration]=7:11&filter[from]=Warszawa,Warszawa-Radom,Warszawa%20-%20Modlin,Warszawa%20-%20Radom&filter[person]=2&filter[child]=1&filter[price]=4610:20000&filter[PriceFrom]=4610&filter[PriceTo]=20000&filter[addCategory]=50&filter[addCatering]=1&filter[addMisc]=0&filter[addTransport]=F&filter[fp]=1&order_by=ofr_price&filter[tourOperator]=0&filter[childAge][1]=20200812","https://fly.pl/cdn/photo/assets/uploads/582/278/2016/03/Side-Premium.jpg","https://fly.pl/wycieczka/turcja,side,evrenseki/side-premium/pwUsSdqJxlV33rqIUiiXJ_AAogJW8Hg34nUbhRcVVE1czg6gLuLr51ZXfiuqRu7D0QClcqBEVYSU0w4qG60QZIqFFQAViEB2ACagNVQUlyIRwRvrgGqwSi1EC5BGUb_aQ2GNKGPAGD5vicCgISYwECBjyLO6o/?operator=EXIM&adults=2&children=2020-08-12&nsv=1&objectId=142474&transport=accommodation_flight&departureDate=2026-07-22&returnDate=2026-07-29&departureLocation=Warszawa%2CWarszawa-Radom%2CWarszawa+-+Modlin%2CWarszawa+-+Radom&opt=delta&catering=all_inclusive","filter_turkey_vacation_jul18_2026","turcja","side","evrenseki","2026-07-22","2026-07-29","8","7","Warszawa,Warszawa-Radom,Warszawa - Modlin,Warszawa - Radom","2+1","turcja|side|2026-07-22|2026-07-29|7|Warszawa,Warszawa-Radom,Warszawa - Modlin,Warszawa - Radom|2+1"
"Glamour Resort & Spa","10458.0","22.07.2026 - 29.07.2026","8 dni/7 nocy","3.8","3.8","472","tripadvisor","Warszawa","2026-06-14T11:30:31.274345+00:00","https://fly.pl/kierunek/turcja/?filter[dest]=39:&filter[hotelids]=&filter[cityids]=&filter[cregids]=&filter[ofrType]=&filter[addObjType]=&filter[whenFrom]=18-07-2026&filter[whenTo]=13-08-2026&filter[duration]=7:11&filter[from]=Warszawa,Warszawa-Radom,Warszawa%20-%20Modlin,Warszawa%20-%20Radom&filter[person]=2&filter[child]=1&filter[price]=4610:20000&filter[PriceFrom]=4610&filter[PriceTo]=20000&filter[addCategory]=50&filter[addCatering]=1&filter[addMisc]=0&filter[addTransport]=F&filter[fp]=1&order_by=ofr_price&filter[tourOperator]=0&filter[childAge][1]=20200812","https://fly.pl/cdn/photo/assets/uploads/582/278/2015/10/Glamour-Resort-Spa.jpg","https://fly.pl/wycieczka/turcja,side,c/glamour-side/pgDD9-7gVn81-388kZOLJJAAog-YLwks2QrRrccl0R80WZFwLuLr51ZXfiuqRu7D0QClcqBEVYSU0w4qG60QZI2lFQAViEB2ACagJBSXIhHBG9rQarBKPfQLkEZRvA4iwYvsVFAYrBm5wKAhJjAQIMPPCLkQ/?operator=EXIM&adults=2&children=2020-08-12&nsv=1&objectId=175892&transport=accommodation_flight&departureDate=2026-07-22&returnDate=2026-07-29&departureLocation=Warszawa%2CWarszawa-Radom%2CWarszawa+-+Modlin%2CWarszawa+-+Radom&opt=delta&catering=all_inclusive","filter_turkey_vacation_jul18_2026","turcja","side","c","2026-07-22","2026-07-29","8","7","Warszawa,Warszawa-Radom,Warszawa - Modlin,Warszawa - Radom","2+1","turcja|side|2026-07-22|2026-07-29|7|Warszawa,Warszawa-Radom,Warszawa - Modlin,Warszawa - Radom|2+1"
"Fore Resort & Spa","10471.0","19.07.2026 - 26.07.2026","8 dni/7 nocy","4.4","4.4","469","tripadvisor","Warszawa","2026-06-14T11:30:31.274345+00:00","https://fly.pl/kierunek/turcja/?filter[dest]=39:&filter[hotelids]=&filter[cityids]=&filter[cregids]=&filter[ofrType]=&filter[addObjType]=&filter[whenFrom]=18-07-2026&filter[whenTo]=13-08-2026&filter[duration]=7:11&filter[from]=Warszawa,Warszawa-Radom,Warszawa%20-%20Modlin,Warszawa%20-%20Radom&filter[person]=2&filter[child]=1&filter[price]=4610:20000&filter[PriceFrom]=4610&filter[PriceTo]=20000&filter[addCategory]=50&filter[addCatering]=1&filter[addMisc]=0&filter[addTransport]=F&filter[fp]=1&order_by=ofr_price&filter[tourOperator]=0&filter[childAge][1]=20200812","https://fly.pl/cdn/photo/assets/uploads/582/278/2014/10/Palmet-Resort-Spa-ex-Sentido-Palmet-Beach-fly-pl.jpg","https://fly.pl/wycieczka/turcja,kemer,c/palmet/pxi37hpROHlTkmEH5ZsmUmAAogtOhtKmUY4dv1bGNvjYvC9wAAAACOdAQAdXQEAAcAAAAqBFdFWlkw4qG60QZI51FQQVi8BmADahJGcmVlIEJpcmQgQWlybGluZXNqBDA3MDBqBDA5MTByQp4BlQGYAR8AAgEWABwAFwYS7QMTsgoUlQNPyl1MAECcEkvnxQFQABHdYyCQvg4dGRvuglAN8-LyCAESYwEMYwECBYGMbzE/?operator=WEZY&adults=2&children=2020-08-12&nsv=1&objectId=25434&transport=accommodation_flight&departureDate=2026-07-19&returnDate=2026-07-26&departureLocation=Warszawa%2CWarszawa-Radom%2CWarszawa+-+Modlin%2CWarszawa+-+Radom&opt=delta&catering=all_inclusive","filter_turkey_vacation_jul18_2026","turcja","kemer","c","2026-07-19","2026-07-26","8","7","Warszawa,Warszawa-Radom,Warszawa - Modlin,Warszawa - Radom","2+1","turcja|kemer|2026-07-19|2026-07-26|7|Warszawa,Warszawa-Radom,Warszawa - Modlin,Warszawa - Radom|2+1"
"Zena Resort","10476.0","19.07.2026 - 26.07.2026","8 dni/7 nocy","4.4","4.4","929","tripadvisor","Warszawa","2026-06-14T11:30:31.274345+00:00","https://fly.pl/kierunek/turcja/?filter[dest]=39:&filter[hotelids]=&filter[cityids]=&filter[cregids]=&filter[ofrType]=&filter[addObjType]=&filter[whenFrom]=18-07-2026&filter[whenTo]=13-08-2026&filter[duration]=7:11&filter[from]=Warszawa,Warszawa-Radom,Warszawa%20-%20Modlin,Warszawa%20-%20Radom&filter[person]=2&filter[child]=1&filter[price]=4610:20000&filter[PriceFrom]=4610&filter[PriceTo]=20000&filter[addCategory]=50&filter[addCatering]=1&filter[addMisc]=0&filter[addTransport]=F&filter[fp]=1&order_by=ofr_price&filter[tourOperator]=0&filter[childAge][1]=20200812","https://fly.pl/cdn/photo/assets/uploads/582/278/2014/09/ZENA-RESORT-HOTEL.jpg","https://fly.pl/wycieczka/turcja,kemer,camyuva/zena-resort/pWjWkf4aNh59zCzBRUuxEbAAogp3CMcTErA2SOOfyfCRj3SAAAAADFdAQA4XQEAAcAAAAqBFdFWlkw4qG60QZI7FFQQVi8BmADaglFbnRlciBBaXJyQ54BHwAcAQIAFgQXAhLtAxH4AxXJARjXARMeFMIDT5lgTABAnBJQ58UBSwAdvaIPIBwb85tKDZvJ-AgBEmMBDGMBAwZhxllj/?operator=WEZY&adults=2&children=2020-08-12&nsv=1&objectId=1764&transport=accommodation_flight&departureDate=2026-07-19&returnDate=2026-07-26&departureLocation=Warszawa%2CWarszawa-Radom%2CWarszawa+-+Modlin%2CWarszawa+-+Radom&opt=delta&catering=all_inclusive","filter_turkey_vacation_jul18_2026","turcja","kemer","camyuva","2026-07-19","2026-07-26","8","7","Warszawa,Warszawa-Radom,Warszawa - Modlin,Warszawa - Radom","2+1","turcja|kemer|2026-07-19|2026-07-26|7|Warszawa,Warszawa-Radom,Warszawa - Modlin,Warszawa - Radom|2+1"
"Armas Beach","10528.0","19.07.2026 - 26.07.2026","8 dni/7 nocy","4.3","4.3","763","tripadvisor","Warszawa","2026-06-14T11:30:31.274345+00:00","https://fly.pl/kierunek/turcja/?filter[dest]=39:&filter[hotelids]=&filter[cityids]=&filter[cregids]=&filter[ofrType]=&filter[addObjType]=&filter[whenFrom]=18-07-2026&filter[whenTo]=13-08-2026&filter[duration]=7:11&filter[from]=Warszawa,Warszawa-Radom,Warszawa%20-%20Modlin,Warszawa%20-%20Radom&filter[person]=2&filter[child]=1&filter[price]=4610:20000&filter[PriceFrom]=4610&filter[PriceTo]=20000&filter[addCategory]=50&filter[addCatering]=1&filter[addMisc]=0&filter[addTransport]=F&filter[fp]=1&order_by=ofr_price&filter[tourOperator]=0&filter[childAge][1]=20200812","https://fly.pl/cdn/photo/assets/uploads/582/278/2014/09/Armas-Beach-fly-pl.jpg","https://fly.pl/wycieczka/turcja,kemer,c/armas-beach/pKt1DQ7XMLZSiCv94DP8iiAAog1HiNHQHZR1hBMWwjLmh02QAAAADFdAQA4XQEAAcAAQAqBFdFWlkw4qG60QZIoFJQQVi8BmADaglFbnRlciBBaXJyQZ4BHwAcAQIAFgAXBhLtAxHzBBVOGNcBEx4UwgNPmWBMAECcElDnxQFLABucMR2h8Q4gHA2O5cIJARJjAQxjAQMLf0-yvw/?operator=WEZY&adults=2&children=2020-08-12&nsv=1&objectId=25982&transport=accommodation_flight&departureDate=2026-07-19&returnDate=2026-07-26&departureLocation=Warszawa%2CWarszawa-Radom%2CWarszawa+-+Modlin%2CWarszawa+-+Radom&opt=delta&catering=all_inclusive","filter_turkey_vacation_jul18_2026","turcja","kemer","c","2026-07-19","2026-07-26","8","7","Warszawa,Warszawa-Radom,Warszawa - Modlin,Warszawa - Radom","2+1","turcja|kemer|2026-07-19|2026-07-26|7|Warszawa,Warszawa-Radom,Warszawa - Modlin,Warszawa - Radom|2+1"
"Riolavitas SPA & Resort","10536.0","23.07.2026 - 30.07.2026","8 dni/7 nocy","4.0","4.0","1467","tripadvisor","Warszawa","2026-06-14T11:30:31.274345+00:00","https://fly.pl/kierunek/turcja/?filter[dest]=39:&filter[hotelids]=&filter[cityids]=&filter[cregids]=&filter[ofrType]=&filter[addObjType]=&filter[whenFrom]=18-07-2026&filter[whenTo]=13-08-2026&filter[duration]=7:11&filter[from]=Warszawa,Warszawa-Radom,Warszawa%20-%20Modlin,Warszawa%20-%20Radom&filter[person]=2&filter[child]=1&filter[price]=4610:20000&filter[PriceFrom]=4610&filter[PriceTo]=20000&filter[addCategory]=50&filter[addCatering]=1&filter[addMisc]=0&filter[addTransport]=F&filter[fp]=1&order_by=ofr_price&filter[tourOperator]=0&filter[childAge][1]=20200812","https://fly.pl/cdn/photo/assets/uploads/582/278/2016/02/Lavitas-Spa-fly-pl-1.jpg","https://fly.pl/wycieczka/turcja,side,titreyengol/lavitas-spa/pWp5Q6jisv5z9b8Hmc2EmJAAogKCJcoFm9jmZreu06ApImrDICq4IvHFLSy1yPUSVlhM4qBEJWQkUw4qG60QZIqFJQAVicB2ACagNBSStyIRwR5sMBG4WXOxj3whS5BKSkKKsEfgH4mdn1AgIAYwEDCu6N6yg/?operator=BVBE&adults=2&children=2020-08-12&nsv=1&objectId=178688&transport=accommodation_flight&departureDate=2026-07-23&returnDate=2026-07-30&departureLocation=Warszawa%2CWarszawa-Radom%2CWarszawa+-+Modlin%2CWarszawa+-+Radom&opt=delta&catering=all_inclusive","filter_turkey_vacation_jul18_2026","turcja","side","titreyengol","2026-07-23","2026-07-30","8","7","Warszawa,Warszawa-Radom,Warszawa - Modlin,Warszawa - Radom","2+1","turcja|side|2026-07-23|2026-07-30|7|Warszawa,Warszawa-Radom,Warszawa - Modlin,Warszawa - Radom|2+1"
"Water Side Resort & Spa","10554.0","19.07.2026 - 26.07.2026","8 dni/7 nocy","4.0","4.0","1548","tripadvisor","Warszawa","2026-06-14T11:30:31.274345+00:00","https://fly.pl/kierunek/turcja/?filter[dest]=39:&filter[hotelids]=&filter[cityids]=&filter[cregids]=&filter[ofrType]=&filter[addObjType]=&filter[whenFrom]=18-07-2026&filter[whenTo]=13-08-2026&filter[duration]=7:11&filter[from]=Warszawa,Warszawa-Radom,Warszawa%20-%20Modlin,Warszawa%20-%20Radom&filter[person]=2&filter[child]=1&filter[price]=4610:20000&filter[PriceFrom]=4610&filter[PriceTo]=20000&filter[addCategory]=50&filter[addCatering]=1&filter[addMisc]=0&filter[addTransport]=F&filter[fp]=1&order_by=ofr_price&filter[tourOperator]=0&filter[childAge][1]=20200812","https://fly.pl/cdn/photo/assets/uploads/582/278/2015/04/Water-Side-Resort-Spa.jpg","https://fly.pl/wycieczka/turcja,side,c/water-side-resort-spa/prvhWEoHhdG27FQNVQN-diAAogY9URea445hNRTg_9C6GoFwAAAACOdAQAdXQEAAcAAAAqBFdFWlkw4qG60QZIulJQQVi8BmADahJGcmVlIEJpcmQgQWlybGluZXNqBDA3MDBqBDA5MTByQp4BlQGYAR8AAgEWABwAFwYS7QMTsgoUlQMR8VBM2QxPAECcEkvnxQFQABuQkgMg3Y8MHRkN4eXCCQESYwENYwEDDPcXnkU/?operator=WEZY&adults=2&children=2020-08-12&nsv=1&objectId=168079&transport=accommodation_flight&departureDate=2026-07-19&returnDate=2026-07-26&departureLocation=Warszawa%2CWarszawa-Radom%2CWarszawa+-+Modlin%2CWarszawa+-+Radom&opt=delta&catering=all_inclusive","filter_turkey_vacation_jul18_2026","turcja","side","c","2026-07-19","2026-07-26","8","7","Warszawa,Warszawa-Radom,Warszawa - Modlin,Warszawa - Radom","2+1","turcja|side|2026-07-19|2026-07-26|7|Warszawa,Warszawa-Radom,Warszawa - Modlin,Warszawa - Radom|2+1"
"Mary Side (ex. Mary Palace)","10580.0","18.07.2026 - 25.07.2026","8 dni/7 nocy","4.4","4.4","197","tripadvisor","Warszawa","2026-06-14T11:30:31.274345+00:00","https://fly.pl/kierunek/turcja/?filter[dest]=39:&filter[hotelids]=&filter[cityids]=&filter[cregids]=&filter[ofrType]=&filter[addObjType]=&filter[whenFrom]=18-07-2026&filter[whenTo]=13-08-2026&filter[duration]=7:11&filter[from]=Warszawa,Warszawa-Radom,Warszawa%20-%20Modlin,Warszawa%20-%20Radom&filter[person]=2&filter[child]=1&filter[price]=4610:20000&filter[PriceFrom]=4610&filter[PriceTo]=20000&filter[addCategory]=50&filter[addCatering]=1&filter[addMisc]=0&filter[addTransport]=F&filter[fp]=1&order_by=ofr_price&filter[tourOperator]=0&filter[childAge][1]=20200812","https://fly.pl/cdn/photo/assets/uploads/582/278/2015/04/Mary-Hotel-Side.jpg","https://fly.pl/wycieczka/turcja,side,c/mary-palace/pBrhLxshiyeUvdRyN0p9ZCAAogPhP16hJvYNf44JdtDc7y944rnHDhyyP7p1xX0bl-A28qBE9BU0kw5KG60QZI1FJQAVikBmACagNBSWxyIBwR4H-5BNyJD6sEAxumngkY0ewSAcjOp_kBAgBjAQMGWbd2jQ/?operator=OASI&adults=2&children=2020-08-12&nsv=1&objectId=168076&transport=accommodation_flight&departureDate=2026-07-18&returnDate=2026-07-25&departureLocation=Warszawa%2CWarszawa-Radom%2CWarszawa+-+Modlin%2CWarszawa+-+Radom&opt=delta&catering=all_inclusive","filter_turkey_vacation_jul18_2026","turcja","side","c","2026-07-18","2026-07-25","8","7","Warszawa,Warszawa-Radom,Warszawa - Modlin,Warszawa - Radom","2+1","turcja|side|2026-07-18|2026-07-25|7|Warszawa,Warszawa-Radom,Warszawa - Modlin,Warszawa - Radom|2+1"
"Fame Residence (Göynük)","10581.0","18.07.2026 - 25.07.2026","8 dni/7 nocy","4.7","4.7","2197","tripadvisor","Warszawa","2026-06-14T11:30:31.274345+00:00","https://fly.pl/kierunek/turcja/?filter[dest]=39:&filter[hotelids]=&filter[cityids]=&filter[cregids]=&filter[ofrType]=&filter[addObjType]=&filter[whenFrom]=18-07-2026&filter[whenTo]=13-08-2026&filter[duration]=7:11&filter[from]=Warszawa,Warszawa-Radom,Warszawa%20-%20Modlin,Warszawa%20-%20Radom&filter[person]=2&filter[child]=1&filter[price]=4610:20000&filter[PriceFrom]=4610&filter[PriceTo]=20000&filter[addCategory]=50&filter[addCatering]=1&filter[addMisc]=0&filter[addTransport]=F&filter[fp]=1&order_by=ofr_price&filter[tourOperator]=0&filter[childAge][1]=20200812","https://fly.pl/cdn/photo/assets/uploads/582/278/2015/05/Fame-Residence-Goynuk.jpg","https://fly.pl/wycieczka/turcja,kemer,goynuk/fame-residence-goynuk/pHPh66c1pF1o7QxMTaypGhAAogeAgcrsBEVdzO5nssYnQpujm75xzNrdMBvkUGrR8D3XsqBEVDQ1gw5KG60QZI1VJQAVikBmACagJBSXIgHBHdJqsEzqUWuQQdGJnXKRus7QwB2aO93gECAGMBAgtTVYI7/?operator=ECCX&adults=2&children=2020-08-12&nsv=1&objectId=8604&transport=accommodation_flight&departureDate=2026-07-18&returnDate=2026-07-25&departureLocation=Warszawa%2CWarszawa-Radom%2CWarszawa+-+Modlin%2CWarszawa+-+Radom&opt=delta&catering=all_inclusive","filter_turkey_vacation_jul18_2026","turcja","kemer","goynuk","2026-07-18","2026-07-25","8","7","Warszawa,Warszawa-Radom,Warszawa - Modlin,Warszawa - Radom","2+1","turcja|kemer|2026-07-18|2026-07-25|7|Warszawa,Warszawa-Radom,Warszawa - Modlin,Warszawa - Radom|2+1"
"Armas Kaplan Paradise","10593.0","21.07.2026 - 29.07.2026","9 dni/8 nocy","4.3","4.3","1175","tripadvisor","Warszawa","2026-06-14T11:30:31.274345+00:00","https://fly.pl/kierunek/turcja/?filter[dest]=39:&filter[hotelids]=&filter[cityids]=&filter[cregids]=&filter[ofrType]=&filter[addObjType]=&filter[whenFrom]=18-07-2026&filter[whenTo]=13-08-2026&filter[duration]=7:11&filter[from]=Warszawa,Warszawa-Radom,Warszawa%20-%20Modlin,Warszawa%20-%20Radom&filter[person]=2&filter[child]=1&filter[price]=4610:20000&filter[PriceFrom]=4610&filter[PriceTo]=20000&filter[addCategory]=50&filter[addCatering]=1&filter[addMisc]=0&filter[addTransport]=F&filter[fp]=1&order_by=ofr_price&filter[tourOperator]=0&filter[childAge][1]=20200812","https://fly.pl/cdn/photo/assets/uploads/582/278/2017/03/Armas-Kaplan-Paradise.jpg","https://fly.pl/wycieczka/turcja,kemer,tekirova/armas-kaplan-paradise/pVAU4jVRWIE1b77-5oiQnaAAog2LGIu9aF9hwFJ1Zt6V-p6GcowcRFSimdZCEXnLk7UoMqBE9SRVgw5KG60QZI4VJQQVjsBmACagVFLjIuMXI2mwEVCBcAWAdWAlwIQMIGEdEPT4oxXSRTqydSAF6WlAFL7UNhAEzljDoghPuXCQ0AAhJjAQILfPcPWg/?operator=OREX&adults=2&children=2020-08-12&nsv=1&objectId=8610&transport=accommodation_flight&departureDate=2026-07-21&returnDate=2026-07-29&departureLocation=Warszawa%2CWarszawa-Radom%2CWarszawa+-+Modlin%2CWarszawa+-+Radom&opt=delta&catering=all_inclusive","filter_turkey_vacation_jul18_2026","turcja","kemer","tekirova","2026-07-21","2026-07-29","9","8","Warszawa,Warszawa-Radom,Warszawa - Modlin,Warszawa - Radom","2+1","turcja|kemer|2026-07-21|2026-07-29|8|Warszawa,Warszawa-Radom,Warszawa - Modlin,Warszawa - Radom|2+1"
"Azura World (ex. Wyndham Alanya)","10615.0","19.07.2026 - 26.07.2026","8 dni/7 nocy","","","","","Warszawa","2026-06-14T11:30:31.274345+00:00","https://fly.pl/kierunek/turcja/?filter[dest]=39:&filter[hotelids]=&filter[cityids]=&filter[cregids]=&filter[ofrType]=&filter[addObjType]=&filter[whenFrom]=18-07-2026&filter[whenTo]=13-08-2026&filter[duration]=7:11&filter[from]=Warszawa,Warszawa-Radom,Warszawa%20-%20Modlin,Warszawa%20-%20Radom&filter[person]=2&filter[child]=1&filter[price]=4610:20000&filter[PriceFrom]=4610&filter[PriceTo]=20000&filter[addCategory]=50&filter[addCatering]=1&filter[addMisc]=0&filter[addTransport]=F&filter[fp]=1&order_by=ofr_price&filter[tourOperator]=0&filter[childAge][1]=20200812","https://datacfstatic.merlinx.pl/WEZY/IMG/76255/22583b3c8e09c577b045f09bb489a296f2b2e630d003cd7a52002e732630e66d.webp","https://fly.pl/wycieczka/turcja,alanya,turkler/wyndham-alanya-11/pbWOh2Y3C75QOjdHqMfWhFAAogmsXxuaPv8cMr5OVDSXjEeQAAAACOdAQAdXQEAAcAAQAqBFdFWlkw5KG60QZI91JQQVi8BmADahJGcmVlIEJpcmQgQWlybGluZXNqBDA3MDBqBDA5MTByQ54BlQGYAR8AAgEcABYEFwIS7QMTsgoUlQNPyl1MAECcEkvnxQFQABHXjAIglpUNHRkbza9gDZS24ggBEmMBDGMBAwuEU9t8/?operator=WEZY&adults=2&children=2020-08-12&nsv=1&objectId=232247&transport=accommodation_flight&departureDate=2026-07-19&returnDate=2026-07-26&departureLocation=Warszawa%2CWarszawa-Radom%2CWarszawa+-+Modlin%2CWarszawa+-+Radom&opt=delta&catering=all_inclusive","filter_turkey_vacation_jul18_2026","turcja","alanya","turkler","2026-07-19","2026-07-26","8","7","Warszawa,Warszawa-Radom,Warszawa - Modlin,Warszawa - Radom","2+1","turcja|alanya|2026-07-19|2026-07-26|7|Warszawa,Warszawa-Radom,Warszawa - Modlin,Warszawa - Radom|2+1"
"Terrace Elite Resort","10624.0","18.07.2026 - 25.07.2026","8 dni/7 nocy","4.5","4.5","1273","tripadvisor","Warszawa","2026-06-14T11:30:31.274345+00:00","https://fly.pl/kierunek/turcja/?filter[dest]=39:&filter[hotelids]=&filter[cityids]=&filter[cregids]=&filter[ofrType]=&filter[addObjType]=&filter[whenFrom]=18-07-2026&filter[whenTo]=13-08-2026&filter[duration]=7:11&filter[from]=Warszawa,Warszawa-Radom,Warszawa%20-%20Modlin,Warszawa%20-%20Radom&filter[person]=2&filter[child]=1&filter[price]=4610:20000&filter[PriceFrom]=4610&filter[PriceTo]=20000&filter[addCategory]=50&filter[addCatering]=1&filter[addMisc]=0&filter[addTransport]=F&filter[fp]=1&order_by=ofr_price&filter[tourOperator]=0&filter[childAge][1]=20200812","https://fly.pl/cdn/photo/assets/uploads/582/278/2015/11/Terrace-Elite-Resort-fly-pl.jpg","https://fly.pl/wycieczka/turcja,side,c/terrace-elite-resort/pDhdIUYCTqniKoeCvN4xMPAAoguoLbYT5xI7autRWJQdy1wAz77lvs6r-gYLlUM_yvRvwqBEJWQkUw5KG60QZIgFNQAVikBmACagNVQUlyIhwR5qgBG7DwPRip-hGrBOOuKLkEkgIBjI2A9AICAGMBAwmUMC6K/?operator=BVBE&adults=2&children=2020-08-12&nsv=1&objectId=111729&transport=accommodation_flight&departureDate=2026-07-18&returnDate=2026-07-25&departureLocation=Warszawa%2CWarszawa-Radom%2CWarszawa+-+Modlin%2CWarszawa+-+Radom&opt=delta&catering=all_inclusive","filter_turkey_vacation_jul18_2026","turcja","side","c","2026-07-18","2026-07-25","8","7","Warszawa,Warszawa-Radom,Warszawa - Modlin,Warszawa - Radom","2+1","turcja|side|2026-07-18|2026-07-25|7|Warszawa,Warszawa-Radom,Warszawa - Modlin,Warszawa - Radom|2+1"
"Side Prenses","10681.0","19.07.2026 - 26.07.2026","8 dni/7 nocy","4.1","4.1","949","tripadvisor","Warszawa","2026-06-14T11:30:31.274345+00:00","https://fly.pl/kierunek/turcja/?filter[dest]=39:&filter[hotelids]=&filter[cityids]=&filter[cregids]=&filter[ofrType]=&filter[addObjType]=&filter[whenFrom]=18-07-2026&filter[whenTo]=13-08-2026&filter[duration]=7:11&filter[from]=Warszawa,Warszawa-Radom,Warszawa%20-%20Modlin,Warszawa%20-%20Radom&filter[person]=2&filter[child]=1&filter[price]=4610:20000&filter[PriceFrom]=4610&filter[PriceTo]=20000&filter[addCategory]=50&filter[addCatering]=1&filter[addMisc]=0&filter[addTransport]=F&filter[fp]=1&order_by=ofr_price&filter[tourOperator]=0&filter[childAge][1]=20200812","https://fly.pl/cdn/photo/assets/uploads/582/278/2015/04/Side-Prenses.jpg","https://fly.pl/wycieczka/turcja,side,c/side-prenses/ps8dBDkq14XkLusCKFqz8UAAogirQBq9AUPzz3kwEQFhh1GAAAAACOdAQAdXQEAAcAEgAqBFdFWlkw5KG60QZIuVNQQVi8BmADahJGcmVlIEJpcmQgQWlybGluZXNqBDA3MDBqBDA5MTByQp4BlQGYAR8AAgEcABYEFwIS7QMTsgoUlQNMyl1PAECcEhHVKUuSnAFQABvn3AEghsUNHRkN4eXCCQESYwEMYwEDC3hiCq0/?operator=WEZY&adults=2&children=2020-08-12&nsv=1&objectId=1693&transport=accommodation_flight&departureDate=2026-07-19&returnDate=2026-07-26&departureLocation=Warszawa%2CWarszawa-Radom%2CWarszawa+-+Modlin%2CWarszawa+-+Radom&opt=delta&catering=all_inclusive","filter_turkey_vacation_jul18_2026","turcja","side","c","2026-07-19","2026-07-26","8","7","Warszawa,Warszawa-Radom,Warszawa - Modlin,Warszawa - Radom","2+1","turcja|side|2026-07-19|2026-07-26|7|Warszawa,Warszawa-Radom,Warszawa - Modlin,Warszawa - Radom|2+1"
"Port Side Resort","10708.0","22.07.2026 - 29.07.2026","8 dni/7 nocy","4.4","4.4","215","tripadvisor","Warszawa","2026-06-14T11:30:31.274345+00:00","https://fly.pl/kierunek/turcja/?filter[dest]=39:&filter[hotelids]=&filter[cityids]=&filter[cregids]=&filter[ofrType]=&filter[addObjType]=&filter[whenFrom]=18-07-2026&filter[whenTo]=13-08-2026&filter[duration]=7:11&filter[from]=Warszawa,Warszawa-Radom,Warszawa%20-%20Modlin,Warszawa%20-%20Radom&filter[person]=2&filter[child]=1&filter[price]=4610:20000&filter[PriceFrom]=4610&filter[PriceTo]=20000&filter[addCategory]=50&filter[addCatering]=1&filter[addMisc]=0&filter[addTransport]=F&filter[fp]=1&order_by=ofr_price&filter[tourOperator]=0&filter[childAge][1]=20200812","https://fly.pl/cdn/photo/assets/uploads/582/278/2017/01/Port-Side-Resort-fly-pl-3.jpg","https://fly.pl/wycieczka/turcja,side,c/port-side-resort/p50KqVAzJ_jOUsCdcB19hVAAog-0NXIWmPH5zHoIN9vRKvc__2dYpkKqu6LbfqewOdjQIqBEJWQkUw5KG60QZI1FNQAViEB2ACagJBSXIiHBGgowEb6bg8GNawD7kE97QsqwSUAQH_p768AgIAYwEDDOENdAU/?operator=BVBE&adults=2&children=2020-08-12&nsv=1&objectId=31329&transport=accommodation_flight&departureDate=2026-07-22&returnDate=2026-07-29&departureLocation=Warszawa%2CWarszawa-Radom%2CWarszawa+-+Modlin%2CWarszawa+-+Radom&opt=delta&catering=all_inclusive","filter_turkey_vacation_jul18_2026","turcja","side","c","2026-07-22","2026-07-29","8","7","Warszawa,Warszawa-Radom,Warszawa - Modlin,Warszawa - Radom","2+1","turcja|side|2026-07-22|2026-07-29|7|Warszawa,Warszawa-Radom,Warszawa - Modlin,Warszawa - Radom|2+1"
"Green Garden Resort","10767.0","22.07.2026 - 29.07.2026","8 dni/7 nocy","4.0","4.0","283","tripadvisor","Warszawa","2026-06-14T11:30:31.274345+00:00","https://fly.pl/kierunek/turcja/?filter[dest]=39:&filter[hotelids]=&filter[cityids]=&filter[cregids]=&filter[ofrType]=&filter[addObjType]=&filter[whenFrom]=18-07-2026&filter[whenTo]=13-08-2026&filter[duration]=7:11&filter[from]=Warszawa,Warszawa-Radom,Warszawa%20-%20Modlin,Warszawa%20-%20Radom&filter[person]=2&filter[child]=1&filter[price]=4610:20000&filter[PriceFrom]=4610&filter[PriceTo]=20000&filter[addCategory]=50&filter[addCatering]=1&filter[addMisc]=0&filter[addTransport]=F&filter[fp]=1&order_by=ofr_price&filter[tourOperator]=0&filter[childAge][1]=20200812","https://fly.pl/cdn/photo/assets/uploads/582/278/2017/06/Green-Garden-fly-pl-2.jpg","https://fly.pl/wycieczka/turcja,alanya,c/green-garden/pDsjD3O3ql8nA5_3BYVO3JAAogznnjoBX0JA8lvc6uFalzVgLuLr51ZXfiuqRu7D0QClcqBEVYSU0w5KG60QZIj1RQAViEB2ACagNVQUlyIRwRru8FqwSynUG5BGUb77ElGODqOAHqnMPzCAISYwEDDD9zoj4/?operator=EXIM&adults=2&children=2020-08-12&nsv=1&objectId=180567&transport=accommodation_flight&departureDate=2026-07-22&returnDate=2026-07-29&departureLocation=Warszawa%2CWarszawa-Radom%2CWarszawa+-+Modlin%2CWarszawa+-+Radom&opt=delta&catering=all_inclusive","filter_turkey_vacation_jul18_2026","turcja","alanya","c","2026-07-22","2026-07-29","8","7","Warszawa,Warszawa-Radom,Warszawa - Modlin,Warszawa - Radom","2+1","turcja|alanya|2026-07-22|2026-07-29|7|Warszawa,Warszawa-Radom,Warszawa - Modlin,Warszawa - Radom|2+1"
"Seaden Sea World Resort & Spa","10772.0","18.07.2026 - 25.07.2026","8 dni/7 nocy","3.7","3.7","848","tripadvisor","Warszawa","2026-06-14T11:30:31.274345+00:00","https://fly.pl/kierunek/turcja/?filter[dest]=39:&filter[hotelids]=&filter[cityids]=&filter[cregids]=&filter[ofrType]=&filter[addObjType]=&filter[whenFrom]=18-07-2026&filter[whenTo]=13-08-2026&filter[duration]=7:11&filter[from]=Warszawa,Warszawa-Radom,Warszawa%20-%20Modlin,Warszawa%20-%20Radom&filter[person]=2&filter[child]=1&filter[price]=4610:20000&filter[PriceFrom]=4610&filter[PriceTo]=20000&filter[addCategory]=50&filter[addCatering]=1&filter[addMisc]=0&filter[addTransport]=F&filter[fp]=1&order_by=ofr_price&filter[tourOperator]=0&filter[childAge][1]=20200812","https://fly.pl/cdn/photo/assets/uploads/582/278/2015/01/Seaden-Sea-World-Resort-Spa.jpg","https://fly.pl/wycieczka/turcja,side,kizilagac/sea-world-resort/pchr1C9s3_xVKQdNMy7fBeAAogSF7c_RGCWEPtfCGwSh8KtQz77lvs6r-gYLlUM_yvRvwqBEJWQkUw5KG60QZIlFRQAVikBmACagJBSXIiHBHR2QEbkZE_GJveE6sEpfkkuQSSAgHB5eezAwIAYwEDDGTVvKA/?operator=BVBE&adults=2&children=2020-08-12&nsv=1&objectId=5007&transport=accommodation_flight&departureDate=2026-07-18&returnDate=2026-07-25&departureLocation=Warszawa%2CWarszawa-Radom%2CWarszawa+-+Modlin%2CWarszawa+-+Radom&opt=delta&catering=all_inclusive","filter_turkey_vacation_jul18_2026","turcja","side","kizilagac","2026-07-18","2026-07-25","8","7","Warszawa,Warszawa-Radom,Warszawa - Modlin,Warszawa - Radom","2+1","turcja|side|2026-07-18|2026-07-25|7|Warszawa,Warszawa-Radom,Warszawa - Modlin,Warszawa - Radom|2+1"
"Delta by Marriott Bodrum","10777.0","23.07.2026 - 31.07.2026","9 dni/7 nocy","4.1","4.1","1787","tripadvisor","Warszawa","2026-06-14T11:30:31.274345+00:00","https://fly.pl/kierunek/turcja/?filter[dest]=39:&filter[hotelids]=&filter[cityids]=&filter[cregids]=&filter[ofrType]=&filter[addObjType]=&filter[whenFrom]=18-07-2026&filter[whenTo]=13-08-2026&filter[duration]=7:11&filter[from]=Warszawa,Warszawa-Radom,Warszawa%20-%20Modlin,Warszawa%20-%20Radom&filter[person]=2&filter[child]=1&filter[price]=4610:20000&filter[PriceFrom]=4610&filter[PriceTo]=20000&filter[addCategory]=50&filter[addCatering]=1&filter[addMisc]=0&filter[addTransport]=F&filter[fp]=1&order_by=ofr_price&filter[tourOperator]=0&filter[childAge][1]=20200812","https://fly.pl/cdn/photo/assets/uploads/582/278/2014/11/delta.jpg","https://fly.pl/wycieczka/turcja,bodrum,yalikavak/delta-beach-resort/pjHgDvZU6Eh5igHeV8my4EAAogKvdMEe7gwuUEci8omg1RmYhtswdb3bT1O6VJ_fxUJqAqBFZJVFgw5KG60QZImVRQQVicB2ACcj8aABUHFwBcA1gFQI8DU91xUgBb4hFevnxL7UNhAEyi-S0NyY6kCSABUb39-sxdT_DnNV2szp2iqAECB2MBAgY3BFTW/?operator=VITX&adults=2&children=2020-08-12&nsv=1&objectId=7770&transport=accommodation_flight&departureDate=2026-07-23&returnDate=2026-07-31&departureLocation=Warszawa%2CWarszawa-Radom%2CWarszawa+-+Modlin%2CWarszawa+-+Radom&opt=delta&catering=all_inclusive","filter_turkey_vacation_jul18_2026","turcja","bodrum","yalikavak","2026-07-23","2026-07-31","9","7","Warszawa,Warszawa-Radom,Warszawa - Modlin,Warszawa - Radom","2+1","turcja|bodrum|2026-07-23|2026-07-31|7|Warszawa,Warszawa-Radom,Warszawa - Modlin,Warszawa - Radom|2+1"
"Fame Residence (Kemer)","10778.0","23.07.2026 - 30.07.2026","8 dni/7 nocy","4.7","4.7","2119","tripadvisor","Warszawa","2026-06-14T11:30:31.274345+00:00","https://fly.pl/kierunek/turcja/?filter[dest]=39:&filter[hotelids]=&filter[cityids]=&filter[cregids]=&filter[ofrType]=&filter[addObjType]=&filter[whenFrom]=18-07-2026&filter[whenTo]=13-08-2026&filter[duration]=7:11&filter[from]=Warszawa,Warszawa-Radom,Warszawa%20-%20Modlin,Warszawa%20-%20Radom&filter[person]=2&filter[child]=1&filter[price]=4610:20000&filter[PriceFrom]=4610&filter[PriceTo]=20000&filter[addCategory]=50&filter[addCatering]=1&filter[addMisc]=0&filter[addTransport]=F&filter[fp]=1&order_by=ofr_price&filter[tourOperator]=0&filter[childAge][1]=20200812","https://fly.pl/cdn/photo/assets/uploads/582/278/2015/05/Fame-Residence-Kemer-fly-pl-1.jpg","https://fly.pl/wycieczka/turcja,kemer,c/fame-residence-kemer/ptFNr3hE8Bn1ZGl1D1MKPfAAogg7SBm9LMNjqBsGiihw58_DICq4IvHFLSy1yPUSVlhM4qBEJWQkUw5KG60QZImlRQAVicB2ACagJBSXIhHBG0kwEbxqc7GNfHFLkEtb8oqwR-AaaGkfECAgBjAQILtdUuHw/?operator=BVBE&adults=2&children=2020-08-12&nsv=1&objectId=4952&transport=accommodation_flight&departureDate=2026-07-23&returnDate=2026-07-30&departureLocation=Warszawa%2CWarszawa-Radom%2CWarszawa+-+Modlin%2CWarszawa+-+Radom&opt=delta&catering=all_inclusive","filter_turkey_vacation_jul18_2026","turcja","kemer","c","2026-07-23","2026-07-30","8","7","Warszawa,Warszawa-Radom,Warszawa - Modlin,Warszawa - Radom","2+1","turcja|kemer|2026-07-23|2026-07-30|7|Warszawa,Warszawa-Radom,Warszawa - Modlin,Warszawa - Radom|2+1"
"Lake River Side Spa","10797.0","23.07.2026 - 30.07.2026","8 dni/7 nocy","4.0","4.0","1852","tripadvisor","Warszawa","2026-06-14T11:30:31.274345+00:00","https://fly.pl/kierunek/turcja/?filter[dest]=39:&filter[hotelids]=&filter[cityids]=&filter[cregids]=&filter[ofrType]=&filter[addObjType]=&filter[whenFrom]=18-07-2026&filter[whenTo]=13-08-2026&filter[duration]=7:11&filter[from]=Warszawa,Warszawa-Radom,Warszawa%20-%20Modlin,Warszawa%20-%20Radom&filter[person]=2&filter[child]=1&filter[price]=4610:20000&filter[PriceFrom]=4610&filter[PriceTo]=20000&filter[addCategory]=50&filter[addCatering]=1&filter[addMisc]=0&filter[addTransport]=F&filter[fp]=1&order_by=ofr_price&filter[tourOperator]=0&filter[childAge][1]=20200812","https://fly.pl/cdn/photo/assets/uploads/582/278/2014/11/Lake-River-Side-Spa-fly-pl-1.jpg","https://fly.pl/wycieczka/turcja,side,manavgat/lake-river-side-spa/p8EEdadnB_PjR0mbfv02D4AAogo6Y1F2QnBhXbUi4Zvcce0FcbW0kfwNyF5b7TGk4Wi78qBFZJVFgw5KG60QZIrVRQQVicB2ACcj8aABUHFwBcA1gFQI8DU-drUgBb2BdevnxLgRJhAEyOqy4NyY6kCSAAUcvMhu5YT7OqEV3Ej9OLhQECDWMBAgzQxkUo/?operator=VITX&adults=2&children=2020-08-12&nsv=1&objectId=38066&transport=accommodation_flight&departureDate=2026-07-23&returnDate=2026-07-30&departureLocation=Warszawa%2CWarszawa-Radom%2CWarszawa+-+Modlin%2CWarszawa+-+Radom&opt=delta&catering=all_inclusive","filter_turkey_vacation_jul18_2026","turcja","side","manavgat","2026-07-23","2026-07-30","8","7","Warszawa,Warszawa-Radom,Warszawa - Modlin,Warszawa - Radom","2+1","turcja|side|2026-07-23|2026-07-30|7|Warszawa,Warszawa-Radom,Warszawa - Modlin,Warszawa - Radom|2+1"
"Wind of Lara","10841.0","18.07.2026 - 25.07.2026","8 dni/7 nocy","4.2","4.2","2281","tripadvisor","Warszawa","2026-06-14T11:30:31.274345+00:00","https://fly.pl/kierunek/turcja/?filter[dest]=39:&filter[hotelids]=&filter[cityids]=&filter[cregids]=&filter[ofrType]=&filter[addObjType]=&filter[whenFrom]=18-07-2026&filter[whenTo]=13-08-2026&filter[duration]=7:11&filter[from]=Warszawa,Warszawa-Radom,Warszawa%20-%20Modlin,Warszawa%20-%20Radom&filter[person]=2&filter[child]=1&filter[price]=4610:20000&filter[PriceFrom]=4610&filter[PriceTo]=20000&filter[addCategory]=50&filter[addCatering]=1&filter[addMisc]=0&filter[addTransport]=F&filter[fp]=1&order_by=ofr_price&filter[tourOperator]=0&filter[childAge][1]=20200812","https://fly.pl/cdn/photo/assets/uploads/582/278/2015/12/Wind-of-Lara.jpg","https://fly.pl/wycieczka/turcja,alanya,c/wind-of-lara/p2A342R6I60VwnqZnOQfE3AAogtIp7eICct02vaRivoHmUGo4rnHDhyyP7p1xX0bl-A28qBE9BU0kw5KG60QZI2VRQAVikBmACagNBSWxyIBwRrXq5BI-PD6sEAxvUjwkY5PsSAd3Ry_kBAgBjAQMJy7K-qw/?operator=OASI&adults=2&children=2020-08-12&nsv=1&objectId=175996&transport=accommodation_flight&departureDate=2026-07-18&returnDate=2026-07-25&departureLocation=Warszawa%2CWarszawa-Radom%2CWarszawa+-+Modlin%2CWarszawa+-+Radom&opt=delta&catering=all_inclusive","filter_turkey_vacation_jul18_2026","turcja","alanya","c","2026-07-18","2026-07-25","8","7","Warszawa,Warszawa-Radom,Warszawa - Modlin,Warszawa - Radom","2+1","turcja|alanya|2026-07-18|2026-07-25|7|Warszawa,Warszawa-Radom,Warszawa - Modlin,Warszawa - Radom|2+1"
"Horus Paradise Luxury Resort","10855.0","19.07.2026 - 26.07.2026","8 dni/7 nocy","4.0","4.0","3047","tripadvisor","Warszawa","2026-06-14T11:30:31.274345+00:00","https://fly.pl/kierunek/turcja/?filter[dest]=39:&filter[hotelids]=&filter[cityids]=&filter[cregids]=&filter[ofrType]=&filter[addObjType]=&filter[whenFrom]=18-07-2026&filter[whenTo]=13-08-2026&filter[duration]=7:11&filter[from]=Warszawa,Warszawa-Radom,Warszawa%20-%20Modlin,Warszawa%20-%20Radom&filter[person]=2&filter[child]=1&filter[price]=4610:20000&filter[PriceFrom]=4610&filter[PriceTo]=20000&filter[addCategory]=50&filter[addCatering]=1&filter[addMisc]=0&filter[addTransport]=F&filter[fp]=1&order_by=ofr_price&filter[tourOperator]=0&filter[childAge][1]=20200812","https://fly.pl/cdn/photo/assets/uploads/582/278/2015/04/Horus-Paradise-Luxury-Resort.jpg","https://fly.pl/wycieczka/turcja,side,c/horus-paradise-club-luxury-resort/pQwJ6-kCD64N-VrWD6ziylAAogSkSWmDECdsCBzEpgn1QhggAAAACOdAQAdXQEAAcAAAAqBFdFWlkw5KG60QZI51RQQVi8BmADahJGcmVlIEJpcmQgQWlybGluZXNqBDA3MDBqBDA5MTByQp4BlQGYAR8AHAECABYAFwYS7QMRhQITrQgUlQNMyl1PAECcEkvnxQFQACDtoQ8dGRuKkEkN19X5CAESYwEMYwEDC2dlITM/?operator=WEZY&adults=2&children=2020-08-12&nsv=1&objectId=2838&transport=accommodation_flight&departureDate=2026-07-19&returnDate=2026-07-26&departureLocation=Warszawa%2CWarszawa-Radom%2CWarszawa+-+Modlin%2CWarszawa+-+Radom&opt=delta&catering=all_inclusive","filter_turkey_vacation_jul18_2026","turcja","side","c","2026-07-19","2026-07-26","8","7","Warszawa,Warszawa-Radom,Warszawa - Modlin,Warszawa - Radom","2+1","turcja|side|2026-07-19|2026-07-26|7|Warszawa,Warszawa-Radom,Warszawa - Modlin,Warszawa - Radom|2+1"
"A Good Life Utopia Family Resort (ex. Water Planet & Aquapark)","10863.0","22.07.2026 - 29.07.2026","8 dni/7 nocy","4.5","4.5","903","tripadvisor","Warszawa","2026-06-14T11:30:31.274345+00:00","https://fly.pl/kierunek/turcja/?filter[dest]=39:&filter[hotelids]=&filter[cityids]=&filter[cregids]=&filter[ofrType]=&filter[addObjType]=&filter[whenFrom]=18-07-2026&filter[whenTo]=13-08-2026&filter[duration]=7:11&filter[from]=Warszawa,Warszawa-Radom,Warszawa%20-%20Modlin,Warszawa%20-%20Radom&filter[person]=2&filter[child]=1&filter[price]=4610:20000&filter[PriceFrom]=4610&filter[PriceTo]=20000&filter[addCategory]=50&filter[addCatering]=1&filter[addMisc]=0&filter[addTransport]=F&filter[fp]=1&order_by=ofr_price&filter[tourOperator]=0&filter[childAge][1]=20200812","https://fly.pl/cdn/photo/assets/uploads/582/278/2016/11/A-Good-Life-Utopia-Family-Resort-.jpg","https://fly.pl/wycieczka/turcja,alanya,okurcalar/water-planet-aquapark/p_Mon7SXA8EWqSf6kwCI6KAAog_X1yEKfBnGVQYGz97j4H228eBhtVdAzO4SPxqwgBlnYqBEJWUFIw5KG60QZI71RQAViEB2ACagNVQUlyIRwR5igb1ZoFGP6QDbkEtbgSqwSxAQHZ6dvIAQISYwEDC3Kn-K4/?operator=BVPR&adults=2&children=2020-08-12&nsv=1&objectId=1789&transport=accommodation_flight&departureDate=2026-07-22&returnDate=2026-07-29&departureLocation=Warszawa%2CWarszawa-Radom%2CWarszawa+-+Modlin%2CWarszawa+-+Radom&opt=delta&catering=all_inclusive","filter_turkey_vacation_jul18_2026","turcja","alanya","okurcalar","2026-07-22","2026-07-29","8","7","Warszawa,Warszawa-Radom,Warszawa - Modlin,Warszawa - Radom","2+1","turcja|alanya|2026-07-22|2026-07-29|7|Warszawa,Warszawa-Radom,Warszawa - Modlin,Warszawa - Radom|2+1"
"Arnor De Luxe & SPA","10994.0","19.07.2026 - 26.07.2026","8 dni/7 nocy","4.5","4.5","2196","tripadvisor","Warszawa","2026-06-14T11:30:31.274345+00:00","https://fly.pl/kierunek/turcja/?filter[dest]=39:&filter[hotelids]=&filter[cityids]=&filter[cregids]=&filter[ofrType]=&filter[addObjType]=&filter[whenFrom]=18-07-2026&filter[whenTo]=13-08-2026&filter[duration]=7:11&filter[from]=Warszawa,Warszawa-Radom,Warszawa%20-%20Modlin,Warszawa%20-%20Radom&filter[person]=2&filter[child]=1&filter[price]=4610:20000&filter[PriceFrom]=4610&filter[PriceTo]=20000&filter[addCategory]=50&filter[addCatering]=1&filter[addMisc]=0&filter[addTransport]=F&filter[fp]=1&order_by=ofr_price&filter[tourOperator]=0&filter[childAge][1]=20200812","https://datacfstatic.merlinx.pl/WEZY/IMG/30617/b0e6cd123adcc40d09869e53038db114afa97f53c0ee274bdfc2aa8aa70a8a96.webp","https://fly.pl/wycieczka/turcja,side,manavgat/arnor-de-luxe-spa-11/pLVuy4vZQ8EgeQJET4RgXNAAogYTxL4H4d4ymrjAS6INC3-wAAAACOdAQAdXQEAAcAAAAqBFdFWlkw6qG60QZI8lVQQVi8BmADahJGcmVlIEJpcmQgQWlybGluZXNqBDA3MDBqBDA5MTByQJ4BlQGYAR8AAgEWABwAFwYS7QMTsgoUlQNMyl1PAECcEhH4bUvvV1AAG9V3IJiqDh0ZDeHlwgkBEmMBC2MBAwodYgR1/?operator=WEZY&adults=2&children=2020-08-12&nsv=1&objectId=205392&transport=accommodation_flight&departureDate=2026-07-19&returnDate=2026-07-26&departureLocation=Warszawa%2CWarszawa-Radom%2CWarszawa+-+Modlin%2CWarszawa+-+Radom&opt=delta&catering=all_inclusive","filter_turkey_vacation_jul18_2026","turcja","side","manavgat","2026-07-19","2026-07-26","8","7","Warszawa,Warszawa-Radom,Warszawa - Modlin,Warszawa - Radom","2+1","turcja|side|2026-07-19|2026-07-26|7|Warszawa,Warszawa-Radom,Warszawa - Modlin,Warszawa - Radom|2+1"
"Greenwood Kemer Resort (ex. Sherwood Greenwood Resort)","11002.0","19.07.2026 - 26.07.2026","8 dni/7 nocy","4.5","4.5","3702","tripadvisor","Warszawa","2026-06-14T11:30:31.274345+00:00","https://fly.pl/kierunek/turcja/?filter[dest]=39:&filter[hotelids]=&filter[cityids]=&filter[cregids]=&filter[ofrType]=&filter[addObjType]=&filter[whenFrom]=18-07-2026&filter[whenTo]=13-08-2026&filter[duration]=7:11&filter[from]=Warszawa,Warszawa-Radom,Warszawa%20-%20Modlin,Warszawa%20-%20Radom&filter[person]=2&filter[child]=1&filter[price]=4610:20000&filter[PriceFrom]=4610&filter[PriceTo]=20000&filter[addCategory]=50&filter[addCatering]=1&filter[addMisc]=0&filter[addTransport]=F&filter[fp]=1&order_by=ofr_price&filter[tourOperator]=0&filter[childAge][1]=20200812","https://fly.pl/cdn/photo/assets/uploads/582/278/2016/04/GREENWOOD-KEMER-RESORT.jpg","https://fly.pl/wycieczka/turcja,kemer,goynuk/sherwood-greenwood/pmK7hbKHP-QErMyQvOZfvCAAogln8DGj2uqJixqI7ooPtgfwAAAADFdAQA4XQEAAcAAAAqBFdFWlkw6qG60QZI-lVQQVi8BmADaglFbnRlciBBaXJyQ54BHwAcAQIAFgQXAhLtAxGuARWTBBjXARMeFMIDT5lgTABAnBJQ58UBSwAdvaIPIBwb479NDaul9QgBEmMBDGMBAgupOHZf/?operator=WEZY&adults=2&children=2020-08-12&nsv=1&objectId=105584&transport=accommodation_flight&departureDate=2026-07-19&returnDate=2026-07-26&departureLocation=Warszawa%2CWarszawa-Radom%2CWarszawa+-+Modlin%2CWarszawa+-+Radom&opt=delta&catering=all_inclusive","filter_turkey_vacation_jul18_2026","turcja","kemer","goynuk","2026-07-19","2026-07-26","8","7","Warszawa,Warszawa-Radom,Warszawa - Modlin,Warszawa - Radom","2+1","turcja|kemer|2026-07-19|2026-07-26|7|Warszawa,Warszawa-Radom,Warszawa - Modlin,Warszawa - Radom|2+1"
"Side Star Park","11021.0","23.07.2026 - 30.07.2026","8 dni/7 nocy","4.5","4.5","787","tripadvisor","Warszawa","2026-06-14T11:30:31.274345+00:00","https://fly.pl/kierunek/turcja/?filter[dest]=39:&filter[hotelids]=&filter[cityids]=&filter[cregids]=&filter[ofrType]=&filter[addObjType]=&filter[whenFrom]=18-07-2026&filter[whenTo]=13-08-2026&filter[duration]=7:11&filter[from]=Warszawa,Warszawa-Radom,Warszawa%20-%20Modlin,Warszawa%20-%20Radom&filter[person]=2&filter[child]=1&filter[price]=4610:20000&filter[PriceFrom]=4610&filter[PriceTo]=20000&filter[addCategory]=50&filter[addCatering]=1&filter[addMisc]=0&filter[addTransport]=F&filter[fp]=1&order_by=ofr_price&filter[tourOperator]=0&filter[childAge][1]=20200812","https://fly.pl/cdn/photo/assets/uploads/582/278/2015/11/Side-Star-Park-fly-pl-1.jpg","https://fly.pl/wycieczka/turcja,side,c/side-star-park/pTpIffqACkoV0d6v1E7MPBAAogj98U8udwTY0tKESbimIXdn7frXrHCDxFHFiJVW8GhSoqBEVYSU0w6qG60QZIjVZQAVicB2ACagJBSXIiHBGyowarBJTqQLkEhwIb0vwpGN-iNAHS0dr1CAISYwECDXd1uho/?operator=EXIM&adults=2&children=2020-08-12&nsv=1&objectId=1694&transport=accommodation_flight&departureDate=2026-07-23&returnDate=2026-07-30&departureLocation=Warszawa%2CWarszawa-Radom%2CWarszawa+-+Modlin%2CWarszawa+-+Radom&opt=delta&catering=all_inclusive","filter_turkey_vacation_jul18_2026","turcja","side","c","2026-07-23","2026-07-30","8","7","Warszawa,Warszawa-Radom,Warszawa - Modlin,Warszawa - Radom","2+1","turcja|side|2026-07-23|2026-07-30|7|Warszawa,Warszawa-Radom,Warszawa - Modlin,Warszawa - Radom|2+1"
"Dream World Resort & Spa (Side)","11023.0","19.07.2026 - 26.07.2026","8 dni/7 nocy","3.9","3.9","345","tripadvisor","Warszawa","2026-06-14T11:30:31.274345+00:00","https://fly.pl/kierunek/turcja/?filter[dest]=39:&filter[hotelids]=&filter[cityids]=&filter[cregids]=&filter[ofrType]=&filter[addObjType]=&filter[whenFrom]=18-07-2026&filter[whenTo]=13-08-2026&filter[duration]=7:11&filter[from]=Warszawa,Warszawa-Radom,Warszawa%20-%20Modlin,Warszawa%20-%20Radom&filter[person]=2&filter[child]=1&filter[price]=4610:20000&filter[PriceFrom]=4610&filter[PriceTo]=20000&filter[addCategory]=50&filter[addCatering]=1&filter[addMisc]=0&filter[addTransport]=F&filter[fp]=1&order_by=ofr_price&filter[tourOperator]=0&filter[childAge][1]=20200812","https://fly.pl/cdn/photo/assets/uploads/582/278/2015/04/Dream-World-Resort-Spa.jpg","https://fly.pl/wycieczka/turcja,side,c/dream-world-resort-spa/p3HD4bFNSbwOxnPiK8iRyEAAog_yS03AqnN_4YD3lVGdSsZAAAAABfdAQAq3QEAAcAAAAqBFdFWlkw6qG60QZIj1ZQQVi8BmADahJGcmVlIEJpcmQgQWlybGluZXNyQp4BHwAcAQIAFgQXAhLtAxP5AxSVAxVuGNIBEbY1T40sTABAnBJQ58UBSwAbuFQdn80OIEwNxOXCCQESYwEMYwECC3Z-ZhE/?operator=WEZY&adults=2&children=2020-08-12&nsv=1&objectId=107990&transport=accommodation_flight&departureDate=2026-07-19&returnDate=2026-07-26&departureLocation=Warszawa%2CWarszawa-Radom%2CWarszawa+-+Modlin%2CWarszawa+-+Radom&opt=delta&catering=all_inclusive","filter_turkey_vacation_jul18_2026","turcja","side","c","2026-07-19","2026-07-26","8","7","Warszawa,Warszawa-Radom,Warszawa - Modlin,Warszawa - Radom","2+1","turcja|side|2026-07-19|2026-07-26|7|Warszawa,Warszawa-Radom,Warszawa - Modlin,Warszawa - Radom|2+1"
"Kahya Resort Aqua & Spa","11067.0","19.07.2026 - 26.07.2026","8 dni/7 nocy","4.4","4.4","2640","tripadvisor","Warszawa","2026-06-14T11:30:31.274345+00:00","https://fly.pl/kierunek/turcja/?filter[dest]=39:&filter[hotelids]=&filter[cityids]=&filter[cregids]=&filter[ofrType]=&filter[addObjType]=&filter[whenFrom]=18-07-2026&filter[whenTo]=13-08-2026&filter[duration]=7:11&filter[from]=Warszawa,Warszawa-Radom,Warszawa%20-%20Modlin,Warszawa%20-%20Radom&filter[person]=2&filter[child]=1&filter[price]=4610:20000&filter[PriceFrom]=4610&filter[PriceTo]=20000&filter[addCategory]=50&filter[addCatering]=1&filter[addMisc]=0&filter[addTransport]=F&filter[fp]=1&order_by=ofr_price&filter[tourOperator]=0&filter[childAge][1]=20200812","https://fly.pl/cdn/photo/assets/uploads/582/278/2015/03/Kahya-Resort-Aqua-Spa-scaled.jpg","https://fly.pl/wycieczka/turcja,alanya,payallar/kahya-resort/pthF3EzNkBq83A8QYzmS5VAAogAG1QUOLxh-GU1HvQy6NBBgAAAACOdAQAdXQEAAcAAQAqBFdFWlkw6qG60QZIu1ZQQVi8BmADahJGcmVlIEJpcmQgQWlybGluZXNqBDA3MDBqBDA5MTByQZ4BlQGYAR8AAgEWABwAFwYS7QMTsgoUlQMRiCpMwjNPAECcEkvnxQFQABukRyDJ2g4dGQ3h5cIJARJjAQ5jAQMNYMf5Xg/?operator=WEZY&adults=2&children=2020-08-12&nsv=1&objectId=1076&transport=accommodation_flight&departureDate=2026-07-19&returnDate=2026-07-26&departureLocation=Warszawa%2CWarszawa-Radom%2CWarszawa+-+Modlin%2CWarszawa+-+Radom&opt=delta&catering=all_inclusive","filter_turkey_vacation_jul18_2026","turcja","alanya","payallar","2026-07-19","2026-07-26","8","7","Warszawa,Warszawa-Radom,Warszawa - Modlin,Warszawa - Radom","2+1","turcja|alanya|2026-07-19|2026-07-26|7|Warszawa,Warszawa-Radom,Warszawa - Modlin,Warszawa - Radom|2+1"
"White City Resort","11133.0","19.07.2026 - 26.07.2026","8 dni/7 nocy","4.6","4.6","4376","tripadvisor","Warszawa","2026-06-14T11:30:31.274345+00:00","https://fly.pl/kierunek/turcja/?filter[dest]=39:&filter[hotelids]=&filter[cityids]=&filter[cregids]=&filter[ofrType]=&filter[addObjType]=&filter[whenFrom]=18-07-2026&filter[whenTo]=13-08-2026&filter[duration]=7:11&filter[from]=Warszawa,Warszawa-Radom,Warszawa%20-%20Modlin,Warszawa%20-%20Radom&filter[person]=2&filter[child]=1&filter[price]=4610:20000&filter[PriceFrom]=4610&filter[PriceTo]=20000&filter[addCategory]=50&filter[addCatering]=1&filter[addMisc]=0&filter[addTransport]=F&filter[fp]=1&order_by=ofr_price&filter[tourOperator]=0&filter[childAge][1]=20200812","https://fly.pl/cdn/photo/assets/uploads/582/278/2014/11/White-City-Resort.jpg","https://fly.pl/wycieczka/turcja,alanya,incekum/white-city-resort/pta3IYplvQgAppwkh0sbk0AAogbZVLX6pFOFf21BjH1ZMIkAAAAADFdAQA4XQEAAcAEgAqBFdFWlkw6qG60QZI_VZQQVi8BmADaglFbnRlciBBaXJyQ54BHwAcAQIAFgAXBhLtAxXBBRjXARMeFMIDEeIyT7ctTABAnBJQ58UBSwAb95QBHcaNDiAcDY7lwgkBEmMBCmMBAgkfVQQ-/?operator=WEZY&adults=2&children=2020-08-12&nsv=1&objectId=125676&transport=accommodation_flight&departureDate=2026-07-19&returnDate=2026-07-26&departureLocation=Warszawa%2CWarszawa-Radom%2CWarszawa+-+Modlin%2CWarszawa+-+Radom&opt=delta&catering=all_inclusive","filter_turkey_vacation_jul18_2026","turcja","alanya","incekum","2026-07-19","2026-07-26","8","7","Warszawa,Warszawa-Radom,Warszawa - Modlin,Warszawa - Radom","2+1","turcja|alanya|2026-07-19|2026-07-26|7|Warszawa,Warszawa-Radom,Warszawa - Modlin,Warszawa - Radom|2+1"
"Sunis Elita Beach Resort (ex Asteria Elita)","11135.0","19.07.2026 - 26.07.2026","8 dni/7 nocy","4.6","4.6","2336","tripadvisor","Warszawa","2026-06-14T11:30:31.274345+00:00","https://fly.pl/kierunek/turcja/?filter[dest]=39:&filter[hotelids]=&filter[cityids]=&filter[cregids]=&filter[ofrType]=&filter[addObjType]=&filter[whenFrom]=18-07-2026&filter[whenTo]=13-08-2026&filter[duration]=7:11&filter[from]=Warszawa,Warszawa-Radom,Warszawa%20-%20Modlin,Warszawa%20-%20Radom&filter[person]=2&filter[child]=1&filter[price]=4610:20000&filter[PriceFrom]=4610&filter[PriceTo]=20000&filter[addCategory]=50&filter[addCatering]=1&filter[addMisc]=0&filter[addTransport]=F&filter[fp]=1&order_by=ofr_price&filter[tourOperator]=0&filter[childAge][1]=20200812","https://fly.pl/cdn/photo/assets/uploads/582/278/2014/10/Sunis-Elita-Beach-Resort-ex-Asteria-Elita-fly-pl.jpg","https://fly.pl/wycieczka/turcja,side,kizilagac/sunis-elita-beach-resort-ex-asteria-elita/pNAN6E4gifaJdM2DnopCVMAAogI3YlqfbaeCzXp-tFr3BASAAAAACOdAQAdXQEAAcAAQAqBFdFWlkw6qG60QZI_1ZQQVi8BmADahJGcmVlIEJpcmQgQWlybGluZXNqBDA3MDBqBDA5MTByQZ4BlQGYAR8AAgEWABwAFwYS7QMTsgoUlQMRxA1MhlBPAECcEkvnxQFQABuONSDf7A4dGQ3h5cIJARJjAQ1jAQMMepKhaQ/?operator=WEZY&adults=2&children=2020-08-12&nsv=1&objectId=17397&transport=accommodation_flight&departureDate=2026-07-19&returnDate=2026-07-26&departureLocation=Warszawa%2CWarszawa-Radom%2CWarszawa+-+Modlin%2CWarszawa+-+Radom&opt=delta&catering=all_inclusive","filter_turkey_vacation_jul18_2026","turcja","side","kizilagac","2026-07-19","2026-07-26","8","7","Warszawa,Warszawa-Radom,Warszawa - Modlin,Warszawa - Radom","2+1","turcja|side|2026-07-19|2026-07-26|7|Warszawa,Warszawa-Radom,Warszawa - Modlin,Warszawa - Radom|2+1"
"Alba Queen","11140.0","22.07.2026 - 29.07.2026","8 dni/7 nocy","4.2","4.2","1173","tripadvisor","Warszawa","2026-06-14T11:30:31.274345+00:00","https://fly.pl/kierunek/turcja/?filter[dest]=39:&filter[hotelids]=&filter[cityids]=&filter[cregids]=&filter[ofrType]=&filter[addObjType]=&filter[whenFrom]=18-07-2026&filter[whenTo]=13-08-2026&filter[duration]=7:11&filter[from]=Warszawa,Warszawa-Radom,Warszawa%20-%20Modlin,Warszawa%20-%20Radom&filter[person]=2&filter[child]=1&filter[price]=4610:20000&filter[PriceFrom]=4610&filter[PriceTo]=20000&filter[addCategory]=50&filter[addCatering]=1&filter[addMisc]=0&filter[addTransport]=F&filter[fp]=1&order_by=ofr_price&filter[tourOperator]=0&filter[childAge][1]=20200812","https://fly.pl/cdn/photo/assets/uploads/582/278/2014/09/Alba-Queen.jpg","https://fly.pl/wycieczka/turcja,side,c/alba-queen/pkqqkSvhBDrUBqxhyTp9NXAAogpQ3tOrZw8eCrM_LLFkR9egLuLr51ZXfiuqRu7D0QClcqBEVYSU0w6qG60QZIhFdQAViEB2ACagNVQUlyIRwR6LoGqwT40UC5BGUbisAtGNHlRAHC09WcCgISYwECC8OFfKs/?operator=EXIM&adults=2&children=2020-08-12&nsv=1&objectId=6153&transport=accommodation_flight&departureDate=2026-07-22&returnDate=2026-07-29&departureLocation=Warszawa%2CWarszawa-Radom%2CWarszawa+-+Modlin%2CWarszawa+-+Radom&opt=delta&catering=all_inclusive","filter_turkey_vacation_jul18_2026","turcja","side","c","2026-07-22","2026-07-29","8","7","Warszawa,Warszawa-Radom,Warszawa - Modlin,Warszawa - Radom","2+1","turcja|side|2026-07-22|2026-07-29|7|Warszawa,Warszawa-Radom,Warszawa - Modlin,Warszawa - Radom|2+1"
"Side Star Beach","11140.0","22.07.2026 - 29.07.2026","8 dni/7 nocy","4.6","4.6","970","tripadvisor","Warszawa","2026-06-14T11:30:31.274345+00:00","https://fly.pl/kierunek/turcja/?filter[dest]=39:&filter[hotelids]=&filter[cityids]=&filter[cregids]=&filter[ofrType]=&filter[addObjType]=&filter[whenFrom]=18-07-2026&filter[whenTo]=13-08-2026&filter[duration]=7:11&filter[from]=Warszawa,Warszawa-Radom,Warszawa%20-%20Modlin,Warszawa%20-%20Radom&filter[person]=2&filter[child]=1&filter[price]=4610:20000&filter[PriceFrom]=4610&filter[PriceTo]=20000&filter[addCategory]=50&filter[addCatering]=1&filter[addMisc]=0&filter[addTransport]=F&filter[fp]=1&order_by=ofr_price&filter[tourOperator]=0&filter[childAge][1]=20200812","https://fly.pl/cdn/photo/assets/uploads/582/278/2015/04/Side-Star-Beach-fly-pl-1-scaled.jpg","https://fly.pl/wycieczka/turcja,side,c/side-star-beach/pZkoTDFKrvOzcauQOJW4qXAAog-RhCUJkPa_RnJ-_V4AEh___2dYpkKqu6LbfqewOdjQIqBEJWQkUw6qG60QZIhFdQAViEB2ACagNVQUlyIhwRrYgBG_7qPBiUphC5BJeoK6sElAEBk-fNyQICAGMBAgYqR43C/?operator=BVBE&adults=2&children=2020-08-12&nsv=1&objectId=5741&transport=accommodation_flight&departureDate=2026-07-22&returnDate=2026-07-29&departureLocation=Warszawa%2CWarszawa-Radom%2CWarszawa+-+Modlin%2CWarszawa+-+Radom&opt=delta&catering=all_inclusive","filter_turkey_vacation_jul18_2026","turcja","side","c","2026-07-22","2026-07-29","8","7","Warszawa,Warszawa-Radom,Warszawa - Modlin,Warszawa - Radom","2+1","turcja|side|2026-07-22|2026-07-29|7|Warszawa,Warszawa-Radom,Warszawa - Modlin,Warszawa - Radom|2+1"
"Berry Blue","11157.0","19.07.2026 - 26.07.2026","8 dni/7 nocy","4.5","4.5","423","tripadvisor","Warszawa","2026-06-14T11:30:31.274345+00:00","https://fly.pl/kierunek/turcja/?filter[dest]=39:&filter[hotelids]=&filter[cityids]=&filter[cregids]=&filter[ofrType]=&filter[addObjType]=&filter[whenFrom]=18-07-2026&filter[whenTo]=13-08-2026&filter[duration]=7:11&filter[from]=Warszawa,Warszawa-Radom,Warszawa%20-%20Modlin,Warszawa%20-%20Radom&filter[person]=2&filter[child]=1&filter[price]=4610:20000&filter[PriceFrom]=4610&filter[PriceTo]=20000&filter[addCategory]=50&filter[addCatering]=1&filter[addMisc]=0&filter[addTransport]=F&filter[fp]=1&order_by=ofr_price&filter[tourOperator]=0&filter[childAge][1]=20200812","https://fly.pl/cdn/photo/assets/uploads/582/278/2024/07/berry.jpg","https://fly.pl/wycieczka/turcja,side,titreyengol/berry-12/pvALM5Nvie4g_SLGMCU2wgAAogRLfOQ-uB9dFivtRJ7I-EkAAAAACOdAQAdXQEAAcAAQAqBFdFWlkw6qG60QZIlVdQQVi8BmADahJGcmVlIEJpcmQgQWlybGluZXNqBDA3MDBqBDA5MTByQp4BlQGYAR8AAgEWABwAFwYS7QMTsgoUlQNPyl1MAECcEkvnxQFQABGrYSDCwA4dGRv9xlAN5J7yCAESYwEMYwEDC0Qtwgg/?operator=WEZY&adults=2&children=2020-08-12&nsv=1&objectId=224759&transport=accommodation_flight&departureDate=2026-07-19&returnDate=2026-07-26&departureLocation=Warszawa%2CWarszawa-Radom%2CWarszawa+-+Modlin%2CWarszawa+-+Radom&opt=delta&catering=all_inclusive","filter_turkey_vacation_jul18_2026","turcja","side","titreyengol","2026-07-19","2026-07-26","8","7","Warszawa,Warszawa-Radom,Warszawa - Modlin,Warszawa - Radom","2+1","turcja|side|2026-07-19|2026-07-26|7|Warszawa,Warszawa-Radom,Warszawa - Modlin,Warszawa - Radom|2+1"
"Queens Park Goynuk (Kemer)","11182.0","19.07.2026 - 26.07.2026","8 dni/7 nocy","4.1","4.1","1446","tripadvisor","Warszawa","2026-06-14T11:30:31.274345+00:00","https://fly.pl/kierunek/turcja/?filter[dest]=39:&filter[hotelids]=&filter[cityids]=&filter[cregids]=&filter[ofrType]=&filter[addObjType]=&filter[whenFrom]=18-07-2026&filter[whenTo]=13-08-2026&filter[duration]=7:11&filter[from]=Warszawa,Warszawa-Radom,Warszawa%20-%20Modlin,Warszawa%20-%20Radom&filter[person]=2&filter[child]=1&filter[price]=4610:20000&filter[PriceFrom]=4610&filter[PriceTo]=20000&filter[addCategory]=50&filter[addCatering]=1&filter[addMisc]=0&filter[addTransport]=F&filter[fp]=1&order_by=ofr_price&filter[tourOperator]=0&filter[childAge][1]=20200812","https://fly.pl/cdn/photo/assets/uploads/582/278/2018/04/QUEENS-PARK-RESORT-GOYNUK.jpg","https://fly.pl/wycieczka/turcja,kemer,goynuk/queens-park-goynuk/p0uuDgLuBbqdQFUV3L2_AaAAogHNFyDW-uz6keOhW8f3zTDQAAAACOdAQAdXQEAAcAAAAqBFdFWlkw6qG60QZIrldQQVi8BmADahJGcmVlIEJpcmQgQWlybGluZXNqBDA3MDBqBDA5MTByQp4BlQGYAR8AAgEWABwAFwYS7QMTsgoUlQMRhixMxDFPAECcEkvnxQFQABv9kQQg8I8LHRkN4eXCCQESYwEMYwEDC0uH3PI/?operator=WEZY&adults=2&children=2020-08-12&nsv=1&objectId=34586&transport=accommodation_flight&departureDate=2026-07-19&returnDate=2026-07-26&departureLocation=Warszawa%2CWarszawa-Radom%2CWarszawa+-+Modlin%2CWarszawa+-+Radom&opt=delta&catering=all_inclusive","filter_turkey_vacation_jul18_2026","turcja","kemer","goynuk","2026-07-19","2026-07-26","8","7","Warszawa,Warszawa-Radom,Warszawa - Modlin,Warszawa - Radom","2+1","turcja|kemer|2026-07-19|2026-07-26|7|Warszawa,Warszawa-Radom,Warszawa - Modlin,Warszawa - Radom|2+1"
"Casa Fora Beach Resort","11217.0","23.07.2026 - 30.07.2026","8 dni/7 nocy","4.2","4.2","537","tripadvisor","Warszawa","2026-06-14T11:30:31.274345+00:00","https://fly.pl/kierunek/turcja/?filter[dest]=39:&filter[hotelids]=&filter[cityids]=&filter[cregids]=&filter[ofrType]=&filter[addObjType]=&filter[whenFrom]=18-07-2026&filter[whenTo]=13-08-2026&filter[duration]=7:11&filter[from]=Warszawa,Warszawa-Radom,Warszawa%20-%20Modlin,Warszawa%20-%20Radom&filter[person]=2&filter[child]=1&filter[price]=4610:20000&filter[PriceFrom]=4610&filter[PriceTo]=20000&filter[addCategory]=50&filter[addCatering]=1&filter[addMisc]=0&filter[addTransport]=F&filter[fp]=1&order_by=ofr_price&filter[tourOperator]=0&filter[childAge][1]=20200812","https://fly.pl/cdn/photo/assets/uploads/582/278/2024/07/casa-fora-beach-resort.jpg","https://fly.pl/wycieczka/turcja,side,kizilot/casa-fora-beach-resort-12/p7v1ojnM2U1AfciusuICt1AAog2u1OeZ-E5jIP0cDqNyNX8VcbW0kfwNyF5b7TGk4Wi78qBFZJVFgw6qG60QZI0VdQQVicB2ACcj8aABUHFwBcA1gFQI8DU-drUgBbmBxe_ndLgRJhAEy0nh0No5u1CSAAUaf-7O1YT9f4Kl3Ej9OLhQECDGMBAgvs4-F6/?operator=VITX&adults=2&children=2020-08-12&nsv=1&objectId=224280&transport=accommodation_flight&departureDate=2026-07-23&returnDate=2026-07-30&departureLocation=Warszawa%2CWarszawa-Radom%2CWarszawa+-+Modlin%2CWarszawa+-+Radom&opt=delta&catering=all_inclusive","filter_turkey_vacation_jul18_2026","turcja","side","kizilot","2026-07-23","2026-07-30","8","7","Warszawa,Warszawa-Radom,Warszawa - Modlin,Warszawa - Radom","2+1","turcja|side|2026-07-23|2026-07-30|7|Warszawa,Warszawa-Radom,Warszawa - Modlin,Warszawa - Radom|2+1"
"Grand Kaptan","11253.0","19.07.2026 - 26.07.2026","8 dni/7 nocy","4.4","4.4","2060","tripadvisor","Warszawa","2026-06-14T11:30:31.274345+00:00","https://fly.pl/kierunek/turcja/?filter[dest]=39:&filter[hotelids]=&filter[cityids]=&filter[cregids]=&filter[ofrType]=&filter[addObjType]=&filter[whenFrom]=18-07-2026&filter[whenTo]=13-08-2026&filter[duration]=7:11&filter[from]=Warszawa,Warszawa-Radom,Warszawa%20-%20Modlin,Warszawa%20-%20Radom&filter[person]=2&filter[child]=1&filter[price]=4610:20000&filter[PriceFrom]=4610&filter[PriceTo]=20000&filter[addCategory]=50&filter[addCatering]=1&filter[addMisc]=0&filter[addTransport]=F&filter[fp]=1&order_by=ofr_price&filter[tourOperator]=0&filter[childAge][1]=20200812","https://fly.pl/cdn/photo/assets/uploads/582/278/2015/04/Grand-Kaptan-fly-pl.jpg","https://fly.pl/wycieczka/turcja,alanya,c/grand-kaptan/pStuWV3yUSx5Yg-t6e-FbsAAog6DjU_BQFMWW5ayFblHBidKjIegpqyq_ivMGymTYZd9UqBFJOQlcw6qG60QZI9VdQQVi8BmACagRCd2NhaiIxNiwyODMsMjk2LDM4MCwzODgsNDc3LDQ4Myw0ODQsNDg1ahc0MDIsNDAzLDQwNiw0MTcsNDczLDQ5OXI5nwGeAZwBFQcXAFgICpwBQKwGEf8xGbslUvQPUwAQ2iZLqbEBYQAPkYBBHTMgo4eRCQ0AAgxjAQMLbacQsg/?operator=RNBW&adults=2&children=2020-08-12&nsv=1&objectId=4054&transport=accommodation_flight&departureDate=2026-07-19&returnDate=2026-07-26&departureLocation=Warszawa%2CWarszawa-Radom%2CWarszawa+-+Modlin%2CWarszawa+-+Radom&opt=delta&catering=all_inclusive","filter_turkey_vacation_jul18_2026","turcja","alanya","c","2026-07-19","2026-07-26","8","7","Warszawa,Warszawa-Radom,Warszawa - Modlin,Warszawa - Radom","2+1","turcja|alanya|2026-07-19|2026-07-26|7|Warszawa,Warszawa-Radom,Warszawa - Modlin,Warszawa - Radom|2+1"
"Ramada Plaza Antalya","11275.0","20.07.2026 - 27.07.2026","8 dni/7 nocy","4.4","4.4","4128","tripadvisor","Warszawa","2026-06-14T11:30:31.274345+00:00","https://fly.pl/kierunek/turcja/?filter[dest]=39:&filter[hotelids]=&filter[cityids]=&filter[cregids]=&filter[ofrType]=&filter[addObjType]=&filter[whenFrom]=18-07-2026&filter[whenTo]=13-08-2026&filter[duration]=7:11&filter[from]=Warszawa,Warszawa-Radom,Warszawa%20-%20Modlin,Warszawa%20-%20Radom&filter[person]=2&filter[child]=1&filter[price]=4610:20000&filter[PriceFrom]=4610&filter[PriceTo]=20000&filter[addCategory]=50&filter[addCatering]=1&filter[addMisc]=0&filter[addTransport]=F&filter[fp]=1&order_by=ofr_price&filter[tourOperator]=0&filter[childAge][1]=20200812","https://fly.pl/cdn/photo/assets/uploads/582/278/2015/01/Ramada-Plaza.jpg","https://fly.pl/wycieczka/turcja,alanya,c/ramada-plaza-antalya/ppIcMxI6DrmObEaCnPMTpdAAogDnzq5I0B5mo9kvdvkxTAYU11eDE-prut4HX7XxcZmEkqBEpPSU4w6qG60QZIi1hQAVjUBmACagJVQXIgHBGgRrkEqr0CqwQoG-KcJxii0wIB2JCboAECEmMBAwYh9cfW/?operator=JOIN&adults=2&children=2020-08-12&nsv=1&objectId=12479&transport=accommodation_flight&departureDate=2026-07-20&returnDate=2026-07-27&departureLocation=Warszawa%2CWarszawa-Radom%2CWarszawa+-+Modlin%2CWarszawa+-+Radom&opt=delta&catering=all_inclusive","filter_turkey_vacation_jul18_2026","turcja","alanya","c","2026-07-20","2026-07-27","8","7","Warszawa,Warszawa-Radom,Warszawa - Modlin,Warszawa - Radom","2+1","turcja|alanya|2026-07-20|2026-07-27|7|Warszawa,Warszawa-Radom,Warszawa - Modlin,Warszawa - Radom|2+1"
"Kadikale Resort Spa & Wellness","11277.0","19.07.2026 - 26.07.2026","8 dni/7 nocy","3.9","3.9","1954","tripadvisor","Warszawa","2026-06-14T11:30:31.274345+00:00","https://fly.pl/kierunek/turcja/?filter[dest]=39:&filter[hotelids]=&filter[cityids]=&filter[cregids]=&filter[ofrType]=&filter[addObjType]=&filter[whenFrom]=18-07-2026&filter[whenTo]=13-08-2026&filter[duration]=7:11&filter[from]=Warszawa,Warszawa-Radom,Warszawa%20-%20Modlin,Warszawa%20-%20Radom&filter[person]=2&filter[child]=1&filter[price]=4610:20000&filter[PriceFrom]=4610&filter[PriceTo]=20000&filter[addCategory]=50&filter[addCatering]=1&filter[addMisc]=0&filter[addTransport]=F&filter[fp]=1&order_by=ofr_price&filter[tourOperator]=0&filter[childAge][1]=20200812","https://fly.pl/cdn/photo/assets/uploads/582/278/2015/04/Kadikale-Resort-Spa-Wellness.jpg","https://fly.pl/wycieczka/turcja,bodrum,turgutreis/kadikale-resort/pn07B913_Gg6LT9FZo5XotAAogkcTab27rHhbvkrzvqBQF4FWZfCvkDXrEr9IGXZ0bms4qBFZJVFgw6qG60QZIjVhQQVi8BmACcj8aABUHFwBcA1gFQI8DU91xUgBb4hFevnxL7UNhAEyi-S0NxY6kCSAAUZfKjs1dT52bIl2szp2iqAECDWMBAgxRkASi/?operator=VITX&adults=2&children=2020-08-12&nsv=1&objectId=1712&transport=accommodation_flight&departureDate=2026-07-19&returnDate=2026-07-26&departureLocation=Warszawa%2CWarszawa-Radom%2CWarszawa+-+Modlin%2CWarszawa+-+Radom&opt=delta&catering=all_inclusive","filter_turkey_vacation_jul18_2026","turcja","bodrum","turgutreis","2026-07-19","2026-07-26","8","7","Warszawa,Warszawa-Radom,Warszawa - Modlin,Warszawa - Radom","2+1","turcja|bodrum|2026-07-19|2026-07-26|7|Warszawa,Warszawa-Radom,Warszawa - Modlin,Warszawa - Radom|2+1"
"Green Max (ex Chervo Club Sirena)","11297.0","19.07.2026 - 26.07.2026","8 dni/7 nocy","4.5","4.5","528","tripadvisor","Warszawa","2026-06-14T11:30:31.274345+00:00","https://fly.pl/kierunek/turcja/?filter[dest]=39:&filter[hotelids]=&filter[cityids]=&filter[cregids]=&filter[ofrType]=&filter[addObjType]=&filter[whenFrom]=18-07-2026&filter[whenTo]=13-08-2026&filter[duration]=7:11&filter[from]=Warszawa,Warszawa-Radom,Warszawa%20-%20Modlin,Warszawa%20-%20Radom&filter[person]=2&filter[child]=1&filter[price]=4610:20000&filter[PriceFrom]=4610&filter[PriceTo]=20000&filter[addCategory]=50&filter[addCatering]=1&filter[addMisc]=0&filter[addTransport]=F&filter[fp]=1&order_by=ofr_price&filter[tourOperator]=0&filter[childAge][1]=20200812","https://fly.pl/cdn/photo/assets/uploads/582/278/2015/02/Green-Max.jpg","https://fly.pl/wycieczka/turcja,belek,c/green-max-ex-chervo-club-sirena/p0oyyAXtuMVp12yS6UetBbAAogYTzaSXF64vxnrZxt4OIGfAAAAACOdAQAdXQEAAcAAAAqBFdFWlkw7KG60QZIoVhQQVi8BmADahJGcmVlIEJpcmQgQWlybGluZXNqBDA3MDBqBDA5MTByQZ4BlQGYAR8AAgEWABwAFwYS7QMTsgoUlQMRhTBMxS1PAECcEkvnxQFQABv3MCD28A4dGQ3h5cIJARJjAQ1jAQMMsJ6AyQ/?operator=WEZY&adults=2&children=2020-08-12&nsv=1&objectId=25173&transport=accommodation_flight&departureDate=2026-07-19&returnDate=2026-07-26&departureLocation=Warszawa%2CWarszawa-Radom%2CWarszawa+-+Modlin%2CWarszawa+-+Radom&opt=delta&catering=all_inclusive","filter_turkey_vacation_jul18_2026","turcja","belek","c","2026-07-19","2026-07-26","8","7","Warszawa,Warszawa-Radom,Warszawa - Modlin,Warszawa - Radom","2+1","turcja|belek|2026-07-19|2026-07-26|7|Warszawa,Warszawa-Radom,Warszawa - Modlin,Warszawa - Radom|2+1"
"Justiniano Deluxe Resort","11328.0","19.07.2026 - 26.07.2026","8 dni/7 nocy","4.0","4.0","618","tripadvisor","Warszawa","2026-06-14T11:30:31.274345+00:00","https://fly.pl/kierunek/turcja/?filter[dest]=39:&filter[hotelids]=&filter[cityids]=&filter[cregids]=&filter[ofrType]=&filter[addObjType]=&filter[whenFrom]=18-07-2026&filter[whenTo]=13-08-2026&filter[duration]=7:11&filter[from]=Warszawa,Warszawa-Radom,Warszawa%20-%20Modlin,Warszawa%20-%20Radom&filter[person]=2&filter[child]=1&filter[price]=4610:20000&filter[PriceFrom]=4610&filter[PriceTo]=20000&filter[addCategory]=50&filter[addCatering]=1&filter[addMisc]=0&filter[addTransport]=F&filter[fp]=1&order_by=ofr_price&filter[tourOperator]=0&filter[childAge][1]=20200812","https://fly.pl/cdn/photo/assets/uploads/582/278/2015/03/Justiniano-De-Luxe-Resort.jpg","https://fly.pl/wycieczka/turcja,alanya,okurcalar/justiniano-de-luxe-resort/pgoeiDjDFexJVgZZcToP8iAAogWRBfFAD7-EIUZbJo-IeMOQAAAADFdAQA4XQEAAcAAAAqBFdFWlkw7KG60QZIwFhQQVi8BmADaglFbnRlciBBaXJyQ54BHwAcAQIAFgAXBhLtAxXBBRjXARMeFMIDEbwxT90uTABAnBJQ58UBSwAdvaIPIBwb4d96Da2FyAgBEmMBDGMBAgYZqsWh/?operator=WEZY&adults=2&children=2020-08-12&nsv=1&objectId=108885&transport=accommodation_flight&departureDate=2026-07-19&returnDate=2026-07-26&departureLocation=Warszawa%2CWarszawa-Radom%2CWarszawa+-+Modlin%2CWarszawa+-+Radom&opt=delta&catering=all_inclusive","filter_turkey_vacation_jul18_2026","turcja","alanya","okurcalar","2026-07-19","2026-07-26","8","7","Warszawa,Warszawa-Radom,Warszawa - Modlin,Warszawa - Radom","2+1","turcja|alanya|2026-07-19|2026-07-26|7|Warszawa,Warszawa-Radom,Warszawa - Modlin,Warszawa - Radom|2+1"
"Porto Bello","11329.0","20.07.2026 - 27.07.2026","8 dni/7 nocy","4.5","4.5","3806","tripadvisor","Warszawa","2026-06-14T11:30:31.274345+00:00","https://fly.pl/kierunek/turcja/?filter[dest]=39:&filter[hotelids]=&filter[cityids]=&filter[cregids]=&filter[ofrType]=&filter[addObjType]=&filter[whenFrom]=18-07-2026&filter[whenTo]=13-08-2026&filter[duration]=7:11&filter[from]=Warszawa,Warszawa-Radom,Warszawa%20-%20Modlin,Warszawa%20-%20Radom&filter[person]=2&filter[child]=1&filter[price]=4610:20000&filter[PriceFrom]=4610&filter[PriceTo]=20000&filter[addCategory]=50&filter[addCatering]=1&filter[addMisc]=0&filter[addTransport]=F&filter[fp]=1&order_by=ofr_price&filter[tourOperator]=0&filter[childAge][1]=20200812","https://fly.pl/cdn/photo/assets/uploads/582/278/2015/05/Porto-Bello.jpg","https://fly.pl/wycieczka/turcja,alanya,c/porto-bello/pAXgg_UaIkNEgr2QOKurAYAAogi-5gdI8Ytp1Euh5IzXb06E11eDE-prut4HX7XxcZmEkqBEpPSU4w7KG60QZIwVhQAVjUBmACagJVQXIgHBGmRrkEpL0CqwQoG4ubJxjq1AIBoK-DoAECEmMBAgZY2GhJ/?operator=JOIN&adults=2&children=2020-08-12&nsv=1&objectId=2064&transport=accommodation_flight&departureDate=2026-07-20&returnDate=2026-07-27&departureLocation=Warszawa%2CWarszawa-Radom%2CWarszawa+-+Modlin%2CWarszawa+-+Radom&opt=delta&catering=all_inclusive","filter_turkey_vacation_jul18_2026","turcja","alanya","c","2026-07-20","2026-07-27","8","7","Warszawa,Warszawa-Radom,Warszawa - Modlin,Warszawa - Radom","2+1","turcja|alanya|2026-07-20|2026-07-27|7|Warszawa,Warszawa-Radom,Warszawa - Modlin,Warszawa - Radom|2+1"
"Maril Resort Beach & Spa","11377.0","19.07.2026 - 27.07.2026","9 dni/7 nocy","","","","","Warszawa","2026-06-14T11:30:31.274345+00:00","https://fly.pl/kierunek/turcja/?filter[dest]=39:&filter[hotelids]=&filter[cityids]=&filter[cregids]=&filter[ofrType]=&filter[addObjType]=&filter[whenFrom]=18-07-2026&filter[whenTo]=13-08-2026&filter[duration]=7:11&filter[from]=Warszawa,Warszawa-Radom,Warszawa%20-%20Modlin,Warszawa%20-%20Radom&filter[person]=2&filter[child]=1&filter[price]=4610:20000&filter[PriceFrom]=4610&filter[PriceTo]=20000&filter[addCategory]=50&filter[addCatering]=1&filter[addMisc]=0&filter[addTransport]=F&filter[fp]=1&order_by=ofr_price&filter[tourOperator]=0&filter[childAge][1]=20200812","https://datacfstatic.merlinx.pl/ITAK/IMG/BJVMARL/d984cc53fa2d286e630622a2d1b292e14d667a35ef430019bdbe8e07e3cc4391.webp","https://fly.pl/wycieczka/turcja,bodrum,didim/maril-resort-9/peUL3fvzn_7p7QJcHIncGDAAog8tILqgkhFWCMy656q7dn6MUE8PS8UEIOt6-1wAKrS0kqBFZJVFgw7KG60QZI8VhQQVi8BmACcj8aABUHFwBcA1gFQI8DU91xUgBb4hFevnxL7UNhAEyi-S0NxY6kCSAAUZKnlM1dT6G-HF2szp2iqAECDWMBAgzgPL3E/?operator=VITX&adults=2&children=2020-08-12&nsv=1&objectId=205420&transport=accommodation_flight&departureDate=2026-07-19&returnDate=2026-07-27&departureLocation=Warszawa%2CWarszawa-Radom%2CWarszawa+-+Modlin%2CWarszawa+-+Radom&opt=delta&catering=all_inclusive","filter_turkey_vacation_jul18_2026","turcja","bodrum","didim","2026-07-19","2026-07-27","9","7","Warszawa,Warszawa-Radom,Warszawa - Modlin,Warszawa - Radom","2+1","turcja|bodrum|2026-07-19|2026-07-27|7|Warszawa,Warszawa-Radom,Warszawa - Modlin,Warszawa - Radom|2+1"
"My Home Resort","11397.0","23.07.2026 - 30.07.2026","8 dni/7 nocy","4.4","4.4","860","tripadvisor","Warszawa","2026-06-14T11:30:31.274345+00:00","https://fly.pl/kierunek/turcja/?filter[dest]=39:&filter[hotelids]=&filter[cityids]=&filter[cregids]=&filter[ofrType]=&filter[addObjType]=&filter[whenFrom]=18-07-2026&filter[whenTo]=13-08-2026&filter[duration]=7:11&filter[from]=Warszawa,Warszawa-Radom,Warszawa%20-%20Modlin,Warszawa%20-%20Radom&filter[person]=2&filter[child]=1&filter[price]=4610:20000&filter[PriceFrom]=4610&filter[PriceTo]=20000&filter[addCategory]=50&filter[addCatering]=1&filter[addMisc]=0&filter[addTransport]=F&filter[fp]=1&order_by=ofr_price&filter[tourOperator]=0&filter[childAge][1]=20200812","https://fly.pl/cdn/photo/assets/uploads/582/278/2010/07/My-Home-Resort2403.jpg","https://fly.pl/wycieczka/turcja,alanya,avsallar/my-home-resort/p4rfs2bHx5wckSwlU4XFnkAAogPsMGonF08Ndw7f3zjNlySlcbW0kfwNyF5b7TGk4Wi78qBFZJVFgw7KG60QZIhVlQQVicB2ACcj8aABUHFwBcA1gFQI8DU-drUgBb2BdevnxLgRJhAEyOqy4NyY6kCSAAUamri-5YT9XLDF3Ej9OLhQECDWMBAgy4kod9/?operator=VITX&adults=2&children=2020-08-12&nsv=1&objectId=6785&transport=accommodation_flight&departureDate=2026-07-23&returnDate=2026-07-30&departureLocation=Warszawa%2CWarszawa-Radom%2CWarszawa+-+Modlin%2CWarszawa+-+Radom&opt=delta&catering=all_inclusive","filter_turkey_vacation_jul18_2026","turcja","alanya","avsallar","2026-07-23","2026-07-30","8","7","Warszawa,Warszawa-Radom,Warszawa - Modlin,Warszawa - Radom","2+1","turcja|alanya|2026-07-23|2026-07-30|7|Warszawa,Warszawa-Radom,Warszawa - Modlin,Warszawa - Radom|2+1"
"Port River & Spa","11437.0","23.07.2026 - 30.07.2026","8 dni/7 nocy","4.0","4.0","2682","tripadvisor","Warszawa","2026-06-14T11:30:31.274345+00:00","https://fly.pl/kierunek/turcja/?filter[dest]=39:&filter[hotelids]=&filter[cityids]=&filter[cregids]=&filter[ofrType]=&filter[addObjType]=&filter[whenFrom]=18-07-2026&filter[whenTo]=13-08-2026&filter[duration]=7:11&filter[from]=Warszawa,Warszawa-Radom,Warszawa%20-%20Modlin,Warszawa%20-%20Radom&filter[person]=2&filter[child]=1&filter[price]=4610:20000&filter[PriceFrom]=4610&filter[PriceTo]=20000&filter[addCategory]=50&filter[addCatering]=1&filter[addMisc]=0&filter[addTransport]=F&filter[fp]=1&order_by=ofr_price&filter[tourOperator]=0&filter[childAge][1]=20200812","https://fly.pl/cdn/photo/assets/uploads/582/278/2015/04/Port-River-Spa.jpg","https://fly.pl/wycieczka/turcja,side,titreyengol/port-river/pteGiUUp_aR2oJBIcoAZD8AAogU9-Tnb-_YxLfFvV2Gj9g4VcbW0kfwNyF5b7TGk4Wi78qBFZJVFgw7KG60QZIrVlQQVicB2ACcj8aABUHFwBcA1gFQI8DU-drUgBb2BdevnxLgRJhAEy0nh0No5u1CSAAUbaOk-5YT8joBF3Ej9OLhQECDWMBAgw4doKr/?operator=VITX&adults=2&children=2020-08-12&nsv=1&objectId=168160&transport=accommodation_flight&departureDate=2026-07-23&returnDate=2026-07-30&departureLocation=Warszawa%2CWarszawa-Radom%2CWarszawa+-+Modlin%2CWarszawa+-+Radom&opt=delta&catering=all_inclusive","filter_turkey_vacation_jul18_2026","turcja","side","titreyengol","2026-07-23","2026-07-30","8","7","Warszawa,Warszawa-Radom,Warszawa - Modlin,Warszawa - Radom","2+1","turcja|side|2026-07-23|2026-07-30|7|Warszawa,Warszawa-Radom,Warszawa - Modlin,Warszawa - Radom|2+1"
"Siam Elegance","11445.0","22.07.2026 - 29.07.2026","8 dni/7 nocy","3.7","3.7","1201","tripadvisor","Warszawa","2026-06-14T11:30:31.274345+00:00","https://fly.pl/kierunek/turcja/?filter[dest]=39:&filter[hotelids]=&filter[cityids]=&filter[cregids]=&filter[ofrType]=&filter[addObjType]=&filter[whenFrom]=18-07-2026&filter[whenTo]=13-08-2026&filter[duration]=7:11&filter[from]=Warszawa,Warszawa-Radom,Warszawa%20-%20Modlin,Warszawa%20-%20Radom&filter[person]=2&filter[child]=1&filter[price]=4610:20000&filter[PriceFrom]=4610&filter[PriceTo]=20000&filter[addCategory]=50&filter[addCatering]=1&filter[addMisc]=0&filter[addTransport]=F&filter[fp]=1&order_by=ofr_price&filter[tourOperator]=0&filter[childAge][1]=20200812","https://fly.pl/cdn/photo/assets/uploads/582/278/2014/10/Siam-Elegance.jpg","https://fly.pl/wycieczka/turcja,belek,c/siam-elegance/pYbhExnulZB1hY_RxqtSh3AAogvKIVJEPMQUGJQtk4tcl4q__2dYpkKqu6LbfqewOdjQIqBEJWQkUw7KG60QZItVlQAViEB2ACagNVQUlyIhwRhJMBG56_Phjk8hS5BND8JKsElAEB4JjAswMCAGMBAgy-4BZQ/?operator=BVBE&adults=2&children=2020-08-12&nsv=1&objectId=7906&transport=accommodation_flight&departureDate=2026-07-22&returnDate=2026-07-29&departureLocation=Warszawa%2CWarszawa-Radom%2CWarszawa+-+Modlin%2CWarszawa+-+Radom&opt=delta&catering=all_inclusive","filter_turkey_vacation_jul18_2026","turcja","belek","c","2026-07-22","2026-07-29","8","7","Warszawa,Warszawa-Radom,Warszawa - Modlin,Warszawa - Radom","2+1","turcja|belek|2026-07-22|2026-07-29|7|Warszawa,Warszawa-Radom,Warszawa - Modlin,Warszawa - Radom|2+1"
"Selectum Collection Bodrum","11453.0","22.07.2026 - 29.07.2026","8 dni/7 nocy","4.0","4.0","1800","tripadvisor","Warszawa","2026-06-14T11:30:31.274345+00:00","https://fly.pl/kierunek/turcja/?filter[dest]=39:&filter[hotelids]=&filter[cityids]=&filter[cregids]=&filter[ofrType]=&filter[addObjType]=&filter[whenFrom]=18-07-2026&filter[whenTo]=13-08-2026&filter[duration]=7:11&filter[from]=Warszawa,Warszawa-Radom,Warszawa%20-%20Modlin,Warszawa%20-%20Radom&filter[person]=2&filter[child]=1&filter[price]=4610:20000&filter[PriceFrom]=4610&filter[PriceTo]=20000&filter[addCategory]=50&filter[addCatering]=1&filter[addMisc]=0&filter[addTransport]=F&filter[fp]=1&order_by=ofr_price&filter[tourOperator]=0&filter[childAge][1]=20200812","https://fly.pl/cdn/photo/assets/uploads/582/278/2016/01/Kairaba-Bodrum-Imperial.jpg","https://fly.pl/wycieczka/turcja,bodrum,c/bodrum-imperial/pJ6hXpuV2FB824p-L56KUbAAogQiWAWrhrvjyOwN37thlKRWwwGWYjcr-u2x1F0pBV2hYqBE9SRVgw7KG60QZIvVlQQViEB2ACagZKNC4yLjFyNpsBFQcXAFgIVgJcCEDCBhG3Jk_ELl0kU4EZUgBeoI4BS-1DYQBM5Yw6IIX7lwkNAAISYwECC64mK8c/?operator=OREX&adults=2&children=2020-08-12&nsv=1&objectId=155796&transport=accommodation_flight&departureDate=2026-07-22&returnDate=2026-07-29&departureLocation=Warszawa%2CWarszawa-Radom%2CWarszawa+-+Modlin%2CWarszawa+-+Radom&opt=delta&catering=all_inclusive","filter_turkey_vacation_jul18_2026","turcja","bodrum","c","2026-07-22","2026-07-29","8","7","Warszawa,Warszawa-Radom,Warszawa - Modlin,Warszawa - Radom","2+1","turcja|bodrum|2026-07-22|2026-07-29|7|Warszawa,Warszawa-Radom,Warszawa - Modlin,Warszawa - Radom|2+1"
"Victory Be Mine","11474.0","19.07.2026 - 26.07.2026","8 dni/7 nocy","4.6","4.6","2407","tripadvisor","Warszawa","2026-06-14T11:30:31.274345+00:00","https://fly.pl/kierunek/turcja/?filter[dest]=39:&filter[hotelids]=&filter[cityids]=&filter[cregids]=&filter[ofrType]=&filter[addObjType]=&filter[whenFrom]=18-07-2026&filter[whenTo]=13-08-2026&filter[duration]=7:11&filter[from]=Warszawa,Warszawa-Radom,Warszawa%20-%20Modlin,Warszawa%20-%20Radom&filter[person]=2&filter[child]=1&filter[price]=4610:20000&filter[PriceFrom]=4610&filter[PriceTo]=20000&filter[addCategory]=50&filter[addCatering]=1&filter[addMisc]=0&filter[addTransport]=F&filter[fp]=1&order_by=ofr_price&filter[tourOperator]=0&filter[childAge][1]=20200812","https://fly.pl/cdn/photo/assets/uploads/582/278/2024/07/victory-be-mine.jpg","https://fly.pl/wycieczka/turcja,side,colakli/victory-be-mine-13/ph-nEH6FacakVHt-55tXLuAAogOcKS05qM5pb8txA1m78_IAAAAACOdAQAdXQEAAcAAQAqBFdFWlkw7KG60QZI0llQQVi8BmADahJGcmVlIEJpcmQgQWlybGluZXNqBDA3MDBqBDA5MTByQJ4BlQGYAR8AAgEWABwAFwYS7QMTsgoUlQNMyl1PAECcEhGObUvZWFAAG8I_IKviDh0ZDeHlwgkBEmMBEWMBAxDeAsdg/?operator=WEZY&adults=2&children=2020-08-12&nsv=1&objectId=216425&transport=accommodation_flight&departureDate=2026-07-19&returnDate=2026-07-26&departureLocation=Warszawa%2CWarszawa-Radom%2CWarszawa+-+Modlin%2CWarszawa+-+Radom&opt=delta&catering=all_inclusive","filter_turkey_vacation_jul18_2026","turcja","side","colakli","2026-07-19","2026-07-26","8","7","Warszawa,Warszawa-Radom,Warszawa - Modlin,Warszawa - Radom","2+1","turcja|side|2026-07-19|2026-07-26|7|Warszawa,Warszawa-Radom,Warszawa - Modlin,Warszawa - Radom|2+1"
"Victory Volare","11474.0","19.07.2026 - 26.07.2026","8 dni/7 nocy","4.5","4.5","1048","tripadvisor","Warszawa","2026-06-14T11:30:31.274345+00:00","https://fly.pl/kierunek/turcja/?filter[dest]=39:&filter[hotelids]=&filter[cityids]=&filter[cregids]=&filter[ofrType]=&filter[addObjType]=&filter[whenFrom]=18-07-2026&filter[whenTo]=13-08-2026&filter[duration]=7:11&filter[from]=Warszawa,Warszawa-Radom,Warszawa%20-%20Modlin,Warszawa%20-%20Radom&filter[person]=2&filter[child]=1&filter[price]=4610:20000&filter[PriceFrom]=4610&filter[PriceTo]=20000&filter[addCategory]=50&filter[addCatering]=1&filter[addMisc]=0&filter[addTransport]=F&filter[fp]=1&order_by=ofr_price&filter[tourOperator]=0&filter[childAge][1]=20200812","https://fly.pl/cdn/photo/assets/uploads/582/278/2024/07/victory-volare.jpg","https://fly.pl/wycieczka/turcja,side,colakli/victory-volare-14/pnkBWQQwmpZwwAKbDc__hIAAog0JlSsn3iFOsvt0OToqHDngAAAACOdAQAdXQEAAcAAQAqBFdFWlkw7KG60QZI0llQQVi8BmADahJGcmVlIEJpcmQgQWlybGluZXNqBDA3MDBqBDA5MTByQp4BlQGYAR8AAgEWABwAFwYS7QMTsgoUlQNPyl1MAECcEkvnxQFQABGPUSDe0A4dGRvNzgUNlJe9CQESYwERYwEDEGMnJoc/?operator=WEZY&adults=2&children=2020-08-12&nsv=1&objectId=223848&transport=accommodation_flight&departureDate=2026-07-19&returnDate=2026-07-26&departureLocation=Warszawa%2CWarszawa-Radom%2CWarszawa+-+Modlin%2CWarszawa+-+Radom&opt=delta&catering=all_inclusive","filter_turkey_vacation_jul18_2026","turcja","side","colakli","2026-07-19","2026-07-26","8","7","Warszawa,Warszawa-Radom,Warszawa - Modlin,Warszawa - Radom","2+1","turcja|side|2026-07-19|2026-07-26|7|Warszawa,Warszawa-Radom,Warszawa - Modlin,Warszawa - Radom|2+1"
"Champion Holiday Village (Kemer)","11478.0","19.07.2026 - 26.07.2026","8 dni/7 nocy","4.0","4.0","1243","tripadvisor","Warszawa","2026-06-14T11:30:31.274345+00:00","https://fly.pl/kierunek/turcja/?filter[dest]=39:&filter[hotelids]=&filter[cityids]=&filter[cregids]=&filter[ofrType]=&filter[addObjType]=&filter[whenFrom]=18-07-2026&filter[whenTo]=13-08-2026&filter[duration]=7:11&filter[from]=Warszawa,Warszawa-Radom,Warszawa%20-%20Modlin,Warszawa%20-%20Radom&filter[person]=2&filter[child]=1&filter[price]=4610:20000&filter[PriceFrom]=4610&filter[PriceTo]=20000&filter[addCategory]=50&filter[addCatering]=1&filter[addMisc]=0&filter[addTransport]=F&filter[fp]=1&order_by=ofr_price&filter[tourOperator]=0&filter[childAge][1]=20200812","https://fly.pl/cdn/photo/assets/uploads/582/278/2014/10/CHAMPION-HOLIDAY-VILLAGE.jpg","https://fly.pl/wycieczka/turcja,kemer,beldibi/champion-holiday-village/pZNu1paZSzkLxdOjLALpcxAAogirCMh8aB2W_0panPZW-O-QAAAADFdAQA4XQEAAcAAAAqBFdFWlkw7KG60QZI1llQQVi8BmADaglFbnRlciBBaXJyQ54BHwAcAQIAFgQXAhLtAxGdAxWkAhjXARMeFMIDT5lgTABAnBJQ58UBSwAdvaIPIBwbwP5lDc7m3AgBEmMBDGMBAwYBhMGJ/?operator=WEZY&adults=2&children=2020-08-12&nsv=1&objectId=3879&transport=accommodation_flight&departureDate=2026-07-19&returnDate=2026-07-26&departureLocation=Warszawa%2CWarszawa-Radom%2CWarszawa+-+Modlin%2CWarszawa+-+Radom&opt=delta&catering=all_inclusive","filter_turkey_vacation_jul18_2026","turcja","kemer","beldibi","2026-07-19","2026-07-26","8","7","Warszawa,Warszawa-Radom,Warszawa - Modlin,Warszawa - Radom","2+1","turcja|kemer|2026-07-19|2026-07-26|7|Warszawa,Warszawa-Radom,Warszawa - Modlin,Warszawa - Radom|2+1"
"Saphir Resort","11483.0","18.07.2026 - 25.07.2026","8 dni/7 nocy","4.5","4.5","640","tripadvisor","Warszawa","2026-06-14T11:30:31.274345+00:00","https://fly.pl/kierunek/turcja/?filter[dest]=39:&filter[hotelids]=&filter[cityids]=&filter[cregids]=&filter[ofrType]=&filter[addObjType]=&filter[whenFrom]=18-07-2026&filter[whenTo]=13-08-2026&filter[duration]=7:11&filter[from]=Warszawa,Warszawa-Radom,Warszawa%20-%20Modlin,Warszawa%20-%20Radom&filter[person]=2&filter[child]=1&filter[price]=4610:20000&filter[PriceFrom]=4610&filter[PriceTo]=20000&filter[addCategory]=50&filter[addCatering]=1&filter[addMisc]=0&filter[addTransport]=F&filter[fp]=1&order_by=ofr_price&filter[tourOperator]=0&filter[childAge][1]=20200812","https://fly.pl/cdn/photo/assets/uploads/582/278/2015/04/Saphir-Resort-fly-pl.jpg","https://fly.pl/wycieczka/turcja,alanya,okurcalar/saphir-resort/pOQ8IhmVLN-JuESEyI2NTjAAogBgh2KTWQmZ9X3fqbVzMKnQz77lvs6r-gYLlUM_yvRvwqBEJWQkUw7KG60QZI21lQAVikBmACagNVQUlyIhwRk5wBG_3wPRiu8hGrBOTCKLkEkgIByLL78AICAGMBAgvFrx4c/?operator=BVBE&adults=2&children=2020-08-12&nsv=1&objectId=6593&transport=accommodation_flight&departureDate=2026-07-18&returnDate=2026-07-25&departureLocation=Warszawa%2CWarszawa-Radom%2CWarszawa+-+Modlin%2CWarszawa+-+Radom&opt=delta&catering=all_inclusive","filter_turkey_vacation_jul18_2026","turcja","alanya","okurcalar","2026-07-18","2026-07-25","8","7","Warszawa,Warszawa-Radom,Warszawa - Modlin,Warszawa - Radom","2+1","turcja|alanya|2026-07-18|2026-07-25|7|Warszawa,Warszawa-Radom,Warszawa - Modlin,Warszawa - Radom|2+1"
"Gypsophila Holiday Village","11500.0","22.07.2026 - 29.07.2026","8 dni/7 nocy","4.5","4.5","1409","tripadvisor","Warszawa","2026-06-14T11:30:31.274345+00:00","https://fly.pl/kierunek/turcja/?filter[dest]=39:&filter[hotelids]=&filter[cityids]=&filter[cregids]=&filter[ofrType]=&filter[addObjType]=&filter[whenFrom]=18-07-2026&filter[whenTo]=13-08-2026&filter[duration]=7:11&filter[from]=Warszawa,Warszawa-Radom,Warszawa%20-%20Modlin,Warszawa%20-%20Radom&filter[person]=2&filter[child]=1&filter[price]=4610:20000&filter[PriceFrom]=4610&filter[PriceTo]=20000&filter[addCategory]=50&filter[addCatering]=1&filter[addMisc]=0&filter[addTransport]=F&filter[fp]=1&order_by=ofr_price&filter[tourOperator]=0&filter[childAge][1]=20200812","https://fly.pl/cdn/photo/assets/uploads/582/278/2014/11/Gypsophila-Holiday-Village-fly-pl.jpg","https://fly.pl/wycieczka/turcja,alanya,okurcalar/gypsophila/pnkvAEcFfAdM7KKfJiMc70AAogGW6HTtXqzToJj5u4DIMZPwLuLr51ZXfiuqRu7D0QClcqBEVYSU0w7KG60QZI7FlQAViEB2ACagNVQUlyIRwRxcMGqwSbyUC5BGUb-IM3GOqkOwGupJycCgISYwEDDI8ejvY/?operator=EXIM&adults=2&children=2020-08-12&nsv=1&objectId=4960&transport=accommodation_flight&departureDate=2026-07-22&returnDate=2026-07-29&departureLocation=Warszawa%2CWarszawa-Radom%2CWarszawa+-+Modlin%2CWarszawa+-+Radom&opt=delta&catering=all_inclusive","filter_turkey_vacation_jul18_2026","turcja","alanya","okurcalar","2026-07-22","2026-07-29","8","7","Warszawa,Warszawa-Radom,Warszawa - Modlin,Warszawa - Radom","2+1","turcja|alanya|2026-07-22|2026-07-29|7|Warszawa,Warszawa-Radom,Warszawa - Modlin,Warszawa - Radom|2+1"
"Lonicera Premium","11518.0","22.07.2026 - 29.07.2026","8 dni/7 nocy","4.7","4.7","544","tripadvisor","Warszawa","2026-06-14T11:30:31.274345+00:00","https://fly.pl/kierunek/turcja/?filter[dest]=39:&filter[hotelids]=&filter[cityids]=&filter[cregids]=&filter[ofrType]=&filter[addObjType]=&filter[whenFrom]=18-07-2026&filter[whenTo]=13-08-2026&filter[duration]=7:11&filter[from]=Warszawa,Warszawa-Radom,Warszawa%20-%20Modlin,Warszawa%20-%20Radom&filter[person]=2&filter[child]=1&filter[price]=4610:20000&filter[PriceFrom]=4610&filter[PriceTo]=20000&filter[addCategory]=50&filter[addCatering]=1&filter[addMisc]=0&filter[addTransport]=F&filter[fp]=1&order_by=ofr_price&filter[tourOperator]=0&filter[childAge][1]=20200812","https://fly.pl/cdn/photo/assets/uploads/582/278/2019/08/LONICERA-PREMIUM-HOTEL.jpg","https://fly.pl/wycieczka/turcja,alanya,avsallar/lonicera-premium-12/phuFj6PN0C5XAejtY2V-MPAAoglHKnCbWkfUjjXjeDUgvz9QLuLr51ZXfiuqRu7D0QClcqBEVYSU0w7KG60QZI_llQAViEB2ACagNVQUlyIRwR2vwFqwSGkEG5BGUbwKomGK7zNwHH57z0CAISYwEDCTV61GY/?operator=EXIM&adults=2&children=2020-08-12&nsv=1&objectId=203609&transport=accommodation_flight&departureDate=2026-07-22&returnDate=2026-07-29&departureLocation=Warszawa%2CWarszawa-Radom%2CWarszawa+-+Modlin%2CWarszawa+-+Radom&opt=delta&catering=all_inclusive","filter_turkey_vacation_jul18_2026","turcja","alanya","avsallar","2026-07-22","2026-07-29","8","7","Warszawa,Warszawa-Radom,Warszawa - Modlin,Warszawa - Radom","2+1","turcja|alanya|2026-07-22|2026-07-29|7|Warszawa,Warszawa-Radom,Warszawa - Modlin,Warszawa - Radom|2+1"
"Selectum Family Comfort Side (ex. Lyra Resort)","11538.0","21.07.2026 - 29.07.2026","9 dni/8 nocy","4.2","4.2","2178","tripadvisor","Warszawa","2026-06-14T11:30:31.274345+00:00","https://fly.pl/kierunek/turcja/?filter[dest]=39:&filter[hotelids]=&filter[cityids]=&filter[cregids]=&filter[ofrType]=&filter[addObjType]=&filter[whenFrom]=18-07-2026&filter[whenTo]=13-08-2026&filter[duration]=7:11&filter[from]=Warszawa,Warszawa-Radom,Warszawa%20-%20Modlin,Warszawa%20-%20Radom&filter[person]=2&filter[child]=1&filter[price]=4610:20000&filter[PriceFrom]=4610&filter[PriceTo]=20000&filter[addCategory]=50&filter[addCatering]=1&filter[addMisc]=0&filter[addTransport]=F&filter[fp]=1&order_by=ofr_price&filter[tourOperator]=0&filter[childAge][1]=20200812","https://fly.pl/cdn/photo/assets/uploads/582/278/2015/04/Selectum-Family-Comfort-Side.jpg","https://fly.pl/wycieczka/turcja,side,manavgat/lyra-resort/pMYbiEYf68NQU7hGVLlN-KAAogNbkGs8e3PLe8Z1WEfURBZ2cowcRFSimdZCEXnLk7UoMqBE9SRVgw7KG60QZIklpQQVjsBmACagdIQlYuMi4xcjabARUIFwBYB1YCXAhAwgYR8wdP6DhdJFOrJ1IAXpaUAUvtQ2EATOWMOiCE-5cJDQACEmMBAgsEdWf9/?operator=OREX&adults=2&children=2020-08-12&nsv=1&objectId=2841&transport=accommodation_flight&departureDate=2026-07-21&returnDate=2026-07-29&departureLocation=Warszawa%2CWarszawa-Radom%2CWarszawa+-+Modlin%2CWarszawa+-+Radom&opt=delta&catering=all_inclusive","filter_turkey_vacation_jul18_2026","turcja","side","manavgat","2026-07-21","2026-07-29","9","8","Warszawa,Warszawa-Radom,Warszawa - Modlin,Warszawa - Radom","2+1","turcja|side|2026-07-21|2026-07-29|8|Warszawa,Warszawa-Radom,Warszawa - Modlin,Warszawa - Radom|2+1"
"Royal Atlantis Icon","11542.0","22.07.2026 - 29.07.2026","8 dni/7 nocy","","","","","Warszawa","2026-06-14T11:30:31.274345+00:00","https://fly.pl/kierunek/turcja/?filter[dest]=39:&filter[hotelids]=&filter[cityids]=&filter[cregids]=&filter[ofrType]=&filter[addObjType]=&filter[whenFrom]=18-07-2026&filter[whenTo]=13-08-2026&filter[duration]=7:11&filter[from]=Warszawa,Warszawa-Radom,Warszawa%20-%20Modlin,Warszawa%20-%20Radom&filter[person]=2&filter[child]=1&filter[price]=4610:20000&filter[PriceFrom]=4610&filter[PriceTo]=20000&filter[addCategory]=50&filter[addCatering]=1&filter[addMisc]=0&filter[addTransport]=F&filter[fp]=1&order_by=ofr_price&filter[tourOperator]=0&filter[childAge][1]=20200812","https://datacfstatic.merlinx.pl/EXIM/IMG/107498/83f199762772f63d2f89f4837eed99a4101b5876a28e7d7a75e57ded85d98000.webp","https://fly.pl/wycieczka/turcja,side,colakli/royal-atlantis-icon-9/pY-Qpx1Lz2YM_IcneeSC_mAAogUSDNH9XLyO9YC_MCLjAp5ALuLr51ZXfiuqRu7D0QClcqBEVYSU0w7KG60QZIllpQAViEB2ACagNVQUlyIRwR6scGqwT2xEC5BGUbvok4GLLqPAGHkN7FCgISYwEDDE4TRTE/?operator=EXIM&adults=2&children=2020-08-12&nsv=1&objectId=230792&transport=accommodation_flight&departureDate=2026-07-22&returnDate=2026-07-29&departureLocation=Warszawa%2CWarszawa-Radom%2CWarszawa+-+Modlin%2CWarszawa+-+Radom&opt=delta&catering=all_inclusive","filter_turkey_vacation_jul18_2026","turcja","side","colakli","2026-07-22","2026-07-29","8","7","Warszawa,Warszawa-Radom,Warszawa - Modlin,Warszawa - Radom","2+1","turcja|side|2026-07-22|2026-07-29|7|Warszawa,Warszawa-Radom,Warszawa - Modlin,Warszawa - Radom|2+1"
"Laguna Beach Alya","11557.0","20.07.2026 - 27.07.2026","8 dni/7 nocy","4.0","4.0","572","tripadvisor","Warszawa","2026-06-14T11:30:31.274345+00:00","https://fly.pl/kierunek/turcja/?filter[dest]=39:&filter[hotelids]=&filter[cityids]=&filter[cregids]=&filter[ofrType]=&filter[addObjType]=&filter[whenFrom]=18-07-2026&filter[whenTo]=13-08-2026&filter[duration]=7:11&filter[from]=Warszawa,Warszawa-Radom,Warszawa%20-%20Modlin,Warszawa%20-%20Radom&filter[person]=2&filter[child]=1&filter[price]=4610:20000&filter[PriceFrom]=4610&filter[PriceTo]=20000&filter[addCategory]=50&filter[addCatering]=1&filter[addMisc]=0&filter[addTransport]=F&filter[fp]=1&order_by=ofr_price&filter[tourOperator]=0&filter[childAge][1]=20200812","https://fly.pl/cdn/photo/assets/uploads/582/278/2015/12/Laguna-Beach-Alya.jpg","https://fly.pl/wycieczka/turcja,alanya,karaburun/laguna-beach-alya/pEMU6G0jaCutNEgIWVGiVRAAogptFg9Lic9TR_Iy3Pm8gaHWlZs0u9ntxIhhB-JeVTlPEqBFZJVFgw7KG60QZIpVpQQVjUBmACcj8aABUHFwBcA1gFQI8DU-drUgBbmBxe_ndLgRJhAEyOqy4Nxo6kCSAAUc7Lhu5YT7SrEV3Ej9OLhQECDGMBAguw_uqq/?operator=VITX&adults=2&children=2020-08-12&nsv=1&objectId=177262&transport=accommodation_flight&departureDate=2026-07-20&returnDate=2026-07-27&departureLocation=Warszawa%2CWarszawa-Radom%2CWarszawa+-+Modlin%2CWarszawa+-+Radom&opt=delta&catering=all_inclusive","filter_turkey_vacation_jul18_2026","turcja","alanya","karaburun","2026-07-20","2026-07-27","8","7","Warszawa,Warszawa-Radom,Warszawa - Modlin,Warszawa - Radom","2+1","turcja|alanya|2026-07-20|2026-07-27|7|Warszawa,Warszawa-Radom,Warszawa - Modlin,Warszawa - Radom|2+1"
"The X Belek","11623.0","19.07.2026 - 26.07.2026","8 dni/7 nocy","4.3","4.3","1272","tripadvisor","Warszawa","2026-06-14T11:30:31.274345+00:00","https://fly.pl/kierunek/turcja/?filter[dest]=39:&filter[hotelids]=&filter[cityids]=&filter[cregids]=&filter[ofrType]=&filter[addObjType]=&filter[whenFrom]=18-07-2026&filter[whenTo]=13-08-2026&filter[duration]=7:11&filter[from]=Warszawa,Warszawa-Radom,Warszawa%20-%20Modlin,Warszawa%20-%20Radom&filter[person]=2&filter[child]=1&filter[price]=4610:20000&filter[PriceFrom]=4610&filter[PriceTo]=20000&filter[addCategory]=50&filter[addCatering]=1&filter[addMisc]=0&filter[addTransport]=F&filter[fp]=1&order_by=ofr_price&filter[tourOperator]=0&filter[childAge][1]=20200812","https://fly.pl/cdn/photo/assets/uploads/582/278/2024/07/the-x-belek.jpg","https://fly.pl/wycieczka/turcja,belek,c/the-x-belek-13/pdoXsvLc0cYA_1byS69zToAAogo6SRDf1EgpYlUSvasR_NSgAAAACOdAQAdXQEAAcAEgAqBFdFWlkw76G60QZI51pQQVi8BmADahJGcmVlIEJpcmQgQWlybGluZXNqBDA3MDBqBDA5MTByQp4BlQGYAR8AAgEWABwAFwYS7QMTsgoUlQNPyl1MAECcEkvnxQFQABGeYRvBjAEgjrQNHRkN4eXCCQESYwEMYwECC9q1VZo/?operator=WEZY&adults=2&children=2020-08-12&nsv=1&objectId=224475&transport=accommodation_flight&departureDate=2026-07-19&returnDate=2026-07-26&departureLocation=Warszawa%2CWarszawa-Radom%2CWarszawa+-+Modlin%2CWarszawa+-+Radom&opt=delta&catering=all_inclusive","filter_turkey_vacation_jul18_2026","turcja","belek","c","2026-07-19","2026-07-26","8","7","Warszawa,Warszawa-Radom,Warszawa - Modlin,Warszawa - Radom","2+1","turcja|belek|2026-07-19|2026-07-26|7|Warszawa,Warszawa-Radom,Warszawa - Modlin,Warszawa - Radom|2+1"
"Aria Resort & SPA","11670.0","19.07.2026 - 26.07.2026","8 dni/7 nocy","4.8","4.8","1846","tripadvisor","Warszawa","2026-06-14T11:30:31.274345+00:00","https://fly.pl/kierunek/turcja/?filter[dest]=39:&filter[hotelids]=&filter[cityids]=&filter[cregids]=&filter[ofrType]=&filter[addObjType]=&filter[whenFrom]=18-07-2026&filter[whenTo]=13-08-2026&filter[duration]=7:11&filter[from]=Warszawa,Warszawa-Radom,Warszawa%20-%20Modlin,Warszawa%20-%20Radom&filter[person]=2&filter[child]=1&filter[price]=4610:20000&filter[PriceFrom]=4610&filter[PriceTo]=20000&filter[addCategory]=50&filter[addCatering]=1&filter[addMisc]=0&filter[addTransport]=F&filter[fp]=1&order_by=ofr_price&filter[tourOperator]=0&filter[childAge][1]=20200812","https://fly.pl/cdn/photo/assets/uploads/582/278/2015/01/ARIA-RESORT-SPA.jpg","https://fly.pl/wycieczka/turcja,alanya,c/mirador-club-alanya/pmrIg-NE8Er4OKakRE-ppYAAogR20LXVD4RW_QVBCTtO1GsAAAAACOdAQAdXQEAAcAAAAqBFdFWlkw76G60QZIlltQQVi8BmADahJGcmVlIEJpcmQgQWlybGluZXNqBDA3MDBqBDA5MTByQp4BlQGYAR8AAgEWABwAFwYS7QMTsgoUlQNMyl1PAECcEhHRiAFLlj1QABvskAQggZELHRkN4eXCCQESYwELYwEDCjQFB7g/?operator=WEZY&adults=2&children=2020-08-12&nsv=1&objectId=2055&transport=accommodation_flight&departureDate=2026-07-19&returnDate=2026-07-26&departureLocation=Warszawa%2CWarszawa-Radom%2CWarszawa+-+Modlin%2CWarszawa+-+Radom&opt=delta&catering=all_inclusive","filter_turkey_vacation_jul18_2026","turcja","alanya","c","2026-07-19","2026-07-26","8","7","Warszawa,Warszawa-Radom,Warszawa - Modlin,Warszawa - Radom","2+1","turcja|alanya|2026-07-19|2026-07-26|7|Warszawa,Warszawa-Radom,Warszawa - Modlin,Warszawa - Radom|2+1"
"Club Boran Mare Beach","11673.0","22.07.2026 - 29.07.2026","8 dni/7 nocy","4.4","4.4","369","tripadvisor","Warszawa","2026-06-14T11:30:31.274345+00:00","https://fly.pl/kierunek/turcja/?filter[dest]=39:&filter[hotelids]=&filter[cityids]=&filter[cregids]=&filter[ofrType]=&filter[addObjType]=&filter[whenFrom]=18-07-2026&filter[whenTo]=13-08-2026&filter[duration]=7:11&filter[from]=Warszawa,Warszawa-Radom,Warszawa%20-%20Modlin,Warszawa%20-%20Radom&filter[person]=2&filter[child]=1&filter[price]=4610:20000&filter[PriceFrom]=4610&filter[PriceTo]=20000&filter[addCategory]=50&filter[addCatering]=1&filter[addMisc]=0&filter[addTransport]=F&filter[fp]=1&order_by=ofr_price&filter[tourOperator]=0&filter[childAge][1]=20200812","https://fly.pl/cdn/photo/assets/uploads/582/278/2015/03/Club-Boran-Mare-Beach.jpg","https://fly.pl/wycieczka/turcja,kemer,c/club-boran-mare-beach/pJF1NP0xO7-gtjdsupfB3nAAoglJJhI_tyIVScaNbX2h1LPYYBeuCgQKVhuc5RFJxGEOAqBFNGUEww76G60QZImVtQQViEB2ACciELAhUFIgQSWVyWAkAuW-MEDefG1AlR4Ybt7VgCEmMBAgtXiKSW/?operator=SFPL&adults=2&children=2020-08-12&nsv=1&objectId=38070&transport=accommodation_flight&departureDate=2026-07-22&returnDate=2026-07-29&departureLocation=Warszawa%2CWarszawa-Radom%2CWarszawa+-+Modlin%2CWarszawa+-+Radom&opt=delta&catering=all_inclusive","filter_turkey_vacation_jul18_2026","turcja","kemer","c","2026-07-22","2026-07-29","8","7","Warszawa,Warszawa-Radom,Warszawa - Modlin,Warszawa - Radom","2+1","turcja|kemer|2026-07-22|2026-07-29|7|Warszawa,Warszawa-Radom,Warszawa - Modlin,Warszawa - Radom|2+1"
"Azura Deluxe Resort & Spa","11694.0","22.07.2026 - 29.07.2026","8 dni/7 nocy","4.7","4.7","2376","tripadvisor","Warszawa","2026-06-14T11:30:31.274345+00:00","https://fly.pl/kierunek/turcja/?filter[dest]=39:&filter[hotelids]=&filter[cityids]=&filter[cregids]=&filter[ofrType]=&filter[addObjType]=&filter[whenFrom]=18-07-2026&filter[whenTo]=13-08-2026&filter[duration]=7:11&filter[from]=Warszawa,Warszawa-Radom,Warszawa%20-%20Modlin,Warszawa%20-%20Radom&filter[person]=2&filter[child]=1&filter[price]=4610:20000&filter[PriceFrom]=4610&filter[PriceTo]=20000&filter[addCategory]=50&filter[addCatering]=1&filter[addMisc]=0&filter[addTransport]=F&filter[fp]=1&order_by=ofr_price&filter[tourOperator]=0&filter[childAge][1]=20200812","https://fly.pl/cdn/photo/assets/uploads/582/278/2015/04/Azura-Deluxe-Resort-Spa.jpg","https://fly.pl/wycieczka/turcja,alanya,avsallar/azura-deluxe-resort-spa/pzNX2XM0SNdZwZNUzE9RNeAAog05UBPW_HM2lCPTF9TvOwSwLuLr51ZXfiuqRu7D0QClcqBEVYSU0w76G60QZIrltQAViEB2ACagNVQUlyIRwRmu8FqwTGnUG5BGUbvcQkGJ3WOQHKyPrxCAISYwEDC1FjR6w/?operator=EXIM&adults=2&children=2020-08-12&nsv=1&objectId=162959&transport=accommodation_flight&departureDate=2026-07-22&returnDate=2026-07-29&departureLocation=Warszawa%2CWarszawa-Radom%2CWarszawa+-+Modlin%2CWarszawa+-+Radom&opt=delta&catering=all_inclusive","filter_turkey_vacation_jul18_2026","turcja","alanya","avsallar","2026-07-22","2026-07-29","8","7","Warszawa,Warszawa-Radom,Warszawa - Modlin,Warszawa - Radom","2+1","turcja|alanya|2026-07-22|2026-07-29|7|Warszawa,Warszawa-Radom,Warszawa - Modlin,Warszawa - Radom|2+1"
"Selectum Noa","11696.0","21.07.2026 - 29.07.2026","9 dni/8 nocy","4.1","4.1","1495","tripadvisor","Warszawa","2026-06-14T11:30:31.274345+00:00","https://fly.pl/kierunek/turcja/?filter[dest]=39:&filter[hotelids]=&filter[cityids]=&filter[cregids]=&filter[ofrType]=&filter[addObjType]=&filter[whenFrom]=18-07-2026&filter[whenTo]=13-08-2026&filter[duration]=7:11&filter[from]=Warszawa,Warszawa-Radom,Warszawa%20-%20Modlin,Warszawa%20-%20Radom&filter[person]=2&filter[child]=1&filter[price]=4610:20000&filter[PriceFrom]=4610&filter[PriceTo]=20000&filter[addCategory]=50&filter[addCatering]=1&filter[addMisc]=0&filter[addTransport]=F&filter[fp]=1&order_by=ofr_price&filter[tourOperator]=0&filter[childAge][1]=20200812","https://fly.pl/cdn/photo/assets/uploads/582/278/2015/02/Cesars-Temple.jpg","https://fly.pl/wycieczka/turcja,belek,c/cesars-temple/pf9JqFKt8rO1l8bAqHPuSlAAogTEfOHt688G4altycykFl1mcowcRFSimdZCEXnLk7UoMqBE9SRVgw76G60QZIsFtQQVjsBmACagdGMU8uMi4xcjabARUIFwBYB1YCXAhAwgYRuSZPohpdJFOrJ1IAXpaUAUvtQ2EATOWMOiCE-5cJDQACEmMBAgvA7o4f/?operator=OREX&adults=2&children=2020-08-12&nsv=1&objectId=1561&transport=accommodation_flight&departureDate=2026-07-21&returnDate=2026-07-29&departureLocation=Warszawa%2CWarszawa-Radom%2CWarszawa+-+Modlin%2CWarszawa+-+Radom&opt=delta&catering=all_inclusive","filter_turkey_vacation_jul18_2026","turcja","belek","c","2026-07-21","2026-07-29","9","8","Warszawa,Warszawa-Radom,Warszawa - Modlin,Warszawa - Radom","2+1","turcja|belek|2026-07-21|2026-07-29|8|Warszawa,Warszawa-Radom,Warszawa - Modlin,Warszawa - Radom|2+1"
"Orange County (Kemer)","11767.0","20.07.2026 - 27.07.2026","8 dni/7 nocy","4.0","4.0","943","tripadvisor","Warszawa","2026-06-14T11:30:31.274345+00:00","https://fly.pl/kierunek/turcja/?filter[dest]=39:&filter[hotelids]=&filter[cityids]=&filter[cregids]=&filter[ofrType]=&filter[addObjType]=&filter[whenFrom]=18-07-2026&filter[whenTo]=13-08-2026&filter[duration]=7:11&filter[from]=Warszawa,Warszawa-Radom,Warszawa%20-%20Modlin,Warszawa%20-%20Radom&filter[person]=2&filter[child]=1&filter[price]=4610:20000&filter[PriceFrom]=4610&filter[PriceTo]=20000&filter[addCategory]=50&filter[addCatering]=1&filter[addMisc]=0&filter[addTransport]=F&filter[fp]=1&order_by=ofr_price&filter[tourOperator]=0&filter[childAge][1]=20200812","https://fly.pl/cdn/photo/assets/uploads/582/278/2014/10/Orange-County-Resort-Kemer.jpg","https://fly.pl/wycieczka/turcja,kemer,c/orange-county-resort/pGld13VBNHiT9ziiN0nqrHAAogqVAoMSb4LZV4ByAhs3S4uU11eDE-prut4HX7XxcZmEkqBEpPSU4w76G60QZI91tQAVjUBmACagJVQXIgHBG8RrkEjr0CqwQoG-KaJxjL1AIB1Pi8oAECEmMBAgstHVHD/?operator=JOIN&adults=2&children=2020-08-12&nsv=1&objectId=2057&transport=accommodation_flight&departureDate=2026-07-20&returnDate=2026-07-27&departureLocation=Warszawa%2CWarszawa-Radom%2CWarszawa+-+Modlin%2CWarszawa+-+Radom&opt=delta&catering=all_inclusive","filter_turkey_vacation_jul18_2026","turcja","kemer","c","2026-07-20","2026-07-27","8","7","Warszawa,Warszawa-Radom,Warszawa - Modlin,Warszawa - Radom","2+1","turcja|kemer|2026-07-20|2026-07-27|7|Warszawa,Warszawa-Radom,Warszawa - Modlin,Warszawa - Radom|2+1"
"Justiniano Club Park Conti","11785.0","19.07.2026 - 26.07.2026","8 dni/7 nocy","4.2","4.2","1654","tripadvisor","Warszawa","2026-06-14T11:30:31.274345+00:00","https://fly.pl/kierunek/turcja/?filter[dest]=39:&filter[hotelids]=&filter[cityids]=&filter[cregids]=&filter[ofrType]=&filter[addObjType]=&filter[whenFrom]=18-07-2026&filter[whenTo]=13-08-2026&filter[duration]=7:11&filter[from]=Warszawa,Warszawa-Radom,Warszawa%20-%20Modlin,Warszawa%20-%20Radom&filter[person]=2&filter[child]=1&filter[price]=4610:20000&filter[PriceFrom]=4610&filter[PriceTo]=20000&filter[addCategory]=50&filter[addCatering]=1&filter[addMisc]=0&filter[addTransport]=F&filter[fp]=1&order_by=ofr_price&filter[tourOperator]=0&filter[childAge][1]=20200812","https://fly.pl/cdn/photo/assets/uploads/582/278/2014/10/Justiniano-Club-Park-Conti.jpg","https://fly.pl/wycieczka/turcja,alanya,okurcalar/justiniano-club-park-conti/p6ko5LIE-2VWiJDVPqlU9MAAogEDo1FVxZ3kAXrcat8RfHrgAAAADFdAQA4XQEAAcAAAAqBFdFWlkw76G60QZIiVxQQVi8BmADaglFbnRlciBBaXJyQp4BHwAcAQIAFgAXBhLtAxH5ARXIAxjXARMeFMIDT5lgTABAnBJQ58UBSwAbxjcd9-oOIBwNjuXCCQESYwEMYwECBhG_3XY/?operator=WEZY&adults=2&children=2020-08-12&nsv=1&objectId=3926&transport=accommodation_flight&departureDate=2026-07-19&returnDate=2026-07-26&departureLocation=Warszawa%2CWarszawa-Radom%2CWarszawa+-+Modlin%2CWarszawa+-+Radom&opt=delta&catering=all_inclusive","filter_turkey_vacation_jul18_2026","turcja","alanya","okurcalar","2026-07-19","2026-07-26","8","7","Warszawa,Warszawa-Radom,Warszawa - Modlin,Warszawa - Radom","2+1","turcja|alanya|2026-07-19|2026-07-26|7|Warszawa,Warszawa-Radom,Warszawa - Modlin,Warszawa - Radom|2+1"
"Side Crown Palace (Side)","11817.0","23.07.2026 - 30.07.2026","8 dni/7 nocy","3.7","3.7","1060","tripadvisor","Warszawa","2026-06-14T11:30:31.274345+00:00","https://fly.pl/kierunek/turcja/?filter[dest]=39:&filter[hotelids]=&filter[cityids]=&filter[cregids]=&filter[ofrType]=&filter[addObjType]=&filter[whenFrom]=18-07-2026&filter[whenTo]=13-08-2026&filter[duration]=7:11&filter[from]=Warszawa,Warszawa-Radom,Warszawa%20-%20Modlin,Warszawa%20-%20Radom&filter[person]=2&filter[child]=1&filter[price]=4610:20000&filter[PriceFrom]=4610&filter[PriceTo]=20000&filter[addCategory]=50&filter[addCatering]=1&filter[addMisc]=0&filter[addTransport]=F&filter[fp]=1&order_by=ofr_price&filter[tourOperator]=0&filter[childAge][1]=20200812","https://fly.pl/cdn/photo/assets/uploads/582/278/2015/04/Side-Crown-Palace-Side.jpg","https://fly.pl/wycieczka/turcja,side,c/crown-palace-side/pZG0kfJDxg90ohCmd5FPUoAAoghuyeuC8KQ56lomaO1WALxVcbW0kfwNyF5b7TGk4Wi78qBFZJVFgw76G60QZIqVxQQVicB2ACcj8aABUHFwBcA1gFQI8DU-drUgBb2BdevnxLgRJhAEy0nh0No5u1CSAAUb2p7u1YT8HNKV3Ej9OLhQECDWMBAgyT4Sox/?operator=VITX&adults=2&children=2020-08-12&nsv=1&objectId=30538&transport=accommodation_flight&departureDate=2026-07-23&returnDate=2026-07-30&departureLocation=Warszawa%2CWarszawa-Radom%2CWarszawa+-+Modlin%2CWarszawa+-+Radom&opt=delta&catering=all_inclusive","filter_turkey_vacation_jul18_2026","turcja","side","c","2026-07-23","2026-07-30","8","7","Warszawa,Warszawa-Radom,Warszawa - Modlin,Warszawa - Radom","2+1","turcja|side|2026-07-23|2026-07-30|7|Warszawa,Warszawa-Radom,Warszawa - Modlin,Warszawa - Radom|2+1"
"Washington Resort","11817.0","23.07.2026 - 30.07.2026","8 dni/7 nocy","4.0","4.0","759","tripadvisor","Warszawa","2026-06-14T11:30:31.274345+00:00","https://fly.pl/kierunek/turcja/?filter[dest]=39:&filter[hotelids]=&filter[cityids]=&filter[cregids]=&filter[ofrType]=&filter[addObjType]=&filter[whenFrom]=18-07-2026&filter[whenTo]=13-08-2026&filter[duration]=7:11&filter[from]=Warszawa,Warszawa-Radom,Warszawa%20-%20Modlin,Warszawa%20-%20Radom&filter[person]=2&filter[child]=1&filter[price]=4610:20000&filter[PriceFrom]=4610&filter[PriceTo]=20000&filter[addCategory]=50&filter[addCatering]=1&filter[addMisc]=0&filter[addTransport]=F&filter[fp]=1&order_by=ofr_price&filter[tourOperator]=0&filter[childAge][1]=20200812","https://fly.pl/cdn/photo/assets/uploads/582/278/2015/04/Washington-Resort.jpg","https://fly.pl/wycieczka/turcja,side,kizilagac/aska-washington-resort/pYHrvTITZTznptaE_GIHoAAAogqv_DBHWzN8ZRXHGELDW66lcbW0kfwNyF5b7TGk4Wi78qBFZJVFgw76G60QZIqVxQQVicB2ACcj8aABUHFwBcA1gFQI8DU-drUgBbmBxe_ndLgRJhAEyOqy4NyY6kCSAAT_72l-5YUbuBDl2JjsWLhQECDGMBAgvqJDf3/?operator=VITX&adults=2&children=2020-08-12&nsv=1&objectId=8163&transport=accommodation_flight&departureDate=2026-07-23&returnDate=2026-07-30&departureLocation=Warszawa%2CWarszawa-Radom%2CWarszawa+-+Modlin%2CWarszawa+-+Radom&opt=delta&catering=all_inclusive","filter_turkey_vacation_jul18_2026","turcja","side","kizilagac","2026-07-23","2026-07-30","8","7","Warszawa,Warszawa-Radom,Warszawa - Modlin,Warszawa - Radom","2+1","turcja|side|2026-07-23|2026-07-30|7|Warszawa,Warszawa-Radom,Warszawa - Modlin,Warszawa - Radom|2+1"
"Gold Island Selected","11822.0","19.07.2026 - 26.07.2026","8 dni/7 nocy","4.2","4.2","1840","tripadvisor","Warszawa","2026-06-14T11:30:31.274345+00:00","https://fly.pl/kierunek/turcja/?filter[dest]=39:&filter[hotelids]=&filter[cityids]=&filter[cregids]=&filter[ofrType]=&filter[addObjType]=&filter[whenFrom]=18-07-2026&filter[whenTo]=13-08-2026&filter[duration]=7:11&filter[from]=Warszawa,Warszawa-Radom,Warszawa%20-%20Modlin,Warszawa%20-%20Radom&filter[person]=2&filter[child]=1&filter[price]=4610:20000&filter[PriceFrom]=4610&filter[PriceTo]=20000&filter[addCategory]=50&filter[addCatering]=1&filter[addMisc]=0&filter[addTransport]=F&filter[fp]=1&order_by=ofr_price&filter[tourOperator]=0&filter[childAge][1]=20200812","https://fly.pl/cdn/photo/assets/uploads/582/278/2024/07/gold-island-selected.jpg","https://fly.pl/wycieczka/turcja,alanya,c/gold-island-selected-9/pTdT6LOUZb1AW45tsd8UnoAAogtqr1kzWu76-5U0eIQHvV8AAAAACOdAQAdXQEAAcAAAAqBFdFWlkw76G60QZIrlxQQVi8BmADahJGcmVlIEJpcmQgQWlybGluZXNqBDA3MDBqBDA5MTByQp4BlQGYAR8AAgEWABwAFwYS7QMTsgoUlQNPyl1MAECcEkvnxQFQABGQdBvr_Qgg8q8FHRkN4eXCCQESYwEMYwEDC3u0_b4/?operator=WEZY&adults=2&children=2020-08-12&nsv=1&objectId=226082&transport=accommodation_flight&departureDate=2026-07-19&returnDate=2026-07-26&departureLocation=Warszawa%2CWarszawa-Radom%2CWarszawa+-+Modlin%2CWarszawa+-+Radom&opt=delta&catering=all_inclusive","filter_turkey_vacation_jul18_2026","turcja","alanya","c","2026-07-19","2026-07-26","8","7","Warszawa,Warszawa-Radom,Warszawa - Modlin,Warszawa - Radom","2+1","turcja|alanya|2026-07-19|2026-07-26|7|Warszawa,Warszawa-Radom,Warszawa - Modlin,Warszawa - Radom|2+1"
"VONResort Golden Beach","11844.0","19.07.2026 - 26.07.2026","8 dni/7 nocy","4.3","4.3","1037","tripadvisor","Warszawa","2026-06-14T11:30:31.274345+00:00","https://fly.pl/kierunek/turcja/?filter[dest]=39:&filter[hotelids]=&filter[cityids]=&filter[cregids]=&filter[ofrType]=&filter[addObjType]=&filter[whenFrom]=18-07-2026&filter[whenTo]=13-08-2026&filter[duration]=7:11&filter[from]=Warszawa,Warszawa-Radom,Warszawa%20-%20Modlin,Warszawa%20-%20Radom&filter[person]=2&filter[child]=1&filter[price]=4610:20000&filter[PriceFrom]=4610&filter[PriceTo]=20000&filter[addCategory]=50&filter[addCatering]=1&filter[addMisc]=0&filter[addTransport]=F&filter[fp]=1&order_by=ofr_price&filter[tourOperator]=0&filter[childAge][1]=20200812","https://fly.pl/cdn/photo/assets/uploads/582/278/2015/04/VON-Club-Golden-Beach-fly-pl.jpg","https://fly.pl/wycieczka/turcja,side,colakli/club-golden-beach-spa/pZnwOOcUm70peIPEZea0N8AAog22FcgkVHd-PJYY5TGb7OxgAAAACOdAQAdXQEAAcAAQAqBFdFWlkw76G60QZIxFxQQVi8BmADahJGcmVlIEJpcmQgQWlybGluZXNqBDA3MDBqBDA5MTByQZ4BlQGYAR8AAgEWABwAFwYS7QMTsgoUlQMRrD9Mnh5PAECcEkvnxQFQABunSCDG2Q4dGQ3h5cIJARJjAQ1jAQIMo1sm6A/?operator=WEZY&adults=2&children=2020-08-12&nsv=1&objectId=1564&transport=accommodation_flight&departureDate=2026-07-19&returnDate=2026-07-26&departureLocation=Warszawa%2CWarszawa-Radom%2CWarszawa+-+Modlin%2CWarszawa+-+Radom&opt=delta&catering=all_inclusive","filter_turkey_vacation_jul18_2026","turcja","side","colakli","2026-07-19","2026-07-26","8","7","Warszawa,Warszawa-Radom,Warszawa - Modlin,Warszawa - Radom","2+1","turcja|side|2026-07-19|2026-07-26|7|Warszawa,Warszawa-Radom,Warszawa - Modlin,Warszawa - Radom|2+1"
"Megasaray Resort Side (ex. Aska Side Grand Prestige)","11862.0","19.07.2026 - 26.07.2026","8 dni/7 nocy","4.6","4.6","1275","tripadvisor","Warszawa","2026-06-14T11:30:31.274345+00:00","https://fly.pl/kierunek/turcja/?filter[dest]=39:&filter[hotelids]=&filter[cityids]=&filter[cregids]=&filter[ofrType]=&filter[addObjType]=&filter[whenFrom]=18-07-2026&filter[whenTo]=13-08-2026&filter[duration]=7:11&filter[from]=Warszawa,Warszawa-Radom,Warszawa%20-%20Modlin,Warszawa%20-%20Radom&filter[person]=2&filter[child]=1&filter[price]=4610:20000&filter[PriceFrom]=4610&filter[PriceTo]=20000&filter[addCategory]=50&filter[addCatering]=1&filter[addMisc]=0&filter[addTransport]=F&filter[fp]=1&order_by=ofr_price&filter[tourOperator]=0&filter[childAge][1]=20200812","https://fly.pl/cdn/photo/assets/uploads/582/278/2015/04/Megasaray-Resort-Side.jpg","https://fly.pl/wycieczka/turcja,side,c/grand-prestige-side/p-PPVT5K2lxbAmFxTseL72AAoglcKtYz4CkhjKzJ8r_gR0BAAAAACOdAQAdXQEAAcAAAAqBFdFWlkw76G60QZI1lxQQVi8BmADahJGcmVlIEJpcmQgQWlybGluZXNqBDA3MDBqBDA5MTByQp4BlQGYAR8AAgEWABwAFwYS7QMTsgoUlQNPyl1MAECcEkvnxQFQABHwVyD9yQ4dGRvV5SUNjICdCQESYwEMYwECCzZ0GNA/?operator=WEZY&adults=2&children=2020-08-12&nsv=1&objectId=1643&transport=accommodation_flight&departureDate=2026-07-19&returnDate=2026-07-26&departureLocation=Warszawa%2CWarszawa-Radom%2CWarszawa+-+Modlin%2CWarszawa+-+Radom&opt=delta&catering=all_inclusive","filter_turkey_vacation_jul18_2026","turcja","side","c","2026-07-19","2026-07-26","8","7","Warszawa,Warszawa-Radom,Warszawa - Modlin,Warszawa - Radom","2+1","turcja|side|2026-07-19|2026-07-26|7|Warszawa,Warszawa-Radom,Warszawa - Modlin,Warszawa - Radom|2+1"
"Imperial Turkiz Resort (ex. Turkiz Deluxe Resort)","11877.0","19.07.2026 - 26.07.2026","8 dni/7 nocy","4.3","4.3","1624","tripadvisor","Warszawa","2026-06-14T11:30:31.274345+00:00","https://fly.pl/kierunek/turcja/?filter[dest]=39:&filter[hotelids]=&filter[cityids]=&filter[cregids]=&filter[ofrType]=&filter[addObjType]=&filter[whenFrom]=18-07-2026&filter[whenTo]=13-08-2026&filter[duration]=7:11&filter[from]=Warszawa,Warszawa-Radom,Warszawa%20-%20Modlin,Warszawa%20-%20Radom&filter[person]=2&filter[child]=1&filter[price]=4610:20000&filter[PriceFrom]=4610&filter[PriceTo]=20000&filter[addCategory]=50&filter[addCatering]=1&filter[addMisc]=0&filter[addTransport]=F&filter[fp]=1&order_by=ofr_price&filter[tourOperator]=0&filter[childAge][1]=20200812","https://fly.pl/cdn/photo/assets/uploads/582/278/2024/07/turkiz-deluxe-resort-ex-imperial-turkiz-resort.jpg","https://fly.pl/wycieczka/turcja,kemer,c/turkiz-resort-15/pZ2PFJYm1-Dgs6hQ0MgPKKAAog_IpfRODQGav7k0AampS2LAAAAADFdAQA4XQEAAcAAQAqBFdFWlkw76G60QZI5VxQQVi8BmADaglFbnRlciBBaXJyQp4BHwAcAQIAFgAXBhLtAxXBBRjXARMeFMIDT5lgTABAnBIR2lpQjWtLAB29og8gHBus6DMN4vyOCQESYwEHYwEDBqqqvpM/?operator=WEZY&adults=2&children=2020-08-12&nsv=1&objectId=202375&transport=accommodation_flight&departureDate=2026-07-19&returnDate=2026-07-26&departureLocation=Warszawa%2CWarszawa-Radom%2CWarszawa+-+Modlin%2CWarszawa+-+Radom&opt=delta&catering=all_inclusive","filter_turkey_vacation_jul18_2026","turcja","kemer","c","2026-07-19","2026-07-26","8","7","Warszawa,Warszawa-Radom,Warszawa - Modlin,Warszawa - Radom","2+1","turcja|kemer|2026-07-19|2026-07-26|7|Warszawa,Warszawa-Radom,Warszawa - Modlin,Warszawa - Radom|2+1"
"Luna Blanca Resort & Spa","11897.0","19.07.2026 - 26.07.2026","8 dni/7 nocy","4.2","4.2","590","tripadvisor","Warszawa","2026-06-14T11:30:31.274345+00:00","https://fly.pl/kierunek/turcja/?filter[dest]=39:&filter[hotelids]=&filter[cityids]=&filter[cregids]=&filter[ofrType]=&filter[addObjType]=&filter[whenFrom]=18-07-2026&filter[whenTo]=13-08-2026&filter[duration]=7:11&filter[from]=Warszawa,Warszawa-Radom,Warszawa%20-%20Modlin,Warszawa%20-%20Radom&filter[person]=2&filter[child]=1&filter[price]=4610:20000&filter[PriceFrom]=4610&filter[PriceTo]=20000&filter[addCategory]=50&filter[addCatering]=1&filter[addMisc]=0&filter[addTransport]=F&filter[fp]=1&order_by=ofr_price&filter[tourOperator]=0&filter[childAge][1]=20200812","https://fly.pl/cdn/photo/assets/uploads/582/278/2015/04/Luna-Blanca-Resort-Spa.jpg","https://fly.pl/wycieczka/turcja,side,c/luna-blanca-resort-spa/pcj4wnWdqOiDzZG8feUjDEAAoglcKYMdB02qR6jaU7yfsmjgAAAADFdAQA4XQEAAcAAAAqBFdFWlkw76G60QZI-VxQQVi8BmADaglFbnRlciBBaXJyQp4BHwAcAQIAFgAXBhLtAxXBBRjXARMeFMIDEdE-T8ghTABAnBJQ58UBSwAbz2Ud7rwOIBwNjuXCCQESYwEMYwECC6IGHYU/?operator=WEZY&adults=2&children=2020-08-12&nsv=1&objectId=141782&transport=accommodation_flight&departureDate=2026-07-19&returnDate=2026-07-26&departureLocation=Warszawa%2CWarszawa-Radom%2CWarszawa+-+Modlin%2CWarszawa+-+Radom&opt=delta&catering=all_inclusive","filter_turkey_vacation_jul18_2026","turcja","side","c","2026-07-19","2026-07-26","8","7","Warszawa,Warszawa-Radom,Warszawa - Modlin,Warszawa - Radom","2+1","turcja|side|2026-07-19|2026-07-26|7|Warszawa,Warszawa-Radom,Warszawa - Modlin,Warszawa - Radom|2+1"
"Korumar Deluxe","11897.0","21.07.2026 - 29.07.2026","9 dni/7 nocy","4.2","4.2","1492","tripadvisor","Warszawa","2026-06-14T11:30:31.274345+00:00","https://fly.pl/kierunek/turcja/?filter[dest]=39:&filter[hotelids]=&filter[cityids]=&filter[cregids]=&filter[ofrType]=&filter[addObjType]=&filter[whenFrom]=18-07-2026&filter[whenTo]=13-08-2026&filter[duration]=7:11&filter[from]=Warszawa,Warszawa-Radom,Warszawa%20-%20Modlin,Warszawa%20-%20Radom&filter[person]=2&filter[child]=1&filter[price]=4610:20000&filter[PriceFrom]=4610&filter[PriceTo]=20000&filter[addCategory]=50&filter[addCatering]=1&filter[addMisc]=0&filter[addTransport]=F&filter[fp]=1&order_by=ofr_price&filter[tourOperator]=0&filter[childAge][1]=20200812","https://fly.pl/cdn/photo/assets/uploads/582/278/2016/01/Korumar-Deluxe.jpg","https://fly.pl/wycieczka/turcja,kusadasi,c/korumar-deluxe/puDF3C9ZHnBs5gGonauyjWAAogVpg8nSC22yQNIJ4PZXuKoDOYNAoollcVS62pQIbmcqsqBFZJVFgw76G60QZI-VxQQVjsBmACcj8aABUHFwBcA1gFQI8DU-FlUgBb3h1evnxL7UNhAEyi-S0Nx46kCSABUefjkYJUT8mJIV28l5jtsQECDGMBAgXAl_H0/?operator=VITX&adults=2&children=2020-08-12&nsv=1&objectId=5238&transport=accommodation_flight&departureDate=2026-07-21&returnDate=2026-07-29&departureLocation=Warszawa%2CWarszawa-Radom%2CWarszawa+-+Modlin%2CWarszawa+-+Radom&opt=delta&catering=all_inclusive","filter_turkey_vacation_jul18_2026","turcja","kusadasi","c","2026-07-21","2026-07-29","9","7","Warszawa,Warszawa-Radom,Warszawa - Modlin,Warszawa - Radom","2+1","turcja|kusadasi|2026-07-21|2026-07-29|7|Warszawa,Warszawa-Radom,Warszawa - Modlin,Warszawa - Radom|2+1"
"Crystal Aura Aqua Collection","11897.0","20.07.2026 - 27.07.2026","8 dni/7 nocy","4.4","4.4","2575","tripadvisor","Warszawa","2026-06-14T11:30:31.274345+00:00","https://fly.pl/kierunek/turcja/?filter[dest]=39:&filter[hotelids]=&filter[cityids]=&filter[cregids]=&filter[ofrType]=&filter[addObjType]=&filter[whenFrom]=18-07-2026&filter[whenTo]=13-08-2026&filter[duration]=7:11&filter[from]=Warszawa,Warszawa-Radom,Warszawa%20-%20Modlin,Warszawa%20-%20Radom&filter[person]=2&filter[child]=1&filter[price]=4610:20000&filter[PriceFrom]=4610&filter[PriceTo]=20000&filter[addCategory]=50&filter[addCatering]=1&filter[addMisc]=0&filter[addTransport]=F&filter[fp]=1&order_by=ofr_price&filter[tourOperator]=0&filter[childAge][1]=20200812","https://fly.pl/cdn/photo/assets/uploads/582/278/2014/10/Crystal-Aura-Beach-Resort-fly-pl.jpg","https://fly.pl/wycieczka/turcja,kemer,c/crystal-aura-beach-resort/pgIJu1NtVNzANyT9c0xD7zAAogZdZLYX_lJegtIZ04am3wr2lZs0u9ntxIhhB-JeVTlPEqBFZJVFgw76G60QZI-VxQQVjUBmACcj8aABUHFwBcA1gFQI8DU-drUgBb2BdevnxLgRJhAEyOqy4Nxo6kCSAAUZKs7u1YT_DKKV3Ej9OLhQECDGMBAgvOpx31/?operator=VITX&adults=2&children=2020-08-12&nsv=1&objectId=80641&transport=accommodation_flight&departureDate=2026-07-20&returnDate=2026-07-27&departureLocation=Warszawa%2CWarszawa-Radom%2CWarszawa+-+Modlin%2CWarszawa+-+Radom&opt=delta&catering=all_inclusive","filter_turkey_vacation_jul18_2026","turcja","kemer","c","2026-07-20","2026-07-27","8","7","Warszawa,Warszawa-Radom,Warszawa - Modlin,Warszawa - Radom","2+1","turcja|kemer|2026-07-20|2026-07-27|7|Warszawa,Warszawa-Radom,Warszawa - Modlin,Warszawa - Radom|2+1"
"Turunc","11898.0","20.07.2026 - 27.07.2026","8 dni/7 nocy","4.2","4.2","2356","tripadvisor","Warszawa","2026-06-14T11:30:31.274345+00:00","https://fly.pl/kierunek/turcja/?filter[dest]=39:&filter[hotelids]=&filter[cityids]=&filter[cregids]=&filter[ofrType]=&filter[addObjType]=&filter[whenFrom]=18-07-2026&filter[whenTo]=13-08-2026&filter[duration]=7:11&filter[from]=Warszawa,Warszawa-Radom,Warszawa%20-%20Modlin,Warszawa%20-%20Radom&filter[person]=2&filter[child]=1&filter[price]=4610:20000&filter[PriceFrom]=4610&filter[PriceTo]=20000&filter[addCategory]=50&filter[addCatering]=1&filter[addMisc]=0&filter[addTransport]=F&filter[fp]=1&order_by=ofr_price&filter[tourOperator]=0&filter[childAge][1]=20200812","https://fly.pl/cdn/photo/assets/uploads/582/278/2014/07/Turunc.jpg","https://fly.pl/wycieczka/turcja,marmaris,turunc/turunc/pxv7uf2QyTVIIIR6HJp8pwAAog0JEo4i9G3sSPn_nkCaw6svcwihURrKfRGyY34zmwgaEqBFJOQlcw76G60QZI-lxQQVjUBmACagRDQWdRaiIxNiwyODMsMjk2LDM4MCwzODgsNDc3LDQ4Myw0ODQsNDg1cjmfAZ4BFQcXAFgIChYczgNA5AMRrhoQ4hsZpSFSzipTAEuuvQFhAA_ZqkAdLyDg3JEJDQACDWMBAgy69iLt/?operator=RNBW&adults=2&children=2020-08-12&nsv=1&objectId=1704&transport=accommodation_flight&departureDate=2026-07-20&returnDate=2026-07-27&departureLocation=Warszawa%2CWarszawa-Radom%2CWarszawa+-+Modlin%2CWarszawa+-+Radom&opt=delta&catering=all_inclusive","filter_turkey_vacation_jul18_2026","turcja","marmaris","turunc","2026-07-20","2026-07-27","8","7","Warszawa,Warszawa-Radom,Warszawa - Modlin,Warszawa - Radom","2+1","turcja|marmaris|2026-07-20|2026-07-27|7|Warszawa,Warszawa-Radom,Warszawa - Modlin,Warszawa - Radom|2+1"
"Jadore Deluxe","11917.0","20.07.2026 - 27.07.2026","8 dni/7 nocy","4.1","4.1","1767","tripadvisor","Warszawa","2026-06-14T11:30:31.274345+00:00","https://fly.pl/kierunek/turcja/?filter[dest]=39:&filter[hotelids]=&filter[cityids]=&filter[cregids]=&filter[ofrType]=&filter[addObjType]=&filter[whenFrom]=18-07-2026&filter[whenTo]=13-08-2026&filter[duration]=7:11&filter[from]=Warszawa,Warszawa-Radom,Warszawa%20-%20Modlin,Warszawa%20-%20Radom&filter[person]=2&filter[child]=1&filter[price]=4610:20000&filter[PriceFrom]=4610&filter[PriceTo]=20000&filter[addCategory]=50&filter[addCatering]=1&filter[addMisc]=0&filter[addTransport]=F&filter[fp]=1&order_by=ofr_price&filter[tourOperator]=0&filter[childAge][1]=20200812","https://fly.pl/cdn/photo/assets/uploads/582/278/2015/10/Jadore-Deluxe.jpg","https://fly.pl/wycieczka/turcja,side,c/jadore-deluxe-hotel-spa/pnDqE19LC-o6PMWTjRvUb5AAogvfTPlWteoEtLAKI0IlzeJGlZs0u9ntxIhhB-JeVTlPEqBFZJVFgw8aG60QZIjV1QQVjUBmACcj8aABUHFwBcA1gFQI8DU-drUgBbsBle5npLgRJhAEyOqy4Nxo6kCSAAUdzxgO5YT6aFF13Ej9OLhQECDGMBAgswkSir/?operator=VITX&adults=2&children=2020-08-12&nsv=1&objectId=175205&transport=accommodation_flight&departureDate=2026-07-20&returnDate=2026-07-27&departureLocation=Warszawa%2CWarszawa-Radom%2CWarszawa+-+Modlin%2CWarszawa+-+Radom&opt=delta&catering=all_inclusive","filter_turkey_vacation_jul18_2026","turcja","side","c","2026-07-20","2026-07-27","8","7","Warszawa,Warszawa-Radom,Warszawa - Modlin,Warszawa - Radom","2+1","turcja|side|2026-07-20|2026-07-27|7|Warszawa,Warszawa-Radom,Warszawa - Modlin,Warszawa - Radom|2+1"
"Selectum Family Resort Side (ex. Silence Beach Resort)","11957.0","21.07.2026 - 29.07.2026","9 dni/8 nocy","4.5","4.5","1602","tripadvisor","Warszawa","2026-06-14T11:30:31.274345+00:00","https://fly.pl/kierunek/turcja/?filter[dest]=39:&filter[hotelids]=&filter[cityids]=&filter[cregids]=&filter[ofrType]=&filter[addObjType]=&filter[whenFrom]=18-07-2026&filter[whenTo]=13-08-2026&filter[duration]=7:11&filter[from]=Warszawa,Warszawa-Radom,Warszawa%20-%20Modlin,Warszawa%20-%20Radom&filter[person]=2&filter[child]=1&filter[price]=4610:20000&filter[PriceFrom]=4610&filter[PriceTo]=20000&filter[addCategory]=50&filter[addCatering]=1&filter[addMisc]=0&filter[addTransport]=F&filter[fp]=1&order_by=ofr_price&filter[tourOperator]=0&filter[childAge][1]=20200812","https://fly.pl/cdn/photo/assets/uploads/582/278/2014/11/Silence-Beach-Resort-fly-pl.jpg","https://fly.pl/wycieczka/turcja,side,c/silence-beach-resort/pXyWbT9m9Kdg6GgE0_Sg2YAAog_X9GkCPO1fyKpZiXbbTFvmcowcRFSimdZCEXnLk7UoMqBE9SRVgw8aG60QZItV1QQVjsBmACagdIQk4uMi4xcjabARUIFwBYB1YCXAgRjwJAswRP20BdJFOrJ1IAXpaUAUvtQ2EATOWMOiCE-5cJDQACEmMBAgtLXOhX/?operator=OREX&adults=2&children=2020-08-12&nsv=1&objectId=1753&transport=accommodation_flight&departureDate=2026-07-21&returnDate=2026-07-29&departureLocation=Warszawa%2CWarszawa-Radom%2CWarszawa+-+Modlin%2CWarszawa+-+Radom&opt=delta&catering=all_inclusive","filter_turkey_vacation_jul18_2026","turcja","side","c","2026-07-21","2026-07-29","9","8","Warszawa,Warszawa-Radom,Warszawa - Modlin,Warszawa - Radom","2+1","turcja|side|2026-07-21|2026-07-29|8|Warszawa,Warszawa-Radom,Warszawa - Modlin,Warszawa - Radom|2+1"
"Emelda Sun Club (ex. Simena Sun Club)","11996.0","18.07.2026 - 25.07.2026","8 dni/7 nocy","4.4","4.4","1117","tripadvisor","Warszawa","2026-06-14T11:30:31.274345+00:00","https://fly.pl/kierunek/turcja/?filter[dest]=39:&filter[hotelids]=&filter[cityids]=&filter[cregids]=&filter[ofrType]=&filter[addObjType]=&filter[whenFrom]=18-07-2026&filter[whenTo]=13-08-2026&filter[duration]=7:11&filter[from]=Warszawa,Warszawa-Radom,Warszawa%20-%20Modlin,Warszawa%20-%20Radom&filter[person]=2&filter[child]=1&filter[price]=4610:20000&filter[PriceFrom]=4610&filter[PriceTo]=20000&filter[addCategory]=50&filter[addCatering]=1&filter[addMisc]=0&filter[addTransport]=F&filter[fp]=1&order_by=ofr_price&filter[tourOperator]=0&filter[childAge][1]=20200812","https://fly.pl/cdn/photo/assets/uploads/582/278/2014/10/EMELDA-SUN-CLUB-scaled.jpg","https://fly.pl/wycieczka/turcja,kemer,camyuva/simena-sun/pjFbjvJb4KmnY8DbIYJIO9AAogVHcOpCwAxTtswWuMEjdMHjm75xzNrdMBvkUGrR8D3XsqBEVDQ1gw8aG60QZI3F1QAVikBmACagNBSVVyIBwRqQmrBILDFrkEHRje2Ckbw6sNAdLsv94BAgBjAQIM5kSFDg/?operator=ECCX&adults=2&children=2020-08-12&nsv=1&objectId=1102&transport=accommodation_flight&departureDate=2026-07-18&returnDate=2026-07-25&departureLocation=Warszawa%2CWarszawa-Radom%2CWarszawa+-+Modlin%2CWarszawa+-+Radom&opt=delta&catering=all_inclusive","filter_turkey_vacation_jul18_2026","turcja","kemer","camyuva","2026-07-18","2026-07-25","8","7","Warszawa,Warszawa-Radom,Warszawa - Modlin,Warszawa - Radom","2+1","turcja|kemer|2026-07-18|2026-07-25|7|Warszawa,Warszawa-Radom,Warszawa - Modlin,Warszawa - Radom|2+1"
"Ramada Resort Lara","12014.0","18.07.2026 - 25.07.2026","8 dni/7 nocy","4.5","4.5","1414","tripadvisor","Warszawa","2026-06-14T11:30:31.274345+00:00","https://fly.pl/kierunek/turcja/?filter[dest]=39:&filter[hotelids]=&filter[cityids]=&filter[cregids]=&filter[ofrType]=&filter[addObjType]=&filter[whenFrom]=18-07-2026&filter[whenTo]=13-08-2026&filter[duration]=7:11&filter[from]=Warszawa,Warszawa-Radom,Warszawa%20-%20Modlin,Warszawa%20-%20Radom&filter[person]=2&filter[child]=1&filter[price]=4610:20000&filter[PriceFrom]=4610&filter[PriceTo]=20000&filter[addCategory]=50&filter[addCatering]=1&filter[addMisc]=0&filter[addTransport]=F&filter[fp]=1&order_by=ofr_price&filter[tourOperator]=0&filter[childAge][1]=20200812","https://fly.pl/cdn/photo/assets/uploads/582/278/2014/09/ramada-lara.jpg","https://fly.pl/wycieczka/turcja,alanya,c/ramada-resort-lara/pGxhGdfFKeU037dZeAdHQOAAogwZhvSjThZljhIgxJC3iURQz77lvs6r-gYLlUM_yvRvwqBEJWQkUw8aG60QZI7l1QAVikBmACagNVQUlyIhwR7-wBG5q5QRjlqharBLTxH7kEkgIB0Pr86gMCAGMBAwsKfQhx/?operator=BVBE&adults=2&children=2020-08-12&nsv=1&objectId=119313&transport=accommodation_flight&departureDate=2026-07-18&returnDate=2026-07-25&departureLocation=Warszawa%2CWarszawa-Radom%2CWarszawa+-+Modlin%2CWarszawa+-+Radom&opt=delta&catering=all_inclusive","filter_turkey_vacation_jul18_2026","turcja","alanya","c","2026-07-18","2026-07-25","8","7","Warszawa,Warszawa-Radom,Warszawa - Modlin,Warszawa - Radom","2+1","turcja|alanya|2026-07-18|2026-07-25|7|Warszawa,Warszawa-Radom,Warszawa - Modlin,Warszawa - Radom|2+1"
"Utopia World","12029.0","19.07.2026 - 26.07.2026","8 dni/7 nocy","4.4","4.4","1719","tripadvisor","Warszawa","2026-06-14T11:30:31.274345+00:00","https://fly.pl/kierunek/turcja/?filter[dest]=39:&filter[hotelids]=&filter[cityids]=&filter[cregids]=&filter[ofrType]=&filter[addObjType]=&filter[whenFrom]=18-07-2026&filter[whenTo]=13-08-2026&filter[duration]=7:11&filter[from]=Warszawa,Warszawa-Radom,Warszawa%20-%20Modlin,Warszawa%20-%20Radom&filter[person]=2&filter[child]=1&filter[price]=4610:20000&filter[PriceFrom]=4610&filter[PriceTo]=20000&filter[addCategory]=50&filter[addCatering]=1&filter[addMisc]=0&filter[addTransport]=F&filter[fp]=1&order_by=ofr_price&filter[tourOperator]=0&filter[childAge][1]=20200812","https://fly.pl/cdn/photo/assets/uploads/582/278/2014/11/UTOPIA-WORLD-DE-LUXE-HOTEL.jpg","https://fly.pl/wycieczka/turcja,alanya,kargicak/utopia-world/pqvK8J22ZaheC_aHsW9s-ZAAognQQ_vD13RiciBGgzYzI-iQAAAACOdAQAdXQEAAcAAAAqBFdFWlkw8aG60QZI_V1QQVi8BmADahJGcmVlIEJpcmQgQWlybGluZXNqBDA3MDBqBDA5MTByQp4BlQGYAR8AHAECABYAFwYS7QMRgAETsgkUlQNMyl1PAECcEkvnxQFQACDtoQ8dGRvH718NmvbiCAESYwEMYwEDCxODlEE/?operator=WEZY&adults=2&children=2020-08-12&nsv=1&objectId=2851&transport=accommodation_flight&departureDate=2026-07-19&returnDate=2026-07-26&departureLocation=Warszawa%2CWarszawa-Radom%2CWarszawa+-+Modlin%2CWarszawa+-+Radom&opt=delta&catering=all_inclusive","filter_turkey_vacation_jul18_2026","turcja","alanya","kargicak","2026-07-19","2026-07-26","8","7","Warszawa,Warszawa-Radom,Warszawa - Modlin,Warszawa - Radom","2+1","turcja|alanya|2026-07-19|2026-07-26|7|Warszawa,Warszawa-Radom,Warszawa - Modlin,Warszawa - Radom|2+1"
"Queens Park Le Jardin Resort","12046.0","19.07.2026 - 26.07.2026","8 dni/7 nocy","4.4","4.4","1549","tripadvisor","Warszawa","2026-06-14T11:30:31.274345+00:00","https://fly.pl/kierunek/turcja/?filter[dest]=39:&filter[hotelids]=&filter[cityids]=&filter[cregids]=&filter[ofrType]=&filter[addObjType]=&filter[whenFrom]=18-07-2026&filter[whenTo]=13-08-2026&filter[duration]=7:11&filter[from]=Warszawa,Warszawa-Radom,Warszawa%20-%20Modlin,Warszawa%20-%20Radom&filter[person]=2&filter[child]=1&filter[price]=4610:20000&filter[PriceFrom]=4610&filter[PriceTo]=20000&filter[addCategory]=50&filter[addCatering]=1&filter[addMisc]=0&filter[addTransport]=F&filter[fp]=1&order_by=ofr_price&filter[tourOperator]=0&filter[childAge][1]=20200812","https://fly.pl/cdn/photo/assets/uploads/582/278/2017/12/QUEENS-PARK-LE-JARDIN-RESORT-1.jpg","https://fly.pl/wycieczka/turcja,kemer,kiris/queens-park-le-jardin-resort/p6AZ88ZtNVN1kVMdRolY0IAAog8PafvaLcnTHbnhFybFaE0AAAAACOdAQAdXQEAAcAAAAqBFdFWlkw8aG60QZIjl5QQVi8BmADahJGcmVlIEJpcmQgQWlybGluZXNqBDA3MDBqBDA5MTByQZ4BlQGYAR8AAgEWABwAFwYS7QMTsgoUlQMRvUpMjRNPAECcEkvnxQFQABu4VCC1zQ4dGQ3h5cIJARJjAQxjAQILm3K1ww/?operator=WEZY&adults=2&children=2020-08-12&nsv=1&objectId=145743&transport=accommodation_flight&departureDate=2026-07-19&returnDate=2026-07-26&departureLocation=Warszawa%2CWarszawa-Radom%2CWarszawa+-+Modlin%2CWarszawa+-+Radom&opt=delta&catering=all_inclusive","filter_turkey_vacation_jul18_2026","turcja","kemer","kiris","2026-07-19","2026-07-26","8","7","Warszawa,Warszawa-Radom,Warszawa - Modlin,Warszawa - Radom","2+1","turcja|kemer|2026-07-19|2026-07-26|7|Warszawa,Warszawa-Radom,Warszawa - Modlin,Warszawa - Radom|2+1"
"Diamond Excellence Resort & Spa","12118.0","19.07.2026 - 26.07.2026","8 dni/7 nocy","4.6","4.6","3699","tripadvisor","Warszawa","2026-06-14T11:30:31.274345+00:00","https://fly.pl/kierunek/turcja/?filter[dest]=39:&filter[hotelids]=&filter[cityids]=&filter[cregids]=&filter[ofrType]=&filter[addObjType]=&filter[whenFrom]=18-07-2026&filter[whenTo]=13-08-2026&filter[duration]=7:11&filter[from]=Warszawa,Warszawa-Radom,Warszawa%20-%20Modlin,Warszawa%20-%20Radom&filter[person]=2&filter[child]=1&filter[price]=4610:20000&filter[PriceFrom]=4610&filter[PriceTo]=20000&filter[addCategory]=50&filter[addCatering]=1&filter[addMisc]=0&filter[addTransport]=F&filter[fp]=1&order_by=ofr_price&filter[tourOperator]=0&filter[childAge][1]=20200812","https://fly.pl/cdn/photo/assets/uploads/582/278/2015/04/Crystal-Palace-Luxury-Resort-SPA-fly-pl.jpg","https://fly.pl/wycieczka/turcja,side,c/crystal-palace-resort-spa/pWkNj8EmlM2JVyfzZHXpspAAogG0yJZmF6xRJZn5InCohPaQAAAACOdAQAdXQEAAcAAAAqBFdFWlkw8aG60QZI1l5QQVi8BmADahJGcmVlIEJpcmQgQWlybGluZXNqBDA3MDBqBDA5MTByQp4BlQGYAR8AAgEWABwAFwYS7QMTsgoUlQNPyl1MAECcEkvnxQFQABv3MBHa1QEgnJsNHRkN4eXCCQESYwELYwECCvU0bOA/?operator=WEZY&adults=2&children=2020-08-12&nsv=1&objectId=26146&transport=accommodation_flight&departureDate=2026-07-19&returnDate=2026-07-26&departureLocation=Warszawa%2CWarszawa-Radom%2CWarszawa+-+Modlin%2CWarszawa+-+Radom&opt=delta&catering=all_inclusive","filter_turkey_vacation_jul18_2026","turcja","side","c","2026-07-19","2026-07-26","8","7","Warszawa,Warszawa-Radom,Warszawa - Modlin,Warszawa - Radom","2+1","turcja|side|2026-07-19|2026-07-26|7|Warszawa,Warszawa-Radom,Warszawa - Modlin,Warszawa - Radom|2+1"
"Dream World Hill","12138.0","19.07.2026 - 26.07.2026","8 dni/7 nocy","4.3","4.3","272","tripadvisor","Warszawa","2026-06-14T11:30:31.274345+00:00","https://fly.pl/kierunek/turcja/?filter[dest]=39:&filter[hotelids]=&filter[cityids]=&filter[cregids]=&filter[ofrType]=&filter[addObjType]=&filter[whenFrom]=18-07-2026&filter[whenTo]=13-08-2026&filter[duration]=7:11&filter[from]=Warszawa,Warszawa-Radom,Warszawa%20-%20Modlin,Warszawa%20-%20Radom&filter[person]=2&filter[child]=1&filter[price]=4610:20000&filter[PriceFrom]=4610&filter[PriceTo]=20000&filter[addCategory]=50&filter[addCatering]=1&filter[addMisc]=0&filter[addTransport]=F&filter[fp]=1&order_by=ofr_price&filter[tourOperator]=0&filter[childAge][1]=20200812","https://fly.pl/cdn/photo/assets/uploads/582/278/2015/12/Dream-World-Hill.jpg","https://fly.pl/wycieczka/turcja,side,c/dream-world-hill/pJH9o1vmzqTEdc82MjK4uuAAogZCLPoORvSXHOhop4LpUiWQAAAADFdAQA4XQEAAcAAAAqBFdFWlkw8aG60QZI6l5QQVi8BmADaglFbnRlciBBaXJyQp4BHwAcAQIAFgQXAhLtAxXBBRjXARMeFMIDT5lgTABAnBIRoQZQxr8BSwAb3HMd4a4OIBwNjuXCCQESYwEMYwECC7tOwQc/?operator=WEZY&adults=2&children=2020-08-12&nsv=1&objectId=176638&transport=accommodation_flight&departureDate=2026-07-19&returnDate=2026-07-26&departureLocation=Warszawa%2CWarszawa-Radom%2CWarszawa+-+Modlin%2CWarszawa+-+Radom&opt=delta&catering=all_inclusive","filter_turkey_vacation_jul18_2026","turcja","side","c","2026-07-19","2026-07-26","8","7","Warszawa,Warszawa-Radom,Warszawa - Modlin,Warszawa - Radom","2+1","turcja|side|2026-07-19|2026-07-26|7|Warszawa,Warszawa-Radom,Warszawa - Modlin,Warszawa - Radom|2+1"
"Orange Palace","12151.0","19.07.2026 - 26.07.2026","8 dni/7 nocy","4.2","4.2","163","tripadvisor","Warszawa","2026-06-14T11:30:31.274345+00:00","https://fly.pl/kierunek/turcja/?filter[dest]=39:&filter[hotelids]=&filter[cityids]=&filter[cregids]=&filter[ofrType]=&filter[addObjType]=&filter[whenFrom]=18-07-2026&filter[whenTo]=13-08-2026&filter[duration]=7:11&filter[from]=Warszawa,Warszawa-Radom,Warszawa%20-%20Modlin,Warszawa%20-%20Radom&filter[person]=2&filter[child]=1&filter[price]=4610:20000&filter[PriceFrom]=4610&filter[PriceTo]=20000&filter[addCategory]=50&filter[addCatering]=1&filter[addMisc]=0&filter[addTransport]=F&filter[fp]=1&order_by=ofr_price&filter[tourOperator]=0&filter[childAge][1]=20200812","https://fly.pl/cdn/photo/assets/uploads/582/278/2015/04/Orange-Palace.jpg","https://fly.pl/wycieczka/turcja,side,c/orange-palace/pk7wBRqkB11P9kivdDMwGHAAog2JncZVmHAji1GDjJxTfhUAAAAADFdAQA4XQEAAcAAAAqBFdFWlkw8aG60QZI915QQVi8BmADaglFbnRlciBBaXJyQZ4BHwAcAQIAFgQXAhLtAxXBBRjXARMeFMIDT5lgTABAnBIR83hQ9ExLABvwcB3NsQ4gHA2O5cIJARJjAQxjAQML_wD5QA/?operator=WEZY&adults=2&children=2020-08-12&nsv=1&objectId=141029&transport=accommodation_flight&departureDate=2026-07-19&returnDate=2026-07-26&departureLocation=Warszawa%2CWarszawa-Radom%2CWarszawa+-+Modlin%2CWarszawa+-+Radom&opt=delta&catering=all_inclusive","filter_turkey_vacation_jul18_2026","turcja","side","c","2026-07-19","2026-07-26","8","7","Warszawa,Warszawa-Radom,Warszawa - Modlin,Warszawa - Radom","2+1","turcja|side|2026-07-19|2026-07-26|7|Warszawa,Warszawa-Radom,Warszawa - Modlin,Warszawa - Radom|2+1"
"Adalya Art Side (Ex. Grand Art Side)","12162.0","22.07.2026 - 29.07.2026","8 dni/7 nocy","4.3","4.3","459","tripadvisor","Warszawa","2026-06-14T11:30:31.274345+00:00","https://fly.pl/kierunek/turcja/?filter[dest]=39:&filter[hotelids]=&filter[cityids]=&filter[cregids]=&filter[ofrType]=&filter[addObjType]=&filter[whenFrom]=18-07-2026&filter[whenTo]=13-08-2026&filter[duration]=7:11&filter[from]=Warszawa,Warszawa-Radom,Warszawa%20-%20Modlin,Warszawa%20-%20Radom&filter[person]=2&filter[child]=1&filter[price]=4610:20000&filter[PriceFrom]=4610&filter[PriceTo]=20000&filter[addCategory]=50&filter[addCatering]=1&filter[addMisc]=0&filter[addTransport]=F&filter[fp]=1&order_by=ofr_price&filter[tourOperator]=0&filter[childAge][1]=20200812","https://fly.pl/cdn/photo/assets/uploads/582/278/2016/06/Adalya-Art-Side.jpg","https://fly.pl/wycieczka/turcja,side,colakli/grand-art-side/p529snnqQglRA8LDyJERD9AAog8oWkPBpxIXB8GpNC0fA_Tv_2dYpkKqu6LbfqewOdjQIqBEJWQkUw8aG60QZIgl9QAViEB2ACagNVQUlyIhwRrZwBG-b5PRjInBK5BPuOKKsElAEBntXu-AICAGMBAwt2BRQH/?operator=BVBE&adults=2&children=2020-08-12&nsv=1&objectId=1072&transport=accommodation_flight&departureDate=2026-07-22&returnDate=2026-07-29&departureLocation=Warszawa%2CWarszawa-Radom%2CWarszawa+-+Modlin%2CWarszawa+-+Radom&opt=delta&catering=all_inclusive","filter_turkey_vacation_jul18_2026","turcja","side","colakli","2026-07-22","2026-07-29","8","7","Warszawa,Warszawa-Radom,Warszawa - Modlin,Warszawa - Radom","2+1","turcja|side|2026-07-22|2026-07-29|7|Warszawa,Warszawa-Radom,Warszawa - Modlin,Warszawa - Radom|2+1"
"Marvida Family Eco","12164.0","19.07.2026 - 26.07.2026","8 dni/7 nocy","4.6","4.6","4066","tripadvisor","Warszawa","2026-06-14T11:30:31.274345+00:00","https://fly.pl/kierunek/turcja/?filter[dest]=39:&filter[hotelids]=&filter[cityids]=&filter[cregids]=&filter[ofrType]=&filter[addObjType]=&filter[whenFrom]=18-07-2026&filter[whenTo]=13-08-2026&filter[duration]=7:11&filter[from]=Warszawa,Warszawa-Radom,Warszawa%20-%20Modlin,Warszawa%20-%20Radom&filter[person]=2&filter[child]=1&filter[price]=4610:20000&filter[PriceFrom]=4610&filter[PriceTo]=20000&filter[addCategory]=50&filter[addCatering]=1&filter[addMisc]=0&filter[addTransport]=F&filter[fp]=1&order_by=ofr_price&filter[tourOperator]=0&filter[childAge][1]=20200812","https://fly.pl/cdn/photo/assets/uploads/582/278/2014/10/Marvida-Family-Eco.jpg","https://fly.pl/wycieczka/turcja,side,titreyengol/otium-club-side/p1h06z0vNlrMqwXiBjoJNmAAogOJKpJKCGFyiBOaMYBlS4yAAAAACOdAQAdXQEAAcAAAAqBFdFWlkw8aG60QZIhF9QQVi8BmADahJGcmVlIEJpcmQgQWlybGluZXNqBDA3MDBqBDA5MTByQZ4BlQGYAR8AHAECABYAFwYRvgMSLxOyChSVA0zKXU8AQJwSS-fFAVAAG_-dAiDugw0dGQ3h5cIJARJjAQxjAQIL-CXV_Q/?operator=WEZY&adults=2&children=2020-08-12&nsv=1&objectId=3955&transport=accommodation_flight&departureDate=2026-07-19&returnDate=2026-07-26&departureLocation=Warszawa%2CWarszawa-Radom%2CWarszawa+-+Modlin%2CWarszawa+-+Radom&opt=delta&catering=all_inclusive","filter_turkey_vacation_jul18_2026","turcja","side","titreyengol","2026-07-19","2026-07-26","8","7","Warszawa,Warszawa-Radom,Warszawa - Modlin,Warszawa - Radom","2+1","turcja|side|2026-07-19|2026-07-26|7|Warszawa,Warszawa-Radom,Warszawa - Modlin,Warszawa - Radom|2+1"
"Numa Bay Exclusive (ex Sentido Numa Bay)","12164.0","19.07.2026 - 26.07.2026","8 dni/7 nocy","4.6","4.6","3229","tripadvisor","Warszawa","2026-06-14T11:30:31.274345+00:00","https://fly.pl/kierunek/turcja/?filter[dest]=39:&filter[hotelids]=&filter[cityids]=&filter[cregids]=&filter[ofrType]=&filter[addObjType]=&filter[whenFrom]=18-07-2026&filter[whenTo]=13-08-2026&filter[duration]=7:11&filter[from]=Warszawa,Warszawa-Radom,Warszawa%20-%20Modlin,Warszawa%20-%20Radom&filter[person]=2&filter[child]=1&filter[price]=4610:20000&filter[PriceFrom]=4610&filter[PriceTo]=20000&filter[addCategory]=50&filter[addCatering]=1&filter[addMisc]=0&filter[addTransport]=F&filter[fp]=1&order_by=ofr_price&filter[tourOperator]=0&filter[childAge][1]=20200812","https://fly.pl/cdn/photo/assets/uploads/582/278/2016/11/NUMA-BAY-EXCLUSIVE-HOTEL.jpg","https://fly.pl/wycieczka/turcja,alanya,avsallar/sentido-numa-bay/pLN0_HXLZS7el8jt5SUygBAAog2OpS9sQ3B5sxD3kdxTmHAAAAAACOdAQAdXQEAAcAEgAqBFdFWlkw8aG60QZIhF9QQVi8BmADahJGcmVlIEJpcmQgQWlybGluZXNqBDA3MDBqBDA5MTByQZ4BlQGYAR8AAgEWABwAFwYS7QMTsgoUlQNMyl1PAECcEhGFH0vipgFQABvEdCCprQ4dGQ3h5cIJARJjAQ1jAQIKt650jg/?operator=WEZY&adults=2&children=2020-08-12&nsv=1&objectId=185862&transport=accommodation_flight&departureDate=2026-07-19&returnDate=2026-07-26&departureLocation=Warszawa%2CWarszawa-Radom%2CWarszawa+-+Modlin%2CWarszawa+-+Radom&opt=delta&catering=all_inclusive","filter_turkey_vacation_jul18_2026","turcja","alanya","avsallar","2026-07-19","2026-07-26","8","7","Warszawa,Warszawa-Radom,Warszawa - Modlin,Warszawa - Radom","2+1","turcja|alanya|2026-07-19|2026-07-26|7|Warszawa,Warszawa-Radom,Warszawa - Modlin,Warszawa - Radom|2+1"
"Quattro Beach Spa","12225.0","19.07.2026 - 26.07.2026","8 dni/7 nocy","4.8","4.8","3814","tripadvisor","Warszawa","2026-06-14T11:30:31.274345+00:00","https://fly.pl/kierunek/turcja/?filter[dest]=39:&filter[hotelids]=&filter[cityids]=&filter[cregids]=&filter[ofrType]=&filter[addObjType]=&filter[whenFrom]=18-07-2026&filter[whenTo]=13-08-2026&filter[duration]=7:11&filter[from]=Warszawa,Warszawa-Radom,Warszawa%20-%20Modlin,Warszawa%20-%20Radom&filter[person]=2&filter[child]=1&filter[price]=4610:20000&filter[PriceFrom]=4610&filter[PriceTo]=20000&filter[addCategory]=50&filter[addCatering]=1&filter[addMisc]=0&filter[addTransport]=F&filter[fp]=1&order_by=ofr_price&filter[tourOperator]=0&filter[childAge][1]=20200812","https://fly.pl/cdn/photo/assets/uploads/582/278/2015/03/Quattro-Beach-Spa.jpg","https://fly.pl/wycieczka/turcja,alanya,c/quattro-beach-spa/prT2Pemrsm3EQG7Pmo3sfYAAogsKTJvNAZffknt440830UjgAAAACOdAQAdXQEAAcAEgAqBFdFWlkw8aG60QZIwV9QQVi8BmADahJGcmVlIEJpcmQgQWlybGluZXNqBDA3MDBqBDA5MTByQZ4BlQGYAR8AAgEWABwAFwYS7QMTsgoUlQMR6zxM3yBPAECcEkvnxQFQABv4MCD18A4dGQ3h5cIJARJjAQxjAQMLAJP6Ww/?operator=WEZY&adults=2&children=2020-08-12&nsv=1&objectId=140092&transport=accommodation_flight&departureDate=2026-07-19&returnDate=2026-07-26&departureLocation=Warszawa%2CWarszawa-Radom%2CWarszawa+-+Modlin%2CWarszawa+-+Radom&opt=delta&catering=all_inclusive","filter_turkey_vacation_jul18_2026","turcja","alanya","c","2026-07-19","2026-07-26","8","7","Warszawa,Warszawa-Radom,Warszawa - Modlin,Warszawa - Radom","2+1","turcja|alanya|2026-07-19|2026-07-26|7|Warszawa,Warszawa-Radom,Warszawa - Modlin,Warszawa - Radom|2+1"
"Sensitive Premium Resort & Spa","12237.0","23.07.2026 - 30.07.2026","8 dni/7 nocy","3.8","3.8","1310","tripadvisor","Warszawa","2026-06-14T11:30:31.274345+00:00","https://fly.pl/kierunek/turcja/?filter[dest]=39:&filter[hotelids]=&filter[cityids]=&filter[cregids]=&filter[ofrType]=&filter[addObjType]=&filter[whenFrom]=18-07-2026&filter[whenTo]=13-08-2026&filter[duration]=7:11&filter[from]=Warszawa,Warszawa-Radom,Warszawa%20-%20Modlin,Warszawa%20-%20Radom&filter[person]=2&filter[child]=1&filter[price]=4610:20000&filter[PriceFrom]=4610&filter[PriceTo]=20000&filter[addCategory]=50&filter[addCatering]=1&filter[addMisc]=0&filter[addTransport]=F&filter[fp]=1&order_by=ofr_price&filter[tourOperator]=0&filter[childAge][1]=20200812","https://fly.pl/cdn/photo/assets/uploads/582/278/2016/04/Sensitive-Premium-Resort-Spa-fly-pl-2.jpg","https://fly.pl/wycieczka/turcja,belek,bogazkent/sensitive-premium-resort-spa/p5YRH8YHEWLLBJqygFRbfeAAog51EZj3hYHcH8cvnnl3kF9FcbW0kfwNyF5b7TGk4Wi78qBFZJVFgw8aG60QZIzV9QQVicB2ACcj8aABUHFwBcA1gFQI8DU-drUgBb2BdevnxLgRJhAEy0nh0No5u1CSAAT_72l-5YUcf2Al39mNCLhQECDGMBAgvGiPzM/?operator=VITX&adults=2&children=2020-08-12&nsv=1&objectId=179779&transport=accommodation_flight&departureDate=2026-07-23&returnDate=2026-07-30&departureLocation=Warszawa%2CWarszawa-Radom%2CWarszawa+-+Modlin%2CWarszawa+-+Radom&opt=delta&catering=all_inclusive","filter_turkey_vacation_jul18_2026","turcja","belek","bogazkent","2026-07-23","2026-07-30","8","7","Warszawa,Warszawa-Radom,Warszawa - Modlin,Warszawa - Radom","2+1","turcja|belek|2026-07-23|2026-07-30|7|Warszawa,Warszawa-Radom,Warszawa - Modlin,Warszawa - Radom|2+1"
"Side Sunport (ex. Side Sungate)","12281.0","22.07.2026 - 29.07.2026","8 dni/7 nocy","4.0","4.0","204","tripadvisor","Warszawa","2026-06-14T11:30:31.274345+00:00","https://fly.pl/kierunek/turcja/?filter[dest]=39:&filter[hotelids]=&filter[cityids]=&filter[cregids]=&filter[ofrType]=&filter[addObjType]=&filter[whenFrom]=18-07-2026&filter[whenTo]=13-08-2026&filter[duration]=7:11&filter[from]=Warszawa,Warszawa-Radom,Warszawa%20-%20Modlin,Warszawa%20-%20Radom&filter[person]=2&filter[child]=1&filter[price]=4610:20000&filter[PriceFrom]=4610&filter[PriceTo]=20000&filter[addCategory]=50&filter[addCatering]=1&filter[addMisc]=0&filter[addTransport]=F&filter[fp]=1&order_by=ofr_price&filter[tourOperator]=0&filter[childAge][1]=20200812","https://fly.pl/cdn/photo/assets/uploads/582/278/2015/04/Side-Sungate-fly-pl.jpg","https://fly.pl/wycieczka/turcja,side,manavgat/side-sungate/pSA2CB0if8lDJklxTerlu6AAogNhhbveep1L73-CzWeFCkHf_2dYpkKqu6LbfqewOdjQIqBEJWQkUw8aG60QZI-V9QAViEB2ACagJBSXIiHBG9lgEb4KU7GM_dEbkE6qcrqwSUAQHzrt3JAgIAYwECBnfalVI/?operator=BVBE&adults=2&children=2020-08-12&nsv=1&objectId=172335&transport=accommodation_flight&departureDate=2026-07-22&returnDate=2026-07-29&departureLocation=Warszawa%2CWarszawa-Radom%2CWarszawa+-+Modlin%2CWarszawa+-+Radom&opt=delta&catering=all_inclusive","filter_turkey_vacation_jul18_2026","turcja","side","manavgat","2026-07-22","2026-07-29","8","7","Warszawa,Warszawa-Radom,Warszawa - Modlin,Warszawa - Radom","2+1","turcja|side|2026-07-22|2026-07-29|7|Warszawa,Warszawa-Radom,Warszawa - Modlin,Warszawa - Radom|2+1"
"Blue Marlin Deluxe Spa & Resort","12298.0","18.07.2026 - 25.07.2026","8 dni/7 nocy","4.6","4.6","383","tripadvisor","Warszawa","2026-06-14T11:30:31.274345+00:00","https://fly.pl/kierunek/turcja/?filter[dest]=39:&filter[hotelids]=&filter[cityids]=&filter[cregids]=&filter[ofrType]=&filter[addObjType]=&filter[whenFrom]=18-07-2026&filter[whenTo]=13-08-2026&filter[duration]=7:11&filter[from]=Warszawa,Warszawa-Radom,Warszawa%20-%20Modlin,Warszawa%20-%20Radom&filter[person]=2&filter[child]=1&filter[price]=4610:20000&filter[PriceFrom]=4610&filter[PriceTo]=20000&filter[addCategory]=50&filter[addCatering]=1&filter[addMisc]=0&filter[addTransport]=F&filter[fp]=1&order_by=ofr_price&filter[tourOperator]=0&filter[childAge][1]=20200812","https://fly.pl/cdn/photo/assets/uploads/582/278/2021/01/Blue-Marlin-Deluxe-Spa-Resort-fly-pl.jpg","https://fly.pl/wycieczka/turcja,alanya,c/blue-marlin-deluxe-spa-resort-9/plqi-dBkW17Lc4CgCZPhMEAAogeMpWfcdDBR67Gtw4MyPzjjm75xzNrdMBvkUGrR8D3XsqBEVDQ1gw8aG60QZIimBQAVikBmACagNBSVVyIBwRqSyrBIKgFrkEHRjXiisbtr5BAf2yqugBAgBjAQIFD8ypMQ/?operator=ECCX&adults=2&children=2020-08-12&nsv=1&objectId=210031&transport=accommodation_flight&departureDate=2026-07-18&returnDate=2026-07-25&departureLocation=Warszawa%2CWarszawa-Radom%2CWarszawa+-+Modlin%2CWarszawa+-+Radom&opt=delta&catering=all_inclusive","filter_turkey_vacation_jul18_2026","turcja","alanya","c","2026-07-18","2026-07-25","8","7","Warszawa,Warszawa-Radom,Warszawa - Modlin,Warszawa - Radom","2+1","turcja|alanya|2026-07-18|2026-07-25|7|Warszawa,Warszawa-Radom,Warszawa - Modlin,Warszawa - Radom|2+1"
"Sentido Serra Family Resort","12317.0","23.07.2026 - 30.07.2026","8 dni/7 nocy","","","","","Warszawa","2026-06-14T11:30:31.274345+00:00","https://fly.pl/kierunek/turcja/?filter[dest]=39:&filter[hotelids]=&filter[cityids]=&filter[cregids]=&filter[ofrType]=&filter[addObjType]=&filter[whenFrom]=18-07-2026&filter[whenTo]=13-08-2026&filter[duration]=7:11&filter[from]=Warszawa,Warszawa-Radom,Warszawa%20-%20Modlin,Warszawa%20-%20Radom&filter[person]=2&filter[child]=1&filter[price]=4610:20000&filter[PriceFrom]=4610&filter[PriceTo]=20000&filter[addCategory]=50&filter[addCatering]=1&filter[addMisc]=0&filter[addTransport]=F&filter[fp]=1&order_by=ofr_price&filter[tourOperator]=0&filter[childAge][1]=20200812","https://datacfstatic.merlinx.pl/ITAK/IMG/AYTSERF/484645d8c31036fa044487b3cc4071e659a79fe1076c4f7eae45fc47795e8124.webp","https://fly.pl/wycieczka/turcja,side,c/serra-family-resort-15/pniHrzQpL6mwW-5unzuNHkAAoga6HWoiIbwy-mHf_6-23ve1cbW0kfwNyF5b7TGk4Wi78qBFZJVFgw9KG60QZInWBQQVicB2ACcj8aABUHFwBcA1gFQI8DU-drUgBbsBle5npLgRJhAEyOqy4NyY6kCSAAT_72l-5YUcr3Al36l9CLhQECD2MBAg49ngG2/?operator=VITX&adults=2&children=2020-08-12&nsv=1&objectId=234667&transport=accommodation_flight&departureDate=2026-07-23&returnDate=2026-07-30&departureLocation=Warszawa%2CWarszawa-Radom%2CWarszawa+-+Modlin%2CWarszawa+-+Radom&opt=delta&catering=all_inclusive","filter_turkey_vacation_jul18_2026","turcja","side","c","2026-07-23","2026-07-30","8","7","Warszawa,Warszawa-Radom,Warszawa - Modlin,Warszawa - Radom","2+1","turcja|side|2026-07-23|2026-07-30|7|Warszawa,Warszawa-Radom,Warszawa - Modlin,Warszawa - Radom|2+1"
"Barut Goia (ex. Barut Sunwing Side Beach)","12330.0","22.07.2026 - 29.07.2026","8 dni/7 nocy","4.7","4.7","2029","tripadvisor","Warszawa","2026-06-14T11:30:31.274345+00:00","https://fly.pl/kierunek/turcja/?filter[dest]=39:&filter[hotelids]=&filter[cityids]=&filter[cregids]=&filter[ofrType]=&filter[addObjType]=&filter[whenFrom]=18-07-2026&filter[whenTo]=13-08-2026&filter[duration]=7:11&filter[from]=Warszawa,Warszawa-Radom,Warszawa%20-%20Modlin,Warszawa%20-%20Radom&filter[person]=2&filter[child]=1&filter[price]=4610:20000&filter[PriceFrom]=4610&filter[PriceTo]=20000&filter[addCategory]=50&filter[addCatering]=1&filter[addMisc]=0&filter[addTransport]=F&filter[fp]=1&order_by=ofr_price&filter[tourOperator]=0&filter[childAge][1]=20200812","https://fly.pl/cdn/photo/assets/uploads/582/278/2021/11/Barut-Goia.jpg","https://fly.pl/wycieczka/turcja,side,c/barut-sunwing-side-beach-13/p9P9w5yEDkkzHl_rNnc5sgAAog6tDkAyfZv4eDiSD4ctYP0ALuLr51ZXfiuqRu7D0QClcqBEVYSU0w9KG60QZIqmBQAViEB2ACagNVQUlyIRwRgf0FqwTfj0G5BGUbgpgoGOuCNgH5pPzxCAISYwECC9prEeM/?operator=EXIM&adults=2&children=2020-08-12&nsv=1&objectId=216378&transport=accommodation_flight&departureDate=2026-07-22&returnDate=2026-07-29&departureLocation=Warszawa%2CWarszawa-Radom%2CWarszawa+-+Modlin%2CWarszawa+-+Radom&opt=delta&catering=all_inclusive","filter_turkey_vacation_jul18_2026","turcja","side","c","2026-07-22","2026-07-29","8","7","Warszawa,Warszawa-Radom,Warszawa - Modlin,Warszawa - Radom","2+1","turcja|side|2026-07-22|2026-07-29|7|Warszawa,Warszawa-Radom,Warszawa - Modlin,Warszawa - Radom|2+1"
"Kamelya Aishen Club (ex. Kamelya Aishen K Club)","12350.0","22.07.2026 - 29.07.2026","8 dni/7 nocy","4.3","4.3","2727","tripadvisor","Warszawa","2026-06-14T11:30:31.274345+00:00","https://fly.pl/kierunek/turcja/?filter[dest]=39:&filter[hotelids]=&filter[cityids]=&filter[cregids]=&filter[ofrType]=&filter[addObjType]=&filter[whenFrom]=18-07-2026&filter[whenTo]=13-08-2026&filter[duration]=7:11&filter[from]=Warszawa,Warszawa-Radom,Warszawa%20-%20Modlin,Warszawa%20-%20Radom&filter[person]=2&filter[child]=1&filter[price]=4610:20000&filter[PriceFrom]=4610&filter[PriceTo]=20000&filter[addCategory]=50&filter[addCatering]=1&filter[addMisc]=0&filter[addTransport]=F&filter[fp]=1&order_by=ofr_price&filter[tourOperator]=0&filter[childAge][1]=20200812","https://fly.pl/cdn/photo/assets/uploads/582/278/2015/04/Kamelya-Aishen-Club.jpg","https://fly.pl/wycieczka/turcja,side,colakli/kamelya-world-holiday-village/pU_JDl6CNwkYfyBC55EWsEAAogfvGGZxmpax0h7cpcPW5NyALuLr51ZXfiuqRu7D0QClcqBEVYSU0w9KG60QZIvmBQAViEB2ACagNVQUlyIRwRqfMFqwS3mUG5BGUbk_MnGNOpNgHm_tHzCAISYwECCwJha_M/?operator=EXIM&adults=2&children=2020-08-12&nsv=1&objectId=8011&transport=accommodation_flight&departureDate=2026-07-22&returnDate=2026-07-29&departureLocation=Warszawa%2CWarszawa-Radom%2CWarszawa+-+Modlin%2CWarszawa+-+Radom&opt=delta&catering=all_inclusive","filter_turkey_vacation_jul18_2026","turcja","side","colakli","2026-07-22","2026-07-29","8","7","Warszawa,Warszawa-Radom,Warszawa - Modlin,Warszawa - Radom","2+1","turcja|side|2026-07-22|2026-07-29|7|Warszawa,Warszawa-Radom,Warszawa - Modlin,Warszawa - Radom|2+1"
"Can Garden Resort (Side)","12378.0","19.07.2026 - 26.07.2026","8 dni/7 nocy","4.3","4.3","860","tripadvisor","Warszawa","2026-06-14T11:30:31.274345+00:00","https://fly.pl/kierunek/turcja/?filter[dest]=39:&filter[hotelids]=&filter[cityids]=&filter[cregids]=&filter[ofrType]=&filter[addObjType]=&filter[whenFrom]=18-07-2026&filter[whenTo]=13-08-2026&filter[duration]=7:11&filter[from]=Warszawa,Warszawa-Radom,Warszawa%20-%20Modlin,Warszawa%20-%20Radom&filter[person]=2&filter[child]=1&filter[price]=4610:20000&filter[PriceFrom]=4610&filter[PriceTo]=20000&filter[addCategory]=50&filter[addCatering]=1&filter[addMisc]=0&filter[addTransport]=F&filter[fp]=1&order_by=ofr_price&filter[tourOperator]=0&filter[childAge][1]=20200812","https://fly.pl/cdn/photo/assets/uploads/582/278/2017/01/Can-Garden-Resort-fly-pl-3.jpg","https://fly.pl/wycieczka/turcja,side,colakli/can-garden-resort/pp6Rg8EKAtnL6OR4er4DLkAAogjNRFfbwwGeR5CXrfRRXTzgAAAADFdAQA4XQEAAcAAAAqBFdFWlkw9KG60QZI2mBQQVi8BmADaglFbnRlciBBaXJyQp4BHwAcAQIAFgQXAhLtAxHdAhXkAhjXARMeFMIDT5lgTABAnBJQ58UBSwAboUcdnNsOIBwNjuXCCQESYwEPYwECDims5Fc/?operator=WEZY&adults=2&children=2020-08-12&nsv=1&objectId=8866&transport=accommodation_flight&departureDate=2026-07-19&returnDate=2026-07-26&departureLocation=Warszawa%2CWarszawa-Radom%2CWarszawa+-+Modlin%2CWarszawa+-+Radom&opt=delta&catering=all_inclusive","filter_turkey_vacation_jul18_2026","turcja","side","colakli","2026-07-19","2026-07-26","8","7","Warszawa,Warszawa-Radom,Warszawa - Modlin,Warszawa - Radom","2+1","turcja|side|2026-07-19|2026-07-26|7|Warszawa,Warszawa-Radom,Warszawa - Modlin,Warszawa - Radom|2+1"
"Side Mare Resort","12385.0","19.07.2026 - 26.07.2026","8 dni/7 nocy","3.8","3.8","268","tripadvisor","Warszawa","2026-06-14T11:30:31.274345+00:00","https://fly.pl/kierunek/turcja/?filter[dest]=39:&filter[hotelids]=&filter[cityids]=&filter[cregids]=&filter[ofrType]=&filter[addObjType]=&filter[whenFrom]=18-07-2026&filter[whenTo]=13-08-2026&filter[duration]=7:11&filter[from]=Warszawa,Warszawa-Radom,Warszawa%20-%20Modlin,Warszawa%20-%20Radom&filter[person]=2&filter[child]=1&filter[price]=4610:20000&filter[PriceFrom]=4610&filter[PriceTo]=20000&filter[addCategory]=50&filter[addCatering]=1&filter[addMisc]=0&filter[addTransport]=F&filter[fp]=1&order_by=ofr_price&filter[tourOperator]=0&filter[childAge][1]=20200812","https://fly.pl/cdn/photo/assets/uploads/582/278/2014/09/Side-Mare-Resort-fly-pl.jpg","https://fly.pl/wycieczka/turcja,side,c/side-mare-resort/pQEt7QRvUCxNU8M3U_UlpzAAogqSg3lbKS0i5aSDZm2X06RQAAAADFdAQA4XQEAAcAAAAqBFdFWlkw9KG60QZI4WBQQVi8BmADaglFbnRlciBBaXJyQp4BHwAcAQIAFgQXAhLtAxXBBRjXARMeFMIDEdk-T8AhTABAnBJQ58UBSwAbrzkdjukOIBwNjuXCCQESYwEPYwECDvclTPI/?operator=WEZY&adults=2&children=2020-08-12&nsv=1&objectId=1776&transport=accommodation_flight&departureDate=2026-07-19&returnDate=2026-07-26&departureLocation=Warszawa%2CWarszawa-Radom%2CWarszawa+-+Modlin%2CWarszawa+-+Radom&opt=delta&catering=all_inclusive","filter_turkey_vacation_jul18_2026","turcja","side","c","2026-07-19","2026-07-26","8","7","Warszawa,Warszawa-Radom,Warszawa - Modlin,Warszawa - Radom","2+1","turcja|side|2026-07-19|2026-07-26|7|Warszawa,Warszawa-Radom,Warszawa - Modlin,Warszawa - Radom|2+1"
"Crystal De Luxe Comfort Collection","12392.0","19.07.2026 - 26.07.2026","8 dni/7 nocy","4.6","4.6","3836","tripadvisor","Warszawa","2026-06-14T11:30:31.274345+00:00","https://fly.pl/kierunek/turcja/?filter[dest]=39:&filter[hotelids]=&filter[cityids]=&filter[cregids]=&filter[ofrType]=&filter[addObjType]=&filter[whenFrom]=18-07-2026&filter[whenTo]=13-08-2026&filter[duration]=7:11&filter[from]=Warszawa,Warszawa-Radom,Warszawa%20-%20Modlin,Warszawa%20-%20Radom&filter[person]=2&filter[child]=1&filter[price]=4610:20000&filter[PriceFrom]=4610&filter[PriceTo]=20000&filter[addCategory]=50&filter[addCatering]=1&filter[addMisc]=0&filter[addTransport]=F&filter[fp]=1&order_by=ofr_price&filter[tourOperator]=0&filter[childAge][1]=20200812","https://fly.pl/cdn/photo/assets/uploads/582/278/2015/04/Crystal-De-Luxe-fly-pl.jpg","https://fly.pl/wycieczka/turcja,kemer,c/crystal-de-luxe/pL0MAFCcdUw7DtBLvDA1dxAAogM3JUiDwmMsBIOcZS_1FSsAAAAACOdAQAdXQEAAcAAAAqBFdFWlkw9KG60QZI6GBQQVi8BmADahJGcmVlIEJpcmQgQWlybGluZXNqBDA3MDBqBDA5MTByQZ4BlQGYAR8AHAECABYAFwYRpQISyAETsgoUlQNMyl1PAECcEkvnxQFQABv3MCD28A4dGQ3h5cIJARJjAQxjAQILa8lXhA/?operator=WEZY&adults=2&children=2020-08-12&nsv=1&objectId=2001&transport=accommodation_flight&departureDate=2026-07-19&returnDate=2026-07-26&departureLocation=Warszawa%2CWarszawa-Radom%2CWarszawa+-+Modlin%2CWarszawa+-+Radom&opt=delta&catering=all_inclusive","filter_turkey_vacation_jul18_2026","turcja","kemer","c","2026-07-19","2026-07-26","8","7","Warszawa,Warszawa-Radom,Warszawa - Modlin,Warszawa - Radom","2+1","turcja|kemer|2026-07-19|2026-07-26|7|Warszawa,Warszawa-Radom,Warszawa - Modlin,Warszawa - Radom|2+1"
"Ali Bey Park Manavgat","12435.0","19.07.2026 - 26.07.2026","8 dni/7 nocy","4.3","4.3","915","tripadvisor","Warszawa","2026-06-14T11:30:31.274345+00:00","https://fly.pl/kierunek/turcja/?filter[dest]=39:&filter[hotelids]=&filter[cityids]=&filter[cregids]=&filter[ofrType]=&filter[addObjType]=&filter[whenFrom]=18-07-2026&filter[whenTo]=13-08-2026&filter[duration]=7:11&filter[from]=Warszawa,Warszawa-Radom,Warszawa%20-%20Modlin,Warszawa%20-%20Radom&filter[person]=2&filter[child]=1&filter[price]=4610:20000&filter[PriceFrom]=4610&filter[PriceTo]=20000&filter[addCategory]=50&filter[addCatering]=1&filter[addMisc]=0&filter[addTransport]=F&filter[fp]=1&order_by=ofr_price&filter[tourOperator]=0&filter[childAge][1]=20200812","https://fly.pl/cdn/photo/assets/uploads/582/278/2016/03/Ali-Bey-Park-Manavgat.jpg","https://fly.pl/wycieczka/turcja,side,manavgat/ali-bey-club-park-manavgat/phN3FvgA5tcQw6U6Dgxws0AAogtn53oomG73WeZr3xJ2qlnAAAAACOdAQAdXQEAAcAAQAqBFdFWlkw9KG60QZIk2FQQVi8BmADahJGcmVlIEJpcmQgQWlybGluZXNqBDA3MDBqBDA5MTByQZ4BlQGYAR8AHAECABYAFwYS7QMRvwIT8wcUlQNMyl1PAECcEkvnxQFQABucMSDR8A4dGQ3h5cIJARJjAQ1jAQMM2f9TyA/?operator=WEZY&adults=2&children=2020-08-12&nsv=1&objectId=162155&transport=accommodation_flight&departureDate=2026-07-19&returnDate=2026-07-26&departureLocation=Warszawa%2CWarszawa-Radom%2CWarszawa+-+Modlin%2CWarszawa+-+Radom&opt=delta&catering=all_inclusive","filter_turkey_vacation_jul18_2026","turcja","side","manavgat","2026-07-19","2026-07-26","8","7","Warszawa,Warszawa-Radom,Warszawa - Modlin,Warszawa - Radom","2+1","turcja|side|2026-07-19|2026-07-26|7|Warszawa,Warszawa-Radom,Warszawa - Modlin,Warszawa - Radom|2+1"
"Gypsophila Club Marine (ex. Amara Club Marine Nature)","12439.0","22.07.2026 - 29.07.2026","8 dni/7 nocy","4.4","4.4","3113","tripadvisor","Warszawa","2026-06-14T11:30:31.274345+00:00","https://fly.pl/kierunek/turcja/?filter[dest]=39:&filter[hotelids]=&filter[cityids]=&filter[cregids]=&filter[ofrType]=&filter[addObjType]=&filter[whenFrom]=18-07-2026&filter[whenTo]=13-08-2026&filter[duration]=7:11&filter[from]=Warszawa,Warszawa-Radom,Warszawa%20-%20Modlin,Warszawa%20-%20Radom&filter[person]=2&filter[child]=1&filter[price]=4610:20000&filter[PriceFrom]=4610&filter[PriceTo]=20000&filter[addCategory]=50&filter[addCatering]=1&filter[addMisc]=0&filter[addTransport]=F&filter[fp]=1&order_by=ofr_price&filter[tourOperator]=0&filter[childAge][1]=20200812","https://fly.pl/cdn/photo/assets/uploads/582/278/2015/12/Gypsophila-Club-Marine.jpg","https://fly.pl/wycieczka/turcja,kemer,beldibi/amara-club-marine/p9VWgPLrctiltIt6N4s6KzAAogD7rudDpXEu1zGdL1M4mSXIW2UUEgeJvDThJAX3UsH90qBEVDQ1gw9KG60QZIl2FQAViEB2ACagJBSXIgHBHFT7kE5fwVqwRmGPuVKhuboEIBrKfm4QECAGMBAwwQwNBd/?operator=ECCX&adults=2&children=2020-08-12&nsv=1&objectId=7022&transport=accommodation_flight&departureDate=2026-07-22&returnDate=2026-07-29&departureLocation=Warszawa%2CWarszawa-Radom%2CWarszawa+-+Modlin%2CWarszawa+-+Radom&opt=delta&catering=all_inclusive","filter_turkey_vacation_jul18_2026","turcja","kemer","beldibi","2026-07-22","2026-07-29","8","7","Warszawa,Warszawa-Radom,Warszawa - Modlin,Warszawa - Radom","2+1","turcja|kemer|2026-07-22|2026-07-29|7|Warszawa,Warszawa-Radom,Warszawa - Modlin,Warszawa - Radom|2+1"
"Cesars Resort (Side)","12457.0","23.07.2026 - 30.07.2026","8 dni/7 nocy","3.5","3.5","599","tripadvisor","Warszawa","2026-06-14T11:30:31.274345+00:00","https://fly.pl/kierunek/turcja/?filter[dest]=39:&filter[hotelids]=&filter[cityids]=&filter[cregids]=&filter[ofrType]=&filter[addObjType]=&filter[whenFrom]=18-07-2026&filter[whenTo]=13-08-2026&filter[duration]=7:11&filter[from]=Warszawa,Warszawa-Radom,Warszawa%20-%20Modlin,Warszawa%20-%20Radom&filter[person]=2&filter[child]=1&filter[price]=4610:20000&filter[PriceFrom]=4610&filter[PriceTo]=20000&filter[addCategory]=50&filter[addCatering]=1&filter[addMisc]=0&filter[addTransport]=F&filter[fp]=1&order_by=ofr_price&filter[tourOperator]=0&filter[childAge][1]=20200812","https://fly.pl/cdn/photo/assets/uploads/582/278/2015/03/Cesars-Resort-Side-fly-pl.jpg","https://fly.pl/wycieczka/turcja,side,c/cesars-resort-side/pwA5FRKHliLWm3x_uZ24LmAAog8BKVbchH6yR6ekIulKBn4FcbW0kfwNyF5b7TGk4Wi78qBFZJVFgw9KG60QZIqWFQQVicB2ACcj8aABUHFwBcA1gFQI8DU-drUgBb2BdevnxLgRJhAEy0nh0No5u1CSAAUfmm7e1YT4XQKl3Ej9OLhQECDWMBAgyQSTKA/?operator=VITX&adults=2&children=2020-08-12&nsv=1&objectId=6990&transport=accommodation_flight&departureDate=2026-07-23&returnDate=2026-07-30&departureLocation=Warszawa%2CWarszawa-Radom%2CWarszawa+-+Modlin%2CWarszawa+-+Radom&opt=delta&catering=all_inclusive","filter_turkey_vacation_jul18_2026","turcja","side","c","2026-07-23","2026-07-30","8","7","Warszawa,Warszawa-Radom,Warszawa - Modlin,Warszawa - Radom","2+1","turcja|side|2026-07-23|2026-07-30|7|Warszawa,Warszawa-Radom,Warszawa - Modlin,Warszawa - Radom|2+1"
"Adalya Ocean Deluxe","12478.0","19.07.2026 - 26.07.2026","8 dni/7 nocy","4.4","4.4","441","tripadvisor","Warszawa","2026-06-14T11:30:31.274345+00:00","https://fly.pl/kierunek/turcja/?filter[dest]=39:&filter[hotelids]=&filter[cityids]=&filter[cregids]=&filter[ofrType]=&filter[addObjType]=&filter[whenFrom]=18-07-2026&filter[whenTo]=13-08-2026&filter[duration]=7:11&filter[from]=Warszawa,Warszawa-Radom,Warszawa%20-%20Modlin,Warszawa%20-%20Radom&filter[person]=2&filter[child]=1&filter[price]=4610:20000&filter[PriceFrom]=4610&filter[PriceTo]=20000&filter[addCategory]=50&filter[addCatering]=1&filter[addMisc]=0&filter[addTransport]=F&filter[fp]=1&order_by=ofr_price&filter[tourOperator]=0&filter[childAge][1]=20200812","https://fly.pl/cdn/photo/assets/uploads/582/278/2016/02/Adalya-Ocean-Deluxe.jpg","https://fly.pl/wycieczka/turcja,side,colakli/adalya-ocean/pTYjXntoAfuwE0Awa9o_r6AAogB32JvNVHuIdXDlRxOgIh0QAAAACOdAQAdXQEAAcAAAAqBFdFWlkw9KG60QZIvmFQQVi8BmADahJGcmVlIEJpcmQgQWlybGluZXNqBDA3MDBqBDA5MTByQZ4BlQGYAR8AAgEWABwAFwYS7QMTsgoUlQNMyl1PAECcEhG3DEuwuQFQABueRyDP2g4dGQ3h5cIJARJjAQxjAQML_uAGNg/?operator=WEZY&adults=2&children=2020-08-12&nsv=1&objectId=104920&transport=accommodation_flight&departureDate=2026-07-19&returnDate=2026-07-26&departureLocation=Warszawa%2CWarszawa-Radom%2CWarszawa+-+Modlin%2CWarszawa+-+Radom&opt=delta&catering=all_inclusive","filter_turkey_vacation_jul18_2026","turcja","side","colakli","2026-07-19","2026-07-26","8","7","Warszawa,Warszawa-Radom,Warszawa - Modlin,Warszawa - Radom","2+1","turcja|side|2026-07-19|2026-07-26|7|Warszawa,Warszawa-Radom,Warszawa - Modlin,Warszawa - Radom|2+1"
"Asteria Family Belek","12537.0","21.07.2026 - 29.07.2026","9 dni/8 nocy","4.2","4.2","2886","tripadvisor","Warszawa","2026-06-14T11:30:31.274345+00:00","https://fly.pl/kierunek/turcja/?filter[dest]=39:&filter[hotelids]=&filter[cityids]=&filter[cregids]=&filter[ofrType]=&filter[addObjType]=&filter[whenFrom]=18-07-2026&filter[whenTo]=13-08-2026&filter[duration]=7:11&filter[from]=Warszawa,Warszawa-Radom,Warszawa%20-%20Modlin,Warszawa%20-%20Radom&filter[person]=2&filter[child]=1&filter[price]=4610:20000&filter[PriceFrom]=4610&filter[PriceTo]=20000&filter[addCategory]=50&filter[addCatering]=1&filter[addMisc]=0&filter[addTransport]=F&filter[fp]=1&order_by=ofr_price&filter[tourOperator]=0&filter[childAge][1]=20200812","https://fly.pl/cdn/photo/assets/uploads/582/278/2019/09/Aquaworld.jpg","https://fly.pl/wycieczka/turcja,antalya,belek/waterworld-belek-by-mp-hotels-ex-magic-life-waterworld-14/p4N9lQydLexRAM9JS1tKAKAAogcrExnmlATV5N5yQ50jCA92cowcRFSimdZCEXnLk7UoMqBE9SRVgw9KG60QZI-WFQQVjsBmACagdNT0cuMi4xcjabARUIFwBYB1YCXAhAwgYRtCZPpxpdJFOrJ1IAXpaUAUvtQ2EATOWMOiCE-5cJDQACEmMBAguuTsFs/?operator=OREX&adults=2&children=2020-08-12&nsv=1&objectId=6974&transport=accommodation_flight&departureDate=2026-07-21&returnDate=2026-07-29&departureLocation=Warszawa%2CWarszawa-Radom%2CWarszawa+-+Modlin%2CWarszawa+-+Radom&opt=delta&catering=all_inclusive","filter_turkey_vacation_jul18_2026","turcja","antalya","belek","2026-07-21","2026-07-29","9","8","Warszawa,Warszawa-Radom,Warszawa - Modlin,Warszawa - Radom","2+1","turcja|antalya|2026-07-21|2026-07-29|8|Warszawa,Warszawa-Radom,Warszawa - Modlin,Warszawa - Radom|2+1"
"Quattro Family Club Dem","12540.0","25.07.2026 - 01.08.2026","8 dni/7 nocy","4.7","4.7","1917","tripadvisor","Warszawa","2026-06-14T11:30:31.274345+00:00","https://fly.pl/kierunek/turcja/?filter[dest]=39:&filter[hotelids]=&filter[cityids]=&filter[cregids]=&filter[ofrType]=&filter[addObjType]=&filter[whenFrom]=18-07-2026&filter[whenTo]=13-08-2026&filter[duration]=7:11&filter[from]=Warszawa,Warszawa-Radom,Warszawa%20-%20Modlin,Warszawa%20-%20Radom&filter[person]=2&filter[child]=1&filter[price]=4610:20000&filter[PriceFrom]=4610&filter[PriceTo]=20000&filter[addCategory]=50&filter[addCatering]=1&filter[addMisc]=0&filter[addTransport]=F&filter[fp]=1&order_by=ofr_price&filter[tourOperator]=0&filter[childAge][1]=20200812","https://fly.pl/cdn/photo/assets/uploads/582/278/2015/04/Quattro-Family-Club-Dem.jpg","https://fly.pl/wycieczka/turcja,alanya,c/club-dem-resort-spa/pTircngSHYW8MZiZinLg0ZAAogS0geMJsmdIUyVOXI-FpNnzs3e4u3TOcK4I9XPaGb-0IqBFJOQlcw9KG60QZI_GFQQVjMB2ACagRCd2NEaiIxNiwyODMsMjk2LDM4MCwzODgsNDc3LDQ4Myw0ODQsNDg1cjafAZ4BFQcXAFgICgRAxAcRpS0ZlSpS9A9TABDYD0uryAFhAB2OlUEPLSCy8pAJDQACDGMBAgvBSg_f/?operator=RNBW&adults=2&children=2020-08-12&nsv=1&objectId=170430&transport=accommodation_flight&departureDate=2026-07-25&returnDate=2026-08-01&departureLocation=Warszawa%2CWarszawa-Radom%2CWarszawa+-+Modlin%2CWarszawa+-+Radom&opt=delta&catering=all_inclusive","filter_turkey_vacation_jul18_2026","turcja","alanya","c","2026-07-25","2026-08-01","8","7","Warszawa,Warszawa-Radom,Warszawa - Modlin,Warszawa - Radom","2+1","turcja|alanya|2026-07-25|2026-08-01|7|Warszawa,Warszawa-Radom,Warszawa - Modlin,Warszawa - Radom|2+1"
"Club Turan Prince World","12570.0","19.07.2026 - 26.07.2026","8 dni/7 nocy","4.1","4.1","2593","tripadvisor","Warszawa","2026-06-14T11:30:31.274345+00:00","https://fly.pl/kierunek/turcja/?filter[dest]=39:&filter[hotelids]=&filter[cityids]=&filter[cregids]=&filter[ofrType]=&filter[addObjType]=&filter[whenFrom]=18-07-2026&filter[whenTo]=13-08-2026&filter[duration]=7:11&filter[from]=Warszawa,Warszawa-Radom,Warszawa%20-%20Modlin,Warszawa%20-%20Radom&filter[person]=2&filter[child]=1&filter[price]=4610:20000&filter[PriceFrom]=4610&filter[PriceTo]=20000&filter[addCategory]=50&filter[addCatering]=1&filter[addMisc]=0&filter[addTransport]=F&filter[fp]=1&order_by=ofr_price&filter[tourOperator]=0&filter[childAge][1]=20200812","https://fly.pl/cdn/photo/assets/uploads/582/278/2014/10/Turan-Prince-World-fly-pl.jpg","https://fly.pl/wycieczka/turcja,side,manavgat/club-turan-prince-world/pfEmdFzW_A_RH9ut1nJI3dAAogsVrwwky95mOtkPjkBSKraAAAAACOdAQAdXQEAAcAAAAqBFdFWlkw9KG60QZImmJQQVi8BmADahJGcmVlIEJpcmQgQWlybGluZXNqBDA3MDBqBDA5MTByQJ4BlQGYAR8AHAECABYEFwIR3gMSDxOyChSVA0zKXU8AQJwSS-fFAVAAG5V9INikDh0ZDeHlwgkBEmMBDGMBAgUDCnzA/?operator=WEZY&adults=2&children=2020-08-12&nsv=1&objectId=5220&transport=accommodation_flight&departureDate=2026-07-19&returnDate=2026-07-26&departureLocation=Warszawa%2CWarszawa-Radom%2CWarszawa+-+Modlin%2CWarszawa+-+Radom&opt=delta&catering=all_inclusive","filter_turkey_vacation_jul18_2026","turcja","side","manavgat","2026-07-19","2026-07-26","8","7","Warszawa,Warszawa-Radom,Warszawa - Modlin,Warszawa - Radom","2+1","turcja|side|2026-07-19|2026-07-26|7|Warszawa,Warszawa-Radom,Warszawa - Modlin,Warszawa - Radom|2+1"
"Club Grand Aqua","12658.0","19.07.2026 - 26.07.2026","8 dni/7 nocy","4.4","4.4","168","tripadvisor","Warszawa","2026-06-14T11:30:31.274345+00:00","https://fly.pl/kierunek/turcja/?filter[dest]=39:&filter[hotelids]=&filter[cityids]=&filter[cregids]=&filter[ofrType]=&filter[addObjType]=&filter[whenFrom]=18-07-2026&filter[whenTo]=13-08-2026&filter[duration]=7:11&filter[from]=Warszawa,Warszawa-Radom,Warszawa%20-%20Modlin,Warszawa%20-%20Radom&filter[person]=2&filter[child]=1&filter[price]=4610:20000&filter[PriceFrom]=4610&filter[PriceTo]=20000&filter[addCategory]=50&filter[addCatering]=1&filter[addMisc]=0&filter[addTransport]=F&filter[fp]=1&order_by=ofr_price&filter[tourOperator]=0&filter[childAge][1]=20200812","https://fly.pl/cdn/photo/assets/uploads/582/278/2018/03/Club-Grand-Aqua.jpg","https://fly.pl/wycieczka/turcja,side,colakli/club-grand-aqua/ptFbiFvXZm6IziTASQFrTsAAog2dTga0fcDTkCUI-SsUjjAAAAAACOdAQAdXQEAAcAAAAqBFdFWlkw9KG60QZI8mJQQVi8BmADahJGcmVlIEJpcmQgQWlybGluZXNqBDA3MDBqBDA5MTByQZ4BlQGYAR8AAgEcABYEFwIS7QMTsgoUlQNMyl1PAECcEhHLQEuchQFQABv3MCD28A4dGQ3h5cIJARJjAQ1jAQIIBSWrng/?operator=WEZY&adults=2&children=2020-08-12&nsv=1&objectId=3887&transport=accommodation_flight&departureDate=2026-07-19&returnDate=2026-07-26&departureLocation=Warszawa%2CWarszawa-Radom%2CWarszawa+-+Modlin%2CWarszawa+-+Radom&opt=delta&catering=all_inclusive","filter_turkey_vacation_jul18_2026","turcja","side","colakli","2026-07-19","2026-07-26","8","7","Warszawa,Warszawa-Radom,Warszawa - Modlin,Warszawa - Radom","2+1","turcja|side|2026-07-19|2026-07-26|7|Warszawa,Warszawa-Radom,Warszawa - Modlin,Warszawa - Radom|2+1"
"Villa Side Residence","12693.0","18.07.2026 - 25.07.2026","8 dni/7 nocy","4.3","4.3","381","tripadvisor","Warszawa","2026-06-14T11:30:31.274345+00:00","https://fly.pl/kierunek/turcja/?filter[dest]=39:&filter[hotelids]=&filter[cityids]=&filter[cregids]=&filter[ofrType]=&filter[addObjType]=&filter[whenFrom]=18-07-2026&filter[whenTo]=13-08-2026&filter[duration]=7:11&filter[from]=Warszawa,Warszawa-Radom,Warszawa%20-%20Modlin,Warszawa%20-%20Radom&filter[person]=2&filter[child]=1&filter[price]=4610:20000&filter[PriceFrom]=4610&filter[PriceTo]=20000&filter[addCategory]=50&filter[addCatering]=1&filter[addMisc]=0&filter[addTransport]=F&filter[fp]=1&order_by=ofr_price&filter[tourOperator]=0&filter[childAge][1]=20200812","https://fly.pl/cdn/photo/assets/uploads/582/278/2015/04/Villa-Side-Residence.jpg","https://fly.pl/wycieczka/turcja,side,c/villa-side-residence/p6rD3K2t6b3Mzz3yFtc5EnAAogFKmMBqF0A2xzNbzG5zBXZQrnVfkQ891p__EhtKqHuQwqBFNGUEww9KG60QZIlWNQQVikBmACciQLAhUFIgISW0DEAlvjBFzPqgINlJzSCVHtlJfUgRkCEmMBAglRIJJT/?operator=SFPL&adults=2&children=2020-08-12&nsv=1&objectId=114669&transport=accommodation_flight&departureDate=2026-07-18&returnDate=2026-07-25&departureLocation=Warszawa%2CWarszawa-Radom%2CWarszawa+-+Modlin%2CWarszawa+-+Radom&opt=delta&catering=all_inclusive","filter_turkey_vacation_jul18_2026","turcja","side","c","2026-07-18","2026-07-25","8","7","Warszawa,Warszawa-Radom,Warszawa - Modlin,Warszawa - Radom","2+1","turcja|side|2026-07-18|2026-07-25|7|Warszawa,Warszawa-Radom,Warszawa - Modlin,Warszawa - Radom|2+1"
"Side Star Elegance (ex. Asteria)","12696.0","22.07.2026 - 29.07.2026","8 dni/7 nocy","4.6","4.6","3457","tripadvisor","Warszawa","2026-06-14T11:30:31.274345+00:00","https://fly.pl/kierunek/turcja/?filter[dest]=39:&filter[hotelids]=&filter[cityids]=&filter[cregids]=&filter[ofrType]=&filter[addObjType]=&filter[whenFrom]=18-07-2026&filter[whenTo]=13-08-2026&filter[duration]=7:11&filter[from]=Warszawa,Warszawa-Radom,Warszawa%20-%20Modlin,Warszawa%20-%20Radom&filter[person]=2&filter[child]=1&filter[price]=4610:20000&filter[PriceFrom]=4610&filter[PriceTo]=20000&filter[addCategory]=50&filter[addCatering]=1&filter[addMisc]=0&filter[addTransport]=F&filter[fp]=1&order_by=ofr_price&filter[tourOperator]=0&filter[childAge][1]=20200812","https://fly.pl/cdn/photo/assets/uploads/582/278/2015/04/Side-Star-Elegance-Hotel.jpg","https://fly.pl/wycieczka/turcja,side,c/side-star-elegance-ex-asteria/pqbaS33Q-82ygw9bgvibSZAAog9zjBEgYiDWmOP7mvN9r_ZALuLr51ZXfiuqRu7D0QClcqBEVYSU0w9KG60QZImGNQAViEB2ACagNVQUlyIRwRsaMGqwSv6UC5BGUbgf8pGKWiNAGZv9j1CAISYwECC_VUjOA/?operator=EXIM&adults=2&children=2020-08-12&nsv=1&objectId=3866&transport=accommodation_flight&departureDate=2026-07-22&returnDate=2026-07-29&departureLocation=Warszawa%2CWarszawa-Radom%2CWarszawa+-+Modlin%2CWarszawa+-+Radom&opt=delta&catering=all_inclusive","filter_turkey_vacation_jul18_2026","turcja","side","c","2026-07-22","2026-07-29","8","7","Warszawa,Warszawa-Radom,Warszawa - Modlin,Warszawa - Radom","2+1","turcja|side|2026-07-22|2026-07-29|7|Warszawa,Warszawa-Radom,Warszawa - Modlin,Warszawa - Radom|2+1"
"Crystal Prestige Pearl Collection","12697.0","20.07.2026 - 27.07.2026","8 dni/7 nocy","4.4","4.4","3693","tripadvisor","Warszawa","2026-06-14T11:30:31.274345+00:00","https://fly.pl/kierunek/turcja/?filter[dest]=39:&filter[hotelids]=&filter[cityids]=&filter[cregids]=&filter[ofrType]=&filter[addObjType]=&filter[whenFrom]=18-07-2026&filter[whenTo]=13-08-2026&filter[duration]=7:11&filter[from]=Warszawa,Warszawa-Radom,Warszawa%20-%20Modlin,Warszawa%20-%20Radom&filter[person]=2&filter[child]=1&filter[price]=4610:20000&filter[PriceFrom]=4610&filter[PriceTo]=20000&filter[addCategory]=50&filter[addCatering]=1&filter[addMisc]=0&filter[addTransport]=F&filter[fp]=1&order_by=ofr_price&filter[tourOperator]=0&filter[childAge][1]=20200812","https://fly.pl/cdn/photo/assets/uploads/582/278/2016/05/Crystal-Prestige-Elite.jpg","https://fly.pl/wycieczka/turcja,kemer,c/amara-prestige/p2gL7aMpt0uXuFv0l-3EWuAAoggelDlOvNkEQbqukDqmudFmlZs0u9ntxIhhB-JeVTlPEqBFZJVFgw9KG60QZImWNQQVjUBmACcj8aABUHFwBcA1gFQI8DU-drUgBb2BdevnxLgRJhAEyOqy4Nxo6kCSAAUZas7u1YT-zKKV3Ej9OLhQECDGMBAgvX365n/?operator=VITX&adults=2&children=2020-08-12&nsv=1&objectId=170720&transport=accommodation_flight&departureDate=2026-07-20&returnDate=2026-07-27&departureLocation=Warszawa%2CWarszawa-Radom%2CWarszawa+-+Modlin%2CWarszawa+-+Radom&opt=delta&catering=all_inclusive","filter_turkey_vacation_jul18_2026","turcja","kemer","c","2026-07-20","2026-07-27","8","7","Warszawa,Warszawa-Radom,Warszawa - Modlin,Warszawa - Radom","2+1","turcja|kemer|2026-07-20|2026-07-27|7|Warszawa,Warszawa-Radom,Warszawa - Modlin,Warszawa - Radom|2+1"
"Crystal Waterworld Aqua Collection","12730.0","19.07.2026 - 26.07.2026","8 dni/7 nocy","4.2","4.2","4770","tripadvisor","Warszawa","2026-06-14T11:30:31.274345+00:00","https://fly.pl/kierunek/turcja/?filter[dest]=39:&filter[hotelids]=&filter[cityids]=&filter[cregids]=&filter[ofrType]=&filter[addObjType]=&filter[whenFrom]=18-07-2026&filter[whenTo]=13-08-2026&filter[duration]=7:11&filter[from]=Warszawa,Warszawa-Radom,Warszawa%20-%20Modlin,Warszawa%20-%20Radom&filter[person]=2&filter[child]=1&filter[price]=4610:20000&filter[PriceFrom]=4610&filter[PriceTo]=20000&filter[addCategory]=50&filter[addCatering]=1&filter[addMisc]=0&filter[addTransport]=F&filter[fp]=1&order_by=ofr_price&filter[tourOperator]=0&filter[childAge][1]=20200812","https://fly.pl/cdn/photo/assets/uploads/582/278/2014/10/Crystal-Waterworld-Resort-Spa-fly-pl.jpg","https://fly.pl/wycieczka/turcja,antalya,belek/crystal-waterworld-resort-spa/plUhaI3Fja-s_03dInEQgmAAogjaHx2Olj1FlRKwR7fiw0WAAAAACOdAQAdXQEAAcAAAAqBFdFWlkw9KG60QZIumNQQVi8BmADahJGcmVlIEJpcmQgQWlybGluZXNqBDA3MDBqBDA5MTByQZ4BlQGYAR8AAgEWABwAFwYS7QMTsgoUlQMRyS5MgS9PAECcEkvnxQFQABv3MCD28A4dGQ3h5cIJARJjAQxjAQIIfigZew/?operator=WEZY&adults=2&children=2020-08-12&nsv=1&objectId=105336&transport=accommodation_flight&departureDate=2026-07-19&returnDate=2026-07-26&departureLocation=Warszawa%2CWarszawa-Radom%2CWarszawa+-+Modlin%2CWarszawa+-+Radom&opt=delta&catering=all_inclusive","filter_turkey_vacation_jul18_2026","turcja","antalya","belek","2026-07-19","2026-07-26","8","7","Warszawa,Warszawa-Radom,Warszawa - Modlin,Warszawa - Radom","2+1","turcja|antalya|2026-07-19|2026-07-26|7|Warszawa,Warszawa-Radom,Warszawa - Modlin,Warszawa - Radom|2+1"
