"hotel_name","price","dates","duration","duration_bucket","rating","ta_rating","ta_review_count","ta_source","departure_airport","scraped_at","url","image_url","offer_url"
"Kronos (Platamonas) Grecja, Riwiera Olimpijska, Platamonas","10768.0","15.07.2026 - 29.07.2026","15 dni/14 nocy","","4.0","4.0","121","tripadvisor","Все аэропорты","2026-07-13T00:01:46.383681+00:00","https://fly.pl/oferta/grecja-wczasy/?filter[dest]=14:&filter[hotelids]=&filter[cityids]=&filter[cregids]=&filter[ofrType]=&filter[addObjType]=&filter[whenFrom]=13-07-2026&filter[whenTo]=12-08-2026&filter[duration]=13:16&filter[from]=&filter[person]=2&filter[child]=1&filter[price]=4000:20000&filter[PriceFrom]=4000&filter[PriceTo]=20000&filter[addCategory]=40&filter[addCatering]=1&filter[addMisc]=0&filter[addTransport]=F&filter[fp]=1&order_by=ofr_price&filter[tourOperator]=0&filter[childAge][1]=20201210","https://fly.pl/cdn/photo/assets/uploads/582/278/2015/06/Hotel-Kronos.jpg","https://fly.pl/wycieczka/grecja,riwiera-olimpijska,platamonas/kronos-platamonas/pHztEM2oPFcx9KJ8qG7uWqAAog79PeeK_1xz1dwAmGTJ4miUT3fETbnM5YrCx7P3_-nVAqBEdSQ1Mw69XQ0gZIkFRQQVgvYANyQlwKFwQVAFgBVgIdsgIPE0CFBFuvlwFL6jRhAF6nMFKFHlMATJHATQGthTkNjejLCCAAUbyDucvnAQESYwECYwECC4KtbyA/ofertasv/?filter[tourOperator]=GRCS&filter%5Bperson%5D=2&filter%5BchildAge%5D%5B1%5D=20201210&filter%5Bchild%5D=1"
"Stefania Beach Grecja, Evia, Amarynthos","11704.0","15.07.2026 - 29.07.2026","15 dni/14 nocy","","3.6","3.6","107","tripadvisor","Все аэропорты","2026-07-13T00:01:46.383681+00:00","https://fly.pl/oferta/grecja-wczasy/?filter[dest]=14:&filter[hotelids]=&filter[cityids]=&filter[cregids]=&filter[ofrType]=&filter[addObjType]=&filter[whenFrom]=13-07-2026&filter[whenTo]=12-08-2026&filter[duration]=13:16&filter[from]=&filter[person]=2&filter[child]=1&filter[price]=4000:20000&filter[PriceFrom]=4000&filter[PriceTo]=20000&filter[addCategory]=40&filter[addCatering]=1&filter[addMisc]=0&filter[addTransport]=F&filter[fp]=1&order_by=ofr_price&filter[tourOperator]=0&filter[childAge][1]=20201210","https://fly.pl/cdn/photo/assets/uploads/582/278/2017/10/Stefania-Beach-Resort.jpg","https://fly.pl/wycieczka/grecja,evia,amarynthos/stefania-beach/pjgjJ6I5Oh19tHPC3IqlrtAAogJS1IQby1i5T-av4itCnQ8tI-s8TS2XHV7UztuP7hq8oqBFJOQlcw69XQ0gZIuFtQQVgvYAJqBEJ3Y0RqFzI5NiwzODAsNDc3LDQ4Myw0ODQsNDg1cjWfAZ4BFQ4XAFgBCgRAxAcR9TYZzyBSqg5TABCHREvHUmEAHZX-QA9YIOvLkQkNAAIMYwECC5fOWh8/ofertasv/?filter[tourOperator]=RNBW&filter%5Bperson%5D=2&filter%5BchildAge%5D%5B1%5D=20201210&filter%5Bchild%5D=1"
"Dafni Plus Grecja, Riwiera Olimpijska, Leptokaria","11818.0","18.07.2026 - 01.08.2026","15 dni/14 nocy","","4.5","4.5","39","tripadvisor","Все аэропорты","2026-07-13T00:01:46.383681+00:00","https://fly.pl/oferta/grecja-wczasy/?filter[dest]=14:&filter[hotelids]=&filter[cityids]=&filter[cregids]=&filter[ofrType]=&filter[addObjType]=&filter[whenFrom]=13-07-2026&filter[whenTo]=12-08-2026&filter[duration]=13:16&filter[from]=&filter[person]=2&filter[child]=1&filter[price]=4000:20000&filter[PriceFrom]=4000&filter[PriceTo]=20000&filter[addCategory]=40&filter[addCatering]=1&filter[addMisc]=0&filter[addTransport]=F&filter[fp]=1&order_by=ofr_price&filter[tourOperator]=0&filter[childAge][1]=20201210","https://fly.pl/cdn/photo/assets/uploads/582/278/2018/11/Dafni-Plus.jpg","https://fly.pl/wycieczka/grecja,riwiera-olimpijska,leptokaria/dafni-plus/pNaTr1FMURihP1QEW6VwxYAAogMrV81dv3D3E3Zu9HnhMKx7nHuRAzQ3yZ_UKLZdl1bLEqBEdSQ1Mw69XQ0gZIqlxQQVh3YAJyPVwKFwQVAFgBVgIdYw8MQNsFW5aAAV6qfEt4YQBSjR1TAEyRwE0Bwe00Dfz_zwggAFGl3aPL5wEBEmMCAmNkaoLD/ofertasv/?filter[tourOperator]=GRCS&filter%5Bperson%5D=2&filter%5BchildAge%5D%5B1%5D=20201210&filter%5Bchild%5D=1"
"Aqua Sun Village (Ex. Eri Sun Village) Grecja, Kreta Wschodnia, Hersonissos","11897.0","27.07.2026 - 10.08.2026","15 dni/14 nocy","","3.1","3.1","827","tripadvisor","Все аэропорты","2026-07-13T00:01:46.383681+00:00","https://fly.pl/oferta/grecja-wczasy/?filter[dest]=14:&filter[hotelids]=&filter[cityids]=&filter[cregids]=&filter[ofrType]=&filter[addObjType]=&filter[whenFrom]=13-07-2026&filter[whenTo]=12-08-2026&filter[duration]=13:16&filter[from]=&filter[person]=2&filter[child]=1&filter[price]=4000:20000&filter[PriceFrom]=4000&filter[PriceTo]=20000&filter[addCategory]=40&filter[addCatering]=1&filter[addMisc]=0&filter[addTransport]=F&filter[fp]=1&order_by=ofr_price&filter[tourOperator]=0&filter[childAge][1]=20201210","https://fly.pl/cdn/photo/assets/uploads/582/278/2014/11/Aqua-Sun-Village-Ex.-Eri-Sun-Village-fly-pl.jpg","https://fly.pl/wycieczka/grecja,kreta-wschodnia,hersonissos/eri-sun-village/pHPquGY1JWawV_Cu511B4QAAog7761XKpNs-8U7Yj6ed3MQlmOwbr9uBzU1MzUA_uP2c0qBEJWQkUw69XQ0gZI-VxQAVjPAmACagJBSXIiHBGMngEb5I4_GOflFKsEqZQjuQSOAQHM0tO6AwISYwECCv356JE/ofertasv/?filter[tourOperator]=BVBE&filter%5Bperson%5D=2&filter%5BchildAge%5D%5B1%5D=20201210&filter%5Bchild%5D=1"
"Ilyssion Grecja, Rodos, Pefki","11925.0","27.07.2026 - 09.08.2026","14 dni/13 nocy","","3.0","3.0","665","tripadvisor","Все аэропорты","2026-07-13T00:01:46.383681+00:00","https://fly.pl/oferta/grecja-wczasy/?filter[dest]=14:&filter[hotelids]=&filter[cityids]=&filter[cregids]=&filter[ofrType]=&filter[addObjType]=&filter[whenFrom]=13-07-2026&filter[whenTo]=12-08-2026&filter[duration]=13:16&filter[from]=&filter[person]=2&filter[child]=1&filter[price]=4000:20000&filter[PriceFrom]=4000&filter[PriceTo]=20000&filter[addCategory]=40&filter[addCatering]=1&filter[addMisc]=0&filter[addTransport]=F&filter[fp]=1&order_by=ofr_price&filter[tourOperator]=0&filter[childAge][1]=20201210","https://fly.pl/cdn/photo/assets/uploads/582/278/2014/11/Ilyssion.jpg","https://fly.pl/wycieczka/grecja,rodos,pefki/ilyssion/pE7jNMDGY3KZD_Vcxg0EpxAAogDN3QdvZUAwH4UYKvJ232ZvRV6dcKxlUaXfp0TYewma8qBEVDQ1gw69XQ0gZIlV1QAVjPAmACagJBSXIgHBHMAqsEsr8VuQQPGPHBJRvK2wYBo-zYxQECEmMBAgtX6TKP/ofertasv/?filter[tourOperator]=ECCX&filter%5Bperson%5D=2&filter%5BchildAge%5D%5B1%5D=20201210&filter%5Bchild%5D=1"
"Thalassa Grecja, Grecja Środkowa, Paleros","11930.0","27.07.2026 - 10.08.2026","15 dni/14 nocy","","3.8","3.8","185","tripadvisor","Все аэропорты","2026-07-13T00:01:46.383681+00:00","https://fly.pl/oferta/grecja-wczasy/?filter[dest]=14:&filter[hotelids]=&filter[cityids]=&filter[cregids]=&filter[ofrType]=&filter[addObjType]=&filter[whenFrom]=13-07-2026&filter[whenTo]=12-08-2026&filter[duration]=13:16&filter[from]=&filter[person]=2&filter[child]=1&filter[price]=4000:20000&filter[PriceFrom]=4000&filter[PriceTo]=20000&filter[addCategory]=40&filter[addCatering]=1&filter[addMisc]=0&filter[addTransport]=F&filter[fp]=1&order_by=ofr_price&filter[tourOperator]=0&filter[childAge][1]=20201210","https://datacfstatic.merlinx.pl/GRCS/IMG/PVKTHSS/8c8e35b96675acf98d261995025011a445407aaef185238a60a78839afd05a8e.webp","https://fly.pl/wycieczka/grecja,grecja-srodkowa,paleros/thalassa-15/pCYT1VchyQ5paCfNAk5imJAAogjDb6tl-91xUDfh5xI2gyTB3heqSpLkmZe-871Nem3jYqBEdSQ1Mw69XQ0gZIml1QQVjPAmADagMwNjZqAzA3NnJBnQGPAVwKFQQXAFgBVgJAygZbloABXqp8UuUCUwBLnA9hAEzV1DkBzo1TDbjXxQggAFHlr4vi0QEBEmMBAmMBAgs_diIp/ofertasv/?filter[tourOperator]=GRCS&filter%5Bperson%5D=2&filter%5BchildAge%5D%5B1%5D=20201210&filter%5Bchild%5D=1"
"Kolymbia Sky Grecja, Rodos, Kolymbia","11997.0","17.07.2026 - 31.07.2026","15 dni/14 nocy","","3.6","3.6","163","tripadvisor","Все аэропорты","2026-07-13T00:01:46.383681+00:00","https://fly.pl/oferta/grecja-wczasy/?filter[dest]=14:&filter[hotelids]=&filter[cityids]=&filter[cregids]=&filter[ofrType]=&filter[addObjType]=&filter[whenFrom]=13-07-2026&filter[whenTo]=12-08-2026&filter[duration]=13:16&filter[from]=&filter[person]=2&filter[child]=1&filter[price]=4000:20000&filter[PriceFrom]=4000&filter[PriceTo]=20000&filter[addCategory]=40&filter[addCatering]=1&filter[addMisc]=0&filter[addTransport]=F&filter[fp]=1&order_by=ofr_price&filter[tourOperator]=0&filter[childAge][1]=20201210","https://fly.pl/cdn/photo/assets/uploads/582/278/2014/09/Kolymbia-Sky-fly-pl.jpg","https://fly.pl/wycieczka/grecja,rodos,kolymbia/kolymbia-sky/prvH8PCdXL95ZntZkqsfzZAAog_dM4p5bVk2tC-7HNyb_vq0oRqjQoSS9qtHwHGJ-TRo0qBFZJVFgw69XQ0gZI3V1QQVhfYAJyQBoAXAoVBBcAWAFAjwNbv4MBXr58UpETUwBL_gRhAEzr1zkN2NuYCSAAUcWkse3eAU-3vBRdyMj7_gMCDGMBAgu3yi-G/ofertasv/?filter[tourOperator]=VITX&filter%5Bperson%5D=2&filter%5BchildAge%5D%5B1%5D=20201210&filter%5Bchild%5D=1"
"Dias Solimar Grecja, Kreta Zachodnia, Adelianos Kampos","12225.0","15.07.2026 - 30.07.2026","16 dni/14 nocy","","4.0","4.0","478","tripadvisor","Все аэропорты","2026-07-13T00:01:46.383681+00:00","https://fly.pl/oferta/grecja-wczasy/?filter[dest]=14:&filter[hotelids]=&filter[cityids]=&filter[cregids]=&filter[ofrType]=&filter[addObjType]=&filter[whenFrom]=13-07-2026&filter[whenTo]=12-08-2026&filter[duration]=13:16&filter[from]=&filter[person]=2&filter[child]=1&filter[price]=4000:20000&filter[PriceFrom]=4000&filter[PriceTo]=20000&filter[addCategory]=40&filter[addCatering]=1&filter[addMisc]=0&filter[addTransport]=F&filter[fp]=1&order_by=ofr_price&filter[tourOperator]=0&filter[childAge][1]=20201210","https://fly.pl/cdn/photo/assets/uploads/582/278/2009/10/Dias-Solimar2779.jpg","https://fly.pl/wycieczka/grecja,kreta-zachodnia,adelianos-kampos/dias-solimar/pJek2UmlvAjLtJYHwYpywUAAogSkLeWHc2p74tbYsbwq1bpWrqCHBX7kLJo0cMUE6MrBgqBEdSQ1Mw69XQ0gZIwV9QQVgvYANyQFwKFwUVAFgAVgId9AEPF0C_BFLjd1MAW7MIS4NMYQBepzBMlt5NAeK0OQ3YuMsIIABRgOmhnWUBEmMBAmMBAgtTg2au/ofertasv/?filter[tourOperator]=GRCS&filter%5Bperson%5D=2&filter%5BchildAge%5D%5B1%5D=20201210&filter%5Bchild%5D=1"
"Royal (Polichrono) Grecja, Chalkidiki, Polychrono","12984.0","15.07.2026 - 29.07.2026","15 dni/14 nocy","","4.4","4.4","697","tripadvisor","Все аэропорты","2026-07-13T00:01:46.383681+00:00","https://fly.pl/oferta/grecja-wczasy/?filter[dest]=14:&filter[hotelids]=&filter[cityids]=&filter[cregids]=&filter[ofrType]=&filter[addObjType]=&filter[whenFrom]=13-07-2026&filter[whenTo]=12-08-2026&filter[duration]=13:16&filter[from]=&filter[person]=2&filter[child]=1&filter[price]=4000:20000&filter[PriceFrom]=4000&filter[PriceTo]=20000&filter[addCategory]=40&filter[addCatering]=1&filter[addMisc]=0&filter[addTransport]=F&filter[fp]=1&order_by=ofr_price&filter[tourOperator]=0&filter[childAge][1]=20201210","https://fly.pl/cdn/photo/assets/uploads/582/278/2015/06/Royal-Polichrono-fly-pl.jpg","https://fly.pl/wycieczka/grecja,chalkidiki,polychrono/royal-fourka/pQI36F_PBvuQfuBL9rOsd9AAog66q5jEsYccZfjsJBRzMMpET3fETbnM5YrCx7P3_-nVAqBEdSQ1Mw69XQ0gZIuGVQQVgvYANyQlwKFwQVAFgBVgIdsgIPE0CFBFuEgAFLlUxhAF6nMFKFHlMATJHATQHaiDkN4OTLCCAAUaffzMvnAQESYwECYwECC53iYYI/ofertasv/?filter[tourOperator]=GRCS&filter%5Bperson%5D=2&filter%5BchildAge%5D%5B1%5D=20201210&filter%5Bchild%5D=1"
"San Panteleimon Grecja, Riwiera Olimpijska, Neos Panteleimonas","13180.0","18.07.2026 - 01.08.2026","15 dni/14 nocy","","4.6","4.6","183","tripadvisor","Все аэропорты","2026-07-13T00:01:46.383681+00:00","https://fly.pl/oferta/grecja-wczasy/?filter[dest]=14:&filter[hotelids]=&filter[cityids]=&filter[cregids]=&filter[ofrType]=&filter[addObjType]=&filter[whenFrom]=13-07-2026&filter[whenTo]=12-08-2026&filter[duration]=13:16&filter[from]=&filter[person]=2&filter[child]=1&filter[price]=4000:20000&filter[PriceFrom]=4000&filter[PriceTo]=20000&filter[addCategory]=40&filter[addCatering]=1&filter[addMisc]=0&filter[addTransport]=F&filter[fp]=1&order_by=ofr_price&filter[tourOperator]=0&filter[childAge][1]=20201210","https://fly.pl/cdn/photo/assets/uploads/582/278/2015/05/San-Panteleimon.jpg","https://fly.pl/wycieczka/grecja,riwiera-olimpijska,neos-panteleimonas/san-panteleimon/pGBxWwS7ZPYYKzxcCjTA3dAAogFU0_0fovxXTmL57Hkl-kqIsYLkcvWHnOc5wUIEnXTioqBFJOQlcw69XQ0gZI_GZQQVh3YAJqBEJ3Y0RqFzI5NiwzODAsNDc3LDQ4Myw0ODQsNDg1agc0MDcsNDA4cjafAZ4BnAEVDhcAWAEKBEDEBxE4EKkTGeRDYdhzSwBSrE5TAB20qUEPKyDvg5EJDQACDGMBAgttAbuL/ofertasv/?filter[tourOperator]=RNBW&filter%5Bperson%5D=2&filter%5BchildAge%5D%5B1%5D=20201210&filter%5Bchild%5D=1"
"Palmariva Beach (ex. Bomo Palmariva Beach) Grecja, Evia, Eretria","13227.0","19.07.2026 - 03.08.2026","16 dni/14 nocy","","4.2","4.2","1196","tripadvisor","Все аэропорты","2026-07-13T00:01:46.383681+00:00","https://fly.pl/oferta/grecja-wczasy/?filter[dest]=14:&filter[hotelids]=&filter[cityids]=&filter[cregids]=&filter[ofrType]=&filter[addObjType]=&filter[whenFrom]=13-07-2026&filter[whenTo]=12-08-2026&filter[duration]=13:16&filter[from]=&filter[person]=2&filter[child]=1&filter[price]=4000:20000&filter[PriceFrom]=4000&filter[PriceTo]=20000&filter[addCategory]=40&filter[addCatering]=1&filter[addMisc]=0&filter[addTransport]=F&filter[fp]=1&order_by=ofr_price&filter[tourOperator]=0&filter[childAge][1]=20201210","https://fly.pl/cdn/photo/assets/uploads/582/278/2017/06/Palmariva-fly-pl-2.jpg","https://fly.pl/wycieczka/grecja,evia,eretria/palmariva/pgnJ_fLrjQIQCZKrlPzWMNAAogsz6uL50RFw2VSKyAVWtqYL11VMq1RU--TmnSvEUA51cqBFJOQlcw69XQ0gZIq2dQQViPAWACagRCd2NEahcyOTYsMzgwLDQ3Nyw0ODMsNDg0LDQ4NWoPNDA0LDQwNyw0MDgsNTIxcjefAZ4BnAEVDlgBFwAKBEDEBxH0NhnQIFKqDlMAEIVES6ohYQAP78RBHTkg07aRCQ0AAgxjAQILI0XJgQ/ofertasv/?filter[tourOperator]=RNBW&filter%5Bperson%5D=2&filter%5BchildAge%5D%5B1%5D=20201210&filter%5Bchild%5D=1"
"Noho Grecja, Kreta Zachodnia, SCALETA","13324.0","22.07.2026 - 06.08.2026","16 dni/14 nocy","","3.7","3.7","68","tripadvisor","Все аэропорты","2026-07-13T00:01:46.383681+00:00","https://fly.pl/oferta/grecja-wczasy/?filter[dest]=14:&filter[hotelids]=&filter[cityids]=&filter[cregids]=&filter[ofrType]=&filter[addObjType]=&filter[whenFrom]=13-07-2026&filter[whenTo]=12-08-2026&filter[duration]=13:16&filter[from]=&filter[person]=2&filter[child]=1&filter[price]=4000:20000&filter[PriceFrom]=4000&filter[PriceTo]=20000&filter[addCategory]=40&filter[addCatering]=1&filter[addMisc]=0&filter[addTransport]=F&filter[fp]=1&order_by=ofr_price&filter[tourOperator]=0&filter[childAge][1]=20201210","https://datacfstatic.merlinx.pl/GRCS/IMG/CHQNOHO/4a262432ff02974aa9d6c0cc2df54e7977a888977a9f2455da135ae3213ed7e9.webp","https://fly.pl/wycieczka/grecja,kreta-zachodnia,scaleta/noho-9/py7J-6N9R2pbzOWoseWrpnAAog0jCeiK0BD1R8KQNv9JqjpxsSWZxABpkYvzMO27r3xHEqBEdSQ1Mw69XQ0gZIjGhQQVjXAWADckAXDxUAWABWAlwCHfMBDw5AxwRS43dTAFuzCEuDTGEAXqcwTJbeTQGRuzkNsLLLCCAAUcrkvp1lARJjAQJjAQILqBmltA/ofertasv/?filter[tourOperator]=GRCS&filter%5Bperson%5D=2&filter%5BchildAge%5D%5B1%5D=20201210&filter%5Bchild%5D=1"
"Olimpion Melathron Grecja, Riwiera Olimpijska, Platamonas","13630.0","15.07.2026 - 29.07.2026","15 dni/14 nocy","","4.3","4.3","50","tripadvisor","Все аэропорты","2026-07-13T00:01:46.383681+00:00","https://fly.pl/oferta/grecja-wczasy/?filter[dest]=14:&filter[hotelids]=&filter[cityids]=&filter[cregids]=&filter[ofrType]=&filter[addObjType]=&filter[whenFrom]=13-07-2026&filter[whenTo]=12-08-2026&filter[duration]=13:16&filter[from]=&filter[person]=2&filter[child]=1&filter[price]=4000:20000&filter[PriceFrom]=4000&filter[PriceTo]=20000&filter[addCategory]=40&filter[addCatering]=1&filter[addMisc]=0&filter[addTransport]=F&filter[fp]=1&order_by=ofr_price&filter[tourOperator]=0&filter[childAge][1]=20201210","https://fly.pl/cdn/photo/assets/uploads/582/278/2015/06/Olimpion-Melathron.jpg","https://fly.pl/wycieczka/grecja,riwiera-olimpijska,platamonas/olimpion-melathron/pXJUV-ROknrKu_CaniAsyvAAogQc-d5hUTB3N_ejdJuKoeBFGoARbpzJmqd1Cgrjv1Z9MqBFJOQlcw69XQ0gZIvmpQQVgvYAJqBEJ3Y0RqFzI5NiwzODAsNDc3LDQ4Myw0ODQsNDg1cjafAZ4BFQ4XAFgBCgRAxAcRlzIZriUQjjdhwQ9LAFK1e1MAHZT2QA_mAyDRs5EJDQACDGMBAgsENUXg/ofertasv/?filter[tourOperator]=RNBW&filter%5Bperson%5D=2&filter%5BchildAge%5D%5B1%5D=20201210&filter%5Bchild%5D=1"
"Alexandros Palace Grecja, Chalkidiki, Ouranopolis","13693.0","15.07.2026 - 29.07.2026","15 dni/14 nocy","","4.1","4.1","52","tripadvisor","Все аэропорты","2026-07-13T00:01:46.383681+00:00","https://fly.pl/oferta/grecja-wczasy/?filter[dest]=14:&filter[hotelids]=&filter[cityids]=&filter[cregids]=&filter[ofrType]=&filter[addObjType]=&filter[whenFrom]=13-07-2026&filter[whenTo]=12-08-2026&filter[duration]=13:16&filter[from]=&filter[person]=2&filter[child]=1&filter[price]=4000:20000&filter[PriceFrom]=4000&filter[PriceTo]=20000&filter[addCategory]=40&filter[addCatering]=1&filter[addMisc]=0&filter[addTransport]=F&filter[fp]=1&order_by=ofr_price&filter[tourOperator]=0&filter[childAge][1]=20201210","https://fly.pl/cdn/photo/assets/uploads/582/278/2015/04/Alexandros-Palace-fly-pl.jpg","https://fly.pl/wycieczka/grecja,chalkidiki,ouranopolis/alexandros-palace/pFmclifpYf7oGMsR-2OaObAAogPD_gybwXetvjtVyajmaLX0T3fETbnM5YrCx7P3_-nVAqBEdSQ1Mw69XQ0gZI_WpQQVgvYANyQlwKFwQVAFgBVgIdsgIPE0CFBFuWgAFLg0xhAF6nMFKFHlMATJHATQHShjkN6ObLCCAAUfOJnMvnAQESYwECYwECCz4QE5A/ofertasv/?filter[tourOperator]=GRCS&filter%5Bperson%5D=2&filter%5BchildAge%5D%5B1%5D=20201210&filter%5Bchild%5D=1"
"Maistrali (Tragaki) Grecja, Zakynthos, Tragaki","13752.0","21.07.2026 - 04.08.2026","15 dni/14 nocy","","4.4","4.4","430","tripadvisor","Все аэропорты","2026-07-13T00:01:46.383681+00:00","https://fly.pl/oferta/grecja-wczasy/?filter[dest]=14:&filter[hotelids]=&filter[cityids]=&filter[cregids]=&filter[ofrType]=&filter[addObjType]=&filter[whenFrom]=13-07-2026&filter[whenTo]=12-08-2026&filter[duration]=13:16&filter[from]=&filter[person]=2&filter[child]=1&filter[price]=4000:20000&filter[PriceFrom]=4000&filter[PriceTo]=20000&filter[addCategory]=40&filter[addCatering]=1&filter[addMisc]=0&filter[addTransport]=F&filter[fp]=1&order_by=ofr_price&filter[tourOperator]=0&filter[childAge][1]=20201210","https://fly.pl/cdn/photo/assets/uploads/582/278/2017/09/Maistrali-Tragaki-fly-pl-4.jpg","https://fly.pl/wycieczka/grecja,zakynthos,tragaki/maistrali-tragaki/pJebDoE-oK_2P2eLKh8z_DAAog0Mn8H-wBSVzx043ABmSGY_YEGb3zt1_C12BOzPL0U6wqBEdSQ1Mw69XQ0gZIuGtQQVi_AWADckBcChcEFQBYAVYCQMoGHTwPDlvMf16qfEuPGGEAUqtPUwBM2_ZMAcGfPA2AzsgIIABR09jIsaICARJjAQJjAQILC8cnUg/ofertasv/?filter[tourOperator]=GRCS&filter%5Bperson%5D=2&filter%5BchildAge%5D%5B1%5D=20201210&filter%5Bchild%5D=1"
"Golden Odyssey Grecja, Rodos, Kolymbia","13819.0","24.07.2026 - 07.08.2026","15 dni/14 nocy","","3.7","3.7","1980","tripadvisor","Все аэропорты","2026-07-13T00:01:46.383681+00:00","https://fly.pl/oferta/grecja-wczasy/?filter[dest]=14:&filter[hotelids]=&filter[cityids]=&filter[cregids]=&filter[ofrType]=&filter[addObjType]=&filter[whenFrom]=13-07-2026&filter[whenTo]=12-08-2026&filter[duration]=13:16&filter[from]=&filter[person]=2&filter[child]=1&filter[price]=4000:20000&filter[PriceFrom]=4000&filter[PriceTo]=20000&filter[addCategory]=40&filter[addCatering]=1&filter[addMisc]=0&filter[addTransport]=F&filter[fp]=1&order_by=ofr_price&filter[tourOperator]=0&filter[childAge][1]=20201210","https://fly.pl/cdn/photo/assets/uploads/582/278/2014/11/Golden-Odyssey.jpg","https://fly.pl/wycieczka/grecja,rodos,kolymbia/golden-odyssey/poUaolD7Ux5rY6Qz-9By6IAAogbXlkr_ODJh9TaoE8W2hz0dmJpJOs1mB8V2-wp786nc0qBEdSQ1Mw69XQ0gZI-2tQQViHAmADckJcChcEFQBYAVYCHakFDwxAlQFbloABS69LYQBe-zBSkRNTAEzE0zkB6uhFDZr80gggAFH5yqXt3gEBEmMBAmMBAwvkYLG9/ofertasv/?filter[tourOperator]=GRCS&filter%5Bperson%5D=2&filter%5BchildAge%5D%5B1%5D=20201210&filter%5Bchild%5D=1"
"Olympian Bay Grand Resort (ex. Bomo Olympus Grand Resort) Grecja, Riwiera Olimpijska, Leptokaria","13881.0","18.07.2026 - 01.08.2026","15 dni/14 nocy","","4.0","4.0","579","tripadvisor","Все аэропорты","2026-07-13T00:01:46.383681+00:00","https://fly.pl/oferta/grecja-wczasy/?filter[dest]=14:&filter[hotelids]=&filter[cityids]=&filter[cregids]=&filter[ofrType]=&filter[addObjType]=&filter[whenFrom]=13-07-2026&filter[whenTo]=12-08-2026&filter[duration]=13:16&filter[from]=&filter[person]=2&filter[child]=1&filter[price]=4000:20000&filter[PriceFrom]=4000&filter[PriceTo]=20000&filter[addCategory]=40&filter[addCatering]=1&filter[addMisc]=0&filter[addTransport]=F&filter[fp]=1&order_by=ofr_price&filter[tourOperator]=0&filter[childAge][1]=20201210","https://fly.pl/cdn/photo/assets/uploads/582/278/2014/10/Olympian-Bay-Grand-Resort.jpg","https://fly.pl/wycieczka/grecja,riwiera-olimpijska,leptokaria/olympian-bay/pCfduae1djBfNUM_jXR1KBAAogSItJsfLzMXFoxlnSTsRM6YsYLkcvWHnOc5wUIEnXTioqBFJOQlcw69XQ0gZIuWxQQVh3YAJqBEJ3Y0RqFzI5NiwzODAsNDc3LDQ4Myw0ODQsNDg1agc0MDcsNDA4cjefAZ4BnAEVDhcAWAEKBEDEBxHgNhnlIBCbUmG9IUsAUqxOUwAdtKlBDysg74ORCQ0AAgxjAQILCDBHAQ/ofertasv/?filter[tourOperator]=RNBW&filter%5Bperson%5D=2&filter%5BchildAge%5D%5B1%5D=20201210&filter%5Bchild%5D=1"
"Sokol Resort Grecja, Kreta, Plakias","13950.0","23.07.2026 - 05.08.2026","14 dni/13 nocy","","3.3","3.3","20","tripadvisor","Все аэропорты","2026-07-13T00:01:46.383681+00:00","https://fly.pl/oferta/grecja-wczasy/?filter[dest]=14:&filter[hotelids]=&filter[cityids]=&filter[cregids]=&filter[ofrType]=&filter[addObjType]=&filter[whenFrom]=13-07-2026&filter[whenTo]=12-08-2026&filter[duration]=13:16&filter[from]=&filter[person]=2&filter[child]=1&filter[price]=4000:20000&filter[PriceFrom]=4000&filter[PriceTo]=20000&filter[addCategory]=40&filter[addCatering]=1&filter[addMisc]=0&filter[addTransport]=F&filter[fp]=1&order_by=ofr_price&filter[tourOperator]=0&filter[childAge][1]=20201210","https://fly.pl/cdn/photo/assets/uploads/582/278/2022/03/SOKOL-RESORT.jpg","https://fly.pl/wycieczka/grecja,kreta,plakias/sokol-resort-12/p_lP_Gua65df57-rfQPONoAAogcVFqBlLeL7vy9hZQHmRT4fGY0KfDwK3bS_GHBPjV0zMqBEJWUFIw69XQ0gZI_mxQAVjvAWACag1BbGwgaW5jbHVzaXZlciAcEYQ1G5XvBRiIhw65BJ6GEqsEBQGhjbHeAQISYwECC6TDThQ/ofertasv/?filter[tourOperator]=BVPR&filter%5Bperson%5D=2&filter%5BchildAge%5D%5B1%5D=20201210&filter%5Bchild%5D=1"
"Matilda Grecja, Zakynthos, Vasilikos","13957.0","14.07.2026 - 28.07.2026","15 dni/14 nocy","","3.9","3.9","193","tripadvisor","Все аэропорты","2026-07-13T00:01:46.383681+00:00","https://fly.pl/oferta/grecja-wczasy/?filter[dest]=14:&filter[hotelids]=&filter[cityids]=&filter[cregids]=&filter[ofrType]=&filter[addObjType]=&filter[whenFrom]=13-07-2026&filter[whenTo]=12-08-2026&filter[duration]=13:16&filter[from]=&filter[person]=2&filter[child]=1&filter[price]=4000:20000&filter[PriceFrom]=4000&filter[PriceTo]=20000&filter[addCategory]=40&filter[addCatering]=1&filter[addMisc]=0&filter[addTransport]=F&filter[fp]=1&order_by=ofr_price&filter[tourOperator]=0&filter[childAge][1]=20201210","https://fly.pl/cdn/photo/assets/uploads/582/278/2016/11/Matilda.jpg","https://fly.pl/wycieczka/grecja,zakynthos,vasilikos/matilda/pnxzbacZbfRtiW0S65Rpd9AAogHGdEyTNaXIqumyET_BGDh-Woyy6bHiGRRwxi3jSoz7IqBFZJVFgw69XQ0gZIhW1QQVgXYAJyQBoAXAoVBBcAWAFAjwNbv4MBYbZRSwBeiCtSumdTAEzBiDkg1NuYCQ0AXYyX3YWtAU-46eirdVGY2wICDWMBAgyKBbyk/ofertasv/?filter[tourOperator]=VITX&filter%5Bperson%5D=2&filter%5BchildAge%5D%5B1%5D=20201210&filter%5Bchild%5D=1"
"Dion Palace Grecja, Riwiera Olimpijska, LITOCHORO-PIERIA","14001.0","15.07.2026 - 29.07.2026","15 dni/14 nocy","","4.0","4.0","1118","tripadvisor","Все аэропорты","2026-07-13T00:01:46.383681+00:00","https://fly.pl/oferta/grecja-wczasy/?filter[dest]=14:&filter[hotelids]=&filter[cityids]=&filter[cregids]=&filter[ofrType]=&filter[addObjType]=&filter[whenFrom]=13-07-2026&filter[whenTo]=12-08-2026&filter[duration]=13:16&filter[from]=&filter[person]=2&filter[child]=1&filter[price]=4000:20000&filter[PriceFrom]=4000&filter[PriceTo]=20000&filter[addCategory]=40&filter[addCatering]=1&filter[addMisc]=0&filter[addTransport]=F&filter[fp]=1&order_by=ofr_price&filter[tourOperator]=0&filter[childAge][1]=20201210","https://fly.pl/cdn/photo/assets/uploads/582/278/2014/10/Dion-Palace.jpg","https://fly.pl/wycieczka/grecja,riwiera-olimpijska,litochoro-pieria/dion-palace/pEb9s6iR7rt-6ZcjUMlR1TAAoggmiRWY3Iox-PWHDstm1ifUT3fETbnM5YrCx7P3_-nVAqBEdSQ1Mw69XQ0gZIsW1QQVgvYANyQlwKFwQVAFgBVgIdsgIPE0CFBFuWgAFLg0xhAF6nMFKFHlMATJHATQGMhTkNrujLCCAAUeywpMvnAQESYwECYwECDAjHt4Q/ofertasv/?filter[tourOperator]=GRCS&filter%5Bperson%5D=2&filter%5BchildAge%5D%5B1%5D=20201210&filter%5Bchild%5D=1"
"Krini Beach (ex. Bomo) Grecja, Kreta Zachodnia, Sfakaki","14057.0","19.07.2026 - 02.08.2026","15 dni/14 nocy","","3.8","3.8","170","tripadvisor","Все аэропорты","2026-07-13T00:01:46.383681+00:00","https://fly.pl/oferta/grecja-wczasy/?filter[dest]=14:&filter[hotelids]=&filter[cityids]=&filter[cregids]=&filter[ofrType]=&filter[addObjType]=&filter[whenFrom]=13-07-2026&filter[whenTo]=12-08-2026&filter[duration]=13:16&filter[from]=&filter[person]=2&filter[child]=1&filter[price]=4000:20000&filter[PriceFrom]=4000&filter[PriceTo]=20000&filter[addCategory]=40&filter[addCatering]=1&filter[addMisc]=0&filter[addTransport]=F&filter[fp]=1&order_by=ofr_price&filter[tourOperator]=0&filter[childAge][1]=20201210","https://fly.pl/cdn/photo/assets/uploads/582/278/2015/12/Krini-Beach.jpg","https://fly.pl/wycieczka/grecja,kreta-zachodnia,sfakaki/krini-beach/pJUv6lRxA29AAODNfmaRH_AAogrXAGbsYq2_NSCdqskhKfZCCsEhkRlR7KT0NX-saSp4EqBFZJVFgw69XQ0gZI6W1QQViPAWACcj0aAFwKFQQXAFgBQI8DU6B7UgBb3wxe_ndLeGEATOXuOSD325gJDQBR4L22nWVP34QOXYyeroZrAg1jAQIMWfXRdg/ofertasv/?filter[tourOperator]=VITX&filter%5Bperson%5D=2&filter%5BchildAge%5D%5B1%5D=20201210&filter%5Bchild%5D=1"
"Summer Beach Grecja, Kreta Zachodnia, Georgioupolis","14139.0","26.07.2026 - 10.08.2026","16 dni/14 nocy","","3.6","3.6","303","tripadvisor","Все аэропорты","2026-07-13T00:01:46.383681+00:00","https://fly.pl/oferta/grecja-wczasy/?filter[dest]=14:&filter[hotelids]=&filter[cityids]=&filter[cregids]=&filter[ofrType]=&filter[addObjType]=&filter[whenFrom]=13-07-2026&filter[whenTo]=12-08-2026&filter[duration]=13:16&filter[from]=&filter[person]=2&filter[child]=1&filter[price]=4000:20000&filter[PriceFrom]=4000&filter[PriceTo]=20000&filter[addCategory]=40&filter[addCatering]=1&filter[addMisc]=0&filter[addTransport]=F&filter[fp]=1&order_by=ofr_price&filter[tourOperator]=0&filter[childAge][1]=20201210","https://fly.pl/cdn/photo/assets/uploads/582/278/2017/12/Summer-Beach-fly-pl.jpg","https://fly.pl/wycieczka/grecja,kreta-zachodnia,georgioupolis/summer-beach/pU-zh_aRwZZQqhVUEo-sXDAAog2r1a3Slsf3X8Fon5jTlbTQAAAADQwQQA7MEEAA4AAQAqBFdFWlkw69XQ0gZIu25QQVi3AmADagtSeWFuYWlyIFN1bmoEMDA0MGoEMDExNWoEMDMzMHJAngGUAZUBmAEfAAIBHAAWBBcJEqUEE7YLQLhxS8okUABMuApPABGFuwEbyjAd3ucPIBwNisvBCQESYwENYwECDAmZlz0/ofertasv/?filter[tourOperator]=WEZY&filter%5Bperson%5D=2&filter%5BchildAge%5D%5B1%5D=20201210&filter%5Bchild%5D=1"
"Planos Beach Grecja, Zakynthos, Planos","14139.0","24.07.2026 - 07.08.2026","15 dni/14 nocy","","4.1","4.1","596","tripadvisor","Все аэропорты","2026-07-13T00:01:46.383681+00:00","https://fly.pl/oferta/grecja-wczasy/?filter[dest]=14:&filter[hotelids]=&filter[cityids]=&filter[cregids]=&filter[ofrType]=&filter[addObjType]=&filter[whenFrom]=13-07-2026&filter[whenTo]=12-08-2026&filter[duration]=13:16&filter[from]=&filter[person]=2&filter[child]=1&filter[price]=4000:20000&filter[PriceFrom]=4000&filter[PriceTo]=20000&filter[addCategory]=40&filter[addCatering]=1&filter[addMisc]=0&filter[addTransport]=F&filter[fp]=1&order_by=ofr_price&filter[tourOperator]=0&filter[childAge][1]=20201210","https://fly.pl/cdn/photo/assets/uploads/582/278/2014/09/PLANOS-BEACH-HOTEL.jpg","https://fly.pl/wycieczka/grecja,zakynthos,planos/planos-beach/pZ4KIQUsnZk4YCnUzRHZXoAAogPZyAgFFV1V6JpM5GOgw1Ry3xrAz8fsCj1qt4MHpkbRMqBEdSQ1Mw69XQ0gZIu25QQViHAmACagMwMTVqAzAzNXI-nQGPAVwKFQQXAFgBVgJAygZbloABS4NMYQBepzBSumdTAEyb_zgBurNUDcqxxAggAFG2i9KxogIBEmMCAmNSBQDO/ofertasv/?filter[tourOperator]=GRCS&filter%5Bperson%5D=2&filter%5BchildAge%5D%5B1%5D=20201210&filter%5Bchild%5D=1"
"Sunshine Corfu & Spa Grecja, Korfu, Nisaki","14157.0","18.07.2026 - 01.08.2026","15 dni/14 nocy","","3.4","3.4","1626","tripadvisor","Все аэропорты","2026-07-13T00:01:46.383681+00:00","https://fly.pl/oferta/grecja-wczasy/?filter[dest]=14:&filter[hotelids]=&filter[cityids]=&filter[cregids]=&filter[ofrType]=&filter[addObjType]=&filter[whenFrom]=13-07-2026&filter[whenTo]=12-08-2026&filter[duration]=13:16&filter[from]=&filter[person]=2&filter[child]=1&filter[price]=4000:20000&filter[PriceFrom]=4000&filter[PriceTo]=20000&filter[addCategory]=40&filter[addCatering]=1&filter[addMisc]=0&filter[addTransport]=F&filter[fp]=1&order_by=ofr_price&filter[tourOperator]=0&filter[childAge][1]=20201210","https://fly.pl/cdn/photo/assets/uploads/582/278/2009/04/Sunshine-Corfu216.jpg","https://fly.pl/wycieczka/grecja,korfu,nisaki/sunshine-corfu/p9Wlg9KvvCbKxqTPppLrEGAAogTeeIGJGPCug4kSE7nGG0VK39a0oFyTZzHyswRYaaLeAqBFZJVFgw69XQ0gZIzW5QQVh3YAJyPxoAXAoVBBcAWAFAjwNT3HpSAFvjCF6-fEvJSGEATJSnOSD225gJDQBRyrmS52RP2pMLXZjikuykAQIMYwECCyNOsQ0/ofertasv/?filter[tourOperator]=VITX&filter%5Bperson%5D=2&filter%5BchildAge%5D%5B1%5D=20201210&filter%5Bchild%5D=1"
"Porto Planos Beach Grecja, Zakynthos, Tsilivi","14186.0","19.07.2026 - 02.08.2026","15 dni/14 nocy","","3.9","3.9","305","tripadvisor","Все аэропорты","2026-07-13T00:01:46.383681+00:00","https://fly.pl/oferta/grecja-wczasy/?filter[dest]=14:&filter[hotelids]=&filter[cityids]=&filter[cregids]=&filter[ofrType]=&filter[addObjType]=&filter[whenFrom]=13-07-2026&filter[whenTo]=12-08-2026&filter[duration]=13:16&filter[from]=&filter[person]=2&filter[child]=1&filter[price]=4000:20000&filter[PriceFrom]=4000&filter[PriceTo]=20000&filter[addCategory]=40&filter[addCatering]=1&filter[addMisc]=0&filter[addTransport]=F&filter[fp]=1&order_by=ofr_price&filter[tourOperator]=0&filter[childAge][1]=20201210","https://fly.pl/cdn/photo/assets/uploads/582/278/2017/10/Porto-Planos-Beach-fly-pl-1.jpg","https://fly.pl/wycieczka/grecja,zakynthos,tsilivi/porto-planos-beach/p8tkcnJbsuxaJ7AvdATf75AAog5dztgQsn6vDgmqyb0NWbTVku12KMbGFUb-pgdOzoURMqBEdSQ1Mw69XQ0gZI6m5QQViPAWADckJcChcEFQBYAVYCHfIDDxFAxwJbtIMBS-VIYQBepzBSumdTAEzb9kwBteA2DYqNzgggAFG2rtKxogIBEmMBAmMBAgwDY44F/ofertasv/?filter[tourOperator]=GRCS&filter%5Bperson%5D=2&filter%5BchildAge%5D%5B1%5D=20201210&filter%5Bchild%5D=1"
"Ilianthos Village Grecja, Kreta Zachodnia, Agia Marina","14232.0","26.07.2026 - 10.08.2026","16 dni/14 nocy","","3.7","3.7","29","tripadvisor","Все аэропорты","2026-07-13T00:01:46.383681+00:00","https://fly.pl/oferta/grecja-wczasy/?filter[dest]=14:&filter[hotelids]=&filter[cityids]=&filter[cregids]=&filter[ofrType]=&filter[addObjType]=&filter[whenFrom]=13-07-2026&filter[whenTo]=12-08-2026&filter[duration]=13:16&filter[from]=&filter[person]=2&filter[child]=1&filter[price]=4000:20000&filter[PriceFrom]=4000&filter[PriceTo]=20000&filter[addCategory]=40&filter[addCatering]=1&filter[addMisc]=0&filter[addTransport]=F&filter[fp]=1&order_by=ofr_price&filter[tourOperator]=0&filter[childAge][1]=20201210","https://fly.pl/cdn/photo/assets/uploads/582/278/2015/03/Ilianthos-Village-Luxury.jpg","https://fly.pl/wycieczka/grecja,kreta-zachodnia,agia-marina/ilianthos-village-luxury/pX3ZuuBmduk-w3UdL-RDKuAAogtiE_ySXajT6tmq6NnLYQuwAAAADQwQQA7MEEAA4AAQAqBFdFWlkw69XQ0gZImG9QQVi3AmADagtSeWFuYWlyIFN1bmoEMDA0MGoEMDExNWoEMDMzMHJBngGUAZUBmAEfAAIBHAAWBBcJEqUEE7YLQLhxS8okUABMuApPABHcwgId0ZAPIBwbk-hIDffi-AgBEmMBDmMBAg1QaPTk/ofertasv/?filter[tourOperator]=WEZY&filter%5Bperson%5D=2&filter%5BchildAge%5D%5B1%5D=20201210&filter%5Bchild%5D=1"
"Costa Konte Beach Resort Grecja, Rodos, Jennadi","14285.0","20.07.2026 - 03.08.2026","15 dni/14 nocy","","","","","","Все аэропорты","2026-07-13T00:01:46.383681+00:00","https://fly.pl/oferta/grecja-wczasy/?filter[dest]=14:&filter[hotelids]=&filter[cityids]=&filter[cregids]=&filter[ofrType]=&filter[addObjType]=&filter[whenFrom]=13-07-2026&filter[whenTo]=12-08-2026&filter[duration]=13:16&filter[from]=&filter[person]=2&filter[child]=1&filter[price]=4000:20000&filter[PriceFrom]=4000&filter[PriceTo]=20000&filter[addCategory]=40&filter[addCatering]=1&filter[addMisc]=0&filter[addTransport]=F&filter[fp]=1&order_by=ofr_price&filter[tourOperator]=0&filter[childAge][1]=20201210","https://datacfstatic.merlinx.pl/RNBW/IMG/8726/46f728e70324079c8c64aae3d4901d4e569294753781974a949593e5a02c3bc0.webp","https://fly.pl/wycieczka/grecja,rodos,jennadi/costa-konte-beach-resort-13/ptzFyLxr6MvNKFUpiVTWmMAAogAx-5n0pz7zrU-cbhFhKo4a6YNaJx7XvnYnSvVrt1_8EqBFJOQlcw69XQ0gZIzW9QQVinAWACagRCd2NEahcyOTYsMzgwLDQ3Nyw0ODMsNDg0LDQ4NXI1nwGeARUOFwBYAQoEQMQHEb88GZYbELZmUspQUwBLuDVhAA_T1T8dKyCOrZIJDQACDGMBAgtYp-r6/ofertasv/?filter[tourOperator]=RNBW&filter%5Bperson%5D=2&filter%5BchildAge%5D%5B1%5D=20201210&filter%5Bchild%5D=1"
"White Olive Premium Cameo (ex. Zante Blue Beach) Grecja, Tinos, Aghios Sostis","14357.0","28.07.2026 - 11.08.2026","15 dni/14 nocy","","3.2","3.2","119","tripadvisor","Все аэропорты","2026-07-13T00:01:46.383681+00:00","https://fly.pl/oferta/grecja-wczasy/?filter[dest]=14:&filter[hotelids]=&filter[cityids]=&filter[cregids]=&filter[ofrType]=&filter[addObjType]=&filter[whenFrom]=13-07-2026&filter[whenTo]=12-08-2026&filter[duration]=13:16&filter[from]=&filter[person]=2&filter[child]=1&filter[price]=4000:20000&filter[PriceFrom]=4000&filter[PriceTo]=20000&filter[addCategory]=40&filter[addCatering]=1&filter[addMisc]=0&filter[addTransport]=F&filter[fp]=1&order_by=ofr_price&filter[tourOperator]=0&filter[childAge][1]=20201210","https://fly.pl/cdn/photo/assets/uploads/582/278/2015/04/Zante-Blue-Beach-fly-pl.jpg","https://fly.pl/wycieczka/grecja,zakynthos,agios-sostis/turtle-beach-ex-arkadianos/pl6TGdPvCUyXbJLuAy8_g4AAog2PUQZG_kGjZzcacdaXLJrN1-_j_ARDPSN765HFbM2xsqBFZJVFgw69XQ0gZIlXBQQVjnAmACckAaAFwKFQQXAFgBQI8DW72XAWHFN0sAXvswUrpnUwBM-4c5IKjcmAkNAF3-8IWpqAFR0KumiHpPvI8YAgxjAQILpYUt-A/ofertasv/?filter[tourOperator]=VITX&filter%5Bperson%5D=2&filter%5BchildAge%5D%5B1%5D=20201210&filter%5Bchild%5D=1"
"Eri Village Grecja, Kreta Zachodnia, Hersonissos","14396.0","15.07.2026 - 29.07.2026","15 dni/14 nocy","","","","","","Все аэропорты","2026-07-13T00:01:46.383681+00:00","https://fly.pl/oferta/grecja-wczasy/?filter[dest]=14:&filter[hotelids]=&filter[cityids]=&filter[cregids]=&filter[ofrType]=&filter[addObjType]=&filter[whenFrom]=13-07-2026&filter[whenTo]=12-08-2026&filter[duration]=13:16&filter[from]=&filter[person]=2&filter[child]=1&filter[price]=4000:20000&filter[PriceFrom]=4000&filter[PriceTo]=20000&filter[addCategory]=40&filter[addCatering]=1&filter[addMisc]=0&filter[addTransport]=F&filter[fp]=1&order_by=ofr_price&filter[tourOperator]=0&filter[childAge][1]=20201210","https://datacfstatic.merlinx.pl/OREX/IMG/7118/3727f247f3bc34f6379b2a0ce4425b14fc94fb5da75d13b39ce337407f9516d9.webp","https://fly.pl/wycieczka/grecja,kreta-zachodnia,hersonissos/eri-village-9/pOGi3WUXDK9bmMNwb46PUeAAogtmCcNeWaj1yQPwk5aAF-M5BV1cbHR-mpOAg9tq3pxt0qBE9SRVgw69XQ0gZIvHBQQVgvYAJqBkM1LjIuMWoDMDFZagMwMllyNJsBnQGPAVwKFQQXAFgBVgJAygYR8zBT1XhSAF74UkvtQ2EATOWMOiD--pcJDQACEmMBBQoc_YSq/ofertasv/?filter[tourOperator]=OREX&filter%5Bperson%5D=2&filter%5BchildAge%5D%5B1%5D=20201210&filter%5Bchild%5D=1"
"Eri Beach Grecja, Kreta Wschodnia, Hersonissos","14396.0","15.07.2026 - 29.07.2026","15 dni/14 nocy","","3.1","3.1","827","tripadvisor","Все аэропорты","2026-07-13T00:01:46.383681+00:00","https://fly.pl/oferta/grecja-wczasy/?filter[dest]=14:&filter[hotelids]=&filter[cityids]=&filter[cregids]=&filter[ofrType]=&filter[addObjType]=&filter[whenFrom]=13-07-2026&filter[whenTo]=12-08-2026&filter[duration]=13:16&filter[from]=&filter[person]=2&filter[child]=1&filter[price]=4000:20000&filter[PriceFrom]=4000&filter[PriceTo]=20000&filter[addCategory]=40&filter[addCatering]=1&filter[addMisc]=0&filter[addTransport]=F&filter[fp]=1&order_by=ofr_price&filter[tourOperator]=0&filter[childAge][1]=20201210","https://datacfstatic.merlinx.pl/OREX/IMG/1150/7d70de9ab65d01cbbc05ce2f702c1170a6a16fc518842f815e419901c4c0cca5.webp","https://fly.pl/wycieczka/grecja,kreta-wschodnia,hersonissos/eri-beach-12/pGdHHuF_pmBFJIhGxWhC5NAAogWyguT32zCStNYHQsQuZ9_ZBV1cbHR-mpOAg9tq3pxt0qBE9SRVgw69XQ0gZIvHBQQVgvYAJqBkM1LjIuMWoDMDFZagMwMllyNZsBnQGPAVwKFQQXAFgBVgJAygYRowJTpacBUgBe-FJL7UNhAEzljDog_vqXCQ0AAhJjAQUKU8OdFg/ofertasv/?filter[tourOperator]=OREX&filter%5Bperson%5D=2&filter%5BchildAge%5D%5B1%5D=20201210&filter%5Bchild%5D=1"
"Evita Bay","14406.0","17.07.2026 - 31.07.2026","15 dni/14 nocy","","3.5","3.5","398","tripadvisor","Все аэропорты","2026-07-13T00:01:46.383681+00:00","https://fly.pl/oferta/grecja-wczasy/?filter[dest]=14:&filter[hotelids]=&filter[cityids]=&filter[cregids]=&filter[ofrType]=&filter[addObjType]=&filter[whenFrom]=13-07-2026&filter[whenTo]=12-08-2026&filter[duration]=13:16&filter[from]=&filter[person]=2&filter[child]=1&filter[price]=4000:20000&filter[PriceFrom]=4000&filter[PriceTo]=20000&filter[addCategory]=40&filter[addCatering]=1&filter[addMisc]=0&filter[addTransport]=F&filter[fp]=1&order_by=ofr_price&filter[tourOperator]=0&filter[childAge][1]=20201210","https://fly.pl/cdn/photo/assets/uploads/582/278/2019/05/EVITA-BAY-HOTEL.jpg","https://fly.pl/wycieczka/grecja,rodos,faliraki/evita-bay/pR60N6-bBnriFInaI-auM2AAogaS80WLFEGzcRZ-DwL56xRIZYQ9UMPNbK-ZuWoqPV8vUqBEdSQ1Mw79XQ0gZIxnBQQVhfYANyQlwKFwQVAFgBVgIdqAUPFUCNAVuWgAFLr0thAF77MFKRE1MATIXLTQG09TENiPjSCCAAUbG1oO3eAQESYwECYwECDA4fQPA/ofertasv/?filter[tourOperator]=GRCS&filter%5Bperson%5D=2&filter%5BchildAge%5D%5B1%5D=20201210&filter%5Bchild%5D=1"
"Laguna Holiday Resort","14557.0","18.07.2026 - 01.08.2026","15 dni/14 nocy","","4.2","4.2","1055","tripadvisor","Все аэропорты","2026-07-13T00:01:46.383681+00:00","https://fly.pl/oferta/grecja-wczasy/?filter[dest]=14:&filter[hotelids]=&filter[cityids]=&filter[cregids]=&filter[ofrType]=&filter[addObjType]=&filter[whenFrom]=13-07-2026&filter[whenTo]=12-08-2026&filter[duration]=13:16&filter[from]=&filter[person]=2&filter[child]=1&filter[price]=4000:20000&filter[PriceFrom]=4000&filter[PriceTo]=20000&filter[addCategory]=40&filter[addCatering]=1&filter[addMisc]=0&filter[addTransport]=F&filter[fp]=1&order_by=ofr_price&filter[tourOperator]=0&filter[childAge][1]=20201210","https://fly.pl/cdn/photo/assets/uploads/582/278/2019/09/Laguna-Holiday-Resort-fly-pl.jpg","https://fly.pl/wycieczka/grecja,korfu,agios-spyridon/laguna-holiday-resort-9/pr_wxt4r05AvoiMbbasz7fAAogaN_kg0AO1iKgbiAR3a11OK39a0oFyTZzHyswRYaaLeAqBFZJVFgw79XQ0gZI3XFQQVh3YAJyPxoAXAoVBBcAWAFAjwNT3HpSAFu7Cl7mekvJSGEATJSnOSD225gJDQBRyvX85mRP2tcgXZjikuykAQIMYwECC2bMprc/ofertasv/?filter[tourOperator]=VITX&filter%5Bperson%5D=2&filter%5BchildAge%5D%5B1%5D=20201210&filter%5Bchild%5D=1"
"Semiramis Village (Hersonissos)","14595.0","29.07.2026 - 12.08.2026","15 dni/14 nocy","","3.4","3.4","871","tripadvisor","Все аэропорты","2026-07-13T00:01:46.383681+00:00","https://fly.pl/oferta/grecja-wczasy/?filter[dest]=14:&filter[hotelids]=&filter[cityids]=&filter[cregids]=&filter[ofrType]=&filter[addObjType]=&filter[whenFrom]=13-07-2026&filter[whenTo]=12-08-2026&filter[duration]=13:16&filter[from]=&filter[person]=2&filter[child]=1&filter[price]=4000:20000&filter[PriceFrom]=4000&filter[PriceTo]=20000&filter[addCategory]=40&filter[addCatering]=1&filter[addMisc]=0&filter[addTransport]=F&filter[fp]=1&order_by=ofr_price&filter[tourOperator]=0&filter[childAge][1]=20201210","https://fly.pl/cdn/photo/assets/uploads/582/278/2014/07/Semiramis-Village.jpg","https://fly.pl/wycieczka/grecja,kreta,hersonissos/semiramis-village/pGUTAF_5FL3ICy-JaBWK_jAAogU6Lsc-IxwYI4QQ2TPGBhh_LQwRMAxDf0bRTdOqQbHT0qBEJWQkUw79XQ0gZIg3JQAVj_AmACagJBSXIhHBGtngEb8JI8GPv3EqsEl_4nuQQZAY7bxeYCAhJjAQIIk6eTeA/ofertasv/?filter[tourOperator]=BVBE&filter%5Bperson%5D=2&filter%5BchildAge%5D%5B1%5D=20201210&filter%5Bchild%5D=1"
"Blue Waters","14613.0","27.07.2026 - 10.08.2026","15 dni/14 nocy","","4.7","4.7","123","tripadvisor","Все аэропорты","2026-07-13T00:01:46.383681+00:00","https://fly.pl/oferta/grecja-wczasy/?filter[dest]=14:&filter[hotelids]=&filter[cityids]=&filter[cregids]=&filter[ofrType]=&filter[addObjType]=&filter[whenFrom]=13-07-2026&filter[whenTo]=12-08-2026&filter[duration]=13:16&filter[from]=&filter[person]=2&filter[child]=1&filter[price]=4000:20000&filter[PriceFrom]=4000&filter[PriceTo]=20000&filter[addCategory]=40&filter[addCatering]=1&filter[addMisc]=0&filter[addTransport]=F&filter[fp]=1&order_by=ofr_price&filter[tourOperator]=0&filter[childAge][1]=20201210","https://datacfstatic.merlinx.pl/GRCS/IMG/PVKBLWA/0c18870244708606c4979b111ced9f647c4d38cc794aa7dec7ce703e6ad62310.webp","https://fly.pl/wycieczka/grecja,epirus,kanali/blue-waters-14/p-7VXK9aA2O6TW9hPMoA2wAAogwQXuVdgj9AhmIqhL1mSXYB3heqSpLkmZe-871Nem3jYqBEdSQ1Mw79XQ0gZIlXJQQVjPAmACagMwNjZqAzA3NnI-nQGPAVwKFQQXAFgBVgJAygZewPwBU-UCUgBLnA9hAFuqDUyqxzkByY1TIL7XxQgNAFGjuNjh0QEBEmMCAmNmmGz6/ofertasv/?filter[tourOperator]=GRCS&filter%5Bperson%5D=2&filter%5BchildAge%5D%5B1%5D=20201210&filter%5Bchild%5D=1"
"Miramare Eretria","14649.0","29.07.2026 - 12.08.2026","15 dni/14 nocy","","4.4","4.4","262","tripadvisor","Все аэропорты","2026-07-13T00:01:46.383681+00:00","https://fly.pl/oferta/grecja-wczasy/?filter[dest]=14:&filter[hotelids]=&filter[cityids]=&filter[cregids]=&filter[ofrType]=&filter[addObjType]=&filter[whenFrom]=13-07-2026&filter[whenTo]=12-08-2026&filter[duration]=13:16&filter[from]=&filter[person]=2&filter[child]=1&filter[price]=4000:20000&filter[PriceFrom]=4000&filter[PriceTo]=20000&filter[addCategory]=40&filter[addCatering]=1&filter[addMisc]=0&filter[addTransport]=F&filter[fp]=1&order_by=ofr_price&filter[tourOperator]=0&filter[childAge][1]=20201210","https://fly.pl/cdn/photo/assets/uploads/582/278/2015/10/Hotel-Miramare-Eretria.jpg","https://fly.pl/wycieczka/grecja,evia,eretria/miramare-eretria/p8K91jRho7H6ZUuOEuNYTgAAog_nEPKVLWypZ_rG6mm2T6jvZm49aIDIpL9e6TN7x-coQqBEdSQ1Mw79XQ0gZIuXJQQVj_AmADcj5cChcEFQBYAVYCHa4GDwtAEVLqZlMAW6wZXqp8S3hhAEzd5TkB35xLDarIzQggAFH9i6fUVwESYwECYwECBjoVWTU/ofertasv/?filter[tourOperator]=GRCS&filter%5Bperson%5D=2&filter%5BchildAge%5D%5B1%5D=20201210&filter%5Bchild%5D=1"
"Chrousso Village","14674.0","18.07.2026 - 01.08.2026","15 dni/14 nocy","","4.0","4.0","642","tripadvisor","Все аэропорты","2026-07-13T00:01:46.383681+00:00","https://fly.pl/oferta/grecja-wczasy/?filter[dest]=14:&filter[hotelids]=&filter[cityids]=&filter[cregids]=&filter[ofrType]=&filter[addObjType]=&filter[whenFrom]=13-07-2026&filter[whenTo]=12-08-2026&filter[duration]=13:16&filter[from]=&filter[person]=2&filter[child]=1&filter[price]=4000:20000&filter[PriceFrom]=4000&filter[PriceTo]=20000&filter[addCategory]=40&filter[addCatering]=1&filter[addMisc]=0&filter[addTransport]=F&filter[fp]=1&order_by=ofr_price&filter[tourOperator]=0&filter[childAge][1]=20201210","https://fly.pl/cdn/photo/assets/uploads/582/278/2015/06/Chrousso-Village.jpg","https://fly.pl/wycieczka/grecja,chalkidiki,paliouri/chrousso-village-2/pabPISUc4MpPrTU_V3e0poAAogm6LXvzl7c0C-i6SAJT1f7bnHuRAzQ3yZ_UKLZdl1bLEqBEdSQ1Mw79XQ0gZI0nJQQVh3YAJyPVwKFwQVAFgBVgIdYw8MQNsFW4SAAV68fEt4YQBSjR1TAEyRwE0B3uw0Dd-A0AggAFGGu6HL5wEBEmMCAmPFoRYP/ofertasv/?filter[tourOperator]=GRCS&filter%5Bperson%5D=2&filter%5BchildAge%5D%5B1%5D=20201210&filter%5Bchild%5D=1"
"Ninos Grand Beach Resort (ex. Preveza Beach)","14693.0","20.07.2026 - 03.08.2026","16 dni/14 nocy","","3.0","3.0","187","tripadvisor","Все аэропорты","2026-07-13T00:01:46.383681+00:00","https://fly.pl/oferta/grecja-wczasy/?filter[dest]=14:&filter[hotelids]=&filter[cityids]=&filter[cregids]=&filter[ofrType]=&filter[addObjType]=&filter[whenFrom]=13-07-2026&filter[whenTo]=12-08-2026&filter[duration]=13:16&filter[from]=&filter[person]=2&filter[child]=1&filter[price]=4000:20000&filter[PriceFrom]=4000&filter[PriceTo]=20000&filter[addCategory]=40&filter[addCatering]=1&filter[addMisc]=0&filter[addTransport]=F&filter[fp]=1&order_by=ofr_price&filter[tourOperator]=0&filter[childAge][1]=20201210","https://fly.pl/cdn/photo/assets/uploads/582/278/2015/10/Preveza-Beach.jpg","https://fly.pl/wycieczka/grecja,epirus,kanali-preveza/preveza-beach/pj7bnM0gYmKhyW5K03-0iNAAogd7oKX08qqVgaTLAiEYCN3sq21IQJIX4gxu-SYhgKpaUqBEdSQ1Mw79XQ0gZI5XJQQVinAWADckNcChUEFwBYAVYCD8UBHcMBQMIDW7GXAUvoNGEAXqcwUuUCUwBMsdtNAZWIPw2q5cUIIABR2o3n4dEBARJjAQJjAQIL2mRGFw/ofertasv/?filter[tourOperator]=GRCS&filter%5Bperson%5D=2&filter%5BchildAge%5D%5B1%5D=20201210&filter%5Bchild%5D=1"
"City Green (Hersonissos)","14772.0","19.07.2026 - 02.08.2026","15 dni/14 nocy","","4.0","4.0","839","tripadvisor","Все аэропорты","2026-07-13T00:01:46.383681+00:00","https://fly.pl/oferta/grecja-wczasy/?filter[dest]=14:&filter[hotelids]=&filter[cityids]=&filter[cregids]=&filter[ofrType]=&filter[addObjType]=&filter[whenFrom]=13-07-2026&filter[whenTo]=12-08-2026&filter[duration]=13:16&filter[from]=&filter[person]=2&filter[child]=1&filter[price]=4000:20000&filter[PriceFrom]=4000&filter[PriceTo]=20000&filter[addCategory]=40&filter[addCatering]=1&filter[addMisc]=0&filter[addTransport]=F&filter[fp]=1&order_by=ofr_price&filter[tourOperator]=0&filter[childAge][1]=20201210","https://fly.pl/cdn/photo/assets/uploads/582/278/2018/04/City-Green-Hersonissos-fly-pl.jpg","https://fly.pl/wycieczka/grecja,kreta,hersonissos/city-green-hersonissos-grecja-kreta-grecja/pA5hWYvWQu0SS3iC1H652qAAogn95jiChIfarfWf1J66TvTsD6SsWc96BL1TYwAmLtH-cqBEdSQ1Mw79XQ0gZItHNQQViPAWACcj5cChcEFQBYAVYCHbQFDxNAgwFbgoABUsYpUwBe-FJLeGEATJ3dTQG-wzgNgarMCCAAUYyIs42NAQESYwICY-IMoCM/ofertasv/?filter[tourOperator]=GRCS&filter%5Bperson%5D=2&filter%5BchildAge%5D%5B1%5D=20201210&filter%5Bchild%5D=1"
"Apollo I & II (Georgioupolis)","14786.0","23.07.2026 - 05.08.2026","14 dni/13 nocy","","3.3","3.3","165","tripadvisor","Все аэропорты","2026-07-13T00:01:46.383681+00:00","https://fly.pl/oferta/grecja-wczasy/?filter[dest]=14:&filter[hotelids]=&filter[cityids]=&filter[cregids]=&filter[ofrType]=&filter[addObjType]=&filter[whenFrom]=13-07-2026&filter[whenTo]=12-08-2026&filter[duration]=13:16&filter[from]=&filter[person]=2&filter[child]=1&filter[price]=4000:20000&filter[PriceFrom]=4000&filter[PriceTo]=20000&filter[addCategory]=40&filter[addCatering]=1&filter[addMisc]=0&filter[addTransport]=F&filter[fp]=1&order_by=ofr_price&filter[tourOperator]=0&filter[childAge][1]=20201210","https://fly.pl/cdn/photo/assets/uploads/582/278/2014/07/Apollo-I-II-Georgioupolis.jpg","https://fly.pl/wycieczka/grecja,kreta-zachodnia,georgioupolis/apollo-georgioupolis/p9Q1Vth4BG67fqJjz_hY6fAAogVT2GnYDbTKvnWaf5M0BgAs2j_c9pOFw2C_572PiO0kkqBEJWQkUw79XQ0gZIwnNQAVjvAWACagJBSXIjHBGlswEb0Z8_GNrTFKsE0oAjuQTE-wEBsfDqvAMCEmMBAgw7y0Ve/ofertasv/?filter[tourOperator]=BVBE&filter%5Bperson%5D=2&filter%5BchildAge%5D%5B1%5D=20201210&filter%5Bchild%5D=1"
"Valis Resort","14795.0","29.07.2026 - 12.08.2026","15 dni/14 nocy","","","","","","Все аэропорты","2026-07-13T00:01:46.383681+00:00","https://fly.pl/oferta/grecja-wczasy/?filter[dest]=14:&filter[hotelids]=&filter[cityids]=&filter[cregids]=&filter[ofrType]=&filter[addObjType]=&filter[whenFrom]=13-07-2026&filter[whenTo]=12-08-2026&filter[duration]=13:16&filter[from]=&filter[person]=2&filter[child]=1&filter[price]=4000:20000&filter[PriceFrom]=4000&filter[PriceTo]=20000&filter[addCategory]=40&filter[addCatering]=1&filter[addMisc]=0&filter[addTransport]=F&filter[fp]=1&order_by=ofr_price&filter[tourOperator]=0&filter[childAge][1]=20201210","https://datacfstatic.merlinx.pl/RNBW/IMG/8759/2b8ed3b6f4e85c2410458d2a2f682b00a2214b389f8ea62aef38cc3a24cd772b.webp","https://fly.pl/wycieczka/grecja,tesalia,agria/valis-resort-12/pUTiuf3Bqo2TIyREQwhgTpAAogpS077TX5QlnFDvhm8_-NDSdMdcZ51wsFdXpS2dY2YXgqBFJOQlcw79XQ0gZIy3NQQVj_AmACagRCd2NEahcyOTYsMzgwLDQ3Nyw0ODMsNDg0LDQ4NXI1nwGeARUOFwBYAQoEQMQHEeA8Gc8bEOtmYYMMSwBS8W1TAB3NkEEPKSCe_ZAJDQACDGMBAgt-Zpp_/ofertasv/?filter[tourOperator]=RNBW&filter%5Bperson%5D=2&filter%5BchildAge%5D%5B1%5D=20201210&filter%5Bchild%5D=1"
"Marilena (Ammoudara)","14738.0","27.07.2026 - 10.08.2026","15 dni/14 nocy","","3.4","3.4","779","tripadvisor","Все аэропорты","2026-07-13T00:01:46.383681+00:00","https://fly.pl/oferta/grecja-wczasy/?filter[dest]=14:&filter[hotelids]=&filter[cityids]=&filter[cregids]=&filter[ofrType]=&filter[addObjType]=&filter[whenFrom]=13-07-2026&filter[whenTo]=12-08-2026&filter[duration]=13:16&filter[from]=&filter[person]=2&filter[child]=1&filter[price]=4000:20000&filter[PriceFrom]=4000&filter[PriceTo]=20000&filter[addCategory]=40&filter[addCatering]=1&filter[addMisc]=0&filter[addTransport]=F&filter[fp]=1&order_by=ofr_price&filter[tourOperator]=0&filter[childAge][1]=20201210","https://fly.pl/cdn/photo/assets/uploads/582/278/2009/07/Marilena-Ammoudara2340.jpg","https://fly.pl/wycieczka/grecja,kreta-wschodnia,ammoudara/marilena-ammoudara/XTOPdd86aeX_wYAAHNOYVBwWQGzAQDxUjviCpABCgYIwacQEAESBgi54BMQARp-TVBVVzJHRjIzTjFWNkpNVzVLSUdTOUdCMVBESFJTTEM5QUVXS1RMSkNIVTA2SkE0WDREOVBLNFlTODVEVjRDVEs4OTJHVjg5UE9PMzBJQlFLQTc0Tk1UMzRKNk5NUlAwWENLWERGT0xIVlI4UFZEUVZPT0FXQVgyQ0xNSEM3CoEBCgYIjOcMEAISBgiY5UIQARpvTzU0NTQ0ZDUzMmY0MTRkNTQ1MzQ3NTIzMDQ3NTA1NzJmNTI0ZDUzNTAzMDMwMzAzMDMwMzAyZjQxNDkyZjMxMzQyZjMyMzAzMjM2MzAzNzMyMzcyZjMwMzEzMjMzMzQzNTM2MzczODM5MzAzMTMyCiIKBgiAlgEQARIGCIC3ARABGhBEU1JULTk3LVRSQU5TRkVSCh8KBQjMOhABEgUI80YQARoPRFNSTS05Ny0ycjIyNjcyCiAKBQjAPhABEgUI0EsQARoQRFNSTS05Ny01MHIyMjY3MwohCgUI8lcQARIFCJ1rEAEaEURTUlUtOTctVWJlemJhc2ljGGEoMTIGCLH6WRABOAM/ofertasv/?filter[tourOperator]=XTOP&filter%5Bperson%5D=2&filter%5BchildAge%5D%5B1%5D=20201210&filter%5Bchild%5D=1"
"All Senses Nautica Blue Exclusive Resort & Spa (ex Aegean Breeze)","14820.0","24.07.2026 - 07.08.2026","15 dni/14 nocy","","3.7","3.7","1455","tripadvisor","Все аэропорты","2026-07-13T00:01:46.383681+00:00","https://fly.pl/oferta/grecja-wczasy/?filter[dest]=14:&filter[hotelids]=&filter[cityids]=&filter[cregids]=&filter[ofrType]=&filter[addObjType]=&filter[whenFrom]=13-07-2026&filter[whenTo]=12-08-2026&filter[duration]=13:16&filter[from]=&filter[person]=2&filter[child]=1&filter[price]=4000:20000&filter[PriceFrom]=4000&filter[PriceTo]=20000&filter[addCategory]=40&filter[addCatering]=1&filter[addMisc]=0&filter[addTransport]=F&filter[fp]=1&order_by=ofr_price&filter[tourOperator]=0&filter[childAge][1]=20201210","https://fly.pl/cdn/photo/assets/uploads/582/278/2014/11/Aegean-Breeze-Resort-ex-Medblue-Fanes-fly-pl.jpg","https://fly.pl/wycieczka/grecja,rodos,fanes/medblue-fanes-ex-nautica-blue/p-9J3Kb1aocS_ftKJeBZFfAAogBoE7Spt6Y_2QGpN3xua9ygAAAADmfwQAAoAEAA4AAQAqBFdFWlkw79XQ0gZI5HNQQViHAmADaglFbnRlciBBaXJqBDA1MTBqBDA5MjByQZ4BkwGUAR8AAgEcABYEFwkSzwQV6ggY0gFAiHIR8UJL4g5QAEy4Q08AG-G0AR3ZtA4gHA3yzsIJARJjAQ5jAQIN5LVdGg/ofertasv/?filter[tourOperator]=WEZY&filter%5Bperson%5D=2&filter%5BchildAge%5D%5B1%5D=20201210&filter%5Bchild%5D=1"
"Castro Beach","14857.0","19.07.2026 - 02.08.2026","15 dni/14 nocy","","3.6","3.6","72","tripadvisor","Все аэропорты","2026-07-13T00:01:46.383681+00:00","https://fly.pl/oferta/grecja-wczasy/?filter[dest]=14:&filter[hotelids]=&filter[cityids]=&filter[cregids]=&filter[ofrType]=&filter[addObjType]=&filter[whenFrom]=13-07-2026&filter[whenTo]=12-08-2026&filter[duration]=13:16&filter[from]=&filter[person]=2&filter[child]=1&filter[price]=4000:20000&filter[PriceFrom]=4000&filter[PriceTo]=20000&filter[addCategory]=40&filter[addCatering]=1&filter[addMisc]=0&filter[addTransport]=F&filter[fp]=1&order_by=ofr_price&filter[tourOperator]=0&filter[childAge][1]=20201210","https://fly.pl/cdn/photo/assets/uploads/582/278/2017/01/Castro-Beach.jpg","https://fly.pl/wycieczka/grecja,kreta,maleme/castro-beach/pWZukB2ZB-17gbI1KYQr9jAAogCSIoXyiQWnAf_nlHhmAR4CCsEhkRlR7KT0NX-saSp4EqBFZJVFgw79XQ0gZIiXRQQViPAWACcj4aAFwKFQQXAFgBQI8DU6B7UgBe3YQBS3hhAFvEH0y9zzkg29uYCQ0AUb6wnp1lT4GSJl2Mnq6GawIMYwECCyIaUh0/ofertasv/?filter[tourOperator]=VITX&filter%5Bperson%5D=2&filter%5BchildAge%5D%5B1%5D=20201210&filter%5Bchild%5D=1"
"Majestic & Spa","14968.0","27.07.2026 - 10.08.2026","15 dni/14 nocy","","3.3","3.3","966","tripadvisor","Все аэропорты","2026-07-13T00:01:46.383681+00:00","https://fly.pl/oferta/grecja-wczasy/?filter[dest]=14:&filter[hotelids]=&filter[cityids]=&filter[cregids]=&filter[ofrType]=&filter[addObjType]=&filter[whenFrom]=13-07-2026&filter[whenTo]=12-08-2026&filter[duration]=13:16&filter[from]=&filter[person]=2&filter[child]=1&filter[price]=4000:20000&filter[PriceFrom]=4000&filter[PriceTo]=20000&filter[addCategory]=40&filter[addCatering]=1&filter[addMisc]=0&filter[addTransport]=F&filter[fp]=1&order_by=ofr_price&filter[tourOperator]=0&filter[childAge][1]=20201210","https://fly.pl/cdn/photo/assets/uploads/582/278/2010/06/Majestic-Spa2413.jpg","https://fly.pl/wycieczka/grecja,zakynthos,laganas/majestic-spa/p76K8DTZxcaq1G-8vtQWonAAoghqXv7PqtjPsfcNNcbD7gGBKGyGjSfefOUL310OL3C-EqBEJWQkUw79XQ0gZI-HRQAVjPAmACagJBSXIgHBHdfRuT8DwY0_wQuQTD0iqrBAMBhdrn0AICAGMBAgXJdLlK/ofertasv/?filter[tourOperator]=BVBE&filter%5Bperson%5D=2&filter%5BchildAge%5D%5B1%5D=20201210&filter%5Bchild%5D=1"
"Sunbay","14918.0","27.07.2026 - 10.08.2026","15 dni/14 nocy","","2.6","2.6","25","tripadvisor","Все аэропорты","2026-07-13T00:01:46.383681+00:00","https://fly.pl/oferta/grecja-wczasy/?filter[dest]=14:&filter[hotelids]=&filter[cityids]=&filter[cregids]=&filter[ofrType]=&filter[addObjType]=&filter[whenFrom]=13-07-2026&filter[whenTo]=12-08-2026&filter[duration]=13:16&filter[from]=&filter[person]=2&filter[child]=1&filter[price]=4000:20000&filter[PriceFrom]=4000&filter[PriceTo]=20000&filter[addCategory]=40&filter[addCatering]=1&filter[addMisc]=0&filter[addTransport]=F&filter[fp]=1&order_by=ofr_price&filter[tourOperator]=0&filter[childAge][1]=20201210","https://fly.pl/cdn/photo/assets/uploads/582/278/2022/02/Sunbay-fly-pl.jpg","https://fly.pl/wycieczka/grecja,kreta,hersonissos/sunbay-15/XTOPf9d346X_wYAAHNOYVBwWQG0AQAYlr1bCpABCgYIwacQEAESBgi54BMQARp-TVBVVzJHRjIzTjFWNkpNVzVLSUdTOUdCMVBESFJTTEM5QUVXS1RMSkNIVTA2SkE0WDREOVBLNFlTODVEVjRDVEs4OTJHVjg5UE9PMzBJQlFLQTc0Tk1UMzRKNk5NUlAwWENLWERGT0xIVlI4UFZEUVZPT0FXQVgyQ0xNSEM3CoEBCgYI0P0MEAISBgja2kMQARpvTzU0NTQ0ZDUzMmY0MTQ3NTI0ODQ1NTI0NzM0NGQzNjJmNTI0ZDUzNDQ0NDU0NDc1NjMwMzAyZjQxNDkyZjMxMzQyZjMyMzAzMjM2MzAzNzMyMzcyZjMwMzEzMjMzMzQzNTM2MzczODM5MzAzMTMyCiMKBgjgqAEQARIGCPDNARABGhFEU1JULTk3LVRSQU5TRkVSMQofCgUIzDoQARIFCPNGEAEaD0RTUk0tOTctMnIyMjY3MgogCgUIwD4QARIFCNBLEAEaEERTUk0tOTctNTByMjI2NzMKIQoFCPJXEAESBQidaxABGhFEU1JVLTk3LVViZXpiYXNpYxhhKDEyBgjjhlsQATgD/ofertasv/?filter[tourOperator]=XTOP&filter%5Bperson%5D=2&filter%5BchildAge%5D%5B1%5D=20201210&filter%5Bchild%5D=1"
"Rodos Palace","14997.0","17.07.2026 - 31.07.2026","15 dni/14 nocy","","3.4","3.4","5650","tripadvisor","Все аэропорты","2026-07-13T00:01:46.383681+00:00","https://fly.pl/oferta/grecja-wczasy/?filter[dest]=14:&filter[hotelids]=&filter[cityids]=&filter[cregids]=&filter[ofrType]=&filter[addObjType]=&filter[whenFrom]=13-07-2026&filter[whenTo]=12-08-2026&filter[duration]=13:16&filter[from]=&filter[person]=2&filter[child]=1&filter[price]=4000:20000&filter[PriceFrom]=4000&filter[PriceTo]=20000&filter[addCategory]=40&filter[addCatering]=1&filter[addMisc]=0&filter[addTransport]=F&filter[fp]=1&order_by=ofr_price&filter[tourOperator]=0&filter[childAge][1]=20201210","https://fly.pl/cdn/photo/assets/uploads/582/278/2014/07/Rodos-Palace.jpg","https://fly.pl/wycieczka/grecja,rodos,ixia/rodos-palace/p329_2xo-yL7f8XG8Rjhq1AAogBHkFNlKJ3LAjw1xMQoXvp0oRqjQoSS9qtHwHGJ-TRo0qBFZJVFgw79XQ0gZIlXVQQVhfYAJyPxoAXAoVBBcAWAFAjwNboZMBXtxsUpETUwBL_gRhAEzr1zkN2NuYCSAAUb_xxO3eAU-9b13IyPv-AwIMYwECCwis0Hk/ofertasv/?filter[tourOperator]=VITX&filter%5Bperson%5D=2&filter%5BchildAge%5D%5B1%5D=20201210&filter%5Bchild%5D=1"
"Elpida (Istron)","15057.0","26.07.2026 - 10.08.2026","16 dni/14 nocy","","3.8","3.8","412","tripadvisor","Все аэропорты","2026-07-13T00:01:46.383681+00:00","https://fly.pl/oferta/grecja-wczasy/?filter[dest]=14:&filter[hotelids]=&filter[cityids]=&filter[cregids]=&filter[ofrType]=&filter[addObjType]=&filter[whenFrom]=13-07-2026&filter[whenTo]=12-08-2026&filter[duration]=13:16&filter[from]=&filter[person]=2&filter[child]=1&filter[price]=4000:20000&filter[PriceFrom]=4000&filter[PriceTo]=20000&filter[addCategory]=40&filter[addCatering]=1&filter[addMisc]=0&filter[addTransport]=F&filter[fp]=1&order_by=ofr_price&filter[tourOperator]=0&filter[childAge][1]=20201210","https://fly.pl/cdn/photo/assets/uploads/582/278/2014/07/Elpida-Istron-fly-pl.jpg","https://fly.pl/wycieczka/grecja,kreta-wschodnia,istron/elpida/p9aitUOYnrt2pW8FyrgbIAAAogGpdnsLkOjT_6nGWAGNz6NX_SQ38H-qIM5Gmo_u42URcqBFZJVFgw79XQ0gZI0XVQQVi3AmACckAaAFwKFQQXAFgBQI8DU4WtAVIAYdEiSwBepzBb4CBM_s45IP3bmAkNAFHwgbmNjQFP690RXZyDqt4bAgxjAQILfPHUgQ/ofertasv/?filter[tourOperator]=VITX&filter%5Bperson%5D=2&filter%5BchildAge%5D%5B1%5D=20201210&filter%5Bchild%5D=1"
"Solimar Ruby & Ruby Royal","15057.0","22.07.2026 - 05.08.2026","15 dni/14 nocy","","","","","","Все аэропорты","2026-07-13T00:01:46.383681+00:00","https://fly.pl/oferta/grecja-wczasy/?filter[dest]=14:&filter[hotelids]=&filter[cityids]=&filter[cregids]=&filter[ofrType]=&filter[addObjType]=&filter[whenFrom]=13-07-2026&filter[whenTo]=12-08-2026&filter[duration]=13:16&filter[from]=&filter[person]=2&filter[child]=1&filter[price]=4000:20000&filter[PriceFrom]=4000&filter[PriceTo]=20000&filter[addCategory]=40&filter[addCatering]=1&filter[addMisc]=0&filter[addTransport]=F&filter[fp]=1&order_by=ofr_price&filter[tourOperator]=0&filter[childAge][1]=20201210","https://datacfstatic.merlinx.pl/ITAK/IMG/HERRUBY/4481a1fa9e627f2a20f2a46c350003ee6144a13ff15f44b71c30346e06b89bef.webp","https://fly.pl/wycieczka/grecja,kreta-wschodnia,malia/solimar-ruby-ruby-royal-13/phm3tEmo6DwRn0Cfxmnq9oAAogoFfR8M6py2TaG9S3RO7BaJhuVMpm7NFNcK9eoNaulhMqBFZJVFgw79XQ0gZI0XVQQVjXAWACcj4aAFwKFQQXAFgBQI8DYY52SwBbiQ9T7idSAF74Ukze7zkN-duYCSABXfvSrY5hT8T0g_8rUZyULQIMYwECC3sKfQs/ofertasv/?filter[tourOperator]=VITX&filter%5Bperson%5D=2&filter%5BchildAge%5D%5B1%5D=20201210&filter%5Bchild%5D=1"
"Elounda Residence Resort & Waterpark","15166.0","19.07.2026 - 02.08.2026","15 dni/14 nocy","","4.3","4.3","143","tripadvisor","Все аэропорты","2026-07-13T00:01:46.383681+00:00","https://fly.pl/oferta/grecja-wczasy/?filter[dest]=14:&filter[hotelids]=&filter[cityids]=&filter[cregids]=&filter[ofrType]=&filter[addObjType]=&filter[whenFrom]=13-07-2026&filter[whenTo]=12-08-2026&filter[duration]=13:16&filter[from]=&filter[person]=2&filter[child]=1&filter[price]=4000:20000&filter[PriceFrom]=4000&filter[PriceTo]=20000&filter[addCategory]=40&filter[addCatering]=1&filter[addMisc]=0&filter[addTransport]=F&filter[fp]=1&order_by=ofr_price&filter[tourOperator]=0&filter[childAge][1]=20201210","https://fly.pl/cdn/photo/assets/uploads/582/278/2015/02/Elounda-Water-Park-Residence-fly-pl.jpg","https://fly.pl/wycieczka/grecja,kreta-wschodnia,elounda/elounda-residence/pabwo1n3O9gt4keoDJtWdHAAogLiqv-5kt3Bui0SPuD8ukucD6SsWc96BL1TYwAmLtH-cqBEdSQ1Mw79XQ0gZIvnZQQViPAWADckFcChcEFQBYAVYCHbQFDxNAgwFbmoABUq4pUwBe-FJLeGEATJ3dTQGZxTgNpqjMCCAAUeuDuY2NAQESYwECYwEDC5U2GIk/ofertasv/?filter[tourOperator]=GRCS&filter%5Bperson%5D=2&filter%5BchildAge%5D%5B1%5D=20201210&filter%5Bchild%5D=1"
"Cathrin (Faliraki)","15189.0","20.07.2026 - 03.08.2026","16 dni/14 nocy","","3.7","3.7","824","tripadvisor","Все аэропорты","2026-07-13T00:01:46.383681+00:00","https://fly.pl/oferta/grecja-wczasy/?filter[dest]=14:&filter[hotelids]=&filter[cityids]=&filter[cregids]=&filter[ofrType]=&filter[addObjType]=&filter[whenFrom]=13-07-2026&filter[whenTo]=12-08-2026&filter[duration]=13:16&filter[from]=&filter[person]=2&filter[child]=1&filter[price]=4000:20000&filter[PriceFrom]=4000&filter[PriceTo]=20000&filter[addCategory]=40&filter[addCatering]=1&filter[addMisc]=0&filter[addTransport]=F&filter[fp]=1&order_by=ofr_price&filter[tourOperator]=0&filter[childAge][1]=20201210","https://fly.pl/cdn/photo/assets/uploads/582/278/2015/04/Cathrin-Hotel.jpg","https://fly.pl/wycieczka/grecja,rodos,faliraki/cathrin-ladiko/pTdpeOTRJmvPk7s8BZzY36AAogIDdRwhehjHSXF2qykbe8CLMY9ys_84uy04_nnjEOSCIqBFJOQlcw79XQ0gZI1XZQQVinAWACagRCd2NEahcyOTYsMzgwLDQ3Nyw0ODMsNDg0LDQ4NWoPNDA0LDQwNyw0MDgsNTIxcjefAZ4BnAEVDlgBFwAKBEDEBxHQMRmFJhDGNGGCP0sAUrhDUwAPq41AHSsg7qqSCQ0AAgxjAQILUOZCkw/ofertasv/?filter[tourOperator]=RNBW&filter%5Bperson%5D=2&filter%5BchildAge%5D%5B1%5D=20201210&filter%5Bchild%5D=1"
"Akrathos Beach","15195.0","15.07.2026 - 29.07.2026","15 dni/14 nocy","","4.3","4.3","628","tripadvisor","Все аэропорты","2026-07-13T00:01:46.383681+00:00","https://fly.pl/oferta/grecja-wczasy/?filter[dest]=14:&filter[hotelids]=&filter[cityids]=&filter[cregids]=&filter[ofrType]=&filter[addObjType]=&filter[whenFrom]=13-07-2026&filter[whenTo]=12-08-2026&filter[duration]=13:16&filter[from]=&filter[person]=2&filter[child]=1&filter[price]=4000:20000&filter[PriceFrom]=4000&filter[PriceTo]=20000&filter[addCategory]=40&filter[addCatering]=1&filter[addMisc]=0&filter[addTransport]=F&filter[fp]=1&order_by=ofr_price&filter[tourOperator]=0&filter[childAge][1]=20201210","https://fly.pl/cdn/photo/assets/uploads/582/278/2014/09/Akrathos-Beach.jpg","https://fly.pl/wycieczka/grecja,chalkidiki,ouranopolis/akrathos/pIYr6GdqvcvwsIhfXYbJQvAAog0ZV4uEcemadyf8DuUDHuK1GoARbpzJmqd1Cgrjv1Z9MqBFJOQlcw79XQ0gZI23ZQQVgvYAJqBEJ3Y0RqFzI5NiwzODAsNDc3LDQ4Myw0ODQsNDg1cjafAZ4BFQ4XAFgBCgRAxAcRuh0Q8B8ZnBphzkZLAFK1e1MAHZT2QA_mAyDRs5EJDQACDGMBAguG2lZE/ofertasv/?filter[tourOperator]=RNBW&filter%5Bperson%5D=2&filter%5BchildAge%5D%5B1%5D=20201210&filter%5Bchild%5D=1"
"Samian Blue Hydrele Beach","15197.0","22.07.2026 - 05.08.2026","15 dni/14 nocy","","3.5","3.5","244","tripadvisor","Все аэропорты","2026-07-13T00:01:46.383681+00:00","https://fly.pl/oferta/grecja-wczasy/?filter[dest]=14:&filter[hotelids]=&filter[cityids]=&filter[cregids]=&filter[ofrType]=&filter[addObjType]=&filter[whenFrom]=13-07-2026&filter[whenTo]=12-08-2026&filter[duration]=13:16&filter[from]=&filter[person]=2&filter[child]=1&filter[price]=4000:20000&filter[PriceFrom]=4000&filter[PriceTo]=20000&filter[addCategory]=40&filter[addCatering]=1&filter[addMisc]=0&filter[addTransport]=F&filter[fp]=1&order_by=ofr_price&filter[tourOperator]=0&filter[childAge][1]=20201210","https://datacfstatic.merlinx.pl/ITAK/IMG/SMIHYDR/5c59dc7a262f47a65e7adbd6f3bd0a6737cdfe8c5aaa624c026baea5bc925844.webp","https://fly.pl/wycieczka/grecja,samos,pitagorio/hydrele-beach-12/pgg7nGk1X6zZZH4jAmzg4xAAogdn1JHn_tRU8ZL7PNnZKGAONqfOVpKoFa4DDHBA2uBn0qBFZJVFgw79XQ0gZI3XZQQVjXAWACckAaAFwKFQQXAFgBQI8DW7-DAV6-fFLPHlMAS54lYQBMjaw5Dd3bmAkgAFHdldOG6AFP0u0oXcj_gukdAgxjAQILqNkq2w/ofertasv/?filter[tourOperator]=VITX&filter%5Bperson%5D=2&filter%5BchildAge%5D%5B1%5D=20201210&filter%5Bchild%5D=1"
"Diogenis Blue Palace","15202.0","26.07.2026 - 10.08.2026","16 dni/14 nocy","","4.2","4.2","1407","tripadvisor","Все аэропорты","2026-07-13T00:01:46.383681+00:00","https://fly.pl/oferta/grecja-wczasy/?filter[dest]=14:&filter[hotelids]=&filter[cityids]=&filter[cregids]=&filter[ofrType]=&filter[addObjType]=&filter[whenFrom]=13-07-2026&filter[whenTo]=12-08-2026&filter[duration]=13:16&filter[from]=&filter[person]=2&filter[child]=1&filter[price]=4000:20000&filter[PriceFrom]=4000&filter[PriceTo]=20000&filter[addCategory]=40&filter[addCatering]=1&filter[addMisc]=0&filter[addTransport]=F&filter[fp]=1&order_by=ofr_price&filter[tourOperator]=0&filter[childAge][1]=20201210","https://fly.pl/cdn/photo/assets/uploads/582/278/2015/04/Diogenis-Palace.jpg","https://fly.pl/wycieczka/grecja,kreta-wschodnia,kato-gouves/diogenis-palace/pd6qKtLZZE8atflg-0_2C2AAogSyDnmQHKu2Q7uq0rnr8QiAAAAADQwQQA7MEEAA4AAQAqBFdFWlkw79XQ0gZI4nZQQVi3AmADagtSeWFuYWlyIFN1bmoEMDA0MGoEMDExNWoEMDMzMHJAngGUAZUBmAEfABwBAgAWBBcJEqUEE7YLEbRBQIQwS8okUABMuApPABu-jw4d78MDIBwNisvBCQESYwEMYwECC4N7fLU/ofertasv/?filter[tourOperator]=WEZY&filter%5Bperson%5D=2&filter%5BchildAge%5D%5B1%5D=20201210&filter%5Bchild%5D=1"
"Golden Alexandros (Perama)","15222.0","25.07.2026 - 08.08.2026","15 dni/14 nocy","","3.2","3.2","1286","tripadvisor","Все аэропорты","2026-07-13T00:01:46.383681+00:00","https://fly.pl/oferta/grecja-wczasy/?filter[dest]=14:&filter[hotelids]=&filter[cityids]=&filter[cregids]=&filter[ofrType]=&filter[addObjType]=&filter[whenFrom]=13-07-2026&filter[whenTo]=12-08-2026&filter[duration]=13:16&filter[from]=&filter[person]=2&filter[child]=1&filter[price]=4000:20000&filter[PriceFrom]=4000&filter[PriceTo]=20000&filter[addCategory]=40&filter[addCatering]=1&filter[addMisc]=0&filter[addTransport]=F&filter[fp]=1&order_by=ofr_price&filter[tourOperator]=0&filter[childAge][1]=20201210","https://fly.pl/cdn/photo/assets/uploads/582/278/2016/11/Alexandros-Perama-fly-pl.jpg","https://fly.pl/wycieczka/grecja,korfu,perama/alexandros-perama/pq3OYkGGeNVcpNUj5Z17jvAAogS-RJ26xaJ4AqOPIY9SbfpRAsy1T6jobaLK4ol9Ta46oqBFJOQlcw79XQ0gZI9nZQQVifAmACagRCd2NEahcyOTYsMzgwLDQ3Nyw0ODMsNDg0LDQ4NXI1nwGeARUOFwBYAQoEQMQHEbElEPIxGTdSyR5TAEuZhgFhAB25o0EPTiDbppEJDQACDGMBAgvnqF_A/ofertasv/?filter[tourOperator]=RNBW&filter%5Bperson%5D=2&filter%5BchildAge%5D%5B1%5D=20201210&filter%5Bchild%5D=1"
"Aegean View by Azul","15270.0","15.07.2026 - 30.07.2026","16 dni/14 nocy","","","","","","Все аэропорты","2026-07-13T00:01:46.383681+00:00","https://fly.pl/oferta/grecja-wczasy/?filter[dest]=14:&filter[hotelids]=&filter[cityids]=&filter[cregids]=&filter[ofrType]=&filter[addObjType]=&filter[whenFrom]=13-07-2026&filter[whenTo]=12-08-2026&filter[duration]=13:16&filter[from]=&filter[person]=2&filter[child]=1&filter[price]=4000:20000&filter[PriceFrom]=4000&filter[PriceTo]=20000&filter[addCategory]=40&filter[addCatering]=1&filter[addMisc]=0&filter[addTransport]=F&filter[fp]=1&order_by=ofr_price&filter[tourOperator]=0&filter[childAge][1]=20201210","https://datacfstatic.merlinx.pl/GRCS/IMG/CHQAEVI/b53366231a853f57040dfa4d51ead0b6d4d4743563ee3a9a97c94630f6dd8360.webp","https://fly.pl/wycieczka/grecja,kreta-zachodnia,sfakaki/aegean-view-by-azul-14/pQ5QKowmpxKOXhjn2LiHjTAAogoS3eDquEzBbHe2BEYkMdBGrqCHBX7kLJo0cMUE6MrBgqBEdSQ1Mw79XQ0gZIpndQQVgvYAJyPVwKFwUVAFgAVgId9AEPF0C_BFLjd1MAW4MOS7NGYQBepzBMlt5NAai0OQ2SucsIIABR44CZnWUBEmMCAmP-tZ5W/ofertasv/?filter[tourOperator]=GRCS&filter%5Bperson%5D=2&filter%5BchildAge%5D%5B1%5D=20201210&filter%5Bchild%5D=1"
"Gaia Garden","15326.0","25.07.2026 - 08.08.2026","15 dni/14 nocy","","4.5","4.5","1030","tripadvisor","Все аэропорты","2026-07-13T00:01:46.383681+00:00","https://fly.pl/oferta/grecja-wczasy/?filter[dest]=14:&filter[hotelids]=&filter[cityids]=&filter[cregids]=&filter[ofrType]=&filter[addObjType]=&filter[whenFrom]=13-07-2026&filter[whenTo]=12-08-2026&filter[duration]=13:16&filter[from]=&filter[person]=2&filter[child]=1&filter[price]=4000:20000&filter[PriceFrom]=4000&filter[PriceTo]=20000&filter[addCategory]=40&filter[addCatering]=1&filter[addMisc]=0&filter[addTransport]=F&filter[fp]=1&order_by=ofr_price&filter[tourOperator]=0&filter[childAge][1]=20201210","https://fly.pl/cdn/photo/assets/uploads/582/278/2014/11/Gaia-Garden.jpg","https://fly.pl/wycieczka/grecja,kos,lambi/gaia-garden/pQmAx2cmlnOII1N2rtOd5KAAog9sQYYdBy30C933lxMX1AkQAAAACzkgQAzpIEAA4AHQAqBFdFWlkw79XQ0gZI3ndQQVifAmADagtSeWFuYWlyIFN1bmoEMDkxMHJCngGVAR8AAgEcABYEFwkSsgUYjAMT2QIUhgMRyTRArT5M-01PAEv3NFAAHaChECAbG_aDSA2xpfoIARJjAQdjAQIGVnbZCQ/ofertasv/?filter[tourOperator]=WEZY&filter%5Bperson%5D=2&filter%5BchildAge%5D%5B1%5D=20201210&filter%5Bchild%5D=1"
"Amour Holiday Resort","15357.0","22.07.2026 - 05.08.2026","15 dni/14 nocy","","4.3","4.3","798","tripadvisor","Все аэропорты","2026-07-13T00:01:46.383681+00:00","https://fly.pl/oferta/grecja-wczasy/?filter[dest]=14:&filter[hotelids]=&filter[cityids]=&filter[cregids]=&filter[ofrType]=&filter[addObjType]=&filter[whenFrom]=13-07-2026&filter[whenTo]=12-08-2026&filter[duration]=13:16&filter[from]=&filter[person]=2&filter[child]=1&filter[price]=4000:20000&filter[PriceFrom]=4000&filter[PriceTo]=20000&filter[addCategory]=40&filter[addCatering]=1&filter[addMisc]=0&filter[addTransport]=F&filter[fp]=1&order_by=ofr_price&filter[tourOperator]=0&filter[childAge][1]=20201210","https://fly.pl/cdn/photo/assets/uploads/582/278/2018/09/Amour-Holiday-Resort.jpg","https://fly.pl/wycieczka/grecja,korfu,sidari/amour/pjxcqzvAASm4ZBGxoTxtYGAAogvF6hO6zemb-O66IC9ZZXKsrwPSLDlKAcztcziHSy9DUqBFZJVFgw79XQ0gZI_XdQQVjXAWACckAaAFwKFQQXAFgBQI8DU9x6UgBeoYUBW-AgS40jYQBM8Ks5IPrbmAkNAFHsx97mZE_D2z1diNS0iKEBAgxjAQILs6P6dA/ofertasv/?filter[tourOperator]=VITX&filter%5Bperson%5D=2&filter%5BchildAge%5D%5B1%5D=20201210&filter%5Bchild%5D=1"
"Pelagos Zante","15397.0","24.07.2026 - 07.08.2026","15 dni/14 nocy","","3.5","3.5","10","tripadvisor","Все аэропорты","2026-07-13T00:01:46.383681+00:00","https://fly.pl/oferta/grecja-wczasy/?filter[dest]=14:&filter[hotelids]=&filter[cityids]=&filter[cregids]=&filter[ofrType]=&filter[addObjType]=&filter[whenFrom]=13-07-2026&filter[whenTo]=12-08-2026&filter[duration]=13:16&filter[from]=&filter[person]=2&filter[child]=1&filter[price]=4000:20000&filter[PriceFrom]=4000&filter[PriceTo]=20000&filter[addCategory]=40&filter[addCatering]=1&filter[addMisc]=0&filter[addTransport]=F&filter[fp]=1&order_by=ofr_price&filter[tourOperator]=0&filter[childAge][1]=20201210","https://fly.pl/cdn/photo/assets/uploads/582/278/2016/12/Pelagos-Zante.jpg","https://fly.pl/wycieczka/grecja,zakynthos,tragaki/pelagos-zante/pza0oj-7KMazBNLTb6Vb6AAAogYsrt3uoHpl13Tcffs_1-YIddAnzDN9HoL0gTiBqvR08qBFZJVFgw79XQ0gZIpXhQQViHAmACckAaAFwKFQQXAFgBQI8DW7-DAV6-fEvJSGEAUvEeUwBM-8gcDaSbtQkgAF2B-fLTiQJRw_LS3RhP2dcgAg5jAQILY9P8yg/ofertasv/?filter[tourOperator]=VITX&filter%5Bperson%5D=2&filter%5BchildAge%5D%5B1%5D=20201210&filter%5Bchild%5D=1"
"Giakalis Aqua Resort","15457.0","21.07.2026 - 04.08.2026","15 dni/14 nocy","","3.5","3.5","170","tripadvisor","Все аэропорты","2026-07-13T00:01:46.383681+00:00","https://fly.pl/oferta/grecja-wczasy/?filter[dest]=14:&filter[hotelids]=&filter[cityids]=&filter[cregids]=&filter[ofrType]=&filter[addObjType]=&filter[whenFrom]=13-07-2026&filter[whenTo]=12-08-2026&filter[duration]=13:16&filter[from]=&filter[person]=2&filter[child]=1&filter[price]=4000:20000&filter[PriceFrom]=4000&filter[PriceTo]=20000&filter[addCategory]=40&filter[addCatering]=1&filter[addMisc]=0&filter[addTransport]=F&filter[fp]=1&order_by=ofr_price&filter[tourOperator]=0&filter[childAge][1]=20201210","https://fly.pl/cdn/photo/assets/uploads/582/278/2015/03/Hotel-Giakalis-Aqua-Resort.jpg","https://fly.pl/wycieczka/grecja,kos,marmari/giakalis/p5Nr3jFepTzOUgEqc1x-XqAAogjnPKujMYMdYhaa8LoB68lO8a_XrSpiF6IEGunFpiECcqBFZJVFgw79XQ0gZI4XhQQVi_AWACckAaAFwKFQQXAFgBQI8DW7-DAVO_SFIAXv8zS-1DYQBMjKw5IN3bmAkNAFHxtd7xpQFPwLE9XdD9y_1fAgxjAQILLw6cYA/ofertasv/?filter[tourOperator]=VITX&filter%5Bperson%5D=2&filter%5BchildAge%5D%5B1%5D=20201210&filter%5Bchild%5D=1"
"Gaia Royal","15484.0","25.07.2026 - 08.08.2026","15 dni/14 nocy","","3.5","3.5","874","tripadvisor","Все аэропорты","2026-07-13T00:01:46.383681+00:00","https://fly.pl/oferta/grecja-wczasy/?filter[dest]=14:&filter[hotelids]=&filter[cityids]=&filter[cregids]=&filter[ofrType]=&filter[addObjType]=&filter[whenFrom]=13-07-2026&filter[whenTo]=12-08-2026&filter[duration]=13:16&filter[from]=&filter[person]=2&filter[child]=1&filter[price]=4000:20000&filter[PriceFrom]=4000&filter[PriceTo]=20000&filter[addCategory]=40&filter[addCatering]=1&filter[addMisc]=0&filter[addTransport]=F&filter[fp]=1&order_by=ofr_price&filter[tourOperator]=0&filter[childAge][1]=20201210","https://fly.pl/cdn/photo/assets/uploads/582/278/2014/09/Gaia-Royal.jpg","https://fly.pl/wycieczka/grecja,kos,mastichari/gaia-royal/pW-zKMjhEPT2eygl3wlwWSAAog3_DoRzkrV09uP7vDJPZ8IQAAAACzkgQAzpIEAA4AHQAqBFdFWlkw79XQ0gZI_HhQQVifAmADagtSeWFuYWlyIFN1bmoEMDkxMHJCngGVAR8AAgEcABYEFwkSsgUYjAMT2QIUhgMR2yZAm0xM-01PAEv3NFAAHaChECAbG6-RZA34l94IARJjAQxjAQILH_u_gg/ofertasv/?filter[tourOperator]=WEZY&filter%5Bperson%5D=2&filter%5BchildAge%5D%5B1%5D=20201210&filter%5Bchild%5D=1"
"St. Constantin","15487.0","19.07.2026 - 02.08.2026","15 dni/14 nocy","","4.2","4.2","2115","tripadvisor","Все аэропорты","2026-07-13T00:01:46.383681+00:00","https://fly.pl/oferta/grecja-wczasy/?filter[dest]=14:&filter[hotelids]=&filter[cityids]=&filter[cregids]=&filter[ofrType]=&filter[addObjType]=&filter[whenFrom]=13-07-2026&filter[whenTo]=12-08-2026&filter[duration]=13:16&filter[from]=&filter[person]=2&filter[child]=1&filter[price]=4000:20000&filter[PriceFrom]=4000&filter[PriceTo]=20000&filter[addCategory]=40&filter[addCatering]=1&filter[addMisc]=0&filter[addTransport]=F&filter[fp]=1&order_by=ofr_price&filter[tourOperator]=0&filter[childAge][1]=20201210","https://fly.pl/cdn/photo/assets/uploads/582/278/2014/07/Hotel-St.-Constantin.jpg","https://fly.pl/wycieczka/grecja,kreta,kato-gouves/st-constantin/pLhtNpr4AyuAdmZuSDgzz9AAog7iUCqI8_IX3OEFK5AI3bMcD6SsWc96BL1TYwAmLtH-cqBEdSQ1Mw8tXQ0gZI_3hQQViPAWADckFcChcEFQBYAVYCHbQFDxNAgwFSyKkBUwBe-FJLeGEAW7QeTOm-TQHRwDgN7qzMCCAAUenGs42NAQESYwECYwECC8dgaus/ofertasv/?filter[tourOperator]=GRCS&filter%5Bperson%5D=2&filter%5BchildAge%5D%5B1%5D=20201210&filter%5Bchild%5D=1"
"Village Inn","15440.0","27.07.2026 - 10.08.2026","15 dni/14 nocy","","3.2","3.2","563","tripadvisor","Все аэропорты","2026-07-13T00:01:46.383681+00:00","https://fly.pl/oferta/grecja-wczasy/?filter[dest]=14:&filter[hotelids]=&filter[cityids]=&filter[cregids]=&filter[ofrType]=&filter[addObjType]=&filter[whenFrom]=13-07-2026&filter[whenTo]=12-08-2026&filter[duration]=13:16&filter[from]=&filter[person]=2&filter[child]=1&filter[price]=4000:20000&filter[PriceFrom]=4000&filter[PriceTo]=20000&filter[addCategory]=40&filter[addCatering]=1&filter[addMisc]=0&filter[addTransport]=F&filter[fp]=1&order_by=ofr_price&filter[tourOperator]=0&filter[childAge][1]=20201210","https://fly.pl/cdn/photo/assets/uploads/582/278/2016/04/Village-Inn-fly-pl-2.jpg","https://fly.pl/wycieczka/grecja,zakynthos,laganas/village-inn/XTOP775ca1X_wYAAHNOYVBwWQHaAQBVqYpeCpABCgYIz9QOEAESBgiw4xEQARp-TVBVVzJHRjIzTjFWNkpNVzVLSUdTOUdCMVBESFJTTEM5QUVXS1RMSkNIVTA2SkoyRERZOUhGMURCNERIR1BKNEc3VTlRN0Y1VlE3WFVXUUNMRTZOTTk2SVlaWlBPTzBTTldRRkY3UE42MDRQWkw0UjZTWkxJUUY0REJMQjQ0Cp4BCgYIiOANEAISBgiR9UgQARqLAU81NDU0NDg0MjJmMzEzNTMzMzczMDNhMzQ2NTM0MzUzNTM0MzIzMDM1MzMzMzMyMzMzNjMzNjEzMzM0MzMzMzMzMzYyZjUzNTQ1NTVmNDMzMzJmNDE0OTJmMzEzNDJmMzIzMDMyMzYzMDM3MzIzNzJmMzAzMTMyMzMzNDM1MzYzNzM4MzkzMDMxMzIKJAoGCIikARABEgYIlMgBEAEaEkRTUlQtMTU5MC1UUkFOU0ZFUgohCgUIzDoQARIFCPNGEAEaEURTUk0tMTU5MC0ycjIyNjQzCiIKBQjAPhABEgUI0EsQARoSRFNSTS0xNTkwLTUwcjIyNjQ0CiMKBQjyVxABEgUInWsQARoTRFNSVS0xNTkwLVViZXpiYXNpYxi2DCjMFDIGCLWeXhABOAM/ofertasv/?filter[tourOperator]=XTOP&filter%5Bperson%5D=2&filter%5BchildAge%5D%5B1%5D=20201210&filter%5Bchild%5D=1"
"Evita Mare","15506.0","24.07.2026 - 07.08.2026","15 dni/14 nocy","","2.8","2.8","52","tripadvisor","Все аэропорты","2026-07-13T00:01:46.383681+00:00","https://fly.pl/oferta/grecja-wczasy/?filter[dest]=14:&filter[hotelids]=&filter[cityids]=&filter[cregids]=&filter[ofrType]=&filter[addObjType]=&filter[whenFrom]=13-07-2026&filter[whenTo]=12-08-2026&filter[duration]=13:16&filter[from]=&filter[person]=2&filter[child]=1&filter[price]=4000:20000&filter[PriceFrom]=4000&filter[PriceTo]=20000&filter[addCategory]=40&filter[addCatering]=1&filter[addMisc]=0&filter[addTransport]=F&filter[fp]=1&order_by=ofr_price&filter[tourOperator]=0&filter[childAge][1]=20201210","https://fly.pl/cdn/photo/assets/uploads/582/278/2018/10/Evita-Mare-fly-pl.jpg","https://fly.pl/wycieczka/grecja,rodos,faliraki/evita-mare/pSXLaXefgX16R6lLl19qbrAAogElDLFOxgfuieA3H9cowUfwAAAADmfwQAAoAEAA4AAQAqBFdFWlkw8tXQ0gZIknlQQViHAmADaglFbnRlciBBaXJqBDA1MTBqBDA5MjByQZ4BkwGUAR8AAgEcABYEFwkSzwQV6ggY0gFAiHJL01FQABHHCEzxOk8AG8WKAR313g4gHA3yzsIJARJjAQxjAQILkVHvOA/ofertasv/?filter[tourOperator]=WEZY&filter%5Bperson%5D=2&filter%5BchildAge%5D%5B1%5D=20201210&filter%5Bchild%5D=1"
"Golden Coast","15540.0","29.07.2026 - 12.08.2026","15 dni/14 nocy","","4.0","4.0","2247","tripadvisor","Все аэропорты","2026-07-13T00:01:46.383681+00:00","https://fly.pl/oferta/grecja-wczasy/?filter[dest]=14:&filter[hotelids]=&filter[cityids]=&filter[cregids]=&filter[ofrType]=&filter[addObjType]=&filter[whenFrom]=13-07-2026&filter[whenTo]=12-08-2026&filter[duration]=13:16&filter[from]=&filter[person]=2&filter[child]=1&filter[price]=4000:20000&filter[PriceFrom]=4000&filter[PriceTo]=20000&filter[addCategory]=40&filter[addCatering]=1&filter[addMisc]=0&filter[addTransport]=F&filter[fp]=1&order_by=ofr_price&filter[tourOperator]=0&filter[childAge][1]=20201210","https://fly.pl/cdn/photo/assets/uploads/582/278/2016/11/Hotel-Golden-Coast.jpg","https://fly.pl/wycieczka/grecja,attyka,nea-makri/golden-coast/pRnnLj_F4JhCsa09Pr8MG9AAogsaXSjA8jP5JIF83ea0EoTfZm49aIDIpL9e6TN7x-coQqBEdSQ1Mw8tXQ0gZItHlQQVj_AmADcj5cChcEFQBYAVYCHa4GDwtAEVLqZlMAW6wZXqp8S3hhAEzd5TkBvpxLDcvIzQggAFHPuZbUVwESYwECYwECDEOa7fc/ofertasv/?filter[tourOperator]=GRCS&filter%5Bperson%5D=2&filter%5BchildAge%5D%5B1%5D=20201210&filter%5Bchild%5D=1"
"Marebello Beach Resort","15609.0","21.07.2026 - 04.08.2026","15 dni/14 nocy","","3.9","3.9","18","tripadvisor","Все аэропорты","2026-07-13T00:01:46.383681+00:00","https://fly.pl/oferta/grecja-wczasy/?filter[dest]=14:&filter[hotelids]=&filter[cityids]=&filter[cregids]=&filter[ofrType]=&filter[addObjType]=&filter[whenFrom]=13-07-2026&filter[whenTo]=12-08-2026&filter[duration]=13:16&filter[from]=&filter[person]=2&filter[child]=1&filter[price]=4000:20000&filter[PriceFrom]=4000&filter[PriceTo]=20000&filter[addCategory]=40&filter[addCatering]=1&filter[addMisc]=0&filter[addTransport]=F&filter[fp]=1&order_by=ofr_price&filter[tourOperator]=0&filter[childAge][1]=20201210","https://fly.pl/cdn/photo/assets/uploads/582/278/2017/10/Hotel-Marebello-Beach.jpg","https://fly.pl/wycieczka/grecja,kos,marmari/marebello-beach-resort/pVOUOrEgPeUzWPSynasQ_QAAog76Jcvh1O-A68UanUhyTatj5jsswY-sfbF1puJJsgirsqBEdSQ1Mw8tXQ0gZI-XlQQVi_AWADckJcChcEFQBYAVYCHeYCDw5A1gNbgoABUr9IUwBL2ANhAF6nMEyW3k0BubM2DYe6zgggAFGJqf_xpQEBEmMBAmMBAgzf3mlq/ofertasv/?filter[tourOperator]=GRCS&filter%5Bperson%5D=2&filter%5BchildAge%5D%5B1%5D=20201210&filter%5Bchild%5D=1"
"Filion Suites Resort","15674.0","27.07.2026 - 10.08.2026","15 dni/14 nocy","","4.4","4.4","2888","tripadvisor","Все аэропорты","2026-07-13T00:01:46.383681+00:00","https://fly.pl/oferta/grecja-wczasy/?filter[dest]=14:&filter[hotelids]=&filter[cityids]=&filter[cregids]=&filter[ofrType]=&filter[addObjType]=&filter[whenFrom]=13-07-2026&filter[whenTo]=12-08-2026&filter[duration]=13:16&filter[from]=&filter[person]=2&filter[child]=1&filter[price]=4000:20000&filter[PriceFrom]=4000&filter[PriceTo]=20000&filter[addCategory]=40&filter[addCatering]=1&filter[addMisc]=0&filter[addTransport]=F&filter[fp]=1&order_by=ofr_price&filter[tourOperator]=0&filter[childAge][1]=20201210","https://datacfstatic.merlinx.pl/XTOP/IMG/19190/911900bc369d190d0c018c9684c04ad17e37e114ef877a6fcb47bddddf055a3a.webp","https://fly.pl/wycieczka/grecja,kreta-wschodnia,bali/filion-suites-resort/XTOPf3dcd5X_wYAAHNOYVBwWQG0AQAycOahCpABCgYIwacQEAESBgi54BMQARp-TVBVVzJHRjIzTjFWNkpNVzVLSUdTOUdCMVBESFJTTEM5QUVXS1RMSkNIVTA2SkE0WDREOVBLNFlTODVEVjRDVEs4OTJHVjg5UE9PMzBJQlFLQTc0Tk1UMzRKNk5NUlAwWENLWERGT0xIVlI4UFZEUVZPT0FXQVgyQ0xNSEM3CoEBCgYIgOQNEAISBgjW8EcQARpvTzU0NTQ0ZDUzMmY0MTRkNTQ1MzQ3NTIzMjM1NGU1NzJmNTI0ZDUzNTAzMDMwMzAzMDMwMzAyZjQxNDkyZjMxMzQyZjMyMzAzMjM2MzAzNzMyMzcyZjMwMzEzMjMzMzQzNTM2MzczODM5MzAzMTMyCiMKBgjs1gEQARIGCI6GAhABGhFEU1JULTk3LVRSQU5TRkVSMgofCgUIzDoQARIFCPNGEAEaD0RTUk0tOTctMnIyMjY3MgogCgUIwD4QARIFCNBLEAEaEERTUk0tOTctNTByMjI2NzMKIQoFCPJXEAESBQidaxABGhFEU1JVLTk3LVViZXpiYXNpYxhhKDEyBgj91F8QATgD/ofertasv/?filter[tourOperator]=XTOP&filter%5Bperson%5D=2&filter%5BchildAge%5D%5B1%5D=20201210&filter%5Bchild%5D=1"
"Golden Mare Barbati","15757.0","18.07.2026 - 01.08.2026","15 dni/14 nocy","","4.5","4.5","300","tripadvisor","Все аэропорты","2026-07-13T00:01:46.383681+00:00","https://fly.pl/oferta/grecja-wczasy/?filter[dest]=14:&filter[hotelids]=&filter[cityids]=&filter[cregids]=&filter[ofrType]=&filter[addObjType]=&filter[whenFrom]=13-07-2026&filter[whenTo]=12-08-2026&filter[duration]=13:16&filter[from]=&filter[person]=2&filter[child]=1&filter[price]=4000:20000&filter[PriceFrom]=4000&filter[PriceTo]=20000&filter[addCategory]=40&filter[addCatering]=1&filter[addMisc]=0&filter[addTransport]=F&filter[fp]=1&order_by=ofr_price&filter[tourOperator]=0&filter[childAge][1]=20201210","https://fly.pl/cdn/photo/assets/uploads/582/278/2018/03/Golden-Mare.jpg","https://fly.pl/wycieczka/grecja,korfu,barbati/golden-mare-barbati/p1NygFUMqK0hTTHWIu2_G-AAog9z-aHUbihpRxxiFngnbx8q39a0oFyTZzHyswRYaaLeAqBFZJVFgw8tXQ0gZIjXtQQVh3YAJyPxoAXAoVBBcAWAFAjwNT3HpSAFujDV7-d0vJSGEATJSnOSD225gJDQBRnObv5mRPiOctXZjikuykAQIMYwECC9nnGlE/ofertasv/?filter[tourOperator]=VITX&filter%5Bperson%5D=2&filter%5BchildAge%5D%5B1%5D=20201210&filter%5Bchild%5D=1"
"Filerimos Village","15813.0","24.07.2026 - 07.08.2026","15 dni/14 nocy","","3.4","3.4","1596","tripadvisor","Все аэропорты","2026-07-13T00:01:46.383681+00:00","https://fly.pl/oferta/grecja-wczasy/?filter[dest]=14:&filter[hotelids]=&filter[cityids]=&filter[cregids]=&filter[ofrType]=&filter[addObjType]=&filter[whenFrom]=13-07-2026&filter[whenTo]=12-08-2026&filter[duration]=13:16&filter[from]=&filter[person]=2&filter[child]=1&filter[price]=4000:20000&filter[PriceFrom]=4000&filter[PriceTo]=20000&filter[addCategory]=40&filter[addCatering]=1&filter[addMisc]=0&filter[addTransport]=F&filter[fp]=1&order_by=ofr_price&filter[tourOperator]=0&filter[childAge][1]=20201210","https://fly.pl/cdn/photo/assets/uploads/582/278/2014/06/FILERIMOS-VILLAGE.jpg","https://fly.pl/wycieczka/grecja,rodos,jalisos/filerimos-village/pjLhF_ULR99XG_DmupFXHvAAog1WdkdqlKfEdO9VmULCHjkQAAAADmfwQAAoAEAA4AAQAqBFdFWlkw8tXQ0gZIxXtQQViHAmADaglFbnRlciBBaXJqBDA1MTBqBDA5MjByQZ4BkwGUAR8AAgEcABYEFwkSzwQV6ggY0gER-xFAjWBL01FQAEy4Q08AG9e6DB3jrgMgHA3yzsIJARJjAQ1jAQIGT_jl4A/ofertasv/?filter[tourOperator]=WEZY&filter%5Bperson%5D=2&filter%5BchildAge%5D%5B1%5D=20201210&filter%5Bchild%5D=1"
"Kalia Beach","15823.0","19.07.2026 - 03.08.2026","16 dni/14 nocy","","3.3","3.3","458","tripadvisor","Все аэропорты","2026-07-13T00:01:46.383681+00:00","https://fly.pl/oferta/grecja-wczasy/?filter[dest]=14:&filter[hotelids]=&filter[cityids]=&filter[cregids]=&filter[ofrType]=&filter[addObjType]=&filter[whenFrom]=13-07-2026&filter[whenTo]=12-08-2026&filter[duration]=13:16&filter[from]=&filter[person]=2&filter[child]=1&filter[price]=4000:20000&filter[PriceFrom]=4000&filter[PriceTo]=20000&filter[addCategory]=40&filter[addCatering]=1&filter[addMisc]=0&filter[addTransport]=F&filter[fp]=1&order_by=ofr_price&filter[tourOperator]=0&filter[childAge][1]=20201210","https://fly.pl/cdn/photo/assets/uploads/582/278/2009/04/Kalia-Beach2496.jpg","https://fly.pl/wycieczka/grecja,kreta,kato-gouves/kalia-beach/p0jnfygCbuzJfEPv6zdpooAAogIl3bU7KwZrtYD4lwUiSXUR90n_Sxz3PyAC1ces2cc2UqBFJOQlcw8tXQ0gZIz3tQQViPAWACagRCd2NEahcyOTYsMzgwLDQ3Nyw0ODMsNDg0LDQ4NXI1nwGeARUOWAEXAAoEQMQHEYUyGdslELQ2YYAQSwBSuApTAA-U9EEdLyCJqpEJDQACDGMBAgtpOOKi/ofertasv/?filter[tourOperator]=RNBW&filter%5Bperson%5D=2&filter%5BchildAge%5D%5B1%5D=20201210&filter%5Bchild%5D=1"
"Horizon Beach (Stalida)","15857.0","22.07.2026 - 05.08.2026","15 dni/14 nocy","","3.6","3.6","1141","tripadvisor","Все аэропорты","2026-07-13T00:01:46.383681+00:00","https://fly.pl/oferta/grecja-wczasy/?filter[dest]=14:&filter[hotelids]=&filter[cityids]=&filter[cregids]=&filter[ofrType]=&filter[addObjType]=&filter[whenFrom]=13-07-2026&filter[whenTo]=12-08-2026&filter[duration]=13:16&filter[from]=&filter[person]=2&filter[child]=1&filter[price]=4000:20000&filter[PriceFrom]=4000&filter[PriceTo]=20000&filter[addCategory]=40&filter[addCatering]=1&filter[addMisc]=0&filter[addTransport]=F&filter[fp]=1&order_by=ofr_price&filter[tourOperator]=0&filter[childAge][1]=20201210","https://fly.pl/cdn/photo/assets/uploads/582/278/2014/07/HORIZON-BEACH-RESORT.jpg","https://fly.pl/wycieczka/grecja,kreta-wschodnia,stalida/horizon-beach-stalida/pHmxnzeiW_6HYpgcLFR2cxAAogVYrsS8pONxGkcHqf4O1cQyIFCg695zm-E9Tj1mDW7K4qBFZJVFgw8tXQ0gZI8XtQQVjXAWACckAaAFwKFQQXAFgBQI8DW6OIAVPiJFIAYfAnSwBeiCtMlu85DcHcmAkgAVGr5sGNjQFPkLYKXcDE3PcfAg5jAQIKtzeFBQ/ofertasv/?filter[tourOperator]=VITX&filter%5Bperson%5D=2&filter%5BchildAge%5D%5B1%5D=20201210&filter%5Bchild%5D=1"
"Galini Sea View (Agia Marina)","15889.0","19.07.2026 - 02.08.2026","16 dni/14 nocy","","3.9","3.9","1908","tripadvisor","Все аэропорты","2026-07-13T00:01:46.383681+00:00","https://fly.pl/oferta/grecja-wczasy/?filter[dest]=14:&filter[hotelids]=&filter[cityids]=&filter[cregids]=&filter[ofrType]=&filter[addObjType]=&filter[whenFrom]=13-07-2026&filter[whenTo]=12-08-2026&filter[duration]=13:16&filter[from]=&filter[person]=2&filter[child]=1&filter[price]=4000:20000&filter[PriceFrom]=4000&filter[PriceTo]=20000&filter[addCategory]=40&filter[addCatering]=1&filter[addMisc]=0&filter[addTransport]=F&filter[fp]=1&order_by=ofr_price&filter[tourOperator]=0&filter[childAge][1]=20201210","https://fly.pl/cdn/photo/assets/uploads/582/278/2014/07/Hotel-Galini-Sea-View.jpg","https://fly.pl/wycieczka/grecja,kreta-zachodnia,agia-marina/galini-sea-view-agia-marina/pgUUibW--H8iFH8TEzEPlMAAog6DwH54N_lx7gMVOOKnuX2Wv0aeeNXUolX8spKDLJx3wqBEdSQ1Mw8tXQ0gZIkXxQQViPAWADckBcChUEFwFYAFYCHcIBDxNA9QRS43dTAFu_C0v3SGEAXqcwTJbeTQH3lDsNx9jJCCAAUcDiqZ1lARJjAQJjAQIN2niZ6w/ofertasv/?filter[tourOperator]=GRCS&filter%5Bperson%5D=2&filter%5BchildAge%5D%5B1%5D=20201210&filter%5Bchild%5D=1"
"Roseland (Zakynthos)","15957.0","14.07.2026 - 28.07.2026","15 dni/14 nocy","","4.5","4.5","1053","tripadvisor","Все аэропорты","2026-07-13T00:01:46.383681+00:00","https://fly.pl/oferta/grecja-wczasy/?filter[dest]=14:&filter[hotelids]=&filter[cityids]=&filter[cregids]=&filter[ofrType]=&filter[addObjType]=&filter[whenFrom]=13-07-2026&filter[whenTo]=12-08-2026&filter[duration]=13:16&filter[from]=&filter[person]=2&filter[child]=1&filter[price]=4000:20000&filter[PriceFrom]=4000&filter[PriceTo]=20000&filter[addCategory]=40&filter[addCatering]=1&filter[addMisc]=0&filter[addTransport]=F&filter[fp]=1&order_by=ofr_price&filter[tourOperator]=0&filter[childAge][1]=20201210","https://datacfstatic.merlinx.pl/ITAK/IMG/ZTHROSE/561e10cd9fe3588f331f571ffb7dc883176f0553d75b5da4659b15c25b02a915.webp","https://fly.pl/wycieczka/grecja,zakynthos,kalamaki/roseland-zakynthos-10/pvHsWSoiK7OknINu3C6KLCAAogxBxuWeb9Nir3oCkCmZvh4eWoyy6bHiGRRwxi3jSoz7IqBFZJVFgw8tXQ0gZI1XxQQVgXYAJyQBoAXAoVBBcAWAFAjwNbv4MBYbZRSwBeiCtSumdTAEzBiDkg1NuYCQ0AXYyX3YWtAU-46eirdVGQhxICDGMBAgVAcAEn/ofertasv/?filter[tourOperator]=VITX&filter%5Bperson%5D=2&filter%5BchildAge%5D%5B1%5D=20201210&filter%5Bchild%5D=1"
"Evita Resort","15980.0","24.07.2026 - 07.08.2026","15 dni/14 nocy","","4.1","4.1","4364","tripadvisor","Все аэропорты","2026-07-13T00:01:46.383681+00:00","https://fly.pl/oferta/grecja-wczasy/?filter[dest]=14:&filter[hotelids]=&filter[cityids]=&filter[cregids]=&filter[ofrType]=&filter[addObjType]=&filter[whenFrom]=13-07-2026&filter[whenTo]=12-08-2026&filter[duration]=13:16&filter[from]=&filter[person]=2&filter[child]=1&filter[price]=4000:20000&filter[PriceFrom]=4000&filter[PriceTo]=20000&filter[addCategory]=40&filter[addCatering]=1&filter[addMisc]=0&filter[addTransport]=F&filter[fp]=1&order_by=ofr_price&filter[tourOperator]=0&filter[childAge][1]=20201210","https://fly.pl/cdn/photo/assets/uploads/582/278/2015/04/EVITA-RESORT-HOTEL.jpg","https://fly.pl/wycieczka/grecja,rodos,faliraki/sunconnect-evita/p3YWi1HWyrXZRhW671PI8lAAogKH23Ru6kXD3Apj1KdNccHgAAAADmfwQAAoAEAA4AAQAqBFdFWlkw8tXQ0gZI7HxQQViHAmADaglFbnRlciBBaXJqBDA1MTBqBDA5MjByQZ4BkwGUAR8AAgEcABYEFwkSzwQV6ggY0gFAiHIR4UlL8gdQAEy4Q08AHbrpDyAcG6GSHw3RvKMJARJjAQxjAQILyKWSaw/ofertasv/?filter[tourOperator]=WEZY&filter%5Bperson%5D=2&filter%5BchildAge%5D%5B1%5D=20201210&filter%5Bchild%5D=1"
"Sunshine Rhodes (Ialyssos)","15995.0","17.07.2026 - 31.07.2026","15 dni/14 nocy","","3.7","3.7","2520","tripadvisor","Все аэропорты","2026-07-13T00:01:46.383681+00:00","https://fly.pl/oferta/grecja-wczasy/?filter[dest]=14:&filter[hotelids]=&filter[cityids]=&filter[cregids]=&filter[ofrType]=&filter[addObjType]=&filter[whenFrom]=13-07-2026&filter[whenTo]=12-08-2026&filter[duration]=13:16&filter[from]=&filter[person]=2&filter[child]=1&filter[price]=4000:20000&filter[PriceFrom]=4000&filter[PriceTo]=20000&filter[addCategory]=40&filter[addCatering]=1&filter[addMisc]=0&filter[addTransport]=F&filter[fp]=1&order_by=ofr_price&filter[tourOperator]=0&filter[childAge][1]=20201210","https://fly.pl/cdn/photo/assets/uploads/582/278/2015/04/Sunshine-Rhodes.jpg","https://fly.pl/wycieczka/grecja,rodos,ialyssos/sunshine-rhodes-ialyssos/p7qhWssmanhCyqyLZn0Vq4AAog-Z2DnIIYGU_8BsUtqDTczYZYQ9UMPNbK-ZuWoqPV8vUqBEdSQ1Mw8tXQ0gZI-3xQQVhfYANyQlwKFwQVAFgBVgIdqAUPFUCNAVuWgAFLr0thAF77MFKRE1MATIXLTQHK8TEN8vvSCCAAUcudyO3eAQESYwECYwECDGJsKjM/ofertasv/?filter[tourOperator]=GRCS&filter%5Bperson%5D=2&filter%5BchildAge%5D%5B1%5D=20201210&filter%5Bchild%5D=1"
"Xenios Possidi Paradise","16084.0","22.07.2026 - 05.08.2026","15 dni/14 nocy","","3.2","3.2","205","tripadvisor","Все аэропорты","2026-07-13T00:01:46.383681+00:00","https://fly.pl/oferta/grecja-wczasy/?filter[dest]=14:&filter[hotelids]=&filter[cityids]=&filter[cregids]=&filter[ofrType]=&filter[addObjType]=&filter[whenFrom]=13-07-2026&filter[whenTo]=12-08-2026&filter[duration]=13:16&filter[from]=&filter[person]=2&filter[child]=1&filter[price]=4000:20000&filter[PriceFrom]=4000&filter[PriceTo]=20000&filter[addCategory]=40&filter[addCatering]=1&filter[addMisc]=0&filter[addTransport]=F&filter[fp]=1&order_by=ofr_price&filter[tourOperator]=0&filter[childAge][1]=20201210","https://fly.pl/cdn/photo/assets/uploads/582/278/2015/02/Possidi-Paradise-fly-pl.jpg","https://fly.pl/wycieczka/grecja,chalkidiki,possidi/possidi-paradiso/pObrLGnQxJJ_KGZMWLehGzAAogWSusTy43W9IPd7NivFre-lYRHtbrCLQu2J_DfXFoUVEqBFJOQlcw8tXQ0gZI1H1QQVjXAWACagRCd2NEahcyOTYsMzgwLDQ3Nyw0ODMsNDg0LDQ4NXI2nwGeARUOFwBYAQoEQMQHEfALGdZLYc5GSwAQqA5SjW1TAB2W9kAP6QMg07ORCQ0AAgxjAQILh9lLkQ/ofertasv/?filter[tourOperator]=RNBW&filter%5Bperson%5D=2&filter%5BchildAge%5D%5B1%5D=20201210&filter%5Bchild%5D=1"
"Euro Village Achilleas","16145.0","25.07.2026 - 08.08.2026","15 dni/14 nocy","","3.7","3.7","1543","tripadvisor","Все аэропорты","2026-07-13T00:01:46.383681+00:00","https://fly.pl/oferta/grecja-wczasy/?filter[dest]=14:&filter[hotelids]=&filter[cityids]=&filter[cregids]=&filter[ofrType]=&filter[addObjType]=&filter[whenFrom]=13-07-2026&filter[whenTo]=12-08-2026&filter[duration]=13:16&filter[from]=&filter[person]=2&filter[child]=1&filter[price]=4000:20000&filter[PriceFrom]=4000&filter[PriceTo]=20000&filter[addCategory]=40&filter[addCatering]=1&filter[addMisc]=0&filter[addTransport]=F&filter[fp]=1&order_by=ofr_price&filter[tourOperator]=0&filter[childAge][1]=20201210","https://fly.pl/cdn/photo/assets/uploads/582/278/2015/10/Euro-Village-Achilleas-fly-pl.jpg","https://fly.pl/wycieczka/grecja,kos,mastichari/euro-village-achilleas/pZxkXrNwc2-BsXb0CtGlK3AAogLCfmPsQLD6MR-fgdu7tNsAAAAACzkgQAzpIEAA4AHQAqBFdFWlkw8tXQ0gZIkX5QQVifAmADagtSeWFuYWlyIFN1bmoEMDkxMHJCngGVAR8AAgEcABYEFwkSsgUYjAMT2QIUhgNA9nIRgQxM-kFPAEv3NFAAHaChECAbG7P_Yw30qd4IARJjAQxjAQULRRiFRQ/ofertasv/?filter[tourOperator]=WEZY&filter%5Bperson%5D=2&filter%5BchildAge%5D%5B1%5D=20201210&filter%5Bchild%5D=1"
"Gemini (Messonghi)","16157.0","18.07.2026 - 01.08.2026","15 dni/14 nocy","","4.1","4.1","153","tripadvisor","Все аэропорты","2026-07-13T00:01:46.383681+00:00","https://fly.pl/oferta/grecja-wczasy/?filter[dest]=14:&filter[hotelids]=&filter[cityids]=&filter[cregids]=&filter[ofrType]=&filter[addObjType]=&filter[whenFrom]=13-07-2026&filter[whenTo]=12-08-2026&filter[duration]=13:16&filter[from]=&filter[person]=2&filter[child]=1&filter[price]=4000:20000&filter[PriceFrom]=4000&filter[PriceTo]=20000&filter[addCategory]=40&filter[addCatering]=1&filter[addMisc]=0&filter[addTransport]=F&filter[fp]=1&order_by=ofr_price&filter[tourOperator]=0&filter[childAge][1]=20201210","https://fly.pl/cdn/photo/assets/uploads/582/278/2010/06/Gemini-Messonghi299.jpg","https://fly.pl/wycieczka/grecja,korfu,messonghi/gemini-messonghi/poBWK0PbjO9hn2Lo3N4jgNAAoglD95i12NequjvBeTdtpvEcau3RHY4c8aANMut3rh4dgqBFZJVFgw8tXQ0gZInX5QQVh3YAJyPRoAXAoVBBcAWAFAjwNT3HpSAFvjCGGOH0sAXrBdTN3vOSD225gJDQBPoPfu5mRR_AldoPzC-B8CDGMBAgV0-_Rz/ofertasv/?filter[tourOperator]=VITX&filter%5Bperson%5D=2&filter%5BchildAge%5D%5B1%5D=20201210&filter%5Bchild%5D=1"
"Aristoteles Holiday Resort & SPA","16378.0","15.07.2026 - 29.07.2026","15 dni/14 nocy","","4.3","4.3","642","tripadvisor","Все аэропорты","2026-07-13T00:01:46.383681+00:00","https://fly.pl/oferta/grecja-wczasy/?filter[dest]=14:&filter[hotelids]=&filter[cityids]=&filter[cregids]=&filter[ofrType]=&filter[addObjType]=&filter[whenFrom]=13-07-2026&filter[whenTo]=12-08-2026&filter[duration]=13:16&filter[from]=&filter[person]=2&filter[child]=1&filter[price]=4000:20000&filter[PriceFrom]=4000&filter[PriceTo]=20000&filter[addCategory]=40&filter[addCatering]=1&filter[addMisc]=0&filter[addTransport]=F&filter[fp]=1&order_by=ofr_price&filter[tourOperator]=0&filter[childAge][1]=20201210","https://fly.pl/cdn/photo/assets/uploads/582/278/2015/02/Aristoteles-Holiday-Resort-Spa.jpg","https://fly.pl/wycieczka/grecja,chalkidiki,ouranopolis/aristoteles-holiday-resort-spa/phJ4xmyzNM91WpSA-c5XksAAogx-34Hws1ljuXmPDe8C9tz1GoARbpzJmqd1Cgrjv1Z9MqBFJOQlcw8tXQ0gZI-n9QQVgvYAJqBEJ3Y0RqFzI5NiwzODAsNDc3LDQ4Myw0ODQsNDg1cjafAZ4BFQ4XAFgBCgRAxAcR_SYZyTAQ0gZh_D9LAFK1e1MAHZT2QA_mAyDRs5EJDQACDGMBAgv9TqP1/ofertasv/?filter[tourOperator]=RNBW&filter%5Bperson%5D=2&filter%5BchildAge%5D%5B1%5D=20201210&filter%5Bchild%5D=1"
"Hersonissos Village","16410.0","28.07.2026 - 11.08.2026","15 dni/14 nocy","","3.8","3.8","687","tripadvisor","Все аэропорты","2026-07-13T00:01:46.383681+00:00","https://fly.pl/oferta/grecja-wczasy/?filter[dest]=14:&filter[hotelids]=&filter[cityids]=&filter[cregids]=&filter[ofrType]=&filter[addObjType]=&filter[whenFrom]=13-07-2026&filter[whenTo]=12-08-2026&filter[duration]=13:16&filter[from]=&filter[person]=2&filter[child]=1&filter[price]=4000:20000&filter[PriceFrom]=4000&filter[PriceTo]=20000&filter[addCategory]=40&filter[addCatering]=1&filter[addMisc]=0&filter[addTransport]=F&filter[fp]=1&order_by=ofr_price&filter[tourOperator]=0&filter[childAge][1]=20201210","https://fly.pl/cdn/photo/assets/uploads/582/278/2014/07/HERSONISSOS-VILLAGE.jpg","https://fly.pl/wycieczka/grecja,kreta,hersonissos/hersonissos-village/pEXDhcViddgHJnl5pRJlzDAAogPlDUf3IAgiv7orBWGi52Rz2Mp2HsrMxzUx_i04lwaHoqBEVDQ1gw8tXQ0gZImoABUAFY5wJgA2oCQUlyJRwR1UmrBMbfFbkEid4CGMi2Jhuv6UIBjNfw2AEBEmMBAGMBAguw1agL/ofertasv/?filter[tourOperator]=ECCX&filter%5Bperson%5D=2&filter%5BchildAge%5D%5B1%5D=20201210&filter%5Bchild%5D=1"
"Golden Coast Resort","16471.0","19.07.2026 - 02.08.2026","15 dni/14 nocy","","4.4","4.4","144","tripadvisor","Все аэропорты","2026-07-13T00:01:46.383681+00:00","https://fly.pl/oferta/grecja-wczasy/?filter[dest]=14:&filter[hotelids]=&filter[cityids]=&filter[cregids]=&filter[ofrType]=&filter[addObjType]=&filter[whenFrom]=13-07-2026&filter[whenTo]=12-08-2026&filter[duration]=13:16&filter[from]=&filter[person]=2&filter[child]=1&filter[price]=4000:20000&filter[PriceFrom]=4000&filter[PriceTo]=20000&filter[addCategory]=40&filter[addCatering]=1&filter[addMisc]=0&filter[addTransport]=F&filter[fp]=1&order_by=ofr_price&filter[tourOperator]=0&filter[childAge][1]=20201210","https://fly.pl/cdn/photo/assets/uploads/582/278/2018/09/GOLDEN-COAST-RESORT.jpg","https://fly.pl/wycieczka/grecja,zakynthos,drosia/golden-coast-family-resort/pgjCBHwEyQAi1MQ4tDPQDfAAogUOiAy54eIt8QiBK8hoYZq1ku12KMbGFUb-pgdOzoURMqBEdSQ1Mw8tXQ0gZI14ABUEFYjwFgA3JCXAoXBBUAWAFWAh3yAw8RQMcCW6TAAUv1C2EAXqcwUrpnUwBM2_ZMAfCsPA3PwMgIIABR2dm4saICARJjAQJjAQILfRADoA/ofertasv/?filter[tourOperator]=GRCS&filter%5Bperson%5D=2&filter%5BchildAge%5D%5B1%5D=20201210&filter%5Bchild%5D=1"
"Maleme Mare Beachside","16486.0","19.07.2026 - 02.08.2026","15 dni/14 nocy","","4.5","4.5","421","tripadvisor","Все аэропорты","2026-07-13T00:01:46.383681+00:00","https://fly.pl/oferta/grecja-wczasy/?filter[dest]=14:&filter[hotelids]=&filter[cityids]=&filter[cregids]=&filter[ofrType]=&filter[addObjType]=&filter[whenFrom]=13-07-2026&filter[whenTo]=12-08-2026&filter[duration]=13:16&filter[from]=&filter[person]=2&filter[child]=1&filter[price]=4000:20000&filter[PriceFrom]=4000&filter[PriceTo]=20000&filter[addCategory]=40&filter[addCatering]=1&filter[addMisc]=0&filter[addTransport]=F&filter[fp]=1&order_by=ofr_price&filter[tourOperator]=0&filter[childAge][1]=20201210","https://fly.pl/cdn/photo/assets/uploads/582/278/2017/12/Maleme-Mare-1.jpg","https://fly.pl/wycieczka/grecja,kreta-zachodnia,maleme/maleme-mare/p0tDfdj0sig3BZVWE6q4RCAAogSdz3WQjVGMF1DXQJej6aCq7OXd97-1K4Yt4I1QSAELkqBFJOQlcw8tXQ0gZI5oABUEFYjwFgAmoEQndjRGoXMjk2LDM4MCw0NzcsNDgzLDQ4NCw0ODVyNZ8BngEVDhcAWAEKBEDEBxHADBDoDhm7PFKEH1MAS60nYQAPsOpBHVEgg76RCQ0AAgxjAQILwpzwLg/ofertasv/?filter[tourOperator]=RNBW&filter%5Bperson%5D=2&filter%5BchildAge%5D%5B1%5D=20201210&filter%5Bchild%5D=1"
"Ninos Serena Holiday Resort","16488.0","29.07.2026 - 12.08.2026","15 dni/14 nocy","","","","","","Все аэропорты","2026-07-13T00:01:46.383681+00:00","https://fly.pl/oferta/grecja-wczasy/?filter[dest]=14:&filter[hotelids]=&filter[cityids]=&filter[cregids]=&filter[ofrType]=&filter[addObjType]=&filter[whenFrom]=13-07-2026&filter[whenTo]=12-08-2026&filter[duration]=13:16&filter[from]=&filter[person]=2&filter[child]=1&filter[price]=4000:20000&filter[PriceFrom]=4000&filter[PriceTo]=20000&filter[addCategory]=40&filter[addCatering]=1&filter[addMisc]=0&filter[addTransport]=F&filter[fp]=1&order_by=ofr_price&filter[tourOperator]=0&filter[childAge][1]=20201210","https://datacfstatic.merlinx.pl/RNBW/IMG/7937/7c66abfc535c1e51d5394288c12a9a4fcb73803900b915c046740b2036026e24.webp","https://fly.pl/wycieczka/grecja,korfu,sidari/ninos-serena-holiday-resort-11/pWo7fOLMyykbIQao9tml4QAAoggnVHZeMOEKuNJUGdUxaKdidhRqZYM9BA0E6XNIfgvc4qBFJOQlcw8tXQ0gZI6IABUEFY_wJgAmoEQndjRGoXMjk2LDM4MCw0NzcsNDgzLDQ4NCw0ODVyNp8BngEVDhcAWAEKBEDEBxGqNhmwIVLJHlMAEIEyS5hUYQAdn_tAD-kBIN7NkQkNAAIMYwECC1HJ3LE/ofertasv/?filter[tourOperator]=RNBW&filter%5Bperson%5D=2&filter%5BchildAge%5D%5B1%5D=20201210&filter%5Bchild%5D=1"
"Canvas by Mitsis Messonghi","16550.0","15.07.2026 - 29.07.2026","15 dni/14 nocy","","4.3","4.3","1360","tripadvisor","Все аэропорты","2026-07-13T00:01:46.383681+00:00","https://fly.pl/oferta/grecja-wczasy/?filter[dest]=14:&filter[hotelids]=&filter[cityids]=&filter[cregids]=&filter[ofrType]=&filter[addObjType]=&filter[whenFrom]=13-07-2026&filter[whenTo]=12-08-2026&filter[duration]=13:16&filter[from]=&filter[person]=2&filter[child]=1&filter[price]=4000:20000&filter[PriceFrom]=4000&filter[PriceTo]=20000&filter[addCategory]=40&filter[addCatering]=1&filter[addMisc]=0&filter[addTransport]=F&filter[fp]=1&order_by=ofr_price&filter[tourOperator]=0&filter[childAge][1]=20201210","https://fly.pl/cdn/photo/assets/uploads/582/278/2016/11/Messonghi-Beach-Holiday-Resort.jpg","https://fly.pl/wycieczka/grecja,korfu,moraitika/messonghi-beach-holiday-resort/pPVB0BVls1AYFHsNCL8qNLAAogdLPnSx0HYxKegXt4-8xfPO4m06GigCOXtN7KLW8H064qBEdSQ1Mw8tXQ0gZIpoEBUEFYL2ADcj9cChcEFQBYAVYCHWIPFUDTBVKfd1MAW5sJXoZ8S48YYQBMh8ZNAYS7MQ22stMIIABRgY6A52QBEmMBAmMBAwuvah8a/ofertasv/?filter[tourOperator]=GRCS&filter%5Bperson%5D=2&filter%5BchildAge%5D%5B1%5D=20201210&filter%5Bchild%5D=1"
"Zante Park Resort & SPA - BW Premier Collection","16557.0","14.07.2026 - 28.07.2026","15 dni/14 nocy","","3.7","3.7","642","tripadvisor","Все аэропорты","2026-07-13T00:01:46.383681+00:00","https://fly.pl/oferta/grecja-wczasy/?filter[dest]=14:&filter[hotelids]=&filter[cityids]=&filter[cregids]=&filter[ofrType]=&filter[addObjType]=&filter[whenFrom]=13-07-2026&filter[whenTo]=12-08-2026&filter[duration]=13:16&filter[from]=&filter[person]=2&filter[child]=1&filter[price]=4000:20000&filter[PriceFrom]=4000&filter[PriceTo]=20000&filter[addCategory]=40&filter[addCatering]=1&filter[addMisc]=0&filter[addTransport]=F&filter[fp]=1&order_by=ofr_price&filter[tourOperator]=0&filter[childAge][1]=20201210","https://fly.pl/cdn/photo/assets/uploads/582/278/2014/07/Best-Western-Zante-Park-fly-pl.jpg","https://fly.pl/wycieczka/grecja,zakynthos,laganas/best-western-zante-park/pGawLyIVtuazwjG3i37l6gAAogGQd-mxQXiI2Ntt7NPBkbneWoyy6bHiGRRwxi3jSoz7IqBFZJVFgw8tXQ0gZIrYEBUEFYF2ACckAaAFwKFQQXAFgBQI8DW5eFAWHeT0sAXogrUrpnUwBMwYg5INTbmAkNAF2Ml92FrQFPuOnoq3VRkqALAgxjAQIL5DhE-g/ofertasv/?filter[tourOperator]=VITX&filter%5Bperson%5D=2&filter%5BchildAge%5D%5B1%5D=20201210&filter%5Bchild%5D=1"
"Klelia","16595.0","26.07.2026 - 09.08.2026","15 dni/14 nocy","","4.4","4.4","1327","tripadvisor","Все аэропорты","2026-07-13T00:01:46.383681+00:00","https://fly.pl/oferta/grecja-wczasy/?filter[dest]=14:&filter[hotelids]=&filter[cityids]=&filter[cregids]=&filter[ofrType]=&filter[addObjType]=&filter[whenFrom]=13-07-2026&filter[whenTo]=12-08-2026&filter[duration]=13:16&filter[from]=&filter[person]=2&filter[child]=1&filter[price]=4000:20000&filter[PriceFrom]=4000&filter[PriceTo]=20000&filter[addCategory]=40&filter[addCatering]=1&filter[addMisc]=0&filter[addTransport]=F&filter[fp]=1&order_by=ofr_price&filter[tourOperator]=0&filter[childAge][1]=20201210","https://fly.pl/cdn/photo/assets/uploads/582/278/2015/04/Klelia-fly-pl.jpg","https://fly.pl/wycieczka/grecja,zakynthos,kalamaki/klelia/pC9dQtMfzPatipMBpDCmicAAogq7yX3Yc1W473PhksD6pq9Ugblq5LN0hifLHwNnzXNwAqBEdSQ1Mw8tXQ0gZI04EBUEFYtwJgA3JBXAoXBBUAWAFWAh3SBA8MQOwBXsD8AUt4YQBb6x1S10hTAEyb_zgBhfJJDYHzzgggAFHn7cOxogIBEmMBAmMBAgsXREI3/ofertasv/?filter[tourOperator]=GRCS&filter%5Bperson%5D=2&filter%5BchildAge%5D%5B1%5D=20201210&filter%5Bchild%5D=1"
"Almyrida Village & Water Park (ex. Langley Resort Almirida Bay)","16605.0","30.07.2026 - 12.08.2026","14 dni/13 nocy","","3.8","3.8","791","tripadvisor","Все аэропорты","2026-07-13T00:01:46.383681+00:00","https://fly.pl/oferta/grecja-wczasy/?filter[dest]=14:&filter[hotelids]=&filter[cityids]=&filter[cregids]=&filter[ofrType]=&filter[addObjType]=&filter[whenFrom]=13-07-2026&filter[whenTo]=12-08-2026&filter[duration]=13:16&filter[from]=&filter[person]=2&filter[child]=1&filter[price]=4000:20000&filter[PriceFrom]=4000&filter[PriceTo]=20000&filter[addCategory]=40&filter[addCatering]=1&filter[addMisc]=0&filter[addTransport]=F&filter[fp]=1&order_by=ofr_price&filter[tourOperator]=0&filter[childAge][1]=20201210","https://fly.pl/cdn/photo/assets/uploads/582/278/2024/07/almyrida-village-water-park-ex-langley-resort-almirida-bay.jpg","https://fly.pl/wycieczka/grecja,kreta-zachodnia,almyrida/langley-resort-almirida-bay-10/p4bUmzNQeLxqn-siaVu0JiAAog8tScdawmWz-Vkourp1U0pFeH4f20UioKNdUEJNlqMYIqBEJWQkUw8tXQ0gZI3YEBUAFYlwNgAmoCQUlyIRwR4MwBG-KAPBj4kBK5BLPEKqsECAG9s43dAgISYwECBX6wtV4/ofertasv/?filter[tourOperator]=BVBE&filter%5Bperson%5D=2&filter%5BchildAge%5D%5B1%5D=20201210&filter%5Bchild%5D=1"
"Anastasia Beach (Laganas)","16621.0","14.07.2026 - 28.07.2026","15 dni/14 nocy","","3.5","3.5","13","tripadvisor","Все аэропорты","2026-07-13T00:01:46.383681+00:00","https://fly.pl/oferta/grecja-wczasy/?filter[dest]=14:&filter[hotelids]=&filter[cityids]=&filter[cregids]=&filter[ofrType]=&filter[addObjType]=&filter[whenFrom]=13-07-2026&filter[whenTo]=12-08-2026&filter[duration]=13:16&filter[from]=&filter[person]=2&filter[child]=1&filter[price]=4000:20000&filter[PriceFrom]=4000&filter[PriceTo]=20000&filter[addCategory]=40&filter[addCatering]=1&filter[addMisc]=0&filter[addTransport]=F&filter[fp]=1&order_by=ofr_price&filter[tourOperator]=0&filter[childAge][1]=20201210","https://fly.pl/cdn/photo/assets/uploads/582/278/2015/04/Anastasia-Beach-1.jpg","https://fly.pl/wycieczka/grecja,zakynthos,laganas/anastasia-beach-laganas/pOrrXZ9-M2RT09Jm4lVP7wAAogLCrnEZyZqg7jYtEhlbujs6GelNSY4IakdNW6i3trjLcqBFJOQlcw8tXQ0gZI7YEBUEFYF2ACagRCd2NEahcyOTYsMzgwLDQ3Nyw0ODMsNDg0LDQ4NXI2nwGeARUOFwBYAQoEQMQHEYY2GechEJ5PYbEpSwBSwpIBUwAP_Po_HSMg9uiRCQ0AAgxjAQILBVukfQ/ofertasv/?filter[tourOperator]=RNBW&filter%5Bperson%5D=2&filter%5BchildAge%5D%5B1%5D=20201210&filter%5Bchild%5D=1"
"Geraniotis Beach","16647.0","15.07.2026 - 30.07.2026","16 dni/14 nocy","","4.1","4.1","297","tripadvisor","Все аэропорты","2026-07-13T00:01:46.383681+00:00","https://fly.pl/oferta/grecja-wczasy/?filter[dest]=14:&filter[hotelids]=&filter[cityids]=&filter[cregids]=&filter[ofrType]=&filter[addObjType]=&filter[whenFrom]=13-07-2026&filter[whenTo]=12-08-2026&filter[duration]=13:16&filter[from]=&filter[person]=2&filter[child]=1&filter[price]=4000:20000&filter[PriceFrom]=4000&filter[PriceTo]=20000&filter[addCategory]=40&filter[addCatering]=1&filter[addMisc]=0&filter[addTransport]=F&filter[fp]=1&order_by=ofr_price&filter[tourOperator]=0&filter[childAge][1]=20201210","https://fly.pl/cdn/photo/assets/uploads/582/278/2014/07/Hotel-Geraniotis-Beach.jpg","https://fly.pl/wycieczka/grecja,kreta-zachodnia,platanias/geraniotis-beach/p-bX03y-gDVZEluCeHVT6rAAogtfCnR3LPI1LZ65gSC_1_iGrqCHBX7kLJo0cMUE6MrBgqBEdSQ1Mw8tXQ0gZIh4IBUEFYL2ADckBcChcFFQBYAFYCHfQBDxdAvwRS43dTAEu2VGEAXqcwW6sfTOq-TQHLtjkN8LbLCCAAUcuKqp1lARJjAQJjAQILVQWRkA/ofertasv/?filter[tourOperator]=GRCS&filter%5Bperson%5D=2&filter%5BchildAge%5D%5B1%5D=20201210&filter%5Bchild%5D=1"
"Caretta Island","16750.0","17.07.2026 - 31.07.2026","15 dni/14 nocy","","3.9","3.9","2316","tripadvisor","Все аэропорты","2026-07-13T00:01:46.383681+00:00","https://fly.pl/oferta/grecja-wczasy/?filter[dest]=14:&filter[hotelids]=&filter[cityids]=&filter[cregids]=&filter[ofrType]=&filter[addObjType]=&filter[whenFrom]=13-07-2026&filter[whenTo]=12-08-2026&filter[duration]=13:16&filter[from]=&filter[person]=2&filter[child]=1&filter[price]=4000:20000&filter[PriceFrom]=4000&filter[PriceTo]=20000&filter[addCategory]=40&filter[addCatering]=1&filter[addMisc]=0&filter[addTransport]=F&filter[fp]=1&order_by=ofr_price&filter[tourOperator]=0&filter[childAge][1]=20201210","https://fly.pl/cdn/photo/assets/uploads/582/278/2016/11/Caretta-Island.jpg","https://fly.pl/wycieczka/grecja,zakynthos,kalamaki/caretta-island/pUyF94FYDJLRkdFvo_W0mJAAogWKRvMitmuuqxkeUAyZ2RzS9piTUMT46WOdz1m_tcgE8qBEdSQ1Mw8tXQ0gZI7oIBUEFYX2ADckFcChcEFQBYAVYCHYcDDxxApwNbgoABXr58S3hhAFLCZlMATNv2TAGihjYNm-fOCCAAUdebrLGiAgESYwECYwEDD_oKII8/ofertasv/?filter[tourOperator]=GRCS&filter%5Bperson%5D=2&filter%5BchildAge%5D%5B1%5D=20201210&filter%5Bchild%5D=1"
"Resol","16937.0","14.07.2026 - 28.07.2026","15 dni/14 nocy","","3.4","3.4","344","tripadvisor","Все аэропорты","2026-07-13T00:01:46.383681+00:00","https://fly.pl/oferta/grecja-wczasy/?filter[dest]=14:&filter[hotelids]=&filter[cityids]=&filter[cregids]=&filter[ofrType]=&filter[addObjType]=&filter[whenFrom]=13-07-2026&filter[whenTo]=12-08-2026&filter[duration]=13:16&filter[from]=&filter[person]=2&filter[child]=1&filter[price]=4000:20000&filter[PriceFrom]=4000&filter[PriceTo]=20000&filter[addCategory]=40&filter[addCatering]=1&filter[addMisc]=0&filter[addTransport]=F&filter[fp]=1&order_by=ofr_price&filter[tourOperator]=0&filter[childAge][1]=20201210","https://fly.pl/cdn/photo/assets/uploads/582/278/2018/04/Liza-Mary-fly-pl.jpg","https://fly.pl/wycieczka/grecja,kreta-wschodnia,bali/dolfin-liza-mary-grecja-kreta-grecja/pzg9neTinGlnshqypRIEMpAAogCLDo-eC9d3sw5Q1t7GGzFfWJbTe1aVAwlxPNI_--hEAqBEVDQ1gw8tXQ0gZIqYQBUAFYF2ACagJBSXIiHBG3SKsEnuAVuQTN3gIYtdAmG6_wQgH-1PrZAQIAYwECBhohswU/ofertasv/?filter[tourOperator]=ECCX&filter%5Bperson%5D=2&filter%5BchildAge%5D%5B1%5D=20201210&filter%5Bchild%5D=1"
"Anavadia","17007.0","20.07.2026 - 02.08.2026","14 dni/13 nocy","","3.6","3.6","224","tripadvisor","Все аэропорты","2026-07-13T00:01:46.383681+00:00","https://fly.pl/oferta/grecja-wczasy/?filter[dest]=14:&filter[hotelids]=&filter[cityids]=&filter[cregids]=&filter[ofrType]=&filter[addObjType]=&filter[whenFrom]=13-07-2026&filter[whenTo]=12-08-2026&filter[duration]=13:16&filter[from]=&filter[person]=2&filter[child]=1&filter[price]=4000:20000&filter[PriceFrom]=4000&filter[PriceTo]=20000&filter[addCategory]=40&filter[addCatering]=1&filter[addMisc]=0&filter[addTransport]=F&filter[fp]=1&order_by=ofr_price&filter[tourOperator]=0&filter[childAge][1]=20201210","https://fly.pl/cdn/photo/assets/uploads/582/278/2010/04/Anavadia2467.jpg","https://fly.pl/wycieczka/grecja,rodos,kolymbia/anavadia/psX-naSPsXCVGEw4Z151SsAAog5bmoXrTlVqIC5kZ19CJiIw_6XGV4OqTJGNJvK1pjDAoqBEVYSU0w99XQ0gZI74QBUAFYpwFgAmoCQUlyIxwRj7wGqwSr4zu5BOSXDhvi_CMY__1BAaK3spsLAgBjAQILP9MquQ/ofertasv/?filter[tourOperator]=EXIM&filter%5Bperson%5D=2&filter%5BchildAge%5D%5B1%5D=20201210&filter%5Bchild%5D=1"
"Panorama Boutique Village (Agia Pelagia)","17057.0","26.07.2026 - 09.08.2026","15 dni/14 nocy","","4.1","4.1","776","tripadvisor","Все аэропорты","2026-07-13T00:01:46.383681+00:00","https://fly.pl/oferta/grecja-wczasy/?filter[dest]=14:&filter[hotelids]=&filter[cityids]=&filter[cregids]=&filter[ofrType]=&filter[addObjType]=&filter[whenFrom]=13-07-2026&filter[whenTo]=12-08-2026&filter[duration]=13:16&filter[from]=&filter[person]=2&filter[child]=1&filter[price]=4000:20000&filter[PriceFrom]=4000&filter[PriceTo]=20000&filter[addCategory]=40&filter[addCatering]=1&filter[addMisc]=0&filter[addTransport]=F&filter[fp]=1&order_by=ofr_price&filter[tourOperator]=0&filter[childAge][1]=20201210","https://fly.pl/cdn/photo/assets/uploads/582/278/2014/07/agia-pelagia.jpg","https://fly.pl/wycieczka/grecja,kreta-wschodnia,agia-pelagia/panorama-agia-pelagia/p963Jf9PWZ20GOuqsKlW-oAAog38O3GCUEoMz1Bt-WW0D0_vPtMLxcqjH4bqy_ygyAkS4qBFZJVFgw99XQ0gZIoYUBUEFYtwJgAnJAGgBcChUEFwBYAUCPA1u_gwFTxilSAF74UkvtQ2EATI2sOQ3h25gJIAFRvbvXjY0BT-35E13M1fPheAIMYwECC0WysDo/ofertasv/?filter[tourOperator]=VITX&filter%5Bperson%5D=2&filter%5BchildAge%5D%5B1%5D=20201210&filter%5Bchild%5D=1"
"Pavlina (Kato Achaia)","17114.0","28.07.2026 - 11.08.2026","15 dni/14 nocy","","4.4","4.4","322","tripadvisor","Все аэропорты","2026-07-13T00:01:46.383681+00:00","https://fly.pl/oferta/grecja-wczasy/?filter[dest]=14:&filter[hotelids]=&filter[cityids]=&filter[cregids]=&filter[ofrType]=&filter[addObjType]=&filter[whenFrom]=13-07-2026&filter[whenTo]=12-08-2026&filter[duration]=13:16&filter[from]=&filter[person]=2&filter[child]=1&filter[price]=4000:20000&filter[PriceFrom]=4000&filter[PriceTo]=20000&filter[addCategory]=40&filter[addCatering]=1&filter[addMisc]=0&filter[addTransport]=F&filter[fp]=1&order_by=ofr_price&filter[tourOperator]=0&filter[childAge][1]=20201210","https://fly.pl/cdn/photo/assets/uploads/582/278/2016/11/Pavlina-Beach.jpg","https://fly.pl/wycieczka/grecja,peloponez,niforeika/pavlina-kato-achaia/pyOo_pl1YJ9TbNqgy5E_huAAogtpTblXi-dvrartyBE-_0TNIB36YhylqeVA-Vb33uERYqBFJOQlcw99XQ0gZI2oUBUEFY5wJgAmoEQndjRGoXMjk2LDM4MCw0NzcsNDgzLDQ4NCw0ODVyNZ8BngEVDhcAWAEKBEDEBxH8JhmoMRDwBVKjQ1MAS-YpYQAPkeFAHUMgsJqSCQ0AAgxjAQILlmVMRw/ofertasv/?filter[tourOperator]=RNBW&filter%5Bperson%5D=2&filter%5BchildAge%5D%5B1%5D=20201210&filter%5Bchild%5D=1"
"Galini Palace","17115.0","15.07.2026 - 30.07.2026","16 dni/14 nocy","","3.9","3.9","90","tripadvisor","Все аэропорты","2026-07-13T00:01:46.383681+00:00","https://fly.pl/oferta/grecja-wczasy/?filter[dest]=14:&filter[hotelids]=&filter[cityids]=&filter[cregids]=&filter[ofrType]=&filter[addObjType]=&filter[whenFrom]=13-07-2026&filter[whenTo]=12-08-2026&filter[duration]=13:16&filter[from]=&filter[person]=2&filter[child]=1&filter[price]=4000:20000&filter[PriceFrom]=4000&filter[PriceTo]=20000&filter[addCategory]=40&filter[addCatering]=1&filter[addMisc]=0&filter[addTransport]=F&filter[fp]=1&order_by=ofr_price&filter[tourOperator]=0&filter[childAge][1]=20201210","https://fly.pl/cdn/photo/assets/uploads/582/278/2019/08/Galini-Palace-fly-pl.jpg","https://fly.pl/wycieczka/grecja,kreta-zachodnia,kolymvari/galini-palace-12/pLy7rrklIDG0Y7IQlxUlYdAAogdb7lNzNeQvf4EoPb0g2giGrqCHBX7kLJo0cMUE6MrBgqBEdSQ1Mw99XQ0gZI24UBUEFYL2ADckBcChcFFQBYAFYCHfQBDxdAvwRS43dTAFuzCEuDTGEAXqcwTJbeTQGQtjkNqrfLCCAAUbvgqZ1lARJjAQJjAQINAraT2g/ofertasv/?filter[tourOperator]=GRCS&filter%5Bperson%5D=2&filter%5BchildAge%5D%5B1%5D=20201210&filter%5Bchild%5D=1"
"Mirage Bleu Resort","17192.0","26.07.2026 - 09.08.2026","15 dni/14 nocy","","4.1","4.1","147","tripadvisor","Все аэропорты","2026-07-13T00:01:46.383681+00:00","https://fly.pl/oferta/grecja-wczasy/?filter[dest]=14:&filter[hotelids]=&filter[cityids]=&filter[cregids]=&filter[ofrType]=&filter[addObjType]=&filter[whenFrom]=13-07-2026&filter[whenTo]=12-08-2026&filter[duration]=13:16&filter[from]=&filter[person]=2&filter[child]=1&filter[price]=4000:20000&filter[PriceFrom]=4000&filter[PriceTo]=20000&filter[addCategory]=40&filter[addCatering]=1&filter[addMisc]=0&filter[addTransport]=F&filter[fp]=1&order_by=ofr_price&filter[tourOperator]=0&filter[childAge][1]=20201210","https://datacfstatic.merlinx.pl/GRCS/IMG/ZTHMIBL/afb64c1b6b4ae40413efc9f75f2e1457e6fac12b745a1094fe2af5aa77cc2765.webp","https://fly.pl/wycieczka/grecja,zakynthos,tragaki/mirage-bleu-resort-11/pAYiKfI1R6gvzufQ5BWqHGAAogaa79Cc2cL_eLE_9rifLs8Ugblq5LN0hifLHwNnzXNwAqBEdSQ1Mw99XQ0gZIqIYBUEFYtwJgA3JBXAoXBBUAWAFWAh3SBA8MQOwBXsD8AUt4YQBb6x1S10hTAEyb_zgBtPNJDdLxzgggAFHLp8mxogIBEmMBAmMBAgvLUqBb/ofertasv/?filter[tourOperator]=GRCS&filter%5Bperson%5D=2&filter%5BchildAge%5D%5B1%5D=20201210&filter%5Bchild%5D=1"
"Mare Blue & Suites","17254.0","15.07.2026 - 30.07.2026","16 dni/14 nocy","","3.9","3.9","202","tripadvisor","Все аэропорты","2026-07-13T00:01:46.383681+00:00","https://fly.pl/oferta/grecja-wczasy/?filter[dest]=14:&filter[hotelids]=&filter[cityids]=&filter[cregids]=&filter[ofrType]=&filter[addObjType]=&filter[whenFrom]=13-07-2026&filter[whenTo]=12-08-2026&filter[duration]=13:16&filter[from]=&filter[person]=2&filter[child]=1&filter[price]=4000:20000&filter[PriceFrom]=4000&filter[PriceTo]=20000&filter[addCategory]=40&filter[addCatering]=1&filter[addMisc]=0&filter[addTransport]=F&filter[fp]=1&order_by=ofr_price&filter[tourOperator]=0&filter[childAge][1]=20201210","https://fly.pl/cdn/photo/assets/uploads/582/278/2014/09/MARE-BLUE-SUITES.jpg","https://fly.pl/wycieczka/grecja,kreta-zachodnia,georgioupolis/metropol-beach-resort/p60zujYIgSw-BveKFbzRlzAAoglSr4dj6ywTzGNB6ljh-1DGrqCHBX7kLJo0cMUE6MrBgqBEdSQ1Mw99XQ0gZI5oYBUEFYL2ACcj1cChcFFQBYAFYCHfQBDxdAvwRS43dTAFuzCEuDTGEAXqcwTJbeTQGEtzkNtrbLCCAAUdboup1lARJjAgJjC48YlQ/ofertasv/?filter[tourOperator]=GRCS&filter%5Bperson%5D=2&filter%5BchildAge%5D%5B1%5D=20201210&filter%5Bchild%5D=1"
"Caretta Sea View","17286.0","14.07.2026 - 28.07.2026","15 dni/14 nocy","","3.9","3.9","2316","tripadvisor","Все аэропорты","2026-07-13T00:01:46.383681+00:00","https://fly.pl/oferta/grecja-wczasy/?filter[dest]=14:&filter[hotelids]=&filter[cityids]=&filter[cregids]=&filter[ofrType]=&filter[addObjType]=&filter[whenFrom]=13-07-2026&filter[whenTo]=12-08-2026&filter[duration]=13:16&filter[from]=&filter[person]=2&filter[child]=1&filter[price]=4000:20000&filter[PriceFrom]=4000&filter[PriceTo]=20000&filter[addCategory]=40&filter[addCatering]=1&filter[addMisc]=0&filter[addTransport]=F&filter[fp]=1&order_by=ofr_price&filter[tourOperator]=0&filter[childAge][1]=20201210","https://fly.pl/cdn/photo/assets/uploads/582/278/2014/10/Hotel-Caretta-Sea-View.jpg","https://fly.pl/wycieczka/grecja,zakynthos,kalamaki/caretta-sea-view/pizAODhTzcrbhNP-WqjxGuAAogNq_iOP3IwyTdIiNcW_IWez3_qva41FRdwDpfbdhknMUqBEdSQ1Mw99XQ0gZIhocBUEFYF2ACcj1cChcEFQBYAVYCQMoGHTsPFluxf16-fEuPGGEAUqtPUwBM2_ZMAfeQNg3D3M4IIABRtJ6ssaICARJjAgJjTusuTA/ofertasv/?filter[tourOperator]=GRCS&filter%5Bperson%5D=2&filter%5BchildAge%5D%5B1%5D=20201210&filter%5Bchild%5D=1"
"Poseidon Palace","17288.0","18.07.2026 - 01.08.2026","15 dni/14 nocy","","4.0","4.0","673","tripadvisor","Все аэропорты","2026-07-13T00:01:46.383681+00:00","https://fly.pl/oferta/grecja-wczasy/?filter[dest]=14:&filter[hotelids]=&filter[cityids]=&filter[cregids]=&filter[ofrType]=&filter[addObjType]=&filter[whenFrom]=13-07-2026&filter[whenTo]=12-08-2026&filter[duration]=13:16&filter[from]=&filter[person]=2&filter[child]=1&filter[price]=4000:20000&filter[PriceFrom]=4000&filter[PriceTo]=20000&filter[addCategory]=40&filter[addCatering]=1&filter[addMisc]=0&filter[addTransport]=F&filter[fp]=1&order_by=ofr_price&filter[tourOperator]=0&filter[childAge][1]=20201210","https://fly.pl/cdn/photo/assets/uploads/582/278/2014/10/Hotel-Poseidon-Palace.jpg","https://fly.pl/wycieczka/grecja,riwiera-olimpijska,leptokaria/poseidon-palace/p7UI3phL3R8Jt8X3PmsySSAAoglS0zkJxiTHj1HIFvxnlKoIsYLkcvWHnOc5wUIEnXTioqBFJOQlcw99XQ0gZIiIcBUEFYd2ACagRCd2NEahcyOTYsMzgwLDQ3Nyw0ODMsNDg0LDQ4NWoHNDA3LDQwOHI3nwGeAZwBFQ4XAFgBCgQRqQMQ7gFArQIZxVdh2HNLAFKsTlMAHbSpQQ8rIO-DkQkNAAIMYwECC9PdEC4/ofertasv/?filter[tourOperator]=RNBW&filter%5Bperson%5D=2&filter%5BchildAge%5D%5B1%5D=20201210&filter%5Bchild%5D=1"
"Kipriotis Aqualand","17324.0","21.07.2026 - 04.08.2026","15 dni/14 nocy","","4.4","4.4","3350","tripadvisor","Все аэропорты","2026-07-13T00:01:46.383681+00:00","https://fly.pl/oferta/grecja-wczasy/?filter[dest]=14:&filter[hotelids]=&filter[cityids]=&filter[cregids]=&filter[ofrType]=&filter[addObjType]=&filter[whenFrom]=13-07-2026&filter[whenTo]=12-08-2026&filter[duration]=13:16&filter[from]=&filter[person]=2&filter[child]=1&filter[price]=4000:20000&filter[PriceFrom]=4000&filter[PriceTo]=20000&filter[addCategory]=40&filter[addCatering]=1&filter[addMisc]=0&filter[addTransport]=F&filter[fp]=1&order_by=ofr_price&filter[tourOperator]=0&filter[childAge][1]=20201210","https://fly.pl/cdn/photo/assets/uploads/582/278/2014/10/Hotel-Kipriotis-Aqualand.jpg","https://fly.pl/wycieczka/grecja,kos,psalidi/kipriotis-panorama-aqualand/pH8ChBWruqP3MQ86nngMZtAAog8FKu49m3YbERUawGmqcACT5jsswY-sfbF1puJJsgirsqBEdSQ1Mw99XQ0gZIrIcBUEFYvwFgA3JCXAoXBBUAWAFWAh3mAg8OQNYDW-aFAVLbQlMAS9gDYQBepzBMlt5NAYO0Ng29uc4IIABR8emH8qUBARJjAQJjAQMO2xze-w/ofertasv/?filter[tourOperator]=GRCS&filter%5Bperson%5D=2&filter%5BchildAge%5D%5B1%5D=20201210&filter%5Bchild%5D=1"
"Apollonia Beach (Ammoudara)","17337.0","27.07.2026 - 10.08.2026","16 dni/14 nocy","","4.2","4.2","1029","tripadvisor","Все аэропорты","2026-07-13T00:01:46.383681+00:00","https://fly.pl/oferta/grecja-wczasy/?filter[dest]=14:&filter[hotelids]=&filter[cityids]=&filter[cregids]=&filter[ofrType]=&filter[addObjType]=&filter[whenFrom]=13-07-2026&filter[whenTo]=12-08-2026&filter[duration]=13:16&filter[from]=&filter[person]=2&filter[child]=1&filter[price]=4000:20000&filter[PriceFrom]=4000&filter[PriceTo]=20000&filter[addCategory]=40&filter[addCatering]=1&filter[addMisc]=0&filter[addTransport]=F&filter[fp]=1&order_by=ofr_price&filter[tourOperator]=0&filter[childAge][1]=20201210","https://fly.pl/cdn/photo/assets/uploads/582/278/2009/06/Apollonia-Beach-Ammoudara481.jpg","https://fly.pl/wycieczka/grecja,kreta-wschodnia,ammoudara/apollonia-beach-ammoudara/pPb9b9QOsayf5aWJ3hlSF8AAogoEkvhleC84JxLiGccO1RrtxXzdMN5U5cDNDqTf9JOMUqBEVYSU0w99XQ0gZIuYcBUAFYzwJgAmoCQUlyIRwRypoGqwTB8Tu5BB0bgI9KGNfmRAHKhujJDAISYwECDG3yv-Y/ofertasv/?filter[tourOperator]=EXIM&filter%5Bperson%5D=2&filter%5BchildAge%5D%5B1%5D=20201210&filter%5Bchild%5D=1"
"Ibiscus Corfu","17385.0","29.07.2026 - 12.08.2026","15 dni/14 nocy","","4.1","4.1","347","tripadvisor","Все аэропорты","2026-07-13T00:01:46.383681+00:00","https://fly.pl/oferta/grecja-wczasy/?filter[dest]=14:&filter[hotelids]=&filter[cityids]=&filter[cregids]=&filter[ofrType]=&filter[addObjType]=&filter[whenFrom]=13-07-2026&filter[whenTo]=12-08-2026&filter[duration]=13:16&filter[from]=&filter[person]=2&filter[child]=1&filter[price]=4000:20000&filter[PriceFrom]=4000&filter[PriceTo]=20000&filter[addCategory]=40&filter[addCatering]=1&filter[addMisc]=0&filter[addTransport]=F&filter[fp]=1&order_by=ofr_price&filter[tourOperator]=0&filter[childAge][1]=20201210","https://fly.pl/cdn/photo/assets/uploads/582/278/2019/02/Hotel-Ibiscus-Corfu.jpg","https://fly.pl/wycieczka/grecja,korfu,roda/ibiscus-grecja-korfu-grecja/paPqXUM8eG9aTHZdmt2uPbAAogUT8nDYlJmG2uVvk7_DMUqdgkkniV1hJ6tbbsqMYh8doqBEdSQ1Mw99XQ0gZI6YcBUEFY_wJgA3I_XAoXBBUAWAFWAh1kDwxA2gVSn3dTAFv3CF6qfEuPGGEATMfOOQGCskUNhrPTCCAAUdu69OZkARJjAQJjAQILgEx4Yg/ofertasv/?filter[tourOperator]=GRCS&filter%5Bperson%5D=2&filter%5BchildAge%5D%5B1%5D=20201210&filter%5Bchild%5D=1"
"Sunny Days (Ixia)","17435.0","20.07.2026 - 03.08.2026","16 dni/14 nocy","","3.8","3.8","282","tripadvisor","Все аэропорты","2026-07-13T00:01:46.383681+00:00","https://fly.pl/oferta/grecja-wczasy/?filter[dest]=14:&filter[hotelids]=&filter[cityids]=&filter[cregids]=&filter[ofrType]=&filter[addObjType]=&filter[whenFrom]=13-07-2026&filter[whenTo]=12-08-2026&filter[duration]=13:16&filter[from]=&filter[person]=2&filter[child]=1&filter[price]=4000:20000&filter[PriceFrom]=4000&filter[PriceTo]=20000&filter[addCategory]=40&filter[addCatering]=1&filter[addMisc]=0&filter[addTransport]=F&filter[fp]=1&order_by=ofr_price&filter[tourOperator]=0&filter[childAge][1]=20201210","https://fly.pl/cdn/photo/assets/uploads/582/278/2015/06/Sunny-Days-Ixia.jpg","https://fly.pl/wycieczka/grecja,rodos,ixia/sunny-days-ixia/pX1MEHOV9hW8VYOIUx_-4JAAoguY4Bd0J6pramiRws0YinQLMY9ys_84uy04_nnjEOSCIqBFJOQlcw99XQ0gZIm4gBUEFYpwFgAmoEQndjRGoXMjk2LDM4MCw0NzcsNDgzLDQ4NCw0ODVqDzQwNCw0MDcsNDA4LDUyMXI3nwGeAZwBFQ5YARcACgRAxAcR9jYZ3yAQlVJhsyFLAFK4Q1MAD6uNQB0rIO6qkgkNAAIMYwECC-msWbI/ofertasv/?filter[tourOperator]=RNBW&filter%5Bperson%5D=2&filter%5BchildAge%5D%5B1%5D=20201210&filter%5Bchild%5D=1"
"Kipriotis Village Resort","17461.0","28.07.2026 - 11.08.2026","15 dni/14 nocy","","4.0","4.0","2018","tripadvisor","Все аэропорты","2026-07-13T00:01:46.383681+00:00","https://fly.pl/oferta/grecja-wczasy/?filter[dest]=14:&filter[hotelids]=&filter[cityids]=&filter[cregids]=&filter[ofrType]=&filter[addObjType]=&filter[whenFrom]=13-07-2026&filter[whenTo]=12-08-2026&filter[duration]=13:16&filter[from]=&filter[person]=2&filter[child]=1&filter[price]=4000:20000&filter[PriceFrom]=4000&filter[PriceTo]=20000&filter[addCategory]=40&filter[addCatering]=1&filter[addMisc]=0&filter[addTransport]=F&filter[fp]=1&order_by=ofr_price&filter[tourOperator]=0&filter[childAge][1]=20201210","https://fly.pl/cdn/photo/assets/uploads/582/278/2016/11/Hotel-Kipriotis-Village-Resort.jpg","https://fly.pl/wycieczka/grecja,kos,psalidi/kipriotis-village/ptYmVAZ4q8_n-6iVx2PuLRAAogo8HOYiUuwJEvDyeBfUKZza--9zzlaCOXjizXY0wJ1DkqBEdSQ1Mw99XQ0gZItYgBUEFY5wJgA3JCXAoXBBUAWAFWAh3nAg8OQNUDW5aAAVKrSFMAS9gDYQBepzBM1uY5AY7pUw35-8QIIABR8ciZ8qUBARJjAQJjAQIOkV8Zrw/ofertasv/?filter[tourOperator]=GRCS&filter%5Bperson%5D=2&filter%5BchildAge%5D%5B1%5D=20201210&filter%5Bchild%5D=1"
"Sergios","17491.0","19.07.2026 - 02.08.2026","15 dni/14 nocy","","4.1","4.1","797","tripadvisor","Все аэропорты","2026-07-13T00:01:46.383681+00:00","https://fly.pl/oferta/grecja-wczasy/?filter[dest]=14:&filter[hotelids]=&filter[cityids]=&filter[cregids]=&filter[ofrType]=&filter[addObjType]=&filter[whenFrom]=13-07-2026&filter[whenTo]=12-08-2026&filter[duration]=13:16&filter[from]=&filter[person]=2&filter[child]=1&filter[price]=4000:20000&filter[PriceFrom]=4000&filter[PriceTo]=20000&filter[addCategory]=40&filter[addCatering]=1&filter[addMisc]=0&filter[addTransport]=F&filter[fp]=1&order_by=ofr_price&filter[tourOperator]=0&filter[childAge][1]=20201210","https://fly.pl/cdn/photo/assets/uploads/582/278/2014/07/Sergios-fly-pl.jpg","https://fly.pl/wycieczka/grecja,kreta,hersonissos/smartline-sergios/pXRXXp9fggbBQZdYB5UdmQAAog5INhJ147WNj8EkrFN4b-C8D6SsWc96BL1TYwAmLtH-cqBEdSQ1Mw99XQ0gZI04gBUEFYjwFgAnI-XAoXBBUAWAFWAh20BQ8TQIMBUsipAVMAXvhSS3hhAFuzHkzqvk0B9cI4DcqqzAggAFHNquCNjQEBEmMCAmO2Njar/ofertasv/?filter[tourOperator]=GRCS&filter%5Bperson%5D=2&filter%5BchildAge%5D%5B1%5D=20201210&filter%5Bchild%5D=1"
"Acharavi Mare by Wyndham (ex. Beis Beach)","17557.0","22.07.2026 - 05.08.2026","16 dni/14 nocy","","2.5","2.5","69","tripadvisor","Все аэропорты","2026-07-13T00:01:46.383681+00:00","https://fly.pl/oferta/grecja-wczasy/?filter[dest]=14:&filter[hotelids]=&filter[cityids]=&filter[cregids]=&filter[ofrType]=&filter[addObjType]=&filter[whenFrom]=13-07-2026&filter[whenTo]=12-08-2026&filter[duration]=13:16&filter[from]=&filter[person]=2&filter[child]=1&filter[price]=4000:20000&filter[PriceFrom]=4000&filter[PriceTo]=20000&filter[addCategory]=40&filter[addCatering]=1&filter[addMisc]=0&filter[addTransport]=F&filter[fp]=1&order_by=ofr_price&filter[tourOperator]=0&filter[childAge][1]=20201210","https://fly.pl/cdn/photo/assets/uploads/582/278/2022/01/Acharavi-Mare-ex.-Beis-Beach-fly-pl.jpg","https://fly.pl/wycieczka/grecja,korfu,acharavi/acharavi-mare-ex-beis-beach-11/pPkL-byjoLAO9_Z5WWGXByAAogUN1Nb8lNE7bswAti_JlyShBm6JGpnbU8GJytcKSB4S0qBFZJVFgw99XQ0gZIlYkBUEFY1wFgAnI-GgBcChUEFwBYAUCPA1PcelIAW-MIYY4fSwBesF1M-e85IN7bmAkNAFG84N3mZE_flhFdnIbD-B8CDGMBAgsBg4zZ/ofertasv/?filter[tourOperator]=VITX&filter%5Bperson%5D=2&filter%5BchildAge%5D%5B1%5D=20201210&filter%5Bchild%5D=1"
"Michelangelo Resort (Kassiopi)","17568.0","22.07.2026 - 04.08.2026","14 dni/13 nocy","","3.7","3.7","197","tripadvisor","Все аэропорты","2026-07-13T00:01:46.383681+00:00","https://fly.pl/oferta/grecja-wczasy/?filter[dest]=14:&filter[hotelids]=&filter[cityids]=&filter[cregids]=&filter[ofrType]=&filter[addObjType]=&filter[whenFrom]=13-07-2026&filter[whenTo]=12-08-2026&filter[duration]=13:16&filter[from]=&filter[person]=2&filter[child]=1&filter[price]=4000:20000&filter[PriceFrom]=4000&filter[PriceTo]=20000&filter[addCategory]=40&filter[addCatering]=1&filter[addMisc]=0&filter[addTransport]=F&filter[fp]=1&order_by=ofr_price&filter[tourOperator]=0&filter[childAge][1]=20201210","https://fly.pl/cdn/photo/assets/uploads/582/278/2021/02/Michelangelo-Resort.jpg","https://fly.pl/wycieczka/grecja,korfu,c/michelangelo-village-14/pVnqT94lJjJjOU7JknT1vtAAog-kPzo2s6I6wbKTpLF7KXvN3JcCgK3lbRKJ837CkZCQgqBEJWQkUw99XQ0gZIoIkBUAFY1wFgAmoCQUlyIRwR3ugBG5H_QBi5mhW5BNG4IasEAQHtjZfbAwIAYwECC3fqoPc/ofertasv/?filter[tourOperator]=BVBE&filter%5Bperson%5D=2&filter%5BchildAge%5D%5B1%5D=20201210&filter%5Bchild%5D=1"
"Almyra Village","17657.0","22.07.2026 - 05.08.2026","15 dni/14 nocy","","4.0","4.0","714","tripadvisor","Все аэропорты","2026-07-13T00:01:46.383681+00:00","https://fly.pl/oferta/grecja-wczasy/?filter[dest]=14:&filter[hotelids]=&filter[cityids]=&filter[cregids]=&filter[ofrType]=&filter[addObjType]=&filter[whenFrom]=13-07-2026&filter[whenTo]=12-08-2026&filter[duration]=13:16&filter[from]=&filter[person]=2&filter[child]=1&filter[price]=4000:20000&filter[PriceFrom]=4000&filter[PriceTo]=20000&filter[addCategory]=40&filter[addCatering]=1&filter[addMisc]=0&filter[addTransport]=F&filter[fp]=1&order_by=ofr_price&filter[tourOperator]=0&filter[childAge][1]=20201210","https://fly.pl/cdn/photo/assets/uploads/582/278/2010/04/Almyra-Village1883.jpg","https://fly.pl/wycieczka/grecja,kreta-wschodnia,koutsounari/almyra-village/pXAHDbVoH8xIpxVxBwpX0GAAogXw1D_BU5s79uXBUR6cbhHzpoZ8B37R2zHKnVq6hwT7sqBFZJVFgw99XQ0gZI-YkBUEFY1wFgAnI_GgBcChUEFwBYAUCPA1uFdFOAOVIAYdEiSwBepzBM1e85IILcmAkNAFGYz62NjQFPyJAdXZyDqt4bAgxjAQILJBLoSw/ofertasv/?filter[tourOperator]=VITX&filter%5Bperson%5D=2&filter%5BchildAge%5D%5B1%5D=20201210&filter%5Bchild%5D=1"
"Pollis (ex Miramare)","17686.0","28.07.2026 - 11.08.2026","15 dni/14 nocy","","3.9","3.9","122","tripadvisor","Все аэропорты","2026-07-13T00:01:46.383681+00:00","https://fly.pl/oferta/grecja-wczasy/?filter[dest]=14:&filter[hotelids]=&filter[cityids]=&filter[cregids]=&filter[ofrType]=&filter[addObjType]=&filter[whenFrom]=13-07-2026&filter[whenTo]=12-08-2026&filter[duration]=13:16&filter[from]=&filter[person]=2&filter[child]=1&filter[price]=4000:20000&filter[PriceFrom]=4000&filter[PriceTo]=20000&filter[addCategory]=40&filter[addCatering]=1&filter[addMisc]=0&filter[addTransport]=F&filter[fp]=1&order_by=ofr_price&filter[tourOperator]=0&filter[childAge][1]=20201210","https://fly.pl/cdn/photo/assets/uploads/582/278/2014/09/Miramare-Hersonissos.jpg","https://fly.pl/wycieczka/grecja,kreta,hersonissos/miramare-hersonissos/pv2kqgUWizspnC32wYQLofAAogMqDDlo5T5F1jpS1-6Zm7wD2Mp2HsrMxzUx_i04lwaHoqBEVDQ1gw99XQ0gZIlooBUAFY5wJgA2oCQUlyJRwRjEqrBI_fFbkEid4CGPKPKBuYkkEBoPOb5AEBEmMBAGMBAgwARCAh/ofertasv/?filter[tourOperator]=ECCX&filter%5Bperson%5D=2&filter%5BchildAge%5D%5B1%5D=20201210&filter%5Bchild%5D=1"
"Ramada by Wyndham Loutraki Poseidon Resort","17707.0","28.07.2026 - 11.08.2026","15 dni/14 nocy","","3.6","3.6","310","tripadvisor","Все аэропорты","2026-07-13T00:01:46.383681+00:00","https://fly.pl/oferta/grecja-wczasy/?filter[dest]=14:&filter[hotelids]=&filter[cityids]=&filter[cregids]=&filter[ofrType]=&filter[addObjType]=&filter[whenFrom]=13-07-2026&filter[whenTo]=12-08-2026&filter[duration]=13:16&filter[from]=&filter[person]=2&filter[child]=1&filter[price]=4000:20000&filter[PriceFrom]=4000&filter[PriceTo]=20000&filter[addCategory]=40&filter[addCatering]=1&filter[addMisc]=0&filter[addTransport]=F&filter[fp]=1&order_by=ofr_price&filter[tourOperator]=0&filter[childAge][1]=20201210","https://fly.pl/cdn/photo/assets/uploads/582/278/2010/10/Ramada-Loutraki-Poseidon-Resort.jpg","https://fly.pl/wycieczka/grecja,zatoka-koryncka,loutraki/poseidon-resort/pc4RleHS-sQwK1T2dAR8Q_AAogQVIsVhIF-fuUMqw9lgUPONIB36YhylqeVA-Vb33uERYqBFJOQlcw99XQ0gZIq4oBUEFY5wJgAmoEQ0FnUWoXMjk2LDM4MCw0NzcsNDgzLDQ4NCw0ODVyNZ8BngEVDhcAWAEKFkCyBxHwARCFKhmvLFKTSVMAS-YpYQAPkeFAHUMgsJqSCQ0AAg1jAQIMYLfQfw/ofertasv/?filter[tourOperator]=RNBW&filter%5Bperson%5D=2&filter%5BchildAge%5D%5B1%5D=20201210&filter%5Bchild%5D=1"
"Silver Beach Resort","17721.0","22.07.2026 - 05.08.2026","15 dni/14 nocy","","4.4","4.4","256","tripadvisor","Все аэропорты","2026-07-13T00:01:46.383681+00:00","https://fly.pl/oferta/grecja-wczasy/?filter[dest]=14:&filter[hotelids]=&filter[cityids]=&filter[cregids]=&filter[ofrType]=&filter[addObjType]=&filter[whenFrom]=13-07-2026&filter[whenTo]=12-08-2026&filter[duration]=13:16&filter[from]=&filter[person]=2&filter[child]=1&filter[price]=4000:20000&filter[PriceFrom]=4000&filter[PriceTo]=20000&filter[addCategory]=40&filter[addCatering]=1&filter[addMisc]=0&filter[addTransport]=F&filter[fp]=1&order_by=ofr_price&filter[tourOperator]=0&filter[childAge][1]=20201210","https://fly.pl/cdn/photo/assets/uploads/582/278/2017/01/silver-beach-resort-kreta.jpg","https://fly.pl/wycieczka/grecja,kreta-zachodnia,gerani/silver-beach-resort/pKKLv0p4j2EjajyfBllDEDAAogTo8QEfwQf6wTKb3XhPdRKDcTJMsZkzGRcyqtbOGlZAEqBFJOQlcw99XQ0gZIuYoBUEFY1wFgAmoERFExc2oXMjk2LDM4MCw0NzcsNDgzLDQ4NCw0ODVyOJ8BngEVDhcAWAERmwVArQIKsQEQii4ZqChShB9TAEvKyAFhAB3EvkAPzQEg2ceRCQ0AAg5jAQMNHNwHMg/ofertasv/?filter[tourOperator]=RNBW&filter%5Bperson%5D=2&filter%5BchildAge%5D%5B1%5D=20201210&filter%5Bchild%5D=1"
"Zeus Ydoria Resort","17728.0","26.07.2026 - 09.08.2026","15 dni/14 nocy","","4.6","4.6","113","tripadvisor","Все аэропорты","2026-07-13T00:01:46.383681+00:00","https://fly.pl/oferta/grecja-wczasy/?filter[dest]=14:&filter[hotelids]=&filter[cityids]=&filter[cregids]=&filter[ofrType]=&filter[addObjType]=&filter[whenFrom]=13-07-2026&filter[whenTo]=12-08-2026&filter[duration]=13:16&filter[from]=&filter[person]=2&filter[child]=1&filter[price]=4000:20000&filter[PriceFrom]=4000&filter[PriceTo]=20000&filter[addCategory]=40&filter[addCatering]=1&filter[addMisc]=0&filter[addTransport]=F&filter[fp]=1&order_by=ofr_price&filter[tourOperator]=0&filter[childAge][1]=20201210","https://fly.pl/cdn/photo/assets/uploads/582/278/2014/09/Zeus-Hotels-Ydoria-Resort.jpg","https://fly.pl/wycieczka/grecja,kreta-zachodnia,adelianos-kampos/rethymno-residense-ex-maravel-sky/pDR6NbbQHlS5SQerKNU09VAAogo91-l5-zcOceDcm1ZR--LKZFR721iU6XxgRSEp8gTMYqBEdSQ1Mw99XQ0gZIwIoBUEFYtwJgA3JBFw4VAFgBVgJcAh37Aw8SQLsCUuN3UwBe3YQBW6sfS54pYQBMjZ45AYvlTQ36_8oIIABRpKqinWUBEmMBAmMBAgvdAvjq/ofertasv/?filter[tourOperator]=GRCS&filter%5Bperson%5D=2&filter%5BchildAge%5D%5B1%5D=20201210&filter%5Bchild%5D=1"
"Zeus Eretria Resort","17783.0","29.07.2026 - 12.08.2026","15 dni/14 nocy","","3.5","3.5","266","tripadvisor","Все аэропорты","2026-07-13T00:01:46.383681+00:00","https://fly.pl/oferta/grecja-wczasy/?filter[dest]=14:&filter[hotelids]=&filter[cityids]=&filter[cregids]=&filter[ofrType]=&filter[addObjType]=&filter[whenFrom]=13-07-2026&filter[whenTo]=12-08-2026&filter[duration]=13:16&filter[from]=&filter[person]=2&filter[child]=1&filter[price]=4000:20000&filter[PriceFrom]=4000&filter[PriceTo]=20000&filter[addCategory]=40&filter[addCatering]=1&filter[addMisc]=0&filter[addTransport]=F&filter[fp]=1&order_by=ofr_price&filter[tourOperator]=0&filter[childAge][1]=20201210","https://fly.pl/cdn/photo/assets/uploads/582/278/2014/11/Hotel-Eretria-Spa-Resort.jpg","https://fly.pl/wycieczka/grecja,evia,eretria/eretria-village/p3SqajKDKR3ZfYR4vuXW_wAAog4uRr2JUc0MtKLNogmXRdV_Zm49aIDIpL9e6TN7x-coQqBEdSQ1Mw99XQ0gZI94oBUEFY_wJgA3I_Fw4VAFgBVgJcAh2sBg8LQBFS6mZTAFu6Cl6ciwFLeGEATN3lOQGAnUsNicjNCCAAUZGDkdRXARJjAQJjAQIL79JbZA/ofertasv/?filter[tourOperator]=GRCS&filter%5Bperson%5D=2&filter%5BchildAge%5D%5B1%5D=20201210&filter%5Bchild%5D=1"
"Meropi Hotel & Apartments (Malia)","17828.0","26.07.2026 - 10.08.2026","16 dni/14 nocy","","3.6","3.6","116","tripadvisor","Все аэропорты","2026-07-13T00:01:46.383681+00:00","https://fly.pl/oferta/grecja-wczasy/?filter[dest]=14:&filter[hotelids]=&filter[cityids]=&filter[cregids]=&filter[ofrType]=&filter[addObjType]=&filter[whenFrom]=13-07-2026&filter[whenTo]=12-08-2026&filter[duration]=13:16&filter[from]=&filter[person]=2&filter[child]=1&filter[price]=4000:20000&filter[PriceFrom]=4000&filter[PriceTo]=20000&filter[addCategory]=40&filter[addCatering]=1&filter[addMisc]=0&filter[addTransport]=F&filter[fp]=1&order_by=ofr_price&filter[tourOperator]=0&filter[childAge][1]=20201210","https://datacfstatic.merlinx.pl/WEZY/IMG/1351/564c89c7e46f15a6e6f1917a491f6c7aafce0dcecb4b07a8ee9ba6b67360c1d1.webp","https://fly.pl/wycieczka/grecja,kreta,malia/meropi-malia/p_T_vGH9Wn9cj7phoQ91KsAAogUESSizRhnwt76GEUmqpVmwAAAADQwQQA7MEEAA4AAQAqBFdFWlkw99XQ0gZIpIsBUEFYtwJgA2oLUnlhbmFpciBTdW5qBDAwNDBqBDAxMTVqBDAzMzByQJ4BlAGVAZgBHwAcAQIAFgQXCRKlBBGUBhOiBUC4cUvKJFAATLgKTwAbyowCHePGDyAcDYrLwQkBEmMBDGMBAgttg4HE/ofertasv/?filter[tourOperator]=WEZY&filter%5Bperson%5D=2&filter%5BchildAge%5D%5B1%5D=20201210&filter%5Bchild%5D=1"
"CEPU Orient","17889.0","14.07.2026 - 28.07.2026","15 dni/14 nocy","","","","","","Все аэропорты","2026-07-13T00:01:46.383681+00:00","https://fly.pl/oferta/grecja-wczasy/?filter[dest]=14:&filter[hotelids]=&filter[cityids]=&filter[cregids]=&filter[ofrType]=&filter[addObjType]=&filter[whenFrom]=13-07-2026&filter[whenTo]=12-08-2026&filter[duration]=13:16&filter[from]=&filter[person]=2&filter[child]=1&filter[price]=4000:20000&filter[PriceFrom]=4000&filter[PriceTo]=20000&filter[addCategory]=40&filter[addCatering]=1&filter[addMisc]=0&filter[addTransport]=F&filter[fp]=1&order_by=ofr_price&filter[tourOperator]=0&filter[childAge][1]=20201210","https://datacfstatic.merlinx.pl/RNBW/IMG/7902/152cec0a6417b824a08b7ff5c967d299f0b3503ec18c9123182409b994972a55.webp","https://fly.pl/wycieczka/grecja,zakynthos,kipseli/cepu-orient-13/pXFtQwWid9v0P6_4a3fHA1AAog8pk-TNkr4FAzYmk_QARjB6GelNSY4IakdNW6i3trjLcqBFJOQlcw99XQ0gZI4YsBUEFYF2ACagRCd2NEahcyOTYsMzgwLDQ3Nyw0ODMsNDg0LDQ4NXI2nwGeARUOFwBYAQoEQMQHEYc2GeYhEKJPYa0pSwBSwpIBUwAP_Po_HSMg9uiRCQ0AAgxjAQILUPCmFw/ofertasv/?filter[tourOperator]=RNBW&filter%5Bperson%5D=2&filter%5BchildAge%5D%5B1%5D=20201210&filter%5Bchild%5D=1"
"Atlantis (Lambi)","17897.0","21.07.2026 - 04.08.2026","15 dni/14 nocy","","3.9","3.9","1971","tripadvisor","Все аэропорты","2026-07-13T00:01:46.383681+00:00","https://fly.pl/oferta/grecja-wczasy/?filter[dest]=14:&filter[hotelids]=&filter[cityids]=&filter[cregids]=&filter[ofrType]=&filter[addObjType]=&filter[whenFrom]=13-07-2026&filter[whenTo]=12-08-2026&filter[duration]=13:16&filter[from]=&filter[person]=2&filter[child]=1&filter[price]=4000:20000&filter[PriceFrom]=4000&filter[PriceTo]=20000&filter[addCategory]=40&filter[addCatering]=1&filter[addMisc]=0&filter[addTransport]=F&filter[fp]=1&order_by=ofr_price&filter[tourOperator]=0&filter[childAge][1]=20201210","https://fly.pl/cdn/photo/assets/uploads/582/278/2015/03/Atlantis.jpg","https://fly.pl/wycieczka/grecja,kos,lambi/atlantis-lambi/pmSJ5HfOyICqgqm8U11DQeAAogXZTnzlqAwPYsUc8Pb8aVS-8a_XrSpiF6IEGunFpiECcqBFZJVFgw99XQ0gZI6YsBUEFYvwFgAnJAGgBcChUEFwBYAUCPA1u_gwFTv0hSAF7_M0vtQ2EATIysOSDd25gJDQBR3dHe8aUBT9SVPV3Q_cv9XwIMYwEFC7cUKPE/ofertasv/?filter[tourOperator]=VITX&filter%5Bperson%5D=2&filter%5BchildAge%5D%5B1%5D=20201210&filter%5Bchild%5D=1"
"Tesoro","17868.0","27.07.2026 - 10.08.2026","15 dni/14 nocy","","3.6","3.6","313","tripadvisor","Все аэропорты","2026-07-13T00:01:46.383681+00:00","https://fly.pl/oferta/grecja-wczasy/?filter[dest]=14:&filter[hotelids]=&filter[cityids]=&filter[cregids]=&filter[ofrType]=&filter[addObjType]=&filter[whenFrom]=13-07-2026&filter[whenTo]=12-08-2026&filter[duration]=13:16&filter[from]=&filter[person]=2&filter[child]=1&filter[price]=4000:20000&filter[PriceFrom]=4000&filter[PriceTo]=20000&filter[addCategory]=40&filter[addCatering]=1&filter[addMisc]=0&filter[addTransport]=F&filter[fp]=1&order_by=ofr_price&filter[tourOperator]=0&filter[childAge][1]=20201210","https://fly.pl/cdn/photo/assets/uploads/582/278/2024/07/tesoro.jpg","https://fly.pl/wycieczka/grecja,zakynthos,tsilivi/tesoro-9/XTOP637983X_wYAAHNOYVBwWQG-AQAl_UORCpABCgYIz9QOEAESBgiw4xEQARp-TVBVVzJHRjIzTjFWNkpNVzVLSUdTOUdCMVBESFJTTEM5QUVXS1RMSkNIVTA2SkoyRERZOUhGMURCNERIR1BKNEc3VTlRN0Y1VlE3WFVXUUNMRTZOTTk2SVlaWlBPTzBTTldRRkY3UE42MDRQWkw0UjZTWkxJUUY0REJMQjQ0CoEBCgYIsNsQEAISBgjHllcQARpvTzU0NTQ0ZDUzMmY0MTQ3NTI1YTU0NDg0NTMwNDg0YjJmNTI0ZDUzNDQ1NDU3MzAzMDMwMzAyZjQxNDkyZjMxMzQyZjMyMzAzMjM2MzAzNzMyMzcyZjMwMzEzMjMzMzQzNTM2MzczODM5MzAzMTMyCiUKBgjU3gEQARIGCNKPAhABGhNEU1JULTE1OTAtVFJBTlNGRVIxCiEKBQjMOhABEgUI80YQARoRRFNSTS0xNTkwLTJyMjI2NDMKIgoFCMA-EAESBQjQSxABGhJEU1JNLTE1OTAtNTByMjI2NDQKIwoFCPJXEAESBQidaxABGhNEU1JVLTE1OTAtVWJlemJhc2ljGLYMKMwUMgYIqYdtEAE4Aw/ofertasv/?filter[tourOperator]=XTOP&filter%5Bperson%5D=2&filter%5BchildAge%5D%5B1%5D=20201210&filter%5Bchild%5D=1"
"Cyprotel Faliraki","17979.0","24.07.2026 - 07.08.2026","15 dni/14 nocy","","4.3","4.3","2486","tripadvisor","Все аэропорты","2026-07-13T00:01:46.383681+00:00","https://fly.pl/oferta/grecja-wczasy/?filter[dest]=14:&filter[hotelids]=&filter[cityids]=&filter[cregids]=&filter[ofrType]=&filter[addObjType]=&filter[whenFrom]=13-07-2026&filter[whenTo]=12-08-2026&filter[duration]=13:16&filter[from]=&filter[person]=2&filter[child]=1&filter[price]=4000:20000&filter[PriceFrom]=4000&filter[PriceTo]=20000&filter[addCategory]=40&filter[addCatering]=1&filter[addMisc]=0&filter[addTransport]=F&filter[fp]=1&order_by=ofr_price&filter[tourOperator]=0&filter[childAge][1]=20201210","https://fly.pl/cdn/photo/assets/uploads/582/278/2015/01/Cyprotel-Faliraki-ex-Luca-Cypria-fly-pl.jpg","https://fly.pl/wycieczka/grecja,rodos,faliraki/cyprotel-faliraki-resort-ex-luca-cypria/pSxPWTgO8Sz-Be2gW2T4U8AAogcAJqkclDfh6_D10vikSEnwAAAADmfwQAAoAEAA4AAQAqBFdFWlkw99XQ0gZIu4wBUEFYhwJgA2oJRW50ZXIgQWlyagQwNTEwagQwOTIwckGeAZMBlAEfAAIBHAAWBBcJEs8EFeoIGNIBQIhyEcQOS49DUABMuENPABvrzQQdz5sLIBwN8s7CCQESYwENYwECDGo4U3c/ofertasv/?filter[tourOperator]=WEZY&filter%5Bperson%5D=2&filter%5BchildAge%5D%5B1%5D=20201210&filter%5Bchild%5D=1"
"Mare Olympus (Agios Nikolaos)","18024.0","14.07.2026 - 28.07.2026","15 dni/14 nocy","","4.5","4.5","396","tripadvisor","Все аэропорты","2026-07-13T00:01:46.383681+00:00","https://fly.pl/oferta/grecja-wczasy/?filter[dest]=14:&filter[hotelids]=&filter[cityids]=&filter[cregids]=&filter[ofrType]=&filter[addObjType]=&filter[whenFrom]=13-07-2026&filter[whenTo]=12-08-2026&filter[duration]=13:16&filter[from]=&filter[person]=2&filter[child]=1&filter[price]=4000:20000&filter[PriceFrom]=4000&filter[PriceTo]=20000&filter[addCategory]=40&filter[addCatering]=1&filter[addMisc]=0&filter[addTransport]=F&filter[fp]=1&order_by=ofr_price&filter[tourOperator]=0&filter[childAge][1]=20201210","https://fly.pl/cdn/photo/assets/uploads/582/278/2014/07/Olympus-Agios-Nikolaos.jpg","https://fly.pl/wycieczka/grecja,kreta-wschodnia,agios-nikolaos/olympus-agios-nikolaos/pPwCncoedwTVfdcCM0PmHjAAogZw0GeUf4VVDa_uq3H6Z1ZfWJbTe1aVAwlxPNI_--hEAqBEVDQ1gw99XQ0gZI6IwBUAFYF2ACagJBSXIiHBHPT6sEhtkVuQTN3gIYzYMpG4aFQQH7xMLqAQIAYwECC8PTgRo/ofertasv/?filter[tourOperator]=ECCX&filter%5Bperson%5D=2&filter%5BchildAge%5D%5B1%5D=20201210&filter%5Bchild%5D=1"
"White Olive Premium Lindos (ex Pefkos Garden)","18075.0","24.07.2026 - 07.08.2026","15 dni/14 nocy","","4.1","4.1","415","tripadvisor","Все аэропорты","2026-07-13T00:01:46.383681+00:00","https://fly.pl/oferta/grecja-wczasy/?filter[dest]=14:&filter[hotelids]=&filter[cityids]=&filter[cregids]=&filter[ofrType]=&filter[addObjType]=&filter[whenFrom]=13-07-2026&filter[whenTo]=12-08-2026&filter[duration]=13:16&filter[from]=&filter[person]=2&filter[child]=1&filter[price]=4000:20000&filter[PriceFrom]=4000&filter[PriceTo]=20000&filter[addCategory]=40&filter[addCatering]=1&filter[addMisc]=0&filter[addTransport]=F&filter[fp]=1&order_by=ofr_price&filter[tourOperator]=0&filter[childAge][1]=20201210","https://fly.pl/cdn/photo/assets/uploads/582/278/2014/07/White-Olive-Premium-Lindos.jpg","https://fly.pl/wycieczka/grecja,rodos,pefki/pefkos-garden/pqAWlGtIpjkpJWBZhrhblTAAogQ1YQaVsF3pn-G4d3-vWcbFmXjqp00xvDS5iA2uUV_i4qBFJOQlcw99XQ0gZIm40BUEFYhwJgAmoEQndjSmoXMjk2LDM4MCw0NzcsNDgzLDQ4NCw0ODVyN58BngEVDhcAWAEKQUCHBxGxHhCPIhmVF2HnpAFLAFKZElMAD7WyQB2bAyD4gpIJDQACDGMBAgZnjx3b/ofertasv/?filter[tourOperator]=RNBW&filter%5Bperson%5D=2&filter%5BchildAge%5D%5B1%5D=20201210&filter%5Bchild%5D=1"
"Hersonissos Palace","18101.0","22.07.2026 - 06.08.2026","16 dni/14 nocy","","4.0","4.0","307","tripadvisor","Все аэропорты","2026-07-13T00:01:46.383681+00:00","https://fly.pl/oferta/grecja-wczasy/?filter[dest]=14:&filter[hotelids]=&filter[cityids]=&filter[cregids]=&filter[ofrType]=&filter[addObjType]=&filter[whenFrom]=13-07-2026&filter[whenTo]=12-08-2026&filter[duration]=13:16&filter[from]=&filter[person]=2&filter[child]=1&filter[price]=4000:20000&filter[PriceFrom]=4000&filter[PriceTo]=20000&filter[addCategory]=40&filter[addCatering]=1&filter[addMisc]=0&filter[addTransport]=F&filter[fp]=1&order_by=ofr_price&filter[tourOperator]=0&filter[childAge][1]=20201210","https://fly.pl/cdn/photo/assets/uploads/582/278/2015/04/Hersonissos-Palace-fly-pl-2.jpg","https://fly.pl/wycieczka/grecja,kreta,hersonissos/hersonissos-palace/p-zAj49md7EhL6wmgNeXLpAAoggvYrpRDvccvL8QIA_kTpZ6lKhd8WVsuOLhkd7_NDSSwqBFJOQlcw99XQ0gZItY0BUEFY1wFgAmoEQndjRGoXMjk2LDM4MCw0NzcsNDgzLDQ4NCw0ODVqDzQwNCw0MDcsNDA4LDUyMXI4nwGeAZwBFQ5YARcACgRAxAcR2DgZiB9S7FBTABDBCEuQGmEAHe66QQ_aBCC2vJEJDQACDGMBAgu969MM/ofertasv/?filter[tourOperator]=RNBW&filter%5Bperson%5D=2&filter%5BchildAge%5D%5B1%5D=20201210&filter%5Bchild%5D=1"
"Kiotari Miraluna (ex. Labranda Kiotari Miraluna Village)","18119.0","17.07.2026 - 31.07.2026","15 dni/14 nocy","","4.2","4.2","2864","tripadvisor","Все аэропорты","2026-07-13T00:01:46.383681+00:00","https://fly.pl/oferta/grecja-wczasy/?filter[dest]=14:&filter[hotelids]=&filter[cityids]=&filter[cregids]=&filter[ofrType]=&filter[addObjType]=&filter[whenFrom]=13-07-2026&filter[whenTo]=12-08-2026&filter[duration]=13:16&filter[from]=&filter[person]=2&filter[child]=1&filter[price]=4000:20000&filter[PriceFrom]=4000&filter[PriceTo]=20000&filter[addCategory]=40&filter[addCatering]=1&filter[addMisc]=0&filter[addTransport]=F&filter[fp]=1&order_by=ofr_price&filter[tourOperator]=0&filter[childAge][1]=20201210","https://fly.pl/cdn/photo/assets/uploads/582/278/2016/04/Kiotari-Miraluna-Villag.jpg","https://fly.pl/wycieczka/grecja,rodos,kiotari/miraluna-kiotari-village/prd7794U0khHrz5TImMbK6AAogsVfF3woJtkK_2VfTfO30cYZYQ9UMPNbK-ZuWoqPV8vUqBEdSQ1Mw-tXQ0gZIx40BUEFYX2ADckJcChcEFQBYAVYCHagFDxVAjQFLxcsBYQBe-zBSkRNTAFuaDEzrvk0BqfcxDZP20gggAFGhm7bt3gEBEmMBAmMBAwvWH1n0/ofertasv/?filter[tourOperator]=GRCS&filter%5Bperson%5D=2&filter%5BchildAge%5D%5B1%5D=20201210&filter%5Bchild%5D=1"
"LABRANDA Blue Bay Resort","18140.0","24.07.2026 - 07.08.2026","15 dni/14 nocy","","4.2","4.2","5120","tripadvisor","Все аэропорты","2026-07-13T00:01:46.383681+00:00","https://fly.pl/oferta/grecja-wczasy/?filter[dest]=14:&filter[hotelids]=&filter[cityids]=&filter[cregids]=&filter[ofrType]=&filter[addObjType]=&filter[whenFrom]=13-07-2026&filter[whenTo]=12-08-2026&filter[duration]=13:16&filter[from]=&filter[person]=2&filter[child]=1&filter[price]=4000:20000&filter[PriceFrom]=4000&filter[PriceTo]=20000&filter[addCategory]=40&filter[addCatering]=1&filter[addMisc]=0&filter[addTransport]=F&filter[fp]=1&order_by=ofr_price&filter[tourOperator]=0&filter[childAge][1]=20201210","https://fly.pl/cdn/photo/assets/uploads/582/278/2016/11/BLUE-BAY-RESORT.jpg","https://fly.pl/wycieczka/grecja,rodos,ialyssos/blue-bay-beach-ialyssos/pVx4XZv0FN_JVuQE0KPjrPAAogoHzbSagISHr204uRY1vWRQAAAADmfwQAAoAEAA4AAQAqBFdFWlkw-tXQ0gZI3I0BUEFYhwJgA2oJRW50ZXIgQWlyagQwNTEwagQwOTIwckGeAZMBlAEfAAIBHAAWBBcJEs8EFeoIGNIBEfcRQJFgS9NRUABMuENPAB266Q8gHBvigGQNkM7eCAESYwEMYwECC6AMMkk/ofertasv/?filter[tourOperator]=WEZY&filter%5Bperson%5D=2&filter%5BchildAge%5D%5B1%5D=20201210&filter%5Bchild%5D=1"
"Brown Beach Evia Island (ex. Grand Bleu)","18141.0","29.07.2026 - 12.08.2026","15 dni/14 nocy","","4.0","4.0","156","tripadvisor","Все аэропорты","2026-07-13T00:01:46.383681+00:00","https://fly.pl/oferta/grecja-wczasy/?filter[dest]=14:&filter[hotelids]=&filter[cityids]=&filter[cregids]=&filter[ofrType]=&filter[addObjType]=&filter[whenFrom]=13-07-2026&filter[whenTo]=12-08-2026&filter[duration]=13:16&filter[from]=&filter[person]=2&filter[child]=1&filter[price]=4000:20000&filter[PriceFrom]=4000&filter[PriceTo]=20000&filter[addCategory]=40&filter[addCatering]=1&filter[addMisc]=0&filter[addTransport]=F&filter[fp]=1&order_by=ofr_price&filter[tourOperator]=0&filter[childAge][1]=20201210","https://fly.pl/cdn/photo/assets/uploads/582/278/2015/10/Hotel-Brown-Beach-Evia-Island.jpg","https://fly.pl/wycieczka/grecja,evia,eretria/grand-bleu/pL4rlRwpQV8MzV2duRJB0AAAogR7cUzw1W0Q-kklmxmjdzIfZm49aIDIpL9e6TN7x-coQqBEdSQ1Mw-tXQ0gZI3Y0BUEFY_wJgA3I-XAoXBBUAWAFWAh2uBg8LQBFS6mZTAFusGV6qfEt4YQBM3eU5AaGdSw3ox80IIABRkbmI1FcBEmMBAmMBAgsxwpaZ/ofertasv/?filter[tourOperator]=GRCS&filter%5Bperson%5D=2&filter%5BchildAge%5D%5B1%5D=20201210&filter%5Bchild%5D=1"
"Porto Greco Village Beach","18149.0","26.07.2026 - 10.08.2026","16 dni/14 nocy","","3.6","3.6","735","tripadvisor","Все аэропорты","2026-07-13T00:01:46.383681+00:00","https://fly.pl/oferta/grecja-wczasy/?filter[dest]=14:&filter[hotelids]=&filter[cityids]=&filter[cregids]=&filter[ofrType]=&filter[addObjType]=&filter[whenFrom]=13-07-2026&filter[whenTo]=12-08-2026&filter[duration]=13:16&filter[from]=&filter[person]=2&filter[child]=1&filter[price]=4000:20000&filter[PriceFrom]=4000&filter[PriceTo]=20000&filter[addCategory]=40&filter[addCatering]=1&filter[addMisc]=0&filter[addTransport]=F&filter[fp]=1&order_by=ofr_price&filter[tourOperator]=0&filter[childAge][1]=20201210","https://fly.pl/cdn/photo/assets/uploads/582/278/2017/10/Porto-Greco-fly-pl.jpg","https://fly.pl/wycieczka/grecja,kreta,hersonissos/porto-greco/psgtLzhhoDLDw0CLyz6B44AAogS7tJZ07Qt01kgXlENfCQ1R1R8-mlzJ4shd4gn7DoEKoqBFJOQlcw-tXQ0gZI5Y0BUEFYtwJgAmoEQndjRGoXMjk2LDM4MCw0NzcsNDgzLDQ4NCw0ODVyNZ8BngEVDlgBFwAKBEDEBxH4MRnoJRC_NmH1D0sAUrgKUwAPlvRBHS8gjqqRCQ0AAgxjAQIL5BZQ9A/ofertasv/?filter[tourOperator]=RNBW&filter%5Bperson%5D=2&filter%5BchildAge%5D%5B1%5D=20201210&filter%5Bchild%5D=1"
"Xenios Anastasia Resort & Spa (ex. Anastasia Resort & Spa)","18163.0","18.07.2026 - 01.08.2026","15 dni/14 nocy","","3.9","3.9","655","tripadvisor","Все аэропорты","2026-07-13T00:01:46.383681+00:00","https://fly.pl/oferta/grecja-wczasy/?filter[dest]=14:&filter[hotelids]=&filter[cityids]=&filter[cregids]=&filter[ofrType]=&filter[addObjType]=&filter[whenFrom]=13-07-2026&filter[whenTo]=12-08-2026&filter[duration]=13:16&filter[from]=&filter[person]=2&filter[child]=1&filter[price]=4000:20000&filter[PriceFrom]=4000&filter[PriceTo]=20000&filter[addCategory]=40&filter[addCatering]=1&filter[addMisc]=0&filter[addTransport]=F&filter[fp]=1&order_by=ofr_price&filter[tourOperator]=0&filter[childAge][1]=20201210","https://fly.pl/cdn/photo/assets/uploads/582/278/2015/02/Anastasia-Resort-Spa-fly-pl.jpg","https://fly.pl/wycieczka/grecja,chalkidiki,nea-skioni/anastasia-resort-spa/pyB5iaKVpXfqAs5LovK0GgAAogEzcShnH5sCFm12DUGxRKNIsYLkcvWHnOc5wUIEnXTioqBFJOQlcw-tXQ0gZI840BUEFYd2ACagRCd2NEahcyOTYsMzgwLDQ3Nyw0ODMsNDg0LDQ4NWoHNDA3LDQwOHI3nwGeAZwBFQ4XAFgBCgRAxAcR7AsZ2ksQ7lRh6R5LAFKsTlMAHbSpQQ8rIO-DkQkNAAIMYwECC2LETpo/ofertasv/?filter[tourOperator]=RNBW&filter%5Bperson%5D=2&filter%5BchildAge%5D%5B1%5D=20201210&filter%5Bchild%5D=1"
"Caretta Beach (Kalamaki)","18187.0","14.07.2026 - 28.07.2026","15 dni/14 nocy","","3.9","3.9","2316","tripadvisor","Все аэропорты","2026-07-13T00:01:46.383681+00:00","https://fly.pl/oferta/grecja-wczasy/?filter[dest]=14:&filter[hotelids]=&filter[cityids]=&filter[cregids]=&filter[ofrType]=&filter[addObjType]=&filter[whenFrom]=13-07-2026&filter[whenTo]=12-08-2026&filter[duration]=13:16&filter[from]=&filter[person]=2&filter[child]=1&filter[price]=4000:20000&filter[PriceFrom]=4000&filter[PriceTo]=20000&filter[addCategory]=40&filter[addCatering]=1&filter[addMisc]=0&filter[addTransport]=F&filter[fp]=1&order_by=ofr_price&filter[tourOperator]=0&filter[childAge][1]=20201210","https://fly.pl/cdn/photo/assets/uploads/582/278/2014/10/Hotel-Caretta-Beach-Resort-Waterpark.jpg","https://fly.pl/wycieczka/grecja,zakynthos,kalamaki/caretta-beach/pf3WE_hS52871kaRimP2XFAAogDXUfN-JqnYcYYmKcOk9eIT3_qva41FRdwDpfbdhknMUqBEdSQ1Mw-tXQ0gZIi44BUEFYF2ADckFcChcEFQBYAVYCQMoGHTsPFlv7ZF70lgFLjxhhAFKrT1MATNv2TAHSkDYN6NzOCCAAUZCerLGiAgESYwECYwEDD-IK6ZQ/ofertasv/?filter[tourOperator]=GRCS&filter%5Bperson%5D=2&filter%5BchildAge%5D%5B1%5D=20201210&filter%5Bchild%5D=1"
"Mistral Mare","18298.0","29.07.2026 - 13.08.2026","16 dni/14 nocy","","3.9","3.9","356","tripadvisor","Все аэропорты","2026-07-13T00:01:46.383681+00:00","https://fly.pl/oferta/grecja-wczasy/?filter[dest]=14:&filter[hotelids]=&filter[cityids]=&filter[cregids]=&filter[ofrType]=&filter[addObjType]=&filter[whenFrom]=13-07-2026&filter[whenTo]=12-08-2026&filter[duration]=13:16&filter[from]=&filter[person]=2&filter[child]=1&filter[price]=4000:20000&filter[PriceFrom]=4000&filter[PriceTo]=20000&filter[addCategory]=40&filter[addCatering]=1&filter[addMisc]=0&filter[addTransport]=F&filter[fp]=1&order_by=ofr_price&filter[tourOperator]=0&filter[childAge][1]=20201210","https://fly.pl/cdn/photo/assets/uploads/582/278/2015/07/Mistral-Mare.jpg","https://fly.pl/wycieczka/grecja,kreta-wschodnia,istron/mistral-mare/pa-3N89FioTvhfrjET-qKcAAogJnx9clGsOkR7bWJn95RETfUexrWWdRM85KWMWHsQ1FQqBFZJVFgw-tXQ0gZI-o4BUEFY_wJgAnJCGgBcChUEFwBYAUCPA1u_gwFT1EFSAGHDCksAXqcwTNbbPA2I8JUJIAFRs8jPjY0BT6WzxqcTXZTL5bYIAgxjAQILjBpnAQ/ofertasv/?filter[tourOperator]=VITX&filter%5Bperson%5D=2&filter%5BchildAge%5D%5B1%5D=20201210&filter%5Bchild%5D=1"
"Sandy Beach Faliraki by Sun Palace","18388.0","17.07.2026 - 31.07.2026","15 dni/14 nocy","","","","","","Все аэропорты","2026-07-13T00:01:46.383681+00:00","https://fly.pl/oferta/grecja-wczasy/?filter[dest]=14:&filter[hotelids]=&filter[cityids]=&filter[cregids]=&filter[ofrType]=&filter[addObjType]=&filter[whenFrom]=13-07-2026&filter[whenTo]=12-08-2026&filter[duration]=13:16&filter[from]=&filter[person]=2&filter[child]=1&filter[price]=4000:20000&filter[PriceFrom]=4000&filter[PriceTo]=20000&filter[addCategory]=40&filter[addCatering]=1&filter[addMisc]=0&filter[addTransport]=F&filter[fp]=1&order_by=ofr_price&filter[tourOperator]=0&filter[childAge][1]=20201210","https://datacfstatic.merlinx.pl/GRCS/IMG/RHOSABE/869a40c9ee2728e4bd5949ead40d904b7608f19b6e2bdd25ee198e10d5a1fd93.webp","https://fly.pl/wycieczka/grecja,rodos,faliraki/sandy-beach-faliraki-by-sun-palace-10/pzZEDTu7luMv4RBS5_2IjpAAog-27t1Utgij59eaiNYf206oZYQ9UMPNbK-ZuWoqPV8vUqBEdSQ1Mw-tXQ0gZI1I8BUEFYX2ADckJcChcEFQBYAVYCHagFDxVAjQFbloABS69LYQBe-zBSkRNTAEyEy00BzvoxDe_y0gggAFHNz8bt3gEBEmMBAmMBAwucjvP5/ofertasv/?filter[tourOperator]=GRCS&filter%5Bperson%5D=2&filter%5BchildAge%5D%5B1%5D=20201210&filter%5Bchild%5D=1"
"Creta Palm","18457.0","22.07.2026 - 05.08.2026","15 dni/14 nocy","","4.3","4.3","811","tripadvisor","Все аэропорты","2026-07-13T00:01:46.383681+00:00","https://fly.pl/oferta/grecja-wczasy/?filter[dest]=14:&filter[hotelids]=&filter[cityids]=&filter[cregids]=&filter[ofrType]=&filter[addObjType]=&filter[whenFrom]=13-07-2026&filter[whenTo]=12-08-2026&filter[duration]=13:16&filter[from]=&filter[person]=2&filter[child]=1&filter[price]=4000:20000&filter[PriceFrom]=4000&filter[PriceTo]=20000&filter[addCategory]=40&filter[addCatering]=1&filter[addMisc]=0&filter[addTransport]=F&filter[fp]=1&order_by=ofr_price&filter[tourOperator]=0&filter[childAge][1]=20201210","https://fly.pl/cdn/photo/assets/uploads/582/278/2014/09/Creta-Palm-fly-pl-1.jpg","https://fly.pl/wycieczka/grecja,kreta-zachodnia,kato-stalos/creta-palm/p_g7aHWX8s4c7_IjbGZ-bTAAogC9epN06PqrkvRNXgdPuOfIYNmobclHLmIPC2oBQiTwEqBFZJVFgw-tXQ0gZImZABUEFY1wFgAnI9GgBcChUEFwBYAUCPA1Oge1IAW58IXr58S3hhAEy97jkNotyYCSABUfeww51lT8ORAV2Mnq6GawIMYwECC3i5A6w/ofertasv/?filter[tourOperator]=VITX&filter%5Bperson%5D=2&filter%5BchildAge%5D%5B1%5D=20201210&filter%5Bchild%5D=1"
"Philoxenia (Psakoudia)","18464.0","25.07.2026 - 08.08.2026","15 dni/14 nocy","","4.2","4.2","494","tripadvisor","Все аэропорты","2026-07-13T00:01:46.383681+00:00","https://fly.pl/oferta/grecja-wczasy/?filter[dest]=14:&filter[hotelids]=&filter[cityids]=&filter[cregids]=&filter[ofrType]=&filter[addObjType]=&filter[whenFrom]=13-07-2026&filter[whenTo]=12-08-2026&filter[duration]=13:16&filter[from]=&filter[person]=2&filter[child]=1&filter[price]=4000:20000&filter[PriceFrom]=4000&filter[PriceTo]=20000&filter[addCategory]=40&filter[addCatering]=1&filter[addMisc]=0&filter[addTransport]=F&filter[fp]=1&order_by=ofr_price&filter[tourOperator]=0&filter[childAge][1]=20201210","https://fly.pl/cdn/photo/assets/uploads/582/278/2015/04/Philoxenia-Halkidiki.jpg","https://fly.pl/wycieczka/grecja,chalkidiki,psakoudia/philoxenia-psakoudia/pUNLCcwuXGerPLPhYVn298AAogPkvkPZB7yX8QuUKUX9tFFPV0efub9H0NoL-5SCERfMcqBFJOQlcw-tXQ0gZIoJABUEFYnwJgAmoEQndjRGoXMjk2LDM4MCw0NzcsNDgzLDQ4NCw0ODVyNZ8BngEVDhcAWAEKBEDEBxGWMhmwJRCQN2HmbUsAUo0dUwAdgqpBDysgqIORCQ0AAgxjAQILRSnvjQ/ofertasv/?filter[tourOperator]=RNBW&filter%5Bperson%5D=2&filter%5BchildAge%5D%5B1%5D=20201210&filter%5Bchild%5D=1"
"All Senses Ocean Blue Seaside Resort (ex. MedBlue Kremasti)","18530.0","27.07.2026 - 10.08.2026","16 dni/14 nocy","","3.8","3.8","1124","tripadvisor","Все аэропорты","2026-07-13T00:01:46.383681+00:00","https://fly.pl/oferta/grecja-wczasy/?filter[dest]=14:&filter[hotelids]=&filter[cityids]=&filter[cregids]=&filter[ofrType]=&filter[addObjType]=&filter[whenFrom]=13-07-2026&filter[whenTo]=12-08-2026&filter[duration]=13:16&filter[from]=&filter[person]=2&filter[child]=1&filter[price]=4000:20000&filter[PriceFrom]=4000&filter[PriceTo]=20000&filter[addCategory]=40&filter[addCatering]=1&filter[addMisc]=0&filter[addTransport]=F&filter[fp]=1&order_by=ofr_price&filter[tourOperator]=0&filter[childAge][1]=20201210","https://fly.pl/cdn/photo/assets/uploads/582/278/2015/02/All-Senses-Ocean-Blue.jpg","https://fly.pl/wycieczka/grecja,rodos,ialyssos/ocean-blue/pPt5-_G2Rw6ylfWJkxRIOaAAogy7K7i0JbuWWZjZ97iVtNrxNRrbQkxKWhc-eCCOVL220qBFJOQlcw-tXQ0gZI4pABUEFYzwJgAmoEQndjRGoXMjk2LDM4MCw0NzcsNDgzLDQ4NCw0ODVyNZ8BngEVDlgBFwAKBEDEBxG6IRC8KxnfCmHIc0sAUrhDUwAPrY1AHSsg86qSCQ0AAgxjAQILX1BnZQ/ofertasv/?filter[tourOperator]=RNBW&filter%5Bperson%5D=2&filter%5BchildAge%5D%5B1%5D=20201210&filter%5Bchild%5D=1"
"Mediterraneo (Hersonissos)","18552.0","22.07.2026 - 05.08.2026","15 dni/14 nocy","","3.9","3.9","3518","tripadvisor","Все аэропорты","2026-07-13T00:01:46.383681+00:00","https://fly.pl/oferta/grecja-wczasy/?filter[dest]=14:&filter[hotelids]=&filter[cityids]=&filter[cregids]=&filter[ofrType]=&filter[addObjType]=&filter[whenFrom]=13-07-2026&filter[whenTo]=12-08-2026&filter[duration]=13:16&filter[from]=&filter[person]=2&filter[child]=1&filter[price]=4000:20000&filter[PriceFrom]=4000&filter[PriceTo]=20000&filter[addCategory]=40&filter[addCatering]=1&filter[addMisc]=0&filter[addTransport]=F&filter[fp]=1&order_by=ofr_price&filter[tourOperator]=0&filter[childAge][1]=20201210","https://fly.pl/cdn/photo/assets/uploads/582/278/2015/03/Mediterraneo-Hersonissos-fly-pl.jpg","https://fly.pl/wycieczka/grecja,kreta,hersonissos/mediterraneo-hersonissos/pDCVvOxrwQJejCRENqskYsAAogyLhybLiexF_71V6BhKhmqNIJTkVAK9fJrVlhQVnZX3gqBEVDQ1gw-tXQ0gZI-JABUAFY1wFgAmoCQUlyIhwRoU-rBPCKFrkEpK0CGPvuJhv68UIB8oXw2gECAGMBAgxjHGRB/ofertasv/?filter[tourOperator]=ECCX&filter%5Bperson%5D=2&filter%5BchildAge%5D%5B1%5D=20201210&filter%5Bchild%5D=1"
"Aqua Blue (Liapades)","18627.0","22.07.2026 - 05.08.2026","15 dni/14 nocy","","","","","","Все аэропорты","2026-07-13T00:01:46.383681+00:00","https://fly.pl/oferta/grecja-wczasy/?filter[dest]=14:&filter[hotelids]=&filter[cityids]=&filter[cregids]=&filter[ofrType]=&filter[addObjType]=&filter[whenFrom]=13-07-2026&filter[whenTo]=12-08-2026&filter[duration]=13:16&filter[from]=&filter[person]=2&filter[child]=1&filter[price]=4000:20000&filter[PriceFrom]=4000&filter[PriceTo]=20000&filter[addCategory]=40&filter[addCatering]=1&filter[addMisc]=0&filter[addTransport]=F&filter[fp]=1&order_by=ofr_price&filter[tourOperator]=0&filter[childAge][1]=20201210","https://fly.pl/cdn/photo/assets/uploads/582/278/2017/03/Aqua-Blue-Hotel.jpg","https://fly.pl/wycieczka/grecja,korfu,liapades/aqua-blue-liapades/p845TSNOmo4eA8a2bZFs9TAAog7sKrRj3uZyqM4387sosUvNfWetdSx-PqPo8zPiwpTFQqBFJOQlcw-tXQ0gZIw5EBUEFY1wFgAmoEQndjRGoXMjk2LDM4MCw0NzcsNDgzLDQ4NCw0ODVyN58BngEVDhcAWAEKBEDEBxHdJhn9MBDIBVKBGVMAS7CdAWEAHZTjQA_pASDLzpEJDQACDGMBAgsltF2t/ofertasv/?filter[tourOperator]=RNBW&filter%5Bperson%5D=2&filter%5BchildAge%5D%5B1%5D=20201210&filter%5Bchild%5D=1"
"Minos Mare","18651.0","29.07.2026 - 12.08.2026","15 dni/14 nocy","","4.2","4.2","508","tripadvisor","Все аэропорты","2026-07-13T00:01:46.383681+00:00","https://fly.pl/oferta/grecja-wczasy/?filter[dest]=14:&filter[hotelids]=&filter[cityids]=&filter[cregids]=&filter[ofrType]=&filter[addObjType]=&filter[whenFrom]=13-07-2026&filter[whenTo]=12-08-2026&filter[duration]=13:16&filter[from]=&filter[person]=2&filter[child]=1&filter[price]=4000:20000&filter[PriceFrom]=4000&filter[PriceTo]=20000&filter[addCategory]=40&filter[addCatering]=1&filter[addMisc]=0&filter[addTransport]=F&filter[fp]=1&order_by=ofr_price&filter[tourOperator]=0&filter[childAge][1]=20201210","https://fly.pl/cdn/photo/assets/uploads/582/278/2016/11/Minos-Mare.jpg","https://fly.pl/wycieczka/grecja,kreta,platanes/minos-mare/puoDQWE5LDp2GHO8x-q_OhAAogFzjBs3R6vEcyUwdHYgiFryBOUwkDOfXRZA6y2Dh98JcqBEdSQ1Mw-tXQ0gZI25EBUEFY_wJgA3I_XAoVAxcBWAFWAh38Ag8MQMIDUuN3UwBbswheqnxLeGEATN7lOQGkxE0N5KDLCCABUci8u51lARJjAQJjAQILpJ3BoA/ofertasv/?filter[tourOperator]=GRCS&filter%5Bperson%5D=2&filter%5BchildAge%5D%5B1%5D=20201210&filter%5Bchild%5D=1"
"White Olive Premium (ex President Premium Complex)","18672.0","17.07.2026 - 01.08.2026","16 dni/14 nocy","","4.0","4.0","336","tripadvisor","Все аэропорты","2026-07-13T00:01:46.383681+00:00","https://fly.pl/oferta/grecja-wczasy/?filter[dest]=14:&filter[hotelids]=&filter[cityids]=&filter[cregids]=&filter[ofrType]=&filter[addObjType]=&filter[whenFrom]=13-07-2026&filter[whenTo]=12-08-2026&filter[duration]=13:16&filter[from]=&filter[person]=2&filter[child]=1&filter[price]=4000:20000&filter[PriceFrom]=4000&filter[PriceTo]=20000&filter[addCategory]=40&filter[addCatering]=1&filter[addMisc]=0&filter[addTransport]=F&filter[fp]=1&order_by=ofr_price&filter[tourOperator]=0&filter[childAge][1]=20201210","https://fly.pl/cdn/photo/assets/uploads/582/278/2017/12/White-Olive-Premium-Laganas.jpg","https://fly.pl/wycieczka/grecja,zakynthos,laganas/white-olive-premium-ex-president-premium-complex/pFCDErYej87_uPXLkt1MMvAAogEcrDSgREbDSfW-x6MX5OEyKod8t7p05P6oZcRgsgJ-YqBFJOQlcw-tXQ0gZI8JEBUEFYX2ACagRCd2NEahcyOTYsMzgwLDQ3Nyw0ODMsNDg0LDQ4NWoHNDA3LDQwOHI5nwGeAZwBFQ5YARcACgRAxAcRhgoQ5Q8Zgj5hsHNLAFLhlwFTAB3D5D8P_wEg1v2RCQ0AAgxjAQILcitUzg/ofertasv/?filter[tourOperator]=RNBW&filter%5Bperson%5D=2&filter%5BchildAge%5D%5B1%5D=20201210&filter%5Bchild%5D=1"
"Canvas by Mitsis Alexander the Great (Kriopigi)","18703.0","15.07.2026 - 29.07.2026","15 dni/14 nocy","","3.8","3.8","2023","tripadvisor","Все аэропорты","2026-07-13T00:01:46.383681+00:00","https://fly.pl/oferta/grecja-wczasy/?filter[dest]=14:&filter[hotelids]=&filter[cityids]=&filter[cregids]=&filter[ofrType]=&filter[addObjType]=&filter[whenFrom]=13-07-2026&filter[whenTo]=12-08-2026&filter[duration]=13:16&filter[from]=&filter[person]=2&filter[child]=1&filter[price]=4000:20000&filter[PriceFrom]=4000&filter[PriceTo]=20000&filter[addCategory]=40&filter[addCatering]=1&filter[addMisc]=0&filter[addTransport]=F&filter[fp]=1&order_by=ofr_price&filter[tourOperator]=0&filter[childAge][1]=20201210","https://fly.pl/cdn/photo/assets/uploads/582/278/2015/06/Alexander-The-Great.jpg","https://fly.pl/wycieczka/grecja,chalkidiki,kriopigi/alexander-the-great-beach-kriopigi/pQuTw8eTRZ70J4Wy_bcvd-AAog3qDCZ3imQeaCaWXhGYnCukT3fETbnM5YrCx7P3_-nVAqBEdSQ1Mw-tXQ0gZIj5IBUEFYL2ADckJcChcEFQBYAVYCHbICDxNAhQRbhIABS5VMYQBepzBShR5TAEyRwE0BmIg5DaLlywggAFHAh5zL5wEBEmMBAmMBAgvJ49W2/ofertasv/?filter[tourOperator]=GRCS&filter%5Bperson%5D=2&filter%5BchildAge%5D%5B1%5D=20201210&filter%5Bchild%5D=1"
"Cabana Blu Hotel & Suites","18721.0","21.07.2026 - 04.08.2026","15 dni/14 nocy","","4.7","4.7","218","tripadvisor","Все аэропорты","2026-07-13T00:01:46.383681+00:00","https://fly.pl/oferta/grecja-wczasy/?filter[dest]=14:&filter[hotelids]=&filter[cityids]=&filter[cregids]=&filter[ofrType]=&filter[addObjType]=&filter[whenFrom]=13-07-2026&filter[whenTo]=12-08-2026&filter[duration]=13:16&filter[from]=&filter[person]=2&filter[child]=1&filter[price]=4000:20000&filter[PriceFrom]=4000&filter[PriceTo]=20000&filter[addCategory]=40&filter[addCatering]=1&filter[addMisc]=0&filter[addTransport]=F&filter[fp]=1&order_by=ofr_price&filter[tourOperator]=0&filter[childAge][1]=20201210","https://fly.pl/cdn/photo/assets/uploads/582/278/2024/07/cabana-beach.jpg","https://fly.pl/wycieczka/grecja,kos,kardamena/cabana-beach-11/pXOlPLeDR-UZa0AwJ9hCiRAAogjIZ1YIgU_kB7OTtv23-hxr5RJf26XlEkMXppG8GBNosqBFJOQlcw-tXQ0gZIoZIBUEFYvwFgAmoEQndjRGoXMjk2LDM4MCw0NzcsNDgzLDQ4NCw0ODVyNZ8BngEVDhcAWAEKBEDEBxG4Jxm7LxCxCVKhZ1MAS_c0YQAP1LNAHSMg55aSCQ0AAgxjAQILFxL4Ig/ofertasv/?filter[tourOperator]=RNBW&filter%5Bperson%5D=2&filter%5BchildAge%5D%5B1%5D=20201210&filter%5Bchild%5D=1"
"Kipriotis Maris Suites (ex Iberostar)","18767.0","14.07.2026 - 28.07.2026","15 dni/14 nocy","","4.2","4.2","1448","tripadvisor","Все аэропорты","2026-07-13T00:01:46.383681+00:00","https://fly.pl/oferta/grecja-wczasy/?filter[dest]=14:&filter[hotelids]=&filter[cityids]=&filter[cregids]=&filter[ofrType]=&filter[addObjType]=&filter[whenFrom]=13-07-2026&filter[whenTo]=12-08-2026&filter[duration]=13:16&filter[from]=&filter[person]=2&filter[child]=1&filter[price]=4000:20000&filter[PriceFrom]=4000&filter[PriceTo]=20000&filter[addCategory]=40&filter[addCatering]=1&filter[addMisc]=0&filter[addTransport]=F&filter[fp]=1&order_by=ofr_price&filter[tourOperator]=0&filter[childAge][1]=20201210","https://fly.pl/cdn/photo/assets/uploads/582/278/2016/01/Kipriotis-Maris-Suites-ex-Iberostar-fly-pl.jpg","https://fly.pl/wycieczka/grecja,kos,psalidi/kipriotis-maris-suites-ex-iberostar/piAxgBgFav4I_SB_jye2K7AAogleaT5gv9M626tA84IoDX13w4e3kznPPCmj-IHa-eUSoqBFJOQlcw-tXQ0gZIz5IBUEFYF2ACahcyOTYsMzgwLDQ3Nyw0ODMsNDg0LDQ4NXI3ngEVDhcAWAEKD0C5BxG_HRDVIRnfF1PScFIAS_c0YQBf3YUlD_WtGx0jIOKWkgkNAAIOYwECDYT7xek/ofertasv/?filter[tourOperator]=RNBW&filter%5Bperson%5D=2&filter%5BchildAge%5D%5B1%5D=20201210&filter%5Bchild%5D=1"
"Astir Palace","18797.0","19.07.2026 - 01.08.2026","14 dni/13 nocy","","3.0","3.0","238","tripadvisor","Все аэропорты","2026-07-13T00:01:46.383681+00:00","https://fly.pl/oferta/grecja-wczasy/?filter[dest]=14:&filter[hotelids]=&filter[cityids]=&filter[cregids]=&filter[ofrType]=&filter[addObjType]=&filter[whenFrom]=13-07-2026&filter[whenTo]=12-08-2026&filter[duration]=13:16&filter[from]=&filter[person]=2&filter[child]=1&filter[price]=4000:20000&filter[PriceFrom]=4000&filter[PriceTo]=20000&filter[addCategory]=40&filter[addCatering]=1&filter[addMisc]=0&filter[addTransport]=F&filter[fp]=1&order_by=ofr_price&filter[tourOperator]=0&filter[childAge][1]=20201210","https://fly.pl/cdn/photo/assets/uploads/582/278/2015/04/Astir-Palace-fly-pl.jpg","https://fly.pl/wycieczka/grecja,zakynthos,laganas/astir-palace/p4da15ECPQUFGt3rDX0TXuAAogqBYZXiEjtlberxSgr6Wl1CvAlKxId1xZWnOz1EakAPYqBEVYSU0w-tXQ0gZI7ZIBUAFYjwFgAmoCQUlyIRwR8cgGuQSp9DyrBGkbgbw8GMbIPAGXztiYCwIAYwECBrVRaC0/ofertasv/?filter[tourOperator]=EXIM&filter%5Bperson%5D=2&filter%5BchildAge%5D%5B1%5D=20201210&filter%5Bchild%5D=1"
"Smy Kos Beach & Splash (ex. Princess of Kos)","18857.0","21.07.2026 - 04.08.2026","15 dni/14 nocy","","4.0","4.0","979","tripadvisor","Все аэропорты","2026-07-13T00:01:46.383681+00:00","https://fly.pl/oferta/grecja-wczasy/?filter[dest]=14:&filter[hotelids]=&filter[cityids]=&filter[cregids]=&filter[ofrType]=&filter[addObjType]=&filter[whenFrom]=13-07-2026&filter[whenTo]=12-08-2026&filter[duration]=13:16&filter[from]=&filter[person]=2&filter[child]=1&filter[price]=4000:20000&filter[PriceFrom]=4000&filter[PriceTo]=20000&filter[addCategory]=40&filter[addCatering]=1&filter[addMisc]=0&filter[addTransport]=F&filter[fp]=1&order_by=ofr_price&filter[tourOperator]=0&filter[childAge][1]=20201210","https://fly.pl/cdn/photo/assets/uploads/582/278/2014/11/Princess-of-Kos-fly-pl.jpg","https://fly.pl/wycieczka/grecja,kos,mastichari/princess-of-kos/prvd_RfRFi-KztpsEoh78NAAogIiFSsDyDNbxTKpCaifgBl-8a_XrSpiF6IEGunFpiECcqBFZJVFgw-tXQ0gZIqZMBUEFYvwFgAnJAGgBcChUEFwBYAUCPA1u_gwFTv0hSAF7_M0vtQ2EATMyYPCCd75UJDQBRnpiJ8qUBT5PPEl3Q_cv9XwIMYwECC0Ukt6A/ofertasv/?filter[tourOperator]=VITX&filter%5Bperson%5D=2&filter%5BchildAge%5D%5B1%5D=20201210&filter%5Bchild%5D=1"
"Lydia Maris Resort & Spa","18916.0","27.07.2026 - 09.08.2026","14 dni/13 nocy","","4.1","4.1","1368","tripadvisor","Все аэропорты","2026-07-13T00:01:46.383681+00:00","https://fly.pl/oferta/grecja-wczasy/?filter[dest]=14:&filter[hotelids]=&filter[cityids]=&filter[cregids]=&filter[ofrType]=&filter[addObjType]=&filter[whenFrom]=13-07-2026&filter[whenTo]=12-08-2026&filter[duration]=13:16&filter[from]=&filter[person]=2&filter[child]=1&filter[price]=4000:20000&filter[PriceFrom]=4000&filter[PriceTo]=20000&filter[addCategory]=40&filter[addCatering]=1&filter[addMisc]=0&filter[addTransport]=F&filter[fp]=1&order_by=ofr_price&filter[tourOperator]=0&filter[childAge][1]=20201210","https://fly.pl/cdn/photo/assets/uploads/582/278/2015/03/Lydia-Maris-Resort-and-Spa.jpg","https://fly.pl/wycieczka/grecja,rodos,kolymbia/lydia-maris/pdfCWSEAFV74f6kyGC88BxAAogz3-kbIsFVX7LZ-fcWhkBgPRV6dcKxlUaXfp0TYewma8qBEVDQ1gw-tXQ0gZI5JMBUAFYzwJgAmoCQUlyIBwRgiCrBPyhFbkEDxjF8C0bkc5AAdeYvPQBAgBjAQILky_TNQ/ofertasv/?filter[tourOperator]=ECCX&filter%5Bperson%5D=2&filter%5BchildAge%5D%5B1%5D=20201210&filter%5Bchild%5D=1"
"Cactus Beach","18987.0","19.07.2026 - 02.08.2026","15 dni/14 nocy","","3.9","3.9","790","tripadvisor","Все аэропорты","2026-07-13T00:01:46.383681+00:00","https://fly.pl/oferta/grecja-wczasy/?filter[dest]=14:&filter[hotelids]=&filter[cityids]=&filter[cregids]=&filter[ofrType]=&filter[addObjType]=&filter[whenFrom]=13-07-2026&filter[whenTo]=12-08-2026&filter[duration]=13:16&filter[from]=&filter[person]=2&filter[child]=1&filter[price]=4000:20000&filter[PriceFrom]=4000&filter[PriceTo]=20000&filter[addCategory]=40&filter[addCatering]=1&filter[addMisc]=0&filter[addTransport]=F&filter[fp]=1&order_by=ofr_price&filter[tourOperator]=0&filter[childAge][1]=20201210","https://fly.pl/cdn/photo/assets/uploads/582/278/2015/03/Cactus-Beach-fly-pl-1.jpg","https://fly.pl/wycieczka/grecja,kreta-wschodnia,stalida/cactus-beach/pGyACH_1aLRb77CsWPvrVrAAogC_WMuXrobJlGAYmH40MaQsD6SsWc96BL1TYwAmLtH-cqBEdSQ1Mw-tXQ0gZIq5QBUEFYjwFgAnI-XAoXBBUAWAFWAh20BQ8TQIMBUsipAVMAXvhSS3hhAFu0Hkzpvk0Bq8Y4DZSnzAggAFHLtbKNjQEBEmMCAmO0oSP9/ofertasv/?filter[tourOperator]=GRCS&filter%5Bperson%5D=2&filter%5BchildAge%5D%5B1%5D=20201210&filter%5Bchild%5D=1"
"Canvas by Mitsis Petit Palais","18990.0","17.07.2026 - 31.07.2026","15 dni/14 nocy","","4.6","4.6","3255","tripadvisor","Все аэропорты","2026-07-13T00:01:46.383681+00:00","https://fly.pl/oferta/grecja-wczasy/?filter[dest]=14:&filter[hotelids]=&filter[cityids]=&filter[cregids]=&filter[ofrType]=&filter[addObjType]=&filter[whenFrom]=13-07-2026&filter[whenTo]=12-08-2026&filter[duration]=13:16&filter[from]=&filter[person]=2&filter[child]=1&filter[price]=4000:20000&filter[PriceFrom]=4000&filter[PriceTo]=20000&filter[addCategory]=40&filter[addCatering]=1&filter[addMisc]=0&filter[addTransport]=F&filter[fp]=1&order_by=ofr_price&filter[tourOperator]=0&filter[childAge][1]=20201210","https://fly.pl/cdn/photo/assets/uploads/582/278/2015/04/Hotel-Mitsis-Petit-Palais.jpg","https://fly.pl/wycieczka/grecja,rodos,c/mitsis-petit-palais/pBWgiHG0PtDpjTOJU9RLGBAAogSztTKm9ix0Pcj77g0PJ_5IZYQ9UMPNbK-ZuWoqPV8vUqBEdSQ1Mw-tXQ0gZIrpQBUEFYX2ADckJcChcEFQBYAVYCHagFDxVAjQFbloABS69LYQBe-zBSkRNTAEyFy00B4vMxDdr50gggAFHBtr7t3gEBEmMBAmMBAgu4UaDR/ofertasv/?filter[tourOperator]=GRCS&filter%5Bperson%5D=2&filter%5BchildAge%5D%5B1%5D=20201210&filter%5Bchild%5D=1"
"Samaina Inn","18997.0","22.07.2026 - 05.08.2026","15 dni/14 nocy","","4.4","4.4","435","tripadvisor","Все аэропорты","2026-07-13T00:01:46.383681+00:00","https://fly.pl/oferta/grecja-wczasy/?filter[dest]=14:&filter[hotelids]=&filter[cityids]=&filter[cregids]=&filter[ofrType]=&filter[addObjType]=&filter[whenFrom]=13-07-2026&filter[whenTo]=12-08-2026&filter[duration]=13:16&filter[from]=&filter[person]=2&filter[child]=1&filter[price]=4000:20000&filter[PriceFrom]=4000&filter[PriceTo]=20000&filter[addCategory]=40&filter[addCatering]=1&filter[addMisc]=0&filter[addTransport]=F&filter[fp]=1&order_by=ofr_price&filter[tourOperator]=0&filter[childAge][1]=20201210","https://fly.pl/cdn/photo/assets/uploads/582/278/2015/04/Samaina-Inn.jpg","https://fly.pl/wycieczka/grecja,samos,karlovasi/samaina-inn/pi6zpdb6RFnxE2L9rocGHDAAoggbpKC-riTtMhIi17YMbgJuNqfOVpKoFa4DDHBA2uBn0qBFZJVFgw-tXQ0gZItZQBUEFY1wFgAnJAGgBcChUEFwBYAUCPA1v_hwFe_ndSzx5TAEueJWEATI2sOQ3d25gJIABR0M7whugBT9-0C13I_4LpHQIMYwECC2ZazzU/ofertasv/?filter[tourOperator]=VITX&filter%5Bperson%5D=2&filter%5BchildAge%5D%5B1%5D=20201210&filter%5Bchild%5D=1"
"Admiral De Luxe","19001.0","24.07.2026 - 08.08.2026","16 dni/14 nocy","","4.1","4.1","205","tripadvisor","Все аэропорты","2026-07-13T00:01:46.383681+00:00","https://fly.pl/oferta/grecja-wczasy/?filter[dest]=14:&filter[hotelids]=&filter[cityids]=&filter[cregids]=&filter[ofrType]=&filter[addObjType]=&filter[whenFrom]=13-07-2026&filter[whenTo]=12-08-2026&filter[duration]=13:16&filter[from]=&filter[person]=2&filter[child]=1&filter[price]=4000:20000&filter[PriceFrom]=4000&filter[PriceTo]=20000&filter[addCategory]=40&filter[addCatering]=1&filter[addMisc]=0&filter[addTransport]=F&filter[fp]=1&order_by=ofr_price&filter[tourOperator]=0&filter[childAge][1]=20201210","https://datacfstatic.merlinx.pl/RNBW/IMG/7135/0a7cda541ae1f20790562d72110ea9ac4571f830326d77db9e8b69435aa752c8.webp","https://fly.pl/wycieczka/grecja,zakynthos,argassi/admiral-de-luxe-13/pP3PzwsO2cY9K_bZtbBu8-AAogI2eq-Ab-_-uKDbUUUWrwuiXbZhlPSbL22oZ6SIWFhk8qBFJOQlcw-tXQ0gZIuZQBUEFYhwJgAmoEQndjRGoXMjk2LDM4MCw0NzcsNDgzLDQ4NCw0ODVyN58BngEVDlgBFwAKBEDEBxGIMBnlJxCcLWGURksAUuGXAVMAHcXkPw__ASDb_ZEJDQACDGMBAgs4x-Xo/ofertasv/?filter[tourOperator]=RNBW&filter%5Bperson%5D=2&filter%5BchildAge%5D%5B1%5D=20201210&filter%5Bchild%5D=1"
"Serita Beach","19037.0","29.07.2026 - 13.08.2026","16 dni/14 nocy","","4.3","4.3","112","tripadvisor","Все аэропорты","2026-07-13T00:01:46.383681+00:00","https://fly.pl/oferta/grecja-wczasy/?filter[dest]=14:&filter[hotelids]=&filter[cityids]=&filter[cregids]=&filter[ofrType]=&filter[addObjType]=&filter[whenFrom]=13-07-2026&filter[whenTo]=12-08-2026&filter[duration]=13:16&filter[from]=&filter[person]=2&filter[child]=1&filter[price]=4000:20000&filter[PriceFrom]=4000&filter[PriceTo]=20000&filter[addCategory]=40&filter[addCatering]=1&filter[addMisc]=0&filter[addTransport]=F&filter[fp]=1&order_by=ofr_price&filter[tourOperator]=0&filter[childAge][1]=20201210","https://fly.pl/cdn/photo/assets/uploads/582/278/2015/04/Serita-Beach.jpg","https://fly.pl/wycieczka/grecja,kreta-wschodnia,anissaras/mitsis-serita-beach/p-oxuqAYL_XeKQTe1NPOnxAAogMip3ykb3d7zMqjZk9AlQc9E_9ylSQ67Exh2-LtB3DZoqBFJOQlcw-tXQ0gZI3ZQBUEFY_wJgAmoEQndjRGoXMjk2LDM4MCw0NzcsNDgzLDQ4NCw0ODVyNp8BngEVDlgBFwAKBEDEBxHxNxnvH1LsUFMAENUES5tPYQAdgYlBD4wEINm9kQkNAAIMYwECC_pISpM/ofertasv/?filter[tourOperator]=RNBW&filter%5Bperson%5D=2&filter%5BchildAge%5D%5B1%5D=20201210&filter%5Bchild%5D=1"
"Atlantica Thalassa","19147.0","25.07.2026 - 08.08.2026","15 dni/14 nocy","","","","","","Все аэропорты","2026-07-13T00:01:46.383681+00:00","https://fly.pl/oferta/grecja-wczasy/?filter[dest]=14:&filter[hotelids]=&filter[cityids]=&filter[cregids]=&filter[ofrType]=&filter[addObjType]=&filter[whenFrom]=13-07-2026&filter[whenTo]=12-08-2026&filter[duration]=13:16&filter[from]=&filter[person]=2&filter[child]=1&filter[price]=4000:20000&filter[PriceFrom]=4000&filter[PriceTo]=20000&filter[addCategory]=40&filter[addCatering]=1&filter[addMisc]=0&filter[addTransport]=F&filter[fp]=1&order_by=ofr_price&filter[tourOperator]=0&filter[childAge][1]=20201210","https://datacfstatic.merlinx.pl/GRCS/IMG/KGSATTH/6b3f1a7cd64abac97602d4d32542863f41c75fb75a502bd6bae1b37c2cf32391.webp","https://fly.pl/wycieczka/grecja,kos,lambi/atlantica-thalassa-13/pClUhyf7_r6NLxL8fe31jhAAoguREg1cGqCMqpRc8siVUMsPkPqJVvmX91Q3wSAitAWtEqBEdSQ1Mw-tXQ0gZIy5UBUEFYnwJgA3JBXAoXBBUAWAFWAh2xBA8SQIcCW4KAAVK_SFMAXv8zS3hhAEze5TkB9vZTDY7uxAggAFGA1N7xpQEBEmMBAmMBAguSCPi0/ofertasv/?filter[tourOperator]=GRCS&filter%5Bperson%5D=2&filter%5BchildAge%5D%5B1%5D=20201210&filter%5Bchild%5D=1"
"Gaia Palace","19158.0","25.07.2026 - 08.08.2026","15 dni/14 nocy","","4.3","4.3","1204","tripadvisor","Все аэропорты","2026-07-13T00:01:46.383681+00:00","https://fly.pl/oferta/grecja-wczasy/?filter[dest]=14:&filter[hotelids]=&filter[cityids]=&filter[cregids]=&filter[ofrType]=&filter[addObjType]=&filter[whenFrom]=13-07-2026&filter[whenTo]=12-08-2026&filter[duration]=13:16&filter[from]=&filter[person]=2&filter[child]=1&filter[price]=4000:20000&filter[PriceFrom]=4000&filter[PriceTo]=20000&filter[addCategory]=40&filter[addCatering]=1&filter[addMisc]=0&filter[addTransport]=F&filter[fp]=1&order_by=ofr_price&filter[tourOperator]=0&filter[childAge][1]=20201210","https://fly.pl/cdn/photo/assets/uploads/582/278/2009/10/Gaia-Palace2994.jpg","https://fly.pl/wycieczka/grecja,kos,mastichari/gaia-palace/pdhybxTz4hvYinsD-mQytAAAogeaiDOc3DqnvmMqL0jdidTQAAAACzkgQAzpIEAA4AHQAqBFdFWlkw-tXQ0gZI1pUBUEFYnwJgA2oLUnlhbmFpciBTdW5qBDA5MTByQp4BlQEfAAIBHAAWBBcJErIFGIwDE9kCFIYDEdomQJxMTPtNTwBL9zRQAB2goRAgGxuwgWQN96feCAESYwEMYwECBr0vGnc/ofertasv/?filter[tourOperator]=WEZY&filter%5Bperson%5D=2&filter%5BchildAge%5D%5B1%5D=20201210&filter%5Bchild%5D=1"
"Caretta Paradise","19176.0","17.07.2026 - 31.07.2026","15 dni/14 nocy","","3.7","3.7","808","tripadvisor","Все аэропорты","2026-07-13T00:01:46.383681+00:00","https://fly.pl/oferta/grecja-wczasy/?filter[dest]=14:&filter[hotelids]=&filter[cityids]=&filter[cregids]=&filter[ofrType]=&filter[addObjType]=&filter[whenFrom]=13-07-2026&filter[whenTo]=12-08-2026&filter[duration]=13:16&filter[from]=&filter[person]=2&filter[child]=1&filter[price]=4000:20000&filter[PriceFrom]=4000&filter[PriceTo]=20000&filter[addCategory]=40&filter[addCatering]=1&filter[addMisc]=0&filter[addTransport]=F&filter[fp]=1&order_by=ofr_price&filter[tourOperator]=0&filter[childAge][1]=20201210","https://fly.pl/cdn/photo/assets/uploads/582/278/2017/10/Caretta-Paradise-fly-pl-2.jpg","https://fly.pl/wycieczka/grecja,zakynthos,tragaki/caretta-paradise/pnsuNUIUTL7-WcBJaVhDKEAAog9pyUQ9RtYSO3d_9QC_dTD5SJzBJR-1DJ2eKoaoXmepUqBEdSQ1Mw-tXQ0gZI6JUBUEFYX2ADagMwMTRqAzA0M3JAnQGPAVwKFQQXAFgBVgJAygZbzGVLzWZhAF6nMFK6Z1MATNv2TAGx8DYNjP3NCCAAUcGdrLGiAgESYwECYwEDDxJbGAA/ofertasv/?filter[tourOperator]=GRCS&filter%5Bperson%5D=2&filter%5BchildAge%5D%5B1%5D=20201210&filter%5Bchild%5D=1"
"Hydramis Palace Beach Resort","19421.0","15.07.2026 - 30.07.2026","16 dni/14 nocy","","4.2","4.2","652","tripadvisor","Все аэропорты","2026-07-13T00:01:46.383681+00:00","https://fly.pl/oferta/grecja-wczasy/?filter[dest]=14:&filter[hotelids]=&filter[cityids]=&filter[cregids]=&filter[ofrType]=&filter[addObjType]=&filter[whenFrom]=13-07-2026&filter[whenTo]=12-08-2026&filter[duration]=13:16&filter[from]=&filter[person]=2&filter[child]=1&filter[price]=4000:20000&filter[PriceFrom]=4000&filter[PriceTo]=20000&filter[addCategory]=40&filter[addCatering]=1&filter[addMisc]=0&filter[addTransport]=F&filter[fp]=1&order_by=ofr_price&filter[tourOperator]=0&filter[childAge][1]=20201210","https://fly.pl/cdn/photo/assets/uploads/582/278/2016/04/Hydramis-Palace.jpg","https://fly.pl/wycieczka/grecja,kreta-zachodnia,kavros/hydramis-palace/pJovuxJ1DPr-7qGgqqBD7SAAogCHc75LJg-Me_-Vi7jCNvrqU0gjnr63LpUx1qaPcwclIqBFJOQlcw-tXQ0gZI3ZcBUEFYL2ACagRCd2NEahcyOTYsMzgwLDQ3Nyw0ODMsNDg0LDQ4NXI1nwGeARUOWAEXAAoEQMQHEbQWGa9BUoQfUwAQT0vnU2EAHa6yQQ_NASD8x5EJDQACDGMBAgvCEVWm/ofertasv/?filter[tourOperator]=RNBW&filter%5Bperson%5D=2&filter%5BchildAge%5D%5B1%5D=20201210&filter%5Bchild%5D=1"
"Casa di Notos","19440.0","19.07.2026 - 02.08.2026","16 dni/14 nocy","","","","","","Все аэропорты","2026-07-13T00:01:46.383681+00:00","https://fly.pl/oferta/grecja-wczasy/?filter[dest]=14:&filter[hotelids]=&filter[cityids]=&filter[cregids]=&filter[ofrType]=&filter[addObjType]=&filter[whenFrom]=13-07-2026&filter[whenTo]=12-08-2026&filter[duration]=13:16&filter[from]=&filter[person]=2&filter[child]=1&filter[price]=4000:20000&filter[PriceFrom]=4000&filter[PriceTo]=20000&filter[addCategory]=40&filter[addCatering]=1&filter[addMisc]=0&filter[addTransport]=F&filter[fp]=1&order_by=ofr_price&filter[tourOperator]=0&filter[childAge][1]=20201210","https://datacfstatic.merlinx.pl/GRCS/IMG/CHQCADI/054445b4d4297764f55907e42a76cd5ac8809caf175a5fca81db0b1f1838436e.webp","https://fly.pl/wycieczka/grecja,kreta-zachodnia,georgioupolis/casa-di-notos-13/pyZK4PZwk0GHpuzu5RkuaFAAogbMB_MevRe4CpL9TqGp-DJ2v0aeeNXUolX8spKDLJx3wqBEdSQ1Mw_tXQ0gZI8JcBUEFYjwFgAnI9XAoVBBcBWABWAh3CAQ8TQPUEUuN3UwBbng1LmEdhAF6nMEyW3k0BtZpADYnTxAggAFGXrJ6dZQESYwICYwOlt2o/ofertasv/?filter[tourOperator]=GRCS&filter%5Bperson%5D=2&filter%5BchildAge%5D%5B1%5D=20201210&filter%5Bchild%5D=1"
"Kalyves Beach","19452.0","26.07.2026 - 09.08.2026","15 dni/14 nocy","","4.5","4.5","2577","tripadvisor","Все аэропорты","2026-07-13T00:01:46.383681+00:00","https://fly.pl/oferta/grecja-wczasy/?filter[dest]=14:&filter[hotelids]=&filter[cityids]=&filter[cregids]=&filter[ofrType]=&filter[addObjType]=&filter[whenFrom]=13-07-2026&filter[whenTo]=12-08-2026&filter[duration]=13:16&filter[from]=&filter[person]=2&filter[child]=1&filter[price]=4000:20000&filter[PriceFrom]=4000&filter[PriceTo]=20000&filter[addCategory]=40&filter[addCatering]=1&filter[addMisc]=0&filter[addTransport]=F&filter[fp]=1&order_by=ofr_price&filter[tourOperator]=0&filter[childAge][1]=20201210","https://fly.pl/cdn/photo/assets/uploads/582/278/2015/04/Kalyves-Beach.jpg","https://fly.pl/wycieczka/grecja,kreta-zachodnia,kalyves/kalyves-beach/pYDIORTkTexnCkEwdNPgnmAAogTbUBxj0Wf9dZHMBE00cZU6imbuSVbJJFRv-wBDE2jKgqBFJOQlcw_tXQ0gZI_JcBUEFYtwJgAmoEQndjRGoXMjk2LDM4MCw0NzcsNDgzLDQ4NCw0ODVyNZ8BngEVDhcAWAEKBEDEBxF5EKs8Gb8aUoQfUwBLps0BYQAPk8NAHUkgtr-RCQ0AAgxjAQILdtU0eQ/ofertasv/?filter[tourOperator]=RNBW&filter%5Bperson%5D=2&filter%5BchildAge%5D%5B1%5D=20201210&filter%5Bchild%5D=1"
"Zeus Kos Beach","19457.0","21.07.2026 - 04.08.2026","15 dni/14 nocy","","4.2","4.2","203","tripadvisor","Все аэропорты","2026-07-13T00:01:46.383681+00:00","https://fly.pl/oferta/grecja-wczasy/?filter[dest]=14:&filter[hotelids]=&filter[cityids]=&filter[cregids]=&filter[ofrType]=&filter[addObjType]=&filter[whenFrom]=13-07-2026&filter[whenTo]=12-08-2026&filter[duration]=13:16&filter[from]=&filter[person]=2&filter[child]=1&filter[price]=4000:20000&filter[PriceFrom]=4000&filter[PriceTo]=20000&filter[addCategory]=40&filter[addCatering]=1&filter[addMisc]=0&filter[addTransport]=F&filter[fp]=1&order_by=ofr_price&filter[tourOperator]=0&filter[childAge][1]=20201210","https://fly.pl/cdn/photo/assets/uploads/582/278/2016/11/AMMOS-LUXURY-RESORT.jpg","https://fly.pl/wycieczka/grecja,kos,mastichari/ammos-mastichari/p02Hs3kRp12reSwAamwOmFAAogE61aMjdEXQUMmOF1RH523u8a_XrSpiF6IEGunFpiECcqBFZJVFgw_tXQ0gZIgZgBUEFYvwFgAnJAGgBcChUEFwBYAUCPA1unhgFT10VSAF7_M0vtQ2EATIysOSDd25gJDQBRn4ve8aUBT5LcPV3Q_cv9XwIMYwECCz7NtMo/ofertasv/?filter[tourOperator]=VITX&filter%5Bperson%5D=2&filter%5BchildAge%5D%5B1%5D=20201210&filter%5Bchild%5D=1"
"Sun Palace (Faliraki)","19465.0","17.07.2026 - 31.07.2026","15 dni/14 nocy","","4.0","4.0","2757","tripadvisor","Все аэропорты","2026-07-13T00:01:46.383681+00:00","https://fly.pl/oferta/grecja-wczasy/?filter[dest]=14:&filter[hotelids]=&filter[cityids]=&filter[cregids]=&filter[ofrType]=&filter[addObjType]=&filter[whenFrom]=13-07-2026&filter[whenTo]=12-08-2026&filter[duration]=13:16&filter[from]=&filter[person]=2&filter[child]=1&filter[price]=4000:20000&filter[PriceFrom]=4000&filter[PriceTo]=20000&filter[addCategory]=40&filter[addCatering]=1&filter[addMisc]=0&filter[addTransport]=F&filter[fp]=1&order_by=ofr_price&filter[tourOperator]=0&filter[childAge][1]=20201210","https://fly.pl/cdn/photo/assets/uploads/582/278/2015/01/Hotel-Sun-Palace.jpg","https://fly.pl/wycieczka/grecja,rodos,faliraki/sun-palace-faliraki/pCVRwNMej9zl2OK_paAsIZAAogRfr_EyCE6ImeCpShJ3AWLYZYQ9UMPNbK-ZuWoqPV8vUqBEdSQ1Mw_tXQ0gZIiZgBUEFYX2ACcj9cChcEFQBYAVYCHagFDxVAjQFbr5cBS5Y0YQBe-zBSkRNTAEyEy00B7vExDc_70gggAFGBnsjt3gEBEmMCAmMnOwbU/ofertasv/?filter[tourOperator]=GRCS&filter%5Bperson%5D=2&filter%5BchildAge%5D%5B1%5D=20201210&filter%5Bchild%5D=1"
"Elinotel Apolamare","19775.0","15.07.2026 - 29.07.2026","15 dni/14 nocy","","3.9","3.9","388","tripadvisor","Все аэропорты","2026-07-13T00:01:46.383681+00:00","https://fly.pl/oferta/grecja-wczasy/?filter[dest]=14:&filter[hotelids]=&filter[cityids]=&filter[cregids]=&filter[ofrType]=&filter[addObjType]=&filter[whenFrom]=13-07-2026&filter[whenTo]=12-08-2026&filter[duration]=13:16&filter[from]=&filter[person]=2&filter[child]=1&filter[price]=4000:20000&filter[PriceFrom]=4000&filter[PriceTo]=20000&filter[addCategory]=40&filter[addCatering]=1&filter[addMisc]=0&filter[addTransport]=F&filter[fp]=1&order_by=ofr_price&filter[tourOperator]=0&filter[childAge][1]=20201210","https://fly.pl/cdn/photo/assets/uploads/582/278/2015/02/Apolamare-Hotel.jpg","https://fly.pl/wycieczka/grecja,chalkidiki,hanioti/elinotel-apolamare/pzV4eCLSBx-x47ZCP8F4rzAAog5gJw_5HjasxoFdNca3CAalGoARbpzJmqd1Cgrjv1Z9MqBFJOQlcw_tXQ0gZIv5oBUEFYL2ACagRCd2NEahcyOTYsMzgwLDQ3Nyw0ODMsNDg0LDQ4NXI2nwGeARUOFwBYAQoEQMQHEZ8ZGac-ENBCYf4DSwBStXtTAB2U9kAP5gMg0bORCQ0AAgxjAQILqQ76UQ/ofertasv/?filter[tourOperator]=RNBW&filter%5Bperson%5D=2&filter%5BchildAge%5D%5B1%5D=20201210&filter%5Bchild%5D=1"
"Virginia (Kallithea)","19796.0","20.07.2026 - 03.08.2026","16 dni/14 nocy","","4.4","4.4","2454","tripadvisor","Все аэропорты","2026-07-13T00:01:46.383681+00:00","https://fly.pl/oferta/grecja-wczasy/?filter[dest]=14:&filter[hotelids]=&filter[cityids]=&filter[cregids]=&filter[ofrType]=&filter[addObjType]=&filter[whenFrom]=13-07-2026&filter[whenTo]=12-08-2026&filter[duration]=13:16&filter[from]=&filter[person]=2&filter[child]=1&filter[price]=4000:20000&filter[PriceFrom]=4000&filter[PriceTo]=20000&filter[addCategory]=40&filter[addCatering]=1&filter[addMisc]=0&filter[addTransport]=F&filter[fp]=1&order_by=ofr_price&filter[tourOperator]=0&filter[childAge][1]=20201210","https://fly.pl/cdn/photo/assets/uploads/582/278/2015/04/Virginia-Hotel.jpg","https://fly.pl/wycieczka/grecja,rodos,kallithea/virginia-kallithea/pgQHDEMv1ztsVzXqcV6-baAAogEu__0QDieZgHyM3MsEVY9LMY9ys_84uy04_nnjEOSCIqBFJOQlcw_tXQ0gZI1JoBUEFYpwFgAmoEQndjRGoXMjk2LDM4MCw0NzcsNDgzLDQ4NCw0ODVqDzQwNCw0MDcsNDA4LDUyMXI3nwGeAZwBFQ5YARcACgRAxAcRoycZsjAQ9Qdh02tLAFK4Q1MAD6uNQB0rIO6qkgkNAAIMYwECC1Dkr58/ofertasv/?filter[tourOperator]=RNBW&filter%5Bperson%5D=2&filter%5BchildAge%5D%5B1%5D=20201210&filter%5Bchild%5D=1"
"Lambi Resort","19856.0","14.07.2026 - 28.07.2026","15 dni/14 nocy","","3.9","3.9","510","tripadvisor","Все аэропорты","2026-07-13T00:01:46.383681+00:00","https://fly.pl/oferta/grecja-wczasy/?filter[dest]=14:&filter[hotelids]=&filter[cityids]=&filter[cregids]=&filter[ofrType]=&filter[addObjType]=&filter[whenFrom]=13-07-2026&filter[whenTo]=12-08-2026&filter[duration]=13:16&filter[from]=&filter[person]=2&filter[child]=1&filter[price]=4000:20000&filter[PriceFrom]=4000&filter[PriceTo]=20000&filter[addCategory]=40&filter[addCatering]=1&filter[addMisc]=0&filter[addTransport]=F&filter[fp]=1&order_by=ofr_price&filter[tourOperator]=0&filter[childAge][1]=20201210","https://fly.pl/cdn/photo/assets/uploads/582/278/2018/12/Lambi-Resort.jpg","https://fly.pl/wycieczka/grecja,kos,lambi/lambi-palace/pZfhkagqpvi9cZcXkFGWKoAAogJerBmfxA2IpBPNPghY9D9nw4e3kznPPCmj-IHa-eUSoqBFJOQlcw_tXQ0gZIkJsBUEFYF2ACagRCd2NEahcyOTYsMzgwLDQ3Nyw0ODMsNDg0LDQ4NXI1nwGeARUOFwBYAQoEQMQHEZk2GdogEPpQUtgfUwBL9zRhAA_Ss0AdIyDilpIJDQACDGMBAgt2AqUN/ofertasv/?filter[tourOperator]=RNBW&filter%5Bperson%5D=2&filter%5BchildAge%5D%5B1%5D=20201210&filter%5Bchild%5D=1"
"Castellum Suites (ex Continental Apartments)","19867.0","27.07.2026 - 09.08.2026","14 dni/13 nocy","","3.8","3.8","524","tripadvisor","Все аэропорты","2026-07-13T00:01:46.383681+00:00","https://fly.pl/oferta/grecja-wczasy/?filter[dest]=14:&filter[hotelids]=&filter[cityids]=&filter[cregids]=&filter[ofrType]=&filter[addObjType]=&filter[whenFrom]=13-07-2026&filter[whenTo]=12-08-2026&filter[duration]=13:16&filter[from]=&filter[person]=2&filter[child]=1&filter[price]=4000:20000&filter[PriceFrom]=4000&filter[PriceTo]=20000&filter[addCategory]=40&filter[addCatering]=1&filter[addMisc]=0&filter[addTransport]=F&filter[fp]=1&order_by=ofr_price&filter[tourOperator]=0&filter[childAge][1]=20201210","https://fly.pl/cdn/photo/assets/uploads/582/278/2018/12/Continental-Apartments-fly-pl.jpg","https://fly.pl/wycieczka/grecja,rodos,c/continental-apartments/plQqyg_A_eJL2-t4g1AfoAAAogXlekbmGBwn-seCPtuFIERiAxeW04XWEOKpfydjlReiMqBEVYSU0w_tXQ0gZIm5sBUAFYzwJgAmoCQUlyIhwR8vYGqwTpy0C5BIwDG5mrQRjCtkMBna2xlAwCAGMBAgvmg0MP/ofertasv/?filter[tourOperator]=EXIM&filter%5Bperson%5D=2&filter%5BchildAge%5D%5B1%5D=20201210&filter%5Bchild%5D=1"
"Marvida Nuvon","19910.0","26.07.2026 - 10.08.2026","16 dni/14 nocy","","4.2","4.2","186","tripadvisor","Все аэропорты","2026-07-13T00:01:46.383681+00:00","https://fly.pl/oferta/grecja-wczasy/?filter[dest]=14:&filter[hotelids]=&filter[cityids]=&filter[cregids]=&filter[ofrType]=&filter[addObjType]=&filter[whenFrom]=13-07-2026&filter[whenTo]=12-08-2026&filter[duration]=13:16&filter[from]=&filter[person]=2&filter[child]=1&filter[price]=4000:20000&filter[PriceFrom]=4000&filter[PriceTo]=20000&filter[addCategory]=40&filter[addCatering]=1&filter[addMisc]=0&filter[addTransport]=F&filter[fp]=1&order_by=ofr_price&filter[tourOperator]=0&filter[childAge][1]=20201210","https://fly.pl/cdn/photo/assets/uploads/582/278/2015/11/Niriides-Beach-Bali.jpg","https://fly.pl/wycieczka/grecja,kreta-wschodnia,bali/niriides-beach-bali/pScyWxRj7HiDcTAcraZFCVAAogGWRswQ70dlvxTSmvyfaBiAAAAADQwQQA7MEEAA4AAQAqBFdFWlkw_tXQ0gZIxpsBUEFYtwJgA2oLUnlhbmFpciBTdW5qBDAwNDBqBDAxMTVqBDAzMzByQJ4BlAGVAZgBHwAcAQIAFgQXCRKlBBO2CxHFaUDzB0vKJFAATLgKTwAbusQBHfOOECAcDYrLwQkBEmMBDWMBAgwiGhxz/ofertasv/?filter[tourOperator]=WEZY&filter%5Bperson%5D=2&filter%5BchildAge%5D%5B1%5D=20201210&filter%5Bchild%5D=1"
"Elinotel Sermilia Resort (ex. Bomo Cronwell Sermilia)","19918.0","18.07.2026 - 01.08.2026","15 dni/14 nocy","","3.8","3.8","210","tripadvisor","Все аэропорты","2026-07-13T00:01:46.383681+00:00","https://fly.pl/oferta/grecja-wczasy/?filter[dest]=14:&filter[hotelids]=&filter[cityids]=&filter[cregids]=&filter[ofrType]=&filter[addObjType]=&filter[whenFrom]=13-07-2026&filter[whenTo]=12-08-2026&filter[duration]=13:16&filter[from]=&filter[person]=2&filter[child]=1&filter[price]=4000:20000&filter[PriceFrom]=4000&filter[PriceTo]=20000&filter[addCategory]=40&filter[addCatering]=1&filter[addMisc]=0&filter[addTransport]=F&filter[fp]=1&order_by=ofr_price&filter[tourOperator]=0&filter[childAge][1]=20201210","https://fly.pl/cdn/photo/assets/uploads/582/278/2015/06/ace51f02b6f338f488ef08630ea127c1256fa3044b889314275e4a932f9fc24a.jpg","https://fly.pl/wycieczka/grecja,chalkidiki,psakoudia/cronwell-sermilia-resort/p6ZxYu4ZLhHV3llPM764PuAAognTUMWpFvvZEhK_4oNzwC74sYLkcvWHnOc5wUIEnXTioqBFJOQlcw_tXQ0gZIzpsBUEFYd2ACagRCd2NEahcyOTYsMzgwLDQ3Nyw0ODMsNDg0LDQ4NWoHNDA3LDQwOHI3nwGeAZwBFQ4XAFgBCgRAxAcR2zcZ6x8Q-lRh3R5LAFKsTlMAHbSpQQ8rIO-DkQkNAAIMYwECCwJC9D8/ofertasv/?filter[tourOperator]=RNBW&filter%5Bperson%5D=2&filter%5BchildAge%5D%5B1%5D=20201210&filter%5Bchild%5D=1"
"Kronos (Platamonas) Grecja, Riwiera Olimpijska, Platamonas","10768.0","15.07.2026 - 29.07.2026","15 dni/14 nocy","","4.0","4.0","121","tripadvisor","Все аэропорты","2026-07-13T02:05:55.222988+00:00","https://fly.pl/oferta/grecja-wczasy/?filter[dest]=14:&filter[hotelids]=&filter[cityids]=&filter[cregids]=&filter[ofrType]=&filter[addObjType]=&filter[whenFrom]=13-07-2026&filter[whenTo]=12-08-2026&filter[duration]=13:16&filter[from]=&filter[person]=2&filter[child]=1&filter[price]=4000:20000&filter[PriceFrom]=4000&filter[PriceTo]=20000&filter[addCategory]=40&filter[addCatering]=1&filter[addMisc]=0&filter[addTransport]=F&filter[fp]=1&order_by=ofr_price&filter[tourOperator]=0&filter[childAge][1]=20201210","https://fly.pl/cdn/photo/assets/uploads/582/278/2015/06/Hotel-Kronos.jpg","https://fly.pl/wycieczka/grecja,riwiera-olimpijska,platamonas/kronos-platamonas/pHztEM2oPFcx9KJ8qG7uWqAAog79PeeK_1xz1dwAmGTJ4miUT3fETbnM5YrCx7P3_-nVAqBEdSQ1MwhJDR0gZIkFRQQVgtYANyQlwKFwQVAFgBVgIdsgIPE0CFBFuvlwFL6jRhAF6nMFKFHlMATJHATQGthTkNjejLCCAAUbyDucvnAQESYwECYwECC9oaHXY/ofertasv/?filter[tourOperator]=GRCS&filter%5Bperson%5D=2&filter%5BchildAge%5D%5B1%5D=20201210&filter%5Bchild%5D=1"
"Stefania Beach Grecja, Evia, Amarynthos","11704.0","15.07.2026 - 29.07.2026","15 dni/14 nocy","","3.6","3.6","107","tripadvisor","Все аэропорты","2026-07-13T02:05:55.222988+00:00","https://fly.pl/oferta/grecja-wczasy/?filter[dest]=14:&filter[hotelids]=&filter[cityids]=&filter[cregids]=&filter[ofrType]=&filter[addObjType]=&filter[whenFrom]=13-07-2026&filter[whenTo]=12-08-2026&filter[duration]=13:16&filter[from]=&filter[person]=2&filter[child]=1&filter[price]=4000:20000&filter[PriceFrom]=4000&filter[PriceTo]=20000&filter[addCategory]=40&filter[addCatering]=1&filter[addMisc]=0&filter[addTransport]=F&filter[fp]=1&order_by=ofr_price&filter[tourOperator]=0&filter[childAge][1]=20201210","https://fly.pl/cdn/photo/assets/uploads/582/278/2017/10/Stefania-Beach-Resort.jpg","https://fly.pl/wycieczka/grecja,evia,amarynthos/stefania-beach/pjgjJ6I5Oh19tHPC3IqlrtAAogJS1IQby1i5T-av4itCnQ8tI-s8TS2XHV7UztuP7hq8oqBFJOQlcwhJDR0gZIuFtQQVgtYAJqBEJ3Y0RqFzI5NiwzODAsNDc3LDQ4Myw0ODQsNDg1cjWfAZ4BFQ4XAFgBCgRAxAcR9TYZzyBSqg5TABCHREvHUmEAHZX-QA9YIOvLkQkNAAIMYwECCxPADEU/ofertasv/?filter[tourOperator]=RNBW&filter%5Bperson%5D=2&filter%5BchildAge%5D%5B1%5D=20201210&filter%5Bchild%5D=1"
"Dafni Plus Grecja, Riwiera Olimpijska, Leptokaria","11818.0","18.07.2026 - 01.08.2026","15 dni/14 nocy","","4.5","4.5","39","tripadvisor","Все аэропорты","2026-07-13T02:05:55.222988+00:00","https://fly.pl/oferta/grecja-wczasy/?filter[dest]=14:&filter[hotelids]=&filter[cityids]=&filter[cregids]=&filter[ofrType]=&filter[addObjType]=&filter[whenFrom]=13-07-2026&filter[whenTo]=12-08-2026&filter[duration]=13:16&filter[from]=&filter[person]=2&filter[child]=1&filter[price]=4000:20000&filter[PriceFrom]=4000&filter[PriceTo]=20000&filter[addCategory]=40&filter[addCatering]=1&filter[addMisc]=0&filter[addTransport]=F&filter[fp]=1&order_by=ofr_price&filter[tourOperator]=0&filter[childAge][1]=20201210","https://fly.pl/cdn/photo/assets/uploads/582/278/2018/11/Dafni-Plus.jpg","https://fly.pl/wycieczka/grecja,riwiera-olimpijska,leptokaria/dafni-plus/pNaTr1FMURihP1QEW6VwxYAAogMrV81dv3D3E3Zu9HnhMKx7nHuRAzQ3yZ_UKLZdl1bLEqBEdSQ1MwhJDR0gZIqlxQQVh1YAJyPVwKFwQVAFgBVgIdYw8MQNsFW5aAAV6qfEt4YQBSjR1TAEyRwE0Bwe00Dfz_zwggAFGl3aPL5wEBEmMCAmMSvFKX/ofertasv/?filter[tourOperator]=GRCS&filter%5Bperson%5D=2&filter%5BchildAge%5D%5B1%5D=20201210&filter%5Bchild%5D=1"
"Aqua Sun Village (Ex. Eri Sun Village) Grecja, Kreta Wschodnia, Hersonissos","11897.0","27.07.2026 - 10.08.2026","15 dni/14 nocy","","3.1","3.1","827","tripadvisor","Все аэропорты","2026-07-13T02:05:55.222988+00:00","https://fly.pl/oferta/grecja-wczasy/?filter[dest]=14:&filter[hotelids]=&filter[cityids]=&filter[cregids]=&filter[ofrType]=&filter[addObjType]=&filter[whenFrom]=13-07-2026&filter[whenTo]=12-08-2026&filter[duration]=13:16&filter[from]=&filter[person]=2&filter[child]=1&filter[price]=4000:20000&filter[PriceFrom]=4000&filter[PriceTo]=20000&filter[addCategory]=40&filter[addCatering]=1&filter[addMisc]=0&filter[addTransport]=F&filter[fp]=1&order_by=ofr_price&filter[tourOperator]=0&filter[childAge][1]=20201210","https://fly.pl/cdn/photo/assets/uploads/582/278/2014/11/Aqua-Sun-Village-Ex.-Eri-Sun-Village-fly-pl.jpg","https://fly.pl/wycieczka/grecja,kreta-wschodnia,hersonissos/eri-sun-village/pHPquGY1JWawV_Cu511B4QAAog7761XKpNs-8U7Yj6ed3MQlmOwbr9uBzU1MzUA_uP2c0qBEJWQkUwhJDR0gZI-VxQAVjNAmACagJBSXIiHBGMngEb5I4_GOflFKsEqZQjuQSOAQHM0tO6AwISYwECCoCNBuc/ofertasv/?filter[tourOperator]=BVBE&filter%5Bperson%5D=2&filter%5BchildAge%5D%5B1%5D=20201210&filter%5Bchild%5D=1"
"Ilyssion Grecja, Rodos, Pefki","11925.0","27.07.2026 - 09.08.2026","14 dni/13 nocy","","3.0","3.0","665","tripadvisor","Все аэропорты","2026-07-13T02:05:55.222988+00:00","https://fly.pl/oferta/grecja-wczasy/?filter[dest]=14:&filter[hotelids]=&filter[cityids]=&filter[cregids]=&filter[ofrType]=&filter[addObjType]=&filter[whenFrom]=13-07-2026&filter[whenTo]=12-08-2026&filter[duration]=13:16&filter[from]=&filter[person]=2&filter[child]=1&filter[price]=4000:20000&filter[PriceFrom]=4000&filter[PriceTo]=20000&filter[addCategory]=40&filter[addCatering]=1&filter[addMisc]=0&filter[addTransport]=F&filter[fp]=1&order_by=ofr_price&filter[tourOperator]=0&filter[childAge][1]=20201210","https://fly.pl/cdn/photo/assets/uploads/582/278/2014/11/Ilyssion.jpg","https://fly.pl/wycieczka/grecja,rodos,pefki/ilyssion/pE7jNMDGY3KZD_Vcxg0EpxAAogDN3QdvZUAwH4UYKvJ232ZvRV6dcKxlUaXfp0TYewma8qBEVDQ1gwhJDR0gZIlV1QAVjNAmACagJBSXIgHBHMAqsEsr8VuQQPGPHBJRvK2wYBo-zYxQECEmMBAgtb4Rtq/ofertasv/?filter[tourOperator]=ECCX&filter%5Bperson%5D=2&filter%5BchildAge%5D%5B1%5D=20201210&filter%5Bchild%5D=1"
"Thalassa Grecja, Grecja Środkowa, Paleros","11930.0","27.07.2026 - 10.08.2026","15 dni/14 nocy","","3.8","3.8","185","tripadvisor","Все аэропорты","2026-07-13T02:05:55.222988+00:00","https://fly.pl/oferta/grecja-wczasy/?filter[dest]=14:&filter[hotelids]=&filter[cityids]=&filter[cregids]=&filter[ofrType]=&filter[addObjType]=&filter[whenFrom]=13-07-2026&filter[whenTo]=12-08-2026&filter[duration]=13:16&filter[from]=&filter[person]=2&filter[child]=1&filter[price]=4000:20000&filter[PriceFrom]=4000&filter[PriceTo]=20000&filter[addCategory]=40&filter[addCatering]=1&filter[addMisc]=0&filter[addTransport]=F&filter[fp]=1&order_by=ofr_price&filter[tourOperator]=0&filter[childAge][1]=20201210","https://datacfstatic.merlinx.pl/GRCS/IMG/PVKTHSS/8c8e35b96675acf98d261995025011a445407aaef185238a60a78839afd05a8e.webp","https://fly.pl/wycieczka/grecja,grecja-srodkowa,paleros/thalassa-15/pCYT1VchyQ5paCfNAk5imJAAogjDb6tl-91xUDfh5xI2gyTB3heqSpLkmZe-871Nem3jYqBEdSQ1MwhJDR0gZIml1QQVjNAmADagMwNjZqAzA3NnJBnQGPAVwKFQQXAFgBVgJAygZbloABXqp8UuUCUwBLnA9hAEzV1DkBzo1TDbjXxQggAFHlr4vi0QEBEmMBAmMBAgun92wq/ofertasv/?filter[tourOperator]=GRCS&filter%5Bperson%5D=2&filter%5BchildAge%5D%5B1%5D=20201210&filter%5Bchild%5D=1"
"Kolymbia Sky Grecja, Rodos, Kolymbia","11997.0","17.07.2026 - 31.07.2026","15 dni/14 nocy","","3.6","3.6","163","tripadvisor","Все аэропорты","2026-07-13T02:05:55.222988+00:00","https://fly.pl/oferta/grecja-wczasy/?filter[dest]=14:&filter[hotelids]=&filter[cityids]=&filter[cregids]=&filter[ofrType]=&filter[addObjType]=&filter[whenFrom]=13-07-2026&filter[whenTo]=12-08-2026&filter[duration]=13:16&filter[from]=&filter[person]=2&filter[child]=1&filter[price]=4000:20000&filter[PriceFrom]=4000&filter[PriceTo]=20000&filter[addCategory]=40&filter[addCatering]=1&filter[addMisc]=0&filter[addTransport]=F&filter[fp]=1&order_by=ofr_price&filter[tourOperator]=0&filter[childAge][1]=20201210","https://fly.pl/cdn/photo/assets/uploads/582/278/2014/09/Kolymbia-Sky-fly-pl.jpg","https://fly.pl/wycieczka/grecja,rodos,kolymbia/kolymbia-sky/prvH8PCdXL95ZntZkqsfzZAAog_dM4p5bVk2tC-7HNyb_vq0oRqjQoSS9qtHwHGJ-TRo0qBFZJVFgwhJDR0gZI3V1QQVhdYAJyQBoAXAoVBBcAWAFAjwNbv4MBXr58UpETUwBL_gRhAEzr1zkN2NuYCSAAUcWkse3eAU-3vBRdyMj7_gMCDGMBAgu1u_OS/ofertasv/?filter[tourOperator]=VITX&filter%5Bperson%5D=2&filter%5BchildAge%5D%5B1%5D=20201210&filter%5Bchild%5D=1"
"Dias Solimar Grecja, Kreta Zachodnia, Adelianos Kampos","12225.0","15.07.2026 - 30.07.2026","16 dni/14 nocy","","4.0","4.0","478","tripadvisor","Все аэропорты","2026-07-13T02:05:55.222988+00:00","https://fly.pl/oferta/grecja-wczasy/?filter[dest]=14:&filter[hotelids]=&filter[cityids]=&filter[cregids]=&filter[ofrType]=&filter[addObjType]=&filter[whenFrom]=13-07-2026&filter[whenTo]=12-08-2026&filter[duration]=13:16&filter[from]=&filter[person]=2&filter[child]=1&filter[price]=4000:20000&filter[PriceFrom]=4000&filter[PriceTo]=20000&filter[addCategory]=40&filter[addCatering]=1&filter[addMisc]=0&filter[addTransport]=F&filter[fp]=1&order_by=ofr_price&filter[tourOperator]=0&filter[childAge][1]=20201210","https://fly.pl/cdn/photo/assets/uploads/582/278/2009/10/Dias-Solimar2779.jpg","https://fly.pl/wycieczka/grecja,kreta-zachodnia,adelianos-kampos/dias-solimar/pJek2UmlvAjLtJYHwYpywUAAogSkLeWHc2p74tbYsbwq1bpWrqCHBX7kLJo0cMUE6MrBgqBEdSQ1MwhJDR0gZIwV9QQVgtYANyQFwKFwUVAFgAVgId9AEPF0C_BFLjd1MAW7MIS4NMYQBepzBMlt5NAeK0OQ3YuMsIIABRgOmhnWUBEmMBAmMBAgtZSCAL/ofertasv/?filter[tourOperator]=GRCS&filter%5Bperson%5D=2&filter%5BchildAge%5D%5B1%5D=20201210&filter%5Bchild%5D=1"
"Royal (Polichrono) Grecja, Chalkidiki, Polychrono","12984.0","15.07.2026 - 29.07.2026","15 dni/14 nocy","","4.4","4.4","697","tripadvisor","Все аэропорты","2026-07-13T02:05:55.222988+00:00","https://fly.pl/oferta/grecja-wczasy/?filter[dest]=14:&filter[hotelids]=&filter[cityids]=&filter[cregids]=&filter[ofrType]=&filter[addObjType]=&filter[whenFrom]=13-07-2026&filter[whenTo]=12-08-2026&filter[duration]=13:16&filter[from]=&filter[person]=2&filter[child]=1&filter[price]=4000:20000&filter[PriceFrom]=4000&filter[PriceTo]=20000&filter[addCategory]=40&filter[addCatering]=1&filter[addMisc]=0&filter[addTransport]=F&filter[fp]=1&order_by=ofr_price&filter[tourOperator]=0&filter[childAge][1]=20201210","https://fly.pl/cdn/photo/assets/uploads/582/278/2015/06/Royal-Polichrono-fly-pl.jpg","https://fly.pl/wycieczka/grecja,chalkidiki,polychrono/royal-fourka/pQI36F_PBvuQfuBL9rOsd9AAog66q5jEsYccZfjsJBRzMMpET3fETbnM5YrCx7P3_-nVAqBEdSQ1MwhJDR0gZIuGVQQVgtYANyQlwKFwQVAFgBVgIdsgIPE0CFBFuEgAFLlUxhAF6nMFKFHlMATJHATQHaiDkN4OTLCCAAUaffzMvnAQESYwECYwECC2Yr0nA/ofertasv/?filter[tourOperator]=GRCS&filter%5Bperson%5D=2&filter%5BchildAge%5D%5B1%5D=20201210&filter%5Bchild%5D=1"
"San Panteleimon Grecja, Riwiera Olimpijska, Neos Panteleimonas","13180.0","18.07.2026 - 01.08.2026","15 dni/14 nocy","","4.6","4.6","183","tripadvisor","Все аэропорты","2026-07-13T02:05:55.222988+00:00","https://fly.pl/oferta/grecja-wczasy/?filter[dest]=14:&filter[hotelids]=&filter[cityids]=&filter[cregids]=&filter[ofrType]=&filter[addObjType]=&filter[whenFrom]=13-07-2026&filter[whenTo]=12-08-2026&filter[duration]=13:16&filter[from]=&filter[person]=2&filter[child]=1&filter[price]=4000:20000&filter[PriceFrom]=4000&filter[PriceTo]=20000&filter[addCategory]=40&filter[addCatering]=1&filter[addMisc]=0&filter[addTransport]=F&filter[fp]=1&order_by=ofr_price&filter[tourOperator]=0&filter[childAge][1]=20201210","https://fly.pl/cdn/photo/assets/uploads/582/278/2015/05/San-Panteleimon.jpg","https://fly.pl/wycieczka/grecja,riwiera-olimpijska,neos-panteleimonas/san-panteleimon/pGBxWwS7ZPYYKzxcCjTA3dAAogFU0_0fovxXTmL57Hkl-kqIsYLkcvWHnOc5wUIEnXTioqBFJOQlcwhJDR0gZI_GZQQVh1YAJqBEJ3Y0RqFzI5NiwzODAsNDc3LDQ4Myw0ODQsNDg1agc0MDcsNDA4cjafAZ4BnAEVDhcAWAEKBEDEBxE4EKkTGeRDYdhzSwBSrE5TAB20qUEPKyDvg5EJDQACDGMBAguFuXbf/ofertasv/?filter[tourOperator]=RNBW&filter%5Bperson%5D=2&filter%5BchildAge%5D%5B1%5D=20201210&filter%5Bchild%5D=1"
"Palmariva Beach (ex. Bomo Palmariva Beach) Grecja, Evia, Eretria","13227.0","19.07.2026 - 03.08.2026","16 dni/14 nocy","","4.2","4.2","1196","tripadvisor","Все аэропорты","2026-07-13T02:05:55.222988+00:00","https://fly.pl/oferta/grecja-wczasy/?filter[dest]=14:&filter[hotelids]=&filter[cityids]=&filter[cregids]=&filter[ofrType]=&filter[addObjType]=&filter[whenFrom]=13-07-2026&filter[whenTo]=12-08-2026&filter[duration]=13:16&filter[from]=&filter[person]=2&filter[child]=1&filter[price]=4000:20000&filter[PriceFrom]=4000&filter[PriceTo]=20000&filter[addCategory]=40&filter[addCatering]=1&filter[addMisc]=0&filter[addTransport]=F&filter[fp]=1&order_by=ofr_price&filter[tourOperator]=0&filter[childAge][1]=20201210","https://fly.pl/cdn/photo/assets/uploads/582/278/2017/06/Palmariva-fly-pl-2.jpg","https://fly.pl/wycieczka/grecja,evia,eretria/palmariva/pgnJ_fLrjQIQCZKrlPzWMNAAogsz6uL50RFw2VSKyAVWtqYL11VMq1RU--TmnSvEUA51cqBFJOQlcwhJDR0gZIq2dQQViNAWACagRCd2NEahcyOTYsMzgwLDQ3Nyw0ODMsNDg0LDQ4NWoPNDA0LDQwNyw0MDgsNTIxcjefAZ4BnAEVDlgBFwAKBEDEBxH0NhnQIFKqDlMAEIVES6ohYQAP78RBHTkg07aRCQ0AAgxjAQILBgWO1w/ofertasv/?filter[tourOperator]=RNBW&filter%5Bperson%5D=2&filter%5BchildAge%5D%5B1%5D=20201210&filter%5Bchild%5D=1"
"Noho Grecja, Kreta Zachodnia, SCALETA","13324.0","22.07.2026 - 06.08.2026","16 dni/14 nocy","","3.7","3.7","68","tripadvisor","Все аэропорты","2026-07-13T02:05:55.222988+00:00","https://fly.pl/oferta/grecja-wczasy/?filter[dest]=14:&filter[hotelids]=&filter[cityids]=&filter[cregids]=&filter[ofrType]=&filter[addObjType]=&filter[whenFrom]=13-07-2026&filter[whenTo]=12-08-2026&filter[duration]=13:16&filter[from]=&filter[person]=2&filter[child]=1&filter[price]=4000:20000&filter[PriceFrom]=4000&filter[PriceTo]=20000&filter[addCategory]=40&filter[addCatering]=1&filter[addMisc]=0&filter[addTransport]=F&filter[fp]=1&order_by=ofr_price&filter[tourOperator]=0&filter[childAge][1]=20201210","https://datacfstatic.merlinx.pl/GRCS/IMG/CHQNOHO/4a262432ff02974aa9d6c0cc2df54e7977a888977a9f2455da135ae3213ed7e9.webp","https://fly.pl/wycieczka/grecja,kreta-zachodnia,scaleta/noho-9/py7J-6N9R2pbzOWoseWrpnAAog0jCeiK0BD1R8KQNv9JqjpxsSWZxABpkYvzMO27r3xHEqBEdSQ1MwhJDR0gZIjGhQQVjVAWADckAXDxUAWABWAlwCHfMBDw5AxwRS43dTAFuzCEuDTGEAXqcwTJbeTQGRuzkNsLLLCCAAUcrkvp1lARJjAQJjAQILVLcnCQ/ofertasv/?filter[tourOperator]=GRCS&filter%5Bperson%5D=2&filter%5BchildAge%5D%5B1%5D=20201210&filter%5Bchild%5D=1"
"Olimpion Melathron Grecja, Riwiera Olimpijska, Platamonas","13630.0","15.07.2026 - 29.07.2026","15 dni/14 nocy","","4.3","4.3","50","tripadvisor","Все аэропорты","2026-07-13T02:05:55.222988+00:00","https://fly.pl/oferta/grecja-wczasy/?filter[dest]=14:&filter[hotelids]=&filter[cityids]=&filter[cregids]=&filter[ofrType]=&filter[addObjType]=&filter[whenFrom]=13-07-2026&filter[whenTo]=12-08-2026&filter[duration]=13:16&filter[from]=&filter[person]=2&filter[child]=1&filter[price]=4000:20000&filter[PriceFrom]=4000&filter[PriceTo]=20000&filter[addCategory]=40&filter[addCatering]=1&filter[addMisc]=0&filter[addTransport]=F&filter[fp]=1&order_by=ofr_price&filter[tourOperator]=0&filter[childAge][1]=20201210","https://fly.pl/cdn/photo/assets/uploads/582/278/2015/06/Olimpion-Melathron.jpg","https://fly.pl/wycieczka/grecja,riwiera-olimpijska,platamonas/olimpion-melathron/pXJUV-ROknrKu_CaniAsyvAAogQc-d5hUTB3N_ejdJuKoeBFGoARbpzJmqd1Cgrjv1Z9MqBFJOQlcwhJDR0gZIvmpQQVgtYAJqBEJ3Y0RqFzI5NiwzODAsNDc3LDQ4Myw0ODQsNDg1cjafAZ4BFQ4XAFgBCgRAxAcRlzIZriUQjjdhwQ9LAFK1e1MAHZT2QA_mAyDRs5EJDQACDGMBAguicf5m/ofertasv/?filter[tourOperator]=RNBW&filter%5Bperson%5D=2&filter%5BchildAge%5D%5B1%5D=20201210&filter%5Bchild%5D=1"
"Alexandros Palace Grecja, Chalkidiki, Ouranopolis","13693.0","15.07.2026 - 29.07.2026","15 dni/14 nocy","","4.1","4.1","52","tripadvisor","Все аэропорты","2026-07-13T02:05:55.222988+00:00","https://fly.pl/oferta/grecja-wczasy/?filter[dest]=14:&filter[hotelids]=&filter[cityids]=&filter[cregids]=&filter[ofrType]=&filter[addObjType]=&filter[whenFrom]=13-07-2026&filter[whenTo]=12-08-2026&filter[duration]=13:16&filter[from]=&filter[person]=2&filter[child]=1&filter[price]=4000:20000&filter[PriceFrom]=4000&filter[PriceTo]=20000&filter[addCategory]=40&filter[addCatering]=1&filter[addMisc]=0&filter[addTransport]=F&filter[fp]=1&order_by=ofr_price&filter[tourOperator]=0&filter[childAge][1]=20201210","https://fly.pl/cdn/photo/assets/uploads/582/278/2015/04/Alexandros-Palace-fly-pl.jpg","https://fly.pl/wycieczka/grecja,chalkidiki,ouranopolis/alexandros-palace/pFmclifpYf7oGMsR-2OaObAAogPD_gybwXetvjtVyajmaLX0T3fETbnM5YrCx7P3_-nVAqBEdSQ1MwhJDR0gZI_WpQQVgtYANyQlwKFwQVAFgBVgIdsgIPE0CFBFuWgAFLg0xhAF6nMFKFHlMATJHATQHShjkN6ObLCCAAUfOJnMvnAQESYwECYwECC0voGrY/ofertasv/?filter[tourOperator]=GRCS&filter%5Bperson%5D=2&filter%5BchildAge%5D%5B1%5D=20201210&filter%5Bchild%5D=1"
"Maistrali (Tragaki) Grecja, Zakynthos, Tragaki","13752.0","21.07.2026 - 04.08.2026","15 dni/14 nocy","","4.4","4.4","430","tripadvisor","Все аэропорты","2026-07-13T02:05:55.222988+00:00","https://fly.pl/oferta/grecja-wczasy/?filter[dest]=14:&filter[hotelids]=&filter[cityids]=&filter[cregids]=&filter[ofrType]=&filter[addObjType]=&filter[whenFrom]=13-07-2026&filter[whenTo]=12-08-2026&filter[duration]=13:16&filter[from]=&filter[person]=2&filter[child]=1&filter[price]=4000:20000&filter[PriceFrom]=4000&filter[PriceTo]=20000&filter[addCategory]=40&filter[addCatering]=1&filter[addMisc]=0&filter[addTransport]=F&filter[fp]=1&order_by=ofr_price&filter[tourOperator]=0&filter[childAge][1]=20201210","https://fly.pl/cdn/photo/assets/uploads/582/278/2017/09/Maistrali-Tragaki-fly-pl-4.jpg","https://fly.pl/wycieczka/grecja,zakynthos,tragaki/maistrali-tragaki/pJebDoE-oK_2P2eLKh8z_DAAog0Mn8H-wBSVzx043ABmSGY_YEGb3zt1_C12BOzPL0U6wqBEdSQ1MwhJDR0gZIuGtQQVi9AWADckBcChcEFQBYAVYCQMoGHTwPDlvMf16qfEuPGGEAUqtPUwBM2_ZMAcGfPA2AzsgIIABR09jIsaICARJjAQJjAQILToAzWA/ofertasv/?filter[tourOperator]=GRCS&filter%5Bperson%5D=2&filter%5BchildAge%5D%5B1%5D=20201210&filter%5Bchild%5D=1"
"Golden Odyssey Grecja, Rodos, Kolymbia","13819.0","24.07.2026 - 07.08.2026","15 dni/14 nocy","","3.7","3.7","1980","tripadvisor","Все аэропорты","2026-07-13T02:05:55.222988+00:00","https://fly.pl/oferta/grecja-wczasy/?filter[dest]=14:&filter[hotelids]=&filter[cityids]=&filter[cregids]=&filter[ofrType]=&filter[addObjType]=&filter[whenFrom]=13-07-2026&filter[whenTo]=12-08-2026&filter[duration]=13:16&filter[from]=&filter[person]=2&filter[child]=1&filter[price]=4000:20000&filter[PriceFrom]=4000&filter[PriceTo]=20000&filter[addCategory]=40&filter[addCatering]=1&filter[addMisc]=0&filter[addTransport]=F&filter[fp]=1&order_by=ofr_price&filter[tourOperator]=0&filter[childAge][1]=20201210","https://fly.pl/cdn/photo/assets/uploads/582/278/2014/11/Golden-Odyssey.jpg","https://fly.pl/wycieczka/grecja,rodos,kolymbia/golden-odyssey/poUaolD7Ux5rY6Qz-9By6IAAogbXlkr_ODJh9TaoE8W2hz0dmJpJOs1mB8V2-wp786nc0qBEdSQ1MwhJDR0gZI-2tQQViFAmADckJcChcEFQBYAVYCHakFDwxAlQFbloABS69LYQBe-zBSkRNTAEzE0zkB6uhFDZr80gggAFH5yqXt3gEBEmMBAmMBAwtKsPFE/ofertasv/?filter[tourOperator]=GRCS&filter%5Bperson%5D=2&filter%5BchildAge%5D%5B1%5D=20201210&filter%5Bchild%5D=1"
"Olympian Bay Grand Resort (ex. Bomo Olympus Grand Resort) Grecja, Riwiera Olimpijska, Leptokaria","13881.0","18.07.2026 - 01.08.2026","15 dni/14 nocy","","4.0","4.0","579","tripadvisor","Все аэропорты","2026-07-13T02:05:55.222988+00:00","https://fly.pl/oferta/grecja-wczasy/?filter[dest]=14:&filter[hotelids]=&filter[cityids]=&filter[cregids]=&filter[ofrType]=&filter[addObjType]=&filter[whenFrom]=13-07-2026&filter[whenTo]=12-08-2026&filter[duration]=13:16&filter[from]=&filter[person]=2&filter[child]=1&filter[price]=4000:20000&filter[PriceFrom]=4000&filter[PriceTo]=20000&filter[addCategory]=40&filter[addCatering]=1&filter[addMisc]=0&filter[addTransport]=F&filter[fp]=1&order_by=ofr_price&filter[tourOperator]=0&filter[childAge][1]=20201210","https://fly.pl/cdn/photo/assets/uploads/582/278/2014/10/Olympian-Bay-Grand-Resort.jpg","https://fly.pl/wycieczka/grecja,riwiera-olimpijska,leptokaria/olympian-bay/pCfduae1djBfNUM_jXR1KBAAogSItJsfLzMXFoxlnSTsRM6YsYLkcvWHnOc5wUIEnXTioqBFJOQlcwhJDR0gZIuWxQQVh1YAJqBEJ3Y0RqFzI5NiwzODAsNDc3LDQ4Myw0ODQsNDg1agc0MDcsNDA4cjefAZ4BnAEVDhcAWAEKBEDEBxHgNhnlIBCbUmG9IUsAUqxOUwAdtKlBDysg74ORCQ0AAgxjAQILFCFVOQ/ofertasv/?filter[tourOperator]=RNBW&filter%5Bperson%5D=2&filter%5BchildAge%5D%5B1%5D=20201210&filter%5Bchild%5D=1"
"Sokol Resort Grecja, Kreta, Plakias","13950.0","23.07.2026 - 05.08.2026","14 dni/13 nocy","","3.3","3.3","20","tripadvisor","Все аэропорты","2026-07-13T02:05:55.222988+00:00","https://fly.pl/oferta/grecja-wczasy/?filter[dest]=14:&filter[hotelids]=&filter[cityids]=&filter[cregids]=&filter[ofrType]=&filter[addObjType]=&filter[whenFrom]=13-07-2026&filter[whenTo]=12-08-2026&filter[duration]=13:16&filter[from]=&filter[person]=2&filter[child]=1&filter[price]=4000:20000&filter[PriceFrom]=4000&filter[PriceTo]=20000&filter[addCategory]=40&filter[addCatering]=1&filter[addMisc]=0&filter[addTransport]=F&filter[fp]=1&order_by=ofr_price&filter[tourOperator]=0&filter[childAge][1]=20201210","https://fly.pl/cdn/photo/assets/uploads/582/278/2022/03/SOKOL-RESORT.jpg","https://fly.pl/wycieczka/grecja,kreta,plakias/sokol-resort-12/p_lP_Gua65df57-rfQPONoAAogcVFqBlLeL7vy9hZQHmRT4fGY0KfDwK3bS_GHBPjV0zMqBEJWUFIwhJDR0gZI_mxQAVjtAWACag1BbGwgaW5jbHVzaXZlciAcEYQ1G5XvBRiIhw65BJ6GEqsEBQGhjbHeAQISYwECC0J7764/ofertasv/?filter[tourOperator]=BVPR&filter%5Bperson%5D=2&filter%5BchildAge%5D%5B1%5D=20201210&filter%5Bchild%5D=1"
"Matilda Grecja, Zakynthos, Vasilikos","13957.0","14.07.2026 - 28.07.2026","15 dni/14 nocy","","3.9","3.9","193","tripadvisor","Все аэропорты","2026-07-13T02:05:55.222988+00:00","https://fly.pl/oferta/grecja-wczasy/?filter[dest]=14:&filter[hotelids]=&filter[cityids]=&filter[cregids]=&filter[ofrType]=&filter[addObjType]=&filter[whenFrom]=13-07-2026&filter[whenTo]=12-08-2026&filter[duration]=13:16&filter[from]=&filter[person]=2&filter[child]=1&filter[price]=4000:20000&filter[PriceFrom]=4000&filter[PriceTo]=20000&filter[addCategory]=40&filter[addCatering]=1&filter[addMisc]=0&filter[addTransport]=F&filter[fp]=1&order_by=ofr_price&filter[tourOperator]=0&filter[childAge][1]=20201210","https://fly.pl/cdn/photo/assets/uploads/582/278/2016/11/Matilda.jpg","https://fly.pl/wycieczka/grecja,zakynthos,vasilikos/matilda/pnxzbacZbfRtiW0S65Rpd9AAogHGdEyTNaXIqumyET_BGDh-Woyy6bHiGRRwxi3jSoz7IqBFZJVFgwhJDR0gZIhW1QQVgVYAJyQBoAXAoVBBcAWAFAjwNbv4MBYbZRSwBeiCtSumdTAEzBiDkg1NuYCQ0AXYyX3YWtAU-46eirdVGY2wICDWMBAgxK9auS/ofertasv/?filter[tourOperator]=VITX&filter%5Bperson%5D=2&filter%5BchildAge%5D%5B1%5D=20201210&filter%5Bchild%5D=1"
"Dion Palace Grecja, Riwiera Olimpijska, LITOCHORO-PIERIA","14001.0","15.07.2026 - 29.07.2026","15 dni/14 nocy","","4.0","4.0","1118","tripadvisor","Все аэропорты","2026-07-13T02:05:55.222988+00:00","https://fly.pl/oferta/grecja-wczasy/?filter[dest]=14:&filter[hotelids]=&filter[cityids]=&filter[cregids]=&filter[ofrType]=&filter[addObjType]=&filter[whenFrom]=13-07-2026&filter[whenTo]=12-08-2026&filter[duration]=13:16&filter[from]=&filter[person]=2&filter[child]=1&filter[price]=4000:20000&filter[PriceFrom]=4000&filter[PriceTo]=20000&filter[addCategory]=40&filter[addCatering]=1&filter[addMisc]=0&filter[addTransport]=F&filter[fp]=1&order_by=ofr_price&filter[tourOperator]=0&filter[childAge][1]=20201210","https://fly.pl/cdn/photo/assets/uploads/582/278/2014/10/Dion-Palace.jpg","https://fly.pl/wycieczka/grecja,riwiera-olimpijska,litochoro-pieria/dion-palace/pEb9s6iR7rt-6ZcjUMlR1TAAoggmiRWY3Iox-PWHDstm1ifUT3fETbnM5YrCx7P3_-nVAqBEdSQ1MwhJDR0gZIsW1QQVgtYANyQlwKFwQVAFgBVgIdsgIPE0CFBFuWgAFLg0xhAF6nMFKFHlMATJHATQGMhTkNrujLCCAAUeywpMvnAQESYwECYwECDKDAGsY/ofertasv/?filter[tourOperator]=GRCS&filter%5Bperson%5D=2&filter%5BchildAge%5D%5B1%5D=20201210&filter%5Bchild%5D=1"
"Krini Beach (ex. Bomo) Grecja, Kreta Zachodnia, Sfakaki","14057.0","19.07.2026 - 02.08.2026","15 dni/14 nocy","","3.8","3.8","170","tripadvisor","Все аэропорты","2026-07-13T02:05:55.222988+00:00","https://fly.pl/oferta/grecja-wczasy/?filter[dest]=14:&filter[hotelids]=&filter[cityids]=&filter[cregids]=&filter[ofrType]=&filter[addObjType]=&filter[whenFrom]=13-07-2026&filter[whenTo]=12-08-2026&filter[duration]=13:16&filter[from]=&filter[person]=2&filter[child]=1&filter[price]=4000:20000&filter[PriceFrom]=4000&filter[PriceTo]=20000&filter[addCategory]=40&filter[addCatering]=1&filter[addMisc]=0&filter[addTransport]=F&filter[fp]=1&order_by=ofr_price&filter[tourOperator]=0&filter[childAge][1]=20201210","https://fly.pl/cdn/photo/assets/uploads/582/278/2015/12/Krini-Beach.jpg","https://fly.pl/wycieczka/grecja,kreta-zachodnia,sfakaki/krini-beach/pJUv6lRxA29AAODNfmaRH_AAogrXAGbsYq2_NSCdqskhKfZCCsEhkRlR7KT0NX-saSp4EqBFZJVFgwhJDR0gZI6W1QQViNAWACcj0aAFwKFQQXAFgBQI8DU6B7UgBb3wxe_ndLeGEATOXuOSD325gJDQBR4L22nWVP34QOXYyeroZrAg1jAQIMj3qsQA/ofertasv/?filter[tourOperator]=VITX&filter%5Bperson%5D=2&filter%5BchildAge%5D%5B1%5D=20201210&filter%5Bchild%5D=1"
"Planos Beach Grecja, Zakynthos, Planos","14139.0","24.07.2026 - 07.08.2026","15 dni/14 nocy","","4.1","4.1","596","tripadvisor","Все аэропорты","2026-07-13T02:05:55.222988+00:00","https://fly.pl/oferta/grecja-wczasy/?filter[dest]=14:&filter[hotelids]=&filter[cityids]=&filter[cregids]=&filter[ofrType]=&filter[addObjType]=&filter[whenFrom]=13-07-2026&filter[whenTo]=12-08-2026&filter[duration]=13:16&filter[from]=&filter[person]=2&filter[child]=1&filter[price]=4000:20000&filter[PriceFrom]=4000&filter[PriceTo]=20000&filter[addCategory]=40&filter[addCatering]=1&filter[addMisc]=0&filter[addTransport]=F&filter[fp]=1&order_by=ofr_price&filter[tourOperator]=0&filter[childAge][1]=20201210","https://fly.pl/cdn/photo/assets/uploads/582/278/2014/09/PLANOS-BEACH-HOTEL.jpg","https://fly.pl/wycieczka/grecja,zakynthos,planos/planos-beach/pZ4KIQUsnZk4YCnUzRHZXoAAogPZyAgFFV1V6JpM5GOgw1Ry3xrAz8fsCj1qt4MHpkbRMqBEdSQ1MwhJDR0gZIu25QQViFAmACagMwMTVqAzAzNXI-nQGPAVwKFQQXAFgBVgJAygZbloABS4NMYQBepzBSumdTAEyb_zgBurNUDcqxxAggAFG2i9KxogIBEmMCAmNSfyzV/ofertasv/?filter[tourOperator]=GRCS&filter%5Bperson%5D=2&filter%5BchildAge%5D%5B1%5D=20201210&filter%5Bchild%5D=1"
"Summer Beach Grecja, Kreta Zachodnia, Georgioupolis","14139.0","26.07.2026 - 10.08.2026","16 dni/14 nocy","","3.6","3.6","303","tripadvisor","Все аэропорты","2026-07-13T02:05:55.222988+00:00","https://fly.pl/oferta/grecja-wczasy/?filter[dest]=14:&filter[hotelids]=&filter[cityids]=&filter[cregids]=&filter[ofrType]=&filter[addObjType]=&filter[whenFrom]=13-07-2026&filter[whenTo]=12-08-2026&filter[duration]=13:16&filter[from]=&filter[person]=2&filter[child]=1&filter[price]=4000:20000&filter[PriceFrom]=4000&filter[PriceTo]=20000&filter[addCategory]=40&filter[addCatering]=1&filter[addMisc]=0&filter[addTransport]=F&filter[fp]=1&order_by=ofr_price&filter[tourOperator]=0&filter[childAge][1]=20201210","https://fly.pl/cdn/photo/assets/uploads/582/278/2017/12/Summer-Beach-fly-pl.jpg","https://fly.pl/wycieczka/grecja,kreta-zachodnia,georgioupolis/summer-beach/pU-zh_aRwZZQqhVUEo-sXDAAog2r1a3Slsf3X8Fon5jTlbTQAAAADQwQQA7MEEAA4AAQAqBFdFWlkwhJDR0gZIu25QQVi1AmADagtSeWFuYWlyIFN1bmoEMDA0MGoEMDExNWoEMDMzMHJAngGUAZUBmAEfAAIBHAAWBBcJEqUEE7YLQLhxS8okUABMuApPABGFuwEbyjAd3ucPIBwNisvBCQESYwENYwECDImP98E/ofertasv/?filter[tourOperator]=WEZY&filter%5Bperson%5D=2&filter%5BchildAge%5D%5B1%5D=20201210&filter%5Bchild%5D=1"
"Sunshine Corfu & Spa Grecja, Korfu, Nisaki","14157.0","18.07.2026 - 01.08.2026","15 dni/14 nocy","","3.4","3.4","1626","tripadvisor","Все аэропорты","2026-07-13T02:05:55.222988+00:00","https://fly.pl/oferta/grecja-wczasy/?filter[dest]=14:&filter[hotelids]=&filter[cityids]=&filter[cregids]=&filter[ofrType]=&filter[addObjType]=&filter[whenFrom]=13-07-2026&filter[whenTo]=12-08-2026&filter[duration]=13:16&filter[from]=&filter[person]=2&filter[child]=1&filter[price]=4000:20000&filter[PriceFrom]=4000&filter[PriceTo]=20000&filter[addCategory]=40&filter[addCatering]=1&filter[addMisc]=0&filter[addTransport]=F&filter[fp]=1&order_by=ofr_price&filter[tourOperator]=0&filter[childAge][1]=20201210","https://fly.pl/cdn/photo/assets/uploads/582/278/2009/04/Sunshine-Corfu216.jpg","https://fly.pl/wycieczka/grecja,korfu,nisaki/sunshine-corfu/p9Wlg9KvvCbKxqTPppLrEGAAogTeeIGJGPCug4kSE7nGG0VK39a0oFyTZzHyswRYaaLeAqBFZJVFgwhJDR0gZIzW5QQVh1YAJyPxoAXAoVBBcAWAFAjwNT3HpSAFvjCF6-fEvJSGEATJSnOSD225gJDQBRyrmS52RP2pMLXZjikuykAQIMYwECCzJ9C00/ofertasv/?filter[tourOperator]=VITX&filter%5Bperson%5D=2&filter%5BchildAge%5D%5B1%5D=20201210&filter%5Bchild%5D=1"
"Porto Planos Beach Grecja, Zakynthos, Tsilivi","14186.0","19.07.2026 - 02.08.2026","15 dni/14 nocy","","3.9","3.9","305","tripadvisor","Все аэропорты","2026-07-13T02:05:55.222988+00:00","https://fly.pl/oferta/grecja-wczasy/?filter[dest]=14:&filter[hotelids]=&filter[cityids]=&filter[cregids]=&filter[ofrType]=&filter[addObjType]=&filter[whenFrom]=13-07-2026&filter[whenTo]=12-08-2026&filter[duration]=13:16&filter[from]=&filter[person]=2&filter[child]=1&filter[price]=4000:20000&filter[PriceFrom]=4000&filter[PriceTo]=20000&filter[addCategory]=40&filter[addCatering]=1&filter[addMisc]=0&filter[addTransport]=F&filter[fp]=1&order_by=ofr_price&filter[tourOperator]=0&filter[childAge][1]=20201210","https://fly.pl/cdn/photo/assets/uploads/582/278/2017/10/Porto-Planos-Beach-fly-pl-1.jpg","https://fly.pl/wycieczka/grecja,zakynthos,tsilivi/porto-planos-beach/p8tkcnJbsuxaJ7AvdATf75AAog5dztgQsn6vDgmqyb0NWbTVku12KMbGFUb-pgdOzoURMqBEdSQ1MwhJDR0gZI6m5QQViNAWADckJcChcEFQBYAVYCHfIDDxFAxwJbtIMBS-VIYQBepzBSumdTAEzb9kwBteA2DYqNzgggAFG2rtKxogIBEmMBAmMBAgy49Pgk/ofertasv/?filter[tourOperator]=GRCS&filter%5Bperson%5D=2&filter%5BchildAge%5D%5B1%5D=20201210&filter%5Bchild%5D=1"
"Ilianthos Village Grecja, Kreta Zachodnia, Agia Marina","14232.0","26.07.2026 - 10.08.2026","16 dni/14 nocy","","3.7","3.7","29","tripadvisor","Все аэропорты","2026-07-13T02:05:55.222988+00:00","https://fly.pl/oferta/grecja-wczasy/?filter[dest]=14:&filter[hotelids]=&filter[cityids]=&filter[cregids]=&filter[ofrType]=&filter[addObjType]=&filter[whenFrom]=13-07-2026&filter[whenTo]=12-08-2026&filter[duration]=13:16&filter[from]=&filter[person]=2&filter[child]=1&filter[price]=4000:20000&filter[PriceFrom]=4000&filter[PriceTo]=20000&filter[addCategory]=40&filter[addCatering]=1&filter[addMisc]=0&filter[addTransport]=F&filter[fp]=1&order_by=ofr_price&filter[tourOperator]=0&filter[childAge][1]=20201210","https://fly.pl/cdn/photo/assets/uploads/582/278/2015/03/Ilianthos-Village-Luxury.jpg","https://fly.pl/wycieczka/grecja,kreta-zachodnia,agia-marina/ilianthos-village-luxury/pX3ZuuBmduk-w3UdL-RDKuAAogtiE_ySXajT6tmq6NnLYQuwAAAADQwQQA7MEEAA4AAQAqBFdFWlkwhJDR0gZImG9QQVi1AmADagtSeWFuYWlyIFN1bmoEMDA0MGoEMDExNWoEMDMzMHJBngGUAZUBmAEfAAIBHAAWBBcJEqUEE7YLQLhxS8okUABMuApPABHcwgId0ZAPIBwbk-hIDffi-AgBEmMBDmMBAg1kDZGg/ofertasv/?filter[tourOperator]=WEZY&filter%5Bperson%5D=2&filter%5BchildAge%5D%5B1%5D=20201210&filter%5Bchild%5D=1"
"Costa Konte Beach Resort Grecja, Rodos, Jennadi","14285.0","20.07.2026 - 03.08.2026","15 dni/14 nocy","","","","","","Все аэропорты","2026-07-13T02:05:55.222988+00:00","https://fly.pl/oferta/grecja-wczasy/?filter[dest]=14:&filter[hotelids]=&filter[cityids]=&filter[cregids]=&filter[ofrType]=&filter[addObjType]=&filter[whenFrom]=13-07-2026&filter[whenTo]=12-08-2026&filter[duration]=13:16&filter[from]=&filter[person]=2&filter[child]=1&filter[price]=4000:20000&filter[PriceFrom]=4000&filter[PriceTo]=20000&filter[addCategory]=40&filter[addCatering]=1&filter[addMisc]=0&filter[addTransport]=F&filter[fp]=1&order_by=ofr_price&filter[tourOperator]=0&filter[childAge][1]=20201210","https://datacfstatic.merlinx.pl/RNBW/IMG/8726/46f728e70324079c8c64aae3d4901d4e569294753781974a949593e5a02c3bc0.webp","https://fly.pl/wycieczka/grecja,rodos,jennadi/costa-konte-beach-resort-13/ptzFyLxr6MvNKFUpiVTWmMAAogAx-5n0pz7zrU-cbhFhKo4a6YNaJx7XvnYnSvVrt1_8EqBFJOQlcwhJDR0gZIzW9QQVilAWACagRCd2NEahcyOTYsMzgwLDQ3Nyw0ODMsNDg0LDQ4NXI1nwGeARUOFwBYAQoEQMQHEb88GZYbELZmUspQUwBLuDVhAA_T1T8dKyCOrZIJDQACDGMBAgtuPiKq/ofertasv/?filter[tourOperator]=RNBW&filter%5Bperson%5D=2&filter%5BchildAge%5D%5B1%5D=20201210&filter%5Bchild%5D=1"
"White Olive Premium Cameo (ex. Zante Blue Beach) Grecja, Tinos, Aghios Sostis","14357.0","21.07.2026 - 04.08.2026","15 dni/14 nocy","","3.2","3.2","119","tripadvisor","Все аэропорты","2026-07-13T02:05:55.222988+00:00","https://fly.pl/oferta/grecja-wczasy/?filter[dest]=14:&filter[hotelids]=&filter[cityids]=&filter[cregids]=&filter[ofrType]=&filter[addObjType]=&filter[whenFrom]=13-07-2026&filter[whenTo]=12-08-2026&filter[duration]=13:16&filter[from]=&filter[person]=2&filter[child]=1&filter[price]=4000:20000&filter[PriceFrom]=4000&filter[PriceTo]=20000&filter[addCategory]=40&filter[addCatering]=1&filter[addMisc]=0&filter[addTransport]=F&filter[fp]=1&order_by=ofr_price&filter[tourOperator]=0&filter[childAge][1]=20201210","https://fly.pl/cdn/photo/assets/uploads/582/278/2015/04/Zante-Blue-Beach-fly-pl.jpg","https://fly.pl/wycieczka/grecja,zakynthos,agios-sostis/turtle-beach-ex-arkadianos/p4ou6Jb1-sQL7PsMtwnX51AAogKkLFQWZykQu-KDoj3E869PHcp7HNL4SSUKE4cojSJoQqBFZJVFgwhJDR0gZIlXBQQVi9AWACckAaAFwKFQQXAFgBQI8DW72XAWGZOEsAXqcwUrpnUwBMpIg5IPjbmAkNAF2FmansqAFR0IODxXlPjKcYAgxjAQILIDJMnA/ofertasv/?filter[tourOperator]=VITX&filter%5Bperson%5D=2&filter%5BchildAge%5D%5B1%5D=20201210&filter%5Bchild%5D=1"
"Eri Beach Grecja, Kreta Wschodnia, Hersonissos","14396.0","15.07.2026 - 29.07.2026","15 dni/14 nocy","","3.1","3.1","827","tripadvisor","Все аэропорты","2026-07-13T02:05:55.222988+00:00","https://fly.pl/oferta/grecja-wczasy/?filter[dest]=14:&filter[hotelids]=&filter[cityids]=&filter[cregids]=&filter[ofrType]=&filter[addObjType]=&filter[whenFrom]=13-07-2026&filter[whenTo]=12-08-2026&filter[duration]=13:16&filter[from]=&filter[person]=2&filter[child]=1&filter[price]=4000:20000&filter[PriceFrom]=4000&filter[PriceTo]=20000&filter[addCategory]=40&filter[addCatering]=1&filter[addMisc]=0&filter[addTransport]=F&filter[fp]=1&order_by=ofr_price&filter[tourOperator]=0&filter[childAge][1]=20201210","https://datacfstatic.merlinx.pl/OREX/IMG/1150/7d70de9ab65d01cbbc05ce2f702c1170a6a16fc518842f815e419901c4c0cca5.webp","https://fly.pl/wycieczka/grecja,kreta-wschodnia,hersonissos/eri-beach-12/pGdHHuF_pmBFJIhGxWhC5NAAogWyguT32zCStNYHQsQuZ9_ZBV1cbHR-mpOAg9tq3pxt0qBE9SRVgwhJDR0gZIvHBQQVgtYAJqBkM1LjIuMWoDMDFZagMwMllyNZsBnQGPAVwKFQQXAFgBVgJAygYRowJTpacBUgBe-FJL7UNhAEzljDog_vqXCQ0AAhJjAQUKNOFXzw/ofertasv/?filter[tourOperator]=OREX&filter%5Bperson%5D=2&filter%5BchildAge%5D%5B1%5D=20201210&filter%5Bchild%5D=1"
"Eri Village Grecja, Kreta Zachodnia, Hersonissos","14396.0","15.07.2026 - 29.07.2026","15 dni/14 nocy","","","","","","Все аэропорты","2026-07-13T02:05:55.222988+00:00","https://fly.pl/oferta/grecja-wczasy/?filter[dest]=14:&filter[hotelids]=&filter[cityids]=&filter[cregids]=&filter[ofrType]=&filter[addObjType]=&filter[whenFrom]=13-07-2026&filter[whenTo]=12-08-2026&filter[duration]=13:16&filter[from]=&filter[person]=2&filter[child]=1&filter[price]=4000:20000&filter[PriceFrom]=4000&filter[PriceTo]=20000&filter[addCategory]=40&filter[addCatering]=1&filter[addMisc]=0&filter[addTransport]=F&filter[fp]=1&order_by=ofr_price&filter[tourOperator]=0&filter[childAge][1]=20201210","https://datacfstatic.merlinx.pl/OREX/IMG/7118/3727f247f3bc34f6379b2a0ce4425b14fc94fb5da75d13b39ce337407f9516d9.webp","https://fly.pl/wycieczka/grecja,kreta-zachodnia,hersonissos/eri-village-9/pOGi3WUXDK9bmMNwb46PUeAAogtmCcNeWaj1yQPwk5aAF-M5BV1cbHR-mpOAg9tq3pxt0qBE9SRVgwhJDR0gZIvHBQQVgtYAJqBkM1LjIuMWoDMDFZagMwMllyNJsBnQGPAVwKFQQXAFgBVgJAygYR8zBT1XhSAF74UkvtQ2EATOWMOiD--pcJDQACEmMBBQpefS1D/ofertasv/?filter[tourOperator]=OREX&filter%5Bperson%5D=2&filter%5BchildAge%5D%5B1%5D=20201210&filter%5Bchild%5D=1"
"Evita Bay","14406.0","17.07.2026 - 31.07.2026","15 dni/14 nocy","","3.5","3.5","398","tripadvisor","Все аэропорты","2026-07-13T02:05:55.222988+00:00","https://fly.pl/oferta/grecja-wczasy/?filter[dest]=14:&filter[hotelids]=&filter[cityids]=&filter[cregids]=&filter[ofrType]=&filter[addObjType]=&filter[whenFrom]=13-07-2026&filter[whenTo]=12-08-2026&filter[duration]=13:16&filter[from]=&filter[person]=2&filter[child]=1&filter[price]=4000:20000&filter[PriceFrom]=4000&filter[PriceTo]=20000&filter[addCategory]=40&filter[addCatering]=1&filter[addMisc]=0&filter[addTransport]=F&filter[fp]=1&order_by=ofr_price&filter[tourOperator]=0&filter[childAge][1]=20201210","https://fly.pl/cdn/photo/assets/uploads/582/278/2019/05/EVITA-BAY-HOTEL.jpg","https://fly.pl/wycieczka/grecja,rodos,faliraki/evita-bay/pR60N6-bBnriFInaI-auM2AAogaS80WLFEGzcRZ-DwL56xRIZYQ9UMPNbK-ZuWoqPV8vUqBEdSQ1MwiJDR0gZIxnBQQVhdYANyQlwKFwQVAFgBVgIdqAUPFUCNAVuWgAFLr0thAF77MFKRE1MATIXLTQG09TENiPjSCCAAUbG1oO3eAQESYwECYwECDKzxQxA/ofertasv/?filter[tourOperator]=GRCS&filter%5Bperson%5D=2&filter%5BchildAge%5D%5B1%5D=20201210&filter%5Bchild%5D=1"
"Laguna Holiday Resort","14557.0","18.07.2026 - 01.08.2026","15 dni/14 nocy","","4.2","4.2","1055","tripadvisor","Все аэропорты","2026-07-13T02:05:55.222988+00:00","https://fly.pl/oferta/grecja-wczasy/?filter[dest]=14:&filter[hotelids]=&filter[cityids]=&filter[cregids]=&filter[ofrType]=&filter[addObjType]=&filter[whenFrom]=13-07-2026&filter[whenTo]=12-08-2026&filter[duration]=13:16&filter[from]=&filter[person]=2&filter[child]=1&filter[price]=4000:20000&filter[PriceFrom]=4000&filter[PriceTo]=20000&filter[addCategory]=40&filter[addCatering]=1&filter[addMisc]=0&filter[addTransport]=F&filter[fp]=1&order_by=ofr_price&filter[tourOperator]=0&filter[childAge][1]=20201210","https://fly.pl/cdn/photo/assets/uploads/582/278/2019/09/Laguna-Holiday-Resort-fly-pl.jpg","https://fly.pl/wycieczka/grecja,korfu,agios-spyridon/laguna-holiday-resort-9/pr_wxt4r05AvoiMbbasz7fAAogaN_kg0AO1iKgbiAR3a11OK39a0oFyTZzHyswRYaaLeAqBFZJVFgwiJDR0gZI3XFQQVh1YAJyPxoAXAoVBBcAWAFAjwNT3HpSAFu7Cl7mekvJSGEATJSnOSD225gJDQBRyvX85mRP2tcgXZjikuykAQIMYwECC9TjX08/ofertasv/?filter[tourOperator]=VITX&filter%5Bperson%5D=2&filter%5BchildAge%5D%5B1%5D=20201210&filter%5Bchild%5D=1"
"Semiramis Village (Hersonissos)","14595.0","29.07.2026 - 12.08.2026","15 dni/14 nocy","","3.4","3.4","871","tripadvisor","Все аэропорты","2026-07-13T02:05:55.222988+00:00","https://fly.pl/oferta/grecja-wczasy/?filter[dest]=14:&filter[hotelids]=&filter[cityids]=&filter[cregids]=&filter[ofrType]=&filter[addObjType]=&filter[whenFrom]=13-07-2026&filter[whenTo]=12-08-2026&filter[duration]=13:16&filter[from]=&filter[person]=2&filter[child]=1&filter[price]=4000:20000&filter[PriceFrom]=4000&filter[PriceTo]=20000&filter[addCategory]=40&filter[addCatering]=1&filter[addMisc]=0&filter[addTransport]=F&filter[fp]=1&order_by=ofr_price&filter[tourOperator]=0&filter[childAge][1]=20201210","https://fly.pl/cdn/photo/assets/uploads/582/278/2014/07/Semiramis-Village.jpg","https://fly.pl/wycieczka/grecja,kreta,hersonissos/semiramis-village/pGUTAF_5FL3ICy-JaBWK_jAAogU6Lsc-IxwYI4QQ2TPGBhh_LQwRMAxDf0bRTdOqQbHT0qBEJWQkUwiJDR0gZIg3JQAVj9AmACagJBSXIhHBGtngEb8JI8GPv3EqsEl_4nuQQZAY7bxeYCAhJjAQII3jS2oQ/ofertasv/?filter[tourOperator]=BVBE&filter%5Bperson%5D=2&filter%5BchildAge%5D%5B1%5D=20201210&filter%5Bchild%5D=1"
"Blue Waters","14613.0","27.07.2026 - 10.08.2026","15 dni/14 nocy","","4.7","4.7","123","tripadvisor","Все аэропорты","2026-07-13T02:05:55.222988+00:00","https://fly.pl/oferta/grecja-wczasy/?filter[dest]=14:&filter[hotelids]=&filter[cityids]=&filter[cregids]=&filter[ofrType]=&filter[addObjType]=&filter[whenFrom]=13-07-2026&filter[whenTo]=12-08-2026&filter[duration]=13:16&filter[from]=&filter[person]=2&filter[child]=1&filter[price]=4000:20000&filter[PriceFrom]=4000&filter[PriceTo]=20000&filter[addCategory]=40&filter[addCatering]=1&filter[addMisc]=0&filter[addTransport]=F&filter[fp]=1&order_by=ofr_price&filter[tourOperator]=0&filter[childAge][1]=20201210","https://datacfstatic.merlinx.pl/GRCS/IMG/PVKBLWA/0c18870244708606c4979b111ced9f647c4d38cc794aa7dec7ce703e6ad62310.webp","https://fly.pl/wycieczka/grecja,epirus,kanali/blue-waters-14/p-7VXK9aA2O6TW9hPMoA2wAAogwQXuVdgj9AhmIqhL1mSXYB3heqSpLkmZe-871Nem3jYqBEdSQ1MwiJDR0gZIlXJQQVjNAmACagMwNjZqAzA3NnI-nQGPAVwKFQQXAFgBVgJAygZewPwBU-UCUgBLnA9hAFuqDUyqxzkByY1TIL7XxQgNAFGjuNjh0QEBEmMCAmOeasKE/ofertasv/?filter[tourOperator]=GRCS&filter%5Bperson%5D=2&filter%5BchildAge%5D%5B1%5D=20201210&filter%5Bchild%5D=1"
"Miramare Eretria","14649.0","29.07.2026 - 12.08.2026","15 dni/14 nocy","","4.4","4.4","262","tripadvisor","Все аэропорты","2026-07-13T02:05:55.222988+00:00","https://fly.pl/oferta/grecja-wczasy/?filter[dest]=14:&filter[hotelids]=&filter[cityids]=&filter[cregids]=&filter[ofrType]=&filter[addObjType]=&filter[whenFrom]=13-07-2026&filter[whenTo]=12-08-2026&filter[duration]=13:16&filter[from]=&filter[person]=2&filter[child]=1&filter[price]=4000:20000&filter[PriceFrom]=4000&filter[PriceTo]=20000&filter[addCategory]=40&filter[addCatering]=1&filter[addMisc]=0&filter[addTransport]=F&filter[fp]=1&order_by=ofr_price&filter[tourOperator]=0&filter[childAge][1]=20201210","https://fly.pl/cdn/photo/assets/uploads/582/278/2015/10/Hotel-Miramare-Eretria.jpg","https://fly.pl/wycieczka/grecja,evia,eretria/miramare-eretria/p8K91jRho7H6ZUuOEuNYTgAAog_nEPKVLWypZ_rG6mm2T6jvZm49aIDIpL9e6TN7x-coQqBEdSQ1MwiJDR0gZIuXJQQVj9AmADcj5cChcEFQBYAVYCHa4GDwtAEVLqZlMAW6wZXqp8S3hhAEzd5TkB35xLDarIzQggAFH9i6fUVwESYwECYwECBpaZgSk/ofertasv/?filter[tourOperator]=GRCS&filter%5Bperson%5D=2&filter%5BchildAge%5D%5B1%5D=20201210&filter%5Bchild%5D=1"
"Chrousso Village","14674.0","18.07.2026 - 01.08.2026","15 dni/14 nocy","","4.0","4.0","642","tripadvisor","Все аэропорты","2026-07-13T02:05:55.222988+00:00","https://fly.pl/oferta/grecja-wczasy/?filter[dest]=14:&filter[hotelids]=&filter[cityids]=&filter[cregids]=&filter[ofrType]=&filter[addObjType]=&filter[whenFrom]=13-07-2026&filter[whenTo]=12-08-2026&filter[duration]=13:16&filter[from]=&filter[person]=2&filter[child]=1&filter[price]=4000:20000&filter[PriceFrom]=4000&filter[PriceTo]=20000&filter[addCategory]=40&filter[addCatering]=1&filter[addMisc]=0&filter[addTransport]=F&filter[fp]=1&order_by=ofr_price&filter[tourOperator]=0&filter[childAge][1]=20201210","https://fly.pl/cdn/photo/assets/uploads/582/278/2015/06/Chrousso-Village.jpg","https://fly.pl/wycieczka/grecja,chalkidiki,paliouri/chrousso-village-2/pabPISUc4MpPrTU_V3e0poAAogm6LXvzl7c0C-i6SAJT1f7bnHuRAzQ3yZ_UKLZdl1bLEqBEdSQ1MwiJDR0gZI0nJQQVh1YAJyPVwKFwQVAFgBVgIdYw8MQNsFW4SAAV68fEt4YQBSjR1TAEyRwE0B3uw0Dd-A0AggAFGGu6HL5wEBEmMCAmMy6fbw/ofertasv/?filter[tourOperator]=GRCS&filter%5Bperson%5D=2&filter%5BchildAge%5D%5B1%5D=20201210&filter%5Bchild%5D=1"
"Ninos Grand Beach Resort (ex. Preveza Beach)","14693.0","20.07.2026 - 03.08.2026","16 dni/14 nocy","","3.0","3.0","187","tripadvisor","Все аэропорты","2026-07-13T02:05:55.222988+00:00","https://fly.pl/oferta/grecja-wczasy/?filter[dest]=14:&filter[hotelids]=&filter[cityids]=&filter[cregids]=&filter[ofrType]=&filter[addObjType]=&filter[whenFrom]=13-07-2026&filter[whenTo]=12-08-2026&filter[duration]=13:16&filter[from]=&filter[person]=2&filter[child]=1&filter[price]=4000:20000&filter[PriceFrom]=4000&filter[PriceTo]=20000&filter[addCategory]=40&filter[addCatering]=1&filter[addMisc]=0&filter[addTransport]=F&filter[fp]=1&order_by=ofr_price&filter[tourOperator]=0&filter[childAge][1]=20201210","https://fly.pl/cdn/photo/assets/uploads/582/278/2015/10/Preveza-Beach.jpg","https://fly.pl/wycieczka/grecja,epirus,kanali-preveza/preveza-beach/pj7bnM0gYmKhyW5K03-0iNAAogd7oKX08qqVgaTLAiEYCN3sq21IQJIX4gxu-SYhgKpaUqBEdSQ1MwiJDR0gZI5XJQQVilAWADckNcChUEFwBYAVYCD8UBHcMBQMIDW7GXAUvoNGEAXqcwUuUCUwBMsdtNAZWIPw2q5cUIIABR2o3n4dEBARJjAQJjAQILlQtb2Q/ofertasv/?filter[tourOperator]=GRCS&filter%5Bperson%5D=2&filter%5BchildAge%5D%5B1%5D=20201210&filter%5Bchild%5D=1"
"City Green (Hersonissos)","14772.0","19.07.2026 - 02.08.2026","15 dni/14 nocy","","4.0","4.0","839","tripadvisor","Все аэропорты","2026-07-13T02:05:55.222988+00:00","https://fly.pl/oferta/grecja-wczasy/?filter[dest]=14:&filter[hotelids]=&filter[cityids]=&filter[cregids]=&filter[ofrType]=&filter[addObjType]=&filter[whenFrom]=13-07-2026&filter[whenTo]=12-08-2026&filter[duration]=13:16&filter[from]=&filter[person]=2&filter[child]=1&filter[price]=4000:20000&filter[PriceFrom]=4000&filter[PriceTo]=20000&filter[addCategory]=40&filter[addCatering]=1&filter[addMisc]=0&filter[addTransport]=F&filter[fp]=1&order_by=ofr_price&filter[tourOperator]=0&filter[childAge][1]=20201210","https://fly.pl/cdn/photo/assets/uploads/582/278/2018/04/City-Green-Hersonissos-fly-pl.jpg","https://fly.pl/wycieczka/grecja,kreta,hersonissos/city-green-hersonissos-grecja-kreta-grecja/pA5hWYvWQu0SS3iC1H652qAAogn95jiChIfarfWf1J66TvTsD6SsWc96BL1TYwAmLtH-cqBEdSQ1MwiJDR0gZItHNQQViNAWACcj5cChcEFQBYAVYCHbQFDxNAgwFbgoABUsYpUwBe-FJLeGEATJ3dTQG-wzgNgarMCCAAUYyIs42NAQESYwICY_eZnfI/ofertasv/?filter[tourOperator]=GRCS&filter%5Bperson%5D=2&filter%5BchildAge%5D%5B1%5D=20201210&filter%5Bchild%5D=1"
"Apollo I & II (Georgioupolis)","14786.0","23.07.2026 - 05.08.2026","14 dni/13 nocy","","3.3","3.3","165","tripadvisor","Все аэропорты","2026-07-13T02:05:55.222988+00:00","https://fly.pl/oferta/grecja-wczasy/?filter[dest]=14:&filter[hotelids]=&filter[cityids]=&filter[cregids]=&filter[ofrType]=&filter[addObjType]=&filter[whenFrom]=13-07-2026&filter[whenTo]=12-08-2026&filter[duration]=13:16&filter[from]=&filter[person]=2&filter[child]=1&filter[price]=4000:20000&filter[PriceFrom]=4000&filter[PriceTo]=20000&filter[addCategory]=40&filter[addCatering]=1&filter[addMisc]=0&filter[addTransport]=F&filter[fp]=1&order_by=ofr_price&filter[tourOperator]=0&filter[childAge][1]=20201210","https://fly.pl/cdn/photo/assets/uploads/582/278/2014/07/Apollo-I-II-Georgioupolis.jpg","https://fly.pl/wycieczka/grecja,kreta-zachodnia,georgioupolis/apollo-georgioupolis/p9Q1Vth4BG67fqJjz_hY6fAAogVT2GnYDbTKvnWaf5M0BgAs2j_c9pOFw2C_572PiO0kkqBEJWQkUwiJDR0gZIwnNQAVjtAWACagJBSXIjHBGlswEb0Z8_GNrTFKsE0oAjuQTE-wEBsfDqvAMCEmMBAgysuUCJ/ofertasv/?filter[tourOperator]=BVBE&filter%5Bperson%5D=2&filter%5BchildAge%5D%5B1%5D=20201210&filter%5Bchild%5D=1"
"Valis Resort","14795.0","29.07.2026 - 12.08.2026","15 dni/14 nocy","","","","","","Все аэропорты","2026-07-13T02:05:55.222988+00:00","https://fly.pl/oferta/grecja-wczasy/?filter[dest]=14:&filter[hotelids]=&filter[cityids]=&filter[cregids]=&filter[ofrType]=&filter[addObjType]=&filter[whenFrom]=13-07-2026&filter[whenTo]=12-08-2026&filter[duration]=13:16&filter[from]=&filter[person]=2&filter[child]=1&filter[price]=4000:20000&filter[PriceFrom]=4000&filter[PriceTo]=20000&filter[addCategory]=40&filter[addCatering]=1&filter[addMisc]=0&filter[addTransport]=F&filter[fp]=1&order_by=ofr_price&filter[tourOperator]=0&filter[childAge][1]=20201210","https://datacfstatic.merlinx.pl/RNBW/IMG/8759/2b8ed3b6f4e85c2410458d2a2f682b00a2214b389f8ea62aef38cc3a24cd772b.webp","https://fly.pl/wycieczka/grecja,tesalia,agria/valis-resort-12/pUTiuf3Bqo2TIyREQwhgTpAAogpS077TX5QlnFDvhm8_-NDSdMdcZ51wsFdXpS2dY2YXgqBFJOQlcwiJDR0gZIy3NQQVj9AmACagRCd2NEahcyOTYsMzgwLDQ3Nyw0ODMsNDg0LDQ4NXI1nwGeARUOFwBYAQoEQMQHEeA8Gc8bEOtmYYMMSwBS8W1TAB3NkEEPKSCe_ZAJDQACDGMBAgv6vaUd/ofertasv/?filter[tourOperator]=RNBW&filter%5Bperson%5D=2&filter%5BchildAge%5D%5B1%5D=20201210&filter%5Bchild%5D=1"
"Marilena (Ammoudara)","14738.0","27.07.2026 - 10.08.2026","15 dni/14 nocy","","3.4","3.4","779","tripadvisor","Все аэропорты","2026-07-13T02:05:55.222988+00:00","https://fly.pl/oferta/grecja-wczasy/?filter[dest]=14:&filter[hotelids]=&filter[cityids]=&filter[cregids]=&filter[ofrType]=&filter[addObjType]=&filter[whenFrom]=13-07-2026&filter[whenTo]=12-08-2026&filter[duration]=13:16&filter[from]=&filter[person]=2&filter[child]=1&filter[price]=4000:20000&filter[PriceFrom]=4000&filter[PriceTo]=20000&filter[addCategory]=40&filter[addCatering]=1&filter[addMisc]=0&filter[addTransport]=F&filter[fp]=1&order_by=ofr_price&filter[tourOperator]=0&filter[childAge][1]=20201210","https://fly.pl/cdn/photo/assets/uploads/582/278/2009/07/Marilena-Ammoudara2340.jpg","https://fly.pl/wycieczka/grecja,kreta-wschodnia,ammoudara/marilena-ammoudara/XTOPdd86aeX_wYAAHNOYVBwWQGzAQDxUjviCpABCgYIwacQEAESBgi54BMQARp-TVBVVzJHRjIzTjFWNkpNVzVLSUdTOUdCMVBESFJTTEM5QUVXS1RMSkNIVTA2SkE0WDREOVBLNFlTODVEVjRDVEs4OTJHVjg5UE9PMzBJQlFLQTc0Tk1UMzRKNk5NUlAwWENLWERGT0xIVlI4UFZEUVZPT0FXQVgyQ0xNSEM3CoEBCgYIjOcMEAISBgiY5UIQARpvTzU0NTQ0ZDUzMmY0MTRkNTQ1MzQ3NTIzMDQ3NTA1NzJmNTI0ZDUzNTAzMDMwMzAzMDMwMzAyZjQxNDkyZjMxMzQyZjMyMzAzMjM2MzAzNzMyMzcyZjMwMzEzMjMzMzQzNTM2MzczODM5MzAzMTMyCiIKBgiAlgEQARIGCIC3ARABGhBEU1JULTk3LVRSQU5TRkVSCh8KBQjMOhABEgUI80YQARoPRFNSTS05Ny0ycjIyNjcyCiAKBQjAPhABEgUI0EsQARoQRFNSTS05Ny01MHIyMjY3MwohCgUI8lcQARIFCJ1rEAEaEURTUlUtOTctVWJlemJhc2ljGGEoMTIGCLH6WRABOAM/ofertasv/?filter[tourOperator]=XTOP&filter%5Bperson%5D=2&filter%5BchildAge%5D%5B1%5D=20201210&filter%5Bchild%5D=1"
"All Senses Nautica Blue Exclusive Resort & Spa (ex Aegean Breeze)","14820.0","24.07.2026 - 07.08.2026","15 dni/14 nocy","","3.7","3.7","1455","tripadvisor","Все аэропорты","2026-07-13T02:05:55.222988+00:00","https://fly.pl/oferta/grecja-wczasy/?filter[dest]=14:&filter[hotelids]=&filter[cityids]=&filter[cregids]=&filter[ofrType]=&filter[addObjType]=&filter[whenFrom]=13-07-2026&filter[whenTo]=12-08-2026&filter[duration]=13:16&filter[from]=&filter[person]=2&filter[child]=1&filter[price]=4000:20000&filter[PriceFrom]=4000&filter[PriceTo]=20000&filter[addCategory]=40&filter[addCatering]=1&filter[addMisc]=0&filter[addTransport]=F&filter[fp]=1&order_by=ofr_price&filter[tourOperator]=0&filter[childAge][1]=20201210","https://fly.pl/cdn/photo/assets/uploads/582/278/2014/11/Aegean-Breeze-Resort-ex-Medblue-Fanes-fly-pl.jpg","https://fly.pl/wycieczka/grecja,rodos,fanes/medblue-fanes-ex-nautica-blue/p-9J3Kb1aocS_ftKJeBZFfAAogBoE7Spt6Y_2QGpN3xua9ygAAAADmfwQAAoAEAA4AAQAqBFdFWlkwiJDR0gZI5HNQQViFAmADaglFbnRlciBBaXJqBDA1MTBqBDA5MjByQZ4BkwGUAR8AAgEcABYEFwkSzwQV6ggY0gFAiHIR8UJL4g5QAEy4Q08AG-G0AR3ZtA4gHA3yzsIJARJjAQ5jAQINpU1l7g/ofertasv/?filter[tourOperator]=WEZY&filter%5Bperson%5D=2&filter%5BchildAge%5D%5B1%5D=20201210&filter%5Bchild%5D=1"
"Castro Beach","14857.0","19.07.2026 - 02.08.2026","15 dni/14 nocy","","3.6","3.6","72","tripadvisor","Все аэропорты","2026-07-13T02:05:55.222988+00:00","https://fly.pl/oferta/grecja-wczasy/?filter[dest]=14:&filter[hotelids]=&filter[cityids]=&filter[cregids]=&filter[ofrType]=&filter[addObjType]=&filter[whenFrom]=13-07-2026&filter[whenTo]=12-08-2026&filter[duration]=13:16&filter[from]=&filter[person]=2&filter[child]=1&filter[price]=4000:20000&filter[PriceFrom]=4000&filter[PriceTo]=20000&filter[addCategory]=40&filter[addCatering]=1&filter[addMisc]=0&filter[addTransport]=F&filter[fp]=1&order_by=ofr_price&filter[tourOperator]=0&filter[childAge][1]=20201210","https://fly.pl/cdn/photo/assets/uploads/582/278/2017/01/Castro-Beach.jpg","https://fly.pl/wycieczka/grecja,kreta,maleme/castro-beach/pWZukB2ZB-17gbI1KYQr9jAAogCSIoXyiQWnAf_nlHhmAR4CCsEhkRlR7KT0NX-saSp4EqBFZJVFgwiJDR0gZIiXRQQViNAWACcj4aAFwKFQQXAFgBQI8DU6B7UgBe3YQBS3hhAFvEH0y9zzkg29uYCQ0AUb6wnp1lT4GSJl2Mnq6GawIMYwECCyhnaRE/ofertasv/?filter[tourOperator]=VITX&filter%5Bperson%5D=2&filter%5BchildAge%5D%5B1%5D=20201210&filter%5Bchild%5D=1"
"Majestic & Spa","14908.0","27.07.2026 - 10.08.2026","15 dni/14 nocy","","3.3","3.3","966","tripadvisor","Все аэропорты","2026-07-13T02:05:55.222988+00:00","https://fly.pl/oferta/grecja-wczasy/?filter[dest]=14:&filter[hotelids]=&filter[cityids]=&filter[cregids]=&filter[ofrType]=&filter[addObjType]=&filter[whenFrom]=13-07-2026&filter[whenTo]=12-08-2026&filter[duration]=13:16&filter[from]=&filter[person]=2&filter[child]=1&filter[price]=4000:20000&filter[PriceFrom]=4000&filter[PriceTo]=20000&filter[addCategory]=40&filter[addCatering]=1&filter[addMisc]=0&filter[addTransport]=F&filter[fp]=1&order_by=ofr_price&filter[tourOperator]=0&filter[childAge][1]=20201210","https://fly.pl/cdn/photo/assets/uploads/582/278/2010/06/Majestic-Spa2413.jpg","https://fly.pl/wycieczka/grecja,zakynthos,laganas/majestic-spa/p76K8DTZxcaq1G-8vtQWonAAoghqXv7PqtjPsfcNNcbD7gGBKGyGjSfefOUL310OL3C-EqBEJWQkUwiJDR0gZIvHRQAVjNAmACagJBSXIgHBHdfRuT8DwY0_wQuQTD0iqrBAMBhdrn0AICAGMBAgUzIW6n/ofertasv/?filter[tourOperator]=BVBE&filter%5Bperson%5D=2&filter%5BchildAge%5D%5B1%5D=20201210&filter%5Bchild%5D=1"
"Sunbay","14918.0","27.07.2026 - 10.08.2026","15 dni/14 nocy","","2.6","2.6","25","tripadvisor","Все аэропорты","2026-07-13T02:05:55.222988+00:00","https://fly.pl/oferta/grecja-wczasy/?filter[dest]=14:&filter[hotelids]=&filter[cityids]=&filter[cregids]=&filter[ofrType]=&filter[addObjType]=&filter[whenFrom]=13-07-2026&filter[whenTo]=12-08-2026&filter[duration]=13:16&filter[from]=&filter[person]=2&filter[child]=1&filter[price]=4000:20000&filter[PriceFrom]=4000&filter[PriceTo]=20000&filter[addCategory]=40&filter[addCatering]=1&filter[addMisc]=0&filter[addTransport]=F&filter[fp]=1&order_by=ofr_price&filter[tourOperator]=0&filter[childAge][1]=20201210","https://fly.pl/cdn/photo/assets/uploads/582/278/2022/02/Sunbay-fly-pl.jpg","https://fly.pl/wycieczka/grecja,kreta,hersonissos/sunbay-15/XTOPf9d346X_wYAAHNOYVBwWQG0AQAYlr1bCpABCgYIwacQEAESBgi54BMQARp-TVBVVzJHRjIzTjFWNkpNVzVLSUdTOUdCMVBESFJTTEM5QUVXS1RMSkNIVTA2SkE0WDREOVBLNFlTODVEVjRDVEs4OTJHVjg5UE9PMzBJQlFLQTc0Tk1UMzRKNk5NUlAwWENLWERGT0xIVlI4UFZEUVZPT0FXQVgyQ0xNSEM3CoEBCgYI0P0MEAISBgja2kMQARpvTzU0NTQ0ZDUzMmY0MTQ3NTI0ODQ1NTI0NzM0NGQzNjJmNTI0ZDUzNDQ0NDU0NDc1NjMwMzAyZjQxNDkyZjMxMzQyZjMyMzAzMjM2MzAzNzMyMzcyZjMwMzEzMjMzMzQzNTM2MzczODM5MzAzMTMyCiMKBgjgqAEQARIGCPDNARABGhFEU1JULTk3LVRSQU5TRkVSMQofCgUIzDoQARIFCPNGEAEaD0RTUk0tOTctMnIyMjY3MgogCgUIwD4QARIFCNBLEAEaEERTUk0tOTctNTByMjI2NzMKIQoFCPJXEAESBQidaxABGhFEU1JVLTk3LVViZXpiYXNpYxhhKDEyBgjjhlsQATgD/ofertasv/?filter[tourOperator]=XTOP&filter%5Bperson%5D=2&filter%5BchildAge%5D%5B1%5D=20201210&filter%5Bchild%5D=1"
"Rodos Palace","14997.0","17.07.2026 - 31.07.2026","15 dni/14 nocy","","3.4","3.4","5650","tripadvisor","Все аэропорты","2026-07-13T02:05:55.222988+00:00","https://fly.pl/oferta/grecja-wczasy/?filter[dest]=14:&filter[hotelids]=&filter[cityids]=&filter[cregids]=&filter[ofrType]=&filter[addObjType]=&filter[whenFrom]=13-07-2026&filter[whenTo]=12-08-2026&filter[duration]=13:16&filter[from]=&filter[person]=2&filter[child]=1&filter[price]=4000:20000&filter[PriceFrom]=4000&filter[PriceTo]=20000&filter[addCategory]=40&filter[addCatering]=1&filter[addMisc]=0&filter[addTransport]=F&filter[fp]=1&order_by=ofr_price&filter[tourOperator]=0&filter[childAge][1]=20201210","https://fly.pl/cdn/photo/assets/uploads/582/278/2014/07/Rodos-Palace.jpg","https://fly.pl/wycieczka/grecja,rodos,ixia/rodos-palace/p329_2xo-yL7f8XG8Rjhq1AAogBHkFNlKJ3LAjw1xMQoXvp0oRqjQoSS9qtHwHGJ-TRo0qBFZJVFgwiJDR0gZIlXVQQVhdYAJyPxoAXAoVBBcAWAFAjwNboZMBXtxsUpETUwBL_gRhAEzr1zkN2NuYCSAAUb_xxO3eAU-9b13IyPv-AwIMYwECC_TDtqo/ofertasv/?filter[tourOperator]=VITX&filter%5Bperson%5D=2&filter%5BchildAge%5D%5B1%5D=20201210&filter%5Bchild%5D=1"
"Solimar Ruby & Ruby Royal","15057.0","29.07.2026 - 12.08.2026","15 dni/14 nocy","","","","","","Все аэропорты","2026-07-13T02:05:55.222988+00:00","https://fly.pl/oferta/grecja-wczasy/?filter[dest]=14:&filter[hotelids]=&filter[cityids]=&filter[cregids]=&filter[ofrType]=&filter[addObjType]=&filter[whenFrom]=13-07-2026&filter[whenTo]=12-08-2026&filter[duration]=13:16&filter[from]=&filter[person]=2&filter[child]=1&filter[price]=4000:20000&filter[PriceFrom]=4000&filter[PriceTo]=20000&filter[addCategory]=40&filter[addCatering]=1&filter[addMisc]=0&filter[addTransport]=F&filter[fp]=1&order_by=ofr_price&filter[tourOperator]=0&filter[childAge][1]=20201210","https://datacfstatic.merlinx.pl/ITAK/IMG/HERRUBY/4481a1fa9e627f2a20f2a46c350003ee6144a13ff15f44b71c30346e06b89bef.webp","https://fly.pl/wycieczka/grecja,kreta-wschodnia,malia/solimar-ruby-ruby-royal-13/p-9SlnOmdp4YVl9NFoOGJ0AAogoFfR8M6py2TaG9S3RO7BaDoLSiw4Dud4wbBzEmeOpBMqBFZJVFgwiJDR0gZI0XVQQVj9AmACckAaAFwKFQQXAFgBQI8DW5eFAVPuJ1IAYf0hSwBe-zBM3u85IIDcmAkNAE-JyMqNjQFRzJMUXaDf8pobAgxjAQIL2OixpA/ofertasv/?filter[tourOperator]=VITX&filter%5Bperson%5D=2&filter%5BchildAge%5D%5B1%5D=20201210&filter%5Bchild%5D=1"
"Elpida (Istron)","15057.0","26.07.2026 - 09.08.2026","15 dni/14 nocy","","3.8","3.8","412","tripadvisor","Все аэропорты","2026-07-13T02:05:55.222988+00:00","https://fly.pl/oferta/grecja-wczasy/?filter[dest]=14:&filter[hotelids]=&filter[cityids]=&filter[cregids]=&filter[ofrType]=&filter[addObjType]=&filter[whenFrom]=13-07-2026&filter[whenTo]=12-08-2026&filter[duration]=13:16&filter[from]=&filter[person]=2&filter[child]=1&filter[price]=4000:20000&filter[PriceFrom]=4000&filter[PriceTo]=20000&filter[addCategory]=40&filter[addCatering]=1&filter[addMisc]=0&filter[addTransport]=F&filter[fp]=1&order_by=ofr_price&filter[tourOperator]=0&filter[childAge][1]=20201210","https://fly.pl/cdn/photo/assets/uploads/582/278/2014/07/Elpida-Istron-fly-pl.jpg","https://fly.pl/wycieczka/grecja,kreta-wschodnia,istron/elpida/pfXg_Zj2KAecglocHmF_7vAAogGpdnsLkOjT_6nGWAGNz6NfPtMLxcqjH4bqy_ygyAkS4qBFZJVFgwiJDR0gZI0XVQQVi1AmACckAaAFwKFQQXAFgBQI8DU4WtAVIAXvhSW-AgS40jYQBM8as5Df3bmAkgAVHvgbmNjQFPu7MyXczV8-F4AgxjAQILuSHuKw/ofertasv/?filter[tourOperator]=VITX&filter%5Bperson%5D=2&filter%5BchildAge%5D%5B1%5D=20201210&filter%5Bchild%5D=1"
"Elounda Residence Resort & Waterpark","15166.0","19.07.2026 - 02.08.2026","15 dni/14 nocy","","4.3","4.3","143","tripadvisor","Все аэропорты","2026-07-13T02:05:55.222988+00:00","https://fly.pl/oferta/grecja-wczasy/?filter[dest]=14:&filter[hotelids]=&filter[cityids]=&filter[cregids]=&filter[ofrType]=&filter[addObjType]=&filter[whenFrom]=13-07-2026&filter[whenTo]=12-08-2026&filter[duration]=13:16&filter[from]=&filter[person]=2&filter[child]=1&filter[price]=4000:20000&filter[PriceFrom]=4000&filter[PriceTo]=20000&filter[addCategory]=40&filter[addCatering]=1&filter[addMisc]=0&filter[addTransport]=F&filter[fp]=1&order_by=ofr_price&filter[tourOperator]=0&filter[childAge][1]=20201210","https://fly.pl/cdn/photo/assets/uploads/582/278/2015/02/Elounda-Water-Park-Residence-fly-pl.jpg","https://fly.pl/wycieczka/grecja,kreta-wschodnia,elounda/elounda-residence/pabwo1n3O9gt4keoDJtWdHAAogLiqv-5kt3Bui0SPuD8ukucD6SsWc96BL1TYwAmLtH-cqBEdSQ1MwiJDR0gZIvnZQQViNAWADckFcChcEFQBYAVYCHbQFDxNAgwFbmoABUq4pUwBe-FJLeGEATJ3dTQGZxTgNpqjMCCAAUeuDuY2NAQESYwECYwEDC11iC-8/ofertasv/?filter[tourOperator]=GRCS&filter%5Bperson%5D=2&filter%5BchildAge%5D%5B1%5D=20201210&filter%5Bchild%5D=1"
"Cathrin (Faliraki)","15189.0","20.07.2026 - 03.08.2026","16 dni/14 nocy","","3.7","3.7","824","tripadvisor","Все аэропорты","2026-07-13T02:05:55.222988+00:00","https://fly.pl/oferta/grecja-wczasy/?filter[dest]=14:&filter[hotelids]=&filter[cityids]=&filter[cregids]=&filter[ofrType]=&filter[addObjType]=&filter[whenFrom]=13-07-2026&filter[whenTo]=12-08-2026&filter[duration]=13:16&filter[from]=&filter[person]=2&filter[child]=1&filter[price]=4000:20000&filter[PriceFrom]=4000&filter[PriceTo]=20000&filter[addCategory]=40&filter[addCatering]=1&filter[addMisc]=0&filter[addTransport]=F&filter[fp]=1&order_by=ofr_price&filter[tourOperator]=0&filter[childAge][1]=20201210","https://fly.pl/cdn/photo/assets/uploads/582/278/2015/04/Cathrin-Hotel.jpg","https://fly.pl/wycieczka/grecja,rodos,faliraki/cathrin-ladiko/pTdpeOTRJmvPk7s8BZzY36AAogIDdRwhehjHSXF2qykbe8CLMY9ys_84uy04_nnjEOSCIqBFJOQlcwiJDR0gZI1XZQQVilAWACagRCd2NEahcyOTYsMzgwLDQ3Nyw0ODMsNDg0LDQ4NWoPNDA0LDQwNyw0MDgsNTIxcjefAZ4BnAEVDlgBFwAKBEDEBxHQMRmFJhDGNGGCP0sAUrhDUwAPq41AHSsg7qqSCQ0AAgxjAQILw47ZGw/ofertasv/?filter[tourOperator]=RNBW&filter%5Bperson%5D=2&filter%5BchildAge%5D%5B1%5D=20201210&filter%5Bchild%5D=1"
"Akrathos Beach","15195.0","15.07.2026 - 29.07.2026","15 dni/14 nocy","","4.3","4.3","628","tripadvisor","Все аэропорты","2026-07-13T02:05:55.222988+00:00","https://fly.pl/oferta/grecja-wczasy/?filter[dest]=14:&filter[hotelids]=&filter[cityids]=&filter[cregids]=&filter[ofrType]=&filter[addObjType]=&filter[whenFrom]=13-07-2026&filter[whenTo]=12-08-2026&filter[duration]=13:16&filter[from]=&filter[person]=2&filter[child]=1&filter[price]=4000:20000&filter[PriceFrom]=4000&filter[PriceTo]=20000&filter[addCategory]=40&filter[addCatering]=1&filter[addMisc]=0&filter[addTransport]=F&filter[fp]=1&order_by=ofr_price&filter[tourOperator]=0&filter[childAge][1]=20201210","https://fly.pl/cdn/photo/assets/uploads/582/278/2014/09/Akrathos-Beach.jpg","https://fly.pl/wycieczka/grecja,chalkidiki,ouranopolis/akrathos/pIYr6GdqvcvwsIhfXYbJQvAAog0ZV4uEcemadyf8DuUDHuK1GoARbpzJmqd1Cgrjv1Z9MqBFJOQlcwiJDR0gZI23ZQQVgtYAJqBEJ3Y0RqFzI5NiwzODAsNDc3LDQ4Myw0ODQsNDg1cjafAZ4BFQ4XAFgBCgRAxAcRuh0Q8B8ZnBphzkZLAFK1e1MAHZT2QA_mAyDRs5EJDQACDGMBAgs-nLnY/ofertasv/?filter[tourOperator]=RNBW&filter%5Bperson%5D=2&filter%5BchildAge%5D%5B1%5D=20201210&filter%5Bchild%5D=1"
"Samian Blue Hydrele Beach","15197.0","22.07.2026 - 05.08.2026","15 dni/14 nocy","","3.5","3.5","244","tripadvisor","Все аэропорты","2026-07-13T02:05:55.222988+00:00","https://fly.pl/oferta/grecja-wczasy/?filter[dest]=14:&filter[hotelids]=&filter[cityids]=&filter[cregids]=&filter[ofrType]=&filter[addObjType]=&filter[whenFrom]=13-07-2026&filter[whenTo]=12-08-2026&filter[duration]=13:16&filter[from]=&filter[person]=2&filter[child]=1&filter[price]=4000:20000&filter[PriceFrom]=4000&filter[PriceTo]=20000&filter[addCategory]=40&filter[addCatering]=1&filter[addMisc]=0&filter[addTransport]=F&filter[fp]=1&order_by=ofr_price&filter[tourOperator]=0&filter[childAge][1]=20201210","https://datacfstatic.merlinx.pl/ITAK/IMG/SMIHYDR/5c59dc7a262f47a65e7adbd6f3bd0a6737cdfe8c5aaa624c026baea5bc925844.webp","https://fly.pl/wycieczka/grecja,samos,pitagorio/hydrele-beach-12/pgg7nGk1X6zZZH4jAmzg4xAAogdn1JHn_tRU8ZL7PNnZKGAONqfOVpKoFa4DDHBA2uBn0qBFZJVFgwiJDR0gZI3XZQQVjVAWACckAaAFwKFQQXAFgBQI8DW7-DAV6-fFLPHlMAS54lYQBMjaw5Dd3bmAkgAFHdldOG6AFP0u0oXcj_gukdAgxjAQILirMjiA/ofertasv/?filter[tourOperator]=VITX&filter%5Bperson%5D=2&filter%5BchildAge%5D%5B1%5D=20201210&filter%5Bchild%5D=1"
"Diogenis Blue Palace","15202.0","26.07.2026 - 10.08.2026","16 dni/14 nocy","","4.2","4.2","1407","tripadvisor","Все аэропорты","2026-07-13T02:05:55.222988+00:00","https://fly.pl/oferta/grecja-wczasy/?filter[dest]=14:&filter[hotelids]=&filter[cityids]=&filter[cregids]=&filter[ofrType]=&filter[addObjType]=&filter[whenFrom]=13-07-2026&filter[whenTo]=12-08-2026&filter[duration]=13:16&filter[from]=&filter[person]=2&filter[child]=1&filter[price]=4000:20000&filter[PriceFrom]=4000&filter[PriceTo]=20000&filter[addCategory]=40&filter[addCatering]=1&filter[addMisc]=0&filter[addTransport]=F&filter[fp]=1&order_by=ofr_price&filter[tourOperator]=0&filter[childAge][1]=20201210","https://fly.pl/cdn/photo/assets/uploads/582/278/2015/04/Diogenis-Palace.jpg","https://fly.pl/wycieczka/grecja,kreta-wschodnia,kato-gouves/diogenis-palace/pd6qKtLZZE8atflg-0_2C2AAogSyDnmQHKu2Q7uq0rnr8QiAAAAADQwQQA7MEEAA4AAQAqBFdFWlkwiJDR0gZI4nZQQVi1AmADagtSeWFuYWlyIFN1bmoEMDA0MGoEMDExNWoEMDMzMHJAngGUAZUBmAEfABwBAgAWBBcJEqUEE7YLEbRBQIQwS8okUABMuApPABu-jw4d78MDIBwNisvBCQESYwEMYwECCw3AL1M/ofertasv/?filter[tourOperator]=WEZY&filter%5Bperson%5D=2&filter%5BchildAge%5D%5B1%5D=20201210&filter%5Bchild%5D=1"
"Golden Alexandros (Perama)","15222.0","25.07.2026 - 08.08.2026","15 dni/14 nocy","","3.2","3.2","1286","tripadvisor","Все аэропорты","2026-07-13T02:05:55.222988+00:00","https://fly.pl/oferta/grecja-wczasy/?filter[dest]=14:&filter[hotelids]=&filter[cityids]=&filter[cregids]=&filter[ofrType]=&filter[addObjType]=&filter[whenFrom]=13-07-2026&filter[whenTo]=12-08-2026&filter[duration]=13:16&filter[from]=&filter[person]=2&filter[child]=1&filter[price]=4000:20000&filter[PriceFrom]=4000&filter[PriceTo]=20000&filter[addCategory]=40&filter[addCatering]=1&filter[addMisc]=0&filter[addTransport]=F&filter[fp]=1&order_by=ofr_price&filter[tourOperator]=0&filter[childAge][1]=20201210","https://fly.pl/cdn/photo/assets/uploads/582/278/2016/11/Alexandros-Perama-fly-pl.jpg","https://fly.pl/wycieczka/grecja,korfu,perama/alexandros-perama/pq3OYkGGeNVcpNUj5Z17jvAAogS-RJ26xaJ4AqOPIY9SbfpRAsy1T6jobaLK4ol9Ta46oqBFJOQlcwiJDR0gZI9nZQQVidAmACagRCd2NEahcyOTYsMzgwLDQ3Nyw0ODMsNDg0LDQ4NXI1nwGeARUOFwBYAQoEQMQHEbElEPIxGTdSyR5TAEuZhgFhAB25o0EPTiDbppEJDQACDGMBAgtxz9hA/ofertasv/?filter[tourOperator]=RNBW&filter%5Bperson%5D=2&filter%5BchildAge%5D%5B1%5D=20201210&filter%5Bchild%5D=1"
"Aegean View by Azul","15270.0","15.07.2026 - 30.07.2026","16 dni/14 nocy","","","","","","Все аэропорты","2026-07-13T02:05:55.222988+00:00","https://fly.pl/oferta/grecja-wczasy/?filter[dest]=14:&filter[hotelids]=&filter[cityids]=&filter[cregids]=&filter[ofrType]=&filter[addObjType]=&filter[whenFrom]=13-07-2026&filter[whenTo]=12-08-2026&filter[duration]=13:16&filter[from]=&filter[person]=2&filter[child]=1&filter[price]=4000:20000&filter[PriceFrom]=4000&filter[PriceTo]=20000&filter[addCategory]=40&filter[addCatering]=1&filter[addMisc]=0&filter[addTransport]=F&filter[fp]=1&order_by=ofr_price&filter[tourOperator]=0&filter[childAge][1]=20201210","https://datacfstatic.merlinx.pl/GRCS/IMG/CHQAEVI/b53366231a853f57040dfa4d51ead0b6d4d4743563ee3a9a97c94630f6dd8360.webp","https://fly.pl/wycieczka/grecja,kreta-zachodnia,sfakaki/aegean-view-by-azul-14/pQ5QKowmpxKOXhjn2LiHjTAAogoS3eDquEzBbHe2BEYkMdBGrqCHBX7kLJo0cMUE6MrBgqBEdSQ1MwiJDR0gZIpndQQVgtYAJyPVwKFwUVAFgAVgId9AEPF0C_BFLjd1MAW4MOS7NGYQBepzBMlt5NAai0OQ2SucsIIABR44CZnWUBEmMCAmPy0KDn/ofertasv/?filter[tourOperator]=GRCS&filter%5Bperson%5D=2&filter%5BchildAge%5D%5B1%5D=20201210&filter%5Bchild%5D=1"
"Gaia Garden","15326.0","25.07.2026 - 08.08.2026","15 dni/14 nocy","","4.5","4.5","1030","tripadvisor","Все аэропорты","2026-07-13T02:05:55.222988+00:00","https://fly.pl/oferta/grecja-wczasy/?filter[dest]=14:&filter[hotelids]=&filter[cityids]=&filter[cregids]=&filter[ofrType]=&filter[addObjType]=&filter[whenFrom]=13-07-2026&filter[whenTo]=12-08-2026&filter[duration]=13:16&filter[from]=&filter[person]=2&filter[child]=1&filter[price]=4000:20000&filter[PriceFrom]=4000&filter[PriceTo]=20000&filter[addCategory]=40&filter[addCatering]=1&filter[addMisc]=0&filter[addTransport]=F&filter[fp]=1&order_by=ofr_price&filter[tourOperator]=0&filter[childAge][1]=20201210","https://fly.pl/cdn/photo/assets/uploads/582/278/2014/11/Gaia-Garden.jpg","https://fly.pl/wycieczka/grecja,kos,lambi/gaia-garden/pQmAx2cmlnOII1N2rtOd5KAAog9sQYYdBy30C933lxMX1AkQAAAACzkgQAzpIEAA4AHQAqBFdFWlkwiJDR0gZI3ndQQVidAmADagtSeWFuYWlyIFN1bmoEMDkxMHJCngGVAR8AAgEcABYEFwkSsgUYjAMT2QIUhgMRyTRArT5M-01PAEv3NFAAHaChECAbG_aDSA2xpfoIARJjAQdjAQIGvQfz8A/ofertasv/?filter[tourOperator]=WEZY&filter%5Bperson%5D=2&filter%5BchildAge%5D%5B1%5D=20201210&filter%5Bchild%5D=1"
"Amour Holiday Resort","15357.0","22.07.2026 - 05.08.2026","16 dni/14 nocy","","4.3","4.3","798","tripadvisor","Все аэропорты","2026-07-13T02:05:55.222988+00:00","https://fly.pl/oferta/grecja-wczasy/?filter[dest]=14:&filter[hotelids]=&filter[cityids]=&filter[cregids]=&filter[ofrType]=&filter[addObjType]=&filter[whenFrom]=13-07-2026&filter[whenTo]=12-08-2026&filter[duration]=13:16&filter[from]=&filter[person]=2&filter[child]=1&filter[price]=4000:20000&filter[PriceFrom]=4000&filter[PriceTo]=20000&filter[addCategory]=40&filter[addCatering]=1&filter[addMisc]=0&filter[addTransport]=F&filter[fp]=1&order_by=ofr_price&filter[tourOperator]=0&filter[childAge][1]=20201210","https://fly.pl/cdn/photo/assets/uploads/582/278/2018/09/Amour-Holiday-Resort.jpg","https://fly.pl/wycieczka/grecja,korfu,sidari/amour/pz3F7lu_JJusFRNfjYkOyFAAogND2iYSgRk7LNo2_4G6a3YhBm6JGpnbU8GJytcKSB4S0qBFZJVFgwiJDR0gZI_XdQQVjVAWACcj4aAFwKFQQXAFgBQI8DU9x6UgBh8SdLAF6wXVvgIEyZzzkg3tuYCQ0AUezH3uZkT6-vEF2chsP4HwIMYwECC_XJYDM/ofertasv/?filter[tourOperator]=VITX&filter%5Bperson%5D=2&filter%5BchildAge%5D%5B1%5D=20201210&filter%5Bchild%5D=1"
"Pelagos Zante","15397.0","24.07.2026 - 07.08.2026","15 dni/14 nocy","","3.5","3.5","10","tripadvisor","Все аэропорты","2026-07-13T02:05:55.222988+00:00","https://fly.pl/oferta/grecja-wczasy/?filter[dest]=14:&filter[hotelids]=&filter[cityids]=&filter[cregids]=&filter[ofrType]=&filter[addObjType]=&filter[whenFrom]=13-07-2026&filter[whenTo]=12-08-2026&filter[duration]=13:16&filter[from]=&filter[person]=2&filter[child]=1&filter[price]=4000:20000&filter[PriceFrom]=4000&filter[PriceTo]=20000&filter[addCategory]=40&filter[addCatering]=1&filter[addMisc]=0&filter[addTransport]=F&filter[fp]=1&order_by=ofr_price&filter[tourOperator]=0&filter[childAge][1]=20201210","https://fly.pl/cdn/photo/assets/uploads/582/278/2016/12/Pelagos-Zante.jpg","https://fly.pl/wycieczka/grecja,zakynthos,tragaki/pelagos-zante/pza0oj-7KMazBNLTb6Vb6AAAogYsrt3uoHpl13Tcffs_1-YIddAnzDN9HoL0gTiBqvR08qBFZJVFgwiJDR0gZIpXhQQViFAmACckAaAFwKFQQXAFgBQI8DW7-DAV6-fEvJSGEAUvEeUwBM-8gcDaSbtQkgAF2B-fLTiQJRw_LS3RhP2dcgAg5jAQILuMTuXw/ofertasv/?filter[tourOperator]=VITX&filter%5Bperson%5D=2&filter%5BchildAge%5D%5B1%5D=20201210&filter%5Bchild%5D=1"
"Giakalis Aqua Resort","15457.0","21.07.2026 - 04.08.2026","15 dni/14 nocy","","3.5","3.5","170","tripadvisor","Все аэропорты","2026-07-13T02:05:55.222988+00:00","https://fly.pl/oferta/grecja-wczasy/?filter[dest]=14:&filter[hotelids]=&filter[cityids]=&filter[cregids]=&filter[ofrType]=&filter[addObjType]=&filter[whenFrom]=13-07-2026&filter[whenTo]=12-08-2026&filter[duration]=13:16&filter[from]=&filter[person]=2&filter[child]=1&filter[price]=4000:20000&filter[PriceFrom]=4000&filter[PriceTo]=20000&filter[addCategory]=40&filter[addCatering]=1&filter[addMisc]=0&filter[addTransport]=F&filter[fp]=1&order_by=ofr_price&filter[tourOperator]=0&filter[childAge][1]=20201210","https://fly.pl/cdn/photo/assets/uploads/582/278/2015/03/Hotel-Giakalis-Aqua-Resort.jpg","https://fly.pl/wycieczka/grecja,kos,marmari/giakalis/p5Nr3jFepTzOUgEqc1x-XqAAogjnPKujMYMdYhaa8LoB68lO8a_XrSpiF6IEGunFpiECcqBFZJVFgwiJDR0gZI4XhQQVi9AWACckAaAFwKFQQXAFgBQI8DW7-DAVO_SFIAXv8zS-1DYQBMjKw5IN3bmAkNAFHxtd7xpQFPwLE9XdD9y_1fAgxjAQIL--_Gag/ofertasv/?filter[tourOperator]=VITX&filter%5Bperson%5D=2&filter%5BchildAge%5D%5B1%5D=20201210&filter%5Bchild%5D=1"
"Gaia Royal","15484.0","25.07.2026 - 08.08.2026","15 dni/14 nocy","","3.5","3.5","874","tripadvisor","Все аэропорты","2026-07-13T02:05:55.222988+00:00","https://fly.pl/oferta/grecja-wczasy/?filter[dest]=14:&filter[hotelids]=&filter[cityids]=&filter[cregids]=&filter[ofrType]=&filter[addObjType]=&filter[whenFrom]=13-07-2026&filter[whenTo]=12-08-2026&filter[duration]=13:16&filter[from]=&filter[person]=2&filter[child]=1&filter[price]=4000:20000&filter[PriceFrom]=4000&filter[PriceTo]=20000&filter[addCategory]=40&filter[addCatering]=1&filter[addMisc]=0&filter[addTransport]=F&filter[fp]=1&order_by=ofr_price&filter[tourOperator]=0&filter[childAge][1]=20201210","https://fly.pl/cdn/photo/assets/uploads/582/278/2014/09/Gaia-Royal.jpg","https://fly.pl/wycieczka/grecja,kos,mastichari/gaia-royal/pW-zKMjhEPT2eygl3wlwWSAAog3_DoRzkrV09uP7vDJPZ8IQAAAACzkgQAzpIEAA4AHQAqBFdFWlkwiJDR0gZI_HhQQVidAmADagtSeWFuYWlyIFN1bmoEMDkxMHJCngGVAR8AAgEcABYEFwkSsgUYjAMT2QIUhgMR2yZAm0xM-01PAEv3NFAAHaChECAbG6-RZA34l94IARJjAQxjAQILZG8VVQ/ofertasv/?filter[tourOperator]=WEZY&filter%5Bperson%5D=2&filter%5BchildAge%5D%5B1%5D=20201210&filter%5Bchild%5D=1"
"St. Constantin","15487.0","19.07.2026 - 02.08.2026","15 dni/14 nocy","","4.2","4.2","2115","tripadvisor","Все аэропорты","2026-07-13T02:05:55.222988+00:00","https://fly.pl/oferta/grecja-wczasy/?filter[dest]=14:&filter[hotelids]=&filter[cityids]=&filter[cregids]=&filter[ofrType]=&filter[addObjType]=&filter[whenFrom]=13-07-2026&filter[whenTo]=12-08-2026&filter[duration]=13:16&filter[from]=&filter[person]=2&filter[child]=1&filter[price]=4000:20000&filter[PriceFrom]=4000&filter[PriceTo]=20000&filter[addCategory]=40&filter[addCatering]=1&filter[addMisc]=0&filter[addTransport]=F&filter[fp]=1&order_by=ofr_price&filter[tourOperator]=0&filter[childAge][1]=20201210","https://fly.pl/cdn/photo/assets/uploads/582/278/2014/07/Hotel-St.-Constantin.jpg","https://fly.pl/wycieczka/grecja,kreta,kato-gouves/st-constantin/pLhtNpr4AyuAdmZuSDgzz9AAog7iUCqI8_IX3OEFK5AI3bMcD6SsWc96BL1TYwAmLtH-cqBEdSQ1Mwi5DR0gZI_3hQQViNAWADckFcChcEFQBYAVYCHbQFDxNAgwFSyKkBUwBe-FJLeGEAW7QeTOm-TQHRwDgN7qzMCCAAUenGs42NAQESYwECYwECC17kpv4/ofertasv/?filter[tourOperator]=GRCS&filter%5Bperson%5D=2&filter%5BchildAge%5D%5B1%5D=20201210&filter%5Bchild%5D=1"
"Village Inn","15440.0","27.07.2026 - 10.08.2026","15 dni/14 nocy","","3.2","3.2","563","tripadvisor","Все аэропорты","2026-07-13T02:05:55.222988+00:00","https://fly.pl/oferta/grecja-wczasy/?filter[dest]=14:&filter[hotelids]=&filter[cityids]=&filter[cregids]=&filter[ofrType]=&filter[addObjType]=&filter[whenFrom]=13-07-2026&filter[whenTo]=12-08-2026&filter[duration]=13:16&filter[from]=&filter[person]=2&filter[child]=1&filter[price]=4000:20000&filter[PriceFrom]=4000&filter[PriceTo]=20000&filter[addCategory]=40&filter[addCatering]=1&filter[addMisc]=0&filter[addTransport]=F&filter[fp]=1&order_by=ofr_price&filter[tourOperator]=0&filter[childAge][1]=20201210","https://fly.pl/cdn/photo/assets/uploads/582/278/2016/04/Village-Inn-fly-pl-2.jpg","https://fly.pl/wycieczka/grecja,zakynthos,laganas/village-inn/XTOP775ca1X_wYAAHNOYVBwWQHaAQBVqYpeCpABCgYIz9QOEAESBgiw4xEQARp-TVBVVzJHRjIzTjFWNkpNVzVLSUdTOUdCMVBESFJTTEM5QUVXS1RMSkNIVTA2SkoyRERZOUhGMURCNERIR1BKNEc3VTlRN0Y1VlE3WFVXUUNMRTZOTTk2SVlaWlBPTzBTTldRRkY3UE42MDRQWkw0UjZTWkxJUUY0REJMQjQ0Cp4BCgYIiOANEAISBgiR9UgQARqLAU81NDU0NDg0MjJmMzEzNTMzMzczMDNhMzQ2NTM0MzUzNTM0MzIzMDM1MzMzMzMyMzMzNjMzNjEzMzM0MzMzMzMzMzYyZjUzNTQ1NTVmNDMzMzJmNDE0OTJmMzEzNDJmMzIzMDMyMzYzMDM3MzIzNzJmMzAzMTMyMzMzNDM1MzYzNzM4MzkzMDMxMzIKJAoGCIikARABEgYIlMgBEAEaEkRTUlQtMTU5MC1UUkFOU0ZFUgohCgUIzDoQARIFCPNGEAEaEURTUk0tMTU5MC0ycjIyNjQzCiIKBQjAPhABEgUI0EsQARoSRFNSTS0xNTkwLTUwcjIyNjQ0CiMKBQjyVxABEgUInWsQARoTRFNSVS0xNTkwLVViZXpiYXNpYxi2DCjMFDIGCLWeXhABOAM/ofertasv/?filter[tourOperator]=XTOP&filter%5Bperson%5D=2&filter%5BchildAge%5D%5B1%5D=20201210&filter%5Bchild%5D=1"
"Evita Mare","15506.0","24.07.2026 - 07.08.2026","15 dni/14 nocy","","2.8","2.8","52","tripadvisor","Все аэропорты","2026-07-13T02:05:55.222988+00:00","https://fly.pl/oferta/grecja-wczasy/?filter[dest]=14:&filter[hotelids]=&filter[cityids]=&filter[cregids]=&filter[ofrType]=&filter[addObjType]=&filter[whenFrom]=13-07-2026&filter[whenTo]=12-08-2026&filter[duration]=13:16&filter[from]=&filter[person]=2&filter[child]=1&filter[price]=4000:20000&filter[PriceFrom]=4000&filter[PriceTo]=20000&filter[addCategory]=40&filter[addCatering]=1&filter[addMisc]=0&filter[addTransport]=F&filter[fp]=1&order_by=ofr_price&filter[tourOperator]=0&filter[childAge][1]=20201210","https://fly.pl/cdn/photo/assets/uploads/582/278/2018/10/Evita-Mare-fly-pl.jpg","https://fly.pl/wycieczka/grecja,rodos,faliraki/evita-mare/pSXLaXefgX16R6lLl19qbrAAogElDLFOxgfuieA3H9cowUfwAAAADmfwQAAoAEAA4AAQAqBFdFWlkwi5DR0gZIknlQQViFAmADaglFbnRlciBBaXJqBDA1MTBqBDA5MjByQZ4BkwGUAR8AAgEcABYEFwkSzwQV6ggY0gFAiHJL01FQABHHCEzxOk8AG8WKAR313g4gHA3yzsIJARJjAQxjAQILdaZ6VA/ofertasv/?filter[tourOperator]=WEZY&filter%5Bperson%5D=2&filter%5BchildAge%5D%5B1%5D=20201210&filter%5Bchild%5D=1"
"Golden Coast","15540.0","29.07.2026 - 12.08.2026","15 dni/14 nocy","","4.0","4.0","2247","tripadvisor","Все аэропорты","2026-07-13T02:05:55.222988+00:00","https://fly.pl/oferta/grecja-wczasy/?filter[dest]=14:&filter[hotelids]=&filter[cityids]=&filter[cregids]=&filter[ofrType]=&filter[addObjType]=&filter[whenFrom]=13-07-2026&filter[whenTo]=12-08-2026&filter[duration]=13:16&filter[from]=&filter[person]=2&filter[child]=1&filter[price]=4000:20000&filter[PriceFrom]=4000&filter[PriceTo]=20000&filter[addCategory]=40&filter[addCatering]=1&filter[addMisc]=0&filter[addTransport]=F&filter[fp]=1&order_by=ofr_price&filter[tourOperator]=0&filter[childAge][1]=20201210","https://fly.pl/cdn/photo/assets/uploads/582/278/2016/11/Hotel-Golden-Coast.jpg","https://fly.pl/wycieczka/grecja,attyka,nea-makri/golden-coast/pRnnLj_F4JhCsa09Pr8MG9AAogsaXSjA8jP5JIF83ea0EoTfZm49aIDIpL9e6TN7x-coQqBEdSQ1Mwi5DR0gZItHlQQVj9AmADcj5cChcEFQBYAVYCHa4GDwtAEVLqZlMAW6wZXqp8S3hhAEzd5TkBvpxLDcvIzQggAFHPuZbUVwESYwECYwECDIjZaTQ/ofertasv/?filter[tourOperator]=GRCS&filter%5Bperson%5D=2&filter%5BchildAge%5D%5B1%5D=20201210&filter%5Bchild%5D=1"
"Marebello Beach Resort","15609.0","21.07.2026 - 04.08.2026","15 dni/14 nocy","","3.9","3.9","18","tripadvisor","Все аэропорты","2026-07-13T02:05:55.222988+00:00","https://fly.pl/oferta/grecja-wczasy/?filter[dest]=14:&filter[hotelids]=&filter[cityids]=&filter[cregids]=&filter[ofrType]=&filter[addObjType]=&filter[whenFrom]=13-07-2026&filter[whenTo]=12-08-2026&filter[duration]=13:16&filter[from]=&filter[person]=2&filter[child]=1&filter[price]=4000:20000&filter[PriceFrom]=4000&filter[PriceTo]=20000&filter[addCategory]=40&filter[addCatering]=1&filter[addMisc]=0&filter[addTransport]=F&filter[fp]=1&order_by=ofr_price&filter[tourOperator]=0&filter[childAge][1]=20201210","https://fly.pl/cdn/photo/assets/uploads/582/278/2017/10/Hotel-Marebello-Beach.jpg","https://fly.pl/wycieczka/grecja,kos,marmari/marebello-beach-resort/pVOUOrEgPeUzWPSynasQ_QAAog76Jcvh1O-A68UanUhyTatj5jsswY-sfbF1puJJsgirsqBEdSQ1Mwi5DR0gZI-XlQQVi9AWADckJcChcEFQBYAVYCHeYCDw5A1gNbgoABUr9IUwBL2ANhAF6nMEyW3k0BubM2DYe6zgggAFGJqf_xpQEBEmMBAmMBAgyRoP1I/ofertasv/?filter[tourOperator]=GRCS&filter%5Bperson%5D=2&filter%5BchildAge%5D%5B1%5D=20201210&filter%5Bchild%5D=1"
"Filion Suites Resort","15674.0","27.07.2026 - 10.08.2026","15 dni/14 nocy","","4.4","4.4","2888","tripadvisor","Все аэропорты","2026-07-13T02:05:55.222988+00:00","https://fly.pl/oferta/grecja-wczasy/?filter[dest]=14:&filter[hotelids]=&filter[cityids]=&filter[cregids]=&filter[ofrType]=&filter[addObjType]=&filter[whenFrom]=13-07-2026&filter[whenTo]=12-08-2026&filter[duration]=13:16&filter[from]=&filter[person]=2&filter[child]=1&filter[price]=4000:20000&filter[PriceFrom]=4000&filter[PriceTo]=20000&filter[addCategory]=40&filter[addCatering]=1&filter[addMisc]=0&filter[addTransport]=F&filter[fp]=1&order_by=ofr_price&filter[tourOperator]=0&filter[childAge][1]=20201210","https://datacfstatic.merlinx.pl/XTOP/IMG/19190/911900bc369d190d0c018c9684c04ad17e37e114ef877a6fcb47bddddf055a3a.webp","https://fly.pl/wycieczka/grecja,kreta-wschodnia,bali/filion-suites-resort/XTOPf3dcd5X_wYAAHNOYVBwWQG0AQAycOahCpABCgYIwacQEAESBgi54BMQARp-TVBVVzJHRjIzTjFWNkpNVzVLSUdTOUdCMVBESFJTTEM5QUVXS1RMSkNIVTA2SkE0WDREOVBLNFlTODVEVjRDVEs4OTJHVjg5UE9PMzBJQlFLQTc0Tk1UMzRKNk5NUlAwWENLWERGT0xIVlI4UFZEUVZPT0FXQVgyQ0xNSEM3CoEBCgYIgOQNEAISBgjW8EcQARpvTzU0NTQ0ZDUzMmY0MTRkNTQ1MzQ3NTIzMjM1NGU1NzJmNTI0ZDUzNTAzMDMwMzAzMDMwMzAyZjQxNDkyZjMxMzQyZjMyMzAzMjM2MzAzNzMyMzcyZjMwMzEzMjMzMzQzNTM2MzczODM5MzAzMTMyCiMKBgjs1gEQARIGCI6GAhABGhFEU1JULTk3LVRSQU5TRkVSMgofCgUIzDoQARIFCPNGEAEaD0RTUk0tOTctMnIyMjY3MgogCgUIwD4QARIFCNBLEAEaEERTUk0tOTctNTByMjI2NzMKIQoFCPJXEAESBQidaxABGhFEU1JVLTk3LVViZXpiYXNpYxhhKDEyBgj91F8QATgD/ofertasv/?filter[tourOperator]=XTOP&filter%5Bperson%5D=2&filter%5BchildAge%5D%5B1%5D=20201210&filter%5Bchild%5D=1"
"Golden Mare Barbati","15757.0","18.07.2026 - 01.08.2026","15 dni/14 nocy","","4.5","4.5","300","tripadvisor","Все аэропорты","2026-07-13T02:05:55.222988+00:00","https://fly.pl/oferta/grecja-wczasy/?filter[dest]=14:&filter[hotelids]=&filter[cityids]=&filter[cregids]=&filter[ofrType]=&filter[addObjType]=&filter[whenFrom]=13-07-2026&filter[whenTo]=12-08-2026&filter[duration]=13:16&filter[from]=&filter[person]=2&filter[child]=1&filter[price]=4000:20000&filter[PriceFrom]=4000&filter[PriceTo]=20000&filter[addCategory]=40&filter[addCatering]=1&filter[addMisc]=0&filter[addTransport]=F&filter[fp]=1&order_by=ofr_price&filter[tourOperator]=0&filter[childAge][1]=20201210","https://fly.pl/cdn/photo/assets/uploads/582/278/2018/03/Golden-Mare.jpg","https://fly.pl/wycieczka/grecja,korfu,barbati/golden-mare-barbati/p1NygFUMqK0hTTHWIu2_G-AAog9z-aHUbihpRxxiFngnbx8q39a0oFyTZzHyswRYaaLeAqBFZJVFgwi5DR0gZIjXtQQVh1YAJyPxoAXAoVBBcAWAFAjwNT3HpSAFujDV7-d0vJSGEATJSnOSD225gJDQBRnObv5mRPiOctXZjikuykAQIMYwECC8dW_Jg/ofertasv/?filter[tourOperator]=VITX&filter%5Bperson%5D=2&filter%5BchildAge%5D%5B1%5D=20201210&filter%5Bchild%5D=1"
"Filerimos Village","15813.0","24.07.2026 - 07.08.2026","15 dni/14 nocy","","3.4","3.4","1596","tripadvisor","Все аэропорты","2026-07-13T02:05:55.222988+00:00","https://fly.pl/oferta/grecja-wczasy/?filter[dest]=14:&filter[hotelids]=&filter[cityids]=&filter[cregids]=&filter[ofrType]=&filter[addObjType]=&filter[whenFrom]=13-07-2026&filter[whenTo]=12-08-2026&filter[duration]=13:16&filter[from]=&filter[person]=2&filter[child]=1&filter[price]=4000:20000&filter[PriceFrom]=4000&filter[PriceTo]=20000&filter[addCategory]=40&filter[addCatering]=1&filter[addMisc]=0&filter[addTransport]=F&filter[fp]=1&order_by=ofr_price&filter[tourOperator]=0&filter[childAge][1]=20201210","https://fly.pl/cdn/photo/assets/uploads/582/278/2014/06/FILERIMOS-VILLAGE.jpg","https://fly.pl/wycieczka/grecja,rodos,jalisos/filerimos-village/pjLhF_ULR99XG_DmupFXHvAAog1WdkdqlKfEdO9VmULCHjkQAAAADmfwQAAoAEAA4AAQAqBFdFWlkwi5DR0gZIxXtQQViFAmADaglFbnRlciBBaXJqBDA1MTBqBDA5MjByQZ4BkwGUAR8AAgEcABYEFwkSzwQV6ggY0gER-xFAjWBL01FQAEy4Q08AG9e6DB3jrgMgHA3yzsIJARJjAQ1jAQIGeRjQjw/ofertasv/?filter[tourOperator]=WEZY&filter%5Bperson%5D=2&filter%5BchildAge%5D%5B1%5D=20201210&filter%5Bchild%5D=1"
"Kalia Beach","15823.0","19.07.2026 - 03.08.2026","16 dni/14 nocy","","3.3","3.3","458","tripadvisor","Все аэропорты","2026-07-13T02:05:55.222988+00:00","https://fly.pl/oferta/grecja-wczasy/?filter[dest]=14:&filter[hotelids]=&filter[cityids]=&filter[cregids]=&filter[ofrType]=&filter[addObjType]=&filter[whenFrom]=13-07-2026&filter[whenTo]=12-08-2026&filter[duration]=13:16&filter[from]=&filter[person]=2&filter[child]=1&filter[price]=4000:20000&filter[PriceFrom]=4000&filter[PriceTo]=20000&filter[addCategory]=40&filter[addCatering]=1&filter[addMisc]=0&filter[addTransport]=F&filter[fp]=1&order_by=ofr_price&filter[tourOperator]=0&filter[childAge][1]=20201210","https://fly.pl/cdn/photo/assets/uploads/582/278/2009/04/Kalia-Beach2496.jpg","https://fly.pl/wycieczka/grecja,kreta,kato-gouves/kalia-beach/p0jnfygCbuzJfEPv6zdpooAAogIl3bU7KwZrtYD4lwUiSXUR90n_Sxz3PyAC1ces2cc2UqBFJOQlcwi5DR0gZIz3tQQViNAWACagRCd2NEahcyOTYsMzgwLDQ3Nyw0ODMsNDg0LDQ4NXI1nwGeARUOWAEXAAoEQMQHEYUyGdslELQ2YYAQSwBSuApTAA-U9EEdLyCJqpEJDQACDGMBAgt95C4Q/ofertasv/?filter[tourOperator]=RNBW&filter%5Bperson%5D=2&filter%5BchildAge%5D%5B1%5D=20201210&filter%5Bchild%5D=1"
"Horizon Beach (Stalida)","15857.0","22.07.2026 - 05.08.2026","15 dni/14 nocy","","3.6","3.6","1141","tripadvisor","Все аэропорты","2026-07-13T02:05:55.222988+00:00","https://fly.pl/oferta/grecja-wczasy/?filter[dest]=14:&filter[hotelids]=&filter[cityids]=&filter[cregids]=&filter[ofrType]=&filter[addObjType]=&filter[whenFrom]=13-07-2026&filter[whenTo]=12-08-2026&filter[duration]=13:16&filter[from]=&filter[person]=2&filter[child]=1&filter[price]=4000:20000&filter[PriceFrom]=4000&filter[PriceTo]=20000&filter[addCategory]=40&filter[addCatering]=1&filter[addMisc]=0&filter[addTransport]=F&filter[fp]=1&order_by=ofr_price&filter[tourOperator]=0&filter[childAge][1]=20201210","https://fly.pl/cdn/photo/assets/uploads/582/278/2014/07/HORIZON-BEACH-RESORT.jpg","https://fly.pl/wycieczka/grecja,kreta-wschodnia,stalida/horizon-beach-stalida/pHmxnzeiW_6HYpgcLFR2cxAAogVYrsS8pONxGkcHqf4O1cQyIFCg695zm-E9Tj1mDW7K4qBFZJVFgwi5DR0gZI8XtQQVjVAWACckAaAFwKFQQXAFgBQI8DW6OIAVPiJFIAYfAnSwBeiCtMlu85DcHcmAkgAVGr5sGNjQFPkLYKXcDE3PcfAg5jAQIKOTtIRg/ofertasv/?filter[tourOperator]=VITX&filter%5Bperson%5D=2&filter%5BchildAge%5D%5B1%5D=20201210&filter%5Bchild%5D=1"
"Galini Sea View (Agia Marina)","15889.0","19.07.2026 - 02.08.2026","16 dni/14 nocy","","3.9","3.9","1908","tripadvisor","Все аэропорты","2026-07-13T02:05:55.222988+00:00","https://fly.pl/oferta/grecja-wczasy/?filter[dest]=14:&filter[hotelids]=&filter[cityids]=&filter[cregids]=&filter[ofrType]=&filter[addObjType]=&filter[whenFrom]=13-07-2026&filter[whenTo]=12-08-2026&filter[duration]=13:16&filter[from]=&filter[person]=2&filter[child]=1&filter[price]=4000:20000&filter[PriceFrom]=4000&filter[PriceTo]=20000&filter[addCategory]=40&filter[addCatering]=1&filter[addMisc]=0&filter[addTransport]=F&filter[fp]=1&order_by=ofr_price&filter[tourOperator]=0&filter[childAge][1]=20201210","https://fly.pl/cdn/photo/assets/uploads/582/278/2014/07/Hotel-Galini-Sea-View.jpg","https://fly.pl/wycieczka/grecja,kreta-zachodnia,agia-marina/galini-sea-view-agia-marina/pgUUibW--H8iFH8TEzEPlMAAog6DwH54N_lx7gMVOOKnuX2Wv0aeeNXUolX8spKDLJx3wqBEdSQ1Mwi5DR0gZIkXxQQViNAWADckBcChUEFwFYAFYCHcIBDxNA9QRS43dTAFu_C0v3SGEAXqcwTJbeTQH3lDsNx9jJCCAAUcDiqZ1lARJjAQJjAQINbSUS1Q/ofertasv/?filter[tourOperator]=GRCS&filter%5Bperson%5D=2&filter%5BchildAge%5D%5B1%5D=20201210&filter%5Bchild%5D=1"
"Roseland (Zakynthos)","15957.0","14.07.2026 - 28.07.2026","15 dni/14 nocy","","4.5","4.5","1053","tripadvisor","Все аэропорты","2026-07-13T02:05:55.222988+00:00","https://fly.pl/oferta/grecja-wczasy/?filter[dest]=14:&filter[hotelids]=&filter[cityids]=&filter[cregids]=&filter[ofrType]=&filter[addObjType]=&filter[whenFrom]=13-07-2026&filter[whenTo]=12-08-2026&filter[duration]=13:16&filter[from]=&filter[person]=2&filter[child]=1&filter[price]=4000:20000&filter[PriceFrom]=4000&filter[PriceTo]=20000&filter[addCategory]=40&filter[addCatering]=1&filter[addMisc]=0&filter[addTransport]=F&filter[fp]=1&order_by=ofr_price&filter[tourOperator]=0&filter[childAge][1]=20201210","https://datacfstatic.merlinx.pl/ITAK/IMG/ZTHROSE/561e10cd9fe3588f331f571ffb7dc883176f0553d75b5da4659b15c25b02a915.webp","https://fly.pl/wycieczka/grecja,zakynthos,kalamaki/roseland-zakynthos-10/pvHsWSoiK7OknINu3C6KLCAAogxBxuWeb9Nir3oCkCmZvh4eWoyy6bHiGRRwxi3jSoz7IqBFZJVFgwi5DR0gZI1XxQQVgVYAJyQBoAXAoVBBcAWAFAjwNbv4MBYbZRSwBeiCtSumdTAEzBiDkg1NuYCQ0AXYyX3YWtAU-46eirdVGQhxICDGMBAgWxubH_/ofertasv/?filter[tourOperator]=VITX&filter%5Bperson%5D=2&filter%5BchildAge%5D%5B1%5D=20201210&filter%5Bchild%5D=1"
"Evita Resort","15980.0","27.07.2026 - 10.08.2026","15 dni/14 nocy","","4.1","4.1","4364","tripadvisor","Все аэропорты","2026-07-13T02:05:55.222988+00:00","https://fly.pl/oferta/grecja-wczasy/?filter[dest]=14:&filter[hotelids]=&filter[cityids]=&filter[cregids]=&filter[ofrType]=&filter[addObjType]=&filter[whenFrom]=13-07-2026&filter[whenTo]=12-08-2026&filter[duration]=13:16&filter[from]=&filter[person]=2&filter[child]=1&filter[price]=4000:20000&filter[PriceFrom]=4000&filter[PriceTo]=20000&filter[addCategory]=40&filter[addCatering]=1&filter[addMisc]=0&filter[addTransport]=F&filter[fp]=1&order_by=ofr_price&filter[tourOperator]=0&filter[childAge][1]=20201210","https://fly.pl/cdn/photo/assets/uploads/582/278/2015/04/EVITA-RESORT-HOTEL.jpg","https://fly.pl/wycieczka/grecja,rodos,faliraki/sunconnect-evita/pcup29QeaubaAiHqb45iSTAAogKH23Ru6kXD3Apj1KdNccHgAAAAD3dQQAJ3YEAA4AAQAqBFdFWlkwi5DR0gZI7HxQQVjNAmADaglFbnRlciBBaXJqBDAzNTBqBDA3NTBqBDA4MTVyQJ4BkwGUAZUBHwACARwAFgQXCRLPBBikA0CgeRHhSUvyB1AATLhDTwAdy9UPIDAb_KUfDdS8owkBEmMBDGMBAgvhZONl/ofertasv/?filter[tourOperator]=WEZY&filter%5Bperson%5D=2&filter%5BchildAge%5D%5B1%5D=20201210&filter%5Bchild%5D=1"
"Sunshine Rhodes (Ialyssos)","15995.0","17.07.2026 - 31.07.2026","15 dni/14 nocy","","3.7","3.7","2520","tripadvisor","Все аэропорты","2026-07-13T02:05:55.222988+00:00","https://fly.pl/oferta/grecja-wczasy/?filter[dest]=14:&filter[hotelids]=&filter[cityids]=&filter[cregids]=&filter[ofrType]=&filter[addObjType]=&filter[whenFrom]=13-07-2026&filter[whenTo]=12-08-2026&filter[duration]=13:16&filter[from]=&filter[person]=2&filter[child]=1&filter[price]=4000:20000&filter[PriceFrom]=4000&filter[PriceTo]=20000&filter[addCategory]=40&filter[addCatering]=1&filter[addMisc]=0&filter[addTransport]=F&filter[fp]=1&order_by=ofr_price&filter[tourOperator]=0&filter[childAge][1]=20201210","https://fly.pl/cdn/photo/assets/uploads/582/278/2015/04/Sunshine-Rhodes.jpg","https://fly.pl/wycieczka/grecja,rodos,ialyssos/sunshine-rhodes-ialyssos/p7qhWssmanhCyqyLZn0Vq4AAog-Z2DnIIYGU_8BsUtqDTczYZYQ9UMPNbK-ZuWoqPV8vUqBEdSQ1Mwi5DR0gZI-3xQQVhdYANyQlwKFwQVAFgBVgIdqAUPFUCNAVuWgAFLr0thAF77MFKRE1MATIXLTQHK8TEN8vvSCCAAUcudyO3eAQESYwECYwECDC03MyI/ofertasv/?filter[tourOperator]=GRCS&filter%5Bperson%5D=2&filter%5BchildAge%5D%5B1%5D=20201210&filter%5Bchild%5D=1"
"Xenios Possidi Paradise","16084.0","22.07.2026 - 05.08.2026","15 dni/14 nocy","","3.2","3.2","205","tripadvisor","Все аэропорты","2026-07-13T02:05:55.222988+00:00","https://fly.pl/oferta/grecja-wczasy/?filter[dest]=14:&filter[hotelids]=&filter[cityids]=&filter[cregids]=&filter[ofrType]=&filter[addObjType]=&filter[whenFrom]=13-07-2026&filter[whenTo]=12-08-2026&filter[duration]=13:16&filter[from]=&filter[person]=2&filter[child]=1&filter[price]=4000:20000&filter[PriceFrom]=4000&filter[PriceTo]=20000&filter[addCategory]=40&filter[addCatering]=1&filter[addMisc]=0&filter[addTransport]=F&filter[fp]=1&order_by=ofr_price&filter[tourOperator]=0&filter[childAge][1]=20201210","https://fly.pl/cdn/photo/assets/uploads/582/278/2015/02/Possidi-Paradise-fly-pl.jpg","https://fly.pl/wycieczka/grecja,chalkidiki,possidi/possidi-paradiso/pObrLGnQxJJ_KGZMWLehGzAAogWSusTy43W9IPd7NivFre-lYRHtbrCLQu2J_DfXFoUVEqBFJOQlcwi5DR0gZI1H1QQVjVAWACagRCd2NEahcyOTYsMzgwLDQ3Nyw0ODMsNDg0LDQ4NXI2nwGeARUOFwBYAQoEQMQHEfALGdZLYc5GSwAQqA5SjW1TAB2W9kAP6QMg07ORCQ0AAgxjAQIL363k5w/ofertasv/?filter[tourOperator]=RNBW&filter%5Bperson%5D=2&filter%5BchildAge%5D%5B1%5D=20201210&filter%5Bchild%5D=1"
"Euro Village Achilleas","16145.0","25.07.2026 - 08.08.2026","15 dni/14 nocy","","3.7","3.7","1543","tripadvisor","Все аэропорты","2026-07-13T02:05:55.222988+00:00","https://fly.pl/oferta/grecja-wczasy/?filter[dest]=14:&filter[hotelids]=&filter[cityids]=&filter[cregids]=&filter[ofrType]=&filter[addObjType]=&filter[whenFrom]=13-07-2026&filter[whenTo]=12-08-2026&filter[duration]=13:16&filter[from]=&filter[person]=2&filter[child]=1&filter[price]=4000:20000&filter[PriceFrom]=4000&filter[PriceTo]=20000&filter[addCategory]=40&filter[addCatering]=1&filter[addMisc]=0&filter[addTransport]=F&filter[fp]=1&order_by=ofr_price&filter[tourOperator]=0&filter[childAge][1]=20201210","https://fly.pl/cdn/photo/assets/uploads/582/278/2015/10/Euro-Village-Achilleas-fly-pl.jpg","https://fly.pl/wycieczka/grecja,kos,mastichari/euro-village-achilleas/pZxkXrNwc2-BsXb0CtGlK3AAogLCfmPsQLD6MR-fgdu7tNsAAAAACzkgQAzpIEAA4AHQAqBFdFWlkwi5DR0gZIkX5QQVidAmADagtSeWFuYWlyIFN1bmoEMDkxMHJCngGVAR8AAgEcABYEFwkSsgUYjAMT2QIUhgNA9nIRgQxM-kFPAEv3NFAAHaChECAbG7P_Yw30qd4IARJjAQxjAQUL4KFHvQ/ofertasv/?filter[tourOperator]=WEZY&filter%5Bperson%5D=2&filter%5BchildAge%5D%5B1%5D=20201210&filter%5Bchild%5D=1"
"Gemini (Messonghi)","16157.0","18.07.2026 - 01.08.2026","15 dni/14 nocy","","4.1","4.1","153","tripadvisor","Все аэропорты","2026-07-13T02:05:55.222988+00:00","https://fly.pl/oferta/grecja-wczasy/?filter[dest]=14:&filter[hotelids]=&filter[cityids]=&filter[cregids]=&filter[ofrType]=&filter[addObjType]=&filter[whenFrom]=13-07-2026&filter[whenTo]=12-08-2026&filter[duration]=13:16&filter[from]=&filter[person]=2&filter[child]=1&filter[price]=4000:20000&filter[PriceFrom]=4000&filter[PriceTo]=20000&filter[addCategory]=40&filter[addCatering]=1&filter[addMisc]=0&filter[addTransport]=F&filter[fp]=1&order_by=ofr_price&filter[tourOperator]=0&filter[childAge][1]=20201210","https://fly.pl/cdn/photo/assets/uploads/582/278/2010/06/Gemini-Messonghi299.jpg","https://fly.pl/wycieczka/grecja,korfu,messonghi/gemini-messonghi/pg6G6eTpcc7bMtZkpXgvLuAAoglD95i12NequjvBeTdtpvEa39a0oFyTZzHyswRYaaLeAqBFZJVFgwi5DR0gZInX5QQVh1YAJyPxoAXAoVBBcAWAFAjwNT3HpSAFvjCF6-fEvJSGEATJSnOSD225gJDQBRnIHv5mRPiMwuXZjikuykAQIMYwECBfnfgko/ofertasv/?filter[tourOperator]=VITX&filter%5Bperson%5D=2&filter%5BchildAge%5D%5B1%5D=20201210&filter%5Bchild%5D=1"
"Aristoteles Holiday Resort & SPA","16378.0","15.07.2026 - 29.07.2026","15 dni/14 nocy","","4.3","4.3","642","tripadvisor","Все аэропорты","2026-07-13T02:05:55.222988+00:00","https://fly.pl/oferta/grecja-wczasy/?filter[dest]=14:&filter[hotelids]=&filter[cityids]=&filter[cregids]=&filter[ofrType]=&filter[addObjType]=&filter[whenFrom]=13-07-2026&filter[whenTo]=12-08-2026&filter[duration]=13:16&filter[from]=&filter[person]=2&filter[child]=1&filter[price]=4000:20000&filter[PriceFrom]=4000&filter[PriceTo]=20000&filter[addCategory]=40&filter[addCatering]=1&filter[addMisc]=0&filter[addTransport]=F&filter[fp]=1&order_by=ofr_price&filter[tourOperator]=0&filter[childAge][1]=20201210","https://fly.pl/cdn/photo/assets/uploads/582/278/2015/02/Aristoteles-Holiday-Resort-Spa.jpg","https://fly.pl/wycieczka/grecja,chalkidiki,ouranopolis/aristoteles-holiday-resort-spa/phJ4xmyzNM91WpSA-c5XksAAogx-34Hws1ljuXmPDe8C9tz1GoARbpzJmqd1Cgrjv1Z9MqBFJOQlcwi5DR0gZI-n9QQVgtYAJqBEJ3Y0RqFzI5NiwzODAsNDc3LDQ4Myw0ODQsNDg1cjafAZ4BFQ4XAFgBCgRAxAcR_SYZyTAQ0gZh_D9LAFK1e1MAHZT2QA_mAyDRs5EJDQACDGMBAgsseQlY/ofertasv/?filter[tourOperator]=RNBW&filter%5Bperson%5D=2&filter%5BchildAge%5D%5B1%5D=20201210&filter%5Bchild%5D=1"
"Hersonissos Village","16410.0","28.07.2026 - 11.08.2026","15 dni/14 nocy","","3.8","3.8","687","tripadvisor","Все аэропорты","2026-07-13T02:05:55.222988+00:00","https://fly.pl/oferta/grecja-wczasy/?filter[dest]=14:&filter[hotelids]=&filter[cityids]=&filter[cregids]=&filter[ofrType]=&filter[addObjType]=&filter[whenFrom]=13-07-2026&filter[whenTo]=12-08-2026&filter[duration]=13:16&filter[from]=&filter[person]=2&filter[child]=1&filter[price]=4000:20000&filter[PriceFrom]=4000&filter[PriceTo]=20000&filter[addCategory]=40&filter[addCatering]=1&filter[addMisc]=0&filter[addTransport]=F&filter[fp]=1&order_by=ofr_price&filter[tourOperator]=0&filter[childAge][1]=20201210","https://fly.pl/cdn/photo/assets/uploads/582/278/2014/07/HERSONISSOS-VILLAGE.jpg","https://fly.pl/wycieczka/grecja,kreta,hersonissos/hersonissos-village/pEXDhcViddgHJnl5pRJlzDAAogPlDUf3IAgiv7orBWGi52Rz2Mp2HsrMxzUx_i04lwaHoqBEVDQ1gwi5DR0gZImoABUAFY5QJgA2oCQUlyJRwR1UmrBMbfFbkEid4CGMi2Jhuv6UIBjNfw2AEBEmMBAGMBAgteM3mv/ofertasv/?filter[tourOperator]=ECCX&filter%5Bperson%5D=2&filter%5BchildAge%5D%5B1%5D=20201210&filter%5Bchild%5D=1"
"Golden Coast Resort","16471.0","19.07.2026 - 02.08.2026","15 dni/14 nocy","","4.4","4.4","144","tripadvisor","Все аэропорты","2026-07-13T02:05:55.222988+00:00","https://fly.pl/oferta/grecja-wczasy/?filter[dest]=14:&filter[hotelids]=&filter[cityids]=&filter[cregids]=&filter[ofrType]=&filter[addObjType]=&filter[whenFrom]=13-07-2026&filter[whenTo]=12-08-2026&filter[duration]=13:16&filter[from]=&filter[person]=2&filter[child]=1&filter[price]=4000:20000&filter[PriceFrom]=4000&filter[PriceTo]=20000&filter[addCategory]=40&filter[addCatering]=1&filter[addMisc]=0&filter[addTransport]=F&filter[fp]=1&order_by=ofr_price&filter[tourOperator]=0&filter[childAge][1]=20201210","https://fly.pl/cdn/photo/assets/uploads/582/278/2018/09/GOLDEN-COAST-RESORT.jpg","https://fly.pl/wycieczka/grecja,zakynthos,drosia/golden-coast-family-resort/pgjCBHwEyQAi1MQ4tDPQDfAAogUOiAy54eIt8QiBK8hoYZq1ku12KMbGFUb-pgdOzoURMqBEdSQ1Mwi5DR0gZI14ABUEFYjQFgA3JCXAoXBBUAWAFWAh3yAw8RQMcCW6TAAUv1C2EAXqcwUrpnUwBM2_ZMAfCsPA3PwMgIIABR2dm4saICARJjAQJjAQILdfjGSQ/ofertasv/?filter[tourOperator]=GRCS&filter%5Bperson%5D=2&filter%5BchildAge%5D%5B1%5D=20201210&filter%5Bchild%5D=1"
"Maleme Mare Beachside","16486.0","19.07.2026 - 02.08.2026","15 dni/14 nocy","","4.5","4.5","421","tripadvisor","Все аэропорты","2026-07-13T02:05:55.222988+00:00","https://fly.pl/oferta/grecja-wczasy/?filter[dest]=14:&filter[hotelids]=&filter[cityids]=&filter[cregids]=&filter[ofrType]=&filter[addObjType]=&filter[whenFrom]=13-07-2026&filter[whenTo]=12-08-2026&filter[duration]=13:16&filter[from]=&filter[person]=2&filter[child]=1&filter[price]=4000:20000&filter[PriceFrom]=4000&filter[PriceTo]=20000&filter[addCategory]=40&filter[addCatering]=1&filter[addMisc]=0&filter[addTransport]=F&filter[fp]=1&order_by=ofr_price&filter[tourOperator]=0&filter[childAge][1]=20201210","https://fly.pl/cdn/photo/assets/uploads/582/278/2017/12/Maleme-Mare-1.jpg","https://fly.pl/wycieczka/grecja,kreta-zachodnia,maleme/maleme-mare/p0tDfdj0sig3BZVWE6q4RCAAogSdz3WQjVGMF1DXQJej6aCq7OXd97-1K4Yt4I1QSAELkqBFJOQlcwi5DR0gZI5oABUEFYjQFgAmoEQndjRGoXMjk2LDM4MCw0NzcsNDgzLDQ4NCw0ODVyNZ8BngEVDhcAWAEKBEDEBxHADBDoDhm7PFKEH1MAS60nYQAPsOpBHVEgg76RCQ0AAgxjAQILkVrYmA/ofertasv/?filter[tourOperator]=RNBW&filter%5Bperson%5D=2&filter%5BchildAge%5D%5B1%5D=20201210&filter%5Bchild%5D=1"
"Ninos Serena Holiday Resort","16488.0","29.07.2026 - 12.08.2026","15 dni/14 nocy","","","","","","Все аэропорты","2026-07-13T02:05:55.222988+00:00","https://fly.pl/oferta/grecja-wczasy/?filter[dest]=14:&filter[hotelids]=&filter[cityids]=&filter[cregids]=&filter[ofrType]=&filter[addObjType]=&filter[whenFrom]=13-07-2026&filter[whenTo]=12-08-2026&filter[duration]=13:16&filter[from]=&filter[person]=2&filter[child]=1&filter[price]=4000:20000&filter[PriceFrom]=4000&filter[PriceTo]=20000&filter[addCategory]=40&filter[addCatering]=1&filter[addMisc]=0&filter[addTransport]=F&filter[fp]=1&order_by=ofr_price&filter[tourOperator]=0&filter[childAge][1]=20201210","https://datacfstatic.merlinx.pl/RNBW/IMG/7937/7c66abfc535c1e51d5394288c12a9a4fcb73803900b915c046740b2036026e24.webp","https://fly.pl/wycieczka/grecja,korfu,sidari/ninos-serena-holiday-resort-11/pWo7fOLMyykbIQao9tml4QAAoggnVHZeMOEKuNJUGdUxaKdidhRqZYM9BA0E6XNIfgvc4qBFJOQlcwi5DR0gZI6IABUEFY_QJgAmoEQndjRGoXMjk2LDM4MCw0NzcsNDgzLDQ4NCw0ODVyNp8BngEVDhcAWAEKBEDEBxGqNhmwIVLJHlMAEIEyS5hUYQAdn_tAD-kBIN7NkQkNAAIMYwECC-g5G24/ofertasv/?filter[tourOperator]=RNBW&filter%5Bperson%5D=2&filter%5BchildAge%5D%5B1%5D=20201210&filter%5Bchild%5D=1"
"Canvas by Mitsis Messonghi","16550.0","15.07.2026 - 29.07.2026","15 dni/14 nocy","","4.3","4.3","1360","tripadvisor","Все аэропорты","2026-07-13T02:05:55.222988+00:00","https://fly.pl/oferta/grecja-wczasy/?filter[dest]=14:&filter[hotelids]=&filter[cityids]=&filter[cregids]=&filter[ofrType]=&filter[addObjType]=&filter[whenFrom]=13-07-2026&filter[whenTo]=12-08-2026&filter[duration]=13:16&filter[from]=&filter[person]=2&filter[child]=1&filter[price]=4000:20000&filter[PriceFrom]=4000&filter[PriceTo]=20000&filter[addCategory]=40&filter[addCatering]=1&filter[addMisc]=0&filter[addTransport]=F&filter[fp]=1&order_by=ofr_price&filter[tourOperator]=0&filter[childAge][1]=20201210","https://fly.pl/cdn/photo/assets/uploads/582/278/2016/11/Messonghi-Beach-Holiday-Resort.jpg","https://fly.pl/wycieczka/grecja,korfu,moraitika/messonghi-beach-holiday-resort/pPVB0BVls1AYFHsNCL8qNLAAogdLPnSx0HYxKegXt4-8xfPO4m06GigCOXtN7KLW8H064qBEdSQ1Mwi5DR0gZIpoEBUEFYLWADcj9cChcEFQBYAVYCHWIPFUDTBVKfd1MAW5sJXoZ8S48YYQBMh8ZNAYS7MQ22stMIIABRgY6A52QBEmMBAmMBAwtVrEUk/ofertasv/?filter[tourOperator]=GRCS&filter%5Bperson%5D=2&filter%5BchildAge%5D%5B1%5D=20201210&filter%5Bchild%5D=1"
"Zante Park Resort & SPA - BW Premier Collection","16557.0","14.07.2026 - 28.07.2026","15 dni/14 nocy","","3.7","3.7","642","tripadvisor","Все аэропорты","2026-07-13T02:05:55.222988+00:00","https://fly.pl/oferta/grecja-wczasy/?filter[dest]=14:&filter[hotelids]=&filter[cityids]=&filter[cregids]=&filter[ofrType]=&filter[addObjType]=&filter[whenFrom]=13-07-2026&filter[whenTo]=12-08-2026&filter[duration]=13:16&filter[from]=&filter[person]=2&filter[child]=1&filter[price]=4000:20000&filter[PriceFrom]=4000&filter[PriceTo]=20000&filter[addCategory]=40&filter[addCatering]=1&filter[addMisc]=0&filter[addTransport]=F&filter[fp]=1&order_by=ofr_price&filter[tourOperator]=0&filter[childAge][1]=20201210","https://fly.pl/cdn/photo/assets/uploads/582/278/2014/07/Best-Western-Zante-Park-fly-pl.jpg","https://fly.pl/wycieczka/grecja,zakynthos,laganas/best-western-zante-park/pGawLyIVtuazwjG3i37l6gAAogGQd-mxQXiI2Ntt7NPBkbneWoyy6bHiGRRwxi3jSoz7IqBFZJVFgwi5DR0gZIrYEBUEFYFWACckAaAFwKFQQXAFgBQI8DW5eFAWHeT0sAXogrUrpnUwBMwYg5INTbmAkNAF2Ml92FrQFPuOnoq3VRkqALAgxjAQIL8pSCEA/ofertasv/?filter[tourOperator]=VITX&filter%5Bperson%5D=2&filter%5BchildAge%5D%5B1%5D=20201210&filter%5Bchild%5D=1"
"Klelia","16595.0","26.07.2026 - 09.08.2026","15 dni/14 nocy","","4.4","4.4","1327","tripadvisor","Все аэропорты","2026-07-13T02:05:55.222988+00:00","https://fly.pl/oferta/grecja-wczasy/?filter[dest]=14:&filter[hotelids]=&filter[cityids]=&filter[cregids]=&filter[ofrType]=&filter[addObjType]=&filter[whenFrom]=13-07-2026&filter[whenTo]=12-08-2026&filter[duration]=13:16&filter[from]=&filter[person]=2&filter[child]=1&filter[price]=4000:20000&filter[PriceFrom]=4000&filter[PriceTo]=20000&filter[addCategory]=40&filter[addCatering]=1&filter[addMisc]=0&filter[addTransport]=F&filter[fp]=1&order_by=ofr_price&filter[tourOperator]=0&filter[childAge][1]=20201210","https://fly.pl/cdn/photo/assets/uploads/582/278/2015/04/Klelia-fly-pl.jpg","https://fly.pl/wycieczka/grecja,zakynthos,kalamaki/klelia/pC9dQtMfzPatipMBpDCmicAAogq7yX3Yc1W473PhksD6pq9Ugblq5LN0hifLHwNnzXNwAqBEdSQ1Mwi5DR0gZI04EBUEFYtQJgA3JBXAoXBBUAWAFWAh3SBA8MQOwBXsD8AUt4YQBb6x1S10hTAEyb_zgBhfJJDYHzzgggAFHn7cOxogIBEmMBAmMBAgszKUYD/ofertasv/?filter[tourOperator]=GRCS&filter%5Bperson%5D=2&filter%5BchildAge%5D%5B1%5D=20201210&filter%5Bchild%5D=1"
"Almyrida Village & Water Park (ex. Langley Resort Almirida Bay)","16605.0","30.07.2026 - 12.08.2026","14 dni/13 nocy","","3.8","3.8","791","tripadvisor","Все аэропорты","2026-07-13T02:05:55.222988+00:00","https://fly.pl/oferta/grecja-wczasy/?filter[dest]=14:&filter[hotelids]=&filter[cityids]=&filter[cregids]=&filter[ofrType]=&filter[addObjType]=&filter[whenFrom]=13-07-2026&filter[whenTo]=12-08-2026&filter[duration]=13:16&filter[from]=&filter[person]=2&filter[child]=1&filter[price]=4000:20000&filter[PriceFrom]=4000&filter[PriceTo]=20000&filter[addCategory]=40&filter[addCatering]=1&filter[addMisc]=0&filter[addTransport]=F&filter[fp]=1&order_by=ofr_price&filter[tourOperator]=0&filter[childAge][1]=20201210","https://fly.pl/cdn/photo/assets/uploads/582/278/2024/07/almyrida-village-water-park-ex-langley-resort-almirida-bay.jpg","https://fly.pl/wycieczka/grecja,kreta-zachodnia,almyrida/langley-resort-almirida-bay-10/p4bUmzNQeLxqn-siaVu0JiAAog8tScdawmWz-Vkourp1U0pFeH4f20UioKNdUEJNlqMYIqBEJWQkUwi5DR0gZI3YEBUAFYlQNgAmoCQUlyIRwR4MwBG-KAPBj4kBK5BLPEKqsECAG9s43dAgISYwECBV1uOrM/ofertasv/?filter[tourOperator]=BVBE&filter%5Bperson%5D=2&filter%5BchildAge%5D%5B1%5D=20201210&filter%5Bchild%5D=1"
"Anastasia Beach (Laganas)","16621.0","14.07.2026 - 28.07.2026","15 dni/14 nocy","","3.5","3.5","13","tripadvisor","Все аэропорты","2026-07-13T02:05:55.222988+00:00","https://fly.pl/oferta/grecja-wczasy/?filter[dest]=14:&filter[hotelids]=&filter[cityids]=&filter[cregids]=&filter[ofrType]=&filter[addObjType]=&filter[whenFrom]=13-07-2026&filter[whenTo]=12-08-2026&filter[duration]=13:16&filter[from]=&filter[person]=2&filter[child]=1&filter[price]=4000:20000&filter[PriceFrom]=4000&filter[PriceTo]=20000&filter[addCategory]=40&filter[addCatering]=1&filter[addMisc]=0&filter[addTransport]=F&filter[fp]=1&order_by=ofr_price&filter[tourOperator]=0&filter[childAge][1]=20201210","https://fly.pl/cdn/photo/assets/uploads/582/278/2015/04/Anastasia-Beach-1.jpg","https://fly.pl/wycieczka/grecja,zakynthos,laganas/anastasia-beach-laganas/pOrrXZ9-M2RT09Jm4lVP7wAAogLCrnEZyZqg7jYtEhlbujs6GelNSY4IakdNW6i3trjLcqBFJOQlcwi5DR0gZI7YEBUEFYFWACagRCd2NEahcyOTYsMzgwLDQ3Nyw0ODMsNDg0LDQ4NXI2nwGeARUOFwBYAQoEQMQHEYY2GechEJ5PYbEpSwBSwpIBUwAP_Po_HSMg9uiRCQ0AAgxjAQILO1s9Iw/ofertasv/?filter[tourOperator]=RNBW&filter%5Bperson%5D=2&filter%5BchildAge%5D%5B1%5D=20201210&filter%5Bchild%5D=1"
"Geraniotis Beach","16647.0","15.07.2026 - 30.07.2026","16 dni/14 nocy","","4.1","4.1","297","tripadvisor","Все аэропорты","2026-07-13T02:05:55.222988+00:00","https://fly.pl/oferta/grecja-wczasy/?filter[dest]=14:&filter[hotelids]=&filter[cityids]=&filter[cregids]=&filter[ofrType]=&filter[addObjType]=&filter[whenFrom]=13-07-2026&filter[whenTo]=12-08-2026&filter[duration]=13:16&filter[from]=&filter[person]=2&filter[child]=1&filter[price]=4000:20000&filter[PriceFrom]=4000&filter[PriceTo]=20000&filter[addCategory]=40&filter[addCatering]=1&filter[addMisc]=0&filter[addTransport]=F&filter[fp]=1&order_by=ofr_price&filter[tourOperator]=0&filter[childAge][1]=20201210","https://fly.pl/cdn/photo/assets/uploads/582/278/2014/07/Hotel-Geraniotis-Beach.jpg","https://fly.pl/wycieczka/grecja,kreta-zachodnia,platanias/geraniotis-beach/p-bX03y-gDVZEluCeHVT6rAAogtfCnR3LPI1LZ65gSC_1_iGrqCHBX7kLJo0cMUE6MrBgqBEdSQ1Mwi5DR0gZIh4IBUEFYLWADckBcChcFFQBYAFYCHfQBDxdAvwRS43dTAEu2VGEAXqcwW6sfTOq-TQHLtjkN8LbLCCAAUcuKqp1lARJjAQJjAQILv_D0kQ/ofertasv/?filter[tourOperator]=GRCS&filter%5Bperson%5D=2&filter%5BchildAge%5D%5B1%5D=20201210&filter%5Bchild%5D=1"
"Caretta Island","16750.0","17.07.2026 - 31.07.2026","15 dni/14 nocy","","3.9","3.9","2316","tripadvisor","Все аэропорты","2026-07-13T02:05:55.222988+00:00","https://fly.pl/oferta/grecja-wczasy/?filter[dest]=14:&filter[hotelids]=&filter[cityids]=&filter[cregids]=&filter[ofrType]=&filter[addObjType]=&filter[whenFrom]=13-07-2026&filter[whenTo]=12-08-2026&filter[duration]=13:16&filter[from]=&filter[person]=2&filter[child]=1&filter[price]=4000:20000&filter[PriceFrom]=4000&filter[PriceTo]=20000&filter[addCategory]=40&filter[addCatering]=1&filter[addMisc]=0&filter[addTransport]=F&filter[fp]=1&order_by=ofr_price&filter[tourOperator]=0&filter[childAge][1]=20201210","https://fly.pl/cdn/photo/assets/uploads/582/278/2016/11/Caretta-Island.jpg","https://fly.pl/wycieczka/grecja,zakynthos,kalamaki/caretta-island/pUyF94FYDJLRkdFvo_W0mJAAogWKRvMitmuuqxkeUAyZ2RzS9piTUMT46WOdz1m_tcgE8qBEdSQ1Mwi5DR0gZI7oIBUEFYXWADckFcChcEFQBYAVYCHYcDDxxApwNbgoABXr58S3hhAFLCZlMATNv2TAGihjYNm-fOCCAAUdebrLGiAgESYwECYwEDD5UTM1w/ofertasv/?filter[tourOperator]=GRCS&filter%5Bperson%5D=2&filter%5BchildAge%5D%5B1%5D=20201210&filter%5Bchild%5D=1"
"Resol","16937.0","14.07.2026 - 28.07.2026","15 dni/14 nocy","","3.4","3.4","344","tripadvisor","Все аэропорты","2026-07-13T02:05:55.222988+00:00","https://fly.pl/oferta/grecja-wczasy/?filter[dest]=14:&filter[hotelids]=&filter[cityids]=&filter[cregids]=&filter[ofrType]=&filter[addObjType]=&filter[whenFrom]=13-07-2026&filter[whenTo]=12-08-2026&filter[duration]=13:16&filter[from]=&filter[person]=2&filter[child]=1&filter[price]=4000:20000&filter[PriceFrom]=4000&filter[PriceTo]=20000&filter[addCategory]=40&filter[addCatering]=1&filter[addMisc]=0&filter[addTransport]=F&filter[fp]=1&order_by=ofr_price&filter[tourOperator]=0&filter[childAge][1]=20201210","https://fly.pl/cdn/photo/assets/uploads/582/278/2018/04/Liza-Mary-fly-pl.jpg","https://fly.pl/wycieczka/grecja,kreta-wschodnia,bali/dolfin-liza-mary-grecja-kreta-grecja/pzg9neTinGlnshqypRIEMpAAogCLDo-eC9d3sw5Q1t7GGzFfWJbTe1aVAwlxPNI_--hEAqBEVDQ1gwi5DR0gZIqYQBUAFYFWACagJBSXIiHBG3SKsEnuAVuQTN3gIYtdAmG6_wQgH-1PrZAQIAYwECBn2Dkho/ofertasv/?filter[tourOperator]=ECCX&filter%5Bperson%5D=2&filter%5BchildAge%5D%5B1%5D=20201210&filter%5Bchild%5D=1"
"Anavadia","17037.0","27.07.2026 - 09.08.2026","14 dni/13 nocy","","3.6","3.6","224","tripadvisor","Все аэропорты","2026-07-13T02:05:55.222988+00:00","https://fly.pl/oferta/grecja-wczasy/?filter[dest]=14:&filter[hotelids]=&filter[cityids]=&filter[cregids]=&filter[ofrType]=&filter[addObjType]=&filter[whenFrom]=13-07-2026&filter[whenTo]=12-08-2026&filter[duration]=13:16&filter[from]=&filter[person]=2&filter[child]=1&filter[price]=4000:20000&filter[PriceFrom]=4000&filter[PriceTo]=20000&filter[addCategory]=40&filter[addCatering]=1&filter[addMisc]=0&filter[addTransport]=F&filter[fp]=1&order_by=ofr_price&filter[tourOperator]=0&filter[childAge][1]=20201210","https://fly.pl/cdn/photo/assets/uploads/582/278/2010/04/Anavadia2467.jpg","https://fly.pl/wycieczka/grecja,rodos,kolymbia/anavadia/prFKvPM-81iduOMKE7jQi5AAog5bmoXrTlVqIC5kZ19CJiIyAxeW04XWEOKpfydjlReiMqBEVYSU0wj5DR0gZIjYUBUAFYzQJgAmoCQUlyIhwRj7wGqwTMhkG5BIwDG5nuLBj__UEBrLeymwsCAGMBAgst21Jd/ofertasv/?filter[tourOperator]=EXIM&filter%5Bperson%5D=2&filter%5BchildAge%5D%5B1%5D=20201210&filter%5Bchild%5D=1"
"Panorama Boutique Village (Agia Pelagia)","17057.0","26.07.2026 - 09.08.2026","15 dni/14 nocy","","4.1","4.1","776","tripadvisor","Все аэропорты","2026-07-13T02:05:55.222988+00:00","https://fly.pl/oferta/grecja-wczasy/?filter[dest]=14:&filter[hotelids]=&filter[cityids]=&filter[cregids]=&filter[ofrType]=&filter[addObjType]=&filter[whenFrom]=13-07-2026&filter[whenTo]=12-08-2026&filter[duration]=13:16&filter[from]=&filter[person]=2&filter[child]=1&filter[price]=4000:20000&filter[PriceFrom]=4000&filter[PriceTo]=20000&filter[addCategory]=40&filter[addCatering]=1&filter[addMisc]=0&filter[addTransport]=F&filter[fp]=1&order_by=ofr_price&filter[tourOperator]=0&filter[childAge][1]=20201210","https://fly.pl/cdn/photo/assets/uploads/582/278/2014/07/agia-pelagia.jpg","https://fly.pl/wycieczka/grecja,kreta-wschodnia,agia-pelagia/panorama-agia-pelagia/p963Jf9PWZ20GOuqsKlW-oAAog38O3GCUEoMz1Bt-WW0D0_vPtMLxcqjH4bqy_ygyAkS4qBFZJVFgwj5DR0gZIoYUBUEFYtQJgAnJAGgBcChUEFwBYAUCPA1u_gwFTxilSAF74UkvtQ2EATI2sOQ3h25gJIAFRvbvXjY0BT-35E13M1fPheAIMYwECCxtn7lw/ofertasv/?filter[tourOperator]=VITX&filter%5Bperson%5D=2&filter%5BchildAge%5D%5B1%5D=20201210&filter%5Bchild%5D=1"
"Pavlina (Kato Achaia)","17114.0","28.07.2026 - 11.08.2026","15 dni/14 nocy","","4.4","4.4","322","tripadvisor","Все аэропорты","2026-07-13T02:05:55.222988+00:00","https://fly.pl/oferta/grecja-wczasy/?filter[dest]=14:&filter[hotelids]=&filter[cityids]=&filter[cregids]=&filter[ofrType]=&filter[addObjType]=&filter[whenFrom]=13-07-2026&filter[whenTo]=12-08-2026&filter[duration]=13:16&filter[from]=&filter[person]=2&filter[child]=1&filter[price]=4000:20000&filter[PriceFrom]=4000&filter[PriceTo]=20000&filter[addCategory]=40&filter[addCatering]=1&filter[addMisc]=0&filter[addTransport]=F&filter[fp]=1&order_by=ofr_price&filter[tourOperator]=0&filter[childAge][1]=20201210","https://fly.pl/cdn/photo/assets/uploads/582/278/2016/11/Pavlina-Beach.jpg","https://fly.pl/wycieczka/grecja,peloponez,niforeika/pavlina-kato-achaia/pyOo_pl1YJ9TbNqgy5E_huAAogtpTblXi-dvrartyBE-_0TNIB36YhylqeVA-Vb33uERYqBFJOQlcwj5DR0gZI2oUBUEFY5QJgAmoEQndjRGoXMjk2LDM4MCw0NzcsNDgzLDQ4NCw0ODVyNZ8BngEVDhcAWAEKBEDEBxH8JhmoMRDwBVKjQ1MAS-YpYQAPkeFAHUMgsJqSCQ0AAgxjAQILYQuhJQ/ofertasv/?filter[tourOperator]=RNBW&filter%5Bperson%5D=2&filter%5BchildAge%5D%5B1%5D=20201210&filter%5Bchild%5D=1"
"Galini Palace","17115.0","15.07.2026 - 30.07.2026","16 dni/14 nocy","","3.9","3.9","90","tripadvisor","Все аэропорты","2026-07-13T02:05:55.222988+00:00","https://fly.pl/oferta/grecja-wczasy/?filter[dest]=14:&filter[hotelids]=&filter[cityids]=&filter[cregids]=&filter[ofrType]=&filter[addObjType]=&filter[whenFrom]=13-07-2026&filter[whenTo]=12-08-2026&filter[duration]=13:16&filter[from]=&filter[person]=2&filter[child]=1&filter[price]=4000:20000&filter[PriceFrom]=4000&filter[PriceTo]=20000&filter[addCategory]=40&filter[addCatering]=1&filter[addMisc]=0&filter[addTransport]=F&filter[fp]=1&order_by=ofr_price&filter[tourOperator]=0&filter[childAge][1]=20201210","https://fly.pl/cdn/photo/assets/uploads/582/278/2019/08/Galini-Palace-fly-pl.jpg","https://fly.pl/wycieczka/grecja,kreta-zachodnia,kolymvari/galini-palace-12/pLy7rrklIDG0Y7IQlxUlYdAAogdb7lNzNeQvf4EoPb0g2giGrqCHBX7kLJo0cMUE6MrBgqBEdSQ1Mwj5DR0gZI24UBUEFYLWADckBcChcFFQBYAFYCHfQBDxdAvwRS43dTAFuzCEuDTGEAXqcwTJbeTQGQtjkNqrfLCCAAUbvgqZ1lARJjAQJjAQINfmEYDQ/ofertasv/?filter[tourOperator]=GRCS&filter%5Bperson%5D=2&filter%5BchildAge%5D%5B1%5D=20201210&filter%5Bchild%5D=1"
"Mirage Bleu Resort","17192.0","26.07.2026 - 09.08.2026","15 dni/14 nocy","","4.1","4.1","147","tripadvisor","Все аэропорты","2026-07-13T02:05:55.222988+00:00","https://fly.pl/oferta/grecja-wczasy/?filter[dest]=14:&filter[hotelids]=&filter[cityids]=&filter[cregids]=&filter[ofrType]=&filter[addObjType]=&filter[whenFrom]=13-07-2026&filter[whenTo]=12-08-2026&filter[duration]=13:16&filter[from]=&filter[person]=2&filter[child]=1&filter[price]=4000:20000&filter[PriceFrom]=4000&filter[PriceTo]=20000&filter[addCategory]=40&filter[addCatering]=1&filter[addMisc]=0&filter[addTransport]=F&filter[fp]=1&order_by=ofr_price&filter[tourOperator]=0&filter[childAge][1]=20201210","https://datacfstatic.merlinx.pl/GRCS/IMG/ZTHMIBL/afb64c1b6b4ae40413efc9f75f2e1457e6fac12b745a1094fe2af5aa77cc2765.webp","https://fly.pl/wycieczka/grecja,zakynthos,tragaki/mirage-bleu-resort-11/pAYiKfI1R6gvzufQ5BWqHGAAogaa79Cc2cL_eLE_9rifLs8Ugblq5LN0hifLHwNnzXNwAqBEdSQ1Mwj5DR0gZIqIYBUEFYtQJgA3JBXAoXBBUAWAFWAh3SBA8MQOwBXsD8AUt4YQBb6x1S10hTAEyb_zgBtPNJDdLxzgggAFHLp8mxogIBEmMBAmMBAgsts-Mo/ofertasv/?filter[tourOperator]=GRCS&filter%5Bperson%5D=2&filter%5BchildAge%5D%5B1%5D=20201210&filter%5Bchild%5D=1"
"Mare Blue & Suites","17254.0","15.07.2026 - 30.07.2026","16 dni/14 nocy","","3.9","3.9","202","tripadvisor","Все аэропорты","2026-07-13T02:05:55.222988+00:00","https://fly.pl/oferta/grecja-wczasy/?filter[dest]=14:&filter[hotelids]=&filter[cityids]=&filter[cregids]=&filter[ofrType]=&filter[addObjType]=&filter[whenFrom]=13-07-2026&filter[whenTo]=12-08-2026&filter[duration]=13:16&filter[from]=&filter[person]=2&filter[child]=1&filter[price]=4000:20000&filter[PriceFrom]=4000&filter[PriceTo]=20000&filter[addCategory]=40&filter[addCatering]=1&filter[addMisc]=0&filter[addTransport]=F&filter[fp]=1&order_by=ofr_price&filter[tourOperator]=0&filter[childAge][1]=20201210","https://fly.pl/cdn/photo/assets/uploads/582/278/2014/09/MARE-BLUE-SUITES.jpg","https://fly.pl/wycieczka/grecja,kreta-zachodnia,georgioupolis/metropol-beach-resort/p60zujYIgSw-BveKFbzRlzAAoglSr4dj6ywTzGNB6ljh-1DGrqCHBX7kLJo0cMUE6MrBgqBEdSQ1Mwj5DR0gZI5oYBUEFYLWACcj1cChcFFQBYAFYCHfQBDxdAvwRS43dTAFuzCEuDTGEAXqcwTJbeTQGEtzkNtrbLCCAAUdboup1lARJjAgJjhOPSuA/ofertasv/?filter[tourOperator]=GRCS&filter%5Bperson%5D=2&filter%5BchildAge%5D%5B1%5D=20201210&filter%5Bchild%5D=1"
"Caretta Sea View","17286.0","14.07.2026 - 28.07.2026","15 dni/14 nocy","","3.9","3.9","2316","tripadvisor","Все аэропорты","2026-07-13T02:05:55.222988+00:00","https://fly.pl/oferta/grecja-wczasy/?filter[dest]=14:&filter[hotelids]=&filter[cityids]=&filter[cregids]=&filter[ofrType]=&filter[addObjType]=&filter[whenFrom]=13-07-2026&filter[whenTo]=12-08-2026&filter[duration]=13:16&filter[from]=&filter[person]=2&filter[child]=1&filter[price]=4000:20000&filter[PriceFrom]=4000&filter[PriceTo]=20000&filter[addCategory]=40&filter[addCatering]=1&filter[addMisc]=0&filter[addTransport]=F&filter[fp]=1&order_by=ofr_price&filter[tourOperator]=0&filter[childAge][1]=20201210","https://fly.pl/cdn/photo/assets/uploads/582/278/2014/10/Hotel-Caretta-Sea-View.jpg","https://fly.pl/wycieczka/grecja,zakynthos,kalamaki/caretta-sea-view/pizAODhTzcrbhNP-WqjxGuAAogNq_iOP3IwyTdIiNcW_IWez3_qva41FRdwDpfbdhknMUqBEdSQ1Mwj5DR0gZIhocBUEFYFWACcj1cChcEFQBYAVYCQMoGHTsPFluxf16-fEuPGGEAUqtPUwBM2_ZMAfeQNg3D3M4IIABRtJ6ssaICARJjAgJj3U_erQ/ofertasv/?filter[tourOperator]=GRCS&filter%5Bperson%5D=2&filter%5BchildAge%5D%5B1%5D=20201210&filter%5Bchild%5D=1"
"Poseidon Palace","17288.0","18.07.2026 - 01.08.2026","15 dni/14 nocy","","4.0","4.0","673","tripadvisor","Все аэропорты","2026-07-13T02:05:55.222988+00:00","https://fly.pl/oferta/grecja-wczasy/?filter[dest]=14:&filter[hotelids]=&filter[cityids]=&filter[cregids]=&filter[ofrType]=&filter[addObjType]=&filter[whenFrom]=13-07-2026&filter[whenTo]=12-08-2026&filter[duration]=13:16&filter[from]=&filter[person]=2&filter[child]=1&filter[price]=4000:20000&filter[PriceFrom]=4000&filter[PriceTo]=20000&filter[addCategory]=40&filter[addCatering]=1&filter[addMisc]=0&filter[addTransport]=F&filter[fp]=1&order_by=ofr_price&filter[tourOperator]=0&filter[childAge][1]=20201210","https://fly.pl/cdn/photo/assets/uploads/582/278/2014/10/Hotel-Poseidon-Palace.jpg","https://fly.pl/wycieczka/grecja,riwiera-olimpijska,leptokaria/poseidon-palace/p7UI3phL3R8Jt8X3PmsySSAAoglS0zkJxiTHj1HIFvxnlKoIsYLkcvWHnOc5wUIEnXTioqBFJOQlcwj5DR0gZIiIcBUEFYdWACagRCd2NEahcyOTYsMzgwLDQ3Nyw0ODMsNDg0LDQ4NWoHNDA3LDQwOHI3nwGeAZwBFQ4XAFgBCgQRqQMQ7gFArQIZxVdh2HNLAFKsTlMAHbSpQQ8rIO-DkQkNAAIMYwECCw9jYPY/ofertasv/?filter[tourOperator]=RNBW&filter%5Bperson%5D=2&filter%5BchildAge%5D%5B1%5D=20201210&filter%5Bchild%5D=1"
"Kipriotis Aqualand","17324.0","21.07.2026 - 04.08.2026","15 dni/14 nocy","","4.4","4.4","3350","tripadvisor","Все аэропорты","2026-07-13T02:05:55.222988+00:00","https://fly.pl/oferta/grecja-wczasy/?filter[dest]=14:&filter[hotelids]=&filter[cityids]=&filter[cregids]=&filter[ofrType]=&filter[addObjType]=&filter[whenFrom]=13-07-2026&filter[whenTo]=12-08-2026&filter[duration]=13:16&filter[from]=&filter[person]=2&filter[child]=1&filter[price]=4000:20000&filter[PriceFrom]=4000&filter[PriceTo]=20000&filter[addCategory]=40&filter[addCatering]=1&filter[addMisc]=0&filter[addTransport]=F&filter[fp]=1&order_by=ofr_price&filter[tourOperator]=0&filter[childAge][1]=20201210","https://fly.pl/cdn/photo/assets/uploads/582/278/2014/10/Hotel-Kipriotis-Aqualand.jpg","https://fly.pl/wycieczka/grecja,kos,psalidi/kipriotis-panorama-aqualand/pH8ChBWruqP3MQ86nngMZtAAog8FKu49m3YbERUawGmqcACT5jsswY-sfbF1puJJsgirsqBEdSQ1Mwj5DR0gZIrIcBUEFYvQFgA3JCXAoXBBUAWAFWAh3mAg8OQNYDW-aFAVLbQlMAS9gDYQBepzBMlt5NAYO0Ng29uc4IIABR8emH8qUBARJjAQJjAQMOZGHZrQ/ofertasv/?filter[tourOperator]=GRCS&filter%5Bperson%5D=2&filter%5BchildAge%5D%5B1%5D=20201210&filter%5Bchild%5D=1"
"Apollonia Beach (Ammoudara)","17337.0","27.07.2026 - 10.08.2026","16 dni/14 nocy","","4.2","4.2","1029","tripadvisor","Все аэропорты","2026-07-13T02:05:55.222988+00:00","https://fly.pl/oferta/grecja-wczasy/?filter[dest]=14:&filter[hotelids]=&filter[cityids]=&filter[cregids]=&filter[ofrType]=&filter[addObjType]=&filter[whenFrom]=13-07-2026&filter[whenTo]=12-08-2026&filter[duration]=13:16&filter[from]=&filter[person]=2&filter[child]=1&filter[price]=4000:20000&filter[PriceFrom]=4000&filter[PriceTo]=20000&filter[addCategory]=40&filter[addCatering]=1&filter[addMisc]=0&filter[addTransport]=F&filter[fp]=1&order_by=ofr_price&filter[tourOperator]=0&filter[childAge][1]=20201210","https://fly.pl/cdn/photo/assets/uploads/582/278/2009/06/Apollonia-Beach-Ammoudara481.jpg","https://fly.pl/wycieczka/grecja,kreta-wschodnia,ammoudara/apollonia-beach-ammoudara/pPb9b9QOsayf5aWJ3hlSF8AAogoEkvhleC84JxLiGccO1RrtxXzdMN5U5cDNDqTf9JOMUqBEVYSU0wj5DR0gZIuYcBUAFYzQJgAmoCQUlyIRwRypoGqwTB8Tu5BB0bgI9KGNfmRAHKhujJDAISYwECDIY15XE/ofertasv/?filter[tourOperator]=EXIM&filter%5Bperson%5D=2&filter%5BchildAge%5D%5B1%5D=20201210&filter%5Bchild%5D=1"
"Ibiscus Corfu","17385.0","29.07.2026 - 12.08.2026","15 dni/14 nocy","","4.1","4.1","347","tripadvisor","Все аэропорты","2026-07-13T02:05:55.222988+00:00","https://fly.pl/oferta/grecja-wczasy/?filter[dest]=14:&filter[hotelids]=&filter[cityids]=&filter[cregids]=&filter[ofrType]=&filter[addObjType]=&filter[whenFrom]=13-07-2026&filter[whenTo]=12-08-2026&filter[duration]=13:16&filter[from]=&filter[person]=2&filter[child]=1&filter[price]=4000:20000&filter[PriceFrom]=4000&filter[PriceTo]=20000&filter[addCategory]=40&filter[addCatering]=1&filter[addMisc]=0&filter[addTransport]=F&filter[fp]=1&order_by=ofr_price&filter[tourOperator]=0&filter[childAge][1]=20201210","https://fly.pl/cdn/photo/assets/uploads/582/278/2019/02/Hotel-Ibiscus-Corfu.jpg","https://fly.pl/wycieczka/grecja,korfu,roda/ibiscus-grecja-korfu-grecja/paPqXUM8eG9aTHZdmt2uPbAAogUT8nDYlJmG2uVvk7_DMUqdgkkniV1hJ6tbbsqMYh8doqBEdSQ1Mwj5DR0gZI6YcBUEFY_QJgA3I_XAoXBBUAWAFWAh1kDwxA2gVSn3dTAFv3CF6qfEuPGGEATMfOOQGCskUNhrPTCCAAUdu69OZkARJjAQJjAQILqBUnPw/ofertasv/?filter[tourOperator]=GRCS&filter%5Bperson%5D=2&filter%5BchildAge%5D%5B1%5D=20201210&filter%5Bchild%5D=1"
"Michelangelo Resort (Kassiopi)","17388.0","29.07.2026 - 11.08.2026","14 dni/13 nocy","","3.7","3.7","197","tripadvisor","Все аэропорты","2026-07-13T02:05:55.222988+00:00","https://fly.pl/oferta/grecja-wczasy/?filter[dest]=14:&filter[hotelids]=&filter[cityids]=&filter[cregids]=&filter[ofrType]=&filter[addObjType]=&filter[whenFrom]=13-07-2026&filter[whenTo]=12-08-2026&filter[duration]=13:16&filter[from]=&filter[person]=2&filter[child]=1&filter[price]=4000:20000&filter[PriceFrom]=4000&filter[PriceTo]=20000&filter[addCategory]=40&filter[addCatering]=1&filter[addMisc]=0&filter[addTransport]=F&filter[fp]=1&order_by=ofr_price&filter[tourOperator]=0&filter[childAge][1]=20201210","https://fly.pl/cdn/photo/assets/uploads/582/278/2021/02/Michelangelo-Resort.jpg","https://fly.pl/wycieczka/grecja,korfu,c/michelangelo-village-14/ppwn9R32WjN4fmt7fzVw_BAAog-kPzo2s6I6wbKTpLF7KXvDEswQl51oLI_4fvdEgYqWEqBEJWQkUwj5DR0gZI7IcBUAFY_QJgAmoCQUlyIRwR3ugBG5H_QBi5mhW5BNi4IasEAQHsjZfbAwIAYwECC9Yujto/ofertasv/?filter[tourOperator]=BVBE&filter%5Bperson%5D=2&filter%5BchildAge%5D%5B1%5D=20201210&filter%5Bchild%5D=1"
"Sunny Days (Ixia)","17435.0","20.07.2026 - 03.08.2026","16 dni/14 nocy","","3.8","3.8","282","tripadvisor","Все аэропорты","2026-07-13T02:05:55.222988+00:00","https://fly.pl/oferta/grecja-wczasy/?filter[dest]=14:&filter[hotelids]=&filter[cityids]=&filter[cregids]=&filter[ofrType]=&filter[addObjType]=&filter[whenFrom]=13-07-2026&filter[whenTo]=12-08-2026&filter[duration]=13:16&filter[from]=&filter[person]=2&filter[child]=1&filter[price]=4000:20000&filter[PriceFrom]=4000&filter[PriceTo]=20000&filter[addCategory]=40&filter[addCatering]=1&filter[addMisc]=0&filter[addTransport]=F&filter[fp]=1&order_by=ofr_price&filter[tourOperator]=0&filter[childAge][1]=20201210","https://fly.pl/cdn/photo/assets/uploads/582/278/2015/06/Sunny-Days-Ixia.jpg","https://fly.pl/wycieczka/grecja,rodos,ixia/sunny-days-ixia/pX1MEHOV9hW8VYOIUx_-4JAAoguY4Bd0J6pramiRws0YinQLMY9ys_84uy04_nnjEOSCIqBFJOQlcwj5DR0gZIm4gBUEFYpQFgAmoEQndjRGoXMjk2LDM4MCw0NzcsNDgzLDQ4NCw0ODVqDzQwNCw0MDcsNDA4LDUyMXI3nwGeAZwBFQ5YARcACgRAxAcR9jYZ3yAQlVJhsyFLAFK4Q1MAD6uNQB0rIO6qkgkNAAIMYwECCy_88bE/ofertasv/?filter[tourOperator]=RNBW&filter%5Bperson%5D=2&filter%5BchildAge%5D%5B1%5D=20201210&filter%5Bchild%5D=1"
"Kipriotis Village Resort","17461.0","28.07.2026 - 11.08.2026","15 dni/14 nocy","","4.0","4.0","2018","tripadvisor","Все аэропорты","2026-07-13T02:05:55.222988+00:00","https://fly.pl/oferta/grecja-wczasy/?filter[dest]=14:&filter[hotelids]=&filter[cityids]=&filter[cregids]=&filter[ofrType]=&filter[addObjType]=&filter[whenFrom]=13-07-2026&filter[whenTo]=12-08-2026&filter[duration]=13:16&filter[from]=&filter[person]=2&filter[child]=1&filter[price]=4000:20000&filter[PriceFrom]=4000&filter[PriceTo]=20000&filter[addCategory]=40&filter[addCatering]=1&filter[addMisc]=0&filter[addTransport]=F&filter[fp]=1&order_by=ofr_price&filter[tourOperator]=0&filter[childAge][1]=20201210","https://fly.pl/cdn/photo/assets/uploads/582/278/2016/11/Hotel-Kipriotis-Village-Resort.jpg","https://fly.pl/wycieczka/grecja,kos,psalidi/kipriotis-village/ptYmVAZ4q8_n-6iVx2PuLRAAogo8HOYiUuwJEvDyeBfUKZza--9zzlaCOXjizXY0wJ1DkqBEdSQ1Mwj5DR0gZItYgBUEFY5QJgA3JCXAoXBBUAWAFWAh3nAg8OQNUDW5aAAVKrSFMAS9gDYQBepzBM1uY5AY7pUw35-8QIIABR8ciZ8qUBARJjAQJjAQIOItSAGg/ofertasv/?filter[tourOperator]=GRCS&filter%5Bperson%5D=2&filter%5BchildAge%5D%5B1%5D=20201210&filter%5Bchild%5D=1"
"Sergios","17491.0","19.07.2026 - 02.08.2026","15 dni/14 nocy","","4.1","4.1","797","tripadvisor","Все аэропорты","2026-07-13T02:05:55.222988+00:00","https://fly.pl/oferta/grecja-wczasy/?filter[dest]=14:&filter[hotelids]=&filter[cityids]=&filter[cregids]=&filter[ofrType]=&filter[addObjType]=&filter[whenFrom]=13-07-2026&filter[whenTo]=12-08-2026&filter[duration]=13:16&filter[from]=&filter[person]=2&filter[child]=1&filter[price]=4000:20000&filter[PriceFrom]=4000&filter[PriceTo]=20000&filter[addCategory]=40&filter[addCatering]=1&filter[addMisc]=0&filter[addTransport]=F&filter[fp]=1&order_by=ofr_price&filter[tourOperator]=0&filter[childAge][1]=20201210","https://fly.pl/cdn/photo/assets/uploads/582/278/2014/07/Sergios-fly-pl.jpg","https://fly.pl/wycieczka/grecja,kreta,hersonissos/smartline-sergios/pXRXXp9fggbBQZdYB5UdmQAAog5INhJ147WNj8EkrFN4b-C8D6SsWc96BL1TYwAmLtH-cqBEdSQ1Mwj5DR0gZI04gBUEFYjQFgAnI-XAoXBBUAWAFWAh20BQ8TQIMBUsipAVMAXvhSS3hhAFuzHkzqvk0B9cI4DcqqzAggAFHNquCNjQEBEmMCAmNmXZaO/ofertasv/?filter[tourOperator]=GRCS&filter%5Bperson%5D=2&filter%5BchildAge%5D%5B1%5D=20201210&filter%5Bchild%5D=1"
"Acharavi Mare by Wyndham (ex. Beis Beach)","17557.0","22.07.2026 - 05.08.2026","16 dni/14 nocy","","2.5","2.5","69","tripadvisor","Все аэропорты","2026-07-13T02:05:55.222988+00:00","https://fly.pl/oferta/grecja-wczasy/?filter[dest]=14:&filter[hotelids]=&filter[cityids]=&filter[cregids]=&filter[ofrType]=&filter[addObjType]=&filter[whenFrom]=13-07-2026&filter[whenTo]=12-08-2026&filter[duration]=13:16&filter[from]=&filter[person]=2&filter[child]=1&filter[price]=4000:20000&filter[PriceFrom]=4000&filter[PriceTo]=20000&filter[addCategory]=40&filter[addCatering]=1&filter[addMisc]=0&filter[addTransport]=F&filter[fp]=1&order_by=ofr_price&filter[tourOperator]=0&filter[childAge][1]=20201210","https://fly.pl/cdn/photo/assets/uploads/582/278/2022/01/Acharavi-Mare-ex.-Beis-Beach-fly-pl.jpg","https://fly.pl/wycieczka/grecja,korfu,acharavi/acharavi-mare-ex-beis-beach-11/pPkL-byjoLAO9_Z5WWGXByAAogUN1Nb8lNE7bswAti_JlyShBm6JGpnbU8GJytcKSB4S0qBFZJVFgwj5DR0gZIlYkBUEFY1QFgAnI-GgBcChUEFwBYAUCPA1PcelIAW-MIYY4fSwBesF1M-e85IN7bmAkNAFG84N3mZE_flhFdnIbD-B8CDGMBAgsH_c3P/ofertasv/?filter[tourOperator]=VITX&filter%5Bperson%5D=2&filter%5BchildAge%5D%5B1%5D=20201210&filter%5Bchild%5D=1"
"Almyra Village","17657.0","22.07.2026 - 05.08.2026","15 dni/14 nocy","","4.0","4.0","714","tripadvisor","Все аэропорты","2026-07-13T02:05:55.222988+00:00","https://fly.pl/oferta/grecja-wczasy/?filter[dest]=14:&filter[hotelids]=&filter[cityids]=&filter[cregids]=&filter[ofrType]=&filter[addObjType]=&filter[whenFrom]=13-07-2026&filter[whenTo]=12-08-2026&filter[duration]=13:16&filter[from]=&filter[person]=2&filter[child]=1&filter[price]=4000:20000&filter[PriceFrom]=4000&filter[PriceTo]=20000&filter[addCategory]=40&filter[addCatering]=1&filter[addMisc]=0&filter[addTransport]=F&filter[fp]=1&order_by=ofr_price&filter[tourOperator]=0&filter[childAge][1]=20201210","https://fly.pl/cdn/photo/assets/uploads/582/278/2010/04/Almyra-Village1883.jpg","https://fly.pl/wycieczka/grecja,kreta-wschodnia,koutsounari/almyra-village/pXAHDbVoH8xIpxVxBwpX0GAAogXw1D_BU5s79uXBUR6cbhHzpoZ8B37R2zHKnVq6hwT7sqBFZJVFgwj5DR0gZI-YkBUEFY1QFgAnI_GgBcChUEFwBYAUCPA1uFdFOAOVIAYdEiSwBepzBM1e85IILcmAkNAFGYz62NjQFPyJAdXZyDqt4bAgxjAQILlQu5BA/ofertasv/?filter[tourOperator]=VITX&filter%5Bperson%5D=2&filter%5BchildAge%5D%5B1%5D=20201210&filter%5Bchild%5D=1"
"Pollis (ex Miramare)","17686.0","28.07.2026 - 11.08.2026","15 dni/14 nocy","","3.9","3.9","122","tripadvisor","Все аэропорты","2026-07-13T02:05:55.222988+00:00","https://fly.pl/oferta/grecja-wczasy/?filter[dest]=14:&filter[hotelids]=&filter[cityids]=&filter[cregids]=&filter[ofrType]=&filter[addObjType]=&filter[whenFrom]=13-07-2026&filter[whenTo]=12-08-2026&filter[duration]=13:16&filter[from]=&filter[person]=2&filter[child]=1&filter[price]=4000:20000&filter[PriceFrom]=4000&filter[PriceTo]=20000&filter[addCategory]=40&filter[addCatering]=1&filter[addMisc]=0&filter[addTransport]=F&filter[fp]=1&order_by=ofr_price&filter[tourOperator]=0&filter[childAge][1]=20201210","https://fly.pl/cdn/photo/assets/uploads/582/278/2014/09/Miramare-Hersonissos.jpg","https://fly.pl/wycieczka/grecja,kreta,hersonissos/miramare-hersonissos/pv2kqgUWizspnC32wYQLofAAogMqDDlo5T5F1jpS1-6Zm7wD2Mp2HsrMxzUx_i04lwaHoqBEVDQ1gwj5DR0gZIlooBUAFY5QJgA2oCQUlyJRwRjEqrBI_fFbkEid4CGPKPKBuYkkEBoPOb5AEBEmMBAGMBAgxDbFCs/ofertasv/?filter[tourOperator]=ECCX&filter%5Bperson%5D=2&filter%5BchildAge%5D%5B1%5D=20201210&filter%5Bchild%5D=1"
"Ramada by Wyndham Loutraki Poseidon Resort","17707.0","28.07.2026 - 11.08.2026","15 dni/14 nocy","","3.6","3.6","310","tripadvisor","Все аэропорты","2026-07-13T02:05:55.222988+00:00","https://fly.pl/oferta/grecja-wczasy/?filter[dest]=14:&filter[hotelids]=&filter[cityids]=&filter[cregids]=&filter[ofrType]=&filter[addObjType]=&filter[whenFrom]=13-07-2026&filter[whenTo]=12-08-2026&filter[duration]=13:16&filter[from]=&filter[person]=2&filter[child]=1&filter[price]=4000:20000&filter[PriceFrom]=4000&filter[PriceTo]=20000&filter[addCategory]=40&filter[addCatering]=1&filter[addMisc]=0&filter[addTransport]=F&filter[fp]=1&order_by=ofr_price&filter[tourOperator]=0&filter[childAge][1]=20201210","https://fly.pl/cdn/photo/assets/uploads/582/278/2010/10/Ramada-Loutraki-Poseidon-Resort.jpg","https://fly.pl/wycieczka/grecja,zatoka-koryncka,loutraki/poseidon-resort/pc4RleHS-sQwK1T2dAR8Q_AAogQVIsVhIF-fuUMqw9lgUPONIB36YhylqeVA-Vb33uERYqBFJOQlcwj5DR0gZIq4oBUEFY5QJgAmoEQ0FnUWoXMjk2LDM4MCw0NzcsNDgzLDQ4NCw0ODVyNZ8BngEVDhcAWAEKFkCyBxHwARCFKhmvLFKTSVMAS-YpYQAPkeFAHUMgsJqSCQ0AAg1jAQIM53aIvA/ofertasv/?filter[tourOperator]=RNBW&filter%5Bperson%5D=2&filter%5BchildAge%5D%5B1%5D=20201210&filter%5Bchild%5D=1"
"Silver Beach Resort","17721.0","22.07.2026 - 05.08.2026","15 dni/14 nocy","","4.4","4.4","256","tripadvisor","Все аэропорты","2026-07-13T02:05:55.222988+00:00","https://fly.pl/oferta/grecja-wczasy/?filter[dest]=14:&filter[hotelids]=&filter[cityids]=&filter[cregids]=&filter[ofrType]=&filter[addObjType]=&filter[whenFrom]=13-07-2026&filter[whenTo]=12-08-2026&filter[duration]=13:16&filter[from]=&filter[person]=2&filter[child]=1&filter[price]=4000:20000&filter[PriceFrom]=4000&filter[PriceTo]=20000&filter[addCategory]=40&filter[addCatering]=1&filter[addMisc]=0&filter[addTransport]=F&filter[fp]=1&order_by=ofr_price&filter[tourOperator]=0&filter[childAge][1]=20201210","https://fly.pl/cdn/photo/assets/uploads/582/278/2017/01/silver-beach-resort-kreta.jpg","https://fly.pl/wycieczka/grecja,kreta-zachodnia,gerani/silver-beach-resort/pKKLv0p4j2EjajyfBllDEDAAogTo8QEfwQf6wTKb3XhPdRKDcTJMsZkzGRcyqtbOGlZAEqBFJOQlcwj5DR0gZIuYoBUEFY1QFgAmoERFExc2oXMjk2LDM4MCw0NzcsNDgzLDQ4NCw0ODVyOJ8BngEVDhcAWAERmwVArQIKsQEQii4ZqChShB9TAEvKyAFhAB3EvkAPzQEg2ceRCQ0AAg5jAQMN0yNnwg/ofertasv/?filter[tourOperator]=RNBW&filter%5Bperson%5D=2&filter%5BchildAge%5D%5B1%5D=20201210&filter%5Bchild%5D=1"
"Zeus Ydoria Resort","17728.0","26.07.2026 - 09.08.2026","15 dni/14 nocy","","4.6","4.6","113","tripadvisor","Все аэропорты","2026-07-13T02:05:55.222988+00:00","https://fly.pl/oferta/grecja-wczasy/?filter[dest]=14:&filter[hotelids]=&filter[cityids]=&filter[cregids]=&filter[ofrType]=&filter[addObjType]=&filter[whenFrom]=13-07-2026&filter[whenTo]=12-08-2026&filter[duration]=13:16&filter[from]=&filter[person]=2&filter[child]=1&filter[price]=4000:20000&filter[PriceFrom]=4000&filter[PriceTo]=20000&filter[addCategory]=40&filter[addCatering]=1&filter[addMisc]=0&filter[addTransport]=F&filter[fp]=1&order_by=ofr_price&filter[tourOperator]=0&filter[childAge][1]=20201210","https://fly.pl/cdn/photo/assets/uploads/582/278/2014/09/Zeus-Hotels-Ydoria-Resort.jpg","https://fly.pl/wycieczka/grecja,kreta-zachodnia,adelianos-kampos/rethymno-residense-ex-maravel-sky/pDR6NbbQHlS5SQerKNU09VAAogo91-l5-zcOceDcm1ZR--LKZFR721iU6XxgRSEp8gTMYqBEdSQ1Mwj5DR0gZIwIoBUEFYtQJgA3JBFw4VAFgBVgJcAh37Aw8SQLsCUuN3UwBe3YQBW6sfS54pYQBMjZ45AYvlTQ36_8oIIABRpKqinWUBEmMBAmMBAgtelytl/ofertasv/?filter[tourOperator]=GRCS&filter%5Bperson%5D=2&filter%5BchildAge%5D%5B1%5D=20201210&filter%5Bchild%5D=1"
"Zeus Eretria Resort","17783.0","29.07.2026 - 12.08.2026","15 dni/14 nocy","","3.5","3.5","266","tripadvisor","Все аэропорты","2026-07-13T02:05:55.222988+00:00","https://fly.pl/oferta/grecja-wczasy/?filter[dest]=14:&filter[hotelids]=&filter[cityids]=&filter[cregids]=&filter[ofrType]=&filter[addObjType]=&filter[whenFrom]=13-07-2026&filter[whenTo]=12-08-2026&filter[duration]=13:16&filter[from]=&filter[person]=2&filter[child]=1&filter[price]=4000:20000&filter[PriceFrom]=4000&filter[PriceTo]=20000&filter[addCategory]=40&filter[addCatering]=1&filter[addMisc]=0&filter[addTransport]=F&filter[fp]=1&order_by=ofr_price&filter[tourOperator]=0&filter[childAge][1]=20201210","https://fly.pl/cdn/photo/assets/uploads/582/278/2014/11/Hotel-Eretria-Spa-Resort.jpg","https://fly.pl/wycieczka/grecja,evia,eretria/eretria-village/p3SqajKDKR3ZfYR4vuXW_wAAog4uRr2JUc0MtKLNogmXRdV_Zm49aIDIpL9e6TN7x-coQqBEdSQ1Mwj5DR0gZI94oBUEFY_QJgA3I_Fw4VAFgBVgJcAh2sBg8LQBFS6mZTAFu6Cl6ciwFLeGEATN3lOQGAnUsNicjNCCAAUZGDkdRXARJjAQJjAQIL-nwRgw/ofertasv/?filter[tourOperator]=GRCS&filter%5Bperson%5D=2&filter%5BchildAge%5D%5B1%5D=20201210&filter%5Bchild%5D=1"
"Meropi Hotel & Apartments (Malia)","17828.0","26.07.2026 - 10.08.2026","16 dni/14 nocy","","3.6","3.6","116","tripadvisor","Все аэропорты","2026-07-13T02:05:55.222988+00:00","https://fly.pl/oferta/grecja-wczasy/?filter[dest]=14:&filter[hotelids]=&filter[cityids]=&filter[cregids]=&filter[ofrType]=&filter[addObjType]=&filter[whenFrom]=13-07-2026&filter[whenTo]=12-08-2026&filter[duration]=13:16&filter[from]=&filter[person]=2&filter[child]=1&filter[price]=4000:20000&filter[PriceFrom]=4000&filter[PriceTo]=20000&filter[addCategory]=40&filter[addCatering]=1&filter[addMisc]=0&filter[addTransport]=F&filter[fp]=1&order_by=ofr_price&filter[tourOperator]=0&filter[childAge][1]=20201210","https://datacfstatic.merlinx.pl/WEZY/IMG/1351/564c89c7e46f15a6e6f1917a491f6c7aafce0dcecb4b07a8ee9ba6b67360c1d1.webp","https://fly.pl/wycieczka/grecja,kreta,malia/meropi-malia/p_T_vGH9Wn9cj7phoQ91KsAAogUESSizRhnwt76GEUmqpVmwAAAADQwQQA7MEEAA4AAQAqBFdFWlkwj5DR0gZIpIsBUEFYtQJgA2oLUnlhbmFpciBTdW5qBDAwNDBqBDAxMTVqBDAzMzByQJ4BlAGVAZgBHwAcAQIAFgQXCRKlBBGUBhOiBUC4cUvKJFAATLgKTwAbyowCHePGDyAcDYrLwQkBEmMBDGMBAgskE0AS/ofertasv/?filter[tourOperator]=WEZY&filter%5Bperson%5D=2&filter%5BchildAge%5D%5B1%5D=20201210&filter%5Bchild%5D=1"
"CEPU Orient","17889.0","14.07.2026 - 28.07.2026","15 dni/14 nocy","","","","","","Все аэропорты","2026-07-13T02:05:55.222988+00:00","https://fly.pl/oferta/grecja-wczasy/?filter[dest]=14:&filter[hotelids]=&filter[cityids]=&filter[cregids]=&filter[ofrType]=&filter[addObjType]=&filter[whenFrom]=13-07-2026&filter[whenTo]=12-08-2026&filter[duration]=13:16&filter[from]=&filter[person]=2&filter[child]=1&filter[price]=4000:20000&filter[PriceFrom]=4000&filter[PriceTo]=20000&filter[addCategory]=40&filter[addCatering]=1&filter[addMisc]=0&filter[addTransport]=F&filter[fp]=1&order_by=ofr_price&filter[tourOperator]=0&filter[childAge][1]=20201210","https://datacfstatic.merlinx.pl/RNBW/IMG/7902/152cec0a6417b824a08b7ff5c967d299f0b3503ec18c9123182409b994972a55.webp","https://fly.pl/wycieczka/grecja,zakynthos,kipseli/cepu-orient-13/pXFtQwWid9v0P6_4a3fHA1AAog8pk-TNkr4FAzYmk_QARjB6GelNSY4IakdNW6i3trjLcqBFJOQlcwj5DR0gZI4YsBUEFYFWACagRCd2NEahcyOTYsMzgwLDQ3Nyw0ODMsNDg0LDQ4NXI2nwGeARUOFwBYAQoEQMQHEYc2GeYhEKJPYa0pSwBSwpIBUwAP_Po_HSMg9uiRCQ0AAgxjAQILzIsOIw/ofertasv/?filter[tourOperator]=RNBW&filter%5Bperson%5D=2&filter%5BchildAge%5D%5B1%5D=20201210&filter%5Bchild%5D=1"
"Atlantis (Lambi)","17897.0","21.07.2026 - 04.08.2026","15 dni/14 nocy","","3.9","3.9","1971","tripadvisor","Все аэропорты","2026-07-13T02:05:55.222988+00:00","https://fly.pl/oferta/grecja-wczasy/?filter[dest]=14:&filter[hotelids]=&filter[cityids]=&filter[cregids]=&filter[ofrType]=&filter[addObjType]=&filter[whenFrom]=13-07-2026&filter[whenTo]=12-08-2026&filter[duration]=13:16&filter[from]=&filter[person]=2&filter[child]=1&filter[price]=4000:20000&filter[PriceFrom]=4000&filter[PriceTo]=20000&filter[addCategory]=40&filter[addCatering]=1&filter[addMisc]=0&filter[addTransport]=F&filter[fp]=1&order_by=ofr_price&filter[tourOperator]=0&filter[childAge][1]=20201210","https://fly.pl/cdn/photo/assets/uploads/582/278/2015/03/Atlantis.jpg","https://fly.pl/wycieczka/grecja,kos,lambi/atlantis-lambi/pmSJ5HfOyICqgqm8U11DQeAAogXZTnzlqAwPYsUc8Pb8aVS-8a_XrSpiF6IEGunFpiECcqBFZJVFgwj5DR0gZI6YsBUEFYvQFgAnJAGgBcChUEFwBYAUCPA1u_gwFTv0hSAF7_M0vtQ2EATIysOSDd25gJDQBR3dHe8aUBT9SVPV3Q_cv9XwIMYwEFC8UIM4A/ofertasv/?filter[tourOperator]=VITX&filter%5Bperson%5D=2&filter%5BchildAge%5D%5B1%5D=20201210&filter%5Bchild%5D=1"
"Tesoro","17868.0","27.07.2026 - 10.08.2026","15 dni/14 nocy","","3.6","3.6","313","tripadvisor","Все аэропорты","2026-07-13T02:05:55.222988+00:00","https://fly.pl/oferta/grecja-wczasy/?filter[dest]=14:&filter[hotelids]=&filter[cityids]=&filter[cregids]=&filter[ofrType]=&filter[addObjType]=&filter[whenFrom]=13-07-2026&filter[whenTo]=12-08-2026&filter[duration]=13:16&filter[from]=&filter[person]=2&filter[child]=1&filter[price]=4000:20000&filter[PriceFrom]=4000&filter[PriceTo]=20000&filter[addCategory]=40&filter[addCatering]=1&filter[addMisc]=0&filter[addTransport]=F&filter[fp]=1&order_by=ofr_price&filter[tourOperator]=0&filter[childAge][1]=20201210","https://fly.pl/cdn/photo/assets/uploads/582/278/2024/07/tesoro.jpg","https://fly.pl/wycieczka/grecja,zakynthos,tsilivi/tesoro-9/XTOP637983X_wYAAHNOYVBwWQG-AQAl_UORCpABCgYIz9QOEAESBgiw4xEQARp-TVBVVzJHRjIzTjFWNkpNVzVLSUdTOUdCMVBESFJTTEM5QUVXS1RMSkNIVTA2SkoyRERZOUhGMURCNERIR1BKNEc3VTlRN0Y1VlE3WFVXUUNMRTZOTTk2SVlaWlBPTzBTTldRRkY3UE42MDRQWkw0UjZTWkxJUUY0REJMQjQ0CoEBCgYIsNsQEAISBgjHllcQARpvTzU0NTQ0ZDUzMmY0MTQ3NTI1YTU0NDg0NTMwNDg0YjJmNTI0ZDUzNDQ1NDU3MzAzMDMwMzAyZjQxNDkyZjMxMzQyZjMyMzAzMjM2MzAzNzMyMzcyZjMwMzEzMjMzMzQzNTM2MzczODM5MzAzMTMyCiUKBgjU3gEQARIGCNKPAhABGhNEU1JULTE1OTAtVFJBTlNGRVIxCiEKBQjMOhABEgUI80YQARoRRFNSTS0xNTkwLTJyMjI2NDMKIgoFCMA-EAESBQjQSxABGhJEU1JNLTE1OTAtNTByMjI2NDQKIwoFCPJXEAESBQidaxABGhNEU1JVLTE1OTAtVWJlemJhc2ljGLYMKMwUMgYIqYdtEAE4Aw/ofertasv/?filter[tourOperator]=XTOP&filter%5Bperson%5D=2&filter%5BchildAge%5D%5B1%5D=20201210&filter%5Bchild%5D=1"
"Cyprotel Faliraki","17979.0","24.07.2026 - 07.08.2026","15 dni/14 nocy","","4.3","4.3","2486","tripadvisor","Все аэропорты","2026-07-13T02:05:55.222988+00:00","https://fly.pl/oferta/grecja-wczasy/?filter[dest]=14:&filter[hotelids]=&filter[cityids]=&filter[cregids]=&filter[ofrType]=&filter[addObjType]=&filter[whenFrom]=13-07-2026&filter[whenTo]=12-08-2026&filter[duration]=13:16&filter[from]=&filter[person]=2&filter[child]=1&filter[price]=4000:20000&filter[PriceFrom]=4000&filter[PriceTo]=20000&filter[addCategory]=40&filter[addCatering]=1&filter[addMisc]=0&filter[addTransport]=F&filter[fp]=1&order_by=ofr_price&filter[tourOperator]=0&filter[childAge][1]=20201210","https://fly.pl/cdn/photo/assets/uploads/582/278/2015/01/Cyprotel-Faliraki-ex-Luca-Cypria-fly-pl.jpg","https://fly.pl/wycieczka/grecja,rodos,faliraki/cyprotel-faliraki-resort-ex-luca-cypria/pSxPWTgO8Sz-Be2gW2T4U8AAogcAJqkclDfh6_D10vikSEnwAAAADmfwQAAoAEAA4AAQAqBFdFWlkwj5DR0gZIu4wBUEFYhQJgA2oJRW50ZXIgQWlyagQwNTEwagQwOTIwckGeAZMBlAEfAAIBHAAWBBcJEs8EFeoIGNIBQIhyEcQOS49DUABMuENPABvrzQQdz5sLIBwN8s7CCQESYwENYwECDHUhr9c/ofertasv/?filter[tourOperator]=WEZY&filter%5Bperson%5D=2&filter%5BchildAge%5D%5B1%5D=20201210&filter%5Bchild%5D=1"
"Mare Olympus (Agios Nikolaos)","18024.0","14.07.2026 - 28.07.2026","15 dni/14 nocy","","4.5","4.5","396","tripadvisor","Все аэропорты","2026-07-13T02:05:55.222988+00:00","https://fly.pl/oferta/grecja-wczasy/?filter[dest]=14:&filter[hotelids]=&filter[cityids]=&filter[cregids]=&filter[ofrType]=&filter[addObjType]=&filter[whenFrom]=13-07-2026&filter[whenTo]=12-08-2026&filter[duration]=13:16&filter[from]=&filter[person]=2&filter[child]=1&filter[price]=4000:20000&filter[PriceFrom]=4000&filter[PriceTo]=20000&filter[addCategory]=40&filter[addCatering]=1&filter[addMisc]=0&filter[addTransport]=F&filter[fp]=1&order_by=ofr_price&filter[tourOperator]=0&filter[childAge][1]=20201210","https://fly.pl/cdn/photo/assets/uploads/582/278/2014/07/Olympus-Agios-Nikolaos.jpg","https://fly.pl/wycieczka/grecja,kreta-wschodnia,agios-nikolaos/olympus-agios-nikolaos/pPwCncoedwTVfdcCM0PmHjAAogZw0GeUf4VVDa_uq3H6Z1ZfWJbTe1aVAwlxPNI_--hEAqBEVDQ1gwj5DR0gZI6IwBUAFYFWACagJBSXIiHBHPT6sEhtkVuQTN3gIYzYMpG4aFQQH7xMLqAQIAYwECC3nhlfE/ofertasv/?filter[tourOperator]=ECCX&filter%5Bperson%5D=2&filter%5BchildAge%5D%5B1%5D=20201210&filter%5Bchild%5D=1"
"White Olive Premium Lindos (ex Pefkos Garden)","18075.0","24.07.2026 - 07.08.2026","15 dni/14 nocy","","4.1","4.1","415","tripadvisor","Все аэропорты","2026-07-13T02:05:55.222988+00:00","https://fly.pl/oferta/grecja-wczasy/?filter[dest]=14:&filter[hotelids]=&filter[cityids]=&filter[cregids]=&filter[ofrType]=&filter[addObjType]=&filter[whenFrom]=13-07-2026&filter[whenTo]=12-08-2026&filter[duration]=13:16&filter[from]=&filter[person]=2&filter[child]=1&filter[price]=4000:20000&filter[PriceFrom]=4000&filter[PriceTo]=20000&filter[addCategory]=40&filter[addCatering]=1&filter[addMisc]=0&filter[addTransport]=F&filter[fp]=1&order_by=ofr_price&filter[tourOperator]=0&filter[childAge][1]=20201210","https://fly.pl/cdn/photo/assets/uploads/582/278/2014/07/White-Olive-Premium-Lindos.jpg","https://fly.pl/wycieczka/grecja,rodos,pefki/pefkos-garden/pqAWlGtIpjkpJWBZhrhblTAAogQ1YQaVsF3pn-G4d3-vWcbFmXjqp00xvDS5iA2uUV_i4qBFJOQlcwj5DR0gZIm40BUEFYhQJgAmoEQndjSmoXMjk2LDM4MCw0NzcsNDgzLDQ4NCw0ODVyN58BngEVDhcAWAEKQUCHBxGxHhCPIhmVF2HnpAFLAFKZElMAD7WyQB2bAyD4gpIJDQACDGMBAga2ct6G/ofertasv/?filter[tourOperator]=RNBW&filter%5Bperson%5D=2&filter%5BchildAge%5D%5B1%5D=20201210&filter%5Bchild%5D=1"
"Hersonissos Palace","18101.0","22.07.2026 - 06.08.2026","16 dni/14 nocy","","4.0","4.0","307","tripadvisor","Все аэропорты","2026-07-13T02:05:55.222988+00:00","https://fly.pl/oferta/grecja-wczasy/?filter[dest]=14:&filter[hotelids]=&filter[cityids]=&filter[cregids]=&filter[ofrType]=&filter[addObjType]=&filter[whenFrom]=13-07-2026&filter[whenTo]=12-08-2026&filter[duration]=13:16&filter[from]=&filter[person]=2&filter[child]=1&filter[price]=4000:20000&filter[PriceFrom]=4000&filter[PriceTo]=20000&filter[addCategory]=40&filter[addCatering]=1&filter[addMisc]=0&filter[addTransport]=F&filter[fp]=1&order_by=ofr_price&filter[tourOperator]=0&filter[childAge][1]=20201210","https://fly.pl/cdn/photo/assets/uploads/582/278/2015/04/Hersonissos-Palace-fly-pl-2.jpg","https://fly.pl/wycieczka/grecja,kreta,hersonissos/hersonissos-palace/p-zAj49md7EhL6wmgNeXLpAAoggvYrpRDvccvL8QIA_kTpZ6lKhd8WVsuOLhkd7_NDSSwqBFJOQlcwj5DR0gZItY0BUEFY1QFgAmoEQndjRGoXMjk2LDM4MCw0NzcsNDgzLDQ4NCw0ODVqDzQwNCw0MDcsNDA4LDUyMXI4nwGeAZwBFQ5YARcACgRAxAcR2DgZiB9S7FBTABDBCEuQGmEAHe66QQ_aBCC2vJEJDQACDGMBAgumX8zD/ofertasv/?filter[tourOperator]=RNBW&filter%5Bperson%5D=2&filter%5BchildAge%5D%5B1%5D=20201210&filter%5Bchild%5D=1"
"Kiotari Miraluna (ex. Labranda Kiotari Miraluna Village)","18119.0","17.07.2026 - 31.07.2026","15 dni/14 nocy","","4.2","4.2","2864","tripadvisor","Все аэропорты","2026-07-13T02:05:55.222988+00:00","https://fly.pl/oferta/grecja-wczasy/?filter[dest]=14:&filter[hotelids]=&filter[cityids]=&filter[cregids]=&filter[ofrType]=&filter[addObjType]=&filter[whenFrom]=13-07-2026&filter[whenTo]=12-08-2026&filter[duration]=13:16&filter[from]=&filter[person]=2&filter[child]=1&filter[price]=4000:20000&filter[PriceFrom]=4000&filter[PriceTo]=20000&filter[addCategory]=40&filter[addCatering]=1&filter[addMisc]=0&filter[addTransport]=F&filter[fp]=1&order_by=ofr_price&filter[tourOperator]=0&filter[childAge][1]=20201210","https://fly.pl/cdn/photo/assets/uploads/582/278/2016/04/Kiotari-Miraluna-Villag.jpg","https://fly.pl/wycieczka/grecja,rodos,kiotari/miraluna-kiotari-village/prd7794U0khHrz5TImMbK6AAogsVfF3woJtkK_2VfTfO30cYZYQ9UMPNbK-ZuWoqPV8vUqBEdSQ1Mwk5DR0gZIx40BUEFYXWADckJcChcEFQBYAVYCHagFDxVAjQFLxcsBYQBe-zBSkRNTAFuaDEzrvk0BqfcxDZP20gggAFGhm7bt3gEBEmMBAmMBAwtc5ygt/ofertasv/?filter[tourOperator]=GRCS&filter%5Bperson%5D=2&filter%5BchildAge%5D%5B1%5D=20201210&filter%5Bchild%5D=1"
"LABRANDA Blue Bay Resort","18140.0","24.07.2026 - 07.08.2026","15 dni/14 nocy","","4.2","4.2","5120","tripadvisor","Все аэропорты","2026-07-13T02:05:55.222988+00:00","https://fly.pl/oferta/grecja-wczasy/?filter[dest]=14:&filter[hotelids]=&filter[cityids]=&filter[cregids]=&filter[ofrType]=&filter[addObjType]=&filter[whenFrom]=13-07-2026&filter[whenTo]=12-08-2026&filter[duration]=13:16&filter[from]=&filter[person]=2&filter[child]=1&filter[price]=4000:20000&filter[PriceFrom]=4000&filter[PriceTo]=20000&filter[addCategory]=40&filter[addCatering]=1&filter[addMisc]=0&filter[addTransport]=F&filter[fp]=1&order_by=ofr_price&filter[tourOperator]=0&filter[childAge][1]=20201210","https://fly.pl/cdn/photo/assets/uploads/582/278/2016/11/BLUE-BAY-RESORT.jpg","https://fly.pl/wycieczka/grecja,rodos,ialyssos/blue-bay-beach-ialyssos/pVx4XZv0FN_JVuQE0KPjrPAAogoHzbSagISHr204uRY1vWRQAAAADmfwQAAoAEAA4AAQAqBFdFWlkwk5DR0gZI3I0BUEFYhQJgA2oJRW50ZXIgQWlyagQwNTEwagQwOTIwckGeAZMBlAEfAAIBHAAWBBcJEs8EFeoIGNIBEfcRQJFgS9NRUABMuENPAB266Q8gHBvigGQNkM7eCAESYwEMYwECCz5OSXM/ofertasv/?filter[tourOperator]=WEZY&filter%5Bperson%5D=2&filter%5BchildAge%5D%5B1%5D=20201210&filter%5Bchild%5D=1"
"Brown Beach Evia Island (ex. Grand Bleu)","18141.0","29.07.2026 - 12.08.2026","15 dni/14 nocy","","4.0","4.0","156","tripadvisor","Все аэропорты","2026-07-13T02:05:55.222988+00:00","https://fly.pl/oferta/grecja-wczasy/?filter[dest]=14:&filter[hotelids]=&filter[cityids]=&filter[cregids]=&filter[ofrType]=&filter[addObjType]=&filter[whenFrom]=13-07-2026&filter[whenTo]=12-08-2026&filter[duration]=13:16&filter[from]=&filter[person]=2&filter[child]=1&filter[price]=4000:20000&filter[PriceFrom]=4000&filter[PriceTo]=20000&filter[addCategory]=40&filter[addCatering]=1&filter[addMisc]=0&filter[addTransport]=F&filter[fp]=1&order_by=ofr_price&filter[tourOperator]=0&filter[childAge][1]=20201210","https://fly.pl/cdn/photo/assets/uploads/582/278/2015/10/Hotel-Brown-Beach-Evia-Island.jpg","https://fly.pl/wycieczka/grecja,evia,eretria/grand-bleu/pL4rlRwpQV8MzV2duRJB0AAAogR7cUzw1W0Q-kklmxmjdzIfZm49aIDIpL9e6TN7x-coQqBEdSQ1Mwk5DR0gZI3Y0BUEFY_QJgA3I-XAoXBBUAWAFWAh2uBg8LQBFS6mZTAFusGV6qfEt4YQBM3eU5AaGdSw3ox80IIABRkbmI1FcBEmMBAmMBAgt61eeU/ofertasv/?filter[tourOperator]=GRCS&filter%5Bperson%5D=2&filter%5BchildAge%5D%5B1%5D=20201210&filter%5Bchild%5D=1"
"Porto Greco Village Beach","18149.0","26.07.2026 - 10.08.2026","16 dni/14 nocy","","3.6","3.6","735","tripadvisor","Все аэропорты","2026-07-13T02:05:55.222988+00:00","https://fly.pl/oferta/grecja-wczasy/?filter[dest]=14:&filter[hotelids]=&filter[cityids]=&filter[cregids]=&filter[ofrType]=&filter[addObjType]=&filter[whenFrom]=13-07-2026&filter[whenTo]=12-08-2026&filter[duration]=13:16&filter[from]=&filter[person]=2&filter[child]=1&filter[price]=4000:20000&filter[PriceFrom]=4000&filter[PriceTo]=20000&filter[addCategory]=40&filter[addCatering]=1&filter[addMisc]=0&filter[addTransport]=F&filter[fp]=1&order_by=ofr_price&filter[tourOperator]=0&filter[childAge][1]=20201210","https://fly.pl/cdn/photo/assets/uploads/582/278/2017/10/Porto-Greco-fly-pl.jpg","https://fly.pl/wycieczka/grecja,kreta,hersonissos/porto-greco/psgtLzhhoDLDw0CLyz6B44AAogS7tJZ07Qt01kgXlENfCQ1R1R8-mlzJ4shd4gn7DoEKoqBFJOQlcwk5DR0gZI5Y0BUEFYtQJgAmoEQndjRGoXMjk2LDM4MCw0NzcsNDgzLDQ4NCw0ODVyNZ8BngEVDlgBFwAKBEDEBxH4MRnoJRC_NmH1D0sAUrgKUwAPlvRBHS8gjqqRCQ0AAgxjAQILagGGbg/ofertasv/?filter[tourOperator]=RNBW&filter%5Bperson%5D=2&filter%5BchildAge%5D%5B1%5D=20201210&filter%5Bchild%5D=1"
"Xenios Anastasia Resort & Spa (ex. Anastasia Resort & Spa)","18163.0","18.07.2026 - 01.08.2026","15 dni/14 nocy","","3.9","3.9","655","tripadvisor","Все аэропорты","2026-07-13T02:05:55.222988+00:00","https://fly.pl/oferta/grecja-wczasy/?filter[dest]=14:&filter[hotelids]=&filter[cityids]=&filter[cregids]=&filter[ofrType]=&filter[addObjType]=&filter[whenFrom]=13-07-2026&filter[whenTo]=12-08-2026&filter[duration]=13:16&filter[from]=&filter[person]=2&filter[child]=1&filter[price]=4000:20000&filter[PriceFrom]=4000&filter[PriceTo]=20000&filter[addCategory]=40&filter[addCatering]=1&filter[addMisc]=0&filter[addTransport]=F&filter[fp]=1&order_by=ofr_price&filter[tourOperator]=0&filter[childAge][1]=20201210","https://fly.pl/cdn/photo/assets/uploads/582/278/2015/02/Anastasia-Resort-Spa-fly-pl.jpg","https://fly.pl/wycieczka/grecja,chalkidiki,nea-skioni/anastasia-resort-spa/pyB5iaKVpXfqAs5LovK0GgAAogEzcShnH5sCFm12DUGxRKNIsYLkcvWHnOc5wUIEnXTioqBFJOQlcwk5DR0gZI840BUEFYdWACagRCd2NEahcyOTYsMzgwLDQ3Nyw0ODMsNDg0LDQ4NWoHNDA3LDQwOHI3nwGeAZwBFQ4XAFgBCgRAxAcR7AsZ2ksQ7lRh6R5LAFKsTlMAHbSpQQ8rIO-DkQkNAAIMYwECC0_XHBY/ofertasv/?filter[tourOperator]=RNBW&filter%5Bperson%5D=2&filter%5BchildAge%5D%5B1%5D=20201210&filter%5Bchild%5D=1"
"Caretta Beach (Kalamaki)","18187.0","14.07.2026 - 28.07.2026","15 dni/14 nocy","","3.9","3.9","2316","tripadvisor","Все аэропорты","2026-07-13T02:05:55.222988+00:00","https://fly.pl/oferta/grecja-wczasy/?filter[dest]=14:&filter[hotelids]=&filter[cityids]=&filter[cregids]=&filter[ofrType]=&filter[addObjType]=&filter[whenFrom]=13-07-2026&filter[whenTo]=12-08-2026&filter[duration]=13:16&filter[from]=&filter[person]=2&filter[child]=1&filter[price]=4000:20000&filter[PriceFrom]=4000&filter[PriceTo]=20000&filter[addCategory]=40&filter[addCatering]=1&filter[addMisc]=0&filter[addTransport]=F&filter[fp]=1&order_by=ofr_price&filter[tourOperator]=0&filter[childAge][1]=20201210","https://fly.pl/cdn/photo/assets/uploads/582/278/2014/10/Hotel-Caretta-Beach-Resort-Waterpark.jpg","https://fly.pl/wycieczka/grecja,zakynthos,kalamaki/caretta-beach/pf3WE_hS52871kaRimP2XFAAogDXUfN-JqnYcYYmKcOk9eIT3_qva41FRdwDpfbdhknMUqBEdSQ1Mwk5DR0gZIi44BUEFYFWADckFcChcEFQBYAVYCQMoGHTsPFlv7ZF70lgFLjxhhAFKrT1MATNv2TAHSkDYN6NzOCCAAUZCerLGiAgESYwECYwEDDzSIVpI/ofertasv/?filter[tourOperator]=GRCS&filter%5Bperson%5D=2&filter%5BchildAge%5D%5B1%5D=20201210&filter%5Bchild%5D=1"
"Mistral Mare","18298.0","29.07.2026 - 13.08.2026","16 dni/14 nocy","","3.9","3.9","356","tripadvisor","Все аэропорты","2026-07-13T02:05:55.222988+00:00","https://fly.pl/oferta/grecja-wczasy/?filter[dest]=14:&filter[hotelids]=&filter[cityids]=&filter[cregids]=&filter[ofrType]=&filter[addObjType]=&filter[whenFrom]=13-07-2026&filter[whenTo]=12-08-2026&filter[duration]=13:16&filter[from]=&filter[person]=2&filter[child]=1&filter[price]=4000:20000&filter[PriceFrom]=4000&filter[PriceTo]=20000&filter[addCategory]=40&filter[addCatering]=1&filter[addMisc]=0&filter[addTransport]=F&filter[fp]=1&order_by=ofr_price&filter[tourOperator]=0&filter[childAge][1]=20201210","https://fly.pl/cdn/photo/assets/uploads/582/278/2015/07/Mistral-Mare.jpg","https://fly.pl/wycieczka/grecja,kreta-wschodnia,istron/mistral-mare/pa-3N89FioTvhfrjET-qKcAAogJnx9clGsOkR7bWJn95RETfUexrWWdRM85KWMWHsQ1FQqBFZJVFgwk5DR0gZI-o4BUEFY_QJgAnJCGgBcChUEFwBYAUCPA1u_gwFT1EFSAGHDCksAXqcwTNbbPA2I8JUJIAFRs8jPjY0BT6WzxqcTXZTL5bYIAgxjAQILUZXt0g/ofertasv/?filter[tourOperator]=VITX&filter%5Bperson%5D=2&filter%5BchildAge%5D%5B1%5D=20201210&filter%5Bchild%5D=1"
"Sandy Beach Faliraki by Sun Palace","18388.0","17.07.2026 - 31.07.2026","15 dni/14 nocy","","","","","","Все аэропорты","2026-07-13T02:05:55.222988+00:00","https://fly.pl/oferta/grecja-wczasy/?filter[dest]=14:&filter[hotelids]=&filter[cityids]=&filter[cregids]=&filter[ofrType]=&filter[addObjType]=&filter[whenFrom]=13-07-2026&filter[whenTo]=12-08-2026&filter[duration]=13:16&filter[from]=&filter[person]=2&filter[child]=1&filter[price]=4000:20000&filter[PriceFrom]=4000&filter[PriceTo]=20000&filter[addCategory]=40&filter[addCatering]=1&filter[addMisc]=0&filter[addTransport]=F&filter[fp]=1&order_by=ofr_price&filter[tourOperator]=0&filter[childAge][1]=20201210","https://datacfstatic.merlinx.pl/GRCS/IMG/RHOSABE/869a40c9ee2728e4bd5949ead40d904b7608f19b6e2bdd25ee198e10d5a1fd93.webp","https://fly.pl/wycieczka/grecja,rodos,faliraki/sandy-beach-faliraki-by-sun-palace-10/pzZEDTu7luMv4RBS5_2IjpAAog-27t1Utgij59eaiNYf206oZYQ9UMPNbK-ZuWoqPV8vUqBEdSQ1Mwk5DR0gZI1I8BUEFYXWADckJcChcEFQBYAVYCHagFDxVAjQFbloABS69LYQBe-zBSkRNTAEyEy00BzvoxDe_y0gggAFHNz8bt3gEBEmMBAmMBAwsP6Hfz/ofertasv/?filter[tourOperator]=GRCS&filter%5Bperson%5D=2&filter%5BchildAge%5D%5B1%5D=20201210&filter%5Bchild%5D=1"
"Creta Palm","18457.0","22.07.2026 - 05.08.2026","15 dni/14 nocy","","4.3","4.3","811","tripadvisor","Все аэропорты","2026-07-13T02:05:55.222988+00:00","https://fly.pl/oferta/grecja-wczasy/?filter[dest]=14:&filter[hotelids]=&filter[cityids]=&filter[cregids]=&filter[ofrType]=&filter[addObjType]=&filter[whenFrom]=13-07-2026&filter[whenTo]=12-08-2026&filter[duration]=13:16&filter[from]=&filter[person]=2&filter[child]=1&filter[price]=4000:20000&filter[PriceFrom]=4000&filter[PriceTo]=20000&filter[addCategory]=40&filter[addCatering]=1&filter[addMisc]=0&filter[addTransport]=F&filter[fp]=1&order_by=ofr_price&filter[tourOperator]=0&filter[childAge][1]=20201210","https://fly.pl/cdn/photo/assets/uploads/582/278/2014/09/Creta-Palm-fly-pl-1.jpg","https://fly.pl/wycieczka/grecja,kreta-zachodnia,kato-stalos/creta-palm/p_g7aHWX8s4c7_IjbGZ-bTAAogC9epN06PqrkvRNXgdPuOfIYNmobclHLmIPC2oBQiTwEqBFZJVFgwk5DR0gZImZABUEFY1QFgAnI9GgBcChUEFwBYAUCPA1Oge1IAW58IXr58S3hhAEy97jkNotyYCSABUfeww51lT8ORAV2Mnq6GawIMYwECC-A1BNY/ofertasv/?filter[tourOperator]=VITX&filter%5Bperson%5D=2&filter%5BchildAge%5D%5B1%5D=20201210&filter%5Bchild%5D=1"
"Philoxenia (Psakoudia)","18464.0","25.07.2026 - 08.08.2026","15 dni/14 nocy","","4.2","4.2","494","tripadvisor","Все аэропорты","2026-07-13T02:05:55.222988+00:00","https://fly.pl/oferta/grecja-wczasy/?filter[dest]=14:&filter[hotelids]=&filter[cityids]=&filter[cregids]=&filter[ofrType]=&filter[addObjType]=&filter[whenFrom]=13-07-2026&filter[whenTo]=12-08-2026&filter[duration]=13:16&filter[from]=&filter[person]=2&filter[child]=1&filter[price]=4000:20000&filter[PriceFrom]=4000&filter[PriceTo]=20000&filter[addCategory]=40&filter[addCatering]=1&filter[addMisc]=0&filter[addTransport]=F&filter[fp]=1&order_by=ofr_price&filter[tourOperator]=0&filter[childAge][1]=20201210","https://fly.pl/cdn/photo/assets/uploads/582/278/2015/04/Philoxenia-Halkidiki.jpg","https://fly.pl/wycieczka/grecja,chalkidiki,psakoudia/philoxenia-psakoudia/pUNLCcwuXGerPLPhYVn298AAogPkvkPZB7yX8QuUKUX9tFFPV0efub9H0NoL-5SCERfMcqBFJOQlcwk5DR0gZIoJABUEFYnQJgAmoEQndjRGoXMjk2LDM4MCw0NzcsNDgzLDQ4NCw0ODVyNZ8BngEVDhcAWAEKBEDEBxGWMhmwJRCQN2HmbUsAUo0dUwAdgqpBDysgqIORCQ0AAgxjAQILTnJfNw/ofertasv/?filter[tourOperator]=RNBW&filter%5Bperson%5D=2&filter%5BchildAge%5D%5B1%5D=20201210&filter%5Bchild%5D=1"
"All Senses Ocean Blue Seaside Resort (ex. MedBlue Kremasti)","18530.0","27.07.2026 - 10.08.2026","16 dni/14 nocy","","3.8","3.8","1124","tripadvisor","Все аэропорты","2026-07-13T02:05:55.222988+00:00","https://fly.pl/oferta/grecja-wczasy/?filter[dest]=14:&filter[hotelids]=&filter[cityids]=&filter[cregids]=&filter[ofrType]=&filter[addObjType]=&filter[whenFrom]=13-07-2026&filter[whenTo]=12-08-2026&filter[duration]=13:16&filter[from]=&filter[person]=2&filter[child]=1&filter[price]=4000:20000&filter[PriceFrom]=4000&filter[PriceTo]=20000&filter[addCategory]=40&filter[addCatering]=1&filter[addMisc]=0&filter[addTransport]=F&filter[fp]=1&order_by=ofr_price&filter[tourOperator]=0&filter[childAge][1]=20201210","https://fly.pl/cdn/photo/assets/uploads/582/278/2015/02/All-Senses-Ocean-Blue.jpg","https://fly.pl/wycieczka/grecja,rodos,ialyssos/ocean-blue/pPt5-_G2Rw6ylfWJkxRIOaAAogy7K7i0JbuWWZjZ97iVtNrxNRrbQkxKWhc-eCCOVL220qBFJOQlcwk5DR0gZI4pABUEFYzQJgAmoEQndjRGoXMjk2LDM4MCw0NzcsNDgzLDQ4NCw0ODVyNZ8BngEVDlgBFwAKBEDEBxG6IRC8KxnfCmHIc0sAUrhDUwAPrY1AHSsg86qSCQ0AAgxjAQILTqu7Gg/ofertasv/?filter[tourOperator]=RNBW&filter%5Bperson%5D=2&filter%5BchildAge%5D%5B1%5D=20201210&filter%5Bchild%5D=1"
"Mediterraneo (Hersonissos)","18552.0","22.07.2026 - 05.08.2026","15 dni/14 nocy","","3.9","3.9","3518","tripadvisor","Все аэропорты","2026-07-13T02:05:55.222988+00:00","https://fly.pl/oferta/grecja-wczasy/?filter[dest]=14:&filter[hotelids]=&filter[cityids]=&filter[cregids]=&filter[ofrType]=&filter[addObjType]=&filter[whenFrom]=13-07-2026&filter[whenTo]=12-08-2026&filter[duration]=13:16&filter[from]=&filter[person]=2&filter[child]=1&filter[price]=4000:20000&filter[PriceFrom]=4000&filter[PriceTo]=20000&filter[addCategory]=40&filter[addCatering]=1&filter[addMisc]=0&filter[addTransport]=F&filter[fp]=1&order_by=ofr_price&filter[tourOperator]=0&filter[childAge][1]=20201210","https://fly.pl/cdn/photo/assets/uploads/582/278/2015/03/Mediterraneo-Hersonissos-fly-pl.jpg","https://fly.pl/wycieczka/grecja,kreta,hersonissos/mediterraneo-hersonissos/pDCVvOxrwQJejCRENqskYsAAogyLhybLiexF_71V6BhKhmqNIJTkVAK9fJrVlhQVnZX3gqBEVDQ1gwk5DR0gZI-JABUAFY1QFgAmoCQUlyIhwRoU-rBPCKFrkEpK0CGPvuJhv68UIB8oXw2gECAGMBAgxXzily/ofertasv/?filter[tourOperator]=ECCX&filter%5Bperson%5D=2&filter%5BchildAge%5D%5B1%5D=20201210&filter%5Bchild%5D=1"
"Aqua Blue (Liapades)","18627.0","22.07.2026 - 05.08.2026","15 dni/14 nocy","","","","","","Все аэропорты","2026-07-13T02:05:55.222988+00:00","https://fly.pl/oferta/grecja-wczasy/?filter[dest]=14:&filter[hotelids]=&filter[cityids]=&filter[cregids]=&filter[ofrType]=&filter[addObjType]=&filter[whenFrom]=13-07-2026&filter[whenTo]=12-08-2026&filter[duration]=13:16&filter[from]=&filter[person]=2&filter[child]=1&filter[price]=4000:20000&filter[PriceFrom]=4000&filter[PriceTo]=20000&filter[addCategory]=40&filter[addCatering]=1&filter[addMisc]=0&filter[addTransport]=F&filter[fp]=1&order_by=ofr_price&filter[tourOperator]=0&filter[childAge][1]=20201210","https://fly.pl/cdn/photo/assets/uploads/582/278/2017/03/Aqua-Blue-Hotel.jpg","https://fly.pl/wycieczka/grecja,korfu,liapades/aqua-blue-liapades/p845TSNOmo4eA8a2bZFs9TAAog7sKrRj3uZyqM4387sosUvNfWetdSx-PqPo8zPiwpTFQqBFJOQlcwk5DR0gZIw5EBUEFY1QFgAmoEQndjRGoXMjk2LDM4MCw0NzcsNDgzLDQ4NCw0ODVyN58BngEVDhcAWAEKBEDEBxHdJhn9MBDIBVKBGVMAS7CdAWEAHZTjQA_pASDLzpEJDQACDGMBAgvcXFFG/ofertasv/?filter[tourOperator]=RNBW&filter%5Bperson%5D=2&filter%5BchildAge%5D%5B1%5D=20201210&filter%5Bchild%5D=1"
"Minos Mare","18651.0","29.07.2026 - 12.08.2026","15 dni/14 nocy","","4.2","4.2","508","tripadvisor","Все аэропорты","2026-07-13T02:05:55.222988+00:00","https://fly.pl/oferta/grecja-wczasy/?filter[dest]=14:&filter[hotelids]=&filter[cityids]=&filter[cregids]=&filter[ofrType]=&filter[addObjType]=&filter[whenFrom]=13-07-2026&filter[whenTo]=12-08-2026&filter[duration]=13:16&filter[from]=&filter[person]=2&filter[child]=1&filter[price]=4000:20000&filter[PriceFrom]=4000&filter[PriceTo]=20000&filter[addCategory]=40&filter[addCatering]=1&filter[addMisc]=0&filter[addTransport]=F&filter[fp]=1&order_by=ofr_price&filter[tourOperator]=0&filter[childAge][1]=20201210","https://fly.pl/cdn/photo/assets/uploads/582/278/2016/11/Minos-Mare.jpg","https://fly.pl/wycieczka/grecja,kreta,platanes/minos-mare/puoDQWE5LDp2GHO8x-q_OhAAogFzjBs3R6vEcyUwdHYgiFryBOUwkDOfXRZA6y2Dh98JcqBEdSQ1Mwk5DR0gZI25EBUEFY_QJgA3I_XAoVAxcBWAFWAh38Ag8MQMIDUuN3UwBbswheqnxLeGEATN7lOQGkxE0N5KDLCCABUci8u51lARJjAQJjAQIL0Zl56w/ofertasv/?filter[tourOperator]=GRCS&filter%5Bperson%5D=2&filter%5BchildAge%5D%5B1%5D=20201210&filter%5Bchild%5D=1"
"White Olive Premium (ex President Premium Complex)","18672.0","17.07.2026 - 01.08.2026","16 dni/14 nocy","","4.0","4.0","336","tripadvisor","Все аэропорты","2026-07-13T02:05:55.222988+00:00","https://fly.pl/oferta/grecja-wczasy/?filter[dest]=14:&filter[hotelids]=&filter[cityids]=&filter[cregids]=&filter[ofrType]=&filter[addObjType]=&filter[whenFrom]=13-07-2026&filter[whenTo]=12-08-2026&filter[duration]=13:16&filter[from]=&filter[person]=2&filter[child]=1&filter[price]=4000:20000&filter[PriceFrom]=4000&filter[PriceTo]=20000&filter[addCategory]=40&filter[addCatering]=1&filter[addMisc]=0&filter[addTransport]=F&filter[fp]=1&order_by=ofr_price&filter[tourOperator]=0&filter[childAge][1]=20201210","https://fly.pl/cdn/photo/assets/uploads/582/278/2017/12/White-Olive-Premium-Laganas.jpg","https://fly.pl/wycieczka/grecja,zakynthos,laganas/white-olive-premium-ex-president-premium-complex/pFCDErYej87_uPXLkt1MMvAAogEcrDSgREbDSfW-x6MX5OEyKod8t7p05P6oZcRgsgJ-YqBFJOQlcwk5DR0gZI8JEBUEFYXWACagRCd2NEahcyOTYsMzgwLDQ3Nyw0ODMsNDg0LDQ4NWoHNDA3LDQwOHI5nwGeAZwBFQ5YARcACgRAxAcRhgoQ5Q8Zgj5hsHNLAFLhlwFTAB3D5D8P_wEg1v2RCQ0AAgxjAQILtI3f4Q/ofertasv/?filter[tourOperator]=RNBW&filter%5Bperson%5D=2&filter%5BchildAge%5D%5B1%5D=20201210&filter%5Bchild%5D=1"
"Canvas by Mitsis Alexander the Great (Kriopigi)","18703.0","15.07.2026 - 29.07.2026","15 dni/14 nocy","","3.8","3.8","2023","tripadvisor","Все аэропорты","2026-07-13T02:05:55.222988+00:00","https://fly.pl/oferta/grecja-wczasy/?filter[dest]=14:&filter[hotelids]=&filter[cityids]=&filter[cregids]=&filter[ofrType]=&filter[addObjType]=&filter[whenFrom]=13-07-2026&filter[whenTo]=12-08-2026&filter[duration]=13:16&filter[from]=&filter[person]=2&filter[child]=1&filter[price]=4000:20000&filter[PriceFrom]=4000&filter[PriceTo]=20000&filter[addCategory]=40&filter[addCatering]=1&filter[addMisc]=0&filter[addTransport]=F&filter[fp]=1&order_by=ofr_price&filter[tourOperator]=0&filter[childAge][1]=20201210","https://fly.pl/cdn/photo/assets/uploads/582/278/2015/06/Alexander-The-Great.jpg","https://fly.pl/wycieczka/grecja,chalkidiki,kriopigi/alexander-the-great-beach-kriopigi/pQuTw8eTRZ70J4Wy_bcvd-AAog3qDCZ3imQeaCaWXhGYnCukT3fETbnM5YrCx7P3_-nVAqBEdSQ1Mwk5DR0gZIj5IBUEFYLWADckJcChcEFQBYAVYCHbICDxNAhQRbhIABS5VMYQBepzBShR5TAEyRwE0BmIg5DaLlywggAFHAh5zL5wEBEmMBAmMBAgvKVv3s/ofertasv/?filter[tourOperator]=GRCS&filter%5Bperson%5D=2&filter%5BchildAge%5D%5B1%5D=20201210&filter%5Bchild%5D=1"
"Cabana Blu Hotel & Suites","18721.0","21.07.2026 - 04.08.2026","15 dni/14 nocy","","4.7","4.7","218","tripadvisor","Все аэропорты","2026-07-13T02:05:55.222988+00:00","https://fly.pl/oferta/grecja-wczasy/?filter[dest]=14:&filter[hotelids]=&filter[cityids]=&filter[cregids]=&filter[ofrType]=&filter[addObjType]=&filter[whenFrom]=13-07-2026&filter[whenTo]=12-08-2026&filter[duration]=13:16&filter[from]=&filter[person]=2&filter[child]=1&filter[price]=4000:20000&filter[PriceFrom]=4000&filter[PriceTo]=20000&filter[addCategory]=40&filter[addCatering]=1&filter[addMisc]=0&filter[addTransport]=F&filter[fp]=1&order_by=ofr_price&filter[tourOperator]=0&filter[childAge][1]=20201210","https://fly.pl/cdn/photo/assets/uploads/582/278/2024/07/cabana-beach.jpg","https://fly.pl/wycieczka/grecja,kos,kardamena/cabana-beach-11/pXOlPLeDR-UZa0AwJ9hCiRAAogjIZ1YIgU_kB7OTtv23-hxr5RJf26XlEkMXppG8GBNosqBFJOQlcwk5DR0gZIoZIBUEFYvQFgAmoEQndjRGoXMjk2LDM4MCw0NzcsNDgzLDQ4NCw0ODVyNZ8BngEVDhcAWAEKBEDEBxG4Jxm7LxCxCVKhZ1MAS_c0YQAP1LNAHSMg55aSCQ0AAgxjAQILK3MsbQ/ofertasv/?filter[tourOperator]=RNBW&filter%5Bperson%5D=2&filter%5BchildAge%5D%5B1%5D=20201210&filter%5Bchild%5D=1"
"Kipriotis Maris Suites (ex Iberostar)","18767.0","14.07.2026 - 28.07.2026","15 dni/14 nocy","","4.2","4.2","1448","tripadvisor","Все аэропорты","2026-07-13T02:05:55.222988+00:00","https://fly.pl/oferta/grecja-wczasy/?filter[dest]=14:&filter[hotelids]=&filter[cityids]=&filter[cregids]=&filter[ofrType]=&filter[addObjType]=&filter[whenFrom]=13-07-2026&filter[whenTo]=12-08-2026&filter[duration]=13:16&filter[from]=&filter[person]=2&filter[child]=1&filter[price]=4000:20000&filter[PriceFrom]=4000&filter[PriceTo]=20000&filter[addCategory]=40&filter[addCatering]=1&filter[addMisc]=0&filter[addTransport]=F&filter[fp]=1&order_by=ofr_price&filter[tourOperator]=0&filter[childAge][1]=20201210","https://fly.pl/cdn/photo/assets/uploads/582/278/2016/01/Kipriotis-Maris-Suites-ex-Iberostar-fly-pl.jpg","https://fly.pl/wycieczka/grecja,kos,psalidi/kipriotis-maris-suites-ex-iberostar/piAxgBgFav4I_SB_jye2K7AAogleaT5gv9M626tA84IoDX13w4e3kznPPCmj-IHa-eUSoqBFJOQlcwk5DR0gZIz5IBUEFYFWACahcyOTYsMzgwLDQ3Nyw0ODMsNDg0LDQ4NXI3ngEVDhcAWAEKD0C5BxG_HRDVIRnfF1PScFIAS_c0YQBf3YUlD_WtGx0jIOKWkgkNAAIOYwECDRMhTl4/ofertasv/?filter[tourOperator]=RNBW&filter%5Bperson%5D=2&filter%5BchildAge%5D%5B1%5D=20201210&filter%5Bchild%5D=1"
"Astir Palace","18797.0","19.07.2026 - 01.08.2026","14 dni/13 nocy","","3.0","3.0","238","tripadvisor","Все аэропорты","2026-07-13T02:05:55.222988+00:00","https://fly.pl/oferta/grecja-wczasy/?filter[dest]=14:&filter[hotelids]=&filter[cityids]=&filter[cregids]=&filter[ofrType]=&filter[addObjType]=&filter[whenFrom]=13-07-2026&filter[whenTo]=12-08-2026&filter[duration]=13:16&filter[from]=&filter[person]=2&filter[child]=1&filter[price]=4000:20000&filter[PriceFrom]=4000&filter[PriceTo]=20000&filter[addCategory]=40&filter[addCatering]=1&filter[addMisc]=0&filter[addTransport]=F&filter[fp]=1&order_by=ofr_price&filter[tourOperator]=0&filter[childAge][1]=20201210","https://fly.pl/cdn/photo/assets/uploads/582/278/2015/04/Astir-Palace-fly-pl.jpg","https://fly.pl/wycieczka/grecja,zakynthos,laganas/astir-palace/p4da15ECPQUFGt3rDX0TXuAAogqBYZXiEjtlberxSgr6Wl1CvAlKxId1xZWnOz1EakAPYqBEVYSU0wk5DR0gZI7ZIBUAFYjQFgAmoCQUlyIRwR8cgGuQSp9DyrBGkbgbw8GMbIPAGXztiYCwIAYwECBvibi_w/ofertasv/?filter[tourOperator]=EXIM&filter%5Bperson%5D=2&filter%5BchildAge%5D%5B1%5D=20201210&filter%5Bchild%5D=1"
"Smy Kos Beach & Splash (ex. Princess of Kos)","18857.0","21.07.2026 - 04.08.2026","15 dni/14 nocy","","4.0","4.0","979","tripadvisor","Все аэропорты","2026-07-13T02:05:55.222988+00:00","https://fly.pl/oferta/grecja-wczasy/?filter[dest]=14:&filter[hotelids]=&filter[cityids]=&filter[cregids]=&filter[ofrType]=&filter[addObjType]=&filter[whenFrom]=13-07-2026&filter[whenTo]=12-08-2026&filter[duration]=13:16&filter[from]=&filter[person]=2&filter[child]=1&filter[price]=4000:20000&filter[PriceFrom]=4000&filter[PriceTo]=20000&filter[addCategory]=40&filter[addCatering]=1&filter[addMisc]=0&filter[addTransport]=F&filter[fp]=1&order_by=ofr_price&filter[tourOperator]=0&filter[childAge][1]=20201210","https://fly.pl/cdn/photo/assets/uploads/582/278/2014/11/Princess-of-Kos-fly-pl.jpg","https://fly.pl/wycieczka/grecja,kos,mastichari/princess-of-kos/prvd_RfRFi-KztpsEoh78NAAogIiFSsDyDNbxTKpCaifgBl-8a_XrSpiF6IEGunFpiECcqBFZJVFgwk5DR0gZIqZMBUEFYvQFgAnJAGgBcChUEFwBYAUCPA1u_gwFTv0hSAF7_M0vtQ2EATMyYPCCd75UJDQBRnpiJ8qUBT5PPEl3Q_cv9XwIMYwECC7tOnLk/ofertasv/?filter[tourOperator]=VITX&filter%5Bperson%5D=2&filter%5BchildAge%5D%5B1%5D=20201210&filter%5Bchild%5D=1"
"Lydia Maris Resort & Spa","18916.0","27.07.2026 - 09.08.2026","14 dni/13 nocy","","4.1","4.1","1368","tripadvisor","Все аэропорты","2026-07-13T02:05:55.222988+00:00","https://fly.pl/oferta/grecja-wczasy/?filter[dest]=14:&filter[hotelids]=&filter[cityids]=&filter[cregids]=&filter[ofrType]=&filter[addObjType]=&filter[whenFrom]=13-07-2026&filter[whenTo]=12-08-2026&filter[duration]=13:16&filter[from]=&filter[person]=2&filter[child]=1&filter[price]=4000:20000&filter[PriceFrom]=4000&filter[PriceTo]=20000&filter[addCategory]=40&filter[addCatering]=1&filter[addMisc]=0&filter[addTransport]=F&filter[fp]=1&order_by=ofr_price&filter[tourOperator]=0&filter[childAge][1]=20201210","https://fly.pl/cdn/photo/assets/uploads/582/278/2015/03/Lydia-Maris-Resort-and-Spa.jpg","https://fly.pl/wycieczka/grecja,rodos,kolymbia/lydia-maris/pdfCWSEAFV74f6kyGC88BxAAogz3-kbIsFVX7LZ-fcWhkBgPRV6dcKxlUaXfp0TYewma8qBEVDQ1gwk5DR0gZI5JMBUAFYzQJgAmoCQUlyIBwRgiCrBPyhFbkEDxjF8C0bkc5AAdeYvPQBAgBjAQILXG1F-Q/ofertasv/?filter[tourOperator]=ECCX&filter%5Bperson%5D=2&filter%5BchildAge%5D%5B1%5D=20201210&filter%5Bchild%5D=1"
"Cactus Beach","18987.0","19.07.2026 - 02.08.2026","15 dni/14 nocy","","3.9","3.9","790","tripadvisor","Все аэропорты","2026-07-13T02:05:55.222988+00:00","https://fly.pl/oferta/grecja-wczasy/?filter[dest]=14:&filter[hotelids]=&filter[cityids]=&filter[cregids]=&filter[ofrType]=&filter[addObjType]=&filter[whenFrom]=13-07-2026&filter[whenTo]=12-08-2026&filter[duration]=13:16&filter[from]=&filter[person]=2&filter[child]=1&filter[price]=4000:20000&filter[PriceFrom]=4000&filter[PriceTo]=20000&filter[addCategory]=40&filter[addCatering]=1&filter[addMisc]=0&filter[addTransport]=F&filter[fp]=1&order_by=ofr_price&filter[tourOperator]=0&filter[childAge][1]=20201210","https://fly.pl/cdn/photo/assets/uploads/582/278/2015/03/Cactus-Beach-fly-pl-1.jpg","https://fly.pl/wycieczka/grecja,kreta-wschodnia,stalida/cactus-beach/pGyACH_1aLRb77CsWPvrVrAAogC_WMuXrobJlGAYmH40MaQsD6SsWc96BL1TYwAmLtH-cqBEdSQ1Mwk5DR0gZIq5QBUEFYjQFgAnI-XAoXBBUAWAFWAh20BQ8TQIMBUsipAVMAXvhSS3hhAFu0Hkzpvk0Bq8Y4DZSnzAggAFHLtbKNjQEBEmMCAmOEYS5B/ofertasv/?filter[tourOperator]=GRCS&filter%5Bperson%5D=2&filter%5BchildAge%5D%5B1%5D=20201210&filter%5Bchild%5D=1"
"Canvas by Mitsis Petit Palais","18990.0","17.07.2026 - 31.07.2026","15 dni/14 nocy","","4.6","4.6","3255","tripadvisor","Все аэропорты","2026-07-13T02:05:55.222988+00:00","https://fly.pl/oferta/grecja-wczasy/?filter[dest]=14:&filter[hotelids]=&filter[cityids]=&filter[cregids]=&filter[ofrType]=&filter[addObjType]=&filter[whenFrom]=13-07-2026&filter[whenTo]=12-08-2026&filter[duration]=13:16&filter[from]=&filter[person]=2&filter[child]=1&filter[price]=4000:20000&filter[PriceFrom]=4000&filter[PriceTo]=20000&filter[addCategory]=40&filter[addCatering]=1&filter[addMisc]=0&filter[addTransport]=F&filter[fp]=1&order_by=ofr_price&filter[tourOperator]=0&filter[childAge][1]=20201210","https://fly.pl/cdn/photo/assets/uploads/582/278/2015/04/Hotel-Mitsis-Petit-Palais.jpg","https://fly.pl/wycieczka/grecja,rodos,c/mitsis-petit-palais/pBWgiHG0PtDpjTOJU9RLGBAAogSztTKm9ix0Pcj77g0PJ_5IZYQ9UMPNbK-ZuWoqPV8vUqBEdSQ1Mwk5DR0gZIrpQBUEFYXWADckJcChcEFQBYAVYCHagFDxVAjQFbloABS69LYQBe-zBSkRNTAEyFy00B4vMxDdr50gggAFHBtr7t3gEBEmMBAmMBAgvDu2-t/ofertasv/?filter[tourOperator]=GRCS&filter%5Bperson%5D=2&filter%5BchildAge%5D%5B1%5D=20201210&filter%5Bchild%5D=1"
"Samaina Inn","18997.0","22.07.2026 - 05.08.2026","15 dni/14 nocy","","4.4","4.4","435","tripadvisor","Все аэропорты","2026-07-13T02:05:55.222988+00:00","https://fly.pl/oferta/grecja-wczasy/?filter[dest]=14:&filter[hotelids]=&filter[cityids]=&filter[cregids]=&filter[ofrType]=&filter[addObjType]=&filter[whenFrom]=13-07-2026&filter[whenTo]=12-08-2026&filter[duration]=13:16&filter[from]=&filter[person]=2&filter[child]=1&filter[price]=4000:20000&filter[PriceFrom]=4000&filter[PriceTo]=20000&filter[addCategory]=40&filter[addCatering]=1&filter[addMisc]=0&filter[addTransport]=F&filter[fp]=1&order_by=ofr_price&filter[tourOperator]=0&filter[childAge][1]=20201210","https://fly.pl/cdn/photo/assets/uploads/582/278/2015/04/Samaina-Inn.jpg","https://fly.pl/wycieczka/grecja,samos,karlovasi/samaina-inn/pi6zpdb6RFnxE2L9rocGHDAAoggbpKC-riTtMhIi17YMbgJuNqfOVpKoFa4DDHBA2uBn0qBFZJVFgwk5DR0gZItZQBUEFY1QFgAnJAGgBcChUEFwBYAUCPA1v_hwFe_ndSzx5TAEueJWEATI2sOQ3d25gJIABR0M7whugBT9-0C13I_4LpHQIMYwECC2Vu59Y/ofertasv/?filter[tourOperator]=VITX&filter%5Bperson%5D=2&filter%5BchildAge%5D%5B1%5D=20201210&filter%5Bchild%5D=1"
"Admiral De Luxe","19001.0","24.07.2026 - 08.08.2026","16 dni/14 nocy","","4.1","4.1","205","tripadvisor","Все аэропорты","2026-07-13T02:05:55.222988+00:00","https://fly.pl/oferta/grecja-wczasy/?filter[dest]=14:&filter[hotelids]=&filter[cityids]=&filter[cregids]=&filter[ofrType]=&filter[addObjType]=&filter[whenFrom]=13-07-2026&filter[whenTo]=12-08-2026&filter[duration]=13:16&filter[from]=&filter[person]=2&filter[child]=1&filter[price]=4000:20000&filter[PriceFrom]=4000&filter[PriceTo]=20000&filter[addCategory]=40&filter[addCatering]=1&filter[addMisc]=0&filter[addTransport]=F&filter[fp]=1&order_by=ofr_price&filter[tourOperator]=0&filter[childAge][1]=20201210","https://datacfstatic.merlinx.pl/RNBW/IMG/7135/0a7cda541ae1f20790562d72110ea9ac4571f830326d77db9e8b69435aa752c8.webp","https://fly.pl/wycieczka/grecja,zakynthos,argassi/admiral-de-luxe-13/pP3PzwsO2cY9K_bZtbBu8-AAogI2eq-Ab-_-uKDbUUUWrwuiXbZhlPSbL22oZ6SIWFhk8qBFJOQlcwk5DR0gZIuZQBUEFYhQJgAmoEQndjRGoXMjk2LDM4MCw0NzcsNDgzLDQ4NCw0ODVyN58BngEVDlgBFwAKBEDEBxGIMBnlJxCcLWGURksAUuGXAVMAHcXkPw__ASDb_ZEJDQACDGMBAgtxl5XY/ofertasv/?filter[tourOperator]=RNBW&filter%5Bperson%5D=2&filter%5BchildAge%5D%5B1%5D=20201210&filter%5Bchild%5D=1"
"Serita Beach","19037.0","29.07.2026 - 13.08.2026","16 dni/14 nocy","","4.3","4.3","112","tripadvisor","Все аэропорты","2026-07-13T02:05:55.222988+00:00","https://fly.pl/oferta/grecja-wczasy/?filter[dest]=14:&filter[hotelids]=&filter[cityids]=&filter[cregids]=&filter[ofrType]=&filter[addObjType]=&filter[whenFrom]=13-07-2026&filter[whenTo]=12-08-2026&filter[duration]=13:16&filter[from]=&filter[person]=2&filter[child]=1&filter[price]=4000:20000&filter[PriceFrom]=4000&filter[PriceTo]=20000&filter[addCategory]=40&filter[addCatering]=1&filter[addMisc]=0&filter[addTransport]=F&filter[fp]=1&order_by=ofr_price&filter[tourOperator]=0&filter[childAge][1]=20201210","https://fly.pl/cdn/photo/assets/uploads/582/278/2015/04/Serita-Beach.jpg","https://fly.pl/wycieczka/grecja,kreta-wschodnia,anissaras/mitsis-serita-beach/p-oxuqAYL_XeKQTe1NPOnxAAogMip3ykb3d7zMqjZk9AlQc9E_9ylSQ67Exh2-LtB3DZoqBFJOQlcwk5DR0gZI3ZQBUEFY_QJgAmoEQndjRGoXMjk2LDM4MCw0NzcsNDgzLDQ4NCw0ODVyNp8BngEVDlgBFwAKBEDEBxHxNxnvH1LsUFMAENUES5tPYQAdgYlBD4wEINm9kQkNAAIMYwECC_duKGM/ofertasv/?filter[tourOperator]=RNBW&filter%5Bperson%5D=2&filter%5BchildAge%5D%5B1%5D=20201210&filter%5Bchild%5D=1"
"Atlantica Thalassa","19147.0","25.07.2026 - 08.08.2026","15 dni/14 nocy","","","","","","Все аэропорты","2026-07-13T02:05:55.222988+00:00","https://fly.pl/oferta/grecja-wczasy/?filter[dest]=14:&filter[hotelids]=&filter[cityids]=&filter[cregids]=&filter[ofrType]=&filter[addObjType]=&filter[whenFrom]=13-07-2026&filter[whenTo]=12-08-2026&filter[duration]=13:16&filter[from]=&filter[person]=2&filter[child]=1&filter[price]=4000:20000&filter[PriceFrom]=4000&filter[PriceTo]=20000&filter[addCategory]=40&filter[addCatering]=1&filter[addMisc]=0&filter[addTransport]=F&filter[fp]=1&order_by=ofr_price&filter[tourOperator]=0&filter[childAge][1]=20201210","https://datacfstatic.merlinx.pl/GRCS/IMG/KGSATTH/6b3f1a7cd64abac97602d4d32542863f41c75fb75a502bd6bae1b37c2cf32391.webp","https://fly.pl/wycieczka/grecja,kos,lambi/atlantica-thalassa-13/pClUhyf7_r6NLxL8fe31jhAAoguREg1cGqCMqpRc8siVUMsPkPqJVvmX91Q3wSAitAWtEqBEdSQ1Mwk5DR0gZIy5UBUEFYnQJgA3JBXAoXBBUAWAFWAh2xBA8SQIcCW4KAAVK_SFMAXv8zS3hhAEze5TkB9vZTDY7uxAggAFGA1N7xpQEBEmMBAmMBAgtuC6ao/ofertasv/?filter[tourOperator]=GRCS&filter%5Bperson%5D=2&filter%5BchildAge%5D%5B1%5D=20201210&filter%5Bchild%5D=1"
"Gaia Palace","19158.0","25.07.2026 - 08.08.2026","15 dni/14 nocy","","4.3","4.3","1204","tripadvisor","Все аэропорты","2026-07-13T02:05:55.222988+00:00","https://fly.pl/oferta/grecja-wczasy/?filter[dest]=14:&filter[hotelids]=&filter[cityids]=&filter[cregids]=&filter[ofrType]=&filter[addObjType]=&filter[whenFrom]=13-07-2026&filter[whenTo]=12-08-2026&filter[duration]=13:16&filter[from]=&filter[person]=2&filter[child]=1&filter[price]=4000:20000&filter[PriceFrom]=4000&filter[PriceTo]=20000&filter[addCategory]=40&filter[addCatering]=1&filter[addMisc]=0&filter[addTransport]=F&filter[fp]=1&order_by=ofr_price&filter[tourOperator]=0&filter[childAge][1]=20201210","https://fly.pl/cdn/photo/assets/uploads/582/278/2009/10/Gaia-Palace2994.jpg","https://fly.pl/wycieczka/grecja,kos,mastichari/gaia-palace/pdhybxTz4hvYinsD-mQytAAAogeaiDOc3DqnvmMqL0jdidTQAAAACzkgQAzpIEAA4AHQAqBFdFWlkwk5DR0gZI1pUBUEFYnQJgA2oLUnlhbmFpciBTdW5qBDA5MTByQp4BlQEfAAIBHAAWBBcJErIFGIwDE9kCFIYDEdomQJxMTPtNTwBL9zRQAB2goRAgGxuwgWQN96feCAESYwEMYwECBkG8J5k/ofertasv/?filter[tourOperator]=WEZY&filter%5Bperson%5D=2&filter%5BchildAge%5D%5B1%5D=20201210&filter%5Bchild%5D=1"
"Caretta Paradise","19176.0","17.07.2026 - 31.07.2026","15 dni/14 nocy","","3.7","3.7","808","tripadvisor","Все аэропорты","2026-07-13T02:05:55.222988+00:00","https://fly.pl/oferta/grecja-wczasy/?filter[dest]=14:&filter[hotelids]=&filter[cityids]=&filter[cregids]=&filter[ofrType]=&filter[addObjType]=&filter[whenFrom]=13-07-2026&filter[whenTo]=12-08-2026&filter[duration]=13:16&filter[from]=&filter[person]=2&filter[child]=1&filter[price]=4000:20000&filter[PriceFrom]=4000&filter[PriceTo]=20000&filter[addCategory]=40&filter[addCatering]=1&filter[addMisc]=0&filter[addTransport]=F&filter[fp]=1&order_by=ofr_price&filter[tourOperator]=0&filter[childAge][1]=20201210","https://fly.pl/cdn/photo/assets/uploads/582/278/2017/10/Caretta-Paradise-fly-pl-2.jpg","https://fly.pl/wycieczka/grecja,zakynthos,tragaki/caretta-paradise/pnsuNUIUTL7-WcBJaVhDKEAAog9pyUQ9RtYSO3d_9QC_dTD5SJzBJR-1DJ2eKoaoXmepUqBEdSQ1Mwk5DR0gZI6JUBUEFYXWADagMwMTRqAzA0M3JAnQGPAVwKFQQXAFgBVgJAygZbzGVLzWZhAF6nMFK6Z1MATNv2TAGx8DYNjP3NCCAAUcGdrLGiAgESYwECYwEDDycgkpM/ofertasv/?filter[tourOperator]=GRCS&filter%5Bperson%5D=2&filter%5BchildAge%5D%5B1%5D=20201210&filter%5Bchild%5D=1"
"Hydramis Palace Beach Resort","19421.0","15.07.2026 - 30.07.2026","16 dni/14 nocy","","4.2","4.2","652","tripadvisor","Все аэропорты","2026-07-13T02:05:55.222988+00:00","https://fly.pl/oferta/grecja-wczasy/?filter[dest]=14:&filter[hotelids]=&filter[cityids]=&filter[cregids]=&filter[ofrType]=&filter[addObjType]=&filter[whenFrom]=13-07-2026&filter[whenTo]=12-08-2026&filter[duration]=13:16&filter[from]=&filter[person]=2&filter[child]=1&filter[price]=4000:20000&filter[PriceFrom]=4000&filter[PriceTo]=20000&filter[addCategory]=40&filter[addCatering]=1&filter[addMisc]=0&filter[addTransport]=F&filter[fp]=1&order_by=ofr_price&filter[tourOperator]=0&filter[childAge][1]=20201210","https://fly.pl/cdn/photo/assets/uploads/582/278/2016/04/Hydramis-Palace.jpg","https://fly.pl/wycieczka/grecja,kreta-zachodnia,kavros/hydramis-palace/pJovuxJ1DPr-7qGgqqBD7SAAogCHc75LJg-Me_-Vi7jCNvrqU0gjnr63LpUx1qaPcwclIqBFJOQlcwk5DR0gZI3ZcBUEFYLWACagRCd2NEahcyOTYsMzgwLDQ3Nyw0ODMsNDg0LDQ4NXI1nwGeARUOWAEXAAoEQMQHEbQWGa9BUoQfUwAQT0vnU2EAHa6yQQ_NASD8x5EJDQACDGMBAgtvGDpW/ofertasv/?filter[tourOperator]=RNBW&filter%5Bperson%5D=2&filter%5BchildAge%5D%5B1%5D=20201210&filter%5Bchild%5D=1"
"Casa di Notos","19440.0","19.07.2026 - 02.08.2026","16 dni/14 nocy","","","","","","Все аэропорты","2026-07-13T02:05:55.222988+00:00","https://fly.pl/oferta/grecja-wczasy/?filter[dest]=14:&filter[hotelids]=&filter[cityids]=&filter[cregids]=&filter[ofrType]=&filter[addObjType]=&filter[whenFrom]=13-07-2026&filter[whenTo]=12-08-2026&filter[duration]=13:16&filter[from]=&filter[person]=2&filter[child]=1&filter[price]=4000:20000&filter[PriceFrom]=4000&filter[PriceTo]=20000&filter[addCategory]=40&filter[addCatering]=1&filter[addMisc]=0&filter[addTransport]=F&filter[fp]=1&order_by=ofr_price&filter[tourOperator]=0&filter[childAge][1]=20201210","https://datacfstatic.merlinx.pl/GRCS/IMG/CHQCADI/054445b4d4297764f55907e42a76cd5ac8809caf175a5fca81db0b1f1838436e.webp","https://fly.pl/wycieczka/grecja,kreta-zachodnia,georgioupolis/casa-di-notos-13/pyZK4PZwk0GHpuzu5RkuaFAAogbMB_MevRe4CpL9TqGp-DJ2v0aeeNXUolX8spKDLJx3wqBEdSQ1MwlpDR0gZI8JcBUEFYjQFgAnI9XAoVBBcBWABWAh3CAQ8TQPUEUuN3UwBbng1LmEdhAF6nMEyW3k0BtZpADYnTxAggAFGXrJ6dZQESYwICY64kzXU/ofertasv/?filter[tourOperator]=GRCS&filter%5Bperson%5D=2&filter%5BchildAge%5D%5B1%5D=20201210&filter%5Bchild%5D=1"
"Kalyves Beach","19452.0","26.07.2026 - 09.08.2026","15 dni/14 nocy","","4.5","4.5","2577","tripadvisor","Все аэропорты","2026-07-13T02:05:55.222988+00:00","https://fly.pl/oferta/grecja-wczasy/?filter[dest]=14:&filter[hotelids]=&filter[cityids]=&filter[cregids]=&filter[ofrType]=&filter[addObjType]=&filter[whenFrom]=13-07-2026&filter[whenTo]=12-08-2026&filter[duration]=13:16&filter[from]=&filter[person]=2&filter[child]=1&filter[price]=4000:20000&filter[PriceFrom]=4000&filter[PriceTo]=20000&filter[addCategory]=40&filter[addCatering]=1&filter[addMisc]=0&filter[addTransport]=F&filter[fp]=1&order_by=ofr_price&filter[tourOperator]=0&filter[childAge][1]=20201210","https://fly.pl/cdn/photo/assets/uploads/582/278/2015/04/Kalyves-Beach.jpg","https://fly.pl/wycieczka/grecja,kreta-zachodnia,kalyves/kalyves-beach/pYDIORTkTexnCkEwdNPgnmAAogTbUBxj0Wf9dZHMBE00cZU6imbuSVbJJFRv-wBDE2jKgqBFJOQlcwlpDR0gZI_JcBUEFYtQJgAmoEQndjRGoXMjk2LDM4MCw0NzcsNDgzLDQ4NCw0ODVyNZ8BngEVDhcAWAEKBEDEBxF5EKs8Gb8aUoQfUwBLps0BYQAPk8NAHUkgtr-RCQ0AAgxjAQILSDiX3Q/ofertasv/?filter[tourOperator]=RNBW&filter%5Bperson%5D=2&filter%5BchildAge%5D%5B1%5D=20201210&filter%5Bchild%5D=1"
"Zeus Kos Beach","19457.0","21.07.2026 - 04.08.2026","15 dni/14 nocy","","4.2","4.2","203","tripadvisor","Все аэропорты","2026-07-13T02:05:55.222988+00:00","https://fly.pl/oferta/grecja-wczasy/?filter[dest]=14:&filter[hotelids]=&filter[cityids]=&filter[cregids]=&filter[ofrType]=&filter[addObjType]=&filter[whenFrom]=13-07-2026&filter[whenTo]=12-08-2026&filter[duration]=13:16&filter[from]=&filter[person]=2&filter[child]=1&filter[price]=4000:20000&filter[PriceFrom]=4000&filter[PriceTo]=20000&filter[addCategory]=40&filter[addCatering]=1&filter[addMisc]=0&filter[addTransport]=F&filter[fp]=1&order_by=ofr_price&filter[tourOperator]=0&filter[childAge][1]=20201210","https://fly.pl/cdn/photo/assets/uploads/582/278/2016/11/AMMOS-LUXURY-RESORT.jpg","https://fly.pl/wycieczka/grecja,kos,mastichari/ammos-mastichari/p02Hs3kRp12reSwAamwOmFAAogE61aMjdEXQUMmOF1RH523u8a_XrSpiF6IEGunFpiECcqBFZJVFgwlpDR0gZIgZgBUEFYvQFgAnJAGgBcChUEFwBYAUCPA1unhgFT10VSAF7_M0vtQ2EATIysOSDd25gJDQBRn4ve8aUBT5LcPV3Q_cv9XwIMYwECCyPES1M/ofertasv/?filter[tourOperator]=VITX&filter%5Bperson%5D=2&filter%5BchildAge%5D%5B1%5D=20201210&filter%5Bchild%5D=1"
"Sun Palace (Faliraki)","19465.0","17.07.2026 - 31.07.2026","15 dni/14 nocy","","4.0","4.0","2757","tripadvisor","Все аэропорты","2026-07-13T02:05:55.222988+00:00","https://fly.pl/oferta/grecja-wczasy/?filter[dest]=14:&filter[hotelids]=&filter[cityids]=&filter[cregids]=&filter[ofrType]=&filter[addObjType]=&filter[whenFrom]=13-07-2026&filter[whenTo]=12-08-2026&filter[duration]=13:16&filter[from]=&filter[person]=2&filter[child]=1&filter[price]=4000:20000&filter[PriceFrom]=4000&filter[PriceTo]=20000&filter[addCategory]=40&filter[addCatering]=1&filter[addMisc]=0&filter[addTransport]=F&filter[fp]=1&order_by=ofr_price&filter[tourOperator]=0&filter[childAge][1]=20201210","https://fly.pl/cdn/photo/assets/uploads/582/278/2015/01/Hotel-Sun-Palace.jpg","https://fly.pl/wycieczka/grecja,rodos,faliraki/sun-palace-faliraki/pCVRwNMej9zl2OK_paAsIZAAogRfr_EyCE6ImeCpShJ3AWLYZYQ9UMPNbK-ZuWoqPV8vUqBEdSQ1MwlpDR0gZIiZgBUEFYXWACcj9cChcEFQBYAVYCHagFDxVAjQFbr5cBS5Y0YQBe-zBSkRNTAEyEy00B7vExDc_70gggAFGBnsjt3gEBEmMCAmPKJTu4/ofertasv/?filter[tourOperator]=GRCS&filter%5Bperson%5D=2&filter%5BchildAge%5D%5B1%5D=20201210&filter%5Bchild%5D=1"
"Elinotel Apolamare","19775.0","15.07.2026 - 29.07.2026","15 dni/14 nocy","","3.9","3.9","388","tripadvisor","Все аэропорты","2026-07-13T02:05:55.222988+00:00","https://fly.pl/oferta/grecja-wczasy/?filter[dest]=14:&filter[hotelids]=&filter[cityids]=&filter[cregids]=&filter[ofrType]=&filter[addObjType]=&filter[whenFrom]=13-07-2026&filter[whenTo]=12-08-2026&filter[duration]=13:16&filter[from]=&filter[person]=2&filter[child]=1&filter[price]=4000:20000&filter[PriceFrom]=4000&filter[PriceTo]=20000&filter[addCategory]=40&filter[addCatering]=1&filter[addMisc]=0&filter[addTransport]=F&filter[fp]=1&order_by=ofr_price&filter[tourOperator]=0&filter[childAge][1]=20201210","https://fly.pl/cdn/photo/assets/uploads/582/278/2015/02/Apolamare-Hotel.jpg","https://fly.pl/wycieczka/grecja,chalkidiki,hanioti/elinotel-apolamare/pzV4eCLSBx-x47ZCP8F4rzAAog5gJw_5HjasxoFdNca3CAalGoARbpzJmqd1Cgrjv1Z9MqBFJOQlcwlpDR0gZIv5oBUEFYLWACagRCd2NEahcyOTYsMzgwLDQ3Nyw0ODMsNDg0LDQ4NXI2nwGeARUOFwBYAQoEQMQHEZ8ZGac-ENBCYf4DSwBStXtTAB2U9kAP5gMg0bORCQ0AAgxjAQIL83mp6w/ofertasv/?filter[tourOperator]=RNBW&filter%5Bperson%5D=2&filter%5BchildAge%5D%5B1%5D=20201210&filter%5Bchild%5D=1"
"Virginia (Kallithea)","19796.0","20.07.2026 - 03.08.2026","16 dni/14 nocy","","4.4","4.4","2454","tripadvisor","Все аэропорты","2026-07-13T02:05:55.222988+00:00","https://fly.pl/oferta/grecja-wczasy/?filter[dest]=14:&filter[hotelids]=&filter[cityids]=&filter[cregids]=&filter[ofrType]=&filter[addObjType]=&filter[whenFrom]=13-07-2026&filter[whenTo]=12-08-2026&filter[duration]=13:16&filter[from]=&filter[person]=2&filter[child]=1&filter[price]=4000:20000&filter[PriceFrom]=4000&filter[PriceTo]=20000&filter[addCategory]=40&filter[addCatering]=1&filter[addMisc]=0&filter[addTransport]=F&filter[fp]=1&order_by=ofr_price&filter[tourOperator]=0&filter[childAge][1]=20201210","https://fly.pl/cdn/photo/assets/uploads/582/278/2015/04/Virginia-Hotel.jpg","https://fly.pl/wycieczka/grecja,rodos,kallithea/virginia-kallithea/pgQHDEMv1ztsVzXqcV6-baAAogEu__0QDieZgHyM3MsEVY9LMY9ys_84uy04_nnjEOSCIqBFJOQlcwlpDR0gZI1JoBUEFYpQFgAmoEQndjRGoXMjk2LDM4MCw0NzcsNDgzLDQ4NCw0ODVqDzQwNCw0MDcsNDA4LDUyMXI3nwGeAZwBFQ5YARcACgRAxAcRoycZsjAQ9Qdh02tLAFK4Q1MAD6uNQB0rIO6qkgkNAAIMYwECC3t_R0A/ofertasv/?filter[tourOperator]=RNBW&filter%5Bperson%5D=2&filter%5BchildAge%5D%5B1%5D=20201210&filter%5Bchild%5D=1"
"Lambi Resort","19856.0","14.07.2026 - 28.07.2026","15 dni/14 nocy","","3.9","3.9","510","tripadvisor","Все аэропорты","2026-07-13T02:05:55.222988+00:00","https://fly.pl/oferta/grecja-wczasy/?filter[dest]=14:&filter[hotelids]=&filter[cityids]=&filter[cregids]=&filter[ofrType]=&filter[addObjType]=&filter[whenFrom]=13-07-2026&filter[whenTo]=12-08-2026&filter[duration]=13:16&filter[from]=&filter[person]=2&filter[child]=1&filter[price]=4000:20000&filter[PriceFrom]=4000&filter[PriceTo]=20000&filter[addCategory]=40&filter[addCatering]=1&filter[addMisc]=0&filter[addTransport]=F&filter[fp]=1&order_by=ofr_price&filter[tourOperator]=0&filter[childAge][1]=20201210","https://fly.pl/cdn/photo/assets/uploads/582/278/2018/12/Lambi-Resort.jpg","https://fly.pl/wycieczka/grecja,kos,lambi/lambi-palace/pZfhkagqpvi9cZcXkFGWKoAAogJerBmfxA2IpBPNPghY9D9nw4e3kznPPCmj-IHa-eUSoqBFJOQlcwlpDR0gZIkJsBUEFYFWACagRCd2NEahcyOTYsMzgwLDQ3Nyw0ODMsNDg0LDQ4NXI1nwGeARUOFwBYAQoEQMQHEZk2GdogEPpQUtgfUwBL9zRhAA_Ss0AdIyDilpIJDQACDGMBAgtxnQu6/ofertasv/?filter[tourOperator]=RNBW&filter%5Bperson%5D=2&filter%5BchildAge%5D%5B1%5D=20201210&filter%5Bchild%5D=1"
"Castellum Suites (ex Continental Apartments)","19867.0","27.07.2026 - 09.08.2026","14 dni/13 nocy","","3.8","3.8","524","tripadvisor","Все аэропорты","2026-07-13T02:05:55.222988+00:00","https://fly.pl/oferta/grecja-wczasy/?filter[dest]=14:&filter[hotelids]=&filter[cityids]=&filter[cregids]=&filter[ofrType]=&filter[addObjType]=&filter[whenFrom]=13-07-2026&filter[whenTo]=12-08-2026&filter[duration]=13:16&filter[from]=&filter[person]=2&filter[child]=1&filter[price]=4000:20000&filter[PriceFrom]=4000&filter[PriceTo]=20000&filter[addCategory]=40&filter[addCatering]=1&filter[addMisc]=0&filter[addTransport]=F&filter[fp]=1&order_by=ofr_price&filter[tourOperator]=0&filter[childAge][1]=20201210","https://fly.pl/cdn/photo/assets/uploads/582/278/2018/12/Continental-Apartments-fly-pl.jpg","https://fly.pl/wycieczka/grecja,rodos,c/continental-apartments/plQqyg_A_eJL2-t4g1AfoAAAogXlekbmGBwn-seCPtuFIERiAxeW04XWEOKpfydjlReiMqBEVYSU0wlpDR0gZIm5sBUAFYzQJgAmoCQUlyIhwR8vYGqwTpy0C5BIwDG5mrQRjCtkMBna2xlAwCAGMBAgtUl0fH/ofertasv/?filter[tourOperator]=EXIM&filter%5Bperson%5D=2&filter%5BchildAge%5D%5B1%5D=20201210&filter%5Bchild%5D=1"
"Marvida Nuvon","19910.0","26.07.2026 - 10.08.2026","16 dni/14 nocy","","4.2","4.2","186","tripadvisor","Все аэропорты","2026-07-13T02:05:55.222988+00:00","https://fly.pl/oferta/grecja-wczasy/?filter[dest]=14:&filter[hotelids]=&filter[cityids]=&filter[cregids]=&filter[ofrType]=&filter[addObjType]=&filter[whenFrom]=13-07-2026&filter[whenTo]=12-08-2026&filter[duration]=13:16&filter[from]=&filter[person]=2&filter[child]=1&filter[price]=4000:20000&filter[PriceFrom]=4000&filter[PriceTo]=20000&filter[addCategory]=40&filter[addCatering]=1&filter[addMisc]=0&filter[addTransport]=F&filter[fp]=1&order_by=ofr_price&filter[tourOperator]=0&filter[childAge][1]=20201210","https://fly.pl/cdn/photo/assets/uploads/582/278/2015/11/Niriides-Beach-Bali.jpg","https://fly.pl/wycieczka/grecja,kreta-wschodnia,bali/niriides-beach-bali/pScyWxRj7HiDcTAcraZFCVAAogGWRswQ70dlvxTSmvyfaBiAAAAADQwQQA7MEEAA4AAQAqBFdFWlkwlpDR0gZIxpsBUEFYtQJgA2oLUnlhbmFpciBTdW5qBDAwNDBqBDAxMTVqBDAzMzByQJ4BlAGVAZgBHwAcAQIAFgQXCRKlBBO2CxHFaUDzB0vKJFAATLgKTwAbusQBHfOOECAcDYrLwQkBEmMBDWMBAgzFweub/ofertasv/?filter[tourOperator]=WEZY&filter%5Bperson%5D=2&filter%5BchildAge%5D%5B1%5D=20201210&filter%5Bchild%5D=1"
"Elinotel Sermilia Resort (ex. Bomo Cronwell Sermilia)","19918.0","18.07.2026 - 01.08.2026","15 dni/14 nocy","","3.8","3.8","210","tripadvisor","Все аэропорты","2026-07-13T02:05:55.222988+00:00","https://fly.pl/oferta/grecja-wczasy/?filter[dest]=14:&filter[hotelids]=&filter[cityids]=&filter[cregids]=&filter[ofrType]=&filter[addObjType]=&filter[whenFrom]=13-07-2026&filter[whenTo]=12-08-2026&filter[duration]=13:16&filter[from]=&filter[person]=2&filter[child]=1&filter[price]=4000:20000&filter[PriceFrom]=4000&filter[PriceTo]=20000&filter[addCategory]=40&filter[addCatering]=1&filter[addMisc]=0&filter[addTransport]=F&filter[fp]=1&order_by=ofr_price&filter[tourOperator]=0&filter[childAge][1]=20201210","https://fly.pl/cdn/photo/assets/uploads/582/278/2015/06/ace51f02b6f338f488ef08630ea127c1256fa3044b889314275e4a932f9fc24a.jpg","https://fly.pl/wycieczka/grecja,chalkidiki,psakoudia/cronwell-sermilia-resort/p6ZxYu4ZLhHV3llPM764PuAAognTUMWpFvvZEhK_4oNzwC74sYLkcvWHnOc5wUIEnXTioqBFJOQlcwlpDR0gZIzpsBUEFYdWACagRCd2NEahcyOTYsMzgwLDQ3Nyw0ODMsNDg0LDQ4NWoHNDA3LDQwOHI3nwGeAZwBFQ4XAFgBCgRAxAcR2zcZ6x8Q-lRh3R5LAFKsTlMAHbSpQQ8rIO-DkQkNAAIMYwECC9PjxjQ/ofertasv/?filter[tourOperator]=RNBW&filter%5Bperson%5D=2&filter%5BchildAge%5D%5B1%5D=20201210&filter%5Bchild%5D=1"
"Kronos (Platamonas) Grecja, Riwiera Olimpijska, Platamonas","10765.0","15.07.2026 - 29.07.2026","15 dni/14 nocy","","4.0","4.0","121","tripadvisor","Все аэропорты","2026-07-13T05:43:40.996145+00:00","https://fly.pl/oferta/grecja-wczasy/?filter[dest]=14:&filter[hotelids]=&filter[cityids]=&filter[cregids]=&filter[ofrType]=&filter[addObjType]=&filter[whenFrom]=13-07-2026&filter[whenTo]=12-08-2026&filter[duration]=13:16&filter[from]=&filter[person]=2&filter[child]=1&filter[price]=4000:20000&filter[PriceFrom]=4000&filter[PriceTo]=20000&filter[addCategory]=40&filter[addCatering]=1&filter[addMisc]=0&filter[addTransport]=F&filter[fp]=1&order_by=ofr_price&filter[tourOperator]=0&filter[childAge][1]=20201210","https://fly.pl/cdn/photo/assets/uploads/582/278/2015/06/Hotel-Kronos.jpg","https://fly.pl/wycieczka/grecja,riwiera-olimpijska,platamonas/kronos-platamonas/pERp_y1aWjmFn_djm7hxdmAAogOsyX0W7zOUlJHXFBTRyWTUT3fETbnM5YrCx7P3_-nVAqBEdSQ1MwjfbR0gZIjVRQQVgqYANyQlwKFwQVAFgBVgIdsgIPE0CFBFuvlwFL6jRhAF6nMFKFHlMATLTATQGKhTkNjejLCCAAUbyDucvnAQESYwECYwECC5svxMw/ofertasv/?filter[tourOperator]=GRCS&filter%5Bperson%5D=2&filter%5BchildAge%5D%5B1%5D=20201210&filter%5Bchild%5D=1"
"Thalassa Grecja, Grecja Środkowa, Paleros","11196.0","20.07.2026 - 03.08.2026","16 dni/14 nocy","","3.8","3.8","185","tripadvisor","Все аэропорты","2026-07-13T05:43:40.996145+00:00","https://fly.pl/oferta/grecja-wczasy/?filter[dest]=14:&filter[hotelids]=&filter[cityids]=&filter[cregids]=&filter[ofrType]=&filter[addObjType]=&filter[whenFrom]=13-07-2026&filter[whenTo]=12-08-2026&filter[duration]=13:16&filter[from]=&filter[person]=2&filter[child]=1&filter[price]=4000:20000&filter[PriceFrom]=4000&filter[PriceTo]=20000&filter[addCategory]=40&filter[addCatering]=1&filter[addMisc]=0&filter[addTransport]=F&filter[fp]=1&order_by=ofr_price&filter[tourOperator]=0&filter[childAge][1]=20201210","https://datacfstatic.merlinx.pl/GRCS/IMG/PVKTHSS/8c8e35b96675acf98d261995025011a445407aaef185238a60a78839afd05a8e.webp","https://fly.pl/wycieczka/grecja,grecja-srodkowa,paleros/thalassa-15/pfmz0nPq56VouG9-vsKcxDAAogU2du6Ea4R98la1Dj7-vVFsq21IQJIX4gxu-SYhgKpaUqBEdSQ1MwjfbR0gZIvFdQQViiAWACckBcChUEFwBYAVYCD8UBHcMBQMIDW5aAAUuDTGEAXqcwUuUCUwBM1NtNAfmHPw2j5cUIIABR7K-L4tEBARJjAgJjGaprMQ/ofertasv/?filter[tourOperator]=GRCS&filter%5Bperson%5D=2&filter%5BchildAge%5D%5B1%5D=20201210&filter%5Bchild%5D=1"
"Stefania Beach Grecja, Evia, Amarynthos","11704.0","15.07.2026 - 29.07.2026","15 dni/14 nocy","","3.6","3.6","107","tripadvisor","Все аэропорты","2026-07-13T05:43:40.996145+00:00","https://fly.pl/oferta/grecja-wczasy/?filter[dest]=14:&filter[hotelids]=&filter[cityids]=&filter[cregids]=&filter[ofrType]=&filter[addObjType]=&filter[whenFrom]=13-07-2026&filter[whenTo]=12-08-2026&filter[duration]=13:16&filter[from]=&filter[person]=2&filter[child]=1&filter[price]=4000:20000&filter[PriceFrom]=4000&filter[PriceTo]=20000&filter[addCategory]=40&filter[addCatering]=1&filter[addMisc]=0&filter[addTransport]=F&filter[fp]=1&order_by=ofr_price&filter[tourOperator]=0&filter[childAge][1]=20201210","https://fly.pl/cdn/photo/assets/uploads/582/278/2017/10/Stefania-Beach-Resort.jpg","https://fly.pl/wycieczka/grecja,evia,amarynthos/stefania-beach/pjgjJ6I5Oh19tHPC3IqlrtAAogJS1IQby1i5T-av4itCnQ8tI-s8TS2XHV7UztuP7hq8oqBFJOQlcwjfbR0gZIuFtQQVgqYAJqBEJ3Y0RqFzI5NiwzODAsNDc3LDQ4Myw0ODQsNDg1cjWfAZ4BFQ4XAFgBCgRAxAcR9TYZzyBSqg5TABCHREvHUmEAHZX-QA9YIOvLkQkNAAIMYwECC401lbA/ofertasv/?filter[tourOperator]=RNBW&filter%5Bperson%5D=2&filter%5BchildAge%5D%5B1%5D=20201210&filter%5Bchild%5D=1"
"Dafni Plus Grecja, Riwiera Olimpijska, Leptokaria","11802.0","18.07.2026 - 01.08.2026","15 dni/14 nocy","","4.5","4.5","39","tripadvisor","Все аэропорты","2026-07-13T05:43:40.996145+00:00","https://fly.pl/oferta/grecja-wczasy/?filter[dest]=14:&filter[hotelids]=&filter[cityids]=&filter[cregids]=&filter[ofrType]=&filter[addObjType]=&filter[whenFrom]=13-07-2026&filter[whenTo]=12-08-2026&filter[duration]=13:16&filter[from]=&filter[person]=2&filter[child]=1&filter[price]=4000:20000&filter[PriceFrom]=4000&filter[PriceTo]=20000&filter[addCategory]=40&filter[addCatering]=1&filter[addMisc]=0&filter[addTransport]=F&filter[fp]=1&order_by=ofr_price&filter[tourOperator]=0&filter[childAge][1]=20201210","https://fly.pl/cdn/photo/assets/uploads/582/278/2018/11/Dafni-Plus.jpg","https://fly.pl/wycieczka/grecja,riwiera-olimpijska,leptokaria/dafni-plus/pll3XYqR29FC-UzWwE0lYwAAogyC2SIbq0IYRQg7Trc56wlbnHuRAzQ3yZ_UKLZdl1bLEqBEdSQ1MwjfbR0gZImlxQQVhyYANyQFwKFwQVAFgBVgIdYw8MQNsFW5aAAV6qfEt4YQBSjR1TAEy0wE0Bnu00Dfz_zwggAFGl3aPL5wEBEmMBAmMBAguHW-4n/ofertasv/?filter[tourOperator]=GRCS&filter%5Bperson%5D=2&filter%5BchildAge%5D%5B1%5D=20201210&filter%5Bchild%5D=1"
"Aqua Sun Village (Ex. Eri Sun Village) Grecja, Kreta Wschodnia, Hersonissos","11897.0","27.07.2026 - 10.08.2026","15 dni/14 nocy","","3.1","3.1","827","tripadvisor","Все аэропорты","2026-07-13T05:43:40.996145+00:00","https://fly.pl/oferta/grecja-wczasy/?filter[dest]=14:&filter[hotelids]=&filter[cityids]=&filter[cregids]=&filter[ofrType]=&filter[addObjType]=&filter[whenFrom]=13-07-2026&filter[whenTo]=12-08-2026&filter[duration]=13:16&filter[from]=&filter[person]=2&filter[child]=1&filter[price]=4000:20000&filter[PriceFrom]=4000&filter[PriceTo]=20000&filter[addCategory]=40&filter[addCatering]=1&filter[addMisc]=0&filter[addTransport]=F&filter[fp]=1&order_by=ofr_price&filter[tourOperator]=0&filter[childAge][1]=20201210","https://fly.pl/cdn/photo/assets/uploads/582/278/2014/11/Aqua-Sun-Village-Ex.-Eri-Sun-Village-fly-pl.jpg","https://fly.pl/wycieczka/grecja,kreta-wschodnia,hersonissos/eri-sun-village/pHPquGY1JWawV_Cu511B4QAAog7761XKpNs-8U7Yj6ed3MQlmOwbr9uBzU1MzUA_uP2c0qBEJWQkUwjfbR0gZI-VxQAVjKAmACagJBSXIiHBGMngEb5I4_GOflFKsEqZQjuQSOAQHM0tO6AwISYwECCi9qo84/ofertasv/?filter[tourOperator]=BVBE&filter%5Bperson%5D=2&filter%5BchildAge%5D%5B1%5D=20201210&filter%5Bchild%5D=1"
"Ilyssion Grecja, Rodos, Pefki","11925.0","27.07.2026 - 09.08.2026","14 dni/13 nocy","","3.0","3.0","665","tripadvisor","Все аэропорты","2026-07-13T05:43:40.996145+00:00","https://fly.pl/oferta/grecja-wczasy/?filter[dest]=14:&filter[hotelids]=&filter[cityids]=&filter[cregids]=&filter[ofrType]=&filter[addObjType]=&filter[whenFrom]=13-07-2026&filter[whenTo]=12-08-2026&filter[duration]=13:16&filter[from]=&filter[person]=2&filter[child]=1&filter[price]=4000:20000&filter[PriceFrom]=4000&filter[PriceTo]=20000&filter[addCategory]=40&filter[addCatering]=1&filter[addMisc]=0&filter[addTransport]=F&filter[fp]=1&order_by=ofr_price&filter[tourOperator]=0&filter[childAge][1]=20201210","https://fly.pl/cdn/photo/assets/uploads/582/278/2014/11/Ilyssion.jpg","https://fly.pl/wycieczka/grecja,rodos,pefki/ilyssion/pE7jNMDGY3KZD_Vcxg0EpxAAogDN3QdvZUAwH4UYKvJ232ZvRV6dcKxlUaXfp0TYewma8qBEVDQ1gwjfbR0gZIlV1QAVjKAmACagJBSXIgHBHMAqsEsr8VuQQPGPHBJRvK2wYBo-zYxQECEmMBAgsdPFtg/ofertasv/?filter[tourOperator]=ECCX&filter%5Bperson%5D=2&filter%5BchildAge%5D%5B1%5D=20201210&filter%5Bchild%5D=1"
"Kolymbia Sky Grecja, Rodos, Kolymbia","11997.0","17.07.2026 - 31.07.2026","15 dni/14 nocy","","3.6","3.6","163","tripadvisor","Все аэропорты","2026-07-13T05:43:40.996145+00:00","https://fly.pl/oferta/grecja-wczasy/?filter[dest]=14:&filter[hotelids]=&filter[cityids]=&filter[cregids]=&filter[ofrType]=&filter[addObjType]=&filter[whenFrom]=13-07-2026&filter[whenTo]=12-08-2026&filter[duration]=13:16&filter[from]=&filter[person]=2&filter[child]=1&filter[price]=4000:20000&filter[PriceFrom]=4000&filter[PriceTo]=20000&filter[addCategory]=40&filter[addCatering]=1&filter[addMisc]=0&filter[addTransport]=F&filter[fp]=1&order_by=ofr_price&filter[tourOperator]=0&filter[childAge][1]=20201210","https://fly.pl/cdn/photo/assets/uploads/582/278/2014/09/Kolymbia-Sky-fly-pl.jpg","https://fly.pl/wycieczka/grecja,rodos,kolymbia/kolymbia-sky/prvH8PCdXL95ZntZkqsfzZAAog_dM4p5bVk2tC-7HNyb_vq0oRqjQoSS9qtHwHGJ-TRo0qBFZJVFgwjfbR0gZI3V1QQVhaYAJyQBoAXAoVBBcAWAFAjwNbv4MBXr58UpETUwBL_gRhAEzr1zkN2NuYCSAAUcWkse3eAU-3vBRdyMj7_gMCDGMBAguVlU3m/ofertasv/?filter[tourOperator]=VITX&filter%5Bperson%5D=2&filter%5BchildAge%5D%5B1%5D=20201210&filter%5Bchild%5D=1"
"Dias Solimar Grecja, Kreta Zachodnia, Adelianos Kampos","12224.0","15.07.2026 - 30.07.2026","16 dni/14 nocy","","4.0","4.0","478","tripadvisor","Все аэропорты","2026-07-13T05:43:40.996145+00:00","https://fly.pl/oferta/grecja-wczasy/?filter[dest]=14:&filter[hotelids]=&filter[cityids]=&filter[cregids]=&filter[ofrType]=&filter[addObjType]=&filter[whenFrom]=13-07-2026&filter[whenTo]=12-08-2026&filter[duration]=13:16&filter[from]=&filter[person]=2&filter[child]=1&filter[price]=4000:20000&filter[PriceFrom]=4000&filter[PriceTo]=20000&filter[addCategory]=40&filter[addCatering]=1&filter[addMisc]=0&filter[addTransport]=F&filter[fp]=1&order_by=ofr_price&filter[tourOperator]=0&filter[childAge][1]=20201210","https://fly.pl/cdn/photo/assets/uploads/582/278/2009/10/Dias-Solimar2779.jpg","https://fly.pl/wycieczka/grecja,kreta-zachodnia,adelianos-kampos/dias-solimar/pm-RaCHpr0eUxJ73jlP8LCAAog65XAYMAHRAV_yhJxFvTjyWrqCHBX7kLJo0cMUE6MrBgqBEdSQ1MwjfbR0gZIwF9QQVgqYANyQFwKFwUVAFgAVgId9AEPF0C_BFLjd1MAW7MIS4NMYQBepzBMud5NAb-0OQ3YuMsIIABRgOmhnWUBEmMBAmMBAguIHcSC/ofertasv/?filter[tourOperator]=GRCS&filter%5Bperson%5D=2&filter%5BchildAge%5D%5B1%5D=20201210&filter%5Bchild%5D=1"
"Noho Grecja, Kreta Zachodnia, SCALETA","12954.0","19.07.2026 - 02.08.2026","16 dni/14 nocy","","3.7","3.7","68","tripadvisor","Все аэропорты","2026-07-13T05:43:40.996145+00:00","https://fly.pl/oferta/grecja-wczasy/?filter[dest]=14:&filter[hotelids]=&filter[cityids]=&filter[cregids]=&filter[ofrType]=&filter[addObjType]=&filter[whenFrom]=13-07-2026&filter[whenTo]=12-08-2026&filter[duration]=13:16&filter[from]=&filter[person]=2&filter[child]=1&filter[price]=4000:20000&filter[PriceFrom]=4000&filter[PriceTo]=20000&filter[addCategory]=40&filter[addCatering]=1&filter[addMisc]=0&filter[addTransport]=F&filter[fp]=1&order_by=ofr_price&filter[tourOperator]=0&filter[childAge][1]=20201210","https://datacfstatic.merlinx.pl/GRCS/IMG/CHQNOHO/4a262432ff02974aa9d6c0cc2df54e7977a888977a9f2455da135ae3213ed7e9.webp","https://fly.pl/wycieczka/grecja,kreta-zachodnia,scaleta/noho-9/ptceCp5s8B7GKo07d_OjMhAAogYuDsnU2cejB7wxkXyBE36mv0aeeNXUolX8spKDLJx3wqBEdSQ1MwjfbR0gZImmVQQViKAWADckAVDhcBWABWAlwCHcABDxNA9QRS43dTAFuzCEuDTGEAXqcwTLneTQHIszkN07nLCCAAUc3kvp1lARJjAQJjAQILHEw8kA/ofertasv/?filter[tourOperator]=GRCS&filter%5Bperson%5D=2&filter%5BchildAge%5D%5B1%5D=20201210&filter%5Bchild%5D=1"
"Royal (Polichrono) Grecja, Chalkidiki, Polychrono","12983.0","15.07.2026 - 29.07.2026","15 dni/14 nocy","","4.4","4.4","697","tripadvisor","Все аэропорты","2026-07-13T05:43:40.996145+00:00","https://fly.pl/oferta/grecja-wczasy/?filter[dest]=14:&filter[hotelids]=&filter[cityids]=&filter[cregids]=&filter[ofrType]=&filter[addObjType]=&filter[whenFrom]=13-07-2026&filter[whenTo]=12-08-2026&filter[duration]=13:16&filter[from]=&filter[person]=2&filter[child]=1&filter[price]=4000:20000&filter[PriceFrom]=4000&filter[PriceTo]=20000&filter[addCategory]=40&filter[addCatering]=1&filter[addMisc]=0&filter[addTransport]=F&filter[fp]=1&order_by=ofr_price&filter[tourOperator]=0&filter[childAge][1]=20201210","https://fly.pl/cdn/photo/assets/uploads/582/278/2015/06/Royal-Polichrono-fly-pl.jpg","https://fly.pl/wycieczka/grecja,chalkidiki,polychrono/royal-fourka/phnrQSboQHsJSZNAXKyfF8AAoggfH6XO1yfLMUF5AQqbalQkT3fETbnM5YrCx7P3_-nVAqBEdSQ1MwjfbR0gZIt2VQQVgqYANyQlwKFwQVAFgBVgIdsgIPE0CFBFuEgAFLlUxhAF6nMFKFHlMATLTATQG3iDkN4OTLCCAAUaffzMvnAQESYwECYwECC0ngON0/ofertasv/?filter[tourOperator]=GRCS&filter%5Bperson%5D=2&filter%5BchildAge%5D%5B1%5D=20201210&filter%5Bchild%5D=1"
"Lardos Bay Grecja, Rodos, Lardos","12996.0","27.07.2026 - 10.08.2026","15 dni/14 nocy","","3.5","3.5","924","tripadvisor","Все аэропорты","2026-07-13T05:43:40.996145+00:00","https://fly.pl/oferta/grecja-wczasy/?filter[dest]=14:&filter[hotelids]=&filter[cityids]=&filter[cregids]=&filter[ofrType]=&filter[addObjType]=&filter[whenFrom]=13-07-2026&filter[whenTo]=12-08-2026&filter[duration]=13:16&filter[from]=&filter[person]=2&filter[child]=1&filter[price]=4000:20000&filter[PriceFrom]=4000&filter[PriceTo]=20000&filter[addCategory]=40&filter[addCatering]=1&filter[addMisc]=0&filter[addTransport]=F&filter[fp]=1&order_by=ofr_price&filter[tourOperator]=0&filter[childAge][1]=20201210","https://fly.pl/cdn/photo/assets/uploads/582/278/2015/04/Hotel-Lardos-Bay.jpg","https://fly.pl/wycieczka/grecja,rodos,lardos/lardos-bay/pn8MYwlQMPZT8wI9Gxo4jXAAoglZk0m2FF2E2LcD48FD5J3OViM5wz68oFcmoG4SbAU_kqBEdSQ1MwjfbR0gZIxGVQQVjKAmADckBcCxcDFQBYAVYCQMoGHWkPE1uaf0uDTGEAXqcwUpETUwBM6NM5Af_JSA3kmtAIIABRl9iy7d4BARJjAQJjAQIMndvUrw/ofertasv/?filter[tourOperator]=GRCS&filter%5Bperson%5D=2&filter%5BchildAge%5D%5B1%5D=20201210&filter%5Bchild%5D=1"
"San Panteleimon Grecja, Riwiera Olimpijska, Neos Panteleimonas","13180.0","18.07.2026 - 01.08.2026","15 dni/14 nocy","","4.6","4.6","183","tripadvisor","Все аэропорты","2026-07-13T05:43:40.996145+00:00","https://fly.pl/oferta/grecja-wczasy/?filter[dest]=14:&filter[hotelids]=&filter[cityids]=&filter[cregids]=&filter[ofrType]=&filter[addObjType]=&filter[whenFrom]=13-07-2026&filter[whenTo]=12-08-2026&filter[duration]=13:16&filter[from]=&filter[person]=2&filter[child]=1&filter[price]=4000:20000&filter[PriceFrom]=4000&filter[PriceTo]=20000&filter[addCategory]=40&filter[addCatering]=1&filter[addMisc]=0&filter[addTransport]=F&filter[fp]=1&order_by=ofr_price&filter[tourOperator]=0&filter[childAge][1]=20201210","https://fly.pl/cdn/photo/assets/uploads/582/278/2015/05/San-Panteleimon.jpg","https://fly.pl/wycieczka/grecja,riwiera-olimpijska,neos-panteleimonas/san-panteleimon/pGBxWwS7ZPYYKzxcCjTA3dAAogFU0_0fovxXTmL57Hkl-kqIsYLkcvWHnOc5wUIEnXTioqBFJOQlcwjfbR0gZI_GZQQVhyYAJqBEJ3Y0RqFzI5NiwzODAsNDc3LDQ4Myw0ODQsNDg1agc0MDcsNDA4cjafAZ4BnAEVDhcAWAEKBEDEBxE4EKkTGeRDYdhzSwBSrE5TAB20qUEPKyDvg5EJDQACDGMBAguyidoc/ofertasv/?filter[tourOperator]=RNBW&filter%5Bperson%5D=2&filter%5BchildAge%5D%5B1%5D=20201210&filter%5Bchild%5D=1"
"Palmariva Beach (ex. Bomo Palmariva Beach) Grecja, Evia, Eretria","13227.0","19.07.2026 - 03.08.2026","16 dni/14 nocy","","4.2","4.2","1196","tripadvisor","Все аэропорты","2026-07-13T05:43:40.996145+00:00","https://fly.pl/oferta/grecja-wczasy/?filter[dest]=14:&filter[hotelids]=&filter[cityids]=&filter[cregids]=&filter[ofrType]=&filter[addObjType]=&filter[whenFrom]=13-07-2026&filter[whenTo]=12-08-2026&filter[duration]=13:16&filter[from]=&filter[person]=2&filter[child]=1&filter[price]=4000:20000&filter[PriceFrom]=4000&filter[PriceTo]=20000&filter[addCategory]=40&filter[addCatering]=1&filter[addMisc]=0&filter[addTransport]=F&filter[fp]=1&order_by=ofr_price&filter[tourOperator]=0&filter[childAge][1]=20201210","https://fly.pl/cdn/photo/assets/uploads/582/278/2017/06/Palmariva-fly-pl-2.jpg","https://fly.pl/wycieczka/grecja,evia,eretria/palmariva/pgnJ_fLrjQIQCZKrlPzWMNAAogsz6uL50RFw2VSKyAVWtqYL11VMq1RU--TmnSvEUA51cqBFJOQlcwjfbR0gZIq2dQQViKAWACagRCd2NEahcyOTYsMzgwLDQ3Nyw0ODMsNDg0LDQ4NWoPNDA0LDQwNyw0MDgsNTIxcjefAZ4BnAEVDlgBFwAKBEDEBxH0NhnQIFKqDlMAEIVES6ohYQAP78RBHTkg07aRCQ0AAgxjAQIL91yxQA/ofertasv/?filter[tourOperator]=RNBW&filter%5Bperson%5D=2&filter%5BchildAge%5D%5B1%5D=20201210&filter%5Bchild%5D=1"
"Olimpion Melathron Grecja, Riwiera Olimpijska, Platamonas","13630.0","15.07.2026 - 29.07.2026","15 dni/14 nocy","","4.3","4.3","50","tripadvisor","Все аэропорты","2026-07-13T05:43:40.996145+00:00","https://fly.pl/oferta/grecja-wczasy/?filter[dest]=14:&filter[hotelids]=&filter[cityids]=&filter[cregids]=&filter[ofrType]=&filter[addObjType]=&filter[whenFrom]=13-07-2026&filter[whenTo]=12-08-2026&filter[duration]=13:16&filter[from]=&filter[person]=2&filter[child]=1&filter[price]=4000:20000&filter[PriceFrom]=4000&filter[PriceTo]=20000&filter[addCategory]=40&filter[addCatering]=1&filter[addMisc]=0&filter[addTransport]=F&filter[fp]=1&order_by=ofr_price&filter[tourOperator]=0&filter[childAge][1]=20201210","https://fly.pl/cdn/photo/assets/uploads/582/278/2015/06/Olimpion-Melathron.jpg","https://fly.pl/wycieczka/grecja,riwiera-olimpijska,platamonas/olimpion-melathron/pXJUV-ROknrKu_CaniAsyvAAogQc-d5hUTB3N_ejdJuKoeBFGoARbpzJmqd1Cgrjv1Z9MqBFJOQlcwjfbR0gZIvmpQQVgqYAJqBEJ3Y0RqFzI5NiwzODAsNDc3LDQ4Myw0ODQsNDg1cjafAZ4BFQ4XAFgBCgRAxAcRlzIZriUQjjdhwQ9LAFK1e1MAHZT2QA_mAyDRs5EJDQACDGMBAguIimKq/ofertasv/?filter[tourOperator]=RNBW&filter%5Bperson%5D=2&filter%5BchildAge%5D%5B1%5D=20201210&filter%5Bchild%5D=1"
"Alexandros Palace Grecja, Chalkidiki, Ouranopolis","13699.0","15.07.2026 - 29.07.2026","15 dni/14 nocy","","4.1","4.1","52","tripadvisor","Все аэропорты","2026-07-13T05:43:40.996145+00:00","https://fly.pl/oferta/grecja-wczasy/?filter[dest]=14:&filter[hotelids]=&filter[cityids]=&filter[cregids]=&filter[ofrType]=&filter[addObjType]=&filter[whenFrom]=13-07-2026&filter[whenTo]=12-08-2026&filter[duration]=13:16&filter[from]=&filter[person]=2&filter[child]=1&filter[price]=4000:20000&filter[PriceFrom]=4000&filter[PriceTo]=20000&filter[addCategory]=40&filter[addCatering]=1&filter[addMisc]=0&filter[addTransport]=F&filter[fp]=1&order_by=ofr_price&filter[tourOperator]=0&filter[childAge][1]=20201210","https://fly.pl/cdn/photo/assets/uploads/582/278/2015/04/Alexandros-Palace-fly-pl.jpg","https://fly.pl/wycieczka/grecja,chalkidiki,ouranopolis/alexandros-palace/pLdGxP-foEKRWlFDVmAGDRAAogDZFvMexRYf09xZxVAe9E1ET3fETbnM5YrCx7P3_-nVAqBEdSQ1MwjfbR0gZIg2tQQVgqYANyQlwKFwQVAFgBVgIdsgIPE0CFBFuWgAFLg0xhAF6nMFKFHlMATLTATQGvhjkN6ObLCCAAUfOJnMvnAQESYwECYwECC4M9RPU/ofertasv/?filter[tourOperator]=GRCS&filter%5Bperson%5D=2&filter%5BchildAge%5D%5B1%5D=20201210&filter%5Bchild%5D=1"
"Maistrali (Tragaki) Grecja, Zakynthos, Tragaki","13735.0","21.07.2026 - 04.08.2026","15 dni/14 nocy","","4.4","4.4","430","tripadvisor","Все аэропорты","2026-07-13T05:43:40.996145+00:00","https://fly.pl/oferta/grecja-wczasy/?filter[dest]=14:&filter[hotelids]=&filter[cityids]=&filter[cregids]=&filter[ofrType]=&filter[addObjType]=&filter[whenFrom]=13-07-2026&filter[whenTo]=12-08-2026&filter[duration]=13:16&filter[from]=&filter[person]=2&filter[child]=1&filter[price]=4000:20000&filter[PriceFrom]=4000&filter[PriceTo]=20000&filter[addCategory]=40&filter[addCatering]=1&filter[addMisc]=0&filter[addTransport]=F&filter[fp]=1&order_by=ofr_price&filter[tourOperator]=0&filter[childAge][1]=20201210","https://fly.pl/cdn/photo/assets/uploads/582/278/2017/09/Maistrali-Tragaki-fly-pl-4.jpg","https://fly.pl/wycieczka/grecja,zakynthos,tragaki/maistrali-tragaki/pPXZ_CJNogwMVPN5Vxqm_9AAogZh6Nz5_wGP_OoyRBGonuVfYEGb3zt1_C12BOzPL0U6wqBEdSQ1MwjfbR0gZIp2tQQVi6AWADckBcChcEFQBYAVYCQMoGHTwPDlvMf16qfEuPGGEAUqtPUwBM__ZMAZ2fPA2AzsgIIABR09jIsaICARJjAQJjAQILXDpVVQ/ofertasv/?filter[tourOperator]=GRCS&filter%5Bperson%5D=2&filter%5BchildAge%5D%5B1%5D=20201210&filter%5Bchild%5D=1"
"Planos Beach Grecja, Zakynthos, Planos","13814.0","19.07.2026 - 02.08.2026","15 dni/14 nocy","","4.1","4.1","596","tripadvisor","Все аэропорты","2026-07-13T05:43:40.996145+00:00","https://fly.pl/oferta/grecja-wczasy/?filter[dest]=14:&filter[hotelids]=&filter[cityids]=&filter[cregids]=&filter[ofrType]=&filter[addObjType]=&filter[whenFrom]=13-07-2026&filter[whenTo]=12-08-2026&filter[duration]=13:16&filter[from]=&filter[person]=2&filter[child]=1&filter[price]=4000:20000&filter[PriceFrom]=4000&filter[PriceTo]=20000&filter[addCategory]=40&filter[addCatering]=1&filter[addMisc]=0&filter[addTransport]=F&filter[fp]=1&order_by=ofr_price&filter[tourOperator]=0&filter[childAge][1]=20201210","https://fly.pl/cdn/photo/assets/uploads/582/278/2014/09/PLANOS-BEACH-HOTEL.jpg","https://fly.pl/wycieczka/grecja,zakynthos,planos/planos-beach/p3VPr33nqjwPvLbKv5VvOvAAogIlpWY6kyzXfSDTnlkfkTkFku12KMbGFUb-pgdOzoURMqBEdSQ1MwjfbR0gZI9mtQQViKAWADckJcChcEFQBYAVYCHfIDDxFAxwJbxoMBS9NIYQBepzBSumdTAEz_9kwB0LtADcuxxAggAFG7i9KxogIBEmMBAmMBAgzLrTf7/ofertasv/?filter[tourOperator]=GRCS&filter%5Bperson%5D=2&filter%5BchildAge%5D%5B1%5D=20201210&filter%5Bchild%5D=1"
"Golden Odyssey Grecja, Rodos, Kolymbia","13816.0","24.07.2026 - 07.08.2026","15 dni/14 nocy","","3.7","3.7","1980","tripadvisor","Все аэропорты","2026-07-13T05:43:40.996145+00:00","https://fly.pl/oferta/grecja-wczasy/?filter[dest]=14:&filter[hotelids]=&filter[cityids]=&filter[cregids]=&filter[ofrType]=&filter[addObjType]=&filter[whenFrom]=13-07-2026&filter[whenTo]=12-08-2026&filter[duration]=13:16&filter[from]=&filter[person]=2&filter[child]=1&filter[price]=4000:20000&filter[PriceFrom]=4000&filter[PriceTo]=20000&filter[addCategory]=40&filter[addCatering]=1&filter[addMisc]=0&filter[addTransport]=F&filter[fp]=1&order_by=ofr_price&filter[tourOperator]=0&filter[childAge][1]=20201210","https://fly.pl/cdn/photo/assets/uploads/582/278/2014/11/Golden-Odyssey.jpg","https://fly.pl/wycieczka/grecja,rodos,kolymbia/golden-odyssey/pNW-ov6byHAQ4qHe0JhN0fAAog5pbF1FlkxV3-gAr_65xbW9mJpJOs1mB8V2-wp786nc0qBEdSQ1MwjfbR0gZI-GtQQViCAmADckJcChcEFQBYAVYCHakFDwxAlQFbloABS69LYQBe-zBSkRNTAEzo0zkBxuhFDZr80gggAFH5yqXt3gEBEmMBAmMBAwuHB7B_/ofertasv/?filter[tourOperator]=GRCS&filter%5Bperson%5D=2&filter%5BchildAge%5D%5B1%5D=20201210&filter%5Bchild%5D=1"
"Porto Planos Beach Grecja, Zakynthos, Tsilivi","13838.0","19.07.2026 - 02.08.2026","15 dni/14 nocy","","3.9","3.9","305","tripadvisor","Все аэропорты","2026-07-13T05:43:40.996145+00:00","https://fly.pl/oferta/grecja-wczasy/?filter[dest]=14:&filter[hotelids]=&filter[cityids]=&filter[cregids]=&filter[ofrType]=&filter[addObjType]=&filter[whenFrom]=13-07-2026&filter[whenTo]=12-08-2026&filter[duration]=13:16&filter[from]=&filter[person]=2&filter[child]=1&filter[price]=4000:20000&filter[PriceFrom]=4000&filter[PriceTo]=20000&filter[addCategory]=40&filter[addCatering]=1&filter[addMisc]=0&filter[addTransport]=F&filter[fp]=1&order_by=ofr_price&filter[tourOperator]=0&filter[childAge][1]=20201210","https://fly.pl/cdn/photo/assets/uploads/582/278/2017/10/Porto-Planos-Beach-fly-pl-1.jpg","https://fly.pl/wycieczka/grecja,zakynthos,tsilivi/porto-planos-beach/pLQLiKB6l9DEJr5Dy7rsINAAogk-17RMQxhDdswKC3JNA9iFku12KMbGFUb-pgdOzoURMqBEdSQ1MwjfbR0gZIjmxQQViKAWADckJcChcEFQBYAVYCHfIDDxFAxwJbtIMBS-VIYQBepzBSumdTAEz_9kwBkeA2DYqNzgggAFG2rtKxogIBEmMBAmMBAgxl5tBm/ofertasv/?filter[tourOperator]=GRCS&filter%5Bperson%5D=2&filter%5BchildAge%5D%5B1%5D=20201210&filter%5Bchild%5D=1"
"Olympian Bay Grand Resort (ex. Bomo Olympus Grand Resort) Grecja, Riwiera Olimpijska, Leptokaria","13881.0","18.07.2026 - 01.08.2026","15 dni/14 nocy","","4.0","4.0","579","tripadvisor","Все аэропорты","2026-07-13T05:43:40.996145+00:00","https://fly.pl/oferta/grecja-wczasy/?filter[dest]=14:&filter[hotelids]=&filter[cityids]=&filter[cregids]=&filter[ofrType]=&filter[addObjType]=&filter[whenFrom]=13-07-2026&filter[whenTo]=12-08-2026&filter[duration]=13:16&filter[from]=&filter[person]=2&filter[child]=1&filter[price]=4000:20000&filter[PriceFrom]=4000&filter[PriceTo]=20000&filter[addCategory]=40&filter[addCatering]=1&filter[addMisc]=0&filter[addTransport]=F&filter[fp]=1&order_by=ofr_price&filter[tourOperator]=0&filter[childAge][1]=20201210","https://fly.pl/cdn/photo/assets/uploads/582/278/2014/10/Olympian-Bay-Grand-Resort.jpg","https://fly.pl/wycieczka/grecja,riwiera-olimpijska,leptokaria/olympian-bay/pCfduae1djBfNUM_jXR1KBAAogSItJsfLzMXFoxlnSTsRM6YsYLkcvWHnOc5wUIEnXTioqBFJOQlcwjfbR0gZIuWxQQVhyYAJqBEJ3Y0RqFzI5NiwzODAsNDc3LDQ4Myw0ODQsNDg1agc0MDcsNDA4cjefAZ4BnAEVDhcAWAEKBEDEBxHgNhnlIBCbUmG9IUsAUqxOUwAdtKlBDysg74ORCQ0AAgxjAQILF_z-PA/ofertasv/?filter[tourOperator]=RNBW&filter%5Bperson%5D=2&filter%5BchildAge%5D%5B1%5D=20201210&filter%5Bchild%5D=1"
"Sokol Resort Grecja, Kreta, Plakias","13950.0","23.07.2026 - 05.08.2026","14 dni/13 nocy","","3.3","3.3","20","tripadvisor","Все аэропорты","2026-07-13T05:43:40.996145+00:00","https://fly.pl/oferta/grecja-wczasy/?filter[dest]=14:&filter[hotelids]=&filter[cityids]=&filter[cregids]=&filter[ofrType]=&filter[addObjType]=&filter[whenFrom]=13-07-2026&filter[whenTo]=12-08-2026&filter[duration]=13:16&filter[from]=&filter[person]=2&filter[child]=1&filter[price]=4000:20000&filter[PriceFrom]=4000&filter[PriceTo]=20000&filter[addCategory]=40&filter[addCatering]=1&filter[addMisc]=0&filter[addTransport]=F&filter[fp]=1&order_by=ofr_price&filter[tourOperator]=0&filter[childAge][1]=20201210","https://fly.pl/cdn/photo/assets/uploads/582/278/2022/03/SOKOL-RESORT.jpg","https://fly.pl/wycieczka/grecja,kreta,plakias/sokol-resort-12/p_lP_Gua65df57-rfQPONoAAogcVFqBlLeL7vy9hZQHmRT4fGY0KfDwK3bS_GHBPjV0zMqBEJWUFIwjfbR0gZI_mxQAVjqAWACag1BbGwgaW5jbHVzaXZlciAcEYQ1G5XvBRiIhw65BJ6GEqsEBQGhjbHeAQISYwECC3kTchQ/ofertasv/?filter[tourOperator]=BVPR&filter%5Bperson%5D=2&filter%5BchildAge%5D%5B1%5D=20201210&filter%5Bchild%5D=1"
"Matilda Grecja, Zakynthos, Vasilikos","13957.0","14.07.2026 - 28.07.2026","15 dni/14 nocy","","3.9","3.9","193","tripadvisor","Все аэропорты","2026-07-13T05:43:40.996145+00:00","https://fly.pl/oferta/grecja-wczasy/?filter[dest]=14:&filter[hotelids]=&filter[cityids]=&filter[cregids]=&filter[ofrType]=&filter[addObjType]=&filter[whenFrom]=13-07-2026&filter[whenTo]=12-08-2026&filter[duration]=13:16&filter[from]=&filter[person]=2&filter[child]=1&filter[price]=4000:20000&filter[PriceFrom]=4000&filter[PriceTo]=20000&filter[addCategory]=40&filter[addCatering]=1&filter[addMisc]=0&filter[addTransport]=F&filter[fp]=1&order_by=ofr_price&filter[tourOperator]=0&filter[childAge][1]=20201210","https://fly.pl/cdn/photo/assets/uploads/582/278/2016/11/Matilda.jpg","https://fly.pl/wycieczka/grecja,zakynthos,vasilikos/matilda/pnxzbacZbfRtiW0S65Rpd9AAogHGdEyTNaXIqumyET_BGDh-Woyy6bHiGRRwxi3jSoz7IqBFZJVFgwjfbR0gZIhW1QQVgSYAJyQBoAXAoVBBcAWAFAjwNbv4MBYbZRSwBeiCtSumdTAEzBiDkg1NuYCQ0AXYyX3YWtAU-46eirdVGY2wICDWMBAgzjB978/ofertasv/?filter[tourOperator]=VITX&filter%5Bperson%5D=2&filter%5BchildAge%5D%5B1%5D=20201210&filter%5Bchild%5D=1"
"Dion Palace Grecja, Riwiera Olimpijska, LITOCHORO-PIERIA","13996.0","15.07.2026 - 29.07.2026","15 dni/14 nocy","","4.0","4.0","1118","tripadvisor","Все аэропорты","2026-07-13T05:43:40.996145+00:00","https://fly.pl/oferta/grecja-wczasy/?filter[dest]=14:&filter[hotelids]=&filter[cityids]=&filter[cregids]=&filter[ofrType]=&filter[addObjType]=&filter[whenFrom]=13-07-2026&filter[whenTo]=12-08-2026&filter[duration]=13:16&filter[from]=&filter[person]=2&filter[child]=1&filter[price]=4000:20000&filter[PriceFrom]=4000&filter[PriceTo]=20000&filter[addCategory]=40&filter[addCatering]=1&filter[addMisc]=0&filter[addTransport]=F&filter[fp]=1&order_by=ofr_price&filter[tourOperator]=0&filter[childAge][1]=20201210","https://fly.pl/cdn/photo/assets/uploads/582/278/2014/10/Dion-Palace.jpg","https://fly.pl/wycieczka/grecja,riwiera-olimpijska,litochoro-pieria/dion-palace/phS5OWbxteCHWiKGcAHbgXAAogV95_BNWevRSLuCIeUkWgZUT3fETbnM5YrCx7P3_-nVAqBEdSQ1MwjfbR0gZIrG1QQVgqYANyQlwKFwQVAFgBVgIdsgIPE0CFBFuWgAFLg0xhAF6nMFKFHlMATLTATQHphDkNrujLCCAAUeywpMvnAQESYwECYwECDOagkEk/ofertasv/?filter[tourOperator]=GRCS&filter%5Bperson%5D=2&filter%5BchildAge%5D%5B1%5D=20201210&filter%5Bchild%5D=1"
"Krini Beach (ex. Bomo) Grecja, Kreta Zachodnia, Sfakaki","14057.0","19.07.2026 - 02.08.2026","15 dni/14 nocy","","3.8","3.8","170","tripadvisor","Все аэропорты","2026-07-13T05:43:40.996145+00:00","https://fly.pl/oferta/grecja-wczasy/?filter[dest]=14:&filter[hotelids]=&filter[cityids]=&filter[cregids]=&filter[ofrType]=&filter[addObjType]=&filter[whenFrom]=13-07-2026&filter[whenTo]=12-08-2026&filter[duration]=13:16&filter[from]=&filter[person]=2&filter[child]=1&filter[price]=4000:20000&filter[PriceFrom]=4000&filter[PriceTo]=20000&filter[addCategory]=40&filter[addCatering]=1&filter[addMisc]=0&filter[addTransport]=F&filter[fp]=1&order_by=ofr_price&filter[tourOperator]=0&filter[childAge][1]=20201210","https://fly.pl/cdn/photo/assets/uploads/582/278/2015/12/Krini-Beach.jpg","https://fly.pl/wycieczka/grecja,kreta-zachodnia,sfakaki/krini-beach/pJUv6lRxA29AAODNfmaRH_AAogrXAGbsYq2_NSCdqskhKfZCCsEhkRlR7KT0NX-saSp4EqBFZJVFgwjfbR0gZI6W1QQViKAWACcj0aAFwKFQQXAFgBQI8DU6B7UgBb3wxe_ndLeGEATOXuOSD325gJDQBR4L22nWVP34QOXYyeroZrAg1jAQIMmcmqZw/ofertasv/?filter[tourOperator]=VITX&filter%5Bperson%5D=2&filter%5BchildAge%5D%5B1%5D=20201210&filter%5Bchild%5D=1"
"Summer Beach Grecja, Kreta Zachodnia, Georgioupolis","14139.0","26.07.2026 - 10.08.2026","16 dni/14 nocy","","3.6","3.6","303","tripadvisor","Все аэропорты","2026-07-13T05:43:40.996145+00:00","https://fly.pl/oferta/grecja-wczasy/?filter[dest]=14:&filter[hotelids]=&filter[cityids]=&filter[cregids]=&filter[ofrType]=&filter[addObjType]=&filter[whenFrom]=13-07-2026&filter[whenTo]=12-08-2026&filter[duration]=13:16&filter[from]=&filter[person]=2&filter[child]=1&filter[price]=4000:20000&filter[PriceFrom]=4000&filter[PriceTo]=20000&filter[addCategory]=40&filter[addCatering]=1&filter[addMisc]=0&filter[addTransport]=F&filter[fp]=1&order_by=ofr_price&filter[tourOperator]=0&filter[childAge][1]=20201210","https://fly.pl/cdn/photo/assets/uploads/582/278/2017/12/Summer-Beach-fly-pl.jpg","https://fly.pl/wycieczka/grecja,kreta-zachodnia,georgioupolis/summer-beach/pU-zh_aRwZZQqhVUEo-sXDAAog2r1a3Slsf3X8Fon5jTlbTQAAAADQwQQA7MEEAA4AAQAqBFdFWlkwjfbR0gZIu25QQViyAmADagtSeWFuYWlyIFN1bmoEMDA0MGoEMDExNWoEMDMzMHJAngGUAZUBmAEfAAIBHAAWBBcJEqUEE7YLQLhxS8okUABMuApPABGFuwEbyjAd3ucPIBwNisvBCQESYwENYwECDObZGow/ofertasv/?filter[tourOperator]=WEZY&filter%5Bperson%5D=2&filter%5BchildAge%5D%5B1%5D=20201210&filter%5Bchild%5D=1"
"Sunshine Corfu & Spa Grecja, Korfu, Nisaki","14157.0","18.07.2026 - 01.08.2026","15 dni/14 nocy","","3.4","3.4","1626","tripadvisor","Все аэропорты","2026-07-13T05:43:40.996145+00:00","https://fly.pl/oferta/grecja-wczasy/?filter[dest]=14:&filter[hotelids]=&filter[cityids]=&filter[cregids]=&filter[ofrType]=&filter[addObjType]=&filter[whenFrom]=13-07-2026&filter[whenTo]=12-08-2026&filter[duration]=13:16&filter[from]=&filter[person]=2&filter[child]=1&filter[price]=4000:20000&filter[PriceFrom]=4000&filter[PriceTo]=20000&filter[addCategory]=40&filter[addCatering]=1&filter[addMisc]=0&filter[addTransport]=F&filter[fp]=1&order_by=ofr_price&filter[tourOperator]=0&filter[childAge][1]=20201210","https://fly.pl/cdn/photo/assets/uploads/582/278/2009/04/Sunshine-Corfu216.jpg","https://fly.pl/wycieczka/grecja,korfu,nisaki/sunshine-corfu/p9Wlg9KvvCbKxqTPppLrEGAAogTeeIGJGPCug4kSE7nGG0VK39a0oFyTZzHyswRYaaLeAqBFZJVFgwjfbR0gZIzW5QQVhyYAJyPxoAXAoVBBcAWAFAjwNT3HpSAFvjCF6-fEvJSGEATJSnOSD225gJDQBRyrmS52RP2pMLXZjikuykAQIMYwECC_BmmmU/ofertasv/?filter[tourOperator]=VITX&filter%5Bperson%5D=2&filter%5BchildAge%5D%5B1%5D=20201210&filter%5Bchild%5D=1"
"Ilianthos Village Grecja, Kreta Zachodnia, Agia Marina","14232.0","26.07.2026 - 10.08.2026","16 dni/14 nocy","","3.7","3.7","29","tripadvisor","Все аэропорты","2026-07-13T05:43:40.996145+00:00","https://fly.pl/oferta/grecja-wczasy/?filter[dest]=14:&filter[hotelids]=&filter[cityids]=&filter[cregids]=&filter[ofrType]=&filter[addObjType]=&filter[whenFrom]=13-07-2026&filter[whenTo]=12-08-2026&filter[duration]=13:16&filter[from]=&filter[person]=2&filter[child]=1&filter[price]=4000:20000&filter[PriceFrom]=4000&filter[PriceTo]=20000&filter[addCategory]=40&filter[addCatering]=1&filter[addMisc]=0&filter[addTransport]=F&filter[fp]=1&order_by=ofr_price&filter[tourOperator]=0&filter[childAge][1]=20201210","https://fly.pl/cdn/photo/assets/uploads/582/278/2015/03/Ilianthos-Village-Luxury.jpg","https://fly.pl/wycieczka/grecja,kreta-zachodnia,agia-marina/ilianthos-village-luxury/pX3ZuuBmduk-w3UdL-RDKuAAogtiE_ySXajT6tmq6NnLYQuwAAAADQwQQA7MEEAA4AAQAqBFdFWlkwjfbR0gZImG9QQViyAmADagtSeWFuYWlyIFN1bmoEMDA0MGoEMDExNWoEMDMzMHJBngGUAZUBmAEfAAIBHAAWBBcJEqUEE7YLQLhxS8okUABMuApPABHcwgId0ZAPIBwbk-hIDffi-AgBEmMBDmMBAg0tZbyv/ofertasv/?filter[tourOperator]=WEZY&filter%5Bperson%5D=2&filter%5BchildAge%5D%5B1%5D=20201210&filter%5Bchild%5D=1"
"Filion Suites Resort Grecja, Kreta Wschodnia, Bali","14258.0","27.07.2026 - 10.08.2026","16 dni/14 nocy","","4.4","4.4","2888","tripadvisor","Все аэропорты","2026-07-13T05:43:40.996145+00:00","https://fly.pl/oferta/grecja-wczasy/?filter[dest]=14:&filter[hotelids]=&filter[cityids]=&filter[cregids]=&filter[ofrType]=&filter[addObjType]=&filter[whenFrom]=13-07-2026&filter[whenTo]=12-08-2026&filter[duration]=13:16&filter[from]=&filter[person]=2&filter[child]=1&filter[price]=4000:20000&filter[PriceFrom]=4000&filter[PriceTo]=20000&filter[addCategory]=40&filter[addCatering]=1&filter[addMisc]=0&filter[addTransport]=F&filter[fp]=1&order_by=ofr_price&filter[tourOperator]=0&filter[childAge][1]=20201210","https://datacfstatic.merlinx.pl/ECCX/IMG/9564/5f025142c57cd6577f0e8f56aaf3d2754a72ddfadfc7d0c0f1382dbd348736c6.webp","https://fly.pl/wycieczka/grecja,kreta-wschodnia,bali/filion-suites-resort/p73w2GFZDz6wA8gbZgd_JbAAog0ruuuN5VsPHrqTNV3BNLdrSFw84rr-jyo8u042TyWpUqBEVDQ1gwjfbR0gZIsm9QAVjKAmACagJBSXIgHBHcSqsEgeoUuQQRGPj2Jxv3pT0BnPGSzQECEmMBAgUNhtz-/ofertasv/?filter[tourOperator]=ECCX&filter%5Bperson%5D=2&filter%5BchildAge%5D%5B1%5D=20201210&filter%5Bchild%5D=1"
"Costa Konte Beach Resort Grecja, Rodos, Jennadi","14285.0","20.07.2026 - 03.08.2026","15 dni/14 nocy","","","","","","Все аэропорты","2026-07-13T05:43:40.996145+00:00","https://fly.pl/oferta/grecja-wczasy/?filter[dest]=14:&filter[hotelids]=&filter[cityids]=&filter[cregids]=&filter[ofrType]=&filter[addObjType]=&filter[whenFrom]=13-07-2026&filter[whenTo]=12-08-2026&filter[duration]=13:16&filter[from]=&filter[person]=2&filter[child]=1&filter[price]=4000:20000&filter[PriceFrom]=4000&filter[PriceTo]=20000&filter[addCategory]=40&filter[addCatering]=1&filter[addMisc]=0&filter[addTransport]=F&filter[fp]=1&order_by=ofr_price&filter[tourOperator]=0&filter[childAge][1]=20201210","https://datacfstatic.merlinx.pl/RNBW/IMG/8726/46f728e70324079c8c64aae3d4901d4e569294753781974a949593e5a02c3bc0.webp","https://fly.pl/wycieczka/grecja,rodos,jennadi/costa-konte-beach-resort-13/ptzFyLxr6MvNKFUpiVTWmMAAogAx-5n0pz7zrU-cbhFhKo4a6YNaJx7XvnYnSvVrt1_8EqBFJOQlcwjfbR0gZIzW9QQViiAWACagRCd2NEahcyOTYsMzgwLDQ3Nyw0ODMsNDg0LDQ4NXI1nwGeARUOFwBYAQoEQMQHEb88GZYbELZmUspQUwBLuDVhAA_T1T8dKyCOrZIJDQACDGMBAgv9-5fS/ofertasv/?filter[tourOperator]=RNBW&filter%5Bperson%5D=2&filter%5BchildAge%5D%5B1%5D=20201210&filter%5Bchild%5D=1"
"White Olive Premium Cameo (ex. Zante Blue Beach) Grecja, Tinos, Aghios Sostis","14357.0","21.07.2026 - 04.08.2026","15 dni/14 nocy","","3.2","3.2","119","tripadvisor","Все аэропорты","2026-07-13T05:43:40.996145+00:00","https://fly.pl/oferta/grecja-wczasy/?filter[dest]=14:&filter[hotelids]=&filter[cityids]=&filter[cregids]=&filter[ofrType]=&filter[addObjType]=&filter[whenFrom]=13-07-2026&filter[whenTo]=12-08-2026&filter[duration]=13:16&filter[from]=&filter[person]=2&filter[child]=1&filter[price]=4000:20000&filter[PriceFrom]=4000&filter[PriceTo]=20000&filter[addCategory]=40&filter[addCatering]=1&filter[addMisc]=0&filter[addTransport]=F&filter[fp]=1&order_by=ofr_price&filter[tourOperator]=0&filter[childAge][1]=20201210","https://fly.pl/cdn/photo/assets/uploads/582/278/2015/04/Zante-Blue-Beach-fly-pl.jpg","https://fly.pl/wycieczka/grecja,zakynthos,agios-sostis/turtle-beach-ex-arkadianos/p4ou6Jb1-sQL7PsMtwnX51AAogKkLFQWZykQu-KDoj3E869PHcp7HNL4SSUKE4cojSJoQqBFZJVFgwjfbR0gZIlXBQQVi6AWACckAaAFwKFQQXAFgBQI8DW72XAWGZOEsAXqcwUrpnUwBMpIg5IPjbmAkNAF2FmansqAFR0IODxXlPjKcYAgxjAQILgMXLkA/ofertasv/?filter[tourOperator]=VITX&filter%5Bperson%5D=2&filter%5BchildAge%5D%5B1%5D=20201210&filter%5Bchild%5D=1"
"Eri Village","14396.0","15.07.2026 - 29.07.2026","15 dni/14 nocy","","","","","","Все аэропорты","2026-07-13T05:43:40.996145+00:00","https://fly.pl/oferta/grecja-wczasy/?filter[dest]=14:&filter[hotelids]=&filter[cityids]=&filter[cregids]=&filter[ofrType]=&filter[addObjType]=&filter[whenFrom]=13-07-2026&filter[whenTo]=12-08-2026&filter[duration]=13:16&filter[from]=&filter[person]=2&filter[child]=1&filter[price]=4000:20000&filter[PriceFrom]=4000&filter[PriceTo]=20000&filter[addCategory]=40&filter[addCatering]=1&filter[addMisc]=0&filter[addTransport]=F&filter[fp]=1&order_by=ofr_price&filter[tourOperator]=0&filter[childAge][1]=20201210","https://datacfstatic.merlinx.pl/OREX/IMG/7118/3727f247f3bc34f6379b2a0ce4425b14fc94fb5da75d13b39ce337407f9516d9.webp","https://fly.pl/wycieczka/grecja,kreta-zachodnia,hersonissos/eri-village-9/pOGi3WUXDK9bmMNwb46PUeAAogtmCcNeWaj1yQPwk5aAF-M5BV1cbHR-mpOAg9tq3pxt0qBE9SRVgwkPbR0gZIvHBQQVgqYAJqBkM1LjIuMWoDMDFZagMwMllyNJsBnQGPAVwKFQQXAFgBVgJAygYR8zBT1XhSAF74UkvtQ2EATOWMOiD--pcJDQACEmMBBQq_iVzb/ofertasv/?filter[tourOperator]=OREX&filter%5Bperson%5D=2&filter%5BchildAge%5D%5B1%5D=20201210&filter%5Bchild%5D=1"
"Eri Beach","14396.0","15.07.2026 - 29.07.2026","15 dni/14 nocy","","3.1","3.1","827","tripadvisor","Все аэропорты","2026-07-13T05:43:40.996145+00:00","https://fly.pl/oferta/grecja-wczasy/?filter[dest]=14:&filter[hotelids]=&filter[cityids]=&filter[cregids]=&filter[ofrType]=&filter[addObjType]=&filter[whenFrom]=13-07-2026&filter[whenTo]=12-08-2026&filter[duration]=13:16&filter[from]=&filter[person]=2&filter[child]=1&filter[price]=4000:20000&filter[PriceFrom]=4000&filter[PriceTo]=20000&filter[addCategory]=40&filter[addCatering]=1&filter[addMisc]=0&filter[addTransport]=F&filter[fp]=1&order_by=ofr_price&filter[tourOperator]=0&filter[childAge][1]=20201210","https://datacfstatic.merlinx.pl/OREX/IMG/1150/7d70de9ab65d01cbbc05ce2f702c1170a6a16fc518842f815e419901c4c0cca5.webp","https://fly.pl/wycieczka/grecja,kreta-wschodnia,hersonissos/eri-beach-12/pGdHHuF_pmBFJIhGxWhC5NAAogWyguT32zCStNYHQsQuZ9_ZBV1cbHR-mpOAg9tq3pxt0qBE9SRVgwkPbR0gZIvHBQQVgqYAJqBkM1LjIuMWoDMDFZagMwMllyNZsBnQGPAVwKFQQXAFgBVgJAygYRowJTpacBUgBe-FJL7UNhAEzljDog_vqXCQ0AAhJjAQUKqxjgTg/ofertasv/?filter[tourOperator]=OREX&filter%5Bperson%5D=2&filter%5BchildAge%5D%5B1%5D=20201210&filter%5Bchild%5D=1"
"Evita Bay","14412.0","17.07.2026 - 31.07.2026","15 dni/14 nocy","","3.5","3.5","398","tripadvisor","Все аэропорты","2026-07-13T05:43:40.996145+00:00","https://fly.pl/oferta/grecja-wczasy/?filter[dest]=14:&filter[hotelids]=&filter[cityids]=&filter[cregids]=&filter[ofrType]=&filter[addObjType]=&filter[whenFrom]=13-07-2026&filter[whenTo]=12-08-2026&filter[duration]=13:16&filter[from]=&filter[person]=2&filter[child]=1&filter[price]=4000:20000&filter[PriceFrom]=4000&filter[PriceTo]=20000&filter[addCategory]=40&filter[addCatering]=1&filter[addMisc]=0&filter[addTransport]=F&filter[fp]=1&order_by=ofr_price&filter[tourOperator]=0&filter[childAge][1]=20201210","https://fly.pl/cdn/photo/assets/uploads/582/278/2019/05/EVITA-BAY-HOTEL.jpg","https://fly.pl/wycieczka/grecja,rodos,faliraki/evita-bay/pi2njKm161lwA7lKzpv2ZLAAoglt84PkX4nUayoLWqcKdw2oZYQ9UMPNbK-ZuWoqPV8vUqBEdSQ1MwkPbR0gZIzHBQQVhaYANyQlwKFwQVAFgBVgIdqAUPFUCNAVuWgAFLr0thAF77MFKRE1MATKjLTQGR9TENiPjSCCAAUbG1oO3eAQESYwECYwECDM6LpoI/ofertasv/?filter[tourOperator]=GRCS&filter%5Bperson%5D=2&filter%5BchildAge%5D%5B1%5D=20201210&filter%5Bchild%5D=1"
"City Green (Hersonissos)","14444.0","19.07.2026 - 02.08.2026","15 dni/14 nocy","","4.0","4.0","839","tripadvisor","Все аэропорты","2026-07-13T05:43:40.996145+00:00","https://fly.pl/oferta/grecja-wczasy/?filter[dest]=14:&filter[hotelids]=&filter[cityids]=&filter[cregids]=&filter[ofrType]=&filter[addObjType]=&filter[whenFrom]=13-07-2026&filter[whenTo]=12-08-2026&filter[duration]=13:16&filter[from]=&filter[person]=2&filter[child]=1&filter[price]=4000:20000&filter[PriceFrom]=4000&filter[PriceTo]=20000&filter[addCategory]=40&filter[addCatering]=1&filter[addMisc]=0&filter[addTransport]=F&filter[fp]=1&order_by=ofr_price&filter[tourOperator]=0&filter[childAge][1]=20201210","https://fly.pl/cdn/photo/assets/uploads/582/278/2018/04/City-Green-Hersonissos-fly-pl.jpg","https://fly.pl/wycieczka/grecja,kreta,hersonissos/city-green-hersonissos-grecja-kreta-grecja/pX6C-7etqFSaXlQWef0Yb-AAogcb1okDXw7cRxNLRK8kCM68D6SsWc96BL1TYwAmLtH-cqBEdSQ1MwkPbR0gZI7HBQQViKAWACcj5cChcEFQBYAVYCHbQFDxNAgwFbgoABUsYpUwBe-FJLeGEATMHdTQGawzgNgarMCCAAUYyIs42NAQESYwICY84uSQk/ofertasv/?filter[tourOperator]=GRCS&filter%5Bperson%5D=2&filter%5BchildAge%5D%5B1%5D=20201210&filter%5Bchild%5D=1"
"Laguna Holiday Resort","14557.0","18.07.2026 - 01.08.2026","15 dni/14 nocy","","4.2","4.2","1055","tripadvisor","Все аэропорты","2026-07-13T05:43:40.996145+00:00","https://fly.pl/oferta/grecja-wczasy/?filter[dest]=14:&filter[hotelids]=&filter[cityids]=&filter[cregids]=&filter[ofrType]=&filter[addObjType]=&filter[whenFrom]=13-07-2026&filter[whenTo]=12-08-2026&filter[duration]=13:16&filter[from]=&filter[person]=2&filter[child]=1&filter[price]=4000:20000&filter[PriceFrom]=4000&filter[PriceTo]=20000&filter[addCategory]=40&filter[addCatering]=1&filter[addMisc]=0&filter[addTransport]=F&filter[fp]=1&order_by=ofr_price&filter[tourOperator]=0&filter[childAge][1]=20201210","https://fly.pl/cdn/photo/assets/uploads/582/278/2019/09/Laguna-Holiday-Resort-fly-pl.jpg","https://fly.pl/wycieczka/grecja,korfu,agios-spyridon/laguna-holiday-resort-9/pr_wxt4r05AvoiMbbasz7fAAogaN_kg0AO1iKgbiAR3a11OK39a0oFyTZzHyswRYaaLeAqBFZJVFgwkPbR0gZI3XFQQVhyYAJyPxoAXAoVBBcAWAFAjwNT3HpSAFu7Cl7mekvJSGEATJSnOSD225gJDQBRyvX85mRP2tcgXZjikuykAQIMYwECC_q3vXI/ofertasv/?filter[tourOperator]=VITX&filter%5Bperson%5D=2&filter%5BchildAge%5D%5B1%5D=20201210&filter%5Bchild%5D=1"
"Semiramis Village (Hersonissos)","14595.0","29.07.2026 - 12.08.2026","15 dni/14 nocy","","3.4","3.4","871","tripadvisor","Все аэропорты","2026-07-13T05:43:40.996145+00:00","https://fly.pl/oferta/grecja-wczasy/?filter[dest]=14:&filter[hotelids]=&filter[cityids]=&filter[cregids]=&filter[ofrType]=&filter[addObjType]=&filter[whenFrom]=13-07-2026&filter[whenTo]=12-08-2026&filter[duration]=13:16&filter[from]=&filter[person]=2&filter[child]=1&filter[price]=4000:20000&filter[PriceFrom]=4000&filter[PriceTo]=20000&filter[addCategory]=40&filter[addCatering]=1&filter[addMisc]=0&filter[addTransport]=F&filter[fp]=1&order_by=ofr_price&filter[tourOperator]=0&filter[childAge][1]=20201210","https://fly.pl/cdn/photo/assets/uploads/582/278/2014/07/Semiramis-Village.jpg","https://fly.pl/wycieczka/grecja,kreta,hersonissos/semiramis-village/pGUTAF_5FL3ICy-JaBWK_jAAogU6Lsc-IxwYI4QQ2TPGBhh_LQwRMAxDf0bRTdOqQbHT0qBEJWQkUwkPbR0gZIg3JQAVj6AmACagJBSXIhHBGtngEb8JI8GPv3EqsEl_4nuQQZAY7bxeYCAhJjAQIIXjxxTw/ofertasv/?filter[tourOperator]=BVBE&filter%5Bperson%5D=2&filter%5BchildAge%5D%5B1%5D=20201210&filter%5Bchild%5D=1"
"Blue Waters","14613.0","27.07.2026 - 10.08.2026","15 dni/14 nocy","","4.7","4.7","123","tripadvisor","Все аэропорты","2026-07-13T05:43:40.996145+00:00","https://fly.pl/oferta/grecja-wczasy/?filter[dest]=14:&filter[hotelids]=&filter[cityids]=&filter[cregids]=&filter[ofrType]=&filter[addObjType]=&filter[whenFrom]=13-07-2026&filter[whenTo]=12-08-2026&filter[duration]=13:16&filter[from]=&filter[person]=2&filter[child]=1&filter[price]=4000:20000&filter[PriceFrom]=4000&filter[PriceTo]=20000&filter[addCategory]=40&filter[addCatering]=1&filter[addMisc]=0&filter[addTransport]=F&filter[fp]=1&order_by=ofr_price&filter[tourOperator]=0&filter[childAge][1]=20201210","https://datacfstatic.merlinx.pl/GRCS/IMG/PVKBLWA/0c18870244708606c4979b111ced9f647c4d38cc794aa7dec7ce703e6ad62310.webp","https://fly.pl/wycieczka/grecja,epirus,kanali/blue-waters-14/poL5jQsbmIo7VT9Y26Hk2pAAog4FZNdl_2UzLF6zUJeBo81R3heqSpLkmZe-871Nem3jYqBEdSQ1MwkPbR0gZIlXJQQVjKAmADagMwNjZqAzA3NnJBnQGPAVwKFQQXAFgBVgJAygZewPwBU-UCUgBLnA9hAFuqDUzOxzkBpY1TIL7XxQgNAFGjuNjh0QEBEmMBAmMBAgt4oUXH/ofertasv/?filter[tourOperator]=GRCS&filter%5Bperson%5D=2&filter%5BchildAge%5D%5B1%5D=20201210&filter%5Bchild%5D=1"
"Miramare Eretria","14631.0","29.07.2026 - 12.08.2026","15 dni/14 nocy","","4.4","4.4","262","tripadvisor","Все аэропорты","2026-07-13T05:43:40.996145+00:00","https://fly.pl/oferta/grecja-wczasy/?filter[dest]=14:&filter[hotelids]=&filter[cityids]=&filter[cregids]=&filter[ofrType]=&filter[addObjType]=&filter[whenFrom]=13-07-2026&filter[whenTo]=12-08-2026&filter[duration]=13:16&filter[from]=&filter[person]=2&filter[child]=1&filter[price]=4000:20000&filter[PriceFrom]=4000&filter[PriceTo]=20000&filter[addCategory]=40&filter[addCatering]=1&filter[addMisc]=0&filter[addTransport]=F&filter[fp]=1&order_by=ofr_price&filter[tourOperator]=0&filter[childAge][1]=20201210","https://fly.pl/cdn/photo/assets/uploads/582/278/2015/10/Hotel-Miramare-Eretria.jpg","https://fly.pl/wycieczka/grecja,evia,eretria/miramare-eretria/pBIxBBbzOAghXosJ6Wh5PqAAogOQLmXno09J-NtpmptsKwPPZm49aIDIpL9e6TN7x-coQqBEdSQ1MwkPbR0gZIp3JQQVj6AmADcj5cChcEFQBYAVYCHa4GDwtAEVLqZlMAW6wZXqp8S3hhAEyB5jkBu5xLDarIzQggAFH9i6fUVwESYwECYwECBudwY5I/ofertasv/?filter[tourOperator]=GRCS&filter%5Bperson%5D=2&filter%5BchildAge%5D%5B1%5D=20201210&filter%5Bchild%5D=1"
"Chrousso Village","14671.0","18.07.2026 - 01.08.2026","15 dni/14 nocy","","4.0","4.0","642","tripadvisor","Все аэропорты","2026-07-13T05:43:40.996145+00:00","https://fly.pl/oferta/grecja-wczasy/?filter[dest]=14:&filter[hotelids]=&filter[cityids]=&filter[cregids]=&filter[ofrType]=&filter[addObjType]=&filter[whenFrom]=13-07-2026&filter[whenTo]=12-08-2026&filter[duration]=13:16&filter[from]=&filter[person]=2&filter[child]=1&filter[price]=4000:20000&filter[PriceFrom]=4000&filter[PriceTo]=20000&filter[addCategory]=40&filter[addCatering]=1&filter[addMisc]=0&filter[addTransport]=F&filter[fp]=1&order_by=ofr_price&filter[tourOperator]=0&filter[childAge][1]=20201210","https://fly.pl/cdn/photo/assets/uploads/582/278/2015/06/Chrousso-Village.jpg","https://fly.pl/wycieczka/grecja,chalkidiki,paliouri/chrousso-village-2/pebkhy-eGbzGXvJ1OM-lsDAAogNQPqVWgwnwzHucIRYDxlkLnHuRAzQ3yZ_UKLZdl1bLEqBEdSQ1MwkPbR0gZIz3JQQVhyYANyQFwKFwQVAFgBVgIdYw8MQNsFW4SAAV68fEt4YQBSjR1TAEy0wE0Bu-w0Dd-A0AggAFGGu6HL5wEBEmMBAmMBAguFC17_/ofertasv/?filter[tourOperator]=GRCS&filter%5Bperson%5D=2&filter%5BchildAge%5D%5B1%5D=20201210&filter%5Bchild%5D=1"
"Ninos Grand Beach Resort (ex. Preveza Beach)","14693.0","20.07.2026 - 03.08.2026","16 dni/14 nocy","","3.0","3.0","187","tripadvisor","Все аэропорты","2026-07-13T05:43:40.996145+00:00","https://fly.pl/oferta/grecja-wczasy/?filter[dest]=14:&filter[hotelids]=&filter[cityids]=&filter[cregids]=&filter[ofrType]=&filter[addObjType]=&filter[whenFrom]=13-07-2026&filter[whenTo]=12-08-2026&filter[duration]=13:16&filter[from]=&filter[person]=2&filter[child]=1&filter[price]=4000:20000&filter[PriceFrom]=4000&filter[PriceTo]=20000&filter[addCategory]=40&filter[addCatering]=1&filter[addMisc]=0&filter[addTransport]=F&filter[fp]=1&order_by=ofr_price&filter[tourOperator]=0&filter[childAge][1]=20201210","https://fly.pl/cdn/photo/assets/uploads/582/278/2015/10/Preveza-Beach.jpg","https://fly.pl/wycieczka/grecja,epirus,kanali-preveza/preveza-beach/p6ib4NWg_prDjDK2bUDTJMAAogrEwj1sO3uwBibCAEBr1-Y8q21IQJIX4gxu-SYhgKpaUqBEdSQ1MwkPbR0gZI5XJQQViiAWADckNcChUEFwBYAVYCD8UBHcMBQMIDW7GXAUvoNGEAXqcwUuUCUwBM1NtNAfKHPw2q5cUIIABR2o3n4dEBARJjAQJjAQILb5_q8A/ofertasv/?filter[tourOperator]=GRCS&filter%5Bperson%5D=2&filter%5BchildAge%5D%5B1%5D=20201210&filter%5Bchild%5D=1"
"Apollo I & II (Georgioupolis)","14786.0","23.07.2026 - 05.08.2026","14 dni/13 nocy","","3.3","3.3","165","tripadvisor","Все аэропорты","2026-07-13T05:43:40.996145+00:00","https://fly.pl/oferta/grecja-wczasy/?filter[dest]=14:&filter[hotelids]=&filter[cityids]=&filter[cregids]=&filter[ofrType]=&filter[addObjType]=&filter[whenFrom]=13-07-2026&filter[whenTo]=12-08-2026&filter[duration]=13:16&filter[from]=&filter[person]=2&filter[child]=1&filter[price]=4000:20000&filter[PriceFrom]=4000&filter[PriceTo]=20000&filter[addCategory]=40&filter[addCatering]=1&filter[addMisc]=0&filter[addTransport]=F&filter[fp]=1&order_by=ofr_price&filter[tourOperator]=0&filter[childAge][1]=20201210","https://fly.pl/cdn/photo/assets/uploads/582/278/2014/07/Apollo-I-II-Georgioupolis.jpg","https://fly.pl/wycieczka/grecja,kreta-zachodnia,georgioupolis/apollo-georgioupolis/p9Q1Vth4BG67fqJjz_hY6fAAogVT2GnYDbTKvnWaf5M0BgAs2j_c9pOFw2C_572PiO0kkqBEJWQkUwkPbR0gZIwnNQAVjqAWACagJBSXIjHBGlswEb0Z8_GNrTFKsE0oAjuQTE-wEBsfDqvAMCEmMBAgwxjA2s/ofertasv/?filter[tourOperator]=BVBE&filter%5Bperson%5D=2&filter%5BchildAge%5D%5B1%5D=20201210&filter%5Bchild%5D=1"
"Valis Resort","14795.0","29.07.2026 - 12.08.2026","15 dni/14 nocy","","","","","","Все аэропорты","2026-07-13T05:43:40.996145+00:00","https://fly.pl/oferta/grecja-wczasy/?filter[dest]=14:&filter[hotelids]=&filter[cityids]=&filter[cregids]=&filter[ofrType]=&filter[addObjType]=&filter[whenFrom]=13-07-2026&filter[whenTo]=12-08-2026&filter[duration]=13:16&filter[from]=&filter[person]=2&filter[child]=1&filter[price]=4000:20000&filter[PriceFrom]=4000&filter[PriceTo]=20000&filter[addCategory]=40&filter[addCatering]=1&filter[addMisc]=0&filter[addTransport]=F&filter[fp]=1&order_by=ofr_price&filter[tourOperator]=0&filter[childAge][1]=20201210","https://datacfstatic.merlinx.pl/RNBW/IMG/8759/2b8ed3b6f4e85c2410458d2a2f682b00a2214b389f8ea62aef38cc3a24cd772b.webp","https://fly.pl/wycieczka/grecja,tesalia,agria/valis-resort-12/pUTiuf3Bqo2TIyREQwhgTpAAogpS077TX5QlnFDvhm8_-NDSdMdcZ51wsFdXpS2dY2YXgqBFJOQlcwkPbR0gZIy3NQQVj6AmACagRCd2NEahcyOTYsMzgwLDQ3Nyw0ODMsNDg0LDQ4NXI1nwGeARUOFwBYAQoEQMQHEeA8Gc8bEOtmYYMMSwBS8W1TAB3NkEEPKSCe_ZAJDQACDGMBAgsZMG8X/ofertasv/?filter[tourOperator]=RNBW&filter%5Bperson%5D=2&filter%5BchildAge%5D%5B1%5D=20201210&filter%5Bchild%5D=1"
"Marilena (Ammoudara)","14738.0","27.07.2026 - 10.08.2026","15 dni/14 nocy","","3.4","3.4","779","tripadvisor","Все аэропорты","2026-07-13T05:43:40.996145+00:00","https://fly.pl/oferta/grecja-wczasy/?filter[dest]=14:&filter[hotelids]=&filter[cityids]=&filter[cregids]=&filter[ofrType]=&filter[addObjType]=&filter[whenFrom]=13-07-2026&filter[whenTo]=12-08-2026&filter[duration]=13:16&filter[from]=&filter[person]=2&filter[child]=1&filter[price]=4000:20000&filter[PriceFrom]=4000&filter[PriceTo]=20000&filter[addCategory]=40&filter[addCatering]=1&filter[addMisc]=0&filter[addTransport]=F&filter[fp]=1&order_by=ofr_price&filter[tourOperator]=0&filter[childAge][1]=20201210","https://fly.pl/cdn/photo/assets/uploads/582/278/2009/07/Marilena-Ammoudara2340.jpg","https://fly.pl/wycieczka/grecja,kreta-wschodnia,ammoudara/marilena-ammoudara/XTOPdd86aeX_wYAAHNOYVBwWQGzAQDxUjviCpABCgYIwacQEAESBgi54BMQARp-TVBVVzJHRjIzTjFWNkpNVzVLSUdTOUdCMVBESFJTTEM5QUVXS1RMSkNIVTA2SkE0WDREOVBLNFlTODVEVjRDVEs4OTJHVjg5UE9PMzBJQlFLQTc0Tk1UMzRKNk5NUlAwWENLWERGT0xIVlI4UFZEUVZPT0FXQVgyQ0xNSEM3CoEBCgYIjOcMEAISBgiY5UIQARpvTzU0NTQ0ZDUzMmY0MTRkNTQ1MzQ3NTIzMDQ3NTA1NzJmNTI0ZDUzNTAzMDMwMzAzMDMwMzAyZjQxNDkyZjMxMzQyZjMyMzAzMjM2MzAzNzMyMzcyZjMwMzEzMjMzMzQzNTM2MzczODM5MzAzMTMyCiIKBgiAlgEQARIGCIC3ARABGhBEU1JULTk3LVRSQU5TRkVSCh8KBQjMOhABEgUI80YQARoPRFNSTS05Ny0ycjIyNjcyCiAKBQjAPhABEgUI0EsQARoQRFNSTS05Ny01MHIyMjY3MwohCgUI8lcQARIFCJ1rEAEaEURTUlUtOTctVWJlemJhc2ljGGEoMTIGCLH6WRABOAM/ofertasv/?filter[tourOperator]=XTOP&filter%5Bperson%5D=2&filter%5BchildAge%5D%5B1%5D=20201210&filter%5Bchild%5D=1"
"All Senses Nautica Blue Exclusive Resort & Spa (ex Aegean Breeze)","14820.0","24.07.2026 - 07.08.2026","15 dni/14 nocy","","3.7","3.7","1455","tripadvisor","Все аэропорты","2026-07-13T05:43:40.996145+00:00","https://fly.pl/oferta/grecja-wczasy/?filter[dest]=14:&filter[hotelids]=&filter[cityids]=&filter[cregids]=&filter[ofrType]=&filter[addObjType]=&filter[whenFrom]=13-07-2026&filter[whenTo]=12-08-2026&filter[duration]=13:16&filter[from]=&filter[person]=2&filter[child]=1&filter[price]=4000:20000&filter[PriceFrom]=4000&filter[PriceTo]=20000&filter[addCategory]=40&filter[addCatering]=1&filter[addMisc]=0&filter[addTransport]=F&filter[fp]=1&order_by=ofr_price&filter[tourOperator]=0&filter[childAge][1]=20201210","https://fly.pl/cdn/photo/assets/uploads/582/278/2014/11/Aegean-Breeze-Resort-ex-Medblue-Fanes-fly-pl.jpg","https://fly.pl/wycieczka/grecja,rodos,fanes/medblue-fanes-ex-nautica-blue/p-9J3Kb1aocS_ftKJeBZFfAAogBoE7Spt6Y_2QGpN3xua9ygAAAADmfwQAAoAEAA4AAQAqBFdFWlkwkPbR0gZI5HNQQViCAmADaglFbnRlciBBaXJqBDA1MTBqBDA5MjByQZ4BkwGUAR8AAgEcABYEFwkSzwQV6ggY0gFAiHIR8UJL4g5QAEy4Q08AG-G0AR3ZtA4gHA3yzsIJARJjAQ5jAQIN-AoTsQ/ofertasv/?filter[tourOperator]=WEZY&filter%5Bperson%5D=2&filter%5BchildAge%5D%5B1%5D=20201210&filter%5Bchild%5D=1"
"Elounda Residence Resort & Waterpark","14846.0","19.07.2026 - 02.08.2026","15 dni/14 nocy","","4.3","4.3","143","tripadvisor","Все аэропорты","2026-07-13T05:43:40.996145+00:00","https://fly.pl/oferta/grecja-wczasy/?filter[dest]=14:&filter[hotelids]=&filter[cityids]=&filter[cregids]=&filter[ofrType]=&filter[addObjType]=&filter[whenFrom]=13-07-2026&filter[whenTo]=12-08-2026&filter[duration]=13:16&filter[from]=&filter[person]=2&filter[child]=1&filter[price]=4000:20000&filter[PriceFrom]=4000&filter[PriceTo]=20000&filter[addCategory]=40&filter[addCatering]=1&filter[addMisc]=0&filter[addTransport]=F&filter[fp]=1&order_by=ofr_price&filter[tourOperator]=0&filter[childAge][1]=20201210","https://fly.pl/cdn/photo/assets/uploads/582/278/2015/02/Elounda-Water-Park-Residence-fly-pl.jpg","https://fly.pl/wycieczka/grecja,kreta-wschodnia,elounda/elounda-residence/p6NixwcZVY7qDKpn8w5_vjAAoglR3HbePn0QG6vqK57umq-sD6SsWc96BL1TYwAmLtH-cqBEdSQ1MwkPbR0gZI_nNQQViKAWADckFcChcEFQBYAVYCHbQFDxNAgwFbmoABUq4pUwBe-FJLeGEATMHdTQH1xDgNpqjMCCAAUeuDuY2NAQESYwECYwEDC2ZnnpY/ofertasv/?filter[tourOperator]=GRCS&filter%5Bperson%5D=2&filter%5BchildAge%5D%5B1%5D=20201210&filter%5Bchild%5D=1"
"Castro Beach","14857.0","19.07.2026 - 02.08.2026","15 dni/14 nocy","","3.6","3.6","72","tripadvisor","Все аэропорты","2026-07-13T05:43:40.996145+00:00","https://fly.pl/oferta/grecja-wczasy/?filter[dest]=14:&filter[hotelids]=&filter[cityids]=&filter[cregids]=&filter[ofrType]=&filter[addObjType]=&filter[whenFrom]=13-07-2026&filter[whenTo]=12-08-2026&filter[duration]=13:16&filter[from]=&filter[person]=2&filter[child]=1&filter[price]=4000:20000&filter[PriceFrom]=4000&filter[PriceTo]=20000&filter[addCategory]=40&filter[addCatering]=1&filter[addMisc]=0&filter[addTransport]=F&filter[fp]=1&order_by=ofr_price&filter[tourOperator]=0&filter[childAge][1]=20201210","https://fly.pl/cdn/photo/assets/uploads/582/278/2017/01/Castro-Beach.jpg","https://fly.pl/wycieczka/grecja,kreta,maleme/castro-beach/pWZukB2ZB-17gbI1KYQr9jAAogCSIoXyiQWnAf_nlHhmAR4CCsEhkRlR7KT0NX-saSp4EqBFZJVFgwkPbR0gZIiXRQQViKAWACcj4aAFwKFQQXAFgBQI8DU6B7UgBe3YQBS3hhAFvEH0y9zzkg29uYCQ0AUb6wnp1lT4GSJl2Mnq6GawIMYwECC0_2HUg/ofertasv/?filter[tourOperator]=VITX&filter%5Bperson%5D=2&filter%5BchildAge%5D%5B1%5D=20201210&filter%5Bchild%5D=1"
"Sunbay","14918.0","27.07.2026 - 10.08.2026","15 dni/14 nocy","","2.6","2.6","25","tripadvisor","Все аэропорты","2026-07-13T05:43:40.996145+00:00","https://fly.pl/oferta/grecja-wczasy/?filter[dest]=14:&filter[hotelids]=&filter[cityids]=&filter[cregids]=&filter[ofrType]=&filter[addObjType]=&filter[whenFrom]=13-07-2026&filter[whenTo]=12-08-2026&filter[duration]=13:16&filter[from]=&filter[person]=2&filter[child]=1&filter[price]=4000:20000&filter[PriceFrom]=4000&filter[PriceTo]=20000&filter[addCategory]=40&filter[addCatering]=1&filter[addMisc]=0&filter[addTransport]=F&filter[fp]=1&order_by=ofr_price&filter[tourOperator]=0&filter[childAge][1]=20201210","https://fly.pl/cdn/photo/assets/uploads/582/278/2022/02/Sunbay-fly-pl.jpg","https://fly.pl/wycieczka/grecja,kreta,hersonissos/sunbay-15/XTOPf9d346X_wYAAHNOYVBwWQG0AQAYlr1bCpABCgYIwacQEAESBgi54BMQARp-TVBVVzJHRjIzTjFWNkpNVzVLSUdTOUdCMVBESFJTTEM5QUVXS1RMSkNIVTA2SkE0WDREOVBLNFlTODVEVjRDVEs4OTJHVjg5UE9PMzBJQlFLQTc0Tk1UMzRKNk5NUlAwWENLWERGT0xIVlI4UFZEUVZPT0FXQVgyQ0xNSEM3CoEBCgYI0P0MEAISBgja2kMQARpvTzU0NTQ0ZDUzMmY0MTQ3NTI0ODQ1NTI0NzM0NGQzNjJmNTI0ZDUzNDQ0NDU0NDc1NjMwMzAyZjQxNDkyZjMxMzQyZjMyMzAzMjM2MzAzNzMyMzcyZjMwMzEzMjMzMzQzNTM2MzczODM5MzAzMTMyCiMKBgjgqAEQARIGCPDNARABGhFEU1JULTk3LVRSQU5TRkVSMQofCgUIzDoQARIFCPNGEAEaD0RTUk0tOTctMnIyMjY3MgogCgUIwD4QARIFCNBLEAEaEERTUk0tOTctNTByMjI2NzMKIQoFCPJXEAESBQidaxABGhFEU1JVLTk3LVViZXpiYXNpYxhhKDEyBgjjhlsQATgD/ofertasv/?filter[tourOperator]=XTOP&filter%5Bperson%5D=2&filter%5BchildAge%5D%5B1%5D=20201210&filter%5Bchild%5D=1"
"Majestic & Spa","14981.0","27.07.2026 - 10.08.2026","15 dni/14 nocy","","3.3","3.3","966","tripadvisor","Все аэропорты","2026-07-13T05:43:40.996145+00:00","https://fly.pl/oferta/grecja-wczasy/?filter[dest]=14:&filter[hotelids]=&filter[cityids]=&filter[cregids]=&filter[ofrType]=&filter[addObjType]=&filter[whenFrom]=13-07-2026&filter[whenTo]=12-08-2026&filter[duration]=13:16&filter[from]=&filter[person]=2&filter[child]=1&filter[price]=4000:20000&filter[PriceFrom]=4000&filter[PriceTo]=20000&filter[addCategory]=40&filter[addCatering]=1&filter[addMisc]=0&filter[addTransport]=F&filter[fp]=1&order_by=ofr_price&filter[tourOperator]=0&filter[childAge][1]=20201210","https://fly.pl/cdn/photo/assets/uploads/582/278/2010/06/Majestic-Spa2413.jpg","https://fly.pl/wycieczka/grecja,zakynthos,laganas/majestic-spa/pDbuodToWpOUW1sujqovWfAAogCoqVbDn6OptlV-Axv4od1lRmzdsBWu6gHUa6IODSDwAqBEVDQ1gwkPbR0gZIhXVQAVjKAmACagJBSXIiHBG9MKsEh7oVuQT90QIbhpEqGJr8AQHhva_7AQIAYwECBSxzC24/ofertasv/?filter[tourOperator]=ECCX&filter%5Bperson%5D=2&filter%5BchildAge%5D%5B1%5D=20201210&filter%5Bchild%5D=1"
"Rodos Palace","14997.0","17.07.2026 - 31.07.2026","15 dni/14 nocy","","3.4","3.4","5650","tripadvisor","Все аэропорты","2026-07-13T05:43:40.996145+00:00","https://fly.pl/oferta/grecja-wczasy/?filter[dest]=14:&filter[hotelids]=&filter[cityids]=&filter[cregids]=&filter[ofrType]=&filter[addObjType]=&filter[whenFrom]=13-07-2026&filter[whenTo]=12-08-2026&filter[duration]=13:16&filter[from]=&filter[person]=2&filter[child]=1&filter[price]=4000:20000&filter[PriceFrom]=4000&filter[PriceTo]=20000&filter[addCategory]=40&filter[addCatering]=1&filter[addMisc]=0&filter[addTransport]=F&filter[fp]=1&order_by=ofr_price&filter[tourOperator]=0&filter[childAge][1]=20201210","https://fly.pl/cdn/photo/assets/uploads/582/278/2014/07/Rodos-Palace.jpg","https://fly.pl/wycieczka/grecja,rodos,ixia/rodos-palace/p329_2xo-yL7f8XG8Rjhq1AAogBHkFNlKJ3LAjw1xMQoXvp0oRqjQoSS9qtHwHGJ-TRo0qBFZJVFgwkPbR0gZIlXVQQVhaYAJyPxoAXAoVBBcAWAFAjwNboZMBXtxsUpETUwBL_gRhAEzr1zkN2NuYCSAAUb_xxO3eAU-9b13IyPv-AwIMYwECC6UmlIs/ofertasv/?filter[tourOperator]=VITX&filter%5Bperson%5D=2&filter%5BchildAge%5D%5B1%5D=20201210&filter%5Bchild%5D=1"
"Elpida (Istron)","15057.0","26.07.2026 - 09.08.2026","15 dni/14 nocy","","3.8","3.8","412","tripadvisor","Все аэропорты","2026-07-13T05:43:40.996145+00:00","https://fly.pl/oferta/grecja-wczasy/?filter[dest]=14:&filter[hotelids]=&filter[cityids]=&filter[cregids]=&filter[ofrType]=&filter[addObjType]=&filter[whenFrom]=13-07-2026&filter[whenTo]=12-08-2026&filter[duration]=13:16&filter[from]=&filter[person]=2&filter[child]=1&filter[price]=4000:20000&filter[PriceFrom]=4000&filter[PriceTo]=20000&filter[addCategory]=40&filter[addCatering]=1&filter[addMisc]=0&filter[addTransport]=F&filter[fp]=1&order_by=ofr_price&filter[tourOperator]=0&filter[childAge][1]=20201210","https://fly.pl/cdn/photo/assets/uploads/582/278/2014/07/Elpida-Istron-fly-pl.jpg","https://fly.pl/wycieczka/grecja,kreta-wschodnia,istron/elpida/pfXg_Zj2KAecglocHmF_7vAAogGpdnsLkOjT_6nGWAGNz6NfPtMLxcqjH4bqy_ygyAkS4qBFZJVFgwkPbR0gZI0XVQQViyAmACckAaAFwKFQQXAFgBQI8DU4WtAVIAXvhSW-AgS40jYQBM8as5Df3bmAkgAVHvgbmNjQFPu7MyXczV8-F4AgxjAQILl1neLg/ofertasv/?filter[tourOperator]=VITX&filter%5Bperson%5D=2&filter%5BchildAge%5D%5B1%5D=20201210&filter%5Bchild%5D=1"
"Solimar Ruby & Ruby Royal","15057.0","29.07.2026 - 12.08.2026","15 dni/14 nocy","","","","","","Все аэропорты","2026-07-13T05:43:40.996145+00:00","https://fly.pl/oferta/grecja-wczasy/?filter[dest]=14:&filter[hotelids]=&filter[cityids]=&filter[cregids]=&filter[ofrType]=&filter[addObjType]=&filter[whenFrom]=13-07-2026&filter[whenTo]=12-08-2026&filter[duration]=13:16&filter[from]=&filter[person]=2&filter[child]=1&filter[price]=4000:20000&filter[PriceFrom]=4000&filter[PriceTo]=20000&filter[addCategory]=40&filter[addCatering]=1&filter[addMisc]=0&filter[addTransport]=F&filter[fp]=1&order_by=ofr_price&filter[tourOperator]=0&filter[childAge][1]=20201210","https://datacfstatic.merlinx.pl/ITAK/IMG/HERRUBY/4481a1fa9e627f2a20f2a46c350003ee6144a13ff15f44b71c30346e06b89bef.webp","https://fly.pl/wycieczka/grecja,kreta-wschodnia,malia/solimar-ruby-ruby-royal-13/p-9SlnOmdp4YVl9NFoOGJ0AAogoFfR8M6py2TaG9S3RO7BaDoLSiw4Dud4wbBzEmeOpBMqBFZJVFgwkPbR0gZI0XVQQVj6AmACckAaAFwKFQQXAFgBQI8DW5eFAVPuJ1IAYf0hSwBe-zBM3u85IIDcmAkNAE-JyMqNjQFRzJMUXaDf8pobAgxjAQILdKWprg/ofertasv/?filter[tourOperator]=VITX&filter%5Bperson%5D=2&filter%5BchildAge%5D%5B1%5D=20201210&filter%5Bchild%5D=1"
"St. Constantin","15169.0","19.07.2026 - 02.08.2026","15 dni/14 nocy","","4.2","4.2","2115","tripadvisor","Все аэропорты","2026-07-13T05:43:40.996145+00:00","https://fly.pl/oferta/grecja-wczasy/?filter[dest]=14:&filter[hotelids]=&filter[cityids]=&filter[cregids]=&filter[ofrType]=&filter[addObjType]=&filter[whenFrom]=13-07-2026&filter[whenTo]=12-08-2026&filter[duration]=13:16&filter[from]=&filter[person]=2&filter[child]=1&filter[price]=4000:20000&filter[PriceFrom]=4000&filter[PriceTo]=20000&filter[addCategory]=40&filter[addCatering]=1&filter[addMisc]=0&filter[addTransport]=F&filter[fp]=1&order_by=ofr_price&filter[tourOperator]=0&filter[childAge][1]=20201210","https://fly.pl/cdn/photo/assets/uploads/582/278/2014/07/Hotel-St.-Constantin.jpg","https://fly.pl/wycieczka/grecja,kreta,kato-gouves/st-constantin/pmLTueLBdP1olI-hM0vMv7AAogErwdDIHTd9qE9pAEfMwPsMD6SsWc96BL1TYwAmLtH-cqBEdSQ1MwkPbR0gZIwXZQQViKAWADckFcChcEFQBYAVYCHbQFDxNAgwFSyKkBUwBe-FJLeGEAW7QeTI2_TQGtwDgN7qzMCCAAUenGs42NAQESYwECYwECC6UQ22M/ofertasv/?filter[tourOperator]=GRCS&filter%5Bperson%5D=2&filter%5BchildAge%5D%5B1%5D=20201210&filter%5Bchild%5D=1"
"Cathrin (Faliraki)","15189.0","20.07.2026 - 03.08.2026","16 dni/14 nocy","","3.7","3.7","824","tripadvisor","Все аэропорты","2026-07-13T05:43:40.996145+00:00","https://fly.pl/oferta/grecja-wczasy/?filter[dest]=14:&filter[hotelids]=&filter[cityids]=&filter[cregids]=&filter[ofrType]=&filter[addObjType]=&filter[whenFrom]=13-07-2026&filter[whenTo]=12-08-2026&filter[duration]=13:16&filter[from]=&filter[person]=2&filter[child]=1&filter[price]=4000:20000&filter[PriceFrom]=4000&filter[PriceTo]=20000&filter[addCategory]=40&filter[addCatering]=1&filter[addMisc]=0&filter[addTransport]=F&filter[fp]=1&order_by=ofr_price&filter[tourOperator]=0&filter[childAge][1]=20201210","https://fly.pl/cdn/photo/assets/uploads/582/278/2015/04/Cathrin-Hotel.jpg","https://fly.pl/wycieczka/grecja,rodos,faliraki/cathrin-ladiko/pTdpeOTRJmvPk7s8BZzY36AAogIDdRwhehjHSXF2qykbe8CLMY9ys_84uy04_nnjEOSCIqBFJOQlcwkPbR0gZI1XZQQViiAWACagRCd2NEahcyOTYsMzgwLDQ3Nyw0ODMsNDg0LDQ4NWoPNDA0LDQwNyw0MDgsNTIxcjefAZ4BnAEVDlgBFwAKBEDEBxHQMRmFJhDGNGGCP0sAUrhDUwAPq41AHSsg7qqSCQ0AAgxjAQILu2nRfg/ofertasv/?filter[tourOperator]=RNBW&filter%5Bperson%5D=2&filter%5BchildAge%5D%5B1%5D=20201210&filter%5Bchild%5D=1"
"Akrathos Beach","15195.0","15.07.2026 - 29.07.2026","15 dni/14 nocy","","4.3","4.3","628","tripadvisor","Все аэропорты","2026-07-13T05:43:40.996145+00:00","https://fly.pl/oferta/grecja-wczasy/?filter[dest]=14:&filter[hotelids]=&filter[cityids]=&filter[cregids]=&filter[ofrType]=&filter[addObjType]=&filter[whenFrom]=13-07-2026&filter[whenTo]=12-08-2026&filter[duration]=13:16&filter[from]=&filter[person]=2&filter[child]=1&filter[price]=4000:20000&filter[PriceFrom]=4000&filter[PriceTo]=20000&filter[addCategory]=40&filter[addCatering]=1&filter[addMisc]=0&filter[addTransport]=F&filter[fp]=1&order_by=ofr_price&filter[tourOperator]=0&filter[childAge][1]=20201210","https://fly.pl/cdn/photo/assets/uploads/582/278/2014/09/Akrathos-Beach.jpg","https://fly.pl/wycieczka/grecja,chalkidiki,ouranopolis/akrathos/pIYr6GdqvcvwsIhfXYbJQvAAog0ZV4uEcemadyf8DuUDHuK1GoARbpzJmqd1Cgrjv1Z9MqBFJOQlcwkPbR0gZI23ZQQVgqYAJqBEJ3Y0RqFzI5NiwzODAsNDc3LDQ4Myw0ODQsNDg1cjafAZ4BFQ4XAFgBCgRAxAcRuh0Q8B8ZnBphzkZLAFK1e1MAHZT2QA_mAyDRs5EJDQACDGMBAgs8IFgd/ofertasv/?filter[tourOperator]=RNBW&filter%5Bperson%5D=2&filter%5BchildAge%5D%5B1%5D=20201210&filter%5Bchild%5D=1"
"Samian Blue Hydrele Beach","15197.0","22.07.2026 - 05.08.2026","15 dni/14 nocy","","3.5","3.5","244","tripadvisor","Все аэропорты","2026-07-13T05:43:40.996145+00:00","https://fly.pl/oferta/grecja-wczasy/?filter[dest]=14:&filter[hotelids]=&filter[cityids]=&filter[cregids]=&filter[ofrType]=&filter[addObjType]=&filter[whenFrom]=13-07-2026&filter[whenTo]=12-08-2026&filter[duration]=13:16&filter[from]=&filter[person]=2&filter[child]=1&filter[price]=4000:20000&filter[PriceFrom]=4000&filter[PriceTo]=20000&filter[addCategory]=40&filter[addCatering]=1&filter[addMisc]=0&filter[addTransport]=F&filter[fp]=1&order_by=ofr_price&filter[tourOperator]=0&filter[childAge][1]=20201210","https://datacfstatic.merlinx.pl/ITAK/IMG/SMIHYDR/5c59dc7a262f47a65e7adbd6f3bd0a6737cdfe8c5aaa624c026baea5bc925844.webp","https://fly.pl/wycieczka/grecja,samos,pitagorio/hydrele-beach-12/pgg7nGk1X6zZZH4jAmzg4xAAogdn1JHn_tRU8ZL7PNnZKGAONqfOVpKoFa4DDHBA2uBn0qBFZJVFgwkPbR0gZI3XZQQVjSAWACckAaAFwKFQQXAFgBQI8DW7-DAV6-fFLPHlMAS54lYQBMjaw5Dd3bmAkgAFHdldOG6AFP0u0oXcj_gukdAgxjAQILxyYgZQ/ofertasv/?filter[tourOperator]=VITX&filter%5Bperson%5D=2&filter%5BchildAge%5D%5B1%5D=20201210&filter%5Bchild%5D=1"
"Diogenis Blue Palace","15202.0","26.07.2026 - 10.08.2026","16 dni/14 nocy","","4.2","4.2","1407","tripadvisor","Все аэропорты","2026-07-13T05:43:40.996145+00:00","https://fly.pl/oferta/grecja-wczasy/?filter[dest]=14:&filter[hotelids]=&filter[cityids]=&filter[cregids]=&filter[ofrType]=&filter[addObjType]=&filter[whenFrom]=13-07-2026&filter[whenTo]=12-08-2026&filter[duration]=13:16&filter[from]=&filter[person]=2&filter[child]=1&filter[price]=4000:20000&filter[PriceFrom]=4000&filter[PriceTo]=20000&filter[addCategory]=40&filter[addCatering]=1&filter[addMisc]=0&filter[addTransport]=F&filter[fp]=1&order_by=ofr_price&filter[tourOperator]=0&filter[childAge][1]=20201210","https://fly.pl/cdn/photo/assets/uploads/582/278/2015/04/Diogenis-Palace.jpg","https://fly.pl/wycieczka/grecja,kreta-wschodnia,kato-gouves/diogenis-palace/pd6qKtLZZE8atflg-0_2C2AAogSyDnmQHKu2Q7uq0rnr8QiAAAAADQwQQA7MEEAA4AAQAqBFdFWlkwkPbR0gZI4nZQQViyAmADagtSeWFuYWlyIFN1bmoEMDA0MGoEMDExNWoEMDMzMHJAngGUAZUBmAEfABwBAgAWBBcJEqUEE7YLEbRBQIQwS8okUABMuApPABu-jw4d78MDIBwNisvBCQESYwEMYwECC3xJORY/ofertasv/?filter[tourOperator]=WEZY&filter%5Bperson%5D=2&filter%5BchildAge%5D%5B1%5D=20201210&filter%5Bchild%5D=1"
"Golden Alexandros (Perama)","15222.0","25.07.2026 - 08.08.2026","15 dni/14 nocy","","3.2","3.2","1286","tripadvisor","Все аэропорты","2026-07-13T05:43:40.996145+00:00","https://fly.pl/oferta/grecja-wczasy/?filter[dest]=14:&filter[hotelids]=&filter[cityids]=&filter[cregids]=&filter[ofrType]=&filter[addObjType]=&filter[whenFrom]=13-07-2026&filter[whenTo]=12-08-2026&filter[duration]=13:16&filter[from]=&filter[person]=2&filter[child]=1&filter[price]=4000:20000&filter[PriceFrom]=4000&filter[PriceTo]=20000&filter[addCategory]=40&filter[addCatering]=1&filter[addMisc]=0&filter[addTransport]=F&filter[fp]=1&order_by=ofr_price&filter[tourOperator]=0&filter[childAge][1]=20201210","https://fly.pl/cdn/photo/assets/uploads/582/278/2016/11/Alexandros-Perama-fly-pl.jpg","https://fly.pl/wycieczka/grecja,korfu,perama/alexandros-perama/pq3OYkGGeNVcpNUj5Z17jvAAogS-RJ26xaJ4AqOPIY9SbfpRAsy1T6jobaLK4ol9Ta46oqBFJOQlcwkPbR0gZI9nZQQViaAmACagRCd2NEahcyOTYsMzgwLDQ3Nyw0ODMsNDg0LDQ4NXI1nwGeARUOFwBYAQoEQMQHEbElEPIxGTdSyR5TAEuZhgFhAB25o0EPTiDbppEJDQACDGMBAgs6BqTz/ofertasv/?filter[tourOperator]=RNBW&filter%5Bperson%5D=2&filter%5BchildAge%5D%5B1%5D=20201210&filter%5Bchild%5D=1"
"Aegean View by Azul","15254.0","15.07.2026 - 30.07.2026","16 dni/14 nocy","","","","","","Все аэропорты","2026-07-13T05:43:40.996145+00:00","https://fly.pl/oferta/grecja-wczasy/?filter[dest]=14:&filter[hotelids]=&filter[cityids]=&filter[cregids]=&filter[ofrType]=&filter[addObjType]=&filter[whenFrom]=13-07-2026&filter[whenTo]=12-08-2026&filter[duration]=13:16&filter[from]=&filter[person]=2&filter[child]=1&filter[price]=4000:20000&filter[PriceFrom]=4000&filter[PriceTo]=20000&filter[addCategory]=40&filter[addCatering]=1&filter[addMisc]=0&filter[addTransport]=F&filter[fp]=1&order_by=ofr_price&filter[tourOperator]=0&filter[childAge][1]=20201210","https://datacfstatic.merlinx.pl/GRCS/IMG/CHQAEVI/b53366231a853f57040dfa4d51ead0b6d4d4743563ee3a9a97c94630f6dd8360.webp","https://fly.pl/wycieczka/grecja,kreta-zachodnia,sfakaki/aegean-view-by-azul-14/p4-qQLawfx40X1yOO_Xx5rAAog9H8AdNDDl2te0gCIexZrF2rqCHBX7kLJo0cMUE6MrBgqBEdSQ1MwkPbR0gZIlndQQVgqYAJyPVwKFwUVAFgAVgId9AEPF0C_BFLjd1MAW4MOS7NGYQBepzBMud5NAYW0OQ2SucsIIABR44CZnWUBEmMCAmM_yR1Q/ofertasv/?filter[tourOperator]=GRCS&filter%5Bperson%5D=2&filter%5BchildAge%5D%5B1%5D=20201210&filter%5Bchild%5D=1"
"Gaia Garden","15326.0","25.07.2026 - 08.08.2026","15 dni/14 nocy","","4.5","4.5","1030","tripadvisor","Все аэропорты","2026-07-13T05:43:40.996145+00:00","https://fly.pl/oferta/grecja-wczasy/?filter[dest]=14:&filter[hotelids]=&filter[cityids]=&filter[cregids]=&filter[ofrType]=&filter[addObjType]=&filter[whenFrom]=13-07-2026&filter[whenTo]=12-08-2026&filter[duration]=13:16&filter[from]=&filter[person]=2&filter[child]=1&filter[price]=4000:20000&filter[PriceFrom]=4000&filter[PriceTo]=20000&filter[addCategory]=40&filter[addCatering]=1&filter[addMisc]=0&filter[addTransport]=F&filter[fp]=1&order_by=ofr_price&filter[tourOperator]=0&filter[childAge][1]=20201210","https://fly.pl/cdn/photo/assets/uploads/582/278/2014/11/Gaia-Garden.jpg","https://fly.pl/wycieczka/grecja,kos,lambi/gaia-garden/pQmAx2cmlnOII1N2rtOd5KAAog9sQYYdBy30C933lxMX1AkQAAAACzkgQAzpIEAA4AHQAqBFdFWlkwkPbR0gZI3ndQQViaAmADagtSeWFuYWlyIFN1bmoEMDkxMHJCngGVAR8AAgEcABYEFwkSsgUYjAMT2QIUhgMRyTRArT5M-01PAEv3NFAAHaChECAbG_aDSA2xpfoIARJjAQdjAQIG27raeA/ofertasv/?filter[tourOperator]=WEZY&filter%5Bperson%5D=2&filter%5BchildAge%5D%5B1%5D=20201210&filter%5Bchild%5D=1"
"Amour Holiday Resort","15357.0","22.07.2026 - 05.08.2026","16 dni/14 nocy","","4.3","4.3","798","tripadvisor","Все аэропорты","2026-07-13T05:43:40.996145+00:00","https://fly.pl/oferta/grecja-wczasy/?filter[dest]=14:&filter[hotelids]=&filter[cityids]=&filter[cregids]=&filter[ofrType]=&filter[addObjType]=&filter[whenFrom]=13-07-2026&filter[whenTo]=12-08-2026&filter[duration]=13:16&filter[from]=&filter[person]=2&filter[child]=1&filter[price]=4000:20000&filter[PriceFrom]=4000&filter[PriceTo]=20000&filter[addCategory]=40&filter[addCatering]=1&filter[addMisc]=0&filter[addTransport]=F&filter[fp]=1&order_by=ofr_price&filter[tourOperator]=0&filter[childAge][1]=20201210","https://fly.pl/cdn/photo/assets/uploads/582/278/2018/09/Amour-Holiday-Resort.jpg","https://fly.pl/wycieczka/grecja,korfu,sidari/amour/pz3F7lu_JJusFRNfjYkOyFAAogND2iYSgRk7LNo2_4G6a3YhBm6JGpnbU8GJytcKSB4S0qBFZJVFgwkPbR0gZI_XdQQVjSAWACcj4aAFwKFQQXAFgBQI8DU9x6UgBh8SdLAF6wXVvgIEyZzzkg3tuYCQ0AUezH3uZkT6-vEF2chsP4HwIMYwECC1YJ2I8/ofertasv/?filter[tourOperator]=VITX&filter%5Bperson%5D=2&filter%5BchildAge%5D%5B1%5D=20201210&filter%5Bchild%5D=1"
"Pelagos Zante","15397.0","24.07.2026 - 07.08.2026","15 dni/14 nocy","","3.5","3.5","10","tripadvisor","Все аэропорты","2026-07-13T05:43:40.996145+00:00","https://fly.pl/oferta/grecja-wczasy/?filter[dest]=14:&filter[hotelids]=&filter[cityids]=&filter[cregids]=&filter[ofrType]=&filter[addObjType]=&filter[whenFrom]=13-07-2026&filter[whenTo]=12-08-2026&filter[duration]=13:16&filter[from]=&filter[person]=2&filter[child]=1&filter[price]=4000:20000&filter[PriceFrom]=4000&filter[PriceTo]=20000&filter[addCategory]=40&filter[addCatering]=1&filter[addMisc]=0&filter[addTransport]=F&filter[fp]=1&order_by=ofr_price&filter[tourOperator]=0&filter[childAge][1]=20201210","https://fly.pl/cdn/photo/assets/uploads/582/278/2016/12/Pelagos-Zante.jpg","https://fly.pl/wycieczka/grecja,zakynthos,tragaki/pelagos-zante/pza0oj-7KMazBNLTb6Vb6AAAogYsrt3uoHpl13Tcffs_1-YIddAnzDN9HoL0gTiBqvR08qBFZJVFgwkvbR0gZIpXhQQViCAmACckAaAFwKFQQXAFgBQI8DW7-DAV6-fEvJSGEAUvEeUwBM-8gcDaSbtQkgAF2B-fLTiQJRw_LS3RhP2dcgAg5jAQILlJ5BzQ/ofertasv/?filter[tourOperator]=VITX&filter%5Bperson%5D=2&filter%5BchildAge%5D%5B1%5D=20201210&filter%5Bchild%5D=1"
"Giakalis Aqua Resort","15457.0","21.07.2026 - 04.08.2026","15 dni/14 nocy","","3.5","3.5","170","tripadvisor","Все аэропорты","2026-07-13T05:43:40.996145+00:00","https://fly.pl/oferta/grecja-wczasy/?filter[dest]=14:&filter[hotelids]=&filter[cityids]=&filter[cregids]=&filter[ofrType]=&filter[addObjType]=&filter[whenFrom]=13-07-2026&filter[whenTo]=12-08-2026&filter[duration]=13:16&filter[from]=&filter[person]=2&filter[child]=1&filter[price]=4000:20000&filter[PriceFrom]=4000&filter[PriceTo]=20000&filter[addCategory]=40&filter[addCatering]=1&filter[addMisc]=0&filter[addTransport]=F&filter[fp]=1&order_by=ofr_price&filter[tourOperator]=0&filter[childAge][1]=20201210","https://fly.pl/cdn/photo/assets/uploads/582/278/2015/03/Hotel-Giakalis-Aqua-Resort.jpg","https://fly.pl/wycieczka/grecja,kos,marmari/giakalis/p5Nr3jFepTzOUgEqc1x-XqAAogjnPKujMYMdYhaa8LoB68lO8a_XrSpiF6IEGunFpiECcqBFZJVFgwkvbR0gZI4XhQQVi6AWACckAaAFwKFQQXAFgBQI8DW7-DAVO_SFIAXv8zS-1DYQBMjKw5IN3bmAkNAFHxtd7xpQFPwLE9XdD9y_1fAgxjAQILB66vXg/ofertasv/?filter[tourOperator]=VITX&filter%5Bperson%5D=2&filter%5BchildAge%5D%5B1%5D=20201210&filter%5Bchild%5D=1"
"Gaia Royal","15484.0","25.07.2026 - 08.08.2026","15 dni/14 nocy","","3.5","3.5","874","tripadvisor","Все аэропорты","2026-07-13T05:43:40.996145+00:00","https://fly.pl/oferta/grecja-wczasy/?filter[dest]=14:&filter[hotelids]=&filter[cityids]=&filter[cregids]=&filter[ofrType]=&filter[addObjType]=&filter[whenFrom]=13-07-2026&filter[whenTo]=12-08-2026&filter[duration]=13:16&filter[from]=&filter[person]=2&filter[child]=1&filter[price]=4000:20000&filter[PriceFrom]=4000&filter[PriceTo]=20000&filter[addCategory]=40&filter[addCatering]=1&filter[addMisc]=0&filter[addTransport]=F&filter[fp]=1&order_by=ofr_price&filter[tourOperator]=0&filter[childAge][1]=20201210","https://fly.pl/cdn/photo/assets/uploads/582/278/2014/09/Gaia-Royal.jpg","https://fly.pl/wycieczka/grecja,kos,mastichari/gaia-royal/pW-zKMjhEPT2eygl3wlwWSAAog3_DoRzkrV09uP7vDJPZ8IQAAAACzkgQAzpIEAA4AHQAqBFdFWlkwkvbR0gZI_HhQQViaAmADagtSeWFuYWlyIFN1bmoEMDkxMHJCngGVAR8AAgEcABYEFwkSsgUYjAMT2QIUhgMR2yZAm0xM-01PAEv3NFAAHaChECAbG6-RZA34l94IARJjAQxjAQILo7XCeA/ofertasv/?filter[tourOperator]=WEZY&filter%5Bperson%5D=2&filter%5BchildAge%5D%5B1%5D=20201210&filter%5Bchild%5D=1"
"Village Inn","15440.0","27.07.2026 - 10.08.2026","15 dni/14 nocy","","3.2","3.2","563","tripadvisor","Все аэропорты","2026-07-13T05:43:40.996145+00:00","https://fly.pl/oferta/grecja-wczasy/?filter[dest]=14:&filter[hotelids]=&filter[cityids]=&filter[cregids]=&filter[ofrType]=&filter[addObjType]=&filter[whenFrom]=13-07-2026&filter[whenTo]=12-08-2026&filter[duration]=13:16&filter[from]=&filter[person]=2&filter[child]=1&filter[price]=4000:20000&filter[PriceFrom]=4000&filter[PriceTo]=20000&filter[addCategory]=40&filter[addCatering]=1&filter[addMisc]=0&filter[addTransport]=F&filter[fp]=1&order_by=ofr_price&filter[tourOperator]=0&filter[childAge][1]=20201210","https://fly.pl/cdn/photo/assets/uploads/582/278/2016/04/Village-Inn-fly-pl-2.jpg","https://fly.pl/wycieczka/grecja,zakynthos,laganas/village-inn/XTOP775ca1X_wYAAHNOYVBwWQHaAQBVqYpeCpABCgYIz9QOEAESBgiw4xEQARp-TVBVVzJHRjIzTjFWNkpNVzVLSUdTOUdCMVBESFJTTEM5QUVXS1RMSkNIVTA2SkoyRERZOUhGMURCNERIR1BKNEc3VTlRN0Y1VlE3WFVXUUNMRTZOTTk2SVlaWlBPTzBTTldRRkY3UE42MDRQWkw0UjZTWkxJUUY0REJMQjQ0Cp4BCgYIiOANEAISBgiR9UgQARqLAU81NDU0NDg0MjJmMzEzNTMzMzczMDNhMzQ2NTM0MzUzNTM0MzIzMDM1MzMzMzMyMzMzNjMzNjEzMzM0MzMzMzMzMzYyZjUzNTQ1NTVmNDMzMzJmNDE0OTJmMzEzNDJmMzIzMDMyMzYzMDM3MzIzNzJmMzAzMTMyMzMzNDM1MzYzNzM4MzkzMDMxMzIKJAoGCIikARABEgYIlMgBEAEaEkRTUlQtMTU5MC1UUkFOU0ZFUgohCgUIzDoQARIFCPNGEAEaEURTUk0tMTU5MC0ycjIyNjQzCiIKBQjAPhABEgUI0EsQARoSRFNSTS0xNTkwLTUwcjIyNjQ0CiMKBQjyVxABEgUInWsQARoTRFNSVS0xNTkwLVViZXpiYXNpYxi2DCjMFDIGCLWeXhABOAM/ofertasv/?filter[tourOperator]=XTOP&filter%5Bperson%5D=2&filter%5BchildAge%5D%5B1%5D=20201210&filter%5Bchild%5D=1"
"Evita Mare","15506.0","24.07.2026 - 07.08.2026","15 dni/14 nocy","","2.8","2.8","52","tripadvisor","Все аэропорты","2026-07-13T05:43:40.996145+00:00","https://fly.pl/oferta/grecja-wczasy/?filter[dest]=14:&filter[hotelids]=&filter[cityids]=&filter[cregids]=&filter[ofrType]=&filter[addObjType]=&filter[whenFrom]=13-07-2026&filter[whenTo]=12-08-2026&filter[duration]=13:16&filter[from]=&filter[person]=2&filter[child]=1&filter[price]=4000:20000&filter[PriceFrom]=4000&filter[PriceTo]=20000&filter[addCategory]=40&filter[addCatering]=1&filter[addMisc]=0&filter[addTransport]=F&filter[fp]=1&order_by=ofr_price&filter[tourOperator]=0&filter[childAge][1]=20201210","https://fly.pl/cdn/photo/assets/uploads/582/278/2018/10/Evita-Mare-fly-pl.jpg","https://fly.pl/wycieczka/grecja,rodos,faliraki/evita-mare/pSXLaXefgX16R6lLl19qbrAAogElDLFOxgfuieA3H9cowUfwAAAADmfwQAAoAEAA4AAQAqBFdFWlkwkvbR0gZIknlQQViCAmADaglFbnRlciBBaXJqBDA1MTBqBDA5MjByQZ4BkwGUAR8AAgEcABYEFwkSzwQV6ggY0gFAiHJL01FQABHHCEzxOk8AG8WKAR313g4gHA3yzsIJARJjAQxjAQILLuSCrw/ofertasv/?filter[tourOperator]=WEZY&filter%5Bperson%5D=2&filter%5BchildAge%5D%5B1%5D=20201210&filter%5Bchild%5D=1"
"Golden Coast","15522.0","29.07.2026 - 12.08.2026","15 dni/14 nocy","","4.0","4.0","2247","tripadvisor","Все аэропорты","2026-07-13T05:43:40.996145+00:00","https://fly.pl/oferta/grecja-wczasy/?filter[dest]=14:&filter[hotelids]=&filter[cityids]=&filter[cregids]=&filter[ofrType]=&filter[addObjType]=&filter[whenFrom]=13-07-2026&filter[whenTo]=12-08-2026&filter[duration]=13:16&filter[from]=&filter[person]=2&filter[child]=1&filter[price]=4000:20000&filter[PriceFrom]=4000&filter[PriceTo]=20000&filter[addCategory]=40&filter[addCatering]=1&filter[addMisc]=0&filter[addTransport]=F&filter[fp]=1&order_by=ofr_price&filter[tourOperator]=0&filter[childAge][1]=20201210","https://fly.pl/cdn/photo/assets/uploads/582/278/2016/11/Hotel-Golden-Coast.jpg","https://fly.pl/wycieczka/grecja,attyka,nea-makri/golden-coast/p-bkgFVcimn6DYXvDkwSHmAAogWd6YI-mB_APLX3OnFf7v5_Zm49aIDIpL9e6TN7x-coQqBEdSQ1MwkvbR0gZIonlQQVj6AmADcj5cChcEFQBYAVYCHa4GDwtAEVLqZlMAW6wZXqp8S3hhAEyB5jkBmpxLDcvIzQggAFHPuZbUVwESYwECYwECDADocZw/ofertasv/?filter[tourOperator]=GRCS&filter%5Bperson%5D=2&filter%5BchildAge%5D%5B1%5D=20201210&filter%5Bchild%5D=1"
"Marebello Beach Resort","15619.0","21.07.2026 - 04.08.2026","15 dni/14 nocy","","3.9","3.9","18","tripadvisor","Все аэропорты","2026-07-13T05:43:40.996145+00:00","https://fly.pl/oferta/grecja-wczasy/?filter[dest]=14:&filter[hotelids]=&filter[cityids]=&filter[cregids]=&filter[ofrType]=&filter[addObjType]=&filter[whenFrom]=13-07-2026&filter[whenTo]=12-08-2026&filter[duration]=13:16&filter[from]=&filter[person]=2&filter[child]=1&filter[price]=4000:20000&filter[PriceFrom]=4000&filter[PriceTo]=20000&filter[addCategory]=40&filter[addCatering]=1&filter[addMisc]=0&filter[addTransport]=F&filter[fp]=1&order_by=ofr_price&filter[tourOperator]=0&filter[childAge][1]=20201210","https://fly.pl/cdn/photo/assets/uploads/582/278/2017/10/Hotel-Marebello-Beach.jpg","https://fly.pl/wycieczka/grecja,kos,marmari/marebello-beach-resort/pmekiSO__xWJjFplOTbrmKAAogQt9ieHKGx2DcZ2dt0m-x2D5jsswY-sfbF1puJJsgirsqBEdSQ1MwkvbR0gZIg3pQQVi6AWADckJcChcEFQBYAVYCHeYCDw5A1gNbgoABUr9IUwBL2ANhAF6nMEy53k0BlrM2DYe6zgggAFGJqf_xpQEBEmMBAmMBAgwhA5ys/ofertasv/?filter[tourOperator]=GRCS&filter%5Bperson%5D=2&filter%5BchildAge%5D%5B1%5D=20201210&filter%5Bchild%5D=1"
"Golden Mare Barbati","15757.0","18.07.2026 - 01.08.2026","15 dni/14 nocy","","4.5","4.5","300","tripadvisor","Все аэропорты","2026-07-13T05:43:40.996145+00:00","https://fly.pl/oferta/grecja-wczasy/?filter[dest]=14:&filter[hotelids]=&filter[cityids]=&filter[cregids]=&filter[ofrType]=&filter[addObjType]=&filter[whenFrom]=13-07-2026&filter[whenTo]=12-08-2026&filter[duration]=13:16&filter[from]=&filter[person]=2&filter[child]=1&filter[price]=4000:20000&filter[PriceFrom]=4000&filter[PriceTo]=20000&filter[addCategory]=40&filter[addCatering]=1&filter[addMisc]=0&filter[addTransport]=F&filter[fp]=1&order_by=ofr_price&filter[tourOperator]=0&filter[childAge][1]=20201210","https://fly.pl/cdn/photo/assets/uploads/582/278/2018/03/Golden-Mare.jpg","https://fly.pl/wycieczka/grecja,korfu,barbati/golden-mare-barbati/p1NygFUMqK0hTTHWIu2_G-AAog9z-aHUbihpRxxiFngnbx8q39a0oFyTZzHyswRYaaLeAqBFZJVFgwkvbR0gZIjXtQQVhyYAJyPxoAXAoVBBcAWAFAjwNT3HpSAFujDV7-d0vJSGEATJSnOSD225gJDQBRnObv5mRPiOctXZjikuykAQIMYwECC_b3Voc/ofertasv/?filter[tourOperator]=VITX&filter%5Bperson%5D=2&filter%5BchildAge%5D%5B1%5D=20201210&filter%5Bchild%5D=1"
"Filerimos Village","15813.0","24.07.2026 - 07.08.2026","15 dni/14 nocy","","3.4","3.4","1596","tripadvisor","Все аэропорты","2026-07-13T05:43:40.996145+00:00","https://fly.pl/oferta/grecja-wczasy/?filter[dest]=14:&filter[hotelids]=&filter[cityids]=&filter[cregids]=&filter[ofrType]=&filter[addObjType]=&filter[whenFrom]=13-07-2026&filter[whenTo]=12-08-2026&filter[duration]=13:16&filter[from]=&filter[person]=2&filter[child]=1&filter[price]=4000:20000&filter[PriceFrom]=4000&filter[PriceTo]=20000&filter[addCategory]=40&filter[addCatering]=1&filter[addMisc]=0&filter[addTransport]=F&filter[fp]=1&order_by=ofr_price&filter[tourOperator]=0&filter[childAge][1]=20201210","https://fly.pl/cdn/photo/assets/uploads/582/278/2014/06/FILERIMOS-VILLAGE.jpg","https://fly.pl/wycieczka/grecja,rodos,jalisos/filerimos-village/pjLhF_ULR99XG_DmupFXHvAAog1WdkdqlKfEdO9VmULCHjkQAAAADmfwQAAoAEAA4AAQAqBFdFWlkwkvbR0gZIxXtQQViCAmADaglFbnRlciBBaXJqBDA1MTBqBDA5MjByQZ4BkwGUAR8AAgEcABYEFwkSzwQV6ggY0gER-xFAjWBL01FQAEy4Q08AG9e6DB3jrgMgHA3yzsIJARJjAQ1jAQIGm3YfMQ/ofertasv/?filter[tourOperator]=WEZY&filter%5Bperson%5D=2&filter%5BchildAge%5D%5B1%5D=20201210&filter%5Bchild%5D=1"
"Kalia Beach","15823.0","19.07.2026 - 03.08.2026","16 dni/14 nocy","","3.3","3.3","458","tripadvisor","Все аэропорты","2026-07-13T05:43:40.996145+00:00","https://fly.pl/oferta/grecja-wczasy/?filter[dest]=14:&filter[hotelids]=&filter[cityids]=&filter[cregids]=&filter[ofrType]=&filter[addObjType]=&filter[whenFrom]=13-07-2026&filter[whenTo]=12-08-2026&filter[duration]=13:16&filter[from]=&filter[person]=2&filter[child]=1&filter[price]=4000:20000&filter[PriceFrom]=4000&filter[PriceTo]=20000&filter[addCategory]=40&filter[addCatering]=1&filter[addMisc]=0&filter[addTransport]=F&filter[fp]=1&order_by=ofr_price&filter[tourOperator]=0&filter[childAge][1]=20201210","https://fly.pl/cdn/photo/assets/uploads/582/278/2009/04/Kalia-Beach2496.jpg","https://fly.pl/wycieczka/grecja,kreta,kato-gouves/kalia-beach/p0jnfygCbuzJfEPv6zdpooAAogIl3bU7KwZrtYD4lwUiSXUR90n_Sxz3PyAC1ces2cc2UqBFJOQlcwkvbR0gZIz3tQQViKAWACagRCd2NEahcyOTYsMzgwLDQ3Nyw0ODMsNDg0LDQ4NXI1nwGeARUOWAEXAAoEQMQHEYUyGdslELQ2YYAQSwBSuApTAA-U9EEdLyCJqpEJDQACDGMBAgtdHwLJ/ofertasv/?filter[tourOperator]=RNBW&filter%5Bperson%5D=2&filter%5BchildAge%5D%5B1%5D=20201210&filter%5Bchild%5D=1"
"Galini Sea View (Agia Marina)","15846.0","19.07.2026 - 02.08.2026","16 dni/14 nocy","","3.9","3.9","1908","tripadvisor","Все аэропорты","2026-07-13T05:43:40.996145+00:00","https://fly.pl/oferta/grecja-wczasy/?filter[dest]=14:&filter[hotelids]=&filter[cityids]=&filter[cregids]=&filter[ofrType]=&filter[addObjType]=&filter[whenFrom]=13-07-2026&filter[whenTo]=12-08-2026&filter[duration]=13:16&filter[from]=&filter[person]=2&filter[child]=1&filter[price]=4000:20000&filter[PriceFrom]=4000&filter[PriceTo]=20000&filter[addCategory]=40&filter[addCatering]=1&filter[addMisc]=0&filter[addTransport]=F&filter[fp]=1&order_by=ofr_price&filter[tourOperator]=0&filter[childAge][1]=20201210","https://fly.pl/cdn/photo/assets/uploads/582/278/2014/07/Hotel-Galini-Sea-View.jpg","https://fly.pl/wycieczka/grecja,kreta-zachodnia,agia-marina/galini-sea-view-agia-marina/pwkcu6AQ5S_bGY6kNMUj-HAAogRHbBzJ6-_8SwQ1sSbtsV5Wv0aeeNXUolX8spKDLJx3wqBEdSQ1MwkvbR0gZI5ntQQViKAWADckBcChUEFwFYAFYCHcIBDxNA9QRS43dTAFu_C0v3SGEAXqcwTLneTQHUlDsNx9jJCCAAUcDiqZ1lARJjAQJjAQIN6KN70g/ofertasv/?filter[tourOperator]=GRCS&filter%5Bperson%5D=2&filter%5BchildAge%5D%5B1%5D=20201210&filter%5Bchild%5D=1"
"Horizon Beach (Stalida)","15857.0","22.07.2026 - 05.08.2026","15 dni/14 nocy","","3.6","3.6","1141","tripadvisor","Все аэропорты","2026-07-13T05:43:40.996145+00:00","https://fly.pl/oferta/grecja-wczasy/?filter[dest]=14:&filter[hotelids]=&filter[cityids]=&filter[cregids]=&filter[ofrType]=&filter[addObjType]=&filter[whenFrom]=13-07-2026&filter[whenTo]=12-08-2026&filter[duration]=13:16&filter[from]=&filter[person]=2&filter[child]=1&filter[price]=4000:20000&filter[PriceFrom]=4000&filter[PriceTo]=20000&filter[addCategory]=40&filter[addCatering]=1&filter[addMisc]=0&filter[addTransport]=F&filter[fp]=1&order_by=ofr_price&filter[tourOperator]=0&filter[childAge][1]=20201210","https://fly.pl/cdn/photo/assets/uploads/582/278/2014/07/HORIZON-BEACH-RESORT.jpg","https://fly.pl/wycieczka/grecja,kreta-wschodnia,stalida/horizon-beach-stalida/pHmxnzeiW_6HYpgcLFR2cxAAogVYrsS8pONxGkcHqf4O1cQyIFCg695zm-E9Tj1mDW7K4qBFZJVFgwkvbR0gZI8XtQQVjSAWACckAaAFwKFQQXAFgBQI8DW6OIAVPiJFIAYfAnSwBeiCtMlu85DcHcmAkgAVGr5sGNjQFPkLYKXcDE3PcfAg5jAQIKgKxRIw/ofertasv/?filter[tourOperator]=VITX&filter%5Bperson%5D=2&filter%5BchildAge%5D%5B1%5D=20201210&filter%5Bchild%5D=1"
"Roseland (Zakynthos)","15957.0","14.07.2026 - 28.07.2026","15 dni/14 nocy","","4.5","4.5","1053","tripadvisor","Все аэропорты","2026-07-13T05:43:40.996145+00:00","https://fly.pl/oferta/grecja-wczasy/?filter[dest]=14:&filter[hotelids]=&filter[cityids]=&filter[cregids]=&filter[ofrType]=&filter[addObjType]=&filter[whenFrom]=13-07-2026&filter[whenTo]=12-08-2026&filter[duration]=13:16&filter[from]=&filter[person]=2&filter[child]=1&filter[price]=4000:20000&filter[PriceFrom]=4000&filter[PriceTo]=20000&filter[addCategory]=40&filter[addCatering]=1&filter[addMisc]=0&filter[addTransport]=F&filter[fp]=1&order_by=ofr_price&filter[tourOperator]=0&filter[childAge][1]=20201210","https://datacfstatic.merlinx.pl/ITAK/IMG/ZTHROSE/561e10cd9fe3588f331f571ffb7dc883176f0553d75b5da4659b15c25b02a915.webp","https://fly.pl/wycieczka/grecja,zakynthos,kalamaki/roseland-zakynthos-10/pvHsWSoiK7OknINu3C6KLCAAogxBxuWeb9Nir3oCkCmZvh4eWoyy6bHiGRRwxi3jSoz7IqBFZJVFgwkvbR0gZI1XxQQVgSYAJyQBoAXAoVBBcAWAFAjwNbv4MBYbZRSwBeiCtSumdTAEzBiDkg1NuYCQ0AXYyX3YWtAU-46eirdVGQhxICDGMBAgVtnSqe/ofertasv/?filter[tourOperator]=VITX&filter%5Bperson%5D=2&filter%5BchildAge%5D%5B1%5D=20201210&filter%5Bchild%5D=1"
"Evita Resort","15980.0","24.07.2026 - 07.08.2026","15 dni/14 nocy","","4.1","4.1","4364","tripadvisor","Все аэропорты","2026-07-13T05:43:40.996145+00:00","https://fly.pl/oferta/grecja-wczasy/?filter[dest]=14:&filter[hotelids]=&filter[cityids]=&filter[cregids]=&filter[ofrType]=&filter[addObjType]=&filter[whenFrom]=13-07-2026&filter[whenTo]=12-08-2026&filter[duration]=13:16&filter[from]=&filter[person]=2&filter[child]=1&filter[price]=4000:20000&filter[PriceFrom]=4000&filter[PriceTo]=20000&filter[addCategory]=40&filter[addCatering]=1&filter[addMisc]=0&filter[addTransport]=F&filter[fp]=1&order_by=ofr_price&filter[tourOperator]=0&filter[childAge][1]=20201210","https://fly.pl/cdn/photo/assets/uploads/582/278/2015/04/EVITA-RESORT-HOTEL.jpg","https://fly.pl/wycieczka/grecja,rodos,faliraki/sunconnect-evita/p3YWi1HWyrXZRhW671PI8lAAogKH23Ru6kXD3Apj1KdNccHgAAAADmfwQAAoAEAA4AAQAqBFdFWlkwkvbR0gZI7HxQQViCAmADaglFbnRlciBBaXJqBDA1MTBqBDA5MjByQZ4BkwGUAR8AAgEcABYEFwkSzwQV6ggY0gFAiHIR4UlL8gdQAEy4Q08AHbrpDyAcG6GSHw3RvKMJARJjAQxjAQILCbXilw/ofertasv/?filter[tourOperator]=WEZY&filter%5Bperson%5D=2&filter%5BchildAge%5D%5B1%5D=20201210&filter%5Bchild%5D=1"
"Sunshine Rhodes (Ialyssos)","15993.0","17.07.2026 - 31.07.2026","15 dni/14 nocy","","3.7","3.7","2520","tripadvisor","Все аэропорты","2026-07-13T05:43:40.996145+00:00","https://fly.pl/oferta/grecja-wczasy/?filter[dest]=14:&filter[hotelids]=&filter[cityids]=&filter[cregids]=&filter[ofrType]=&filter[addObjType]=&filter[whenFrom]=13-07-2026&filter[whenTo]=12-08-2026&filter[duration]=13:16&filter[from]=&filter[person]=2&filter[child]=1&filter[price]=4000:20000&filter[PriceFrom]=4000&filter[PriceTo]=20000&filter[addCategory]=40&filter[addCatering]=1&filter[addMisc]=0&filter[addTransport]=F&filter[fp]=1&order_by=ofr_price&filter[tourOperator]=0&filter[childAge][1]=20201210","https://fly.pl/cdn/photo/assets/uploads/582/278/2015/04/Sunshine-Rhodes.jpg","https://fly.pl/wycieczka/grecja,rodos,ialyssos/sunshine-rhodes-ialyssos/pVj9gQAle_J5xn5iriO4U1AAogpBp1lNSmRr12hrgf3UuJ1IZYQ9UMPNbK-ZuWoqPV8vUqBEdSQ1MwkvbR0gZI-XxQQVhaYANyQlwKFwQVAFgBVgIdqAUPFUCNAVuWgAFLr0thAF77MFKRE1MATKjLTQGn8TEN8vvSCCAAUcudyO3eAQESYwECYwECDG0052g/ofertasv/?filter[tourOperator]=GRCS&filter%5Bperson%5D=2&filter%5BchildAge%5D%5B1%5D=20201210&filter%5Bchild%5D=1"
"Xenios Possidi Paradise","16084.0","22.07.2026 - 05.08.2026","15 dni/14 nocy","","3.2","3.2","205","tripadvisor","Все аэропорты","2026-07-13T05:43:40.996145+00:00","https://fly.pl/oferta/grecja-wczasy/?filter[dest]=14:&filter[hotelids]=&filter[cityids]=&filter[cregids]=&filter[ofrType]=&filter[addObjType]=&filter[whenFrom]=13-07-2026&filter[whenTo]=12-08-2026&filter[duration]=13:16&filter[from]=&filter[person]=2&filter[child]=1&filter[price]=4000:20000&filter[PriceFrom]=4000&filter[PriceTo]=20000&filter[addCategory]=40&filter[addCatering]=1&filter[addMisc]=0&filter[addTransport]=F&filter[fp]=1&order_by=ofr_price&filter[tourOperator]=0&filter[childAge][1]=20201210","https://fly.pl/cdn/photo/assets/uploads/582/278/2015/02/Possidi-Paradise-fly-pl.jpg","https://fly.pl/wycieczka/grecja,chalkidiki,possidi/possidi-paradiso/pObrLGnQxJJ_KGZMWLehGzAAogWSusTy43W9IPd7NivFre-lYRHtbrCLQu2J_DfXFoUVEqBFJOQlcwkvbR0gZI1H1QQVjSAWACagRCd2NEahcyOTYsMzgwLDQ3Nyw0ODMsNDg0LDQ4NXI2nwGeARUOFwBYAQoEQMQHEfALGdZLYc5GSwAQqA5SjW1TAB2W9kAP6QMg07ORCQ0AAgxjAQILLj-ftA/ofertasv/?filter[tourOperator]=RNBW&filter%5Bperson%5D=2&filter%5BchildAge%5D%5B1%5D=20201210&filter%5Bchild%5D=1"
"Golden Coast Resort","16108.0","19.07.2026 - 02.08.2026","15 dni/14 nocy","","4.4","4.4","144","tripadvisor","Все аэропорты","2026-07-13T05:43:40.996145+00:00","https://fly.pl/oferta/grecja-wczasy/?filter[dest]=14:&filter[hotelids]=&filter[cityids]=&filter[cregids]=&filter[ofrType]=&filter[addObjType]=&filter[whenFrom]=13-07-2026&filter[whenTo]=12-08-2026&filter[duration]=13:16&filter[from]=&filter[person]=2&filter[child]=1&filter[price]=4000:20000&filter[PriceFrom]=4000&filter[PriceTo]=20000&filter[addCategory]=40&filter[addCatering]=1&filter[addMisc]=0&filter[addTransport]=F&filter[fp]=1&order_by=ofr_price&filter[tourOperator]=0&filter[childAge][1]=20201210","https://fly.pl/cdn/photo/assets/uploads/582/278/2018/09/GOLDEN-COAST-RESORT.jpg","https://fly.pl/wycieczka/grecja,zakynthos,drosia/golden-coast-family-resort/p8YrIxpOphi7lngqdVyKckAAogECGgT0D_UbPr663BBaRP0Fku12KMbGFUb-pgdOzoURMqBEdSQ1MwkvbR0gZI7H1QQViKAWADckJcChcEFQBYAVYCHfIDDxFAxwJbpMABS_ULYQBepzBSumdTAEz_9kwBzKw8Dc_AyAggAFHZ2bixogIBEmMBAmMBAgtDq28w/ofertasv/?filter[tourOperator]=GRCS&filter%5Bperson%5D=2&filter%5BchildAge%5D%5B1%5D=20201210&filter%5Bchild%5D=1"
"Euro Village Achilleas","16145.0","25.07.2026 - 08.08.2026","15 dni/14 nocy","","3.7","3.7","1543","tripadvisor","Все аэропорты","2026-07-13T05:43:40.996145+00:00","https://fly.pl/oferta/grecja-wczasy/?filter[dest]=14:&filter[hotelids]=&filter[cityids]=&filter[cregids]=&filter[ofrType]=&filter[addObjType]=&filter[whenFrom]=13-07-2026&filter[whenTo]=12-08-2026&filter[duration]=13:16&filter[from]=&filter[person]=2&filter[child]=1&filter[price]=4000:20000&filter[PriceFrom]=4000&filter[PriceTo]=20000&filter[addCategory]=40&filter[addCatering]=1&filter[addMisc]=0&filter[addTransport]=F&filter[fp]=1&order_by=ofr_price&filter[tourOperator]=0&filter[childAge][1]=20201210","https://fly.pl/cdn/photo/assets/uploads/582/278/2015/10/Euro-Village-Achilleas-fly-pl.jpg","https://fly.pl/wycieczka/grecja,kos,mastichari/euro-village-achilleas/pZxkXrNwc2-BsXb0CtGlK3AAogLCfmPsQLD6MR-fgdu7tNsAAAAACzkgQAzpIEAA4AHQAqBFdFWlkwkvbR0gZIkX5QQViaAmADagtSeWFuYWlyIFN1bmoEMDkxMHJCngGVAR8AAgEcABYEFwkSsgUYjAMT2QIUhgNA9nIRgQxM-kFPAEv3NFAAHaChECAbG7P_Yw30qd4IARJjAQxjAQUL0JCY3Q/ofertasv/?filter[tourOperator]=WEZY&filter%5Bperson%5D=2&filter%5BchildAge%5D%5B1%5D=20201210&filter%5Bchild%5D=1"
"Gemini (Messonghi)","16157.0","18.07.2026 - 01.08.2026","15 dni/14 nocy","","4.1","4.1","153","tripadvisor","Все аэропорты","2026-07-13T05:43:40.996145+00:00","https://fly.pl/oferta/grecja-wczasy/?filter[dest]=14:&filter[hotelids]=&filter[cityids]=&filter[cregids]=&filter[ofrType]=&filter[addObjType]=&filter[whenFrom]=13-07-2026&filter[whenTo]=12-08-2026&filter[duration]=13:16&filter[from]=&filter[person]=2&filter[child]=1&filter[price]=4000:20000&filter[PriceFrom]=4000&filter[PriceTo]=20000&filter[addCategory]=40&filter[addCatering]=1&filter[addMisc]=0&filter[addTransport]=F&filter[fp]=1&order_by=ofr_price&filter[tourOperator]=0&filter[childAge][1]=20201210","https://fly.pl/cdn/photo/assets/uploads/582/278/2010/06/Gemini-Messonghi299.jpg","https://fly.pl/wycieczka/grecja,korfu,messonghi/gemini-messonghi/pg6G6eTpcc7bMtZkpXgvLuAAoglD95i12NequjvBeTdtpvEa39a0oFyTZzHyswRYaaLeAqBFZJVFgwkvbR0gZInX5QQVhyYAJyPxoAXAoVBBcAWAFAjwNT3HpSAFvjCF6-fEvJSGEATJSnOSD225gJDQBRnIHv5mRPiMwuXZjikuykAQIMYwECBZMVByM/ofertasv/?filter[tourOperator]=VITX&filter%5Bperson%5D=2&filter%5BchildAge%5D%5B1%5D=20201210&filter%5Bchild%5D=1"
"Klelia","16229.0","26.07.2026 - 09.08.2026","15 dni/14 nocy","","4.4","4.4","1327","tripadvisor","Все аэропорты","2026-07-13T05:43:40.996145+00:00","https://fly.pl/oferta/grecja-wczasy/?filter[dest]=14:&filter[hotelids]=&filter[cityids]=&filter[cregids]=&filter[ofrType]=&filter[addObjType]=&filter[whenFrom]=13-07-2026&filter[whenTo]=12-08-2026&filter[duration]=13:16&filter[from]=&filter[person]=2&filter[child]=1&filter[price]=4000:20000&filter[PriceFrom]=4000&filter[PriceTo]=20000&filter[addCategory]=40&filter[addCatering]=1&filter[addMisc]=0&filter[addTransport]=F&filter[fp]=1&order_by=ofr_price&filter[tourOperator]=0&filter[childAge][1]=20201210","https://fly.pl/cdn/photo/assets/uploads/582/278/2015/04/Klelia-fly-pl.jpg","https://fly.pl/wycieczka/grecja,zakynthos,kalamaki/klelia/ppedSvET4K3IJRLyxKcrtcAAogR6dTX3D6Fd60pGU3Tf-FQ0gblq5LN0hifLHwNnzXNwAqBEdSQ1MwkvbR0gZI5X5QQViyAmADckFcChcEFQBYAVYCHdIEDwxA7AFewPwBS3hhAFvrHVLXSFMATL__OAHh8UkNgfPOCCAAUeftw7GiAgESYwECYwECCw8B_Ao/ofertasv/?filter[tourOperator]=GRCS&filter%5Bperson%5D=2&filter%5BchildAge%5D%5B1%5D=20201210&filter%5Bchild%5D=1"
"Aristoteles Holiday Resort & SPA","16378.0","15.07.2026 - 29.07.2026","15 dni/14 nocy","","4.3","4.3","642","tripadvisor","Все аэропорты","2026-07-13T05:43:40.996145+00:00","https://fly.pl/oferta/grecja-wczasy/?filter[dest]=14:&filter[hotelids]=&filter[cityids]=&filter[cregids]=&filter[ofrType]=&filter[addObjType]=&filter[whenFrom]=13-07-2026&filter[whenTo]=12-08-2026&filter[duration]=13:16&filter[from]=&filter[person]=2&filter[child]=1&filter[price]=4000:20000&filter[PriceFrom]=4000&filter[PriceTo]=20000&filter[addCategory]=40&filter[addCatering]=1&filter[addMisc]=0&filter[addTransport]=F&filter[fp]=1&order_by=ofr_price&filter[tourOperator]=0&filter[childAge][1]=20201210","https://fly.pl/cdn/photo/assets/uploads/582/278/2015/02/Aristoteles-Holiday-Resort-Spa.jpg","https://fly.pl/wycieczka/grecja,chalkidiki,ouranopolis/aristoteles-holiday-resort-spa/phJ4xmyzNM91WpSA-c5XksAAogx-34Hws1ljuXmPDe8C9tz1GoARbpzJmqd1Cgrjv1Z9MqBFJOQlcwkvbR0gZI-n9QQVgqYAJqBEJ3Y0RqFzI5NiwzODAsNDc3LDQ4Myw0ODQsNDg1cjafAZ4BFQ4XAFgBCgRAxAcR_SYZyTAQ0gZh_D9LAFK1e1MAHZT2QA_mAyDRs5EJDQACDGMBAgs5mr8T/ofertasv/?filter[tourOperator]=RNBW&filter%5Bperson%5D=2&filter%5BchildAge%5D%5B1%5D=20201210&filter%5Bchild%5D=1"
"Hersonissos Village","16410.0","28.07.2026 - 11.08.2026","15 dni/14 nocy","","3.8","3.8","687","tripadvisor","Все аэропорты","2026-07-13T05:43:40.996145+00:00","https://fly.pl/oferta/grecja-wczasy/?filter[dest]=14:&filter[hotelids]=&filter[cityids]=&filter[cregids]=&filter[ofrType]=&filter[addObjType]=&filter[whenFrom]=13-07-2026&filter[whenTo]=12-08-2026&filter[duration]=13:16&filter[from]=&filter[person]=2&filter[child]=1&filter[price]=4000:20000&filter[PriceFrom]=4000&filter[PriceTo]=20000&filter[addCategory]=40&filter[addCatering]=1&filter[addMisc]=0&filter[addTransport]=F&filter[fp]=1&order_by=ofr_price&filter[tourOperator]=0&filter[childAge][1]=20201210","https://fly.pl/cdn/photo/assets/uploads/582/278/2014/07/HERSONISSOS-VILLAGE.jpg","https://fly.pl/wycieczka/grecja,kreta,hersonissos/hersonissos-village/pEXDhcViddgHJnl5pRJlzDAAogPlDUf3IAgiv7orBWGi52Rz2Mp2HsrMxzUx_i04lwaHoqBEVDQ1gwkvbR0gZImoABUAFY4gJgA2oCQUlyJRwR1UmrBMbfFbkEid4CGMi2Jhuv6UIBjNfw2AEBEmMBAGMBAgt77YGW/ofertasv/?filter[tourOperator]=ECCX&filter%5Bperson%5D=2&filter%5BchildAge%5D%5B1%5D=20201210&filter%5Bchild%5D=1"
"Maleme Mare Beachside","16486.0","19.07.2026 - 02.08.2026","15 dni/14 nocy","","4.5","4.5","421","tripadvisor","Все аэропорты","2026-07-13T05:43:40.996145+00:00","https://fly.pl/oferta/grecja-wczasy/?filter[dest]=14:&filter[hotelids]=&filter[cityids]=&filter[cregids]=&filter[ofrType]=&filter[addObjType]=&filter[whenFrom]=13-07-2026&filter[whenTo]=12-08-2026&filter[duration]=13:16&filter[from]=&filter[person]=2&filter[child]=1&filter[price]=4000:20000&filter[PriceFrom]=4000&filter[PriceTo]=20000&filter[addCategory]=40&filter[addCatering]=1&filter[addMisc]=0&filter[addTransport]=F&filter[fp]=1&order_by=ofr_price&filter[tourOperator]=0&filter[childAge][1]=20201210","https://fly.pl/cdn/photo/assets/uploads/582/278/2017/12/Maleme-Mare-1.jpg","https://fly.pl/wycieczka/grecja,kreta-zachodnia,maleme/maleme-mare/p0tDfdj0sig3BZVWE6q4RCAAogSdz3WQjVGMF1DXQJej6aCq7OXd97-1K4Yt4I1QSAELkqBFJOQlcwkvbR0gZI5oABUEFYigFgAmoEQndjRGoXMjk2LDM4MCw0NzcsNDgzLDQ4NCw0ODVyNZ8BngEVDhcAWAEKBEDEBxHADBDoDhm7PFKEH1MAS60nYQAPsOpBHVEgg76RCQ0AAgxjAQILAUxTbA/ofertasv/?filter[tourOperator]=RNBW&filter%5Bperson%5D=2&filter%5BchildAge%5D%5B1%5D=20201210&filter%5Bchild%5D=1"
"Ninos Serena Holiday Resort","16488.0","29.07.2026 - 12.08.2026","15 dni/14 nocy","","","","","","Все аэропорты","2026-07-13T05:43:40.996145+00:00","https://fly.pl/oferta/grecja-wczasy/?filter[dest]=14:&filter[hotelids]=&filter[cityids]=&filter[cregids]=&filter[ofrType]=&filter[addObjType]=&filter[whenFrom]=13-07-2026&filter[whenTo]=12-08-2026&filter[duration]=13:16&filter[from]=&filter[person]=2&filter[child]=1&filter[price]=4000:20000&filter[PriceFrom]=4000&filter[PriceTo]=20000&filter[addCategory]=40&filter[addCatering]=1&filter[addMisc]=0&filter[addTransport]=F&filter[fp]=1&order_by=ofr_price&filter[tourOperator]=0&filter[childAge][1]=20201210","https://datacfstatic.merlinx.pl/RNBW/IMG/7937/7c66abfc535c1e51d5394288c12a9a4fcb73803900b915c046740b2036026e24.webp","https://fly.pl/wycieczka/grecja,korfu,sidari/ninos-serena-holiday-resort-11/pWo7fOLMyykbIQao9tml4QAAoggnVHZeMOEKuNJUGdUxaKdidhRqZYM9BA0E6XNIfgvc4qBFJOQlcwkvbR0gZI6IABUEFY-gJgAmoEQndjRGoXMjk2LDM4MCw0NzcsNDgzLDQ4NCw0ODVyNp8BngEVDhcAWAEKBEDEBxGqNhmwIVLJHlMAEIEyS5hUYQAdn_tAD-kBIN7NkQkNAAIMYwECC-cHWXs/ofertasv/?filter[tourOperator]=RNBW&filter%5Bperson%5D=2&filter%5BchildAge%5D%5B1%5D=20201210&filter%5Bchild%5D=1"
"Zante Park Resort & SPA - BW Premier Collection","16557.0","14.07.2026 - 28.07.2026","15 dni/14 nocy","","3.7","3.7","642","tripadvisor","Все аэропорты","2026-07-13T05:43:40.996145+00:00","https://fly.pl/oferta/grecja-wczasy/?filter[dest]=14:&filter[hotelids]=&filter[cityids]=&filter[cregids]=&filter[ofrType]=&filter[addObjType]=&filter[whenFrom]=13-07-2026&filter[whenTo]=12-08-2026&filter[duration]=13:16&filter[from]=&filter[person]=2&filter[child]=1&filter[price]=4000:20000&filter[PriceFrom]=4000&filter[PriceTo]=20000&filter[addCategory]=40&filter[addCatering]=1&filter[addMisc]=0&filter[addTransport]=F&filter[fp]=1&order_by=ofr_price&filter[tourOperator]=0&filter[childAge][1]=20201210","https://fly.pl/cdn/photo/assets/uploads/582/278/2014/07/Best-Western-Zante-Park-fly-pl.jpg","https://fly.pl/wycieczka/grecja,zakynthos,laganas/best-western-zante-park/pGawLyIVtuazwjG3i37l6gAAogGQd-mxQXiI2Ntt7NPBkbneWoyy6bHiGRRwxi3jSoz7IqBFZJVFgwkvbR0gZIrYEBUEFYEmACckAaAFwKFQQXAFgBQI8DW5eFAWHeT0sAXogrUrpnUwBMwYg5INTbmAkNAF2Ml92FrQFPuOnoq3VRkqALAgxjAQILQkG4VQ/ofertasv/?filter[tourOperator]=VITX&filter%5Bperson%5D=2&filter%5BchildAge%5D%5B1%5D=20201210&filter%5Bchild%5D=1"
"Canvas by Mitsis Messonghi","16597.0","15.07.2026 - 29.07.2026","15 dni/14 nocy","","4.3","4.3","1360","tripadvisor","Все аэропорты","2026-07-13T05:43:40.996145+00:00","https://fly.pl/oferta/grecja-wczasy/?filter[dest]=14:&filter[hotelids]=&filter[cityids]=&filter[cregids]=&filter[ofrType]=&filter[addObjType]=&filter[whenFrom]=13-07-2026&filter[whenTo]=12-08-2026&filter[duration]=13:16&filter[from]=&filter[person]=2&filter[child]=1&filter[price]=4000:20000&filter[PriceFrom]=4000&filter[PriceTo]=20000&filter[addCategory]=40&filter[addCatering]=1&filter[addMisc]=0&filter[addTransport]=F&filter[fp]=1&order_by=ofr_price&filter[tourOperator]=0&filter[childAge][1]=20201210","https://fly.pl/cdn/photo/assets/uploads/582/278/2016/11/Messonghi-Beach-Holiday-Resort.jpg","https://fly.pl/wycieczka/grecja,korfu,moraitika/messonghi-beach-holiday-resort/peaPnSUMWLlmx11xmiowdIAAogDtDlnDSJy5SXobpv6qqGSe4m06GigCOXtN7KLW8H064qBEdSQ1MwkvbR0gZI1YEBUEFYKmADcj9cChcEFQBYAVYCHWIPFUDTBVKfd1MAW5sJXoZ8S48YYQBMqsZNAeG6MQ22stMIIABRgY6A52QBEmMBAmMBAwt3w53v/ofertasv/?filter[tourOperator]=GRCS&filter%5Bperson%5D=2&filter%5BchildAge%5D%5B1%5D=20201210&filter%5Bchild%5D=1"
"Geraniotis Beach","16599.0","15.07.2026 - 30.07.2026","16 dni/14 nocy","","4.1","4.1","297","tripadvisor","Все аэропорты","2026-07-13T05:43:40.996145+00:00","https://fly.pl/oferta/grecja-wczasy/?filter[dest]=14:&filter[hotelids]=&filter[cityids]=&filter[cregids]=&filter[ofrType]=&filter[addObjType]=&filter[whenFrom]=13-07-2026&filter[whenTo]=12-08-2026&filter[duration]=13:16&filter[from]=&filter[person]=2&filter[child]=1&filter[price]=4000:20000&filter[PriceFrom]=4000&filter[PriceTo]=20000&filter[addCategory]=40&filter[addCatering]=1&filter[addMisc]=0&filter[addTransport]=F&filter[fp]=1&order_by=ofr_price&filter[tourOperator]=0&filter[childAge][1]=20201210","https://fly.pl/cdn/photo/assets/uploads/582/278/2014/07/Hotel-Geraniotis-Beach.jpg","https://fly.pl/wycieczka/grecja,kreta-zachodnia,platanias/geraniotis-beach/pfqlPhXPul0-U4cs14sykbAAogpO2Ar14FtdOFpu1bO1WJbmrqCHBX7kLJo0cMUE6MrBgqBEdSQ1MwkvbR0gZI14EBUEFYKmADckBcChcFFQBYAFYCHfQBDxdAvwRS43dTAEu2VGEAXqcwW6sfTI6_TQGntjkN8LbLCCAAUcuKqp1lARJjAQJjAQILE_OsUQ/ofertasv/?filter[tourOperator]=GRCS&filter%5Bperson%5D=2&filter%5BchildAge%5D%5B1%5D=20201210&filter%5Bchild%5D=1"
"Almyrida Village & Water Park (ex. Langley Resort Almirida Bay)","16605.0","30.07.2026 - 12.08.2026","14 dni/13 nocy","","3.8","3.8","791","tripadvisor","Все аэропорты","2026-07-13T05:43:40.996145+00:00","https://fly.pl/oferta/grecja-wczasy/?filter[dest]=14:&filter[hotelids]=&filter[cityids]=&filter[cregids]=&filter[ofrType]=&filter[addObjType]=&filter[whenFrom]=13-07-2026&filter[whenTo]=12-08-2026&filter[duration]=13:16&filter[from]=&filter[person]=2&filter[child]=1&filter[price]=4000:20000&filter[PriceFrom]=4000&filter[PriceTo]=20000&filter[addCategory]=40&filter[addCatering]=1&filter[addMisc]=0&filter[addTransport]=F&filter[fp]=1&order_by=ofr_price&filter[tourOperator]=0&filter[childAge][1]=20201210","https://fly.pl/cdn/photo/assets/uploads/582/278/2024/07/almyrida-village-water-park-ex-langley-resort-almirida-bay.jpg","https://fly.pl/wycieczka/grecja,kreta-zachodnia,almyrida/langley-resort-almirida-bay-10/p4bUmzNQeLxqn-siaVu0JiAAog8tScdawmWz-Vkourp1U0pFeH4f20UioKNdUEJNlqMYIqBEJWQkUwkvbR0gZI3YEBUAFYkgNgAmoCQUlyIRwR4MwBG-KAPBj4kBK5BLPEKqsECAG9s43dAgISYwECBf_yRtU/ofertasv/?filter[tourOperator]=BVBE&filter%5Bperson%5D=2&filter%5BchildAge%5D%5B1%5D=20201210&filter%5Bchild%5D=1"
"Anastasia Beach (Laganas)","16621.0","14.07.2026 - 28.07.2026","15 dni/14 nocy","","3.5","3.5","13","tripadvisor","Все аэропорты","2026-07-13T05:43:40.996145+00:00","https://fly.pl/oferta/grecja-wczasy/?filter[dest]=14:&filter[hotelids]=&filter[cityids]=&filter[cregids]=&filter[ofrType]=&filter[addObjType]=&filter[whenFrom]=13-07-2026&filter[whenTo]=12-08-2026&filter[duration]=13:16&filter[from]=&filter[person]=2&filter[child]=1&filter[price]=4000:20000&filter[PriceFrom]=4000&filter[PriceTo]=20000&filter[addCategory]=40&filter[addCatering]=1&filter[addMisc]=0&filter[addTransport]=F&filter[fp]=1&order_by=ofr_price&filter[tourOperator]=0&filter[childAge][1]=20201210","https://fly.pl/cdn/photo/assets/uploads/582/278/2015/04/Anastasia-Beach-1.jpg","https://fly.pl/wycieczka/grecja,zakynthos,laganas/anastasia-beach-laganas/pOrrXZ9-M2RT09Jm4lVP7wAAogLCrnEZyZqg7jYtEhlbujs6GelNSY4IakdNW6i3trjLcqBFJOQlcwkvbR0gZI7YEBUEFYEmACagRCd2NEahcyOTYsMzgwLDQ3Nyw0ODMsNDg0LDQ4NXI2nwGeARUOFwBYAQoEQMQHEYY2GechEJ5PYbEpSwBSwpIBUwAP_Po_HSMg9uiRCQ0AAgxjAQILJeIWTA/ofertasv/?filter[tourOperator]=RNBW&filter%5Bperson%5D=2&filter%5BchildAge%5D%5B1%5D=20201210&filter%5Bchild%5D=1"
"Caretta Island","16645.0","17.07.2026 - 31.07.2026","15 dni/14 nocy","","3.9","3.9","2316","tripadvisor","Все аэропорты","2026-07-13T05:43:40.996145+00:00","https://fly.pl/oferta/grecja-wczasy/?filter[dest]=14:&filter[hotelids]=&filter[cityids]=&filter[cregids]=&filter[ofrType]=&filter[addObjType]=&filter[whenFrom]=13-07-2026&filter[whenTo]=12-08-2026&filter[duration]=13:16&filter[from]=&filter[person]=2&filter[child]=1&filter[price]=4000:20000&filter[PriceFrom]=4000&filter[PriceTo]=20000&filter[addCategory]=40&filter[addCatering]=1&filter[addMisc]=0&filter[addTransport]=F&filter[fp]=1&order_by=ofr_price&filter[tourOperator]=0&filter[childAge][1]=20201210","https://fly.pl/cdn/photo/assets/uploads/582/278/2016/11/Caretta-Island.jpg","https://fly.pl/wycieczka/grecja,zakynthos,kalamaki/caretta-island/pG9bwrgvOFUrEDeMWL4e-LAAogYr6pBtJFoZtoroDD0eQTQS9piTUMT46WOdz1m_tcgE8qBEdSQ1MwkvbR0gZIhYIBUEFYWmADckFcChcEFQBYAVYCHYcDDxxApwNbgoABXr58S3hhAFLCZlMATP_2TAH-hTYNm-fOCCAAUdebrLGiAgESYwECYwEDD_57yAo/ofertasv/?filter[tourOperator]=GRCS&filter%5Bperson%5D=2&filter%5BchildAge%5D%5B1%5D=20201210&filter%5Bchild%5D=1"
"Mirage Bleu Resort","16817.0","26.07.2026 - 09.08.2026","15 dni/14 nocy","","4.1","4.1","147","tripadvisor","Все аэропорты","2026-07-13T05:43:40.996145+00:00","https://fly.pl/oferta/grecja-wczasy/?filter[dest]=14:&filter[hotelids]=&filter[cityids]=&filter[cregids]=&filter[ofrType]=&filter[addObjType]=&filter[whenFrom]=13-07-2026&filter[whenTo]=12-08-2026&filter[duration]=13:16&filter[from]=&filter[person]=2&filter[child]=1&filter[price]=4000:20000&filter[PriceFrom]=4000&filter[PriceTo]=20000&filter[addCategory]=40&filter[addCatering]=1&filter[addMisc]=0&filter[addTransport]=F&filter[fp]=1&order_by=ofr_price&filter[tourOperator]=0&filter[childAge][1]=20201210","https://datacfstatic.merlinx.pl/GRCS/IMG/ZTHMIBL/afb64c1b6b4ae40413efc9f75f2e1457e6fac12b745a1094fe2af5aa77cc2765.webp","https://fly.pl/wycieczka/grecja,zakynthos,tragaki/mirage-bleu-resort-11/p-e_TGAjIAxIxRvFspVTuVAAogGVipNG576GZ3RJCxHlmxnEgblq5LN0hifLHwNnzXNwAqBEdSQ1MwmPbR0gZIsYMBUEFYsgJgA3JBXAoXBBUAWAFWAh3SBA8MQOwBXsD8AUt4YQBb6x1S10hTAEy__zgBkPNJDdLxzgggAFHLp8mxogIBEmMBAmMBAgvpcEOn/ofertasv/?filter[tourOperator]=GRCS&filter%5Bperson%5D=2&filter%5BchildAge%5D%5B1%5D=20201210&filter%5Bchild%5D=1"
"Resol","16985.0","28.07.2026 - 11.08.2026","15 dni/14 nocy","","3.4","3.4","344","tripadvisor","Все аэропорты","2026-07-13T05:43:40.996145+00:00","https://fly.pl/oferta/grecja-wczasy/?filter[dest]=14:&filter[hotelids]=&filter[cityids]=&filter[cregids]=&filter[ofrType]=&filter[addObjType]=&filter[whenFrom]=13-07-2026&filter[whenTo]=12-08-2026&filter[duration]=13:16&filter[from]=&filter[person]=2&filter[child]=1&filter[price]=4000:20000&filter[PriceFrom]=4000&filter[PriceTo]=20000&filter[addCategory]=40&filter[addCatering]=1&filter[addMisc]=0&filter[addTransport]=F&filter[fp]=1&order_by=ofr_price&filter[tourOperator]=0&filter[childAge][1]=20201210","https://fly.pl/cdn/photo/assets/uploads/582/278/2018/04/Liza-Mary-fly-pl.jpg","https://fly.pl/wycieczka/grecja,kreta-wschodnia,bali/dolfin-liza-mary-grecja-kreta-grecja/pWFdCvhNTrlE6iBGbNyiaaAAogCLDo-eC9d3sw5Q1t7GGzFT2Mp2HsrMxzUx_i04lwaHoqBEVDQ1gwmPbR0gZI2YQBUAFY4gJgAmoCQUlyIhwRt0irBOTgFbkEid4CGLPQJhuv8EIBitX62QECAGMBAgbvFbou/ofertasv/?filter[tourOperator]=ECCX&filter%5Bperson%5D=2&filter%5BchildAge%5D%5B1%5D=20201210&filter%5Bchild%5D=1"
"Anavadia","17037.0","27.07.2026 - 09.08.2026","14 dni/13 nocy","","3.6","3.6","224","tripadvisor","Все аэропорты","2026-07-13T05:43:40.996145+00:00","https://fly.pl/oferta/grecja-wczasy/?filter[dest]=14:&filter[hotelids]=&filter[cityids]=&filter[cregids]=&filter[ofrType]=&filter[addObjType]=&filter[whenFrom]=13-07-2026&filter[whenTo]=12-08-2026&filter[duration]=13:16&filter[from]=&filter[person]=2&filter[child]=1&filter[price]=4000:20000&filter[PriceFrom]=4000&filter[PriceTo]=20000&filter[addCategory]=40&filter[addCatering]=1&filter[addMisc]=0&filter[addTransport]=F&filter[fp]=1&order_by=ofr_price&filter[tourOperator]=0&filter[childAge][1]=20201210","https://fly.pl/cdn/photo/assets/uploads/582/278/2010/04/Anavadia2467.jpg","https://fly.pl/wycieczka/grecja,rodos,kolymbia/anavadia/prFKvPM-81iduOMKE7jQi5AAog5bmoXrTlVqIC5kZ19CJiIyAxeW04XWEOKpfydjlReiMqBEVYSU0wmPbR0gZIjYUBUAFYygJgAmoCQUlyIhwRj7wGqwTMhkG5BIwDG5nuLBj__UEBrLeymwsCAGMBAgun1TPP/ofertasv/?filter[tourOperator]=EXIM&filter%5Bperson%5D=2&filter%5BchildAge%5D%5B1%5D=20201210&filter%5Bchild%5D=1"
"Panorama Boutique Village (Agia Pelagia)","17057.0","26.07.2026 - 09.08.2026","15 dni/14 nocy","","4.1","4.1","776","tripadvisor","Все аэропорты","2026-07-13T05:43:40.996145+00:00","https://fly.pl/oferta/grecja-wczasy/?filter[dest]=14:&filter[hotelids]=&filter[cityids]=&filter[cregids]=&filter[ofrType]=&filter[addObjType]=&filter[whenFrom]=13-07-2026&filter[whenTo]=12-08-2026&filter[duration]=13:16&filter[from]=&filter[person]=2&filter[child]=1&filter[price]=4000:20000&filter[PriceFrom]=4000&filter[PriceTo]=20000&filter[addCategory]=40&filter[addCatering]=1&filter[addMisc]=0&filter[addTransport]=F&filter[fp]=1&order_by=ofr_price&filter[tourOperator]=0&filter[childAge][1]=20201210","https://fly.pl/cdn/photo/assets/uploads/582/278/2014/07/agia-pelagia.jpg","https://fly.pl/wycieczka/grecja,kreta-wschodnia,agia-pelagia/panorama-agia-pelagia/p963Jf9PWZ20GOuqsKlW-oAAog38O3GCUEoMz1Bt-WW0D0_vPtMLxcqjH4bqy_ygyAkS4qBFZJVFgwmPbR0gZIoYUBUEFYsgJgAnJAGgBcChUEFwBYAUCPA1u_gwFTxilSAF74UkvtQ2EATI2sOQ3h25gJIAFRvbvXjY0BT-35E13M1fPheAIMYwECC2QhAH4/ofertasv/?filter[tourOperator]=VITX&filter%5Bperson%5D=2&filter%5BchildAge%5D%5B1%5D=20201210&filter%5Bchild%5D=1"
"Galini Palace","17112.0","15.07.2026 - 30.07.2026","16 dni/14 nocy","","3.9","3.9","90","tripadvisor","Все аэропорты","2026-07-13T05:43:40.996145+00:00","https://fly.pl/oferta/grecja-wczasy/?filter[dest]=14:&filter[hotelids]=&filter[cityids]=&filter[cregids]=&filter[ofrType]=&filter[addObjType]=&filter[whenFrom]=13-07-2026&filter[whenTo]=12-08-2026&filter[duration]=13:16&filter[from]=&filter[person]=2&filter[child]=1&filter[price]=4000:20000&filter[PriceFrom]=4000&filter[PriceTo]=20000&filter[addCategory]=40&filter[addCatering]=1&filter[addMisc]=0&filter[addTransport]=F&filter[fp]=1&order_by=ofr_price&filter[tourOperator]=0&filter[childAge][1]=20201210","https://fly.pl/cdn/photo/assets/uploads/582/278/2019/08/Galini-Palace-fly-pl.jpg","https://fly.pl/wycieczka/grecja,kreta-zachodnia,kolymvari/galini-palace-12/p3dGFCyk74FUgJFvkLPCLQAAogtM55jNsGBQplXcCfIFCMZGrqCHBX7kLJo0cMUE6MrBgqBEdSQ1MwmPbR0gZI2IUBUEFYKmADckBcChcFFQBYAFYCHfQBDxdAvwRS43dTAFuzCEuDTGEAXqcwTLneTQHttTkNqrfLCCAAUbvgqZ1lARJjAQJjAQINxVCc6A/ofertasv/?filter[tourOperator]=GRCS&filter%5Bperson%5D=2&filter%5BchildAge%5D%5B1%5D=20201210&filter%5Bchild%5D=1"
"Pavlina (Kato Achaia)","17114.0","28.07.2026 - 11.08.2026","15 dni/14 nocy","","4.4","4.4","322","tripadvisor","Все аэропорты","2026-07-13T05:43:40.996145+00:00","https://fly.pl/oferta/grecja-wczasy/?filter[dest]=14:&filter[hotelids]=&filter[cityids]=&filter[cregids]=&filter[ofrType]=&filter[addObjType]=&filter[whenFrom]=13-07-2026&filter[whenTo]=12-08-2026&filter[duration]=13:16&filter[from]=&filter[person]=2&filter[child]=1&filter[price]=4000:20000&filter[PriceFrom]=4000&filter[PriceTo]=20000&filter[addCategory]=40&filter[addCatering]=1&filter[addMisc]=0&filter[addTransport]=F&filter[fp]=1&order_by=ofr_price&filter[tourOperator]=0&filter[childAge][1]=20201210","https://fly.pl/cdn/photo/assets/uploads/582/278/2016/11/Pavlina-Beach.jpg","https://fly.pl/wycieczka/grecja,peloponez,niforeika/pavlina-kato-achaia/pyOo_pl1YJ9TbNqgy5E_huAAogtpTblXi-dvrartyBE-_0TNIB36YhylqeVA-Vb33uERYqBFJOQlcwmPbR0gZI2oUBUEFY4gJgAmoEQndjRGoXMjk2LDM4MCw0NzcsNDgzLDQ4NCw0ODVyNZ8BngEVDhcAWAEKBEDEBxH8JhmoMRDwBVKjQ1MAS-YpYQAPkeFAHUMgsJqSCQ0AAgxjAQILsq-wJg/ofertasv/?filter[tourOperator]=RNBW&filter%5Bperson%5D=2&filter%5BchildAge%5D%5B1%5D=20201210&filter%5Bchild%5D=1"
"Caretta Sea View","17211.0","14.07.2026 - 28.07.2026","15 dni/14 nocy","","3.9","3.9","2316","tripadvisor","Все аэропорты","2026-07-13T05:43:40.996145+00:00","https://fly.pl/oferta/grecja-wczasy/?filter[dest]=14:&filter[hotelids]=&filter[cityids]=&filter[cregids]=&filter[ofrType]=&filter[addObjType]=&filter[whenFrom]=13-07-2026&filter[whenTo]=12-08-2026&filter[duration]=13:16&filter[from]=&filter[person]=2&filter[child]=1&filter[price]=4000:20000&filter[PriceFrom]=4000&filter[PriceTo]=20000&filter[addCategory]=40&filter[addCatering]=1&filter[addMisc]=0&filter[addTransport]=F&filter[fp]=1&order_by=ofr_price&filter[tourOperator]=0&filter[childAge][1]=20201210","https://fly.pl/cdn/photo/assets/uploads/582/278/2014/10/Hotel-Caretta-Sea-View.jpg","https://fly.pl/wycieczka/grecja,zakynthos,kalamaki/caretta-sea-view/pDurz4-zUYLxDXaDuHRpBVAAogHNoYVHdaDKdO_6NyYOI5Sj3_qva41FRdwDpfbdhknMUqBEdSQ1MwmPbR0gZIu4YBUEFYEmACcj1cChcEFQBYAVYCQMoGHTsPFluxf16-fEuPGGEAUqtPUwBM__ZMAdOQNg3D3M4IIABRtJ6ssaICARJjAgJjTnz9gQ/ofertasv/?filter[tourOperator]=GRCS&filter%5Bperson%5D=2&filter%5BchildAge%5D%5B1%5D=20201210&filter%5Bchild%5D=1"
"Mare Blue & Suites","17248.0","15.07.2026 - 30.07.2026","16 dni/14 nocy","","3.9","3.9","202","tripadvisor","Все аэропорты","2026-07-13T05:43:40.996145+00:00","https://fly.pl/oferta/grecja-wczasy/?filter[dest]=14:&filter[hotelids]=&filter[cityids]=&filter[cregids]=&filter[ofrType]=&filter[addObjType]=&filter[whenFrom]=13-07-2026&filter[whenTo]=12-08-2026&filter[duration]=13:16&filter[from]=&filter[person]=2&filter[child]=1&filter[price]=4000:20000&filter[PriceFrom]=4000&filter[PriceTo]=20000&filter[addCategory]=40&filter[addCatering]=1&filter[addMisc]=0&filter[addTransport]=F&filter[fp]=1&order_by=ofr_price&filter[tourOperator]=0&filter[childAge][1]=20201210","https://fly.pl/cdn/photo/assets/uploads/582/278/2014/09/MARE-BLUE-SUITES.jpg","https://fly.pl/wycieczka/grecja,kreta-zachodnia,georgioupolis/metropol-beach-resort/pn6tIkzEFDUAB0BS8ftrhFAAogXIUzQ6e43j13fDWAbuCBDmrqCHBX7kLJo0cMUE6MrBgqBEdSQ1MwmPbR0gZI4IYBUEFYKmACcj1cChcFFQBYAFYCHfQBDxdAvwRS43dTAFuzCEuDTGEAXqcwTLneTQHhtjkNtrbLCCAAUdboup1lARJjAgJjECX57w/ofertasv/?filter[tourOperator]=GRCS&filter%5Bperson%5D=2&filter%5BchildAge%5D%5B1%5D=20201210&filter%5Bchild%5D=1"
"Poseidon Palace","17288.0","18.07.2026 - 01.08.2026","15 dni/14 nocy","","4.0","4.0","673","tripadvisor","Все аэропорты","2026-07-13T05:43:40.996145+00:00","https://fly.pl/oferta/grecja-wczasy/?filter[dest]=14:&filter[hotelids]=&filter[cityids]=&filter[cregids]=&filter[ofrType]=&filter[addObjType]=&filter[whenFrom]=13-07-2026&filter[whenTo]=12-08-2026&filter[duration]=13:16&filter[from]=&filter[person]=2&filter[child]=1&filter[price]=4000:20000&filter[PriceFrom]=4000&filter[PriceTo]=20000&filter[addCategory]=40&filter[addCatering]=1&filter[addMisc]=0&filter[addTransport]=F&filter[fp]=1&order_by=ofr_price&filter[tourOperator]=0&filter[childAge][1]=20201210","https://fly.pl/cdn/photo/assets/uploads/582/278/2014/10/Hotel-Poseidon-Palace.jpg","https://fly.pl/wycieczka/grecja,riwiera-olimpijska,leptokaria/poseidon-palace/p7UI3phL3R8Jt8X3PmsySSAAoglS0zkJxiTHj1HIFvxnlKoIsYLkcvWHnOc5wUIEnXTioqBFJOQlcwmPbR0gZIiIcBUEFYcmACagRCd2NEahcyOTYsMzgwLDQ3Nyw0ODMsNDg0LDQ4NWoHNDA3LDQwOHI3nwGeAZwBFQ4XAFgBCgQRqQMQ7gFArQIZxVdh2HNLAFKsTlMAHbSpQQ8rIO-DkQkNAAIMYwECC0t6-IQ/ofertasv/?filter[tourOperator]=RNBW&filter%5Bperson%5D=2&filter%5BchildAge%5D%5B1%5D=20201210&filter%5Bchild%5D=1"
"Kipriotis Aqualand","17324.0","21.07.2026 - 04.08.2026","15 dni/14 nocy","","4.4","4.4","3350","tripadvisor","Все аэропорты","2026-07-13T05:43:40.996145+00:00","https://fly.pl/oferta/grecja-wczasy/?filter[dest]=14:&filter[hotelids]=&filter[cityids]=&filter[cregids]=&filter[ofrType]=&filter[addObjType]=&filter[whenFrom]=13-07-2026&filter[whenTo]=12-08-2026&filter[duration]=13:16&filter[from]=&filter[person]=2&filter[child]=1&filter[price]=4000:20000&filter[PriceFrom]=4000&filter[PriceTo]=20000&filter[addCategory]=40&filter[addCatering]=1&filter[addMisc]=0&filter[addTransport]=F&filter[fp]=1&order_by=ofr_price&filter[tourOperator]=0&filter[childAge][1]=20201210","https://fly.pl/cdn/photo/assets/uploads/582/278/2014/10/Hotel-Kipriotis-Aqualand.jpg","https://fly.pl/wycieczka/grecja,kos,psalidi/kipriotis-panorama-aqualand/ppG6i_RKOuQVYtgVhu6DiHAAogXn8hiW8LGK54VfT4i7HLZT5jsswY-sfbF1puJJsgirsqBEdSQ1MwmPbR0gZIrIcBUEFYugFgA3JCXAoXBBUAWAFWAh3mAg8OQNYDW-aFAVLbQlMAS9gDYQBepzBMud5NAeCzNg29uc4IIABR8emH8qUBARJjAQJjAQMOvk6lJA/ofertasv/?filter[tourOperator]=GRCS&filter%5Bperson%5D=2&filter%5BchildAge%5D%5B1%5D=20201210&filter%5Bchild%5D=1"
"Apollonia Beach (Ammoudara)","17337.0","27.07.2026 - 10.08.2026","16 dni/14 nocy","","4.2","4.2","1029","tripadvisor","Все аэропорты","2026-07-13T05:43:40.996145+00:00","https://fly.pl/oferta/grecja-wczasy/?filter[dest]=14:&filter[hotelids]=&filter[cityids]=&filter[cregids]=&filter[ofrType]=&filter[addObjType]=&filter[whenFrom]=13-07-2026&filter[whenTo]=12-08-2026&filter[duration]=13:16&filter[from]=&filter[person]=2&filter[child]=1&filter[price]=4000:20000&filter[PriceFrom]=4000&filter[PriceTo]=20000&filter[addCategory]=40&filter[addCatering]=1&filter[addMisc]=0&filter[addTransport]=F&filter[fp]=1&order_by=ofr_price&filter[tourOperator]=0&filter[childAge][1]=20201210","https://fly.pl/cdn/photo/assets/uploads/582/278/2009/06/Apollonia-Beach-Ammoudara481.jpg","https://fly.pl/wycieczka/grecja,kreta-wschodnia,ammoudara/apollonia-beach-ammoudara/pPb9b9QOsayf5aWJ3hlSF8AAogoEkvhleC84JxLiGccO1RrtxXzdMN5U5cDNDqTf9JOMUqBEVYSU0wmPbR0gZIuYcBUAFYygJgAmoCQUlyIRwRypoGqwTB8Tu5BB0bgI9KGNfmRAHKhujJDAISYwECDOo8ulo/ofertasv/?filter[tourOperator]=EXIM&filter%5Bperson%5D=2&filter%5BchildAge%5D%5B1%5D=20201210&filter%5Bchild%5D=1"
"Ibiscus Corfu","17385.0","29.07.2026 - 12.08.2026","15 dni/14 nocy","","4.1","4.1","347","tripadvisor","Все аэропорты","2026-07-13T05:43:40.996145+00:00","https://fly.pl/oferta/grecja-wczasy/?filter[dest]=14:&filter[hotelids]=&filter[cityids]=&filter[cregids]=&filter[ofrType]=&filter[addObjType]=&filter[whenFrom]=13-07-2026&filter[whenTo]=12-08-2026&filter[duration]=13:16&filter[from]=&filter[person]=2&filter[child]=1&filter[price]=4000:20000&filter[PriceFrom]=4000&filter[PriceTo]=20000&filter[addCategory]=40&filter[addCatering]=1&filter[addMisc]=0&filter[addTransport]=F&filter[fp]=1&order_by=ofr_price&filter[tourOperator]=0&filter[childAge][1]=20201210","https://fly.pl/cdn/photo/assets/uploads/582/278/2019/02/Hotel-Ibiscus-Corfu.jpg","https://fly.pl/wycieczka/grecja,korfu,roda/ibiscus-grecja-korfu-grecja/pkjLSTMkNV7Lf1KUFwGIccAAogM0BHsXsSBRLWC64kmU_EtNgkkniV1hJ6tbbsqMYh8doqBEdSQ1MwmPbR0gZI6YcBUEFY-gJgA3I_XAoXBBUAWAFWAh1kDwxA2gVSn3dTAFv3CF6qfEuPGGEATOrOOQHfsUUNhrPTCCAAUdu69OZkARJjAQJjAQILkq71_w/ofertasv/?filter[tourOperator]=GRCS&filter%5Bperson%5D=2&filter%5BchildAge%5D%5B1%5D=20201210&filter%5Bchild%5D=1"
"Sunny Days (Ixia)","17435.0","20.07.2026 - 03.08.2026","16 dni/14 nocy","","3.8","3.8","282","tripadvisor","Все аэропорты","2026-07-13T05:43:40.996145+00:00","https://fly.pl/oferta/grecja-wczasy/?filter[dest]=14:&filter[hotelids]=&filter[cityids]=&filter[cregids]=&filter[ofrType]=&filter[addObjType]=&filter[whenFrom]=13-07-2026&filter[whenTo]=12-08-2026&filter[duration]=13:16&filter[from]=&filter[person]=2&filter[child]=1&filter[price]=4000:20000&filter[PriceFrom]=4000&filter[PriceTo]=20000&filter[addCategory]=40&filter[addCatering]=1&filter[addMisc]=0&filter[addTransport]=F&filter[fp]=1&order_by=ofr_price&filter[tourOperator]=0&filter[childAge][1]=20201210","https://fly.pl/cdn/photo/assets/uploads/582/278/2015/06/Sunny-Days-Ixia.jpg","https://fly.pl/wycieczka/grecja,rodos,ixia/sunny-days-ixia/pX1MEHOV9hW8VYOIUx_-4JAAoguY4Bd0J6pramiRws0YinQLMY9ys_84uy04_nnjEOSCIqBFJOQlcwmPbR0gZIm4gBUEFYogFgAmoEQndjRGoXMjk2LDM4MCw0NzcsNDgzLDQ4NCw0ODVqDzQwNCw0MDcsNDA4LDUyMXI3nwGeAZwBFQ5YARcACgRAxAcR9jYZ3yAQlVJhsyFLAFK4Q1MAD6uNQB0rIO6qkgkNAAIMYwECCweobxA/ofertasv/?filter[tourOperator]=RNBW&filter%5Bperson%5D=2&filter%5BchildAge%5D%5B1%5D=20201210&filter%5Bchild%5D=1"
"Kipriotis Village Resort","17461.0","28.07.2026 - 11.08.2026","15 dni/14 nocy","","4.0","4.0","2018","tripadvisor","Все аэропорты","2026-07-13T05:43:40.996145+00:00","https://fly.pl/oferta/grecja-wczasy/?filter[dest]=14:&filter[hotelids]=&filter[cityids]=&filter[cregids]=&filter[ofrType]=&filter[addObjType]=&filter[whenFrom]=13-07-2026&filter[whenTo]=12-08-2026&filter[duration]=13:16&filter[from]=&filter[person]=2&filter[child]=1&filter[price]=4000:20000&filter[PriceFrom]=4000&filter[PriceTo]=20000&filter[addCategory]=40&filter[addCatering]=1&filter[addMisc]=0&filter[addTransport]=F&filter[fp]=1&order_by=ofr_price&filter[tourOperator]=0&filter[childAge][1]=20201210","https://fly.pl/cdn/photo/assets/uploads/582/278/2016/11/Hotel-Kipriotis-Village-Resort.jpg","https://fly.pl/wycieczka/grecja,kos,psalidi/kipriotis-village/pKYoYnLsLgkKo9zv4lD6UNAAogLcf5iMPHsB5wD4sZEaYtRK--9zzlaCOXjizXY0wJ1DkqBEdSQ1MwmPbR0gZItYgBUEFY4gJgA3JCXAoXBBUAWAFWAh3nAg8OQNUDW5aAAVKrSFMAS9gDYQBepzBM-eY5AevoUw35-8QIIABR8ciZ8qUBARJjAQJjAQIOucvGcg/ofertasv/?filter[tourOperator]=GRCS&filter%5Bperson%5D=2&filter%5BchildAge%5D%5B1%5D=20201210&filter%5Bchild%5D=1"
"Michelangelo Resort (Kassiopi)","17508.0","22.07.2026 - 04.08.2026","14 dni/13 nocy","","3.7","3.7","197","tripadvisor","Все аэропорты","2026-07-13T05:43:40.996145+00:00","https://fly.pl/oferta/grecja-wczasy/?filter[dest]=14:&filter[hotelids]=&filter[cityids]=&filter[cregids]=&filter[ofrType]=&filter[addObjType]=&filter[whenFrom]=13-07-2026&filter[whenTo]=12-08-2026&filter[duration]=13:16&filter[from]=&filter[person]=2&filter[child]=1&filter[price]=4000:20000&filter[PriceFrom]=4000&filter[PriceTo]=20000&filter[addCategory]=40&filter[addCatering]=1&filter[addMisc]=0&filter[addTransport]=F&filter[fp]=1&order_by=ofr_price&filter[tourOperator]=0&filter[childAge][1]=20201210","https://fly.pl/cdn/photo/assets/uploads/582/278/2021/02/Michelangelo-Resort.jpg","https://fly.pl/wycieczka/grecja,korfu,c/michelangelo-village-14/pVnqT94lJjJjOU7JknT1vtAAog-kPzo2s6I6wbKTpLF7KXvN3JcCgK3lbRKJ837CkZCQgqBEJWQkUwmPbR0gZI5IgBUAFY0gFgAmoCQUlyIRwR3ugBG5H_QBi5mhW5BNG4IasEAQHtjZfbAwIAYwECCxU4GxU/ofertasv/?filter[tourOperator]=BVBE&filter%5Bperson%5D=2&filter%5BchildAge%5D%5B1%5D=20201210&filter%5Bchild%5D=1"
"Acharavi Mare by Wyndham (ex. Beis Beach)","17557.0","22.07.2026 - 05.08.2026","16 dni/14 nocy","","2.5","2.5","69","tripadvisor","Все аэропорты","2026-07-13T05:43:40.996145+00:00","https://fly.pl/oferta/grecja-wczasy/?filter[dest]=14:&filter[hotelids]=&filter[cityids]=&filter[cregids]=&filter[ofrType]=&filter[addObjType]=&filter[whenFrom]=13-07-2026&filter[whenTo]=12-08-2026&filter[duration]=13:16&filter[from]=&filter[person]=2&filter[child]=1&filter[price]=4000:20000&filter[PriceFrom]=4000&filter[PriceTo]=20000&filter[addCategory]=40&filter[addCatering]=1&filter[addMisc]=0&filter[addTransport]=F&filter[fp]=1&order_by=ofr_price&filter[tourOperator]=0&filter[childAge][1]=20201210","https://fly.pl/cdn/photo/assets/uploads/582/278/2022/01/Acharavi-Mare-ex.-Beis-Beach-fly-pl.jpg","https://fly.pl/wycieczka/grecja,korfu,acharavi/acharavi-mare-ex-beis-beach-11/pPkL-byjoLAO9_Z5WWGXByAAogUN1Nb8lNE7bswAti_JlyShBm6JGpnbU8GJytcKSB4S0qBFZJVFgwmPbR0gZIlYkBUEFY0gFgAnI-GgBcChUEFwBYAUCPA1PcelIAW-MIYY4fSwBesF1M-e85IN7bmAkNAFG84N3mZE_flhFdnIbD-B8CDGMBAgsQdLH0/ofertasv/?filter[tourOperator]=VITX&filter%5Bperson%5D=2&filter%5BchildAge%5D%5B1%5D=20201210&filter%5Bchild%5D=1"
"Almyra Village","17657.0","22.07.2026 - 05.08.2026","15 dni/14 nocy","","4.0","4.0","714","tripadvisor","Все аэропорты","2026-07-13T05:43:40.996145+00:00","https://fly.pl/oferta/grecja-wczasy/?filter[dest]=14:&filter[hotelids]=&filter[cityids]=&filter[cregids]=&filter[ofrType]=&filter[addObjType]=&filter[whenFrom]=13-07-2026&filter[whenTo]=12-08-2026&filter[duration]=13:16&filter[from]=&filter[person]=2&filter[child]=1&filter[price]=4000:20000&filter[PriceFrom]=4000&filter[PriceTo]=20000&filter[addCategory]=40&filter[addCatering]=1&filter[addMisc]=0&filter[addTransport]=F&filter[fp]=1&order_by=ofr_price&filter[tourOperator]=0&filter[childAge][1]=20201210","https://fly.pl/cdn/photo/assets/uploads/582/278/2010/04/Almyra-Village1883.jpg","https://fly.pl/wycieczka/grecja,kreta-wschodnia,koutsounari/almyra-village/pXAHDbVoH8xIpxVxBwpX0GAAogXw1D_BU5s79uXBUR6cbhHzpoZ8B37R2zHKnVq6hwT7sqBFZJVFgwmPbR0gZI-YkBUEFY0gFgAnI_GgBcChUEFwBYAUCPA1uFdFOAOVIAYdEiSwBepzBM1e85IILcmAkNAFGYz62NjQFPyJAdXZyDqt4bAgxjAQILmO2Adg/ofertasv/?filter[tourOperator]=VITX&filter%5Bperson%5D=2&filter%5BchildAge%5D%5B1%5D=20201210&filter%5Bchild%5D=1"
"Pollis (ex Miramare)","17686.0","28.07.2026 - 11.08.2026","15 dni/14 nocy","","3.9","3.9","122","tripadvisor","Все аэропорты","2026-07-13T05:43:40.996145+00:00","https://fly.pl/oferta/grecja-wczasy/?filter[dest]=14:&filter[hotelids]=&filter[cityids]=&filter[cregids]=&filter[ofrType]=&filter[addObjType]=&filter[whenFrom]=13-07-2026&filter[whenTo]=12-08-2026&filter[duration]=13:16&filter[from]=&filter[person]=2&filter[child]=1&filter[price]=4000:20000&filter[PriceFrom]=4000&filter[PriceTo]=20000&filter[addCategory]=40&filter[addCatering]=1&filter[addMisc]=0&filter[addTransport]=F&filter[fp]=1&order_by=ofr_price&filter[tourOperator]=0&filter[childAge][1]=20201210","https://fly.pl/cdn/photo/assets/uploads/582/278/2014/09/Miramare-Hersonissos.jpg","https://fly.pl/wycieczka/grecja,kreta,hersonissos/miramare-hersonissos/pv2kqgUWizspnC32wYQLofAAogMqDDlo5T5F1jpS1-6Zm7wD2Mp2HsrMxzUx_i04lwaHoqBEVDQ1gwmPbR0gZIlooBUAFY4gJgA2oCQUlyJRwRjEqrBI_fFbkEid4CGPKPKBuYkkEBoPOb5AEBEmMBAGMBAgyAMFD1/ofertasv/?filter[tourOperator]=ECCX&filter%5Bperson%5D=2&filter%5BchildAge%5D%5B1%5D=20201210&filter%5Bchild%5D=1"
"Zeus Ydoria Resort","17687.0","26.07.2026 - 09.08.2026","15 dni/14 nocy","","4.6","4.6","113","tripadvisor","Все аэропорты","2026-07-13T05:43:40.996145+00:00","https://fly.pl/oferta/grecja-wczasy/?filter[dest]=14:&filter[hotelids]=&filter[cityids]=&filter[cregids]=&filter[ofrType]=&filter[addObjType]=&filter[whenFrom]=13-07-2026&filter[whenTo]=12-08-2026&filter[duration]=13:16&filter[from]=&filter[person]=2&filter[child]=1&filter[price]=4000:20000&filter[PriceFrom]=4000&filter[PriceTo]=20000&filter[addCategory]=40&filter[addCatering]=1&filter[addMisc]=0&filter[addTransport]=F&filter[fp]=1&order_by=ofr_price&filter[tourOperator]=0&filter[childAge][1]=20201210","https://fly.pl/cdn/photo/assets/uploads/582/278/2014/09/Zeus-Hotels-Ydoria-Resort.jpg","https://fly.pl/wycieczka/grecja,kreta-zachodnia,adelianos-kampos/rethymno-residense-ex-maravel-sky/piZg5gagXZW_WR4d5Or42sAAogW_RB-SDchd5qoaCIF7YKv6ZFR721iU6XxgRSEp8gTMYqBEdSQ1MwmPbR0gZIl4oBUEFYsgJgA3JBFw4VAFgBVgJcAh37Aw8SQLsCUuN3UwBe3YQBW6sfS54pYQBMsJ45AejkTQ36_8oIIABRpKqinWUBEmMBAmMBAgseA2iC/ofertasv/?filter[tourOperator]=GRCS&filter%5Bperson%5D=2&filter%5BchildAge%5D%5B1%5D=20201210&filter%5Bchild%5D=1"
"Ramada by Wyndham Loutraki Poseidon Resort","17707.0","28.07.2026 - 11.08.2026","15 dni/14 nocy","","3.6","3.6","310","tripadvisor","Все аэропорты","2026-07-13T05:43:40.996145+00:00","https://fly.pl/oferta/grecja-wczasy/?filter[dest]=14:&filter[hotelids]=&filter[cityids]=&filter[cregids]=&filter[ofrType]=&filter[addObjType]=&filter[whenFrom]=13-07-2026&filter[whenTo]=12-08-2026&filter[duration]=13:16&filter[from]=&filter[person]=2&filter[child]=1&filter[price]=4000:20000&filter[PriceFrom]=4000&filter[PriceTo]=20000&filter[addCategory]=40&filter[addCatering]=1&filter[addMisc]=0&filter[addTransport]=F&filter[fp]=1&order_by=ofr_price&filter[tourOperator]=0&filter[childAge][1]=20201210","https://fly.pl/cdn/photo/assets/uploads/582/278/2010/10/Ramada-Loutraki-Poseidon-Resort.jpg","https://fly.pl/wycieczka/grecja,zatoka-koryncka,loutraki/poseidon-resort/pc4RleHS-sQwK1T2dAR8Q_AAogQVIsVhIF-fuUMqw9lgUPONIB36YhylqeVA-Vb33uERYqBFJOQlcwmPbR0gZIq4oBUEFY4gJgAmoEQ0FnUWoXMjk2LDM4MCw0NzcsNDgzLDQ4NCw0ODVyNZ8BngEVDhcAWAEKFkCyBxHwARCFKhmvLFKTSVMAS-YpYQAPkeFAHUMgsJqSCQ0AAg1jAQIMYTIj_g/ofertasv/?filter[tourOperator]=RNBW&filter%5Bperson%5D=2&filter%5BchildAge%5D%5B1%5D=20201210&filter%5Bchild%5D=1"
"Silver Beach Resort","17721.0","22.07.2026 - 05.08.2026","15 dni/14 nocy","","4.4","4.4","256","tripadvisor","Все аэропорты","2026-07-13T05:43:40.996145+00:00","https://fly.pl/oferta/grecja-wczasy/?filter[dest]=14:&filter[hotelids]=&filter[cityids]=&filter[cregids]=&filter[ofrType]=&filter[addObjType]=&filter[whenFrom]=13-07-2026&filter[whenTo]=12-08-2026&filter[duration]=13:16&filter[from]=&filter[person]=2&filter[child]=1&filter[price]=4000:20000&filter[PriceFrom]=4000&filter[PriceTo]=20000&filter[addCategory]=40&filter[addCatering]=1&filter[addMisc]=0&filter[addTransport]=F&filter[fp]=1&order_by=ofr_price&filter[tourOperator]=0&filter[childAge][1]=20201210","https://fly.pl/cdn/photo/assets/uploads/582/278/2017/01/silver-beach-resort-kreta.jpg","https://fly.pl/wycieczka/grecja,kreta-zachodnia,gerani/silver-beach-resort/pKKLv0p4j2EjajyfBllDEDAAogTo8QEfwQf6wTKb3XhPdRKDcTJMsZkzGRcyqtbOGlZAEqBFJOQlcwmPbR0gZIuYoBUEFY0gFgAmoERFExc2oXMjk2LDM4MCw0NzcsNDgzLDQ4NCw0ODVyOJ8BngEVDhcAWAERmwVArQIKsQEQii4ZqChShB9TAEvKyAFhAB3EvkAPzQEg2ceRCQ0AAg5jAQMNz-Uf9Q/ofertasv/?filter[tourOperator]=RNBW&filter%5Bperson%5D=2&filter%5BchildAge%5D%5B1%5D=20201210&filter%5Bchild%5D=1"
"Zeus Eretria Resort","17783.0","29.07.2026 - 12.08.2026","15 dni/14 nocy","","3.5","3.5","266","tripadvisor","Все аэропорты","2026-07-13T05:43:40.996145+00:00","https://fly.pl/oferta/grecja-wczasy/?filter[dest]=14:&filter[hotelids]=&filter[cityids]=&filter[cregids]=&filter[ofrType]=&filter[addObjType]=&filter[whenFrom]=13-07-2026&filter[whenTo]=12-08-2026&filter[duration]=13:16&filter[from]=&filter[person]=2&filter[child]=1&filter[price]=4000:20000&filter[PriceFrom]=4000&filter[PriceTo]=20000&filter[addCategory]=40&filter[addCatering]=1&filter[addMisc]=0&filter[addTransport]=F&filter[fp]=1&order_by=ofr_price&filter[tourOperator]=0&filter[childAge][1]=20201210","https://fly.pl/cdn/photo/assets/uploads/582/278/2014/11/Hotel-Eretria-Spa-Resort.jpg","https://fly.pl/wycieczka/grecja,evia,eretria/eretria-village/p-JAcycAgVEZA69F8hfZ7UAAogsff4wTtZ8xSZUvfKDZjFCfZm49aIDIpL9e6TN7x-coQqBEdSQ1MwmPbR0gZI94oBUEFY-gJgA3I_Fw4VAFgBVgJcAh2sBg8LQBFS6mZTAFu6Cl6ciwFLeGEATIHmOQHcnEsNicjNCCAAUZGDkdRXARJjAQJjAQILMetP0Q/ofertasv/?filter[tourOperator]=GRCS&filter%5Bperson%5D=2&filter%5BchildAge%5D%5B1%5D=20201210&filter%5Bchild%5D=1"
"Meropi Hotel & Apartments (Malia)","17828.0","26.07.2026 - 10.08.2026","16 dni/14 nocy","","3.6","3.6","116","tripadvisor","Все аэропорты","2026-07-13T05:43:40.996145+00:00","https://fly.pl/oferta/grecja-wczasy/?filter[dest]=14:&filter[hotelids]=&filter[cityids]=&filter[cregids]=&filter[ofrType]=&filter[addObjType]=&filter[whenFrom]=13-07-2026&filter[whenTo]=12-08-2026&filter[duration]=13:16&filter[from]=&filter[person]=2&filter[child]=1&filter[price]=4000:20000&filter[PriceFrom]=4000&filter[PriceTo]=20000&filter[addCategory]=40&filter[addCatering]=1&filter[addMisc]=0&filter[addTransport]=F&filter[fp]=1&order_by=ofr_price&filter[tourOperator]=0&filter[childAge][1]=20201210","https://datacfstatic.merlinx.pl/WEZY/IMG/1351/564c89c7e46f15a6e6f1917a491f6c7aafce0dcecb4b07a8ee9ba6b67360c1d1.webp","https://fly.pl/wycieczka/grecja,kreta,malia/meropi-malia/p_T_vGH9Wn9cj7phoQ91KsAAogUESSizRhnwt76GEUmqpVmwAAAADQwQQA7MEEAA4AAQAqBFdFWlkwmPbR0gZIpIsBUEFYsgJgA2oLUnlhbmFpciBTdW5qBDAwNDBqBDAxMTVqBDAzMzByQJ4BlAGVAZgBHwAcAQIAFgQXCRKlBBGUBhOiBUC4cUvKJFAATLgKTwAbyowCHePGDyAcDYrLwQkBEmMBDGMBAgvzMhBb/ofertasv/?filter[tourOperator]=WEZY&filter%5Bperson%5D=2&filter%5BchildAge%5D%5B1%5D=20201210&filter%5Bchild%5D=1"
"CEPU Orient","17889.0","14.07.2026 - 28.07.2026","15 dni/14 nocy","","","","","","Все аэропорты","2026-07-13T05:43:40.996145+00:00","https://fly.pl/oferta/grecja-wczasy/?filter[dest]=14:&filter[hotelids]=&filter[cityids]=&filter[cregids]=&filter[ofrType]=&filter[addObjType]=&filter[whenFrom]=13-07-2026&filter[whenTo]=12-08-2026&filter[duration]=13:16&filter[from]=&filter[person]=2&filter[child]=1&filter[price]=4000:20000&filter[PriceFrom]=4000&filter[PriceTo]=20000&filter[addCategory]=40&filter[addCatering]=1&filter[addMisc]=0&filter[addTransport]=F&filter[fp]=1&order_by=ofr_price&filter[tourOperator]=0&filter[childAge][1]=20201210","https://datacfstatic.merlinx.pl/RNBW/IMG/7902/152cec0a6417b824a08b7ff5c967d299f0b3503ec18c9123182409b994972a55.webp","https://fly.pl/wycieczka/grecja,zakynthos,kipseli/cepu-orient-13/pXFtQwWid9v0P6_4a3fHA1AAog8pk-TNkr4FAzYmk_QARjB6GelNSY4IakdNW6i3trjLcqBFJOQlcwmPbR0gZI4YsBUEFYEmACagRCd2NEahcyOTYsMzgwLDQ3Nyw0ODMsNDg0LDQ4NXI2nwGeARUOFwBYAQoEQMQHEYc2GeYhEKJPYa0pSwBSwpIBUwAP_Po_HSMg9uiRCQ0AAgxjAQILWhgacg/ofertasv/?filter[tourOperator]=RNBW&filter%5Bperson%5D=2&filter%5BchildAge%5D%5B1%5D=20201210&filter%5Bchild%5D=1"
"Atlantis (Lambi)","17897.0","21.07.2026 - 04.08.2026","15 dni/14 nocy","","3.9","3.9","1971","tripadvisor","Все аэропорты","2026-07-13T05:43:40.996145+00:00","https://fly.pl/oferta/grecja-wczasy/?filter[dest]=14:&filter[hotelids]=&filter[cityids]=&filter[cregids]=&filter[ofrType]=&filter[addObjType]=&filter[whenFrom]=13-07-2026&filter[whenTo]=12-08-2026&filter[duration]=13:16&filter[from]=&filter[person]=2&filter[child]=1&filter[price]=4000:20000&filter[PriceFrom]=4000&filter[PriceTo]=20000&filter[addCategory]=40&filter[addCatering]=1&filter[addMisc]=0&filter[addTransport]=F&filter[fp]=1&order_by=ofr_price&filter[tourOperator]=0&filter[childAge][1]=20201210","https://fly.pl/cdn/photo/assets/uploads/582/278/2015/03/Atlantis.jpg","https://fly.pl/wycieczka/grecja,kos,lambi/atlantis-lambi/pmSJ5HfOyICqgqm8U11DQeAAogXZTnzlqAwPYsUc8Pb8aVS-8a_XrSpiF6IEGunFpiECcqBFZJVFgwmPbR0gZI6YsBUEFYugFgAnJAGgBcChUEFwBYAUCPA1u_gwFTv0hSAF7_M0vtQ2EATIysOSDd25gJDQBR3dHe8aUBT9SVPV3Q_cv9XwIMYwEFC0yNGU0/ofertasv/?filter[tourOperator]=VITX&filter%5Bperson%5D=2&filter%5BchildAge%5D%5B1%5D=20201210&filter%5Bchild%5D=1"
"Tesoro","17868.0","27.07.2026 - 10.08.2026","15 dni/14 nocy","","3.6","3.6","313","tripadvisor","Все аэропорты","2026-07-13T05:43:40.996145+00:00","https://fly.pl/oferta/grecja-wczasy/?filter[dest]=14:&filter[hotelids]=&filter[cityids]=&filter[cregids]=&filter[ofrType]=&filter[addObjType]=&filter[whenFrom]=13-07-2026&filter[whenTo]=12-08-2026&filter[duration]=13:16&filter[from]=&filter[person]=2&filter[child]=1&filter[price]=4000:20000&filter[PriceFrom]=4000&filter[PriceTo]=20000&filter[addCategory]=40&filter[addCatering]=1&filter[addMisc]=0&filter[addTransport]=F&filter[fp]=1&order_by=ofr_price&filter[tourOperator]=0&filter[childAge][1]=20201210","https://fly.pl/cdn/photo/assets/uploads/582/278/2024/07/tesoro.jpg","https://fly.pl/wycieczka/grecja,zakynthos,tsilivi/tesoro-9/XTOP637983X_wYAAHNOYVBwWQG-AQAl_UORCpABCgYIz9QOEAESBgiw4xEQARp-TVBVVzJHRjIzTjFWNkpNVzVLSUdTOUdCMVBESFJTTEM5QUVXS1RMSkNIVTA2SkoyRERZOUhGMURCNERIR1BKNEc3VTlRN0Y1VlE3WFVXUUNMRTZOTTk2SVlaWlBPTzBTTldRRkY3UE42MDRQWkw0UjZTWkxJUUY0REJMQjQ0CoEBCgYIsNsQEAISBgjHllcQARpvTzU0NTQ0ZDUzMmY0MTQ3NTI1YTU0NDg0NTMwNDg0YjJmNTI0ZDUzNDQ1NDU3MzAzMDMwMzAyZjQxNDkyZjMxMzQyZjMyMzAzMjM2MzAzNzMyMzcyZjMwMzEzMjMzMzQzNTM2MzczODM5MzAzMTMyCiUKBgjU3gEQARIGCNKPAhABGhNEU1JULTE1OTAtVFJBTlNGRVIxCiEKBQjMOhABEgUI80YQARoRRFNSTS0xNTkwLTJyMjI2NDMKIgoFCMA-EAESBQjQSxABGhJEU1JNLTE1OTAtNTByMjI2NDQKIwoFCPJXEAESBQidaxABGhNEU1JVLTE1OTAtVWJlemJhc2ljGLYMKMwUMgYIqYdtEAE4Aw/ofertasv/?filter[tourOperator]=XTOP&filter%5Bperson%5D=2&filter%5BchildAge%5D%5B1%5D=20201210&filter%5Bchild%5D=1"
"Cyprotel Faliraki","17979.0","24.07.2026 - 07.08.2026","15 dni/14 nocy","","4.3","4.3","2486","tripadvisor","Все аэропорты","2026-07-13T05:43:40.996145+00:00","https://fly.pl/oferta/grecja-wczasy/?filter[dest]=14:&filter[hotelids]=&filter[cityids]=&filter[cregids]=&filter[ofrType]=&filter[addObjType]=&filter[whenFrom]=13-07-2026&filter[whenTo]=12-08-2026&filter[duration]=13:16&filter[from]=&filter[person]=2&filter[child]=1&filter[price]=4000:20000&filter[PriceFrom]=4000&filter[PriceTo]=20000&filter[addCategory]=40&filter[addCatering]=1&filter[addMisc]=0&filter[addTransport]=F&filter[fp]=1&order_by=ofr_price&filter[tourOperator]=0&filter[childAge][1]=20201210","https://fly.pl/cdn/photo/assets/uploads/582/278/2015/01/Cyprotel-Faliraki-ex-Luca-Cypria-fly-pl.jpg","https://fly.pl/wycieczka/grecja,rodos,faliraki/cyprotel-faliraki-resort-ex-luca-cypria/pSxPWTgO8Sz-Be2gW2T4U8AAogcAJqkclDfh6_D10vikSEnwAAAADmfwQAAoAEAA4AAQAqBFdFWlkwmPbR0gZIu4wBUEFYggJgA2oJRW50ZXIgQWlyagQwNTEwagQwOTIwckGeAZMBlAEfAAIBHAAWBBcJEs8EFeoIGNIBQIhyEcQOS49DUABMuENPABvrzQQdz5sLIBwN8s7CCQESYwENYwECDCSzioM/ofertasv/?filter[tourOperator]=WEZY&filter%5Bperson%5D=2&filter%5BchildAge%5D%5B1%5D=20201210&filter%5Bchild%5D=1"
"Mare Olympus (Agios Nikolaos)","18072.0","28.07.2026 - 11.08.2026","15 dni/14 nocy","","4.5","4.5","396","tripadvisor","Все аэропорты","2026-07-13T05:43:40.996145+00:00","https://fly.pl/oferta/grecja-wczasy/?filter[dest]=14:&filter[hotelids]=&filter[cityids]=&filter[cregids]=&filter[ofrType]=&filter[addObjType]=&filter[whenFrom]=13-07-2026&filter[whenTo]=12-08-2026&filter[duration]=13:16&filter[from]=&filter[person]=2&filter[child]=1&filter[price]=4000:20000&filter[PriceFrom]=4000&filter[PriceTo]=20000&filter[addCategory]=40&filter[addCatering]=1&filter[addMisc]=0&filter[addTransport]=F&filter[fp]=1&order_by=ofr_price&filter[tourOperator]=0&filter[childAge][1]=20201210","https://fly.pl/cdn/photo/assets/uploads/582/278/2014/07/Olympus-Agios-Nikolaos.jpg","https://fly.pl/wycieczka/grecja,kreta-wschodnia,agios-nikolaos/olympus-agios-nikolaos/pVHRiOdh76bBIcySQf0p9jAAogZw0GeUf4VVDa_uq3H6Z1ZT2Mp2HsrMxzUx_i04lwaHoqBEVDQ1gwmPbR0gZImI0BUAFY4gJgAmoCQUlyIhwRz0-rBMzZFbkEid4CGMuDKRuGhUEBh8XC6gECAGMBAgsSjVnD/ofertasv/?filter[tourOperator]=ECCX&filter%5Bperson%5D=2&filter%5BchildAge%5D%5B1%5D=20201210&filter%5Bchild%5D=1"
"White Olive Premium Lindos (ex Pefkos Garden)","18075.0","24.07.2026 - 07.08.2026","15 dni/14 nocy","","4.1","4.1","415","tripadvisor","Все аэропорты","2026-07-13T05:43:40.996145+00:00","https://fly.pl/oferta/grecja-wczasy/?filter[dest]=14:&filter[hotelids]=&filter[cityids]=&filter[cregids]=&filter[ofrType]=&filter[addObjType]=&filter[whenFrom]=13-07-2026&filter[whenTo]=12-08-2026&filter[duration]=13:16&filter[from]=&filter[person]=2&filter[child]=1&filter[price]=4000:20000&filter[PriceFrom]=4000&filter[PriceTo]=20000&filter[addCategory]=40&filter[addCatering]=1&filter[addMisc]=0&filter[addTransport]=F&filter[fp]=1&order_by=ofr_price&filter[tourOperator]=0&filter[childAge][1]=20201210","https://fly.pl/cdn/photo/assets/uploads/582/278/2014/07/White-Olive-Premium-Lindos.jpg","https://fly.pl/wycieczka/grecja,rodos,pefki/pefkos-garden/pqAWlGtIpjkpJWBZhrhblTAAogQ1YQaVsF3pn-G4d3-vWcbFmXjqp00xvDS5iA2uUV_i4qBFJOQlcwmPbR0gZIm40BUEFYggJgAmoEQndjSmoXMjk2LDM4MCw0NzcsNDgzLDQ4NCw0ODVyN58BngEVDhcAWAEKQUCHBxGxHhCPIhmVF2HnpAFLAFKZElMAD7WyQB2bAyD4gpIJDQACDGMBAgazFXrG/ofertasv/?filter[tourOperator]=RNBW&filter%5Bperson%5D=2&filter%5BchildAge%5D%5B1%5D=20201210&filter%5Bchild%5D=1"
"Hersonissos Palace","18101.0","22.07.2026 - 06.08.2026","16 dni/14 nocy","","4.0","4.0","307","tripadvisor","Все аэропорты","2026-07-13T05:43:40.996145+00:00","https://fly.pl/oferta/grecja-wczasy/?filter[dest]=14:&filter[hotelids]=&filter[cityids]=&filter[cregids]=&filter[ofrType]=&filter[addObjType]=&filter[whenFrom]=13-07-2026&filter[whenTo]=12-08-2026&filter[duration]=13:16&filter[from]=&filter[person]=2&filter[child]=1&filter[price]=4000:20000&filter[PriceFrom]=4000&filter[PriceTo]=20000&filter[addCategory]=40&filter[addCatering]=1&filter[addMisc]=0&filter[addTransport]=F&filter[fp]=1&order_by=ofr_price&filter[tourOperator]=0&filter[childAge][1]=20201210","https://fly.pl/cdn/photo/assets/uploads/582/278/2015/04/Hersonissos-Palace-fly-pl-2.jpg","https://fly.pl/wycieczka/grecja,kreta,hersonissos/hersonissos-palace/p-zAj49md7EhL6wmgNeXLpAAoggvYrpRDvccvL8QIA_kTpZ6lKhd8WVsuOLhkd7_NDSSwqBFJOQlcwmPbR0gZItY0BUEFY0gFgAmoEQndjRGoXMjk2LDM4MCw0NzcsNDgzLDQ4NCw0ODVqDzQwNCw0MDcsNDA4LDUyMXI4nwGeAZwBFQ5YARcACgRAxAcR2DgZiB9S7FBTABDBCEuQGmEAHe66QQ_aBCC2vJEJDQACDGMBAgsatzxa/ofertasv/?filter[tourOperator]=RNBW&filter%5Bperson%5D=2&filter%5BchildAge%5D%5B1%5D=20201210&filter%5Bchild%5D=1"
"Kiotari Miraluna (ex. Labranda Kiotari Miraluna Village)","18111.0","17.07.2026 - 31.07.2026","15 dni/14 nocy","","4.2","4.2","2864","tripadvisor","Все аэропорты","2026-07-13T05:43:40.996145+00:00","https://fly.pl/oferta/grecja-wczasy/?filter[dest]=14:&filter[hotelids]=&filter[cityids]=&filter[cregids]=&filter[ofrType]=&filter[addObjType]=&filter[whenFrom]=13-07-2026&filter[whenTo]=12-08-2026&filter[duration]=13:16&filter[from]=&filter[person]=2&filter[child]=1&filter[price]=4000:20000&filter[PriceFrom]=4000&filter[PriceTo]=20000&filter[addCategory]=40&filter[addCatering]=1&filter[addMisc]=0&filter[addTransport]=F&filter[fp]=1&order_by=ofr_price&filter[tourOperator]=0&filter[childAge][1]=20201210","https://fly.pl/cdn/photo/assets/uploads/582/278/2016/04/Kiotari-Miraluna-Villag.jpg","https://fly.pl/wycieczka/grecja,rodos,kiotari/miraluna-kiotari-village/pDRt_amoYKteXGTlAoabkCAAog2RyveLDYXQKJocDm6B8WuoZYQ9UMPNbK-ZuWoqPV8vUqBEdSQ1MwmvbR0gZIv40BUEFYWmADckJcChcEFQBYAVYCHagFDxVAjQFLxcsBYQBe-zBSkRNTAFuaDEyOv00BhvcxDZP20gggAFGhm7bt3gEBEmMBAmMBAwuoO58u/ofertasv/?filter[tourOperator]=GRCS&filter%5Bperson%5D=2&filter%5BchildAge%5D%5B1%5D=20201210&filter%5Bchild%5D=1"
"Brown Beach Evia Island (ex. Grand Bleu)","18130.0","29.07.2026 - 12.08.2026","15 dni/14 nocy","","4.0","4.0","156","tripadvisor","Все аэропорты","2026-07-13T05:43:40.996145+00:00","https://fly.pl/oferta/grecja-wczasy/?filter[dest]=14:&filter[hotelids]=&filter[cityids]=&filter[cregids]=&filter[ofrType]=&filter[addObjType]=&filter[whenFrom]=13-07-2026&filter[whenTo]=12-08-2026&filter[duration]=13:16&filter[from]=&filter[person]=2&filter[child]=1&filter[price]=4000:20000&filter[PriceFrom]=4000&filter[PriceTo]=20000&filter[addCategory]=40&filter[addCatering]=1&filter[addMisc]=0&filter[addTransport]=F&filter[fp]=1&order_by=ofr_price&filter[tourOperator]=0&filter[childAge][1]=20201210","https://fly.pl/cdn/photo/assets/uploads/582/278/2015/10/Hotel-Brown-Beach-Evia-Island.jpg","https://fly.pl/wycieczka/grecja,evia,eretria/grand-bleu/pfHCSjpEV1lhvmrPvHaEwAAAogLSmEPQx2Cq8rVslDugK1RPZm49aIDIpL9e6TN7x-coQqBEdSQ1MwmvbR0gZI0o0BUEFY-gJgA3I-XAoXBBUAWAFWAh2uBg8LQBFS6mZTAFusGV6qfEt4YQBMgeY5Af2cSw3ox80IIABRkbmI1FcBEmMBAmMBAgud6OwN/ofertasv/?filter[tourOperator]=GRCS&filter%5Bperson%5D=2&filter%5BchildAge%5D%5B1%5D=20201210&filter%5Bchild%5D=1"
"LABRANDA Blue Bay Resort","18140.0","24.07.2026 - 07.08.2026","15 dni/14 nocy","","4.2","4.2","5120","tripadvisor","Все аэропорты","2026-07-13T05:43:40.996145+00:00","https://fly.pl/oferta/grecja-wczasy/?filter[dest]=14:&filter[hotelids]=&filter[cityids]=&filter[cregids]=&filter[ofrType]=&filter[addObjType]=&filter[whenFrom]=13-07-2026&filter[whenTo]=12-08-2026&filter[duration]=13:16&filter[from]=&filter[person]=2&filter[child]=1&filter[price]=4000:20000&filter[PriceFrom]=4000&filter[PriceTo]=20000&filter[addCategory]=40&filter[addCatering]=1&filter[addMisc]=0&filter[addTransport]=F&filter[fp]=1&order_by=ofr_price&filter[tourOperator]=0&filter[childAge][1]=20201210","https://fly.pl/cdn/photo/assets/uploads/582/278/2016/11/BLUE-BAY-RESORT.jpg","https://fly.pl/wycieczka/grecja,rodos,ialyssos/blue-bay-beach-ialyssos/pVx4XZv0FN_JVuQE0KPjrPAAogoHzbSagISHr204uRY1vWRQAAAADmfwQAAoAEAA4AAQAqBFdFWlkwmvbR0gZI3I0BUEFYggJgA2oJRW50ZXIgQWlyagQwNTEwagQwOTIwckGeAZMBlAEfAAIBHAAWBBcJEs8EFeoIGNIBEfcRQJFgS9NRUABMuENPAB266Q8gHBvigGQNkM7eCAESYwEMYwECC0qUDMI/ofertasv/?filter[tourOperator]=WEZY&filter%5Bperson%5D=2&filter%5BchildAge%5D%5B1%5D=20201210&filter%5Bchild%5D=1"
"Caretta Beach (Kalamaki)","18143.0","14.07.2026 - 28.07.2026","15 dni/14 nocy","","3.9","3.9","2316","tripadvisor","Все аэропорты","2026-07-13T05:43:40.996145+00:00","https://fly.pl/oferta/grecja-wczasy/?filter[dest]=14:&filter[hotelids]=&filter[cityids]=&filter[cregids]=&filter[ofrType]=&filter[addObjType]=&filter[whenFrom]=13-07-2026&filter[whenTo]=12-08-2026&filter[duration]=13:16&filter[from]=&filter[person]=2&filter[child]=1&filter[price]=4000:20000&filter[PriceFrom]=4000&filter[PriceTo]=20000&filter[addCategory]=40&filter[addCatering]=1&filter[addMisc]=0&filter[addTransport]=F&filter[fp]=1&order_by=ofr_price&filter[tourOperator]=0&filter[childAge][1]=20201210","https://fly.pl/cdn/photo/assets/uploads/582/278/2014/10/Hotel-Caretta-Beach-Resort-Waterpark.jpg","https://fly.pl/wycieczka/grecja,zakynthos,kalamaki/caretta-beach/plfzxV0zFMaCUT7_mMDLLBAAogR50UaHYLej70R0DkA2m-sz3_qva41FRdwDpfbdhknMUqBEdSQ1MwmvbR0gZI340BUEFYEmADckFcChcEFQBYAVYCQMoGHTsPFlv7ZF70lgFLjxhhAFKrT1MATP_2TAGukDYN6NzOCCAAUZCerLGiAgESYwECYwEDD_FRS58/ofertasv/?filter[tourOperator]=GRCS&filter%5Bperson%5D=2&filter%5BchildAge%5D%5B1%5D=20201210&filter%5Bchild%5D=1"
"Porto Greco Village Beach","18149.0","26.07.2026 - 10.08.2026","16 dni/14 nocy","","3.6","3.6","735","tripadvisor","Все аэропорты","2026-07-13T05:43:40.996145+00:00","https://fly.pl/oferta/grecja-wczasy/?filter[dest]=14:&filter[hotelids]=&filter[cityids]=&filter[cregids]=&filter[ofrType]=&filter[addObjType]=&filter[whenFrom]=13-07-2026&filter[whenTo]=12-08-2026&filter[duration]=13:16&filter[from]=&filter[person]=2&filter[child]=1&filter[price]=4000:20000&filter[PriceFrom]=4000&filter[PriceTo]=20000&filter[addCategory]=40&filter[addCatering]=1&filter[addMisc]=0&filter[addTransport]=F&filter[fp]=1&order_by=ofr_price&filter[tourOperator]=0&filter[childAge][1]=20201210","https://fly.pl/cdn/photo/assets/uploads/582/278/2017/10/Porto-Greco-fly-pl.jpg","https://fly.pl/wycieczka/grecja,kreta,hersonissos/porto-greco/psgtLzhhoDLDw0CLyz6B44AAogS7tJZ07Qt01kgXlENfCQ1R1R8-mlzJ4shd4gn7DoEKoqBFJOQlcwmvbR0gZI5Y0BUEFYsgJgAmoEQndjRGoXMjk2LDM4MCw0NzcsNDgzLDQ4NCw0ODVyNZ8BngEVDlgBFwAKBEDEBxH4MRnoJRC_NmH1D0sAUrgKUwAPlvRBHS8gjqqRCQ0AAgxjAQILDE6lWA/ofertasv/?filter[tourOperator]=RNBW&filter%5Bperson%5D=2&filter%5BchildAge%5D%5B1%5D=20201210&filter%5Bchild%5D=1"
"Xenios Anastasia Resort & Spa (ex. Anastasia Resort & Spa)","18163.0","18.07.2026 - 01.08.2026","15 dni/14 nocy","","3.9","3.9","655","tripadvisor","Все аэропорты","2026-07-13T05:43:40.996145+00:00","https://fly.pl/oferta/grecja-wczasy/?filter[dest]=14:&filter[hotelids]=&filter[cityids]=&filter[cregids]=&filter[ofrType]=&filter[addObjType]=&filter[whenFrom]=13-07-2026&filter[whenTo]=12-08-2026&filter[duration]=13:16&filter[from]=&filter[person]=2&filter[child]=1&filter[price]=4000:20000&filter[PriceFrom]=4000&filter[PriceTo]=20000&filter[addCategory]=40&filter[addCatering]=1&filter[addMisc]=0&filter[addTransport]=F&filter[fp]=1&order_by=ofr_price&filter[tourOperator]=0&filter[childAge][1]=20201210","https://fly.pl/cdn/photo/assets/uploads/582/278/2015/02/Anastasia-Resort-Spa-fly-pl.jpg","https://fly.pl/wycieczka/grecja,chalkidiki,nea-skioni/anastasia-resort-spa/pyB5iaKVpXfqAs5LovK0GgAAogEzcShnH5sCFm12DUGxRKNIsYLkcvWHnOc5wUIEnXTioqBFJOQlcwmvbR0gZI840BUEFYcmACagRCd2NEahcyOTYsMzgwLDQ3Nyw0ODMsNDg0LDQ4NWoHNDA3LDQwOHI3nwGeAZwBFQ4XAFgBCgRAxAcR7AsZ2ksQ7lRh6R5LAFKsTlMAHbSpQQ8rIO-DkQkNAAIMYwECC9-rPqc/ofertasv/?filter[tourOperator]=RNBW&filter%5Bperson%5D=2&filter%5BchildAge%5D%5B1%5D=20201210&filter%5Bchild%5D=1"
"Mistral Mare","18298.0","29.07.2026 - 13.08.2026","16 dni/14 nocy","","3.9","3.9","356","tripadvisor","Все аэропорты","2026-07-13T05:43:40.996145+00:00","https://fly.pl/oferta/grecja-wczasy/?filter[dest]=14:&filter[hotelids]=&filter[cityids]=&filter[cregids]=&filter[ofrType]=&filter[addObjType]=&filter[whenFrom]=13-07-2026&filter[whenTo]=12-08-2026&filter[duration]=13:16&filter[from]=&filter[person]=2&filter[child]=1&filter[price]=4000:20000&filter[PriceFrom]=4000&filter[PriceTo]=20000&filter[addCategory]=40&filter[addCatering]=1&filter[addMisc]=0&filter[addTransport]=F&filter[fp]=1&order_by=ofr_price&filter[tourOperator]=0&filter[childAge][1]=20201210","https://fly.pl/cdn/photo/assets/uploads/582/278/2015/07/Mistral-Mare.jpg","https://fly.pl/wycieczka/grecja,kreta-wschodnia,istron/mistral-mare/pa-3N89FioTvhfrjET-qKcAAogJnx9clGsOkR7bWJn95RETfUexrWWdRM85KWMWHsQ1FQqBFZJVFgwmvbR0gZI-o4BUEFY-gJgAnJCGgBcChUEFwBYAUCPA1u_gwFT1EFSAGHDCksAXqcwTNbbPA2I8JUJIAFRs8jPjY0BT6WzxqcTXZTL5bYIAgxjAQILm4dVUA/ofertasv/?filter[tourOperator]=VITX&filter%5Bperson%5D=2&filter%5BchildAge%5D%5B1%5D=20201210&filter%5Bchild%5D=1"
"Sergios","18331.0","29.07.2026 - 12.08.2026","15 dni/14 nocy","","4.1","4.1","797","tripadvisor","Все аэропорты","2026-07-13T05:43:40.996145+00:00","https://fly.pl/oferta/grecja-wczasy/?filter[dest]=14:&filter[hotelids]=&filter[cityids]=&filter[cregids]=&filter[ofrType]=&filter[addObjType]=&filter[whenFrom]=13-07-2026&filter[whenTo]=12-08-2026&filter[duration]=13:16&filter[from]=&filter[person]=2&filter[child]=1&filter[price]=4000:20000&filter[PriceFrom]=4000&filter[PriceTo]=20000&filter[addCategory]=40&filter[addCatering]=1&filter[addMisc]=0&filter[addTransport]=F&filter[fp]=1&order_by=ofr_price&filter[tourOperator]=0&filter[childAge][1]=20201210","https://fly.pl/cdn/photo/assets/uploads/582/278/2014/07/Sergios-fly-pl.jpg","https://fly.pl/wycieczka/grecja,kreta,hersonissos/smartline-sergios/pYFiCSnG4xz3ECEWzITxG5AAogiQ71tDwBlColPb0M3mlo8pW73hLvqexov5nj_Nce2RwqBEdSQ1MwmvbR0gZIm48BUEFY-gJgAnI_XAoVAxcBWAFWAh3qBA8LQNUBUsipAVMAS_AnYQBeiCtbqx9Mzsc5AefyTg3-8ckIIAFRwqrgjY0BARJjAgJjpJnhHA/ofertasv/?filter[tourOperator]=GRCS&filter%5Bperson%5D=2&filter%5BchildAge%5D%5B1%5D=20201210&filter%5Bchild%5D=1"
"Sandy Beach Faliraki by Sun Palace","18424.0","17.07.2026 - 31.07.2026","15 dni/14 nocy","","","","","","Все аэропорты","2026-07-13T05:43:40.996145+00:00","https://fly.pl/oferta/grecja-wczasy/?filter[dest]=14:&filter[hotelids]=&filter[cityids]=&filter[cregids]=&filter[ofrType]=&filter[addObjType]=&filter[whenFrom]=13-07-2026&filter[whenTo]=12-08-2026&filter[duration]=13:16&filter[from]=&filter[person]=2&filter[child]=1&filter[price]=4000:20000&filter[PriceFrom]=4000&filter[PriceTo]=20000&filter[addCategory]=40&filter[addCatering]=1&filter[addMisc]=0&filter[addTransport]=F&filter[fp]=1&order_by=ofr_price&filter[tourOperator]=0&filter[childAge][1]=20201210","https://datacfstatic.merlinx.pl/GRCS/IMG/RHOSABE/869a40c9ee2728e4bd5949ead40d904b7608f19b6e2bdd25ee198e10d5a1fd93.webp","https://fly.pl/wycieczka/grecja,rodos,faliraki/sandy-beach-faliraki-by-sun-palace-10/p-EpY68bXgU35qnLEGie_VAAogyO8xRi78eLlIV_PT_nLP8oZYQ9UMPNbK-ZuWoqPV8vUqBEdSQ1MwmvbR0gZI-I8BUEFYWmADckJcChcEFQBYAVYCHagFDxVAjQFbloABS69LYQBe-zBSkRNTAEyoy00BqvoxDe_y0gggAFHNz8bt3gEBEmMBAmMBAwtR2KbE/ofertasv/?filter[tourOperator]=GRCS&filter%5Bperson%5D=2&filter%5BchildAge%5D%5B1%5D=20201210&filter%5Bchild%5D=1"
"Creta Palm","18457.0","22.07.2026 - 05.08.2026","15 dni/14 nocy","","4.3","4.3","811","tripadvisor","Все аэропорты","2026-07-13T05:43:40.996145+00:00","https://fly.pl/oferta/grecja-wczasy/?filter[dest]=14:&filter[hotelids]=&filter[cityids]=&filter[cregids]=&filter[ofrType]=&filter[addObjType]=&filter[whenFrom]=13-07-2026&filter[whenTo]=12-08-2026&filter[duration]=13:16&filter[from]=&filter[person]=2&filter[child]=1&filter[price]=4000:20000&filter[PriceFrom]=4000&filter[PriceTo]=20000&filter[addCategory]=40&filter[addCatering]=1&filter[addMisc]=0&filter[addTransport]=F&filter[fp]=1&order_by=ofr_price&filter[tourOperator]=0&filter[childAge][1]=20201210","https://fly.pl/cdn/photo/assets/uploads/582/278/2014/09/Creta-Palm-fly-pl-1.jpg","https://fly.pl/wycieczka/grecja,kreta-zachodnia,kato-stalos/creta-palm/p_g7aHWX8s4c7_IjbGZ-bTAAogC9epN06PqrkvRNXgdPuOfIYNmobclHLmIPC2oBQiTwEqBFZJVFgwmvbR0gZImZABUEFY0gFgAnI9GgBcChUEFwBYAUCPA1Oge1IAW58IXr58S3hhAEy97jkNotyYCSABUfeww51lT8ORAV2Mnq6GawIMYwECCyPL1xs/ofertasv/?filter[tourOperator]=VITX&filter%5Bperson%5D=2&filter%5BchildAge%5D%5B1%5D=20201210&filter%5Bchild%5D=1"
"Philoxenia (Psakoudia)","18464.0","25.07.2026 - 08.08.2026","15 dni/14 nocy","","4.2","4.2","494","tripadvisor","Все аэропорты","2026-07-13T05:43:40.996145+00:00","https://fly.pl/oferta/grecja-wczasy/?filter[dest]=14:&filter[hotelids]=&filter[cityids]=&filter[cregids]=&filter[ofrType]=&filter[addObjType]=&filter[whenFrom]=13-07-2026&filter[whenTo]=12-08-2026&filter[duration]=13:16&filter[from]=&filter[person]=2&filter[child]=1&filter[price]=4000:20000&filter[PriceFrom]=4000&filter[PriceTo]=20000&filter[addCategory]=40&filter[addCatering]=1&filter[addMisc]=0&filter[addTransport]=F&filter[fp]=1&order_by=ofr_price&filter[tourOperator]=0&filter[childAge][1]=20201210","https://fly.pl/cdn/photo/assets/uploads/582/278/2015/04/Philoxenia-Halkidiki.jpg","https://fly.pl/wycieczka/grecja,chalkidiki,psakoudia/philoxenia-psakoudia/pUNLCcwuXGerPLPhYVn298AAogPkvkPZB7yX8QuUKUX9tFFPV0efub9H0NoL-5SCERfMcqBFJOQlcwmvbR0gZIoJABUEFYmgJgAmoEQndjRGoXMjk2LDM4MCw0NzcsNDgzLDQ4NCw0ODVyNZ8BngEVDhcAWAEKBEDEBxGWMhmwJRCQN2HmbUsAUo0dUwAdgqpBDysgqIORCQ0AAgxjAQILpy_ajA/ofertasv/?filter[tourOperator]=RNBW&filter%5Bperson%5D=2&filter%5BchildAge%5D%5B1%5D=20201210&filter%5Bchild%5D=1"
"All Senses Ocean Blue Seaside Resort (ex. MedBlue Kremasti)","18530.0","27.07.2026 - 10.08.2026","16 dni/14 nocy","","3.8","3.8","1124","tripadvisor","Все аэропорты","2026-07-13T05:43:40.996145+00:00","https://fly.pl/oferta/grecja-wczasy/?filter[dest]=14:&filter[hotelids]=&filter[cityids]=&filter[cregids]=&filter[ofrType]=&filter[addObjType]=&filter[whenFrom]=13-07-2026&filter[whenTo]=12-08-2026&filter[duration]=13:16&filter[from]=&filter[person]=2&filter[child]=1&filter[price]=4000:20000&filter[PriceFrom]=4000&filter[PriceTo]=20000&filter[addCategory]=40&filter[addCatering]=1&filter[addMisc]=0&filter[addTransport]=F&filter[fp]=1&order_by=ofr_price&filter[tourOperator]=0&filter[childAge][1]=20201210","https://fly.pl/cdn/photo/assets/uploads/582/278/2015/02/All-Senses-Ocean-Blue.jpg","https://fly.pl/wycieczka/grecja,rodos,ialyssos/ocean-blue/pPt5-_G2Rw6ylfWJkxRIOaAAogy7K7i0JbuWWZjZ97iVtNrxNRrbQkxKWhc-eCCOVL220qBFJOQlcwmvbR0gZI4pABUEFYygJgAmoEQndjRGoXMjk2LDM4MCw0NzcsNDgzLDQ4NCw0ODVyNZ8BngEVDlgBFwAKBEDEBxG6IRC8KxnfCmHIc0sAUrhDUwAPrY1AHSsg86qSCQ0AAgxjAQILr0dQ1g/ofertasv/?filter[tourOperator]=RNBW&filter%5Bperson%5D=2&filter%5BchildAge%5D%5B1%5D=20201210&filter%5Bchild%5D=1"
"Mediterraneo (Hersonissos)","18552.0","22.07.2026 - 05.08.2026","15 dni/14 nocy","","3.9","3.9","3518","tripadvisor","Все аэропорты","2026-07-13T05:43:40.996145+00:00","https://fly.pl/oferta/grecja-wczasy/?filter[dest]=14:&filter[hotelids]=&filter[cityids]=&filter[cregids]=&filter[ofrType]=&filter[addObjType]=&filter[whenFrom]=13-07-2026&filter[whenTo]=12-08-2026&filter[duration]=13:16&filter[from]=&filter[person]=2&filter[child]=1&filter[price]=4000:20000&filter[PriceFrom]=4000&filter[PriceTo]=20000&filter[addCategory]=40&filter[addCatering]=1&filter[addMisc]=0&filter[addTransport]=F&filter[fp]=1&order_by=ofr_price&filter[tourOperator]=0&filter[childAge][1]=20201210","https://fly.pl/cdn/photo/assets/uploads/582/278/2015/03/Mediterraneo-Hersonissos-fly-pl.jpg","https://fly.pl/wycieczka/grecja,kreta,hersonissos/mediterraneo-hersonissos/pDCVvOxrwQJejCRENqskYsAAogyLhybLiexF_71V6BhKhmqNIJTkVAK9fJrVlhQVnZX3gqBEVDQ1gwmvbR0gZI-JABUAFY0gFgAmoCQUlyIhwRoU-rBPCKFrkEpK0CGPvuJhv68UIB8oXw2gECAGMBAgwjG-y1/ofertasv/?filter[tourOperator]=ECCX&filter%5Bperson%5D=2&filter%5BchildAge%5D%5B1%5D=20201210&filter%5Bchild%5D=1"
"Cactus Beach","18587.0","19.07.2026 - 02.08.2026","15 dni/14 nocy","","3.9","3.9","790","tripadvisor","Все аэропорты","2026-07-13T05:43:40.996145+00:00","https://fly.pl/oferta/grecja-wczasy/?filter[dest]=14:&filter[hotelids]=&filter[cityids]=&filter[cregids]=&filter[ofrType]=&filter[addObjType]=&filter[whenFrom]=13-07-2026&filter[whenTo]=12-08-2026&filter[duration]=13:16&filter[from]=&filter[person]=2&filter[child]=1&filter[price]=4000:20000&filter[PriceFrom]=4000&filter[PriceTo]=20000&filter[addCategory]=40&filter[addCatering]=1&filter[addMisc]=0&filter[addTransport]=F&filter[fp]=1&order_by=ofr_price&filter[tourOperator]=0&filter[childAge][1]=20201210","https://fly.pl/cdn/photo/assets/uploads/582/278/2015/03/Cactus-Beach-fly-pl-1.jpg","https://fly.pl/wycieczka/grecja,kreta-wschodnia,stalida/cactus-beach/pg2biRJavKxlGEiSSdSFJJAAogxZRAIe-RHmVY9wcr5EBFMsD6SsWc96BL1TYwAmLtH-cqBEdSQ1MwmvbR0gZIm5EBUEFYigFgA3JBXAoXBBUAWAFWAh20BQ8TQIMBUsipAVMAXvhSS3hhAFu0HkyNv00Bh8Y4DZSnzAggAFHLtbKNjQEBEmMBAmMBAgZOXzLv/ofertasv/?filter[tourOperator]=GRCS&filter%5Bperson%5D=2&filter%5BchildAge%5D%5B1%5D=20201210&filter%5Bchild%5D=1"
"Aqua Blue (Liapades)","18627.0","22.07.2026 - 05.08.2026","15 dni/14 nocy","","","","","","Все аэропорты","2026-07-13T05:43:40.996145+00:00","https://fly.pl/oferta/grecja-wczasy/?filter[dest]=14:&filter[hotelids]=&filter[cityids]=&filter[cregids]=&filter[ofrType]=&filter[addObjType]=&filter[whenFrom]=13-07-2026&filter[whenTo]=12-08-2026&filter[duration]=13:16&filter[from]=&filter[person]=2&filter[child]=1&filter[price]=4000:20000&filter[PriceFrom]=4000&filter[PriceTo]=20000&filter[addCategory]=40&filter[addCatering]=1&filter[addMisc]=0&filter[addTransport]=F&filter[fp]=1&order_by=ofr_price&filter[tourOperator]=0&filter[childAge][1]=20201210","https://fly.pl/cdn/photo/assets/uploads/582/278/2017/03/Aqua-Blue-Hotel.jpg","https://fly.pl/wycieczka/grecja,korfu,liapades/aqua-blue-liapades/p845TSNOmo4eA8a2bZFs9TAAog7sKrRj3uZyqM4387sosUvNfWetdSx-PqPo8zPiwpTFQqBFJOQlcwmvbR0gZIw5EBUEFY0gFgAmoEQndjRGoXMjk2LDM4MCw0NzcsNDgzLDQ4NCw0ODVyN58BngEVDhcAWAEKBEDEBxHdJhn9MBDIBVKBGVMAS7CdAWEAHZTjQA_pASDLzpEJDQACDGMBAgs4FRzP/ofertasv/?filter[tourOperator]=RNBW&filter%5Bperson%5D=2&filter%5BchildAge%5D%5B1%5D=20201210&filter%5Bchild%5D=1"
"White Olive Premium (ex President Premium Complex)","18672.0","17.07.2026 - 01.08.2026","16 dni/14 nocy","","4.0","4.0","336","tripadvisor","Все аэропорты","2026-07-13T05:43:40.996145+00:00","https://fly.pl/oferta/grecja-wczasy/?filter[dest]=14:&filter[hotelids]=&filter[cityids]=&filter[cregids]=&filter[ofrType]=&filter[addObjType]=&filter[whenFrom]=13-07-2026&filter[whenTo]=12-08-2026&filter[duration]=13:16&filter[from]=&filter[person]=2&filter[child]=1&filter[price]=4000:20000&filter[PriceFrom]=4000&filter[PriceTo]=20000&filter[addCategory]=40&filter[addCatering]=1&filter[addMisc]=0&filter[addTransport]=F&filter[fp]=1&order_by=ofr_price&filter[tourOperator]=0&filter[childAge][1]=20201210","https://fly.pl/cdn/photo/assets/uploads/582/278/2017/12/White-Olive-Premium-Laganas.jpg","https://fly.pl/wycieczka/grecja,zakynthos,laganas/white-olive-premium-ex-president-premium-complex/pFCDErYej87_uPXLkt1MMvAAogEcrDSgREbDSfW-x6MX5OEyKod8t7p05P6oZcRgsgJ-YqBFJOQlcwmvbR0gZI8JEBUEFYWmACagRCd2NEahcyOTYsMzgwLDQ3Nyw0ODMsNDg0LDQ4NWoHNDA3LDQwOHI5nwGeAZwBFQ5YARcACgRAxAcRhgoQ5Q8Zgj5hsHNLAFLhlwFTAB3D5D8P_wEg1v2RCQ0AAgxjAQILzZMCUw/ofertasv/?filter[tourOperator]=RNBW&filter%5Bperson%5D=2&filter%5BchildAge%5D%5B1%5D=20201210&filter%5Bchild%5D=1"
"Canvas by Mitsis Alexander the Great (Kriopigi)","18703.0","15.07.2026 - 29.07.2026","15 dni/14 nocy","","3.8","3.8","2023","tripadvisor","Все аэропорты","2026-07-13T05:43:40.996145+00:00","https://fly.pl/oferta/grecja-wczasy/?filter[dest]=14:&filter[hotelids]=&filter[cityids]=&filter[cregids]=&filter[ofrType]=&filter[addObjType]=&filter[whenFrom]=13-07-2026&filter[whenTo]=12-08-2026&filter[duration]=13:16&filter[from]=&filter[person]=2&filter[child]=1&filter[price]=4000:20000&filter[PriceFrom]=4000&filter[PriceTo]=20000&filter[addCategory]=40&filter[addCatering]=1&filter[addMisc]=0&filter[addTransport]=F&filter[fp]=1&order_by=ofr_price&filter[tourOperator]=0&filter[childAge][1]=20201210","https://fly.pl/cdn/photo/assets/uploads/582/278/2015/06/Alexander-The-Great.jpg","https://fly.pl/wycieczka/grecja,chalkidiki,kriopigi/alexander-the-great-beach-kriopigi/piRXNNpZaKq3DwclTqKT_dAAogywS9gPxTmSAxmpSPO2GlX0T3fETbnM5YrCx7P3_-nVAqBEdSQ1MwmvbR0gZIj5IBUEFYKmADckJcChcEFQBYAVYCHbICDxNAhQRbhIABS5VMYQBepzBShR5TAEy0wE0B9Yc5DaLlywggAFHAh5zL5wEBEmMBAmMBAguizFNV/ofertasv/?filter[tourOperator]=GRCS&filter%5Bperson%5D=2&filter%5BchildAge%5D%5B1%5D=20201210&filter%5Bchild%5D=1"
"Cabana Blu Hotel & Suites","18721.0","21.07.2026 - 04.08.2026","15 dni/14 nocy","","4.7","4.7","218","tripadvisor","Все аэропорты","2026-07-13T05:43:40.996145+00:00","https://fly.pl/oferta/grecja-wczasy/?filter[dest]=14:&filter[hotelids]=&filter[cityids]=&filter[cregids]=&filter[ofrType]=&filter[addObjType]=&filter[whenFrom]=13-07-2026&filter[whenTo]=12-08-2026&filter[duration]=13:16&filter[from]=&filter[person]=2&filter[child]=1&filter[price]=4000:20000&filter[PriceFrom]=4000&filter[PriceTo]=20000&filter[addCategory]=40&filter[addCatering]=1&filter[addMisc]=0&filter[addTransport]=F&filter[fp]=1&order_by=ofr_price&filter[tourOperator]=0&filter[childAge][1]=20201210","https://fly.pl/cdn/photo/assets/uploads/582/278/2024/07/cabana-beach.jpg","https://fly.pl/wycieczka/grecja,kos,kardamena/cabana-beach-11/pXOlPLeDR-UZa0AwJ9hCiRAAogjIZ1YIgU_kB7OTtv23-hxr5RJf26XlEkMXppG8GBNosqBFJOQlcwmvbR0gZIoZIBUEFYugFgAmoEQndjRGoXMjk2LDM4MCw0NzcsNDgzLDQ4NCw0ODVyNZ8BngEVDhcAWAEKBEDEBxG4Jxm7LxCxCVKhZ1MAS_c0YQAP1LNAHSMg55aSCQ0AAgxjAQILhWPxXg/ofertasv/?filter[tourOperator]=RNBW&filter%5Bperson%5D=2&filter%5BchildAge%5D%5B1%5D=20201210&filter%5Bchild%5D=1"
"Kipriotis Maris Suites (ex Iberostar)","18767.0","14.07.2026 - 28.07.2026","15 dni/14 nocy","","4.2","4.2","1448","tripadvisor","Все аэропорты","2026-07-13T05:43:40.996145+00:00","https://fly.pl/oferta/grecja-wczasy/?filter[dest]=14:&filter[hotelids]=&filter[cityids]=&filter[cregids]=&filter[ofrType]=&filter[addObjType]=&filter[whenFrom]=13-07-2026&filter[whenTo]=12-08-2026&filter[duration]=13:16&filter[from]=&filter[person]=2&filter[child]=1&filter[price]=4000:20000&filter[PriceFrom]=4000&filter[PriceTo]=20000&filter[addCategory]=40&filter[addCatering]=1&filter[addMisc]=0&filter[addTransport]=F&filter[fp]=1&order_by=ofr_price&filter[tourOperator]=0&filter[childAge][1]=20201210","https://fly.pl/cdn/photo/assets/uploads/582/278/2016/01/Kipriotis-Maris-Suites-ex-Iberostar-fly-pl.jpg","https://fly.pl/wycieczka/grecja,kos,psalidi/kipriotis-maris-suites-ex-iberostar/piAxgBgFav4I_SB_jye2K7AAogleaT5gv9M626tA84IoDX13w4e3kznPPCmj-IHa-eUSoqBFJOQlcwmvbR0gZIz5IBUEFYEmACahcyOTYsMzgwLDQ3Nyw0ODMsNDg0LDQ4NXI3ngEVDhcAWAEKD0C5BxG_HRDVIRnfF1PScFIAS_c0YQBf3YUlD_WtGx0jIOKWkgkNAAIOYwECDbvGeys/ofertasv/?filter[tourOperator]=RNBW&filter%5Bperson%5D=2&filter%5BchildAge%5D%5B1%5D=20201210&filter%5Bchild%5D=1"
"Astir Palace","18797.0","19.07.2026 - 01.08.2026","14 dni/13 nocy","","3.0","3.0","238","tripadvisor","Все аэропорты","2026-07-13T05:43:40.996145+00:00","https://fly.pl/oferta/grecja-wczasy/?filter[dest]=14:&filter[hotelids]=&filter[cityids]=&filter[cregids]=&filter[ofrType]=&filter[addObjType]=&filter[whenFrom]=13-07-2026&filter[whenTo]=12-08-2026&filter[duration]=13:16&filter[from]=&filter[person]=2&filter[child]=1&filter[price]=4000:20000&filter[PriceFrom]=4000&filter[PriceTo]=20000&filter[addCategory]=40&filter[addCatering]=1&filter[addMisc]=0&filter[addTransport]=F&filter[fp]=1&order_by=ofr_price&filter[tourOperator]=0&filter[childAge][1]=20201210","https://fly.pl/cdn/photo/assets/uploads/582/278/2015/04/Astir-Palace-fly-pl.jpg","https://fly.pl/wycieczka/grecja,zakynthos,laganas/astir-palace/p4da15ECPQUFGt3rDX0TXuAAogqBYZXiEjtlberxSgr6Wl1CvAlKxId1xZWnOz1EakAPYqBEVYSU0wmvbR0gZI7ZIBUAFYigFgAmoCQUlyIRwR8cgGuQSp9DyrBGkbgbw8GMbIPAGXztiYCwIAYwECBvVoVRc/ofertasv/?filter[tourOperator]=EXIM&filter%5Bperson%5D=2&filter%5BchildAge%5D%5B1%5D=20201210&filter%5Bchild%5D=1"
"Smy Kos Beach & Splash (ex. Princess of Kos)","18857.0","21.07.2026 - 04.08.2026","15 dni/14 nocy","","4.0","4.0","979","tripadvisor","Все аэропорты","2026-07-13T05:43:40.996145+00:00","https://fly.pl/oferta/grecja-wczasy/?filter[dest]=14:&filter[hotelids]=&filter[cityids]=&filter[cregids]=&filter[ofrType]=&filter[addObjType]=&filter[whenFrom]=13-07-2026&filter[whenTo]=12-08-2026&filter[duration]=13:16&filter[from]=&filter[person]=2&filter[child]=1&filter[price]=4000:20000&filter[PriceFrom]=4000&filter[PriceTo]=20000&filter[addCategory]=40&filter[addCatering]=1&filter[addMisc]=0&filter[addTransport]=F&filter[fp]=1&order_by=ofr_price&filter[tourOperator]=0&filter[childAge][1]=20201210","https://fly.pl/cdn/photo/assets/uploads/582/278/2014/11/Princess-of-Kos-fly-pl.jpg","https://fly.pl/wycieczka/grecja,kos,mastichari/princess-of-kos/prvd_RfRFi-KztpsEoh78NAAogIiFSsDyDNbxTKpCaifgBl-8a_XrSpiF6IEGunFpiECcqBFZJVFgwmvbR0gZIqZMBUEFYugFgAnJAGgBcChUEFwBYAUCPA1u_gwFTv0hSAF7_M0vtQ2EATMyYPCCd75UJDQBRnpiJ8qUBT5PPEl3Q_cv9XwIMYwECC6Si4XI/ofertasv/?filter[tourOperator]=VITX&filter%5Bperson%5D=2&filter%5BchildAge%5D%5B1%5D=20201210&filter%5Bchild%5D=1"
"Lydia Maris Resort & Spa","18916.0","27.07.2026 - 09.08.2026","14 dni/13 nocy","","4.1","4.1","1368","tripadvisor","Все аэропорты","2026-07-13T05:43:40.996145+00:00","https://fly.pl/oferta/grecja-wczasy/?filter[dest]=14:&filter[hotelids]=&filter[cityids]=&filter[cregids]=&filter[ofrType]=&filter[addObjType]=&filter[whenFrom]=13-07-2026&filter[whenTo]=12-08-2026&filter[duration]=13:16&filter[from]=&filter[person]=2&filter[child]=1&filter[price]=4000:20000&filter[PriceFrom]=4000&filter[PriceTo]=20000&filter[addCategory]=40&filter[addCatering]=1&filter[addMisc]=0&filter[addTransport]=F&filter[fp]=1&order_by=ofr_price&filter[tourOperator]=0&filter[childAge][1]=20201210","https://fly.pl/cdn/photo/assets/uploads/582/278/2015/03/Lydia-Maris-Resort-and-Spa.jpg","https://fly.pl/wycieczka/grecja,rodos,kolymbia/lydia-maris/pdfCWSEAFV74f6kyGC88BxAAogz3-kbIsFVX7LZ-fcWhkBgPRV6dcKxlUaXfp0TYewma8qBEVDQ1gwmvbR0gZI5JMBUAFYygJgAmoCQUlyIBwRgiCrBPyhFbkEDxjF8C0bkc5AAdeYvPQBAgBjAQILLQD0zw/ofertasv/?filter[tourOperator]=ECCX&filter%5Bperson%5D=2&filter%5BchildAge%5D%5B1%5D=20201210&filter%5Bchild%5D=1"
"Canvas by Mitsis Petit Palais","18986.0","17.07.2026 - 31.07.2026","15 dni/14 nocy","","4.6","4.6","3255","tripadvisor","Все аэропорты","2026-07-13T05:43:40.996145+00:00","https://fly.pl/oferta/grecja-wczasy/?filter[dest]=14:&filter[hotelids]=&filter[cityids]=&filter[cregids]=&filter[ofrType]=&filter[addObjType]=&filter[whenFrom]=13-07-2026&filter[whenTo]=12-08-2026&filter[duration]=13:16&filter[from]=&filter[person]=2&filter[child]=1&filter[price]=4000:20000&filter[PriceFrom]=4000&filter[PriceTo]=20000&filter[addCategory]=40&filter[addCatering]=1&filter[addMisc]=0&filter[addTransport]=F&filter[fp]=1&order_by=ofr_price&filter[tourOperator]=0&filter[childAge][1]=20201210","https://fly.pl/cdn/photo/assets/uploads/582/278/2015/04/Hotel-Mitsis-Petit-Palais.jpg","https://fly.pl/wycieczka/grecja,rodos,c/mitsis-petit-palais/pQNnZTBcfJ-_7Tl3YUxfzYAAogZ-yfbTqN2O5Yp1AiCbhYAYZYQ9UMPNbK-ZuWoqPV8vUqBEdSQ1MwmvbR0gZIqpQBUEFYWmADckJcChcEFQBYAVYCHagFDxVAjQFbloABS69LYQBe-zBSkRNTAEyoy00Bv_MxDdr50gggAFHBtr7t3gEBEmMBAmMBAgssqGSb/ofertasv/?filter[tourOperator]=GRCS&filter%5Bperson%5D=2&filter%5BchildAge%5D%5B1%5D=20201210&filter%5Bchild%5D=1"
"Samaina Inn","18997.0","22.07.2026 - 05.08.2026","15 dni/14 nocy","","4.4","4.4","435","tripadvisor","Все аэропорты","2026-07-13T05:43:40.996145+00:00","https://fly.pl/oferta/grecja-wczasy/?filter[dest]=14:&filter[hotelids]=&filter[cityids]=&filter[cregids]=&filter[ofrType]=&filter[addObjType]=&filter[whenFrom]=13-07-2026&filter[whenTo]=12-08-2026&filter[duration]=13:16&filter[from]=&filter[person]=2&filter[child]=1&filter[price]=4000:20000&filter[PriceFrom]=4000&filter[PriceTo]=20000&filter[addCategory]=40&filter[addCatering]=1&filter[addMisc]=0&filter[addTransport]=F&filter[fp]=1&order_by=ofr_price&filter[tourOperator]=0&filter[childAge][1]=20201210","https://fly.pl/cdn/photo/assets/uploads/582/278/2015/04/Samaina-Inn.jpg","https://fly.pl/wycieczka/grecja,samos,karlovasi/samaina-inn/pi6zpdb6RFnxE2L9rocGHDAAoggbpKC-riTtMhIi17YMbgJuNqfOVpKoFa4DDHBA2uBn0qBFZJVFgwmvbR0gZItZQBUEFY0gFgAnJAGgBcChUEFwBYAUCPA1v_hwFe_ndSzx5TAEueJWEATI2sOQ3d25gJIABR0M7whugBT9-0C13I_4LpHQIMYwECC3NKZKE/ofertasv/?filter[tourOperator]=VITX&filter%5Bperson%5D=2&filter%5BchildAge%5D%5B1%5D=20201210&filter%5Bchild%5D=1"
"Admiral De Luxe","19001.0","24.07.2026 - 08.08.2026","16 dni/14 nocy","","4.1","4.1","205","tripadvisor","Все аэропорты","2026-07-13T05:43:40.996145+00:00","https://fly.pl/oferta/grecja-wczasy/?filter[dest]=14:&filter[hotelids]=&filter[cityids]=&filter[cregids]=&filter[ofrType]=&filter[addObjType]=&filter[whenFrom]=13-07-2026&filter[whenTo]=12-08-2026&filter[duration]=13:16&filter[from]=&filter[person]=2&filter[child]=1&filter[price]=4000:20000&filter[PriceFrom]=4000&filter[PriceTo]=20000&filter[addCategory]=40&filter[addCatering]=1&filter[addMisc]=0&filter[addTransport]=F&filter[fp]=1&order_by=ofr_price&filter[tourOperator]=0&filter[childAge][1]=20201210","https://datacfstatic.merlinx.pl/RNBW/IMG/7135/0a7cda541ae1f20790562d72110ea9ac4571f830326d77db9e8b69435aa752c8.webp","https://fly.pl/wycieczka/grecja,zakynthos,argassi/admiral-de-luxe-13/pP3PzwsO2cY9K_bZtbBu8-AAogI2eq-Ab-_-uKDbUUUWrwuiXbZhlPSbL22oZ6SIWFhk8qBFJOQlcwmvbR0gZIuZQBUEFYggJgAmoEQndjRGoXMjk2LDM4MCw0NzcsNDgzLDQ4NCw0ODVyN58BngEVDlgBFwAKBEDEBxGIMBnlJxCcLWGURksAUuGXAVMAHcXkPw__ASDb_ZEJDQACDGMBAgvCkeGk/ofertasv/?filter[tourOperator]=RNBW&filter%5Bperson%5D=2&filter%5BchildAge%5D%5B1%5D=20201210&filter%5Bchild%5D=1"
"Serita Beach","19037.0","29.07.2026 - 13.08.2026","16 dni/14 nocy","","4.3","4.3","112","tripadvisor","Все аэропорты","2026-07-13T05:43:40.996145+00:00","https://fly.pl/oferta/grecja-wczasy/?filter[dest]=14:&filter[hotelids]=&filter[cityids]=&filter[cregids]=&filter[ofrType]=&filter[addObjType]=&filter[whenFrom]=13-07-2026&filter[whenTo]=12-08-2026&filter[duration]=13:16&filter[from]=&filter[person]=2&filter[child]=1&filter[price]=4000:20000&filter[PriceFrom]=4000&filter[PriceTo]=20000&filter[addCategory]=40&filter[addCatering]=1&filter[addMisc]=0&filter[addTransport]=F&filter[fp]=1&order_by=ofr_price&filter[tourOperator]=0&filter[childAge][1]=20201210","https://fly.pl/cdn/photo/assets/uploads/582/278/2015/04/Serita-Beach.jpg","https://fly.pl/wycieczka/grecja,kreta-wschodnia,anissaras/mitsis-serita-beach/p-oxuqAYL_XeKQTe1NPOnxAAogMip3ykb3d7zMqjZk9AlQc9E_9ylSQ67Exh2-LtB3DZoqBFJOQlcwmvbR0gZI3ZQBUEFY-gJgAmoEQndjRGoXMjk2LDM4MCw0NzcsNDgzLDQ4NCw0ODVyNp8BngEVDlgBFwAKBEDEBxHxNxnvH1LsUFMAENUES5tPYQAdgYlBD4wEINm9kQkNAAIMYwECC7MH4RQ/ofertasv/?filter[tourOperator]=RNBW&filter%5Bperson%5D=2&filter%5BchildAge%5D%5B1%5D=20201210&filter%5Bchild%5D=1"
"Caretta Paradise","19146.0","19.07.2026 - 02.08.2026","15 dni/14 nocy","","3.7","3.7","808","tripadvisor","Все аэропорты","2026-07-13T05:43:40.996145+00:00","https://fly.pl/oferta/grecja-wczasy/?filter[dest]=14:&filter[hotelids]=&filter[cityids]=&filter[cregids]=&filter[ofrType]=&filter[addObjType]=&filter[whenFrom]=13-07-2026&filter[whenTo]=12-08-2026&filter[duration]=13:16&filter[from]=&filter[person]=2&filter[child]=1&filter[price]=4000:20000&filter[PriceFrom]=4000&filter[PriceTo]=20000&filter[addCategory]=40&filter[addCatering]=1&filter[addMisc]=0&filter[addTransport]=F&filter[fp]=1&order_by=ofr_price&filter[tourOperator]=0&filter[childAge][1]=20201210","https://fly.pl/cdn/photo/assets/uploads/582/278/2017/10/Caretta-Paradise-fly-pl-2.jpg","https://fly.pl/wycieczka/grecja,zakynthos,tragaki/caretta-paradise/pK58Sf7nLAgDOS4agwCIKxAAogZtmN65sEeUtV4teO4HHYcVku12KMbGFUb-pgdOzoURMqBEdSQ1MwmvbR0gZIypUBUEFYigFgA3JBXAoXBBUAWAFWAh3yAw8RQMcCW4RlS5VnYQBepzBSumdTAEz_9kwBsN42DeuOzgggAFG_nayxogIBEmMBAmMBAw-MhjdI/ofertasv/?filter[tourOperator]=GRCS&filter%5Bperson%5D=2&filter%5BchildAge%5D%5B1%5D=20201210&filter%5Bchild%5D=1"
"Atlantica Thalassa","19147.0","25.07.2026 - 08.08.2026","15 dni/14 nocy","","","","","","Все аэропорты","2026-07-13T05:43:40.996145+00:00","https://fly.pl/oferta/grecja-wczasy/?filter[dest]=14:&filter[hotelids]=&filter[cityids]=&filter[cregids]=&filter[ofrType]=&filter[addObjType]=&filter[whenFrom]=13-07-2026&filter[whenTo]=12-08-2026&filter[duration]=13:16&filter[from]=&filter[person]=2&filter[child]=1&filter[price]=4000:20000&filter[PriceFrom]=4000&filter[PriceTo]=20000&filter[addCategory]=40&filter[addCatering]=1&filter[addMisc]=0&filter[addTransport]=F&filter[fp]=1&order_by=ofr_price&filter[tourOperator]=0&filter[childAge][1]=20201210","https://datacfstatic.merlinx.pl/GRCS/IMG/KGSATTH/6b3f1a7cd64abac97602d4d32542863f41c75fb75a502bd6bae1b37c2cf32391.webp","https://fly.pl/wycieczka/grecja,kos,lambi/atlantica-thalassa-13/pk_moxaHTG93VD8wjkYrp1AAogD8SOMIa-d_NsnAyRMqY1J_kPqJVvmX91Q3wSAitAWtEqBEdSQ1MwmvbR0gZIy5UBUEFYmgJgA3JBXAoXBBUAWAFWAh2xBA8SQIcCW4KAAVK_SFMAXv8zS3hhAEyB5jkB0_ZTDY7uxAggAFGA1N7xpQEBEmMBAmMBAgsjUsZQ/ofertasv/?filter[tourOperator]=GRCS&filter%5Bperson%5D=2&filter%5BchildAge%5D%5B1%5D=20201210&filter%5Bchild%5D=1"
"Gaia Palace","19158.0","25.07.2026 - 08.08.2026","15 dni/14 nocy","","4.3","4.3","1204","tripadvisor","Все аэропорты","2026-07-13T05:43:40.996145+00:00","https://fly.pl/oferta/grecja-wczasy/?filter[dest]=14:&filter[hotelids]=&filter[cityids]=&filter[cregids]=&filter[ofrType]=&filter[addObjType]=&filter[whenFrom]=13-07-2026&filter[whenTo]=12-08-2026&filter[duration]=13:16&filter[from]=&filter[person]=2&filter[child]=1&filter[price]=4000:20000&filter[PriceFrom]=4000&filter[PriceTo]=20000&filter[addCategory]=40&filter[addCatering]=1&filter[addMisc]=0&filter[addTransport]=F&filter[fp]=1&order_by=ofr_price&filter[tourOperator]=0&filter[childAge][1]=20201210","https://fly.pl/cdn/photo/assets/uploads/582/278/2009/10/Gaia-Palace2994.jpg","https://fly.pl/wycieczka/grecja,kos,mastichari/gaia-palace/pdhybxTz4hvYinsD-mQytAAAogeaiDOc3DqnvmMqL0jdidTQAAAACzkgQAzpIEAA4AHQAqBFdFWlkwmvbR0gZI1pUBUEFYmgJgA2oLUnlhbmFpciBTdW5qBDA5MTByQp4BlQEfAAIBHAAWBBcJErIFGIwDE9kCFIYDEdomQJxMTPtNTwBL9zRQAB2goRAgGxuwgWQN96feCAESYwEMYwECBni3Tq0/ofertasv/?filter[tourOperator]=WEZY&filter%5Bperson%5D=2&filter%5BchildAge%5D%5B1%5D=20201210&filter%5Bchild%5D=1"
"Casa di Notos","19265.0","19.07.2026 - 02.08.2026","16 dni/14 nocy","","","","","","Все аэропорты","2026-07-13T05:43:40.996145+00:00","https://fly.pl/oferta/grecja-wczasy/?filter[dest]=14:&filter[hotelids]=&filter[cityids]=&filter[cregids]=&filter[ofrType]=&filter[addObjType]=&filter[whenFrom]=13-07-2026&filter[whenTo]=12-08-2026&filter[duration]=13:16&filter[from]=&filter[person]=2&filter[child]=1&filter[price]=4000:20000&filter[PriceFrom]=4000&filter[PriceTo]=20000&filter[addCategory]=40&filter[addCatering]=1&filter[addMisc]=0&filter[addTransport]=F&filter[fp]=1&order_by=ofr_price&filter[tourOperator]=0&filter[childAge][1]=20201210","https://datacfstatic.merlinx.pl/GRCS/IMG/CHQCADI/054445b4d4297764f55907e42a76cd5ac8809caf175a5fca81db0b1f1838436e.webp","https://fly.pl/wycieczka/grecja,kreta-zachodnia,georgioupolis/casa-di-notos-13/pEW89E5JvJNg2yXrdoYHa7AAoggQFvQ5lCAqFH7Z2qX12qE2v0aeeNXUolX8spKDLJx3wqBEdSQ1MwmvbR0gZIwZYBUEFYigFgAnI9XAoVBBcBWABWAh3CAQ8TQPUEUuN3UwBbng1LmEdhAF6nMEy53k0BkppADYnTxAggAFGXrJ6dZQESYwICYxNeI_A/ofertasv/?filter[tourOperator]=GRCS&filter%5Bperson%5D=2&filter%5BchildAge%5D%5B1%5D=20201210&filter%5Bchild%5D=1"
"Hydramis Palace Beach Resort","19421.0","15.07.2026 - 30.07.2026","16 dni/14 nocy","","4.2","4.2","652","tripadvisor","Все аэропорты","2026-07-13T05:43:40.996145+00:00","https://fly.pl/oferta/grecja-wczasy/?filter[dest]=14:&filter[hotelids]=&filter[cityids]=&filter[cregids]=&filter[ofrType]=&filter[addObjType]=&filter[whenFrom]=13-07-2026&filter[whenTo]=12-08-2026&filter[duration]=13:16&filter[from]=&filter[person]=2&filter[child]=1&filter[price]=4000:20000&filter[PriceFrom]=4000&filter[PriceTo]=20000&filter[addCategory]=40&filter[addCatering]=1&filter[addMisc]=0&filter[addTransport]=F&filter[fp]=1&order_by=ofr_price&filter[tourOperator]=0&filter[childAge][1]=20201210","https://fly.pl/cdn/photo/assets/uploads/582/278/2016/04/Hydramis-Palace.jpg","https://fly.pl/wycieczka/grecja,kreta-zachodnia,kavros/hydramis-palace/pJovuxJ1DPr-7qGgqqBD7SAAogCHc75LJg-Me_-Vi7jCNvrqU0gjnr63LpUx1qaPcwclIqBFJOQlcwnfbR0gZI3ZcBUEFYKmACagRCd2NEahcyOTYsMzgwLDQ3Nyw0ODMsNDg0LDQ4NXI1nwGeARUOWAEXAAoEQMQHEbQWGa9BUoQfUwAQT0vnU2EAHa6yQQ_NASD8x5EJDQACDGMBAgv09ef6/ofertasv/?filter[tourOperator]=RNBW&filter%5Bperson%5D=2&filter%5BchildAge%5D%5B1%5D=20201210&filter%5Bchild%5D=1"
"Kalyves Beach","19452.0","26.07.2026 - 09.08.2026","15 dni/14 nocy","","4.5","4.5","2577","tripadvisor","Все аэропорты","2026-07-13T05:43:40.996145+00:00","https://fly.pl/oferta/grecja-wczasy/?filter[dest]=14:&filter[hotelids]=&filter[cityids]=&filter[cregids]=&filter[ofrType]=&filter[addObjType]=&filter[whenFrom]=13-07-2026&filter[whenTo]=12-08-2026&filter[duration]=13:16&filter[from]=&filter[person]=2&filter[child]=1&filter[price]=4000:20000&filter[PriceFrom]=4000&filter[PriceTo]=20000&filter[addCategory]=40&filter[addCatering]=1&filter[addMisc]=0&filter[addTransport]=F&filter[fp]=1&order_by=ofr_price&filter[tourOperator]=0&filter[childAge][1]=20201210","https://fly.pl/cdn/photo/assets/uploads/582/278/2015/04/Kalyves-Beach.jpg","https://fly.pl/wycieczka/grecja,kreta-zachodnia,kalyves/kalyves-beach/pYDIORTkTexnCkEwdNPgnmAAogTbUBxj0Wf9dZHMBE00cZU6imbuSVbJJFRv-wBDE2jKgqBFJOQlcwnfbR0gZI_JcBUEFYsgJgAmoEQndjRGoXMjk2LDM4MCw0NzcsNDgzLDQ4NCw0ODVyNZ8BngEVDhcAWAEKBEDEBxF5EKs8Gb8aUoQfUwBLps0BYQAPk8NAHUkgtr-RCQ0AAgxjAQILaVwALA/ofertasv/?filter[tourOperator]=RNBW&filter%5Bperson%5D=2&filter%5BchildAge%5D%5B1%5D=20201210&filter%5Bchild%5D=1"
"Zeus Kos Beach","19457.0","21.07.2026 - 04.08.2026","15 dni/14 nocy","","4.2","4.2","203","tripadvisor","Все аэропорты","2026-07-13T05:43:40.996145+00:00","https://fly.pl/oferta/grecja-wczasy/?filter[dest]=14:&filter[hotelids]=&filter[cityids]=&filter[cregids]=&filter[ofrType]=&filter[addObjType]=&filter[whenFrom]=13-07-2026&filter[whenTo]=12-08-2026&filter[duration]=13:16&filter[from]=&filter[person]=2&filter[child]=1&filter[price]=4000:20000&filter[PriceFrom]=4000&filter[PriceTo]=20000&filter[addCategory]=40&filter[addCatering]=1&filter[addMisc]=0&filter[addTransport]=F&filter[fp]=1&order_by=ofr_price&filter[tourOperator]=0&filter[childAge][1]=20201210","https://fly.pl/cdn/photo/assets/uploads/582/278/2016/11/AMMOS-LUXURY-RESORT.jpg","https://fly.pl/wycieczka/grecja,kos,mastichari/ammos-mastichari/p02Hs3kRp12reSwAamwOmFAAogE61aMjdEXQUMmOF1RH523u8a_XrSpiF6IEGunFpiECcqBFZJVFgwnfbR0gZIgZgBUEFYugFgAnJAGgBcChUEFwBYAUCPA1unhgFT10VSAF7_M0vtQ2EATIysOSDd25gJDQBRn4ve8aUBT5LcPV3Q_cv9XwIMYwECCyUo6ik/ofertasv/?filter[tourOperator]=VITX&filter%5Bperson%5D=2&filter%5BchildAge%5D%5B1%5D=20201210&filter%5Bchild%5D=1"
"Eri Beach & Village","19495.0","27.07.2026 - 10.08.2026","16 dni/14 nocy","","3.1","3.1","827","tripadvisor","Все аэропорты","2026-07-13T05:43:40.996145+00:00","https://fly.pl/oferta/grecja-wczasy/?filter[dest]=14:&filter[hotelids]=&filter[cityids]=&filter[cregids]=&filter[ofrType]=&filter[addObjType]=&filter[whenFrom]=13-07-2026&filter[whenTo]=12-08-2026&filter[duration]=13:16&filter[from]=&filter[person]=2&filter[child]=1&filter[price]=4000:20000&filter[PriceFrom]=4000&filter[PriceTo]=20000&filter[addCategory]=40&filter[addCatering]=1&filter[addMisc]=0&filter[addTransport]=F&filter[fp]=1&order_by=ofr_price&filter[tourOperator]=0&filter[childAge][1]=20201210","https://fly.pl/cdn/photo/assets/uploads/582/278/2016/11/Eri-Beach.jpg","https://fly.pl/wycieczka/grecja,kreta,hersonissos/eri-beach-2/pnSPp8o1ikGvTUe5_lmw4GAAogBA0kHrRjsfo-zTgv10W_QTq0DAdxXLItJPeSGZmZQxsqBEJWQkUwnfbR0gZIp5gBUAFYygJgAmoCQUlyIxwRx6wBG9WwPxjAvhS5BNzhIKsEmZoFAbX_pbsDAgBjAQUKRayQew/ofertasv/?filter[tourOperator]=BVBE&filter%5Bperson%5D=2&filter%5BchildAge%5D%5B1%5D=20201210&filter%5Bchild%5D=1"
"Elinotel Apolamare","19775.0","15.07.2026 - 29.07.2026","15 dni/14 nocy","","3.9","3.9","388","tripadvisor","Все аэропорты","2026-07-13T05:43:40.996145+00:00","https://fly.pl/oferta/grecja-wczasy/?filter[dest]=14:&filter[hotelids]=&filter[cityids]=&filter[cregids]=&filter[ofrType]=&filter[addObjType]=&filter[whenFrom]=13-07-2026&filter[whenTo]=12-08-2026&filter[duration]=13:16&filter[from]=&filter[person]=2&filter[child]=1&filter[price]=4000:20000&filter[PriceFrom]=4000&filter[PriceTo]=20000&filter[addCategory]=40&filter[addCatering]=1&filter[addMisc]=0&filter[addTransport]=F&filter[fp]=1&order_by=ofr_price&filter[tourOperator]=0&filter[childAge][1]=20201210","https://fly.pl/cdn/photo/assets/uploads/582/278/2015/02/Apolamare-Hotel.jpg","https://fly.pl/wycieczka/grecja,chalkidiki,hanioti/elinotel-apolamare/pzV4eCLSBx-x47ZCP8F4rzAAog5gJw_5HjasxoFdNca3CAalGoARbpzJmqd1Cgrjv1Z9MqBFJOQlcwnfbR0gZIv5oBUEFYKmACagRCd2NEahcyOTYsMzgwLDQ3Nyw0ODMsNDg0LDQ4NXI2nwGeARUOFwBYAQoEQMQHEZ8ZGac-ENBCYf4DSwBStXtTAB2U9kAP5gMg0bORCQ0AAgxjAQILR1kqXw/ofertasv/?filter[tourOperator]=RNBW&filter%5Bperson%5D=2&filter%5BchildAge%5D%5B1%5D=20201210&filter%5Bchild%5D=1"
"Virginia (Kallithea)","19796.0","20.07.2026 - 03.08.2026","16 dni/14 nocy","","4.4","4.4","2454","tripadvisor","Все аэропорты","2026-07-13T05:43:40.996145+00:00","https://fly.pl/oferta/grecja-wczasy/?filter[dest]=14:&filter[hotelids]=&filter[cityids]=&filter[cregids]=&filter[ofrType]=&filter[addObjType]=&filter[whenFrom]=13-07-2026&filter[whenTo]=12-08-2026&filter[duration]=13:16&filter[from]=&filter[person]=2&filter[child]=1&filter[price]=4000:20000&filter[PriceFrom]=4000&filter[PriceTo]=20000&filter[addCategory]=40&filter[addCatering]=1&filter[addMisc]=0&filter[addTransport]=F&filter[fp]=1&order_by=ofr_price&filter[tourOperator]=0&filter[childAge][1]=20201210","https://fly.pl/cdn/photo/assets/uploads/582/278/2015/04/Virginia-Hotel.jpg","https://fly.pl/wycieczka/grecja,rodos,kallithea/virginia-kallithea/pgQHDEMv1ztsVzXqcV6-baAAogEu__0QDieZgHyM3MsEVY9LMY9ys_84uy04_nnjEOSCIqBFJOQlcwnfbR0gZI1JoBUEFYogFgAmoEQndjRGoXMjk2LDM4MCw0NzcsNDgzLDQ4NCw0ODVqDzQwNCw0MDcsNDA4LDUyMXI3nwGeAZwBFQ5YARcACgRAxAcRoycZsjAQ9Qdh02tLAFK4Q1MAD6uNQB0rIO6qkgkNAAIMYwECC9YPhR4/ofertasv/?filter[tourOperator]=RNBW&filter%5Bperson%5D=2&filter%5BchildAge%5D%5B1%5D=20201210&filter%5Bchild%5D=1"
"Lambi Resort","19856.0","14.07.2026 - 28.07.2026","15 dni/14 nocy","","3.9","3.9","510","tripadvisor","Все аэропорты","2026-07-13T05:43:40.996145+00:00","https://fly.pl/oferta/grecja-wczasy/?filter[dest]=14:&filter[hotelids]=&filter[cityids]=&filter[cregids]=&filter[ofrType]=&filter[addObjType]=&filter[whenFrom]=13-07-2026&filter[whenTo]=12-08-2026&filter[duration]=13:16&filter[from]=&filter[person]=2&filter[child]=1&filter[price]=4000:20000&filter[PriceFrom]=4000&filter[PriceTo]=20000&filter[addCategory]=40&filter[addCatering]=1&filter[addMisc]=0&filter[addTransport]=F&filter[fp]=1&order_by=ofr_price&filter[tourOperator]=0&filter[childAge][1]=20201210","https://fly.pl/cdn/photo/assets/uploads/582/278/2018/12/Lambi-Resort.jpg","https://fly.pl/wycieczka/grecja,kos,lambi/lambi-palace/pZfhkagqpvi9cZcXkFGWKoAAogJerBmfxA2IpBPNPghY9D9nw4e3kznPPCmj-IHa-eUSoqBFJOQlcwnfbR0gZIkJsBUEFYEmACagRCd2NEahcyOTYsMzgwLDQ3Nyw0ODMsNDg0LDQ4NXI1nwGeARUOFwBYAQoEQMQHEZk2GdogEPpQUtgfUwBL9zRhAA_Ss0AdIyDilpIJDQACDGMBAgssfRJ4/ofertasv/?filter[tourOperator]=RNBW&filter%5Bperson%5D=2&filter%5BchildAge%5D%5B1%5D=20201210&filter%5Bchild%5D=1"
"Castellum Suites (ex Continental Apartments)","19867.0","27.07.2026 - 09.08.2026","14 dni/13 nocy","","3.8","3.8","524","tripadvisor","Все аэропорты","2026-07-13T05:43:40.996145+00:00","https://fly.pl/oferta/grecja-wczasy/?filter[dest]=14:&filter[hotelids]=&filter[cityids]=&filter[cregids]=&filter[ofrType]=&filter[addObjType]=&filter[whenFrom]=13-07-2026&filter[whenTo]=12-08-2026&filter[duration]=13:16&filter[from]=&filter[person]=2&filter[child]=1&filter[price]=4000:20000&filter[PriceFrom]=4000&filter[PriceTo]=20000&filter[addCategory]=40&filter[addCatering]=1&filter[addMisc]=0&filter[addTransport]=F&filter[fp]=1&order_by=ofr_price&filter[tourOperator]=0&filter[childAge][1]=20201210","https://fly.pl/cdn/photo/assets/uploads/582/278/2018/12/Continental-Apartments-fly-pl.jpg","https://fly.pl/wycieczka/grecja,rodos,c/continental-apartments/plQqyg_A_eJL2-t4g1AfoAAAogXlekbmGBwn-seCPtuFIERiAxeW04XWEOKpfydjlReiMqBEVYSU0wnfbR0gZIm5sBUAFYygJgAmoCQUlyIhwR8vYGqwTpy0C5BIwDG5mrQRjCtkMBna2xlAwCAGMBAgu-trdh/ofertasv/?filter[tourOperator]=EXIM&filter%5Bperson%5D=2&filter%5BchildAge%5D%5B1%5D=20201210&filter%5Bchild%5D=1"
"Marvida Nuvon","19910.0","26.07.2026 - 10.08.2026","16 dni/14 nocy","","4.2","4.2","186","tripadvisor","Все аэропорты","2026-07-13T05:43:40.996145+00:00","https://fly.pl/oferta/grecja-wczasy/?filter[dest]=14:&filter[hotelids]=&filter[cityids]=&filter[cregids]=&filter[ofrType]=&filter[addObjType]=&filter[whenFrom]=13-07-2026&filter[whenTo]=12-08-2026&filter[duration]=13:16&filter[from]=&filter[person]=2&filter[child]=1&filter[price]=4000:20000&filter[PriceFrom]=4000&filter[PriceTo]=20000&filter[addCategory]=40&filter[addCatering]=1&filter[addMisc]=0&filter[addTransport]=F&filter[fp]=1&order_by=ofr_price&filter[tourOperator]=0&filter[childAge][1]=20201210","https://fly.pl/cdn/photo/assets/uploads/582/278/2015/11/Niriides-Beach-Bali.jpg","https://fly.pl/wycieczka/grecja,kreta-wschodnia,bali/niriides-beach-bali/pScyWxRj7HiDcTAcraZFCVAAogGWRswQ70dlvxTSmvyfaBiAAAAADQwQQA7MEEAA4AAQAqBFdFWlkwnfbR0gZIxpsBUEFYsgJgA2oLUnlhbmFpciBTdW5qBDAwNDBqBDAxMTVqBDAzMzByQJ4BlAGVAZgBHwAcAQIAFgQXCRKlBBO2CxHFaUDzB0vKJFAATLgKTwAbusQBHfOOECAcDYrLwQkBEmMBDWMBAgx7QHaG/ofertasv/?filter[tourOperator]=WEZY&filter%5Bperson%5D=2&filter%5BchildAge%5D%5B1%5D=20201210&filter%5Bchild%5D=1"
"Elinotel Sermilia Resort (ex. Bomo Cronwell Sermilia)","19918.0","18.07.2026 - 01.08.2026","15 dni/14 nocy","","3.8","3.8","210","tripadvisor","Все аэропорты","2026-07-13T05:43:40.996145+00:00","https://fly.pl/oferta/grecja-wczasy/?filter[dest]=14:&filter[hotelids]=&filter[cityids]=&filter[cregids]=&filter[ofrType]=&filter[addObjType]=&filter[whenFrom]=13-07-2026&filter[whenTo]=12-08-2026&filter[duration]=13:16&filter[from]=&filter[person]=2&filter[child]=1&filter[price]=4000:20000&filter[PriceFrom]=4000&filter[PriceTo]=20000&filter[addCategory]=40&filter[addCatering]=1&filter[addMisc]=0&filter[addTransport]=F&filter[fp]=1&order_by=ofr_price&filter[tourOperator]=0&filter[childAge][1]=20201210","https://fly.pl/cdn/photo/assets/uploads/582/278/2015/06/ace51f02b6f338f488ef08630ea127c1256fa3044b889314275e4a932f9fc24a.jpg","https://fly.pl/wycieczka/grecja,chalkidiki,psakoudia/cronwell-sermilia-resort/p6ZxYu4ZLhHV3llPM764PuAAognTUMWpFvvZEhK_4oNzwC74sYLkcvWHnOc5wUIEnXTioqBFJOQlcwnfbR0gZIzpsBUEFYcmACagRCd2NEahcyOTYsMzgwLDQ3Nyw0ODMsNDg0LDQ4NWoHNDA3LDQwOHI3nwGeAZwBFQ4XAFgBCgRAxAcR2zcZ6x8Q-lRh3R5LAFKsTlMAHbSpQQ8rIO-DkQkNAAIMYwECC9FOgQ4/ofertasv/?filter[tourOperator]=RNBW&filter%5Bperson%5D=2&filter%5BchildAge%5D%5B1%5D=20201210&filter%5Bchild%5D=1"
