"hotel_name","price","dates","duration","rating","ta_rating","ta_review_count","ta_source","departure_airport","scraped_at","url","image_url","offer_url","filter_id","country","region","resort","departure_date","return_date","days","nights","origin_scope","pax_profile","departure_key"
"Rewaya Majestic Resort Egipt, Hurghada","6725.0","25.10.2026 - 01.11.2026","9 dni/7 nocy","","","","","Warszawa%20-%20Radom","2026-08-03T00:12:41.729447+00:00","https://fly.pl/oferta/egipt-wczasy/?filter[dest]=11:&filter[hotelids]=&filter[cityids]=&filter[cregids]=&filter[ofrType]=&filter[addObjType]=&filter[whenFrom]=10-10-2026&filter[whenTo]=05-11-2026&filter[duration]=7:10&filter[from]=Warszawa%20-%20Radom,Warszawa,Warszawa%20-%20Modlin&filter[person]=2&filter[child]=1&filter[price]=0:11000&filter[PriceFrom]=0&filter[PriceTo]=11000&filter[addCategory]=50&filter[addCatering]=1&filter[addMisc]=0&filter[addTransport]=F&filter[fp]=1&order_by=ofr_price&filter[tourOperator]=0&filter[childAge][1]=20201210","https://datacfstatic.merlinx.pl/OASI/IMG/24140/e3a15b238b2d30f27199dd0e48d3c85c0bc5e06a1c321d66bdb885dd7a89e111.webp","https://fly.pl/wycieczka/egipt,hurghada,c/rewaya-majestic-resort-10/pIMHCE6yM5w5dV2HmBntQOAAogRb2h3qvx8Co9yRy3uF6rimsfmPE5MosFyu9Bpr8s0iIqBE9BU0kw-rm_0wZIxTRQAVjHD2ACagNVQUlyIRwRzLwBqwTn4Q-5BB0bu88MGMPkEwGg5ICZAgIAYwECDZdKPOY/ofertasv/?filter[tourOperator]=OASI&filter%5Bperson%5D=2&filter%5BchildAge%5D%5B1%5D=20201210&filter%5Bchild%5D=1","filter_egypt_autumn_2026_7_10_days","egipt","hurghada","c","2026-10-25","2026-11-01","9","7","Warszawa - Radom","2+1","egipt|hurghada|2026-10-25|2026-11-01|7|Warszawa - Radom|2+1"
"Royal Lagoons Aqua (ex. Premium Blue) Egipt, Hurghada","7255.0","20.10.2026 - 27.10.2026","8 dni/7 nocy","4.2","4.2","4300","tripadvisor","Warszawa%20-%20Radom","2026-08-03T00:12:41.729447+00:00","https://fly.pl/oferta/egipt-wczasy/?filter[dest]=11:&filter[hotelids]=&filter[cityids]=&filter[cregids]=&filter[ofrType]=&filter[addObjType]=&filter[whenFrom]=10-10-2026&filter[whenTo]=05-11-2026&filter[duration]=7:10&filter[from]=Warszawa%20-%20Radom,Warszawa,Warszawa%20-%20Modlin&filter[person]=2&filter[child]=1&filter[price]=0:11000&filter[PriceFrom]=0&filter[PriceTo]=11000&filter[addCategory]=50&filter[addCatering]=1&filter[addMisc]=0&filter[addTransport]=F&filter[fp]=1&order_by=ofr_price&filter[tourOperator]=0&filter[childAge][1]=20201210","https://fly.pl/cdn/photo/assets/uploads/582/278/2014/10/Royal-Lagoons-Aqua.jpg","https://fly.pl/wycieczka/egipt,hurghada,c/premium-blue-lagoon-ex-pyramisa-blue-lagoon/p_KBm0_XcdKTs4HPFMo3kaAAogpe-HhmiACix2IKh33cgMb5-aPgbvqzMYNpZIVqwcgJMqBEpPSVAw-rm_0wZI1zhQQVjPDmACagNDR21yQpsBFAEVBhcAXANYBVYCQMoGT-IBXQBSr6sBUwBer08RhzJL5hFhAEzljDoNr_2XCSAAAZfDiPmihsygMAIOYwEADfgwt0w/ofertasv/?filter[tourOperator]=JOIP&filter%5Bperson%5D=2&filter%5BchildAge%5D%5B1%5D=20201210&filter%5Bchild%5D=1","filter_egypt_autumn_2026_7_10_days","egipt","hurghada","c","2026-10-20","2026-10-27","8","7","Warszawa - Radom","2+1","egipt|hurghada|2026-10-20|2026-10-27|7|Warszawa - Radom|2+1"
"Amarina Queen Resort Egipt, Marsa Alam","7272.0","17.10.2026 - 24.10.2026","8 dni/7 nocy","4.7","4.7","1144","tripadvisor","Warszawa%20-%20Radom","2026-08-03T00:12:41.729447+00:00","https://fly.pl/oferta/egipt-wczasy/?filter[dest]=11:&filter[hotelids]=&filter[cityids]=&filter[cregids]=&filter[ofrType]=&filter[addObjType]=&filter[whenFrom]=10-10-2026&filter[whenTo]=05-11-2026&filter[duration]=7:10&filter[from]=Warszawa%20-%20Radom,Warszawa,Warszawa%20-%20Modlin&filter[person]=2&filter[child]=1&filter[price]=0:11000&filter[PriceFrom]=0&filter[PriceTo]=11000&filter[addCategory]=50&filter[addCatering]=1&filter[addMisc]=0&filter[addTransport]=F&filter[fp]=1&order_by=ofr_price&filter[tourOperator]=0&filter[childAge][1]=20201210","https://fly.pl/cdn/photo/assets/uploads/582/278/2024/07/amarina-queen-resort.jpg","https://fly.pl/wycieczka/egipt,marsa-alam,c/amarina-queen-resort-12/pYhqC3RWFZBmQJhewIEacyAAoguGpm1udahtSKGC-ZJV5132ECgtijhDrT6bu4Y7o874kqBE9SRVgw-rm_0wZI6DhQQViHDmACagZESS4yLjFyNpsBFQcXAFwDWAVWAkDKBhGAFF2DEE8kXpnYAVO8FFIAS7EvYQBM5Yw6IKz9lwkNAAISYwECDAAmYQQ/ofertasv/?filter[tourOperator]=OREX&filter%5Bperson%5D=2&filter%5BchildAge%5D%5B1%5D=20201210&filter%5Bchild%5D=1","filter_egypt_autumn_2026_7_10_days","egipt","marsa-alam","c","2026-10-17","2026-10-24","8","7","Warszawa - Radom","2+1","egipt|marsa-alam|2026-10-17|2026-10-24|7|Warszawa - Radom|2+1"
"AMC Royal Hotel & Spa (ex. AMC Azur Resort) Egipt, Hurghada","7295.0","29.10.2026 - 05.11.2026","8 dni/7 nocy","4.4","4.4","3041","tripadvisor","Warszawa%20-%20Radom","2026-08-03T00:12:41.729447+00:00","https://fly.pl/oferta/egipt-wczasy/?filter[dest]=11:&filter[hotelids]=&filter[cityids]=&filter[cregids]=&filter[ofrType]=&filter[addObjType]=&filter[whenFrom]=10-10-2026&filter[whenTo]=05-11-2026&filter[duration]=7:10&filter[from]=Warszawa%20-%20Radom,Warszawa,Warszawa%20-%20Modlin&filter[person]=2&filter[child]=1&filter[price]=0:11000&filter[PriceFrom]=0&filter[PriceTo]=11000&filter[addCategory]=50&filter[addCatering]=1&filter[addMisc]=0&filter[addTransport]=F&filter[fp]=1&order_by=ofr_price&filter[tourOperator]=0&filter[childAge][1]=20201210","https://fly.pl/cdn/photo/assets/uploads/582/278/2014/07/AMC-Royal-Resort.jpg","https://fly.pl/wycieczka/egipt,hurghada,c/amc-royal-ex-amc-azur-resort/puGx10U8K-SQEh4LYSQnFIAAogEeD8sdM0_6YSeso2VpnVRxLqCxxQb8S86Hh0k4aD-ioqBE9SRVgw-rm_0wZI_zhQQVinEGACagVFLjIuMXI1mwEVBxcAXANYBVYCEQRAxgZdmw9PJFPSnQFSAF6vT0vtQ2EATOWMOiC4_ZcJDQACEmMBAgyZgSE6/ofertasv/?filter[tourOperator]=OREX&filter%5Bperson%5D=2&filter%5BchildAge%5D%5B1%5D=20201210&filter%5Bchild%5D=1","filter_egypt_autumn_2026_7_10_days","egipt","hurghada","c","2026-10-29","2026-11-05","8","7","Warszawa - Radom","2+1","egipt|hurghada|2026-10-29|2026-11-05|7|Warszawa - Radom|2+1"
"Mercure Dahab Bay View Egipt, Dahab","7532.0","10.10.2026 - 17.10.2026","8 dni/7 nocy","4.4","4.4","1228","tripadvisor","Warszawa%20-%20Radom","2026-08-03T00:12:41.729447+00:00","https://fly.pl/oferta/egipt-wczasy/?filter[dest]=11:&filter[hotelids]=&filter[cityids]=&filter[cregids]=&filter[ofrType]=&filter[addObjType]=&filter[whenFrom]=10-10-2026&filter[whenTo]=05-11-2026&filter[duration]=7:10&filter[from]=Warszawa%20-%20Radom,Warszawa,Warszawa%20-%20Modlin&filter[person]=2&filter[child]=1&filter[price]=0:11000&filter[PriceFrom]=0&filter[PriceTo]=11000&filter[addCategory]=50&filter[addCatering]=1&filter[addMisc]=0&filter[addTransport]=F&filter[fp]=1&order_by=ofr_price&filter[tourOperator]=0&filter[childAge][1]=20201210","https://fly.pl/cdn/photo/assets/uploads/582/278/2014/09/Ecotel-Dahab-Resort.jpg","https://fly.pl/wycieczka/egipt,dahab,c/mercure-dahab-bay-view/pjhsmAFs_rHXbIH6lZBtW8AAogDte7oCU9PhRJZzBhNtOfRwAAAACZhAQAtoQEAAcAEgAqBFdFWlkw-rm_0wZI7DpQQVjfDGADaglFbnRlciBBaXJqBDA4MDByQ54BlQEfAAIBHAAWBBcCEu0DGIUFE80BFMkEEbwdQNZUTKCiAU8AS8cjUAAbu8gMHdb5AiAdDdzHwgkBEmMBDGMBAgULr42-/ofertasv/?filter[tourOperator]=WEZY&filter%5Bperson%5D=2&filter%5BchildAge%5D%5B1%5D=20201210&filter%5Bchild%5D=1","filter_egypt_autumn_2026_7_10_days","egipt","dahab","c","2026-10-10","2026-10-17","8","7","Warszawa - Radom","2+1","egipt|dahab|2026-10-10|2026-10-17|7|Warszawa - Radom|2+1"
"Parrotel Lagoon Resort Egipt, Sharm El Sheikh, Szarm el-Szejk","7664.0","11.10.2026 - 18.10.2026","8 dni/7 nocy","4.1","4.1","1763","tripadvisor","Warszawa%20-%20Radom","2026-08-03T00:12:41.729447+00:00","https://fly.pl/oferta/egipt-wczasy/?filter[dest]=11:&filter[hotelids]=&filter[cityids]=&filter[cregids]=&filter[ofrType]=&filter[addObjType]=&filter[whenFrom]=10-10-2026&filter[whenTo]=05-11-2026&filter[duration]=7:10&filter[from]=Warszawa%20-%20Radom,Warszawa,Warszawa%20-%20Modlin&filter[person]=2&filter[child]=1&filter[price]=0:11000&filter[PriceFrom]=0&filter[PriceTo]=11000&filter[addCategory]=50&filter[addCatering]=1&filter[addMisc]=0&filter[addTransport]=F&filter[fp]=1&order_by=ofr_price&filter[tourOperator]=0&filter[childAge][1]=20201210","https://fly.pl/cdn/photo/assets/uploads/582/278/2020/10/Parrotel-Lagoon-Resort.jpg","https://fly.pl/wycieczka/egipt,sharm-el-sheikh,szarm-el-szejk/parrotel-lagoon-resort-14/p30x1ZlWrV_Cp80_YHJRFZAAogsThPmbFI_EOhjjibRrk5-AiPgYhrkVrHHSR3tH9QMnYqBEpPSVAw-rm_0wZI8DtQQVj3DGACagMwMHdyQpsBFAEVBhcAXANYBVYCQMoGT-IBXQBe3voBUqYgUwBLxyNhABHdV0yItTkNpv2XCSAAAbHX5MCkicygMAIOYwEADd0NblU/ofertasv/?filter[tourOperator]=JOIP&filter%5Bperson%5D=2&filter%5BchildAge%5D%5B1%5D=20201210&filter%5Bchild%5D=1","filter_egypt_autumn_2026_7_10_days","egipt","sharm-el-sheikh","szarm-el-szejk","2026-10-11","2026-10-18","8","7","Warszawa - Radom","2+1","egipt|sharm-el-sheikh|2026-10-11|2026-10-18|7|Warszawa - Radom|2+1"
"Dream Lagoon & Aqua Park Resort (ex. Floriana Dream Lagoon) Egipt, Marsa Alam","7745.0","17.10.2026 - 24.10.2026","8 dni/7 nocy","4.3","4.3","5623","tripadvisor","Warszawa%20-%20Radom","2026-08-03T00:12:41.729447+00:00","https://fly.pl/oferta/egipt-wczasy/?filter[dest]=11:&filter[hotelids]=&filter[cityids]=&filter[cregids]=&filter[ofrType]=&filter[addObjType]=&filter[whenFrom]=10-10-2026&filter[whenTo]=05-11-2026&filter[duration]=7:10&filter[from]=Warszawa%20-%20Radom,Warszawa,Warszawa%20-%20Modlin&filter[person]=2&filter[child]=1&filter[price]=0:11000&filter[PriceFrom]=0&filter[PriceTo]=11000&filter[addCategory]=50&filter[addCatering]=1&filter[addMisc]=0&filter[addTransport]=F&filter[fp]=1&order_by=ofr_price&filter[tourOperator]=0&filter[childAge][1]=20201210","https://fly.pl/cdn/photo/assets/uploads/582/278/2015/11/Future-Dream-Lagoon-ex.-Floriana-Dream-Lagoon-fly-pl.jpg","https://fly.pl/wycieczka/egipt,marsa-alam,c/floriana-dream-lagoon/pCMBMYhRuaYczPT6T71ciXAAogCBBrYiyNM3YbPxv6UmQ9NGECgtijhDrT6bu4Y7o874kqBE9SRVgw-rm_0wZIwTxQQViHDmACagYwWi4yLjFyNpsBFQcXAFwDWAVWAkDKBhHfDl2kFU8kXpnYAVO8FFIAS7EvYQBM5Yw6IKz9lwkNAAISYwECDe9M17E/ofertasv/?filter[tourOperator]=OREX&filter%5Bperson%5D=2&filter%5BchildAge%5D%5B1%5D=20201210&filter%5Bchild%5D=1","filter_egypt_autumn_2026_7_10_days","egipt","marsa-alam","c","2026-10-17","2026-10-24","8","7","Warszawa - Radom","2+1","egipt|marsa-alam|2026-10-17|2026-10-24|7|Warszawa - Radom|2+1"
"Regency Plaza Aqua Park Spa Egipt, Sharm El Sheikh, Szarm el-Szejk","7887.0","13.10.2026 - 21.10.2026","9 dni/7 nocy","4.1","4.1","6082","tripadvisor","Warszawa%20-%20Radom","2026-08-03T00:12:41.729447+00:00","https://fly.pl/oferta/egipt-wczasy/?filter[dest]=11:&filter[hotelids]=&filter[cityids]=&filter[cregids]=&filter[ofrType]=&filter[addObjType]=&filter[whenFrom]=10-10-2026&filter[whenTo]=05-11-2026&filter[duration]=7:10&filter[from]=Warszawa%20-%20Radom,Warszawa,Warszawa%20-%20Modlin&filter[person]=2&filter[child]=1&filter[price]=0:11000&filter[PriceFrom]=0&filter[PriceTo]=11000&filter[addCategory]=50&filter[addCatering]=1&filter[addMisc]=0&filter[addTransport]=F&filter[fp]=1&order_by=ofr_price&filter[tourOperator]=0&filter[childAge][1]=20201210","https://fly.pl/cdn/photo/assets/uploads/582/278/2014/07/Regency-Plaza-Aqua-Park-Spa-fly-pl.jpg","https://fly.pl/wycieczka/egipt,sharm-el-sheikh,szarm-el-szejk/regency-plaza/p9PE1VsGWetNprjMZnBo8eAAogbHQGe-RgabBC3pMxgqD5c6wUq41U7_yqXq-xB6ZodycqBEVYSU0w-rm_0wZIzz1QAVinDWACagJBSXIhHBGNyga5BLP2PasEGxv_pjwYq_Q9Aan92u4KAgBjAQINaoV5JA/ofertasv/?filter[tourOperator]=EXIM&filter%5Bperson%5D=2&filter%5BchildAge%5D%5B1%5D=20201210&filter%5Bchild%5D=1","filter_egypt_autumn_2026_7_10_days","egipt","sharm-el-sheikh","szarm-el-szejk","2026-10-13","2026-10-21","9","7","Warszawa - Radom","2+1","egipt|sharm-el-sheikh|2026-10-13|2026-10-21|7|Warszawa - Radom|2+1"
"Sea Star Beau Rivage Egipt, Hurghada","7913.0","20.10.2026 - 27.10.2026","8 dni/7 nocy","4.5","4.5","4179","tripadvisor","Warszawa%20-%20Radom","2026-08-03T00:12:41.729447+00:00","https://fly.pl/oferta/egipt-wczasy/?filter[dest]=11:&filter[hotelids]=&filter[cityids]=&filter[cregids]=&filter[ofrType]=&filter[addObjType]=&filter[whenFrom]=10-10-2026&filter[whenTo]=05-11-2026&filter[duration]=7:10&filter[from]=Warszawa%20-%20Radom,Warszawa,Warszawa%20-%20Modlin&filter[person]=2&filter[child]=1&filter[price]=0:11000&filter[PriceFrom]=0&filter[PriceTo]=11000&filter[addCategory]=50&filter[addCatering]=1&filter[addMisc]=0&filter[addTransport]=F&filter[fp]=1&order_by=ofr_price&filter[tourOperator]=0&filter[childAge][1]=20201210","https://fly.pl/cdn/photo/assets/uploads/582/278/2014/07/Sea-Star-Beau-Rivage-fly-pl.jpg","https://fly.pl/wycieczka/egipt,hurghada,c/sea-star-beau-rivage/pVsBK6EOeRfzqa54asUCiCAAogWzllsSxKLApvPTl2cC_E_Z-aPgbvqzMYNpZIVqwcgJMqBEpPSVAw-rm_0wZI6T1QQVjPDmACagMwZmRyQpsBFAEVBhcAXANYBVYCQMoGT-IBXQBSr6sBUwARxxpe6DRL7UNhAEzljDoNr_2XCSAAAabP7JiVhsygMAINYwEADHnqxYU/ofertasv/?filter[tourOperator]=JOIP&filter%5Bperson%5D=2&filter%5BchildAge%5D%5B1%5D=20201210&filter%5Bchild%5D=1","filter_egypt_autumn_2026_7_10_days","egipt","hurghada","c","2026-10-20","2026-10-27","8","7","Warszawa - Radom","2+1","egipt|hurghada|2026-10-20|2026-10-27|7|Warszawa - Radom|2+1"
"Movenpick Resort Soma Bay Egipt, Hurghada","7920.0","29.10.2026 - 05.11.2026","8 dni/7 nocy","4.3","4.3","3951","tripadvisor","Warszawa%20-%20Radom","2026-08-03T00:12:41.729447+00:00","https://fly.pl/oferta/egipt-wczasy/?filter[dest]=11:&filter[hotelids]=&filter[cityids]=&filter[cregids]=&filter[ofrType]=&filter[addObjType]=&filter[whenFrom]=10-10-2026&filter[whenTo]=05-11-2026&filter[duration]=7:10&filter[from]=Warszawa%20-%20Radom,Warszawa,Warszawa%20-%20Modlin&filter[person]=2&filter[child]=1&filter[price]=0:11000&filter[PriceFrom]=0&filter[PriceTo]=11000&filter[addCategory]=50&filter[addCatering]=1&filter[addMisc]=0&filter[addTransport]=F&filter[fp]=1&order_by=ofr_price&filter[tourOperator]=0&filter[childAge][1]=20201210","https://fly.pl/cdn/photo/assets/uploads/582/278/2009/02/Movenpick-Soma-Bay2539.jpg","https://fly.pl/wycieczka/egipt,hurghada,c/movenpick-soma-bay/pBu7tGb76qmkdetz-uXq4uAAog1xC40B2Cc-pKOz-wGL-X5xLqCxxQb8S86Hh0k4aD-ioqBE9SRVgw-rm_0wZI8D1QQVinEGACagdCSzQuMi4xcjWbARUHFwBcA1gFVgJAygYREl2JD08kU9KdAVIAXq9PS-1DYQBM5Yw6ILj9lwkNAAISYwECCxL8Vaw/ofertasv/?filter[tourOperator]=OREX&filter%5Bperson%5D=2&filter%5BchildAge%5D%5B1%5D=20201210&filter%5Bchild%5D=1","filter_egypt_autumn_2026_7_10_days","egipt","hurghada","c","2026-10-29","2026-11-05","8","7","Warszawa - Radom","2+1","egipt|hurghada|2026-10-29|2026-11-05|7|Warszawa - Radom|2+1"
"Sharm Grand Plaza Resort Egipt, Sharm El Sheikh","7947.0","13.10.2026 - 21.10.2026","9 dni/7 nocy","4.4","4.4","9416","tripadvisor","Warszawa%20-%20Radom","2026-08-03T00:12:41.729447+00:00","https://fly.pl/oferta/egipt-wczasy/?filter[dest]=11:&filter[hotelids]=&filter[cityids]=&filter[cregids]=&filter[ofrType]=&filter[addObjType]=&filter[whenFrom]=10-10-2026&filter[whenTo]=05-11-2026&filter[duration]=7:10&filter[from]=Warszawa%20-%20Radom,Warszawa,Warszawa%20-%20Modlin&filter[person]=2&filter[child]=1&filter[price]=0:11000&filter[PriceFrom]=0&filter[PriceTo]=11000&filter[addCategory]=50&filter[addCatering]=1&filter[addMisc]=0&filter[addTransport]=F&filter[fp]=1&order_by=ofr_price&filter[tourOperator]=0&filter[childAge][1]=20201210","https://fly.pl/cdn/photo/assets/uploads/582/278/2014/07/SHARM-GRAND-PLAZA-RESORT-1.jpg","https://fly.pl/wycieczka/egipt,sharm-el-sheikh,c/grand-plaza-resort/pjpP2ZygqtHX88N5omV15lAAogBB5dmdx4JpA8W-_ITFB8KKwUq41U7_yqXq-xB6ZodycqBEVYSU0w-rm_0wZIiz5QAVinDWACagJBSXIhHBGKyga5BLb2PasEGxubpzwY1_M9AZjj2u4KAgBjAQILyZ1J0A/ofertasv/?filter[tourOperator]=EXIM&filter%5Bperson%5D=2&filter%5BchildAge%5D%5B1%5D=20201210&filter%5Bchild%5D=1","filter_egypt_autumn_2026_7_10_days","egipt","sharm-el-sheikh","c","2026-10-13","2026-10-21","9","7","Warszawa - Radom","2+1","egipt|sharm-el-sheikh|2026-10-13|2026-10-21|7|Warszawa - Radom|2+1"
"Siva Golden Bay Makadi Egipt, Hurghada, Makadi Bay","7987.0","15.10.2026 - 22.10.2026","8 dni/7 nocy","4.6","4.6","837","tripadvisor","Warszawa%20-%20Radom","2026-08-03T00:12:41.729447+00:00","https://fly.pl/oferta/egipt-wczasy/?filter[dest]=11:&filter[hotelids]=&filter[cityids]=&filter[cregids]=&filter[ofrType]=&filter[addObjType]=&filter[whenFrom]=10-10-2026&filter[whenTo]=05-11-2026&filter[duration]=7:10&filter[from]=Warszawa%20-%20Radom,Warszawa,Warszawa%20-%20Modlin&filter[person]=2&filter[child]=1&filter[price]=0:11000&filter[PriceFrom]=0&filter[PriceTo]=11000&filter[addCategory]=50&filter[addCatering]=1&filter[addMisc]=0&filter[addTransport]=F&filter[fp]=1&order_by=ofr_price&filter[tourOperator]=0&filter[childAge][1]=20201210","https://fly.pl/cdn/photo/assets/uploads/582/278/2024/07/siva-golden-bay-makadi.jpg","https://fly.pl/wycieczka/egipt,hurghada,makadi-bay/siva-golden-bay-makadi-10/pvxAMMOqF_i-oaPCPp9Mz4AAogeUh2rJD3nWEoHqz9R-1PXEeY0cHKMlwUtUEW4JLEsTgqBEVYSU0w-rm_0wZIsz5QAVjXDWACagJBSXIhHBHGuwa5BOL_PasEHBvv5C8Yhto2AYuOtYsJAgBjAQIHzvPmzQ/ofertasv/?filter[tourOperator]=EXIM&filter%5Bperson%5D=2&filter%5BchildAge%5D%5B1%5D=20201210&filter%5Bchild%5D=1","filter_egypt_autumn_2026_7_10_days","egipt","hurghada","makadi-bay","2026-10-15","2026-10-22","8","7","Warszawa - Radom","2+1","egipt|hurghada|2026-10-15|2026-10-22|7|Warszawa - Radom|2+1"
"Old Palace Resort Egipt, Hurghada","8003.0","25.10.2026 - 01.11.2026","9 dni/7 nocy","4.6","4.6","3524","tripadvisor","Warszawa%20-%20Radom","2026-08-03T00:12:41.729447+00:00","https://fly.pl/oferta/egipt-wczasy/?filter[dest]=11:&filter[hotelids]=&filter[cityids]=&filter[cregids]=&filter[ofrType]=&filter[addObjType]=&filter[whenFrom]=10-10-2026&filter[whenTo]=05-11-2026&filter[duration]=7:10&filter[from]=Warszawa%20-%20Radom,Warszawa,Warszawa%20-%20Modlin&filter[person]=2&filter[child]=1&filter[price]=0:11000&filter[PriceFrom]=0&filter[PriceTo]=11000&filter[addCategory]=50&filter[addCatering]=1&filter[addMisc]=0&filter[addTransport]=F&filter[fp]=1&order_by=ofr_price&filter[tourOperator]=0&filter[childAge][1]=20201210","https://fly.pl/cdn/photo/assets/uploads/582/278/2015/03/Old-Palace-Resort-Sahl-Hasheesh.jpg","https://fly.pl/wycieczka/egipt,hurghada,c/old-palace-resort/p9LbMFMEWe5cxwJ4xoMvaSAAogkaNoLCFinefbS_DnrPR-FWsfmPE5MosFyu9Bpr8s0iIqBE9BU0kw-rm_0wZIwz5QAVjHD2ACagNBSWxyIRwRka8BqwSi7w-5BB0b_dANGKfiEgH43YmZAgIAYwECCxr0njM/ofertasv/?filter[tourOperator]=OASI&filter%5Bperson%5D=2&filter%5BchildAge%5D%5B1%5D=20201210&filter%5Bchild%5D=1","filter_egypt_autumn_2026_7_10_days","egipt","hurghada","c","2026-10-25","2026-11-01","9","7","Warszawa - Radom","2+1","egipt|hurghada|2026-10-25|2026-11-01|7|Warszawa - Radom|2+1"
"Dreams Vacation Egipt, Sharm El Sheikh, Szarm el-Szejk","8067.0","13.10.2026 - 21.10.2026","9 dni/7 nocy","3.8","3.8","1125","tripadvisor","Warszawa%20-%20Radom","2026-08-03T00:12:41.729447+00:00","https://fly.pl/oferta/egipt-wczasy/?filter[dest]=11:&filter[hotelids]=&filter[cityids]=&filter[cregids]=&filter[ofrType]=&filter[addObjType]=&filter[whenFrom]=10-10-2026&filter[whenTo]=05-11-2026&filter[duration]=7:10&filter[from]=Warszawa%20-%20Radom,Warszawa,Warszawa%20-%20Modlin&filter[person]=2&filter[child]=1&filter[price]=0:11000&filter[PriceFrom]=0&filter[PriceTo]=11000&filter[addCategory]=50&filter[addCatering]=1&filter[addMisc]=0&filter[addTransport]=F&filter[fp]=1&order_by=ofr_price&filter[tourOperator]=0&filter[childAge][1]=20201210","https://fly.pl/cdn/photo/assets/uploads/582/278/2014/07/Dreams-Vacation-fly-pl.jpg","https://fly.pl/wycieczka/egipt,sharm-el-sheikh,szarm-el-szejk/dreams-vacation/p6ZvMjKkTzkPt6yBXflOhrAAogF5_sMG2MTXoXa6YjBlH1PawUq41U7_yqXq-xB6ZodycqBEVYSU0w-rm_0wZIgz9QAVinDWACagJBSXIhHBGcuwa5BKSFPqsEGxuqijAY6_c2AezC75QJAgBjAQILWQ0CDA/ofertasv/?filter[tourOperator]=EXIM&filter%5Bperson%5D=2&filter%5BchildAge%5D%5B1%5D=20201210&filter%5Bchild%5D=1","filter_egypt_autumn_2026_7_10_days","egipt","sharm-el-sheikh","szarm-el-szejk","2026-10-13","2026-10-21","9","7","Warszawa - Radom","2+1","egipt|sharm-el-sheikh|2026-10-13|2026-10-21|7|Warszawa - Radom|2+1"
"IL Mercato (ex. Iberotel Il Mercato) Egipt, Sharm El Sheikh","8067.0","10.10.2026 - 17.10.2026","8 dni/7 nocy","4.4","4.4","2226","tripadvisor","Warszawa%20-%20Radom","2026-08-03T00:12:41.729447+00:00","https://fly.pl/oferta/egipt-wczasy/?filter[dest]=11:&filter[hotelids]=&filter[cityids]=&filter[cregids]=&filter[ofrType]=&filter[addObjType]=&filter[whenFrom]=10-10-2026&filter[whenTo]=05-11-2026&filter[duration]=7:10&filter[from]=Warszawa%20-%20Radom,Warszawa,Warszawa%20-%20Modlin&filter[person]=2&filter[child]=1&filter[price]=0:11000&filter[PriceFrom]=0&filter[PriceTo]=11000&filter[addCategory]=50&filter[addCatering]=1&filter[addMisc]=0&filter[addTransport]=F&filter[fp]=1&order_by=ofr_price&filter[tourOperator]=0&filter[childAge][1]=20201210","https://fly.pl/cdn/photo/assets/uploads/582/278/2014/07/Il-Mercato-Hotel-Spa-Sharm-El-Sheikh.jpg","https://fly.pl/wycieczka/egipt,sharm-el-sheikh,c/iberotel-il-mercato/p8LVrn7x5AKSfbdJP878juAAogodlmymwqAIFg5uXGFqZaLwAAAACZhAQAtoQEAAcAEgAqBFdFWlkw-rm_0wZIgz9QQVjfDGADaglFbnRlciBBaXJqBDA4MDByQp4BlQEfAAIBHAAWBBcCEu0DGIUFE80BFMkEEecQQKthTKCiAU8AS8cjUAAbnDEd9ZAPIB0N3MfCCQESYwEMYwECBZse_2s/ofertasv/?filter[tourOperator]=WEZY&filter%5Bperson%5D=2&filter%5BchildAge%5D%5B1%5D=20201210&filter%5Bchild%5D=1","filter_egypt_autumn_2026_7_10_days","egipt","sharm-el-sheikh","c","2026-10-10","2026-10-17","8","7","Warszawa - Radom","2+1","egipt|sharm-el-sheikh|2026-10-10|2026-10-17|7|Warszawa - Radom|2+1"
"Rewaya Luxury Resort Egipt, Hurghada","8081.0","29.10.2026 - 05.11.2026","8 dni/7 nocy","","","","","Warszawa%20-%20Radom","2026-08-03T00:12:41.729447+00:00","https://fly.pl/oferta/egipt-wczasy/?filter[dest]=11:&filter[hotelids]=&filter[cityids]=&filter[cregids]=&filter[ofrType]=&filter[addObjType]=&filter[whenFrom]=10-10-2026&filter[whenTo]=05-11-2026&filter[duration]=7:10&filter[from]=Warszawa%20-%20Radom,Warszawa,Warszawa%20-%20Modlin&filter[person]=2&filter[child]=1&filter[price]=0:11000&filter[PriceFrom]=0&filter[PriceTo]=11000&filter[addCategory]=50&filter[addCatering]=1&filter[addMisc]=0&filter[addTransport]=F&filter[fp]=1&order_by=ofr_price&filter[tourOperator]=0&filter[childAge][1]=20201210","https://datacfstatic.merlinx.pl/EXIM/IMG/113478/d4eb92cfe350c7a33d54f02107ec3a32db9ef7ad1d4e95c8b7b4944e33e5d7b4.webp","https://fly.pl/wycieczka/egipt,hurghada,c/rewaya-luxury-resort-9/pgmON3_iVIWLELZSwQs29XAAoguf9y-lqlmGB2zVG0NLYcOmSr15Jod7NI_ZeeP2cCHt0qBEVYSU0w-rm_0wZIkT9QAVinEGACaglTdXBlciBVQUlyIxwRxvYGuQTkxD2rBL2KChu74TsYy5xRAaKqkLMNAgBjAQINw02MKg/ofertasv/?filter[tourOperator]=EXIM&filter%5Bperson%5D=2&filter%5BchildAge%5D%5B1%5D=20201210&filter%5Bchild%5D=1","filter_egypt_autumn_2026_7_10_days","egipt","hurghada","c","2026-10-29","2026-11-05","8","7","Warszawa - Radom","2+1","egipt|hurghada|2026-10-29|2026-11-05|7|Warszawa - Radom|2+1"
"Bellagio Beach Resort & Spa (ex. Panorama Bungalows Hurghada) Egipt, Hurghada","8108.0","20.10.2026 - 27.10.2026","8 dni/7 nocy","4.3","4.3","4432","tripadvisor","Warszawa%20-%20Radom","2026-08-03T00:12:41.729447+00:00","https://fly.pl/oferta/egipt-wczasy/?filter[dest]=11:&filter[hotelids]=&filter[cityids]=&filter[cregids]=&filter[ofrType]=&filter[addObjType]=&filter[whenFrom]=10-10-2026&filter[whenTo]=05-11-2026&filter[duration]=7:10&filter[from]=Warszawa%20-%20Radom,Warszawa,Warszawa%20-%20Modlin&filter[person]=2&filter[child]=1&filter[price]=0:11000&filter[PriceFrom]=0&filter[PriceTo]=11000&filter[addCategory]=50&filter[addCatering]=1&filter[addMisc]=0&filter[addTransport]=F&filter[fp]=1&order_by=ofr_price&filter[tourOperator]=0&filter[childAge][1]=20201210","https://fly.pl/cdn/photo/assets/uploads/582/278/2014/07/Bellagio-Beach-Resort-Spa.jpg","https://fly.pl/wycieczka/egipt,hurghada,c/panorama-bungalow-resort/pHaCgWp-a9RY1DtxN9jutlAAogwO8zDWpUkApPuxcS6YlT_J-aPgbvqzMYNpZIVqwcgJMqBEpPSVAw-rm_0wZIrD9QQVjPDmACagMwMHdyQ5sBFAEVBhcAXANYBVYCQMoGT-IBXQBSr6sBUwBer09L7UNhABGgjgFMxf44Da_9lwkgAAG3k4jZlIbMoDACDmMBAA3xBZyf/ofertasv/?filter[tourOperator]=JOIP&filter%5Bperson%5D=2&filter%5BchildAge%5D%5B1%5D=20201210&filter%5Bchild%5D=1","filter_egypt_autumn_2026_7_10_days","egipt","hurghada","c","2026-10-20","2026-10-27","8","7","Warszawa - Radom","2+1","egipt|hurghada|2026-10-20|2026-10-27|7|Warszawa - Radom|2+1"
"Sol Y Mar Naama Bay Egipt, Sharm El Sheikh","8128.0","10.10.2026 - 17.10.2026","8 dni/7 nocy","4.7","4.7","4784","tripadvisor","Warszawa%20-%20Radom","2026-08-03T00:12:41.729447+00:00","https://fly.pl/oferta/egipt-wczasy/?filter[dest]=11:&filter[hotelids]=&filter[cityids]=&filter[cregids]=&filter[ofrType]=&filter[addObjType]=&filter[whenFrom]=10-10-2026&filter[whenTo]=05-11-2026&filter[duration]=7:10&filter[from]=Warszawa%20-%20Radom,Warszawa,Warszawa%20-%20Modlin&filter[person]=2&filter[child]=1&filter[price]=0:11000&filter[PriceFrom]=0&filter[PriceTo]=11000&filter[addCategory]=50&filter[addCatering]=1&filter[addMisc]=0&filter[addTransport]=F&filter[fp]=1&order_by=ofr_price&filter[tourOperator]=0&filter[childAge][1]=20201210","https://fly.pl/cdn/photo/assets/uploads/582/278/2014/10/Sol-Y-Mar-Naama-Bay.jpg","https://fly.pl/wycieczka/egipt,sharm-el-sheikh,c/sol-y-mar-naama-bay/pBepxUAFINHIcsjiaDXBznAAoggym6YnPjYGJ5zhspmCUMOgAAAACZhAQAtoQEAAcAEgAqBFdFWlkw-rm_0wZIwD9QQVjfDGADaglFbnRlciBBaXJqBDA4MDByQ54BlQEfAAIBHAAWBBcCEu0DGIUFE80BFMkEEbgPQNpiTKCiAU8AS8cjUAAb3_QJHbLNBSAdDdzHwgkBEmMBDWMBAwXbfwC0/ofertasv/?filter[tourOperator]=WEZY&filter%5Bperson%5D=2&filter%5BchildAge%5D%5B1%5D=20201210&filter%5Bchild%5D=1","filter_egypt_autumn_2026_7_10_days","egipt","sharm-el-sheikh","c","2026-10-10","2026-10-17","8","7","Warszawa - Radom","2+1","egipt|sharm-el-sheikh|2026-10-10|2026-10-17|7|Warszawa - Radom|2+1"
"Caribbean World Soma Bay Egipt, Hurghada, Soma Bay","8167.0","25.10.2026 - 01.11.2026","8 dni/7 nocy","4.4","4.4","4386","tripadvisor","Warszawa%20-%20Radom","2026-08-03T00:12:41.729447+00:00","https://fly.pl/oferta/egipt-wczasy/?filter[dest]=11:&filter[hotelids]=&filter[cityids]=&filter[cregids]=&filter[ofrType]=&filter[addObjType]=&filter[whenFrom]=10-10-2026&filter[whenTo]=05-11-2026&filter[duration]=7:10&filter[from]=Warszawa%20-%20Radom,Warszawa,Warszawa%20-%20Modlin&filter[person]=2&filter[child]=1&filter[price]=0:11000&filter[PriceFrom]=0&filter[PriceTo]=11000&filter[addCategory]=50&filter[addCatering]=1&filter[addMisc]=0&filter[addTransport]=F&filter[fp]=1&order_by=ofr_price&filter[tourOperator]=0&filter[childAge][1]=20201210","https://fly.pl/cdn/photo/assets/uploads/582/278/2014/07/Caribbean-World-Soma-Bay.jpg","https://fly.pl/wycieczka/egipt,hurghada,soma-bay/caribbean-world-soma-bay/p-Tyg_vhZua149O-Ox6TWHAAog1aThz3JjoFKaLr2IPMC3ifCBi_Jjp6PLeBVi_FVZdZgqBEVYSU0w-rm_0wZI5z9QAVjHD2ACagJBSXIjHBGnwAa5BNv9PasEyIwKG-LBLhiKuF4BsaWQsw0CAGMBAgYC1M5z/ofertasv/?filter[tourOperator]=EXIM&filter%5Bperson%5D=2&filter%5BchildAge%5D%5B1%5D=20201210&filter%5Bchild%5D=1","filter_egypt_autumn_2026_7_10_days","egipt","hurghada","soma-bay","2026-10-25","2026-11-01","8","7","Warszawa - Radom","2+1","egipt|hurghada|2026-10-25|2026-11-01|7|Warszawa - Radom|2+1"
"Amarina Jannah Resort Aquapark Egipt, Marsa Alam, Port Ghalib","8177.0","24.10.2026 - 31.10.2026","8 dni/7 nocy","4.7","4.7","637","tripadvisor","Warszawa%20-%20Radom","2026-08-03T00:12:41.729447+00:00","https://fly.pl/oferta/egipt-wczasy/?filter[dest]=11:&filter[hotelids]=&filter[cityids]=&filter[cregids]=&filter[ofrType]=&filter[addObjType]=&filter[whenFrom]=10-10-2026&filter[whenTo]=05-11-2026&filter[duration]=7:10&filter[from]=Warszawa%20-%20Radom,Warszawa,Warszawa%20-%20Modlin&filter[person]=2&filter[child]=1&filter[price]=0:11000&filter[PriceFrom]=0&filter[PriceTo]=11000&filter[addCategory]=50&filter[addCatering]=1&filter[addMisc]=0&filter[addTransport]=F&filter[fp]=1&order_by=ofr_price&filter[tourOperator]=0&filter[childAge][1]=20201210","https://fly.pl/cdn/photo/assets/uploads/582/278/2023/04/Amarina-Jannah-Resort-Aquapark.jpg","https://fly.pl/wycieczka/egipt,marsa-alam,port-ghalib/amarina-jannah-resort-aquapark-15/pDMBf0_mUm_38ege54178TAAoglI_bfrxNVHG-711XDtZjg6aYQYkkWuEfcVdFg92vHHIqBE9SRVgw-rm_0wZI8T9QQVivD2ACagZDNS4yLjFyNpsBFQcXAFwDWAVWAkDKBhH5FF2KD08kXpnYAVO8FFIAS7EvYQBM5Yw6ILP9lwkNAAISYwECDKHKBBw/ofertasv/?filter[tourOperator]=OREX&filter%5Bperson%5D=2&filter%5BchildAge%5D%5B1%5D=20201210&filter%5Bchild%5D=1","filter_egypt_autumn_2026_7_10_days","egipt","marsa-alam","port-ghalib","2026-10-24","2026-10-31","8","7","Warszawa - Radom","2+1","egipt|marsa-alam|2026-10-24|2026-10-31|7|Warszawa - Radom|2+1"
"Dreams Beach (Sharm El Sheikh) Egipt, Sharm El Sheikh, Szarm el-Szejk","8188.0","17.10.2026 - 24.10.2026","8 dni/7 nocy","3.9","3.9","2613","tripadvisor","Warszawa%20-%20Radom","2026-08-03T00:12:41.729447+00:00","https://fly.pl/oferta/egipt-wczasy/?filter[dest]=11:&filter[hotelids]=&filter[cityids]=&filter[cregids]=&filter[ofrType]=&filter[addObjType]=&filter[whenFrom]=10-10-2026&filter[whenTo]=05-11-2026&filter[duration]=7:10&filter[from]=Warszawa%20-%20Radom,Warszawa,Warszawa%20-%20Modlin&filter[person]=2&filter[child]=1&filter[price]=0:11000&filter[PriceFrom]=0&filter[PriceTo]=11000&filter[addCategory]=50&filter[addCatering]=1&filter[addMisc]=0&filter[addTransport]=F&filter[fp]=1&order_by=ofr_price&filter[tourOperator]=0&filter[childAge][1]=20201210","https://fly.pl/cdn/photo/assets/uploads/582/278/2014/07/Dreams-Beach-Resort.jpg","https://fly.pl/wycieczka/egipt,sharm-el-sheikh,szarm-el-szejk/dreams-beach-sharm-el-sheikh/p31NlFFL4ZzcgPRQJNlFPsAAognPhI-USuosLanEdPhqskiAAAAACahAQAt4QEAAcAEgAqBFdFWlkw-rm_0wZI_D9QQViHDmADaglFbnRlciBBaXJqBDA4MDByQp4BlQEfABwBAgAWBBcCETISuwMYhQUTzQEUyQRAknJMoKIBTwBLxyNQABup9wMd6coLIB0N4sfCCQESYwENYwECBVDF-YY/ofertasv/?filter[tourOperator]=WEZY&filter%5Bperson%5D=2&filter%5BchildAge%5D%5B1%5D=20201210&filter%5Bchild%5D=1","filter_egypt_autumn_2026_7_10_days","egipt","sharm-el-sheikh","szarm-el-szejk","2026-10-17","2026-10-24","8","7","Warszawa - Radom","2+1","egipt|sharm-el-sheikh|2026-10-17|2026-10-24|7|Warszawa - Radom|2+1"
"Radisson Individuals Marina Port Ghalib (ex. Sunrise Marina Resort) Egipt, Marsa Alam, Port Ghalib","8190.0","25.10.2026 - 01.11.2026","8 dni/7 nocy","4.6","4.6","3519","tripadvisor","Warszawa%20-%20Radom","2026-08-03T00:12:41.729447+00:00","https://fly.pl/oferta/egipt-wczasy/?filter[dest]=11:&filter[hotelids]=&filter[cityids]=&filter[cregids]=&filter[ofrType]=&filter[addObjType]=&filter[whenFrom]=10-10-2026&filter[whenTo]=05-11-2026&filter[duration]=7:10&filter[from]=Warszawa%20-%20Radom,Warszawa,Warszawa%20-%20Modlin&filter[person]=2&filter[child]=1&filter[price]=0:11000&filter[PriceFrom]=0&filter[PriceTo]=11000&filter[addCategory]=50&filter[addCatering]=1&filter[addMisc]=0&filter[addTransport]=F&filter[fp]=1&order_by=ofr_price&filter[tourOperator]=0&filter[childAge][1]=20201210","https://fly.pl/cdn/photo/assets/uploads/582/278/2015/04/RADISSON-INDIVIDUALS-MARINA.jpg","https://fly.pl/wycieczka/egipt,marsa-alam,port-ghalib/rehana-port-ghalib-resort/p9o9ZVqlEeRBUCPvNvUXkQAAog5ldB4OmrV98bqey45GqvJgAAAADmgwQAa7kEAAcAAQAqBFdFWlkw-rm_0wZI_j9QQVjHD2ADaglFbnRlciBBaXJqBDAwMDBqBDAwMDByQ54BlQGYAR8AAgEcABYEFwIS7QMTjQQUwQUR6FhA9xpMtpYBTwBLsS9QAB3ewA8ghWsbwa0EDfWwvQkBEmMBDmMBAgbfc_0w/ofertasv/?filter[tourOperator]=WEZY&filter%5Bperson%5D=2&filter%5BchildAge%5D%5B1%5D=20201210&filter%5Bchild%5D=1","filter_egypt_autumn_2026_7_10_days","egipt","marsa-alam","port-ghalib","2026-10-25","2026-11-01","8","7","Warszawa - Radom","2+1","egipt|marsa-alam|2026-10-25|2026-11-01|7|Warszawa - Radom|2+1"
"Swiss Inn Resort Hurghada (ex. Hilton Hurghada Resort) Egipt, Hurghada","8204.0","29.10.2026 - 05.11.2026","8 dni/7 nocy","4.6","4.6","1859","tripadvisor","Warszawa%20-%20Radom","2026-08-03T00:12:41.729447+00:00","https://fly.pl/oferta/egipt-wczasy/?filter[dest]=11:&filter[hotelids]=&filter[cityids]=&filter[cregids]=&filter[ofrType]=&filter[addObjType]=&filter[whenFrom]=10-10-2026&filter[whenTo]=05-11-2026&filter[duration]=7:10&filter[from]=Warszawa%20-%20Radom,Warszawa,Warszawa%20-%20Modlin&filter[person]=2&filter[child]=1&filter[price]=0:11000&filter[PriceFrom]=0&filter[PriceTo]=11000&filter[addCategory]=50&filter[addCatering]=1&filter[addMisc]=0&filter[addTransport]=F&filter[fp]=1&order_by=ofr_price&filter[tourOperator]=0&filter[childAge][1]=20201210","https://fly.pl/cdn/photo/assets/uploads/582/278/2014/07/Swiss-Inn-Resort-Hurghada.jpg","https://fly.pl/wycieczka/egipt,hurghada,c/hilton-resort/pFazEaiKMNs2GCXmkro_nTAAogMbj3YKFMEPPhTT1d1TAPPBLqCxxQb8S86Hh0k4aD-ioqBE9SRVgw-rm_0wZIjEBQQVinEGACagdFWkEuMi4xcjWbARUHFwBcA1gFVgJAygYRtw5dZE8kU9KdAVIAXq9PS-1DYQBM5Yw6ILj9lwkNAAISYwECC5TZiFo/ofertasv/?filter[tourOperator]=OREX&filter%5Bperson%5D=2&filter%5BchildAge%5D%5B1%5D=20201210&filter%5Bchild%5D=1","filter_egypt_autumn_2026_7_10_days","egipt","hurghada","c","2026-10-29","2026-11-05","8","7","Warszawa - Radom","2+1","egipt|hurghada|2026-10-29|2026-11-05|7|Warszawa - Radom|2+1"
"Stella Di Mare Beach Resort & Spa (ex. Stella Makadi Resort) Egipt, Hurghada, Makadi Bay","8229.0","25.10.2026 - 01.11.2026","9 dni/7 nocy","4.4","4.4","6805","tripadvisor","Warszawa%20-%20Radom","2026-08-03T00:12:41.729447+00:00","https://fly.pl/oferta/egipt-wczasy/?filter[dest]=11:&filter[hotelids]=&filter[cityids]=&filter[cregids]=&filter[ofrType]=&filter[addObjType]=&filter[whenFrom]=10-10-2026&filter[whenTo]=05-11-2026&filter[duration]=7:10&filter[from]=Warszawa%20-%20Radom,Warszawa,Warszawa%20-%20Modlin&filter[person]=2&filter[child]=1&filter[price]=0:11000&filter[PriceFrom]=0&filter[PriceTo]=11000&filter[addCategory]=50&filter[addCatering]=1&filter[addMisc]=0&filter[addTransport]=F&filter[fp]=1&order_by=ofr_price&filter[tourOperator]=0&filter[childAge][1]=20201210","https://fly.pl/cdn/photo/assets/uploads/582/278/2014/10/Stella-Di-Mare-Beach-Resort-Spa.jpg","https://fly.pl/wycieczka/egipt,hurghada,makadi-bay/stella-makadi-resort/pUfiX0aMXgHXkGJSUwiVVeAAogvyl2NlxIR7jy5DL2dRkqr2sfmPE5MosFyu9Bpr8s0iIqBE9BU0kw-rm_0wZIpUBQAVjHD2ACagNBSWxyIRwRqaoBqwSK9A-5BB0bxJ8MGK6YFAGq042ZAgIAYwECBWoiyEY/ofertasv/?filter[tourOperator]=OASI&filter%5Bperson%5D=2&filter%5BchildAge%5D%5B1%5D=20201210&filter%5Bchild%5D=1","filter_egypt_autumn_2026_7_10_days","egipt","hurghada","makadi-bay","2026-10-25","2026-11-01","9","7","Warszawa - Radom","2+1","egipt|hurghada|2026-10-25|2026-11-01|7|Warszawa - Radom|2+1"
"Jaz Aquamarine (ex. Iberotel Aquamarine) Egipt, Hurghada","8235.0","25.10.2026 - 01.11.2026","9 dni/7 nocy","4.6","4.6","17023","tripadvisor","Warszawa%20-%20Radom","2026-08-03T00:12:41.729447+00:00","https://fly.pl/oferta/egipt-wczasy/?filter[dest]=11:&filter[hotelids]=&filter[cityids]=&filter[cregids]=&filter[ofrType]=&filter[addObjType]=&filter[whenFrom]=10-10-2026&filter[whenTo]=05-11-2026&filter[duration]=7:10&filter[from]=Warszawa%20-%20Radom,Warszawa,Warszawa%20-%20Modlin&filter[person]=2&filter[child]=1&filter[price]=0:11000&filter[PriceFrom]=0&filter[PriceTo]=11000&filter[addCategory]=50&filter[addCatering]=1&filter[addMisc]=0&filter[addTransport]=F&filter[fp]=1&order_by=ofr_price&filter[tourOperator]=0&filter[childAge][1]=20201210","https://fly.pl/cdn/photo/assets/uploads/582/278/2016/11/jaz-aquamarine-ex-iberotel-egipt-hurghada-1b.jpg","https://fly.pl/wycieczka/egipt,hurghada,c/jaz-aquamarine-ex-iberotel-aquamarine/pSp_iH_cXVWp46LPHq8ScsAAogQ-aKJPSvxl_5ClWbkTfTpGsfmPE5MosFyu9Bpr8s0iIqBE9BU0kw-rm_0wZIq0BQAVjHD2ACagNBSWxyIBwR1XarBN6nELkEHRvCqw4Y6IMSAZbq_pgCAgBjAQIL-eaYAA/ofertasv/?filter[tourOperator]=OASI&filter%5Bperson%5D=2&filter%5BchildAge%5D%5B1%5D=20201210&filter%5Bchild%5D=1","filter_egypt_autumn_2026_7_10_days","egipt","hurghada","c","2026-10-25","2026-11-01","9","7","Warszawa - Radom","2+1","egipt|hurghada|2026-10-25|2026-11-01|7|Warszawa - Radom|2+1"
"Gravity Sahl Hasheesh (Ex. Ocean Breeze) Egipt, Hurghada","8306.0","29.10.2026 - 05.11.2026","8 dni/7 nocy","4.7","4.7","3371","tripadvisor","Warszawa%20-%20Radom","2026-08-03T00:12:41.729447+00:00","https://fly.pl/oferta/egipt-wczasy/?filter[dest]=11:&filter[hotelids]=&filter[cityids]=&filter[cregids]=&filter[ofrType]=&filter[addObjType]=&filter[whenFrom]=10-10-2026&filter[whenTo]=05-11-2026&filter[duration]=7:10&filter[from]=Warszawa%20-%20Radom,Warszawa,Warszawa%20-%20Modlin&filter[person]=2&filter[child]=1&filter[price]=0:11000&filter[PriceFrom]=0&filter[PriceTo]=11000&filter[addCategory]=50&filter[addCatering]=1&filter[addMisc]=0&filter[addTransport]=F&filter[fp]=1&order_by=ofr_price&filter[tourOperator]=0&filter[childAge][1]=20201210","https://fly.pl/cdn/photo/assets/uploads/582/278/2018/10/Gravity-Sahl-Hasheesh.jpg","https://fly.pl/wycieczka/egipt,hurghada,c/ocean-breeze/pgNx9v7yo92vF1JMotQxANAAogagnJEU8UsMgPfqi1DEwCUEoMERYAuicpk5XtnCMj5E0qBFJOQlcw-rm_0wZI8kBQQVinEGACagRDQWhlaiYxNiwyMzQsMjgzLDI5NiwzODAsMzg4LDQ3Nyw0ODMsNDg0LDQ4NXI2nwGeARUHFwBYCEDIBwooEakcEPMeGakZUqhXUwBLnJMBYQAd7PI_Dzkg-JaSCQ0AAg1jAQIGG2whWw/ofertasv/?filter[tourOperator]=RNBW&filter%5Bperson%5D=2&filter%5BchildAge%5D%5B1%5D=20201210&filter%5Bchild%5D=1","filter_egypt_autumn_2026_7_10_days","egipt","hurghada","c","2026-10-29","2026-11-05","8","7","Warszawa - Radom","2+1","egipt|hurghada|2026-10-29|2026-11-05|7|Warszawa - Radom|2+1"
"Marriott Hurghada Beach Resort Egipt, Hurghada","8317.0","25.10.2026 - 01.11.2026","9 dni/7 nocy","4.6","4.6","4780","tripadvisor","Warszawa%20-%20Radom","2026-08-03T00:12:41.729447+00:00","https://fly.pl/oferta/egipt-wczasy/?filter[dest]=11:&filter[hotelids]=&filter[cityids]=&filter[cregids]=&filter[ofrType]=&filter[addObjType]=&filter[whenFrom]=10-10-2026&filter[whenTo]=05-11-2026&filter[duration]=7:10&filter[from]=Warszawa%20-%20Radom,Warszawa,Warszawa%20-%20Modlin&filter[person]=2&filter[child]=1&filter[price]=0:11000&filter[PriceFrom]=0&filter[PriceTo]=11000&filter[addCategory]=50&filter[addCatering]=1&filter[addMisc]=0&filter[addTransport]=F&filter[fp]=1&order_by=ofr_price&filter[tourOperator]=0&filter[childAge][1]=20201210","https://fly.pl/cdn/photo/assets/uploads/582/278/2014/09/Marriott-Hurghada-Beach-Resort.jpg","https://fly.pl/wycieczka/egipt,hurghada,c/marriott-hurghada-beach-resort/pE1dlvggSUChDwsQXvGX26AAogEtVLDMFAE1t2J_JDbx0uPGsfmPE5MosFyu9Bpr8s0iIqBE9BU0kw-rm_0wZI_UBQAVjHD2ACagNBSWxyIRwRqY8BqwSKjxC5BB0br9cNGPLaEgHt7oCZAgIAYwECB9AB9BQ/ofertasv/?filter[tourOperator]=OASI&filter%5Bperson%5D=2&filter%5BchildAge%5D%5B1%5D=20201210&filter%5Bchild%5D=1","filter_egypt_autumn_2026_7_10_days","egipt","hurghada","c","2026-10-25","2026-11-01","9","7","Warszawa - Radom","2+1","egipt|hurghada|2026-10-25|2026-11-01|7|Warszawa - Radom|2+1"
"Jaz Aquaviva Egipt, Hurghada, Makadi Bay","8337.0","29.10.2026 - 05.11.2026","9 dni/7 nocy","4.7","4.7","10789","tripadvisor","Warszawa%20-%20Radom","2026-08-03T00:12:41.729447+00:00","https://fly.pl/oferta/egipt-wczasy/?filter[dest]=11:&filter[hotelids]=&filter[cityids]=&filter[cregids]=&filter[ofrType]=&filter[addObjType]=&filter[whenFrom]=10-10-2026&filter[whenTo]=05-11-2026&filter[duration]=7:10&filter[from]=Warszawa%20-%20Radom,Warszawa,Warszawa%20-%20Modlin&filter[person]=2&filter[child]=1&filter[price]=0:11000&filter[PriceFrom]=0&filter[PriceTo]=11000&filter[addCategory]=50&filter[addCatering]=1&filter[addMisc]=0&filter[addTransport]=F&filter[fp]=1&order_by=ofr_price&filter[tourOperator]=0&filter[childAge][1]=20201210","https://fly.pl/cdn/photo/assets/uploads/582/278/2015/07/Jaz-Aquaviva.jpg","https://fly.pl/wycieczka/egipt,hurghada,makadi-bay/jaz-makadi-aquaviva/pHijyvTfqC5AStxPasMwKEAAogHX4vXBqtHAc1JKEXu12uhP966lwJMXcBoSKWCVd3NSUqBEVYSU0w-rm_0wZIkUFQAVinEGADagJBSXIkHBG7_warBJ2pS7kERBvZpkAY4dpHAdjagqwNARJjAQxjAQILsnGepg/ofertasv/?filter[tourOperator]=EXIM&filter%5Bperson%5D=2&filter%5BchildAge%5D%5B1%5D=20201210&filter%5Bchild%5D=1","filter_egypt_autumn_2026_7_10_days","egipt","hurghada","makadi-bay","2026-10-29","2026-11-05","9","7","Warszawa - Radom","2+1","egipt|hurghada|2026-10-29|2026-11-05|7|Warszawa - Radom|2+1"
"Raouf Sun International Aqua Park & SPA Egipt, Sharm El Sheikh, Szarm el-Szejk","8438.0","11.10.2026 - 18.10.2026","8 dni/7 nocy","3.9","3.9","310","tripadvisor","Warszawa%20-%20Radom","2026-08-03T00:12:41.729447+00:00","https://fly.pl/oferta/egipt-wczasy/?filter[dest]=11:&filter[hotelids]=&filter[cityids]=&filter[cregids]=&filter[ofrType]=&filter[addObjType]=&filter[whenFrom]=10-10-2026&filter[whenTo]=05-11-2026&filter[duration]=7:10&filter[from]=Warszawa%20-%20Radom,Warszawa,Warszawa%20-%20Modlin&filter[person]=2&filter[child]=1&filter[price]=0:11000&filter[PriceFrom]=0&filter[PriceTo]=11000&filter[addCategory]=50&filter[addCatering]=1&filter[addMisc]=0&filter[addTransport]=F&filter[fp]=1&order_by=ofr_price&filter[tourOperator]=0&filter[childAge][1]=20201210","https://fly.pl/cdn/photo/assets/uploads/582/278/2024/07/raouf-sun-international-aqua-park-spa.jpg","https://fly.pl/wycieczka/egipt,sharm-el-sheikh,szarm-el-szejk/raouf-international-aqua-park-spa-14/p36-DVG1ow6nzRvUgGCIT3AAogJ4x-5kt6uyxnaKUgqhjkyAiPgYhrkVrHHSR3tH9QMnYqBEpPSVAw-rm_0wZI9kFQQVj3DGACagMxMm9yQ5sBFAEVBhcAXANYBVYCQMoGT-IBXQBe3voBUqYgUwBLxyNhABHPiAFMloQ5Dab9lwkgAAHC2fSw5IjMoDACDWMBAAx2wEFg/ofertasv/?filter[tourOperator]=JOIP&filter%5Bperson%5D=2&filter%5BchildAge%5D%5B1%5D=20201210&filter%5Bchild%5D=1","filter_egypt_autumn_2026_7_10_days","egipt","sharm-el-sheikh","szarm-el-szejk","2026-10-11","2026-10-18","8","7","Warszawa - Radom","2+1","egipt|sharm-el-sheikh|2026-10-11|2026-10-18|7|Warszawa - Radom|2+1"
"Sataya Resort (ex. Labranda Sataya Marsa Alam) Egipt, Marsa Alam","8464.0","26.10.2026 - 02.11.2026","8 dni/7 nocy","4.7","4.7","4096","tripadvisor","Warszawa%20-%20Radom","2026-08-03T00:12:41.729447+00:00","https://fly.pl/oferta/egipt-wczasy/?filter[dest]=11:&filter[hotelids]=&filter[cityids]=&filter[cregids]=&filter[ofrType]=&filter[addObjType]=&filter[whenFrom]=10-10-2026&filter[whenTo]=05-11-2026&filter[duration]=7:10&filter[from]=Warszawa%20-%20Radom,Warszawa,Warszawa%20-%20Modlin&filter[person]=2&filter[child]=1&filter[price]=0:11000&filter[PriceFrom]=0&filter[PriceTo]=11000&filter[addCategory]=50&filter[addCatering]=1&filter[addMisc]=0&filter[addTransport]=F&filter[fp]=1&order_by=ofr_price&filter[tourOperator]=0&filter[childAge][1]=20201210","https://fly.pl/cdn/photo/assets/uploads/582/278/2019/09/Sataya-Resort-Marsa-Alam.jpg","https://fly.pl/wycieczka/egipt,marsa-alam,c/labranda-sataya-marsa-alam-9/pTG5o6LOfBLU3SuZtv6-8sAAogHWRaWrmzwRMbz_cPBDbSgX0D5J-2XSknKD5dfGWrHr0qBE9BU0kw-rm_0wZIkEJQAVjfD2ACagNBSWxyIRwR_KMBqwSk_w-5BEkbzP0MGJe-EwGWmtKZAgIAYwECC7Mn3l0/ofertasv/?filter[tourOperator]=OASI&filter%5Bperson%5D=2&filter%5BchildAge%5D%5B1%5D=20201210&filter%5Bchild%5D=1","filter_egypt_autumn_2026_7_10_days","egipt","marsa-alam","c","2026-10-26","2026-11-02","8","7","Warszawa - Radom","2+1","egipt|marsa-alam|2026-10-26|2026-11-02|7|Warszawa - Radom|2+1"
"Parrotel Beach Resort (ex. Radisson Blu)","8482.0","17.10.2026 - 24.10.2026","8 dni/7 nocy","4.4","4.4","6944","tripadvisor","Warszawa%20-%20Radom","2026-08-03T00:12:41.729447+00:00","https://fly.pl/oferta/egipt-wczasy/?filter[dest]=11:&filter[hotelids]=&filter[cityids]=&filter[cregids]=&filter[ofrType]=&filter[addObjType]=&filter[whenFrom]=10-10-2026&filter[whenTo]=05-11-2026&filter[duration]=7:10&filter[from]=Warszawa%20-%20Radom,Warszawa,Warszawa%20-%20Modlin&filter[person]=2&filter[child]=1&filter[price]=0:11000&filter[PriceFrom]=0&filter[PriceTo]=11000&filter[addCategory]=50&filter[addCatering]=1&filter[addMisc]=0&filter[addTransport]=F&filter[fp]=1&order_by=ofr_price&filter[tourOperator]=0&filter[childAge][1]=20201210","https://fly.pl/cdn/photo/assets/uploads/582/278/2014/07/Parrotel-Beach-Resort.jpg","https://fly.pl/wycieczka/egipt,sharm-el-sheikh,c/radisson-blu-resort-sharm-el-sheikh/pk31-Rs1K4WUg7DvEsQCFXAAogAtR3t_uNaO1_NQF36m_bBwAAAACahAQAt4QEAAcAEgAqBFdFWlkw_rm_0wZIokJQQViHDmADaglFbnRlciBBaXJqBDA4MDByQp4BlQEfABwBAgAWBBcCEXwS8QIYhQUTzQEUyQRAknJMoKIBTwBLxyNQABvBgQId0cANIB0N4sfCCQESYwEOYwECBp02Np8/ofertasv/?filter[tourOperator]=WEZY&filter%5Bperson%5D=2&filter%5BchildAge%5D%5B1%5D=20201210&filter%5Bchild%5D=1","filter_egypt_autumn_2026_7_10_days","egipt","sharm-el-sheikh","c","2026-10-17","2026-10-24","8","7","Warszawa - Radom","2+1","egipt|sharm-el-sheikh|2026-10-17|2026-10-24|7|Warszawa - Radom|2+1"
"Sentido Akassia Beach (ex. LTI Akassia Beach)","8505.0","17.10.2026 - 24.10.2026","8 dni/7 nocy","4.4","4.4","2241","tripadvisor","Warszawa%20-%20Radom","2026-08-03T00:12:41.729447+00:00","https://fly.pl/oferta/egipt-wczasy/?filter[dest]=11:&filter[hotelids]=&filter[cityids]=&filter[cregids]=&filter[ofrType]=&filter[addObjType]=&filter[whenFrom]=10-10-2026&filter[whenTo]=05-11-2026&filter[duration]=7:10&filter[from]=Warszawa%20-%20Radom,Warszawa,Warszawa%20-%20Modlin&filter[person]=2&filter[child]=1&filter[price]=0:11000&filter[PriceFrom]=0&filter[PriceTo]=11000&filter[addCategory]=50&filter[addCatering]=1&filter[addMisc]=0&filter[addTransport]=F&filter[fp]=1&order_by=ofr_price&filter[tourOperator]=0&filter[childAge][1]=20201210","https://fly.pl/cdn/photo/assets/uploads/582/278/2014/09/Sentido-Akassia-Beach.jpg","https://fly.pl/wycieczka/egipt,marsa-alam,c/lti-akassia-beach-2/pu_izgcPHoSTUqjISDtCC1AAogWsj03FuK88D0OuhDCSx3N2ECgtijhDrT6bu4Y7o874kqBE9SRVgw_rm_0wZIuUJQQViHDmACagYxUy4yLjFyNZsBFQcXAFwDWAVWAhEmQKQGXYMkTyRemdgBU7wUUgBLsS9hAEzljDogrP2XCQ0AAhJjAQINcK9Rcw/ofertasv/?filter[tourOperator]=OREX&filter%5Bperson%5D=2&filter%5BchildAge%5D%5B1%5D=20201210&filter%5Bchild%5D=1","filter_egypt_autumn_2026_7_10_days","egipt","marsa-alam","c","2026-10-17","2026-10-24","8","7","Warszawa - Radom","2+1","egipt|marsa-alam|2026-10-17|2026-10-24|7|Warszawa - Radom|2+1"
"Tropitel Sahl Hasheesh","8515.0","25.10.2026 - 01.11.2026","9 dni/7 nocy","4.7","4.7","10119","tripadvisor","Warszawa%20-%20Radom","2026-08-03T00:12:41.729447+00:00","https://fly.pl/oferta/egipt-wczasy/?filter[dest]=11:&filter[hotelids]=&filter[cityids]=&filter[cregids]=&filter[ofrType]=&filter[addObjType]=&filter[whenFrom]=10-10-2026&filter[whenTo]=05-11-2026&filter[duration]=7:10&filter[from]=Warszawa%20-%20Radom,Warszawa,Warszawa%20-%20Modlin&filter[person]=2&filter[child]=1&filter[price]=0:11000&filter[PriceFrom]=0&filter[PriceTo]=11000&filter[addCategory]=50&filter[addCatering]=1&filter[addMisc]=0&filter[addTransport]=F&filter[fp]=1&order_by=ofr_price&filter[tourOperator]=0&filter[childAge][1]=20201210","https://fly.pl/cdn/photo/assets/uploads/582/278/2014/10/Tropitel-Sahl-Hasheesh.jpg","https://fly.pl/wycieczka/egipt,hurghada,c/tropitel-sahl-hasheesh/peQWsyoV-V1PmVnyBIFsiHAAog2j61k7yq1tmKO2RdmiJeqGsfmPE5MosFyu9Bpr8s0iIqBE9BU0kw_rm_0wZIw0JQAVjHD2ACagNVQUlyIRwRkq8BqwSh7w-5BB0b58YOGLH0EQG67pmZAgIAYwECBeeJgGo/ofertasv/?filter[tourOperator]=OASI&filter%5Bperson%5D=2&filter%5BchildAge%5D%5B1%5D=20201210&filter%5Bchild%5D=1","filter_egypt_autumn_2026_7_10_days","egipt","hurghada","c","2026-10-25","2026-11-01","9","7","Warszawa - Radom","2+1","egipt|hurghada|2026-10-25|2026-11-01|7|Warszawa - Radom|2+1"
"Retac Qunay Dahab Resort & Spa","8562.0","17.10.2026 - 24.10.2026","8 dni/7 nocy","4.3","4.3","1708","tripadvisor","Warszawa%20-%20Radom","2026-08-03T00:12:41.729447+00:00","https://fly.pl/oferta/egipt-wczasy/?filter[dest]=11:&filter[hotelids]=&filter[cityids]=&filter[cregids]=&filter[ofrType]=&filter[addObjType]=&filter[whenFrom]=10-10-2026&filter[whenTo]=05-11-2026&filter[duration]=7:10&filter[from]=Warszawa%20-%20Radom,Warszawa,Warszawa%20-%20Modlin&filter[person]=2&filter[child]=1&filter[price]=0:11000&filter[PriceFrom]=0&filter[PriceTo]=11000&filter[addCategory]=50&filter[addCatering]=1&filter[addMisc]=0&filter[addTransport]=F&filter[fp]=1&order_by=ofr_price&filter[tourOperator]=0&filter[childAge][1]=20201210","https://fly.pl/cdn/photo/assets/uploads/582/278/2014/09/Retac-Qunay-Dahab.jpg","https://fly.pl/wycieczka/egipt,dahab,c/le-meridien-dahab-bay/p7N5yIsv2zCfYHZYUHMkwqAAogHcIWaDfDspUiOI4j4uSOEgAAAACahAQAt4QEAAcAEgAqBFdFWlkw_rm_0wZI8kJQQViHDmADaglFbnRlciBBaXJqBDA4MDByQ54BlQEfAAIBHAAWBBcCEu0DGIUFE80BFMkEEfw3QJY6TKCiAU8AS8cjUAAb1OICHb7fDCAdDeLHwgkBEmMBDGMBAgUopzfy/ofertasv/?filter[tourOperator]=WEZY&filter%5Bperson%5D=2&filter%5BchildAge%5D%5B1%5D=20201210&filter%5Bchild%5D=1","filter_egypt_autumn_2026_7_10_days","egipt","dahab","c","2026-10-17","2026-10-24","8","7","Warszawa - Radom","2+1","egipt|dahab|2026-10-17|2026-10-24|7|Warszawa - Radom|2+1"
"Novotel Marsa Alam","8587.0","20.10.2026 - 27.10.2026","8 dni/7 nocy","4.5","4.5","3626","tripadvisor","Warszawa%20-%20Radom","2026-08-03T00:12:41.729447+00:00","https://fly.pl/oferta/egipt-wczasy/?filter[dest]=11:&filter[hotelids]=&filter[cityids]=&filter[cregids]=&filter[ofrType]=&filter[addObjType]=&filter[whenFrom]=10-10-2026&filter[whenTo]=05-11-2026&filter[duration]=7:10&filter[from]=Warszawa%20-%20Radom,Warszawa,Warszawa%20-%20Modlin&filter[person]=2&filter[child]=1&filter[price]=0:11000&filter[PriceFrom]=0&filter[PriceTo]=11000&filter[addCategory]=50&filter[addCatering]=1&filter[addMisc]=0&filter[addTransport]=F&filter[fp]=1&order_by=ofr_price&filter[tourOperator]=0&filter[childAge][1]=20201210","https://fly.pl/cdn/photo/assets/uploads/582/278/2015/09/Novotel-Marsa-Alam.jpg","https://fly.pl/wycieczka/egipt,marsa-alam,c/novotel-marsa-alam/py6dwHdDjRIVuMIj-NsLDCAAog-BNYUsk9r7Kb8tih2sxTpBPPD5S6T_zmYslq6S4q_1gqBEVYSU0w_rm_0wZIi0NQAVjPDmACagJBSXIhHBGvoQa5BL6dPqsEHBvctCwY5v8uAda_0o4IAgBjAQINfC5hug/ofertasv/?filter[tourOperator]=EXIM&filter%5Bperson%5D=2&filter%5BchildAge%5D%5B1%5D=20201210&filter%5Bchild%5D=1","filter_egypt_autumn_2026_7_10_days","egipt","marsa-alam","c","2026-10-20","2026-10-27","8","7","Warszawa - Radom","2+1","egipt|marsa-alam|2026-10-20|2026-10-27|7|Warszawa - Radom|2+1"
"Utopia Blue Resort","8587.0","20.10.2026 - 27.10.2026","8 dni/7 nocy","","","","","Warszawa%20-%20Radom","2026-08-03T00:12:41.729447+00:00","https://fly.pl/oferta/egipt-wczasy/?filter[dest]=11:&filter[hotelids]=&filter[cityids]=&filter[cregids]=&filter[ofrType]=&filter[addObjType]=&filter[whenFrom]=10-10-2026&filter[whenTo]=05-11-2026&filter[duration]=7:10&filter[from]=Warszawa%20-%20Radom,Warszawa,Warszawa%20-%20Modlin&filter[person]=2&filter[child]=1&filter[price]=0:11000&filter[PriceFrom]=0&filter[PriceTo]=11000&filter[addCategory]=50&filter[addCatering]=1&filter[addMisc]=0&filter[addTransport]=F&filter[fp]=1&order_by=ofr_price&filter[tourOperator]=0&filter[childAge][1]=20201210","https://datacfstatic.merlinx.pl/EXIM/IMG/104804/47170af13502131b7b7d23ecf494e622a96110e1a4bfcf3019d7db4830283601.webp","https://fly.pl/wycieczka/egipt,marsa-alam,c/utopia-blue-resort-13/pTGHhVbDeRywa6SuxyFYxIAAogurGiZO8T3hNRj6mKska6uhPPD5S6T_zmYslq6S4q_1gqBEVYSU0w_rm_0wZIi0NQAVjPDmACagJBSXIhHBHksga5BImMPqsEHBvY1y0Yr_ozAYyq2tQIAgBjAQIMRkI1sQ/ofertasv/?filter[tourOperator]=EXIM&filter%5Bperson%5D=2&filter%5BchildAge%5D%5B1%5D=20201210&filter%5Bchild%5D=1","filter_egypt_autumn_2026_7_10_days","egipt","marsa-alam","c","2026-10-20","2026-10-27","8","7","Warszawa - Radom","2+1","egipt|marsa-alam|2026-10-20|2026-10-27|7|Warszawa - Radom|2+1"
"Calimera Blend Paradise Resort","8654.0","29.10.2026 - 05.11.2026","8 dni/7 nocy","4.2","4.2","2237","tripadvisor","Warszawa%20-%20Radom","2026-08-03T00:12:41.729447+00:00","https://fly.pl/oferta/egipt-wczasy/?filter[dest]=11:&filter[hotelids]=&filter[cityids]=&filter[cregids]=&filter[ofrType]=&filter[addObjType]=&filter[whenFrom]=10-10-2026&filter[whenTo]=05-11-2026&filter[duration]=7:10&filter[from]=Warszawa%20-%20Radom,Warszawa,Warszawa%20-%20Modlin&filter[person]=2&filter[child]=1&filter[price]=0:11000&filter[PriceFrom]=0&filter[PriceTo]=11000&filter[addCategory]=50&filter[addCatering]=1&filter[addMisc]=0&filter[addTransport]=F&filter[fp]=1&order_by=ofr_price&filter[tourOperator]=0&filter[childAge][1]=20201210","https://fly.pl/cdn/photo/assets/uploads/582/278/2022/08/Calimera-Blend-Paradise.jpg","https://fly.pl/wycieczka/egipt,hurghada,c/calimera-blend-paradise-12/py0rHb57rfXgFZBfy1gxueAAogETs9IM-gnZrGtE57WyPC3hLqCxxQb8S86Hh0k4aD-ioqBE9SRVgw_rm_0wZIzkNQQVinEGACagZaSS4yLjFyNpsBFQcXAFwDWAVWAkDKBl2bD08kEbwKU5aTAVIAXq9PS-1DYQBM5Yw6ILj9lwkNAAISYwECDLbHiJ4/ofertasv/?filter[tourOperator]=OREX&filter%5Bperson%5D=2&filter%5BchildAge%5D%5B1%5D=20201210&filter%5Bchild%5D=1","filter_egypt_autumn_2026_7_10_days","egipt","hurghada","c","2026-10-29","2026-11-05","8","7","Warszawa - Radom","2+1","egipt|hurghada|2026-10-29|2026-11-05|7|Warszawa - Radom|2+1"
"Aurora Oriental Resort","8671.0","17.10.2026 - 24.10.2026","8 dni/7 nocy","4.4","4.4","7190","tripadvisor","Warszawa%20-%20Radom","2026-08-03T00:12:41.729447+00:00","https://fly.pl/oferta/egipt-wczasy/?filter[dest]=11:&filter[hotelids]=&filter[cityids]=&filter[cregids]=&filter[ofrType]=&filter[addObjType]=&filter[whenFrom]=10-10-2026&filter[whenTo]=05-11-2026&filter[duration]=7:10&filter[from]=Warszawa%20-%20Radom,Warszawa,Warszawa%20-%20Modlin&filter[person]=2&filter[child]=1&filter[price]=0:11000&filter[PriceFrom]=0&filter[PriceTo]=11000&filter[addCategory]=50&filter[addCatering]=1&filter[addMisc]=0&filter[addTransport]=F&filter[fp]=1&order_by=ofr_price&filter[tourOperator]=0&filter[childAge][1]=20201210","https://fly.pl/cdn/photo/assets/uploads/582/278/2014/07/Aurora-Oriental-Resort.jpg","https://fly.pl/wycieczka/egipt,sharm-el-sheikh,szarm-el-szejk/oriental-resort/pUsYh2YWVdD9bNcvOJJuqeAAogelKg4EGqcCjQKbwR5eUelAAAAACahAQAt4QEAAcAEgAqBFdFWlkw_rm_0wZI30NQQViHDmADaglFbnRlciBBaXJqBDA4MDByQ54BlQEfAAIBHAAWBBcCEu0DGIUFE80BFMkEEbsPQNdiTKCiAU8AS8cjUAAb3_QJHbPNBSAdDeLHwgkBEmMBDmMBAga39MMl/ofertasv/?filter[tourOperator]=WEZY&filter%5Bperson%5D=2&filter%5BchildAge%5D%5B1%5D=20201210&filter%5Bchild%5D=1","filter_egypt_autumn_2026_7_10_days","egipt","sharm-el-sheikh","szarm-el-szejk","2026-10-17","2026-10-24","8","7","Warszawa - Radom","2+1","egipt|sharm-el-sheikh|2026-10-17|2026-10-24|7|Warszawa - Radom|2+1"
"Charmillion Club Aqua Park","8673.0","10.10.2026 - 17.10.2026","8 dni/7 nocy","4.6","4.6","4381","tripadvisor","Warszawa%20-%20Radom","2026-08-03T00:12:41.729447+00:00","https://fly.pl/oferta/egipt-wczasy/?filter[dest]=11:&filter[hotelids]=&filter[cityids]=&filter[cregids]=&filter[ofrType]=&filter[addObjType]=&filter[whenFrom]=10-10-2026&filter[whenTo]=05-11-2026&filter[duration]=7:10&filter[from]=Warszawa%20-%20Radom,Warszawa,Warszawa%20-%20Modlin&filter[person]=2&filter[child]=1&filter[price]=0:11000&filter[PriceFrom]=0&filter[PriceTo]=11000&filter[addCategory]=50&filter[addCatering]=1&filter[addMisc]=0&filter[addTransport]=F&filter[fp]=1&order_by=ofr_price&filter[tourOperator]=0&filter[childAge][1]=20201210","https://fly.pl/cdn/photo/assets/uploads/582/278/2014/07/Charmillion-Club-Aqua-Park.jpg","https://fly.pl/wycieczka/egipt,sharm-el-sheikh,szarm-el-szejk/sea-club-aqua-park/pfN0PphTcAcZAYYp0QeMSzAAogMerglbwNGvthjOyjfvpabAAAAACZhAQAtoQEAAcAEgAqBFdFWlkw_rm_0wZI4UNQQVjfDGADaglFbnRlciBBaXJqBDA4MDByQp4BlQEfAAIBHAAWBBcCEu0DGIUFE80BFMkEEYEsQJFGTKCiAU8AS8cjUAAb8jAdn5EPIB0N3MfCCQESYwENYwECBTY-Tgw/ofertasv/?filter[tourOperator]=WEZY&filter%5Bperson%5D=2&filter%5BchildAge%5D%5B1%5D=20201210&filter%5Bchild%5D=1","filter_egypt_autumn_2026_7_10_days","egipt","sharm-el-sheikh","szarm-el-szejk","2026-10-10","2026-10-17","8","7","Warszawa - Radom","2+1","egipt|sharm-el-sheikh|2026-10-10|2026-10-17|7|Warszawa - Radom|2+1"
"Concorde El Salam Sport","8673.0","17.10.2026 - 24.10.2026","8 dni/7 nocy","4.8","4.8","1438","tripadvisor","Warszawa%20-%20Radom","2026-08-03T00:12:41.729447+00:00","https://fly.pl/oferta/egipt-wczasy/?filter[dest]=11:&filter[hotelids]=&filter[cityids]=&filter[cregids]=&filter[ofrType]=&filter[addObjType]=&filter[whenFrom]=10-10-2026&filter[whenTo]=05-11-2026&filter[duration]=7:10&filter[from]=Warszawa%20-%20Radom,Warszawa,Warszawa%20-%20Modlin&filter[person]=2&filter[child]=1&filter[price]=0:11000&filter[PriceFrom]=0&filter[PriceTo]=11000&filter[addCategory]=50&filter[addCatering]=1&filter[addMisc]=0&filter[addTransport]=F&filter[fp]=1&order_by=ofr_price&filter[tourOperator]=0&filter[childAge][1]=20201210","https://fly.pl/cdn/photo/assets/uploads/582/278/2024/07/concorde-el-salam-sport.jpg","https://fly.pl/wycieczka/egipt,sharm-el-sheikh,szarm-el-szejk/concorde-el-salam-sport-15/pSuJWaBTJMa_RoQLdTLKurAAog1ZL7qsPZBWDtfXJcSXPNPAAAAACahAQAt4QEAAcAEgAqBFdFWlkw_rm_0wZI4UNQQViHDmADaglFbnRlciBBaXJqBDA4MDByQ54BlQEfAAIBHAAWBBcCEu0DGIUFE80BFMkEEeYQQKxhTKCiAU8AS8cjUAAbtIMCHd6-DSAdDeLHwgkBEmMBDGMBAgW3Lrbq/ofertasv/?filter[tourOperator]=WEZY&filter%5Bperson%5D=2&filter%5BchildAge%5D%5B1%5D=20201210&filter%5Bchild%5D=1","filter_egypt_autumn_2026_7_10_days","egipt","sharm-el-sheikh","szarm-el-szejk","2026-10-17","2026-10-24","8","7","Warszawa - Radom","2+1","egipt|sharm-el-sheikh|2026-10-17|2026-10-24|7|Warszawa - Radom|2+1"
"Safir Dahab Resort","8683.0","10.10.2026 - 17.10.2026","8 dni/7 nocy","4.5","4.5","1483","tripadvisor","Warszawa%20-%20Radom","2026-08-03T00:12:41.729447+00:00","https://fly.pl/oferta/egipt-wczasy/?filter[dest]=11:&filter[hotelids]=&filter[cityids]=&filter[cregids]=&filter[ofrType]=&filter[addObjType]=&filter[whenFrom]=10-10-2026&filter[whenTo]=05-11-2026&filter[duration]=7:10&filter[from]=Warszawa%20-%20Radom,Warszawa,Warszawa%20-%20Modlin&filter[person]=2&filter[child]=1&filter[price]=0:11000&filter[PriceFrom]=0&filter[PriceTo]=11000&filter[addCategory]=50&filter[addCatering]=1&filter[addMisc]=0&filter[addTransport]=F&filter[fp]=1&order_by=ofr_price&filter[tourOperator]=0&filter[childAge][1]=20201210","https://fly.pl/cdn/photo/assets/uploads/582/278/2015/09/Safir-Dahab-Resort.jpg","https://fly.pl/wycieczka/egipt,dahab,c/dahab-resort/pjhlLnxQl-dudJ5hF396TrAAogQyJuTJWlXzGHf5WaLutlEgAAAACZhAQAtoQEAAcAEgAqBFdFWlkw_rm_0wZI60NQQVjfDGADaglFbnRlciBBaXJqBDA4MDByQ54BlQEfAAIBHAAWBBcCEu0DGIUFE80BFMkEEdwhQLZQTKCiAU8AS8cjUAAbz4sDHcK2DCAdDdzHwgkBEmMBDGMBAgUUfJ4b/ofertasv/?filter[tourOperator]=WEZY&filter%5Bperson%5D=2&filter%5BchildAge%5D%5B1%5D=20201210&filter%5Bchild%5D=1","filter_egypt_autumn_2026_7_10_days","egipt","dahab","c","2026-10-10","2026-10-17","8","7","Warszawa - Radom","2+1","egipt|dahab|2026-10-10|2026-10-17|7|Warszawa - Radom|2+1"
"Jasmine Palace","8717.0","22.10.2026 - 29.10.2026","8 dni/7 nocy","4.1","4.1","7605","tripadvisor","Warszawa%20-%20Radom","2026-08-03T00:12:41.729447+00:00","https://fly.pl/oferta/egipt-wczasy/?filter[dest]=11:&filter[hotelids]=&filter[cityids]=&filter[cregids]=&filter[ofrType]=&filter[addObjType]=&filter[whenFrom]=10-10-2026&filter[whenTo]=05-11-2026&filter[duration]=7:10&filter[from]=Warszawa%20-%20Radom,Warszawa,Warszawa%20-%20Modlin&filter[person]=2&filter[child]=1&filter[price]=0:11000&filter[PriceFrom]=0&filter[PriceTo]=11000&filter[addCategory]=50&filter[addCatering]=1&filter[addMisc]=0&filter[addTransport]=F&filter[fp]=1&order_by=ofr_price&filter[tourOperator]=0&filter[childAge][1]=20201210","https://fly.pl/cdn/photo/assets/uploads/582/278/2014/07/Jasmine-Palace.jpg","https://fly.pl/wycieczka/egipt,hurghada,c/jasmine-palace/pYgniX2RZv_UDfZy6sLorOAAog_ofGW5psyqy71Z8Ay3FTzB1kEhcS_dj-3yymgRPs4CkqBFZJVFgw_rm_0wZIjURQQVj_DmACckAaABUHFwBcA1gFQI8DW7-DAVOPLVIAXq9PS-1DYQBM_YEuDZmIpAkgAFHIgcj7jwFPu4MlXZCE8_N1Ag1jAQIMpsHNJg/ofertasv/?filter[tourOperator]=VITX&filter%5Bperson%5D=2&filter%5BchildAge%5D%5B1%5D=20201210&filter%5Bchild%5D=1","filter_egypt_autumn_2026_7_10_days","egipt","hurghada","c","2026-10-22","2026-10-29","8","7","Warszawa - Radom","2+1","egipt|hurghada|2026-10-22|2026-10-29|7|Warszawa - Radom|2+1"
"Swissotel Resort El Quseir","8730.0","10.10.2026 - 17.10.2026","8 dni/7 nocy","4.5","4.5","2033","tripadvisor","Warszawa%20-%20Radom","2026-08-03T00:12:41.729447+00:00","https://fly.pl/oferta/egipt-wczasy/?filter[dest]=11:&filter[hotelids]=&filter[cityids]=&filter[cregids]=&filter[ofrType]=&filter[addObjType]=&filter[whenFrom]=10-10-2026&filter[whenTo]=05-11-2026&filter[duration]=7:10&filter[from]=Warszawa%20-%20Radom,Warszawa,Warszawa%20-%20Modlin&filter[person]=2&filter[child]=1&filter[price]=0:11000&filter[PriceFrom]=0&filter[PriceTo]=11000&filter[addCategory]=50&filter[addCatering]=1&filter[addMisc]=0&filter[addTransport]=F&filter[fp]=1&order_by=ofr_price&filter[tourOperator]=0&filter[childAge][1]=20201210","https://fly.pl/cdn/photo/assets/uploads/582/278/2015/02/RADISSON-BLU-m.jpg","https://fly.pl/wycieczka/egipt,marsa-alam,al-kusajr/radisson-blu-resort-el-quseir/pzJ38dpRBkz9xuNQC-tLYYAAogUznc4aYMLrrNJL1bvwg8nC063im2E1E-fA40Cv_wUOwqBE9SRVgw_rm_0wZImkRQQVjfDGACagZESS4yLjFyNpsBFQcXAFwDWAVWAkDKBhHtFV2WDk8kXpnYAVO8FFIAS7EvYQBM5Yw6IKX9lwkNAAISYwECC570-Sw/ofertasv/?filter[tourOperator]=OREX&filter%5Bperson%5D=2&filter%5BchildAge%5D%5B1%5D=20201210&filter%5Bchild%5D=1","filter_egypt_autumn_2026_7_10_days","egipt","marsa-alam","al-kusajr","2026-10-10","2026-10-17","8","7","Warszawa - Radom","2+1","egipt|marsa-alam|2026-10-10|2026-10-17|7|Warszawa - Radom|2+1"
"Safir Sharm Waterfalls Resort (ex Hilton Waterfalls Resort)","8735.0","11.10.2026 - 18.10.2026","8 dni/7 nocy","4.5","4.5","1200","tripadvisor","Warszawa%20-%20Radom","2026-08-03T00:12:41.729447+00:00","https://fly.pl/oferta/egipt-wczasy/?filter[dest]=11:&filter[hotelids]=&filter[cityids]=&filter[cregids]=&filter[ofrType]=&filter[addObjType]=&filter[whenFrom]=10-10-2026&filter[whenTo]=05-11-2026&filter[duration]=7:10&filter[from]=Warszawa%20-%20Radom,Warszawa,Warszawa%20-%20Modlin&filter[person]=2&filter[child]=1&filter[price]=0:11000&filter[PriceFrom]=0&filter[PriceTo]=11000&filter[addCategory]=50&filter[addCatering]=1&filter[addMisc]=0&filter[addTransport]=F&filter[fp]=1&order_by=ofr_price&filter[tourOperator]=0&filter[childAge][1]=20201210","https://fly.pl/cdn/photo/assets/uploads/582/278/2014/07/Hilton-Sharm-Waterfalls-Resort-fly-pl-4.jpg","https://fly.pl/wycieczka/egipt,sharm-el-sheikh,c/hilton-sharm-waterfalls-resort/pqjzM6_B-Kp-sKjEMG42AxAAogG6pSrfCbl5tZqOB6i-LIvwiPgYhrkVrHHSR3tH9QMnYqBEpPSVAw_rm_0wZIn0RQQVj3DGACagNDR21yQpsBFAEVBhcAXANYBVYCQMoGT-IBXQARwsYBXpw0UqYgUwBLxyNhAEzljDoNpv2XCSAAAcObkOjkiMygMAINYwEAC4GHuO4/ofertasv/?filter[tourOperator]=JOIP&filter%5Bperson%5D=2&filter%5BchildAge%5D%5B1%5D=20201210&filter%5Bchild%5D=1","filter_egypt_autumn_2026_7_10_days","egipt","sharm-el-sheikh","c","2026-10-11","2026-10-18","8","7","Warszawa - Radom","2+1","egipt|sharm-el-sheikh|2026-10-11|2026-10-18|7|Warszawa - Radom|2+1"
"Amarina Star Resort & Aqua Park (ex. Raouf Star)","8754.0","11.10.2026 - 18.10.2026","8 dni/7 nocy","4.2","4.2","99","tripadvisor","Warszawa%20-%20Radom","2026-08-03T00:12:41.729447+00:00","https://fly.pl/oferta/egipt-wczasy/?filter[dest]=11:&filter[hotelids]=&filter[cityids]=&filter[cregids]=&filter[ofrType]=&filter[addObjType]=&filter[whenFrom]=10-10-2026&filter[whenTo]=05-11-2026&filter[duration]=7:10&filter[from]=Warszawa%20-%20Radom,Warszawa,Warszawa%20-%20Modlin&filter[person]=2&filter[child]=1&filter[price]=0:11000&filter[PriceFrom]=0&filter[PriceTo]=11000&filter[addCategory]=50&filter[addCatering]=1&filter[addMisc]=0&filter[addTransport]=F&filter[fp]=1&order_by=ofr_price&filter[tourOperator]=0&filter[childAge][1]=20201210","https://fly.pl/cdn/photo/assets/uploads/582/278/2023/04/Amarina-Star-Resort-Aqua-Park.jpg","https://fly.pl/wycieczka/egipt,sharm-el-sheikh,szarm-el-szejk/raouf-star-15/ptinD7nU4tYSZzNwPIJT59AAogrjZn42oaYy8c7_c5OcatYwiPgYhrkVrHHSR3tH9QMnYqBEpPSVAw_rm_0wZIskRQQVj3DGACagMxMm9yQ5sBFAEVBhcAXANYBVYCQMoGT-IBXQBe3voBUqYgUwBLxyNhABH2pwFM7-Q4Dab9lwkgAAG4tcCA5YjMoDACDWMBAAxqy8aW/ofertasv/?filter[tourOperator]=JOIP&filter%5Bperson%5D=2&filter%5BchildAge%5D%5B1%5D=20201210&filter%5Bchild%5D=1","filter_egypt_autumn_2026_7_10_days","egipt","sharm-el-sheikh","szarm-el-szejk","2026-10-11","2026-10-18","8","7","Warszawa - Radom","2+1","egipt|sharm-el-sheikh|2026-10-11|2026-10-18|7|Warszawa - Radom|2+1"
"Pharaoh Azur Resort (ex Sonesta Pharaoh Beach Resort)","8777.0","15.10.2026 - 22.10.2026","8 dni/7 nocy","4.5","4.5","2719","tripadvisor","Warszawa%20-%20Radom","2026-08-03T00:12:41.729447+00:00","https://fly.pl/oferta/egipt-wczasy/?filter[dest]=11:&filter[hotelids]=&filter[cityids]=&filter[cregids]=&filter[ofrType]=&filter[addObjType]=&filter[whenFrom]=10-10-2026&filter[whenTo]=05-11-2026&filter[duration]=7:10&filter[from]=Warszawa%20-%20Radom,Warszawa,Warszawa%20-%20Modlin&filter[person]=2&filter[child]=1&filter[price]=0:11000&filter[PriceFrom]=0&filter[PriceTo]=11000&filter[addCategory]=50&filter[addCatering]=1&filter[addMisc]=0&filter[addTransport]=F&filter[fp]=1&order_by=ofr_price&filter[tourOperator]=0&filter[childAge][1]=20201210","https://fly.pl/cdn/photo/assets/uploads/582/278/2014/07/Pharaoh-Azur-Resort.jpg","https://fly.pl/wycieczka/egipt,hurghada,c/sonesta-pharaoh/pmIYJHgWWaMR9_AdIXGxSkAAogiX2Ocd6Ky6T1sPY3wE0MlgAAAAAYiAQANIgEAAcAAAAqBFdFWlkw_rm_0wZIyURQQVjXDWADahNMT1QgUG9saXNoIEFpcmxpbmVzckKeAR8AHAECABYEFwIRsQESvAITtAYUiAQVXxjyAkCgb0_LMkwAUJyTAUsAG5wxHfSXDyAcDePAwgkBEmMBDmMBAgXG88oo/ofertasv/?filter[tourOperator]=WEZY&filter%5Bperson%5D=2&filter%5BchildAge%5D%5B1%5D=20201210&filter%5Bchild%5D=1","filter_egypt_autumn_2026_7_10_days","egipt","hurghada","c","2026-10-15","2026-10-22","8","7","Warszawa - Radom","2+1","egipt|hurghada|2026-10-15|2026-10-22|7|Warszawa - Radom|2+1"
"True Beach Resort","8794.0","18.10.2026 - 25.10.2026","8 dni/7 nocy","4.3","4.3","149","tripadvisor","Warszawa%20-%20Radom","2026-08-03T00:12:41.729447+00:00","https://fly.pl/oferta/egipt-wczasy/?filter[dest]=11:&filter[hotelids]=&filter[cityids]=&filter[cregids]=&filter[ofrType]=&filter[addObjType]=&filter[whenFrom]=10-10-2026&filter[whenTo]=05-11-2026&filter[duration]=7:10&filter[from]=Warszawa%20-%20Radom,Warszawa,Warszawa%20-%20Modlin&filter[person]=2&filter[child]=1&filter[price]=0:11000&filter[PriceFrom]=0&filter[PriceTo]=11000&filter[addCategory]=50&filter[addCatering]=1&filter[addMisc]=0&filter[addTransport]=F&filter[fp]=1&order_by=ofr_price&filter[tourOperator]=0&filter[childAge][1]=20201210","https://fly.pl/cdn/photo/assets/uploads/582/278/2014/09/True-Beach-Resort.jpg","https://fly.pl/wycieczka/egipt,marsa-alam,c/laguna-beach-marsa-alam/p6MdgCbD-q3voR1Q3I2VUPAAogJJU9OfTw6aO_XPL_KvITigAAAADlgwQAAYQEAAcAAQAqBFdFWlkw_rm_0wZI2kRQQVifDmADaglFbnRlciBBaXJyQp4BHwAcAQIAFgQXAhLtAxPxBBTdBBVGGLsCQN5wEcFrT_UqTABQsS9LAB3dwA8gHBvPr2QNypneCAESYwEMYwECBb_Amwo/ofertasv/?filter[tourOperator]=WEZY&filter%5Bperson%5D=2&filter%5BchildAge%5D%5B1%5D=20201210&filter%5Bchild%5D=1","filter_egypt_autumn_2026_7_10_days","egipt","marsa-alam","c","2026-10-18","2026-10-25","8","7","Warszawa - Radom","2+1","egipt|marsa-alam|2026-10-18|2026-10-25|7|Warszawa - Radom|2+1"
"Xperience Kiroseiz Premier","8794.0","10.10.2026 - 17.10.2026","8 dni/7 nocy","4.5","4.5","938","tripadvisor","Warszawa%20-%20Radom","2026-08-03T00:12:41.729447+00:00","https://fly.pl/oferta/egipt-wczasy/?filter[dest]=11:&filter[hotelids]=&filter[cityids]=&filter[cregids]=&filter[ofrType]=&filter[addObjType]=&filter[whenFrom]=10-10-2026&filter[whenTo]=05-11-2026&filter[duration]=7:10&filter[from]=Warszawa%20-%20Radom,Warszawa,Warszawa%20-%20Modlin&filter[person]=2&filter[child]=1&filter[price]=0:11000&filter[PriceFrom]=0&filter[PriceTo]=11000&filter[addCategory]=50&filter[addCatering]=1&filter[addMisc]=0&filter[addTransport]=F&filter[fp]=1&order_by=ofr_price&filter[tourOperator]=0&filter[childAge][1]=20201210","https://fly.pl/cdn/photo/assets/uploads/582/278/2015/11/Xperience-Kiroseiz-Premier-fly-pl-3.jpg","https://fly.pl/wycieczka/egipt,sharm-el-sheikh,c/xperience-kiroseiz-premier/pA-0fOw0P8v1xVkT7euL3CAAogGoT9H0OXI1hh5IOf9xInhAAAAACZhAQAtoQEAAcAEgAqBFdFWlkw_rm_0wZI2kRQQVjfDGADaglFbnRlciBBaXJqBDA4MDByQp4BlQEfAAIBHAAWBBcCEu0DGIUFE80BFMkEEcpqQMgHTKCiAU8AS8cjUAAbnDEd9ZAPIB0N3MfCCQESYwEMYwECBVLmcUg/ofertasv/?filter[tourOperator]=WEZY&filter%5Bperson%5D=2&filter%5BchildAge%5D%5B1%5D=20201210&filter%5Bchild%5D=1","filter_egypt_autumn_2026_7_10_days","egipt","sharm-el-sheikh","c","2026-10-10","2026-10-17","8","7","Warszawa - Radom","2+1","egipt|sharm-el-sheikh|2026-10-10|2026-10-17|7|Warszawa - Radom|2+1"
"Concorde Moreen Beach Resort & Spa","8847.0","24.10.2026 - 31.10.2026","8 dni/7 nocy","4.5","4.5","5581","tripadvisor","Warszawa%20-%20Radom","2026-08-03T00:12:41.729447+00:00","https://fly.pl/oferta/egipt-wczasy/?filter[dest]=11:&filter[hotelids]=&filter[cityids]=&filter[cregids]=&filter[ofrType]=&filter[addObjType]=&filter[whenFrom]=10-10-2026&filter[whenTo]=05-11-2026&filter[duration]=7:10&filter[from]=Warszawa%20-%20Radom,Warszawa,Warszawa%20-%20Modlin&filter[person]=2&filter[child]=1&filter[price]=0:11000&filter[PriceFrom]=0&filter[PriceTo]=11000&filter[addCategory]=50&filter[addCatering]=1&filter[addMisc]=0&filter[addTransport]=F&filter[fp]=1&order_by=ofr_price&filter[tourOperator]=0&filter[childAge][1]=20201210","https://fly.pl/cdn/photo/assets/uploads/582/278/2014/07/Concorde-Moreen-Beach-Resort-Spa-fly-pl.jpg","https://fly.pl/wycieczka/egipt,marsa-alam,c/concorde-moreen-beach-spa-resort/pkC2w7AK3KzU3V1-LhntpqAAogRv_RICAUWApNhZrT6PeqL6aYQYkkWuEfcVdFg92vHHIqBE9SRVgw_rm_0wZIj0VQQVivD2ACagZESS4yLjFyNpsBFQcXAFwDWAVWAkDKBhHuDV2VFk8kXpnYAVO8FFIAS7EvYQBM5Yw6ILP9lwkNAAISYwECC80MtrA/ofertasv/?filter[tourOperator]=OREX&filter%5Bperson%5D=2&filter%5BchildAge%5D%5B1%5D=20201210&filter%5Bchild%5D=1","filter_egypt_autumn_2026_7_10_days","egipt","marsa-alam","c","2026-10-24","2026-10-31","8","7","Warszawa - Radom","2+1","egipt|marsa-alam|2026-10-24|2026-10-31|7|Warszawa - Radom|2+1"
"Jaz Grand Marsa (ex Resta Grand Resort)","8887.0","27.10.2026 - 03.11.2026","8 dni/7 nocy","4.6","4.6","6389","tripadvisor","Warszawa%20-%20Radom","2026-08-03T00:12:41.729447+00:00","https://fly.pl/oferta/egipt-wczasy/?filter[dest]=11:&filter[hotelids]=&filter[cityids]=&filter[cregids]=&filter[ofrType]=&filter[addObjType]=&filter[whenFrom]=10-10-2026&filter[whenTo]=05-11-2026&filter[duration]=7:10&filter[from]=Warszawa%20-%20Radom,Warszawa,Warszawa%20-%20Modlin&filter[person]=2&filter[child]=1&filter[price]=0:11000&filter[PriceFrom]=0&filter[PriceTo]=11000&filter[addCategory]=50&filter[addCatering]=1&filter[addMisc]=0&filter[addTransport]=F&filter[fp]=1&order_by=ofr_price&filter[tourOperator]=0&filter[childAge][1]=20201210","https://fly.pl/cdn/photo/assets/uploads/582/278/2014/09/grand.jpg","https://fly.pl/wycieczka/egipt,marsa-alam,madinat-coraya/resta-grand-resort/pUMQLl9jC4U2PxlP61PWtgAAogexE2RY44YRXZoWKpQ3qNInfhdMl1pFTvfBznJ5JFJscqBEVYSU0w_rm_0wZIt0VQAVj3D2ACagJBSXIjHBHzxga5BPv3PasEiN4NG-TcLBiB3lwBxNGYtA0CAGMBAgz61rmW/ofertasv/?filter[tourOperator]=EXIM&filter%5Bperson%5D=2&filter%5BchildAge%5D%5B1%5D=20201210&filter%5Bchild%5D=1","filter_egypt_autumn_2026_7_10_days","egipt","marsa-alam","madinat-coraya","2026-10-27","2026-11-03","8","7","Warszawa - Radom","2+1","egipt|marsa-alam|2026-10-27|2026-11-03|7|Warszawa - Radom|2+1"
"Naama Bay Promenade Mountain Resort","8915.0","17.10.2026 - 24.10.2026","8 dni/7 nocy","4.2","4.2","1260","tripadvisor","Warszawa%20-%20Radom","2026-08-03T00:12:41.729447+00:00","https://fly.pl/oferta/egipt-wczasy/?filter[dest]=11:&filter[hotelids]=&filter[cityids]=&filter[cregids]=&filter[ofrType]=&filter[addObjType]=&filter[whenFrom]=10-10-2026&filter[whenTo]=05-11-2026&filter[duration]=7:10&filter[from]=Warszawa%20-%20Radom,Warszawa,Warszawa%20-%20Modlin&filter[person]=2&filter[child]=1&filter[price]=0:11000&filter[PriceFrom]=0&filter[PriceTo]=11000&filter[addCategory]=50&filter[addCatering]=1&filter[addMisc]=0&filter[addTransport]=F&filter[fp]=1&order_by=ofr_price&filter[tourOperator]=0&filter[childAge][1]=20201210","https://fly.pl/cdn/photo/assets/uploads/582/278/2024/07/naama-bay-promenade-mountain-resort.jpg","https://fly.pl/wycieczka/egipt,sharm-el-sheikh,szarm-el-szejk/naama-bay-promenade-mountain-resort-12/pRnKdHF0x3Bqb8duxFr4I8AAogr2vhMHj4b0XXUF8bSNyfygAAAACahAQAt4QEAAcAEgAqBFdFWlkw_rm_0wZI00VQQViHDmADaglFbnRlciBBaXJqBDA4MDByQ54BlQEfAAIBHAAWBBcCEu0DGIUFE80BFMkEEcsPQMdiTKCiAU8AS8cjUAAbsYMCHeG-DSAdDeLHwgkBEmMBDGMBAgVYECL6/ofertasv/?filter[tourOperator]=WEZY&filter%5Bperson%5D=2&filter%5BchildAge%5D%5B1%5D=20201210&filter%5Bchild%5D=1","filter_egypt_autumn_2026_7_10_days","egipt","sharm-el-sheikh","szarm-el-szejk","2026-10-17","2026-10-24","8","7","Warszawa - Radom","2+1","egipt|sharm-el-sheikh|2026-10-17|2026-10-24|7|Warszawa - Radom|2+1"
"Pyramisa Beach Resort Sahl Hasheesh","8919.0","29.10.2026 - 05.11.2026","8 dni/7 nocy","4.1","4.1","3560","tripadvisor","Warszawa%20-%20Radom","2026-08-03T00:12:41.729447+00:00","https://fly.pl/oferta/egipt-wczasy/?filter[dest]=11:&filter[hotelids]=&filter[cityids]=&filter[cregids]=&filter[ofrType]=&filter[addObjType]=&filter[whenFrom]=10-10-2026&filter[whenTo]=05-11-2026&filter[duration]=7:10&filter[from]=Warszawa%20-%20Radom,Warszawa,Warszawa%20-%20Modlin&filter[person]=2&filter[child]=1&filter[price]=0:11000&filter[PriceFrom]=0&filter[PriceTo]=11000&filter[addCategory]=50&filter[addCatering]=1&filter[addMisc]=0&filter[addTransport]=F&filter[fp]=1&order_by=ofr_price&filter[tourOperator]=0&filter[childAge][1]=20201210","https://fly.pl/cdn/photo/assets/uploads/582/278/2015/04/Pyramisa-Beach-Resort-Sahl-Hasheesh.jpg","https://fly.pl/wycieczka/egipt,hurghada,sahl-hasheesh/dessole-pyramisa-beach-resort-ex-pyramisa-beach-r/pCmBBWInsx9NAPZvRwo4wOAAogMM-lo294lqqVVk6C9nFpzhLqCxxQb8S86Hh0k4aD-ioqBE9SRVgw_rm_0wZI10VQQVinEGACagdFV0suMi4xcjWbARUHFwBcA1gFVgIRNUCVBl2bD08kU9KdAVIAXq9PS-1DYQBM5Yw6ILj9lwkNAAISYwECC8O0WvM/ofertasv/?filter[tourOperator]=OREX&filter%5Bperson%5D=2&filter%5BchildAge%5D%5B1%5D=20201210&filter%5Bchild%5D=1","filter_egypt_autumn_2026_7_10_days","egipt","hurghada","sahl-hasheesh","2026-10-29","2026-11-05","8","7","Warszawa - Radom","2+1","egipt|hurghada|2026-10-29|2026-11-05|7|Warszawa - Radom|2+1"
"Azur One Eleven","8937.0","16.10.2026 - 23.10.2026","8 dni/7 nocy","","","","","Warszawa%20-%20Radom","2026-08-03T00:12:41.729447+00:00","https://fly.pl/oferta/egipt-wczasy/?filter[dest]=11:&filter[hotelids]=&filter[cityids]=&filter[cregids]=&filter[ofrType]=&filter[addObjType]=&filter[whenFrom]=10-10-2026&filter[whenTo]=05-11-2026&filter[duration]=7:10&filter[from]=Warszawa%20-%20Radom,Warszawa,Warszawa%20-%20Modlin&filter[person]=2&filter[child]=1&filter[price]=0:11000&filter[PriceFrom]=0&filter[PriceTo]=11000&filter[addCategory]=50&filter[addCatering]=1&filter[addMisc]=0&filter[addTransport]=F&filter[fp]=1&order_by=ofr_price&filter[tourOperator]=0&filter[childAge][1]=20201210","https://datacfstatic.merlinx.pl/WEZY/IMG/78894/cc8d1d51077096f59944ba845d3d6e137f5026f7347a564b583f668b9da31318.webp","https://fly.pl/wycieczka/egipt,dolny-egipt,al-alamajn/azur-one-eleven-12/p_WhVJ9Q5VNzD-uPIDU4tZAAogt32iqRW8yQ2swq_MhsKRGwAAAAAkmAQA364FAAcAHQAqBFdFWlkw_rm_0wZI6UVQQVjvDWADaglFbnRlciBBaXJqBDA2NDByRZ4BkwEfAAIBHAAWBBcCEu0DFIoFFTcYwAJArHVPxgVMAEuhwAFQABGmoQId9scNILutBBvukmENy-DcCAESYwEMYwECBdoRNeo/ofertasv/?filter[tourOperator]=WEZY&filter%5Bperson%5D=2&filter%5BchildAge%5D%5B1%5D=20201210&filter%5Bchild%5D=1","filter_egypt_autumn_2026_7_10_days","egipt","dolny-egipt","al-alamajn","2026-10-16","2026-10-23","8","7","Warszawa - Radom","2+1","egipt|dolny-egipt|2026-10-16|2026-10-23|7|Warszawa - Radom|2+1"
"Jaz Palmariva Beach","8955.0","11.10.2026 - 18.10.2026","8 dni/7 nocy","4.6","4.6","4040","tripadvisor","Warszawa%20-%20Radom","2026-08-03T00:12:41.729447+00:00","https://fly.pl/oferta/egipt-wczasy/?filter[dest]=11:&filter[hotelids]=&filter[cityids]=&filter[cregids]=&filter[ofrType]=&filter[addObjType]=&filter[whenFrom]=10-10-2026&filter[whenTo]=05-11-2026&filter[duration]=7:10&filter[from]=Warszawa%20-%20Radom,Warszawa,Warszawa%20-%20Modlin&filter[person]=2&filter[child]=1&filter[price]=0:11000&filter[PriceFrom]=0&filter[PriceTo]=11000&filter[addCategory]=50&filter[addCatering]=1&filter[addMisc]=0&filter[addTransport]=F&filter[fp]=1&order_by=ofr_price&filter[tourOperator]=0&filter[childAge][1]=20201210","https://fly.pl/cdn/photo/assets/uploads/582/278/2014/07/Labranda-Club-Makadi-ex-Club-Azur-fly-pl.jpg","https://fly.pl/wycieczka/egipt,hurghada,makadi-bay/club-azur/pww6KKfzfJCZHb05YziPsyAAogIGvyZdHPAbnMCEL_JfUE7v-P2F7QC24BuoDuINJWRuAqBE9SRVgw_rm_0wZI-0VQQVj3DGACagZCSC4yLjFyNZsBFQcXAFwDWAVWAkDKBl2bD08kEfUhU917UgBer09L7UNhAEzljDogpv2XCQ0AAhJjAQIMHVCn5A/ofertasv/?filter[tourOperator]=OREX&filter%5Bperson%5D=2&filter%5BchildAge%5D%5B1%5D=20201210&filter%5Bchild%5D=1","filter_egypt_autumn_2026_7_10_days","egipt","hurghada","makadi-bay","2026-10-11","2026-10-18","8","7","Warszawa - Radom","2+1","egipt|hurghada|2026-10-11|2026-10-18|7|Warszawa - Radom|2+1"
"Titanic Palace Resort","8961.0","29.10.2026 - 05.11.2026","8 dni/7 nocy","4.5","4.5","7301","tripadvisor","Warszawa%20-%20Radom","2026-08-03T00:12:41.729447+00:00","https://fly.pl/oferta/egipt-wczasy/?filter[dest]=11:&filter[hotelids]=&filter[cityids]=&filter[cregids]=&filter[ofrType]=&filter[addObjType]=&filter[whenFrom]=10-10-2026&filter[whenTo]=05-11-2026&filter[duration]=7:10&filter[from]=Warszawa%20-%20Radom,Warszawa,Warszawa%20-%20Modlin&filter[person]=2&filter[child]=1&filter[price]=0:11000&filter[PriceFrom]=0&filter[PriceTo]=11000&filter[addCategory]=50&filter[addCatering]=1&filter[addMisc]=0&filter[addTransport]=F&filter[fp]=1&order_by=ofr_price&filter[tourOperator]=0&filter[childAge][1]=20201210","https://fly.pl/cdn/photo/assets/uploads/582/278/2014/07/Titanic-Palace-Resort.jpg","https://fly.pl/wycieczka/egipt,hurghada,c/titanic-palace-2/pfPtRCOKQ-eT1WsT16caXtAAoghDNiHq8I4oFt46ZCqq4iOWSr15Jod7NI_ZeeP2cCHt0qBEVYSU0w_rm_0wZIgUZQAVinEGACagNVQUlyIxwRj7sGuQSbgD6rBL2KChvwgyYYxP5mAafIkLMNAgBjAQILH-Wp4g/ofertasv/?filter[tourOperator]=EXIM&filter%5Bperson%5D=2&filter%5BchildAge%5D%5B1%5D=20201210&filter%5Bchild%5D=1","filter_egypt_autumn_2026_7_10_days","egipt","hurghada","c","2026-10-29","2026-11-05","8","7","Warszawa - Radom","2+1","egipt|hurghada|2026-10-29|2026-11-05|7|Warszawa - Radom|2+1"
"Gemma Resort (ex. Labranda Gemma Premium Resort)","8964.0","13.10.2026 - 20.10.2026","8 dni/7 nocy","4.5","4.5","5505","tripadvisor","Warszawa%20-%20Radom","2026-08-03T00:12:41.729447+00:00","https://fly.pl/oferta/egipt-wczasy/?filter[dest]=11:&filter[hotelids]=&filter[cityids]=&filter[cregids]=&filter[ofrType]=&filter[addObjType]=&filter[whenFrom]=10-10-2026&filter[whenTo]=05-11-2026&filter[duration]=7:10&filter[from]=Warszawa%20-%20Radom,Warszawa,Warszawa%20-%20Modlin&filter[person]=2&filter[child]=1&filter[price]=0:11000&filter[PriceFrom]=0&filter[PriceTo]=11000&filter[addCategory]=50&filter[addCatering]=1&filter[addMisc]=0&filter[addTransport]=F&filter[fp]=1&order_by=ofr_price&filter[tourOperator]=0&filter[childAge][1]=20201210","https://fly.pl/cdn/photo/assets/uploads/582/278/2015/06/Gemma-Resort.jpg","https://fly.pl/wycieczka/egipt,marsa-alam,c/gemma-resort/p1h7tQoHLjfTnk4HKzBBjhAAogaVPXdyVtXuaEQ6I-siYA8wAAAACFpwQAoacEAAcAAQAqBFdFWlkw_rm_0wZIhEZQQVinDWADaglFbnRlciBBaXJqBDA1NTVyQZ4BkwEfAAIBHAAWBBcCEu0DFIoFFUYYlQMR1UpA8ylMtpYBTwBLsS9QABvkMR2Z1g8gHA30gcIJARJjAQ5jAQIGKRiiqw/ofertasv/?filter[tourOperator]=WEZY&filter%5Bperson%5D=2&filter%5BchildAge%5D%5B1%5D=20201210&filter%5Bchild%5D=1","filter_egypt_autumn_2026_7_10_days","egipt","marsa-alam","c","2026-10-13","2026-10-20","8","7","Warszawa - Radom","2+1","egipt|marsa-alam|2026-10-13|2026-10-20|7|Warszawa - Radom|2+1"
"Akassia Swiss Resort (ex. Calimera Club Akassia Swiss Resort)","8977.0","25.10.2026 - 01.11.2026","8 dni/7 nocy","4.6","4.6","2552","tripadvisor","Warszawa%20-%20Radom","2026-08-03T00:12:41.729447+00:00","https://fly.pl/oferta/egipt-wczasy/?filter[dest]=11:&filter[hotelids]=&filter[cityids]=&filter[cregids]=&filter[ofrType]=&filter[addObjType]=&filter[whenFrom]=10-10-2026&filter[whenTo]=05-11-2026&filter[duration]=7:10&filter[from]=Warszawa%20-%20Radom,Warszawa,Warszawa%20-%20Modlin&filter[person]=2&filter[child]=1&filter[price]=0:11000&filter[PriceFrom]=0&filter[PriceTo]=11000&filter[addCategory]=50&filter[addCatering]=1&filter[addMisc]=0&filter[addTransport]=F&filter[fp]=1&order_by=ofr_price&filter[tourOperator]=0&filter[childAge][1]=20201210","https://fly.pl/cdn/photo/assets/uploads/582/278/2014/09/Akassia-Swiss-Resort.jpg","https://fly.pl/wycieczka/egipt,marsa-alam,c/calimera-club-akassia-swiss-resort/p-ZWPfPSyoXA997zR-LG1VAAogu-04yuRoMC_zXSdVXjCTmQAAAAAcgwQAa7kEAAcAAQAqBFdFWlkw_rm_0wZIkUZQQVjHD2ADaglFbnRlciBBaXJqBDAwNTBqBDAwMDBqBDAwMDByQp4BlAGVAZgBHwAcAQIAFgQXAhLtAxPYCRGoI0CtUEy2lgFPAEuxL1AAG-WrAh2vkw0gz2wNtt7BCQESYwEMYwECBVmc-fQ/ofertasv/?filter[tourOperator]=WEZY&filter%5Bperson%5D=2&filter%5BchildAge%5D%5B1%5D=20201210&filter%5Bchild%5D=1","filter_egypt_autumn_2026_7_10_days","egipt","marsa-alam","c","2026-10-25","2026-11-01","8","7","Warszawa - Radom","2+1","egipt|marsa-alam|2026-10-25|2026-11-01|7|Warszawa - Radom|2+1"
"Rehana Royal Beach Resort & Spa","8978.0","11.10.2026 - 18.10.2026","8 dni/7 nocy","4.3","4.3","4620","tripadvisor","Warszawa%20-%20Radom","2026-08-03T00:12:41.729447+00:00","https://fly.pl/oferta/egipt-wczasy/?filter[dest]=11:&filter[hotelids]=&filter[cityids]=&filter[cregids]=&filter[ofrType]=&filter[addObjType]=&filter[whenFrom]=10-10-2026&filter[whenTo]=05-11-2026&filter[duration]=7:10&filter[from]=Warszawa%20-%20Radom,Warszawa,Warszawa%20-%20Modlin&filter[person]=2&filter[child]=1&filter[price]=0:11000&filter[PriceFrom]=0&filter[PriceTo]=11000&filter[addCategory]=50&filter[addCatering]=1&filter[addMisc]=0&filter[addTransport]=F&filter[fp]=1&order_by=ofr_price&filter[tourOperator]=0&filter[childAge][1]=20201210","https://fly.pl/cdn/photo/assets/uploads/582/278/2016/11/Rehana-Royal-Beach-Resort-amp-Spa.jpg","https://fly.pl/wycieczka/egipt,sharm-el-sheikh,c/rehana-royal-beach-resort-spa/p_UwYF3CjvijXUVYnIvvqpAAogRiykWlkKUH8e7Kz6mIwbjQiPgYhrkVrHHSR3tH9QMnYqBEpPSVAw_rm_0wZIkkZQQVj3DGACagMwMHdyQpsBFAEVBhcAXANYBVYCQMoGT-IBXQAR88gBXusxUqYgUwBLxyNhAEzljDoNpv2XCSAAAb-T5KCVicygMAINYwEADPWvO4s/ofertasv/?filter[tourOperator]=JOIP&filter%5Bperson%5D=2&filter%5BchildAge%5D%5B1%5D=20201210&filter%5Bchild%5D=1","filter_egypt_autumn_2026_7_10_days","egipt","sharm-el-sheikh","c","2026-10-11","2026-10-18","8","7","Warszawa - Radom","2+1","egipt|sharm-el-sheikh|2026-10-11|2026-10-18|7|Warszawa - Radom|2+1"
"Charmillion Club Resort","8991.0","17.10.2026 - 24.10.2026","8 dni/7 nocy","4.5","4.5","5993","tripadvisor","Warszawa%20-%20Radom","2026-08-03T00:12:41.729447+00:00","https://fly.pl/oferta/egipt-wczasy/?filter[dest]=11:&filter[hotelids]=&filter[cityids]=&filter[cregids]=&filter[ofrType]=&filter[addObjType]=&filter[whenFrom]=10-10-2026&filter[whenTo]=05-11-2026&filter[duration]=7:10&filter[from]=Warszawa%20-%20Radom,Warszawa,Warszawa%20-%20Modlin&filter[person]=2&filter[child]=1&filter[price]=0:11000&filter[PriceFrom]=0&filter[PriceTo]=11000&filter[addCategory]=50&filter[addCatering]=1&filter[addMisc]=0&filter[addTransport]=F&filter[fp]=1&order_by=ofr_price&filter[tourOperator]=0&filter[childAge][1]=20201210","https://fly.pl/cdn/photo/assets/uploads/582/278/2014/07/Charmillion-Club-Resort-ex.-Sea-Club-Resort-fly-pl.jpg","https://fly.pl/wycieczka/egipt,sharm-el-sheikh,c/sea-club-sharm-el-sheikh/plw28EJQpZmgxyIZVndy8mAAog372LO1IOKr-9MWowDSdMZgAAAACahAQAt4QEAAcAEgAqBFdFWlkw_rm_0wZIn0ZQQViHDmADaglFbnRlciBBaXJqBDA4MDByQp4BlQEfAAIBHAAWBBcCEu0DGIUFE80BFMkEEZEOQIFkTKCiAU8AS8cjUAAb5DEdrpAPIB0N4sfCCQESYwENYwECBdUjeG0/ofertasv/?filter[tourOperator]=WEZY&filter%5Bperson%5D=2&filter%5BchildAge%5D%5B1%5D=20201210&filter%5Bchild%5D=1","filter_egypt_autumn_2026_7_10_days","egipt","sharm-el-sheikh","c","2026-10-17","2026-10-24","8","7","Warszawa - Radom","2+1","egipt|sharm-el-sheikh|2026-10-17|2026-10-24|7|Warszawa - Radom|2+1"
"Charmillion Garden Aqua Park","8991.0","10.10.2026 - 17.10.2026","8 dni/7 nocy","4.6","4.6","2247","tripadvisor","Warszawa%20-%20Radom","2026-08-03T00:12:41.729447+00:00","https://fly.pl/oferta/egipt-wczasy/?filter[dest]=11:&filter[hotelids]=&filter[cityids]=&filter[cregids]=&filter[ofrType]=&filter[addObjType]=&filter[whenFrom]=10-10-2026&filter[whenTo]=05-11-2026&filter[duration]=7:10&filter[from]=Warszawa%20-%20Radom,Warszawa,Warszawa%20-%20Modlin&filter[person]=2&filter[child]=1&filter[price]=0:11000&filter[PriceFrom]=0&filter[PriceTo]=11000&filter[addCategory]=50&filter[addCatering]=1&filter[addMisc]=0&filter[addTransport]=F&filter[fp]=1&order_by=ofr_price&filter[tourOperator]=0&filter[childAge][1]=20201210","https://fly.pl/cdn/photo/assets/uploads/582/278/2014/07/Charmillion-Gardens-Aqua-Park-ex.-Sea-Garden.jpg","https://fly.pl/wycieczka/egipt,sharm-el-sheikh,nabq-bay/sea-gardens-sharm-el-sheikh/pUpXg64wdUwZg0JNUlhW7LAAogIo0kOKxGO9nzUBY0m0U6HgAAAACZhAQAtoQEAAcAEgAqBFdFWlkw_rm_0wZIn0ZQQVjfDGADaglFbnRlciBBaXJqBDA4MDByQp4BlQEfAAIBHAAWBBcCEu0DGIUFE80BFMkEEZIOQIBkTKCiAU8AS8cjUAAbmGEd-eAOIB0N3MfCCQESYwENYwECBRM9ObY/ofertasv/?filter[tourOperator]=WEZY&filter%5Bperson%5D=2&filter%5BchildAge%5D%5B1%5D=20201210&filter%5Bchild%5D=1","filter_egypt_autumn_2026_7_10_days","egipt","sharm-el-sheikh","nabq-bay","2026-10-10","2026-10-17","8","7","Warszawa - Radom","2+1","egipt|sharm-el-sheikh|2026-10-10|2026-10-17|7|Warszawa - Radom|2+1"
"Stella Gardens Resort & Spa (ex Stella Di Mare Gardens)","9009.0","20.10.2026 - 27.10.2026","8 dni/7 nocy","4.5","4.5","2720","tripadvisor","Warszawa%20-%20Radom","2026-08-03T00:12:41.729447+00:00","https://fly.pl/oferta/egipt-wczasy/?filter[dest]=11:&filter[hotelids]=&filter[cityids]=&filter[cregids]=&filter[ofrType]=&filter[addObjType]=&filter[whenFrom]=10-10-2026&filter[whenTo]=05-11-2026&filter[duration]=7:10&filter[from]=Warszawa%20-%20Radom,Warszawa,Warszawa%20-%20Modlin&filter[person]=2&filter[child]=1&filter[price]=0:11000&filter[PriceFrom]=0&filter[PriceTo]=11000&filter[addCategory]=50&filter[addCatering]=1&filter[addMisc]=0&filter[addTransport]=F&filter[fp]=1&order_by=ofr_price&filter[tourOperator]=0&filter[childAge][1]=20201210","https://fly.pl/cdn/photo/assets/uploads/582/278/2014/10/Stella-Di-Mare-Gardens-Resort-Spa.jpg","https://fly.pl/wycieczka/egipt,hurghada,makadi-bay/stella-makadi-garden/pcxGUrU9T8SMfXYGIRB0q3AAog5WnPtbFgKe8nFheNdlxr5p-aPgbvqzMYNpZIVqwcgJMqBEpPSVAw_7m_0wZIsUZQQVjPDmACagMwMEZyQpsBFAEVBhcAXANYBVYCQMoGT-IBXQBSr6sBUwARxjBe6R5L7UNhAEzljDoNr_2XCSAAAanfvLCVhsygMAIOYwEADf6M4oI/ofertasv/?filter[tourOperator]=JOIP&filter%5Bperson%5D=2&filter%5BchildAge%5D%5B1%5D=20201210&filter%5Bchild%5D=1","filter_egypt_autumn_2026_7_10_days","egipt","hurghada","makadi-bay","2026-10-20","2026-10-27","8","7","Warszawa - Radom","2+1","egipt|hurghada|2026-10-20|2026-10-27|7|Warszawa - Radom|2+1"
"Rewaya Inn Resort (ex. Hawaii Paradise Aqua Park Resort)","9023.0","20.10.2026 - 27.10.2026","8 dni/7 nocy","3.4","3.4","440","tripadvisor","Warszawa%20-%20Radom","2026-08-03T00:12:41.729447+00:00","https://fly.pl/oferta/egipt-wczasy/?filter[dest]=11:&filter[hotelids]=&filter[cityids]=&filter[cregids]=&filter[ofrType]=&filter[addObjType]=&filter[whenFrom]=10-10-2026&filter[whenTo]=05-11-2026&filter[duration]=7:10&filter[from]=Warszawa%20-%20Radom,Warszawa,Warszawa%20-%20Modlin&filter[person]=2&filter[child]=1&filter[price]=0:11000&filter[PriceFrom]=0&filter[PriceTo]=11000&filter[addCategory]=50&filter[addCatering]=1&filter[addMisc]=0&filter[addTransport]=F&filter[fp]=1&order_by=ofr_price&filter[tourOperator]=0&filter[childAge][1]=20201210","https://fly.pl/cdn/photo/assets/uploads/582/278/2020/09/Hawaii-Paradise-Aqua-Park-Resort.jpg","https://fly.pl/wycieczka/egipt,hurghada,c/hawaii-paradise-aqua-park-resort-14/pNwu4DKWq2wzj_LP9mdl8GAAogUUH-4BoGB7c6_W7xMZOlep-aPgbvqzMYNpZIVqwcgJMqBEpPSVAw_7m_0wZIv0ZQQVjPDmACagNDR21yQ5sBFAEVBhcAXANYBVYCQMoGT-IBXQBSr6sBUwBer09L7UNhABHEiwFMoYE5Da_9lwkgAAGUy-johIvMoDACDmMBAA220Prp/ofertasv/?filter[tourOperator]=JOIP&filter%5Bperson%5D=2&filter%5BchildAge%5D%5B1%5D=20201210&filter%5Bchild%5D=1","filter_egypt_autumn_2026_7_10_days","egipt","hurghada","c","2026-10-20","2026-10-27","8","7","Warszawa - Radom","2+1","egipt|hurghada|2026-10-20|2026-10-27|7|Warszawa - Radom|2+1"
"Xperience Kiroseiz Parkland","9036.0","17.10.2026 - 24.10.2026","8 dni/7 nocy","4.5","4.5","3075","tripadvisor","Warszawa%20-%20Radom","2026-08-03T00:12:41.729447+00:00","https://fly.pl/oferta/egipt-wczasy/?filter[dest]=11:&filter[hotelids]=&filter[cityids]=&filter[cregids]=&filter[ofrType]=&filter[addObjType]=&filter[whenFrom]=10-10-2026&filter[whenTo]=05-11-2026&filter[duration]=7:10&filter[from]=Warszawa%20-%20Radom,Warszawa,Warszawa%20-%20Modlin&filter[person]=2&filter[child]=1&filter[price]=0:11000&filter[PriceFrom]=0&filter[PriceTo]=11000&filter[addCategory]=50&filter[addCatering]=1&filter[addMisc]=0&filter[addTransport]=F&filter[fp]=1&order_by=ofr_price&filter[tourOperator]=0&filter[childAge][1]=20201210","https://fly.pl/cdn/photo/assets/uploads/582/278/2014/06/Xperience-Kiroseiz-Parkland-fly-pl.jpg","https://fly.pl/wycieczka/egipt,sharm-el-sheikh,c/xperience-kiroseiz-parkland/pn22lb3hdtyp77Rdz1uA3mAAog5bD_kaJOMDQ0iZsdUgap8QAAAACahAQAt4QEAAcAEgAqBFdFWlkw_7m_0wZIzEZQQViHDmADaglFbnRlciBBaXJqBDA4MDByQp4BlQEfABwBAgAWBBcCEY8BEt4CGIUFE80BFMkEQJJyTKCiAU8AS8cjUAAbnDEd9pAPIB0N4sfCCQESYwEMYwECBTvJM6o/ofertasv/?filter[tourOperator]=WEZY&filter%5Bperson%5D=2&filter%5BchildAge%5D%5B1%5D=20201210&filter%5Bchild%5D=1","filter_egypt_autumn_2026_7_10_days","egipt","sharm-el-sheikh","c","2026-10-17","2026-10-24","8","7","Warszawa - Radom","2+1","egipt|sharm-el-sheikh|2026-10-17|2026-10-24|7|Warszawa - Radom|2+1"
"Jaz Sharm Dreams Resort","9036.0","17.10.2026 - 24.10.2026","8 dni/7 nocy","4.2","4.2","5831","tripadvisor","Warszawa%20-%20Radom","2026-08-03T00:12:41.729447+00:00","https://fly.pl/oferta/egipt-wczasy/?filter[dest]=11:&filter[hotelids]=&filter[cityids]=&filter[cregids]=&filter[ofrType]=&filter[addObjType]=&filter[whenFrom]=10-10-2026&filter[whenTo]=05-11-2026&filter[duration]=7:10&filter[from]=Warszawa%20-%20Radom,Warszawa,Warszawa%20-%20Modlin&filter[person]=2&filter[child]=1&filter[price]=0:11000&filter[PriceFrom]=0&filter[PriceTo]=11000&filter[addCategory]=50&filter[addCatering]=1&filter[addMisc]=0&filter[addTransport]=F&filter[fp]=1&order_by=ofr_price&filter[tourOperator]=0&filter[childAge][1]=20201210","https://fly.pl/cdn/photo/assets/uploads/582/278/2014/07/Jaz-Sharm-Dreams.jpg","https://fly.pl/wycieczka/egipt,sharm-el-sheikh,c/hilton-sharm-dreams-resort/pkXAQYJwWxRao4OJ5TSWigAAog04Fif4OzsbG_m3LPDrBAiwAAAACahAQAt4QEAAcAEgAqBFdFWlkw_7m_0wZIzEZQQViHDmADaglFbnRlciBBaXJqBDA4MDByQp4BlQEfABwBAgAWBBcCEVsSkgMYhQUTzQEUyQRAknJMoKIBTwBLxyNQABu41AMd2u0LIB0N4sfCCQESYwENYwEDBYD4tfE/ofertasv/?filter[tourOperator]=WEZY&filter%5Bperson%5D=2&filter%5BchildAge%5D%5B1%5D=20201210&filter%5Bchild%5D=1","filter_egypt_autumn_2026_7_10_days","egipt","sharm-el-sheikh","c","2026-10-17","2026-10-24","8","7","Warszawa - Radom","2+1","egipt|sharm-el-sheikh|2026-10-17|2026-10-24|7|Warszawa - Radom|2+1"
"Naama Bay Hotel & Resort","9041.0","11.10.2026 - 18.10.2026","8 dni/7 nocy","4.4","4.4","4857","tripadvisor","Warszawa%20-%20Radom","2026-08-03T00:12:41.729447+00:00","https://fly.pl/oferta/egipt-wczasy/?filter[dest]=11:&filter[hotelids]=&filter[cityids]=&filter[cregids]=&filter[ofrType]=&filter[addObjType]=&filter[whenFrom]=10-10-2026&filter[whenTo]=05-11-2026&filter[duration]=7:10&filter[from]=Warszawa%20-%20Radom,Warszawa,Warszawa%20-%20Modlin&filter[person]=2&filter[child]=1&filter[price]=0:11000&filter[PriceFrom]=0&filter[PriceTo]=11000&filter[addCategory]=50&filter[addCatering]=1&filter[addMisc]=0&filter[addTransport]=F&filter[fp]=1&order_by=ofr_price&filter[tourOperator]=0&filter[childAge][1]=20201210","https://fly.pl/cdn/photo/assets/uploads/582/278/2014/07/Naama-Bay.jpg","https://fly.pl/wycieczka/egipt,sharm-el-sheikh,c/tropitel-naama-bay/pnIbHbGT_6sQuUvjejG-WWAAogFilZUNaMb9qFgMbYoCnVSAiPgYhrkVrHHSR3tH9QMnYqBEpPSVAw_7m_0wZI0UZQQVj3DGACagNDR21yQpsBFAEVBhcAXANYBVYCQMoGT-IBXQARrcYBXrE0UqYgUwBLxyNhAEzljDoNpv2XCSAAAZ3dkIj1iMygMAINYwEAC8SSTX4/ofertasv/?filter[tourOperator]=JOIP&filter%5Bperson%5D=2&filter%5BchildAge%5D%5B1%5D=20201210&filter%5Bchild%5D=1","filter_egypt_autumn_2026_7_10_days","egipt","sharm-el-sheikh","c","2026-10-11","2026-10-18","8","7","Warszawa - Radom","2+1","egipt|sharm-el-sheikh|2026-10-11|2026-10-18|7|Warszawa - Radom|2+1"
"Casa Mare Resort (ex. Royal Tulip Beach Resort)","9057.0","10.10.2026 - 17.10.2026","8 dni/7 nocy","4.7","4.7","4670","tripadvisor","Warszawa%20-%20Radom","2026-08-03T00:12:41.729447+00:00","https://fly.pl/oferta/egipt-wczasy/?filter[dest]=11:&filter[hotelids]=&filter[cityids]=&filter[cregids]=&filter[ofrType]=&filter[addObjType]=&filter[whenFrom]=10-10-2026&filter[whenTo]=05-11-2026&filter[duration]=7:10&filter[from]=Warszawa%20-%20Radom,Warszawa,Warszawa%20-%20Modlin&filter[person]=2&filter[child]=1&filter[price]=0:11000&filter[PriceFrom]=0&filter[PriceTo]=11000&filter[addCategory]=50&filter[addCatering]=1&filter[addMisc]=0&filter[addTransport]=F&filter[fp]=1&order_by=ofr_price&filter[tourOperator]=0&filter[childAge][1]=20201210","https://fly.pl/cdn/photo/assets/uploads/582/278/2015/12/Casa-Mare-Resort.jpg","https://fly.pl/wycieczka/egipt,marsa-alam,c/royal-tulip-beach-resort/pXP5aWmmbGUu49m72QDq9DAAogp2PuJYeRiLQ3K6YadRdQibsPv7TmHl8IDJKQSmzMsJwqBFZJVFgw_7m_0wZI4UZQQVjfDGACckAaABUHFwBcA1gFQI8DW5eFAV7melK8FFMAS7EvYQBM_YEuDY2IpAkgAFGdncX23wFP9f0GXZz4r_klAg5jAQINnp1zIw/ofertasv/?filter[tourOperator]=VITX&filter%5Bperson%5D=2&filter%5BchildAge%5D%5B1%5D=20201210&filter%5Bchild%5D=1","filter_egypt_autumn_2026_7_10_days","egipt","marsa-alam","c","2026-10-10","2026-10-17","8","7","Warszawa - Radom","2+1","egipt|marsa-alam|2026-10-10|2026-10-17|7|Warszawa - Radom|2+1"
"Creek Hotel and Residences","9059.0","11.10.2026 - 18.10.2026","8 dni/7 nocy","4.8","4.8","219","tripadvisor","Warszawa%20-%20Radom","2026-08-03T00:12:41.729447+00:00","https://fly.pl/oferta/egipt-wczasy/?filter[dest]=11:&filter[hotelids]=&filter[cityids]=&filter[cregids]=&filter[ofrType]=&filter[addObjType]=&filter[whenFrom]=10-10-2026&filter[whenTo]=05-11-2026&filter[duration]=7:10&filter[from]=Warszawa%20-%20Radom,Warszawa,Warszawa%20-%20Modlin&filter[person]=2&filter[child]=1&filter[price]=0:11000&filter[PriceFrom]=0&filter[PriceTo]=11000&filter[addCategory]=50&filter[addCatering]=1&filter[addMisc]=0&filter[addTransport]=F&filter[fp]=1&order_by=ofr_price&filter[tourOperator]=0&filter[childAge][1]=20201210","https://fly.pl/cdn/photo/assets/uploads/582/278/2024/07/creek-hotel-residences.jpg","https://fly.pl/wycieczka/egipt,hurghada,al-dzuna/creek-hotel-residences-9/pKkinpdwkH3r7toc4JNhabAAogQIxuNaKCn6l5hB_Z_qyL-_-P2F7QC24BuoDuINJWRuAqBE9SRVgw_7m_0wZI40ZQQVj3DGACagdNMkUuMi4xcjabARUHFwBcA1gFVgJAygZdmw9PJBGCB1PQlgFSAF6vT0vtQ2EATOWMOiCm_ZcJDQACEmMBAgue4tg0/ofertasv/?filter[tourOperator]=OREX&filter%5Bperson%5D=2&filter%5BchildAge%5D%5B1%5D=20201210&filter%5Bchild%5D=1","filter_egypt_autumn_2026_7_10_days","egipt","hurghada","al-dzuna","2026-10-11","2026-10-18","8","7","Warszawa - Radom","2+1","egipt|hurghada|2026-10-11|2026-10-18|7|Warszawa - Radom|2+1"
"Invidia Coral Beach Tiran","9083.0","17.10.2026 - 24.10.2026","8 dni/7 nocy","4.8","4.8","262","tripadvisor","Warszawa%20-%20Radom","2026-08-03T00:12:41.729447+00:00","https://fly.pl/oferta/egipt-wczasy/?filter[dest]=11:&filter[hotelids]=&filter[cityids]=&filter[cregids]=&filter[ofrType]=&filter[addObjType]=&filter[whenFrom]=10-10-2026&filter[whenTo]=05-11-2026&filter[duration]=7:10&filter[from]=Warszawa%20-%20Radom,Warszawa,Warszawa%20-%20Modlin&filter[person]=2&filter[child]=1&filter[price]=0:11000&filter[PriceFrom]=0&filter[PriceTo]=11000&filter[addCategory]=50&filter[addCatering]=1&filter[addMisc]=0&filter[addTransport]=F&filter[fp]=1&order_by=ofr_price&filter[tourOperator]=0&filter[childAge][1]=20201210","https://fly.pl/cdn/photo/assets/uploads/582/278/2014/07/Coral-Beach-Rotana-Tiran-fly-pl.jpg","https://fly.pl/wycieczka/egipt,sharm-el-sheikh,c/coral-beach-rotana-tiran/pBkttx9mCKxF4Tmtpmd0vLAAoggxN9qaE2m6WyJpRw0deucAAAAACahAQAt4QEAAcAEgAqBFdFWlkw_7m_0wZI-0ZQQViHDmADaglFbnRlciBBaXJqBDA4MDByQp4BlQEfABwBAgAWABcGESMSygMYhQUTzQEUyQRAknJMoKIBTwBLxyNQAB2Swg8gHRvYwmQNioXeCAESYwEMYwECC4X271g/ofertasv/?filter[tourOperator]=WEZY&filter%5Bperson%5D=2&filter%5BchildAge%5D%5B1%5D=20201210&filter%5Bchild%5D=1","filter_egypt_autumn_2026_7_10_days","egipt","sharm-el-sheikh","c","2026-10-17","2026-10-24","8","7","Warszawa - Radom","2+1","egipt|sharm-el-sheikh|2026-10-17|2026-10-24|7|Warszawa - Radom|2+1"
"Royal Regency Club","9153.0","17.10.2026 - 24.10.2026","8 dni/7 nocy","4.3","4.3","329","tripadvisor","Warszawa%20-%20Radom","2026-08-03T00:12:41.729447+00:00","https://fly.pl/oferta/egipt-wczasy/?filter[dest]=11:&filter[hotelids]=&filter[cityids]=&filter[cregids]=&filter[ofrType]=&filter[addObjType]=&filter[whenFrom]=10-10-2026&filter[whenTo]=05-11-2026&filter[duration]=7:10&filter[from]=Warszawa%20-%20Radom,Warszawa,Warszawa%20-%20Modlin&filter[person]=2&filter[child]=1&filter[price]=0:11000&filter[PriceFrom]=0&filter[PriceTo]=11000&filter[addCategory]=50&filter[addCatering]=1&filter[addMisc]=0&filter[addTransport]=F&filter[fp]=1&order_by=ofr_price&filter[tourOperator]=0&filter[childAge][1]=20201210","https://fly.pl/cdn/photo/assets/uploads/582/278/2024/07/royal-regency-club.jpg","https://fly.pl/wycieczka/egipt,sharm-el-sheikh,szarm-el-szejk/royal-regency-club/pyV8_aWU-U3ws9D9t8WJvJAAogh3bITooQ9auZAKfkFn6pkQAAAACahAQAt4QEAAcAEgAqBFdFWlkw_7m_0wZIwUdQQViHDmADaglFbnRlciBBaXJqBDA4MDByQp4BlQEfAAIBFgAcABcGEu0DGIUFE80BFMkEQJJyEd5cTMJFTwBLxyNQAB2Swg8gHRvhyHQNgf_NCAESYwEOYwECBsUDbYU/ofertasv/?filter[tourOperator]=WEZY&filter%5Bperson%5D=2&filter%5BchildAge%5D%5B1%5D=20201210&filter%5Bchild%5D=1","filter_egypt_autumn_2026_7_10_days","egipt","sharm-el-sheikh","szarm-el-szejk","2026-10-17","2026-10-24","8","7","Warszawa - Radom","2+1","egipt|sharm-el-sheikh|2026-10-17|2026-10-24|7|Warszawa - Radom|2+1"
"Xperience Sea Breeze Resort","9218.0","10.10.2026 - 17.10.2026","8 dni/7 nocy","4.7","4.7","11506","tripadvisor","Warszawa%20-%20Radom","2026-08-03T00:12:41.729447+00:00","https://fly.pl/oferta/egipt-wczasy/?filter[dest]=11:&filter[hotelids]=&filter[cityids]=&filter[cregids]=&filter[ofrType]=&filter[addObjType]=&filter[whenFrom]=10-10-2026&filter[whenTo]=05-11-2026&filter[duration]=7:10&filter[from]=Warszawa%20-%20Radom,Warszawa,Warszawa%20-%20Modlin&filter[person]=2&filter[child]=1&filter[price]=0:11000&filter[PriceFrom]=0&filter[PriceTo]=11000&filter[addCategory]=50&filter[addCatering]=1&filter[addMisc]=0&filter[addTransport]=F&filter[fp]=1&order_by=ofr_price&filter[tourOperator]=0&filter[childAge][1]=20201210","https://fly.pl/cdn/photo/assets/uploads/582/278/2014/07/XPERIENCE-SEA-BREEZE-RESORT.jpg","https://fly.pl/wycieczka/egipt,sharm-el-sheikh,c/xperience-sea-breeze/phO-T471-IGXIfd_KcSyfIAAogz_NtT_Rsg9Fry8o3BTNsHQAAAACZhAQAtoQEAAcAEgAqBFdFWlkw_7m_0wZIgkhQQVjfDGADaglFbnRlciBBaXJqBDA4MDByQp4BlQEfAAIBHAAWBBcCEu0DGIUFE80BFMkEEfQjQJ5OTKCiAU8AS8cjUAAbnDEd9ZAPIB0N3MfCCQESYwEMYwECBTDEPUY/ofertasv/?filter[tourOperator]=WEZY&filter%5Bperson%5D=2&filter%5BchildAge%5D%5B1%5D=20201210&filter%5Bchild%5D=1","filter_egypt_autumn_2026_7_10_days","egipt","sharm-el-sheikh","c","2026-10-10","2026-10-17","8","7","Warszawa - Radom","2+1","egipt|sharm-el-sheikh|2026-10-10|2026-10-17|7|Warszawa - Radom|2+1"
"Domina Coral Bay Resort","9246.0","10.10.2026 - 17.10.2026","8 dni/7 nocy","4.2","4.2","12374","tripadvisor","Warszawa%20-%20Radom","2026-08-03T00:12:41.729447+00:00","https://fly.pl/oferta/egipt-wczasy/?filter[dest]=11:&filter[hotelids]=&filter[cityids]=&filter[cregids]=&filter[ofrType]=&filter[addObjType]=&filter[whenFrom]=10-10-2026&filter[whenTo]=05-11-2026&filter[duration]=7:10&filter[from]=Warszawa%20-%20Radom,Warszawa,Warszawa%20-%20Modlin&filter[person]=2&filter[child]=1&filter[price]=0:11000&filter[PriceFrom]=0&filter[PriceTo]=11000&filter[addCategory]=50&filter[addCatering]=1&filter[addMisc]=0&filter[addTransport]=F&filter[fp]=1&order_by=ofr_price&filter[tourOperator]=0&filter[childAge][1]=20201210","https://fly.pl/cdn/photo/assets/uploads/582/278/2014/07/DOMINA.jpg","https://fly.pl/wycieczka/egipt,sharm-el-sheikh,c/domina-coral-bay-resort-sharm-el-sheikh/pzzKcesPCCGeMYsfRfvu4eAAogNUm0aogpLaPbXoUBKazRwAAAAACZhAQAtoQEAAcAEgAqBFdFWlkw_7m_0wZInkhQQVjfDGADaglFbnRlciBBaXJqBDA4MDByQ54BlQEfAAIBHAAWBBcCEu0DGIUFE80BFMkEQJJyT6CiAUwAS8cjUAAR50UdqvwOIB0btu0EDabavQkBEmMBDWMBAwVUDxu_/ofertasv/?filter[tourOperator]=WEZY&filter%5Bperson%5D=2&filter%5BchildAge%5D%5B1%5D=20201210&filter%5Bchild%5D=1","filter_egypt_autumn_2026_7_10_days","egipt","sharm-el-sheikh","c","2026-10-10","2026-10-17","8","7","Warszawa - Radom","2+1","egipt|sharm-el-sheikh|2026-10-10|2026-10-17|7|Warszawa - Radom|2+1"
"Seven Seas Jolie Bay","9262.0","15.10.2026 - 22.10.2026","8 dni/7 nocy","4.6","4.6","1433","tripadvisor","Warszawa%20-%20Radom","2026-08-03T00:12:41.729447+00:00","https://fly.pl/oferta/egipt-wczasy/?filter[dest]=11:&filter[hotelids]=&filter[cityids]=&filter[cregids]=&filter[ofrType]=&filter[addObjType]=&filter[whenFrom]=10-10-2026&filter[whenTo]=05-11-2026&filter[duration]=7:10&filter[from]=Warszawa%20-%20Radom,Warszawa,Warszawa%20-%20Modlin&filter[person]=2&filter[child]=1&filter[price]=0:11000&filter[PriceFrom]=0&filter[PriceTo]=11000&filter[addCategory]=50&filter[addCatering]=1&filter[addMisc]=0&filter[addTransport]=F&filter[fp]=1&order_by=ofr_price&filter[tourOperator]=0&filter[childAge][1]=20201210","https://fly.pl/cdn/photo/assets/uploads/582/278/2022/03/Aqua-Mondo-Abu-Soma-Resort.jpg","https://fly.pl/wycieczka/egipt,hurghada,soma-bay/aqua-mondo-resort-14/pNoKrk209B5MC56KXyIxEvAAoguRz_osIhMSOgy4z2Ag5HLgAAAAAYiAQANIgEAAcAAAAqBFdFWlkw_7m_0wZIrkhQQVjXDWADahNMT1QgUG9saXNoIEFpcmxpbmVzckOeAR8AHAECABYAFwYS7QMTtAYUiAQVXxjyAkCgb0zLMk8AUJyTAUsAEcg_HciJDyAcG-bNNQ398owJARJjAQxjAQILCVaRvQ/ofertasv/?filter[tourOperator]=WEZY&filter%5Bperson%5D=2&filter%5BchildAge%5D%5B1%5D=20201210&filter%5Bchild%5D=1","filter_egypt_autumn_2026_7_10_days","egipt","hurghada","soma-bay","2026-10-15","2026-10-22","8","7","Warszawa - Radom","2+1","egipt|hurghada|2026-10-15|2026-10-22|7|Warszawa - Radom|2+1"
"Stella Makadi Beach & Spa","9280.0","20.10.2026 - 27.10.2026","8 dni/7 nocy","","","","","Warszawa%20-%20Radom","2026-08-03T00:12:41.729447+00:00","https://fly.pl/oferta/egipt-wczasy/?filter[dest]=11:&filter[hotelids]=&filter[cityids]=&filter[cregids]=&filter[ofrType]=&filter[addObjType]=&filter[whenFrom]=10-10-2026&filter[whenTo]=05-11-2026&filter[duration]=7:10&filter[from]=Warszawa%20-%20Radom,Warszawa,Warszawa%20-%20Modlin&filter[person]=2&filter[child]=1&filter[price]=0:11000&filter[PriceFrom]=0&filter[PriceTo]=11000&filter[addCategory]=50&filter[addCatering]=1&filter[addMisc]=0&filter[addTransport]=F&filter[fp]=1&order_by=ofr_price&filter[tourOperator]=0&filter[childAge][1]=20201210","https://datacfstatic.merlinx.pl/JOIP/IMG/38828/14d45075eb1ef6071e3d2e2da2eb2ea9b2102edce01df601df39ad481adc2130.webp","https://fly.pl/wycieczka/egipt,hurghada,makadi-bay/stella-makadi-beach-spa-14/pr9rLiszecMYRAJrY05yANAAogW1eXNyF7vJY1i1dys5yIIp-aPgbvqzMYNpZIVqwcgJMqBEpPSVAw_7m_0wZIwEhQQVjPDmACagMwMHdyQpsBFAEVBhcAXANYBVYCQMoGT-IBXQBSr6sBUwBer08RkSxL3BdhAEzljDoNr_2XCSAAAb2diICVhsygMAIOYwEADZeuy9Y/ofertasv/?filter[tourOperator]=JOIP&filter%5Bperson%5D=2&filter%5BchildAge%5D%5B1%5D=20201210&filter%5Bchild%5D=1","filter_egypt_autumn_2026_7_10_days","egipt","hurghada","makadi-bay","2026-10-20","2026-10-27","8","7","Warszawa - Radom","2+1","egipt|hurghada|2026-10-20|2026-10-27|7|Warszawa - Radom|2+1"
"Time Marina","9307.0","16.10.2026 - 23.10.2026","8 dni/7 nocy","","","","","Warszawa%20-%20Radom","2026-08-03T00:12:41.729447+00:00","https://fly.pl/oferta/egipt-wczasy/?filter[dest]=11:&filter[hotelids]=&filter[cityids]=&filter[cregids]=&filter[ofrType]=&filter[addObjType]=&filter[whenFrom]=10-10-2026&filter[whenTo]=05-11-2026&filter[duration]=7:10&filter[from]=Warszawa%20-%20Radom,Warszawa,Warszawa%20-%20Modlin&filter[person]=2&filter[child]=1&filter[price]=0:11000&filter[PriceFrom]=0&filter[PriceTo]=11000&filter[addCategory]=50&filter[addCatering]=1&filter[addMisc]=0&filter[addTransport]=F&filter[fp]=1&order_by=ofr_price&filter[tourOperator]=0&filter[childAge][1]=20201210","https://fly.pl/cdn/photo/assets/uploads/582/278/2026/02/Time-Marina.jpg","https://fly.pl/wycieczka/egipt,dolny-egipt,al-alamajn/time-marina-11/pFwgL13hgexy6kHsyscsRjAAog1fbucOX8pGEYOkxgF_2OtAAAAAAkmAQA364FAAcAHQAqBFdFWlkw_7m_0wZI20hQQVjvDWADaglFbnRlciBBaXJqBDA2NDByRZ4BkwEfAAIBFgAcABcGEu0DFIoFFTcYwAJArHVPxgVMAEuhwAFQABHOswIdzrUNILutBBu79W8N_v3NCAESYwEMYwECBcm_H14/ofertasv/?filter[tourOperator]=WEZY&filter%5Bperson%5D=2&filter%5BchildAge%5D%5B1%5D=20201210&filter%5Bchild%5D=1","filter_egypt_autumn_2026_7_10_days","egipt","dolny-egipt","al-alamajn","2026-10-16","2026-10-23","8","7","Warszawa - Radom","2+1","egipt|dolny-egipt|2026-10-16|2026-10-23|7|Warszawa - Radom|2+1"
"Desert Rose Resort","9322.0","25.10.2026 - 01.11.2026","8 dni/7 nocy","4.6","4.6","8792","tripadvisor","Warszawa%20-%20Radom","2026-08-03T00:12:41.729447+00:00","https://fly.pl/oferta/egipt-wczasy/?filter[dest]=11:&filter[hotelids]=&filter[cityids]=&filter[cregids]=&filter[ofrType]=&filter[addObjType]=&filter[whenFrom]=10-10-2026&filter[whenTo]=05-11-2026&filter[duration]=7:10&filter[from]=Warszawa%20-%20Radom,Warszawa,Warszawa%20-%20Modlin&filter[person]=2&filter[child]=1&filter[price]=0:11000&filter[PriceFrom]=0&filter[PriceTo]=11000&filter[addCategory]=50&filter[addCatering]=1&filter[addMisc]=0&filter[addTransport]=F&filter[fp]=1&order_by=ofr_price&filter[tourOperator]=0&filter[childAge][1]=20201210","https://fly.pl/cdn/photo/assets/uploads/582/278/2014/12/Desert-Rose-Resort-fly-pl.jpg","https://fly.pl/wycieczka/egipt,hurghada,c/desert-rose/poVbp74WvgPjIP6R0rNDLCAAogH5nM8WJHwV39JMC3XvE8YQAAAADmggQATLsEAAcAAAAqBFdFWlkw_7m_0wZI6khQQVjHD2ADaglFbnRlciBBaXJqBDAwMTVqBDAwMDBqBDAwMDByQp4BlAGVAZgBHwAcAQIAFgQXAhG4ARK1AhPECUDpc0zLMk8AS5yTAVAAHd6-DyDmcBv-sm8N16fSCAESYwEOYwECBXgsM7c/ofertasv/?filter[tourOperator]=WEZY&filter%5Bperson%5D=2&filter%5BchildAge%5D%5B1%5D=20201210&filter%5Bchild%5D=1","filter_egypt_autumn_2026_7_10_days","egipt","hurghada","c","2026-10-25","2026-11-01","8","7","Warszawa - Radom","2+1","egipt|hurghada|2026-10-25|2026-11-01|7|Warszawa - Radom|2+1"
"Jaz Mirabel Beach Resort","9327.0","13.10.2026 - 21.10.2026","9 dni/7 nocy","4.5","4.5","7330","tripadvisor","Warszawa%20-%20Radom","2026-08-03T00:12:41.729447+00:00","https://fly.pl/oferta/egipt-wczasy/?filter[dest]=11:&filter[hotelids]=&filter[cityids]=&filter[cregids]=&filter[ofrType]=&filter[addObjType]=&filter[whenFrom]=10-10-2026&filter[whenTo]=05-11-2026&filter[duration]=7:10&filter[from]=Warszawa%20-%20Radom,Warszawa,Warszawa%20-%20Modlin&filter[person]=2&filter[child]=1&filter[price]=0:11000&filter[PriceFrom]=0&filter[PriceTo]=11000&filter[addCategory]=50&filter[addCatering]=1&filter[addMisc]=0&filter[addTransport]=F&filter[fp]=1&order_by=ofr_price&filter[tourOperator]=0&filter[childAge][1]=20201210","https://fly.pl/cdn/photo/assets/uploads/582/278/2014/07/Jaz-Mirabel-Beach-Resort-fly-pl.jpg","https://fly.pl/wycieczka/egipt,sharm-el-sheikh,c/jaz-mirabel-beach-resort/pJWy1vw9Un1GcUNRJajoukAAog6norEFgdU8cJGBtS-qVHuawUq41U7_yqXq-xB6ZodycqBEVYSU0w_7m_0wZI70hQAVinDWACagJBSXIhHBGIyga5BLj2PasEGxvjpjwYq_Q9AfyH2-4KAgBjAQIM0IGX5Q/ofertasv/?filter[tourOperator]=EXIM&filter%5Bperson%5D=2&filter%5BchildAge%5D%5B1%5D=20201210&filter%5Bchild%5D=1","filter_egypt_autumn_2026_7_10_days","egipt","sharm-el-sheikh","c","2026-10-13","2026-10-21","9","7","Warszawa - Radom","2+1","egipt|sharm-el-sheikh|2026-10-13|2026-10-21|7|Warszawa - Radom|2+1"
"Cleopatra Luxury Resort (Makadi Bay)","9329.0","25.10.2026 - 01.11.2026","9 dni/7 nocy","4.6","4.6","3155","tripadvisor","Warszawa%20-%20Radom","2026-08-03T00:12:41.729447+00:00","https://fly.pl/oferta/egipt-wczasy/?filter[dest]=11:&filter[hotelids]=&filter[cityids]=&filter[cregids]=&filter[ofrType]=&filter[addObjType]=&filter[whenFrom]=10-10-2026&filter[whenTo]=05-11-2026&filter[duration]=7:10&filter[from]=Warszawa%20-%20Radom,Warszawa,Warszawa%20-%20Modlin&filter[person]=2&filter[child]=1&filter[price]=0:11000&filter[PriceFrom]=0&filter[PriceTo]=11000&filter[addCategory]=50&filter[addCatering]=1&filter[addMisc]=0&filter[addTransport]=F&filter[fp]=1&order_by=ofr_price&filter[tourOperator]=0&filter[childAge][1]=20201210","https://fly.pl/cdn/photo/assets/uploads/582/278/2014/10/Cleopatra-Luxury-Resort-Makadi-Bay.jpg","https://fly.pl/wycieczka/egipt,hurghada,makadi-bay/cleopatra-luxury-resort-makadi-bay/pm7b9jC68xpuIsUVpGbQtPAAogWa53C9QSWHcXCLC2SASdrGsfmPE5MosFyu9Bpr8s0iIqBE9BU0kw_7m_0wZI8UhQAVjHD2ACagNBSWxyIRwRmMABqwSb3g-5BB0bu7gNGPXzEgGc3vuYAgIAYwECBkpLLuo/ofertasv/?filter[tourOperator]=OASI&filter%5Bperson%5D=2&filter%5BchildAge%5D%5B1%5D=20201210&filter%5Bchild%5D=1","filter_egypt_autumn_2026_7_10_days","egipt","hurghada","makadi-bay","2026-10-25","2026-11-01","9","7","Warszawa - Radom","2+1","egipt|hurghada|2026-10-25|2026-11-01|7|Warszawa - Radom|2+1"
"Fantazia Resort","9356.0","17.10.2026 - 24.10.2026","8 dni/7 nocy","4.4","4.4","5911","tripadvisor","Warszawa%20-%20Radom","2026-08-03T00:12:41.729447+00:00","https://fly.pl/oferta/egipt-wczasy/?filter[dest]=11:&filter[hotelids]=&filter[cityids]=&filter[cregids]=&filter[ofrType]=&filter[addObjType]=&filter[whenFrom]=10-10-2026&filter[whenTo]=05-11-2026&filter[duration]=7:10&filter[from]=Warszawa%20-%20Radom,Warszawa,Warszawa%20-%20Modlin&filter[person]=2&filter[child]=1&filter[price]=0:11000&filter[PriceFrom]=0&filter[PriceTo]=11000&filter[addCategory]=50&filter[addCatering]=1&filter[addMisc]=0&filter[addTransport]=F&filter[fp]=1&order_by=ofr_price&filter[tourOperator]=0&filter[childAge][1]=20201210","https://fly.pl/cdn/photo/assets/uploads/582/278/2016/11/Fantazia-Resort.jpg","https://fly.pl/wycieczka/egipt,marsa-alam,c/fantazia-resort/p85fxFK4tBKYpQkjSyj7x0AAog_xhfSoJDDBdifATWhZPojWECgtijhDrT6bu4Y7o874kqBE9SRVgw_7m_0wZIjElQQViHDmACagZEUi4yLjFyNpsBFQcXAFwDWAVWAkDKBhG0C13PGE8kXpnYAVO8FFIAS7EvYQBM5Yw6IKz9lwkNAAISYwECDV6hFrU/ofertasv/?filter[tourOperator]=OREX&filter%5Bperson%5D=2&filter%5BchildAge%5D%5B1%5D=20201210&filter%5Bchild%5D=1","filter_egypt_autumn_2026_7_10_days","egipt","marsa-alam","c","2026-10-17","2026-10-24","8","7","Warszawa - Radom","2+1","egipt|marsa-alam|2026-10-17|2026-10-24|7|Warszawa - Radom|2+1"
"Lazuli (Marsa Alam)","9357.0","17.10.2026 - 24.10.2026","8 dni/7 nocy","4.7","4.7","1077","tripadvisor","Warszawa%20-%20Radom","2026-08-03T00:12:41.729447+00:00","https://fly.pl/oferta/egipt-wczasy/?filter[dest]=11:&filter[hotelids]=&filter[cityids]=&filter[cregids]=&filter[ofrType]=&filter[addObjType]=&filter[whenFrom]=10-10-2026&filter[whenTo]=05-11-2026&filter[duration]=7:10&filter[from]=Warszawa%20-%20Radom,Warszawa,Warszawa%20-%20Modlin&filter[person]=2&filter[child]=1&filter[price]=0:11000&filter[PriceFrom]=0&filter[PriceTo]=11000&filter[addCategory]=50&filter[addCatering]=1&filter[addMisc]=0&filter[addTransport]=F&filter[fp]=1&order_by=ofr_price&filter[tourOperator]=0&filter[childAge][1]=20201210","https://fly.pl/cdn/photo/assets/uploads/582/278/2021/06/Lazuli1.jpg","https://fly.pl/wycieczka/egipt,marsa-alam,al-kusajr/lazuli-13/pAMuennzVPo3sBUL3ihvz4AAogIPPK2IrvI_wlo3kh6i78RU7nc9_1RBs3cXvAsPCiQ9oqBFZJVFgw_7m_0wZIjUlQQViHDmACckAaABUHFwBcA1gFQI8DW7-DAV6-fFK8FFMAS7EvYQBM_YEuDZSIpAkgAFHR8qz23wFPuagfXZz4r_klAg1jAQIMgmwGmA/ofertasv/?filter[tourOperator]=VITX&filter%5Bperson%5D=2&filter%5BchildAge%5D%5B1%5D=20201210&filter%5Bchild%5D=1","filter_egypt_autumn_2026_7_10_days","egipt","marsa-alam","al-kusajr","2026-10-17","2026-10-24","8","7","Warszawa - Radom","2+1","egipt|marsa-alam|2026-10-17|2026-10-24|7|Warszawa - Radom|2+1"
"Sirena Beach Resort & Spa","9367.0","13.10.2026 - 20.10.2026","8 dni/7 nocy","4.7","4.7","466","tripadvisor","Warszawa%20-%20Radom","2026-08-03T00:12:41.729447+00:00","https://fly.pl/oferta/egipt-wczasy/?filter[dest]=11:&filter[hotelids]=&filter[cityids]=&filter[cregids]=&filter[ofrType]=&filter[addObjType]=&filter[whenFrom]=10-10-2026&filter[whenTo]=05-11-2026&filter[duration]=7:10&filter[from]=Warszawa%20-%20Radom,Warszawa,Warszawa%20-%20Modlin&filter[person]=2&filter[child]=1&filter[price]=0:11000&filter[PriceFrom]=0&filter[PriceTo]=11000&filter[addCategory]=50&filter[addCatering]=1&filter[addMisc]=0&filter[addTransport]=F&filter[fp]=1&order_by=ofr_price&filter[tourOperator]=0&filter[childAge][1]=20201210","https://datacfstatic.merlinx.pl/EXIM/IMG/102577/35b5af99da854c87e4a42b7a188609f85ef2213790c2b61ac6c11da108c67fe7.webp","https://fly.pl/wycieczka/egipt,marsa-alam,al-kusajr/movenpick-sirena-beach-13/puuAlYgLUF7o0fEo6ewZ8PAAog3cn6jm33_ZO960X4vLBl7RKmO4qxhDmkVrGyFJIXvhQqBEVYSU0w_7m_0wZIl0lQAVinDWACagJBSXIhHBGxoQa5BLudPqsEHBv6tCwY4_8uAeSW0o4IAgBjAQINqNZLbA/ofertasv/?filter[tourOperator]=EXIM&filter%5Bperson%5D=2&filter%5BchildAge%5D%5B1%5D=20201210&filter%5Bchild%5D=1","filter_egypt_autumn_2026_7_10_days","egipt","marsa-alam","al-kusajr","2026-10-13","2026-10-20","8","7","Warszawa - Radom","2+1","egipt|marsa-alam|2026-10-13|2026-10-20|7|Warszawa - Radom|2+1"
"Serenity Sky Arc","9367.0","25.10.2026 - 01.11.2026","8 dni/7 nocy","","","","","Warszawa%20-%20Radom","2026-08-03T00:12:41.729447+00:00","https://fly.pl/oferta/egipt-wczasy/?filter[dest]=11:&filter[hotelids]=&filter[cityids]=&filter[cregids]=&filter[ofrType]=&filter[addObjType]=&filter[whenFrom]=10-10-2026&filter[whenTo]=05-11-2026&filter[duration]=7:10&filter[from]=Warszawa%20-%20Radom,Warszawa,Warszawa%20-%20Modlin&filter[person]=2&filter[child]=1&filter[price]=0:11000&filter[PriceFrom]=0&filter[PriceTo]=11000&filter[addCategory]=50&filter[addCatering]=1&filter[addMisc]=0&filter[addTransport]=F&filter[fp]=1&order_by=ofr_price&filter[tourOperator]=0&filter[childAge][1]=20201210","https://datacfstatic.merlinx.pl/EXIM/IMG/105925/cf3c14898a23b0b49569de311369928ab20dff35cd198358119db51d531b20bd.webp","https://fly.pl/wycieczka/egipt,hurghada,sahl-hasheesh/serenity-sky-arc-10/pF6BGRwPhR94f6ZlaZmbZEAAogWv5sQyXVvWde7nPIohwCb_CBi_Jjp6PLeBVi_FVZdZgqBEVYSU0w_7m_0wZIl0lQAVjHD2ACagJBSXIjHBHFuwa5BL2CPqsEyIwKG6zTJRjcp2cBkLaQsw0CAGMBAgZm_BJX/ofertasv/?filter[tourOperator]=EXIM&filter%5Bperson%5D=2&filter%5BchildAge%5D%5B1%5D=20201210&filter%5Bchild%5D=1","filter_egypt_autumn_2026_7_10_days","egipt","hurghada","sahl-hasheesh","2026-10-25","2026-11-01","8","7","Warszawa - Radom","2+1","egipt|hurghada|2026-10-25|2026-11-01|7|Warszawa - Radom|2+1"
"Serenity Alpha Beach (ex. Serenity Makadi Beach)","9419.0","11.10.2026 - 18.10.2026","8 dni/7 nocy","4.6","4.6","6554","tripadvisor","Warszawa%20-%20Radom","2026-08-03T00:12:41.729447+00:00","https://fly.pl/oferta/egipt-wczasy/?filter[dest]=11:&filter[hotelids]=&filter[cityids]=&filter[cregids]=&filter[ofrType]=&filter[addObjType]=&filter[whenFrom]=10-10-2026&filter[whenTo]=05-11-2026&filter[duration]=7:10&filter[from]=Warszawa%20-%20Radom,Warszawa,Warszawa%20-%20Modlin&filter[person]=2&filter[child]=1&filter[price]=0:11000&filter[PriceFrom]=0&filter[PriceTo]=11000&filter[addCategory]=50&filter[addCatering]=1&filter[addMisc]=0&filter[addTransport]=F&filter[fp]=1&order_by=ofr_price&filter[tourOperator]=0&filter[childAge][1]=20201210","https://fly.pl/cdn/photo/assets/uploads/582/278/2014/07/Serenity-Alpha-Beach.jpg","https://fly.pl/wycieczka/egipt,hurghada,makadi-bay/serenity-makadi-heights/pHmTKLvmcqRqR47EWC91m5AAoghS1Xvv7t_n0C82aOQdl5fP-P2F7QC24BuoDuINJWRuAqBE9SRVgw_7m_0wZIy0lQQVj3DGACagZFQy4yLjFyNZsBFQcXAFgIVgJcCBH6BUBIXZsPTyRT0p0BUgBer09L7UNhAEzljDogpv2XCQ0AAhJjAQIM1SQSaw/ofertasv/?filter[tourOperator]=OREX&filter%5Bperson%5D=2&filter%5BchildAge%5D%5B1%5D=20201210&filter%5Bchild%5D=1","filter_egypt_autumn_2026_7_10_days","egipt","hurghada","makadi-bay","2026-10-11","2026-10-18","8","7","Warszawa - Radom","2+1","egipt|hurghada|2026-10-11|2026-10-18|7|Warszawa - Radom|2+1"
"Jaz Mirabel Park","9434.0","11.10.2026 - 18.10.2026","8 dni/7 nocy","4.4","4.4","4043","tripadvisor","Warszawa%20-%20Radom","2026-08-03T00:12:41.729447+00:00","https://fly.pl/oferta/egipt-wczasy/?filter[dest]=11:&filter[hotelids]=&filter[cityids]=&filter[cregids]=&filter[ofrType]=&filter[addObjType]=&filter[whenFrom]=10-10-2026&filter[whenTo]=05-11-2026&filter[duration]=7:10&filter[from]=Warszawa%20-%20Radom,Warszawa,Warszawa%20-%20Modlin&filter[person]=2&filter[child]=1&filter[price]=0:11000&filter[PriceFrom]=0&filter[PriceTo]=11000&filter[addCategory]=50&filter[addCatering]=1&filter[addMisc]=0&filter[addTransport]=F&filter[fp]=1&order_by=ofr_price&filter[tourOperator]=0&filter[childAge][1]=20201210","https://fly.pl/cdn/photo/assets/uploads/582/278/2014/07/Jaz-Mirabel-Park-fly-pl.jpg","https://fly.pl/wycieczka/egipt,sharm-el-sheikh,c/jaz-mirabel-park/pVkOkhPW5onBqHnC5zH_fqAAogeKXFc-f0SWDd1ycREo4-XQiPgYhrkVrHHSR3tH9QMnYqBEpPSVAw_7m_0wZI2klQQVj3DGACckMUARUGFwBcA1gFVgJAygZP4gFdAFvyAhGlwwFexzRSpiBTAEvHI2EATOWMOg2m_ZcJIAABs7PI-PSIzKAwAg1jAQAMadcPmA/ofertasv/?filter[tourOperator]=JOIP&filter%5Bperson%5D=2&filter%5BchildAge%5D%5B1%5D=20201210&filter%5Bchild%5D=1","filter_egypt_autumn_2026_7_10_days","egipt","sharm-el-sheikh","c","2026-10-11","2026-10-18","8","7","Warszawa - Radom","2+1","egipt|sharm-el-sheikh|2026-10-11|2026-10-18|7|Warszawa - Radom|2+1"
"Domina Coral Bay Oasis","9450.0","11.10.2026 - 18.10.2026","8 dni/7 nocy","4.2","4.2","12374","tripadvisor","Warszawa%20-%20Radom","2026-08-03T00:12:41.729447+00:00","https://fly.pl/oferta/egipt-wczasy/?filter[dest]=11:&filter[hotelids]=&filter[cityids]=&filter[cregids]=&filter[ofrType]=&filter[addObjType]=&filter[whenFrom]=10-10-2026&filter[whenTo]=05-11-2026&filter[duration]=7:10&filter[from]=Warszawa%20-%20Radom,Warszawa,Warszawa%20-%20Modlin&filter[person]=2&filter[child]=1&filter[price]=0:11000&filter[PriceFrom]=0&filter[PriceTo]=11000&filter[addCategory]=50&filter[addCatering]=1&filter[addMisc]=0&filter[addTransport]=F&filter[fp]=1&order_by=ofr_price&filter[tourOperator]=0&filter[childAge][1]=20201210","https://fly.pl/cdn/photo/assets/uploads/582/278/2014/07/Domina-Coral-Bay-Oasis.jpg","https://fly.pl/wycieczka/egipt,sharm-el-sheikh,c/domina-coral-bay-oasis/p2q1yX0i_v047zn3jchUJMAAog0F2CvHZSe8ih6Qy6l_HVfQiPgYhrkVrHHSR3tH9QMnYqBEpPSVAw_7m_0wZI6klQQVj3DGACagMwMEZyQpsBFAEVBhcAXANYBVYCQMoGT-IBXQAR4MgBXv4xUqYgUwBLxyNhAEzljDoNpv2XCSAAAcSb5ICTicygMAINYwEADLjqtJg/ofertasv/?filter[tourOperator]=JOIP&filter%5Bperson%5D=2&filter%5BchildAge%5D%5B1%5D=20201210&filter%5Bchild%5D=1","filter_egypt_autumn_2026_7_10_days","egipt","sharm-el-sheikh","c","2026-10-11","2026-10-18","8","7","Warszawa - Radom","2+1","egipt|sharm-el-sheikh|2026-10-11|2026-10-18|7|Warszawa - Radom|2+1"
"Domina Coral Bay Bella Vista","9450.0","11.10.2026 - 18.10.2026","8 dni/7 nocy","4.2","4.2","12374","tripadvisor","Warszawa%20-%20Radom","2026-08-03T00:12:41.729447+00:00","https://fly.pl/oferta/egipt-wczasy/?filter[dest]=11:&filter[hotelids]=&filter[cityids]=&filter[cregids]=&filter[ofrType]=&filter[addObjType]=&filter[whenFrom]=10-10-2026&filter[whenTo]=05-11-2026&filter[duration]=7:10&filter[from]=Warszawa%20-%20Radom,Warszawa,Warszawa%20-%20Modlin&filter[person]=2&filter[child]=1&filter[price]=0:11000&filter[PriceFrom]=0&filter[PriceTo]=11000&filter[addCategory]=50&filter[addCatering]=1&filter[addMisc]=0&filter[addTransport]=F&filter[fp]=1&order_by=ofr_price&filter[tourOperator]=0&filter[childAge][1]=20201210","https://fly.pl/cdn/photo/assets/uploads/582/278/2024/07/domina-coral-bay-bellavista.jpg","https://fly.pl/wycieczka/egipt,sharm-el-sheikh,szarm-el-szejk/domina-coral-bay-bellavista-12/pyX0PMXKPN1FzdjLCfXvn1AAog-vXz_DvHVkkwd57BUieL2AiPgYhrkVrHHSR3tH9QMnYqBEpPSVAw_7m_0wZI6klQQVj3DGACagMxMnFyQ5sBFAEVBhcAXANYBVYCQMoGT-IBXQBe3voBUqYgUwBLxyNhABGtgwFMuIk5Dab9lwkgAAGus5DAhYnMoDACDWMBAAw9Sj_n/ofertasv/?filter[tourOperator]=JOIP&filter%5Bperson%5D=2&filter%5BchildAge%5D%5B1%5D=20201210&filter%5Bchild%5D=1","filter_egypt_autumn_2026_7_10_days","egipt","sharm-el-sheikh","szarm-el-szejk","2026-10-11","2026-10-18","8","7","Warszawa - Radom","2+1","egipt|sharm-el-sheikh|2026-10-11|2026-10-18|7|Warszawa - Radom|2+1"
"Red Sea Grand Makadi (Makadi Bay)","9482.0","15.10.2026 - 22.10.2026","8 dni/7 nocy","4.4","4.4","3283","tripadvisor","Warszawa%20-%20Radom","2026-08-03T00:12:41.729447+00:00","https://fly.pl/oferta/egipt-wczasy/?filter[dest]=11:&filter[hotelids]=&filter[cityids]=&filter[cregids]=&filter[ofrType]=&filter[addObjType]=&filter[whenFrom]=10-10-2026&filter[whenTo]=05-11-2026&filter[duration]=7:10&filter[from]=Warszawa%20-%20Radom,Warszawa,Warszawa%20-%20Modlin&filter[person]=2&filter[child]=1&filter[price]=0:11000&filter[PriceFrom]=0&filter[PriceTo]=11000&filter[addCategory]=50&filter[addCatering]=1&filter[addMisc]=0&filter[addTransport]=F&filter[fp]=1&order_by=ofr_price&filter[tourOperator]=0&filter[childAge][1]=20201210","https://fly.pl/cdn/photo/assets/uploads/582/278/2017/08/Grand-Makadi-Makadi-Bay-fly-pl-2.jpg","https://fly.pl/wycieczka/egipt,hurghada,makadi-bay/grand-makadi-makadi-bay/pFVrCTeT40n6pT8f6lOZhJAAoggKRBt6njz1joHAcejfvuMFMAo-Pz72XjDjK39r-JCzUqA0VUSTD_ub_TBkiKSlBBWNcNYAJyMRUHFwBcA1gFVgJA-wdbw4UBU50mUgBer09L7UNhACCPitIJDQBRy9699gMCEmMBAgrVg6co/ofertasv/?filter[tourOperator]=ETI&filter%5Bperson%5D=2&filter%5BchildAge%5D%5B1%5D=20201210&filter%5Bchild%5D=1","filter_egypt_autumn_2026_7_10_days","egipt","hurghada","makadi-bay","2026-10-15","2026-10-22","8","7","Warszawa - Radom","2+1","egipt|hurghada|2026-10-15|2026-10-22|7|Warszawa - Radom|2+1"
"Red Sea Grand Waterworld Makadi (ex. Sunwing Waterworld Makadi)","9518.0","15.10.2026 - 22.10.2026","8 dni/7 nocy","4.5","4.5","5533","tripadvisor","Warszawa%20-%20Radom","2026-08-03T00:12:41.729447+00:00","https://fly.pl/oferta/egipt-wczasy/?filter[dest]=11:&filter[hotelids]=&filter[cityids]=&filter[cregids]=&filter[ofrType]=&filter[addObjType]=&filter[whenFrom]=10-10-2026&filter[whenTo]=05-11-2026&filter[duration]=7:10&filter[from]=Warszawa%20-%20Radom,Warszawa,Warszawa%20-%20Modlin&filter[person]=2&filter[child]=1&filter[price]=0:11000&filter[PriceFrom]=0&filter[PriceTo]=11000&filter[addCategory]=50&filter[addCatering]=1&filter[addMisc]=0&filter[addTransport]=F&filter[fp]=1&order_by=ofr_price&filter[tourOperator]=0&filter[childAge][1]=20201210","https://fly.pl/cdn/photo/assets/uploads/582/278/2017/06/Red-Sea-Grand-Waterworld-Makadi.jpg","https://fly.pl/wycieczka/egipt,hurghada,makadi-bay/sunwing-waterworld-makadi/pCKZfp_Fa1hf_aMr2i2BgRAAogoB6Zp15XFpCtyTZTS8jCf1MAo-Pz72XjDjK39r-JCzUqA0VUSTD_ub_TBkiuSlBBWNcNYAJyMRUHFwBcA1gFVgJA-wdbw4UBU50mUgBer09L7UNhACCPitIJDQBRieC99gMCEmMBAgrQmaFF/ofertasv/?filter[tourOperator]=ETI&filter%5Bperson%5D=2&filter%5BchildAge%5D%5B1%5D=20201210&filter%5Bchild%5D=1","filter_egypt_autumn_2026_7_10_days","egipt","hurghada","makadi-bay","2026-10-15","2026-10-22","8","7","Warszawa - Radom","2+1","egipt|hurghada|2026-10-15|2026-10-22|7|Warszawa - Radom|2+1"
"Jaz Belvedere","9547.0","13.10.2026 - 21.10.2026","9 dni/7 nocy","4.5","4.5","3280","tripadvisor","Warszawa%20-%20Radom","2026-08-03T00:12:41.729447+00:00","https://fly.pl/oferta/egipt-wczasy/?filter[dest]=11:&filter[hotelids]=&filter[cityids]=&filter[cregids]=&filter[ofrType]=&filter[addObjType]=&filter[whenFrom]=10-10-2026&filter[whenTo]=05-11-2026&filter[duration]=7:10&filter[from]=Warszawa%20-%20Radom,Warszawa,Warszawa%20-%20Modlin&filter[person]=2&filter[child]=1&filter[price]=0:11000&filter[PriceFrom]=0&filter[PriceTo]=11000&filter[addCategory]=50&filter[addCatering]=1&filter[addMisc]=0&filter[addTransport]=F&filter[fp]=1&order_by=ofr_price&filter[tourOperator]=0&filter[childAge][1]=20201210","https://fly.pl/cdn/photo/assets/uploads/582/278/2014/07/Jaz-Belvedere.jpg","https://fly.pl/wycieczka/egipt,sharm-el-sheikh,c/jaz-belvedere/p49mYBZJUOmiE5x8E-0ZfkAAog0yyy68szavoEETyBtq5eTqwUq41U7_yqXq-xB6ZodycqBEVYSU0w_7m_0wZIy0pQAVinDWACagJBSXIhHBGHyga5BLn2PasEGxvXpjwYq_Q9AZfz2u4KAgBjAQIL61RTdA/ofertasv/?filter[tourOperator]=EXIM&filter%5Bperson%5D=2&filter%5BchildAge%5D%5B1%5D=20201210&filter%5Bchild%5D=1","filter_egypt_autumn_2026_7_10_days","egipt","sharm-el-sheikh","c","2026-10-13","2026-10-21","9","7","Warszawa - Radom","2+1","egipt|sharm-el-sheikh|2026-10-13|2026-10-21|7|Warszawa - Radom|2+1"
"Concorde El Salam Front Area","9582.0","10.10.2026 - 17.10.2026","8 dni/7 nocy","4.8","4.8","1438","tripadvisor","Warszawa%20-%20Radom","2026-08-03T00:12:41.729447+00:00","https://fly.pl/oferta/egipt-wczasy/?filter[dest]=11:&filter[hotelids]=&filter[cityids]=&filter[cregids]=&filter[ofrType]=&filter[addObjType]=&filter[whenFrom]=10-10-2026&filter[whenTo]=05-11-2026&filter[duration]=7:10&filter[from]=Warszawa%20-%20Radom,Warszawa,Warszawa%20-%20Modlin&filter[person]=2&filter[child]=1&filter[price]=0:11000&filter[PriceFrom]=0&filter[PriceTo]=11000&filter[addCategory]=50&filter[addCatering]=1&filter[addMisc]=0&filter[addTransport]=F&filter[fp]=1&order_by=ofr_price&filter[tourOperator]=0&filter[childAge][1]=20201210","https://fly.pl/cdn/photo/assets/uploads/582/278/2024/07/concorde-el-salam-front.jpg","https://fly.pl/wycieczka/egipt,sharm-el-sheikh,szarm-el-szejk/concorde-el-salam-front-12/pZz1iMm883QOO90LAn0D4mAAogt11xlAQXekhiY73q7DQ2GAAAAACZhAQAtoQEAAcAEgAqBFdFWlkw_7m_0wZI7kpQQVjfDGADaglFbnRlciBBaXJqBDA4MDByQ54BlQEfAAIBHAAWBBcCEu0DGIUFE80BFMkEEd4-QLQzTKCiAU8AS8cjUAAbsYMCHeC-DSAdDdzHwgkBEmMBDGMBAgXhWf2f/ofertasv/?filter[tourOperator]=WEZY&filter%5Bperson%5D=2&filter%5BchildAge%5D%5B1%5D=20201210&filter%5Bchild%5D=1","filter_egypt_autumn_2026_7_10_days","egipt","sharm-el-sheikh","szarm-el-szejk","2026-10-10","2026-10-17","8","7","Warszawa - Radom","2+1","egipt|sharm-el-sheikh|2026-10-10|2026-10-17|7|Warszawa - Radom|2+1"
"Steigenberger Aqua Magic","9605.0","25.10.2026 - 01.11.2026","9 dni/7 nocy","4.6","4.6","10361","tripadvisor","Warszawa%20-%20Radom","2026-08-03T00:12:41.729447+00:00","https://fly.pl/oferta/egipt-wczasy/?filter[dest]=11:&filter[hotelids]=&filter[cityids]=&filter[cregids]=&filter[ofrType]=&filter[addObjType]=&filter[whenFrom]=10-10-2026&filter[whenTo]=05-11-2026&filter[duration]=7:10&filter[from]=Warszawa%20-%20Radom,Warszawa,Warszawa%20-%20Modlin&filter[person]=2&filter[child]=1&filter[price]=0:11000&filter[PriceFrom]=0&filter[PriceTo]=11000&filter[addCategory]=50&filter[addCatering]=1&filter[addMisc]=0&filter[addTransport]=F&filter[fp]=1&order_by=ofr_price&filter[tourOperator]=0&filter[childAge][1]=20201210","https://fly.pl/cdn/photo/assets/uploads/582/278/2014/09/Steigenberger-Aqua-Magic.jpg","https://fly.pl/wycieczka/egipt,hurghada,c/steigenberger-aqua-magic/p_PtiBYbL0WqJ8lr6Va42PAAog-hVQP_6698gZ-b968O3jsmsfmPE5MosFyu9Bpr8s0iIqBE9BU0kw_7m_0wZIhUtQAVjHD2ACagNBSWxyIRwRhaoBqwSu9A-5BB0bn_oNGNy8EgGu7vyYAgIAYwECC-8Al74/ofertasv/?filter[tourOperator]=OASI&filter%5Bperson%5D=2&filter%5BchildAge%5D%5B1%5D=20201210&filter%5Bchild%5D=1","filter_egypt_autumn_2026_7_10_days","egipt","hurghada","c","2026-10-25","2026-11-01","9","7","Warszawa - Radom","2+1","egipt|hurghada|2026-10-25|2026-11-01|7|Warszawa - Radom|2+1"
"Serenity Alma Heights (ex. Serenity Fun City)","9607.0","22.10.2026 - 29.10.2026","8 dni/7 nocy","4.7","4.7","5459","tripadvisor","Warszawa%20-%20Radom","2026-08-03T00:12:41.729447+00:00","https://fly.pl/oferta/egipt-wczasy/?filter[dest]=11:&filter[hotelids]=&filter[cityids]=&filter[cregids]=&filter[ofrType]=&filter[addObjType]=&filter[whenFrom]=10-10-2026&filter[whenTo]=05-11-2026&filter[duration]=7:10&filter[from]=Warszawa%20-%20Radom,Warszawa,Warszawa%20-%20Modlin&filter[person]=2&filter[child]=1&filter[price]=0:11000&filter[PriceFrom]=0&filter[PriceTo]=11000&filter[addCategory]=50&filter[addCatering]=1&filter[addMisc]=0&filter[addTransport]=F&filter[fp]=1&order_by=ofr_price&filter[tourOperator]=0&filter[childAge][1]=20201210","https://fly.pl/cdn/photo/assets/uploads/582/278/2014/09/Serenity-Alma-Heights.jpg","https://fly.pl/wycieczka/egipt,hurghada,makadi-bay/serenity-fun-city/pdjVJQCEyU3TeTjNHeIMCVAAogwQdq1C8db4gCCKzLQMjKHKRG0VQdpnA-GADI7BbNUrMqBEVYSU0wgrq_0wZIh0tQAVj_DmACagNVQUlyIRwR7sUGuQS79T2rBBwbsL06GMnGOwHz4KauCgIAYwECDI0tQIg/ofertasv/?filter[tourOperator]=EXIM&filter%5Bperson%5D=2&filter%5BchildAge%5D%5B1%5D=20201210&filter%5Bchild%5D=1","filter_egypt_autumn_2026_7_10_days","egipt","hurghada","makadi-bay","2026-10-22","2026-10-29","8","7","Warszawa - Radom","2+1","egipt|hurghada|2026-10-22|2026-10-29|7|Warszawa - Radom|2+1"
"Albatros Sea World Resort Marsa Alam","9608.0","24.10.2026 - 31.10.2026","8 dni/7 nocy","5.0","5.0","487","tripadvisor","Warszawa%20-%20Radom","2026-08-03T00:12:41.729447+00:00","https://fly.pl/oferta/egipt-wczasy/?filter[dest]=11:&filter[hotelids]=&filter[cityids]=&filter[cregids]=&filter[ofrType]=&filter[addObjType]=&filter[whenFrom]=10-10-2026&filter[whenTo]=05-11-2026&filter[duration]=7:10&filter[from]=Warszawa%20-%20Radom,Warszawa,Warszawa%20-%20Modlin&filter[person]=2&filter[child]=1&filter[price]=0:11000&filter[PriceFrom]=0&filter[PriceTo]=11000&filter[addCategory]=50&filter[addCatering]=1&filter[addMisc]=0&filter[addTransport]=F&filter[fp]=1&order_by=ofr_price&filter[tourOperator]=0&filter[childAge][1]=20201210","https://fly.pl/cdn/photo/assets/uploads/582/278/2017/08/ALBATROS-SEA-WORLD.jpg","https://fly.pl/wycieczka/egipt,marsa-alam,al-kusajr/sea-world-resort-marsa-alam/pgWb6VN43Zfu2AZ7nPCNphAAoglH5M-8BdR7GgDBAJD-qx3qaYQYkkWuEfcVdFg92vHHIqBE9SRVgwgrq_0wZIiEtQQVivD2ACagZESS4yLjFyNZsBFQcXAFwDWAVWAhEAQMoGXYMkTyRemdgBU7wUUgBLsS9hAEzljDogs_2XCQ0AAhJjAQIM-_h6Dw/ofertasv/?filter[tourOperator]=OREX&filter%5Bperson%5D=2&filter%5BchildAge%5D%5B1%5D=20201210&filter%5Bchild%5D=1","filter_egypt_autumn_2026_7_10_days","egipt","marsa-alam","al-kusajr","2026-10-24","2026-10-31","8","7","Warszawa - Radom","2+1","egipt|marsa-alam|2026-10-24|2026-10-31|7|Warszawa - Radom|2+1"
"Royal Brayka Beach Resort (ex Zee Brayka)","9637.0","17.10.2026 - 24.10.2026","8 dni/7 nocy","4.4","4.4","2462","tripadvisor","Warszawa%20-%20Radom","2026-08-03T00:12:41.729447+00:00","https://fly.pl/oferta/egipt-wczasy/?filter[dest]=11:&filter[hotelids]=&filter[cityids]=&filter[cregids]=&filter[ofrType]=&filter[addObjType]=&filter[whenFrom]=10-10-2026&filter[whenTo]=05-11-2026&filter[duration]=7:10&filter[from]=Warszawa%20-%20Radom,Warszawa,Warszawa%20-%20Modlin&filter[person]=2&filter[child]=1&filter[price]=0:11000&filter[PriceFrom]=0&filter[PriceTo]=11000&filter[addCategory]=50&filter[addCatering]=1&filter[addMisc]=0&filter[addTransport]=F&filter[fp]=1&order_by=ofr_price&filter[tourOperator]=0&filter[childAge][1]=20201210","https://fly.pl/cdn/photo/assets/uploads/582/278/2014/07/Royal-Brayka-Resort.jpg","https://fly.pl/wycieczka/egipt,marsa-alam,c/royal-brayka-resort/p3EQNG1puBbKEV9lDzgZU7AAogmKvus9KsTBLOFyd9sdv4Jk7nc9_1RBs3cXvAsPCiQ9oqBFZJVFgwgrq_0wZIpUtQQViHDmACckAaABUHFwBcA1gFQI8DW7-DAV6-fFK8FFMAS7EvYQBM_YEuDZSIpAkgAFH5ir_23wFPkZANXZz4r_klAg5jAQIN8xwaxQ/ofertasv/?filter[tourOperator]=VITX&filter%5Bperson%5D=2&filter%5BchildAge%5D%5B1%5D=20201210&filter%5Bchild%5D=1","filter_egypt_autumn_2026_7_10_days","egipt","marsa-alam","c","2026-10-17","2026-10-24","8","7","Warszawa - Radom","2+1","egipt|marsa-alam|2026-10-17|2026-10-24|7|Warszawa - Radom|2+1"
"Jaz Makadi Saraya (ex Iberotel)","9639.0","29.10.2026 - 05.11.2026","8 dni/7 nocy","4.8","4.8","6720","tripadvisor","Warszawa%20-%20Radom","2026-08-03T00:12:41.729447+00:00","https://fly.pl/oferta/egipt-wczasy/?filter[dest]=11:&filter[hotelids]=&filter[cityids]=&filter[cregids]=&filter[ofrType]=&filter[addObjType]=&filter[whenFrom]=10-10-2026&filter[whenTo]=05-11-2026&filter[duration]=7:10&filter[from]=Warszawa%20-%20Radom,Warszawa,Warszawa%20-%20Modlin&filter[person]=2&filter[child]=1&filter[price]=0:11000&filter[PriceFrom]=0&filter[PriceTo]=11000&filter[addCategory]=50&filter[addCatering]=1&filter[addMisc]=0&filter[addTransport]=F&filter[fp]=1&order_by=ofr_price&filter[tourOperator]=0&filter[childAge][1]=20201210","https://fly.pl/cdn/photo/assets/uploads/582/278/2014/07/Jaz-Makadi-Saraya-ex-Iberotel-fly-pl.jpg","https://fly.pl/wycieczka/egipt,hurghada,makadi-bay/iberotel-makadi-saraya/p3mKFZl08izRPxYBdN_bmxAAognryXYwA7WDJvrZj83QdZxxLqCxxQb8S86Hh0k4aD-ioqBE9SRVgwgrq_0wZIp0tQQVinEGACagZEMC4yLjFyNZsBFQcXAFwDWAVWAhEaQLAGXZsPTyRT0p0BUgBer09L7UNhAEzljDoguP2XCQ0AAhJjAQIMKqgeIQ/ofertasv/?filter[tourOperator]=OREX&filter%5Bperson%5D=2&filter%5BchildAge%5D%5B1%5D=20201210&filter%5Bchild%5D=1","filter_egypt_autumn_2026_7_10_days","egipt","hurghada","makadi-bay","2026-10-29","2026-11-05","8","7","Warszawa - Radom","2+1","egipt|hurghada|2026-10-29|2026-11-05|7|Warszawa - Radom|2+1"
"Hilton Plaza (Hurghada)","9655.0","25.10.2026 - 01.11.2026","9 dni/7 nocy","4.6","4.6","4159","tripadvisor","Warszawa%20-%20Radom","2026-08-03T00:12:41.729447+00:00","https://fly.pl/oferta/egipt-wczasy/?filter[dest]=11:&filter[hotelids]=&filter[cityids]=&filter[cregids]=&filter[ofrType]=&filter[addObjType]=&filter[whenFrom]=10-10-2026&filter[whenTo]=05-11-2026&filter[duration]=7:10&filter[from]=Warszawa%20-%20Radom,Warszawa,Warszawa%20-%20Modlin&filter[person]=2&filter[child]=1&filter[price]=0:11000&filter[PriceFrom]=0&filter[PriceTo]=11000&filter[addCategory]=50&filter[addCatering]=1&filter[addMisc]=0&filter[addTransport]=F&filter[fp]=1&order_by=ofr_price&filter[tourOperator]=0&filter[childAge][1]=20201210","https://fly.pl/cdn/photo/assets/uploads/582/278/2014/10/Hilton-Plaza.jpg","https://fly.pl/wycieczka/egipt,hurghada,c/hilton-plaza-hurghada/p_QQiKij-Np0us2efrpyv8AAogU2pG0SOPlBI6YAqhh3uhNmsfmPE5MosFyu9Bpr8s0iIqBE9BU0kwgrq_0wZIt0tQAVjHD2ACagNBSWxyIBwR9XarBL6nELkEHRuo_g0Y2LASAav6gJkCAgBjAQIFrd_eDw/ofertasv/?filter[tourOperator]=OASI&filter%5Bperson%5D=2&filter%5BchildAge%5D%5B1%5D=20201210&filter%5Bchild%5D=1","filter_egypt_autumn_2026_7_10_days","egipt","hurghada","c","2026-10-25","2026-11-01","9","7","Warszawa - Radom","2+1","egipt|hurghada|2026-10-25|2026-11-01|7|Warszawa - Radom|2+1"
"Albatros Makadi Resort (ex Royal Pharaohs Makadi)","9655.0","25.10.2026 - 01.11.2026","9 dni/7 nocy","3.3","3.3","844","tripadvisor","Warszawa%20-%20Radom","2026-08-03T00:12:41.729447+00:00","https://fly.pl/oferta/egipt-wczasy/?filter[dest]=11:&filter[hotelids]=&filter[cityids]=&filter[cregids]=&filter[ofrType]=&filter[addObjType]=&filter[whenFrom]=10-10-2026&filter[whenTo]=05-11-2026&filter[duration]=7:10&filter[from]=Warszawa%20-%20Radom,Warszawa,Warszawa%20-%20Modlin&filter[person]=2&filter[child]=1&filter[price]=0:11000&filter[PriceFrom]=0&filter[PriceTo]=11000&filter[addCategory]=50&filter[addCatering]=1&filter[addMisc]=0&filter[addTransport]=F&filter[fp]=1&order_by=ofr_price&filter[tourOperator]=0&filter[childAge][1]=20201210","https://fly.pl/cdn/photo/assets/uploads/582/278/2014/07/Harmony-Makadi-Bay-fly-pl.jpg","https://fly.pl/wycieczka/egipt,hurghada,makadi-bay/harmony-makadi-bay/pgN_v8Tc1PIByGpssTKmhWAAogWVz3q3pZcbbO6qCCK6iwmWsfmPE5MosFyu9Bpr8s0iIqBE9BU0kwgrq_0wZIt0tQAVjHD2ACagNBSWxyIRwRl8ABqwSc3g-5BB0b0NcMGMbSEwGH7fmYAgIAYwECDLm1de8/ofertasv/?filter[tourOperator]=OASI&filter%5Bperson%5D=2&filter%5BchildAge%5D%5B1%5D=20201210&filter%5Bchild%5D=1","filter_egypt_autumn_2026_7_10_days","egipt","hurghada","makadi-bay","2026-10-25","2026-11-01","9","7","Warszawa - Radom","2+1","egipt|hurghada|2026-10-25|2026-11-01|7|Warszawa - Radom|2+1"
"Pickalbatros Villaggio Resort Portofino","9667.0","20.10.2026 - 27.10.2026","8 dni/7 nocy","4.9","4.9","1571","tripadvisor","Warszawa%20-%20Radom","2026-08-03T00:12:41.729447+00:00","https://fly.pl/oferta/egipt-wczasy/?filter[dest]=11:&filter[hotelids]=&filter[cityids]=&filter[cregids]=&filter[ofrType]=&filter[addObjType]=&filter[whenFrom]=10-10-2026&filter[whenTo]=05-11-2026&filter[duration]=7:10&filter[from]=Warszawa%20-%20Radom,Warszawa,Warszawa%20-%20Modlin&filter[person]=2&filter[child]=1&filter[price]=0:11000&filter[PriceFrom]=0&filter[PriceTo]=11000&filter[addCategory]=50&filter[addCatering]=1&filter[addMisc]=0&filter[addTransport]=F&filter[fp]=1&order_by=ofr_price&filter[tourOperator]=0&filter[childAge][1]=20201210","https://fly.pl/cdn/photo/assets/uploads/582/278/2024/07/pickalbatros-villaggio-resort-portofino.jpg","https://fly.pl/wycieczka/egipt,marsa-alam,c/pickalbatros-villaggio-resort-portofino-15/pCnGHTCVJincQ_b_TcvWSzAAogUpUScMiXbjl8U2iVCHjzcBPPD5S6T_zmYslq6S4q_1gqBEVYSU0wgrq_0wZIw0tQAVjPDmACagJBSXIhHBGk9ga5BMnIPasEHBv8j0QYqOpDAfqU65UMAgBjAQIMU-laWA/ofertasv/?filter[tourOperator]=EXIM&filter%5Bperson%5D=2&filter%5BchildAge%5D%5B1%5D=20201210&filter%5Bchild%5D=1","filter_egypt_autumn_2026_7_10_days","egipt","marsa-alam","c","2026-10-20","2026-10-27","8","7","Warszawa - Radom","2+1","egipt|marsa-alam|2026-10-20|2026-10-27|7|Warszawa - Radom|2+1"
"Amphoras Beach","9667.0","13.10.2026 - 21.10.2026","9 dni/7 nocy","4.4","4.4","6707","tripadvisor","Warszawa%20-%20Radom","2026-08-03T00:12:41.729447+00:00","https://fly.pl/oferta/egipt-wczasy/?filter[dest]=11:&filter[hotelids]=&filter[cityids]=&filter[cregids]=&filter[ofrType]=&filter[addObjType]=&filter[whenFrom]=10-10-2026&filter[whenTo]=05-11-2026&filter[duration]=7:10&filter[from]=Warszawa%20-%20Radom,Warszawa,Warszawa%20-%20Modlin&filter[person]=2&filter[child]=1&filter[price]=0:11000&filter[PriceFrom]=0&filter[PriceTo]=11000&filter[addCategory]=50&filter[addCatering]=1&filter[addMisc]=0&filter[addTransport]=F&filter[fp]=1&order_by=ofr_price&filter[tourOperator]=0&filter[childAge][1]=20201210","https://fly.pl/cdn/photo/assets/uploads/582/278/2016/11/AMPHORAS-BEACH.jpg","https://fly.pl/wycieczka/egipt,sharm-el-sheikh,c/otium-amphoras-ex-shores/pWoRg74m_V2aeZOJtPQwxfAAogxa1l5gDYK-RQSNcIEvME_qwUq41U7_yqXq-xB6ZodycqBEVYSU0wgrq_0wZIw0tQAVinDWACagNVQUlyIRwRlLsGuQSshT6rBBsbj_E4GOWhQgH9qYn6CgIAYwECC2DPjM4/ofertasv/?filter[tourOperator]=EXIM&filter%5Bperson%5D=2&filter%5BchildAge%5D%5B1%5D=20201210&filter%5Bchild%5D=1","filter_egypt_autumn_2026_7_10_days","egipt","sharm-el-sheikh","c","2026-10-13","2026-10-21","9","7","Warszawa - Radom","2+1","egipt|sharm-el-sheikh|2026-10-13|2026-10-21|7|Warszawa - Radom|2+1"
"Gorgonia Beach","9703.0","17.10.2026 - 24.10.2026","8 dni/7 nocy","4.5","4.5","3711","tripadvisor","Warszawa%20-%20Radom","2026-08-03T00:12:41.729447+00:00","https://fly.pl/oferta/egipt-wczasy/?filter[dest]=11:&filter[hotelids]=&filter[cityids]=&filter[cregids]=&filter[ofrType]=&filter[addObjType]=&filter[whenFrom]=10-10-2026&filter[whenTo]=05-11-2026&filter[duration]=7:10&filter[from]=Warszawa%20-%20Radom,Warszawa,Warszawa%20-%20Modlin&filter[person]=2&filter[child]=1&filter[price]=0:11000&filter[PriceFrom]=0&filter[PriceTo]=11000&filter[addCategory]=50&filter[addCatering]=1&filter[addMisc]=0&filter[addTransport]=F&filter[fp]=1&order_by=ofr_price&filter[tourOperator]=0&filter[childAge][1]=20201210","https://fly.pl/cdn/photo/assets/uploads/582/278/2016/12/Gorgonia-Beach-Resort.jpg","https://fly.pl/wycieczka/egipt,marsa-alam,c/gorgonia-beach/pLg9XKklDn14HK-Za_LfqiAAog_a2xjHmqYd7NVtP1Xhfx1AAAAAD7hQQAGIYEAAcAAQAqBFdFWlkwgrq_0wZI50tQQViHDmADaglFbnRlciBBaXJyQp4BHwAcAQIAFgQXAhLtAxWDBBifAxMFFOIEQKRxEfU5T8FcTABQsS9LABuG5Awd7eACIB0NgcXCCQESYwEMYwECBUEg074/ofertasv/?filter[tourOperator]=WEZY&filter%5Bperson%5D=2&filter%5BchildAge%5D%5B1%5D=20201210&filter%5Bchild%5D=1","filter_egypt_autumn_2026_7_10_days","egipt","marsa-alam","c","2026-10-17","2026-10-24","8","7","Warszawa - Radom","2+1","egipt|marsa-alam|2026-10-17|2026-10-24|7|Warszawa - Radom|2+1"
"Ancient Sands Golf Resort","9751.0","25.10.2026 - 01.11.2026","9 dni/7 nocy","4.8","4.8","3352","tripadvisor","Warszawa%20-%20Radom","2026-08-03T00:12:41.729447+00:00","https://fly.pl/oferta/egipt-wczasy/?filter[dest]=11:&filter[hotelids]=&filter[cityids]=&filter[cregids]=&filter[ofrType]=&filter[addObjType]=&filter[whenFrom]=10-10-2026&filter[whenTo]=05-11-2026&filter[duration]=7:10&filter[from]=Warszawa%20-%20Radom,Warszawa,Warszawa%20-%20Modlin&filter[person]=2&filter[child]=1&filter[price]=0:11000&filter[PriceFrom]=0&filter[PriceTo]=11000&filter[addCategory]=50&filter[addCatering]=1&filter[addMisc]=0&filter[addTransport]=F&filter[fp]=1&order_by=ofr_price&filter[tourOperator]=0&filter[childAge][1]=20201210","https://fly.pl/cdn/photo/assets/uploads/582/278/2019/05/Ancient-Sands-Golf-Resort.jpg","https://fly.pl/wycieczka/egipt,hurghada,al-dzuna/ancient-sands-el-gouna/pi0pEsvny4jvra800_keYfAAogjAeCAM8Ofvcm0b_Glpt1fWsfmPE5MosFyu9Bpr8s0iIqBE9BU0kwgrq_0wZIl0xQAVjHD2ACagNBSWxyIBwRyXarBOqnELkEHRukig4YpqASAZGq-pgCAgBjAQIMpcfSaw/ofertasv/?filter[tourOperator]=OASI&filter%5Bperson%5D=2&filter%5BchildAge%5D%5B1%5D=20201210&filter%5Bchild%5D=1","filter_egypt_autumn_2026_7_10_days","egipt","hurghada","al-dzuna","2026-10-25","2026-11-01","9","7","Warszawa - Radom","2+1","egipt|hurghada|2026-10-25|2026-11-01|7|Warszawa - Radom|2+1"
"Concorde Sport","9752.0","11.10.2026 - 18.10.2026","8 dni/7 nocy","","","","","Warszawa%20-%20Radom","2026-08-03T00:12:41.729447+00:00","https://fly.pl/oferta/egipt-wczasy/?filter[dest]=11:&filter[hotelids]=&filter[cityids]=&filter[cregids]=&filter[ofrType]=&filter[addObjType]=&filter[whenFrom]=10-10-2026&filter[whenTo]=05-11-2026&filter[duration]=7:10&filter[from]=Warszawa%20-%20Radom,Warszawa,Warszawa%20-%20Modlin&filter[person]=2&filter[child]=1&filter[price]=0:11000&filter[PriceFrom]=0&filter[PriceTo]=11000&filter[addCategory]=50&filter[addCatering]=1&filter[addMisc]=0&filter[addTransport]=F&filter[fp]=1&order_by=ofr_price&filter[tourOperator]=0&filter[childAge][1]=20201210","https://fly.pl/cdn/photo/assets/uploads/582/278/2017/08/Concorde-Sport-fly-pl-4.jpg","https://fly.pl/wycieczka/egipt,sharm-el-sheikh,szarm-el-szejk/concorde-sport/pCULEiLPKbiYspFYHd6PywAAog9DVGYABdPVLRcrGw7bXeqwiPgYhrkVrHHSR3tH9QMnYqBEpPSVAwgrq_0wZImExQQVj3DGACagNDR21yQpsBFAEVBhcAXANYBVYCQMoGT-IBXQBe3voBUqYgUwARmgNLrSBhAEzljDoNpv2XCSAAAcazgPiUicygMAINYwEACw-N7jQ/ofertasv/?filter[tourOperator]=JOIP&filter%5Bperson%5D=2&filter%5BchildAge%5D%5B1%5D=20201210&filter%5Bchild%5D=1","filter_egypt_autumn_2026_7_10_days","egipt","sharm-el-sheikh","szarm-el-szejk","2026-10-11","2026-10-18","8","7","Warszawa - Radom","2+1","egipt|sharm-el-sheikh|2026-10-11|2026-10-18|7|Warszawa - Radom|2+1"
"Cooee Prima Life Makadi Bay","9787.0","18.10.2026 - 25.10.2026","8 dni/7 nocy","4.6","4.6","3262","tripadvisor","Warszawa%20-%20Radom","2026-08-03T00:12:41.729447+00:00","https://fly.pl/oferta/egipt-wczasy/?filter[dest]=11:&filter[hotelids]=&filter[cityids]=&filter[cregids]=&filter[ofrType]=&filter[addObjType]=&filter[whenFrom]=10-10-2026&filter[whenTo]=05-11-2026&filter[duration]=7:10&filter[from]=Warszawa%20-%20Radom,Warszawa,Warszawa%20-%20Modlin&filter[person]=2&filter[child]=1&filter[price]=0:11000&filter[PriceFrom]=0&filter[PriceTo]=11000&filter[addCategory]=50&filter[addCatering]=1&filter[addMisc]=0&filter[addTransport]=F&filter[fp]=1&order_by=ofr_price&filter[tourOperator]=0&filter[childAge][1]=20201210","https://fly.pl/cdn/photo/assets/uploads/582/278/2014/12/Prima-Life-Makadi-Resort.jpg","https://fly.pl/wycieczka/egipt,hurghada,c/prima-life-makadi-bay/pu4QuY8bnUducfDaRCOyGwAAogu-QFWhSLdl-6QPOnQtd6uZyIJDTHqwrr1Day3gvsXyIqBEVYSU0wgrq_0wZIu0xQAVifDmACagJBSXIhHBHGuAa5BLuFPqsEHBvhhy8Y_pc3AYW98IkJAgBjAQIFfP7P1Q/ofertasv/?filter[tourOperator]=EXIM&filter%5Bperson%5D=2&filter%5BchildAge%5D%5B1%5D=20201210&filter%5Bchild%5D=1","filter_egypt_autumn_2026_7_10_days","egipt","hurghada","c","2026-10-18","2026-10-25","8","7","Warszawa - Radom","2+1","egipt|hurghada|2026-10-18|2026-10-25|7|Warszawa - Radom|2+1"
"Monte Carlo Resort Spa","9797.0","13.10.2026 - 21.10.2026","9 dni/7 nocy","4.4","4.4","2405","tripadvisor","Warszawa%20-%20Radom","2026-08-03T00:12:41.729447+00:00","https://fly.pl/oferta/egipt-wczasy/?filter[dest]=11:&filter[hotelids]=&filter[cityids]=&filter[cregids]=&filter[ofrType]=&filter[addObjType]=&filter[whenFrom]=10-10-2026&filter[whenTo]=05-11-2026&filter[duration]=7:10&filter[from]=Warszawa%20-%20Radom,Warszawa,Warszawa%20-%20Modlin&filter[person]=2&filter[child]=1&filter[price]=0:11000&filter[PriceFrom]=0&filter[PriceTo]=11000&filter[addCategory]=50&filter[addCatering]=1&filter[addMisc]=0&filter[addTransport]=F&filter[fp]=1&order_by=ofr_price&filter[tourOperator]=0&filter[childAge][1]=20201210","https://fly.pl/cdn/photo/assets/uploads/582/278/2014/09/Monte-Carlo-Sharm-Resort-Spa.jpg","https://fly.pl/wycieczka/egipt,sharm-el-sheikh,c/monte-carlo-ex-ritz-carlton/pVUJ8vu8yxiW0kmXTirFUbAAogMas-tEzOtlwaK6kufKAWSrdFedLRV-x5q6JpVOAxe2oqBFZJVFgwgrq_0wZIxUxQQVinDWACckAaABUHFwBcA1gFQI8DW6eGAV7WeVKmIFMAS8cjYQBM_YEuDZCIpAkgAVHDvfmy6QFPyLEbXYTO6rwcAg1jAQIMekuxzw/ofertasv/?filter[tourOperator]=VITX&filter%5Bperson%5D=2&filter%5BchildAge%5D%5B1%5D=20201210&filter%5Bchild%5D=1","filter_egypt_autumn_2026_7_10_days","egipt","sharm-el-sheikh","c","2026-10-13","2026-10-21","9","7","Warszawa - Radom","2+1","egipt|sharm-el-sheikh|2026-10-13|2026-10-21|7|Warszawa - Radom|2+1"
"Renaissance Golden View Beach Resort by Marriott","9824.0","10.10.2026 - 17.10.2026","8 dni/7 nocy","4.5","4.5","7195","tripadvisor","Warszawa%20-%20Radom","2026-08-03T00:12:41.729447+00:00","https://fly.pl/oferta/egipt-wczasy/?filter[dest]=11:&filter[hotelids]=&filter[cityids]=&filter[cregids]=&filter[ofrType]=&filter[addObjType]=&filter[whenFrom]=10-10-2026&filter[whenTo]=05-11-2026&filter[duration]=7:10&filter[from]=Warszawa%20-%20Radom,Warszawa,Warszawa%20-%20Modlin&filter[person]=2&filter[child]=1&filter[price]=0:11000&filter[PriceFrom]=0&filter[PriceTo]=11000&filter[addCategory]=50&filter[addCatering]=1&filter[addMisc]=0&filter[addTransport]=F&filter[fp]=1&order_by=ofr_price&filter[tourOperator]=0&filter[childAge][1]=20201210","https://fly.pl/cdn/photo/assets/uploads/582/278/2014/07/Renaissance-Golden-View-Beach-Resort.jpg","https://fly.pl/wycieczka/egipt,sharm-el-sheikh,c/renaissance-golden-view-beach/pX_918a9sxOy7G6lc-GgzuAAog2_tYWkMXhgRQyl8tRJX1jAAAAACZhAQAtoQEAAcAEgAqBFdFWlkwgrq_0wZI4ExQQVjfDGADaglFbnRlciBBaXJqBDA4MDByQ54BlQEfABwBAgAWBBcCEYABEu0CGIUFE80BFMkEQJJyTKCiAU8AS8cjUAAbj9wJHYLmBSAdDdzHwgkBEmMBDGMBAgWEc1X2/ofertasv/?filter[tourOperator]=WEZY&filter%5Bperson%5D=2&filter%5BchildAge%5D%5B1%5D=20201210&filter%5Bchild%5D=1","filter_egypt_autumn_2026_7_10_days","egipt","sharm-el-sheikh","c","2026-10-10","2026-10-17","8","7","Warszawa - Radom","2+1","egipt|sharm-el-sheikh|2026-10-10|2026-10-17|7|Warszawa - Radom|2+1"
"Pickalbatros Vita Resort Portofino","9847.0","13.10.2026 - 20.10.2026","8 dni/7 nocy","4.9","4.9","752","tripadvisor","Warszawa%20-%20Radom","2026-08-03T00:12:41.729447+00:00","https://fly.pl/oferta/egipt-wczasy/?filter[dest]=11:&filter[hotelids]=&filter[cityids]=&filter[cregids]=&filter[ofrType]=&filter[addObjType]=&filter[whenFrom]=10-10-2026&filter[whenTo]=05-11-2026&filter[duration]=7:10&filter[from]=Warszawa%20-%20Radom,Warszawa,Warszawa%20-%20Modlin&filter[person]=2&filter[child]=1&filter[price]=0:11000&filter[PriceFrom]=0&filter[PriceTo]=11000&filter[addCategory]=50&filter[addCatering]=1&filter[addMisc]=0&filter[addTransport]=F&filter[fp]=1&order_by=ofr_price&filter[tourOperator]=0&filter[childAge][1]=20201210","https://fly.pl/cdn/photo/assets/uploads/582/278/2024/07/pickalbatros-vita-resort-portofino.jpg","https://fly.pl/wycieczka/egipt,marsa-alam,c/pickalbatros-vita-resort-portofino-11/pCXXZZGdirk1pePcZE4uEwAAogc3B0ZwblmdkFhOfrKqQhwxKmO4qxhDmkVrGyFJIXvhQqBEVYSU0wgrq_0wZI90xQAVinDWACagJBSXIhHBGwoQa5BLydPqsEHBvntCwY5f8uAe-W0o4IAgBjAQIMHW5dvg/ofertasv/?filter[tourOperator]=EXIM&filter%5Bperson%5D=2&filter%5BchildAge%5D%5B1%5D=20201210&filter%5Bchild%5D=1","filter_egypt_autumn_2026_7_10_days","egipt","marsa-alam","c","2026-10-13","2026-10-20","8","7","Warszawa - Radom","2+1","egipt|marsa-alam|2026-10-13|2026-10-20|7|Warszawa - Radom|2+1"
"Continental (ex Movenpick Resort)","9905.0","29.10.2026 - 05.11.2026","8 dni/7 nocy","4.5","4.5","4137","tripadvisor","Warszawa%20-%20Radom","2026-08-03T00:12:41.729447+00:00","https://fly.pl/oferta/egipt-wczasy/?filter[dest]=11:&filter[hotelids]=&filter[cityids]=&filter[cregids]=&filter[ofrType]=&filter[addObjType]=&filter[whenFrom]=10-10-2026&filter[whenTo]=05-11-2026&filter[duration]=7:10&filter[from]=Warszawa%20-%20Radom,Warszawa,Warszawa%20-%20Modlin&filter[person]=2&filter[child]=1&filter[price]=0:11000&filter[PriceFrom]=0&filter[PriceTo]=11000&filter[addCategory]=50&filter[addCatering]=1&filter[addMisc]=0&filter[addTransport]=F&filter[fp]=1&order_by=ofr_price&filter[tourOperator]=0&filter[childAge][1]=20201210","https://fly.pl/cdn/photo/assets/uploads/582/278/2014/09/Continental-Resort.jpg","https://fly.pl/wycieczka/egipt,hurghada,c/movenpick-resort-hurghada-ex-continental-resort/pYfAoSomOzvd_-lHYxoyiuAAogaXJG1il4C7FVp-e8rkq0RxLqCxxQb8S86Hh0k4aD-ioqBE9SRVgwgrq_0wZIsU1QQVinEGACagZGQS4yLjFyNZsBFQcXAFwDWAVWAhFhQOkFXZsPTyRT0p0BUgBer09L7UNhAEzljDoguP2XCQ0AAhJjAQILGSL2wg/ofertasv/?filter[tourOperator]=OREX&filter%5Bperson%5D=2&filter%5BchildAge%5D%5B1%5D=20201210&filter%5Bchild%5D=1","filter_egypt_autumn_2026_7_10_days","egipt","hurghada","c","2026-10-29","2026-11-05","8","7","Warszawa - Radom","2+1","egipt|hurghada|2026-10-29|2026-11-05|7|Warszawa - Radom|2+1"
"Double Tree by Hilton Mangroovy El Gouna Resort","9918.0","29.10.2026 - 05.11.2026","8 dni/7 nocy","","","","","Warszawa%20-%20Radom","2026-08-03T00:12:41.729447+00:00","https://fly.pl/oferta/egipt-wczasy/?filter[dest]=11:&filter[hotelids]=&filter[cityids]=&filter[cregids]=&filter[ofrType]=&filter[addObjType]=&filter[whenFrom]=10-10-2026&filter[whenTo]=05-11-2026&filter[duration]=7:10&filter[from]=Warszawa%20-%20Radom,Warszawa,Warszawa%20-%20Modlin&filter[person]=2&filter[child]=1&filter[price]=0:11000&filter[PriceFrom]=0&filter[PriceTo]=11000&filter[addCategory]=50&filter[addCatering]=1&filter[addMisc]=0&filter[addTransport]=F&filter[fp]=1&order_by=ofr_price&filter[tourOperator]=0&filter[childAge][1]=20201210","https://datacfstatic.merlinx.pl/OREX/IMG/6513/61970b72b312ea6d0373821b3cb6271ebffe7a152e252532c893aa503ed99358.webp","https://fly.pl/wycieczka/egipt,hurghada,al-dzuna/double-tree-by-hilton-mangroovy-el-gouna-13/pdZ4Rspewj60XHJIOQV2VAAAog2T315cxqL99FtniBsRw5EBLqCxxQb8S86Hh0k4aD-ioqBE9SRVgwgrq_0wZIvk1QQVinEGACagVYLjIuMXI2mwEVBxcAXANYBVYCQMoGXZsPTyQR1xxT-4ABUgBer09L7UNhAEzljDoguP2XCQ0AAhJjAQILstOCSw/ofertasv/?filter[tourOperator]=OREX&filter%5Bperson%5D=2&filter%5BchildAge%5D%5B1%5D=20201210&filter%5Bchild%5D=1","filter_egypt_autumn_2026_7_10_days","egipt","hurghada","al-dzuna","2026-10-29","2026-11-05","8","7","Warszawa - Radom","2+1","egipt|hurghada|2026-10-29|2026-11-05|7|Warszawa - Radom|2+1"
"Pickalbatros Golf Beach Resort","9945.0","10.10.2026 - 17.10.2026","8 dni/7 nocy","4.5","4.5","297","tripadvisor","Warszawa%20-%20Radom","2026-08-03T00:12:41.729447+00:00","https://fly.pl/oferta/egipt-wczasy/?filter[dest]=11:&filter[hotelids]=&filter[cityids]=&filter[cregids]=&filter[ofrType]=&filter[addObjType]=&filter[whenFrom]=10-10-2026&filter[whenTo]=05-11-2026&filter[duration]=7:10&filter[from]=Warszawa%20-%20Radom,Warszawa,Warszawa%20-%20Modlin&filter[person]=2&filter[child]=1&filter[price]=0:11000&filter[PriceFrom]=0&filter[PriceTo]=11000&filter[addCategory]=50&filter[addCatering]=1&filter[addMisc]=0&filter[addTransport]=F&filter[fp]=1&order_by=ofr_price&filter[tourOperator]=0&filter[childAge][1]=20201210","https://fly.pl/cdn/photo/assets/uploads/582/278/2014/07/Golf-Beach-Resort-Managed-by-Rixos.jpg","https://fly.pl/wycieczka/egipt,sharm-el-sheikh,c/maritim-jolie-ville-golf/p1JtwPaVJXrWavSvUQf05HAAogCsgdJVQJ22TdNNx7W549AgAAAACZhAQAtoQEAAcAEgAqBFdFWlkwgrq_0wZI2U1QQVjfDGADaglFbnRlciBBaXJqBDA4MDByRJ4BlQEfAAIBHAAWBBcCEu0DGIUFE80BFMkEQJJyT6CiAUwAS8cjUAARnoICHfO_DSAdG9b9Ng2GyosJARJjAQ1jAQQMWFJWzQ/ofertasv/?filter[tourOperator]=WEZY&filter%5Bperson%5D=2&filter%5BchildAge%5D%5B1%5D=20201210&filter%5Bchild%5D=1","filter_egypt_autumn_2026_7_10_days","egipt","sharm-el-sheikh","c","2026-10-10","2026-10-17","8","7","Warszawa - Radom","2+1","egipt|sharm-el-sheikh|2026-10-10|2026-10-17|7|Warszawa - Radom|2+1"
"Sunrise Select Garden Beach Resort & Spa","9985.0","25.10.2026 - 01.11.2026","9 dni/7 nocy","4.7","4.7","9703","tripadvisor","Warszawa%20-%20Radom","2026-08-03T00:12:41.729447+00:00","https://fly.pl/oferta/egipt-wczasy/?filter[dest]=11:&filter[hotelids]=&filter[cityids]=&filter[cregids]=&filter[ofrType]=&filter[addObjType]=&filter[whenFrom]=10-10-2026&filter[whenTo]=05-11-2026&filter[duration]=7:10&filter[from]=Warszawa%20-%20Radom,Warszawa,Warszawa%20-%20Modlin&filter[person]=2&filter[child]=1&filter[price]=0:11000&filter[PriceFrom]=0&filter[PriceTo]=11000&filter[addCategory]=50&filter[addCatering]=1&filter[addMisc]=0&filter[addTransport]=F&filter[fp]=1&order_by=ofr_price&filter[tourOperator]=0&filter[childAge][1]=20201210","https://fly.pl/cdn/photo/assets/uploads/582/278/2014/09/Sunrise-Garden-Beach-Resort-Spa.jpg","https://fly.pl/wycieczka/egipt,hurghada,c/sunrise-select-garden-beach-resort-spa/pyW9xsRxfE-hcNhCRJzHzcAAognpP8ZZa8kaC63o3MUojcUWsfmPE5MosFyu9Bpr8s0iIqBE9BU0kwgrq_0wZIgU5QAVjHD2ACagNBSWxyIRwRr8ABqwSE3g-5BB0bzP0NGOW7EgGE8Z2ZAgIAYwECC_Lfb9s/ofertasv/?filter[tourOperator]=OASI&filter%5Bperson%5D=2&filter%5BchildAge%5D%5B1%5D=20201210&filter%5Bchild%5D=1","filter_egypt_autumn_2026_7_10_days","egipt","hurghada","c","2026-10-25","2026-11-01","9","7","Warszawa - Radom","2+1","egipt|hurghada|2026-10-25|2026-11-01|7|Warszawa - Radom|2+1"
"Pickalbatros Royal Moderna","9987.0","13.10.2026 - 21.10.2026","9 dni/7 nocy","4.5","4.5","10644","tripadvisor","Warszawa%20-%20Radom","2026-08-03T00:12:41.729447+00:00","https://fly.pl/oferta/egipt-wczasy/?filter[dest]=11:&filter[hotelids]=&filter[cityids]=&filter[cregids]=&filter[ofrType]=&filter[addObjType]=&filter[whenFrom]=10-10-2026&filter[whenTo]=05-11-2026&filter[duration]=7:10&filter[from]=Warszawa%20-%20Radom,Warszawa,Warszawa%20-%20Modlin&filter[person]=2&filter[child]=1&filter[price]=0:11000&filter[PriceFrom]=0&filter[PriceTo]=11000&filter[addCategory]=50&filter[addCatering]=1&filter[addMisc]=0&filter[addTransport]=F&filter[fp]=1&order_by=ofr_price&filter[tourOperator]=0&filter[childAge][1]=20201210","https://fly.pl/cdn/photo/assets/uploads/582/278/2009/08/Royal-Albatros-Moderna1708.jpg","https://fly.pl/wycieczka/egipt,sharm-el-sheikh,c/royal-albatros-moderna/pfdeqDy4tQuVp3AFrFsEg_AAognhuj8NMy-dAASmy99-MbyqwUq41U7_yqXq-xB6ZodycqBEVYSU0wgrq_0wZIg05QAVinDWACagJBSXIhHBG5oQa5BIefPqsEGxvroisYx4AwAd7FsI4IAgBjAQIMhXzWqA/ofertasv/?filter[tourOperator]=EXIM&filter%5Bperson%5D=2&filter%5BchildAge%5D%5B1%5D=20201210&filter%5Bchild%5D=1","filter_egypt_autumn_2026_7_10_days","egipt","sharm-el-sheikh","c","2026-10-13","2026-10-21","9","7","Warszawa - Radom","2+1","egipt|sharm-el-sheikh|2026-10-13|2026-10-21|7|Warszawa - Radom|2+1"
"Pickalbatros Palace Port Ghalib (ex. Red Sea The Palace)","9990.0","10.10.2026 - 17.10.2026","8 dni/7 nocy","4.7","4.7","3718","tripadvisor","Warszawa%20-%20Radom","2026-08-03T00:12:41.729447+00:00","https://fly.pl/oferta/egipt-wczasy/?filter[dest]=11:&filter[hotelids]=&filter[cityids]=&filter[cregids]=&filter[ofrType]=&filter[addObjType]=&filter[whenFrom]=10-10-2026&filter[whenTo]=05-11-2026&filter[duration]=7:10&filter[from]=Warszawa%20-%20Radom,Warszawa,Warszawa%20-%20Modlin&filter[person]=2&filter[child]=1&filter[price]=0:11000&filter[PriceFrom]=0&filter[PriceTo]=11000&filter[addCategory]=50&filter[addCatering]=1&filter[addMisc]=0&filter[addTransport]=F&filter[fp]=1&order_by=ofr_price&filter[tourOperator]=0&filter[childAge][1]=20201210","https://fly.pl/cdn/photo/assets/uploads/582/278/2014/09/albatros-palace.jpg","https://fly.pl/wycieczka/egipt,marsa-alam,port-ghalib/intercontinental-the-palace-port-ghalib/pt5GtT1OqBg-WVl0dQZrrVAAogZaWzFOWngr7xD9rwvjAkjy063im2E1E-fA40Cv_wUOwqBE9SRVgwgrq_0wZIhk5QQVjfDGACagZESS4yLjFyNZsBFQcXAFwDWAVWAhEzQJcGXYMkTyRemdgBU7wUUgBLsS9hAEzljDogpf2XCQ0AAhJjAQIMG-LElg/ofertasv/?filter[tourOperator]=OREX&filter%5Bperson%5D=2&filter%5BchildAge%5D%5B1%5D=20201210&filter%5Bchild%5D=1","filter_egypt_autumn_2026_7_10_days","egipt","marsa-alam","port-ghalib","2026-10-10","2026-10-17","8","7","Warszawa - Radom","2+1","egipt|marsa-alam|2026-10-10|2026-10-17|7|Warszawa - Radom|2+1"
"Jaz Makadi Oasis Resort","10022.0","11.10.2026 - 18.10.2026","8 dni/7 nocy","4.7","4.7","5282","tripadvisor","Warszawa%20-%20Radom","2026-08-03T00:12:41.729447+00:00","https://fly.pl/oferta/egipt-wczasy/?filter[dest]=11:&filter[hotelids]=&filter[cityids]=&filter[cregids]=&filter[ofrType]=&filter[addObjType]=&filter[whenFrom]=10-10-2026&filter[whenTo]=05-11-2026&filter[duration]=7:10&filter[from]=Warszawa%20-%20Radom,Warszawa,Warszawa%20-%20Modlin&filter[person]=2&filter[child]=1&filter[price]=0:11000&filter[PriceFrom]=0&filter[PriceTo]=11000&filter[addCategory]=50&filter[addCatering]=1&filter[addMisc]=0&filter[addTransport]=F&filter[fp]=1&order_by=ofr_price&filter[tourOperator]=0&filter[childAge][1]=20201210","https://fly.pl/cdn/photo/assets/uploads/582/278/2015/04/Jaz-Makadi-Oasis.jpg","https://fly.pl/wycieczka/egipt,hurghada,makadi-bay/iberotel-makadi-club-oasis/ptwuiz8kYwKRuZp3ozylfuAAogdk4IJxDLsWipKxMNUFhivf-P2F7QC24BuoDuINJWRuAqBE9SRVgwgrq_0wZIpk5QQVj3DGACagZFQS4yLjFyNZsBFQcXAFwDWAVWAhEZQLEGXZsPTyRT0p0BUgBer09L7UNhAEzljDogpv2XCQ0AAhJjAQIMaaEWfw/ofertasv/?filter[tourOperator]=OREX&filter%5Bperson%5D=2&filter%5BchildAge%5D%5B1%5D=20201210&filter%5Bchild%5D=1","filter_egypt_autumn_2026_7_10_days","egipt","hurghada","makadi-bay","2026-10-11","2026-10-18","8","7","Warszawa - Radom","2+1","egipt|hurghada|2026-10-11|2026-10-18|7|Warszawa - Radom|2+1"
"Pickalbatros Palace Resort","10053.0","25.10.2026 - 01.11.2026","9 dni/7 nocy","4.5","4.5","935","tripadvisor","Warszawa%20-%20Radom","2026-08-03T00:12:41.729447+00:00","https://fly.pl/oferta/egipt-wczasy/?filter[dest]=11:&filter[hotelids]=&filter[cityids]=&filter[cregids]=&filter[ofrType]=&filter[addObjType]=&filter[whenFrom]=10-10-2026&filter[whenTo]=05-11-2026&filter[duration]=7:10&filter[from]=Warszawa%20-%20Radom,Warszawa,Warszawa%20-%20Modlin&filter[person]=2&filter[child]=1&filter[price]=0:11000&filter[PriceFrom]=0&filter[PriceTo]=11000&filter[addCategory]=50&filter[addCatering]=1&filter[addMisc]=0&filter[addTransport]=F&filter[fp]=1&order_by=ofr_price&filter[tourOperator]=0&filter[childAge][1]=20201210","https://fly.pl/cdn/photo/assets/uploads/582/278/2014/09/Albatros-Palace-fly-pl-4.jpg","https://fly.pl/wycieczka/egipt,hurghada,c/albatros-palace/pr8Ev3RiG6jfv_Ug2-mqBQAAoguxO7Td6EE7zAT41zjviarWsfmPE5MosFyu9Bpr8s0iIqBE9BU0kwgrq_0wZIxU5QAVjHD2ACagNBSWxyIBwRuHarBPunELkEHRu8sQwY8PgTAePd9JgCAgBjAQIMwPFu5Q/ofertasv/?filter[tourOperator]=OASI&filter%5Bperson%5D=2&filter%5BchildAge%5D%5B1%5D=20201210&filter%5Bchild%5D=1","filter_egypt_autumn_2026_7_10_days","egipt","hurghada","c","2026-10-25","2026-11-01","9","7","Warszawa - Radom","2+1","egipt|hurghada|2026-10-25|2026-11-01|7|Warszawa - Radom|2+1"
"Pickalbatros Citadel Sahl Hasheesh (ex. Citadel Azur Resort)","10053.0","25.10.2026 - 01.11.2026","9 dni/7 nocy","4.5","4.5","4757","tripadvisor","Warszawa%20-%20Radom","2026-08-03T00:12:41.729447+00:00","https://fly.pl/oferta/egipt-wczasy/?filter[dest]=11:&filter[hotelids]=&filter[cityids]=&filter[cregids]=&filter[ofrType]=&filter[addObjType]=&filter[whenFrom]=10-10-2026&filter[whenTo]=05-11-2026&filter[duration]=7:10&filter[from]=Warszawa%20-%20Radom,Warszawa,Warszawa%20-%20Modlin&filter[person]=2&filter[child]=1&filter[price]=0:11000&filter[PriceFrom]=0&filter[PriceTo]=11000&filter[addCategory]=50&filter[addCatering]=1&filter[addMisc]=0&filter[addTransport]=F&filter[fp]=1&order_by=ofr_price&filter[tourOperator]=0&filter[childAge][1]=20201210","https://fly.pl/cdn/photo/assets/uploads/582/278/2014/07/Albatros-Citadel-Sahl-Hasheesh-ex.-Citadel-Azur-Resort-fly-pl.jpg","https://fly.pl/wycieczka/egipt,hurghada,c/citadel-azur-resort/pfkZeRlNa_0X47MfnclbAGAAogiCwusva0eTnfDA4bLtlQgmsfmPE5MosFyu9Bpr8s0iIqBE9BU0kwgrq_0wZIxU5QAVjHD2ACagNBSWxyIRwRr6oBqwSE9A-5BB0bm-EMGOzIEwGo6_SYAgIAYwECDOBUGWA/ofertasv/?filter[tourOperator]=OASI&filter%5Bperson%5D=2&filter%5BchildAge%5D%5B1%5D=20201210&filter%5Bchild%5D=1","filter_egypt_autumn_2026_7_10_days","egipt","hurghada","c","2026-10-25","2026-11-01","9","7","Warszawa - Radom","2+1","egipt|hurghada|2026-10-25|2026-11-01|7|Warszawa - Radom|2+1"
"Reef Oasis Suakin Resort","10097.0","24.10.2026 - 31.10.2026","8 dni/7 nocy","4.8","4.8","1376","tripadvisor","Warszawa%20-%20Radom","2026-08-03T00:12:41.729447+00:00","https://fly.pl/oferta/egipt-wczasy/?filter[dest]=11:&filter[hotelids]=&filter[cityids]=&filter[cregids]=&filter[ofrType]=&filter[addObjType]=&filter[whenFrom]=10-10-2026&filter[whenTo]=05-11-2026&filter[duration]=7:10&filter[from]=Warszawa%20-%20Radom,Warszawa,Warszawa%20-%20Modlin&filter[person]=2&filter[child]=1&filter[price]=0:11000&filter[PriceFrom]=0&filter[PriceTo]=11000&filter[addCategory]=50&filter[addCatering]=1&filter[addMisc]=0&filter[addTransport]=F&filter[fp]=1&order_by=ofr_price&filter[tourOperator]=0&filter[childAge][1]=20201210","https://fly.pl/cdn/photo/assets/uploads/582/278/2024/07/reef-oasis-suakin-resort.jpg","https://fly.pl/wycieczka/egipt,marsa-alam,c/reef-oasis-suakin-resort-11/pglRYXK-vKsaO8wVpYo-VLAAogYzE_BUniPqldRUbQiuazulKsip_67Nm5lc-oD6OsFvAqBFZJVFgwgrq_0wZI8U5QQVivD2ACckAaABUHFwBcA1gFQI8DW6eGAV7WeVK8FFMAS7EvYQBM_YEuDZuIpAkgAFGHoL723wFP_PoNXZz4r_klAgxjAQIL0_Z18w/ofertasv/?filter[tourOperator]=VITX&filter%5Bperson%5D=2&filter%5BchildAge%5D%5B1%5D=20201210&filter%5Bchild%5D=1","filter_egypt_autumn_2026_7_10_days","egipt","marsa-alam","c","2026-10-24","2026-10-31","8","7","Warszawa - Radom","2+1","egipt|marsa-alam|2026-10-24|2026-10-31|7|Warszawa - Radom|2+1"
"Domina Coral Bay Harem","10112.0","11.10.2026 - 18.10.2026","8 dni/7 nocy","4.2","4.2","12374","tripadvisor","Warszawa%20-%20Radom","2026-08-03T00:12:41.729447+00:00","https://fly.pl/oferta/egipt-wczasy/?filter[dest]=11:&filter[hotelids]=&filter[cityids]=&filter[cregids]=&filter[ofrType]=&filter[addObjType]=&filter[whenFrom]=10-10-2026&filter[whenTo]=05-11-2026&filter[duration]=7:10&filter[from]=Warszawa%20-%20Radom,Warszawa,Warszawa%20-%20Modlin&filter[person]=2&filter[child]=1&filter[price]=0:11000&filter[PriceFrom]=0&filter[PriceTo]=11000&filter[addCategory]=50&filter[addCatering]=1&filter[addMisc]=0&filter[addTransport]=F&filter[fp]=1&order_by=ofr_price&filter[tourOperator]=0&filter[childAge][1]=20201210","https://fly.pl/cdn/photo/assets/uploads/582/278/2014/07/Domina-Coral-Bay-Harem.jpg","https://fly.pl/wycieczka/egipt,sharm-el-sheikh,c/domina-coral-bay-harem/pv7dOWxrKr9lZdwWDy0XQPAAog_apyTuo-wcU9aeffDT0K2wiPgYhrkVrHHSR3tH9QMnYqBEpPSVAwgrq_0wZIgE9QQVj3DGACckMUARUGFwBcA1gFVgJAygZP4gFdAFvOlgERmUxe9xdSpiBTAEvHI2EATOWMOg2m_ZcJIAABwsWAyIWJzKAwAg1jAQAM5rUnIw/ofertasv/?filter[tourOperator]=JOIP&filter%5Bperson%5D=2&filter%5BchildAge%5D%5B1%5D=20201210&filter%5Bchild%5D=1","filter_egypt_autumn_2026_7_10_days","egipt","sharm-el-sheikh","c","2026-10-11","2026-10-18","8","7","Warszawa - Radom","2+1","egipt|sharm-el-sheikh|2026-10-11|2026-10-18|7|Warszawa - Radom|2+1"
"Cleopatra Luxury Resort","10127.0","17.10.2026 - 24.10.2026","8 dni/7 nocy","4.5","4.5","7548","tripadvisor","Warszawa%20-%20Radom","2026-08-03T00:12:41.729447+00:00","https://fly.pl/oferta/egipt-wczasy/?filter[dest]=11:&filter[hotelids]=&filter[cityids]=&filter[cregids]=&filter[ofrType]=&filter[addObjType]=&filter[whenFrom]=10-10-2026&filter[whenTo]=05-11-2026&filter[duration]=7:10&filter[from]=Warszawa%20-%20Radom,Warszawa,Warszawa%20-%20Modlin&filter[person]=2&filter[child]=1&filter[price]=0:11000&filter[PriceFrom]=0&filter[PriceTo]=11000&filter[addCategory]=50&filter[addCatering]=1&filter[addMisc]=0&filter[addTransport]=F&filter[fp]=1&order_by=ofr_price&filter[tourOperator]=0&filter[childAge][1]=20201210","https://fly.pl/cdn/photo/assets/uploads/582/278/2014/07/58ae3c6b287eb1e74191c52d1e07af6ad3ddd609476a5d59c69f95f8f8409586.jpg","https://fly.pl/wycieczka/egipt,sharm-el-sheikh,nabq-bay/the-cleopatra-luxury-resort-collection/pwUfIVQNkSumeNSaMYusCkAAogzpv_BWS_QxT8CwS1YootfQAAAACahAQAt4QEAAcAEgAqBFdFWlkwgrq_0wZIj09QQViHDmADaglFbnRlciBBaXJqBDA4MDByQ54BlQEfAAIBHAAWBBcCEu0DGIUFE80BFMkEEcAPQNJiTKCiAU8AS8cjUAAdksIPIB0by_QEDZfTvQkBEmMBDGMBAgXj4nzv/ofertasv/?filter[tourOperator]=WEZY&filter%5Bperson%5D=2&filter%5BchildAge%5D%5B1%5D=20201210&filter%5Bchild%5D=1","filter_egypt_autumn_2026_7_10_days","egipt","sharm-el-sheikh","nabq-bay","2026-10-17","2026-10-24","8","7","Warszawa - Radom","2+1","egipt|sharm-el-sheikh|2026-10-17|2026-10-24|7|Warszawa - Radom|2+1"
"Naama Bay Promenade Beach Resort","10127.0","10.10.2026 - 17.10.2026","8 dni/7 nocy","4.2","4.2","1260","tripadvisor","Warszawa%20-%20Radom","2026-08-03T00:12:41.729447+00:00","https://fly.pl/oferta/egipt-wczasy/?filter[dest]=11:&filter[hotelids]=&filter[cityids]=&filter[cregids]=&filter[ofrType]=&filter[addObjType]=&filter[whenFrom]=10-10-2026&filter[whenTo]=05-11-2026&filter[duration]=7:10&filter[from]=Warszawa%20-%20Radom,Warszawa,Warszawa%20-%20Modlin&filter[person]=2&filter[child]=1&filter[price]=0:11000&filter[PriceFrom]=0&filter[PriceTo]=11000&filter[addCategory]=50&filter[addCatering]=1&filter[addMisc]=0&filter[addTransport]=F&filter[fp]=1&order_by=ofr_price&filter[tourOperator]=0&filter[childAge][1]=20201210","https://fly.pl/cdn/photo/assets/uploads/582/278/2021/07/Naama-Bay-Promenade-Beach-Resort.jpg","https://fly.pl/wycieczka/egipt,sharm-el-sheikh,szarm-el-szejk/naama-bay-promenade-beach-resort-10/pCcnJ5pTn0VSABqBfBZcXAAAogbGCu8FFnwu9O1T0yjskb1gAAAACZhAQAtoQEAAcAEgAqBFdFWlkwgrq_0wZIj09QQVjfDGADaglFbnRlciBBaXJqBDA4MDByQ54BlQEfAAIBHAAWBBcCEu0DGIUFE80BFMkEEcoPQMhiTKCiAU8AS8cjUAAbuNQDHdntCyAdDdzHwgkBEmMBDGMBAgX8aqgj/ofertasv/?filter[tourOperator]=WEZY&filter%5Bperson%5D=2&filter%5BchildAge%5D%5B1%5D=20201210&filter%5Bchild%5D=1","filter_egypt_autumn_2026_7_10_days","egipt","sharm-el-sheikh","szarm-el-szejk","2026-10-10","2026-10-17","8","7","Warszawa - Radom","2+1","egipt|sharm-el-sheikh|2026-10-10|2026-10-17|7|Warszawa - Radom|2+1"
"Hilton Marsa Alam Nubian Resort","10147.0","27.10.2026 - 03.11.2026","8 dni/7 nocy","4.7","4.7","10103","tripadvisor","Warszawa%20-%20Radom","2026-08-03T00:12:41.729447+00:00","https://fly.pl/oferta/egipt-wczasy/?filter[dest]=11:&filter[hotelids]=&filter[cityids]=&filter[cregids]=&filter[ofrType]=&filter[addObjType]=&filter[whenFrom]=10-10-2026&filter[whenTo]=05-11-2026&filter[duration]=7:10&filter[from]=Warszawa%20-%20Radom,Warszawa,Warszawa%20-%20Modlin&filter[person]=2&filter[child]=1&filter[price]=0:11000&filter[PriceFrom]=0&filter[PriceTo]=11000&filter[addCategory]=50&filter[addCatering]=1&filter[addMisc]=0&filter[addTransport]=F&filter[fp]=1&order_by=ofr_price&filter[tourOperator]=0&filter[childAge][1]=20201210","https://fly.pl/cdn/photo/assets/uploads/582/278/2014/08/Tropitel-Dahab-Oasis.jpg","https://fly.pl/wycieczka/egipt,marsa-alam,c/hilton-marsa-alam-nubian-resort/p4afLXSNb8vVLgYIgvtUouAAogy1orkT-prH4OBbKlBpvFYnfhdMl1pFTvfBznJ5JFJscqBEVYSU0wgrq_0wZIo09QAVj3D2ACagJBSXIjHBHyxga5BPz3PasEiN4NG9XcLBjI3VwBvcmYtA0CAGMBAg2NA8CO/ofertasv/?filter[tourOperator]=EXIM&filter%5Bperson%5D=2&filter%5BchildAge%5D%5B1%5D=20201210&filter%5Bchild%5D=1","filter_egypt_autumn_2026_7_10_days","egipt","marsa-alam","c","2026-10-27","2026-11-03","8","7","Warszawa - Radom","2+1","egipt|marsa-alam|2026-10-27|2026-11-03|7|Warszawa - Radom|2+1"
"Caesar Bay Resort","10153.0","16.10.2026 - 23.10.2026","8 dni/7 nocy","4.3","4.3","1127","tripadvisor","Warszawa%20-%20Radom","2026-08-03T00:12:41.729447+00:00","https://fly.pl/oferta/egipt-wczasy/?filter[dest]=11:&filter[hotelids]=&filter[cityids]=&filter[cregids]=&filter[ofrType]=&filter[addObjType]=&filter[whenFrom]=10-10-2026&filter[whenTo]=05-11-2026&filter[duration]=7:10&filter[from]=Warszawa%20-%20Radom,Warszawa,Warszawa%20-%20Modlin&filter[person]=2&filter[child]=1&filter[price]=0:11000&filter[PriceFrom]=0&filter[PriceTo]=11000&filter[addCategory]=50&filter[addCatering]=1&filter[addMisc]=0&filter[addTransport]=F&filter[fp]=1&order_by=ofr_price&filter[tourOperator]=0&filter[childAge][1]=20201210","https://fly.pl/cdn/photo/assets/uploads/582/278/2024/07/caesar-bay-resort.jpg","https://fly.pl/wycieczka/egipt,aleksandria,c/caesar-bay-resort-13/peMB7M7VoyMbyzclJJkF0dAAogl7scW6TpONsuzfhdvtRZwgAAAAAkmAQA364FAAcAHQAqBFdFWlkwgrq_0wZIqU9QQVjvDWADaglFbnRlciBBaXJqBDA2NDByRZ4BkwEfAAIBHAAWBBcCEu0DFIoFFTcYwAJArHVPxgVMAEuhwAFQABH9qQIb7OkLHbPVASC7rQQNufO9CQESYwEOYwECBuObv_o/ofertasv/?filter[tourOperator]=WEZY&filter%5Bperson%5D=2&filter%5BchildAge%5D%5B1%5D=20201210&filter%5Bchild%5D=1","filter_egypt_autumn_2026_7_10_days","egipt","aleksandria","c","2026-10-16","2026-10-23","8","7","Warszawa - Radom","2+1","egipt|aleksandria|2026-10-16|2026-10-23|7|Warszawa - Radom|2+1"
"Naama Bay Promenade Beach Resort","10127.0","10.10.2026 - 17.10.2026","8 dni/7 nocy","4.2","4.2","1260","tripadvisor","Warszawa%20-%20Radom","2026-08-03T00:12:41.729447+00:00","https://fly.pl/oferta/egipt-wczasy/?filter[dest]=11:&filter[hotelids]=&filter[cityids]=&filter[cregids]=&filter[ofrType]=&filter[addObjType]=&filter[whenFrom]=10-10-2026&filter[whenTo]=05-11-2026&filter[duration]=7:10&filter[from]=Warszawa%20-%20Radom,Warszawa,Warszawa%20-%20Modlin&filter[person]=2&filter[child]=1&filter[price]=0:11000&filter[PriceFrom]=0&filter[PriceTo]=11000&filter[addCategory]=50&filter[addCatering]=1&filter[addMisc]=0&filter[addTransport]=F&filter[fp]=1&order_by=ofr_price&filter[tourOperator]=0&filter[childAge][1]=20201210","https://fly.pl/cdn/photo/assets/uploads/582/278/2021/07/Naama-Bay-Promenade-Beach-Resort.jpg","https://fly.pl/wycieczka/egipt,sharm-el-sheikh,szarm-el-szejk/naama-bay-promenade-beach-resort-10/pCcnJ5pTn0VSABqBfBZcXAAAogbGCu8FFnwu9O1T0yjskb1gAAAACZhAQAtoQEAAcAEgAqBFdFWlkwhbq_0wZIj09QQVjfDGADaglFbnRlciBBaXJqBDA4MDByQ54BlQEfAAIBHAAWBBcCEu0DGIUFE80BFMkEEcoPQMhiTKCiAU8AS8cjUAAbuNQDHdntCyAdDdzHwgkBEmMBDGMBAgVVuUYp/ofertasv/?filter[tourOperator]=WEZY&filter%5Bperson%5D=2&filter%5BchildAge%5D%5B1%5D=20201210&filter%5Bchild%5D=1","filter_egypt_autumn_2026_7_10_days","egipt","sharm-el-sheikh","szarm-el-szejk","2026-10-10","2026-10-17","8","7","Warszawa - Radom","2+1","egipt|sharm-el-sheikh|2026-10-10|2026-10-17|7|Warszawa - Radom|2+1"
"Cleopatra Luxury Resort","10127.0","17.10.2026 - 24.10.2026","8 dni/7 nocy","4.5","4.5","7548","tripadvisor","Warszawa%20-%20Radom","2026-08-03T00:12:41.729447+00:00","https://fly.pl/oferta/egipt-wczasy/?filter[dest]=11:&filter[hotelids]=&filter[cityids]=&filter[cregids]=&filter[ofrType]=&filter[addObjType]=&filter[whenFrom]=10-10-2026&filter[whenTo]=05-11-2026&filter[duration]=7:10&filter[from]=Warszawa%20-%20Radom,Warszawa,Warszawa%20-%20Modlin&filter[person]=2&filter[child]=1&filter[price]=0:11000&filter[PriceFrom]=0&filter[PriceTo]=11000&filter[addCategory]=50&filter[addCatering]=1&filter[addMisc]=0&filter[addTransport]=F&filter[fp]=1&order_by=ofr_price&filter[tourOperator]=0&filter[childAge][1]=20201210","https://fly.pl/cdn/photo/assets/uploads/582/278/2014/07/58ae3c6b287eb1e74191c52d1e07af6ad3ddd609476a5d59c69f95f8f8409586.jpg","https://fly.pl/wycieczka/egipt,sharm-el-sheikh,nabq-bay/the-cleopatra-luxury-resort-collection/pwUfIVQNkSumeNSaMYusCkAAogzpv_BWS_QxT8CwS1YootfQAAAACahAQAt4QEAAcAEgAqBFdFWlkwhbq_0wZIj09QQViHDmADaglFbnRlciBBaXJqBDA4MDByQ54BlQEfAAIBHAAWBBcCEu0DGIUFE80BFMkEEcAPQNJiTKCiAU8AS8cjUAAdksIPIB0by_QEDZfTvQkBEmMBDGMBAgVr7BLS/ofertasv/?filter[tourOperator]=WEZY&filter%5Bperson%5D=2&filter%5BchildAge%5D%5B1%5D=20201210&filter%5Bchild%5D=1","filter_egypt_autumn_2026_7_10_days","egipt","sharm-el-sheikh","nabq-bay","2026-10-17","2026-10-24","8","7","Warszawa - Radom","2+1","egipt|sharm-el-sheikh|2026-10-17|2026-10-24|7|Warszawa - Radom|2+1"
"Caesar Bay Resort","10153.0","16.10.2026 - 23.10.2026","8 dni/7 nocy","4.3","4.3","1127","tripadvisor","Warszawa%20-%20Radom","2026-08-03T00:12:41.729447+00:00","https://fly.pl/oferta/egipt-wczasy/?filter[dest]=11:&filter[hotelids]=&filter[cityids]=&filter[cregids]=&filter[ofrType]=&filter[addObjType]=&filter[whenFrom]=10-10-2026&filter[whenTo]=05-11-2026&filter[duration]=7:10&filter[from]=Warszawa%20-%20Radom,Warszawa,Warszawa%20-%20Modlin&filter[person]=2&filter[child]=1&filter[price]=0:11000&filter[PriceFrom]=0&filter[PriceTo]=11000&filter[addCategory]=50&filter[addCatering]=1&filter[addMisc]=0&filter[addTransport]=F&filter[fp]=1&order_by=ofr_price&filter[tourOperator]=0&filter[childAge][1]=20201210","https://fly.pl/cdn/photo/assets/uploads/582/278/2024/07/caesar-bay-resort.jpg","https://fly.pl/wycieczka/egipt,aleksandria,c/caesar-bay-resort-13/peMB7M7VoyMbyzclJJkF0dAAogl7scW6TpONsuzfhdvtRZwgAAAAAkmAQA364FAAcAHQAqBFdFWlkwhbq_0wZIqU9QQVjvDWADaglFbnRlciBBaXJqBDA2NDByRZ4BkwEfAAIBHAAWBBcCEu0DFIoFFTcYwAJArHVPxgVMAEuhwAFQABH9qQIb7OkLHbPVASC7rQQNufO9CQESYwEOYwECBpRjzJc/ofertasv/?filter[tourOperator]=WEZY&filter%5Bperson%5D=2&filter%5BchildAge%5D%5B1%5D=20201210&filter%5Bchild%5D=1","filter_egypt_autumn_2026_7_10_days","egipt","aleksandria","c","2026-10-16","2026-10-23","8","7","Warszawa - Radom","2+1","egipt|aleksandria|2026-10-16|2026-10-23|7|Warszawa - Radom|2+1"
"Pickalbatros Sands Port Ghalib (ex. Red Sea Siva Sands)","10167.0","29.10.2026 - 05.11.2026","8 dni/7 nocy","4.5","4.5","3436","tripadvisor","Warszawa%20-%20Radom","2026-08-03T00:12:41.729447+00:00","https://fly.pl/oferta/egipt-wczasy/?filter[dest]=11:&filter[hotelids]=&filter[cityids]=&filter[cregids]=&filter[ofrType]=&filter[addObjType]=&filter[whenFrom]=10-10-2026&filter[whenTo]=05-11-2026&filter[duration]=7:10&filter[from]=Warszawa%20-%20Radom,Warszawa,Warszawa%20-%20Modlin&filter[person]=2&filter[child]=1&filter[price]=0:11000&filter[PriceFrom]=0&filter[PriceTo]=11000&filter[addCategory]=50&filter[addCatering]=1&filter[addMisc]=0&filter[addTransport]=F&filter[fp]=1&order_by=ofr_price&filter[tourOperator]=0&filter[childAge][1]=20201210","https://fly.pl/cdn/photo/assets/uploads/582/278/2014/07/PICKALBATROS-SANDS-PORT-GHALIB.jpg","https://fly.pl/wycieczka/egipt,marsa-alam,port-ghalib/crowne-plaza-sahara-sands-resort/pErfN50i8g7dadzr4gHc4fAAogLLaKvXzm7RSYmRbV1RK44AAAAACGiAQAwbcEAAcAAQAqBFdFWlkwhbq_0wZIt09QQVinEGADaglFbnRlciBBaXJqBDA4MDBqBDAwMDBqBDAwMDByQZ4BkwGVAZgBHwAcAQIAFgQXAhEDEuoDFPwHQLF1TLaWAU8AS7EvUAAd_skPILteG-uwBA35sL0JARJjAQ1jAQIM6pQctg/ofertasv/?filter[tourOperator]=WEZY&filter%5Bperson%5D=2&filter%5BchildAge%5D%5B1%5D=20201210&filter%5Bchild%5D=1","filter_egypt_autumn_2026_7_10_days","egipt","marsa-alam","port-ghalib","2026-10-29","2026-11-05","8","7","Warszawa - Radom","2+1","egipt|marsa-alam|2026-10-29|2026-11-05|7|Warszawa - Radom|2+1"
"Domina Coral Bay Aquamarine","10184.0","13.10.2026 - 20.10.2026","8 dni/7 nocy","4.2","4.2","12374","tripadvisor","Warszawa%20-%20Radom","2026-08-03T00:12:41.729447+00:00","https://fly.pl/oferta/egipt-wczasy/?filter[dest]=11:&filter[hotelids]=&filter[cityids]=&filter[cregids]=&filter[ofrType]=&filter[addObjType]=&filter[whenFrom]=10-10-2026&filter[whenTo]=05-11-2026&filter[duration]=7:10&filter[from]=Warszawa%20-%20Radom,Warszawa,Warszawa%20-%20Modlin&filter[person]=2&filter[child]=1&filter[price]=0:11000&filter[PriceFrom]=0&filter[PriceTo]=11000&filter[addCategory]=50&filter[addCatering]=1&filter[addMisc]=0&filter[addTransport]=F&filter[fp]=1&order_by=ofr_price&filter[tourOperator]=0&filter[childAge][1]=20201210","https://fly.pl/cdn/photo/assets/uploads/582/278/2014/07/Domina-Coral-Bay-Aquamarine.jpg","https://fly.pl/wycieczka/egipt,sharm-el-sheikh,c/domina-coral-bay-aquamarine/pe_4zvjayVd6dIl570UFwcAAogp-ZAfMJWd9j35i7SQPDJVoKKBX8tWMnSQ6jN_XfKy90qBE9SRVgwhbq_0wZIyE9QQVinDWACagVFLjIuMXI2mwEVBxcAXANYBVYCQMoGEaYLXd0YTyRemdgBU6YgUgBLxyNhAEzljDogqP2XCQ0AAhJjAQIM9u7PKw/ofertasv/?filter[tourOperator]=OREX&filter%5Bperson%5D=2&filter%5BchildAge%5D%5B1%5D=20201210&filter%5Bchild%5D=1","filter_egypt_autumn_2026_7_10_days","egipt","sharm-el-sheikh","c","2026-10-13","2026-10-20","8","7","Warszawa - Radom","2+1","egipt|sharm-el-sheikh|2026-10-13|2026-10-20|7|Warszawa - Radom|2+1"
"Novotel Sharm Palm","10186.0","10.10.2026 - 17.10.2026","8 dni/7 nocy","4.6","4.6","5879","tripadvisor","Warszawa%20-%20Radom","2026-08-03T00:12:41.729447+00:00","https://fly.pl/oferta/egipt-wczasy/?filter[dest]=11:&filter[hotelids]=&filter[cityids]=&filter[cregids]=&filter[ofrType]=&filter[addObjType]=&filter[whenFrom]=10-10-2026&filter[whenTo]=05-11-2026&filter[duration]=7:10&filter[from]=Warszawa%20-%20Radom,Warszawa,Warszawa%20-%20Modlin&filter[person]=2&filter[child]=1&filter[price]=0:11000&filter[PriceFrom]=0&filter[PriceTo]=11000&filter[addCategory]=50&filter[addCatering]=1&filter[addMisc]=0&filter[addTransport]=F&filter[fp]=1&order_by=ofr_price&filter[tourOperator]=0&filter[childAge][1]=20201210","https://fly.pl/cdn/photo/assets/uploads/582/278/2014/07/Novotel-Sharm-Palm.jpg","https://fly.pl/wycieczka/egipt,sharm-el-sheikh,c/novotel-sharm-palm/pBE1YQZjh1TRSD0366O4xgAAogg9lSuExj5lJ49lHfBK4Z_gAAAACZhAQAtoQEAAcAEgAqBFdFWlkwhbq_0wZIyk9QQVjfDGADaglFbnRlciBBaXJqBDA4MDByQp4BlQEfABwBAgAWBBcCEXYS9wIYhQUTzQEUyQRAknJMoKIBTwBLxyNQABu-ggId078NIB0N3MfCCQESYwENYwECBoY0elE/ofertasv/?filter[tourOperator]=WEZY&filter%5Bperson%5D=2&filter%5BchildAge%5D%5B1%5D=20201210&filter%5Bchild%5D=1","filter_egypt_autumn_2026_7_10_days","egipt","sharm-el-sheikh","c","2026-10-10","2026-10-17","8","7","Warszawa - Radom","2+1","egipt|sharm-el-sheikh|2026-10-10|2026-10-17|7|Warszawa - Radom|2+1"
"V Hotel Sharm","10188.0","10.10.2026 - 17.10.2026","8 dni/7 nocy","4.2","4.2","2061","tripadvisor","Warszawa%20-%20Radom","2026-08-03T00:12:41.729447+00:00","https://fly.pl/oferta/egipt-wczasy/?filter[dest]=11:&filter[hotelids]=&filter[cityids]=&filter[cregids]=&filter[ofrType]=&filter[addObjType]=&filter[whenFrom]=10-10-2026&filter[whenTo]=05-11-2026&filter[duration]=7:10&filter[from]=Warszawa%20-%20Radom,Warszawa,Warszawa%20-%20Modlin&filter[person]=2&filter[child]=1&filter[price]=0:11000&filter[PriceFrom]=0&filter[PriceTo]=11000&filter[addCategory]=50&filter[addCatering]=1&filter[addMisc]=0&filter[addTransport]=F&filter[fp]=1&order_by=ofr_price&filter[tourOperator]=0&filter[childAge][1]=20201210","https://fly.pl/cdn/photo/assets/uploads/582/278/2017/08/Pyramisa-Beach-Resort.jpg","https://fly.pl/wycieczka/egipt,sharm-el-sheikh,szarm-el-szejk/dessole-pyramisa-egipt-sharm-el-sheikh-egipt/p0Tm9BOLmV4JilhqqJGCv6AAogMat7S9PVGTuaXi_-oFFtSwAAAACZhAQAtoQEAAcAEgAqBFdFWlkwhbq_0wZIzE9QQVjfDGADaglFbnRlciBBaXJqBDA4MDByQp4BlQEfAAIBHAAWBBcCEu0DGIUFE80BFMkEEfQqQJ5HTKCiAU8AS8cjUAAbiF0dieUOIB0N3MfCCQESYwENYwECBvQv_c4/ofertasv/?filter[tourOperator]=WEZY&filter%5Bperson%5D=2&filter%5BchildAge%5D%5B1%5D=20201210&filter%5Bchild%5D=1","filter_egypt_autumn_2026_7_10_days","egipt","sharm-el-sheikh","szarm-el-szejk","2026-10-10","2026-10-17","8","7","Warszawa - Radom","2+1","egipt|sharm-el-sheikh|2026-10-10|2026-10-17|7|Warszawa - Radom|2+1"
"The V Luxury Resort","10206.0","29.10.2026 - 05.11.2026","8 dni/7 nocy","4.4","4.4","1007","tripadvisor","Warszawa%20-%20Radom","2026-08-03T00:12:41.729447+00:00","https://fly.pl/oferta/egipt-wczasy/?filter[dest]=11:&filter[hotelids]=&filter[cityids]=&filter[cregids]=&filter[ofrType]=&filter[addObjType]=&filter[whenFrom]=10-10-2026&filter[whenTo]=05-11-2026&filter[duration]=7:10&filter[from]=Warszawa%20-%20Radom,Warszawa,Warszawa%20-%20Modlin&filter[person]=2&filter[child]=1&filter[price]=0:11000&filter[PriceFrom]=0&filter[PriceTo]=11000&filter[addCategory]=50&filter[addCatering]=1&filter[addMisc]=0&filter[addTransport]=F&filter[fp]=1&order_by=ofr_price&filter[tourOperator]=0&filter[childAge][1]=20201210","https://datacfstatic.merlinx.pl/OREX/IMG/3068/81c0ea0627efd6ab9706558c934de376be3a32d51491e8172766c62f9015303c.webp","https://fly.pl/wycieczka/egipt,hurghada,sahl-hasheesh/the-v-luxury-resort-13/ptnQwzyR2qPDMMGervdmJWAAogUBBNESxW2TFVrdTG5PUVDxLqCxxQb8S86Hh0k4aD-ioqBE9SRVgwhbq_0wZI3k9QQVinEGACagZFSC4yLjFyNpsBFQcXAFgIVgJcCEDCBl2bD08kEeIBU_CbAVIAXq9PS-1DYQBM5Yw6ILj9lwkNAAISYwECCxOpSq4/ofertasv/?filter[tourOperator]=OREX&filter%5Bperson%5D=2&filter%5BchildAge%5D%5B1%5D=20201210&filter%5Bchild%5D=1","filter_egypt_autumn_2026_7_10_days","egipt","hurghada","sahl-hasheesh","2026-10-29","2026-11-05","8","7","Warszawa - Radom","2+1","egipt|hurghada|2026-10-29|2026-11-05|7|Warszawa - Radom|2+1"
"El Kasr Red Sea","10207.0","25.10.2026 - 01.11.2026","8 dni/7 nocy","","","","","Warszawa%20-%20Radom","2026-08-03T00:12:41.729447+00:00","https://fly.pl/oferta/egipt-wczasy/?filter[dest]=11:&filter[hotelids]=&filter[cityids]=&filter[cregids]=&filter[ofrType]=&filter[addObjType]=&filter[whenFrom]=10-10-2026&filter[whenTo]=05-11-2026&filter[duration]=7:10&filter[from]=Warszawa%20-%20Radom,Warszawa,Warszawa%20-%20Modlin&filter[person]=2&filter[child]=1&filter[price]=0:11000&filter[PriceFrom]=0&filter[PriceTo]=11000&filter[addCategory]=50&filter[addCatering]=1&filter[addMisc]=0&filter[addTransport]=F&filter[fp]=1&order_by=ofr_price&filter[tourOperator]=0&filter[childAge][1]=20201210","https://fly.pl/cdn/photo/assets/uploads/582/278/2023/11/El-Kasr-Sahl-Hasheesh.jpg","https://fly.pl/wycieczka/egipt,hurghada,sahl-hasheesh/el-kasr-sahl-hasheesh-10/pkO4QWvzoQwrAPyJx3203-AAogSiuSeaghM8rutXnE1vCtCfCBi_Jjp6PLeBVi_FVZdZgqBEVYSU0whbq_0wZI309QAVjHD2ACagJBSXIjHBGKsga5BPiLPqsEyIwKG6zHIxjXrGkBr6KQsw0CEmMBAgd_Eawi/ofertasv/?filter[tourOperator]=EXIM&filter%5Bperson%5D=2&filter%5BchildAge%5D%5B1%5D=20201210&filter%5Bchild%5D=1","filter_egypt_autumn_2026_7_10_days","egipt","hurghada","sahl-hasheesh","2026-10-25","2026-11-01","8","7","Warszawa - Radom","2+1","egipt|hurghada|2026-10-25|2026-11-01|7|Warszawa - Radom|2+1"
"Pickalbatros Oasis Port Ghalib (ex. Red Sea Port Ghalib Resort)","10227.0","29.10.2026 - 05.11.2026","8 dni/7 nocy","4.6","4.6","3628","tripadvisor","Warszawa%20-%20Radom","2026-08-03T00:12:41.729447+00:00","https://fly.pl/oferta/egipt-wczasy/?filter[dest]=11:&filter[hotelids]=&filter[cityids]=&filter[cregids]=&filter[ofrType]=&filter[addObjType]=&filter[whenFrom]=10-10-2026&filter[whenTo]=05-11-2026&filter[duration]=7:10&filter[from]=Warszawa%20-%20Radom,Warszawa,Warszawa%20-%20Modlin&filter[person]=2&filter[child]=1&filter[price]=0:11000&filter[PriceFrom]=0&filter[PriceTo]=11000&filter[addCategory]=50&filter[addCatering]=1&filter[addMisc]=0&filter[addTransport]=F&filter[fp]=1&order_by=ofr_price&filter[tourOperator]=0&filter[childAge][1]=20201210","https://fly.pl/cdn/photo/assets/uploads/582/278/2014/09/pickalbatros-oasis.jpg","https://fly.pl/wycieczka/egipt,marsa-alam,port-ghalib/crowne-plaza-sahara-oasis-resort/phkXmD1g5Ynk6AJ5hPqL5hAAog5NWAgYaYuFYr9U9bNbcp7wAAAACGiAQAwbcEAAcAAQAqBFdFWlkwhbq_0wZI809QQVinEGADaglFbnRlciBBaXJqBDA4MDBqBDAwMDBqBDAwMDByQZ4BkwGVAZgBHwAcAQIAFgQXAhEEEukDFPwHQLF1TLaWAU8AS7EvUAAd_skPILteG-uwBA35sL0JARJjAQ1jAQIM0DG2EQ/ofertasv/?filter[tourOperator]=WEZY&filter%5Bperson%5D=2&filter%5BchildAge%5D%5B1%5D=20201210&filter%5Bchild%5D=1","filter_egypt_autumn_2026_7_10_days","egipt","marsa-alam","port-ghalib","2026-10-29","2026-11-05","8","7","Warszawa - Radom","2+1","egipt|marsa-alam|2026-10-29|2026-11-05|7|Warszawa - Radom|2+1"
"Domina Coral Bay Sultan","10247.0","13.10.2026 - 20.10.2026","8 dni/7 nocy","4.2","4.2","12374","tripadvisor","Warszawa%20-%20Radom","2026-08-03T00:12:41.729447+00:00","https://fly.pl/oferta/egipt-wczasy/?filter[dest]=11:&filter[hotelids]=&filter[cityids]=&filter[cregids]=&filter[ofrType]=&filter[addObjType]=&filter[whenFrom]=10-10-2026&filter[whenTo]=05-11-2026&filter[duration]=7:10&filter[from]=Warszawa%20-%20Radom,Warszawa,Warszawa%20-%20Modlin&filter[person]=2&filter[child]=1&filter[price]=0:11000&filter[PriceFrom]=0&filter[PriceTo]=11000&filter[addCategory]=50&filter[addCatering]=1&filter[addMisc]=0&filter[addTransport]=F&filter[fp]=1&order_by=ofr_price&filter[tourOperator]=0&filter[childAge][1]=20201210","https://fly.pl/cdn/photo/assets/uploads/582/278/2014/07/Domina-Coral-Bay-Sultan.jpg","https://fly.pl/wycieczka/egipt,sharm-el-sheikh,c/domina-coral-bay-sultan/pJ23WqO5HX2T8iVSOz6AXzAAogy3ZfeVAQwd-i2Tt5yZzVkoKKBX8tWMnSQ6jN_XfKy90qBE9SRVgwhbq_0wZIh1BQQVinDWACagVFLjIuMXI2mwEVBxcAXANYBVYCQMoGEbALXdMYTyRemdgBU6YgUgBLxyNhAEzljDogqP2XCQ0AAhJjAQIMiZmZ7w/ofertasv/?filter[tourOperator]=OREX&filter%5Bperson%5D=2&filter%5BchildAge%5D%5B1%5D=20201210&filter%5Bchild%5D=1","filter_egypt_autumn_2026_7_10_days","egipt","sharm-el-sheikh","c","2026-10-13","2026-10-20","8","7","Warszawa - Radom","2+1","egipt|sharm-el-sheikh|2026-10-13|2026-10-20|7|Warszawa - Radom|2+1"
"Sunrise Royal Makadi Aqua Resort","10265.0","29.10.2026 - 05.11.2026","8 dni/7 nocy","4.7","4.7","13642","tripadvisor","Warszawa%20-%20Radom","2026-08-03T00:12:41.729447+00:00","https://fly.pl/oferta/egipt-wczasy/?filter[dest]=11:&filter[hotelids]=&filter[cityids]=&filter[cregids]=&filter[ofrType]=&filter[addObjType]=&filter[whenFrom]=10-10-2026&filter[whenTo]=05-11-2026&filter[duration]=7:10&filter[from]=Warszawa%20-%20Radom,Warszawa,Warszawa%20-%20Modlin&filter[person]=2&filter[child]=1&filter[price]=0:11000&filter[PriceFrom]=0&filter[PriceTo]=11000&filter[addCategory]=50&filter[addCatering]=1&filter[addMisc]=0&filter[addTransport]=F&filter[fp]=1&order_by=ofr_price&filter[tourOperator]=0&filter[childAge][1]=20201210","https://fly.pl/cdn/photo/assets/uploads/582/278/2014/09/Sunrise-Royal-Makadi-Aqua-Resort.jpg","https://fly.pl/wycieczka/egipt,hurghada,makadi-bay/sunrise-select-royal-makadi/pkQm9MIPTsTuknocUxdchqAAoguf5cGtQ5wMb82_7c0x_kVRLqCxxQb8S86Hh0k4aD-ioqBE9SRVgwhbq_0wZImVBQQVinEGACagZKNC4yLjFyNpsBFQcXAFwDWAVWAkDKBl2bD08kEawDU6aaAVIAXq9PS-1DYQBM5Yw6ILj9lwkNAAISYwECCwl5fuY/ofertasv/?filter[tourOperator]=OREX&filter%5Bperson%5D=2&filter%5BchildAge%5D%5B1%5D=20201210&filter%5Bchild%5D=1","filter_egypt_autumn_2026_7_10_days","egipt","hurghada","makadi-bay","2026-10-29","2026-11-05","8","7","Warszawa - Radom","2+1","egipt|hurghada|2026-10-29|2026-11-05|7|Warszawa - Radom|2+1"
"Pickalbatros Luxury Suites","10307.0","10.10.2026 - 17.10.2026","8 dni/7 nocy","4.8","4.8","323","tripadvisor","Warszawa%20-%20Radom","2026-08-03T00:12:41.729447+00:00","https://fly.pl/oferta/egipt-wczasy/?filter[dest]=11:&filter[hotelids]=&filter[cityids]=&filter[cregids]=&filter[ofrType]=&filter[addObjType]=&filter[whenFrom]=10-10-2026&filter[whenTo]=05-11-2026&filter[duration]=7:10&filter[from]=Warszawa%20-%20Radom,Warszawa,Warszawa%20-%20Modlin&filter[person]=2&filter[child]=1&filter[price]=0:11000&filter[PriceFrom]=0&filter[PriceTo]=11000&filter[addCategory]=50&filter[addCatering]=1&filter[addMisc]=0&filter[addTransport]=F&filter[fp]=1&order_by=ofr_price&filter[tourOperator]=0&filter[childAge][1]=20201210","https://fly.pl/cdn/photo/assets/uploads/582/278/2023/04/Pickalbatros-Luxury-Suites.jpg","https://fly.pl/wycieczka/egipt,sharm-el-sheikh,szarm-el-szejk/golf-villas-sharm-el-sheikh-by-rixos-11/pRgGlg9FkISzvwdF5WVABsAAogvUwJ2iYfAEDJh6BbSI8YawAAAACZhAQAtoQEAAcAEgAqBFdFWlkwhbq_0wZIw1BQQVjfDGADaglFbnRlciBBaXJqBDA4MDByQp4BlQEfABwBAgAWBBcCG3AS_QIYhQUTzQEUyQRAknJMoKIBTwBLxyNQABGfggId8r8NIB0N3MfCCQESYwENYwEEDAAVbdM/ofertasv/?filter[tourOperator]=WEZY&filter%5Bperson%5D=2&filter%5BchildAge%5D%5B1%5D=20201210&filter%5Bchild%5D=1","filter_egypt_autumn_2026_7_10_days","egipt","sharm-el-sheikh","szarm-el-szejk","2026-10-10","2026-10-17","8","7","Warszawa - Radom","2+1","egipt|sharm-el-sheikh|2026-10-10|2026-10-17|7|Warszawa - Radom|2+1"
"Grand Rotana Resort & Spa","10357.0","13.10.2026 - 21.10.2026","9 dni/7 nocy","4.6","4.6","6694","tripadvisor","Warszawa%20-%20Radom","2026-08-03T00:12:41.729447+00:00","https://fly.pl/oferta/egipt-wczasy/?filter[dest]=11:&filter[hotelids]=&filter[cityids]=&filter[cregids]=&filter[ofrType]=&filter[addObjType]=&filter[whenFrom]=10-10-2026&filter[whenTo]=05-11-2026&filter[duration]=7:10&filter[from]=Warszawa%20-%20Radom,Warszawa,Warszawa%20-%20Modlin&filter[person]=2&filter[child]=1&filter[price]=0:11000&filter[PriceFrom]=0&filter[PriceTo]=11000&filter[addCategory]=50&filter[addCatering]=1&filter[addMisc]=0&filter[addTransport]=F&filter[fp]=1&order_by=ofr_price&filter[tourOperator]=0&filter[childAge][1]=20201210","https://fly.pl/cdn/photo/assets/uploads/582/278/2014/07/Grand-Rotana-fly-pl.jpg","https://fly.pl/wycieczka/egipt,sharm-el-sheikh,c/grand-rotana/pG6xEioqj3zB6TEI2SqjesAAogRQP6U3TA5vIwixQSX750abdFedLRV-x5q6JpVOAxe2oqBFZJVFgwhbq_0wZI9VBQQVinDWACckAaABUHFwBcA1gFQI8DW7-DAV6-fFKmIFMAS8cjYQBM_YEuDZCIpAkgAVHI3Yez6QFPw5ENXYTO6rwcAgxjAQILdQbaFw/ofertasv/?filter[tourOperator]=VITX&filter%5Bperson%5D=2&filter%5BchildAge%5D%5B1%5D=20201210&filter%5Bchild%5D=1","filter_egypt_autumn_2026_7_10_days","egipt","sharm-el-sheikh","c","2026-10-13","2026-10-21","9","7","Warszawa - Radom","2+1","egipt|sharm-el-sheikh|2026-10-13|2026-10-21|7|Warszawa - Radom|2+1"
"Jaz Villagio","10363.0","16.10.2026 - 23.10.2026","8 dni/7 nocy","","","","","Warszawa%20-%20Radom","2026-08-03T00:12:41.729447+00:00","https://fly.pl/oferta/egipt-wczasy/?filter[dest]=11:&filter[hotelids]=&filter[cityids]=&filter[cregids]=&filter[ofrType]=&filter[addObjType]=&filter[whenFrom]=10-10-2026&filter[whenTo]=05-11-2026&filter[duration]=7:10&filter[from]=Warszawa%20-%20Radom,Warszawa,Warszawa%20-%20Modlin&filter[person]=2&filter[child]=1&filter[price]=0:11000&filter[PriceFrom]=0&filter[PriceTo]=11000&filter[addCategory]=50&filter[addCatering]=1&filter[addMisc]=0&filter[addTransport]=F&filter[fp]=1&order_by=ofr_price&filter[tourOperator]=0&filter[childAge][1]=20201210","https://datacfstatic.merlinx.pl/WEZY/IMG/81976/51d8059a015ad797ce494208b404116ca0b7b8ab39ee646b2a283dd6ab73e625.webp","https://fly.pl/wycieczka/egipt,dolny-egipt,marsa-matrouh/jaz-villagio-10/ppFFExqByQSQ8d4xYoDqZLAAog_evOfdIurmLwyTln55EduwAAAAAkmAQA364FAAcAHQAqBFdFWlkwhbq_0wZI-1BQQVjvDWADaglFbnRlciBBaXJqBDA2NDByRZ4BkwEfAAIBHAAWBBcCEu0DFIoFFTcYwAJArHVPxgVMAEuhwAFQABGwuQIbyLQBHaT7CyC7rQQNufO9CQESYwEMYwEDC6W8GDg/ofertasv/?filter[tourOperator]=WEZY&filter%5Bperson%5D=2&filter%5BchildAge%5D%5B1%5D=20201210&filter%5Bchild%5D=1","filter_egypt_autumn_2026_7_10_days","egipt","dolny-egipt","marsa-matrouh","2026-10-16","2026-10-23","8","7","Warszawa - Radom","2+1","egipt|dolny-egipt|2026-10-16|2026-10-23|7|Warszawa - Radom|2+1"
"Jaz Viva Casa Maza","10363.0","16.10.2026 - 23.10.2026","8 dni/7 nocy","","","","","Warszawa%20-%20Radom","2026-08-03T00:12:41.729447+00:00","https://fly.pl/oferta/egipt-wczasy/?filter[dest]=11:&filter[hotelids]=&filter[cityids]=&filter[cregids]=&filter[ofrType]=&filter[addObjType]=&filter[whenFrom]=10-10-2026&filter[whenTo]=05-11-2026&filter[duration]=7:10&filter[from]=Warszawa%20-%20Radom,Warszawa,Warszawa%20-%20Modlin&filter[person]=2&filter[child]=1&filter[price]=0:11000&filter[PriceFrom]=0&filter[PriceTo]=11000&filter[addCategory]=50&filter[addCatering]=1&filter[addMisc]=0&filter[addTransport]=F&filter[fp]=1&order_by=ofr_price&filter[tourOperator]=0&filter[childAge][1]=20201210","https://datacfstatic.merlinx.pl/WEZY/IMG/81975/0bba44c5ca5b4219608ec5036b1b3cf4bfbb8e5c277674c42639fdda5fd8e793.webp","https://fly.pl/wycieczka/egipt,dolny-egipt,marsa-matrouh/jaz-neo-casa-maza-11/pMbk4DBHK-3e0hMvKq_5BiAAogBzrjt_Sl2A2Iy8IUewarTwAAAAAkmAQA364FAAcAHQAqBFdFWlkwhbq_0wZI-1BQQVjvDWADaglFbnRlciBBaXJqBDA2NDByRZ4BkwEfAAIBHAAWBBcCEu0DFIoFFTcYwAJArHVPxgVMAEuhwAFQABGvuQIbybQBHaT7CyC7rQQNufO9CQESYwEMYwEDC-6xHC4/ofertasv/?filter[tourOperator]=WEZY&filter%5Bperson%5D=2&filter%5BchildAge%5D%5B1%5D=20201210&filter%5Bchild%5D=1","filter_egypt_autumn_2026_7_10_days","egipt","dolny-egipt","marsa-matrouh","2026-10-16","2026-10-23","8","7","Warszawa - Radom","2+1","egipt|dolny-egipt|2026-10-16|2026-10-23|7|Warszawa - Radom|2+1"
"El Malikia Resort Abu Dabbab (ex.Sol Y Mar)","10363.0","20.10.2026 - 27.10.2026","8 dni/7 nocy","4.5","4.5","6705","tripadvisor","Warszawa%20-%20Radom","2026-08-03T00:12:41.729447+00:00","https://fly.pl/oferta/egipt-wczasy/?filter[dest]=11:&filter[hotelids]=&filter[cityids]=&filter[cregids]=&filter[ofrType]=&filter[addObjType]=&filter[whenFrom]=10-10-2026&filter[whenTo]=05-11-2026&filter[duration]=7:10&filter[from]=Warszawa%20-%20Radom,Warszawa,Warszawa%20-%20Modlin&filter[person]=2&filter[child]=1&filter[price]=0:11000&filter[PriceFrom]=0&filter[PriceTo]=11000&filter[addCategory]=50&filter[addCatering]=1&filter[addMisc]=0&filter[addTransport]=F&filter[fp]=1&order_by=ofr_price&filter[tourOperator]=0&filter[childAge][1]=20201210","https://fly.pl/cdn/photo/assets/uploads/582/278/2016/11/El-Malikia-Resort-Abu-Dabbab-ex.Sol-Y-Mar-fly-pl.jpg","https://fly.pl/wycieczka/egipt,marsa-alam,c/el-malikia-resort-abu-dabbab-ex-sol-y-mar/pD06jvlROd_Ed75HbRc5ExAAogo0q9YG6bVxhicxi1gl8NqdExpNyR8PdMYb0hQMEv2X0qBFNGUEwwhbq_0wZI-1BQQVjPDmACciELAhUFIgYSJ1zGAkAuW_cDDf3J1AlR-a_kkgYCEmMBAgYX6Gw2/ofertasv/?filter[tourOperator]=SFPL&filter%5Bperson%5D=2&filter%5BchildAge%5D%5B1%5D=20201210&filter%5Bchild%5D=1","filter_egypt_autumn_2026_7_10_days","egipt","marsa-alam","c","2026-10-20","2026-10-27","8","7","Warszawa - Radom","2+1","egipt|marsa-alam|2026-10-20|2026-10-27|7|Warszawa - Radom|2+1"
"Jaz Almaza Blu","10363.0","16.10.2026 - 23.10.2026","8 dni/7 nocy","","","","","Warszawa%20-%20Radom","2026-08-03T00:12:41.729447+00:00","https://fly.pl/oferta/egipt-wczasy/?filter[dest]=11:&filter[hotelids]=&filter[cityids]=&filter[cregids]=&filter[ofrType]=&filter[addObjType]=&filter[whenFrom]=10-10-2026&filter[whenTo]=05-11-2026&filter[duration]=7:10&filter[from]=Warszawa%20-%20Radom,Warszawa,Warszawa%20-%20Modlin&filter[person]=2&filter[child]=1&filter[price]=0:11000&filter[PriceFrom]=0&filter[PriceTo]=11000&filter[addCategory]=50&filter[addCatering]=1&filter[addMisc]=0&filter[addTransport]=F&filter[fp]=1&order_by=ofr_price&filter[tourOperator]=0&filter[childAge][1]=20201210","https://datacfstatic.merlinx.pl/WEZY/IMG/78903/920d01b71dd172ce68f790b2453063d735a2e925b8e333bc7109437a6c5aa1c7.webp","https://fly.pl/wycieczka/egipt,dolny-egipt,marsa-matrouh/jaz-almaza-blue-11/pwYFBSXgkOzZXpx3DVEz6cAAogCvITJjP6z94Kcsukj-PKcgAAAAAkmAQA364FAAcAHQAqBFdFWlkwhbq_0wZI-1BQQVjvDWADaglFbnRlciBBaXJqBDA2NDByRZ4BkwEfAAIBHAAWBBcCEu0DFIoFFTcYwAJArHVPxgVMAEuhwAFQABGvoQIbzoMBHZ_EDCC7rQQNufO9CQESYwEMYwECC4cTulE/ofertasv/?filter[tourOperator]=WEZY&filter%5Bperson%5D=2&filter%5BchildAge%5D%5B1%5D=20201210&filter%5Bchild%5D=1","filter_egypt_autumn_2026_7_10_days","egipt","dolny-egipt","marsa-matrouh","2026-10-16","2026-10-23","8","7","Warszawa - Radom","2+1","egipt|dolny-egipt|2026-10-16|2026-10-23|7|Warszawa - Radom|2+1"
"Sentido Naga Bay","10407.0","22.10.2026 - 29.10.2026","8 dni/7 nocy","","","","","Warszawa%20-%20Radom","2026-08-03T00:12:41.729447+00:00","https://fly.pl/oferta/egipt-wczasy/?filter[dest]=11:&filter[hotelids]=&filter[cityids]=&filter[cregids]=&filter[ofrType]=&filter[addObjType]=&filter[whenFrom]=10-10-2026&filter[whenTo]=05-11-2026&filter[duration]=7:10&filter[from]=Warszawa%20-%20Radom,Warszawa,Warszawa%20-%20Modlin&filter[person]=2&filter[child]=1&filter[price]=0:11000&filter[PriceFrom]=0&filter[PriceTo]=11000&filter[addCategory]=50&filter[addCatering]=1&filter[addMisc]=0&filter[addTransport]=F&filter[fp]=1&order_by=ofr_price&filter[tourOperator]=0&filter[childAge][1]=20201210","https://datacfstatic.merlinx.pl/EXIM/IMG/107999/9691dd57e47cec1e96befde9ca4a24ec0aaad7165dd6c455160b011f15ee59d5.webp","https://fly.pl/wycieczka/egipt,hurghada,c/sentido-naga-bay-11/parr1sf6nNSrztKqN8qKzXAAogbOlqVFKAVY7KKBjBNz-6daRG0VQdpnA-GADI7BbNUrMqBEVYSU0whbq_0wZIp1FQAVj_DmACagJBSXIhHBHfywa5BMrvPasEHBvF5D0Y0fE-AdL2p4sLAgBjAQIGO4DHsA/ofertasv/?filter[tourOperator]=EXIM&filter%5Bperson%5D=2&filter%5BchildAge%5D%5B1%5D=20201210&filter%5Bchild%5D=1","filter_egypt_autumn_2026_7_10_days","egipt","hurghada","c","2026-10-22","2026-10-29","8","7","Warszawa - Radom","2+1","egipt|hurghada|2026-10-22|2026-10-29|7|Warszawa - Radom|2+1"
"Titanic Beach Spa & Aqua Park","10457.0","15.10.2026 - 22.10.2026","8 dni/7 nocy","4.3","4.3","7380","tripadvisor","Warszawa%20-%20Radom","2026-08-03T00:12:41.729447+00:00","https://fly.pl/oferta/egipt-wczasy/?filter[dest]=11:&filter[hotelids]=&filter[cityids]=&filter[cregids]=&filter[ofrType]=&filter[addObjType]=&filter[whenFrom]=10-10-2026&filter[whenTo]=05-11-2026&filter[duration]=7:10&filter[from]=Warszawa%20-%20Radom,Warszawa,Warszawa%20-%20Modlin&filter[person]=2&filter[child]=1&filter[price]=0:11000&filter[PriceFrom]=0&filter[PriceTo]=11000&filter[addCategory]=50&filter[addCatering]=1&filter[addMisc]=0&filter[addTransport]=F&filter[fp]=1&order_by=ofr_price&filter[tourOperator]=0&filter[childAge][1]=20201210","https://fly.pl/cdn/photo/assets/uploads/582/278/2014/07/Titanic-Beach-Spa-Aqua-Park-fly-pl.jpg","https://fly.pl/wycieczka/egipt,hurghada,c/titanic-beach-spa/pmDsM3UCgqUvFC8RadjZ6CAAogN8vTPgM0kQQYpa3wL4Mpbo044f9kYxgWJceyc7qRpoAqBFZJVFgwhbq_0wZI2VFQQVjXDWACckAaABUHFwBcA1gFQI8DW7-DAVOPLVIAXq9PS-1DYQBMyOwcDcedtQkgAFHnj-X7jwFPo_UHXZCE8_N1AgxjAQILjzJRBg/ofertasv/?filter[tourOperator]=VITX&filter%5Bperson%5D=2&filter%5BchildAge%5D%5B1%5D=20201210&filter%5Bchild%5D=1","filter_egypt_autumn_2026_7_10_days","egipt","hurghada","c","2026-10-15","2026-10-22","8","7","Warszawa - Radom","2+1","egipt|hurghada|2026-10-15|2026-10-22|7|Warszawa - Radom|2+1"
"Movenpick Resort & Spa El Gouna","10494.0","29.10.2026 - 05.11.2026","8 dni/7 nocy","4.5","4.5","6107","tripadvisor","Warszawa%20-%20Radom","2026-08-03T00:12:41.729447+00:00","https://fly.pl/oferta/egipt-wczasy/?filter[dest]=11:&filter[hotelids]=&filter[cityids]=&filter[cregids]=&filter[ofrType]=&filter[addObjType]=&filter[whenFrom]=10-10-2026&filter[whenTo]=05-11-2026&filter[duration]=7:10&filter[from]=Warszawa%20-%20Radom,Warszawa,Warszawa%20-%20Modlin&filter[person]=2&filter[child]=1&filter[price]=0:11000&filter[PriceFrom]=0&filter[PriceTo]=11000&filter[addCategory]=50&filter[addCatering]=1&filter[addMisc]=0&filter[addTransport]=F&filter[fp]=1&order_by=ofr_price&filter[tourOperator]=0&filter[childAge][1]=20201210","https://fly.pl/cdn/photo/assets/uploads/582/278/2014/07/Movenpick-Resort-Spa-El-Gouna-fly-pl.jpg","https://fly.pl/wycieczka/egipt,hurghada,el-gouna/moevenpick-resort-spa-el-gouna/pVz0VPpthdSGq-z0kGA_GtAAogprXnUMFxbFjhRqmZwlFnKRLqCxxQb8S86Hh0k4aD-ioqBE9SRVgwhbq_0wZI_lFQQVinEGACagZFOS4yLjFyNZsBFQcXAFwDWAVWAhH-BUBMXZsPTyRT0p0BUgBer09L7UNhAEzljDoguP2XCQ0AAhJjAQILDcnTew/ofertasv/?filter[tourOperator]=OREX&filter%5Bperson%5D=2&filter%5BchildAge%5D%5B1%5D=20201210&filter%5Bchild%5D=1","filter_egypt_autumn_2026_7_10_days","egipt","hurghada","el-gouna","2026-10-29","2026-11-05","8","7","Warszawa - Radom","2+1","egipt|hurghada|2026-10-29|2026-11-05|7|Warszawa - Radom|2+1"
"Jaz Elite Asteria (Hurghada)","10495.0","25.10.2026 - 01.11.2026","9 dni/7 nocy","4.9","4.9","620","tripadvisor","Warszawa%20-%20Radom","2026-08-03T00:12:41.729447+00:00","https://fly.pl/oferta/egipt-wczasy/?filter[dest]=11:&filter[hotelids]=&filter[cityids]=&filter[cregids]=&filter[ofrType]=&filter[addObjType]=&filter[whenFrom]=10-10-2026&filter[whenTo]=05-11-2026&filter[duration]=7:10&filter[from]=Warszawa%20-%20Radom,Warszawa,Warszawa%20-%20Modlin&filter[person]=2&filter[child]=1&filter[price]=0:11000&filter[PriceFrom]=0&filter[PriceTo]=11000&filter[addCategory]=50&filter[addCatering]=1&filter[addMisc]=0&filter[addTransport]=F&filter[fp]=1&order_by=ofr_price&filter[tourOperator]=0&filter[childAge][1]=20201210","https://fly.pl/cdn/photo/assets/uploads/582/278/2024/07/jaz-asteria-beach.jpg","https://fly.pl/wycieczka/egipt,hurghada,sahl-hasheesh/jaz-asteria-beach-11/ptQQTWNW5jYHFIxnaByG3aAAogcPS1qunUOJswk2UhMrccK2sfmPE5MosFyu9Bpr8s0iIqBE9BU0kwhbq_0wZI_1FQAVjHD2ACagNBSWxyIRwRnMABqwSX3g-5BB0bkIQNGMirEwGQ-4SZAgIAYwECDIsTd-Y/ofertasv/?filter[tourOperator]=OASI&filter%5Bperson%5D=2&filter%5BchildAge%5D%5B1%5D=20201210&filter%5Bchild%5D=1","filter_egypt_autumn_2026_7_10_days","egipt","hurghada","sahl-hasheesh","2026-10-25","2026-11-01","9","7","Warszawa - Radom","2+1","egipt|hurghada|2026-10-25|2026-11-01|7|Warszawa - Radom|2+1"
"Coral Sea Holiday Resort","10511.0","11.10.2026 - 18.10.2026","8 dni/7 nocy","4.5","4.5","10191","tripadvisor","Warszawa%20-%20Radom","2026-08-03T00:12:41.729447+00:00","https://fly.pl/oferta/egipt-wczasy/?filter[dest]=11:&filter[hotelids]=&filter[cityids]=&filter[cregids]=&filter[ofrType]=&filter[addObjType]=&filter[whenFrom]=10-10-2026&filter[whenTo]=05-11-2026&filter[duration]=7:10&filter[from]=Warszawa%20-%20Radom,Warszawa,Warszawa%20-%20Modlin&filter[person]=2&filter[child]=1&filter[price]=0:11000&filter[PriceFrom]=0&filter[PriceTo]=11000&filter[addCategory]=50&filter[addCatering]=1&filter[addMisc]=0&filter[addTransport]=F&filter[fp]=1&order_by=ofr_price&filter[tourOperator]=0&filter[childAge][1]=20201210","https://fly.pl/cdn/photo/assets/uploads/582/278/2014/07/Coral-Sea-Holiday-Resort.jpg","https://fly.pl/wycieczka/egipt,sharm-el-sheikh,c/coral-sea-holiday-village/pICnODmODpfqYoxlAVJzyVAAogNLsfTFDa7cI15E31PN_hqgiPgYhrkVrHHSR3tH9QMnYqBEpPSVAwhbq_0wZIj1JQQVj3DGACagNDR21yQpsBFAEVBhcAXANYBVYCQMoGT-IBXQBe3voBEdQTUtIMUwBLxyNhAEzljDoNpv2XCSAAAaTbzKiTicygMAINYwEADDcKvOQ/ofertasv/?filter[tourOperator]=JOIP&filter%5Bperson%5D=2&filter%5BchildAge%5D%5B1%5D=20201210&filter%5Bchild%5D=1","filter_egypt_autumn_2026_7_10_days","egipt","sharm-el-sheikh","c","2026-10-11","2026-10-18","8","7","Warszawa - Radom","2+1","egipt|sharm-el-sheikh|2026-10-11|2026-10-18|7|Warszawa - Radom|2+1"
"Coral Sea Water World Resort","10511.0","11.10.2026 - 18.10.2026","8 dni/7 nocy","4.5","4.5","9337","tripadvisor","Warszawa%20-%20Radom","2026-08-03T00:12:41.729447+00:00","https://fly.pl/oferta/egipt-wczasy/?filter[dest]=11:&filter[hotelids]=&filter[cityids]=&filter[cregids]=&filter[ofrType]=&filter[addObjType]=&filter[whenFrom]=10-10-2026&filter[whenTo]=05-11-2026&filter[duration]=7:10&filter[from]=Warszawa%20-%20Radom,Warszawa,Warszawa%20-%20Modlin&filter[person]=2&filter[child]=1&filter[price]=0:11000&filter[PriceFrom]=0&filter[PriceTo]=11000&filter[addCategory]=50&filter[addCatering]=1&filter[addMisc]=0&filter[addTransport]=F&filter[fp]=1&order_by=ofr_price&filter[tourOperator]=0&filter[childAge][1]=20201210","https://fly.pl/cdn/photo/assets/uploads/582/278/2014/07/Coral-Sea-Waterworld.jpg","https://fly.pl/wycieczka/egipt,sharm-el-sheikh,c/coral-sea-water-world/pWiMh7llCtC7Ok3lSmThWDAAogtaMsmt5yE1hUKagJifW1sgiPgYhrkVrHHSR3tH9QMnYqBEpPSVAwhbq_0wZIj1JQQVj3DGACagMxMm9yQpsBFAEVBhcAXANYBVYCQMoGT-IBXQBe3voBEdUTUtEMUwBLxyNhAEzljDoNpv2XCSAAAb7N7K-TicygMAINYwEADHDQnOM/ofertasv/?filter[tourOperator]=JOIP&filter%5Bperson%5D=2&filter%5BchildAge%5D%5B1%5D=20201210&filter%5Bchild%5D=1","filter_egypt_autumn_2026_7_10_days","egipt","sharm-el-sheikh","c","2026-10-11","2026-10-18","8","7","Warszawa - Radom","2+1","egipt|sharm-el-sheikh|2026-10-11|2026-10-18|7|Warszawa - Radom|2+1"
"Pickalbatros Palace Resort","10567.0","13.10.2026 - 21.10.2026","9 dni/7 nocy","4.7","4.7","2555","tripadvisor","Warszawa%20-%20Radom","2026-08-03T00:12:41.729447+00:00","https://fly.pl/oferta/egipt-wczasy/?filter[dest]=11:&filter[hotelids]=&filter[cityids]=&filter[cregids]=&filter[ofrType]=&filter[addObjType]=&filter[whenFrom]=10-10-2026&filter[whenTo]=05-11-2026&filter[duration]=7:10&filter[from]=Warszawa%20-%20Radom,Warszawa,Warszawa%20-%20Modlin&filter[person]=2&filter[child]=1&filter[price]=0:11000&filter[PriceFrom]=0&filter[PriceTo]=11000&filter[addCategory]=50&filter[addCatering]=1&filter[addMisc]=0&filter[addTransport]=F&filter[fp]=1&order_by=ofr_price&filter[tourOperator]=0&filter[childAge][1]=20201210","https://fly.pl/cdn/photo/assets/uploads/582/278/2016/11/Albatros-Palace-Resort-Sharm-El-Sheikh.jpg","https://fly.pl/wycieczka/egipt,sharm-el-sheikh,c/cyrene-grand-hotel-ex-melia/pWDxOLo1FaWpuDu8LI1yCsAAoguPFGmF2VitOgkOqTkT_Q2KwUq41U7_yqXq-xB6ZodycqBEVYSU0whbq_0wZIx1JQAVinDWACagJBSXIhHBHDoQa5BP2ePqsEGxvOoisYyoAwAZW2sI4IAgBjAQIMqV42HQ/ofertasv/?filter[tourOperator]=EXIM&filter%5Bperson%5D=2&filter%5BchildAge%5D%5B1%5D=20201210&filter%5Bchild%5D=1","filter_egypt_autumn_2026_7_10_days","egipt","sharm-el-sheikh","c","2026-10-13","2026-10-21","9","7","Warszawa - Radom","2+1","egipt|sharm-el-sheikh|2026-10-13|2026-10-21|7|Warszawa - Radom|2+1"
"Pickalbatros Laguna Vista Beach","10567.0","13.10.2026 - 21.10.2026","9 dni/7 nocy","4.0","4.0","3068","tripadvisor","Warszawa%20-%20Radom","2026-08-03T00:12:41.729447+00:00","https://fly.pl/oferta/egipt-wczasy/?filter[dest]=11:&filter[hotelids]=&filter[cityids]=&filter[cregids]=&filter[ofrType]=&filter[addObjType]=&filter[whenFrom]=10-10-2026&filter[whenTo]=05-11-2026&filter[duration]=7:10&filter[from]=Warszawa%20-%20Radom,Warszawa,Warszawa%20-%20Modlin&filter[person]=2&filter[child]=1&filter[price]=0:11000&filter[PriceFrom]=0&filter[PriceTo]=11000&filter[addCategory]=50&filter[addCatering]=1&filter[addMisc]=0&filter[addTransport]=F&filter[fp]=1&order_by=ofr_price&filter[tourOperator]=0&filter[childAge][1]=20201210","https://fly.pl/cdn/photo/assets/uploads/582/278/2014/07/laguna.jpg","https://fly.pl/wycieczka/egipt,sharm-el-sheikh,c/laguna-vista-beach/pJhi69DIFzILV4aHirebMIAAogKtSSKFBMldpsNRRtoeeArqwUq41U7_yqXq-xB6ZodycqBEVYSU0whbq_0wZIx1JQAVinDWACagJBSXIhHBG4oQa5BIifPqsEGxu2oisY04AwAcbVsI4IAgBjAQIMvlh8Gw/ofertasv/?filter[tourOperator]=EXIM&filter%5Bperson%5D=2&filter%5BchildAge%5D%5B1%5D=20201210&filter%5Bchild%5D=1","filter_egypt_autumn_2026_7_10_days","egipt","sharm-el-sheikh","c","2026-10-13","2026-10-21","9","7","Warszawa - Radom","2+1","egipt|sharm-el-sheikh|2026-10-13|2026-10-21|7|Warszawa - Radom|2+1"
"Movenpick Resort Sharm el Sheikh","10572.0","17.10.2026 - 24.10.2026","8 dni/7 nocy","4.6","4.6","5338","tripadvisor","Warszawa%20-%20Radom","2026-08-03T00:12:41.729447+00:00","https://fly.pl/oferta/egipt-wczasy/?filter[dest]=11:&filter[hotelids]=&filter[cityids]=&filter[cregids]=&filter[ofrType]=&filter[addObjType]=&filter[whenFrom]=10-10-2026&filter[whenTo]=05-11-2026&filter[duration]=7:10&filter[from]=Warszawa%20-%20Radom,Warszawa,Warszawa%20-%20Modlin&filter[person]=2&filter[child]=1&filter[price]=0:11000&filter[PriceFrom]=0&filter[PriceTo]=11000&filter[addCategory]=50&filter[addCatering]=1&filter[addMisc]=0&filter[addTransport]=F&filter[fp]=1&order_by=ofr_price&filter[tourOperator]=0&filter[childAge][1]=20201210","https://fly.pl/cdn/photo/assets/uploads/582/278/2015/03/Movenpick-Golf-Club-fly-pl.jpg","https://fly.pl/wycieczka/egipt,sharm-el-sheikh,c/moevenpick-golf-club/pmg8bUGNQsorMUt-qjk7bQAAogmcUPASBNJdVXd0zwBI1ElwAAAACahAQAt4QEAAcAEgAqBFdFWlkwhbq_0wZIzFJQQViHDmADaglFbnRlciBBaXJqBDA4MDByQ54BlQEfABwBAgAWBBcCEYcBEuYCGIUFE80BFMkEQJJyTKCiAU8AS8cjUAAblqwDHfyVDCAdDeLHwgkBEmMBDGMBAgXOsBr-/ofertasv/?filter[tourOperator]=WEZY&filter%5Bperson%5D=2&filter%5BchildAge%5D%5B1%5D=20201210&filter%5Bchild%5D=1","filter_egypt_autumn_2026_7_10_days","egipt","sharm-el-sheikh","c","2026-10-17","2026-10-24","8","7","Warszawa - Radom","2+1","egipt|sharm-el-sheikh|2026-10-17|2026-10-24|7|Warszawa - Radom|2+1"
"Pickalbatros Aqua Park Resort (Sharm El Sheikh)","10637.0","13.10.2026 - 21.10.2026","9 dni/7 nocy","4.8","4.8","3481","tripadvisor","Warszawa%20-%20Radom","2026-08-03T00:12:41.729447+00:00","https://fly.pl/oferta/egipt-wczasy/?filter[dest]=11:&filter[hotelids]=&filter[cityids]=&filter[cregids]=&filter[ofrType]=&filter[addObjType]=&filter[whenFrom]=10-10-2026&filter[whenTo]=05-11-2026&filter[duration]=7:10&filter[from]=Warszawa%20-%20Radom,Warszawa,Warszawa%20-%20Modlin&filter[person]=2&filter[child]=1&filter[price]=0:11000&filter[PriceFrom]=0&filter[PriceTo]=11000&filter[addCategory]=50&filter[addCatering]=1&filter[addMisc]=0&filter[addTransport]=F&filter[fp]=1&order_by=ofr_price&filter[tourOperator]=0&filter[childAge][1]=20201210","https://fly.pl/cdn/photo/assets/uploads/582/278/2017/08/Albatros-Aqua-Park-Sharm.jpg","https://fly.pl/wycieczka/egipt,sharm-el-sheikh,szarm-el-szejk/albatros-aqua-park-sharm-el-sheikh/pOG9nR1V-x2U0MwaDv_48GAAog_7buBgxXaW4M_c4ilH8LH6wUq41U7_yqXq-xB6ZodycqBEVYSU0whbq_0wZIjVNQAVinDWACagJBSXIhHBG3oQa5BImfPqsEGxuVoisY6YAwAcG2sI4IAgBjAQIMaa_V7Q/ofertasv/?filter[tourOperator]=EXIM&filter%5Bperson%5D=2&filter%5BchildAge%5D%5B1%5D=20201210&filter%5Bchild%5D=1","filter_egypt_autumn_2026_7_10_days","egipt","sharm-el-sheikh","szarm-el-szejk","2026-10-13","2026-10-21","9","7","Warszawa - Radom","2+1","egipt|sharm-el-sheikh|2026-10-13|2026-10-21|7|Warszawa - Radom|2+1"
"Titanic Royal","10667.0","29.10.2026 - 05.11.2026","8 dni/7 nocy","4.8","4.8","4543","tripadvisor","Warszawa%20-%20Radom","2026-08-03T00:12:41.729447+00:00","https://fly.pl/oferta/egipt-wczasy/?filter[dest]=11:&filter[hotelids]=&filter[cityids]=&filter[cregids]=&filter[ofrType]=&filter[addObjType]=&filter[whenFrom]=10-10-2026&filter[whenTo]=05-11-2026&filter[duration]=7:10&filter[from]=Warszawa%20-%20Radom,Warszawa,Warszawa%20-%20Modlin&filter[person]=2&filter[child]=1&filter[price]=0:11000&filter[PriceFrom]=0&filter[PriceTo]=11000&filter[addCategory]=50&filter[addCatering]=1&filter[addMisc]=0&filter[addTransport]=F&filter[fp]=1&order_by=ofr_price&filter[tourOperator]=0&filter[childAge][1]=20201210","https://fly.pl/cdn/photo/assets/uploads/582/278/2018/12/Titanic-Royal-fly-pl.jpg","https://fly.pl/wycieczka/egipt,hurghada,c/titanic-royal/plsDqzLV00wfh4iGdGMxFXAAogMI6HZ6KGcf75sLWDp5v8emSr15Jod7NI_ZeeP2cCHt0qBEVYSU0whbq_0wZIq1NQAVinEGACagNVQUlyIxwRkrsGuQSYgD6rBL2KChv_gyYYyP5mAcazkLMNAgBjAQIL_hW8Pg/ofertasv/?filter[tourOperator]=EXIM&filter%5Bperson%5D=2&filter%5BchildAge%5D%5B1%5D=20201210&filter%5Bchild%5D=1","filter_egypt_autumn_2026_7_10_days","egipt","hurghada","c","2026-10-29","2026-11-05","8","7","Warszawa - Radom","2+1","egipt|hurghada|2026-10-29|2026-11-05|7|Warszawa - Radom|2+1"
"Nubian Village","10695.0","17.10.2026 - 24.10.2026","8 dni/7 nocy","4.5","4.5","4649","tripadvisor","Warszawa%20-%20Radom","2026-08-03T00:12:41.729447+00:00","https://fly.pl/oferta/egipt-wczasy/?filter[dest]=11:&filter[hotelids]=&filter[cityids]=&filter[cregids]=&filter[ofrType]=&filter[addObjType]=&filter[whenFrom]=10-10-2026&filter[whenTo]=05-11-2026&filter[duration]=7:10&filter[from]=Warszawa%20-%20Radom,Warszawa,Warszawa%20-%20Modlin&filter[person]=2&filter[child]=1&filter[price]=0:11000&filter[PriceFrom]=0&filter[PriceTo]=11000&filter[addCategory]=50&filter[addCatering]=1&filter[addMisc]=0&filter[addTransport]=F&filter[fp]=1&order_by=ofr_price&filter[tourOperator]=0&filter[childAge][1]=20201210","https://fly.pl/cdn/photo/assets/uploads/582/278/2014/07/Nubian-Village-fly-pl.jpg","https://fly.pl/wycieczka/egipt,sharm-el-sheikh,c/nubian-village/p9ri8kw67UUggL-RuRyDh-AAogxIkI1i-xMb6UX5YK9Gr-AgAAAACahAQAt4QEAAcAEgAqBFdFWlkwhbq_0wZIx1NQQViHDmADaglFbnRlciBBaXJqBDA4MDByQp4BlQEfABwBAgAWBBcCEXgS9QIYhQUTzQEUyQRAknJMoKIBTwBLxyNQABuruwQd54YLIB0N4sfCCQESYwEOYwECBXizZ0Q/ofertasv/?filter[tourOperator]=WEZY&filter%5Bperson%5D=2&filter%5BchildAge%5D%5B1%5D=20201210&filter%5Bchild%5D=1","filter_egypt_autumn_2026_7_10_days","egipt","sharm-el-sheikh","c","2026-10-17","2026-10-24","8","7","Warszawa - Radom","2+1","egipt|sharm-el-sheikh|2026-10-17|2026-10-24|7|Warszawa - Radom|2+1"
"Nubian Island","10695.0","10.10.2026 - 17.10.2026","8 dni/7 nocy","4.7","4.7","3724","tripadvisor","Warszawa%20-%20Radom","2026-08-03T00:12:41.729447+00:00","https://fly.pl/oferta/egipt-wczasy/?filter[dest]=11:&filter[hotelids]=&filter[cityids]=&filter[cregids]=&filter[ofrType]=&filter[addObjType]=&filter[whenFrom]=10-10-2026&filter[whenTo]=05-11-2026&filter[duration]=7:10&filter[from]=Warszawa%20-%20Radom,Warszawa,Warszawa%20-%20Modlin&filter[person]=2&filter[child]=1&filter[price]=0:11000&filter[PriceFrom]=0&filter[PriceTo]=11000&filter[addCategory]=50&filter[addCatering]=1&filter[addMisc]=0&filter[addTransport]=F&filter[fp]=1&order_by=ofr_price&filter[tourOperator]=0&filter[childAge][1]=20201210","https://fly.pl/cdn/photo/assets/uploads/582/278/2014/07/Nubian-Island.jpg","https://fly.pl/wycieczka/egipt,sharm-el-sheikh,c/nubian-island/pVJNEoU-GZd2o1YBxaVTvJAAogEh0oa32mZMMpMsgKgYuyggAAAACZhAQAtoQEAAcAEgAqBFdFWlkwiLq_0wZIx1NQQVjfDGADaglFbnRlciBBaXJqBDA4MDByQp4BlQEfABwBAgAWBBcCEXcS9gIYhQUTzQEUyQRAknJMoKIBTwBLxyNQABuruwQd5oYLIB0N3MfCCQESYwEOYwECBV_vktU/ofertasv/?filter[tourOperator]=WEZY&filter%5Bperson%5D=2&filter%5BchildAge%5D%5B1%5D=20201210&filter%5Bchild%5D=1","filter_egypt_autumn_2026_7_10_days","egipt","sharm-el-sheikh","c","2026-10-10","2026-10-17","8","7","Warszawa - Radom","2+1","egipt|sharm-el-sheikh|2026-10-10|2026-10-17|7|Warszawa - Radom|2+1"
"Park Regency Resort (ex. Hyatt)","10695.0","17.10.2026 - 24.10.2026","8 dni/7 nocy","4.6","4.6","6179","tripadvisor","Warszawa%20-%20Radom","2026-08-03T00:12:41.729447+00:00","https://fly.pl/oferta/egipt-wczasy/?filter[dest]=11:&filter[hotelids]=&filter[cityids]=&filter[cregids]=&filter[ofrType]=&filter[addObjType]=&filter[whenFrom]=10-10-2026&filter[whenTo]=05-11-2026&filter[duration]=7:10&filter[from]=Warszawa%20-%20Radom,Warszawa,Warszawa%20-%20Modlin&filter[person]=2&filter[child]=1&filter[price]=0:11000&filter[PriceFrom]=0&filter[PriceTo]=11000&filter[addCategory]=50&filter[addCatering]=1&filter[addMisc]=0&filter[addTransport]=F&filter[fp]=1&order_by=ofr_price&filter[tourOperator]=0&filter[childAge][1]=20201210","https://fly.pl/cdn/photo/assets/uploads/582/278/2014/07/Park-Regency.jpg","https://fly.pl/wycieczka/egipt,sharm-el-sheikh,c/hyatt-regency-sharm/ppdh23QtpLVdBjffYo8LpjAAogQu9_X1OXflHID-ZIS-ALpQAAAACahAQAt4QEAAcAEgAqBFdFWlkwiLq_0wZIx1NQQViHDmADaglFbnRlciBBaXJqBDA4MDByQZ4BlQEfABwBAgAWBBcCEV4SjwMYhQUTzQEUyQRAknJMoKIBTwBLxyNQABukaR3u2A4gHQ3ix8IJARJjAQxjAQIFbYQujQ/ofertasv/?filter[tourOperator]=WEZY&filter%5Bperson%5D=2&filter%5BchildAge%5D%5B1%5D=20201210&filter%5Bchild%5D=1","filter_egypt_autumn_2026_7_10_days","egipt","sharm-el-sheikh","c","2026-10-17","2026-10-24","8","7","Warszawa - Radom","2+1","egipt|sharm-el-sheikh|2026-10-17|2026-10-24|7|Warszawa - Radom|2+1"
"Pickalbatros Dana Beach Resort","10715.0","25.10.2026 - 01.11.2026","9 dni/7 nocy","4.4","4.4","2846","tripadvisor","Warszawa%20-%20Radom","2026-08-03T00:12:41.729447+00:00","https://fly.pl/oferta/egipt-wczasy/?filter[dest]=11:&filter[hotelids]=&filter[cityids]=&filter[cregids]=&filter[ofrType]=&filter[addObjType]=&filter[whenFrom]=10-10-2026&filter[whenTo]=05-11-2026&filter[duration]=7:10&filter[from]=Warszawa%20-%20Radom,Warszawa,Warszawa%20-%20Modlin&filter[person]=2&filter[child]=1&filter[price]=0:11000&filter[PriceFrom]=0&filter[PriceTo]=11000&filter[addCategory]=50&filter[addCatering]=1&filter[addMisc]=0&filter[addTransport]=F&filter[fp]=1&order_by=ofr_price&filter[tourOperator]=0&filter[childAge][1]=20201210","https://fly.pl/cdn/photo/assets/uploads/582/278/2014/10/Dana-Beach-Resort-fly-pl-1.jpg","https://fly.pl/wycieczka/egipt,hurghada,c/dana-beach/pfNF-65AzxlMFPfRhMysb4AAog4NY8q1DeZonSUq-aXeLkQ2sfmPE5MosFyu9Bpr8s0iIqBE9BU0kwiLq_0wZI21NQAVjHD2ACagNBSWxyIBwRyHarBOunELkEHRv5qw0Yw4ETAYjo85gCAgBjAQIMJjjuSw/ofertasv/?filter[tourOperator]=OASI&filter%5Bperson%5D=2&filter%5BchildAge%5D%5B1%5D=20201210&filter%5Bchild%5D=1","filter_egypt_autumn_2026_7_10_days","egipt","hurghada","c","2026-10-25","2026-11-01","9","7","Warszawa - Radom","2+1","egipt|hurghada|2026-10-25|2026-11-01|7|Warszawa - Radom|2+1"
"Jaz Elite Casa Del Mar Beach","10719.0","25.10.2026 - 01.11.2026","9 dni/7 nocy","5.0","5.0","655","tripadvisor","Warszawa%20-%20Radom","2026-08-03T00:12:41.729447+00:00","https://fly.pl/oferta/egipt-wczasy/?filter[dest]=11:&filter[hotelids]=&filter[cityids]=&filter[cregids]=&filter[ofrType]=&filter[addObjType]=&filter[whenFrom]=10-10-2026&filter[whenTo]=05-11-2026&filter[duration]=7:10&filter[from]=Warszawa%20-%20Radom,Warszawa,Warszawa%20-%20Modlin&filter[person]=2&filter[child]=1&filter[price]=0:11000&filter[PriceFrom]=0&filter[PriceTo]=11000&filter[addCategory]=50&filter[addCatering]=1&filter[addMisc]=0&filter[addTransport]=F&filter[fp]=1&order_by=ofr_price&filter[tourOperator]=0&filter[childAge][1]=20201210","https://fly.pl/cdn/photo/assets/uploads/582/278/2020/01/Jaz-Casa-Del-Mar-Beach.jpg","https://fly.pl/wycieczka/egipt,hurghada,c/jaz-casa-del-mar-beach-10/pyRUoznWBS1a_WIS5dHW1IAAogsxMqiQvV4e21VmAR5AAe8WsfmPE5MosFyu9Bpr8s0iIqBE9BU0kwiLq_0wZI31NQAVjHD2ACagNVQUlyIRwRuaoBqwT68w-5BB0b3ccOGOnnEQHGjIWZAgIAYwECC3UhjDo/ofertasv/?filter[tourOperator]=OASI&filter%5Bperson%5D=2&filter%5BchildAge%5D%5B1%5D=20201210&filter%5Bchild%5D=1","filter_egypt_autumn_2026_7_10_days","egipt","hurghada","c","2026-10-25","2026-11-01","9","7","Warszawa - Radom","2+1","egipt|hurghada|2026-10-25|2026-11-01|7|Warszawa - Radom|2+1"
"Palm Royale Soma Bay","10724.0","29.10.2026 - 05.11.2026","8 dni/7 nocy","4.7","4.7","7141","tripadvisor","Warszawa%20-%20Radom","2026-08-03T00:12:41.729447+00:00","https://fly.pl/oferta/egipt-wczasy/?filter[dest]=11:&filter[hotelids]=&filter[cityids]=&filter[cregids]=&filter[ofrType]=&filter[addObjType]=&filter[whenFrom]=10-10-2026&filter[whenTo]=05-11-2026&filter[duration]=7:10&filter[from]=Warszawa%20-%20Radom,Warszawa,Warszawa%20-%20Modlin&filter[person]=2&filter[child]=1&filter[price]=0:11000&filter[PriceFrom]=0&filter[PriceTo]=11000&filter[addCategory]=50&filter[addCatering]=1&filter[addMisc]=0&filter[addTransport]=F&filter[fp]=1&order_by=ofr_price&filter[tourOperator]=0&filter[childAge][1]=20201210","https://fly.pl/cdn/photo/assets/uploads/582/278/2014/09/Palm-Royale-Resort-Soma-Bay.jpg","https://fly.pl/wycieczka/egipt,hurghada,soma-bay/palm-royale-soma-bay/pjzHYFHoht4VlZ2tIIXqCGAAogFpUJElT_it3OF5WnnrZ1MxLqCxxQb8S86Hh0k4aD-ioqBE9SRVgwiLq_0wZI5FNQQVinEGACagZFQy4yLjFyNZsBFQcXAFwDWAVWAhEwQJoGXZsPTyRT0p0BUgBer09L7UNhAEzljDoguP2XCQ0AAhJjAQINOd6I4Q/ofertasv/?filter[tourOperator]=OREX&filter%5Bperson%5D=2&filter%5BchildAge%5D%5B1%5D=20201210&filter%5Bchild%5D=1","filter_egypt_autumn_2026_7_10_days","egipt","hurghada","soma-bay","2026-10-29","2026-11-05","8","7","Warszawa - Radom","2+1","egipt|hurghada|2026-10-29|2026-11-05|7|Warszawa - Radom|2+1"
"Maritim Jolie Ville Resort and Casino","10733.0","17.10.2026 - 24.10.2026","8 dni/7 nocy","4.6","4.6","3149","tripadvisor","Warszawa%20-%20Radom","2026-08-03T00:12:41.729447+00:00","https://fly.pl/oferta/egipt-wczasy/?filter[dest]=11:&filter[hotelids]=&filter[cityids]=&filter[cregids]=&filter[ofrType]=&filter[addObjType]=&filter[whenFrom]=10-10-2026&filter[whenTo]=05-11-2026&filter[duration]=7:10&filter[from]=Warszawa%20-%20Radom,Warszawa,Warszawa%20-%20Modlin&filter[person]=2&filter[child]=1&filter[price]=0:11000&filter[PriceFrom]=0&filter[PriceTo]=11000&filter[addCategory]=50&filter[addCatering]=1&filter[addMisc]=0&filter[addTransport]=F&filter[fp]=1&order_by=ofr_price&filter[tourOperator]=0&filter[childAge][1]=20201210","https://fly.pl/cdn/photo/assets/uploads/582/278/2014/10/Maritim-Jolie-Ville-Resort-Casino1.jpg","https://fly.pl/wycieczka/egipt,sharm-el-sheikh,c/maritim-jolie-ville-resort-and-casino/pY_1s64X77BmAbo9xG8rWwAAogse8Sm33Sztm1Dp0SXpJS7gAAAACahAQAt4QEAAcAEgAqBFdFWlkwiLq_0wZI7VNQQViHDmADaglFbnRlciBBaXJqBDA4MDByQp4BlQEfABwBAgAWBBcCEXAS_QIYhQUTzQEUyQRAknJMoKIBTwBLxyNQAB2Swg8gHRvBvn0NoYnFCAESYwEMYwECBXSP9vU/ofertasv/?filter[tourOperator]=WEZY&filter%5Bperson%5D=2&filter%5BchildAge%5D%5B1%5D=20201210&filter%5Bchild%5D=1","filter_egypt_autumn_2026_7_10_days","egipt","sharm-el-sheikh","c","2026-10-17","2026-10-24","8","7","Warszawa - Radom","2+1","egipt|sharm-el-sheikh|2026-10-17|2026-10-24|7|Warszawa - Radom|2+1"
"Sheraton Miramar Resort (El Gouna)","10743.0","25.10.2026 - 01.11.2026","9 dni/7 nocy","4.7","4.7","6266","tripadvisor","Warszawa%20-%20Radom","2026-08-03T00:12:41.729447+00:00","https://fly.pl/oferta/egipt-wczasy/?filter[dest]=11:&filter[hotelids]=&filter[cityids]=&filter[cregids]=&filter[ofrType]=&filter[addObjType]=&filter[whenFrom]=10-10-2026&filter[whenTo]=05-11-2026&filter[duration]=7:10&filter[from]=Warszawa%20-%20Radom,Warszawa,Warszawa%20-%20Modlin&filter[person]=2&filter[child]=1&filter[price]=0:11000&filter[PriceFrom]=0&filter[PriceTo]=11000&filter[addCategory]=50&filter[addCatering]=1&filter[addMisc]=0&filter[addTransport]=F&filter[fp]=1&order_by=ofr_price&filter[tourOperator]=0&filter[childAge][1]=20201210","https://fly.pl/cdn/photo/assets/uploads/582/278/2014/07/Sheraton-Miramar-El-Gouna-1.jpg","https://fly.pl/wycieczka/egipt,hurghada,el-gouna/sheraton-miramar-el-gouna/p4XFWj-yHqY5P38shc-n2rAAogweWTlQpDBjSkKWUf5N3mJmsfmPE5MosFyu9Bpr8s0iIqBE9BU0kwiLq_0wZI91NQAVjHD2ACagNBSStyIBwR3XarBNanELkEHRuVxg4Yt-8RAda6kJkCAgBjAQIMGCK4yQ/ofertasv/?filter[tourOperator]=OASI&filter%5Bperson%5D=2&filter%5BchildAge%5D%5B1%5D=20201210&filter%5Bchild%5D=1","filter_egypt_autumn_2026_7_10_days","egipt","hurghada","el-gouna","2026-10-25","2026-11-01","9","7","Warszawa - Radom","2+1","egipt|hurghada|2026-10-25|2026-11-01|7|Warszawa - Radom|2+1"
"Cardina Resort by Sunrise","10747.0","20.10.2026 - 27.10.2026","8 dni/7 nocy","4.0","4.0","1272","tripadvisor","Warszawa%20-%20Radom","2026-08-03T00:12:41.729447+00:00","https://fly.pl/oferta/egipt-wczasy/?filter[dest]=11:&filter[hotelids]=&filter[cityids]=&filter[cregids]=&filter[ofrType]=&filter[addObjType]=&filter[whenFrom]=10-10-2026&filter[whenTo]=05-11-2026&filter[duration]=7:10&filter[from]=Warszawa%20-%20Radom,Warszawa,Warszawa%20-%20Modlin&filter[person]=2&filter[child]=1&filter[price]=0:11000&filter[PriceFrom]=0&filter[PriceTo]=11000&filter[addCategory]=50&filter[addCatering]=1&filter[addMisc]=0&filter[addTransport]=F&filter[fp]=1&order_by=ofr_price&filter[tourOperator]=0&filter[childAge][1]=20201210","https://fly.pl/cdn/photo/assets/uploads/582/278/2016/11/Aurora-Oriental-Bay-Marsa-Alam.jpg","https://fly.pl/wycieczka/egipt,marsa-alam,c/aurora-oriental-bay-marsa-alam/pX9g7XNHZa6SGkjyk4KJYAAAog2pPopCOfI3D-_k0yQ65S9v-1FynTAWT4uzE9EfFBiS4qBEJWUFIwiLq_0wZI-1NQAVjPDmACag1BbGwgaW5jbHVzaXZlciAcEZtQG5XiBBio4wy5BKTwE6sEHAHSxIHCAQIAYwECC3uJeFs/ofertasv/?filter[tourOperator]=BVPR&filter%5Bperson%5D=2&filter%5BchildAge%5D%5B1%5D=20201210&filter%5Bchild%5D=1","filter_egypt_autumn_2026_7_10_days","egipt","marsa-alam","c","2026-10-20","2026-10-27","8","7","Warszawa - Radom","2+1","egipt|marsa-alam|2026-10-20|2026-10-27|7|Warszawa - Radom|2+1"
"Novotel Sharm Beach","10754.0","17.10.2026 - 24.10.2026","8 dni/7 nocy","4.6","4.6","5879","tripadvisor","Warszawa%20-%20Radom","2026-08-03T00:12:41.729447+00:00","https://fly.pl/oferta/egipt-wczasy/?filter[dest]=11:&filter[hotelids]=&filter[cityids]=&filter[cregids]=&filter[ofrType]=&filter[addObjType]=&filter[whenFrom]=10-10-2026&filter[whenTo]=05-11-2026&filter[duration]=7:10&filter[from]=Warszawa%20-%20Radom,Warszawa,Warszawa%20-%20Modlin&filter[person]=2&filter[child]=1&filter[price]=0:11000&filter[PriceFrom]=0&filter[PriceTo]=11000&filter[addCategory]=50&filter[addCatering]=1&filter[addMisc]=0&filter[addTransport]=F&filter[fp]=1&order_by=ofr_price&filter[tourOperator]=0&filter[childAge][1]=20201210","https://fly.pl/cdn/photo/assets/uploads/582/278/2014/07/Novotel-Sharm-Beach.jpg","https://fly.pl/wycieczka/egipt,sharm-el-sheikh,c/novotel-sharm-beach/p2A1QJb18rlOdi2dGZxtkjAAogzfEf5Knag72COAG9AvArUAAAAACahAQAt4QEAAcAEgAqBFdFWlkwiLq_0wZIglRQQViHDmADaglFbnRlciBBaXJqBDA4MDByQp4BlQEfABwBAgAWBBcCEXUS-AIYhQUTzQEUyQRAknJMoKIBTwBLxyNQABu-ggId1L8NIB0N4sfCCQESYwENYwECBpOfH1o/ofertasv/?filter[tourOperator]=WEZY&filter%5Bperson%5D=2&filter%5BchildAge%5D%5B1%5D=20201210&filter%5Bchild%5D=1","filter_egypt_autumn_2026_7_10_days","egipt","sharm-el-sheikh","c","2026-10-17","2026-10-24","8","7","Warszawa - Radom","2+1","egipt|sharm-el-sheikh|2026-10-17|2026-10-24|7|Warszawa - Radom|2+1"
"Stella Di Mare Beach & Spa","10827.0","13.10.2026 - 21.10.2026","9 dni/7 nocy","4.8","4.8","7431","tripadvisor","Warszawa%20-%20Radom","2026-08-03T00:12:41.729447+00:00","https://fly.pl/oferta/egipt-wczasy/?filter[dest]=11:&filter[hotelids]=&filter[cityids]=&filter[cregids]=&filter[ofrType]=&filter[addObjType]=&filter[whenFrom]=10-10-2026&filter[whenTo]=05-11-2026&filter[duration]=7:10&filter[from]=Warszawa%20-%20Radom,Warszawa,Warszawa%20-%20Modlin&filter[person]=2&filter[child]=1&filter[price]=0:11000&filter[PriceFrom]=0&filter[PriceTo]=11000&filter[addCategory]=50&filter[addCatering]=1&filter[addMisc]=0&filter[addTransport]=F&filter[fp]=1&order_by=ofr_price&filter[tourOperator]=0&filter[childAge][1]=20201210","https://fly.pl/cdn/photo/assets/uploads/582/278/2014/07/Stella-Di-Mare-Beach-sharm.jpg","https://fly.pl/wycieczka/egipt,sharm-el-sheikh,szarm-el-szejk/stella-di-mare-beach-spa/pV8KgxxdTtq-WcxdelIM67AAogtXjRNzgZWqTSXH7MMZC_5qwUq41U7_yqXq-xB6ZodycqBEVYSU0wiLq_0wZIy1RQAVinDWACag1BSSBbUHJlbWllcmVdciEcEae7BrkEmYU-qwQbG9-LMBiB-DYBuvSSlQkCAGMBAgwe-Ih2/ofertasv/?filter[tourOperator]=EXIM&filter%5Bperson%5D=2&filter%5BchildAge%5D%5B1%5D=20201210&filter%5Bchild%5D=1","filter_egypt_autumn_2026_7_10_days","egipt","sharm-el-sheikh","szarm-el-szejk","2026-10-13","2026-10-21","9","7","Warszawa - Radom","2+1","egipt|sharm-el-sheikh|2026-10-13|2026-10-21|7|Warszawa - Radom|2+1"
"Sunrise Diamond Beach Resort Grand Select","10887.0","13.10.2026 - 21.10.2026","9 dni/7 nocy","4.7","4.7","3427","tripadvisor","Warszawa%20-%20Radom","2026-08-03T00:12:41.729447+00:00","https://fly.pl/oferta/egipt-wczasy/?filter[dest]=11:&filter[hotelids]=&filter[cityids]=&filter[cregids]=&filter[ofrType]=&filter[addObjType]=&filter[whenFrom]=10-10-2026&filter[whenTo]=05-11-2026&filter[duration]=7:10&filter[from]=Warszawa%20-%20Radom,Warszawa,Warszawa%20-%20Modlin&filter[person]=2&filter[child]=1&filter[price]=0:11000&filter[PriceFrom]=0&filter[PriceTo]=11000&filter[addCategory]=50&filter[addCatering]=1&filter[addMisc]=0&filter[addTransport]=F&filter[fp]=1&order_by=ofr_price&filter[tourOperator]=0&filter[childAge][1]=20201210","https://fly.pl/cdn/photo/assets/uploads/582/278/2014/07/Sunrise-Diamond-Beach-Sharm.jpg","https://fly.pl/wycieczka/egipt,sharm-el-sheikh,szarm-el-szejk/sunrise-select-diamond-beach-resort/p71z03O1d9TPDfAO-M35SXAAogGEgIfUtX2rDF3juia5xphKwUq41U7_yqXq-xB6ZodycqBEVYSU0wiLq_0wZIh1VQAVinDWACagJBSXIhHBGAwAa5BMCAPqsEGxubwTgYpsc5AbOHzPMJAgBjAQILYkg6aw/ofertasv/?filter[tourOperator]=EXIM&filter%5Bperson%5D=2&filter%5BchildAge%5D%5B1%5D=20201210&filter%5Bchild%5D=1","filter_egypt_autumn_2026_7_10_days","egipt","sharm-el-sheikh","szarm-el-szejk","2026-10-13","2026-10-21","9","7","Warszawa - Radom","2+1","egipt|sharm-el-sheikh|2026-10-13|2026-10-21|7|Warszawa - Radom|2+1"
"Jaz Tamerina (ex. Jaz Oriental Club)","10969.0","16.10.2026 - 23.10.2026","8 dni/7 nocy","4.7","4.7","450","tripadvisor","Warszawa%20-%20Radom","2026-08-03T00:12:41.729447+00:00","https://fly.pl/oferta/egipt-wczasy/?filter[dest]=11:&filter[hotelids]=&filter[cityids]=&filter[cregids]=&filter[ofrType]=&filter[addObjType]=&filter[whenFrom]=10-10-2026&filter[whenTo]=05-11-2026&filter[duration]=7:10&filter[from]=Warszawa%20-%20Radom,Warszawa,Warszawa%20-%20Modlin&filter[person]=2&filter[child]=1&filter[price]=0:11000&filter[PriceFrom]=0&filter[PriceTo]=11000&filter[addCategory]=50&filter[addCatering]=1&filter[addMisc]=0&filter[addTransport]=F&filter[fp]=1&order_by=ofr_price&filter[tourOperator]=0&filter[childAge][1]=20201210","https://fly.pl/cdn/photo/assets/uploads/582/278/2024/07/jaz-tamerina-ex-jaz-oriental-club.jpg","https://fly.pl/wycieczka/egipt,dolny-egipt,marsa-matrouh/jaz-tamerina-ex-jaz-oriental-club-10/pymuFurOW10w2pOn7Ogl9vAAogd6KNErB4BDuxdFiYVEftMQAAAAAkmAQA364FAAcAHQAqBFdFWlkwiLq_0wZI2VVQQVjvDWADaglFbnRlciBBaXJqBDA2NDByQ54BkwEfAAIBHAAWBBcCEu0DFIoFFTcYwAJArHVMxgVPABHykwFLryxQABvYch3E9g4gu60EDbnzvQkBEmMBDGMBAws92J8F/ofertasv/?filter[tourOperator]=WEZY&filter%5Bperson%5D=2&filter%5BchildAge%5D%5B1%5D=20201210&filter%5Bchild%5D=1","filter_egypt_autumn_2026_7_10_days","egipt","dolny-egipt","marsa-matrouh","2026-10-16","2026-10-23","8","7","Warszawa - Radom","2+1","egipt|dolny-egipt|2026-10-16|2026-10-23|7|Warszawa - Radom|2+1"
