"hotel_name","price","dates","duration","duration_bucket","rating","ta_rating","ta_review_count","ta_source","departure_airport","scraped_at","url","image_url","offer_url"
"Park Inn (Sharm El Sheikh) Egipt, Sharm El Sheikh","5580.0","29.10.2026 - 05.11.2026","8 dni/7 nocy","","4.3","4.3","6969","tripadvisor","Все аэропорты","2026-08-22T16:58:15.973379+00:00","https://fly.pl/oferta/egipt-wczasy/?filter[dest]=11:&filter[hotelids]=&filter[cityids]=&filter[cregids]=&filter[ofrType]=&filter[addObjType]=&filter[whenFrom]=10-10-2026&filter[whenTo]=05-11-2026&filter[duration]=7:10&filter[from]=&filter[person]=2&filter[child]=1&filter[price]=0:11000&filter[PriceFrom]=0&filter[PriceTo]=11000&filter[addCategory]=50&filter[addCatering]=1&filter[addMisc]=0&filter[addTransport]=F&filter[fp]=1&order_by=ofr_price&filter[tourOperator]=0&filter[childAge][1]=20201210","https://fly.pl/cdn/photo/assets/uploads/582/278/2016/11/Park-Inn-Sharm-El-Sheikh.jpg","https://fly.pl/wycieczka/egipt,sharm-el-sheikh,c/park-inn-sharm-el-sheikh/p6napVaO_MheNi8oVbGK1fAAogmbUCkMeFSSGaAgKhYuaeBBstrgoMttrZgZAvN8rfQ44qBEtPTVQwqKqn1AZIzCtQAVjPDGACagJBSXIfHBH6GrkE7uIBqwQDGIavBBvX9iMB4fzyHgIAYwECBpo5aGQ/ofertasv/?filter[tourOperator]=KOMT&filter%5Bperson%5D=2&filter%5BchildAge%5D%5B1%5D=20201210&filter%5Bchild%5D=1"
"Parrotel Lagoon Resort Egipt, Sharm El Sheikh, Szarm el-Szejk","6360.0","29.10.2026 - 05.11.2026","8 dni/7 nocy","","4.1","4.1","1812","tripadvisor","Все аэропорты","2026-08-22T16:58:15.973379+00:00","https://fly.pl/oferta/egipt-wczasy/?filter[dest]=11:&filter[hotelids]=&filter[cityids]=&filter[cregids]=&filter[ofrType]=&filter[addObjType]=&filter[whenFrom]=10-10-2026&filter[whenTo]=05-11-2026&filter[duration]=7:10&filter[from]=&filter[person]=2&filter[child]=1&filter[price]=0:11000&filter[PriceFrom]=0&filter[PriceTo]=11000&filter[addCategory]=50&filter[addCatering]=1&filter[addMisc]=0&filter[addTransport]=F&filter[fp]=1&order_by=ofr_price&filter[tourOperator]=0&filter[childAge][1]=20201210","https://fly.pl/cdn/photo/assets/uploads/582/278/2020/10/Parrotel-Lagoon-Resort.jpg","https://fly.pl/wycieczka/egipt,sharm-el-sheikh,szarm-el-szejk/parrotel-lagoon-resort-14/pUZZ8OD5jEa93M2lKIQJGiAAogq5N1pXU19fhUXdDX8quW5RstrgoMttrZgZAvN8rfQ44qBEtPTVQwqKqn1AZI2DFQAVjPDGACagJBSXIfHBH8GrkE7OIBqwQDGK-vBBu59iMBoJ3zHgIAYwECBm6C30o/ofertasv/?filter[tourOperator]=KOMT&filter%5Bperson%5D=2&filter%5BchildAge%5D%5B1%5D=20201210&filter%5Bchild%5D=1"
"Regency Plaza Aqua Park Spa Egipt, Sharm El Sheikh, Szarm el-Szejk","6650.0","27.10.2026 - 03.11.2026","8 dni/7 nocy","","4.1","4.1","6141","tripadvisor","Все аэропорты","2026-08-22T16:58:15.973379+00:00","https://fly.pl/oferta/egipt-wczasy/?filter[dest]=11:&filter[hotelids]=&filter[cityids]=&filter[cregids]=&filter[ofrType]=&filter[addObjType]=&filter[whenFrom]=10-10-2026&filter[whenTo]=05-11-2026&filter[duration]=7:10&filter[from]=&filter[person]=2&filter[child]=1&filter[price]=0:11000&filter[PriceFrom]=0&filter[PriceTo]=11000&filter[addCategory]=50&filter[addCatering]=1&filter[addMisc]=0&filter[addTransport]=F&filter[fp]=1&order_by=ofr_price&filter[tourOperator]=0&filter[childAge][1]=20201210","https://fly.pl/cdn/photo/assets/uploads/582/278/2014/07/Regency-Plaza-Aqua-Park-Spa-fly-pl.jpg","https://fly.pl/wycieczka/egipt,sharm-el-sheikh,szarm-el-szejk/regency-plaza/pXXQG8YPF7LmLjUTKkty_nAAogDHWEpNwDyRyvdeqk0TLGJ-bol38sl8b5T0sIVl56LHYqBEtPTVQwqKqn1AZI-jNQAVifDGACagJBSXIfHBGAG7kE0OIBqwQZGPaYBBvOjSQBnZrIHgIAYwECBgYxMeE/ofertasv/?filter[tourOperator]=KOMT&filter%5Bperson%5D=2&filter%5BchildAge%5D%5B1%5D=20201210&filter%5Bchild%5D=1"
"Royal Lagoons Aqua (ex. Premium Blue) Egipt, Hurghada","6680.0","22.10.2026 - 29.10.2026","8 dni/7 nocy","","4.2","4.2","4300","tripadvisor","Все аэропорты","2026-08-22T16:58:15.973379+00:00","https://fly.pl/oferta/egipt-wczasy/?filter[dest]=11:&filter[hotelids]=&filter[cityids]=&filter[cregids]=&filter[ofrType]=&filter[addObjType]=&filter[whenFrom]=10-10-2026&filter[whenTo]=05-11-2026&filter[duration]=7:10&filter[from]=&filter[person]=2&filter[child]=1&filter[price]=0:11000&filter[PriceFrom]=0&filter[PriceTo]=11000&filter[addCategory]=50&filter[addCatering]=1&filter[addMisc]=0&filter[addTransport]=F&filter[fp]=1&order_by=ofr_price&filter[tourOperator]=0&filter[childAge][1]=20201210","https://fly.pl/cdn/photo/assets/uploads/582/278/2014/10/Royal-Lagoons-Aqua.jpg","https://fly.pl/wycieczka/egipt,hurghada,c/premium-blue-lagoon-ex-pyramisa-blue-lagoon/pDgmUWXh8jTHzn3Ad7D0n3AAogpe-HhmiACix2IKh33cgMb2c0l9WUSfuZFEY6aws2KoAqBEpPSVAwqKqn1AZImDRQQVinC2ACagNDR21yQZsBFAEVBRcBXANYBVYCT7kGXQBAEVKRrQFTAF6vTxGHMkvCFmEATImIOg2x_ZcJIAEBtr_w59SGzKAwAg5jAQANAiCqUQ/ofertasv/?filter[tourOperator]=JOIP&filter%5Bperson%5D=2&filter%5BchildAge%5D%5B1%5D=20201210&filter%5Bchild%5D=1"
"Jaz Grand Marsa (ex Resta Grand Resort) Egipt, Marsa Alam, Madinat Coraya","6817.0","28.10.2026 - 04.11.2026","8 dni/7 nocy","","4.6","4.6","6419","tripadvisor","Все аэропорты","2026-08-22T16:58:15.973379+00:00","https://fly.pl/oferta/egipt-wczasy/?filter[dest]=11:&filter[hotelids]=&filter[cityids]=&filter[cregids]=&filter[ofrType]=&filter[addObjType]=&filter[whenFrom]=10-10-2026&filter[whenTo]=05-11-2026&filter[duration]=7:10&filter[from]=&filter[person]=2&filter[child]=1&filter[price]=0:11000&filter[PriceFrom]=0&filter[PriceTo]=11000&filter[addCategory]=50&filter[addCatering]=1&filter[addMisc]=0&filter[addTransport]=F&filter[fp]=1&order_by=ofr_price&filter[tourOperator]=0&filter[childAge][1]=20201210","https://fly.pl/cdn/photo/assets/uploads/582/278/2014/09/grand.jpg","https://fly.pl/wycieczka/egipt,marsa-alam,madinat-coraya/resta-grand-resort/pwybbfufiFr05cdMnUC3rhAAogQx-JeXyQ2zlo6wODMKnF1hMX033-gYOoV0TNZ_GKOrIqBEVYSU0wqKqn1AZIoTVQAVi3DGACagJBSXIhHBG-2Qa5BKLTS6sEPhuq5DUY0e9VAZfA5csNAgBjAQIMtqfisw/ofertasv/?filter[tourOperator]=EXIM&filter%5Bperson%5D=2&filter%5BchildAge%5D%5B1%5D=20201210&filter%5Bchild%5D=1"
"Xperience Kiroseiz Premier Egipt, Sharm El Sheikh","6873.0","27.10.2026 - 03.11.2026","8 dni/7 nocy","","4.5","4.5","972","tripadvisor","Все аэропорты","2026-08-22T16:58:15.973379+00:00","https://fly.pl/oferta/egipt-wczasy/?filter[dest]=11:&filter[hotelids]=&filter[cityids]=&filter[cregids]=&filter[ofrType]=&filter[addObjType]=&filter[whenFrom]=10-10-2026&filter[whenTo]=05-11-2026&filter[duration]=7:10&filter[from]=&filter[person]=2&filter[child]=1&filter[price]=0:11000&filter[PriceFrom]=0&filter[PriceTo]=11000&filter[addCategory]=50&filter[addCatering]=1&filter[addMisc]=0&filter[addTransport]=F&filter[fp]=1&order_by=ofr_price&filter[tourOperator]=0&filter[childAge][1]=20201210","https://fly.pl/cdn/photo/assets/uploads/582/278/2015/11/Xperience-Kiroseiz-Premier-fly-pl-3.jpg","https://fly.pl/wycieczka/egipt,sharm-el-sheikh,c/xperience-kiroseiz-premier/p8pFJFYSSSJx9N4h1a-I2yAAogcodN3Ly34wL6l42kRilrG5gpXVUQjygZk0IwIA3_YjEqBE9BU0kwqKqn1AZI2TVQAVifDGACagNBSWxyIRwR-a8BuQTL9g-rBAIb7sgMGJ2AFAGelOuZAgIAYwECCz0nnEI/ofertasv/?filter[tourOperator]=OASI&filter%5Bperson%5D=2&filter%5BchildAge%5D%5B1%5D=20201210&filter%5Bchild%5D=1"
"Albatros Sea World Resort Marsa Alam Egipt, Marsa Alam, Al-Kusajr","6877.0","29.10.2026 - 05.11.2026","8 dni/7 nocy","","5.0","5.0","487","tripadvisor","Все аэропорты","2026-08-22T16:58:15.973379+00:00","https://fly.pl/oferta/egipt-wczasy/?filter[dest]=11:&filter[hotelids]=&filter[cityids]=&filter[cregids]=&filter[ofrType]=&filter[addObjType]=&filter[whenFrom]=10-10-2026&filter[whenTo]=05-11-2026&filter[duration]=7:10&filter[from]=&filter[person]=2&filter[child]=1&filter[price]=0:11000&filter[PriceFrom]=0&filter[PriceTo]=11000&filter[addCategory]=50&filter[addCatering]=1&filter[addMisc]=0&filter[addTransport]=F&filter[fp]=1&order_by=ofr_price&filter[tourOperator]=0&filter[childAge][1]=20201210","https://fly.pl/cdn/photo/assets/uploads/582/278/2017/08/ALBATROS-SEA-WORLD.jpg","https://fly.pl/wycieczka/egipt,marsa-alam,al-kusajr/sea-world-resort-marsa-alam/pGwRKux1HDRVGzinrb1QuAAAogQryS__npGWYxqVzA1MmT1DKdxs8NDMjTRuzG1nHTIV4qBEVYSU0wqKqn1AZI3TVQAVjPDGACagJBSXIhHBHU_wa5BOerS6sEaxumsEAY8u1HAc761qwNAhJjAQIMgtQp2w/ofertasv/?filter[tourOperator]=EXIM&filter%5Bperson%5D=2&filter%5BchildAge%5D%5B1%5D=20201210&filter%5Bchild%5D=1"
"Parrotel Beach Resort (ex. Radisson Blu) Egipt, Sharm El Sheikh","6893.0","29.10.2026 - 05.11.2026","8 dni/7 nocy","","4.4","4.4","6962","tripadvisor","Все аэропорты","2026-08-22T16:58:15.973379+00:00","https://fly.pl/oferta/egipt-wczasy/?filter[dest]=11:&filter[hotelids]=&filter[cityids]=&filter[cregids]=&filter[ofrType]=&filter[addObjType]=&filter[whenFrom]=10-10-2026&filter[whenTo]=05-11-2026&filter[duration]=7:10&filter[from]=&filter[person]=2&filter[child]=1&filter[price]=0:11000&filter[PriceFrom]=0&filter[PriceTo]=11000&filter[addCategory]=50&filter[addCatering]=1&filter[addMisc]=0&filter[addTransport]=F&filter[fp]=1&order_by=ofr_price&filter[tourOperator]=0&filter[childAge][1]=20201210","https://fly.pl/cdn/photo/assets/uploads/582/278/2014/07/Parrotel-Beach-Resort.jpg","https://fly.pl/wycieczka/egipt,sharm-el-sheikh,c/radisson-blu-resort-sharm-el-sheikh/p0sY0uiSgr1Ux63wnhcv4-AAogg0IsnDCc-gCPTompMlCMIhstrgoMttrZgZAvN8rfQ44qBEtPTVQwqKqn1AZI7TVQAVjPDGACagJBSXIfHBH7GrkE7eIBqwQDGI6aBBuikSQBiM3JHgIAYwECBoaC0EM/ofertasv/?filter[tourOperator]=KOMT&filter%5Bperson%5D=2&filter%5BchildAge%5D%5B1%5D=20201210&filter%5Bchild%5D=1"
"AMC Royal Hotel & Spa (ex. AMC Azur Resort) Egipt, Hurghada","7011.0","15.10.2026 - 22.10.2026","8 dni/7 nocy","","4.4","4.4","3043","tripadvisor","Все аэропорты","2026-08-22T16:58:15.973379+00:00","https://fly.pl/oferta/egipt-wczasy/?filter[dest]=11:&filter[hotelids]=&filter[cityids]=&filter[cregids]=&filter[ofrType]=&filter[addObjType]=&filter[whenFrom]=10-10-2026&filter[whenTo]=05-11-2026&filter[duration]=7:10&filter[from]=&filter[person]=2&filter[child]=1&filter[price]=0:11000&filter[PriceFrom]=0&filter[PriceTo]=11000&filter[addCategory]=50&filter[addCatering]=1&filter[addMisc]=0&filter[addTransport]=F&filter[fp]=1&order_by=ofr_price&filter[tourOperator]=0&filter[childAge][1]=20201210","https://fly.pl/cdn/photo/assets/uploads/582/278/2014/07/AMC-Royal-Resort.jpg","https://fly.pl/wycieczka/egipt,hurghada,c/amc-royal-ex-amc-azur-resort/pVk_DyjDNQF005T6MURZyoAAogEeD8sdM0_6YSeso2VpnVR04omdzNphRQmZcQm_QCUd8qBE9SRVgwqKqn1AZI4zZQQVj_CWACagVFLjIuMXI1mwEVBxcAXANYBVYCEQRAxgZd0w5PbFPSnQFSAF6vT0uBEmEATNG-OiCq_ZcJDQACEmMBAgxrdjO2/ofertasv/?filter[tourOperator]=OREX&filter%5Bperson%5D=2&filter%5BchildAge%5D%5B1%5D=20201210&filter%5Bchild%5D=1"
"Amarina Queen Resort Egipt, Marsa Alam","7056.0","17.10.2026 - 24.10.2026","8 dni/7 nocy","","4.7","4.7","1144","tripadvisor","Все аэропорты","2026-08-22T16:58:15.973379+00:00","https://fly.pl/oferta/egipt-wczasy/?filter[dest]=11:&filter[hotelids]=&filter[cityids]=&filter[cregids]=&filter[ofrType]=&filter[addObjType]=&filter[whenFrom]=10-10-2026&filter[whenTo]=05-11-2026&filter[duration]=7:10&filter[from]=&filter[person]=2&filter[child]=1&filter[price]=0:11000&filter[PriceFrom]=0&filter[PriceTo]=11000&filter[addCategory]=50&filter[addCatering]=1&filter[addMisc]=0&filter[addTransport]=F&filter[fp]=1&order_by=ofr_price&filter[tourOperator]=0&filter[childAge][1]=20201210","https://fly.pl/cdn/photo/assets/uploads/582/278/2024/07/amarina-queen-resort.jpg","https://fly.pl/wycieczka/egipt,marsa-alam,c/amarina-queen-resort-12/pYhqC3RWFZBmQJhewIEacyAAoguGpm1udahtSKGC-ZJV5132ECgtijhDrT6bu4Y7o874kqBE9SRVgwqKqn1AZIkDdQQVivCmACagZESS4yLjFyNpsBFQcXAFwDWAVWAkDKBhGAFF2DEE8kXpnYAVO8FFIAS7EvYQBM5Yw6IKz9lwkNAAISYwECDI23Fpk/ofertasv/?filter[tourOperator]=OREX&filter%5Bperson%5D=2&filter%5BchildAge%5D%5B1%5D=20201210&filter%5Bchild%5D=1"
"Xperience Kiroseiz Parkland Egipt, Sharm El Sheikh","7111.0","27.10.2026 - 03.11.2026","8 dni/7 nocy","","4.5","4.5","3121","tripadvisor","Все аэропорты","2026-08-22T16:58:15.973379+00:00","https://fly.pl/oferta/egipt-wczasy/?filter[dest]=11:&filter[hotelids]=&filter[cityids]=&filter[cregids]=&filter[ofrType]=&filter[addObjType]=&filter[whenFrom]=10-10-2026&filter[whenTo]=05-11-2026&filter[duration]=7:10&filter[from]=&filter[person]=2&filter[child]=1&filter[price]=0:11000&filter[PriceFrom]=0&filter[PriceTo]=11000&filter[addCategory]=50&filter[addCatering]=1&filter[addMisc]=0&filter[addTransport]=F&filter[fp]=1&order_by=ofr_price&filter[tourOperator]=0&filter[childAge][1]=20201210","https://fly.pl/cdn/photo/assets/uploads/582/278/2014/06/Xperience-Kiroseiz-Parkland-fly-pl.jpg","https://fly.pl/wycieczka/egipt,sharm-el-sheikh,c/xperience-kiroseiz-parkland/psaCAuCkLH5t6wGf0QntS8AAogeBvCMuMAyuD3nqaBS7gayJgpXVUQjygZk0IwIA3_YjEqBE9BU0kwqKqn1AZIxzdQAVifDGACagNBSWxyIRwR9a8BuQTP9g-rBAIbrsgMGNCAFAGdwe-ZAgIAYwECC-qA6sU/ofertasv/?filter[tourOperator]=OASI&filter%5Bperson%5D=2&filter%5BchildAge%5D%5B1%5D=20201210&filter%5Bchild%5D=1"
"Amwaj Oyoun Resort & Spa (ex AA Amwaj Resort) Egipt, Sharm El Sheikh","7143.0","29.10.2026 - 05.11.2026","8 dni/7 nocy","","4.0","4.0","5324","tripadvisor","Все аэропорты","2026-08-22T16:58:15.973379+00:00","https://fly.pl/oferta/egipt-wczasy/?filter[dest]=11:&filter[hotelids]=&filter[cityids]=&filter[cregids]=&filter[ofrType]=&filter[addObjType]=&filter[whenFrom]=10-10-2026&filter[whenTo]=05-11-2026&filter[duration]=7:10&filter[from]=&filter[person]=2&filter[child]=1&filter[price]=0:11000&filter[PriceFrom]=0&filter[PriceTo]=11000&filter[addCategory]=50&filter[addCatering]=1&filter[addMisc]=0&filter[addTransport]=F&filter[fp]=1&order_by=ofr_price&filter[tourOperator]=0&filter[childAge][1]=20201210","https://fly.pl/cdn/photo/assets/uploads/582/278/2014/07/Amwaj-Oyoun-Resort-Spa-ex-AA-Amwaj-Resort-fly-pl.jpg","https://fly.pl/wycieczka/egipt,sharm-el-sheikh,c/amwaj-oyoun-resort-ex-aa-amwaj-resort/pW9AjK8m1sqjSXLqgJf8GrAAogS4P4SC0jZ9OJOXwJVJcmeRstrgoMttrZgZAvN8rfQ44qBEtPTVQwqKqn1AZI5zdQAVjPDGACagJBSXIfHBG0G7kEtOIBqwQDGI2lBBufqyQB-rrWHgIAYwECBT_e9s8/ofertasv/?filter[tourOperator]=KOMT&filter%5Bperson%5D=2&filter%5BchildAge%5D%5B1%5D=20201210&filter%5Bchild%5D=1"
"Rewaya Majestic Resort Egipt, Hurghada","7145.0","25.10.2026 - 01.11.2026","8 dni/7 nocy","","","","","","Все аэропорты","2026-08-22T16:58:15.973379+00:00","https://fly.pl/oferta/egipt-wczasy/?filter[dest]=11:&filter[hotelids]=&filter[cityids]=&filter[cregids]=&filter[ofrType]=&filter[addObjType]=&filter[whenFrom]=10-10-2026&filter[whenTo]=05-11-2026&filter[duration]=7:10&filter[from]=&filter[person]=2&filter[child]=1&filter[price]=0:11000&filter[PriceFrom]=0&filter[PriceTo]=11000&filter[addCategory]=50&filter[addCatering]=1&filter[addMisc]=0&filter[addTransport]=F&filter[fp]=1&order_by=ofr_price&filter[tourOperator]=0&filter[childAge][1]=20201210","https://datacfstatic.merlinx.pl/OASI/IMG/24140/e3a15b238b2d30f27199dd0e48d3c85c0bc5e06a1c321d66bdb885dd7a89e111.webp","https://fly.pl/wycieczka/egipt,hurghada,c/rewaya-majestic-resort-10/pIMHCE6yM5w5dV2HmBntQOAAogRb2h3qvx8Co9yRy3uF6rimsfmPE5MosFyu9Bpr8s0iIqBE9BU0kwqKqn1AZI6TdQAVjvC2ACagNVQUlyIRwRzLwBqwTn4Q-5BB0bu88MGMPkEwGg5ICZAgIAYwECDWb7SjA/ofertasv/?filter[tourOperator]=OASI&filter%5Bperson%5D=2&filter%5BchildAge%5D%5B1%5D=20201210&filter%5Bchild%5D=1"
"Xperience Sea Breeze Egipt, Sharm El Sheikh","7339.0","27.10.2026 - 03.11.2026","8 dni/7 nocy","","4.7","4.7","11506","tripadvisor","Все аэропорты","2026-08-22T16:58:15.973379+00:00","https://fly.pl/oferta/egipt-wczasy/?filter[dest]=11:&filter[hotelids]=&filter[cityids]=&filter[cregids]=&filter[ofrType]=&filter[addObjType]=&filter[whenFrom]=10-10-2026&filter[whenTo]=05-11-2026&filter[duration]=7:10&filter[from]=&filter[person]=2&filter[child]=1&filter[price]=0:11000&filter[PriceFrom]=0&filter[PriceTo]=11000&filter[addCategory]=50&filter[addCatering]=1&filter[addMisc]=0&filter[addTransport]=F&filter[fp]=1&order_by=ofr_price&filter[tourOperator]=0&filter[childAge][1]=20201210","https://fly.pl/cdn/photo/assets/uploads/582/278/2014/07/XPERIENCE-SEA-BREEZE-RESORT.jpg","https://fly.pl/wycieczka/egipt,sharm-el-sheikh,c/xperience-sea-breeze/pHMHklWkrTcuob0ZOgULxPAAogS8gEpnOhJE5lbgc2xxeKUJgpXVUQjygZk0IwIA3_YjEqBE9BU0kwqKqn1AZIqzlQAVifDGACagNBSWxyIRwRgrABuQTC9g-rBAIbjcgMGJSBFAGH-OaZAgIAYwECC0tNKTM/ofertasv/?filter[tourOperator]=OASI&filter%5Bperson%5D=2&filter%5BchildAge%5D%5B1%5D=20201210&filter%5Bchild%5D=1"
"Royal Regency Club Egipt, Sharm El Sheikh, Szarm el-Szejk","7370.0","29.10.2026 - 05.11.2026","8 dni/7 nocy","","4.3","4.3","331","tripadvisor","Все аэропорты","2026-08-22T16:58:15.973379+00:00","https://fly.pl/oferta/egipt-wczasy/?filter[dest]=11:&filter[hotelids]=&filter[cityids]=&filter[cregids]=&filter[ofrType]=&filter[addObjType]=&filter[whenFrom]=10-10-2026&filter[whenTo]=05-11-2026&filter[duration]=7:10&filter[from]=&filter[person]=2&filter[child]=1&filter[price]=0:11000&filter[PriceFrom]=0&filter[PriceTo]=11000&filter[addCategory]=50&filter[addCatering]=1&filter[addMisc]=0&filter[addTransport]=F&filter[fp]=1&order_by=ofr_price&filter[tourOperator]=0&filter[childAge][1]=20201210","https://fly.pl/cdn/photo/assets/uploads/582/278/2024/07/royal-regency-club.jpg","https://fly.pl/wycieczka/egipt,sharm-el-sheikh,szarm-el-szejk/royal-regency-club/pR8JnuUJ6zRPGcMWuZfsRtAAogQC2rfTkrIp3sYS9Mm2IlLhstrgoMttrZgZAvN8rfQ44qBEtPTVQwqKqn1AZIyjlQAVjPDGACagJVQXIfHBGCG7kE5uIBqwQDGMGYBBugjiQB9efHHgIAYwECBiY069s/ofertasv/?filter[tourOperator]=KOMT&filter%5Bperson%5D=2&filter%5BchildAge%5D%5B1%5D=20201210&filter%5Bchild%5D=1"
"Dream Lagoon & Aqua Park Resort (ex. Floriana Dream Lagoon) Egipt, Marsa Alam","7421.0","17.10.2026 - 24.10.2026","8 dni/7 nocy","","4.3","4.3","5640","tripadvisor","Все аэропорты","2026-08-22T16:58:15.973379+00:00","https://fly.pl/oferta/egipt-wczasy/?filter[dest]=11:&filter[hotelids]=&filter[cityids]=&filter[cregids]=&filter[ofrType]=&filter[addObjType]=&filter[whenFrom]=10-10-2026&filter[whenTo]=05-11-2026&filter[duration]=7:10&filter[from]=&filter[person]=2&filter[child]=1&filter[price]=0:11000&filter[PriceFrom]=0&filter[PriceTo]=11000&filter[addCategory]=50&filter[addCatering]=1&filter[addMisc]=0&filter[addTransport]=F&filter[fp]=1&order_by=ofr_price&filter[tourOperator]=0&filter[childAge][1]=20201210","https://fly.pl/cdn/photo/assets/uploads/582/278/2015/11/Future-Dream-Lagoon-ex.-Floriana-Dream-Lagoon-fly-pl.jpg","https://fly.pl/wycieczka/egipt,marsa-alam,c/floriana-dream-lagoon/pCMBMYhRuaYczPT6T71ciXAAogCBBrYiyNM3YbPxv6UmQ9NGECgtijhDrT6bu4Y7o874kqBE9SRVgwqKqn1AZI_TlQQVivCmACagYwWi4yLjFyNpsBFQcXAFwDWAVWAkDKBhHfDl2kFU8kXpnYAVO8FFIAS7EvYQBM5Yw6IKz9lwkNAAISYwECDWQRaSk/ofertasv/?filter[tourOperator]=OREX&filter%5Bperson%5D=2&filter%5BchildAge%5D%5B1%5D=20201210&filter%5Bchild%5D=1"
"Hawaii Paradise Aqua Park Resort Egipt, Hurghada","7432.0","21.10.2026 - 28.10.2026","8 dni/7 nocy","","3.4","3.4","441","tripadvisor","Все аэропорты","2026-08-22T16:58:15.973379+00:00","https://fly.pl/oferta/egipt-wczasy/?filter[dest]=11:&filter[hotelids]=&filter[cityids]=&filter[cregids]=&filter[ofrType]=&filter[addObjType]=&filter[whenFrom]=10-10-2026&filter[whenTo]=05-11-2026&filter[duration]=7:10&filter[from]=&filter[person]=2&filter[child]=1&filter[price]=0:11000&filter[PriceFrom]=0&filter[PriceTo]=11000&filter[addCategory]=50&filter[addCatering]=1&filter[addMisc]=0&filter[addTransport]=F&filter[fp]=1&order_by=ofr_price&filter[tourOperator]=0&filter[childAge][1]=20201210","https://fly.pl/cdn/photo/assets/uploads/582/278/2020/09/Hawaii-Paradise-Aqua-Park-Resort.jpg","https://fly.pl/wycieczka/egipt,hurghada,c/hawaii-paradise-aqua-park-resort-14/pMXHcKnhwwwobk-w6lkVrSAAogUUH-4BoGB7c6_W7xMZOlem3ofoL-v4oDRaCPaKJzqGAqBEpPSVAwqKqn1AZIiDpQQViPC2ACagNDR21yQ5sBFAEVBhcAXANYBVYCQMoGT-IBXQBSr6sBUwBLiB9hAF6nMBGxzwFMoYE5DbD9lwkgAAGWn-Sw44bMoDACDmMBAA0Swl9e/ofertasv/?filter[tourOperator]=JOIP&filter%5Bperson%5D=2&filter%5BchildAge%5D%5B1%5D=20201210&filter%5Bchild%5D=1"
"Sea Star Beau Rivage Egipt, Hurghada","7442.0","15.10.2026 - 22.10.2026","8 dni/7 nocy","","4.5","4.5","4255","tripadvisor","Все аэропорты","2026-08-22T16:58:15.973379+00:00","https://fly.pl/oferta/egipt-wczasy/?filter[dest]=11:&filter[hotelids]=&filter[cityids]=&filter[cregids]=&filter[ofrType]=&filter[addObjType]=&filter[whenFrom]=10-10-2026&filter[whenTo]=05-11-2026&filter[duration]=7:10&filter[from]=&filter[person]=2&filter[child]=1&filter[price]=0:11000&filter[PriceFrom]=0&filter[PriceTo]=11000&filter[addCategory]=50&filter[addCatering]=1&filter[addMisc]=0&filter[addTransport]=F&filter[fp]=1&order_by=ofr_price&filter[tourOperator]=0&filter[childAge][1]=20201210","https://fly.pl/cdn/photo/assets/uploads/582/278/2014/07/Sea-Star-Beau-Rivage-fly-pl.jpg","https://fly.pl/wycieczka/egipt,hurghada,c/sea-star-beau-rivage/phEVKascUNtqI4SP4bVXUrAAogWzllsSxKLApvPTl2cC_E_YowmybtAo33YM8DbfcrfOgqBEpPSVAwqKqn1AZIkjpQQVj_CWACagMwZmRyQZsBFAEVBRcBXANYBVYCT7kGXQBAEVKRrQFTABHHGl7oNEvJSGEATImIOg2q_ZcJIAEBoMfsr9WGzKAwAg1jAQAMsIRNhg/ofertasv/?filter[tourOperator]=JOIP&filter%5Bperson%5D=2&filter%5BchildAge%5D%5B1%5D=20201210&filter%5Bchild%5D=1"
"Pickalbatros Villaggio Resort Portofino Egipt, Marsa Alam","7517.0","26.10.2026 - 03.11.2026","9 dni/8 nocy","","4.9","4.9","1586","tripadvisor","Все аэропорты","2026-08-22T16:58:15.973379+00:00","https://fly.pl/oferta/egipt-wczasy/?filter[dest]=11:&filter[hotelids]=&filter[cityids]=&filter[cregids]=&filter[ofrType]=&filter[addObjType]=&filter[whenFrom]=10-10-2026&filter[whenTo]=05-11-2026&filter[duration]=7:10&filter[from]=&filter[person]=2&filter[child]=1&filter[price]=0:11000&filter[PriceFrom]=0&filter[PriceTo]=11000&filter[addCategory]=50&filter[addCatering]=1&filter[addMisc]=0&filter[addTransport]=F&filter[fp]=1&order_by=ofr_price&filter[tourOperator]=0&filter[childAge][1]=20201210","https://fly.pl/cdn/photo/assets/uploads/582/278/2024/07/pickalbatros-villaggio-resort-portofino.jpg","https://fly.pl/wycieczka/egipt,marsa-alam,c/pickalbatros-villaggio-resort-portofino-15/pl8qIxCK6FeCzah2v0fkDPAAogPqp0oEIiHDWiouDWm2Y46ppylmMq0-lGGv72wXgSq-8qBEVYSU0wqKqn1AZI3TpQAViHDGACagJBSXIiHBHP_ga5BLGsS6sEgAEb-IQ8GJiZTwGHjP_GDQIAYwECDIfes5Y/ofertasv/?filter[tourOperator]=EXIM&filter%5Bperson%5D=2&filter%5BchildAge%5D%5B1%5D=20201210&filter%5Bchild%5D=1"
"Bellagio Beach Resort & Spa (ex. Panorama Bungalows Hurghada) Egipt, Hurghada","7618.0","21.10.2026 - 28.10.2026","8 dni/7 nocy","","4.3","4.3","4451","tripadvisor","Все аэропорты","2026-08-22T16:58:15.973379+00:00","https://fly.pl/oferta/egipt-wczasy/?filter[dest]=11:&filter[hotelids]=&filter[cityids]=&filter[cregids]=&filter[ofrType]=&filter[addObjType]=&filter[whenFrom]=10-10-2026&filter[whenTo]=05-11-2026&filter[duration]=7:10&filter[from]=&filter[person]=2&filter[child]=1&filter[price]=0:11000&filter[PriceFrom]=0&filter[PriceTo]=11000&filter[addCategory]=50&filter[addCatering]=1&filter[addMisc]=0&filter[addTransport]=F&filter[fp]=1&order_by=ofr_price&filter[tourOperator]=0&filter[childAge][1]=20201210","https://fly.pl/cdn/photo/assets/uploads/582/278/2014/07/Bellagio-Beach-Resort-Spa.jpg","https://fly.pl/wycieczka/egipt,hurghada,c/panorama-bungalow-resort/peeZ031O515V_aJC_jgz48AAogYJSKx2i1z1FpxIuzikIUW23ofoL-v4oDRaCPaKJzqGAqBEpPSVAwqKqn1AZIwjtQQViPC2ACagMwRkhyQ5sBFAEVBhcAXANYBVYCQMoGT-IBXQBSr6sBUwBLiB9hAF6nMBGN0gFMxf44DbD9lwkgAAGvl5C4o4bMoDACDmMBAA3VOkZQ/ofertasv/?filter[tourOperator]=JOIP&filter%5Bperson%5D=2&filter%5BchildAge%5D%5B1%5D=20201210&filter%5Bchild%5D=1"
"Raouf Sun International Aqua Park & SPA Egipt, Sharm El Sheikh, Szarm el-Szejk","7642.0","13.10.2026 - 20.10.2026","8 dni/7 nocy","","3.8","3.8","316","tripadvisor","Все аэропорты","2026-08-22T16:58:15.973379+00:00","https://fly.pl/oferta/egipt-wczasy/?filter[dest]=11:&filter[hotelids]=&filter[cityids]=&filter[cregids]=&filter[ofrType]=&filter[addObjType]=&filter[whenFrom]=10-10-2026&filter[whenTo]=05-11-2026&filter[duration]=7:10&filter[from]=&filter[person]=2&filter[child]=1&filter[price]=0:11000&filter[PriceFrom]=0&filter[PriceTo]=11000&filter[addCategory]=50&filter[addCatering]=1&filter[addMisc]=0&filter[addTransport]=F&filter[fp]=1&order_by=ofr_price&filter[tourOperator]=0&filter[childAge][1]=20201210","https://fly.pl/cdn/photo/assets/uploads/582/278/2024/07/raouf-sun-international-aqua-park-spa.jpg","https://fly.pl/wycieczka/egipt,sharm-el-sheikh,szarm-el-szejk/raouf-international-aqua-park-spa-14/pLYzi50v5OLegbEjcsLFv8AAogDMzrR9iJSSW0yhRwXrgWA1ATkd0Et3pHZ-B5Uah2j-0qBEpPSVAwqKqn1AZI2jtQQVjPCWACagMxMm9yQ5sBFAEVBhcAXANYBVYCQMoGT-IBXQBLt8oBYQBepzBSpiBTABGWrAFMloQ5Daj9lwkgAAG8ybywtInMoDACDWMBAAx29i0L/ofertasv/?filter[tourOperator]=JOIP&filter%5Bperson%5D=2&filter%5BchildAge%5D%5B1%5D=20201210&filter%5Bchild%5D=1"
"Rewaya Luxury Resort Egipt, Hurghada","7704.0","15.10.2026 - 22.10.2026","8 dni/7 nocy","","","","","","Все аэропорты","2026-08-22T16:58:15.973379+00:00","https://fly.pl/oferta/egipt-wczasy/?filter[dest]=11:&filter[hotelids]=&filter[cityids]=&filter[cregids]=&filter[ofrType]=&filter[addObjType]=&filter[whenFrom]=10-10-2026&filter[whenTo]=05-11-2026&filter[duration]=7:10&filter[from]=&filter[person]=2&filter[child]=1&filter[price]=0:11000&filter[PriceFrom]=0&filter[PriceTo]=11000&filter[addCategory]=50&filter[addCatering]=1&filter[addMisc]=0&filter[addTransport]=F&filter[fp]=1&order_by=ofr_price&filter[tourOperator]=0&filter[childAge][1]=20201210","https://datacfstatic.merlinx.pl/OREX/IMG/7196/98632a66aafed855a3e14a56bb184588a24fd60292558013accfa38c141d9a9b.webp","https://fly.pl/wycieczka/egipt,hurghada,c/rewaya-luxury-resort-9/pDI7o6rKYjSaVBFqGbYHhSAAognRhp1ifD7n5hYXkS3uPQGk4omdzNphRQmZcQm_QCUd8qBE9SRVgwqKqn1AZImDxQQVj_CWACagVFLjIuMXI1mwEVBxcAWAhWAlwIQMIGXdMOT2wRgiJT0HtSAF6vT0uBEmEATNG-OiCq_ZcJDQACEmMBAg0Eq6aU/ofertasv/?filter[tourOperator]=OREX&filter%5Bperson%5D=2&filter%5BchildAge%5D%5B1%5D=20201210&filter%5Bchild%5D=1"
"Sharm Grand Plaza Resort Egipt, Sharm El Sheikh","7737.0","13.10.2026 - 20.10.2026","8 dni/7 nocy","","4.4","4.4","9424","tripadvisor","Все аэропорты","2026-08-22T16:58:15.973379+00:00","https://fly.pl/oferta/egipt-wczasy/?filter[dest]=11:&filter[hotelids]=&filter[cityids]=&filter[cregids]=&filter[ofrType]=&filter[addObjType]=&filter[whenFrom]=10-10-2026&filter[whenTo]=05-11-2026&filter[duration]=7:10&filter[from]=&filter[person]=2&filter[child]=1&filter[price]=0:11000&filter[PriceFrom]=0&filter[PriceTo]=11000&filter[addCategory]=50&filter[addCatering]=1&filter[addMisc]=0&filter[addTransport]=F&filter[fp]=1&order_by=ofr_price&filter[tourOperator]=0&filter[childAge][1]=20201210","https://fly.pl/cdn/photo/assets/uploads/582/278/2014/07/SHARM-GRAND-PLAZA-RESORT-1.jpg","https://fly.pl/wycieczka/egipt,sharm-el-sheikh,c/grand-plaza-resort/pel859sxresZDJlEwROlG4AAogBB5dmdx4JpA8W-_ITFB8KDZPnluiPTRbLKmNIwYEcH4qBEVYSU0wqKqn1AZIuTxQAVjPCWACagJBSXIhHBGKyga5BOr2PasEGxvnpjwY1_M9AZjj2u4KAgBjAQILlHUbvA/ofertasv/?filter[tourOperator]=EXIM&filter%5Bperson%5D=2&filter%5BchildAge%5D%5B1%5D=20201210&filter%5Bchild%5D=1"
"Safir Sharm Waterfalls Resort (ex Hilton Waterfalls Resort) Egipt, Sharm El Sheikh","7783.0","13.10.2026 - 20.10.2026","8 dni/7 nocy","","4.4","4.4","1215","tripadvisor","Все аэропорты","2026-08-22T16:58:15.973379+00:00","https://fly.pl/oferta/egipt-wczasy/?filter[dest]=11:&filter[hotelids]=&filter[cityids]=&filter[cregids]=&filter[ofrType]=&filter[addObjType]=&filter[whenFrom]=10-10-2026&filter[whenTo]=05-11-2026&filter[duration]=7:10&filter[from]=&filter[person]=2&filter[child]=1&filter[price]=0:11000&filter[PriceFrom]=0&filter[PriceTo]=11000&filter[addCategory]=50&filter[addCatering]=1&filter[addMisc]=0&filter[addTransport]=F&filter[fp]=1&order_by=ofr_price&filter[tourOperator]=0&filter[childAge][1]=20201210","https://fly.pl/cdn/photo/assets/uploads/582/278/2014/07/Hilton-Sharm-Waterfalls-Resort-fly-pl-4.jpg","https://fly.pl/wycieczka/egipt,sharm-el-sheikh,c/hilton-sharm-waterfalls-resort/p7U1MaY7yWvjOXmx7ajKpVAAogG6pSrfCbl5tZqOB6i-LIv1ATkd0Et3pHZ-B5Uah2j-0qBEpPSVAwqKqn1AZI5zxQQVjPCWACagNDR21yQpsBFAEVBhcAXANYBVYCQMoGT-IBXQARwsYBS_UDYQBepzBSpiBTAEyssDoNqP2XCSAAAZ_dhKDliMygMAINYwEAC6HXKTo/ofertasv/?filter[tourOperator]=JOIP&filter%5Bperson%5D=2&filter%5BchildAge%5D%5B1%5D=20201210&filter%5Bchild%5D=1"
"Siva Golden Bay Makadi Egipt, Hurghada, Makadi Bay","7807.0","15.10.2026 - 22.10.2026","8 dni/7 nocy","","4.6","4.6","847","tripadvisor","Все аэропорты","2026-08-22T16:58:15.973379+00:00","https://fly.pl/oferta/egipt-wczasy/?filter[dest]=11:&filter[hotelids]=&filter[cityids]=&filter[cregids]=&filter[ofrType]=&filter[addObjType]=&filter[whenFrom]=10-10-2026&filter[whenTo]=05-11-2026&filter[duration]=7:10&filter[from]=&filter[person]=2&filter[child]=1&filter[price]=0:11000&filter[PriceFrom]=0&filter[PriceTo]=11000&filter[addCategory]=50&filter[addCatering]=1&filter[addMisc]=0&filter[addTransport]=F&filter[fp]=1&order_by=ofr_price&filter[tourOperator]=0&filter[childAge][1]=20201210","https://fly.pl/cdn/photo/assets/uploads/582/278/2024/07/siva-golden-bay-makadi.jpg","https://fly.pl/wycieczka/egipt,hurghada,makadi-bay/siva-golden-bay-makadi-10/p3i7tQu_B28fGh_arUIEFzAAogeUh2rJD3nWEoHqz9R-1PXE2nDT3HSII3dh3aEJQz7w8qBEVYSU0wqKqn1AZI_zxQAVj_CWACagJBSXIhHBHGuwa5BPSAPqsEHBvd4y8Yhto2AYuOtYsJAgBjAQIHTwra9g/ofertasv/?filter[tourOperator]=EXIM&filter%5Bperson%5D=2&filter%5BchildAge%5D%5B1%5D=20201210&filter%5Bchild%5D=1"
"Dreams Vacation Egipt, Sharm El Sheikh, Szarm el-Szejk","7857.0","13.10.2026 - 20.10.2026","8 dni/7 nocy","","3.8","3.8","1154","tripadvisor","Все аэропорты","2026-08-22T16:58:15.973379+00:00","https://fly.pl/oferta/egipt-wczasy/?filter[dest]=11:&filter[hotelids]=&filter[cityids]=&filter[cregids]=&filter[ofrType]=&filter[addObjType]=&filter[whenFrom]=10-10-2026&filter[whenTo]=05-11-2026&filter[duration]=7:10&filter[from]=&filter[person]=2&filter[child]=1&filter[price]=0:11000&filter[PriceFrom]=0&filter[PriceTo]=11000&filter[addCategory]=50&filter[addCatering]=1&filter[addMisc]=0&filter[addTransport]=F&filter[fp]=1&order_by=ofr_price&filter[tourOperator]=0&filter[childAge][1]=20201210","https://fly.pl/cdn/photo/assets/uploads/582/278/2014/07/Dreams-Vacation-fly-pl.jpg","https://fly.pl/wycieczka/egipt,sharm-el-sheikh,szarm-el-szejk/dreams-vacation/pIhAy9ANObJLBkF1tFuiEHAAogF5_sMG2MTXoXa6YjBlH1PTZPnluiPTRbLKmNIwYEcH4qBEVYSU0wqKqn1AZIsT1QAVjPCWACagJBSXIhHBGcuwa5BNiFPqsEGxv2iTAY6_c2AezC75QJAgBjAQIL3aLLTQ/ofertasv/?filter[tourOperator]=EXIM&filter%5Bperson%5D=2&filter%5BchildAge%5D%5B1%5D=20201210&filter%5Bchild%5D=1"
"Three Corners Fayrouz Plaza Beach Resort Egipt, Marsa Alam","7862.0","26.10.2026 - 02.11.2026","8 dni/7 nocy","","4.7","4.7","13106","tripadvisor","Все аэропорты","2026-08-22T16:58:15.973379+00:00","https://fly.pl/oferta/egipt-wczasy/?filter[dest]=11:&filter[hotelids]=&filter[cityids]=&filter[cregids]=&filter[ofrType]=&filter[addObjType]=&filter[whenFrom]=10-10-2026&filter[whenTo]=05-11-2026&filter[duration]=7:10&filter[from]=&filter[person]=2&filter[child]=1&filter[price]=0:11000&filter[PriceFrom]=0&filter[PriceTo]=11000&filter[addCategory]=50&filter[addCatering]=1&filter[addMisc]=0&filter[addTransport]=F&filter[fp]=1&order_by=ofr_price&filter[tourOperator]=0&filter[childAge][1]=20201210","https://fly.pl/cdn/photo/assets/uploads/582/278/2014/10/The-Three-Corners-Fayrouz-Plaza.jpg","https://fly.pl/wycieczka/egipt,marsa-alam,c/three-corners-fayrouz-plaza-beach-resort/pQAg0g8egO73aJ_kEQesJ0AAogN6OYNbvC4yfFZiPX6mcDoQBEH93hAx3DSo9Um7AsJyIqBE9BU0kwqKqn1AZItj1QAViHDGACagNBSWxyIRwRi6QBuQSu_Q-rBBwb7LwPGP2DEwGJ7J6mAgIAYwECDbZxWXQ/ofertasv/?filter[tourOperator]=OASI&filter%5Bperson%5D=2&filter%5BchildAge%5D%5B1%5D=20201210&filter%5Bchild%5D=1"
"Dreams Beach (Sharm El Sheikh) Egipt, Sharm El Sheikh, Szarm el-Szejk","7865.0","13.10.2026 - 20.10.2026","8 dni/7 nocy","","3.9","3.9","2636","tripadvisor","Все аэропорты","2026-08-22T16:58:15.973379+00:00","https://fly.pl/oferta/egipt-wczasy/?filter[dest]=11:&filter[hotelids]=&filter[cityids]=&filter[cregids]=&filter[ofrType]=&filter[addObjType]=&filter[whenFrom]=10-10-2026&filter[whenTo]=05-11-2026&filter[duration]=7:10&filter[from]=&filter[person]=2&filter[child]=1&filter[price]=0:11000&filter[PriceFrom]=0&filter[PriceTo]=11000&filter[addCategory]=50&filter[addCatering]=1&filter[addMisc]=0&filter[addTransport]=F&filter[fp]=1&order_by=ofr_price&filter[tourOperator]=0&filter[childAge][1]=20201210","https://fly.pl/cdn/photo/assets/uploads/582/278/2014/07/Dreams-Beach-Resort.jpg","https://fly.pl/wycieczka/egipt,sharm-el-sheikh,szarm-el-szejk/dreams-beach-sharm-el-sheikh/pF_Krde8a8ICz2ZqG_Xb0hAAogmWsNTubVUHJiFrHADfnAJ1ATkd0Et3pHZ-B5Uah2j-0qBEpPSVAwqKqn1AZIuT1QQVjPCWACagNDR21yQpsBFAEVBhcAXANYBVYCQMoGT-IBXQAR5MYBS9MDYQBepzBSpiBTAEyssDoNqP2XCSAAAbqxxIilicygMAINYwEAC_pEAyg/ofertasv/?filter[tourOperator]=JOIP&filter%5Bperson%5D=2&filter%5BchildAge%5D%5B1%5D=20201210&filter%5Bchild%5D=1"
"Royal Pharaohs Makadi (ex. Harmony) Egipt, Hurghada, Makadi Bay","7867.0","29.10.2026 - 05.11.2026","9 dni/7 nocy","","3.3","3.3","844","tripadvisor","Все аэропорты","2026-08-22T16:58:15.973379+00:00","https://fly.pl/oferta/egipt-wczasy/?filter[dest]=11:&filter[hotelids]=&filter[cityids]=&filter[cregids]=&filter[ofrType]=&filter[addObjType]=&filter[whenFrom]=10-10-2026&filter[whenTo]=05-11-2026&filter[duration]=7:10&filter[from]=&filter[person]=2&filter[child]=1&filter[price]=0:11000&filter[PriceFrom]=0&filter[PriceTo]=11000&filter[addCategory]=50&filter[addCatering]=1&filter[addMisc]=0&filter[addTransport]=F&filter[fp]=1&order_by=ofr_price&filter[tourOperator]=0&filter[childAge][1]=20201210","https://fly.pl/cdn/photo/assets/uploads/582/278/2014/07/Harmony-Makadi-Bay-fly-pl.jpg","https://fly.pl/wycieczka/egipt,hurghada,makadi-bay/harmony-makadi-bay/p0HPONTNx91kzEbDJ3VapUAAogS8YQyfoaaU-lce5aBtGNrf966lwJMXcBoSKWCVd3NSUqBEVYSU0wqKqn1AZIuz1QAVjPDGACagJBSXIhHBGb-AarBL2wS7kERBuF_TcYgKBTAdDJ98YNAgBjAQIM1ZoNeA/ofertasv/?filter[tourOperator]=EXIM&filter%5Bperson%5D=2&filter%5BchildAge%5D%5B1%5D=20201210&filter%5Bchild%5D=1"
"Charmillion Club Resort (ex. Sea Club Resort) Egipt, Sharm El Sheikh","7881.0","29.10.2026 - 05.11.2026","8 dni/7 nocy","","4.5","4.5","6024","tripadvisor","Все аэропорты","2026-08-22T16:58:15.973379+00:00","https://fly.pl/oferta/egipt-wczasy/?filter[dest]=11:&filter[hotelids]=&filter[cityids]=&filter[cregids]=&filter[ofrType]=&filter[addObjType]=&filter[whenFrom]=10-10-2026&filter[whenTo]=05-11-2026&filter[duration]=7:10&filter[from]=&filter[person]=2&filter[child]=1&filter[price]=0:11000&filter[PriceFrom]=0&filter[PriceTo]=11000&filter[addCategory]=50&filter[addCatering]=1&filter[addMisc]=0&filter[addTransport]=F&filter[fp]=1&order_by=ofr_price&filter[tourOperator]=0&filter[childAge][1]=20201210","https://fly.pl/cdn/photo/assets/uploads/582/278/2014/07/Charmillion-Club-Resort-ex.-Sea-Club-Resort-fly-pl.jpg","https://fly.pl/wycieczka/egipt,sharm-el-sheikh,c/sea-club-sharm-el-sheikh/pT2OUGwbYn4NtW3C4_8M6UAAogPFVnwuE01P-UUfnZ0vnHbxstrgoMttrZgZAvN8rfQ44qBEtPTVQwqKqn1AZIyT1QAVjPDGACagJBSXIfHBHOGrkEmuMBqwQDGOifBBvogCQB_NvQHgIAYwECBW0t-cQ/ofertasv/?filter[tourOperator]=KOMT&filter%5Bperson%5D=2&filter%5BchildAge%5D%5B1%5D=20201210&filter%5Bchild%5D=1"
"Amarina Star Resort & Aqua Park (ex. Raouf Star)","7958.0","13.10.2026 - 20.10.2026","8 dni/7 nocy","","4.2","4.2","100","tripadvisor","Все аэропорты","2026-08-22T16:58:15.973379+00:00","https://fly.pl/oferta/egipt-wczasy/?filter[dest]=11:&filter[hotelids]=&filter[cityids]=&filter[cregids]=&filter[ofrType]=&filter[addObjType]=&filter[whenFrom]=10-10-2026&filter[whenTo]=05-11-2026&filter[duration]=7:10&filter[from]=&filter[person]=2&filter[child]=1&filter[price]=0:11000&filter[PriceFrom]=0&filter[PriceTo]=11000&filter[addCategory]=50&filter[addCatering]=1&filter[addMisc]=0&filter[addTransport]=F&filter[fp]=1&order_by=ofr_price&filter[tourOperator]=0&filter[childAge][1]=20201210","https://fly.pl/cdn/photo/assets/uploads/582/278/2023/04/Amarina-Star-Resort-Aqua-Park.jpg","https://fly.pl/wycieczka/egipt,sharm-el-sheikh,szarm-el-szejk/raouf-star-15/p13Go5kdibeI-p-Q20uQQcAAogn7JU-pwN9yb_q1ZQWVeu5VATkd0Et3pHZ-B5Uah2j-0qBEpPSVAwqqqn1AZIlj5QQVjPCWACagMxMm9yQ5sBFAEVBhcAXANYBVYCQMoGT-IBXQBLt8oBYQBepzBSpiBTABG9ywFM7-Q4Daj9lwkgAAGkz9yAtYnMoDACDWMBAAxIodoo/ofertasv/?filter[tourOperator]=JOIP&filter%5Bperson%5D=2&filter%5BchildAge%5D%5B1%5D=20201210&filter%5Bchild%5D=1"
"Pickalbatros Palace Port Ghalib (ex. Red Sea The Palace)","7977.0","26.10.2026 - 03.11.2026","9 dni/8 nocy","","4.7","4.7","3718","tripadvisor","Все аэропорты","2026-08-22T16:58:15.973379+00:00","https://fly.pl/oferta/egipt-wczasy/?filter[dest]=11:&filter[hotelids]=&filter[cityids]=&filter[cregids]=&filter[ofrType]=&filter[addObjType]=&filter[whenFrom]=10-10-2026&filter[whenTo]=05-11-2026&filter[duration]=7:10&filter[from]=&filter[person]=2&filter[child]=1&filter[price]=0:11000&filter[PriceFrom]=0&filter[PriceTo]=11000&filter[addCategory]=50&filter[addCatering]=1&filter[addMisc]=0&filter[addTransport]=F&filter[fp]=1&order_by=ofr_price&filter[tourOperator]=0&filter[childAge][1]=20201210","https://fly.pl/cdn/photo/assets/uploads/582/278/2014/09/albatros-palace.jpg","https://fly.pl/wycieczka/egipt,marsa-alam,port-ghalib/intercontinental-the-palace-port-ghalib/pSCTbPAVYhycli9yYUXIW6AAoge98STiHXd1KszUKrjzOTU5pylmMq0-lGGv72wXgSq-8qBEVYSU0wqqqn1AZIqT5QAViHDGACagJBSXIiHBHN9Aa5BLO2S6sEgAEbguM1GOq6VQGAx_3GDQIAYwECDAw2shQ/ofertasv/?filter[tourOperator]=EXIM&filter%5Bperson%5D=2&filter%5BchildAge%5D%5B1%5D=20201210&filter%5Bchild%5D=1"
"IL Mercato Splash Aqua Park","8021.0","13.10.2026 - 20.10.2026","8 dni/7 nocy","","4.4","4.4","2238","tripadvisor","Все аэропорты","2026-08-22T16:58:15.973379+00:00","https://fly.pl/oferta/egipt-wczasy/?filter[dest]=11:&filter[hotelids]=&filter[cityids]=&filter[cregids]=&filter[ofrType]=&filter[addObjType]=&filter[whenFrom]=10-10-2026&filter[whenTo]=05-11-2026&filter[duration]=7:10&filter[from]=&filter[person]=2&filter[child]=1&filter[price]=0:11000&filter[PriceFrom]=0&filter[PriceTo]=11000&filter[addCategory]=50&filter[addCatering]=1&filter[addMisc]=0&filter[addTransport]=F&filter[fp]=1&order_by=ofr_price&filter[tourOperator]=0&filter[childAge][1]=20201210","https://fly.pl/cdn/photo/assets/uploads/582/278/2014/07/Il-Mercato-Hotel-Spa-Sharm-El-Sheikh.jpg","https://fly.pl/wycieczka/egipt,sharm-el-sheikh,c/iberotel-il-mercato/pdtTAVXe_QjHUoNWvIiC4dAAogyK3R0wXF1UE9KC9A_lH8gVATkd0Et3pHZ-B5Uah2j-0qBEpPSVAwqqqn1AZI1T5QQVjPCWACagNDR21yQpsBFAEVBhcAXANYBVYCQMoGT-IBXQBLt8oBYQBepzARyxdS2whTAEyssDoNqP2XCSAAAaTB7JiTicygMAINYwEAC3Ae-Nk/ofertasv/?filter[tourOperator]=JOIP&filter%5Bperson%5D=2&filter%5BchildAge%5D%5B1%5D=20201210&filter%5Bchild%5D=1"
"Movenpick Waterpark Resort & Spa Soma Bay","8037.0","15.10.2026 - 22.10.2026","8 dni/7 nocy","","4.3","4.3","4006","tripadvisor","Все аэропорты","2026-08-22T16:58:15.973379+00:00","https://fly.pl/oferta/egipt-wczasy/?filter[dest]=11:&filter[hotelids]=&filter[cityids]=&filter[cregids]=&filter[ofrType]=&filter[addObjType]=&filter[whenFrom]=10-10-2026&filter[whenTo]=05-11-2026&filter[duration]=7:10&filter[from]=&filter[person]=2&filter[child]=1&filter[price]=0:11000&filter[PriceFrom]=0&filter[PriceTo]=11000&filter[addCategory]=50&filter[addCatering]=1&filter[addMisc]=0&filter[addTransport]=F&filter[fp]=1&order_by=ofr_price&filter[tourOperator]=0&filter[childAge][1]=20201210","https://fly.pl/cdn/photo/assets/uploads/582/278/2009/02/Movenpick-Soma-Bay2539.jpg","https://fly.pl/wycieczka/egipt,hurghada,c/movenpick-soma-bay/pZPZH0nYTIxPjcZxFjcKzBAAog1xC40B2Cc-pKOz-wGL-X504omdzNphRQmZcQm_QCUd8qBE9SRVgwqqqn1AZI5T5QQVj_CWACagdCSzQuMi4xcjWbARUHFwBcA1gFVgJAygYREl3BDk9sU9KdAVIAXq9PS4ESYQBM0b46IKr9lwkNAAISYwECC8lrFxQ/ofertasv/?filter[tourOperator]=OREX&filter%5Bperson%5D=2&filter%5BchildAge%5D%5B1%5D=20201210&filter%5Bchild%5D=1"
"Pickalbatros Golf Beach Resort","8041.0","27.10.2026 - 03.11.2026","8 dni/7 nocy","","4.5","4.5","313","tripadvisor","Все аэропорты","2026-08-22T16:58:15.973379+00:00","https://fly.pl/oferta/egipt-wczasy/?filter[dest]=11:&filter[hotelids]=&filter[cityids]=&filter[cregids]=&filter[ofrType]=&filter[addObjType]=&filter[whenFrom]=10-10-2026&filter[whenTo]=05-11-2026&filter[duration]=7:10&filter[from]=&filter[person]=2&filter[child]=1&filter[price]=0:11000&filter[PriceFrom]=0&filter[PriceTo]=11000&filter[addCategory]=50&filter[addCatering]=1&filter[addMisc]=0&filter[addTransport]=F&filter[fp]=1&order_by=ofr_price&filter[tourOperator]=0&filter[childAge][1]=20201210","https://fly.pl/cdn/photo/assets/uploads/582/278/2014/07/Golf-Beach-Resort-Managed-by-Rixos.jpg","https://fly.pl/wycieczka/egipt,sharm-el-sheikh,c/maritim-jolie-ville-golf/ptyvNtf_I7iSFbJjWgfS10AAoghYYPjE1bw85S0IY3eOwrXZgpXVUQjygZk0IwIA3_YjEqBE9BU0kwqqqn1AZI6T5QAVifDGACagNBSWxyIRwR6q8BuQTa9g-rBAIbyLQPGN-AEwHJ1fSlAgIAYwECDHLILFA/ofertasv/?filter[tourOperator]=OASI&filter%5Bperson%5D=2&filter%5BchildAge%5D%5B1%5D=20201210&filter%5Bchild%5D=1"
"Amarina Jannah Resort Aquapark","8078.0","17.10.2026 - 24.10.2026","8 dni/7 nocy","","4.7","4.7","657","tripadvisor","Все аэропорты","2026-08-22T16:58:15.973379+00:00","https://fly.pl/oferta/egipt-wczasy/?filter[dest]=11:&filter[hotelids]=&filter[cityids]=&filter[cregids]=&filter[ofrType]=&filter[addObjType]=&filter[whenFrom]=10-10-2026&filter[whenTo]=05-11-2026&filter[duration]=7:10&filter[from]=&filter[person]=2&filter[child]=1&filter[price]=0:11000&filter[PriceFrom]=0&filter[PriceTo]=11000&filter[addCategory]=50&filter[addCatering]=1&filter[addMisc]=0&filter[addTransport]=F&filter[fp]=1&order_by=ofr_price&filter[tourOperator]=0&filter[childAge][1]=20201210","https://fly.pl/cdn/photo/assets/uploads/582/278/2023/04/Amarina-Jannah-Resort-Aquapark.jpg","https://fly.pl/wycieczka/egipt,marsa-alam,port-ghalib/amarina-jannah-resort-aquapark-15/ph7D8PfgnCI0SmFW9YQwF6AAoglI_bfrxNVHG-711XDtZjg2ECgtijhDrT6bu4Y7o874kqBE9SRVgwqqqn1AZIjj9QQVivCmACagZDNS4yLjFyNpsBFQcXAFwDWAVWAkDKBhH5FF2KD08kXpnYAVO8FFIAS7EvYQBM5Yw6IKz9lwkNAAISYwECDBGuUJ4/ofertasv/?filter[tourOperator]=OREX&filter%5Bperson%5D=2&filter%5BchildAge%5D%5B1%5D=20201210&filter%5Bchild%5D=1"
"Rehana Royal Beach Resort & Spa","8182.0","13.10.2026 - 20.10.2026","8 dni/7 nocy","","4.3","4.3","4647","tripadvisor","Все аэропорты","2026-08-22T16:58:15.973379+00:00","https://fly.pl/oferta/egipt-wczasy/?filter[dest]=11:&filter[hotelids]=&filter[cityids]=&filter[cregids]=&filter[ofrType]=&filter[addObjType]=&filter[whenFrom]=10-10-2026&filter[whenTo]=05-11-2026&filter[duration]=7:10&filter[from]=&filter[person]=2&filter[child]=1&filter[price]=0:11000&filter[PriceFrom]=0&filter[PriceTo]=11000&filter[addCategory]=50&filter[addCatering]=1&filter[addMisc]=0&filter[addTransport]=F&filter[fp]=1&order_by=ofr_price&filter[tourOperator]=0&filter[childAge][1]=20201210","https://fly.pl/cdn/photo/assets/uploads/582/278/2016/11/Rehana-Royal-Beach-Resort-amp-Spa.jpg","https://fly.pl/wycieczka/egipt,sharm-el-sheikh,c/rehana-royal-beach-resort-spa/pSJCND73cHp48S-kiwOzlMAAogDH7tKRZnTfyoBCAh7xvifFATkd0Et3pHZ-B5Uah2j-0qBEpPSVAwqqqn1AZI9j9QQVjPCWACagMwMHdyQpsBFAEVBhcAXANYBVYCQMoGT-IBXQAR88gBS8QBYQBepzBSpiBTAEyssDoNqP2XCSAAAbjN8JDDicygMAINYwEADEulnUI/ofertasv/?filter[tourOperator]=JOIP&filter%5Bperson%5D=2&filter%5BchildAge%5D%5B1%5D=20201210&filter%5Bchild%5D=1"
"Calimera Blend Paradise Resort","8213.0","15.10.2026 - 22.10.2026","8 dni/7 nocy","","4.2","4.2","2288","tripadvisor","Все аэропорты","2026-08-22T16:58:15.973379+00:00","https://fly.pl/oferta/egipt-wczasy/?filter[dest]=11:&filter[hotelids]=&filter[cityids]=&filter[cregids]=&filter[ofrType]=&filter[addObjType]=&filter[whenFrom]=10-10-2026&filter[whenTo]=05-11-2026&filter[duration]=7:10&filter[from]=&filter[person]=2&filter[child]=1&filter[price]=0:11000&filter[PriceFrom]=0&filter[PriceTo]=11000&filter[addCategory]=50&filter[addCatering]=1&filter[addMisc]=0&filter[addTransport]=F&filter[fp]=1&order_by=ofr_price&filter[tourOperator]=0&filter[childAge][1]=20201210","https://fly.pl/cdn/photo/assets/uploads/582/278/2022/08/Calimera-Blend-Paradise.jpg","https://fly.pl/wycieczka/egipt,hurghada,c/calimera-blend-paradise-12/pct4uKlirTNErzWW64jYn_AAogK7r8cK-0x3HM01EJDq6GG04omdzNphRQmZcQm_QCUd8qBE9SRVgwqqqn1AZIlUBQQVj_CWACagZENi4yLjFyNpsBFQcXAFwDWAVWAkDKBl3TDk9sEbwKU5aTAVIAXq9PS4ESYQBM0b46IKr9lwkNAAISYwECDA5HVek/ofertasv/?filter[tourOperator]=OREX&filter%5Bperson%5D=2&filter%5BchildAge%5D%5B1%5D=20201210&filter%5Bchild%5D=1"
"Sentido Akassia Beach (ex. LTI Akassia Beach)","8262.0","17.10.2026 - 24.10.2026","8 dni/7 nocy","","4.4","4.4","2261","tripadvisor","Все аэропорты","2026-08-22T16:58:15.973379+00:00","https://fly.pl/oferta/egipt-wczasy/?filter[dest]=11:&filter[hotelids]=&filter[cityids]=&filter[cregids]=&filter[ofrType]=&filter[addObjType]=&filter[whenFrom]=10-10-2026&filter[whenTo]=05-11-2026&filter[duration]=7:10&filter[from]=&filter[person]=2&filter[child]=1&filter[price]=0:11000&filter[PriceFrom]=0&filter[PriceTo]=11000&filter[addCategory]=50&filter[addCatering]=1&filter[addMisc]=0&filter[addTransport]=F&filter[fp]=1&order_by=ofr_price&filter[tourOperator]=0&filter[childAge][1]=20201210","https://fly.pl/cdn/photo/assets/uploads/582/278/2014/09/Sentido-Akassia-Beach.jpg","https://fly.pl/wycieczka/egipt,marsa-alam,c/lti-akassia-beach-2/pu_izgcPHoSTUqjISDtCC1AAogWsj03FuK88D0OuhDCSx3N2ECgtijhDrT6bu4Y7o874kqBE9SRVgwqqqn1AZIxkBQQVivCmACagYxUy4yLjFyNZsBFQcXAFwDWAVWAhEmQKQGXYMkTyRemdgBU7wUUgBLsS9hAEzljDogrP2XCQ0AAhJjAQINX5kBpA/ofertasv/?filter[tourOperator]=OREX&filter%5Bperson%5D=2&filter%5BchildAge%5D%5B1%5D=20201210&filter%5Bchild%5D=1"
"Retac Qunay Dahab Resort & Spa","8270.0","13.10.2026 - 20.10.2026","8 dni/7 nocy","","4.3","4.3","1708","tripadvisor","Все аэропорты","2026-08-22T16:58:15.973379+00:00","https://fly.pl/oferta/egipt-wczasy/?filter[dest]=11:&filter[hotelids]=&filter[cityids]=&filter[cregids]=&filter[ofrType]=&filter[addObjType]=&filter[whenFrom]=10-10-2026&filter[whenTo]=05-11-2026&filter[duration]=7:10&filter[from]=&filter[person]=2&filter[child]=1&filter[price]=0:11000&filter[PriceFrom]=0&filter[PriceTo]=11000&filter[addCategory]=50&filter[addCatering]=1&filter[addMisc]=0&filter[addTransport]=F&filter[fp]=1&order_by=ofr_price&filter[tourOperator]=0&filter[childAge][1]=20201210","https://fly.pl/cdn/photo/assets/uploads/582/278/2014/09/Retac-Qunay-Dahab.jpg","https://fly.pl/wycieczka/egipt,dahab,c/le-meridien-dahab-bay/pALfc1E_60bmmX6r8sILsJAAogaYjHUiP2my3qB9g9uPSD41ATkd0Et3pHZ-B5Uah2j-0qBEpPSVAwqqqn1AZIzkBQQVjPCWACagNDR21yQpsBFAEVBhcAXANYBVYCQMoGT-IBXQBLt8oBYQAR9gZesSlSpiBTAEyssDoNqP2XCSAAAcGTsKDEicygMAINYwEACzcZ15I/ofertasv/?filter[tourOperator]=JOIP&filter%5Bperson%5D=2&filter%5BchildAge%5D%5B1%5D=20201210&filter%5Bchild%5D=1"
"Old Palace Resort","8302.0","25.10.2026 - 01.11.2026","8 dni/7 nocy","","4.6","4.6","3531","tripadvisor","Все аэропорты","2026-08-22T16:58:15.973379+00:00","https://fly.pl/oferta/egipt-wczasy/?filter[dest]=11:&filter[hotelids]=&filter[cityids]=&filter[cregids]=&filter[ofrType]=&filter[addObjType]=&filter[whenFrom]=10-10-2026&filter[whenTo]=05-11-2026&filter[duration]=7:10&filter[from]=&filter[person]=2&filter[child]=1&filter[price]=0:11000&filter[PriceFrom]=0&filter[PriceTo]=11000&filter[addCategory]=50&filter[addCatering]=1&filter[addMisc]=0&filter[addTransport]=F&filter[fp]=1&order_by=ofr_price&filter[tourOperator]=0&filter[childAge][1]=20201210","https://fly.pl/cdn/photo/assets/uploads/582/278/2015/03/Old-Palace-Resort-Sahl-Hasheesh.jpg","https://fly.pl/wycieczka/egipt,hurghada,c/old-palace-resort/pz4TiOrKBFLjM6mJ41-w5mAAogLnVqVrwDHMy2sjQTLm_ymGsfmPE5MosFyu9Bpr8s0iIqBE9BU0kwqqqn1AZI7kBQAVjvC2ACagNBSWxyIRwRka8BqwSi7w-5BB0b8YIPGMGwEQH5_KSZAgIAYwECC5tlOGQ/ofertasv/?filter[tourOperator]=OASI&filter%5Bperson%5D=2&filter%5BchildAge%5D%5B1%5D=20201210&filter%5Bchild%5D=1"
"Naama Bay Hotel & Resort","8308.0","13.10.2026 - 20.10.2026","8 dni/7 nocy","","4.4","4.4","4857","tripadvisor","Все аэропорты","2026-08-22T16:58:15.973379+00:00","https://fly.pl/oferta/egipt-wczasy/?filter[dest]=11:&filter[hotelids]=&filter[cityids]=&filter[cregids]=&filter[ofrType]=&filter[addObjType]=&filter[whenFrom]=10-10-2026&filter[whenTo]=05-11-2026&filter[duration]=7:10&filter[from]=&filter[person]=2&filter[child]=1&filter[price]=0:11000&filter[PriceFrom]=0&filter[PriceTo]=11000&filter[addCategory]=50&filter[addCatering]=1&filter[addMisc]=0&filter[addTransport]=F&filter[fp]=1&order_by=ofr_price&filter[tourOperator]=0&filter[childAge][1]=20201210","https://fly.pl/cdn/photo/assets/uploads/582/278/2014/07/Naama-Bay.jpg","https://fly.pl/wycieczka/egipt,sharm-el-sheikh,c/tropitel-naama-bay/pI26WJJ2IypORqk8Ccz5aAAAogYAzhFM3NUdoDhjgtG8x4aFATkd0Et3pHZ-B5Uah2j-0qBEpPSVAwqqqn1AZI9EBQQVjPCWACagNDR21yQpsBFAEVBhcAXANYBVYCQMoGT-IBXQARrcYBS4oEYQBepzBSpiBTAEyssDoNqP2XCSAAAaHh9L-DicygMAINYwEAC1Gms7g/ofertasv/?filter[tourOperator]=JOIP&filter%5Bperson%5D=2&filter%5BchildAge%5D%5B1%5D=20201210&filter%5Bchild%5D=1"
"Golf Villas And Suites Sharm","8329.0","27.10.2026 - 03.11.2026","8 dni/7 nocy","","4.8","4.8","332","tripadvisor","Все аэропорты","2026-08-22T16:58:15.973379+00:00","https://fly.pl/oferta/egipt-wczasy/?filter[dest]=11:&filter[hotelids]=&filter[cityids]=&filter[cregids]=&filter[ofrType]=&filter[addObjType]=&filter[whenFrom]=10-10-2026&filter[whenTo]=05-11-2026&filter[duration]=7:10&filter[from]=&filter[person]=2&filter[child]=1&filter[price]=0:11000&filter[PriceFrom]=0&filter[PriceTo]=11000&filter[addCategory]=50&filter[addCatering]=1&filter[addMisc]=0&filter[addTransport]=F&filter[fp]=1&order_by=ofr_price&filter[tourOperator]=0&filter[childAge][1]=20201210","https://fly.pl/cdn/photo/assets/uploads/582/278/2014/07/Maritim-Jolie-Ville-Royal-Peninsula-fly-pl.jpg","https://fly.pl/wycieczka/egipt,sharm-el-sheikh,c/maritim-jolie-ville-royal-peninsula/p6ed8iknFE34u_7B70YnXBAAogpzidkRvKJtB-R2CTz6b2XZgpXVUQjygZk0IwIA3_YjEqBE9BU0kwqqqn1AZIiUFQAVifDGACagNBSWxyIRwR7q8BuQTW9g-rBAIblbQPGJOAEwH4rOulAgIAYwECDCvifwk/ofertasv/?filter[tourOperator]=OASI&filter%5Bperson%5D=2&filter%5BchildAge%5D%5B1%5D=20201210&filter%5Bchild%5D=1"
"Jaz Aquamarine Resort","8367.0","27.10.2026 - 03.11.2026","9 dni/7 nocy","","4.6","4.6","17098","tripadvisor","Все аэропорты","2026-08-22T16:58:15.973379+00:00","https://fly.pl/oferta/egipt-wczasy/?filter[dest]=11:&filter[hotelids]=&filter[cityids]=&filter[cregids]=&filter[ofrType]=&filter[addObjType]=&filter[whenFrom]=10-10-2026&filter[whenTo]=05-11-2026&filter[duration]=7:10&filter[from]=&filter[person]=2&filter[child]=1&filter[price]=0:11000&filter[PriceFrom]=0&filter[PriceTo]=11000&filter[addCategory]=50&filter[addCatering]=1&filter[addMisc]=0&filter[addTransport]=F&filter[fp]=1&order_by=ofr_price&filter[tourOperator]=0&filter[childAge][1]=20201210","https://fly.pl/cdn/photo/assets/uploads/582/278/2016/11/jaz-aquamarine-ex-iberotel-egipt-hurghada-1b.jpg","https://fly.pl/wycieczka/egipt,hurghada,c/jaz-aquamarine-ex-iberotel-aquamarine/p-20FO9EbAAKiWGMWrmMjcAAogypfVcr5UTUJ0xot6tz6On5mSZ-ZO1HkJPLAVYySL8QwqBEVYSU0wqqqn1AZIr0FQAVifDGACagJBSXIhHBGs_wa5BIeoS6sEXhuGo0AYoN9HAeTer6sNAhJjAQILdHJPkw/ofertasv/?filter[tourOperator]=EXIM&filter%5Bperson%5D=2&filter%5BchildAge%5D%5B1%5D=20201210&filter%5Bchild%5D=1"
"Radisson Individuals Marina Port Ghalib (ex. Sunrise Marina Resort)","8370.0","25.10.2026 - 01.11.2026","8 dni/7 nocy","","4.6","4.6","3549","tripadvisor","Все аэропорты","2026-08-22T16:58:15.973379+00:00","https://fly.pl/oferta/egipt-wczasy/?filter[dest]=11:&filter[hotelids]=&filter[cityids]=&filter[cregids]=&filter[ofrType]=&filter[addObjType]=&filter[whenFrom]=10-10-2026&filter[whenTo]=05-11-2026&filter[duration]=7:10&filter[from]=&filter[person]=2&filter[child]=1&filter[price]=0:11000&filter[PriceFrom]=0&filter[PriceTo]=11000&filter[addCategory]=50&filter[addCatering]=1&filter[addMisc]=0&filter[addTransport]=F&filter[fp]=1&order_by=ofr_price&filter[tourOperator]=0&filter[childAge][1]=20201210","https://fly.pl/cdn/photo/assets/uploads/582/278/2015/04/RADISSON-INDIVIDUALS-MARINA.jpg","https://fly.pl/wycieczka/egipt,marsa-alam,port-ghalib/rehana-port-ghalib-resort/pv_pqhxlqhzI4oaBTEcjrBAAog5ldB4OmrV98bqey45GqvJgAAAACsgwQANbkEAAcAAQAqBFdFWlkwqqqn1AZIskFQQVjvC2ADaglFbnRlciBBaXJqBDA1MDBqBDAwMDBqBDAwMDByQZ4BkwGVAZgBHwAcAQIAFgQXAhLWBBTTBBH6XED3GkvTUVAATONETwAd1e8PIIlrG_etBA31sL0JARJjAQ5jAQIGgMMwjA/ofertasv/?filter[tourOperator]=WEZY&filter%5Bperson%5D=2&filter%5BchildAge%5D%5B1%5D=20201210&filter%5Bchild%5D=1"
"Novotel Marsa Alam","8377.0","20.10.2026 - 27.10.2026","8 dni/7 nocy","","4.5","4.5","3656","tripadvisor","Все аэропорты","2026-08-22T16:58:15.973379+00:00","https://fly.pl/oferta/egipt-wczasy/?filter[dest]=11:&filter[hotelids]=&filter[cityids]=&filter[cregids]=&filter[ofrType]=&filter[addObjType]=&filter[whenFrom]=10-10-2026&filter[whenTo]=05-11-2026&filter[duration]=7:10&filter[from]=&filter[person]=2&filter[child]=1&filter[price]=0:11000&filter[PriceFrom]=0&filter[PriceTo]=11000&filter[addCategory]=50&filter[addCatering]=1&filter[addMisc]=0&filter[addTransport]=F&filter[fp]=1&order_by=ofr_price&filter[tourOperator]=0&filter[childAge][1]=20201210","https://fly.pl/cdn/photo/assets/uploads/582/278/2015/09/Novotel-Marsa-Alam.jpg","https://fly.pl/wycieczka/egipt,marsa-alam,c/novotel-marsa-alam/py6dwHdDjRIVuMIj-NsLDCAAog-BNYUsk9r7Kb8tih2sxTpBPPD5S6T_zmYslq6S4q_1gqBEVYSU0wqqqn1AZIuUFQAVj3CmACagJBSXIhHBGvoQa5BL6dPqsEHBvctCwY5v8uAda_0o4IAgBjAQIN7yaBqw/ofertasv/?filter[tourOperator]=EXIM&filter%5Bperson%5D=2&filter%5BchildAge%5D%5B1%5D=20201210&filter%5Bchild%5D=1"
"Pickalbatros Vita Resort Portofino","8377.0","27.10.2026 - 05.11.2026","10 dni/9 nocy","","4.9","4.9","752","tripadvisor","Все аэропорты","2026-08-22T16:58:15.973379+00:00","https://fly.pl/oferta/egipt-wczasy/?filter[dest]=11:&filter[hotelids]=&filter[cityids]=&filter[cregids]=&filter[ofrType]=&filter[addObjType]=&filter[whenFrom]=10-10-2026&filter[whenTo]=05-11-2026&filter[duration]=7:10&filter[from]=&filter[person]=2&filter[child]=1&filter[price]=0:11000&filter[PriceFrom]=0&filter[PriceTo]=11000&filter[addCategory]=50&filter[addCatering]=1&filter[addMisc]=0&filter[addTransport]=F&filter[fp]=1&order_by=ofr_price&filter[tourOperator]=0&filter[childAge][1]=20201210","https://fly.pl/cdn/photo/assets/uploads/582/278/2024/07/pickalbatros-vita-resort-portofino.jpg","https://fly.pl/wycieczka/egipt,marsa-alam,c/pickalbatros-vita-resort-portofino-11/pz9RGbcVGT_cbeQGTAqx_JAAogyV37Gb46wdQl11ZDJlhnLNwQ1sg-bC3WmOV6zaAFhQoqBEVYSU0wqqqn1AZIuUFQAVifDGACagJBSXIiHBHU2Qa5BMPRS6sEjwEbvOU1GMS4VQHa6__GDQIAYwECDE2KQ1w/ofertasv/?filter[tourOperator]=EXIM&filter%5Bperson%5D=2&filter%5BchildAge%5D%5B1%5D=20201210&filter%5Bchild%5D=1"
"Pharaoh Azur Resort (ex Sonesta Pharaoh Beach Resort)","8388.0","25.10.2026 - 01.11.2026","8 dni/7 nocy","","4.5","4.5","2733","tripadvisor","Все аэропорты","2026-08-22T16:58:15.973379+00:00","https://fly.pl/oferta/egipt-wczasy/?filter[dest]=11:&filter[hotelids]=&filter[cityids]=&filter[cregids]=&filter[ofrType]=&filter[addObjType]=&filter[whenFrom]=10-10-2026&filter[whenTo]=05-11-2026&filter[duration]=7:10&filter[from]=&filter[person]=2&filter[child]=1&filter[price]=0:11000&filter[PriceFrom]=0&filter[PriceTo]=11000&filter[addCategory]=50&filter[addCatering]=1&filter[addMisc]=0&filter[addTransport]=F&filter[fp]=1&order_by=ofr_price&filter[tourOperator]=0&filter[childAge][1]=20201210","https://fly.pl/cdn/photo/assets/uploads/582/278/2014/07/Pharaoh-Azur-Resort.jpg","https://fly.pl/wycieczka/egipt,hurghada,c/sonesta-pharaoh/p2DpNfJzJq_Qsn48fL0gOrAAogiX2Ocd6Ky6T1sPY3wE0MlgAAAACuggQAfrsEAAcAAAAqBFdFWlkwqqqn1AZIxEFQQVjvC2ADaglFbnRlciBBaXJqBDA1MjVqBDAwMDBqBDAwMDByQZ4BkwGVAZgBHwAcAQIAFgQXAhGxARKlAxTTBEDxd0zLMk8AS4gfUAAbsKUBHYqNDyDQcQ2j2sEJARJjAQ5jAQIFDJcStQ/ofertasv/?filter[tourOperator]=WEZY&filter%5Bperson%5D=2&filter%5BchildAge%5D%5B1%5D=20201210&filter%5Bchild%5D=1"
"Red Sea Grand Waterworld Makadi (ex. Sunwing Waterworld Makadi)","8390.0","10.10.2026 - 17.10.2026","8 dni/6 nocy","","4.5","4.5","5539","tripadvisor","Все аэропорты","2026-08-22T16:58:15.973379+00:00","https://fly.pl/oferta/egipt-wczasy/?filter[dest]=11:&filter[hotelids]=&filter[cityids]=&filter[cregids]=&filter[ofrType]=&filter[addObjType]=&filter[whenFrom]=10-10-2026&filter[whenTo]=05-11-2026&filter[duration]=7:10&filter[from]=&filter[person]=2&filter[child]=1&filter[price]=0:11000&filter[PriceFrom]=0&filter[PriceTo]=11000&filter[addCategory]=50&filter[addCatering]=1&filter[addMisc]=0&filter[addTransport]=F&filter[fp]=1&order_by=ofr_price&filter[tourOperator]=0&filter[childAge][1]=20201210","https://fly.pl/cdn/photo/assets/uploads/582/278/2017/06/Red-Sea-Grand-Waterworld-Makadi.jpg","https://fly.pl/wycieczka/egipt,hurghada,makadi-bay/sunwing-waterworld-makadi/prBT65jCJRzIFNVwRTNAPfAAogoB6Zp15XFpCtyTZTS8jCf5wTHFxRihtoYAusfESxpYAqA0VUSTCqqqfUBkjGQVBBWIcJYAJyMRUGFwFcA1gFVgJA-wdbw4UBU50mUgBLiB9hAF6nMA33zdIJIAFRjeC99gMCEmMBAgrSkbOs/ofertasv/?filter[tourOperator]=ETI&filter%5Bperson%5D=2&filter%5BchildAge%5D%5B1%5D=20201210&filter%5Bchild%5D=1"
"Gravity Sahl Hasheesh (Ex. Ocean Breeze)","8404.0","29.10.2026 - 05.11.2026","8 dni/7 nocy","","4.7","4.7","3390","tripadvisor","Все аэропорты","2026-08-22T16:58:15.973379+00:00","https://fly.pl/oferta/egipt-wczasy/?filter[dest]=11:&filter[hotelids]=&filter[cityids]=&filter[cregids]=&filter[ofrType]=&filter[addObjType]=&filter[whenFrom]=10-10-2026&filter[whenTo]=05-11-2026&filter[duration]=7:10&filter[from]=&filter[person]=2&filter[child]=1&filter[price]=0:11000&filter[PriceFrom]=0&filter[PriceTo]=11000&filter[addCategory]=50&filter[addCatering]=1&filter[addMisc]=0&filter[addTransport]=F&filter[fp]=1&order_by=ofr_price&filter[tourOperator]=0&filter[childAge][1]=20201210","https://fly.pl/cdn/photo/assets/uploads/582/278/2018/10/Gravity-Sahl-Hasheesh.jpg","https://fly.pl/wycieczka/egipt,hurghada,c/ocean-breeze/p9Nnua9PCkhp5uZuP4rFMWAAogagnJEU8UsMgPfqi1DEwCUD6X2l5diRdIrf_KEmAYZzwqBFJOQlcwqqqn1AZI1EFQQVjPDGACagRDQWhlaiYxNiwyMzQsMjgzLDI5NiwzODAsMzg4LDQ3Nyw0ODMsNDg0LDQ4NXI1nwGeARUHFwBYCEDIBwooEakcEPMeGakZUqhXUwBLiB9hAB2M6UAPOSDslJIJDQACDWMBAgYXK55f/ofertasv/?filter[tourOperator]=RNBW&filter%5Bperson%5D=2&filter%5BchildAge%5D%5B1%5D=20201210&filter%5Bchild%5D=1"
"Swissotel Resort El Quseir","8406.0","17.10.2026 - 24.10.2026","8 dni/7 nocy","","4.5","4.5","2033","tripadvisor","Все аэропорты","2026-08-22T16:58:15.973379+00:00","https://fly.pl/oferta/egipt-wczasy/?filter[dest]=11:&filter[hotelids]=&filter[cityids]=&filter[cregids]=&filter[ofrType]=&filter[addObjType]=&filter[whenFrom]=10-10-2026&filter[whenTo]=05-11-2026&filter[duration]=7:10&filter[from]=&filter[person]=2&filter[child]=1&filter[price]=0:11000&filter[PriceFrom]=0&filter[PriceTo]=11000&filter[addCategory]=50&filter[addCatering]=1&filter[addMisc]=0&filter[addTransport]=F&filter[fp]=1&order_by=ofr_price&filter[tourOperator]=0&filter[childAge][1]=20201210","https://fly.pl/cdn/photo/assets/uploads/582/278/2015/02/RADISSON-BLU-m.jpg","https://fly.pl/wycieczka/egipt,marsa-alam,al-kusajr/radisson-blu-resort-el-quseir/pm7bWi0lBl9nOXebYVPmWLAAogUznc4aYMLrrNJL1bvwg8nGECgtijhDrT6bu4Y7o874kqBE9SRVgwqqqn1AZI1kFQQVivCmACagZESS4yLjFyNpsBFQcXAFwDWAVWAkDKBhHtFV2WDk8kXpnYAVO8FFIAS7EvYQBM5Yw6IKz9lwkNAAISYwECC4RT1-M/ofertasv/?filter[tourOperator]=OREX&filter%5Bperson%5D=2&filter%5BchildAge%5D%5B1%5D=20201210&filter%5Bchild%5D=1"
"Red Sea Grand Makadi (Makadi Bay)","8408.0","22.10.2026 - 29.10.2026","8 dni/6 nocy","","4.4","4.4","3300","tripadvisor","Все аэропорты","2026-08-22T16:58:15.973379+00:00","https://fly.pl/oferta/egipt-wczasy/?filter[dest]=11:&filter[hotelids]=&filter[cityids]=&filter[cregids]=&filter[ofrType]=&filter[addObjType]=&filter[whenFrom]=10-10-2026&filter[whenTo]=05-11-2026&filter[duration]=7:10&filter[from]=&filter[person]=2&filter[child]=1&filter[price]=0:11000&filter[PriceFrom]=0&filter[PriceTo]=11000&filter[addCategory]=50&filter[addCatering]=1&filter[addMisc]=0&filter[addTransport]=F&filter[fp]=1&order_by=ofr_price&filter[tourOperator]=0&filter[childAge][1]=20201210","https://fly.pl/cdn/photo/assets/uploads/582/278/2017/08/Grand-Makadi-Makadi-Bay-fly-pl-2.jpg","https://fly.pl/wycieczka/egipt,hurghada,makadi-bay/grand-makadi-makadi-bay/poIX5oA5iWZz3ho5eSNkiaAAoggKRBt6njz1joHAcejfvuMAJzUiqXFonNxJXq6i5fiB8qA0VUSTCqqqfUBkjYQVBBWKcLYAJyMRUGFwFcA1gFVgJA-wdbw4UBU50mUgBLiB9hAF6nMA2DztIJIAFRw9699gMCEmMBAgpB6UmJ/ofertasv/?filter[tourOperator]=ETI&filter%5Bperson%5D=2&filter%5BchildAge%5D%5B1%5D=20201210&filter%5Bchild%5D=1"
"Jaz Aquaviva","8477.0","29.10.2026 - 05.11.2026","9 dni/7 nocy","","4.7","4.7","10804","tripadvisor","Все аэропорты","2026-08-22T16:58:15.973379+00:00","https://fly.pl/oferta/egipt-wczasy/?filter[dest]=11:&filter[hotelids]=&filter[cityids]=&filter[cregids]=&filter[ofrType]=&filter[addObjType]=&filter[whenFrom]=10-10-2026&filter[whenTo]=05-11-2026&filter[duration]=7:10&filter[from]=&filter[person]=2&filter[child]=1&filter[price]=0:11000&filter[PriceFrom]=0&filter[PriceTo]=11000&filter[addCategory]=50&filter[addCatering]=1&filter[addMisc]=0&filter[addTransport]=F&filter[fp]=1&order_by=ofr_price&filter[tourOperator]=0&filter[childAge][1]=20201210","https://fly.pl/cdn/photo/assets/uploads/582/278/2015/07/Jaz-Aquaviva.jpg","https://fly.pl/wycieczka/egipt,hurghada,makadi-bay/jaz-makadi-aquaviva/pHijyvTfqC5AStxPasMwKEAAogHX4vXBqtHAc1JKEXu12uhP966lwJMXcBoSKWCVd3NSUqBEVYSU0wqqqn1AZInUJQAVjPDGADagJBSXIkHBG7_warBJ2pS7kERBvZpkAY4dpHAdjagqwNARJjAQxjAQILcOVL1A/ofertasv/?filter[tourOperator]=EXIM&filter%5Bperson%5D=2&filter%5BchildAge%5D%5B1%5D=20201210&filter%5Bchild%5D=1"
"Aurora Oriental Resort","8499.0","28.10.2026 - 05.11.2026","9 dni/8 nocy","","4.4","4.4","7190","tripadvisor","Все аэропорты","2026-08-22T16:58:15.973379+00:00","https://fly.pl/oferta/egipt-wczasy/?filter[dest]=11:&filter[hotelids]=&filter[cityids]=&filter[cregids]=&filter[ofrType]=&filter[addObjType]=&filter[whenFrom]=10-10-2026&filter[whenTo]=05-11-2026&filter[duration]=7:10&filter[from]=&filter[person]=2&filter[child]=1&filter[price]=0:11000&filter[PriceFrom]=0&filter[PriceTo]=11000&filter[addCategory]=50&filter[addCatering]=1&filter[addMisc]=0&filter[addTransport]=F&filter[fp]=1&order_by=ofr_price&filter[tourOperator]=0&filter[childAge][1]=20201210","https://fly.pl/cdn/photo/assets/uploads/582/278/2014/07/Aurora-Oriental-Resort.jpg","https://fly.pl/wycieczka/egipt,sharm-el-sheikh,szarm-el-szejk/oriental-resort/pprGCusfUVgNaTLN1i3ouiAAogUohFsSuCbLRJ6Fcsu-83HTZryUzwBl2_SNj0C1jABO4qBEpPSVAwqqqn1AZIs0JQQVi3DGACagNDR21yQpsBFAEVBhcBXAJYBVYCQMoGT-IBXQAR4cYBS9YDYQBepzBSpiBTAEyssDoNt_2XCSABAarf3Ki1yMygMAINYwEADJQMhkw/ofertasv/?filter[tourOperator]=JOIP&filter%5Bperson%5D=2&filter%5BchildAge%5D%5B1%5D=20201210&filter%5Bchild%5D=1"
"Jaz Palmariva Beach","8501.0","15.10.2026 - 22.10.2026","8 dni/7 nocy","","4.6","4.6","4056","tripadvisor","Все аэропорты","2026-08-22T16:58:15.973379+00:00","https://fly.pl/oferta/egipt-wczasy/?filter[dest]=11:&filter[hotelids]=&filter[cityids]=&filter[cregids]=&filter[ofrType]=&filter[addObjType]=&filter[whenFrom]=10-10-2026&filter[whenTo]=05-11-2026&filter[duration]=7:10&filter[from]=&filter[person]=2&filter[child]=1&filter[price]=0:11000&filter[PriceFrom]=0&filter[PriceTo]=11000&filter[addCategory]=50&filter[addCatering]=1&filter[addMisc]=0&filter[addTransport]=F&filter[fp]=1&order_by=ofr_price&filter[tourOperator]=0&filter[childAge][1]=20201210","https://fly.pl/cdn/photo/assets/uploads/582/278/2014/07/Labranda-Club-Makadi-ex-Club-Azur-fly-pl.jpg","https://fly.pl/wycieczka/egipt,hurghada,makadi-bay/club-azur/pZNb8ycjAZ-kU6X7u-Gcz8AAogIdw2bqs41XmqAM-O75CcCE4omdzNphRQmZcQm_QCUd8qBE9SRVgwqqqn1AZItUJQQVj_CWACagZENi4yLjFyNZsBFQcXAFwDWAVWAkDKBl3TDk9sEfUhU917UgBer09LgRJhAEzRvjogqv2XCQ0AAhJjAQIM57VyzA/ofertasv/?filter[tourOperator]=OREX&filter%5Bperson%5D=2&filter%5BchildAge%5D%5B1%5D=20201210&filter%5Bchild%5D=1"
"Jaz Sharm Dreams Resort","8505.0","28.10.2026 - 05.11.2026","9 dni/8 nocy","","4.3","4.3","6479","tripadvisor","Все аэропорты","2026-08-22T16:58:15.973379+00:00","https://fly.pl/oferta/egipt-wczasy/?filter[dest]=11:&filter[hotelids]=&filter[cityids]=&filter[cregids]=&filter[ofrType]=&filter[addObjType]=&filter[whenFrom]=10-10-2026&filter[whenTo]=05-11-2026&filter[duration]=7:10&filter[from]=&filter[person]=2&filter[child]=1&filter[price]=0:11000&filter[PriceFrom]=0&filter[PriceTo]=11000&filter[addCategory]=50&filter[addCatering]=1&filter[addMisc]=0&filter[addTransport]=F&filter[fp]=1&order_by=ofr_price&filter[tourOperator]=0&filter[childAge][1]=20201210","https://fly.pl/cdn/photo/assets/uploads/582/278/2014/07/Jaz-Sharm-Dreams.jpg","https://fly.pl/wycieczka/egipt,sharm-el-sheikh,c/hilton-sharm-dreams-resort/pJ6rYj75bEOZTO5UF5QZsyAAogLjhZqwIBdqIp9uvfgHD7EzZryUzwBl2_SNj0C1jABO4qBEpPSVAwqqqn1AZIuUJQQVi3DGACagMwMllyQpsBFAEVBhcBXAJYBVYCQMoGT-IBXQARxMYBS_MDYQBepzBSpiBTAEyssDoNt_2XCSABAa-fkKm1yMygMAINYwEADA68UhQ/ofertasv/?filter[tourOperator]=JOIP&filter%5Bperson%5D=2&filter%5BchildAge%5D%5B1%5D=20201210&filter%5Bchild%5D=1"
"Steigenberger Aqua Magic","8507.0","27.10.2026 - 03.11.2026","9 dni/7 nocy","","4.6","4.6","10361","tripadvisor","Все аэропорты","2026-08-22T16:58:15.973379+00:00","https://fly.pl/oferta/egipt-wczasy/?filter[dest]=11:&filter[hotelids]=&filter[cityids]=&filter[cregids]=&filter[ofrType]=&filter[addObjType]=&filter[whenFrom]=10-10-2026&filter[whenTo]=05-11-2026&filter[duration]=7:10&filter[from]=&filter[person]=2&filter[child]=1&filter[price]=0:11000&filter[PriceFrom]=0&filter[PriceTo]=11000&filter[addCategory]=50&filter[addCatering]=1&filter[addMisc]=0&filter[addTransport]=F&filter[fp]=1&order_by=ofr_price&filter[tourOperator]=0&filter[childAge][1]=20201210","https://fly.pl/cdn/photo/assets/uploads/582/278/2014/09/Steigenberger-Aqua-Magic.jpg","https://fly.pl/wycieczka/egipt,hurghada,c/steigenberger-aqua-magic/p2GA5CcGwbxCfVcxcxG-wpAAog5WwAnsMZGKppjUCWmQXP-pmSZ-ZO1HkJPLAVYySL8QwqBEVYSU0wqqqn1AZIu0JQAVifDGACagJBSXIhHBGagAe5BJmnS6sEXhuI2kAYqshIAfuvobMNAhJjAQILJ-XC2Q/ofertasv/?filter[tourOperator]=EXIM&filter%5Bperson%5D=2&filter%5BchildAge%5D%5B1%5D=20201210&filter%5Bchild%5D=1"
"Stella Beach Resort & Spa","8523.0","25.10.2026 - 01.11.2026","8 dni/7 nocy","","4.4","4.4","6832","tripadvisor","Все аэропорты","2026-08-22T16:58:15.973379+00:00","https://fly.pl/oferta/egipt-wczasy/?filter[dest]=11:&filter[hotelids]=&filter[cityids]=&filter[cregids]=&filter[ofrType]=&filter[addObjType]=&filter[whenFrom]=10-10-2026&filter[whenTo]=05-11-2026&filter[duration]=7:10&filter[from]=&filter[person]=2&filter[child]=1&filter[price]=0:11000&filter[PriceFrom]=0&filter[PriceTo]=11000&filter[addCategory]=50&filter[addCatering]=1&filter[addMisc]=0&filter[addTransport]=F&filter[fp]=1&order_by=ofr_price&filter[tourOperator]=0&filter[childAge][1]=20201210","https://fly.pl/cdn/photo/assets/uploads/582/278/2014/10/Stella-Di-Mare-Beach-Resort-Spa.jpg","https://fly.pl/wycieczka/egipt,hurghada,makadi-bay/stella-makadi-resort/pUfiX0aMXgHXkGJSUwiVVeAAogvyl2NlxIR7jy5DL2dRkqr2sfmPE5MosFyu9Bpr8s0iIqBE9BU0kwqqqn1AZIy0JQAVjvC2ACagNBSWxyIRwRqaoBqwSK9A-5BB0bxJ8MGK6YFAGq042ZAgIAYwECBfDPACg/ofertasv/?filter[tourOperator]=OASI&filter%5Bperson%5D=2&filter%5BchildAge%5D%5B1%5D=20201210&filter%5Bchild%5D=1"
"Charmillion Garden Aqua Park","8533.0","28.10.2026 - 05.11.2026","9 dni/8 nocy","","4.6","4.6","2255","tripadvisor","Все аэропорты","2026-08-22T16:58:15.973379+00:00","https://fly.pl/oferta/egipt-wczasy/?filter[dest]=11:&filter[hotelids]=&filter[cityids]=&filter[cregids]=&filter[ofrType]=&filter[addObjType]=&filter[whenFrom]=10-10-2026&filter[whenTo]=05-11-2026&filter[duration]=7:10&filter[from]=&filter[person]=2&filter[child]=1&filter[price]=0:11000&filter[PriceFrom]=0&filter[PriceTo]=11000&filter[addCategory]=50&filter[addCatering]=1&filter[addMisc]=0&filter[addTransport]=F&filter[fp]=1&order_by=ofr_price&filter[tourOperator]=0&filter[childAge][1]=20201210","https://fly.pl/cdn/photo/assets/uploads/582/278/2014/07/Charmillion-Gardens-Aqua-Park-ex.-Sea-Garden.jpg","https://fly.pl/wycieczka/egipt,sharm-el-sheikh,nabq-bay/sea-gardens-sharm-el-sheikh/phf8f_mHQQ0hbY6n3bD0FuAAogA7hRjPp8HmZ0WMqAFBf05jZryUzwBl2_SNj0C1jABO4qBEpPSVAwqqqn1AZI1UJQQVi3DGACagMwbkhyQpsBFAEVBhcBXAJYBVYCQMoGT-IBXQARoMYBS5cEYQBepzBSpiBTAEyssDoNt_2XCSABAZHB4Ki1yMygMAINYwEADKefp6Y/ofertasv/?filter[tourOperator]=JOIP&filter%5Bperson%5D=2&filter%5BchildAge%5D%5B1%5D=20201210&filter%5Bchild%5D=1"
"Jaz Makadi Oasis Resort","8587.0","27.10.2026 - 03.11.2026","9 dni/7 nocy","","4.7","4.7","5329","tripadvisor","Все аэропорты","2026-08-22T16:58:15.973379+00:00","https://fly.pl/oferta/egipt-wczasy/?filter[dest]=11:&filter[hotelids]=&filter[cityids]=&filter[cregids]=&filter[ofrType]=&filter[addObjType]=&filter[whenFrom]=10-10-2026&filter[whenTo]=05-11-2026&filter[duration]=7:10&filter[from]=&filter[person]=2&filter[child]=1&filter[price]=0:11000&filter[PriceFrom]=0&filter[PriceTo]=11000&filter[addCategory]=50&filter[addCatering]=1&filter[addMisc]=0&filter[addTransport]=F&filter[fp]=1&order_by=ofr_price&filter[tourOperator]=0&filter[childAge][1]=20201210","https://fly.pl/cdn/photo/assets/uploads/582/278/2015/04/Jaz-Makadi-Oasis.jpg","https://fly.pl/wycieczka/egipt,hurghada,makadi-bay/iberotel-makadi-club-oasis/p4wfhcoJWs5IHDZlvBEOszAAogxKQfOfFEieQO_tTgcsXi5ZmSZ-ZO1HkJPLAVYySL8QwqBEVYSU0wqqqn1AZIi0NQAVifDGADagJBSXIkHBG__wa5BPSnS6sEXhvMqUAYv9pHAdDUjKwNARJjAQxjAQIL3zD8UQ/ofertasv/?filter[tourOperator]=EXIM&filter%5Bperson%5D=2&filter%5BchildAge%5D%5B1%5D=20201210&filter%5Bchild%5D=1"
"Domina Coral Bay Oasis","8654.0","13.10.2026 - 20.10.2026","8 dni/7 nocy","","4.2","4.2","12393","tripadvisor","Все аэропорты","2026-08-22T16:58:15.973379+00:00","https://fly.pl/oferta/egipt-wczasy/?filter[dest]=11:&filter[hotelids]=&filter[cityids]=&filter[cregids]=&filter[ofrType]=&filter[addObjType]=&filter[whenFrom]=10-10-2026&filter[whenTo]=05-11-2026&filter[duration]=7:10&filter[from]=&filter[person]=2&filter[child]=1&filter[price]=0:11000&filter[PriceFrom]=0&filter[PriceTo]=11000&filter[addCategory]=50&filter[addCatering]=1&filter[addMisc]=0&filter[addTransport]=F&filter[fp]=1&order_by=ofr_price&filter[tourOperator]=0&filter[childAge][1]=20201210","https://fly.pl/cdn/photo/assets/uploads/582/278/2014/07/Domina-Coral-Bay-Oasis.jpg","https://fly.pl/wycieczka/egipt,sharm-el-sheikh,c/domina-coral-bay-oasis/pKAkok0pY0F1YJbjd3vlU7AAogvkSs33HP7zMRMBxz5aixTVATkd0Et3pHZ-B5Uah2j-0qBEpPSVAwrKqn1AZIzkNQQVjPCWACagMwMEZyQpsBFAEVBhcAXANYBVYCQMoGT-IBXQAR4MgBS9cBYQBepzBSpiBTAEyssDoNqP2XCSAAAbzJhIG0icygMAINYwEADCUbNoc/ofertasv/?filter[tourOperator]=JOIP&filter%5Bperson%5D=2&filter%5BchildAge%5D%5B1%5D=20201210&filter%5Bchild%5D=1"
"Domina Coral Bay Bella Vista","8654.0","13.10.2026 - 20.10.2026","8 dni/7 nocy","","4.2","4.2","12393","tripadvisor","Все аэропорты","2026-08-22T16:58:15.973379+00:00","https://fly.pl/oferta/egipt-wczasy/?filter[dest]=11:&filter[hotelids]=&filter[cityids]=&filter[cregids]=&filter[ofrType]=&filter[addObjType]=&filter[whenFrom]=10-10-2026&filter[whenTo]=05-11-2026&filter[duration]=7:10&filter[from]=&filter[person]=2&filter[child]=1&filter[price]=0:11000&filter[PriceFrom]=0&filter[PriceTo]=11000&filter[addCategory]=50&filter[addCatering]=1&filter[addMisc]=0&filter[addTransport]=F&filter[fp]=1&order_by=ofr_price&filter[tourOperator]=0&filter[childAge][1]=20201210","https://fly.pl/cdn/photo/assets/uploads/582/278/2024/07/domina-coral-bay-bellavista.jpg","https://fly.pl/wycieczka/egipt,sharm-el-sheikh,szarm-el-szejk/domina-coral-bay-bellavista-12/paVaMvi7z5Lj1pHRhIeWwNAAogLU3oae3uK0lMMsUQWUBaeVATkd0Et3pHZ-B5Uah2j-0qBEpPSVAwrKqn1AZIzkNQQVjPCWACagMxMnFyQ5sBFAEVBhcAXANYBVYCQMoGT-IBXQBLt8oBYQBepzBSpiBTABH0pgFMuIk5Daj9lwkgAAGesezIpYnMoDACDWMBAAwdT7XA/ofertasv/?filter[tourOperator]=JOIP&filter%5Bperson%5D=2&filter%5BchildAge%5D%5B1%5D=20201210&filter%5Bchild%5D=1"
"Safir Dahab Resort","8666.0","28.10.2026 - 05.11.2026","9 dni/8 nocy","","4.5","4.5","1491","tripadvisor","Все аэропорты","2026-08-22T16:58:15.973379+00:00","https://fly.pl/oferta/egipt-wczasy/?filter[dest]=11:&filter[hotelids]=&filter[cityids]=&filter[cregids]=&filter[ofrType]=&filter[addObjType]=&filter[whenFrom]=10-10-2026&filter[whenTo]=05-11-2026&filter[duration]=7:10&filter[from]=&filter[person]=2&filter[child]=1&filter[price]=0:11000&filter[PriceFrom]=0&filter[PriceTo]=11000&filter[addCategory]=50&filter[addCatering]=1&filter[addMisc]=0&filter[addTransport]=F&filter[fp]=1&order_by=ofr_price&filter[tourOperator]=0&filter[childAge][1]=20201210","https://fly.pl/cdn/photo/assets/uploads/582/278/2015/09/Safir-Dahab-Resort.jpg","https://fly.pl/wycieczka/egipt,dahab,c/dahab-resort/ppCgX0t9pcz18qJ5r8tpBUAAogb-wvzB_Js_ax1HFdSa1f9DZryUzwBl2_SNj0C1jABO4qBEpPSVAwrKqn1AZI2kNQQVi3DGACagNDR21yQpsBFAEVBhcBXAJYBVYCQMoGT-IBXQBLt8oBYQBepzARxARS4htTAEyssDoNt_2XCSABAa3dxKi1yMygMAINYwEAC-RW65s/ofertasv/?filter[tourOperator]=JOIP&filter%5Bperson%5D=2&filter%5BchildAge%5D%5B1%5D=20201210&filter%5Bchild%5D=1"
"Jaz Mirabel Park","8677.0","13.10.2026 - 20.10.2026","8 dni/7 nocy","","4.4","4.4","4043","tripadvisor","Все аэропорты","2026-08-22T16:58:15.973379+00:00","https://fly.pl/oferta/egipt-wczasy/?filter[dest]=11:&filter[hotelids]=&filter[cityids]=&filter[cregids]=&filter[ofrType]=&filter[addObjType]=&filter[whenFrom]=10-10-2026&filter[whenTo]=05-11-2026&filter[duration]=7:10&filter[from]=&filter[person]=2&filter[child]=1&filter[price]=0:11000&filter[PriceFrom]=0&filter[PriceTo]=11000&filter[addCategory]=50&filter[addCatering]=1&filter[addMisc]=0&filter[addTransport]=F&filter[fp]=1&order_by=ofr_price&filter[tourOperator]=0&filter[childAge][1]=20201210","https://fly.pl/cdn/photo/assets/uploads/582/278/2014/07/Jaz-Mirabel-Park-fly-pl.jpg","https://fly.pl/wycieczka/egipt,sharm-el-sheikh,c/jaz-mirabel-park/pJWsfmCVm83_eo9-fe9Py1AAog0u1tr9KxpdRBOmvdv5vIoVATkd0Et3pHZ-B5Uah2j-0qBEpPSVAwrKqn1AZI5UNQQVjPCWACckMUARUGFwBcA1gFVgJAygZP4gFdAFvyAhGlwwFLoARhAF6nMFKmIFMATKywOg2o_ZcJIAABvru4kIOJzKAwAg1jAQAM1f1k1Q/ofertasv/?filter[tourOperator]=JOIP&filter%5Bperson%5D=2&filter%5BchildAge%5D%5B1%5D=20201210&filter%5Bchild%5D=1"
"Fantazia Resort","8703.0","17.10.2026 - 24.10.2026","8 dni/7 nocy","","4.4","4.4","5979","tripadvisor","Все аэропорты","2026-08-22T16:58:15.973379+00:00","https://fly.pl/oferta/egipt-wczasy/?filter[dest]=11:&filter[hotelids]=&filter[cityids]=&filter[cregids]=&filter[ofrType]=&filter[addObjType]=&filter[whenFrom]=10-10-2026&filter[whenTo]=05-11-2026&filter[duration]=7:10&filter[from]=&filter[person]=2&filter[child]=1&filter[price]=0:11000&filter[PriceFrom]=0&filter[PriceTo]=11000&filter[addCategory]=50&filter[addCatering]=1&filter[addMisc]=0&filter[addTransport]=F&filter[fp]=1&order_by=ofr_price&filter[tourOperator]=0&filter[childAge][1]=20201210","https://fly.pl/cdn/photo/assets/uploads/582/278/2016/11/Fantazia-Resort.jpg","https://fly.pl/wycieczka/egipt,marsa-alam,c/fantazia-resort/pDDEM3HdcTasZuqRzilDymAAogcVbi6MAzN4F2O-ADYf2Th2ECgtijhDrT6bu4Y7o874kqBE9SRVgwrKqn1AZI_0NQQVivCmACagZEUS4yLjFyNpsBFQcXAFwDWAVWAkDKBhG0C13PGE8kXpnYAVO8FFIAS7EvYQBM5Yw6IKz9lwkNAAISYwECDaDaIHI/ofertasv/?filter[tourOperator]=OREX&filter%5Bperson%5D=2&filter%5BchildAge%5D%5B1%5D=20201210&filter%5Bchild%5D=1"
"Concorde El Salam Sport","8715.0","27.10.2026 - 03.11.2026","8 dni/7 nocy","","4.8","4.8","1458","tripadvisor","Все аэропорты","2026-08-22T16:58:15.973379+00:00","https://fly.pl/oferta/egipt-wczasy/?filter[dest]=11:&filter[hotelids]=&filter[cityids]=&filter[cregids]=&filter[ofrType]=&filter[addObjType]=&filter[whenFrom]=10-10-2026&filter[whenTo]=05-11-2026&filter[duration]=7:10&filter[from]=&filter[person]=2&filter[child]=1&filter[price]=0:11000&filter[PriceFrom]=0&filter[PriceTo]=11000&filter[addCategory]=50&filter[addCatering]=1&filter[addMisc]=0&filter[addTransport]=F&filter[fp]=1&order_by=ofr_price&filter[tourOperator]=0&filter[childAge][1]=20201210","https://fly.pl/cdn/photo/assets/uploads/582/278/2024/07/concorde-el-salam-sport.jpg","https://fly.pl/wycieczka/egipt,sharm-el-sheikh,szarm-el-szejk/concorde-el-salam-sport-15/p_NkovXZWMy0oa8HYr7uZZAAog-xjyYLmQUxwR7ojpSi-zgpgpXVUQjygZk0IwIA3_YjEqBE9BU0kwrKqn1AZIi0RQAVifDGACagNBSWxyIRwR-q8BuQTK9g-rBAIbrpAPGPKcEgHn16WfAgICYwECC6uJtow/ofertasv/?filter[tourOperator]=OASI&filter%5Bperson%5D=2&filter%5BchildAge%5D%5B1%5D=20201210&filter%5Bchild%5D=1"
"Titanic Palace Resort","8767.0","29.10.2026 - 05.11.2026","8 dni/7 nocy","","4.5","4.5","7334","tripadvisor","Все аэропорты","2026-08-22T16:58:15.973379+00:00","https://fly.pl/oferta/egipt-wczasy/?filter[dest]=11:&filter[hotelids]=&filter[cityids]=&filter[cregids]=&filter[ofrType]=&filter[addObjType]=&filter[whenFrom]=10-10-2026&filter[whenTo]=05-11-2026&filter[duration]=7:10&filter[from]=&filter[person]=2&filter[child]=1&filter[price]=0:11000&filter[PriceFrom]=0&filter[PriceTo]=11000&filter[addCategory]=50&filter[addCatering]=1&filter[addMisc]=0&filter[addTransport]=F&filter[fp]=1&order_by=ofr_price&filter[tourOperator]=0&filter[childAge][1]=20201210","https://fly.pl/cdn/photo/assets/uploads/582/278/2014/07/Titanic-Palace-Resort.jpg","https://fly.pl/wycieczka/egipt,hurghada,c/titanic-palace-2/pc3YPSM5fGLVi7mj2-HAaVAAog2JpemRb_-53gRIIZrKD3czhizLKSn9rMjUnszKihUT4qBEVYSU0wrKqn1AZIv0RQAVjPDGACagNVQUlyIxwRj7sGuQSZgj6rBILfDRvMjkEYseRIAYPEjbgNAgBjAQILVVg5lA/ofertasv/?filter[tourOperator]=EXIM&filter%5Bperson%5D=2&filter%5BchildAge%5D%5B1%5D=20201210&filter%5Bchild%5D=1"
"Jasmine Palace","8787.0","10.10.2026 - 18.10.2026","9 dni/7 nocy","","4.1","4.1","7605","tripadvisor","Все аэропорты","2026-08-22T16:58:15.973379+00:00","https://fly.pl/oferta/egipt-wczasy/?filter[dest]=11:&filter[hotelids]=&filter[cityids]=&filter[cregids]=&filter[ofrType]=&filter[addObjType]=&filter[whenFrom]=10-10-2026&filter[whenTo]=05-11-2026&filter[duration]=7:10&filter[from]=&filter[person]=2&filter[child]=1&filter[price]=0:11000&filter[PriceFrom]=0&filter[PriceTo]=11000&filter[addCategory]=50&filter[addCatering]=1&filter[addMisc]=0&filter[addTransport]=F&filter[fp]=1&order_by=ofr_price&filter[tourOperator]=0&filter[childAge][1]=20201210","https://fly.pl/cdn/photo/assets/uploads/582/278/2014/07/Jasmine-Palace.jpg","https://fly.pl/wycieczka/egipt,hurghada,c/jasmine-palace/p4OfDeJcrFvP_bxeRaB-oBAAogQrCXpif4vW2BBNZkzNsHaHdgBJoKFUIfFufswaFhqeIqBEVDQ1gwrKqn1AZI00RQAViHCWACagJBSXIgHBG5UbkEmYkWqwQbGOjbLRvEqEIBj9qL-gECAGMBAgv93Xzn/ofertasv/?filter[tourOperator]=ECCX&filter%5Bperson%5D=2&filter%5BchildAge%5D%5B1%5D=20201210&filter%5Bchild%5D=1"
"True Beach Resort","8799.0","20.10.2026 - 27.10.2026","8 dni/7 nocy","","4.3","4.3","149","tripadvisor","Все аэропорты","2026-08-22T16:58:15.973379+00:00","https://fly.pl/oferta/egipt-wczasy/?filter[dest]=11:&filter[hotelids]=&filter[cityids]=&filter[cregids]=&filter[ofrType]=&filter[addObjType]=&filter[whenFrom]=10-10-2026&filter[whenTo]=05-11-2026&filter[duration]=7:10&filter[from]=&filter[person]=2&filter[child]=1&filter[price]=0:11000&filter[PriceFrom]=0&filter[PriceTo]=11000&filter[addCategory]=50&filter[addCatering]=1&filter[addMisc]=0&filter[addTransport]=F&filter[fp]=1&order_by=ofr_price&filter[tourOperator]=0&filter[childAge][1]=20201210","https://fly.pl/cdn/photo/assets/uploads/582/278/2014/09/True-Beach-Resort.jpg","https://fly.pl/wycieczka/egipt,marsa-alam,c/laguna-beach-marsa-alam/p_MDNCTSX1yX222sNTStv-AAogJJU9OfTw6aO_XPL_KvITigAAAABZpgQAdaYEAAcAAQAqBFdFWlkwrKqn1AZI30RQQVj3CmADaglFbnRlciBBaXJqBDA3MDByQp4BlQEfAAIBHAAWBBcCEtUCGJYFE64DFJQFS_hoUABA9QcRwWtM9SpPAB2CtRAgHBvb6mMNzJneCAESYwEMYwECBe4lLk4/ofertasv/?filter[tourOperator]=WEZY&filter%5Bperson%5D=2&filter%5BchildAge%5D%5B1%5D=20201210&filter%5Bchild%5D=1"
"Sirena Beach Resort & Spa","8802.0","17.10.2026 - 24.10.2026","8 dni/7 nocy","","4.7","4.7","466","tripadvisor","Все аэропорты","2026-08-22T16:58:15.973379+00:00","https://fly.pl/oferta/egipt-wczasy/?filter[dest]=11:&filter[hotelids]=&filter[cityids]=&filter[cregids]=&filter[ofrType]=&filter[addObjType]=&filter[whenFrom]=10-10-2026&filter[whenTo]=05-11-2026&filter[duration]=7:10&filter[from]=&filter[person]=2&filter[child]=1&filter[price]=0:11000&filter[PriceFrom]=0&filter[PriceTo]=11000&filter[addCategory]=50&filter[addCatering]=1&filter[addMisc]=0&filter[addTransport]=F&filter[fp]=1&order_by=ofr_price&filter[tourOperator]=0&filter[childAge][1]=20201210","https://datacfstatic.merlinx.pl/OREX/IMG/3216/86c44a9a8004959be2f4ed092ee91d3286d5e121550a04aac54449146091b82b.webp","https://fly.pl/wycieczka/egipt,marsa-alam,al-kusajr/movenpick-sirena-beach-13/p6wPmEmoktuUbHWRaT2Y8dAAogVG-i4pDTkxNhoT4l2VHVn2ECgtijhDrT6bu4Y7o874kqBE9SRVgwrKqn1AZI4kRQQVivCmACagdHS1guMi4xcjabARUHFwBcA1gFVgJAygYRtRJdzhFPJF6Z2AFTvBRSAEuxL2EATOWMOiCs_ZcJDQACEmMBAg2-RwYA/ofertasv/?filter[tourOperator]=OREX&filter%5Bperson%5D=2&filter%5BchildAge%5D%5B1%5D=20201210&filter%5Bchild%5D=1"
"Azur One Eleven","8802.0","16.10.2026 - 23.10.2026","8 dni/7 nocy","","","","","","Все аэропорты","2026-08-22T16:58:15.973379+00:00","https://fly.pl/oferta/egipt-wczasy/?filter[dest]=11:&filter[hotelids]=&filter[cityids]=&filter[cregids]=&filter[ofrType]=&filter[addObjType]=&filter[whenFrom]=10-10-2026&filter[whenTo]=05-11-2026&filter[duration]=7:10&filter[from]=&filter[person]=2&filter[child]=1&filter[price]=0:11000&filter[PriceFrom]=0&filter[PriceTo]=11000&filter[addCategory]=50&filter[addCatering]=1&filter[addMisc]=0&filter[addTransport]=F&filter[fp]=1&order_by=ofr_price&filter[tourOperator]=0&filter[childAge][1]=20201210","https://datacfstatic.merlinx.pl/WEZY/IMG/78894/cc8d1d51077096f59944ba845d3d6e137f5026f7347a564b583f668b9da31318.webp","https://fly.pl/wycieczka/egipt,dolny-egipt,al-alamajn/azur-one-eleven-12/p_WhVJ9Q5VNzD-uPIDU4tZAAogt32iqRW8yQ2swq_MhsKRGwAAAAAkmAQA364FAAcAHQAqBFdFWlkwrKqn1AZI4kRQQViXCmADaglFbnRlciBBaXJqBDA2NDByRZ4BkwEfAAIBHAAWBBcCEu0DFIoFFTcYwAJArHVPxgVMAEuhwAFQABGmoQId9scNILutBBvukmENy-DcCAESYwEMYwECBRGDsbM/ofertasv/?filter[tourOperator]=WEZY&filter%5Bperson%5D=2&filter%5BchildAge%5D%5B1%5D=20201210&filter%5Bchild%5D=1"
"Gemma Resort (ex. Labranda Gemma Premium Resort)","8835.0","20.10.2026 - 27.10.2026","8 dni/7 nocy","","4.5","4.5","5536","tripadvisor","Все аэропорты","2026-08-22T16:58:15.973379+00:00","https://fly.pl/oferta/egipt-wczasy/?filter[dest]=11:&filter[hotelids]=&filter[cityids]=&filter[cregids]=&filter[ofrType]=&filter[addObjType]=&filter[whenFrom]=10-10-2026&filter[whenTo]=05-11-2026&filter[duration]=7:10&filter[from]=&filter[person]=2&filter[child]=1&filter[price]=0:11000&filter[PriceFrom]=0&filter[PriceTo]=11000&filter[addCategory]=50&filter[addCatering]=1&filter[addMisc]=0&filter[addTransport]=F&filter[fp]=1&order_by=ofr_price&filter[tourOperator]=0&filter[childAge][1]=20201210","https://fly.pl/cdn/photo/assets/uploads/582/278/2015/06/Gemma-Resort.jpg","https://fly.pl/wycieczka/egipt,marsa-alam,c/gemma-resort/pBEgG_rQdRFtrq7nUCCHjSAAogaVPXdyVtXuaEQ6I-siYA8wAAAABZpgQAdaYEAAcAAQAqBFdFWlkwrKqn1AZIg0VQQVj3CmADaglFbnRlciBBaXJqBDA3MDByQp4BlQEfAAIBHAAWBBcCEtUCGJYFE64DFJQFEfpGS_4hUABA9QdMtpYBTwAblWEd7dMPIBwNp4TCCQESYwEOYwECBpPtBcs/ofertasv/?filter[tourOperator]=WEZY&filter%5Bperson%5D=2&filter%5BchildAge%5D%5B1%5D=20201210&filter%5Bchild%5D=1"
"Concorde Moreen Beach Resort & Spa","8852.0","17.10.2026 - 24.10.2026","8 dni/7 nocy","","4.5","4.5","5598","tripadvisor","Все аэропорты","2026-08-22T16:58:15.973379+00:00","https://fly.pl/oferta/egipt-wczasy/?filter[dest]=11:&filter[hotelids]=&filter[cityids]=&filter[cregids]=&filter[ofrType]=&filter[addObjType]=&filter[whenFrom]=10-10-2026&filter[whenTo]=05-11-2026&filter[duration]=7:10&filter[from]=&filter[person]=2&filter[child]=1&filter[price]=0:11000&filter[PriceFrom]=0&filter[PriceTo]=11000&filter[addCategory]=50&filter[addCatering]=1&filter[addMisc]=0&filter[addTransport]=F&filter[fp]=1&order_by=ofr_price&filter[tourOperator]=0&filter[childAge][1]=20201210","https://fly.pl/cdn/photo/assets/uploads/582/278/2014/07/Concorde-Moreen-Beach-Resort-Spa-fly-pl.jpg","https://fly.pl/wycieczka/egipt,marsa-alam,c/concorde-moreen-beach-spa-resort/pDGDGoKzmD8m56kQ99DdkOAAogRv_RICAUWApNhZrT6PeqL2ECgtijhDrT6bu4Y7o874kqBE9SRVgwrKqn1AZIlEVQQVivCmACagZESS4yLjFyNpsBFQcXAFwDWAVWAkDKBhHuDV2VFk8kXpnYAVO8FFIAS7EvYQBM5Yw6IKz9lwkNAAISYwECC6-lziI/ofertasv/?filter[tourOperator]=OREX&filter%5Bperson%5D=2&filter%5BchildAge%5D%5B1%5D=20201210&filter%5Bchild%5D=1"
"Tropitel Sahl Hasheesh","8883.0","15.10.2026 - 22.10.2026","9 dni/7 nocy","","4.7","4.7","10168","tripadvisor","Все аэропорты","2026-08-22T16:58:15.973379+00:00","https://fly.pl/oferta/egipt-wczasy/?filter[dest]=11:&filter[hotelids]=&filter[cityids]=&filter[cregids]=&filter[ofrType]=&filter[addObjType]=&filter[whenFrom]=10-10-2026&filter[whenTo]=05-11-2026&filter[duration]=7:10&filter[from]=&filter[person]=2&filter[child]=1&filter[price]=0:11000&filter[PriceFrom]=0&filter[PriceTo]=11000&filter[addCategory]=50&filter[addCatering]=1&filter[addMisc]=0&filter[addTransport]=F&filter[fp]=1&order_by=ofr_price&filter[tourOperator]=0&filter[childAge][1]=20201210","https://fly.pl/cdn/photo/assets/uploads/582/278/2014/10/Tropitel-Sahl-Hasheesh.jpg","https://fly.pl/wycieczka/egipt,hurghada,c/tropitel-sahl-hasheesh/putt6D8Txp5LVcXnDIB1D3AAogqr4LM6An9mQDSNh7z1x2fbjBNkQonAM7XDu90kyV7SoqBFJOQlcwrKqn1AZIs0VQQVj_CWACagRCd2NkaiYxNiwyMzQsMjgzLDI5NiwzODAsMzg4LDQ3Nyw0ODMsNDg0LDQ4NXI2nwGeARUHFwFYBwrQAUD4BRHEARmpUxDDC1LlS1MAS4gfYQAdiOlADzkg4pSSCQ0AAgxjAQIFvUc4GQ/ofertasv/?filter[tourOperator]=RNBW&filter%5Bperson%5D=2&filter%5BchildAge%5D%5B1%5D=20201210&filter%5Bchild%5D=1"
"Swiss Inn Resort Hurghada (ex. Hilton Hurghada Resort)","8887.0","21.10.2026 - 28.10.2026","8 dni/7 nocy","","4.5","4.5","1869","tripadvisor","Все аэропорты","2026-08-22T16:58:15.973379+00:00","https://fly.pl/oferta/egipt-wczasy/?filter[dest]=11:&filter[hotelids]=&filter[cityids]=&filter[cregids]=&filter[ofrType]=&filter[addObjType]=&filter[whenFrom]=10-10-2026&filter[whenTo]=05-11-2026&filter[duration]=7:10&filter[from]=&filter[person]=2&filter[child]=1&filter[price]=0:11000&filter[PriceFrom]=0&filter[PriceTo]=11000&filter[addCategory]=50&filter[addCatering]=1&filter[addMisc]=0&filter[addTransport]=F&filter[fp]=1&order_by=ofr_price&filter[tourOperator]=0&filter[childAge][1]=20201210","https://fly.pl/cdn/photo/assets/uploads/582/278/2014/07/Swiss-Inn-Resort-Hurghada.jpg","https://fly.pl/wycieczka/egipt,hurghada,c/hilton-resort/pxx1g1Bt3TD0prR57ncz9pAAogBPxRjJUNxlM5GsP1oJ_9PG3ofoL-v4oDRaCPaKJzqGAqBEpPSVAwrKqn1AZIt0VQQViPC2ACagNNSW9yQpsBFAEVBhcAXANYBVYCQMoGT-IBXQBSr6sBUwARjBpL_ARhAF6nMEzS0DoNsP2XCSAAAZuzyKiDh8ygMAINYwEAC86KIrc/ofertasv/?filter[tourOperator]=JOIP&filter%5Bperson%5D=2&filter%5BchildAge%5D%5B1%5D=20201210&filter%5Bchild%5D=1"
"Serenity Alpha Beach (ex. Serenity Makadi Beach)","8940.0","25.10.2026 - 01.11.2026","8 dni/7 nocy","","4.6","4.6","6589","tripadvisor","Все аэропорты","2026-08-22T16:58:15.973379+00:00","https://fly.pl/oferta/egipt-wczasy/?filter[dest]=11:&filter[hotelids]=&filter[cityids]=&filter[cregids]=&filter[ofrType]=&filter[addObjType]=&filter[whenFrom]=10-10-2026&filter[whenTo]=05-11-2026&filter[duration]=7:10&filter[from]=&filter[person]=2&filter[child]=1&filter[price]=0:11000&filter[PriceFrom]=0&filter[PriceTo]=11000&filter[addCategory]=50&filter[addCatering]=1&filter[addMisc]=0&filter[addTransport]=F&filter[fp]=1&order_by=ofr_price&filter[tourOperator]=0&filter[childAge][1]=20201210","https://fly.pl/cdn/photo/assets/uploads/582/278/2014/07/Serenity-Alpha-Beach.jpg","https://fly.pl/wycieczka/egipt,hurghada,makadi-bay/serenity-makadi-heights/pSZ9swd0dzb4UdG1hmTsJ-AAogVd_rHv3IlMrldaSaD2GYomsfmPE5MosFyu9Bpr8s0iIqBE9BU0kwrKqn1AZI7EVQAVjvC2ACagNVQUlyIRwRpsABqwSN3g-5BB0b-psPGOqOEwHwhOakAgIAYwECC-nJyBg/ofertasv/?filter[tourOperator]=OASI&filter%5Bperson%5D=2&filter%5BchildAge%5D%5B1%5D=20201210&filter%5Bchild%5D=1"
"Serenity Alma Heights (ex. Serenity Fun City)","8955.0","15.10.2026 - 22.10.2026","8 dni/7 nocy","","4.7","4.7","5484","tripadvisor","Все аэропорты","2026-08-22T16:58:15.973379+00:00","https://fly.pl/oferta/egipt-wczasy/?filter[dest]=11:&filter[hotelids]=&filter[cityids]=&filter[cregids]=&filter[ofrType]=&filter[addObjType]=&filter[whenFrom]=10-10-2026&filter[whenTo]=05-11-2026&filter[duration]=7:10&filter[from]=&filter[person]=2&filter[child]=1&filter[price]=0:11000&filter[PriceFrom]=0&filter[PriceTo]=11000&filter[addCategory]=50&filter[addCatering]=1&filter[addMisc]=0&filter[addTransport]=F&filter[fp]=1&order_by=ofr_price&filter[tourOperator]=0&filter[childAge][1]=20201210","https://fly.pl/cdn/photo/assets/uploads/582/278/2014/09/Serenity-Alma-Heights.jpg","https://fly.pl/wycieczka/egipt,hurghada,makadi-bay/serenity-fun-city/pb8X5U56TWrl2uWAdOka40AAogkv4rQTbswpKD4g-FYe-hI04omdzNphRQmZcQm_QCUd8qBE9SRVgwrKqn1AZI-0VQQVj_CWACagZFQy4yLjFyNZsBFQcXAFgIVgJcCBFEQP4FXdMOT2xT0p0BUgBer09LgRJhAEzRvjogqv2XCQ0AAhJjAQIMBcYoqg/ofertasv/?filter[tourOperator]=OREX&filter%5Bperson%5D=2&filter%5BchildAge%5D%5B1%5D=20201210&filter%5Bchild%5D=1"
"Concorde Sport","8956.0","13.10.2026 - 20.10.2026","8 dni/7 nocy","","","","","","Все аэропорты","2026-08-22T16:58:15.973379+00:00","https://fly.pl/oferta/egipt-wczasy/?filter[dest]=11:&filter[hotelids]=&filter[cityids]=&filter[cregids]=&filter[ofrType]=&filter[addObjType]=&filter[whenFrom]=10-10-2026&filter[whenTo]=05-11-2026&filter[duration]=7:10&filter[from]=&filter[person]=2&filter[child]=1&filter[price]=0:11000&filter[PriceFrom]=0&filter[PriceTo]=11000&filter[addCategory]=50&filter[addCatering]=1&filter[addMisc]=0&filter[addTransport]=F&filter[fp]=1&order_by=ofr_price&filter[tourOperator]=0&filter[childAge][1]=20201210","https://fly.pl/cdn/photo/assets/uploads/582/278/2017/08/Concorde-Sport-fly-pl-4.jpg","https://fly.pl/wycieczka/egipt,sharm-el-sheikh,szarm-el-szejk/concorde-sport/pVPhN3W_jgJ-3jImhSUGB1AAogYNf8YLxAxJwCsAh9IFUxBlATkd0Et3pHZ-B5Uah2j-0qBEpPSVAwrKqn1AZI_EVQQVjPCWACagNDR21yQpsBFAEVBhcAXANYBVYCQMoGT-IBXQBLt8oBYQBepzBSpiBTABGaA0ySrToNqP2XCSAAAcHBxIC0icygMAINYwEAC8JxF6A/ofertasv/?filter[tourOperator]=JOIP&filter%5Bperson%5D=2&filter%5BchildAge%5D%5B1%5D=20201210&filter%5Bchild%5D=1"
"Seven Seas Jolie Bay","8961.0","22.10.2026 - 29.10.2026","8 dni/7 nocy","","4.6","4.6","1494","tripadvisor","Все аэропорты","2026-08-22T16:58:15.973379+00:00","https://fly.pl/oferta/egipt-wczasy/?filter[dest]=11:&filter[hotelids]=&filter[cityids]=&filter[cregids]=&filter[ofrType]=&filter[addObjType]=&filter[whenFrom]=10-10-2026&filter[whenTo]=05-11-2026&filter[duration]=7:10&filter[from]=&filter[person]=2&filter[child]=1&filter[price]=0:11000&filter[PriceFrom]=0&filter[PriceTo]=11000&filter[addCategory]=50&filter[addCatering]=1&filter[addMisc]=0&filter[addTransport]=F&filter[fp]=1&order_by=ofr_price&filter[tourOperator]=0&filter[childAge][1]=20201210","https://fly.pl/cdn/photo/assets/uploads/582/278/2022/03/Aqua-Mondo-Abu-Soma-Resort.jpg","https://fly.pl/wycieczka/egipt,hurghada,soma-bay/aqua-mondo-resort-14/p7F4MoPZdFwdHYPuLo8MDsAAoguRz_osIhMSOgy4z2Ag5HLgAAAACAhwQAt4cEAAcAAAAqBFdFWlkwrKqn1AZIgUZQQVinC2ADaglFbnRlciBBaXJqBDAwMTVyQ54BlAEfAAIBFgAcABcGEtYEFYsDGP8BE8kEQPFyT8syTABLiB9QABHcswEdsIgPIDcb4841DYTzjAkBEmMBDGMBAgspuK_H/ofertasv/?filter[tourOperator]=WEZY&filter%5Bperson%5D=2&filter%5BchildAge%5D%5B1%5D=20201210&filter%5Bchild%5D=1"
"Jaz Belvedere","8991.0","27.10.2026 - 03.11.2026","8 dni/7 nocy","","4.5","4.5","3280","tripadvisor","Все аэропорты","2026-08-22T16:58:15.973379+00:00","https://fly.pl/oferta/egipt-wczasy/?filter[dest]=11:&filter[hotelids]=&filter[cityids]=&filter[cregids]=&filter[ofrType]=&filter[addObjType]=&filter[whenFrom]=10-10-2026&filter[whenTo]=05-11-2026&filter[duration]=7:10&filter[from]=&filter[person]=2&filter[child]=1&filter[price]=0:11000&filter[PriceFrom]=0&filter[PriceTo]=11000&filter[addCategory]=50&filter[addCatering]=1&filter[addMisc]=0&filter[addTransport]=F&filter[fp]=1&order_by=ofr_price&filter[tourOperator]=0&filter[childAge][1]=20201210","https://fly.pl/cdn/photo/assets/uploads/582/278/2014/07/Jaz-Belvedere.jpg","https://fly.pl/wycieczka/egipt,sharm-el-sheikh,c/jaz-belvedere/pHuUBgJdvri1iSvtsHtj0QAAognINUymYVtpIM0yqO33vuL5gpXVUQjygZk0IwIA3_YjEqBE9BU0kwrKqn1AZIn0ZQAVifDGACagNBSWxyIRwRhbABuQS_9g-rBAIbrbAPGLLyEgHA3uWkAgIAYwECDD6E_GQ/ofertasv/?filter[tourOperator]=OASI&filter%5Bperson%5D=2&filter%5BchildAge%5D%5B1%5D=20201210&filter%5Bchild%5D=1"
"Marriott Hurghada Beach Resort","9020.0","25.10.2026 - 01.11.2026","8 dni/7 nocy","","4.6","4.6","4830","tripadvisor","Все аэропорты","2026-08-22T16:58:15.973379+00:00","https://fly.pl/oferta/egipt-wczasy/?filter[dest]=11:&filter[hotelids]=&filter[cityids]=&filter[cregids]=&filter[ofrType]=&filter[addObjType]=&filter[whenFrom]=10-10-2026&filter[whenTo]=05-11-2026&filter[duration]=7:10&filter[from]=&filter[person]=2&filter[child]=1&filter[price]=0:11000&filter[PriceFrom]=0&filter[PriceTo]=11000&filter[addCategory]=50&filter[addCatering]=1&filter[addMisc]=0&filter[addTransport]=F&filter[fp]=1&order_by=ofr_price&filter[tourOperator]=0&filter[childAge][1]=20201210","https://fly.pl/cdn/photo/assets/uploads/582/278/2014/09/Marriott-Hurghada-Beach-Resort.jpg","https://fly.pl/wycieczka/egipt,hurghada,c/marriott-hurghada-beach-resort/pE1dlvggSUChDwsQXvGX26AAogEtVLDMFAE1t2J_JDbx0uPGsfmPE5MosFyu9Bpr8s0iIqBE9BU0kwrKqn1AZIvEZQAVjvC2ACagNBSWxyIRwRqY8BqwSKjxC5BB0br9cNGPLaEgHt7oCZAgIAYwECB45-VXc/ofertasv/?filter[tourOperator]=OASI&filter%5Bperson%5D=2&filter%5BchildAge%5D%5B1%5D=20201210&filter%5Bchild%5D=1"
"Monte Carlo Resort Spa","9033.0","27.10.2026 - 03.11.2026","8 dni/7 nocy","","4.4","4.4","2409","tripadvisor","Все аэропорты","2026-08-22T16:58:15.973379+00:00","https://fly.pl/oferta/egipt-wczasy/?filter[dest]=11:&filter[hotelids]=&filter[cityids]=&filter[cregids]=&filter[ofrType]=&filter[addObjType]=&filter[whenFrom]=10-10-2026&filter[whenTo]=05-11-2026&filter[duration]=7:10&filter[from]=&filter[person]=2&filter[child]=1&filter[price]=0:11000&filter[PriceFrom]=0&filter[PriceTo]=11000&filter[addCategory]=50&filter[addCatering]=1&filter[addMisc]=0&filter[addTransport]=F&filter[fp]=1&order_by=ofr_price&filter[tourOperator]=0&filter[childAge][1]=20201210","https://fly.pl/cdn/photo/assets/uploads/582/278/2014/09/Monte-Carlo-Sharm-Resort-Spa.jpg","https://fly.pl/wycieczka/egipt,sharm-el-sheikh,c/monte-carlo-ex-ritz-carlton/p9HJOfKxVAPfYyMTDpdXZoAAog9CaDAQaZges2lSyAmBgsZJgpXVUQjygZk0IwIA3_YjEqBE9BU0kwrKqn1AZIyUZQAVifDGACagNBSStyIRwRpa8BuQSf9w-rBAIbyuENGKbgEgHCxeKZAgIAYwECCwdphO4/ofertasv/?filter[tourOperator]=OASI&filter%5Bperson%5D=2&filter%5BchildAge%5D%5B1%5D=20201210&filter%5Bchild%5D=1"
"Naama Bay Promenade Mountain Resort","9065.0","10.10.2026 - 17.10.2026","8 dni/7 nocy","","4.2","4.2","1273","tripadvisor","Все аэропорты","2026-08-22T16:58:15.973379+00:00","https://fly.pl/oferta/egipt-wczasy/?filter[dest]=11:&filter[hotelids]=&filter[cityids]=&filter[cregids]=&filter[ofrType]=&filter[addObjType]=&filter[whenFrom]=10-10-2026&filter[whenTo]=05-11-2026&filter[duration]=7:10&filter[from]=&filter[person]=2&filter[child]=1&filter[price]=0:11000&filter[PriceFrom]=0&filter[PriceTo]=11000&filter[addCategory]=50&filter[addCatering]=1&filter[addMisc]=0&filter[addTransport]=F&filter[fp]=1&order_by=ofr_price&filter[tourOperator]=0&filter[childAge][1]=20201210","https://fly.pl/cdn/photo/assets/uploads/582/278/2024/07/naama-bay-promenade-mountain-resort.jpg","https://fly.pl/wycieczka/egipt,sharm-el-sheikh,szarm-el-szejk/naama-bay-promenade-mountain-resort-12/p-ArJfdBxp0xp_VEJ8qIHBAAogr2vhMHj4b0XXUF8bSNyfygAAAACZhAQAtoQEAAcAEgAqBFdFWlkwrKqn1AZI6UZQQViHCWADaglFbnRlciBBaXJqBDA4MDByQ54BlQEfAAIBHAAWBBcCEu0DGIUFE80BFMkEEcsPQMdiTKCiAU8AS8cjUAAbsYMCHeC-DSAdDdzHwgkBEmMBDGMBAgV5R9OC/ofertasv/?filter[tourOperator]=WEZY&filter%5Bperson%5D=2&filter%5BchildAge%5D%5B1%5D=20201210&filter%5Bchild%5D=1"
"Renaissance Golden View Beach Resort by Marriott","9077.0","13.10.2026 - 20.10.2026","8 dni/7 nocy","","4.5","4.5","7207","tripadvisor","Все аэропорты","2026-08-22T16:58:15.973379+00:00","https://fly.pl/oferta/egipt-wczasy/?filter[dest]=11:&filter[hotelids]=&filter[cityids]=&filter[cregids]=&filter[ofrType]=&filter[addObjType]=&filter[whenFrom]=10-10-2026&filter[whenTo]=05-11-2026&filter[duration]=7:10&filter[from]=&filter[person]=2&filter[child]=1&filter[price]=0:11000&filter[PriceFrom]=0&filter[PriceTo]=11000&filter[addCategory]=50&filter[addCatering]=1&filter[addMisc]=0&filter[addTransport]=F&filter[fp]=1&order_by=ofr_price&filter[tourOperator]=0&filter[childAge][1]=20201210","https://fly.pl/cdn/photo/assets/uploads/582/278/2014/07/Renaissance-Golden-View-Beach-Resort.jpg","https://fly.pl/wycieczka/egipt,sharm-el-sheikh,c/renaissance-golden-view-beach/pQMgsKI0I-3RGXKGuzBxnyAAognASfKIY_xRgA6nDyBpKvkTZPnluiPTRbLKmNIwYEcH4qBEVYSU0wrKqn1AZI9UZQAVjPCWACagJBSXIhHBGOyga5BOb2PasEGxvcpjwY3IU-Ac7F6-8KAgBjAQILKgOp4g/ofertasv/?filter[tourOperator]=EXIM&filter%5Bperson%5D=2&filter%5BchildAge%5D%5B1%5D=20201210&filter%5Bchild%5D=1"
"Pyramisa Beach Resort Sahl Hasheesh","9087.0","29.10.2026 - 05.11.2026","8 dni/7 nocy","","4.1","4.1","3566","tripadvisor","Все аэропорты","2026-08-22T16:58:15.973379+00:00","https://fly.pl/oferta/egipt-wczasy/?filter[dest]=11:&filter[hotelids]=&filter[cityids]=&filter[cregids]=&filter[ofrType]=&filter[addObjType]=&filter[whenFrom]=10-10-2026&filter[whenTo]=05-11-2026&filter[duration]=7:10&filter[from]=&filter[person]=2&filter[child]=1&filter[price]=0:11000&filter[PriceFrom]=0&filter[PriceTo]=11000&filter[addCategory]=50&filter[addCatering]=1&filter[addMisc]=0&filter[addTransport]=F&filter[fp]=1&order_by=ofr_price&filter[tourOperator]=0&filter[childAge][1]=20201210","https://fly.pl/cdn/photo/assets/uploads/582/278/2015/04/Pyramisa-Beach-Resort-Sahl-Hasheesh.jpg","https://fly.pl/wycieczka/egipt,hurghada,sahl-hasheesh/dessole-pyramisa-beach-resort-ex-pyramisa-beach-r/ppO6U_X9lMTrP5sWPLjjnmAAogn-bxROTkFFj3b_6eqA_1JDhizLKSn9rMjUnszKihUT4qBEVYSU0wrKqn1AZI_0ZQAVjPDGACagJBSXIjHBGjuAa5BIWFPqsEgt8NG6CaIRiTjWgBlLGQsw0CAGMBAgufziYU/ofertasv/?filter[tourOperator]=EXIM&filter%5Bperson%5D=2&filter%5BchildAge%5D%5B1%5D=20201210&filter%5Bchild%5D=1"
"Creek Hotel and Residences","9097.0","25.10.2026 - 01.11.2026","8 dni/7 nocy","","4.8","4.8","219","tripadvisor","Все аэропорты","2026-08-22T16:58:15.973379+00:00","https://fly.pl/oferta/egipt-wczasy/?filter[dest]=11:&filter[hotelids]=&filter[cityids]=&filter[cregids]=&filter[ofrType]=&filter[addObjType]=&filter[whenFrom]=10-10-2026&filter[whenTo]=05-11-2026&filter[duration]=7:10&filter[from]=&filter[person]=2&filter[child]=1&filter[price]=0:11000&filter[PriceFrom]=0&filter[PriceTo]=11000&filter[addCategory]=50&filter[addCatering]=1&filter[addMisc]=0&filter[addTransport]=F&filter[fp]=1&order_by=ofr_price&filter[tourOperator]=0&filter[childAge][1]=20201210","https://fly.pl/cdn/photo/assets/uploads/582/278/2024/07/creek-hotel-residences.jpg","https://fly.pl/wycieczka/egipt,hurghada,al-dzuna/creek-hotel-residences-9/pLCuaWXJO-EOxcDIAEA8sdAAogZiAuu3gDp3mvIuNMjvhogfCBi_Jjp6PLeBVi_FVZdZgqBEVYSU0wrKqn1AZIiUdQAVjvC2ACagJBSXIjHBH-9Qa5BITIPasEyIwKG7nxORishFMBwaOQsw0CAGMBAgvKTmCF/ofertasv/?filter[tourOperator]=EXIM&filter%5Bperson%5D=2&filter%5BchildAge%5D%5B1%5D=20201210&filter%5Bchild%5D=1"
"Akassia Swiss Resort (ex. Calimera Club Akassia Swiss Resort)","9120.0","13.10.2026 - 20.10.2026","8 dni/7 nocy","","4.6","4.6","2583","tripadvisor","Все аэропорты","2026-08-22T16:58:15.973379+00:00","https://fly.pl/oferta/egipt-wczasy/?filter[dest]=11:&filter[hotelids]=&filter[cityids]=&filter[cregids]=&filter[ofrType]=&filter[addObjType]=&filter[whenFrom]=10-10-2026&filter[whenTo]=05-11-2026&filter[duration]=7:10&filter[from]=&filter[person]=2&filter[child]=1&filter[price]=0:11000&filter[PriceFrom]=0&filter[PriceTo]=11000&filter[addCategory]=50&filter[addCatering]=1&filter[addMisc]=0&filter[addTransport]=F&filter[fp]=1&order_by=ofr_price&filter[tourOperator]=0&filter[childAge][1]=20201210","https://fly.pl/cdn/photo/assets/uploads/582/278/2014/09/Akassia-Swiss-Resort.jpg","https://fly.pl/wycieczka/egipt,marsa-alam,c/calimera-club-akassia-swiss-resort/pwmLW9ZqCmSIyy09Oy10HSAAogu-04yuRoMC_zXSdVXjCTmQAAAABYpgQAc6YEAAcAAQAqBFdFWlkwrKqn1AZIoEdQQVjPCWADaglFbnRlciBBaXJqBDA3MDByQ54BlQEfAAIBHAAWBBcCEtUCGPoFE8oCFJQFEcAgS7hIUABA9QdMtpYBTwAbltsCHevZDSAbDaKEwgkBEmMBDGMBAgWyAN-G/ofertasv/?filter[tourOperator]=WEZY&filter%5Bperson%5D=2&filter%5BchildAge%5D%5B1%5D=20201210&filter%5Bchild%5D=1"
"Serenity Sky Arc","9147.0","22.10.2026 - 29.10.2026","8 dni/7 nocy","","","","","","Все аэропорты","2026-08-22T16:58:15.973379+00:00","https://fly.pl/oferta/egipt-wczasy/?filter[dest]=11:&filter[hotelids]=&filter[cityids]=&filter[cregids]=&filter[ofrType]=&filter[addObjType]=&filter[whenFrom]=10-10-2026&filter[whenTo]=05-11-2026&filter[duration]=7:10&filter[from]=&filter[person]=2&filter[child]=1&filter[price]=0:11000&filter[PriceFrom]=0&filter[PriceTo]=11000&filter[addCategory]=50&filter[addCatering]=1&filter[addMisc]=0&filter[addTransport]=F&filter[fp]=1&order_by=ofr_price&filter[tourOperator]=0&filter[childAge][1]=20201210","https://datacfstatic.merlinx.pl/EXIM/IMG/105925/cf3c14898a23b0b49569de311369928ab20dff35cd198358119db51d531b20bd.webp","https://fly.pl/wycieczka/egipt,hurghada,sahl-hasheesh/serenity-sky-arc-10/pSmqH0i4TICpTDfnKBB18wAAogoRQq1I1Q1j0U2cxUXIUBBJGJqT1p54NZ8EtvM73wOCUqBEVYSU0wrKqn1AZIu0dQAVinC2ACagJBSXIhHBHFuwa5BPaAPqsEHBub4S8YkNo2AYT9tIsJAgBjAQIGIE8wpw/ofertasv/?filter[tourOperator]=EXIM&filter%5Bperson%5D=2&filter%5BchildAge%5D%5B1%5D=20201210&filter%5Bchild%5D=1"
"Pickalbatros Palace Resort","9157.0","29.10.2026 - 05.11.2026","9 dni/7 nocy","","4.5","4.5","935","tripadvisor","Все аэропорты","2026-08-22T16:58:15.973379+00:00","https://fly.pl/oferta/egipt-wczasy/?filter[dest]=11:&filter[hotelids]=&filter[cityids]=&filter[cregids]=&filter[ofrType]=&filter[addObjType]=&filter[whenFrom]=10-10-2026&filter[whenTo]=05-11-2026&filter[duration]=7:10&filter[from]=&filter[person]=2&filter[child]=1&filter[price]=0:11000&filter[PriceFrom]=0&filter[PriceTo]=11000&filter[addCategory]=50&filter[addCatering]=1&filter[addMisc]=0&filter[addTransport]=F&filter[fp]=1&order_by=ofr_price&filter[tourOperator]=0&filter[childAge][1]=20201210","https://fly.pl/cdn/photo/assets/uploads/582/278/2014/09/Albatros-Palace-fly-pl-4.jpg","https://fly.pl/wycieczka/egipt,hurghada,c/albatros-palace/pgVUI-6kN3h7R-854ptKpAAAogRdaG-wzKfm9Vgz9BqB-GZP966lwJMXcBoSKWCVd3NSUqBEVYSU0wrKqn1AZIxUdQAVjPDGACagJBSXIhHBGk-AarBLSwS7kERBua-zcYgKJTAZ__-MYNAgBjAQIMmeNn5A/ofertasv/?filter[tourOperator]=EXIM&filter%5Bperson%5D=2&filter%5BchildAge%5D%5B1%5D=20201210&filter%5Bchild%5D=1"
"Charmillion Club Aqua Park","9186.0","10.10.2026 - 17.10.2026","8 dni/7 nocy","","4.6","4.6","4381","tripadvisor","Все аэропорты","2026-08-22T16:58:15.973379+00:00","https://fly.pl/oferta/egipt-wczasy/?filter[dest]=11:&filter[hotelids]=&filter[cityids]=&filter[cregids]=&filter[ofrType]=&filter[addObjType]=&filter[whenFrom]=10-10-2026&filter[whenTo]=05-11-2026&filter[duration]=7:10&filter[from]=&filter[person]=2&filter[child]=1&filter[price]=0:11000&filter[PriceFrom]=0&filter[PriceTo]=11000&filter[addCategory]=50&filter[addCatering]=1&filter[addMisc]=0&filter[addTransport]=F&filter[fp]=1&order_by=ofr_price&filter[tourOperator]=0&filter[childAge][1]=20201210","https://fly.pl/cdn/photo/assets/uploads/582/278/2014/07/Charmillion-Club-Aqua-Park.jpg","https://fly.pl/wycieczka/egipt,sharm-el-sheikh,szarm-el-szejk/sea-club-aqua-park/pfN0PphTcAcZAYYp0QeMSzAAogMerglbwNGvthjOyjfvpabAAAAACZhAQAtoQEAAcAEgAqBFdFWlkwrKqn1AZI4kdQQViHCWADaglFbnRlciBBaXJqBDA4MDByQp4BlQEfAAIBHAAWBBcCEu0DGIUFE80BFMkEEYEsQJFGTKCiAU8AS8cjUAAb8jAdn5EPIB0N3MfCCQESYwENYwECBWL_McY/ofertasv/?filter[tourOperator]=WEZY&filter%5Bperson%5D=2&filter%5BchildAge%5D%5B1%5D=20201210&filter%5Bchild%5D=1"
"Jaz Mirabel Beach Resort","9195.0","27.10.2026 - 03.11.2026","8 dni/7 nocy","","4.5","4.5","7330","tripadvisor","Все аэропорты","2026-08-22T16:58:15.973379+00:00","https://fly.pl/oferta/egipt-wczasy/?filter[dest]=11:&filter[hotelids]=&filter[cityids]=&filter[cregids]=&filter[ofrType]=&filter[addObjType]=&filter[whenFrom]=10-10-2026&filter[whenTo]=05-11-2026&filter[duration]=7:10&filter[from]=&filter[person]=2&filter[child]=1&filter[price]=0:11000&filter[PriceFrom]=0&filter[PriceTo]=11000&filter[addCategory]=50&filter[addCatering]=1&filter[addMisc]=0&filter[addTransport]=F&filter[fp]=1&order_by=ofr_price&filter[tourOperator]=0&filter[childAge][1]=20201210","https://fly.pl/cdn/photo/assets/uploads/582/278/2014/07/Jaz-Mirabel-Beach-Resort-fly-pl.jpg","https://fly.pl/wycieczka/egipt,sharm-el-sheikh,c/jaz-mirabel-beach-resort/pWnFis76aMfUXk8UyWphgCAAogATqbmNrX-JEhzF1QHwD1SpgpXVUQjygZk0IwIA3_YjEqBE9BU0kwraqn1AZI60dQAVifDGADagNBSWxyJBwRiLABuQS89g-rBAIbw8IOGMH-EQG7vNyZAgEMYwEAYwECC3JWVCw/ofertasv/?filter[tourOperator]=OASI&filter%5Bperson%5D=2&filter%5BchildAge%5D%5B1%5D=20201210&filter%5Bchild%5D=1"
"Pickalbatros Citadel Sahl Hasheesh (ex. Citadel Azur Resort)","9277.0","29.10.2026 - 05.11.2026","9 dni/7 nocy","","4.5","4.5","4767","tripadvisor","Все аэропорты","2026-08-22T16:58:15.973379+00:00","https://fly.pl/oferta/egipt-wczasy/?filter[dest]=11:&filter[hotelids]=&filter[cityids]=&filter[cregids]=&filter[ofrType]=&filter[addObjType]=&filter[whenFrom]=10-10-2026&filter[whenTo]=05-11-2026&filter[duration]=7:10&filter[from]=&filter[person]=2&filter[child]=1&filter[price]=0:11000&filter[PriceFrom]=0&filter[PriceTo]=11000&filter[addCategory]=50&filter[addCatering]=1&filter[addMisc]=0&filter[addTransport]=F&filter[fp]=1&order_by=ofr_price&filter[tourOperator]=0&filter[childAge][1]=20201210","https://fly.pl/cdn/photo/assets/uploads/582/278/2014/07/Albatros-Citadel-Sahl-Hasheesh-ex.-Citadel-Azur-Resort-fly-pl.jpg","https://fly.pl/wycieczka/egipt,hurghada,c/citadel-azur-resort/pq12qOtRJDmFvFv02kgTqiAAogzbLC0laPuFAL-WtZgzTNlf966lwJMXcBoSKWCVd3NSUqBEVYSU0wraqn1AZIvUhQAVjPDGACagJBSXIhHBGh-AarBLewS7kERBv2-jcYjKNTAdS7_MYNAgBjAQIM5Xupmg/ofertasv/?filter[tourOperator]=EXIM&filter%5Bperson%5D=2&filter%5BchildAge%5D%5B1%5D=20201210&filter%5Bchild%5D=1"
"Pickalbatros Royal Moderna","9293.0","27.10.2026 - 03.11.2026","8 dni/7 nocy","","4.5","4.5","10676","tripadvisor","Все аэропорты","2026-08-22T16:58:15.973379+00:00","https://fly.pl/oferta/egipt-wczasy/?filter[dest]=11:&filter[hotelids]=&filter[cityids]=&filter[cregids]=&filter[ofrType]=&filter[addObjType]=&filter[whenFrom]=10-10-2026&filter[whenTo]=05-11-2026&filter[duration]=7:10&filter[from]=&filter[person]=2&filter[child]=1&filter[price]=0:11000&filter[PriceFrom]=0&filter[PriceTo]=11000&filter[addCategory]=50&filter[addCatering]=1&filter[addMisc]=0&filter[addTransport]=F&filter[fp]=1&order_by=ofr_price&filter[tourOperator]=0&filter[childAge][1]=20201210","https://fly.pl/cdn/photo/assets/uploads/582/278/2009/08/Royal-Albatros-Moderna1708.jpg","https://fly.pl/wycieczka/egipt,sharm-el-sheikh,c/royal-albatros-moderna/px_2KhJPj3VedASJpcO3N2AAogyboKoNYUg5VL_GpUSOMgWpgpXVUQjygZk0IwIA3_YjEqBE9BU0kwraqn1AZIzUhQAVifDGACagNBSWxyIRwR168BuQTt9g-rBAIbo7QPGNuAEwHV3-ulAgIAYwECDC6OLJk/ofertasv/?filter[tourOperator]=OASI&filter%5Bperson%5D=2&filter%5BchildAge%5D%5B1%5D=20201210&filter%5Bchild%5D=1"
"Domina Coral Bay Harem","9316.0","13.10.2026 - 20.10.2026","8 dni/7 nocy","","4.2","4.2","12393","tripadvisor","Все аэропорты","2026-08-22T16:58:15.973379+00:00","https://fly.pl/oferta/egipt-wczasy/?filter[dest]=11:&filter[hotelids]=&filter[cityids]=&filter[cregids]=&filter[ofrType]=&filter[addObjType]=&filter[whenFrom]=10-10-2026&filter[whenTo]=05-11-2026&filter[duration]=7:10&filter[from]=&filter[person]=2&filter[child]=1&filter[price]=0:11000&filter[PriceFrom]=0&filter[PriceTo]=11000&filter[addCategory]=50&filter[addCatering]=1&filter[addMisc]=0&filter[addTransport]=F&filter[fp]=1&order_by=ofr_price&filter[tourOperator]=0&filter[childAge][1]=20201210","https://fly.pl/cdn/photo/assets/uploads/582/278/2014/07/Domina-Coral-Bay-Harem.jpg","https://fly.pl/wycieczka/egipt,sharm-el-sheikh,c/domina-coral-bay-harem/pqftECjQPODy43u9Cwe-UwAAogCBztRQt0sFMkX21NKykntFATkd0Et3pHZ-B5Uah2j-0qBEpPSVAwraqn1AZI5EhQQVjPCWACckMUARUGFwBcA1gFVgJAygZd4gFPAFvOlgFh6TNLABGwGF73F1KmIFMATKywOg2o_ZcJIAABwr3497KJzKAwAg1jAQAM6kBWdA/ofertasv/?filter[tourOperator]=JOIP&filter%5Bperson%5D=2&filter%5BchildAge%5D%5B1%5D=20201210&filter%5Bchild%5D=1"
"Amphoras Beach","9317.0","13.10.2026 - 20.10.2026","8 dni/7 nocy","","4.4","4.4","6738","tripadvisor","Все аэропорты","2026-08-22T16:58:15.973379+00:00","https://fly.pl/oferta/egipt-wczasy/?filter[dest]=11:&filter[hotelids]=&filter[cityids]=&filter[cregids]=&filter[ofrType]=&filter[addObjType]=&filter[whenFrom]=10-10-2026&filter[whenTo]=05-11-2026&filter[duration]=7:10&filter[from]=&filter[person]=2&filter[child]=1&filter[price]=0:11000&filter[PriceFrom]=0&filter[PriceTo]=11000&filter[addCategory]=50&filter[addCatering]=1&filter[addMisc]=0&filter[addTransport]=F&filter[fp]=1&order_by=ofr_price&filter[tourOperator]=0&filter[childAge][1]=20201210","https://fly.pl/cdn/photo/assets/uploads/582/278/2016/11/AMPHORAS-BEACH.jpg","https://fly.pl/wycieczka/egipt,sharm-el-sheikh,c/otium-amphoras-ex-shores/pLph17YS6HIipU8avFtdQ2AAogxa1l5gDYK-RQSNcIEvME_jZPnluiPTRbLKmNIwYEcH4qBEVYSU0wraqn1AZI5UhQAVjPCWACagNVQUlyIRwRlLsGuQTghT6rBBsb2_A4GOWhQgH9qYn6CgIAYwECCz5232A/ofertasv/?filter[tourOperator]=EXIM&filter%5Bperson%5D=2&filter%5BchildAge%5D%5B1%5D=20201210&filter%5Bchild%5D=1"
"Double Tree by Hilton Mangroovy El Gouna Resort","9320.0","15.10.2026 - 22.10.2026","8 dni/7 nocy","","","","","","Все аэропорты","2026-08-22T16:58:15.973379+00:00","https://fly.pl/oferta/egipt-wczasy/?filter[dest]=11:&filter[hotelids]=&filter[cityids]=&filter[cregids]=&filter[ofrType]=&filter[addObjType]=&filter[whenFrom]=10-10-2026&filter[whenTo]=05-11-2026&filter[duration]=7:10&filter[from]=&filter[person]=2&filter[child]=1&filter[price]=0:11000&filter[PriceFrom]=0&filter[PriceTo]=11000&filter[addCategory]=50&filter[addCatering]=1&filter[addMisc]=0&filter[addTransport]=F&filter[fp]=1&order_by=ofr_price&filter[tourOperator]=0&filter[childAge][1]=20201210","https://datacfstatic.merlinx.pl/OREX/IMG/6513/61970b72b312ea6d0373821b3cb6271ebffe7a152e252532c893aa503ed99358.webp","https://fly.pl/wycieczka/egipt,hurghada,al-dzuna/double-tree-by-hilton-mangroovy-el-gouna-13/p_R40l1zWSfNsqsMDYbe0RAAogXZ8jrZD6XUWBcRiVGM01i04omdzNphRQmZcQm_QCUd8qBE9SRVgwraqn1AZI6EhQQVj_CWACagdOVlcuMi4xcjabARUHFwBcA1gFVgJAygZd0w5PbBHXHFP7gAFSAF6vT0uBEmEATNG-OiCq_ZcJDQACEmMBAguN-deX/ofertasv/?filter[tourOperator]=OREX&filter%5Bperson%5D=2&filter%5BchildAge%5D%5B1%5D=20201210&filter%5Bchild%5D=1"
"Invidia Coral Beach Tiran","9370.0","10.10.2026 - 17.10.2026","8 dni/7 nocy","","4.8","4.8","301","tripadvisor","Все аэропорты","2026-08-22T16:58:15.973379+00:00","https://fly.pl/oferta/egipt-wczasy/?filter[dest]=11:&filter[hotelids]=&filter[cityids]=&filter[cregids]=&filter[ofrType]=&filter[addObjType]=&filter[whenFrom]=10-10-2026&filter[whenTo]=05-11-2026&filter[duration]=7:10&filter[from]=&filter[person]=2&filter[child]=1&filter[price]=0:11000&filter[PriceFrom]=0&filter[PriceTo]=11000&filter[addCategory]=50&filter[addCatering]=1&filter[addMisc]=0&filter[addTransport]=F&filter[fp]=1&order_by=ofr_price&filter[tourOperator]=0&filter[childAge][1]=20201210","https://fly.pl/cdn/photo/assets/uploads/582/278/2014/07/Coral-Beach-Rotana-Tiran-fly-pl.jpg","https://fly.pl/wycieczka/egipt,sharm-el-sheikh,c/coral-beach-rotana-tiran/pu9VD5kQik5C5Y1RErUsevAAoggxN9qaE2m6WyJpRw0deucAAAAACZhAQAtoQEAAcAEgAqBFdFWlkwraqn1AZImklQQViHCWADaglFbnRlciBBaXJqBDA4MDByQp4BlQEfABwBAgAWABcGESMSygMYhQUTzQEUyQRAknJMoKIBTwBLxyNQAB2Rwg8gHRvZwmQNg4XeCAESYwEMYwECC9MUvBo/ofertasv/?filter[tourOperator]=WEZY&filter%5Bperson%5D=2&filter%5BchildAge%5D%5B1%5D=20201210&filter%5Bchild%5D=1"
"Stella Gardens Resort & Spa (ex Stella Di Mare Gardens)","9371.0","28.10.2026 - 04.11.2026","8 dni/7 nocy","","4.5","4.5","2743","tripadvisor","Все аэропорты","2026-08-22T16:58:15.973379+00:00","https://fly.pl/oferta/egipt-wczasy/?filter[dest]=11:&filter[hotelids]=&filter[cityids]=&filter[cregids]=&filter[ofrType]=&filter[addObjType]=&filter[whenFrom]=10-10-2026&filter[whenTo]=05-11-2026&filter[duration]=7:10&filter[from]=&filter[person]=2&filter[child]=1&filter[price]=0:11000&filter[PriceFrom]=0&filter[PriceTo]=11000&filter[addCategory]=50&filter[addCatering]=1&filter[addMisc]=0&filter[addTransport]=F&filter[fp]=1&order_by=ofr_price&filter[tourOperator]=0&filter[childAge][1]=20201210","https://fly.pl/cdn/photo/assets/uploads/582/278/2014/10/Stella-Di-Mare-Gardens-Resort-Spa.jpg","https://fly.pl/wycieczka/egipt,hurghada,makadi-bay/stella-makadi-garden/pwj5rUf4Q2_H4yHBfU6TuyAAog3b7o2x_OmWTihTvjnxAouAERLI1I6rwQYewO9_P-s30qBEpPSVAwraqn1AZIm0lQQVi3DGACagMwMEZyQpsBFAEVBRcBXANYBVYCQMoGT-IBXQBSr6sBUwBLiB9hABG-EV7pHkzS0DoNt_2XCSABAZTJhKmTh82gMAIOYwEADem28Lo/ofertasv/?filter[tourOperator]=JOIP&filter%5Bperson%5D=2&filter%5BchildAge%5D%5B1%5D=20201210&filter%5Bchild%5D=1"
"Utopia Blue Resort","9377.0","20.10.2026 - 27.10.2026","8 dni/7 nocy","","","","","","Все аэропорты","2026-08-22T16:58:15.973379+00:00","https://fly.pl/oferta/egipt-wczasy/?filter[dest]=11:&filter[hotelids]=&filter[cityids]=&filter[cregids]=&filter[ofrType]=&filter[addObjType]=&filter[whenFrom]=10-10-2026&filter[whenTo]=05-11-2026&filter[duration]=7:10&filter[from]=&filter[person]=2&filter[child]=1&filter[price]=0:11000&filter[PriceFrom]=0&filter[PriceTo]=11000&filter[addCategory]=50&filter[addCatering]=1&filter[addMisc]=0&filter[addTransport]=F&filter[fp]=1&order_by=ofr_price&filter[tourOperator]=0&filter[childAge][1]=20201210","https://datacfstatic.merlinx.pl/EXIM/IMG/104804/47170af13502131b7b7d23ecf494e622a96110e1a4bfcf3019d7db4830283601.webp","https://fly.pl/wycieczka/egipt,marsa-alam,c/utopia-blue-resort-13/ptceVPlVWS9QcrUaYmAI2xAAog7LoBMf_sRZgkiXEkbKVWHxPPD5S6T_zmYslq6S4q_1gqBEVYSU0wraqn1AZIoUlQAVj3CmACagJBSXIhHBHksga5BImMPqsEHBvb1y0Yr_ozAZmu2tQIAgBjAQIMpsWxOg/ofertasv/?filter[tourOperator]=EXIM&filter%5Bperson%5D=2&filter%5BchildAge%5D%5B1%5D=20201210&filter%5Bchild%5D=1"
"Domina Coral Bay Resort","9396.0","10.10.2026 - 17.10.2026","8 dni/7 nocy","","4.2","4.2","12393","tripadvisor","Все аэропорты","2026-08-22T16:58:15.973379+00:00","https://fly.pl/oferta/egipt-wczasy/?filter[dest]=11:&filter[hotelids]=&filter[cityids]=&filter[cregids]=&filter[ofrType]=&filter[addObjType]=&filter[whenFrom]=10-10-2026&filter[whenTo]=05-11-2026&filter[duration]=7:10&filter[from]=&filter[person]=2&filter[child]=1&filter[price]=0:11000&filter[PriceFrom]=0&filter[PriceTo]=11000&filter[addCategory]=50&filter[addCatering]=1&filter[addMisc]=0&filter[addTransport]=F&filter[fp]=1&order_by=ofr_price&filter[tourOperator]=0&filter[childAge][1]=20201210","https://fly.pl/cdn/photo/assets/uploads/582/278/2014/07/DOMINA.jpg","https://fly.pl/wycieczka/egipt,sharm-el-sheikh,c/domina-coral-bay-resort-sharm-el-sheikh/pzzKcesPCCGeMYsfRfvu4eAAogNUm0aogpLaPbXoUBKazRwAAAAACZhAQAtoQEAAcAEgAqBFdFWlkwraqn1AZItElQQViHCWADaglFbnRlciBBaXJqBDA4MDByQ54BlQEfAAIBHAAWBBcCEu0DGIUFE80BFMkEQJJyT6CiAUwAS8cjUAAR50UdqvwOIB0btu0EDabavQkBEmMBDWMBAwW2x0FP/ofertasv/?filter[tourOperator]=WEZY&filter%5Bperson%5D=2&filter%5BchildAge%5D%5B1%5D=20201210&filter%5Bchild%5D=1"
"Domina Coral Bay Aquamarine","9413.0","13.10.2026 - 20.10.2026","8 dni/7 nocy","","4.2","4.2","12393","tripadvisor","Все аэропорты","2026-08-22T16:58:15.973379+00:00","https://fly.pl/oferta/egipt-wczasy/?filter[dest]=11:&filter[hotelids]=&filter[cityids]=&filter[cregids]=&filter[ofrType]=&filter[addObjType]=&filter[whenFrom]=10-10-2026&filter[whenTo]=05-11-2026&filter[duration]=7:10&filter[from]=&filter[person]=2&filter[child]=1&filter[price]=0:11000&filter[PriceFrom]=0&filter[PriceTo]=11000&filter[addCategory]=50&filter[addCatering]=1&filter[addMisc]=0&filter[addTransport]=F&filter[fp]=1&order_by=ofr_price&filter[tourOperator]=0&filter[childAge][1]=20201210","https://fly.pl/cdn/photo/assets/uploads/582/278/2014/07/Domina-Coral-Bay-Aquamarine.jpg","https://fly.pl/wycieczka/egipt,sharm-el-sheikh,c/domina-coral-bay-aquamarine/pPGc7h_Q5EzyVEfTYZZ93MAAogPIS5Ln1NAqrP7o3OlTSPJ1ATkd0Et3pHZ-B5Uah2j-0qBEpPSVAwraqn1AZIxUlQQVjPCWACckMUARUGFwBcA1gFVgJAygZP4gFdAFvpPRH4igFL1gFhAF6nMFKmIFMATKywOg2o_ZcJIAABo9HgiLSJzKAwAg1jAQAMzmHcUg/ofertasv/?filter[tourOperator]=JOIP&filter%5Bperson%5D=2&filter%5BchildAge%5D%5B1%5D=20201210&filter%5Bchild%5D=1"
"Cooee Prima Life Makadi Bay","9567.0","15.10.2026 - 22.10.2026","8 dni/7 nocy","","4.6","4.6","3287","tripadvisor","Все аэропорты","2026-08-22T16:58:15.973379+00:00","https://fly.pl/oferta/egipt-wczasy/?filter[dest]=11:&filter[hotelids]=&filter[cityids]=&filter[cregids]=&filter[ofrType]=&filter[addObjType]=&filter[whenFrom]=10-10-2026&filter[whenTo]=05-11-2026&filter[duration]=7:10&filter[from]=&filter[person]=2&filter[child]=1&filter[price]=0:11000&filter[PriceFrom]=0&filter[PriceTo]=11000&filter[addCategory]=50&filter[addCatering]=1&filter[addMisc]=0&filter[addTransport]=F&filter[fp]=1&order_by=ofr_price&filter[tourOperator]=0&filter[childAge][1]=20201210","https://fly.pl/cdn/photo/assets/uploads/582/278/2014/12/Prima-Life-Makadi-Resort.jpg","https://fly.pl/wycieczka/egipt,hurghada,c/prima-life-makadi-bay/p5WG7kcrK_D3RjG1sWc6Z9AAogu-QFWhSLdl-6QPOnQtd6uUeY0cHKMlwUtUEW4JLEsTgqBEVYSU0wraqn1AZI30pQAVj_CWACagJBSXIhHBHGuAa5BOKCPqsEHBu6ii8Y_pc3AYK98IkJAgBjAQIFQWHYSA/ofertasv/?filter[tourOperator]=EXIM&filter%5Bperson%5D=2&filter%5BchildAge%5D%5B1%5D=20201210&filter%5Bchild%5D=1"
"Cleopatra Luxury Resort (Makadi Bay)","9584.0","25.10.2026 - 01.11.2026","8 dni/7 nocy","","4.6","4.6","3171","tripadvisor","Все аэропорты","2026-08-22T16:58:15.973379+00:00","https://fly.pl/oferta/egipt-wczasy/?filter[dest]=11:&filter[hotelids]=&filter[cityids]=&filter[cregids]=&filter[ofrType]=&filter[addObjType]=&filter[whenFrom]=10-10-2026&filter[whenTo]=05-11-2026&filter[duration]=7:10&filter[from]=&filter[person]=2&filter[child]=1&filter[price]=0:11000&filter[PriceFrom]=0&filter[PriceTo]=11000&filter[addCategory]=50&filter[addCatering]=1&filter[addMisc]=0&filter[addTransport]=F&filter[fp]=1&order_by=ofr_price&filter[tourOperator]=0&filter[childAge][1]=20201210","https://fly.pl/cdn/photo/assets/uploads/582/278/2014/10/Cleopatra-Luxury-Resort-Makadi-Bay.jpg","https://fly.pl/wycieczka/egipt,hurghada,makadi-bay/cleopatra-luxury-resort-makadi-bay/pm7b9jC68xpuIsUVpGbQtPAAogWa53C9QSWHcXCLC2SASdrGsfmPE5MosFyu9Bpr8s0iIqBE9BU0kwraqn1AZI8EpQAVjvC2ACagNBSWxyIRwRmMABqwSb3g-5BB0bu7gNGPXzEgGc3vuYAgIAYwECBq_0DKY/ofertasv/?filter[tourOperator]=OASI&filter%5Bperson%5D=2&filter%5BchildAge%5D%5B1%5D=20201210&filter%5Bchild%5D=1"
"Park Regency Resort (ex. Hyatt)","9623.0","27.10.2026 - 03.11.2026","8 dni/7 nocy","","4.6","4.6","6179","tripadvisor","Все аэропорты","2026-08-22T16:58:15.973379+00:00","https://fly.pl/oferta/egipt-wczasy/?filter[dest]=11:&filter[hotelids]=&filter[cityids]=&filter[cregids]=&filter[ofrType]=&filter[addObjType]=&filter[whenFrom]=10-10-2026&filter[whenTo]=05-11-2026&filter[duration]=7:10&filter[from]=&filter[person]=2&filter[child]=1&filter[price]=0:11000&filter[PriceFrom]=0&filter[PriceTo]=11000&filter[addCategory]=50&filter[addCatering]=1&filter[addMisc]=0&filter[addTransport]=F&filter[fp]=1&order_by=ofr_price&filter[tourOperator]=0&filter[childAge][1]=20201210","https://fly.pl/cdn/photo/assets/uploads/582/278/2014/07/Park-Regency.jpg","https://fly.pl/wycieczka/egipt,sharm-el-sheikh,c/hyatt-regency-sharm/pQAL8oam1Q3dwnTFzsPJu-AAoghtKjEU_vCNx_1bBgiq_3R5gpXVUQjygZk0IwIA3_YjEqBE9BU0kwraqn1AZIl0tQAVifDGACagNBSWxyIRwRuq8BuQSK9w-rBAIbwLwPGPKFEwGusc6mAgIAYwECBW9FJ3Q/ofertasv/?filter[tourOperator]=OASI&filter%5Bperson%5D=2&filter%5BchildAge%5D%5B1%5D=20201210&filter%5Bchild%5D=1"
"El Malikia Resort Abu Dabbab (ex.Sol Y Mar)","9633.0","20.10.2026 - 27.10.2026","8 dni/7 nocy","","4.5","4.5","6725","tripadvisor","Все аэропорты","2026-08-22T16:58:15.973379+00:00","https://fly.pl/oferta/egipt-wczasy/?filter[dest]=11:&filter[hotelids]=&filter[cityids]=&filter[cregids]=&filter[ofrType]=&filter[addObjType]=&filter[whenFrom]=10-10-2026&filter[whenTo]=05-11-2026&filter[duration]=7:10&filter[from]=&filter[person]=2&filter[child]=1&filter[price]=0:11000&filter[PriceFrom]=0&filter[PriceTo]=11000&filter[addCategory]=50&filter[addCatering]=1&filter[addMisc]=0&filter[addTransport]=F&filter[fp]=1&order_by=ofr_price&filter[tourOperator]=0&filter[childAge][1]=20201210","https://fly.pl/cdn/photo/assets/uploads/582/278/2016/11/El-Malikia-Resort-Abu-Dabbab-ex.Sol-Y-Mar-fly-pl.jpg","https://fly.pl/wycieczka/egipt,marsa-alam,c/el-malikia-resort-abu-dabbab-ex-sol-y-mar/pGK2-nyoueUZz7tRk4u_QcAAogo0q9YG6bVxhicxi1gl8NqWp1Pss5sN_GU9fvLFtRr8EqBFNGUEwwraqn1AZIoUtQQVj3CmACciELAxUEIgYSJ1zGAkAuW_cDDf3J1AlR-a_kkgYCEmMBAgbpXxfn/ofertasv/?filter[tourOperator]=SFPL&filter%5Bperson%5D=2&filter%5BchildAge%5D%5B1%5D=20201210&filter%5Bchild%5D=1"
"Pickalbatros Dana Beach Resort","9657.0","29.10.2026 - 05.11.2026","9 dni/7 nocy","","4.4","4.4","2852","tripadvisor","Все аэропорты","2026-08-22T16:58:15.973379+00:00","https://fly.pl/oferta/egipt-wczasy/?filter[dest]=11:&filter[hotelids]=&filter[cityids]=&filter[cregids]=&filter[ofrType]=&filter[addObjType]=&filter[whenFrom]=10-10-2026&filter[whenTo]=05-11-2026&filter[duration]=7:10&filter[from]=&filter[person]=2&filter[child]=1&filter[price]=0:11000&filter[PriceFrom]=0&filter[PriceTo]=11000&filter[addCategory]=50&filter[addCatering]=1&filter[addMisc]=0&filter[addTransport]=F&filter[fp]=1&order_by=ofr_price&filter[tourOperator]=0&filter[childAge][1]=20201210","https://fly.pl/cdn/photo/assets/uploads/582/278/2014/10/Dana-Beach-Resort-fly-pl-1.jpg","https://fly.pl/wycieczka/egipt,hurghada,c/dana-beach/pefT2L5SYcxbDXkUb-Q9fWAAogGhUe-7e9uaIQqCaDkkKgrv966lwJMXcBoSKWCVd3NSUqBEVYSU0wraqn1AZIuUtQAVjPDGACagJBSXIhHBGi-AarBLawS7kERBuJ-zcY5KFTAYSU9sYNAgBjAQIMFR9ngA/ofertasv/?filter[tourOperator]=EXIM&filter%5Bperson%5D=2&filter%5BchildAge%5D%5B1%5D=20201210&filter%5Bchild%5D=1"
"Coral Sea Water World Resort","9668.0","28.10.2026 - 05.11.2026","9 dni/8 nocy","","4.5","4.5","9359","tripadvisor","Все аэропорты","2026-08-22T16:58:15.973379+00:00","https://fly.pl/oferta/egipt-wczasy/?filter[dest]=11:&filter[hotelids]=&filter[cityids]=&filter[cregids]=&filter[ofrType]=&filter[addObjType]=&filter[whenFrom]=10-10-2026&filter[whenTo]=05-11-2026&filter[duration]=7:10&filter[from]=&filter[person]=2&filter[child]=1&filter[price]=0:11000&filter[PriceFrom]=0&filter[PriceTo]=11000&filter[addCategory]=50&filter[addCatering]=1&filter[addMisc]=0&filter[addTransport]=F&filter[fp]=1&order_by=ofr_price&filter[tourOperator]=0&filter[childAge][1]=20201210","https://fly.pl/cdn/photo/assets/uploads/582/278/2014/07/Coral-Sea-Waterworld.jpg","https://fly.pl/wycieczka/egipt,sharm-el-sheikh,c/coral-sea-water-world/p0wMda66EMlCxeAGQWKz-EAAogiwVAr_uHQ-nksYc1IaRWSTZryUzwBl2_SNj0C1jABO4qBEpPSVAwraqn1AZIxEtQQVi3DGACagMxMm9yQpsBFAEVBhcBXAJYBVYCQMoGT-IBXQBLt8oBYQBepzAR1RNS0QxTAEyssDoNt_2XCSABAau39K-1yMygMAINYwEADOpmVtw/ofertasv/?filter[tourOperator]=JOIP&filter%5Bperson%5D=2&filter%5BchildAge%5D%5B1%5D=20201210&filter%5Bchild%5D=1"
"V Hotel Sharm","9730.0","28.10.2026 - 05.11.2026","9 dni/8 nocy","","4.2","4.2","2092","tripadvisor","Все аэропорты","2026-08-22T16:58:15.973379+00:00","https://fly.pl/oferta/egipt-wczasy/?filter[dest]=11:&filter[hotelids]=&filter[cityids]=&filter[cregids]=&filter[ofrType]=&filter[addObjType]=&filter[whenFrom]=10-10-2026&filter[whenTo]=05-11-2026&filter[duration]=7:10&filter[from]=&filter[person]=2&filter[child]=1&filter[price]=0:11000&filter[PriceFrom]=0&filter[PriceTo]=11000&filter[addCategory]=50&filter[addCatering]=1&filter[addMisc]=0&filter[addTransport]=F&filter[fp]=1&order_by=ofr_price&filter[tourOperator]=0&filter[childAge][1]=20201210","https://fly.pl/cdn/photo/assets/uploads/582/278/2017/08/Pyramisa-Beach-Resort.jpg","https://fly.pl/wycieczka/egipt,sharm-el-sheikh,szarm-el-szejk/dessole-pyramisa-egipt-sharm-el-sheikh-egipt/prvrhS5S15VY6ShfIlB0IxAAog_SMFmfnuvLhon_4oWdVy1TZryUzwBl2_SNj0C1jABO4qBEpPSVAwraqn1AZIgkxQQVi3DGACagMwYWtyQpsBFAEVBhcBXAJYBVYCQMoGT-IBXQBLt8oBYQBepzBSpiBTABGGDEympDoNt_2XCSABAZ_j0Ki1yMygMAINYwEADM4fi0k/ofertasv/?filter[tourOperator]=JOIP&filter%5Bperson%5D=2&filter%5BchildAge%5D%5B1%5D=20201210&filter%5Bchild%5D=1"
"Hilton Marsa Alam Nubian Resort","9774.0","17.10.2026 - 24.10.2026","8 dni/7 nocy","","4.7","4.7","10162","tripadvisor","Все аэропорты","2026-08-22T16:58:15.973379+00:00","https://fly.pl/oferta/egipt-wczasy/?filter[dest]=11:&filter[hotelids]=&filter[cityids]=&filter[cregids]=&filter[ofrType]=&filter[addObjType]=&filter[whenFrom]=10-10-2026&filter[whenTo]=05-11-2026&filter[duration]=7:10&filter[from]=&filter[person]=2&filter[child]=1&filter[price]=0:11000&filter[PriceFrom]=0&filter[PriceTo]=11000&filter[addCategory]=50&filter[addCatering]=1&filter[addMisc]=0&filter[addTransport]=F&filter[fp]=1&order_by=ofr_price&filter[tourOperator]=0&filter[childAge][1]=20201210","https://fly.pl/cdn/photo/assets/uploads/582/278/2014/08/Tropitel-Dahab-Oasis.jpg","https://fly.pl/wycieczka/egipt,marsa-alam,c/hilton-marsa-alam-nubian-resort/pqlKzsvpFVMvjSVTwHcMoMAAogZJjfKNJ5BJ5ect68px_UYmECgtijhDrT6bu4Y7o874kqBE9SRVgwraqn1AZIrkxQQVivCmACagZESS4yLjFyNpsBFQcXAFwDWAVWAkDKBhGmDV3dFk8kXpnYAVO8FFIAS7EvYQBM5Yw6IKz9lwkNAAISYwECDZb-JyY/ofertasv/?filter[tourOperator]=OREX&filter%5Bperson%5D=2&filter%5BchildAge%5D%5B1%5D=20201210&filter%5Bchild%5D=1"
"Jaz Elite Asteria (Hurghada)","9777.0","27.10.2026 - 03.11.2026","9 dni/7 nocy","","4.9","4.9","620","tripadvisor","Все аэропорты","2026-08-22T16:58:15.973379+00:00","https://fly.pl/oferta/egipt-wczasy/?filter[dest]=11:&filter[hotelids]=&filter[cityids]=&filter[cregids]=&filter[ofrType]=&filter[addObjType]=&filter[whenFrom]=10-10-2026&filter[whenTo]=05-11-2026&filter[duration]=7:10&filter[from]=&filter[person]=2&filter[child]=1&filter[price]=0:11000&filter[PriceFrom]=0&filter[PriceTo]=11000&filter[addCategory]=50&filter[addCatering]=1&filter[addMisc]=0&filter[addTransport]=F&filter[fp]=1&order_by=ofr_price&filter[tourOperator]=0&filter[childAge][1]=20201210","https://fly.pl/cdn/photo/assets/uploads/582/278/2024/07/jaz-asteria-beach.jpg","https://fly.pl/wycieczka/egipt,hurghada,sahl-hasheesh/jaz-asteria-beach-11/p24j2UavRdIHtqaSXLnCtoAAog6haa7-qW7wRfloMD_pyTKZmSZ-ZO1HkJPLAVYySL8QwqBEVYSU0wraqn1AZIsUxQAVifDGACagJBSXIhHBGz_wa5BICoS6sEXhvZpEAYsN5HAZK0nawNAhJjAQIM0hN-uw/ofertasv/?filter[tourOperator]=EXIM&filter%5Bperson%5D=2&filter%5BchildAge%5D%5B1%5D=20201210&filter%5Bchild%5D=1"
"Gorgonia Beach","9783.0","20.10.2026 - 27.10.2026","8 dni/7 nocy","","4.5","4.5","3746","tripadvisor","Все аэропорты","2026-08-22T16:58:15.973379+00:00","https://fly.pl/oferta/egipt-wczasy/?filter[dest]=11:&filter[hotelids]=&filter[cityids]=&filter[cregids]=&filter[ofrType]=&filter[addObjType]=&filter[whenFrom]=10-10-2026&filter[whenTo]=05-11-2026&filter[duration]=7:10&filter[from]=&filter[person]=2&filter[child]=1&filter[price]=0:11000&filter[PriceFrom]=0&filter[PriceTo]=11000&filter[addCategory]=50&filter[addCatering]=1&filter[addMisc]=0&filter[addTransport]=F&filter[fp]=1&order_by=ofr_price&filter[tourOperator]=0&filter[childAge][1]=20201210","https://fly.pl/cdn/photo/assets/uploads/582/278/2016/12/Gorgonia-Beach-Resort.jpg","https://fly.pl/wycieczka/egipt,marsa-alam,c/gorgonia-beach/pQ6DxzLkl2HGeWpUicgX_zAAog9neub51qzm8qFv04mqPBk9ExpNyR8PdMYb0hQMEv2X0qBFNGUEwwraqn1AZIt0xQQVj3CmACciMLAhUFIgYSJ1zGAkAuDfTN1AlRy_PjkgZbifjAHwISYwECBuqpOmw/ofertasv/?filter[tourOperator]=SFPL&filter%5Bperson%5D=2&filter%5BchildAge%5D%5B1%5D=20201210&filter%5Bchild%5D=1"
"Cleopatra Luxury Resort","9785.0","28.10.2026 - 05.11.2026","9 dni/8 nocy","","4.5","4.5","7571","tripadvisor","Все аэропорты","2026-08-22T16:58:15.973379+00:00","https://fly.pl/oferta/egipt-wczasy/?filter[dest]=11:&filter[hotelids]=&filter[cityids]=&filter[cregids]=&filter[ofrType]=&filter[addObjType]=&filter[whenFrom]=10-10-2026&filter[whenTo]=05-11-2026&filter[duration]=7:10&filter[from]=&filter[person]=2&filter[child]=1&filter[price]=0:11000&filter[PriceFrom]=0&filter[PriceTo]=11000&filter[addCategory]=50&filter[addCatering]=1&filter[addMisc]=0&filter[addTransport]=F&filter[fp]=1&order_by=ofr_price&filter[tourOperator]=0&filter[childAge][1]=20201210","https://fly.pl/cdn/photo/assets/uploads/582/278/2014/07/58ae3c6b287eb1e74191c52d1e07af6ad3ddd609476a5d59c69f95f8f8409586.jpg","https://fly.pl/wycieczka/egipt,sharm-el-sheikh,nabq-bay/the-cleopatra-luxury-resort-collection/plkFINdWicX6toI-2UjlJBAAogqbqE5m0jpymqyRU3En9eKzZryUzwBl2_SNj0C1jABO4qBEpPSVAwraqn1AZIuUxQQVi3DGACagMwMllyQ5sBFAEVBhcBXAJYBVYCQMoGT-IBXQBLt8oBYQBepzBSpiBTABHTtgFM2fk4Dbf9lwkgAQGk3_CotcjMoDACDWMBAAuOFToS/ofertasv/?filter[tourOperator]=JOIP&filter%5Bperson%5D=2&filter%5BchildAge%5D%5B1%5D=20201210&filter%5Bchild%5D=1"
"Domina Coral Bay Sultan","9822.0","13.10.2026 - 20.10.2026","8 dni/7 nocy","","4.2","4.2","12393","tripadvisor","Все аэропорты","2026-08-22T16:58:15.973379+00:00","https://fly.pl/oferta/egipt-wczasy/?filter[dest]=11:&filter[hotelids]=&filter[cityids]=&filter[cregids]=&filter[ofrType]=&filter[addObjType]=&filter[whenFrom]=10-10-2026&filter[whenTo]=05-11-2026&filter[duration]=7:10&filter[from]=&filter[person]=2&filter[child]=1&filter[price]=0:11000&filter[PriceFrom]=0&filter[PriceTo]=11000&filter[addCategory]=50&filter[addCatering]=1&filter[addMisc]=0&filter[addTransport]=F&filter[fp]=1&order_by=ofr_price&filter[tourOperator]=0&filter[childAge][1]=20201210","https://fly.pl/cdn/photo/assets/uploads/582/278/2014/07/Domina-Coral-Bay-Sultan.jpg","https://fly.pl/wycieczka/egipt,sharm-el-sheikh,c/domina-coral-bay-sultan/pqn_8YCsIRG0VabgusdzeHAAogqRHyLXLOaXygHFM-xpbs6lATkd0Et3pHZ-B5Uah2j-0qBEpPSVAwraqn1AZI3kxQQVjPCWACagM5b0dyQpsBFAEVBhcAXANYBVYCQMoGT-IBXQAR4sgBS9UBYQBepzBSpiBTAEyssDoNqP2XCSAAAbTHtJC0icygMAINYwEADKyJBCM/ofertasv/?filter[tourOperator]=JOIP&filter%5Bperson%5D=2&filter%5BchildAge%5D%5B1%5D=20201210&filter%5Bchild%5D=1"
"Pickalbatros White Beach Resort","9857.0","29.10.2026 - 05.11.2026","9 dni/7 nocy","","4.8","4.8","3752","tripadvisor","Все аэропорты","2026-08-22T16:58:15.973379+00:00","https://fly.pl/oferta/egipt-wczasy/?filter[dest]=11:&filter[hotelids]=&filter[cityids]=&filter[cregids]=&filter[ofrType]=&filter[addObjType]=&filter[whenFrom]=10-10-2026&filter[whenTo]=05-11-2026&filter[duration]=7:10&filter[from]=&filter[person]=2&filter[child]=1&filter[price]=0:11000&filter[PriceFrom]=0&filter[PriceTo]=11000&filter[addCategory]=50&filter[addCatering]=1&filter[addMisc]=0&filter[addTransport]=F&filter[fp]=1&order_by=ofr_price&filter[tourOperator]=0&filter[childAge][1]=20201210","https://fly.pl/cdn/photo/assets/uploads/582/278/2015/09/Albatros-White-Beach-fly-pl.jpg","https://fly.pl/wycieczka/egipt,hurghada,c/albatros-white-beach/pdBpsEiTTVM2udOTghZ47pAAog_B0ErR8oWnBRk4ztaEy6X_966lwJMXcBoSKWCVd3NSUqBEVYSU0wraqn1AZIgU1QAVjPDGACagJBSXIhHBGm-AarBLKwS7kERBuA_DcY4qFTAdnx-sYNAgBjAQIMbionUw/ofertasv/?filter[tourOperator]=EXIM&filter%5Bperson%5D=2&filter%5BchildAge%5D%5B1%5D=20201210&filter%5Bchild%5D=1"
"Titanic Beach Spa & Aqua Park","9897.0","11.10.2026 - 19.10.2026","9 dni/7 nocy","","4.3","4.3","7411","tripadvisor","Все аэропорты","2026-08-22T16:58:15.973379+00:00","https://fly.pl/oferta/egipt-wczasy/?filter[dest]=11:&filter[hotelids]=&filter[cityids]=&filter[cregids]=&filter[ofrType]=&filter[addObjType]=&filter[whenFrom]=10-10-2026&filter[whenTo]=05-11-2026&filter[duration]=7:10&filter[from]=&filter[person]=2&filter[child]=1&filter[price]=0:11000&filter[PriceFrom]=0&filter[PriceTo]=11000&filter[addCategory]=50&filter[addCatering]=1&filter[addMisc]=0&filter[addTransport]=F&filter[fp]=1&order_by=ofr_price&filter[tourOperator]=0&filter[childAge][1]=20201210","https://fly.pl/cdn/photo/assets/uploads/582/278/2014/07/Titanic-Beach-Spa-Aqua-Park-fly-pl.jpg","https://fly.pl/wycieczka/egipt,hurghada,c/titanic-beach-spa/pmveyM2yeWqDQYvs2ylwygAAogVxgQRMa9aDHaSIYkD5TTWTV_53miNr191AZm1jtFIdgqBFZJVFgwraqn1AZIqU1QQVifCWACckAaABUHFwBcA1gFQI8DW7-DAVOPLVIAYYgfSwBepzBMkvg5DebVmAkgAU--r8z7jwFRrOAYXbTRkPAYAgxjAQILz-D7Rg/ofertasv/?filter[tourOperator]=VITX&filter%5Bperson%5D=2&filter%5BchildAge%5D%5B1%5D=20201210&filter%5Bchild%5D=1"
"Royal Brayka Beach Resort (ex Zee Brayka)","9897.0","10.10.2026 - 18.10.2026","9 dni/7 nocy","","4.4","4.4","2462","tripadvisor","Все аэропорты","2026-08-22T16:58:15.973379+00:00","https://fly.pl/oferta/egipt-wczasy/?filter[dest]=11:&filter[hotelids]=&filter[cityids]=&filter[cregids]=&filter[ofrType]=&filter[addObjType]=&filter[whenFrom]=10-10-2026&filter[whenTo]=05-11-2026&filter[duration]=7:10&filter[from]=&filter[person]=2&filter[child]=1&filter[price]=0:11000&filter[PriceFrom]=0&filter[PriceTo]=11000&filter[addCategory]=50&filter[addCatering]=1&filter[addMisc]=0&filter[addTransport]=F&filter[fp]=1&order_by=ofr_price&filter[tourOperator]=0&filter[childAge][1]=20201210","https://fly.pl/cdn/photo/assets/uploads/582/278/2014/07/Royal-Brayka-Resort.jpg","https://fly.pl/wycieczka/egipt,marsa-alam,c/royal-brayka-resort/pp31XPCy9QfhiF9jsNZuZuAAog5rYF8yNB3I9WrjgY4SliMpAPaq7t_caFLM2yOUCCvvcqBFZJVFgwraqn1AZIqU1QQViHCWACckAaABUHFwBcA1gFQI8DW7-DAWGXTEsAXqcwUrwUUwBM1OM5DefVmAkgAV2q65HsqAFPlNqZijdRwcUTAg5jAQINaLoQPA/ofertasv/?filter[tourOperator]=VITX&filter%5Bperson%5D=2&filter%5BchildAge%5D%5B1%5D=20201210&filter%5Bchild%5D=1"
"Lazuli (Marsa Alam)","9897.0","10.10.2026 - 18.10.2026","9 dni/7 nocy","","4.7","4.7","1081","tripadvisor","Все аэропорты","2026-08-22T16:58:15.973379+00:00","https://fly.pl/oferta/egipt-wczasy/?filter[dest]=11:&filter[hotelids]=&filter[cityids]=&filter[cregids]=&filter[ofrType]=&filter[addObjType]=&filter[whenFrom]=10-10-2026&filter[whenTo]=05-11-2026&filter[duration]=7:10&filter[from]=&filter[person]=2&filter[child]=1&filter[price]=0:11000&filter[PriceFrom]=0&filter[PriceTo]=11000&filter[addCategory]=50&filter[addCatering]=1&filter[addMisc]=0&filter[addTransport]=F&filter[fp]=1&order_by=ofr_price&filter[tourOperator]=0&filter[childAge][1]=20201210","https://fly.pl/cdn/photo/assets/uploads/582/278/2021/06/Lazuli1.jpg","https://fly.pl/wycieczka/egipt,marsa-alam,al-kusajr/lazuli-13/pQKbgPGov3a_NjAsdZQom0AAogB4x5lFc9Ef0DS6L57Meuj5APaq7t_caFLM2yOUCCvvcqBFZJVFgwraqn1AZIqU1QQViHCWACckAaABUHFwBcA1gFQI8DW7-DAWGXTEsAXqcwUrwUUwBM1OM5DefVmAkgAV2q65HsqAFPlNqZijdRma0BAg1jAQIMfhk7xw/ofertasv/?filter[tourOperator]=VITX&filter%5Bperson%5D=2&filter%5BchildAge%5D%5B1%5D=20201210&filter%5Bchild%5D=1"
"Casa Mare Resort (ex. Royal Tulip Beach Resort)","9897.0","10.10.2026 - 18.10.2026","9 dni/7 nocy","","4.7","4.7","4700","tripadvisor","Все аэропорты","2026-08-22T16:58:15.973379+00:00","https://fly.pl/oferta/egipt-wczasy/?filter[dest]=11:&filter[hotelids]=&filter[cityids]=&filter[cregids]=&filter[ofrType]=&filter[addObjType]=&filter[whenFrom]=10-10-2026&filter[whenTo]=05-11-2026&filter[duration]=7:10&filter[from]=&filter[person]=2&filter[child]=1&filter[price]=0:11000&filter[PriceFrom]=0&filter[PriceTo]=11000&filter[addCategory]=50&filter[addCatering]=1&filter[addMisc]=0&filter[addTransport]=F&filter[fp]=1&order_by=ofr_price&filter[tourOperator]=0&filter[childAge][1]=20201210","https://fly.pl/cdn/photo/assets/uploads/582/278/2015/12/Casa-Mare-Resort.jpg","https://fly.pl/wycieczka/egipt,marsa-alam,c/royal-tulip-beach-resort/po4CaEV7xbW7cNBU3C2MlzAAogwu4uCFTD8p_Zs-1DsihgJZAPaq7t_caFLM2yOUCCvvcqBFZJVFgwraqn1AZIqU1QQViHCWACckAaABUHFwBcA1gFQI8DW5eFAWG_SksAXqcwUrwUUwBM1OM5DefVmAkgAV2q65HsqAFPlNqZijdR3tcZAg5jAQINowiZRw/ofertasv/?filter[tourOperator]=VITX&filter%5Bperson%5D=2&filter%5BchildAge%5D%5B1%5D=20201210&filter%5Bchild%5D=1"
"Hilton Plaza (Hurghada)","9900.0","25.10.2026 - 01.11.2026","8 dni/7 nocy","","4.6","4.6","4208","tripadvisor","Все аэропорты","2026-08-22T16:58:15.973379+00:00","https://fly.pl/oferta/egipt-wczasy/?filter[dest]=11:&filter[hotelids]=&filter[cityids]=&filter[cregids]=&filter[ofrType]=&filter[addObjType]=&filter[whenFrom]=10-10-2026&filter[whenTo]=05-11-2026&filter[duration]=7:10&filter[from]=&filter[person]=2&filter[child]=1&filter[price]=0:11000&filter[PriceFrom]=0&filter[PriceTo]=11000&filter[addCategory]=50&filter[addCatering]=1&filter[addMisc]=0&filter[addTransport]=F&filter[fp]=1&order_by=ofr_price&filter[tourOperator]=0&filter[childAge][1]=20201210","https://fly.pl/cdn/photo/assets/uploads/582/278/2014/10/Hilton-Plaza.jpg","https://fly.pl/wycieczka/egipt,hurghada,c/hilton-plaza-hurghada/p_QQiKij-Np0us2efrpyv8AAogU2pG0SOPlBI6YAqhh3uhNmsfmPE5MosFyu9Bpr8s0iIqBE9BU0kwraqn1AZIrE1QAVjvC2ACagNBSWxyIBwR9XarBL6nELkEHRuo_g0Y2LASAav6gJkCAgBjAQIFPqxvUA/ofertasv/?filter[tourOperator]=OASI&filter%5Bperson%5D=2&filter%5BchildAge%5D%5B1%5D=20201210&filter%5Bchild%5D=1"
"Pickalbatros Laguna Vista Beach","9929.0","27.10.2026 - 03.11.2026","8 dni/7 nocy","","4.0","4.0","3068","tripadvisor","Все аэропорты","2026-08-22T16:58:15.973379+00:00","https://fly.pl/oferta/egipt-wczasy/?filter[dest]=11:&filter[hotelids]=&filter[cityids]=&filter[cregids]=&filter[ofrType]=&filter[addObjType]=&filter[whenFrom]=10-10-2026&filter[whenTo]=05-11-2026&filter[duration]=7:10&filter[from]=&filter[person]=2&filter[child]=1&filter[price]=0:11000&filter[PriceFrom]=0&filter[PriceTo]=11000&filter[addCategory]=50&filter[addCatering]=1&filter[addMisc]=0&filter[addTransport]=F&filter[fp]=1&order_by=ofr_price&filter[tourOperator]=0&filter[childAge][1]=20201210","https://fly.pl/cdn/photo/assets/uploads/582/278/2014/07/laguna.jpg","https://fly.pl/wycieczka/egipt,sharm-el-sheikh,c/laguna-vista-beach/pN5tSaENytuq_qJ2kgYdpCAAogXpXj3GP2dbKL_hXINV-b-pgpXVUQjygZk0IwIA3_YjEqBE9BU0kwrqqn1AZIyU1QAVifDGACagNBSWxyIRwRpq8BuQSe9w-rBAIb-rwOGNz9EQGY0N-ZAgIAYwECDNUA4oQ/ofertasv/?filter[tourOperator]=OASI&filter%5Bperson%5D=2&filter%5BchildAge%5D%5B1%5D=20201210&filter%5Bchild%5D=1"
"Jaz Makadi Saraya (ex Iberotel)","9941.0","29.10.2026 - 05.11.2026","8 dni/7 nocy","","4.8","4.8","6770","tripadvisor","Все аэропорты","2026-08-22T16:58:15.973379+00:00","https://fly.pl/oferta/egipt-wczasy/?filter[dest]=11:&filter[hotelids]=&filter[cityids]=&filter[cregids]=&filter[ofrType]=&filter[addObjType]=&filter[whenFrom]=10-10-2026&filter[whenTo]=05-11-2026&filter[duration]=7:10&filter[from]=&filter[person]=2&filter[child]=1&filter[price]=0:11000&filter[PriceFrom]=0&filter[PriceTo]=11000&filter[addCategory]=50&filter[addCatering]=1&filter[addMisc]=0&filter[addTransport]=F&filter[fp]=1&order_by=ofr_price&filter[tourOperator]=0&filter[childAge][1]=20201210","https://fly.pl/cdn/photo/assets/uploads/582/278/2014/07/Jaz-Makadi-Saraya-ex-Iberotel-fly-pl.jpg","https://fly.pl/wycieczka/egipt,hurghada,makadi-bay/iberotel-makadi-saraya/p3mKFZl08izRPxYBdN_bmxAAognryXYwA7WDJvrZj83QdZxxLqCxxQb8S86Hh0k4aD-ioqBE9SRVgwrqqn1AZI1U1QQVjPDGACagZEMC4yLjFyNZsBFQcXAFwDWAVWAhEaQLAGXZsPTyRT0p0BUgBer09L7UNhAEzljDoguP2XCQ0AAhJjAQIMTmzOJw/ofertasv/?filter[tourOperator]=OREX&filter%5Bperson%5D=2&filter%5BchildAge%5D%5B1%5D=20201210&filter%5Bchild%5D=1"
"Concorde El Salam Front Area","9974.0","10.10.2026 - 17.10.2026","8 dni/7 nocy","","4.8","4.8","1458","tripadvisor","Все аэропорты","2026-08-22T16:58:15.973379+00:00","https://fly.pl/oferta/egipt-wczasy/?filter[dest]=11:&filter[hotelids]=&filter[cityids]=&filter[cregids]=&filter[ofrType]=&filter[addObjType]=&filter[whenFrom]=10-10-2026&filter[whenTo]=05-11-2026&filter[duration]=7:10&filter[from]=&filter[person]=2&filter[child]=1&filter[price]=0:11000&filter[PriceFrom]=0&filter[PriceTo]=11000&filter[addCategory]=50&filter[addCatering]=1&filter[addMisc]=0&filter[addTransport]=F&filter[fp]=1&order_by=ofr_price&filter[tourOperator]=0&filter[childAge][1]=20201210","https://fly.pl/cdn/photo/assets/uploads/582/278/2024/07/concorde-el-salam-front.jpg","https://fly.pl/wycieczka/egipt,sharm-el-sheikh,szarm-el-szejk/concorde-el-salam-front-12/pZz1iMm883QOO90LAn0D4mAAogt11xlAQXekhiY73q7DQ2GAAAAACZhAQAtoQEAAcAEgAqBFdFWlkwrqqn1AZI9k1QQViHCWADaglFbnRlciBBaXJqBDA4MDByQ54BlQEfAAIBHAAWBBcCEu0DGIUFE80BFMkEEd4-QLQzTKCiAU8AS8cjUAAbsYMCHeC-DSAdDdzHwgkBEmMBDGMBAgVI7czo/ofertasv/?filter[tourOperator]=WEZY&filter%5Bperson%5D=2&filter%5BchildAge%5D%5B1%5D=20201210&filter%5Bchild%5D=1"
"Ancient Sands Golf Resort","9995.0","25.10.2026 - 01.11.2026","8 dni/7 nocy","","4.8","4.8","3352","tripadvisor","Все аэропорты","2026-08-22T16:58:15.973379+00:00","https://fly.pl/oferta/egipt-wczasy/?filter[dest]=11:&filter[hotelids]=&filter[cityids]=&filter[cregids]=&filter[ofrType]=&filter[addObjType]=&filter[whenFrom]=10-10-2026&filter[whenTo]=05-11-2026&filter[duration]=7:10&filter[from]=&filter[person]=2&filter[child]=1&filter[price]=0:11000&filter[PriceFrom]=0&filter[PriceTo]=11000&filter[addCategory]=50&filter[addCatering]=1&filter[addMisc]=0&filter[addTransport]=F&filter[fp]=1&order_by=ofr_price&filter[tourOperator]=0&filter[childAge][1]=20201210","https://fly.pl/cdn/photo/assets/uploads/582/278/2019/05/Ancient-Sands-Golf-Resort.jpg","https://fly.pl/wycieczka/egipt,hurghada,al-dzuna/ancient-sands-el-gouna/p2uhVh1m9FMFgYPJqiXFifAAog8KMciHait6UxXeopeBx70WsfmPE5MosFyu9Bpr8s0iIqBE9BU0kwrqqn1AZIi05QAVjvC2ACagNBSWxyIBwRyXarBOqnELkEHRukig4YpqASAZGq-pgCAgBjAQIMXoIXTg/ofertasv/?filter[tourOperator]=OASI&filter%5Bperson%5D=2&filter%5BchildAge%5D%5B1%5D=20201210&filter%5Bchild%5D=1"
"Sierra","10026.0","28.10.2026 - 05.11.2026","9 dni/8 nocy","","4.7","4.7","11365","tripadvisor","Все аэропорты","2026-08-22T16:58:15.973379+00:00","https://fly.pl/oferta/egipt-wczasy/?filter[dest]=11:&filter[hotelids]=&filter[cityids]=&filter[cregids]=&filter[ofrType]=&filter[addObjType]=&filter[whenFrom]=10-10-2026&filter[whenTo]=05-11-2026&filter[duration]=7:10&filter[from]=&filter[person]=2&filter[child]=1&filter[price]=0:11000&filter[PriceFrom]=0&filter[PriceTo]=11000&filter[addCategory]=50&filter[addCatering]=1&filter[addMisc]=0&filter[addTransport]=F&filter[fp]=1&order_by=ofr_price&filter[tourOperator]=0&filter[childAge][1]=20201210","https://fly.pl/cdn/photo/assets/uploads/582/278/2014/07/Sierra-Sharm.jpg","https://fly.pl/wycieczka/egipt,sharm-el-sheikh,c/sierra/pvd02cbnlzmHHVFgRzP3_JAAogr10ztq1CWnoVi5z0cDtT_jZryUzwBl2_SNj0C1jABO4qBEpPSVAwrqqn1AZIqk5QQVi3DGACagMwRVByQpsBFAEVBhcBXAJYBVYCQMoGT-IBXQARoscBS5UDYQBepzBSpiBTAEyssDoNt_2XCSABAbHL6MilyMygMAINYwEACxGKOsE/ofertasv/?filter[tourOperator]=JOIP&filter%5Bperson%5D=2&filter%5BchildAge%5D%5B1%5D=20201210&filter%5Bchild%5D=1"
"Cardina Resort by Sunrise","10027.0","10.10.2026 - 18.10.2026","9 dni/7 nocy","","4.0","4.0","1272","tripadvisor","Все аэропорты","2026-08-22T16:58:15.973379+00:00","https://fly.pl/oferta/egipt-wczasy/?filter[dest]=11:&filter[hotelids]=&filter[cityids]=&filter[cregids]=&filter[ofrType]=&filter[addObjType]=&filter[whenFrom]=10-10-2026&filter[whenTo]=05-11-2026&filter[duration]=7:10&filter[from]=&filter[person]=2&filter[child]=1&filter[price]=0:11000&filter[PriceFrom]=0&filter[PriceTo]=11000&filter[addCategory]=50&filter[addCatering]=1&filter[addMisc]=0&filter[addTransport]=F&filter[fp]=1&order_by=ofr_price&filter[tourOperator]=0&filter[childAge][1]=20201210","https://fly.pl/cdn/photo/assets/uploads/582/278/2016/11/Aurora-Oriental-Bay-Marsa-Alam.jpg","https://fly.pl/wycieczka/egipt,marsa-alam,c/aurora-oriental-bay-marsa-alam/pMkixf39cdBvbKOUeNbUcbAAog2pPopCOfI3D-_k0yQ65S9ifdFd6w4wEyk1_NSK21SYgqBEJWUFIwrqqn1AZIq05QAViHCWACag1BbGwgaW5jbHVzaXZlciAcEZtQG5XiBBio4wy5BP3uE6sEHQH1xYHCAQIAYwECC2rqpUQ/ofertasv/?filter[tourOperator]=BVPR&filter%5Bperson%5D=2&filter%5BchildAge%5D%5B1%5D=20201210&filter%5Bchild%5D=1"
"Stella Di Mare Beach & Spa","10056.0","28.10.2026 - 05.11.2026","9 dni/8 nocy","","4.8","4.8","7443","tripadvisor","Все аэропорты","2026-08-22T16:58:15.973379+00:00","https://fly.pl/oferta/egipt-wczasy/?filter[dest]=11:&filter[hotelids]=&filter[cityids]=&filter[cregids]=&filter[ofrType]=&filter[addObjType]=&filter[whenFrom]=10-10-2026&filter[whenTo]=05-11-2026&filter[duration]=7:10&filter[from]=&filter[person]=2&filter[child]=1&filter[price]=0:11000&filter[PriceFrom]=0&filter[PriceTo]=11000&filter[addCategory]=50&filter[addCatering]=1&filter[addMisc]=0&filter[addTransport]=F&filter[fp]=1&order_by=ofr_price&filter[tourOperator]=0&filter[childAge][1]=20201210","https://fly.pl/cdn/photo/assets/uploads/582/278/2014/07/Stella-Di-Mare-Beach-sharm.jpg","https://fly.pl/wycieczka/egipt,sharm-el-sheikh,szarm-el-szejk/stella-di-mare-beach-spa/pdp4ts2vGDWEqOA5oKumlCAAogxnrekrnEqwz4EI_DD-a_SjZryUzwBl2_SNj0C1jABO4qBEpPSVAwrqqn1AZIyE5QQVi3DGACagMwMHdyQpsBFAEVBhcBXAJYBVYCQMoGT-IBXQARq8YBS4wEYQBepzBSpiBTAEyssDoNt_2XCSABAbTB7MClyMygMAINYwEADFBeluA/ofertasv/?filter[tourOperator]=JOIP&filter%5Bperson%5D=2&filter%5BchildAge%5D%5B1%5D=20201210&filter%5Bchild%5D=1"
"Pickalbatros Aqua Park Resort (Sharm El Sheikh)","10076.0","27.10.2026 - 03.11.2026","8 dni/7 nocy","","4.8","4.8","3547","tripadvisor","Все аэропорты","2026-08-22T16:58:15.973379+00:00","https://fly.pl/oferta/egipt-wczasy/?filter[dest]=11:&filter[hotelids]=&filter[cityids]=&filter[cregids]=&filter[ofrType]=&filter[addObjType]=&filter[whenFrom]=10-10-2026&filter[whenTo]=05-11-2026&filter[duration]=7:10&filter[from]=&filter[person]=2&filter[child]=1&filter[price]=0:11000&filter[PriceFrom]=0&filter[PriceTo]=11000&filter[addCategory]=50&filter[addCatering]=1&filter[addMisc]=0&filter[addTransport]=F&filter[fp]=1&order_by=ofr_price&filter[tourOperator]=0&filter[childAge][1]=20201210","https://fly.pl/cdn/photo/assets/uploads/582/278/2017/08/Albatros-Aqua-Park-Sharm.jpg","https://fly.pl/wycieczka/egipt,sharm-el-sheikh,szarm-el-szejk/albatros-aqua-park-sharm-el-sheikh/psEPwyZScTUBujTtBn6rRVAAog0NvYaIKbe0DUeHxGxaUjZZgpXVUQjygZk0IwIA3_YjEqBE9BU0kwrqqn1AZI3E5QAVifDGACagNBSWxyIRwRoa8BuQSj9w-rBAIbjLUPGNeAEwH70PalAgIAYwECDOuPqvM/ofertasv/?filter[tourOperator]=OASI&filter%5Bperson%5D=2&filter%5BchildAge%5D%5B1%5D=20201210&filter%5Bchild%5D=1"
"Coral Sea Holiday Resort","10111.0","28.10.2026 - 05.11.2026","9 dni/8 nocy","","4.5","4.5","10241","tripadvisor","Все аэропорты","2026-08-22T16:58:15.973379+00:00","https://fly.pl/oferta/egipt-wczasy/?filter[dest]=11:&filter[hotelids]=&filter[cityids]=&filter[cregids]=&filter[ofrType]=&filter[addObjType]=&filter[whenFrom]=10-10-2026&filter[whenTo]=05-11-2026&filter[duration]=7:10&filter[from]=&filter[person]=2&filter[child]=1&filter[price]=0:11000&filter[PriceFrom]=0&filter[PriceTo]=11000&filter[addCategory]=50&filter[addCatering]=1&filter[addMisc]=0&filter[addTransport]=F&filter[fp]=1&order_by=ofr_price&filter[tourOperator]=0&filter[childAge][1]=20201210","https://fly.pl/cdn/photo/assets/uploads/582/278/2014/07/Coral-Sea-Holiday-Resort.jpg","https://fly.pl/wycieczka/egipt,sharm-el-sheikh,c/coral-sea-holiday-village/pQdW1EVMbI1niMlwU4sw4pAAogptfsVq7K1bqsTrsL7o52bjZryUzwBl2_SNj0C1jABO4qBEpPSVAwrqqn1AZI_05QQVi3DGACckMUARUGFwFcAlgFVgJAygZP4gFdAFvyAmHFxwFLAF6nMBHUE1LSDFMATKywOg23_ZcJIAEBlNvwr7XIzKAwAg1jAQAMYePAwg/ofertasv/?filter[tourOperator]=JOIP&filter%5Bperson%5D=2&filter%5BchildAge%5D%5B1%5D=20201210&filter%5Bchild%5D=1"
"Continental (ex Movenpick Resort)","10125.0","15.10.2026 - 22.10.2026","8 dni/7 nocy","","4.5","4.5","4150","tripadvisor","Все аэропорты","2026-08-22T16:58:15.973379+00:00","https://fly.pl/oferta/egipt-wczasy/?filter[dest]=11:&filter[hotelids]=&filter[cityids]=&filter[cregids]=&filter[ofrType]=&filter[addObjType]=&filter[whenFrom]=10-10-2026&filter[whenTo]=05-11-2026&filter[duration]=7:10&filter[from]=&filter[person]=2&filter[child]=1&filter[price]=0:11000&filter[PriceFrom]=0&filter[PriceTo]=11000&filter[addCategory]=50&filter[addCatering]=1&filter[addMisc]=0&filter[addTransport]=F&filter[fp]=1&order_by=ofr_price&filter[tourOperator]=0&filter[childAge][1]=20201210","https://fly.pl/cdn/photo/assets/uploads/582/278/2014/09/Continental-Resort.jpg","https://fly.pl/wycieczka/egipt,hurghada,c/movenpick-resort-hurghada-ex-continental-resort/pMuPrrTWlJJwzc-hSsethSAAog-PWicdgsoytGpgfd-9UG3E4omdzNphRQmZcQm_QCUd8qBE9SRVgwrqqn1AZIjU9QQVj_CWACagZFOS4yLjFyNZsBFQcXAFwDWAVWAhFhQOkFXdMOT2xT0p0BUgBer09LgRJhAEzRvjogqv2XCQ0AAhJjAQILmkk8jw/ofertasv/?filter[tourOperator]=OREX&filter%5Bperson%5D=2&filter%5BchildAge%5D%5B1%5D=20201210&filter%5Bchild%5D=1"
"Sunrise Alora Aqua Park Resort","10127.0","11.10.2026 - 18.10.2026","8 dni/7 nocy","","3.5","3.5","1838","tripadvisor","Все аэропорты","2026-08-22T16:58:15.973379+00:00","https://fly.pl/oferta/egipt-wczasy/?filter[dest]=11:&filter[hotelids]=&filter[cityids]=&filter[cregids]=&filter[ofrType]=&filter[addObjType]=&filter[whenFrom]=10-10-2026&filter[whenTo]=05-11-2026&filter[duration]=7:10&filter[from]=&filter[person]=2&filter[child]=1&filter[price]=0:11000&filter[PriceFrom]=0&filter[PriceTo]=11000&filter[addCategory]=50&filter[addCatering]=1&filter[addMisc]=0&filter[addTransport]=F&filter[fp]=1&order_by=ofr_price&filter[tourOperator]=0&filter[childAge][1]=20201210","https://fly.pl/cdn/photo/assets/uploads/582/278/2014/11/Hawaii-Caesar-Palace-Aqua-Park-ex-Mirage-Aqua-Park-fly-pl.jpg","https://fly.pl/wycieczka/egipt,hurghada,c/mirage-aqua-park-spa-cesar-palace/pu55jbAb5zBV8gPjHzC1PxAAogSrppr4Bunj7TTWiUkSmnzQRCB766SlLphSaj_O9l8lYqBEJWUFIwrqqn1AZIj09QAVifCWACag1BbGwgaW5jbHVzaXZlciAcEdJGG83vBBjr8wy5BJrhE6sENQGl4-DEAQIAYwECCws10ZQ/ofertasv/?filter[tourOperator]=BVPR&filter%5Bperson%5D=2&filter%5BchildAge%5D%5B1%5D=20201210&filter%5Bchild%5D=1"
"The V Luxury Resort","10139.0","15.10.2026 - 22.10.2026","8 dni/7 nocy","","4.4","4.4","1017","tripadvisor","Все аэропорты","2026-08-22T16:58:15.973379+00:00","https://fly.pl/oferta/egipt-wczasy/?filter[dest]=11:&filter[hotelids]=&filter[cityids]=&filter[cregids]=&filter[ofrType]=&filter[addObjType]=&filter[whenFrom]=10-10-2026&filter[whenTo]=05-11-2026&filter[duration]=7:10&filter[from]=&filter[person]=2&filter[child]=1&filter[price]=0:11000&filter[PriceFrom]=0&filter[PriceTo]=11000&filter[addCategory]=50&filter[addCatering]=1&filter[addMisc]=0&filter[addTransport]=F&filter[fp]=1&order_by=ofr_price&filter[tourOperator]=0&filter[childAge][1]=20201210","https://datacfstatic.merlinx.pl/OREX/IMG/3068/81c0ea0627efd6ab9706558c934de376be3a32d51491e8172766c62f9015303c.webp","https://fly.pl/wycieczka/egipt,hurghada,sahl-hasheesh/the-v-luxury-resort-13/pHFyBiLT2Rk7MwlLXI9-bPAAogIg0cEJJoy7WjbonxM_0djU4omdzNphRQmZcQm_QCUd8qBE9SRVgwrqqn1AZIm09QQVj_CWACagdGMFAuMi4xcjabARUHFwBYCFYCXAhAwgZd0w5PbBHiAVPwmwFSAF6vT0uBEmEATNG-OiCq_ZcJDQACEmMBAgvWRtHJ/ofertasv/?filter[tourOperator]=OREX&filter%5Bperson%5D=2&filter%5BchildAge%5D%5B1%5D=20201210&filter%5Bchild%5D=1"
"Pickalbatros Sands Port Ghalib (ex. Red Sea Siva Sands)","10171.0","27.10.2026 - 03.11.2026","8 dni/7 nocy","","4.5","4.5","3436","tripadvisor","Все аэропорты","2026-08-22T16:58:15.973379+00:00","https://fly.pl/oferta/egipt-wczasy/?filter[dest]=11:&filter[hotelids]=&filter[cityids]=&filter[cregids]=&filter[ofrType]=&filter[addObjType]=&filter[whenFrom]=10-10-2026&filter[whenTo]=05-11-2026&filter[duration]=7:10&filter[from]=&filter[person]=2&filter[child]=1&filter[price]=0:11000&filter[PriceFrom]=0&filter[PriceTo]=11000&filter[addCategory]=50&filter[addCatering]=1&filter[addMisc]=0&filter[addTransport]=F&filter[fp]=1&order_by=ofr_price&filter[tourOperator]=0&filter[childAge][1]=20201210","https://fly.pl/cdn/photo/assets/uploads/582/278/2014/07/PICKALBATROS-SANDS-PORT-GHALIB.jpg","https://fly.pl/wycieczka/egipt,marsa-alam,port-ghalib/crowne-plaza-sahara-sands-resort/pSFiGu_aHQrQ5hRGU2lswiAAogLLaKvXzm7RSYmRbV1RK44AAAAABsigQAx7YEAAcABQAqBFdFWlkwrqqn1AZIu09QQVifDGADaglFbnRlciBBaXJqBDA4MTVqBDAwMDBqBDAwMDByQZ4BkwGVAZgBHwAcAQIAFgQXAhEDEpgEFI0HQPJ1TLaWAU8AS9MDUAAdwvkPINtYG-WyBA33sL0JARJjAQ1jAQIMeGifkQ/ofertasv/?filter[tourOperator]=WEZY&filter%5Bperson%5D=2&filter%5BchildAge%5D%5B1%5D=20201210&filter%5Bchild%5D=1"
"Pickalbatros Oasis Port Ghalib (ex. Red Sea Port Ghalib Resort)","10203.0","20.10.2026 - 27.10.2026","8 dni/7 nocy","","4.6","4.6","3631","tripadvisor","Все аэропорты","2026-08-22T16:58:15.973379+00:00","https://fly.pl/oferta/egipt-wczasy/?filter[dest]=11:&filter[hotelids]=&filter[cityids]=&filter[cregids]=&filter[ofrType]=&filter[addObjType]=&filter[whenFrom]=10-10-2026&filter[whenTo]=05-11-2026&filter[duration]=7:10&filter[from]=&filter[person]=2&filter[child]=1&filter[price]=0:11000&filter[PriceFrom]=0&filter[PriceTo]=11000&filter[addCategory]=50&filter[addCatering]=1&filter[addMisc]=0&filter[addTransport]=F&filter[fp]=1&order_by=ofr_price&filter[tourOperator]=0&filter[childAge][1]=20201210","https://fly.pl/cdn/photo/assets/uploads/582/278/2014/09/pickalbatros-oasis.jpg","https://fly.pl/wycieczka/egipt,marsa-alam,port-ghalib/crowne-plaza-sahara-oasis-resort/pDSvLmd-EZXhWImSQxBNK7AAogKc28b2Qx6Z-xa_95KtfPidExpNyR8PdMYb0hQMEv2X0qBFNGUEwwrqqn1AZI209QQVj3CmACciILAhUFIgUSKFzGAkAuW-fwUQ2N3YIJUb2645IGAhJjAQIFp7-Hxw/ofertasv/?filter[tourOperator]=SFPL&filter%5Bperson%5D=2&filter%5BchildAge%5D%5B1%5D=20201210&filter%5Bchild%5D=1"
"Sunrise Select Garden Beach Resort & Spa","10220.0","25.10.2026 - 01.11.2026","8 dni/7 nocy","","4.7","4.7","9740","tripadvisor","Все аэропорты","2026-08-22T16:58:15.973379+00:00","https://fly.pl/oferta/egipt-wczasy/?filter[dest]=11:&filter[hotelids]=&filter[cityids]=&filter[cregids]=&filter[ofrType]=&filter[addObjType]=&filter[whenFrom]=10-10-2026&filter[whenTo]=05-11-2026&filter[duration]=7:10&filter[from]=&filter[person]=2&filter[child]=1&filter[price]=0:11000&filter[PriceFrom]=0&filter[PriceTo]=11000&filter[addCategory]=50&filter[addCatering]=1&filter[addMisc]=0&filter[addTransport]=F&filter[fp]=1&order_by=ofr_price&filter[tourOperator]=0&filter[childAge][1]=20201210","https://fly.pl/cdn/photo/assets/uploads/582/278/2014/09/Sunrise-Garden-Beach-Resort-Spa.jpg","https://fly.pl/wycieczka/egipt,hurghada,c/sunrise-select-garden-beach-resort-spa/pyW9xsRxfE-hcNhCRJzHzcAAognpP8ZZa8kaC63o3MUojcUWsfmPE5MosFyu9Bpr8s0iIqBE9BU0kwrqqn1AZI7E9QAVjvC2ACagNBSWxyIRwRr8ABqwSE3g-5BB0bzP0NGOW7EgGE8Z2ZAgIAYwECC_GpOMc/ofertasv/?filter[tourOperator]=OASI&filter%5Bperson%5D=2&filter%5BchildAge%5D%5B1%5D=20201210&filter%5Bchild%5D=1"
"Naama Bay Promenade Beach Resort","10277.0","10.10.2026 - 17.10.2026","8 dni/7 nocy","","4.2","4.2","1273","tripadvisor","Все аэропорты","2026-08-22T16:58:15.973379+00:00","https://fly.pl/oferta/egipt-wczasy/?filter[dest]=11:&filter[hotelids]=&filter[cityids]=&filter[cregids]=&filter[ofrType]=&filter[addObjType]=&filter[whenFrom]=10-10-2026&filter[whenTo]=05-11-2026&filter[duration]=7:10&filter[from]=&filter[person]=2&filter[child]=1&filter[price]=0:11000&filter[PriceFrom]=0&filter[PriceTo]=11000&filter[addCategory]=50&filter[addCatering]=1&filter[addMisc]=0&filter[addTransport]=F&filter[fp]=1&order_by=ofr_price&filter[tourOperator]=0&filter[childAge][1]=20201210","https://fly.pl/cdn/photo/assets/uploads/582/278/2021/07/Naama-Bay-Promenade-Beach-Resort.jpg","https://fly.pl/wycieczka/egipt,sharm-el-sheikh,szarm-el-szejk/naama-bay-promenade-beach-resort-10/pCcnJ5pTn0VSABqBfBZcXAAAogbGCu8FFnwu9O1T0yjskb1gAAAACZhAQAtoQEAAcAEgAqBFdFWlkwrqqn1AZIpVBQQViHCWADaglFbnRlciBBaXJqBDA4MDByQ54BlQEfAAIBHAAWBBcCEu0DGIUFE80BFMkEEcoPQMhiTKCiAU8AS8cjUAAbuNQDHdntCyAdDdzHwgkBEmMBDGMBAgUnYt_A/ofertasv/?filter[tourOperator]=WEZY&filter%5Bperson%5D=2&filter%5BchildAge%5D%5B1%5D=20201210&filter%5Bchild%5D=1"
"El Kasr Red Sea","10287.0","25.10.2026 - 01.11.2026","8 dni/7 nocy","","","","","","Все аэропорты","2026-08-22T16:58:15.973379+00:00","https://fly.pl/oferta/egipt-wczasy/?filter[dest]=11:&filter[hotelids]=&filter[cityids]=&filter[cregids]=&filter[ofrType]=&filter[addObjType]=&filter[whenFrom]=10-10-2026&filter[whenTo]=05-11-2026&filter[duration]=7:10&filter[from]=&filter[person]=2&filter[child]=1&filter[price]=0:11000&filter[PriceFrom]=0&filter[PriceTo]=11000&filter[addCategory]=50&filter[addCatering]=1&filter[addMisc]=0&filter[addTransport]=F&filter[fp]=1&order_by=ofr_price&filter[tourOperator]=0&filter[childAge][1]=20201210","https://fly.pl/cdn/photo/assets/uploads/582/278/2023/11/El-Kasr-Sahl-Hasheesh.jpg","https://fly.pl/wycieczka/egipt,hurghada,sahl-hasheesh/el-kasr-sahl-hasheesh-10/pB5LNkAesVNFahot6PXWpwAAogaLDxnFZyaXvV13NkuYle0s4l9Nm2WwP96DFr-fY3QSgqBEVYSU0wrqqn1AZIr1BQAVjvC2ACagJBSXIjHBGKsga5BK6MPqsE8o0KG87FIxjXrGkBoKmQsw0CEmMBAgc0lvD6/ofertasv/?filter[tourOperator]=EXIM&filter%5Bperson%5D=2&filter%5BchildAge%5D%5B1%5D=20201210&filter%5Bchild%5D=1"
"Sentido Naga Bay","10287.0","15.10.2026 - 22.10.2026","8 dni/7 nocy","","","","","","Все аэропорты","2026-08-22T16:58:15.973379+00:00","https://fly.pl/oferta/egipt-wczasy/?filter[dest]=11:&filter[hotelids]=&filter[cityids]=&filter[cregids]=&filter[ofrType]=&filter[addObjType]=&filter[whenFrom]=10-10-2026&filter[whenTo]=05-11-2026&filter[duration]=7:10&filter[from]=&filter[person]=2&filter[child]=1&filter[price]=0:11000&filter[PriceFrom]=0&filter[PriceTo]=11000&filter[addCategory]=50&filter[addCatering]=1&filter[addMisc]=0&filter[addTransport]=F&filter[fp]=1&order_by=ofr_price&filter[tourOperator]=0&filter[childAge][1]=20201210","https://datacfstatic.merlinx.pl/EXIM/IMG/107999/9691dd57e47cec1e96befde9ca4a24ec0aaad7165dd6c455160b011f15ee59d5.webp","https://fly.pl/wycieczka/egipt,hurghada,c/sentido-naga-bay-11/pBnwDSjLJUE-lTNjzUto8ZAAogbOlqVFKAVY7KKBjBNz-6dUeY0cHKMlwUtUEW4JLEsTgqBEVYSU0wrqqn1AZIr1BQAVj_CWACagJBSXIhHBHfywa5BMnvPasEHBvG5D0Y0fE-AdD2p4sLAgBjAQIGnBN7LQ/ofertasv/?filter[tourOperator]=EXIM&filter%5Bperson%5D=2&filter%5BchildAge%5D%5B1%5D=20201210&filter%5Bchild%5D=1"
"Movenpick Resort Sharm el Sheikh","10389.0","27.10.2026 - 03.11.2026","8 dni/7 nocy","","4.6","4.6","5338","tripadvisor","Все аэропорты","2026-08-22T16:58:15.973379+00:00","https://fly.pl/oferta/egipt-wczasy/?filter[dest]=11:&filter[hotelids]=&filter[cityids]=&filter[cregids]=&filter[ofrType]=&filter[addObjType]=&filter[whenFrom]=10-10-2026&filter[whenTo]=05-11-2026&filter[duration]=7:10&filter[from]=&filter[person]=2&filter[child]=1&filter[price]=0:11000&filter[PriceFrom]=0&filter[PriceTo]=11000&filter[addCategory]=50&filter[addCatering]=1&filter[addMisc]=0&filter[addTransport]=F&filter[fp]=1&order_by=ofr_price&filter[tourOperator]=0&filter[childAge][1]=20201210","https://fly.pl/cdn/photo/assets/uploads/582/278/2015/03/Movenpick-Golf-Club-fly-pl.jpg","https://fly.pl/wycieczka/egipt,sharm-el-sheikh,c/moevenpick-golf-club/p4KbAplIyX-Y7JWRADx27oAAoggYxFANjNUEwY8wCPYSQ_YJgpXVUQjygZk0IwIA3_YjEqBE9BU0kwrqqn1AZIlVFQAVifDGACagNBSWxyIRwRqa8BuQSb9w-rBAIb1rwPGIeGEwGhx8mmAgIAYwECC8aJKmU/ofertasv/?filter[tourOperator]=OASI&filter%5Bperson%5D=2&filter%5BchildAge%5D%5B1%5D=20201210&filter%5Bchild%5D=1"
"Titanic Royal","10407.0","29.10.2026 - 05.11.2026","8 dni/7 nocy","","4.8","4.8","4620","tripadvisor","Все аэропорты","2026-08-22T16:58:15.973379+00:00","https://fly.pl/oferta/egipt-wczasy/?filter[dest]=11:&filter[hotelids]=&filter[cityids]=&filter[cregids]=&filter[ofrType]=&filter[addObjType]=&filter[whenFrom]=10-10-2026&filter[whenTo]=05-11-2026&filter[duration]=7:10&filter[from]=&filter[person]=2&filter[child]=1&filter[price]=0:11000&filter[PriceFrom]=0&filter[PriceTo]=11000&filter[addCategory]=50&filter[addCatering]=1&filter[addMisc]=0&filter[addTransport]=F&filter[fp]=1&order_by=ofr_price&filter[tourOperator]=0&filter[childAge][1]=20201210","https://fly.pl/cdn/photo/assets/uploads/582/278/2018/12/Titanic-Royal-fly-pl.jpg","https://fly.pl/wycieczka/egipt,hurghada,c/titanic-royal/pYy3c932J2vX9VyfVKBHLdAAogxNkU8zA0dTXrxLUluVO32cZ6cPudaBHWx-LrpmroxwUqBEVYSU0wrqqn1AZIp1FQAVjPDGACagNVQUlyIxwRkrsGuQTggT6rBPiMChui4UQYt-RIAeizjbgNAgBjAQILaxlz8w/ofertasv/?filter[tourOperator]=EXIM&filter%5Bperson%5D=2&filter%5BchildAge%5D%5B1%5D=20201210&filter%5Bchild%5D=1"
"Palm Royale Soma Bay","10485.0","29.10.2026 - 05.11.2026","8 dni/7 nocy","","4.7","4.7","7163","tripadvisor","Все аэропорты","2026-08-22T16:58:15.973379+00:00","https://fly.pl/oferta/egipt-wczasy/?filter[dest]=11:&filter[hotelids]=&filter[cityids]=&filter[cregids]=&filter[ofrType]=&filter[addObjType]=&filter[whenFrom]=10-10-2026&filter[whenTo]=05-11-2026&filter[duration]=7:10&filter[from]=&filter[person]=2&filter[child]=1&filter[price]=0:11000&filter[PriceFrom]=0&filter[PriceTo]=11000&filter[addCategory]=50&filter[addCatering]=1&filter[addMisc]=0&filter[addTransport]=F&filter[fp]=1&order_by=ofr_price&filter[tourOperator]=0&filter[childAge][1]=20201210","https://fly.pl/cdn/photo/assets/uploads/582/278/2014/09/Palm-Royale-Resort-Soma-Bay.jpg","https://fly.pl/wycieczka/egipt,hurghada,soma-bay/palm-royale-soma-bay/pjzHYFHoht4VlZ2tIIXqCGAAogFpUJElT_it3OF5WnnrZ1MxLqCxxQb8S86Hh0k4aD-ioqBE9SRVgwrqqn1AZI9VFQQVjPDGACagZFQy4yLjFyNZsBFQcXAFwDWAVWAhEwQJoGXZsPTyRT0p0BUgBer09L7UNhAEzljDoguP2XCQ0AAhJjAQINwJwTpQ/ofertasv/?filter[tourOperator]=OREX&filter%5Bperson%5D=2&filter%5BchildAge%5D%5B1%5D=20201210&filter%5Bchild%5D=1"
"Nubian Island","10499.0","29.10.2026 - 05.11.2026","8 dni/7 nocy","","4.7","4.7","3724","tripadvisor","Все аэропорты","2026-08-22T16:58:15.973379+00:00","https://fly.pl/oferta/egipt-wczasy/?filter[dest]=11:&filter[hotelids]=&filter[cityids]=&filter[cregids]=&filter[ofrType]=&filter[addObjType]=&filter[whenFrom]=10-10-2026&filter[whenTo]=05-11-2026&filter[duration]=7:10&filter[from]=&filter[person]=2&filter[child]=1&filter[price]=0:11000&filter[PriceFrom]=0&filter[PriceTo]=11000&filter[addCategory]=50&filter[addCatering]=1&filter[addMisc]=0&filter[addTransport]=F&filter[fp]=1&order_by=ofr_price&filter[tourOperator]=0&filter[childAge][1]=20201210","https://fly.pl/cdn/photo/assets/uploads/582/278/2014/07/Nubian-Island.jpg","https://fly.pl/wycieczka/egipt,sharm-el-sheikh,c/nubian-island/pKadw6_O-BV3SQQOAghlPOAAogmXkZ8r-ifZrqcOJlSRuASxstrgoMttrZgZAvN8rfQ44qBEtPTVQwrqqn1AZIg1JQAVjPDGACagJBSXIfHBH1GrkE8-IBqwQDGJicBBuwiCQBgoTMHgIAYwECBhCtmYw/ofertasv/?filter[tourOperator]=KOMT&filter%5Bperson%5D=2&filter%5BchildAge%5D%5B1%5D=20201210&filter%5Bchild%5D=1"
"Nubian Village","10499.0","27.10.2026 - 03.11.2026","8 dni/7 nocy","","4.5","4.5","4649","tripadvisor","Все аэропорты","2026-08-22T16:58:15.973379+00:00","https://fly.pl/oferta/egipt-wczasy/?filter[dest]=11:&filter[hotelids]=&filter[cityids]=&filter[cregids]=&filter[ofrType]=&filter[addObjType]=&filter[whenFrom]=10-10-2026&filter[whenTo]=05-11-2026&filter[duration]=7:10&filter[from]=&filter[person]=2&filter[child]=1&filter[price]=0:11000&filter[PriceFrom]=0&filter[PriceTo]=11000&filter[addCategory]=50&filter[addCatering]=1&filter[addMisc]=0&filter[addTransport]=F&filter[fp]=1&order_by=ofr_price&filter[tourOperator]=0&filter[childAge][1]=20201210","https://fly.pl/cdn/photo/assets/uploads/582/278/2014/07/Nubian-Village-fly-pl.jpg","https://fly.pl/wycieczka/egipt,sharm-el-sheikh,c/nubian-village/p7ZVQClD9EuOKKQBPWI2GrAAogmLzknP5v3RsyvXPLGLWMAebol38sl8b5T0sIVl56LHYqBEtPTVQwrqqn1AZIg1JQAVifDGACagJBSXIfHBH2GrkE2uIBqwQZGMKbBBu0iSQBwZXLHgIAYwECBj6sZGY/ofertasv/?filter[tourOperator]=KOMT&filter%5Bperson%5D=2&filter%5BchildAge%5D%5B1%5D=20201210&filter%5Bchild%5D=1"
"Strand Taba Heights Resort (ex. InterContinental)","10660.0","13.10.2026 - 20.10.2026","8 dni/7 nocy","","4.5","4.5","5230","tripadvisor","Все аэропорты","2026-08-22T16:58:15.973379+00:00","https://fly.pl/oferta/egipt-wczasy/?filter[dest]=11:&filter[hotelids]=&filter[cityids]=&filter[cregids]=&filter[ofrType]=&filter[addObjType]=&filter[whenFrom]=10-10-2026&filter[whenTo]=05-11-2026&filter[duration]=7:10&filter[from]=&filter[person]=2&filter[child]=1&filter[price]=0:11000&filter[PriceFrom]=0&filter[PriceTo]=11000&filter[addCategory]=50&filter[addCatering]=1&filter[addMisc]=0&filter[addTransport]=F&filter[fp]=1&order_by=ofr_price&filter[tourOperator]=0&filter[childAge][1]=20201210","https://fly.pl/cdn/photo/assets/uploads/582/278/2014/06/International-Height.jpg","https://fly.pl/wycieczka/egipt,taba,c/international-height/pvQQN336wk6BTYLH9tT2HpAAogusqWCqhVRKVTYZFNrxPQ1lATkd0Et3pHZ-B5Uah2j-0qBEpPSVAwrqqn1AZIpFNQQVjPCWACagNDR21yQ5sBFAEVBhcAXANYBVYCQMoGT-IBXQBLt8oBYQBepzBSpiBTABHQ3wFM3NA4Daj9lwkgAAGg05SxtInMoDACDWMBAAzqwZ41/ofertasv/?filter[tourOperator]=JOIP&filter%5Bperson%5D=2&filter%5BchildAge%5D%5B1%5D=20201210&filter%5Bchild%5D=1"
"Maritim Jolie Ville Resort and Casino","10677.0","10.10.2026 - 17.10.2026","8 dni/7 nocy","","4.6","4.6","3171","tripadvisor","Все аэропорты","2026-08-22T16:58:15.973379+00:00","https://fly.pl/oferta/egipt-wczasy/?filter[dest]=11:&filter[hotelids]=&filter[cityids]=&filter[cregids]=&filter[ofrType]=&filter[addObjType]=&filter[whenFrom]=10-10-2026&filter[whenTo]=05-11-2026&filter[duration]=7:10&filter[from]=&filter[person]=2&filter[child]=1&filter[price]=0:11000&filter[PriceFrom]=0&filter[PriceTo]=11000&filter[addCategory]=50&filter[addCatering]=1&filter[addMisc]=0&filter[addTransport]=F&filter[fp]=1&order_by=ofr_price&filter[tourOperator]=0&filter[childAge][1]=20201210","https://fly.pl/cdn/photo/assets/uploads/582/278/2014/10/Maritim-Jolie-Ville-Resort-Casino1.jpg","https://fly.pl/wycieczka/egipt,sharm-el-sheikh,c/maritim-jolie-ville-resort-and-casino/pRPsyjCMaYdYRNkcXnvN03AAogse8Sm33Sztm1Dp0SXpJS7gAAAACZhAQAtoQEAAcAEgAqBFdFWlkwrqqn1AZItVNQQViHCWADaglFbnRlciBBaXJqBDA4MDByQp4BlQEfABwBAgAWBBcCEXAS_QIYhQUTzQEUyQRAknJMoKIBTwBLxyNQAB2Rwg8gHRvCvn0NmonFCAESYwEMYwECBbTa3pk/ofertasv/?filter[tourOperator]=WEZY&filter%5Bperson%5D=2&filter%5BchildAge%5D%5B1%5D=20201210&filter%5Bchild%5D=1"
"Sataya Resort (ex. Labranda Sataya Marsa Alam)","10697.0","10.10.2026 - 18.10.2026","9 dni/7 nocy","","4.7","4.7","4132","tripadvisor","Все аэропорты","2026-08-22T16:58:15.973379+00:00","https://fly.pl/oferta/egipt-wczasy/?filter[dest]=11:&filter[hotelids]=&filter[cityids]=&filter[cregids]=&filter[ofrType]=&filter[addObjType]=&filter[whenFrom]=10-10-2026&filter[whenTo]=05-11-2026&filter[duration]=7:10&filter[from]=&filter[person]=2&filter[child]=1&filter[price]=0:11000&filter[PriceFrom]=0&filter[PriceTo]=11000&filter[addCategory]=50&filter[addCatering]=1&filter[addMisc]=0&filter[addTransport]=F&filter[fp]=1&order_by=ofr_price&filter[tourOperator]=0&filter[childAge][1]=20201210","https://fly.pl/cdn/photo/assets/uploads/582/278/2019/09/Sataya-Resort-Marsa-Alam.jpg","https://fly.pl/wycieczka/egipt,marsa-alam,c/labranda-sataya-marsa-alam-9/pr34H5w7F8zceP9P4mckutAAog1DMNxyaYSdWnPd8HIEABmpAPaq7t_caFLM2yOUCCvvcqBFZJVFgwrqqn1AZIyVNQQViHCWACckAaABUHFwBcA1gFQI8DW6eGAWGvSUsAXqcwUrwUUwBM1OM5DefVmAkgAV2q65HsqAFPlNqZijdR7aIVAg1jAQIMeJtYaA/ofertasv/?filter[tourOperator]=VITX&filter%5Bperson%5D=2&filter%5BchildAge%5D%5B1%5D=20201210&filter%5Bchild%5D=1"
"Baron Resort (Sharm El Sheikh)","10757.0","13.10.2026 - 20.10.2026","8 dni/7 nocy","","4.5","4.5","4976","tripadvisor","Все аэропорты","2026-08-22T16:58:15.973379+00:00","https://fly.pl/oferta/egipt-wczasy/?filter[dest]=11:&filter[hotelids]=&filter[cityids]=&filter[cregids]=&filter[ofrType]=&filter[addObjType]=&filter[whenFrom]=10-10-2026&filter[whenTo]=05-11-2026&filter[duration]=7:10&filter[from]=&filter[person]=2&filter[child]=1&filter[price]=0:11000&filter[PriceFrom]=0&filter[PriceTo]=11000&filter[addCategory]=50&filter[addCatering]=1&filter[addMisc]=0&filter[addTransport]=F&filter[fp]=1&order_by=ofr_price&filter[tourOperator]=0&filter[childAge][1]=20201210","https://fly.pl/cdn/photo/assets/uploads/582/278/2014/07/BARON-RESORT-SHARM-EL-SHEIKH1.jpg","https://fly.pl/wycieczka/egipt,sharm-el-sheikh,c/baron-resort-sharm-el-sheikh/p0RbI0mmlFwI4bog-6Cd1DAAogPNg_Px_ammtufG427R_HODZPnluiPTRbLKmNIwYEcH4qBEVYSU0wrqqn1AZIhVRQAVjPCWACag1BSSBbUHJlbWllcmVdciEcEYXKBrkE7_Y9qwQbG46mPBie9D0B_eXa7goCAGMBAgyerGa1/ofertasv/?filter[tourOperator]=EXIM&filter%5Bperson%5D=2&filter%5BchildAge%5D%5B1%5D=20201210&filter%5Bchild%5D=1"
"Sunrise Royal Makadi Aqua Resort","10773.0","29.10.2026 - 05.11.2026","8 dni/7 nocy","","4.7","4.7","13673","tripadvisor","Все аэропорты","2026-08-22T16:58:15.973379+00:00","https://fly.pl/oferta/egipt-wczasy/?filter[dest]=11:&filter[hotelids]=&filter[cityids]=&filter[cregids]=&filter[ofrType]=&filter[addObjType]=&filter[whenFrom]=10-10-2026&filter[whenTo]=05-11-2026&filter[duration]=7:10&filter[from]=&filter[person]=2&filter[child]=1&filter[price]=0:11000&filter[PriceFrom]=0&filter[PriceTo]=11000&filter[addCategory]=50&filter[addCatering]=1&filter[addMisc]=0&filter[addTransport]=F&filter[fp]=1&order_by=ofr_price&filter[tourOperator]=0&filter[childAge][1]=20201210","https://fly.pl/cdn/photo/assets/uploads/582/278/2014/09/Sunrise-Royal-Makadi-Aqua-Resort.jpg","https://fly.pl/wycieczka/egipt,hurghada,makadi-bay/sunrise-select-royal-makadi/pXBur3Z63oWKaus852BApvAAogyAvLUZt0-bn_IbCBzByhkU06z87_Cgpl9JIak3ep62gqBFNGUEwwrqqn1AZIlVRQQVjPDGACciMLAxUEIgQSI1zMAkAuW-fwUQ2W3YIJUb784vuPAQISYwEEC95uI0A/ofertasv/?filter[tourOperator]=SFPL&filter%5Bperson%5D=2&filter%5BchildAge%5D%5B1%5D=20201210&filter%5Bchild%5D=1"
"Jaz Lamaya Resort (ex Iberotel)","10827.0","27.10.2026 - 03.11.2026","8 dni/7 nocy","","4.6","4.6","5839","tripadvisor","Все аэропорты","2026-08-22T16:58:15.973379+00:00","https://fly.pl/oferta/egipt-wczasy/?filter[dest]=11:&filter[hotelids]=&filter[cityids]=&filter[cregids]=&filter[ofrType]=&filter[addObjType]=&filter[whenFrom]=10-10-2026&filter[whenTo]=05-11-2026&filter[duration]=7:10&filter[from]=&filter[person]=2&filter[child]=1&filter[price]=0:11000&filter[PriceFrom]=0&filter[PriceTo]=11000&filter[addCategory]=50&filter[addCatering]=1&filter[addMisc]=0&filter[addTransport]=F&filter[fp]=1&order_by=ofr_price&filter[tourOperator]=0&filter[childAge][1]=20201210","https://fly.pl/cdn/photo/assets/uploads/582/278/2014/09/jaz-lamaya.jpg","https://fly.pl/wycieczka/egipt,marsa-alam,madinat-coraya/iberotel-lamaya-resort/p8lTf9A3K7Z0ePwzEmFbGxAAogR3nNDOlqQG22gAs3I80_WnfhdMl1pFTvfBznJ5JFJscqBEVYSU0wrqqn1AZIy1RQAVifDGACagJBSXIjHBHzxwa5BPv2PasEiN4NG4iBLRj4uVwBy4KZtA0CAGMBAgygx402/ofertasv/?filter[tourOperator]=EXIM&filter%5Bperson%5D=2&filter%5BchildAge%5D%5B1%5D=20201210&filter%5Bchild%5D=1"
"Sentido Mamlouk Palace Resort & Spa (ex Sunrise)","10853.0","11.10.2026 - 18.10.2026","8 dni/7 nocy","","4.7","4.7","12029","tripadvisor","Все аэропорты","2026-08-22T16:58:15.973379+00:00","https://fly.pl/oferta/egipt-wczasy/?filter[dest]=11:&filter[hotelids]=&filter[cityids]=&filter[cregids]=&filter[ofrType]=&filter[addObjType]=&filter[whenFrom]=10-10-2026&filter[whenTo]=05-11-2026&filter[duration]=7:10&filter[from]=&filter[person]=2&filter[child]=1&filter[price]=0:11000&filter[PriceFrom]=0&filter[PriceTo]=11000&filter[addCategory]=50&filter[addCatering]=1&filter[addMisc]=0&filter[addTransport]=F&filter[fp]=1&order_by=ofr_price&filter[tourOperator]=0&filter[childAge][1]=20201210","https://fly.pl/cdn/photo/assets/uploads/582/278/2014/10/Sentido-Mamlouk-Palace-Resort-Spa.jpg","https://fly.pl/wycieczka/egipt,hurghada,c/sentido-mamlouk-palace-resort-ex-sunrise/psrIfPW3b45AbJFw8ScaHuAAogtYsHrWS5Enx89vuXrIFDTdKcnFV3GppbShi_JfHMqHQqBFNGUEwwrqqn1AZI5VRQQVifCWACciMLAxUEIgYSIVzMAkAuW-fwUQ2E3YIJUbrF0PuPAQISYwECBXOGMCA/ofertasv/?filter[tourOperator]=SFPL&filter%5Bperson%5D=2&filter%5BchildAge%5D%5B1%5D=20201210&filter%5Bchild%5D=1"
"Jaz Neo Naama Bay","10883.0","10.10.2026 - 17.10.2026","8 dni/7 nocy","","4.7","4.7","4806","tripadvisor","Все аэропорты","2026-08-22T16:58:15.973379+00:00","https://fly.pl/oferta/egipt-wczasy/?filter[dest]=11:&filter[hotelids]=&filter[cityids]=&filter[cregids]=&filter[ofrType]=&filter[addObjType]=&filter[whenFrom]=10-10-2026&filter[whenTo]=05-11-2026&filter[duration]=7:10&filter[from]=&filter[person]=2&filter[child]=1&filter[price]=0:11000&filter[PriceFrom]=0&filter[PriceTo]=11000&filter[addCategory]=50&filter[addCatering]=1&filter[addMisc]=0&filter[addTransport]=F&filter[fp]=1&order_by=ofr_price&filter[tourOperator]=0&filter[childAge][1]=20201210","https://fly.pl/cdn/photo/assets/uploads/582/278/2014/10/Sol-Y-Mar-Naama-Bay.jpg","https://fly.pl/wycieczka/egipt,sharm-el-sheikh,c/sol-y-mar-naama-bay/pBepxUAFINHIcsjiaDXBznAAoggym6YnPjYGJ5zhspmCUMOgAAAACZhAQAtoQEAAcAEgAqBFdFWlkwsKqn1AZIg1VQQViHCWADaglFbnRlciBBaXJqBDA4MDByQ54BlQEfAAIBHAAWBBcCEu0DGIUFE80BFMkEEbgPQNpiTKCiAU8AS8cjUAAb3_QJHbLNBSAdDdzHwgkBEmMBDWMBAwXyVfaV/ofertasv/?filter[tourOperator]=WEZY&filter%5Bperson%5D=2&filter%5BchildAge%5D%5B1%5D=20201210&filter%5Bchild%5D=1"
"Grand Rotana Resort & Spa","10883.0","10.10.2026 - 17.10.2026","8 dni/7 nocy","","4.6","4.6","6736","tripadvisor","Все аэропорты","2026-08-22T16:58:15.973379+00:00","https://fly.pl/oferta/egipt-wczasy/?filter[dest]=11:&filter[hotelids]=&filter[cityids]=&filter[cregids]=&filter[ofrType]=&filter[addObjType]=&filter[whenFrom]=10-10-2026&filter[whenTo]=05-11-2026&filter[duration]=7:10&filter[from]=&filter[person]=2&filter[child]=1&filter[price]=0:11000&filter[PriceFrom]=0&filter[PriceTo]=11000&filter[addCategory]=50&filter[addCatering]=1&filter[addMisc]=0&filter[addTransport]=F&filter[fp]=1&order_by=ofr_price&filter[tourOperator]=0&filter[childAge][1]=20201210","https://fly.pl/cdn/photo/assets/uploads/582/278/2014/07/Grand-Rotana-fly-pl.jpg","https://fly.pl/wycieczka/egipt,sharm-el-sheikh,c/grand-rotana/pEuS21rtu3F91oK6i7EsQlAAog_jxi98HpylUEP0VnSO2L4gAAAACZhAQAtoQEAAcAEgAqBFdFWlkwsKqn1AZIg1VQQViHCWADaglFbnRlciBBaXJqBDA4MDByQp4BlQEfABwBAgAWBBcCEVkSlAMYhQUTzQEUyQRAknJMoKIBTwBLxyNQABvzvAIdnoUNIB0N3MfCCQESYwEMYwECBpHkG20/ofertasv/?filter[tourOperator]=WEZY&filter%5Bperson%5D=2&filter%5BchildAge%5D%5B1%5D=20201210&filter%5Bchild%5D=1"
"Reef Oasis Blue Bay Resort","10888.0","29.10.2026 - 05.11.2026","8 dni/7 nocy","","4.6","4.6","9706","tripadvisor","Все аэропорты","2026-08-22T16:58:15.973379+00:00","https://fly.pl/oferta/egipt-wczasy/?filter[dest]=11:&filter[hotelids]=&filter[cityids]=&filter[cregids]=&filter[ofrType]=&filter[addObjType]=&filter[whenFrom]=10-10-2026&filter[whenTo]=05-11-2026&filter[duration]=7:10&filter[from]=&filter[person]=2&filter[child]=1&filter[price]=0:11000&filter[PriceFrom]=0&filter[PriceTo]=11000&filter[addCategory]=50&filter[addCatering]=1&filter[addMisc]=0&filter[addTransport]=F&filter[fp]=1&order_by=ofr_price&filter[tourOperator]=0&filter[childAge][1]=20201210","https://fly.pl/cdn/photo/assets/uploads/582/278/2014/07/Reef-Oasis-Blue-Bay.jpg","https://fly.pl/wycieczka/egipt,sharm-el-sheikh,c/reef-oasis-blue-bay-resort/prpPHp0iXrxqJBlFqwPYiyAAogqbzMGYrQBiYFrYX8hu-KbBstrgoMttrZgZAvN8rfQ44qBEtPTVQwsKqn1AZIiFVQAVjPDGACagJBSXIfHBH-GrkE6uIBqwQDGKSZBBv8jCQBttbIHgIAYwECC40HISg/ofertasv/?filter[tourOperator]=KOMT&filter%5Bperson%5D=2&filter%5BchildAge%5D%5B1%5D=20201210&filter%5Bchild%5D=1"
"Novotel Sharm Palm","10904.0","10.10.2026 - 17.10.2026","8 dni/7 nocy","","4.6","4.6","5888","tripadvisor","Все аэропорты","2026-08-22T16:58:15.973379+00:00","https://fly.pl/oferta/egipt-wczasy/?filter[dest]=11:&filter[hotelids]=&filter[cityids]=&filter[cregids]=&filter[ofrType]=&filter[addObjType]=&filter[whenFrom]=10-10-2026&filter[whenTo]=05-11-2026&filter[duration]=7:10&filter[from]=&filter[person]=2&filter[child]=1&filter[price]=0:11000&filter[PriceFrom]=0&filter[PriceTo]=11000&filter[addCategory]=50&filter[addCatering]=1&filter[addMisc]=0&filter[addTransport]=F&filter[fp]=1&order_by=ofr_price&filter[tourOperator]=0&filter[childAge][1]=20201210","https://fly.pl/cdn/photo/assets/uploads/582/278/2014/07/Novotel-Sharm-Palm.jpg","https://fly.pl/wycieczka/egipt,sharm-el-sheikh,c/novotel-sharm-palm/pBE1YQZjh1TRSD0366O4xgAAogg9lSuExj5lJ49lHfBK4Z_gAAAACZhAQAtoQEAAcAEgAqBFdFWlkwsKqn1AZImFVQQViHCWADaglFbnRlciBBaXJqBDA4MDByQp4BlQEfABwBAgAWBBcCEXYS9wIYhQUTzQEUyQRAknJMoKIBTwBLxyNQABu-ggId078NIB0N3MfCCQESYwENYwECBu0TnMc/ofertasv/?filter[tourOperator]=WEZY&filter%5Bperson%5D=2&filter%5BchildAge%5D%5B1%5D=20201210&filter%5Bchild%5D=1"
"Sheraton Miramar Resort (El Gouna)","10953.0","25.10.2026 - 01.11.2026","8 dni/7 nocy","","4.7","4.7","6314","tripadvisor","Все аэропорты","2026-08-22T16:58:15.973379+00:00","https://fly.pl/oferta/egipt-wczasy/?filter[dest]=11:&filter[hotelids]=&filter[cityids]=&filter[cregids]=&filter[ofrType]=&filter[addObjType]=&filter[whenFrom]=10-10-2026&filter[whenTo]=05-11-2026&filter[duration]=7:10&filter[from]=&filter[person]=2&filter[child]=1&filter[price]=0:11000&filter[PriceFrom]=0&filter[PriceTo]=11000&filter[addCategory]=50&filter[addCatering]=1&filter[addMisc]=0&filter[addTransport]=F&filter[fp]=1&order_by=ofr_price&filter[tourOperator]=0&filter[childAge][1]=20201210","https://fly.pl/cdn/photo/assets/uploads/582/278/2014/07/Sheraton-Miramar-El-Gouna-1.jpg","https://fly.pl/wycieczka/egipt,hurghada,el-gouna/sheraton-miramar-el-gouna/pHKiab-MFY7WrMPLwYU1jxAAogs0LqcEPlJo-u-SAtmxOM-GsfmPE5MosFyu9Bpr8s0iIqBE9BU0kwsKqn1AZIyVVQAVjvC2ACagNBSStyIBwR3XarBNanELkEHRuVxg4Yt-8RAda6kJkCAgBjAQIMPlPOdg/ofertasv/?filter[tourOperator]=OASI&filter%5Bperson%5D=2&filter%5BchildAge%5D%5B1%5D=20201210&filter%5Bchild%5D=1"
"Park Inn (Sharm El Sheikh) Egipt, Sharm El Sheikh","5580.0","29.10.2026 - 05.11.2026","8 dni/7 nocy","","4.3","4.3","6969","tripadvisor","Все аэропорты","2026-08-22T18:31:40.619491+00:00","https://fly.pl/oferta/egipt-wczasy/?filter[dest]=11:&filter[hotelids]=&filter[cityids]=&filter[cregids]=&filter[ofrType]=&filter[addObjType]=&filter[whenFrom]=10-10-2026&filter[whenTo]=05-11-2026&filter[duration]=7:10&filter[from]=&filter[person]=2&filter[child]=1&filter[price]=0:11000&filter[PriceFrom]=0&filter[PriceTo]=11000&filter[addCategory]=50&filter[addCatering]=1&filter[addMisc]=0&filter[addTransport]=F&filter[fp]=1&order_by=ofr_price&filter[tourOperator]=0&filter[childAge][1]=20201210","https://fly.pl/cdn/photo/assets/uploads/582/278/2016/11/Park-Inn-Sharm-El-Sheikh.jpg","https://fly.pl/wycieczka/egipt,sharm-el-sheikh,c/park-inn-sharm-el-sheikh/p6napVaO_MheNi8oVbGK1fAAogmbUCkMeFSSGaAgKhYuaeBBstrgoMttrZgZAvN8rfQ44qBEtPTVQwjdan1AZIzCtQAVjNDGACagJBSXIfHBH6GrkE7uIBqwQDGIavBBvX9iMB4fzyHgIAYwECBtnNVA4/ofertasv/?filter[tourOperator]=KOMT&filter%5Bperson%5D=2&filter%5BchildAge%5D%5B1%5D=20201210&filter%5Bchild%5D=1"
"Parrotel Lagoon Resort Egipt, Sharm El Sheikh, Szarm el-Szejk","6260.0","29.10.2026 - 05.11.2026","8 dni/7 nocy","","4.1","4.1","1812","tripadvisor","Все аэропорты","2026-08-22T18:31:40.619491+00:00","https://fly.pl/oferta/egipt-wczasy/?filter[dest]=11:&filter[hotelids]=&filter[cityids]=&filter[cregids]=&filter[ofrType]=&filter[addObjType]=&filter[whenFrom]=10-10-2026&filter[whenTo]=05-11-2026&filter[duration]=7:10&filter[from]=&filter[person]=2&filter[child]=1&filter[price]=0:11000&filter[PriceFrom]=0&filter[PriceTo]=11000&filter[addCategory]=50&filter[addCatering]=1&filter[addMisc]=0&filter[addTransport]=F&filter[fp]=1&order_by=ofr_price&filter[tourOperator]=0&filter[childAge][1]=20201210","https://fly.pl/cdn/photo/assets/uploads/582/278/2020/10/Parrotel-Lagoon-Resort.jpg","https://fly.pl/wycieczka/egipt,sharm-el-sheikh,szarm-el-szejk/parrotel-lagoon-resort-14/pUZZ8OD5jEa93M2lKIQJGiAAogq5N1pXU19fhUXdDX8quW5RstrgoMttrZgZAvN8rfQ44qBEtPTVQwjdan1AZI9DBQAVjNDGACagJBSXIfHBH8GrkE7OIBqwQDGK-vBBu59iMBoJ3zHgIAYwECBq0yJMk/ofertasv/?filter[tourOperator]=KOMT&filter%5Bperson%5D=2&filter%5BchildAge%5D%5B1%5D=20201210&filter%5Bchild%5D=1"
"Regency Plaza Aqua Park Spa Egipt, Sharm El Sheikh, Szarm el-Szejk","6587.0","29.10.2026 - 05.11.2026","8 dni/7 nocy","","4.1","4.1","6141","tripadvisor","Все аэропорты","2026-08-22T18:31:40.619491+00:00","https://fly.pl/oferta/egipt-wczasy/?filter[dest]=11:&filter[hotelids]=&filter[cityids]=&filter[cregids]=&filter[ofrType]=&filter[addObjType]=&filter[whenFrom]=10-10-2026&filter[whenTo]=05-11-2026&filter[duration]=7:10&filter[from]=&filter[person]=2&filter[child]=1&filter[price]=0:11000&filter[PriceFrom]=0&filter[PriceTo]=11000&filter[addCategory]=50&filter[addCatering]=1&filter[addMisc]=0&filter[addTransport]=F&filter[fp]=1&order_by=ofr_price&filter[tourOperator]=0&filter[childAge][1]=20201210","https://fly.pl/cdn/photo/assets/uploads/582/278/2014/07/Regency-Plaza-Aqua-Park-Spa-fly-pl.jpg","https://fly.pl/wycieczka/egipt,sharm-el-sheikh,szarm-el-szejk/regency-plaza/pGvzDrzBtWJ5BaryMOL7iJAAogDHWEpNwDyRyvdeqk0TLGJxstrgoMttrZgZAvN8rfQ44qBEtPTVQwjdan1AZIuzNQAVjNDGACagJBSXIfHBGAG7kE6OIBqwQDGPSYBBvOjSQBnprIHgIAYwECBsdxNmE/ofertasv/?filter[tourOperator]=KOMT&filter%5Bperson%5D=2&filter%5BchildAge%5D%5B1%5D=20201210&filter%5Bchild%5D=1"
"Royal Lagoons Aqua (ex. Premium Blue) Egipt, Hurghada","6680.0","22.10.2026 - 29.10.2026","8 dni/7 nocy","","4.2","4.2","4300","tripadvisor","Все аэропорты","2026-08-22T18:31:40.619491+00:00","https://fly.pl/oferta/egipt-wczasy/?filter[dest]=11:&filter[hotelids]=&filter[cityids]=&filter[cregids]=&filter[ofrType]=&filter[addObjType]=&filter[whenFrom]=10-10-2026&filter[whenTo]=05-11-2026&filter[duration]=7:10&filter[from]=&filter[person]=2&filter[child]=1&filter[price]=0:11000&filter[PriceFrom]=0&filter[PriceTo]=11000&filter[addCategory]=50&filter[addCatering]=1&filter[addMisc]=0&filter[addTransport]=F&filter[fp]=1&order_by=ofr_price&filter[tourOperator]=0&filter[childAge][1]=20201210","https://fly.pl/cdn/photo/assets/uploads/582/278/2014/10/Royal-Lagoons-Aqua.jpg","https://fly.pl/wycieczka/egipt,hurghada,c/premium-blue-lagoon-ex-pyramisa-blue-lagoon/pDgmUWXh8jTHzn3Ad7D0n3AAogpe-HhmiACix2IKh33cgMb2c0l9WUSfuZFEY6aws2KoAqBEpPSVAwjdan1AZImDRQQVilC2ACagNDR21yQZsBFAEVBRcBXANYBVYCT7kGXQBAEVKRrQFTAF6vTxGHMkvCFmEATImIOg2x_ZcJIAEBtr_w59SGzKAwAg5jAQAN-TLxbg/ofertasv/?filter[tourOperator]=JOIP&filter%5Bperson%5D=2&filter%5BchildAge%5D%5B1%5D=20201210&filter%5Bchild%5D=1"
"Parrotel Beach Resort (ex. Radisson Blu) Egipt, Sharm El Sheikh","6793.0","29.10.2026 - 05.11.2026","8 dni/7 nocy","","4.4","4.4","6962","tripadvisor","Все аэропорты","2026-08-22T18:31:40.619491+00:00","https://fly.pl/oferta/egipt-wczasy/?filter[dest]=11:&filter[hotelids]=&filter[cityids]=&filter[cregids]=&filter[ofrType]=&filter[addObjType]=&filter[whenFrom]=10-10-2026&filter[whenTo]=05-11-2026&filter[duration]=7:10&filter[from]=&filter[person]=2&filter[child]=1&filter[price]=0:11000&filter[PriceFrom]=0&filter[PriceTo]=11000&filter[addCategory]=50&filter[addCatering]=1&filter[addMisc]=0&filter[addTransport]=F&filter[fp]=1&order_by=ofr_price&filter[tourOperator]=0&filter[childAge][1]=20201210","https://fly.pl/cdn/photo/assets/uploads/582/278/2014/07/Parrotel-Beach-Resort.jpg","https://fly.pl/wycieczka/egipt,sharm-el-sheikh,c/radisson-blu-resort-sharm-el-sheikh/p0sY0uiSgr1Ux63wnhcv4-AAogg0IsnDCc-gCPTompMlCMIhstrgoMttrZgZAvN8rfQ44qBEtPTVQwjdan1AZIiTVQAVjNDGACagJBSXIfHBH7GrkE7eIBqwQDGI6aBBuikSQBiM3JHgIAYwECBsKw1Z4/ofertasv/?filter[tourOperator]=KOMT&filter%5Bperson%5D=2&filter%5BchildAge%5D%5B1%5D=20201210&filter%5Bchild%5D=1"
"Jaz Grand Marsa (ex Resta Grand Resort) Egipt, Marsa Alam, Madinat Coraya","6817.0","28.10.2026 - 04.11.2026","8 dni/7 nocy","","4.6","4.6","6419","tripadvisor","Все аэропорты","2026-08-22T18:31:40.619491+00:00","https://fly.pl/oferta/egipt-wczasy/?filter[dest]=11:&filter[hotelids]=&filter[cityids]=&filter[cregids]=&filter[ofrType]=&filter[addObjType]=&filter[whenFrom]=10-10-2026&filter[whenTo]=05-11-2026&filter[duration]=7:10&filter[from]=&filter[person]=2&filter[child]=1&filter[price]=0:11000&filter[PriceFrom]=0&filter[PriceTo]=11000&filter[addCategory]=50&filter[addCatering]=1&filter[addMisc]=0&filter[addTransport]=F&filter[fp]=1&order_by=ofr_price&filter[tourOperator]=0&filter[childAge][1]=20201210","https://fly.pl/cdn/photo/assets/uploads/582/278/2014/09/grand.jpg","https://fly.pl/wycieczka/egipt,marsa-alam,madinat-coraya/resta-grand-resort/pwybbfufiFr05cdMnUC3rhAAogQx-JeXyQ2zlo6wODMKnF1hMX033-gYOoV0TNZ_GKOrIqBEVYSU0wjdan1AZIoTVQAVi1DGACagJBSXIhHBG-2Qa5BKLTS6sEPhuq5DUY0e9VAZfA5csNAgBjAQIMdq6h0g/ofertasv/?filter[tourOperator]=EXIM&filter%5Bperson%5D=2&filter%5BchildAge%5D%5B1%5D=20201210&filter%5Bchild%5D=1"
"Xperience Kiroseiz Premier Egipt, Sharm El Sheikh","6873.0","27.10.2026 - 03.11.2026","8 dni/7 nocy","","4.5","4.5","972","tripadvisor","Все аэропорты","2026-08-22T18:31:40.619491+00:00","https://fly.pl/oferta/egipt-wczasy/?filter[dest]=11:&filter[hotelids]=&filter[cityids]=&filter[cregids]=&filter[ofrType]=&filter[addObjType]=&filter[whenFrom]=10-10-2026&filter[whenTo]=05-11-2026&filter[duration]=7:10&filter[from]=&filter[person]=2&filter[child]=1&filter[price]=0:11000&filter[PriceFrom]=0&filter[PriceTo]=11000&filter[addCategory]=50&filter[addCatering]=1&filter[addMisc]=0&filter[addTransport]=F&filter[fp]=1&order_by=ofr_price&filter[tourOperator]=0&filter[childAge][1]=20201210","https://fly.pl/cdn/photo/assets/uploads/582/278/2015/11/Xperience-Kiroseiz-Premier-fly-pl-3.jpg","https://fly.pl/wycieczka/egipt,sharm-el-sheikh,c/xperience-kiroseiz-premier/p8pFJFYSSSJx9N4h1a-I2yAAogcodN3Ly34wL6l42kRilrG5gpXVUQjygZk0IwIA3_YjEqBE9BU0kwjdan1AZI2TVQAVidDGACagNBSWxyIRwR-a8BuQTL9g-rBAIb7sgMGJ2AFAGelOuZAgIAYwECC1-hbas/ofertasv/?filter[tourOperator]=OASI&filter%5Bperson%5D=2&filter%5BchildAge%5D%5B1%5D=20201210&filter%5Bchild%5D=1"
"Albatros Sea World Resort Marsa Alam Egipt, Marsa Alam, Al-Kusajr","6877.0","29.10.2026 - 05.11.2026","8 dni/7 nocy","","5.0","5.0","487","tripadvisor","Все аэропорты","2026-08-22T18:31:40.619491+00:00","https://fly.pl/oferta/egipt-wczasy/?filter[dest]=11:&filter[hotelids]=&filter[cityids]=&filter[cregids]=&filter[ofrType]=&filter[addObjType]=&filter[whenFrom]=10-10-2026&filter[whenTo]=05-11-2026&filter[duration]=7:10&filter[from]=&filter[person]=2&filter[child]=1&filter[price]=0:11000&filter[PriceFrom]=0&filter[PriceTo]=11000&filter[addCategory]=50&filter[addCatering]=1&filter[addMisc]=0&filter[addTransport]=F&filter[fp]=1&order_by=ofr_price&filter[tourOperator]=0&filter[childAge][1]=20201210","https://fly.pl/cdn/photo/assets/uploads/582/278/2017/08/ALBATROS-SEA-WORLD.jpg","https://fly.pl/wycieczka/egipt,marsa-alam,al-kusajr/sea-world-resort-marsa-alam/pGwRKux1HDRVGzinrb1QuAAAogQryS__npGWYxqVzA1MmT1DKdxs8NDMjTRuzG1nHTIV4qBEVYSU0wjdan1AZI3TVQAVjNDGACagJBSXIhHBHU_wa5BOerS6sEaxumsEAY8u1HAc761qwNAhJjAQIMaVhsyA/ofertasv/?filter[tourOperator]=EXIM&filter%5Bperson%5D=2&filter%5BchildAge%5D%5B1%5D=20201210&filter%5Bchild%5D=1"
"AMC Royal Hotel & Spa (ex. AMC Azur Resort) Egipt, Hurghada","7011.0","15.10.2026 - 22.10.2026","8 dni/7 nocy","","4.4","4.4","3043","tripadvisor","Все аэропорты","2026-08-22T18:31:40.619491+00:00","https://fly.pl/oferta/egipt-wczasy/?filter[dest]=11:&filter[hotelids]=&filter[cityids]=&filter[cregids]=&filter[ofrType]=&filter[addObjType]=&filter[whenFrom]=10-10-2026&filter[whenTo]=05-11-2026&filter[duration]=7:10&filter[from]=&filter[person]=2&filter[child]=1&filter[price]=0:11000&filter[PriceFrom]=0&filter[PriceTo]=11000&filter[addCategory]=50&filter[addCatering]=1&filter[addMisc]=0&filter[addTransport]=F&filter[fp]=1&order_by=ofr_price&filter[tourOperator]=0&filter[childAge][1]=20201210","https://fly.pl/cdn/photo/assets/uploads/582/278/2014/07/AMC-Royal-Resort.jpg","https://fly.pl/wycieczka/egipt,hurghada,c/amc-royal-ex-amc-azur-resort/pVk_DyjDNQF005T6MURZyoAAogEeD8sdM0_6YSeso2VpnVR04omdzNphRQmZcQm_QCUd8qBE9SRVgwjdan1AZI4zZQQVj9CWACagVFLjIuMXI1mwEVBxcAXANYBVYCEQRAxgZd0w5PbFPSnQFSAF6vT0uBEmEATNG-OiCq_ZcJDQACEmMBAgzAMHQ9/ofertasv/?filter[tourOperator]=OREX&filter%5Bperson%5D=2&filter%5BchildAge%5D%5B1%5D=20201210&filter%5Bchild%5D=1"
"Amwaj Oyoun Resort & Spa (ex AA Amwaj Resort) Egipt, Sharm El Sheikh","7043.0","29.10.2026 - 05.11.2026","8 dni/7 nocy","","4.0","4.0","5324","tripadvisor","Все аэропорты","2026-08-22T18:31:40.619491+00:00","https://fly.pl/oferta/egipt-wczasy/?filter[dest]=11:&filter[hotelids]=&filter[cityids]=&filter[cregids]=&filter[ofrType]=&filter[addObjType]=&filter[whenFrom]=10-10-2026&filter[whenTo]=05-11-2026&filter[duration]=7:10&filter[from]=&filter[person]=2&filter[child]=1&filter[price]=0:11000&filter[PriceFrom]=0&filter[PriceTo]=11000&filter[addCategory]=50&filter[addCatering]=1&filter[addMisc]=0&filter[addTransport]=F&filter[fp]=1&order_by=ofr_price&filter[tourOperator]=0&filter[childAge][1]=20201210","https://fly.pl/cdn/photo/assets/uploads/582/278/2014/07/Amwaj-Oyoun-Resort-Spa-ex-AA-Amwaj-Resort-fly-pl.jpg","https://fly.pl/wycieczka/egipt,sharm-el-sheikh,c/amwaj-oyoun-resort-ex-aa-amwaj-resort/pW9AjK8m1sqjSXLqgJf8GrAAogS4P4SC0jZ9OJOXwJVJcmeRstrgoMttrZgZAvN8rfQ44qBEtPTVQwjdan1AZIgzdQAVjNDGACagJBSXIfHBG0G7kEtOIBqwQDGI2lBBufqyQB-rrWHgIAYwECBfQf1UE/ofertasv/?filter[tourOperator]=KOMT&filter%5Bperson%5D=2&filter%5BchildAge%5D%5B1%5D=20201210&filter%5Bchild%5D=1"
"Amarina Queen Resort Egipt, Marsa Alam","7056.0","17.10.2026 - 24.10.2026","8 dni/7 nocy","","4.7","4.7","1144","tripadvisor","Все аэропорты","2026-08-22T18:31:40.619491+00:00","https://fly.pl/oferta/egipt-wczasy/?filter[dest]=11:&filter[hotelids]=&filter[cityids]=&filter[cregids]=&filter[ofrType]=&filter[addObjType]=&filter[whenFrom]=10-10-2026&filter[whenTo]=05-11-2026&filter[duration]=7:10&filter[from]=&filter[person]=2&filter[child]=1&filter[price]=0:11000&filter[PriceFrom]=0&filter[PriceTo]=11000&filter[addCategory]=50&filter[addCatering]=1&filter[addMisc]=0&filter[addTransport]=F&filter[fp]=1&order_by=ofr_price&filter[tourOperator]=0&filter[childAge][1]=20201210","https://fly.pl/cdn/photo/assets/uploads/582/278/2024/07/amarina-queen-resort.jpg","https://fly.pl/wycieczka/egipt,marsa-alam,c/amarina-queen-resort-12/pYhqC3RWFZBmQJhewIEacyAAoguGpm1udahtSKGC-ZJV5132ECgtijhDrT6bu4Y7o874kqBE9SRVgwjdan1AZIkDdQQVitCmACagZESS4yLjFyNpsBFQcXAFwDWAVWAkDKBhGAFF2DEE8kXpnYAVO8FFIAS7EvYQBM5Yw6IKz9lwkNAAISYwECDAdM6YI/ofertasv/?filter[tourOperator]=OREX&filter%5Bperson%5D=2&filter%5BchildAge%5D%5B1%5D=20201210&filter%5Bchild%5D=1"
"Xperience Kiroseiz Parkland Egipt, Sharm El Sheikh","7111.0","27.10.2026 - 03.11.2026","8 dni/7 nocy","","4.5","4.5","3121","tripadvisor","Все аэропорты","2026-08-22T18:31:40.619491+00:00","https://fly.pl/oferta/egipt-wczasy/?filter[dest]=11:&filter[hotelids]=&filter[cityids]=&filter[cregids]=&filter[ofrType]=&filter[addObjType]=&filter[whenFrom]=10-10-2026&filter[whenTo]=05-11-2026&filter[duration]=7:10&filter[from]=&filter[person]=2&filter[child]=1&filter[price]=0:11000&filter[PriceFrom]=0&filter[PriceTo]=11000&filter[addCategory]=50&filter[addCatering]=1&filter[addMisc]=0&filter[addTransport]=F&filter[fp]=1&order_by=ofr_price&filter[tourOperator]=0&filter[childAge][1]=20201210","https://fly.pl/cdn/photo/assets/uploads/582/278/2014/06/Xperience-Kiroseiz-Parkland-fly-pl.jpg","https://fly.pl/wycieczka/egipt,sharm-el-sheikh,c/xperience-kiroseiz-parkland/psaCAuCkLH5t6wGf0QntS8AAogeBvCMuMAyuD3nqaBS7gayJgpXVUQjygZk0IwIA3_YjEqBE9BU0kwjdan1AZIxzdQAVidDGACagNBSWxyIRwR9a8BuQTP9g-rBAIbrsgMGNCAFAGdwe-ZAgIAYwECCx6iVpk/ofertasv/?filter[tourOperator]=OASI&filter%5Bperson%5D=2&filter%5BchildAge%5D%5B1%5D=20201210&filter%5Bchild%5D=1"
"Rewaya Majestic Resort Egipt, Hurghada","7145.0","25.10.2026 - 01.11.2026","8 dni/7 nocy","","","","","","Все аэропорты","2026-08-22T18:31:40.619491+00:00","https://fly.pl/oferta/egipt-wczasy/?filter[dest]=11:&filter[hotelids]=&filter[cityids]=&filter[cregids]=&filter[ofrType]=&filter[addObjType]=&filter[whenFrom]=10-10-2026&filter[whenTo]=05-11-2026&filter[duration]=7:10&filter[from]=&filter[person]=2&filter[child]=1&filter[price]=0:11000&filter[PriceFrom]=0&filter[PriceTo]=11000&filter[addCategory]=50&filter[addCatering]=1&filter[addMisc]=0&filter[addTransport]=F&filter[fp]=1&order_by=ofr_price&filter[tourOperator]=0&filter[childAge][1]=20201210","https://datacfstatic.merlinx.pl/OASI/IMG/24140/e3a15b238b2d30f27199dd0e48d3c85c0bc5e06a1c321d66bdb885dd7a89e111.webp","https://fly.pl/wycieczka/egipt,hurghada,c/rewaya-majestic-resort-10/pIMHCE6yM5w5dV2HmBntQOAAogRb2h3qvx8Co9yRy3uF6rimsfmPE5MosFyu9Bpr8s0iIqBE9BU0kwjdan1AZI6TdQAVjtC2ACagNVQUlyIRwRzLwBqwTn4Q-5BB0bu88MGMPkEwGg5ICZAgIAYwECDZYYCQc/ofertasv/?filter[tourOperator]=OASI&filter%5Bperson%5D=2&filter%5BchildAge%5D%5B1%5D=20201210&filter%5Bchild%5D=1"
"Xperience Sea Breeze Egipt, Sharm El Sheikh","7339.0","27.10.2026 - 03.11.2026","8 dni/7 nocy","","4.7","4.7","11506","tripadvisor","Все аэропорты","2026-08-22T18:31:40.619491+00:00","https://fly.pl/oferta/egipt-wczasy/?filter[dest]=11:&filter[hotelids]=&filter[cityids]=&filter[cregids]=&filter[ofrType]=&filter[addObjType]=&filter[whenFrom]=10-10-2026&filter[whenTo]=05-11-2026&filter[duration]=7:10&filter[from]=&filter[person]=2&filter[child]=1&filter[price]=0:11000&filter[PriceFrom]=0&filter[PriceTo]=11000&filter[addCategory]=50&filter[addCatering]=1&filter[addMisc]=0&filter[addTransport]=F&filter[fp]=1&order_by=ofr_price&filter[tourOperator]=0&filter[childAge][1]=20201210","https://fly.pl/cdn/photo/assets/uploads/582/278/2014/07/XPERIENCE-SEA-BREEZE-RESORT.jpg","https://fly.pl/wycieczka/egipt,sharm-el-sheikh,c/xperience-sea-breeze/pHMHklWkrTcuob0ZOgULxPAAogS8gEpnOhJE5lbgc2xxeKUJgpXVUQjygZk0IwIA3_YjEqBE9BU0kwjdan1AZIqzlQAVidDGACagNBSWxyIRwRgrABuQTC9g-rBAIbjcgMGJSBFAGH-OaZAgIAYwECCyoYtHc/ofertasv/?filter[tourOperator]=OASI&filter%5Bperson%5D=2&filter%5BchildAge%5D%5B1%5D=20201210&filter%5Bchild%5D=1"
"Royal Regency Club Egipt, Sharm El Sheikh, Szarm el-Szejk","7370.0","29.10.2026 - 05.11.2026","8 dni/7 nocy","","4.3","4.3","331","tripadvisor","Все аэропорты","2026-08-22T18:31:40.619491+00:00","https://fly.pl/oferta/egipt-wczasy/?filter[dest]=11:&filter[hotelids]=&filter[cityids]=&filter[cregids]=&filter[ofrType]=&filter[addObjType]=&filter[whenFrom]=10-10-2026&filter[whenTo]=05-11-2026&filter[duration]=7:10&filter[from]=&filter[person]=2&filter[child]=1&filter[price]=0:11000&filter[PriceFrom]=0&filter[PriceTo]=11000&filter[addCategory]=50&filter[addCatering]=1&filter[addMisc]=0&filter[addTransport]=F&filter[fp]=1&order_by=ofr_price&filter[tourOperator]=0&filter[childAge][1]=20201210","https://fly.pl/cdn/photo/assets/uploads/582/278/2024/07/royal-regency-club.jpg","https://fly.pl/wycieczka/egipt,sharm-el-sheikh,szarm-el-szejk/royal-regency-club/pR8JnuUJ6zRPGcMWuZfsRtAAogQC2rfTkrIp3sYS9Mm2IlLhstrgoMttrZgZAvN8rfQ44qBEtPTVQwjdan1AZIyjlQAVjNDGACagJVQXIfHBGCG7kE5uIBqwQDGMGYBBugjiQB9efHHgIAYwECBgsm6MU/ofertasv/?filter[tourOperator]=KOMT&filter%5Bperson%5D=2&filter%5BchildAge%5D%5B1%5D=20201210&filter%5Bchild%5D=1"
"Dream Lagoon & Aqua Park Resort (ex. Floriana Dream Lagoon) Egipt, Marsa Alam","7421.0","17.10.2026 - 24.10.2026","8 dni/7 nocy","","4.3","4.3","5640","tripadvisor","Все аэропорты","2026-08-22T18:31:40.619491+00:00","https://fly.pl/oferta/egipt-wczasy/?filter[dest]=11:&filter[hotelids]=&filter[cityids]=&filter[cregids]=&filter[ofrType]=&filter[addObjType]=&filter[whenFrom]=10-10-2026&filter[whenTo]=05-11-2026&filter[duration]=7:10&filter[from]=&filter[person]=2&filter[child]=1&filter[price]=0:11000&filter[PriceFrom]=0&filter[PriceTo]=11000&filter[addCategory]=50&filter[addCatering]=1&filter[addMisc]=0&filter[addTransport]=F&filter[fp]=1&order_by=ofr_price&filter[tourOperator]=0&filter[childAge][1]=20201210","https://fly.pl/cdn/photo/assets/uploads/582/278/2015/11/Future-Dream-Lagoon-ex.-Floriana-Dream-Lagoon-fly-pl.jpg","https://fly.pl/wycieczka/egipt,marsa-alam,c/floriana-dream-lagoon/pCMBMYhRuaYczPT6T71ciXAAogCBBrYiyNM3YbPxv6UmQ9NGECgtijhDrT6bu4Y7o874kqBE9SRVgwjdan1AZI_TlQQVitCmACagYwWi4yLjFyNpsBFQcXAFwDWAVWAkDKBhHfDl2kFU8kXpnYAVO8FFIAS7EvYQBM5Yw6IKz9lwkNAAISYwECDUKcwsE/ofertasv/?filter[tourOperator]=OREX&filter%5Bperson%5D=2&filter%5BchildAge%5D%5B1%5D=20201210&filter%5Bchild%5D=1"
"Hawaii Paradise Aqua Park Resort Egipt, Hurghada","7432.0","21.10.2026 - 28.10.2026","8 dni/7 nocy","","3.4","3.4","441","tripadvisor","Все аэропорты","2026-08-22T18:31:40.619491+00:00","https://fly.pl/oferta/egipt-wczasy/?filter[dest]=11:&filter[hotelids]=&filter[cityids]=&filter[cregids]=&filter[ofrType]=&filter[addObjType]=&filter[whenFrom]=10-10-2026&filter[whenTo]=05-11-2026&filter[duration]=7:10&filter[from]=&filter[person]=2&filter[child]=1&filter[price]=0:11000&filter[PriceFrom]=0&filter[PriceTo]=11000&filter[addCategory]=50&filter[addCatering]=1&filter[addMisc]=0&filter[addTransport]=F&filter[fp]=1&order_by=ofr_price&filter[tourOperator]=0&filter[childAge][1]=20201210","https://fly.pl/cdn/photo/assets/uploads/582/278/2020/09/Hawaii-Paradise-Aqua-Park-Resort.jpg","https://fly.pl/wycieczka/egipt,hurghada,c/hawaii-paradise-aqua-park-resort-14/pMXHcKnhwwwobk-w6lkVrSAAogUUH-4BoGB7c6_W7xMZOlem3ofoL-v4oDRaCPaKJzqGAqBEpPSVAwjdan1AZIiDpQQViNC2ACagNDR21yQ5sBFAEVBhcAXANYBVYCQMoGT-IBXQBSr6sBUwBLiB9hAF6nMBGxzwFMoYE5DbD9lwkgAAGWn-Sw44bMoDACDmMBAA1qMPF9/ofertasv/?filter[tourOperator]=JOIP&filter%5Bperson%5D=2&filter%5BchildAge%5D%5B1%5D=20201210&filter%5Bchild%5D=1"
"Sea Star Beau Rivage Egipt, Hurghada","7442.0","15.10.2026 - 22.10.2026","8 dni/7 nocy","","4.5","4.5","4255","tripadvisor","Все аэропорты","2026-08-22T18:31:40.619491+00:00","https://fly.pl/oferta/egipt-wczasy/?filter[dest]=11:&filter[hotelids]=&filter[cityids]=&filter[cregids]=&filter[ofrType]=&filter[addObjType]=&filter[whenFrom]=10-10-2026&filter[whenTo]=05-11-2026&filter[duration]=7:10&filter[from]=&filter[person]=2&filter[child]=1&filter[price]=0:11000&filter[PriceFrom]=0&filter[PriceTo]=11000&filter[addCategory]=50&filter[addCatering]=1&filter[addMisc]=0&filter[addTransport]=F&filter[fp]=1&order_by=ofr_price&filter[tourOperator]=0&filter[childAge][1]=20201210","https://fly.pl/cdn/photo/assets/uploads/582/278/2014/07/Sea-Star-Beau-Rivage-fly-pl.jpg","https://fly.pl/wycieczka/egipt,hurghada,c/sea-star-beau-rivage/phEVKascUNtqI4SP4bVXUrAAogWzllsSxKLApvPTl2cC_E_YowmybtAo33YM8DbfcrfOgqBEpPSVAwjdan1AZIkjpQQVj9CWACagMwZmRyQZsBFAEVBRcBXANYBVYCT7kGXQBAEVKRrQFTABHHGl7oNEvJSGEATImIOg2q_ZcJIAEBoMfsr9WGzKAwAg1jAQAM5eAXZA/ofertasv/?filter[tourOperator]=JOIP&filter%5Bperson%5D=2&filter%5BchildAge%5D%5B1%5D=20201210&filter%5Bchild%5D=1"
"Pickalbatros Villaggio Resort Portofino Egipt, Marsa Alam","7517.0","26.10.2026 - 03.11.2026","9 dni/8 nocy","","4.9","4.9","1586","tripadvisor","Все аэропорты","2026-08-22T18:31:40.619491+00:00","https://fly.pl/oferta/egipt-wczasy/?filter[dest]=11:&filter[hotelids]=&filter[cityids]=&filter[cregids]=&filter[ofrType]=&filter[addObjType]=&filter[whenFrom]=10-10-2026&filter[whenTo]=05-11-2026&filter[duration]=7:10&filter[from]=&filter[person]=2&filter[child]=1&filter[price]=0:11000&filter[PriceFrom]=0&filter[PriceTo]=11000&filter[addCategory]=50&filter[addCatering]=1&filter[addMisc]=0&filter[addTransport]=F&filter[fp]=1&order_by=ofr_price&filter[tourOperator]=0&filter[childAge][1]=20201210","https://fly.pl/cdn/photo/assets/uploads/582/278/2024/07/pickalbatros-villaggio-resort-portofino.jpg","https://fly.pl/wycieczka/egipt,marsa-alam,c/pickalbatros-villaggio-resort-portofino-15/pl8qIxCK6FeCzah2v0fkDPAAogPqp0oEIiHDWiouDWm2Y46ppylmMq0-lGGv72wXgSq-8qBEVYSU0wjdan1AZI3TpQAViFDGACagJBSXIiHBHP_ga5BLGsS6sEgAEb-IQ8GJiZTwGHjP_GDQIAYwECDFvZfUY/ofertasv/?filter[tourOperator]=EXIM&filter%5Bperson%5D=2&filter%5BchildAge%5D%5B1%5D=20201210&filter%5Bchild%5D=1"
"Bellagio Beach Resort & Spa (ex. Panorama Bungalows Hurghada) Egipt, Hurghada","7618.0","21.10.2026 - 28.10.2026","8 dni/7 nocy","","4.3","4.3","4451","tripadvisor","Все аэропорты","2026-08-22T18:31:40.619491+00:00","https://fly.pl/oferta/egipt-wczasy/?filter[dest]=11:&filter[hotelids]=&filter[cityids]=&filter[cregids]=&filter[ofrType]=&filter[addObjType]=&filter[whenFrom]=10-10-2026&filter[whenTo]=05-11-2026&filter[duration]=7:10&filter[from]=&filter[person]=2&filter[child]=1&filter[price]=0:11000&filter[PriceFrom]=0&filter[PriceTo]=11000&filter[addCategory]=50&filter[addCatering]=1&filter[addMisc]=0&filter[addTransport]=F&filter[fp]=1&order_by=ofr_price&filter[tourOperator]=0&filter[childAge][1]=20201210","https://fly.pl/cdn/photo/assets/uploads/582/278/2014/07/Bellagio-Beach-Resort-Spa.jpg","https://fly.pl/wycieczka/egipt,hurghada,c/panorama-bungalow-resort/peeZ031O515V_aJC_jgz48AAogYJSKx2i1z1FpxIuzikIUW23ofoL-v4oDRaCPaKJzqGAqBEpPSVAwjdan1AZIwjtQQViNC2ACagMwRkhyQ5sBFAEVBhcAXANYBVYCQMoGT-IBXQBSr6sBUwBLiB9hAF6nMBGN0gFMxf44DbD9lwkgAAGvl5C4o4bMoDACDmMBAA2hUu8N/ofertasv/?filter[tourOperator]=JOIP&filter%5Bperson%5D=2&filter%5BchildAge%5D%5B1%5D=20201210&filter%5Bchild%5D=1"
"Raouf Sun International Aqua Park & SPA Egipt, Sharm El Sheikh, Szarm el-Szejk","7642.0","13.10.2026 - 20.10.2026","8 dni/7 nocy","","3.8","3.8","316","tripadvisor","Все аэропорты","2026-08-22T18:31:40.619491+00:00","https://fly.pl/oferta/egipt-wczasy/?filter[dest]=11:&filter[hotelids]=&filter[cityids]=&filter[cregids]=&filter[ofrType]=&filter[addObjType]=&filter[whenFrom]=10-10-2026&filter[whenTo]=05-11-2026&filter[duration]=7:10&filter[from]=&filter[person]=2&filter[child]=1&filter[price]=0:11000&filter[PriceFrom]=0&filter[PriceTo]=11000&filter[addCategory]=50&filter[addCatering]=1&filter[addMisc]=0&filter[addTransport]=F&filter[fp]=1&order_by=ofr_price&filter[tourOperator]=0&filter[childAge][1]=20201210","https://fly.pl/cdn/photo/assets/uploads/582/278/2024/07/raouf-sun-international-aqua-park-spa.jpg","https://fly.pl/wycieczka/egipt,sharm-el-sheikh,szarm-el-szejk/raouf-international-aqua-park-spa-14/pLYzi50v5OLegbEjcsLFv8AAogDMzrR9iJSSW0yhRwXrgWA1ATkd0Et3pHZ-B5Uah2j-0qBEpPSVAwjdan1AZI2jtQQVjNCWACagMxMm9yQ5sBFAEVBhcAXANYBVYCQMoGT-IBXQBLt8oBYQBepzBSpiBTABGWrAFMloQ5Daj9lwkgAAG8ybywtInMoDACDWMBAAyK3Dm4/ofertasv/?filter[tourOperator]=JOIP&filter%5Bperson%5D=2&filter%5BchildAge%5D%5B1%5D=20201210&filter%5Bchild%5D=1"
"Rewaya Luxury Resort Egipt, Hurghada","7704.0","15.10.2026 - 22.10.2026","8 dni/7 nocy","","","","","","Все аэропорты","2026-08-22T18:31:40.619491+00:00","https://fly.pl/oferta/egipt-wczasy/?filter[dest]=11:&filter[hotelids]=&filter[cityids]=&filter[cregids]=&filter[ofrType]=&filter[addObjType]=&filter[whenFrom]=10-10-2026&filter[whenTo]=05-11-2026&filter[duration]=7:10&filter[from]=&filter[person]=2&filter[child]=1&filter[price]=0:11000&filter[PriceFrom]=0&filter[PriceTo]=11000&filter[addCategory]=50&filter[addCatering]=1&filter[addMisc]=0&filter[addTransport]=F&filter[fp]=1&order_by=ofr_price&filter[tourOperator]=0&filter[childAge][1]=20201210","https://datacfstatic.merlinx.pl/OREX/IMG/7196/98632a66aafed855a3e14a56bb184588a24fd60292558013accfa38c141d9a9b.webp","https://fly.pl/wycieczka/egipt,hurghada,c/rewaya-luxury-resort-9/pDI7o6rKYjSaVBFqGbYHhSAAognRhp1ifD7n5hYXkS3uPQGk4omdzNphRQmZcQm_QCUd8qBE9SRVgwjdan1AZImDxQQVj9CWACagVFLjIuMXI1mwEVBxcAWAhWAlwIQMIGXdMOT2wRgiJT0HtSAF6vT0uBEmEATNG-OiCq_ZcJDQACEmMBAg3MtuWW/ofertasv/?filter[tourOperator]=OREX&filter%5Bperson%5D=2&filter%5BchildAge%5D%5B1%5D=20201210&filter%5Bchild%5D=1"
"Sharm Grand Plaza Resort Egipt, Sharm El Sheikh","7737.0","13.10.2026 - 20.10.2026","8 dni/7 nocy","","4.4","4.4","9424","tripadvisor","Все аэропорты","2026-08-22T18:31:40.619491+00:00","https://fly.pl/oferta/egipt-wczasy/?filter[dest]=11:&filter[hotelids]=&filter[cityids]=&filter[cregids]=&filter[ofrType]=&filter[addObjType]=&filter[whenFrom]=10-10-2026&filter[whenTo]=05-11-2026&filter[duration]=7:10&filter[from]=&filter[person]=2&filter[child]=1&filter[price]=0:11000&filter[PriceFrom]=0&filter[PriceTo]=11000&filter[addCategory]=50&filter[addCatering]=1&filter[addMisc]=0&filter[addTransport]=F&filter[fp]=1&order_by=ofr_price&filter[tourOperator]=0&filter[childAge][1]=20201210","https://fly.pl/cdn/photo/assets/uploads/582/278/2014/07/SHARM-GRAND-PLAZA-RESORT-1.jpg","https://fly.pl/wycieczka/egipt,sharm-el-sheikh,c/grand-plaza-resort/pel859sxresZDJlEwROlG4AAogBB5dmdx4JpA8W-_ITFB8KDZPnluiPTRbLKmNIwYEcH4qBEVYSU0wjdan1AZIuTxQAVjNCWACagJBSXIhHBGKyga5BOr2PasEGxvnpjwY1_M9AZjj2u4KAgBjAQIL_M9ikQ/ofertasv/?filter[tourOperator]=EXIM&filter%5Bperson%5D=2&filter%5BchildAge%5D%5B1%5D=20201210&filter%5Bchild%5D=1"
"Charmillion Club Resort (ex. Sea Club Resort) Egipt, Sharm El Sheikh","7781.0","29.10.2026 - 05.11.2026","8 dni/7 nocy","","4.5","4.5","6024","tripadvisor","Все аэропорты","2026-08-22T18:31:40.619491+00:00","https://fly.pl/oferta/egipt-wczasy/?filter[dest]=11:&filter[hotelids]=&filter[cityids]=&filter[cregids]=&filter[ofrType]=&filter[addObjType]=&filter[whenFrom]=10-10-2026&filter[whenTo]=05-11-2026&filter[duration]=7:10&filter[from]=&filter[person]=2&filter[child]=1&filter[price]=0:11000&filter[PriceFrom]=0&filter[PriceTo]=11000&filter[addCategory]=50&filter[addCatering]=1&filter[addMisc]=0&filter[addTransport]=F&filter[fp]=1&order_by=ofr_price&filter[tourOperator]=0&filter[childAge][1]=20201210","https://fly.pl/cdn/photo/assets/uploads/582/278/2014/07/Charmillion-Club-Resort-ex.-Sea-Club-Resort-fly-pl.jpg","https://fly.pl/wycieczka/egipt,sharm-el-sheikh,c/sea-club-sharm-el-sheikh/pT2OUGwbYn4NtW3C4_8M6UAAogPFVnwuE01P-UUfnZ0vnHbxstrgoMttrZgZAvN8rfQ44qBEtPTVQwjdan1AZI5TxQAVjNDGACagJBSXIfHBHOGrkEmuMBqwQDGOifBBvogCQB_NvQHgIAYwECBe050Es/ofertasv/?filter[tourOperator]=KOMT&filter%5Bperson%5D=2&filter%5BchildAge%5D%5B1%5D=20201210&filter%5Bchild%5D=1"
"Safir Sharm Waterfalls Resort (ex Hilton Waterfalls Resort) Egipt, Sharm El Sheikh","7783.0","13.10.2026 - 20.10.2026","8 dni/7 nocy","","4.4","4.4","1215","tripadvisor","Все аэропорты","2026-08-22T18:31:40.619491+00:00","https://fly.pl/oferta/egipt-wczasy/?filter[dest]=11:&filter[hotelids]=&filter[cityids]=&filter[cregids]=&filter[ofrType]=&filter[addObjType]=&filter[whenFrom]=10-10-2026&filter[whenTo]=05-11-2026&filter[duration]=7:10&filter[from]=&filter[person]=2&filter[child]=1&filter[price]=0:11000&filter[PriceFrom]=0&filter[PriceTo]=11000&filter[addCategory]=50&filter[addCatering]=1&filter[addMisc]=0&filter[addTransport]=F&filter[fp]=1&order_by=ofr_price&filter[tourOperator]=0&filter[childAge][1]=20201210","https://fly.pl/cdn/photo/assets/uploads/582/278/2014/07/Hilton-Sharm-Waterfalls-Resort-fly-pl-4.jpg","https://fly.pl/wycieczka/egipt,sharm-el-sheikh,c/hilton-sharm-waterfalls-resort/p7U1MaY7yWvjOXmx7ajKpVAAogG6pSrfCbl5tZqOB6i-LIv1ATkd0Et3pHZ-B5Uah2j-0qBEpPSVAwjdan1AZI5zxQQVjNCWACagNDR21yQpsBFAEVBhcAXANYBVYCQMoGT-IBXQARwsYBS_UDYQBepzBSpiBTAEyssDoNqP2XCSAAAZ_dhKDliMygMAINYwEAC4dE4pM/ofertasv/?filter[tourOperator]=JOIP&filter%5Bperson%5D=2&filter%5BchildAge%5D%5B1%5D=20201210&filter%5Bchild%5D=1"
"Siva Golden Bay Makadi Egipt, Hurghada, Makadi Bay","7807.0","15.10.2026 - 22.10.2026","8 dni/7 nocy","","4.6","4.6","847","tripadvisor","Все аэропорты","2026-08-22T18:31:40.619491+00:00","https://fly.pl/oferta/egipt-wczasy/?filter[dest]=11:&filter[hotelids]=&filter[cityids]=&filter[cregids]=&filter[ofrType]=&filter[addObjType]=&filter[whenFrom]=10-10-2026&filter[whenTo]=05-11-2026&filter[duration]=7:10&filter[from]=&filter[person]=2&filter[child]=1&filter[price]=0:11000&filter[PriceFrom]=0&filter[PriceTo]=11000&filter[addCategory]=50&filter[addCatering]=1&filter[addMisc]=0&filter[addTransport]=F&filter[fp]=1&order_by=ofr_price&filter[tourOperator]=0&filter[childAge][1]=20201210","https://fly.pl/cdn/photo/assets/uploads/582/278/2024/07/siva-golden-bay-makadi.jpg","https://fly.pl/wycieczka/egipt,hurghada,makadi-bay/siva-golden-bay-makadi-10/p3i7tQu_B28fGh_arUIEFzAAogeUh2rJD3nWEoHqz9R-1PXE2nDT3HSII3dh3aEJQz7w8qBEVYSU0wjdan1AZI_zxQAVj9CWACagJBSXIhHBHGuwa5BPSAPqsEHBvd4y8Yhto2AYuOtYsJAgBjAQIHt1URzA/ofertasv/?filter[tourOperator]=EXIM&filter%5Bperson%5D=2&filter%5BchildAge%5D%5B1%5D=20201210&filter%5Bchild%5D=1"
"Dreams Vacation Egipt, Sharm El Sheikh, Szarm el-Szejk","7857.0","13.10.2026 - 20.10.2026","8 dni/7 nocy","","3.8","3.8","1154","tripadvisor","Все аэропорты","2026-08-22T18:31:40.619491+00:00","https://fly.pl/oferta/egipt-wczasy/?filter[dest]=11:&filter[hotelids]=&filter[cityids]=&filter[cregids]=&filter[ofrType]=&filter[addObjType]=&filter[whenFrom]=10-10-2026&filter[whenTo]=05-11-2026&filter[duration]=7:10&filter[from]=&filter[person]=2&filter[child]=1&filter[price]=0:11000&filter[PriceFrom]=0&filter[PriceTo]=11000&filter[addCategory]=50&filter[addCatering]=1&filter[addMisc]=0&filter[addTransport]=F&filter[fp]=1&order_by=ofr_price&filter[tourOperator]=0&filter[childAge][1]=20201210","https://fly.pl/cdn/photo/assets/uploads/582/278/2014/07/Dreams-Vacation-fly-pl.jpg","https://fly.pl/wycieczka/egipt,sharm-el-sheikh,szarm-el-szejk/dreams-vacation/pIhAy9ANObJLBkF1tFuiEHAAogF5_sMG2MTXoXa6YjBlH1PTZPnluiPTRbLKmNIwYEcH4qBEVYSU0wjdan1AZIsT1QAVjNCWACagJBSXIhHBGcuwa5BNiFPqsEGxv2iTAY6_c2AezC75QJAgBjAQILHXr0Ng/ofertasv/?filter[tourOperator]=EXIM&filter%5Bperson%5D=2&filter%5BchildAge%5D%5B1%5D=20201210&filter%5Bchild%5D=1"
"Three Corners Fayrouz Plaza Beach Resort Egipt, Marsa Alam","7862.0","26.10.2026 - 02.11.2026","8 dni/7 nocy","","4.7","4.7","13106","tripadvisor","Все аэропорты","2026-08-22T18:31:40.619491+00:00","https://fly.pl/oferta/egipt-wczasy/?filter[dest]=11:&filter[hotelids]=&filter[cityids]=&filter[cregids]=&filter[ofrType]=&filter[addObjType]=&filter[whenFrom]=10-10-2026&filter[whenTo]=05-11-2026&filter[duration]=7:10&filter[from]=&filter[person]=2&filter[child]=1&filter[price]=0:11000&filter[PriceFrom]=0&filter[PriceTo]=11000&filter[addCategory]=50&filter[addCatering]=1&filter[addMisc]=0&filter[addTransport]=F&filter[fp]=1&order_by=ofr_price&filter[tourOperator]=0&filter[childAge][1]=20201210","https://fly.pl/cdn/photo/assets/uploads/582/278/2014/10/The-Three-Corners-Fayrouz-Plaza.jpg","https://fly.pl/wycieczka/egipt,marsa-alam,c/three-corners-fayrouz-plaza-beach-resort/pQAg0g8egO73aJ_kEQesJ0AAogN6OYNbvC4yfFZiPX6mcDoQBEH93hAx3DSo9Um7AsJyIqBE9BU0kwjdan1AZItj1QAViFDGACagNBSWxyIRwRi6QBuQSu_Q-rBBwb7LwPGP2DEwGJ7J6mAgIAYwECDQRPzgg/ofertasv/?filter[tourOperator]=OASI&filter%5Bperson%5D=2&filter%5BchildAge%5D%5B1%5D=20201210&filter%5Bchild%5D=1"
"Dreams Beach (Sharm El Sheikh) Egipt, Sharm El Sheikh, Szarm el-Szejk","7865.0","13.10.2026 - 20.10.2026","8 dni/7 nocy","","3.9","3.9","2636","tripadvisor","Все аэропорты","2026-08-22T18:31:40.619491+00:00","https://fly.pl/oferta/egipt-wczasy/?filter[dest]=11:&filter[hotelids]=&filter[cityids]=&filter[cregids]=&filter[ofrType]=&filter[addObjType]=&filter[whenFrom]=10-10-2026&filter[whenTo]=05-11-2026&filter[duration]=7:10&filter[from]=&filter[person]=2&filter[child]=1&filter[price]=0:11000&filter[PriceFrom]=0&filter[PriceTo]=11000&filter[addCategory]=50&filter[addCatering]=1&filter[addMisc]=0&filter[addTransport]=F&filter[fp]=1&order_by=ofr_price&filter[tourOperator]=0&filter[childAge][1]=20201210","https://fly.pl/cdn/photo/assets/uploads/582/278/2014/07/Dreams-Beach-Resort.jpg","https://fly.pl/wycieczka/egipt,sharm-el-sheikh,szarm-el-szejk/dreams-beach-sharm-el-sheikh/pF_Krde8a8ICz2ZqG_Xb0hAAogmWsNTubVUHJiFrHADfnAJ1ATkd0Et3pHZ-B5Uah2j-0qBEpPSVAwjdan1AZIuT1QQVjNCWACagNDR21yQpsBFAEVBhcAXANYBVYCQMoGT-IBXQAR5MYBS9MDYQBepzBSpiBTAEyssDoNqP2XCSAAAbqxxIilicygMAINYwEAC7WaqKo/ofertasv/?filter[tourOperator]=JOIP&filter%5Bperson%5D=2&filter%5BchildAge%5D%5B1%5D=20201210&filter%5Bchild%5D=1"
"Royal Pharaohs Makadi (ex. Harmony) Egipt, Hurghada, Makadi Bay","7867.0","29.10.2026 - 05.11.2026","9 dni/7 nocy","","3.3","3.3","844","tripadvisor","Все аэропорты","2026-08-22T18:31:40.619491+00:00","https://fly.pl/oferta/egipt-wczasy/?filter[dest]=11:&filter[hotelids]=&filter[cityids]=&filter[cregids]=&filter[ofrType]=&filter[addObjType]=&filter[whenFrom]=10-10-2026&filter[whenTo]=05-11-2026&filter[duration]=7:10&filter[from]=&filter[person]=2&filter[child]=1&filter[price]=0:11000&filter[PriceFrom]=0&filter[PriceTo]=11000&filter[addCategory]=50&filter[addCatering]=1&filter[addMisc]=0&filter[addTransport]=F&filter[fp]=1&order_by=ofr_price&filter[tourOperator]=0&filter[childAge][1]=20201210","https://fly.pl/cdn/photo/assets/uploads/582/278/2014/07/Harmony-Makadi-Bay-fly-pl.jpg","https://fly.pl/wycieczka/egipt,hurghada,makadi-bay/harmony-makadi-bay/p0HPONTNx91kzEbDJ3VapUAAogS8YQyfoaaU-lce5aBtGNrf966lwJMXcBoSKWCVd3NSUqBEVYSU0wjdan1AZIuz1QAVjNDGACagJBSXIhHBGb-AarBL2wS7kERBuF_TcYgKBTAdDJ98YNAgBjAQIMCF6Wmg/ofertasv/?filter[tourOperator]=EXIM&filter%5Bperson%5D=2&filter%5BchildAge%5D%5B1%5D=20201210&filter%5Bchild%5D=1"
"Amarina Star Resort & Aqua Park (ex. Raouf Star)","7958.0","13.10.2026 - 20.10.2026","8 dni/7 nocy","","4.2","4.2","100","tripadvisor","Все аэропорты","2026-08-22T18:31:40.619491+00:00","https://fly.pl/oferta/egipt-wczasy/?filter[dest]=11:&filter[hotelids]=&filter[cityids]=&filter[cregids]=&filter[ofrType]=&filter[addObjType]=&filter[whenFrom]=10-10-2026&filter[whenTo]=05-11-2026&filter[duration]=7:10&filter[from]=&filter[person]=2&filter[child]=1&filter[price]=0:11000&filter[PriceFrom]=0&filter[PriceTo]=11000&filter[addCategory]=50&filter[addCatering]=1&filter[addMisc]=0&filter[addTransport]=F&filter[fp]=1&order_by=ofr_price&filter[tourOperator]=0&filter[childAge][1]=20201210","https://fly.pl/cdn/photo/assets/uploads/582/278/2023/04/Amarina-Star-Resort-Aqua-Park.jpg","https://fly.pl/wycieczka/egipt,sharm-el-sheikh,szarm-el-szejk/raouf-star-15/p13Go5kdibeI-p-Q20uQQcAAogn7JU-pwN9yb_q1ZQWVeu5VATkd0Et3pHZ-B5Uah2j-0qBEpPSVAwjtan1AZIlj5QQVjNCWACagMxMm9yQ5sBFAEVBhcAXANYBVYCQMoGT-IBXQBLt8oBYQBepzBSpiBTABG9ywFM7-Q4Daj9lwkgAAGkz9yAtYnMoDACDWMBAAyqEaEm/ofertasv/?filter[tourOperator]=JOIP&filter%5Bperson%5D=2&filter%5BchildAge%5D%5B1%5D=20201210&filter%5Bchild%5D=1"
"Pickalbatros Palace Port Ghalib (ex. Red Sea The Palace)","7977.0","26.10.2026 - 03.11.2026","9 dni/8 nocy","","4.7","4.7","3718","tripadvisor","Все аэропорты","2026-08-22T18:31:40.619491+00:00","https://fly.pl/oferta/egipt-wczasy/?filter[dest]=11:&filter[hotelids]=&filter[cityids]=&filter[cregids]=&filter[ofrType]=&filter[addObjType]=&filter[whenFrom]=10-10-2026&filter[whenTo]=05-11-2026&filter[duration]=7:10&filter[from]=&filter[person]=2&filter[child]=1&filter[price]=0:11000&filter[PriceFrom]=0&filter[PriceTo]=11000&filter[addCategory]=50&filter[addCatering]=1&filter[addMisc]=0&filter[addTransport]=F&filter[fp]=1&order_by=ofr_price&filter[tourOperator]=0&filter[childAge][1]=20201210","https://fly.pl/cdn/photo/assets/uploads/582/278/2014/09/albatros-palace.jpg","https://fly.pl/wycieczka/egipt,marsa-alam,port-ghalib/intercontinental-the-palace-port-ghalib/pSCTbPAVYhycli9yYUXIW6AAoge98STiHXd1KszUKrjzOTU5pylmMq0-lGGv72wXgSq-8qBEVYSU0wjtan1AZIqT5QAViFDGACagJBSXIiHBHN9Aa5BLO2S6sEgAEbguM1GOq6VQGAx_3GDQIAYwECDDylv2U/ofertasv/?filter[tourOperator]=EXIM&filter%5Bperson%5D=2&filter%5BchildAge%5D%5B1%5D=20201210&filter%5Bchild%5D=1"
"IL Mercato Splash Aqua Park","8021.0","13.10.2026 - 20.10.2026","8 dni/7 nocy","","4.4","4.4","2238","tripadvisor","Все аэропорты","2026-08-22T18:31:40.619491+00:00","https://fly.pl/oferta/egipt-wczasy/?filter[dest]=11:&filter[hotelids]=&filter[cityids]=&filter[cregids]=&filter[ofrType]=&filter[addObjType]=&filter[whenFrom]=10-10-2026&filter[whenTo]=05-11-2026&filter[duration]=7:10&filter[from]=&filter[person]=2&filter[child]=1&filter[price]=0:11000&filter[PriceFrom]=0&filter[PriceTo]=11000&filter[addCategory]=50&filter[addCatering]=1&filter[addMisc]=0&filter[addTransport]=F&filter[fp]=1&order_by=ofr_price&filter[tourOperator]=0&filter[childAge][1]=20201210","https://fly.pl/cdn/photo/assets/uploads/582/278/2014/07/Il-Mercato-Hotel-Spa-Sharm-El-Sheikh.jpg","https://fly.pl/wycieczka/egipt,sharm-el-sheikh,c/iberotel-il-mercato/pdtTAVXe_QjHUoNWvIiC4dAAogyK3R0wXF1UE9KC9A_lH8gVATkd0Et3pHZ-B5Uah2j-0qBEpPSVAwjtan1AZI1T5QQVjNCWACagNDR21yQpsBFAEVBhcAXANYBVYCQMoGT-IBXQBLt8oBYQBepzARyxdS2whTAEyssDoNqP2XCSAAAaTB7JiTicygMAINYwEACy4Dwcs/ofertasv/?filter[tourOperator]=JOIP&filter%5Bperson%5D=2&filter%5BchildAge%5D%5B1%5D=20201210&filter%5Bchild%5D=1"
"Movenpick Waterpark Resort & Spa Soma Bay","8037.0","15.10.2026 - 22.10.2026","8 dni/7 nocy","","4.3","4.3","4006","tripadvisor","Все аэропорты","2026-08-22T18:31:40.619491+00:00","https://fly.pl/oferta/egipt-wczasy/?filter[dest]=11:&filter[hotelids]=&filter[cityids]=&filter[cregids]=&filter[ofrType]=&filter[addObjType]=&filter[whenFrom]=10-10-2026&filter[whenTo]=05-11-2026&filter[duration]=7:10&filter[from]=&filter[person]=2&filter[child]=1&filter[price]=0:11000&filter[PriceFrom]=0&filter[PriceTo]=11000&filter[addCategory]=50&filter[addCatering]=1&filter[addMisc]=0&filter[addTransport]=F&filter[fp]=1&order_by=ofr_price&filter[tourOperator]=0&filter[childAge][1]=20201210","https://fly.pl/cdn/photo/assets/uploads/582/278/2009/02/Movenpick-Soma-Bay2539.jpg","https://fly.pl/wycieczka/egipt,hurghada,c/movenpick-soma-bay/pZPZH0nYTIxPjcZxFjcKzBAAog1xC40B2Cc-pKOz-wGL-X504omdzNphRQmZcQm_QCUd8qBE9SRVgwjtan1AZI5T5QQVj9CWACagdCSzQuMi4xcjWbARUHFwBcA1gFVgJAygYREl3BDk9sU9KdAVIAXq9PS4ESYQBM0b46IKr9lwkNAAISYwECCwZRPjU/ofertasv/?filter[tourOperator]=OREX&filter%5Bperson%5D=2&filter%5BchildAge%5D%5B1%5D=20201210&filter%5Bchild%5D=1"
"Pickalbatros Golf Beach Resort","8041.0","27.10.2026 - 03.11.2026","8 dni/7 nocy","","4.5","4.5","313","tripadvisor","Все аэропорты","2026-08-22T18:31:40.619491+00:00","https://fly.pl/oferta/egipt-wczasy/?filter[dest]=11:&filter[hotelids]=&filter[cityids]=&filter[cregids]=&filter[ofrType]=&filter[addObjType]=&filter[whenFrom]=10-10-2026&filter[whenTo]=05-11-2026&filter[duration]=7:10&filter[from]=&filter[person]=2&filter[child]=1&filter[price]=0:11000&filter[PriceFrom]=0&filter[PriceTo]=11000&filter[addCategory]=50&filter[addCatering]=1&filter[addMisc]=0&filter[addTransport]=F&filter[fp]=1&order_by=ofr_price&filter[tourOperator]=0&filter[childAge][1]=20201210","https://fly.pl/cdn/photo/assets/uploads/582/278/2014/07/Golf-Beach-Resort-Managed-by-Rixos.jpg","https://fly.pl/wycieczka/egipt,sharm-el-sheikh,c/maritim-jolie-ville-golf/ptyvNtf_I7iSFbJjWgfS10AAoghYYPjE1bw85S0IY3eOwrXZgpXVUQjygZk0IwIA3_YjEqBE9BU0kwjtan1AZI6T5QAVidDGACagNBSWxyIRwR6q8BuQTa9g-rBAIbyLQPGN-AEwHJ1fSlAgIAYwECDMhoFaw/ofertasv/?filter[tourOperator]=OASI&filter%5Bperson%5D=2&filter%5BchildAge%5D%5B1%5D=20201210&filter%5Bchild%5D=1"
"Amarina Jannah Resort Aquapark","8078.0","17.10.2026 - 24.10.2026","8 dni/7 nocy","","4.7","4.7","657","tripadvisor","Все аэропорты","2026-08-22T18:31:40.619491+00:00","https://fly.pl/oferta/egipt-wczasy/?filter[dest]=11:&filter[hotelids]=&filter[cityids]=&filter[cregids]=&filter[ofrType]=&filter[addObjType]=&filter[whenFrom]=10-10-2026&filter[whenTo]=05-11-2026&filter[duration]=7:10&filter[from]=&filter[person]=2&filter[child]=1&filter[price]=0:11000&filter[PriceFrom]=0&filter[PriceTo]=11000&filter[addCategory]=50&filter[addCatering]=1&filter[addMisc]=0&filter[addTransport]=F&filter[fp]=1&order_by=ofr_price&filter[tourOperator]=0&filter[childAge][1]=20201210","https://fly.pl/cdn/photo/assets/uploads/582/278/2023/04/Amarina-Jannah-Resort-Aquapark.jpg","https://fly.pl/wycieczka/egipt,marsa-alam,port-ghalib/amarina-jannah-resort-aquapark-15/ph7D8PfgnCI0SmFW9YQwF6AAoglI_bfrxNVHG-711XDtZjg2ECgtijhDrT6bu4Y7o874kqBE9SRVgwjtan1AZIjj9QQVitCmACagZDNS4yLjFyNpsBFQcXAFwDWAVWAkDKBhH5FF2KD08kXpnYAVO8FFIAS7EvYQBM5Yw6IKz9lwkNAAISYwECDDgFEFA/ofertasv/?filter[tourOperator]=OREX&filter%5Bperson%5D=2&filter%5BchildAge%5D%5B1%5D=20201210&filter%5Bchild%5D=1"
"Sentido Akassia Beach (ex. LTI Akassia Beach)","8181.0","17.10.2026 - 24.10.2026","8 dni/7 nocy","","4.4","4.4","2261","tripadvisor","Все аэропорты","2026-08-22T18:31:40.619491+00:00","https://fly.pl/oferta/egipt-wczasy/?filter[dest]=11:&filter[hotelids]=&filter[cityids]=&filter[cregids]=&filter[ofrType]=&filter[addObjType]=&filter[whenFrom]=10-10-2026&filter[whenTo]=05-11-2026&filter[duration]=7:10&filter[from]=&filter[person]=2&filter[child]=1&filter[price]=0:11000&filter[PriceFrom]=0&filter[PriceTo]=11000&filter[addCategory]=50&filter[addCatering]=1&filter[addMisc]=0&filter[addTransport]=F&filter[fp]=1&order_by=ofr_price&filter[tourOperator]=0&filter[childAge][1]=20201210","https://fly.pl/cdn/photo/assets/uploads/582/278/2014/09/Sentido-Akassia-Beach.jpg","https://fly.pl/wycieczka/egipt,marsa-alam,c/lti-akassia-beach-2/pu_izgcPHoSTUqjISDtCC1AAogWsj03FuK88D0OuhDCSx3N2ECgtijhDrT6bu4Y7o874kqBE9SRVgwjtan1AZI9T9QQVitCmACagYxUy4yLjFyNZsBFQcXAFwDWAVWAhEmQKQGXYMkTyRemdgBU7wUUgBLsS9hAEzljDogrP2XCQ0AAhJjAQINkUFtNg/ofertasv/?filter[tourOperator]=OREX&filter%5Bperson%5D=2&filter%5BchildAge%5D%5B1%5D=20201210&filter%5Bchild%5D=1"
"Rehana Royal Beach Resort & Spa","8182.0","13.10.2026 - 20.10.2026","8 dni/7 nocy","","4.3","4.3","4647","tripadvisor","Все аэропорты","2026-08-22T18:31:40.619491+00:00","https://fly.pl/oferta/egipt-wczasy/?filter[dest]=11:&filter[hotelids]=&filter[cityids]=&filter[cregids]=&filter[ofrType]=&filter[addObjType]=&filter[whenFrom]=10-10-2026&filter[whenTo]=05-11-2026&filter[duration]=7:10&filter[from]=&filter[person]=2&filter[child]=1&filter[price]=0:11000&filter[PriceFrom]=0&filter[PriceTo]=11000&filter[addCategory]=50&filter[addCatering]=1&filter[addMisc]=0&filter[addTransport]=F&filter[fp]=1&order_by=ofr_price&filter[tourOperator]=0&filter[childAge][1]=20201210","https://fly.pl/cdn/photo/assets/uploads/582/278/2016/11/Rehana-Royal-Beach-Resort-amp-Spa.jpg","https://fly.pl/wycieczka/egipt,sharm-el-sheikh,c/rehana-royal-beach-resort-spa/pSJCND73cHp48S-kiwOzlMAAogDH7tKRZnTfyoBCAh7xvifFATkd0Et3pHZ-B5Uah2j-0qBEpPSVAwjtan1AZI9j9QQVjNCWACagMwMHdyQpsBFAEVBhcAXANYBVYCQMoGT-IBXQAR88gBS8QBYQBepzBSpiBTAEyssDoNqP2XCSAAAbjN8JDDicygMAINYwEADGdjVms/ofertasv/?filter[tourOperator]=JOIP&filter%5Bperson%5D=2&filter%5BchildAge%5D%5B1%5D=20201210&filter%5Bchild%5D=1"
"Calimera Blend Paradise Resort","8213.0","15.10.2026 - 22.10.2026","8 dni/7 nocy","","4.2","4.2","2288","tripadvisor","Все аэропорты","2026-08-22T18:31:40.619491+00:00","https://fly.pl/oferta/egipt-wczasy/?filter[dest]=11:&filter[hotelids]=&filter[cityids]=&filter[cregids]=&filter[ofrType]=&filter[addObjType]=&filter[whenFrom]=10-10-2026&filter[whenTo]=05-11-2026&filter[duration]=7:10&filter[from]=&filter[person]=2&filter[child]=1&filter[price]=0:11000&filter[PriceFrom]=0&filter[PriceTo]=11000&filter[addCategory]=50&filter[addCatering]=1&filter[addMisc]=0&filter[addTransport]=F&filter[fp]=1&order_by=ofr_price&filter[tourOperator]=0&filter[childAge][1]=20201210","https://fly.pl/cdn/photo/assets/uploads/582/278/2022/08/Calimera-Blend-Paradise.jpg","https://fly.pl/wycieczka/egipt,hurghada,c/calimera-blend-paradise-12/pct4uKlirTNErzWW64jYn_AAogK7r8cK-0x3HM01EJDq6GG04omdzNphRQmZcQm_QCUd8qBE9SRVgwjtan1AZIlUBQQVj9CWACagZENi4yLjFyNpsBFQcXAFwDWAVWAkDKBl3TDk9sEbwKU5aTAVIAXq9PS4ESYQBM0b46IKr9lwkNAAISYwECDD8V-AY/ofertasv/?filter[tourOperator]=OREX&filter%5Bperson%5D=2&filter%5BchildAge%5D%5B1%5D=20201210&filter%5Bchild%5D=1"
"Retac Qunay Dahab Resort & Spa","8270.0","13.10.2026 - 20.10.2026","8 dni/7 nocy","","4.3","4.3","1708","tripadvisor","Все аэропорты","2026-08-22T18:31:40.619491+00:00","https://fly.pl/oferta/egipt-wczasy/?filter[dest]=11:&filter[hotelids]=&filter[cityids]=&filter[cregids]=&filter[ofrType]=&filter[addObjType]=&filter[whenFrom]=10-10-2026&filter[whenTo]=05-11-2026&filter[duration]=7:10&filter[from]=&filter[person]=2&filter[child]=1&filter[price]=0:11000&filter[PriceFrom]=0&filter[PriceTo]=11000&filter[addCategory]=50&filter[addCatering]=1&filter[addMisc]=0&filter[addTransport]=F&filter[fp]=1&order_by=ofr_price&filter[tourOperator]=0&filter[childAge][1]=20201210","https://fly.pl/cdn/photo/assets/uploads/582/278/2014/09/Retac-Qunay-Dahab.jpg","https://fly.pl/wycieczka/egipt,dahab,c/le-meridien-dahab-bay/pALfc1E_60bmmX6r8sILsJAAogaYjHUiP2my3qB9g9uPSD41ATkd0Et3pHZ-B5Uah2j-0qBEpPSVAwjtan1AZIzkBQQVjNCWACagNDR21yQpsBFAEVBhcAXANYBVYCQMoGT-IBXQBLt8oBYQAR9gZesSlSpiBTAEyssDoNqP2XCSAAAcGTsKDEicygMAINYwEAC4ysXVU/ofertasv/?filter[tourOperator]=JOIP&filter%5Bperson%5D=2&filter%5BchildAge%5D%5B1%5D=20201210&filter%5Bchild%5D=1"
"Old Palace Resort","8302.0","25.10.2026 - 01.11.2026","8 dni/7 nocy","","4.6","4.6","3531","tripadvisor","Все аэропорты","2026-08-22T18:31:40.619491+00:00","https://fly.pl/oferta/egipt-wczasy/?filter[dest]=11:&filter[hotelids]=&filter[cityids]=&filter[cregids]=&filter[ofrType]=&filter[addObjType]=&filter[whenFrom]=10-10-2026&filter[whenTo]=05-11-2026&filter[duration]=7:10&filter[from]=&filter[person]=2&filter[child]=1&filter[price]=0:11000&filter[PriceFrom]=0&filter[PriceTo]=11000&filter[addCategory]=50&filter[addCatering]=1&filter[addMisc]=0&filter[addTransport]=F&filter[fp]=1&order_by=ofr_price&filter[tourOperator]=0&filter[childAge][1]=20201210","https://fly.pl/cdn/photo/assets/uploads/582/278/2015/03/Old-Palace-Resort-Sahl-Hasheesh.jpg","https://fly.pl/wycieczka/egipt,hurghada,c/old-palace-resort/pz4TiOrKBFLjM6mJ41-w5mAAogLnVqVrwDHMy2sjQTLm_ymGsfmPE5MosFyu9Bpr8s0iIqBE9BU0kwjtan1AZI7kBQAVjtC2ACagNBSWxyIRwRka8BqwSi7w-5BB0b8YIPGMGwEQH5_KSZAgIAYwECC9PW950/ofertasv/?filter[tourOperator]=OASI&filter%5Bperson%5D=2&filter%5BchildAge%5D%5B1%5D=20201210&filter%5Bchild%5D=1"
"Naama Bay Hotel & Resort","8308.0","13.10.2026 - 20.10.2026","8 dni/7 nocy","","4.4","4.4","4857","tripadvisor","Все аэропорты","2026-08-22T18:31:40.619491+00:00","https://fly.pl/oferta/egipt-wczasy/?filter[dest]=11:&filter[hotelids]=&filter[cityids]=&filter[cregids]=&filter[ofrType]=&filter[addObjType]=&filter[whenFrom]=10-10-2026&filter[whenTo]=05-11-2026&filter[duration]=7:10&filter[from]=&filter[person]=2&filter[child]=1&filter[price]=0:11000&filter[PriceFrom]=0&filter[PriceTo]=11000&filter[addCategory]=50&filter[addCatering]=1&filter[addMisc]=0&filter[addTransport]=F&filter[fp]=1&order_by=ofr_price&filter[tourOperator]=0&filter[childAge][1]=20201210","https://fly.pl/cdn/photo/assets/uploads/582/278/2014/07/Naama-Bay.jpg","https://fly.pl/wycieczka/egipt,sharm-el-sheikh,c/tropitel-naama-bay/pI26WJJ2IypORqk8Ccz5aAAAogYAzhFM3NUdoDhjgtG8x4aFATkd0Et3pHZ-B5Uah2j-0qBEpPSVAwjtan1AZI9EBQQVjNCWACagNDR21yQpsBFAEVBhcAXANYBVYCQMoGT-IBXQARrcYBS4oEYQBepzBSpiBTAEyssDoNqP2XCSAAAaHh9L-DicygMAINYwEAC7EcFLE/ofertasv/?filter[tourOperator]=JOIP&filter%5Bperson%5D=2&filter%5BchildAge%5D%5B1%5D=20201210&filter%5Bchild%5D=1"
"Golf Villas And Suites Sharm","8329.0","27.10.2026 - 03.11.2026","8 dni/7 nocy","","4.8","4.8","332","tripadvisor","Все аэропорты","2026-08-22T18:31:40.619491+00:00","https://fly.pl/oferta/egipt-wczasy/?filter[dest]=11:&filter[hotelids]=&filter[cityids]=&filter[cregids]=&filter[ofrType]=&filter[addObjType]=&filter[whenFrom]=10-10-2026&filter[whenTo]=05-11-2026&filter[duration]=7:10&filter[from]=&filter[person]=2&filter[child]=1&filter[price]=0:11000&filter[PriceFrom]=0&filter[PriceTo]=11000&filter[addCategory]=50&filter[addCatering]=1&filter[addMisc]=0&filter[addTransport]=F&filter[fp]=1&order_by=ofr_price&filter[tourOperator]=0&filter[childAge][1]=20201210","https://fly.pl/cdn/photo/assets/uploads/582/278/2014/07/Maritim-Jolie-Ville-Royal-Peninsula-fly-pl.jpg","https://fly.pl/wycieczka/egipt,sharm-el-sheikh,c/maritim-jolie-ville-royal-peninsula/p6ed8iknFE34u_7B70YnXBAAogpzidkRvKJtB-R2CTz6b2XZgpXVUQjygZk0IwIA3_YjEqBE9BU0kwjtan1AZIiUFQAVidDGACagNBSWxyIRwR7q8BuQTW9g-rBAIblbQPGJOAEwH4rOulAgIAYwECDBBfpao/ofertasv/?filter[tourOperator]=OASI&filter%5Bperson%5D=2&filter%5BchildAge%5D%5B1%5D=20201210&filter%5Bchild%5D=1"
"Jaz Aquamarine Resort","8367.0","27.10.2026 - 03.11.2026","9 dni/7 nocy","","4.6","4.6","17098","tripadvisor","Все аэропорты","2026-08-22T18:31:40.619491+00:00","https://fly.pl/oferta/egipt-wczasy/?filter[dest]=11:&filter[hotelids]=&filter[cityids]=&filter[cregids]=&filter[ofrType]=&filter[addObjType]=&filter[whenFrom]=10-10-2026&filter[whenTo]=05-11-2026&filter[duration]=7:10&filter[from]=&filter[person]=2&filter[child]=1&filter[price]=0:11000&filter[PriceFrom]=0&filter[PriceTo]=11000&filter[addCategory]=50&filter[addCatering]=1&filter[addMisc]=0&filter[addTransport]=F&filter[fp]=1&order_by=ofr_price&filter[tourOperator]=0&filter[childAge][1]=20201210","https://fly.pl/cdn/photo/assets/uploads/582/278/2016/11/jaz-aquamarine-ex-iberotel-egipt-hurghada-1b.jpg","https://fly.pl/wycieczka/egipt,hurghada,c/jaz-aquamarine-ex-iberotel-aquamarine/p-20FO9EbAAKiWGMWrmMjcAAogypfVcr5UTUJ0xot6tz6On5mSZ-ZO1HkJPLAVYySL8QwqBEVYSU0wjtan1AZIr0FQAVidDGACagJBSXIhHBGs_wa5BIeoS6sEXhuGo0AYoN9HAeTer6sNAhJjAQIL75vgtQ/ofertasv/?filter[tourOperator]=EXIM&filter%5Bperson%5D=2&filter%5BchildAge%5D%5B1%5D=20201210&filter%5Bchild%5D=1"
"Radisson Individuals Marina Port Ghalib (ex. Sunrise Marina Resort)","8370.0","25.10.2026 - 01.11.2026","8 dni/7 nocy","","4.6","4.6","3549","tripadvisor","Все аэропорты","2026-08-22T18:31:40.619491+00:00","https://fly.pl/oferta/egipt-wczasy/?filter[dest]=11:&filter[hotelids]=&filter[cityids]=&filter[cregids]=&filter[ofrType]=&filter[addObjType]=&filter[whenFrom]=10-10-2026&filter[whenTo]=05-11-2026&filter[duration]=7:10&filter[from]=&filter[person]=2&filter[child]=1&filter[price]=0:11000&filter[PriceFrom]=0&filter[PriceTo]=11000&filter[addCategory]=50&filter[addCatering]=1&filter[addMisc]=0&filter[addTransport]=F&filter[fp]=1&order_by=ofr_price&filter[tourOperator]=0&filter[childAge][1]=20201210","https://fly.pl/cdn/photo/assets/uploads/582/278/2015/04/RADISSON-INDIVIDUALS-MARINA.jpg","https://fly.pl/wycieczka/egipt,marsa-alam,port-ghalib/rehana-port-ghalib-resort/pv_pqhxlqhzI4oaBTEcjrBAAog5ldB4OmrV98bqey45GqvJgAAAACsgwQANbkEAAcAAQAqBFdFWlkwjtan1AZIskFQQVjtC2ADaglFbnRlciBBaXJqBDA1MDBqBDAwMDBqBDAwMDByQZ4BkwGVAZgBHwAcAQIAFgQXAhLWBBTTBBH6XED3GkvTUVAATONETwAd1e8PIIlrG_etBA31sL0JARJjAQ5jAQIG1NuB_w/ofertasv/?filter[tourOperator]=WEZY&filter%5Bperson%5D=2&filter%5BchildAge%5D%5B1%5D=20201210&filter%5Bchild%5D=1"
"Pickalbatros Vita Resort Portofino","8377.0","27.10.2026 - 05.11.2026","10 dni/9 nocy","","4.9","4.9","752","tripadvisor","Все аэропорты","2026-08-22T18:31:40.619491+00:00","https://fly.pl/oferta/egipt-wczasy/?filter[dest]=11:&filter[hotelids]=&filter[cityids]=&filter[cregids]=&filter[ofrType]=&filter[addObjType]=&filter[whenFrom]=10-10-2026&filter[whenTo]=05-11-2026&filter[duration]=7:10&filter[from]=&filter[person]=2&filter[child]=1&filter[price]=0:11000&filter[PriceFrom]=0&filter[PriceTo]=11000&filter[addCategory]=50&filter[addCatering]=1&filter[addMisc]=0&filter[addTransport]=F&filter[fp]=1&order_by=ofr_price&filter[tourOperator]=0&filter[childAge][1]=20201210","https://fly.pl/cdn/photo/assets/uploads/582/278/2024/07/pickalbatros-vita-resort-portofino.jpg","https://fly.pl/wycieczka/egipt,marsa-alam,c/pickalbatros-vita-resort-portofino-11/pz9RGbcVGT_cbeQGTAqx_JAAogyV37Gb46wdQl11ZDJlhnLNwQ1sg-bC3WmOV6zaAFhQoqBEVYSU0wjtan1AZIuUFQAVidDGACagJBSXIiHBHU2Qa5BMPRS6sEjwEbvOU1GMS4VQHa6__GDQIAYwECDOXrx20/ofertasv/?filter[tourOperator]=EXIM&filter%5Bperson%5D=2&filter%5BchildAge%5D%5B1%5D=20201210&filter%5Bchild%5D=1"
"Novotel Marsa Alam","8377.0","20.10.2026 - 27.10.2026","8 dni/7 nocy","","4.5","4.5","3656","tripadvisor","Все аэропорты","2026-08-22T18:31:40.619491+00:00","https://fly.pl/oferta/egipt-wczasy/?filter[dest]=11:&filter[hotelids]=&filter[cityids]=&filter[cregids]=&filter[ofrType]=&filter[addObjType]=&filter[whenFrom]=10-10-2026&filter[whenTo]=05-11-2026&filter[duration]=7:10&filter[from]=&filter[person]=2&filter[child]=1&filter[price]=0:11000&filter[PriceFrom]=0&filter[PriceTo]=11000&filter[addCategory]=50&filter[addCatering]=1&filter[addMisc]=0&filter[addTransport]=F&filter[fp]=1&order_by=ofr_price&filter[tourOperator]=0&filter[childAge][1]=20201210","https://fly.pl/cdn/photo/assets/uploads/582/278/2015/09/Novotel-Marsa-Alam.jpg","https://fly.pl/wycieczka/egipt,marsa-alam,c/novotel-marsa-alam/py6dwHdDjRIVuMIj-NsLDCAAog-BNYUsk9r7Kb8tih2sxTpBPPD5S6T_zmYslq6S4q_1gqBEVYSU0wjtan1AZIuUFQAVj1CmACagJBSXIhHBGvoQa5BL6dPqsEHBvctCwY5v8uAda_0o4IAgBjAQINiXp6rg/ofertasv/?filter[tourOperator]=EXIM&filter%5Bperson%5D=2&filter%5BchildAge%5D%5B1%5D=20201210&filter%5Bchild%5D=1"
"Pharaoh Azur Resort (ex Sonesta Pharaoh Beach Resort)","8388.0","25.10.2026 - 01.11.2026","8 dni/7 nocy","","4.5","4.5","2733","tripadvisor","Все аэропорты","2026-08-22T18:31:40.619491+00:00","https://fly.pl/oferta/egipt-wczasy/?filter[dest]=11:&filter[hotelids]=&filter[cityids]=&filter[cregids]=&filter[ofrType]=&filter[addObjType]=&filter[whenFrom]=10-10-2026&filter[whenTo]=05-11-2026&filter[duration]=7:10&filter[from]=&filter[person]=2&filter[child]=1&filter[price]=0:11000&filter[PriceFrom]=0&filter[PriceTo]=11000&filter[addCategory]=50&filter[addCatering]=1&filter[addMisc]=0&filter[addTransport]=F&filter[fp]=1&order_by=ofr_price&filter[tourOperator]=0&filter[childAge][1]=20201210","https://fly.pl/cdn/photo/assets/uploads/582/278/2014/07/Pharaoh-Azur-Resort.jpg","https://fly.pl/wycieczka/egipt,hurghada,c/sonesta-pharaoh/p2DpNfJzJq_Qsn48fL0gOrAAogiX2Ocd6Ky6T1sPY3wE0MlgAAAACuggQAfrsEAAcAAAAqBFdFWlkwjtan1AZIxEFQQVjtC2ADaglFbnRlciBBaXJqBDA1MjVqBDAwMDBqBDAwMDByQZ4BkwGVAZgBHwAcAQIAFgQXAhGxARKlAxTTBEDxd0zLMk8AS4gfUAAbsKUBHYqNDyDQcQ2j2sEJARJjAQ5jAQIFsI4Lqg/ofertasv/?filter[tourOperator]=WEZY&filter%5Bperson%5D=2&filter%5BchildAge%5D%5B1%5D=20201210&filter%5Bchild%5D=1"
"Red Sea Grand Waterworld Makadi (ex. Sunwing Waterworld Makadi)","8390.0","10.10.2026 - 17.10.2026","8 dni/6 nocy","","4.5","4.5","5539","tripadvisor","Все аэропорты","2026-08-22T18:31:40.619491+00:00","https://fly.pl/oferta/egipt-wczasy/?filter[dest]=11:&filter[hotelids]=&filter[cityids]=&filter[cregids]=&filter[ofrType]=&filter[addObjType]=&filter[whenFrom]=10-10-2026&filter[whenTo]=05-11-2026&filter[duration]=7:10&filter[from]=&filter[person]=2&filter[child]=1&filter[price]=0:11000&filter[PriceFrom]=0&filter[PriceTo]=11000&filter[addCategory]=50&filter[addCatering]=1&filter[addMisc]=0&filter[addTransport]=F&filter[fp]=1&order_by=ofr_price&filter[tourOperator]=0&filter[childAge][1]=20201210","https://fly.pl/cdn/photo/assets/uploads/582/278/2017/06/Red-Sea-Grand-Waterworld-Makadi.jpg","https://fly.pl/wycieczka/egipt,hurghada,makadi-bay/sunwing-waterworld-makadi/prBT65jCJRzIFNVwRTNAPfAAogoB6Zp15XFpCtyTZTS8jCf5wTHFxRihtoYAusfESxpYAqA0VUSTCO1qfUBkjGQVBBWIUJYAJyMRUGFwFcA1gFVgJA-wdbw4UBU50mUgBLiB9hAF6nMA33zdIJIAFRjeC99gMCEmMBAgr0RPkE/ofertasv/?filter[tourOperator]=ETI&filter%5Bperson%5D=2&filter%5BchildAge%5D%5B1%5D=20201210&filter%5Bchild%5D=1"
"Gravity Sahl Hasheesh (Ex. Ocean Breeze)","8404.0","29.10.2026 - 05.11.2026","8 dni/7 nocy","","4.7","4.7","3390","tripadvisor","Все аэропорты","2026-08-22T18:31:40.619491+00:00","https://fly.pl/oferta/egipt-wczasy/?filter[dest]=11:&filter[hotelids]=&filter[cityids]=&filter[cregids]=&filter[ofrType]=&filter[addObjType]=&filter[whenFrom]=10-10-2026&filter[whenTo]=05-11-2026&filter[duration]=7:10&filter[from]=&filter[person]=2&filter[child]=1&filter[price]=0:11000&filter[PriceFrom]=0&filter[PriceTo]=11000&filter[addCategory]=50&filter[addCatering]=1&filter[addMisc]=0&filter[addTransport]=F&filter[fp]=1&order_by=ofr_price&filter[tourOperator]=0&filter[childAge][1]=20201210","https://fly.pl/cdn/photo/assets/uploads/582/278/2018/10/Gravity-Sahl-Hasheesh.jpg","https://fly.pl/wycieczka/egipt,hurghada,c/ocean-breeze/p9Nnua9PCkhp5uZuP4rFMWAAogagnJEU8UsMgPfqi1DEwCUD6X2l5diRdIrf_KEmAYZzwqBFJOQlcwjtan1AZI1EFQQVjNDGACagRDQWhlaiYxNiwyMzQsMjgzLDI5NiwzODAsMzg4LDQ3Nyw0ODMsNDg0LDQ4NXI1nwGeARUHFwBYCEDIBwooEakcEPMeGakZUqhXUwBLiB9hAB2M6UAPOSDslJIJDQACDWMBAgaKL7kp/ofertasv/?filter[tourOperator]=RNBW&filter%5Bperson%5D=2&filter%5BchildAge%5D%5B1%5D=20201210&filter%5Bchild%5D=1"
"Swissotel Resort El Quseir","8406.0","17.10.2026 - 24.10.2026","8 dni/7 nocy","","4.5","4.5","2033","tripadvisor","Все аэропорты","2026-08-22T18:31:40.619491+00:00","https://fly.pl/oferta/egipt-wczasy/?filter[dest]=11:&filter[hotelids]=&filter[cityids]=&filter[cregids]=&filter[ofrType]=&filter[addObjType]=&filter[whenFrom]=10-10-2026&filter[whenTo]=05-11-2026&filter[duration]=7:10&filter[from]=&filter[person]=2&filter[child]=1&filter[price]=0:11000&filter[PriceFrom]=0&filter[PriceTo]=11000&filter[addCategory]=50&filter[addCatering]=1&filter[addMisc]=0&filter[addTransport]=F&filter[fp]=1&order_by=ofr_price&filter[tourOperator]=0&filter[childAge][1]=20201210","https://fly.pl/cdn/photo/assets/uploads/582/278/2015/02/RADISSON-BLU-m.jpg","https://fly.pl/wycieczka/egipt,marsa-alam,al-kusajr/radisson-blu-resort-el-quseir/pm7bWi0lBl9nOXebYVPmWLAAogUznc4aYMLrrNJL1bvwg8nGECgtijhDrT6bu4Y7o874kqBE9SRVgwjtan1AZI1kFQQVitCmACagZESS4yLjFyNpsBFQcXAFwDWAVWAkDKBhHtFV2WDk8kXpnYAVO8FFIAS7EvYQBM5Yw6IKz9lwkNAAISYwECC8G32-c/ofertasv/?filter[tourOperator]=OREX&filter%5Bperson%5D=2&filter%5BchildAge%5D%5B1%5D=20201210&filter%5Bchild%5D=1"
"Red Sea Grand Makadi (Makadi Bay)","8408.0","22.10.2026 - 29.10.2026","8 dni/6 nocy","","4.4","4.4","3300","tripadvisor","Все аэропорты","2026-08-22T18:31:40.619491+00:00","https://fly.pl/oferta/egipt-wczasy/?filter[dest]=11:&filter[hotelids]=&filter[cityids]=&filter[cregids]=&filter[ofrType]=&filter[addObjType]=&filter[whenFrom]=10-10-2026&filter[whenTo]=05-11-2026&filter[duration]=7:10&filter[from]=&filter[person]=2&filter[child]=1&filter[price]=0:11000&filter[PriceFrom]=0&filter[PriceTo]=11000&filter[addCategory]=50&filter[addCatering]=1&filter[addMisc]=0&filter[addTransport]=F&filter[fp]=1&order_by=ofr_price&filter[tourOperator]=0&filter[childAge][1]=20201210","https://fly.pl/cdn/photo/assets/uploads/582/278/2017/08/Grand-Makadi-Makadi-Bay-fly-pl-2.jpg","https://fly.pl/wycieczka/egipt,hurghada,makadi-bay/grand-makadi-makadi-bay/poIX5oA5iWZz3ho5eSNkiaAAoggKRBt6njz1joHAcejfvuMAJzUiqXFonNxJXq6i5fiB8qA0VUSTCO1qfUBkjYQVBBWKULYAJyMRUGFwFcA1gFVgJA-wdbw4UBU50mUgBLiB9hAF6nMA2DztIJIAFRw9699gMCEmMBAgopyVsI/ofertasv/?filter[tourOperator]=ETI&filter%5Bperson%5D=2&filter%5BchildAge%5D%5B1%5D=20201210&filter%5Bchild%5D=1"
"Jaz Aquaviva","8477.0","29.10.2026 - 05.11.2026","9 dni/7 nocy","","4.7","4.7","10804","tripadvisor","Все аэропорты","2026-08-22T18:31:40.619491+00:00","https://fly.pl/oferta/egipt-wczasy/?filter[dest]=11:&filter[hotelids]=&filter[cityids]=&filter[cregids]=&filter[ofrType]=&filter[addObjType]=&filter[whenFrom]=10-10-2026&filter[whenTo]=05-11-2026&filter[duration]=7:10&filter[from]=&filter[person]=2&filter[child]=1&filter[price]=0:11000&filter[PriceFrom]=0&filter[PriceTo]=11000&filter[addCategory]=50&filter[addCatering]=1&filter[addMisc]=0&filter[addTransport]=F&filter[fp]=1&order_by=ofr_price&filter[tourOperator]=0&filter[childAge][1]=20201210","https://fly.pl/cdn/photo/assets/uploads/582/278/2015/07/Jaz-Aquaviva.jpg","https://fly.pl/wycieczka/egipt,hurghada,makadi-bay/jaz-makadi-aquaviva/pHijyvTfqC5AStxPasMwKEAAogHX4vXBqtHAc1JKEXu12uhP966lwJMXcBoSKWCVd3NSUqBEVYSU0wjtan1AZInUJQAVjNDGADagJBSXIkHBG7_warBJ2pS7kERBvZpkAY4dpHAdjagqwNARJjAQxjAQILrfKAVg/ofertasv/?filter[tourOperator]=EXIM&filter%5Bperson%5D=2&filter%5BchildAge%5D%5B1%5D=20201210&filter%5Bchild%5D=1"
"Aurora Oriental Resort","8499.0","28.10.2026 - 05.11.2026","9 dni/8 nocy","","4.4","4.4","7190","tripadvisor","Все аэропорты","2026-08-22T18:31:40.619491+00:00","https://fly.pl/oferta/egipt-wczasy/?filter[dest]=11:&filter[hotelids]=&filter[cityids]=&filter[cregids]=&filter[ofrType]=&filter[addObjType]=&filter[whenFrom]=10-10-2026&filter[whenTo]=05-11-2026&filter[duration]=7:10&filter[from]=&filter[person]=2&filter[child]=1&filter[price]=0:11000&filter[PriceFrom]=0&filter[PriceTo]=11000&filter[addCategory]=50&filter[addCatering]=1&filter[addMisc]=0&filter[addTransport]=F&filter[fp]=1&order_by=ofr_price&filter[tourOperator]=0&filter[childAge][1]=20201210","https://fly.pl/cdn/photo/assets/uploads/582/278/2014/07/Aurora-Oriental-Resort.jpg","https://fly.pl/wycieczka/egipt,sharm-el-sheikh,szarm-el-szejk/oriental-resort/pprGCusfUVgNaTLN1i3ouiAAogUohFsSuCbLRJ6Fcsu-83HTZryUzwBl2_SNj0C1jABO4qBEpPSVAwjtan1AZIs0JQQVi1DGACagNDR21yQpsBFAEVBhcBXAJYBVYCQMoGT-IBXQAR4cYBS9YDYQBepzBSpiBTAEyssDoNt_2XCSABAarf3Ki1yMygMAINYwEADPe8N30/ofertasv/?filter[tourOperator]=JOIP&filter%5Bperson%5D=2&filter%5BchildAge%5D%5B1%5D=20201210&filter%5Bchild%5D=1"
"Jaz Palmariva Beach","8501.0","15.10.2026 - 22.10.2026","8 dni/7 nocy","","4.6","4.6","4056","tripadvisor","Все аэропорты","2026-08-22T18:31:40.619491+00:00","https://fly.pl/oferta/egipt-wczasy/?filter[dest]=11:&filter[hotelids]=&filter[cityids]=&filter[cregids]=&filter[ofrType]=&filter[addObjType]=&filter[whenFrom]=10-10-2026&filter[whenTo]=05-11-2026&filter[duration]=7:10&filter[from]=&filter[person]=2&filter[child]=1&filter[price]=0:11000&filter[PriceFrom]=0&filter[PriceTo]=11000&filter[addCategory]=50&filter[addCatering]=1&filter[addMisc]=0&filter[addTransport]=F&filter[fp]=1&order_by=ofr_price&filter[tourOperator]=0&filter[childAge][1]=20201210","https://fly.pl/cdn/photo/assets/uploads/582/278/2014/07/Labranda-Club-Makadi-ex-Club-Azur-fly-pl.jpg","https://fly.pl/wycieczka/egipt,hurghada,makadi-bay/club-azur/pZNb8ycjAZ-kU6X7u-Gcz8AAogIdw2bqs41XmqAM-O75CcCE4omdzNphRQmZcQm_QCUd8qBE9SRVgwjtan1AZItUJQQVj9CWACagZENi4yLjFyNZsBFQcXAFwDWAVWAkDKBl3TDk9sEfUhU917UgBer09LgRJhAEzRvjogqv2XCQ0AAhJjAQIMo58Xww/ofertasv/?filter[tourOperator]=OREX&filter%5Bperson%5D=2&filter%5BchildAge%5D%5B1%5D=20201210&filter%5Bchild%5D=1"
"Jaz Sharm Dreams Resort","8505.0","28.10.2026 - 05.11.2026","9 dni/8 nocy","","4.3","4.3","6479","tripadvisor","Все аэропорты","2026-08-22T18:31:40.619491+00:00","https://fly.pl/oferta/egipt-wczasy/?filter[dest]=11:&filter[hotelids]=&filter[cityids]=&filter[cregids]=&filter[ofrType]=&filter[addObjType]=&filter[whenFrom]=10-10-2026&filter[whenTo]=05-11-2026&filter[duration]=7:10&filter[from]=&filter[person]=2&filter[child]=1&filter[price]=0:11000&filter[PriceFrom]=0&filter[PriceTo]=11000&filter[addCategory]=50&filter[addCatering]=1&filter[addMisc]=0&filter[addTransport]=F&filter[fp]=1&order_by=ofr_price&filter[tourOperator]=0&filter[childAge][1]=20201210","https://fly.pl/cdn/photo/assets/uploads/582/278/2014/07/Jaz-Sharm-Dreams.jpg","https://fly.pl/wycieczka/egipt,sharm-el-sheikh,c/hilton-sharm-dreams-resort/pJ6rYj75bEOZTO5UF5QZsyAAogLjhZqwIBdqIp9uvfgHD7EzZryUzwBl2_SNj0C1jABO4qBEpPSVAwjtan1AZIuUJQQVi1DGACagMwMllyQpsBFAEVBhcBXAJYBVYCQMoGT-IBXQARxMYBS_MDYQBepzBSpiBTAEyssDoNt_2XCSABAa-fkKm1yMygMAINYwEADE0z-_M/ofertasv/?filter[tourOperator]=JOIP&filter%5Bperson%5D=2&filter%5BchildAge%5D%5B1%5D=20201210&filter%5Bchild%5D=1"
"Steigenberger Aqua Magic","8507.0","27.10.2026 - 03.11.2026","9 dni/7 nocy","","4.6","4.6","10361","tripadvisor","Все аэропорты","2026-08-22T18:31:40.619491+00:00","https://fly.pl/oferta/egipt-wczasy/?filter[dest]=11:&filter[hotelids]=&filter[cityids]=&filter[cregids]=&filter[ofrType]=&filter[addObjType]=&filter[whenFrom]=10-10-2026&filter[whenTo]=05-11-2026&filter[duration]=7:10&filter[from]=&filter[person]=2&filter[child]=1&filter[price]=0:11000&filter[PriceFrom]=0&filter[PriceTo]=11000&filter[addCategory]=50&filter[addCatering]=1&filter[addMisc]=0&filter[addTransport]=F&filter[fp]=1&order_by=ofr_price&filter[tourOperator]=0&filter[childAge][1]=20201210","https://fly.pl/cdn/photo/assets/uploads/582/278/2014/09/Steigenberger-Aqua-Magic.jpg","https://fly.pl/wycieczka/egipt,hurghada,c/steigenberger-aqua-magic/p2GA5CcGwbxCfVcxcxG-wpAAog5WwAnsMZGKppjUCWmQXP-pmSZ-ZO1HkJPLAVYySL8QwqBEVYSU0wjtan1AZIu0JQAVidDGACagJBSXIhHBGagAe5BJmnS6sEXhuI2kAYqshIAfuvobMNAhJjAQILqcoNVQ/ofertasv/?filter[tourOperator]=EXIM&filter%5Bperson%5D=2&filter%5BchildAge%5D%5B1%5D=20201210&filter%5Bchild%5D=1"
"Stella Beach Resort & Spa","8523.0","25.10.2026 - 01.11.2026","8 dni/7 nocy","","4.4","4.4","6832","tripadvisor","Все аэропорты","2026-08-22T18:31:40.619491+00:00","https://fly.pl/oferta/egipt-wczasy/?filter[dest]=11:&filter[hotelids]=&filter[cityids]=&filter[cregids]=&filter[ofrType]=&filter[addObjType]=&filter[whenFrom]=10-10-2026&filter[whenTo]=05-11-2026&filter[duration]=7:10&filter[from]=&filter[person]=2&filter[child]=1&filter[price]=0:11000&filter[PriceFrom]=0&filter[PriceTo]=11000&filter[addCategory]=50&filter[addCatering]=1&filter[addMisc]=0&filter[addTransport]=F&filter[fp]=1&order_by=ofr_price&filter[tourOperator]=0&filter[childAge][1]=20201210","https://fly.pl/cdn/photo/assets/uploads/582/278/2014/10/Stella-Di-Mare-Beach-Resort-Spa.jpg","https://fly.pl/wycieczka/egipt,hurghada,makadi-bay/stella-makadi-resort/pUfiX0aMXgHXkGJSUwiVVeAAogvyl2NlxIR7jy5DL2dRkqr2sfmPE5MosFyu9Bpr8s0iIqBE9BU0kwjtan1AZIy0JQAVjtC2ACagNBSWxyIRwRqaoBqwSK9A-5BB0bxJ8MGK6YFAGq042ZAgIAYwECBbTR0b8/ofertasv/?filter[tourOperator]=OASI&filter%5Bperson%5D=2&filter%5BchildAge%5D%5B1%5D=20201210&filter%5Bchild%5D=1"
"Charmillion Garden Aqua Park","8533.0","28.10.2026 - 05.11.2026","9 dni/8 nocy","","4.6","4.6","2255","tripadvisor","Все аэропорты","2026-08-22T18:31:40.619491+00:00","https://fly.pl/oferta/egipt-wczasy/?filter[dest]=11:&filter[hotelids]=&filter[cityids]=&filter[cregids]=&filter[ofrType]=&filter[addObjType]=&filter[whenFrom]=10-10-2026&filter[whenTo]=05-11-2026&filter[duration]=7:10&filter[from]=&filter[person]=2&filter[child]=1&filter[price]=0:11000&filter[PriceFrom]=0&filter[PriceTo]=11000&filter[addCategory]=50&filter[addCatering]=1&filter[addMisc]=0&filter[addTransport]=F&filter[fp]=1&order_by=ofr_price&filter[tourOperator]=0&filter[childAge][1]=20201210","https://fly.pl/cdn/photo/assets/uploads/582/278/2014/07/Charmillion-Gardens-Aqua-Park-ex.-Sea-Garden.jpg","https://fly.pl/wycieczka/egipt,sharm-el-sheikh,nabq-bay/sea-gardens-sharm-el-sheikh/phf8f_mHQQ0hbY6n3bD0FuAAogA7hRjPp8HmZ0WMqAFBf05jZryUzwBl2_SNj0C1jABO4qBEpPSVAwjtan1AZI1UJQQVi1DGACagMwbkhyQpsBFAEVBhcBXAJYBVYCQMoGT-IBXQARoMYBS5cEYQBepzBSpiBTAEyssDoNt_2XCSABAZHB4Ki1yMygMAINYwEADOcjMgA/ofertasv/?filter[tourOperator]=JOIP&filter%5Bperson%5D=2&filter%5BchildAge%5D%5B1%5D=20201210&filter%5Bchild%5D=1"
"Fantazia Resort","8586.0","17.10.2026 - 24.10.2026","8 dni/7 nocy","","4.4","4.4","5979","tripadvisor","Все аэропорты","2026-08-22T18:31:40.619491+00:00","https://fly.pl/oferta/egipt-wczasy/?filter[dest]=11:&filter[hotelids]=&filter[cityids]=&filter[cregids]=&filter[ofrType]=&filter[addObjType]=&filter[whenFrom]=10-10-2026&filter[whenTo]=05-11-2026&filter[duration]=7:10&filter[from]=&filter[person]=2&filter[child]=1&filter[price]=0:11000&filter[PriceFrom]=0&filter[PriceTo]=11000&filter[addCategory]=50&filter[addCatering]=1&filter[addMisc]=0&filter[addTransport]=F&filter[fp]=1&order_by=ofr_price&filter[tourOperator]=0&filter[childAge][1]=20201210","https://fly.pl/cdn/photo/assets/uploads/582/278/2016/11/Fantazia-Resort.jpg","https://fly.pl/wycieczka/egipt,marsa-alam,c/fantazia-resort/pDDEM3HdcTasZuqRzilDymAAogcVbi6MAzN4F2O-ADYf2Th2ECgtijhDrT6bu4Y7o874kqBE9SRVgwjtan1AZIikNQQVitCmACagZEUS4yLjFyNpsBFQcXAFwDWAVWAkDKBhG0C13PGE8kXpnYAVO8FFIAS7EvYQBM5Yw6IKz9lwkNAAISYwECDSfaj7g/ofertasv/?filter[tourOperator]=OREX&filter%5Bperson%5D=2&filter%5BchildAge%5D%5B1%5D=20201210&filter%5Bchild%5D=1"
"Jaz Makadi Oasis Resort","8587.0","27.10.2026 - 03.11.2026","9 dni/7 nocy","","4.7","4.7","5329","tripadvisor","Все аэропорты","2026-08-22T18:31:40.619491+00:00","https://fly.pl/oferta/egipt-wczasy/?filter[dest]=11:&filter[hotelids]=&filter[cityids]=&filter[cregids]=&filter[ofrType]=&filter[addObjType]=&filter[whenFrom]=10-10-2026&filter[whenTo]=05-11-2026&filter[duration]=7:10&filter[from]=&filter[person]=2&filter[child]=1&filter[price]=0:11000&filter[PriceFrom]=0&filter[PriceTo]=11000&filter[addCategory]=50&filter[addCatering]=1&filter[addMisc]=0&filter[addTransport]=F&filter[fp]=1&order_by=ofr_price&filter[tourOperator]=0&filter[childAge][1]=20201210","https://fly.pl/cdn/photo/assets/uploads/582/278/2015/04/Jaz-Makadi-Oasis.jpg","https://fly.pl/wycieczka/egipt,hurghada,makadi-bay/iberotel-makadi-club-oasis/p4wfhcoJWs5IHDZlvBEOszAAogxKQfOfFEieQO_tTgcsXi5ZmSZ-ZO1HkJPLAVYySL8QwqBEVYSU0wkNan1AZIi0NQAVidDGADagJBSXIkHBG__wa5BPSnS6sEXhvMqUAYv9pHAdDUjKwNARJjAQxjAQILw4yyng/ofertasv/?filter[tourOperator]=EXIM&filter%5Bperson%5D=2&filter%5BchildAge%5D%5B1%5D=20201210&filter%5Bchild%5D=1"
"Domina Coral Bay Bella Vista","8654.0","13.10.2026 - 20.10.2026","8 dni/7 nocy","","4.2","4.2","12393","tripadvisor","Все аэропорты","2026-08-22T18:31:40.619491+00:00","https://fly.pl/oferta/egipt-wczasy/?filter[dest]=11:&filter[hotelids]=&filter[cityids]=&filter[cregids]=&filter[ofrType]=&filter[addObjType]=&filter[whenFrom]=10-10-2026&filter[whenTo]=05-11-2026&filter[duration]=7:10&filter[from]=&filter[person]=2&filter[child]=1&filter[price]=0:11000&filter[PriceFrom]=0&filter[PriceTo]=11000&filter[addCategory]=50&filter[addCatering]=1&filter[addMisc]=0&filter[addTransport]=F&filter[fp]=1&order_by=ofr_price&filter[tourOperator]=0&filter[childAge][1]=20201210","https://fly.pl/cdn/photo/assets/uploads/582/278/2024/07/domina-coral-bay-bellavista.jpg","https://fly.pl/wycieczka/egipt,sharm-el-sheikh,szarm-el-szejk/domina-coral-bay-bellavista-12/paVaMvi7z5Lj1pHRhIeWwNAAogLU3oae3uK0lMMsUQWUBaeVATkd0Et3pHZ-B5Uah2j-0qBEpPSVAwkNan1AZIzkNQQVjNCWACagMxMnFyQ5sBFAEVBhcAXANYBVYCQMoGT-IBXQBLt8oBYQBepzBSpiBTABH0pgFMuIk5Daj9lwkgAAGesezIpYnMoDACDWMBAAzcnsGE/ofertasv/?filter[tourOperator]=JOIP&filter%5Bperson%5D=2&filter%5BchildAge%5D%5B1%5D=20201210&filter%5Bchild%5D=1"
"Domina Coral Bay Oasis","8654.0","13.10.2026 - 20.10.2026","8 dni/7 nocy","","4.2","4.2","12393","tripadvisor","Все аэропорты","2026-08-22T18:31:40.619491+00:00","https://fly.pl/oferta/egipt-wczasy/?filter[dest]=11:&filter[hotelids]=&filter[cityids]=&filter[cregids]=&filter[ofrType]=&filter[addObjType]=&filter[whenFrom]=10-10-2026&filter[whenTo]=05-11-2026&filter[duration]=7:10&filter[from]=&filter[person]=2&filter[child]=1&filter[price]=0:11000&filter[PriceFrom]=0&filter[PriceTo]=11000&filter[addCategory]=50&filter[addCatering]=1&filter[addMisc]=0&filter[addTransport]=F&filter[fp]=1&order_by=ofr_price&filter[tourOperator]=0&filter[childAge][1]=20201210","https://fly.pl/cdn/photo/assets/uploads/582/278/2014/07/Domina-Coral-Bay-Oasis.jpg","https://fly.pl/wycieczka/egipt,sharm-el-sheikh,c/domina-coral-bay-oasis/pKAkok0pY0F1YJbjd3vlU7AAogvkSs33HP7zMRMBxz5aixTVATkd0Et3pHZ-B5Uah2j-0qBEpPSVAwkNan1AZIzkNQQVjNCWACagMwMEZyQpsBFAEVBhcAXANYBVYCQMoGT-IBXQAR4MgBS9cBYQBepzBSpiBTAEyssDoNqP2XCSAAAbzJhIG0icygMAINYwEADGT0l3s/ofertasv/?filter[tourOperator]=JOIP&filter%5Bperson%5D=2&filter%5BchildAge%5D%5B1%5D=20201210&filter%5Bchild%5D=1"
"Safir Dahab Resort","8666.0","28.10.2026 - 05.11.2026","9 dni/8 nocy","","4.5","4.5","1491","tripadvisor","Все аэропорты","2026-08-22T18:31:40.619491+00:00","https://fly.pl/oferta/egipt-wczasy/?filter[dest]=11:&filter[hotelids]=&filter[cityids]=&filter[cregids]=&filter[ofrType]=&filter[addObjType]=&filter[whenFrom]=10-10-2026&filter[whenTo]=05-11-2026&filter[duration]=7:10&filter[from]=&filter[person]=2&filter[child]=1&filter[price]=0:11000&filter[PriceFrom]=0&filter[PriceTo]=11000&filter[addCategory]=50&filter[addCatering]=1&filter[addMisc]=0&filter[addTransport]=F&filter[fp]=1&order_by=ofr_price&filter[tourOperator]=0&filter[childAge][1]=20201210","https://fly.pl/cdn/photo/assets/uploads/582/278/2015/09/Safir-Dahab-Resort.jpg","https://fly.pl/wycieczka/egipt,dahab,c/dahab-resort/ppCgX0t9pcz18qJ5r8tpBUAAogb-wvzB_Js_ax1HFdSa1f9DZryUzwBl2_SNj0C1jABO4qBEpPSVAwkNan1AZI2kNQQVi1DGACagNDR21yQpsBFAEVBhcBXAJYBVYCQMoGT-IBXQBLt8oBYQBepzARxARS4htTAEyssDoNt_2XCSABAa3dxKi1yMygMAINYwEACyqB90Y/ofertasv/?filter[tourOperator]=JOIP&filter%5Bperson%5D=2&filter%5BchildAge%5D%5B1%5D=20201210&filter%5Bchild%5D=1"
"Jaz Mirabel Park","8677.0","13.10.2026 - 20.10.2026","8 dni/7 nocy","","4.4","4.4","4043","tripadvisor","Все аэропорты","2026-08-22T18:31:40.619491+00:00","https://fly.pl/oferta/egipt-wczasy/?filter[dest]=11:&filter[hotelids]=&filter[cityids]=&filter[cregids]=&filter[ofrType]=&filter[addObjType]=&filter[whenFrom]=10-10-2026&filter[whenTo]=05-11-2026&filter[duration]=7:10&filter[from]=&filter[person]=2&filter[child]=1&filter[price]=0:11000&filter[PriceFrom]=0&filter[PriceTo]=11000&filter[addCategory]=50&filter[addCatering]=1&filter[addMisc]=0&filter[addTransport]=F&filter[fp]=1&order_by=ofr_price&filter[tourOperator]=0&filter[childAge][1]=20201210","https://fly.pl/cdn/photo/assets/uploads/582/278/2014/07/Jaz-Mirabel-Park-fly-pl.jpg","https://fly.pl/wycieczka/egipt,sharm-el-sheikh,c/jaz-mirabel-park/pJWsfmCVm83_eo9-fe9Py1AAog0u1tr9KxpdRBOmvdv5vIoVATkd0Et3pHZ-B5Uah2j-0qBEpPSVAwkNan1AZI5UNQQVjNCWACckMUARUGFwBcA1gFVgJAygZP4gFdAFvyAhGlwwFLoARhAF6nMFKmIFMATKywOg2o_ZcJIAABvru4kIOJzKAwAg1jAQAMT3PwvQ/ofertasv/?filter[tourOperator]=JOIP&filter%5Bperson%5D=2&filter%5BchildAge%5D%5B1%5D=20201210&filter%5Bchild%5D=1"
"Concorde El Salam Sport","8715.0","27.10.2026 - 03.11.2026","8 dni/7 nocy","","4.8","4.8","1458","tripadvisor","Все аэропорты","2026-08-22T18:31:40.619491+00:00","https://fly.pl/oferta/egipt-wczasy/?filter[dest]=11:&filter[hotelids]=&filter[cityids]=&filter[cregids]=&filter[ofrType]=&filter[addObjType]=&filter[whenFrom]=10-10-2026&filter[whenTo]=05-11-2026&filter[duration]=7:10&filter[from]=&filter[person]=2&filter[child]=1&filter[price]=0:11000&filter[PriceFrom]=0&filter[PriceTo]=11000&filter[addCategory]=50&filter[addCatering]=1&filter[addMisc]=0&filter[addTransport]=F&filter[fp]=1&order_by=ofr_price&filter[tourOperator]=0&filter[childAge][1]=20201210","https://fly.pl/cdn/photo/assets/uploads/582/278/2024/07/concorde-el-salam-sport.jpg","https://fly.pl/wycieczka/egipt,sharm-el-sheikh,szarm-el-szejk/concorde-el-salam-sport-15/p_NkovXZWMy0oa8HYr7uZZAAog-xjyYLmQUxwR7ojpSi-zgpgpXVUQjygZk0IwIA3_YjEqBE9BU0kwkNan1AZIi0RQAVidDGACagNBSWxyIRwR-q8BuQTK9g-rBAIbrpAPGPKcEgHn16WfAgICYwECC0tZAKY/ofertasv/?filter[tourOperator]=OASI&filter%5Bperson%5D=2&filter%5BchildAge%5D%5B1%5D=20201210&filter%5Bchild%5D=1"
"Titanic Palace Resort","8767.0","29.10.2026 - 05.11.2026","8 dni/7 nocy","","4.5","4.5","7334","tripadvisor","Все аэропорты","2026-08-22T18:31:40.619491+00:00","https://fly.pl/oferta/egipt-wczasy/?filter[dest]=11:&filter[hotelids]=&filter[cityids]=&filter[cregids]=&filter[ofrType]=&filter[addObjType]=&filter[whenFrom]=10-10-2026&filter[whenTo]=05-11-2026&filter[duration]=7:10&filter[from]=&filter[person]=2&filter[child]=1&filter[price]=0:11000&filter[PriceFrom]=0&filter[PriceTo]=11000&filter[addCategory]=50&filter[addCatering]=1&filter[addMisc]=0&filter[addTransport]=F&filter[fp]=1&order_by=ofr_price&filter[tourOperator]=0&filter[childAge][1]=20201210","https://fly.pl/cdn/photo/assets/uploads/582/278/2014/07/Titanic-Palace-Resort.jpg","https://fly.pl/wycieczka/egipt,hurghada,c/titanic-palace-2/pc3YPSM5fGLVi7mj2-HAaVAAog2JpemRb_-53gRIIZrKD3czhizLKSn9rMjUnszKihUT4qBEVYSU0wkNan1AZIv0RQAVjNDGACagNVQUlyIxwRj7sGuQSZgj6rBILfDRvMjkEYseRIAYPEjbgNAgBjAQILTghNWQ/ofertasv/?filter[tourOperator]=EXIM&filter%5Bperson%5D=2&filter%5BchildAge%5D%5B1%5D=20201210&filter%5Bchild%5D=1"
"Jasmine Palace","8787.0","10.10.2026 - 18.10.2026","9 dni/7 nocy","","4.1","4.1","7605","tripadvisor","Все аэропорты","2026-08-22T18:31:40.619491+00:00","https://fly.pl/oferta/egipt-wczasy/?filter[dest]=11:&filter[hotelids]=&filter[cityids]=&filter[cregids]=&filter[ofrType]=&filter[addObjType]=&filter[whenFrom]=10-10-2026&filter[whenTo]=05-11-2026&filter[duration]=7:10&filter[from]=&filter[person]=2&filter[child]=1&filter[price]=0:11000&filter[PriceFrom]=0&filter[PriceTo]=11000&filter[addCategory]=50&filter[addCatering]=1&filter[addMisc]=0&filter[addTransport]=F&filter[fp]=1&order_by=ofr_price&filter[tourOperator]=0&filter[childAge][1]=20201210","https://fly.pl/cdn/photo/assets/uploads/582/278/2014/07/Jasmine-Palace.jpg","https://fly.pl/wycieczka/egipt,hurghada,c/jasmine-palace/p4OfDeJcrFvP_bxeRaB-oBAAogQrCXpif4vW2BBNZkzNsHaHdgBJoKFUIfFufswaFhqeIqBEVDQ1gwkNan1AZI00RQAViFCWACagJBSXIgHBG5UbkEmYkWqwQbGOjbLRvEqEIBj9qL-gECAGMBAguNeopS/ofertasv/?filter[tourOperator]=ECCX&filter%5Bperson%5D=2&filter%5BchildAge%5D%5B1%5D=20201210&filter%5Bchild%5D=1"
"True Beach Resort","8799.0","20.10.2026 - 27.10.2026","8 dni/7 nocy","","4.3","4.3","149","tripadvisor","Все аэропорты","2026-08-22T18:31:40.619491+00:00","https://fly.pl/oferta/egipt-wczasy/?filter[dest]=11:&filter[hotelids]=&filter[cityids]=&filter[cregids]=&filter[ofrType]=&filter[addObjType]=&filter[whenFrom]=10-10-2026&filter[whenTo]=05-11-2026&filter[duration]=7:10&filter[from]=&filter[person]=2&filter[child]=1&filter[price]=0:11000&filter[PriceFrom]=0&filter[PriceTo]=11000&filter[addCategory]=50&filter[addCatering]=1&filter[addMisc]=0&filter[addTransport]=F&filter[fp]=1&order_by=ofr_price&filter[tourOperator]=0&filter[childAge][1]=20201210","https://fly.pl/cdn/photo/assets/uploads/582/278/2014/09/True-Beach-Resort.jpg","https://fly.pl/wycieczka/egipt,marsa-alam,c/laguna-beach-marsa-alam/p_MDNCTSX1yX222sNTStv-AAogJJU9OfTw6aO_XPL_KvITigAAAABZpgQAdaYEAAcAAQAqBFdFWlkwkNan1AZI30RQQVj1CmADaglFbnRlciBBaXJqBDA3MDByQp4BlQEfAAIBHAAWBBcCEtUCGJYFE64DFJQFS_hoUABA9QcRwWtM9SpPAB2CtRAgHBvb6mMNzJneCAESYwEMYwECBUAgyF4/ofertasv/?filter[tourOperator]=WEZY&filter%5Bperson%5D=2&filter%5BchildAge%5D%5B1%5D=20201210&filter%5Bchild%5D=1"
"Sirena Beach Resort & Spa","8802.0","17.10.2026 - 24.10.2026","8 dni/7 nocy","","4.7","4.7","466","tripadvisor","Все аэропорты","2026-08-22T18:31:40.619491+00:00","https://fly.pl/oferta/egipt-wczasy/?filter[dest]=11:&filter[hotelids]=&filter[cityids]=&filter[cregids]=&filter[ofrType]=&filter[addObjType]=&filter[whenFrom]=10-10-2026&filter[whenTo]=05-11-2026&filter[duration]=7:10&filter[from]=&filter[person]=2&filter[child]=1&filter[price]=0:11000&filter[PriceFrom]=0&filter[PriceTo]=11000&filter[addCategory]=50&filter[addCatering]=1&filter[addMisc]=0&filter[addTransport]=F&filter[fp]=1&order_by=ofr_price&filter[tourOperator]=0&filter[childAge][1]=20201210","https://datacfstatic.merlinx.pl/OREX/IMG/3216/86c44a9a8004959be2f4ed092ee91d3286d5e121550a04aac54449146091b82b.webp","https://fly.pl/wycieczka/egipt,marsa-alam,al-kusajr/movenpick-sirena-beach-13/p6wPmEmoktuUbHWRaT2Y8dAAogVG-i4pDTkxNhoT4l2VHVn2ECgtijhDrT6bu4Y7o874kqBE9SRVgwkNan1AZI4kRQQVitCmACagdHS1guMi4xcjabARUHFwBcA1gFVgJAygYRtRJdzhFPJF6Z2AFTvBRSAEuxL2EATOWMOiCs_ZcJDQACEmMBAg0HWxzi/ofertasv/?filter[tourOperator]=OREX&filter%5Bperson%5D=2&filter%5BchildAge%5D%5B1%5D=20201210&filter%5Bchild%5D=1"
"Gemma Resort (ex. Labranda Gemma Premium Resort)","8835.0","20.10.2026 - 27.10.2026","8 dni/7 nocy","","4.5","4.5","5536","tripadvisor","Все аэропорты","2026-08-22T18:31:40.619491+00:00","https://fly.pl/oferta/egipt-wczasy/?filter[dest]=11:&filter[hotelids]=&filter[cityids]=&filter[cregids]=&filter[ofrType]=&filter[addObjType]=&filter[whenFrom]=10-10-2026&filter[whenTo]=05-11-2026&filter[duration]=7:10&filter[from]=&filter[person]=2&filter[child]=1&filter[price]=0:11000&filter[PriceFrom]=0&filter[PriceTo]=11000&filter[addCategory]=50&filter[addCatering]=1&filter[addMisc]=0&filter[addTransport]=F&filter[fp]=1&order_by=ofr_price&filter[tourOperator]=0&filter[childAge][1]=20201210","https://fly.pl/cdn/photo/assets/uploads/582/278/2015/06/Gemma-Resort.jpg","https://fly.pl/wycieczka/egipt,marsa-alam,c/gemma-resort/pBEgG_rQdRFtrq7nUCCHjSAAogaVPXdyVtXuaEQ6I-siYA8wAAAABZpgQAdaYEAAcAAQAqBFdFWlkwkNan1AZIg0VQQVj1CmADaglFbnRlciBBaXJqBDA3MDByQp4BlQEfAAIBHAAWBBcCEtUCGJYFE64DFJQFEfpGS_4hUABA9QdMtpYBTwAblWEd7dMPIBwNp4TCCQESYwEOYwECBrGjyv4/ofertasv/?filter[tourOperator]=WEZY&filter%5Bperson%5D=2&filter%5BchildAge%5D%5B1%5D=20201210&filter%5Bchild%5D=1"
"Concorde Moreen Beach Resort & Spa","8852.0","17.10.2026 - 24.10.2026","8 dni/7 nocy","","4.5","4.5","5598","tripadvisor","Все аэропорты","2026-08-22T18:31:40.619491+00:00","https://fly.pl/oferta/egipt-wczasy/?filter[dest]=11:&filter[hotelids]=&filter[cityids]=&filter[cregids]=&filter[ofrType]=&filter[addObjType]=&filter[whenFrom]=10-10-2026&filter[whenTo]=05-11-2026&filter[duration]=7:10&filter[from]=&filter[person]=2&filter[child]=1&filter[price]=0:11000&filter[PriceFrom]=0&filter[PriceTo]=11000&filter[addCategory]=50&filter[addCatering]=1&filter[addMisc]=0&filter[addTransport]=F&filter[fp]=1&order_by=ofr_price&filter[tourOperator]=0&filter[childAge][1]=20201210","https://fly.pl/cdn/photo/assets/uploads/582/278/2014/07/Concorde-Moreen-Beach-Resort-Spa-fly-pl.jpg","https://fly.pl/wycieczka/egipt,marsa-alam,c/concorde-moreen-beach-spa-resort/pDGDGoKzmD8m56kQ99DdkOAAogRv_RICAUWApNhZrT6PeqL2ECgtijhDrT6bu4Y7o874kqBE9SRVgwkNan1AZIlEVQQVitCmACagZESS4yLjFyNpsBFQcXAFwDWAVWAkDKBhHuDV2VFk8kXpnYAVO8FFIAS7EvYQBM5Yw6IKz9lwkNAAISYwECC2qi7JE/ofertasv/?filter[tourOperator]=OREX&filter%5Bperson%5D=2&filter%5BchildAge%5D%5B1%5D=20201210&filter%5Bchild%5D=1"
"Tropitel Sahl Hasheesh","8883.0","15.10.2026 - 22.10.2026","9 dni/7 nocy","","4.7","4.7","10168","tripadvisor","Все аэропорты","2026-08-22T18:31:40.619491+00:00","https://fly.pl/oferta/egipt-wczasy/?filter[dest]=11:&filter[hotelids]=&filter[cityids]=&filter[cregids]=&filter[ofrType]=&filter[addObjType]=&filter[whenFrom]=10-10-2026&filter[whenTo]=05-11-2026&filter[duration]=7:10&filter[from]=&filter[person]=2&filter[child]=1&filter[price]=0:11000&filter[PriceFrom]=0&filter[PriceTo]=11000&filter[addCategory]=50&filter[addCatering]=1&filter[addMisc]=0&filter[addTransport]=F&filter[fp]=1&order_by=ofr_price&filter[tourOperator]=0&filter[childAge][1]=20201210","https://fly.pl/cdn/photo/assets/uploads/582/278/2014/10/Tropitel-Sahl-Hasheesh.jpg","https://fly.pl/wycieczka/egipt,hurghada,c/tropitel-sahl-hasheesh/putt6D8Txp5LVcXnDIB1D3AAogqr4LM6An9mQDSNh7z1x2fbjBNkQonAM7XDu90kyV7SoqBFJOQlcwkNan1AZIs0VQQVj9CWACagRCd2NkaiYxNiwyMzQsMjgzLDI5NiwzODAsMzg4LDQ3Nyw0ODMsNDg0LDQ4NXI2nwGeARUHFwFYBwrQAUD4BRHEARmpUxDDC1LlS1MAS4gfYQAdiOlADzkg4pSSCQ0AAgxjAQIFRL8jdg/ofertasv/?filter[tourOperator]=RNBW&filter%5Bperson%5D=2&filter%5BchildAge%5D%5B1%5D=20201210&filter%5Bchild%5D=1"
"Swiss Inn Resort Hurghada (ex. Hilton Hurghada Resort)","8887.0","21.10.2026 - 28.10.2026","8 dni/7 nocy","","4.5","4.5","1869","tripadvisor","Все аэропорты","2026-08-22T18:31:40.619491+00:00","https://fly.pl/oferta/egipt-wczasy/?filter[dest]=11:&filter[hotelids]=&filter[cityids]=&filter[cregids]=&filter[ofrType]=&filter[addObjType]=&filter[whenFrom]=10-10-2026&filter[whenTo]=05-11-2026&filter[duration]=7:10&filter[from]=&filter[person]=2&filter[child]=1&filter[price]=0:11000&filter[PriceFrom]=0&filter[PriceTo]=11000&filter[addCategory]=50&filter[addCatering]=1&filter[addMisc]=0&filter[addTransport]=F&filter[fp]=1&order_by=ofr_price&filter[tourOperator]=0&filter[childAge][1]=20201210","https://fly.pl/cdn/photo/assets/uploads/582/278/2014/07/Swiss-Inn-Resort-Hurghada.jpg","https://fly.pl/wycieczka/egipt,hurghada,c/hilton-resort/pxx1g1Bt3TD0prR57ncz9pAAogBPxRjJUNxlM5GsP1oJ_9PG3ofoL-v4oDRaCPaKJzqGAqBEpPSVAwkNan1AZIt0VQQViNC2ACagNNSW9yQpsBFAEVBhcAXANYBVYCQMoGT-IBXQBSr6sBUwARjBpL_ARhAF6nMEzS0DoNsP2XCSAAAZuzyKiDh8ygMAINYwEAC6P05uY/ofertasv/?filter[tourOperator]=JOIP&filter%5Bperson%5D=2&filter%5BchildAge%5D%5B1%5D=20201210&filter%5Bchild%5D=1"
"Serenity Alpha Beach (ex. Serenity Makadi Beach)","8940.0","25.10.2026 - 01.11.2026","8 dni/7 nocy","","4.6","4.6","6589","tripadvisor","Все аэропорты","2026-08-22T18:31:40.619491+00:00","https://fly.pl/oferta/egipt-wczasy/?filter[dest]=11:&filter[hotelids]=&filter[cityids]=&filter[cregids]=&filter[ofrType]=&filter[addObjType]=&filter[whenFrom]=10-10-2026&filter[whenTo]=05-11-2026&filter[duration]=7:10&filter[from]=&filter[person]=2&filter[child]=1&filter[price]=0:11000&filter[PriceFrom]=0&filter[PriceTo]=11000&filter[addCategory]=50&filter[addCatering]=1&filter[addMisc]=0&filter[addTransport]=F&filter[fp]=1&order_by=ofr_price&filter[tourOperator]=0&filter[childAge][1]=20201210","https://fly.pl/cdn/photo/assets/uploads/582/278/2014/07/Serenity-Alpha-Beach.jpg","https://fly.pl/wycieczka/egipt,hurghada,makadi-bay/serenity-makadi-heights/pSZ9swd0dzb4UdG1hmTsJ-AAogVd_rHv3IlMrldaSaD2GYomsfmPE5MosFyu9Bpr8s0iIqBE9BU0kwkNan1AZI7EVQAVjtC2ACagNVQUlyIRwRpsABqwSN3g-5BB0b-psPGOqOEwHwhOakAgIAYwECCzWKC_0/ofertasv/?filter[tourOperator]=OASI&filter%5Bperson%5D=2&filter%5BchildAge%5D%5B1%5D=20201210&filter%5Bchild%5D=1"
"Serenity Alma Heights (ex. Serenity Fun City)","8955.0","15.10.2026 - 22.10.2026","8 dni/7 nocy","","4.7","4.7","5484","tripadvisor","Все аэропорты","2026-08-22T18:31:40.619491+00:00","https://fly.pl/oferta/egipt-wczasy/?filter[dest]=11:&filter[hotelids]=&filter[cityids]=&filter[cregids]=&filter[ofrType]=&filter[addObjType]=&filter[whenFrom]=10-10-2026&filter[whenTo]=05-11-2026&filter[duration]=7:10&filter[from]=&filter[person]=2&filter[child]=1&filter[price]=0:11000&filter[PriceFrom]=0&filter[PriceTo]=11000&filter[addCategory]=50&filter[addCatering]=1&filter[addMisc]=0&filter[addTransport]=F&filter[fp]=1&order_by=ofr_price&filter[tourOperator]=0&filter[childAge][1]=20201210","https://fly.pl/cdn/photo/assets/uploads/582/278/2014/09/Serenity-Alma-Heights.jpg","https://fly.pl/wycieczka/egipt,hurghada,makadi-bay/serenity-fun-city/pb8X5U56TWrl2uWAdOka40AAogkv4rQTbswpKD4g-FYe-hI04omdzNphRQmZcQm_QCUd8qBE9SRVgwkNan1AZI-0VQQVj9CWACagZFQy4yLjFyNZsBFQcXAFgIVgJcCBFEQP4FXdMOT2xT0p0BUgBer09LgRJhAEzRvjogqv2XCQ0AAhJjAQIM-gq_LA/ofertasv/?filter[tourOperator]=OREX&filter%5Bperson%5D=2&filter%5BchildAge%5D%5B1%5D=20201210&filter%5Bchild%5D=1"
"Concorde Sport","8956.0","13.10.2026 - 20.10.2026","8 dni/7 nocy","","","","","","Все аэропорты","2026-08-22T18:31:40.619491+00:00","https://fly.pl/oferta/egipt-wczasy/?filter[dest]=11:&filter[hotelids]=&filter[cityids]=&filter[cregids]=&filter[ofrType]=&filter[addObjType]=&filter[whenFrom]=10-10-2026&filter[whenTo]=05-11-2026&filter[duration]=7:10&filter[from]=&filter[person]=2&filter[child]=1&filter[price]=0:11000&filter[PriceFrom]=0&filter[PriceTo]=11000&filter[addCategory]=50&filter[addCatering]=1&filter[addMisc]=0&filter[addTransport]=F&filter[fp]=1&order_by=ofr_price&filter[tourOperator]=0&filter[childAge][1]=20201210","https://fly.pl/cdn/photo/assets/uploads/582/278/2017/08/Concorde-Sport-fly-pl-4.jpg","https://fly.pl/wycieczka/egipt,sharm-el-sheikh,szarm-el-szejk/concorde-sport/pVPhN3W_jgJ-3jImhSUGB1AAogYNf8YLxAxJwCsAh9IFUxBlATkd0Et3pHZ-B5Uah2j-0qBEpPSVAwkNan1AZI_EVQQVjNCWACagNDR21yQpsBFAEVBhcAXANYBVYCQMoGT-IBXQBLt8oBYQBepzBSpiBTABGaA0ySrToNqP2XCSAAAcHBxIC0icygMAINYwEAC5FHGrE/ofertasv/?filter[tourOperator]=JOIP&filter%5Bperson%5D=2&filter%5BchildAge%5D%5B1%5D=20201210&filter%5Bchild%5D=1"
"Seven Seas Jolie Bay","8961.0","22.10.2026 - 29.10.2026","8 dni/7 nocy","","4.6","4.6","1494","tripadvisor","Все аэропорты","2026-08-22T18:31:40.619491+00:00","https://fly.pl/oferta/egipt-wczasy/?filter[dest]=11:&filter[hotelids]=&filter[cityids]=&filter[cregids]=&filter[ofrType]=&filter[addObjType]=&filter[whenFrom]=10-10-2026&filter[whenTo]=05-11-2026&filter[duration]=7:10&filter[from]=&filter[person]=2&filter[child]=1&filter[price]=0:11000&filter[PriceFrom]=0&filter[PriceTo]=11000&filter[addCategory]=50&filter[addCatering]=1&filter[addMisc]=0&filter[addTransport]=F&filter[fp]=1&order_by=ofr_price&filter[tourOperator]=0&filter[childAge][1]=20201210","https://fly.pl/cdn/photo/assets/uploads/582/278/2022/03/Aqua-Mondo-Abu-Soma-Resort.jpg","https://fly.pl/wycieczka/egipt,hurghada,soma-bay/aqua-mondo-resort-14/p7F4MoPZdFwdHYPuLo8MDsAAoguRz_osIhMSOgy4z2Ag5HLgAAAACAhwQAt4cEAAcAAAAqBFdFWlkwkNan1AZIgUZQQVilC2ADaglFbnRlciBBaXJqBDAwMTVyQ54BlAEfAAIBFgAcABcGEtYEFYsDGP8BE8kEQPFyT8syTABLiB9QABHcswEdsIgPIDcb4841DYTzjAkBEmMBDGMBAgu-aRuO/ofertasv/?filter[tourOperator]=WEZY&filter%5Bperson%5D=2&filter%5BchildAge%5D%5B1%5D=20201210&filter%5Bchild%5D=1"
"Jaz Belvedere","8991.0","27.10.2026 - 03.11.2026","8 dni/7 nocy","","4.5","4.5","3280","tripadvisor","Все аэропорты","2026-08-22T18:31:40.619491+00:00","https://fly.pl/oferta/egipt-wczasy/?filter[dest]=11:&filter[hotelids]=&filter[cityids]=&filter[cregids]=&filter[ofrType]=&filter[addObjType]=&filter[whenFrom]=10-10-2026&filter[whenTo]=05-11-2026&filter[duration]=7:10&filter[from]=&filter[person]=2&filter[child]=1&filter[price]=0:11000&filter[PriceFrom]=0&filter[PriceTo]=11000&filter[addCategory]=50&filter[addCatering]=1&filter[addMisc]=0&filter[addTransport]=F&filter[fp]=1&order_by=ofr_price&filter[tourOperator]=0&filter[childAge][1]=20201210","https://fly.pl/cdn/photo/assets/uploads/582/278/2014/07/Jaz-Belvedere.jpg","https://fly.pl/wycieczka/egipt,sharm-el-sheikh,c/jaz-belvedere/pHuUBgJdvri1iSvtsHtj0QAAognINUymYVtpIM0yqO33vuL5gpXVUQjygZk0IwIA3_YjEqBE9BU0kwkNan1AZIn0ZQAVidDGACagNBSWxyIRwRhbABuQS_9g-rBAIbrbAPGLLyEgHA3uWkAgIAYwECDL6o0kk/ofertasv/?filter[tourOperator]=OASI&filter%5Bperson%5D=2&filter%5BchildAge%5D%5B1%5D=20201210&filter%5Bchild%5D=1"
"Marriott Hurghada Beach Resort","9020.0","25.10.2026 - 01.11.2026","8 dni/7 nocy","","4.6","4.6","4830","tripadvisor","Все аэропорты","2026-08-22T18:31:40.619491+00:00","https://fly.pl/oferta/egipt-wczasy/?filter[dest]=11:&filter[hotelids]=&filter[cityids]=&filter[cregids]=&filter[ofrType]=&filter[addObjType]=&filter[whenFrom]=10-10-2026&filter[whenTo]=05-11-2026&filter[duration]=7:10&filter[from]=&filter[person]=2&filter[child]=1&filter[price]=0:11000&filter[PriceFrom]=0&filter[PriceTo]=11000&filter[addCategory]=50&filter[addCatering]=1&filter[addMisc]=0&filter[addTransport]=F&filter[fp]=1&order_by=ofr_price&filter[tourOperator]=0&filter[childAge][1]=20201210","https://fly.pl/cdn/photo/assets/uploads/582/278/2014/09/Marriott-Hurghada-Beach-Resort.jpg","https://fly.pl/wycieczka/egipt,hurghada,c/marriott-hurghada-beach-resort/pE1dlvggSUChDwsQXvGX26AAogEtVLDMFAE1t2J_JDbx0uPGsfmPE5MosFyu9Bpr8s0iIqBE9BU0kwkNan1AZIvEZQAVjtC2ACagNBSWxyIRwRqY8BqwSKjxC5BB0br9cNGPLaEgHt7oCZAgIAYwECB78PhF0/ofertasv/?filter[tourOperator]=OASI&filter%5Bperson%5D=2&filter%5BchildAge%5D%5B1%5D=20201210&filter%5Bchild%5D=1"
"Monte Carlo Resort Spa","9033.0","27.10.2026 - 03.11.2026","8 dni/7 nocy","","4.4","4.4","2409","tripadvisor","Все аэропорты","2026-08-22T18:31:40.619491+00:00","https://fly.pl/oferta/egipt-wczasy/?filter[dest]=11:&filter[hotelids]=&filter[cityids]=&filter[cregids]=&filter[ofrType]=&filter[addObjType]=&filter[whenFrom]=10-10-2026&filter[whenTo]=05-11-2026&filter[duration]=7:10&filter[from]=&filter[person]=2&filter[child]=1&filter[price]=0:11000&filter[PriceFrom]=0&filter[PriceTo]=11000&filter[addCategory]=50&filter[addCatering]=1&filter[addMisc]=0&filter[addTransport]=F&filter[fp]=1&order_by=ofr_price&filter[tourOperator]=0&filter[childAge][1]=20201210","https://fly.pl/cdn/photo/assets/uploads/582/278/2014/09/Monte-Carlo-Sharm-Resort-Spa.jpg","https://fly.pl/wycieczka/egipt,sharm-el-sheikh,c/monte-carlo-ex-ritz-carlton/p9HJOfKxVAPfYyMTDpdXZoAAog9CaDAQaZges2lSyAmBgsZJgpXVUQjygZk0IwIA3_YjEqBE9BU0kwkNan1AZIyUZQAVidDGACagNBSStyIRwRpa8BuQSf9w-rBAIbyuENGKbgEgHCxeKZAgIAYwECC5vMdO4/ofertasv/?filter[tourOperator]=OASI&filter%5Bperson%5D=2&filter%5BchildAge%5D%5B1%5D=20201210&filter%5Bchild%5D=1"
"Naama Bay Promenade Mountain Resort","9065.0","10.10.2026 - 17.10.2026","8 dni/7 nocy","","4.2","4.2","1273","tripadvisor","Все аэропорты","2026-08-22T18:31:40.619491+00:00","https://fly.pl/oferta/egipt-wczasy/?filter[dest]=11:&filter[hotelids]=&filter[cityids]=&filter[cregids]=&filter[ofrType]=&filter[addObjType]=&filter[whenFrom]=10-10-2026&filter[whenTo]=05-11-2026&filter[duration]=7:10&filter[from]=&filter[person]=2&filter[child]=1&filter[price]=0:11000&filter[PriceFrom]=0&filter[PriceTo]=11000&filter[addCategory]=50&filter[addCatering]=1&filter[addMisc]=0&filter[addTransport]=F&filter[fp]=1&order_by=ofr_price&filter[tourOperator]=0&filter[childAge][1]=20201210","https://fly.pl/cdn/photo/assets/uploads/582/278/2024/07/naama-bay-promenade-mountain-resort.jpg","https://fly.pl/wycieczka/egipt,sharm-el-sheikh,szarm-el-szejk/naama-bay-promenade-mountain-resort-12/p-ArJfdBxp0xp_VEJ8qIHBAAogr2vhMHj4b0XXUF8bSNyfygAAAACZhAQAtoQEAAcAEgAqBFdFWlkwkNan1AZI6UZQQViFCWADaglFbnRlciBBaXJqBDA4MDByQ54BlQEfAAIBHAAWBBcCEu0DGIUFE80BFMkEEcsPQMdiTKCiAU8AS8cjUAAbsYMCHeC-DSAdDdzHwgkBEmMBDGMBAgU2-imG/ofertasv/?filter[tourOperator]=WEZY&filter%5Bperson%5D=2&filter%5BchildAge%5D%5B1%5D=20201210&filter%5Bchild%5D=1"
"Renaissance Golden View Beach Resort by Marriott","9077.0","13.10.2026 - 20.10.2026","8 dni/7 nocy","","4.5","4.5","7207","tripadvisor","Все аэропорты","2026-08-22T18:31:40.619491+00:00","https://fly.pl/oferta/egipt-wczasy/?filter[dest]=11:&filter[hotelids]=&filter[cityids]=&filter[cregids]=&filter[ofrType]=&filter[addObjType]=&filter[whenFrom]=10-10-2026&filter[whenTo]=05-11-2026&filter[duration]=7:10&filter[from]=&filter[person]=2&filter[child]=1&filter[price]=0:11000&filter[PriceFrom]=0&filter[PriceTo]=11000&filter[addCategory]=50&filter[addCatering]=1&filter[addMisc]=0&filter[addTransport]=F&filter[fp]=1&order_by=ofr_price&filter[tourOperator]=0&filter[childAge][1]=20201210","https://fly.pl/cdn/photo/assets/uploads/582/278/2014/07/Renaissance-Golden-View-Beach-Resort.jpg","https://fly.pl/wycieczka/egipt,sharm-el-sheikh,c/renaissance-golden-view-beach/pQMgsKI0I-3RGXKGuzBxnyAAognASfKIY_xRgA6nDyBpKvkTZPnluiPTRbLKmNIwYEcH4qBEVYSU0wkNan1AZI9UZQAVjNCWACagJBSXIhHBGOyga5BOb2PasEGxvcpjwY3IU-Ac7F6-8KAgBjAQILeAzbrQ/ofertasv/?filter[tourOperator]=EXIM&filter%5Bperson%5D=2&filter%5BchildAge%5D%5B1%5D=20201210&filter%5Bchild%5D=1"
"Pyramisa Beach Resort Sahl Hasheesh","9087.0","29.10.2026 - 05.11.2026","8 dni/7 nocy","","4.1","4.1","3566","tripadvisor","Все аэропорты","2026-08-22T18:31:40.619491+00:00","https://fly.pl/oferta/egipt-wczasy/?filter[dest]=11:&filter[hotelids]=&filter[cityids]=&filter[cregids]=&filter[ofrType]=&filter[addObjType]=&filter[whenFrom]=10-10-2026&filter[whenTo]=05-11-2026&filter[duration]=7:10&filter[from]=&filter[person]=2&filter[child]=1&filter[price]=0:11000&filter[PriceFrom]=0&filter[PriceTo]=11000&filter[addCategory]=50&filter[addCatering]=1&filter[addMisc]=0&filter[addTransport]=F&filter[fp]=1&order_by=ofr_price&filter[tourOperator]=0&filter[childAge][1]=20201210","https://fly.pl/cdn/photo/assets/uploads/582/278/2015/04/Pyramisa-Beach-Resort-Sahl-Hasheesh.jpg","https://fly.pl/wycieczka/egipt,hurghada,sahl-hasheesh/dessole-pyramisa-beach-resort-ex-pyramisa-beach-r/ppO6U_X9lMTrP5sWPLjjnmAAogn-bxROTkFFj3b_6eqA_1JDhizLKSn9rMjUnszKihUT4qBEVYSU0wkNan1AZI_0ZQAVjNDGACagJBSXIjHBGjuAa5BIWFPqsEgt8NG6CaIRiTjWgBlLGQsw0CAGMBAgvkOZyQ/ofertasv/?filter[tourOperator]=EXIM&filter%5Bperson%5D=2&filter%5BchildAge%5D%5B1%5D=20201210&filter%5Bchild%5D=1"
"Creek Hotel and Residences","9097.0","25.10.2026 - 01.11.2026","8 dni/7 nocy","","4.8","4.8","219","tripadvisor","Все аэропорты","2026-08-22T18:31:40.619491+00:00","https://fly.pl/oferta/egipt-wczasy/?filter[dest]=11:&filter[hotelids]=&filter[cityids]=&filter[cregids]=&filter[ofrType]=&filter[addObjType]=&filter[whenFrom]=10-10-2026&filter[whenTo]=05-11-2026&filter[duration]=7:10&filter[from]=&filter[person]=2&filter[child]=1&filter[price]=0:11000&filter[PriceFrom]=0&filter[PriceTo]=11000&filter[addCategory]=50&filter[addCatering]=1&filter[addMisc]=0&filter[addTransport]=F&filter[fp]=1&order_by=ofr_price&filter[tourOperator]=0&filter[childAge][1]=20201210","https://fly.pl/cdn/photo/assets/uploads/582/278/2024/07/creek-hotel-residences.jpg","https://fly.pl/wycieczka/egipt,hurghada,al-dzuna/creek-hotel-residences-9/pLCuaWXJO-EOxcDIAEA8sdAAogZiAuu3gDp3mvIuNMjvhogfCBi_Jjp6PLeBVi_FVZdZgqBEVYSU0wkNan1AZIiUdQAVjtC2ACagJBSXIjHBH-9Qa5BITIPasEyIwKG7nxORishFMBwaOQsw0CAGMBAgtrgKqn/ofertasv/?filter[tourOperator]=EXIM&filter%5Bperson%5D=2&filter%5BchildAge%5D%5B1%5D=20201210&filter%5Bchild%5D=1"
"Azur One Eleven","9102.0","16.10.2026 - 23.10.2026","9 dni/7 nocy","","","","","","Все аэропорты","2026-08-22T18:31:40.619491+00:00","https://fly.pl/oferta/egipt-wczasy/?filter[dest]=11:&filter[hotelids]=&filter[cityids]=&filter[cregids]=&filter[ofrType]=&filter[addObjType]=&filter[whenFrom]=10-10-2026&filter[whenTo]=05-11-2026&filter[duration]=7:10&filter[from]=&filter[person]=2&filter[child]=1&filter[price]=0:11000&filter[PriceFrom]=0&filter[PriceTo]=11000&filter[addCategory]=50&filter[addCatering]=1&filter[addMisc]=0&filter[addTransport]=F&filter[fp]=1&order_by=ofr_price&filter[tourOperator]=0&filter[childAge][1]=20201210","https://datacfstatic.merlinx.pl/WEZY/IMG/78894/cc8d1d51077096f59944ba845d3d6e137f5026f7347a564b583f668b9da31318.webp","https://fly.pl/wycieczka/egipt,dolny-egipt,al-alamajn/azur-one-eleven-12/pr00GG3lVN8IgEBo75P1SJAAogt32iqRW8yQ2swq_MhsKRGwAAAABSmAQA3K4FAAcAHQAqBFdFWlkwkNan1AZIjkdQQViVCmADaglFbnRlciBBaXJqBDAxMTByRJ4BmAEfAAIBHAAWBBcCEtYEE-0HFIgEFUZAiXBPxgVMAEuNTFAAEbqVAx2kyA0giq0EG_GSYQ3L4NwIARJjAQxjAQIFtYENHA/ofertasv/?filter[tourOperator]=WEZY&filter%5Bperson%5D=2&filter%5BchildAge%5D%5B1%5D=20201210&filter%5Bchild%5D=1"
"Akassia Swiss Resort (ex. Calimera Club Akassia Swiss Resort)","9120.0","13.10.2026 - 20.10.2026","8 dni/7 nocy","","4.6","4.6","2583","tripadvisor","Все аэропорты","2026-08-22T18:31:40.619491+00:00","https://fly.pl/oferta/egipt-wczasy/?filter[dest]=11:&filter[hotelids]=&filter[cityids]=&filter[cregids]=&filter[ofrType]=&filter[addObjType]=&filter[whenFrom]=10-10-2026&filter[whenTo]=05-11-2026&filter[duration]=7:10&filter[from]=&filter[person]=2&filter[child]=1&filter[price]=0:11000&filter[PriceFrom]=0&filter[PriceTo]=11000&filter[addCategory]=50&filter[addCatering]=1&filter[addMisc]=0&filter[addTransport]=F&filter[fp]=1&order_by=ofr_price&filter[tourOperator]=0&filter[childAge][1]=20201210","https://fly.pl/cdn/photo/assets/uploads/582/278/2014/09/Akassia-Swiss-Resort.jpg","https://fly.pl/wycieczka/egipt,marsa-alam,c/calimera-club-akassia-swiss-resort/pwmLW9ZqCmSIyy09Oy10HSAAogu-04yuRoMC_zXSdVXjCTmQAAAABYpgQAc6YEAAcAAQAqBFdFWlkwkNan1AZIoEdQQVjNCWADaglFbnRlciBBaXJqBDA3MDByQ54BlQEfAAIBHAAWBBcCEtUCGPoFE8oCFJQFEcAgS7hIUABA9QdMtpYBTwAbltsCHevZDSAbDaKEwgkBEmMBDGMBAgX7Mbb1/ofertasv/?filter[tourOperator]=WEZY&filter%5Bperson%5D=2&filter%5BchildAge%5D%5B1%5D=20201210&filter%5Bchild%5D=1"
"Serenity Sky Arc","9147.0","22.10.2026 - 29.10.2026","8 dni/7 nocy","","","","","","Все аэропорты","2026-08-22T18:31:40.619491+00:00","https://fly.pl/oferta/egipt-wczasy/?filter[dest]=11:&filter[hotelids]=&filter[cityids]=&filter[cregids]=&filter[ofrType]=&filter[addObjType]=&filter[whenFrom]=10-10-2026&filter[whenTo]=05-11-2026&filter[duration]=7:10&filter[from]=&filter[person]=2&filter[child]=1&filter[price]=0:11000&filter[PriceFrom]=0&filter[PriceTo]=11000&filter[addCategory]=50&filter[addCatering]=1&filter[addMisc]=0&filter[addTransport]=F&filter[fp]=1&order_by=ofr_price&filter[tourOperator]=0&filter[childAge][1]=20201210","https://datacfstatic.merlinx.pl/EXIM/IMG/105925/cf3c14898a23b0b49569de311369928ab20dff35cd198358119db51d531b20bd.webp","https://fly.pl/wycieczka/egipt,hurghada,sahl-hasheesh/serenity-sky-arc-10/pSmqH0i4TICpTDfnKBB18wAAogoRQq1I1Q1j0U2cxUXIUBBJGJqT1p54NZ8EtvM73wOCUqBEVYSU0wkNan1AZIu0dQAVilC2ACagJBSXIhHBHFuwa5BPaAPqsEHBub4S8YkNo2AYT9tIsJAgBjAQIG9bKxnQ/ofertasv/?filter[tourOperator]=EXIM&filter%5Bperson%5D=2&filter%5BchildAge%5D%5B1%5D=20201210&filter%5Bchild%5D=1"
"Charmillion Club Aqua Park","9186.0","10.10.2026 - 17.10.2026","8 dni/7 nocy","","4.6","4.6","4381","tripadvisor","Все аэропорты","2026-08-22T18:31:40.619491+00:00","https://fly.pl/oferta/egipt-wczasy/?filter[dest]=11:&filter[hotelids]=&filter[cityids]=&filter[cregids]=&filter[ofrType]=&filter[addObjType]=&filter[whenFrom]=10-10-2026&filter[whenTo]=05-11-2026&filter[duration]=7:10&filter[from]=&filter[person]=2&filter[child]=1&filter[price]=0:11000&filter[PriceFrom]=0&filter[PriceTo]=11000&filter[addCategory]=50&filter[addCatering]=1&filter[addMisc]=0&filter[addTransport]=F&filter[fp]=1&order_by=ofr_price&filter[tourOperator]=0&filter[childAge][1]=20201210","https://fly.pl/cdn/photo/assets/uploads/582/278/2014/07/Charmillion-Club-Aqua-Park.jpg","https://fly.pl/wycieczka/egipt,sharm-el-sheikh,szarm-el-szejk/sea-club-aqua-park/pfN0PphTcAcZAYYp0QeMSzAAogMerglbwNGvthjOyjfvpabAAAAACZhAQAtoQEAAcAEgAqBFdFWlkwkNan1AZI4kdQQViFCWADaglFbnRlciBBaXJqBDA4MDByQp4BlQEfAAIBHAAWBBcCEu0DGIUFE80BFMkEEYEsQJFGTKCiAU8AS8cjUAAb8jAdn5EPIB0N3MfCCQESYwENYwECBUKGaq0/ofertasv/?filter[tourOperator]=WEZY&filter%5Bperson%5D=2&filter%5BchildAge%5D%5B1%5D=20201210&filter%5Bchild%5D=1"
"Jaz Mirabel Beach Resort","9195.0","27.10.2026 - 03.11.2026","8 dni/7 nocy","","4.5","4.5","7330","tripadvisor","Все аэропорты","2026-08-22T18:31:40.619491+00:00","https://fly.pl/oferta/egipt-wczasy/?filter[dest]=11:&filter[hotelids]=&filter[cityids]=&filter[cregids]=&filter[ofrType]=&filter[addObjType]=&filter[whenFrom]=10-10-2026&filter[whenTo]=05-11-2026&filter[duration]=7:10&filter[from]=&filter[person]=2&filter[child]=1&filter[price]=0:11000&filter[PriceFrom]=0&filter[PriceTo]=11000&filter[addCategory]=50&filter[addCatering]=1&filter[addMisc]=0&filter[addTransport]=F&filter[fp]=1&order_by=ofr_price&filter[tourOperator]=0&filter[childAge][1]=20201210","https://fly.pl/cdn/photo/assets/uploads/582/278/2014/07/Jaz-Mirabel-Beach-Resort-fly-pl.jpg","https://fly.pl/wycieczka/egipt,sharm-el-sheikh,c/jaz-mirabel-beach-resort/pWnFis76aMfUXk8UyWphgCAAogATqbmNrX-JEhzF1QHwD1SpgpXVUQjygZk0IwIA3_YjEqBE9BU0kwkNan1AZI60dQAVidDGADagNBSWxyJBwRiLABuQS89g-rBAIbw8IOGMH-EQG7vNyZAgEMYwEAYwECC72E8qE/ofertasv/?filter[tourOperator]=OASI&filter%5Bperson%5D=2&filter%5BchildAge%5D%5B1%5D=20201210&filter%5Bchild%5D=1"
"Pickalbatros Palace Resort","9197.0","27.10.2026 - 03.11.2026","9 dni/7 nocy","","4.5","4.5","935","tripadvisor","Все аэропорты","2026-08-22T18:31:40.619491+00:00","https://fly.pl/oferta/egipt-wczasy/?filter[dest]=11:&filter[hotelids]=&filter[cityids]=&filter[cregids]=&filter[ofrType]=&filter[addObjType]=&filter[whenFrom]=10-10-2026&filter[whenTo]=05-11-2026&filter[duration]=7:10&filter[from]=&filter[person]=2&filter[child]=1&filter[price]=0:11000&filter[PriceFrom]=0&filter[PriceTo]=11000&filter[addCategory]=50&filter[addCatering]=1&filter[addMisc]=0&filter[addTransport]=F&filter[fp]=1&order_by=ofr_price&filter[tourOperator]=0&filter[childAge][1]=20201210","https://fly.pl/cdn/photo/assets/uploads/582/278/2014/09/Albatros-Palace-fly-pl-4.jpg","https://fly.pl/wycieczka/egipt,hurghada,c/albatros-palace/pVvKugVnfJaIt2SPrKYNCPAAogRdaG-wzKfm9Vgz9BqB-GZJmSZ-ZO1HkJPLAVYySL8QwqBEVYSU0wkdan1AZI7UdQAVidDGACagJBSXIhHBGk-Aa5BI-vS6sEXhul_DcYgKJTAZ7_-MYNAgBjAQIMFSAnfw/ofertasv/?filter[tourOperator]=EXIM&filter%5Bperson%5D=2&filter%5BchildAge%5D%5B1%5D=20201210&filter%5Bchild%5D=1"
"Pickalbatros Citadel Sahl Hasheesh (ex. Citadel Azur Resort)","9277.0","29.10.2026 - 05.11.2026","9 dni/7 nocy","","4.5","4.5","4767","tripadvisor","Все аэропорты","2026-08-22T18:31:40.619491+00:00","https://fly.pl/oferta/egipt-wczasy/?filter[dest]=11:&filter[hotelids]=&filter[cityids]=&filter[cregids]=&filter[ofrType]=&filter[addObjType]=&filter[whenFrom]=10-10-2026&filter[whenTo]=05-11-2026&filter[duration]=7:10&filter[from]=&filter[person]=2&filter[child]=1&filter[price]=0:11000&filter[PriceFrom]=0&filter[PriceTo]=11000&filter[addCategory]=50&filter[addCatering]=1&filter[addMisc]=0&filter[addTransport]=F&filter[fp]=1&order_by=ofr_price&filter[tourOperator]=0&filter[childAge][1]=20201210","https://fly.pl/cdn/photo/assets/uploads/582/278/2014/07/Albatros-Citadel-Sahl-Hasheesh-ex.-Citadel-Azur-Resort-fly-pl.jpg","https://fly.pl/wycieczka/egipt,hurghada,c/citadel-azur-resort/pq12qOtRJDmFvFv02kgTqiAAogzbLC0laPuFAL-WtZgzTNlf966lwJMXcBoSKWCVd3NSUqBEVYSU0wkdan1AZIvUhQAVjNDGACagJBSXIhHBGh-AarBLewS7kERBv2-jcYjKNTAdS7_MYNAgBjAQIM2eOfDg/ofertasv/?filter[tourOperator]=EXIM&filter%5Bperson%5D=2&filter%5BchildAge%5D%5B1%5D=20201210&filter%5Bchild%5D=1"
"Pickalbatros Royal Moderna","9293.0","27.10.2026 - 03.11.2026","8 dni/7 nocy","","4.5","4.5","10676","tripadvisor","Все аэропорты","2026-08-22T18:31:40.619491+00:00","https://fly.pl/oferta/egipt-wczasy/?filter[dest]=11:&filter[hotelids]=&filter[cityids]=&filter[cregids]=&filter[ofrType]=&filter[addObjType]=&filter[whenFrom]=10-10-2026&filter[whenTo]=05-11-2026&filter[duration]=7:10&filter[from]=&filter[person]=2&filter[child]=1&filter[price]=0:11000&filter[PriceFrom]=0&filter[PriceTo]=11000&filter[addCategory]=50&filter[addCatering]=1&filter[addMisc]=0&filter[addTransport]=F&filter[fp]=1&order_by=ofr_price&filter[tourOperator]=0&filter[childAge][1]=20201210","https://fly.pl/cdn/photo/assets/uploads/582/278/2009/08/Royal-Albatros-Moderna1708.jpg","https://fly.pl/wycieczka/egipt,sharm-el-sheikh,c/royal-albatros-moderna/px_2KhJPj3VedASJpcO3N2AAogyboKoNYUg5VL_GpUSOMgWpgpXVUQjygZk0IwIA3_YjEqBE9BU0kwkdan1AZIzUhQAVidDGACagNBSWxyIRwR168BuQTt9g-rBAIbo7QPGNuAEwHV3-ulAgIAYwECDNRS3Zk/ofertasv/?filter[tourOperator]=OASI&filter%5Bperson%5D=2&filter%5BchildAge%5D%5B1%5D=20201210&filter%5Bchild%5D=1"
"Domina Coral Bay Harem","9316.0","13.10.2026 - 20.10.2026","8 dni/7 nocy","","4.2","4.2","12393","tripadvisor","Все аэропорты","2026-08-22T18:31:40.619491+00:00","https://fly.pl/oferta/egipt-wczasy/?filter[dest]=11:&filter[hotelids]=&filter[cityids]=&filter[cregids]=&filter[ofrType]=&filter[addObjType]=&filter[whenFrom]=10-10-2026&filter[whenTo]=05-11-2026&filter[duration]=7:10&filter[from]=&filter[person]=2&filter[child]=1&filter[price]=0:11000&filter[PriceFrom]=0&filter[PriceTo]=11000&filter[addCategory]=50&filter[addCatering]=1&filter[addMisc]=0&filter[addTransport]=F&filter[fp]=1&order_by=ofr_price&filter[tourOperator]=0&filter[childAge][1]=20201210","https://fly.pl/cdn/photo/assets/uploads/582/278/2014/07/Domina-Coral-Bay-Harem.jpg","https://fly.pl/wycieczka/egipt,sharm-el-sheikh,c/domina-coral-bay-harem/pqftECjQPODy43u9Cwe-UwAAogCBztRQt0sFMkX21NKykntFATkd0Et3pHZ-B5Uah2j-0qBEpPSVAwkdan1AZI5EhQQVjNCWACckMUARUGFwBcA1gFVgJAygZd4gFPAFvOlgFh6TNLABGwGF73F1KmIFMATKywOg2o_ZcJIAABwr3497KJzKAwAg1jAQAMZCejxw/ofertasv/?filter[tourOperator]=JOIP&filter%5Bperson%5D=2&filter%5BchildAge%5D%5B1%5D=20201210&filter%5Bchild%5D=1"
"Amphoras Beach","9317.0","13.10.2026 - 20.10.2026","8 dni/7 nocy","","4.4","4.4","6738","tripadvisor","Все аэропорты","2026-08-22T18:31:40.619491+00:00","https://fly.pl/oferta/egipt-wczasy/?filter[dest]=11:&filter[hotelids]=&filter[cityids]=&filter[cregids]=&filter[ofrType]=&filter[addObjType]=&filter[whenFrom]=10-10-2026&filter[whenTo]=05-11-2026&filter[duration]=7:10&filter[from]=&filter[person]=2&filter[child]=1&filter[price]=0:11000&filter[PriceFrom]=0&filter[PriceTo]=11000&filter[addCategory]=50&filter[addCatering]=1&filter[addMisc]=0&filter[addTransport]=F&filter[fp]=1&order_by=ofr_price&filter[tourOperator]=0&filter[childAge][1]=20201210","https://fly.pl/cdn/photo/assets/uploads/582/278/2016/11/AMPHORAS-BEACH.jpg","https://fly.pl/wycieczka/egipt,sharm-el-sheikh,c/otium-amphoras-ex-shores/pLph17YS6HIipU8avFtdQ2AAogxa1l5gDYK-RQSNcIEvME_jZPnluiPTRbLKmNIwYEcH4qBEVYSU0wkdan1AZI5UhQAVjNCWACagNVQUlyIRwRlLsGuQTghT6rBBsb2_A4GOWhQgH9qYn6CgIAYwECCyoyGgs/ofertasv/?filter[tourOperator]=EXIM&filter%5Bperson%5D=2&filter%5BchildAge%5D%5B1%5D=20201210&filter%5Bchild%5D=1"
"Double Tree by Hilton Mangroovy El Gouna Resort","9320.0","15.10.2026 - 22.10.2026","8 dni/7 nocy","","","","","","Все аэропорты","2026-08-22T18:31:40.619491+00:00","https://fly.pl/oferta/egipt-wczasy/?filter[dest]=11:&filter[hotelids]=&filter[cityids]=&filter[cregids]=&filter[ofrType]=&filter[addObjType]=&filter[whenFrom]=10-10-2026&filter[whenTo]=05-11-2026&filter[duration]=7:10&filter[from]=&filter[person]=2&filter[child]=1&filter[price]=0:11000&filter[PriceFrom]=0&filter[PriceTo]=11000&filter[addCategory]=50&filter[addCatering]=1&filter[addMisc]=0&filter[addTransport]=F&filter[fp]=1&order_by=ofr_price&filter[tourOperator]=0&filter[childAge][1]=20201210","https://datacfstatic.merlinx.pl/OREX/IMG/6513/61970b72b312ea6d0373821b3cb6271ebffe7a152e252532c893aa503ed99358.webp","https://fly.pl/wycieczka/egipt,hurghada,al-dzuna/double-tree-by-hilton-mangroovy-el-gouna-13/p_R40l1zWSfNsqsMDYbe0RAAogXZ8jrZD6XUWBcRiVGM01i04omdzNphRQmZcQm_QCUd8qBE9SRVgwkdan1AZI6EhQQVj9CWACagdOVlcuMi4xcjabARUHFwBcA1gFVgJAygZd0w5PbBHXHFP7gAFSAF6vT0uBEmEATNG-OiCq_ZcJDQACEmMBAgvE7DZq/ofertasv/?filter[tourOperator]=OREX&filter%5Bperson%5D=2&filter%5BchildAge%5D%5B1%5D=20201210&filter%5Bchild%5D=1"
"Invidia Coral Beach Tiran","9370.0","10.10.2026 - 17.10.2026","8 dni/7 nocy","","4.8","4.8","301","tripadvisor","Все аэропорты","2026-08-22T18:31:40.619491+00:00","https://fly.pl/oferta/egipt-wczasy/?filter[dest]=11:&filter[hotelids]=&filter[cityids]=&filter[cregids]=&filter[ofrType]=&filter[addObjType]=&filter[whenFrom]=10-10-2026&filter[whenTo]=05-11-2026&filter[duration]=7:10&filter[from]=&filter[person]=2&filter[child]=1&filter[price]=0:11000&filter[PriceFrom]=0&filter[PriceTo]=11000&filter[addCategory]=50&filter[addCatering]=1&filter[addMisc]=0&filter[addTransport]=F&filter[fp]=1&order_by=ofr_price&filter[tourOperator]=0&filter[childAge][1]=20201210","https://fly.pl/cdn/photo/assets/uploads/582/278/2014/07/Coral-Beach-Rotana-Tiran-fly-pl.jpg","https://fly.pl/wycieczka/egipt,sharm-el-sheikh,c/coral-beach-rotana-tiran/pu9VD5kQik5C5Y1RErUsevAAoggxN9qaE2m6WyJpRw0deucAAAAACZhAQAtoQEAAcAEgAqBFdFWlkwkdan1AZImklQQViFCWADaglFbnRlciBBaXJqBDA4MDByQp4BlQEfABwBAgAWABcGESMSygMYhQUTzQEUyQRAknJMoKIBTwBLxyNQAB2Rwg8gHRvZwmQNg4XeCAESYwEMYwECC_TM78g/ofertasv/?filter[tourOperator]=WEZY&filter%5Bperson%5D=2&filter%5BchildAge%5D%5B1%5D=20201210&filter%5Bchild%5D=1"
"Stella Gardens Resort & Spa (ex Stella Di Mare Gardens)","9371.0","28.10.2026 - 04.11.2026","8 dni/7 nocy","","4.5","4.5","2743","tripadvisor","Все аэропорты","2026-08-22T18:31:40.619491+00:00","https://fly.pl/oferta/egipt-wczasy/?filter[dest]=11:&filter[hotelids]=&filter[cityids]=&filter[cregids]=&filter[ofrType]=&filter[addObjType]=&filter[whenFrom]=10-10-2026&filter[whenTo]=05-11-2026&filter[duration]=7:10&filter[from]=&filter[person]=2&filter[child]=1&filter[price]=0:11000&filter[PriceFrom]=0&filter[PriceTo]=11000&filter[addCategory]=50&filter[addCatering]=1&filter[addMisc]=0&filter[addTransport]=F&filter[fp]=1&order_by=ofr_price&filter[tourOperator]=0&filter[childAge][1]=20201210","https://fly.pl/cdn/photo/assets/uploads/582/278/2014/10/Stella-Di-Mare-Gardens-Resort-Spa.jpg","https://fly.pl/wycieczka/egipt,hurghada,makadi-bay/stella-makadi-garden/pwj5rUf4Q2_H4yHBfU6TuyAAog3b7o2x_OmWTihTvjnxAouAERLI1I6rwQYewO9_P-s30qBEpPSVAwkdan1AZIm0lQQVi1DGACagMwMEZyQpsBFAEVBRcBXANYBVYCQMoGT-IBXQBSr6sBUwBLiB9hABG-EV7pHkzS0DoNt_2XCSABAZTJhKmTh82gMAIOYwEADcPu2Og/ofertasv/?filter[tourOperator]=JOIP&filter%5Bperson%5D=2&filter%5BchildAge%5D%5B1%5D=20201210&filter%5Bchild%5D=1"
"Utopia Blue Resort","9377.0","20.10.2026 - 27.10.2026","8 dni/7 nocy","","","","","","Все аэропорты","2026-08-22T18:31:40.619491+00:00","https://fly.pl/oferta/egipt-wczasy/?filter[dest]=11:&filter[hotelids]=&filter[cityids]=&filter[cregids]=&filter[ofrType]=&filter[addObjType]=&filter[whenFrom]=10-10-2026&filter[whenTo]=05-11-2026&filter[duration]=7:10&filter[from]=&filter[person]=2&filter[child]=1&filter[price]=0:11000&filter[PriceFrom]=0&filter[PriceTo]=11000&filter[addCategory]=50&filter[addCatering]=1&filter[addMisc]=0&filter[addTransport]=F&filter[fp]=1&order_by=ofr_price&filter[tourOperator]=0&filter[childAge][1]=20201210","https://datacfstatic.merlinx.pl/EXIM/IMG/104804/47170af13502131b7b7d23ecf494e622a96110e1a4bfcf3019d7db4830283601.webp","https://fly.pl/wycieczka/egipt,marsa-alam,c/utopia-blue-resort-13/ptceVPlVWS9QcrUaYmAI2xAAog7LoBMf_sRZgkiXEkbKVWHxPPD5S6T_zmYslq6S4q_1gqBEVYSU0wkdan1AZIoUlQAVj1CmACagJBSXIhHBHksga5BImMPqsEHBvb1y0Yr_ozAZmu2tQIAgBjAQIMXb2b0A/ofertasv/?filter[tourOperator]=EXIM&filter%5Bperson%5D=2&filter%5BchildAge%5D%5B1%5D=20201210&filter%5Bchild%5D=1"
"Domina Coral Bay Resort","9396.0","10.10.2026 - 17.10.2026","8 dni/7 nocy","","4.2","4.2","12393","tripadvisor","Все аэропорты","2026-08-22T18:31:40.619491+00:00","https://fly.pl/oferta/egipt-wczasy/?filter[dest]=11:&filter[hotelids]=&filter[cityids]=&filter[cregids]=&filter[ofrType]=&filter[addObjType]=&filter[whenFrom]=10-10-2026&filter[whenTo]=05-11-2026&filter[duration]=7:10&filter[from]=&filter[person]=2&filter[child]=1&filter[price]=0:11000&filter[PriceFrom]=0&filter[PriceTo]=11000&filter[addCategory]=50&filter[addCatering]=1&filter[addMisc]=0&filter[addTransport]=F&filter[fp]=1&order_by=ofr_price&filter[tourOperator]=0&filter[childAge][1]=20201210","https://fly.pl/cdn/photo/assets/uploads/582/278/2014/07/DOMINA.jpg","https://fly.pl/wycieczka/egipt,sharm-el-sheikh,c/domina-coral-bay-resort-sharm-el-sheikh/pzzKcesPCCGeMYsfRfvu4eAAogNUm0aogpLaPbXoUBKazRwAAAAACZhAQAtoQEAAcAEgAqBFdFWlkwkdan1AZItElQQViFCWADaglFbnRlciBBaXJqBDA4MDByQ54BlQEfAAIBHAAWBBcCEu0DGIUFE80BFMkEQJJyT6CiAUwAS8cjUAAR50UdqvwOIB0btu0EDabavQkBEmMBDWMBAwVmTuMM/ofertasv/?filter[tourOperator]=WEZY&filter%5Bperson%5D=2&filter%5BchildAge%5D%5B1%5D=20201210&filter%5Bchild%5D=1"
"Domina Coral Bay Aquamarine","9413.0","13.10.2026 - 20.10.2026","8 dni/7 nocy","","4.2","4.2","12393","tripadvisor","Все аэропорты","2026-08-22T18:31:40.619491+00:00","https://fly.pl/oferta/egipt-wczasy/?filter[dest]=11:&filter[hotelids]=&filter[cityids]=&filter[cregids]=&filter[ofrType]=&filter[addObjType]=&filter[whenFrom]=10-10-2026&filter[whenTo]=05-11-2026&filter[duration]=7:10&filter[from]=&filter[person]=2&filter[child]=1&filter[price]=0:11000&filter[PriceFrom]=0&filter[PriceTo]=11000&filter[addCategory]=50&filter[addCatering]=1&filter[addMisc]=0&filter[addTransport]=F&filter[fp]=1&order_by=ofr_price&filter[tourOperator]=0&filter[childAge][1]=20201210","https://fly.pl/cdn/photo/assets/uploads/582/278/2014/07/Domina-Coral-Bay-Aquamarine.jpg","https://fly.pl/wycieczka/egipt,sharm-el-sheikh,c/domina-coral-bay-aquamarine/pPGc7h_Q5EzyVEfTYZZ93MAAogPIS5Ln1NAqrP7o3OlTSPJ1ATkd0Et3pHZ-B5Uah2j-0qBEpPSVAwkdan1AZIxUlQQVjNCWACckMUARUGFwBcA1gFVgJAygZP4gFdAFvpPRH4igFL1gFhAF6nMFKmIFMATKywOg2o_ZcJIAABo9HgiLSJzKAwAg1jAQAMZ2ubfw/ofertasv/?filter[tourOperator]=JOIP&filter%5Bperson%5D=2&filter%5BchildAge%5D%5B1%5D=20201210&filter%5Bchild%5D=1"
"Cooee Prima Life Makadi Bay","9567.0","15.10.2026 - 22.10.2026","8 dni/7 nocy","","4.6","4.6","3287","tripadvisor","Все аэропорты","2026-08-22T18:31:40.619491+00:00","https://fly.pl/oferta/egipt-wczasy/?filter[dest]=11:&filter[hotelids]=&filter[cityids]=&filter[cregids]=&filter[ofrType]=&filter[addObjType]=&filter[whenFrom]=10-10-2026&filter[whenTo]=05-11-2026&filter[duration]=7:10&filter[from]=&filter[person]=2&filter[child]=1&filter[price]=0:11000&filter[PriceFrom]=0&filter[PriceTo]=11000&filter[addCategory]=50&filter[addCatering]=1&filter[addMisc]=0&filter[addTransport]=F&filter[fp]=1&order_by=ofr_price&filter[tourOperator]=0&filter[childAge][1]=20201210","https://fly.pl/cdn/photo/assets/uploads/582/278/2014/12/Prima-Life-Makadi-Resort.jpg","https://fly.pl/wycieczka/egipt,hurghada,c/prima-life-makadi-bay/p5WG7kcrK_D3RjG1sWc6Z9AAogu-QFWhSLdl-6QPOnQtd6uUeY0cHKMlwUtUEW4JLEsTgqBEVYSU0wkdan1AZI30pQAVj9CWACagJBSXIhHBHGuAa5BOKCPqsEHBu6ii8Y_pc3AYK98IkJAgBjAQIFSzH_nA/ofertasv/?filter[tourOperator]=EXIM&filter%5Bperson%5D=2&filter%5BchildAge%5D%5B1%5D=20201210&filter%5Bchild%5D=1"
"Cleopatra Luxury Resort (Makadi Bay)","9584.0","25.10.2026 - 01.11.2026","8 dni/7 nocy","","4.6","4.6","3171","tripadvisor","Все аэропорты","2026-08-22T18:31:40.619491+00:00","https://fly.pl/oferta/egipt-wczasy/?filter[dest]=11:&filter[hotelids]=&filter[cityids]=&filter[cregids]=&filter[ofrType]=&filter[addObjType]=&filter[whenFrom]=10-10-2026&filter[whenTo]=05-11-2026&filter[duration]=7:10&filter[from]=&filter[person]=2&filter[child]=1&filter[price]=0:11000&filter[PriceFrom]=0&filter[PriceTo]=11000&filter[addCategory]=50&filter[addCatering]=1&filter[addMisc]=0&filter[addTransport]=F&filter[fp]=1&order_by=ofr_price&filter[tourOperator]=0&filter[childAge][1]=20201210","https://fly.pl/cdn/photo/assets/uploads/582/278/2014/10/Cleopatra-Luxury-Resort-Makadi-Bay.jpg","https://fly.pl/wycieczka/egipt,hurghada,makadi-bay/cleopatra-luxury-resort-makadi-bay/pm7b9jC68xpuIsUVpGbQtPAAogWa53C9QSWHcXCLC2SASdrGsfmPE5MosFyu9Bpr8s0iIqBE9BU0kwkdan1AZI8EpQAVjtC2ACagNBSWxyIRwRmMABqwSb3g-5BB0bu7gNGPXzEgGc3vuYAgIAYwECBil0gG8/ofertasv/?filter[tourOperator]=OASI&filter%5Bperson%5D=2&filter%5BchildAge%5D%5B1%5D=20201210&filter%5Bchild%5D=1"
"Park Regency Resort (ex. Hyatt)","9623.0","27.10.2026 - 03.11.2026","8 dni/7 nocy","","4.6","4.6","6179","tripadvisor","Все аэропорты","2026-08-22T18:31:40.619491+00:00","https://fly.pl/oferta/egipt-wczasy/?filter[dest]=11:&filter[hotelids]=&filter[cityids]=&filter[cregids]=&filter[ofrType]=&filter[addObjType]=&filter[whenFrom]=10-10-2026&filter[whenTo]=05-11-2026&filter[duration]=7:10&filter[from]=&filter[person]=2&filter[child]=1&filter[price]=0:11000&filter[PriceFrom]=0&filter[PriceTo]=11000&filter[addCategory]=50&filter[addCatering]=1&filter[addMisc]=0&filter[addTransport]=F&filter[fp]=1&order_by=ofr_price&filter[tourOperator]=0&filter[childAge][1]=20201210","https://fly.pl/cdn/photo/assets/uploads/582/278/2014/07/Park-Regency.jpg","https://fly.pl/wycieczka/egipt,sharm-el-sheikh,c/hyatt-regency-sharm/pQAL8oam1Q3dwnTFzsPJu-AAoghtKjEU_vCNx_1bBgiq_3R5gpXVUQjygZk0IwIA3_YjEqBE9BU0kwkdan1AZIl0tQAVidDGACagNBSWxyIRwRuq8BuQSK9w-rBAIbwLwPGPKFEwGusc6mAgIAYwECBb65qFU/ofertasv/?filter[tourOperator]=OASI&filter%5Bperson%5D=2&filter%5BchildAge%5D%5B1%5D=20201210&filter%5Bchild%5D=1"
"El Malikia Resort Abu Dabbab (ex.Sol Y Mar)","9633.0","20.10.2026 - 27.10.2026","8 dni/7 nocy","","4.5","4.5","6725","tripadvisor","Все аэропорты","2026-08-22T18:31:40.619491+00:00","https://fly.pl/oferta/egipt-wczasy/?filter[dest]=11:&filter[hotelids]=&filter[cityids]=&filter[cregids]=&filter[ofrType]=&filter[addObjType]=&filter[whenFrom]=10-10-2026&filter[whenTo]=05-11-2026&filter[duration]=7:10&filter[from]=&filter[person]=2&filter[child]=1&filter[price]=0:11000&filter[PriceFrom]=0&filter[PriceTo]=11000&filter[addCategory]=50&filter[addCatering]=1&filter[addMisc]=0&filter[addTransport]=F&filter[fp]=1&order_by=ofr_price&filter[tourOperator]=0&filter[childAge][1]=20201210","https://fly.pl/cdn/photo/assets/uploads/582/278/2016/11/El-Malikia-Resort-Abu-Dabbab-ex.Sol-Y-Mar-fly-pl.jpg","https://fly.pl/wycieczka/egipt,marsa-alam,c/el-malikia-resort-abu-dabbab-ex-sol-y-mar/pGK2-nyoueUZz7tRk4u_QcAAogo0q9YG6bVxhicxi1gl8NqWp1Pss5sN_GU9fvLFtRr8EqBFNGUEwwkdan1AZIoUtQQVj1CmACciELAxUEIgYSJ1zGAkAuW_cDDf3J1AlR-a_kkgYCEmMBAgY8m9A3/ofertasv/?filter[tourOperator]=SFPL&filter%5Bperson%5D=2&filter%5BchildAge%5D%5B1%5D=20201210&filter%5Bchild%5D=1"
"Pickalbatros Dana Beach Resort","9657.0","29.10.2026 - 05.11.2026","9 dni/7 nocy","","4.4","4.4","2852","tripadvisor","Все аэропорты","2026-08-22T18:31:40.619491+00:00","https://fly.pl/oferta/egipt-wczasy/?filter[dest]=11:&filter[hotelids]=&filter[cityids]=&filter[cregids]=&filter[ofrType]=&filter[addObjType]=&filter[whenFrom]=10-10-2026&filter[whenTo]=05-11-2026&filter[duration]=7:10&filter[from]=&filter[person]=2&filter[child]=1&filter[price]=0:11000&filter[PriceFrom]=0&filter[PriceTo]=11000&filter[addCategory]=50&filter[addCatering]=1&filter[addMisc]=0&filter[addTransport]=F&filter[fp]=1&order_by=ofr_price&filter[tourOperator]=0&filter[childAge][1]=20201210","https://fly.pl/cdn/photo/assets/uploads/582/278/2014/10/Dana-Beach-Resort-fly-pl-1.jpg","https://fly.pl/wycieczka/egipt,hurghada,c/dana-beach/pefT2L5SYcxbDXkUb-Q9fWAAogGhUe-7e9uaIQqCaDkkKgrv966lwJMXcBoSKWCVd3NSUqBEVYSU0wkdan1AZIuUtQAVjNDGACagJBSXIhHBGi-AarBLawS7kERBuJ-zcY5KFTAYSU9sYNAgBjAQIM5ExhYg/ofertasv/?filter[tourOperator]=EXIM&filter%5Bperson%5D=2&filter%5BchildAge%5D%5B1%5D=20201210&filter%5Bchild%5D=1"
"Coral Sea Water World Resort","9668.0","28.10.2026 - 05.11.2026","9 dni/8 nocy","","4.5","4.5","9359","tripadvisor","Все аэропорты","2026-08-22T18:31:40.619491+00:00","https://fly.pl/oferta/egipt-wczasy/?filter[dest]=11:&filter[hotelids]=&filter[cityids]=&filter[cregids]=&filter[ofrType]=&filter[addObjType]=&filter[whenFrom]=10-10-2026&filter[whenTo]=05-11-2026&filter[duration]=7:10&filter[from]=&filter[person]=2&filter[child]=1&filter[price]=0:11000&filter[PriceFrom]=0&filter[PriceTo]=11000&filter[addCategory]=50&filter[addCatering]=1&filter[addMisc]=0&filter[addTransport]=F&filter[fp]=1&order_by=ofr_price&filter[tourOperator]=0&filter[childAge][1]=20201210","https://fly.pl/cdn/photo/assets/uploads/582/278/2014/07/Coral-Sea-Waterworld.jpg","https://fly.pl/wycieczka/egipt,sharm-el-sheikh,c/coral-sea-water-world/p0wMda66EMlCxeAGQWKz-EAAogiwVAr_uHQ-nksYc1IaRWSTZryUzwBl2_SNj0C1jABO4qBEpPSVAwkdan1AZIxEtQQVi1DGACagMxMm9yQpsBFAEVBhcBXAJYBVYCQMoGT-IBXQBLt8oBYQBepzAR1RNS0QxTAEyssDoNt_2XCSABAau39K-1yMygMAINYwEADKbW-Ys/ofertasv/?filter[tourOperator]=JOIP&filter%5Bperson%5D=2&filter%5BchildAge%5D%5B1%5D=20201210&filter%5Bchild%5D=1"
"V Hotel Sharm","9730.0","28.10.2026 - 05.11.2026","9 dni/8 nocy","","4.2","4.2","2092","tripadvisor","Все аэропорты","2026-08-22T18:31:40.619491+00:00","https://fly.pl/oferta/egipt-wczasy/?filter[dest]=11:&filter[hotelids]=&filter[cityids]=&filter[cregids]=&filter[ofrType]=&filter[addObjType]=&filter[whenFrom]=10-10-2026&filter[whenTo]=05-11-2026&filter[duration]=7:10&filter[from]=&filter[person]=2&filter[child]=1&filter[price]=0:11000&filter[PriceFrom]=0&filter[PriceTo]=11000&filter[addCategory]=50&filter[addCatering]=1&filter[addMisc]=0&filter[addTransport]=F&filter[fp]=1&order_by=ofr_price&filter[tourOperator]=0&filter[childAge][1]=20201210","https://fly.pl/cdn/photo/assets/uploads/582/278/2017/08/Pyramisa-Beach-Resort.jpg","https://fly.pl/wycieczka/egipt,sharm-el-sheikh,szarm-el-szejk/dessole-pyramisa-egipt-sharm-el-sheikh-egipt/prvrhS5S15VY6ShfIlB0IxAAog_SMFmfnuvLhon_4oWdVy1TZryUzwBl2_SNj0C1jABO4qBEpPSVAwkdan1AZIgkxQQVi1DGACagMwYWtyQpsBFAEVBhcBXAJYBVYCQMoGT-IBXQBLt8oBYQBepzBSpiBTABGGDEympDoNt_2XCSABAZ_j0Ki1yMygMAINYwEADBQALjU/ofertasv/?filter[tourOperator]=JOIP&filter%5Bperson%5D=2&filter%5BchildAge%5D%5B1%5D=20201210&filter%5Bchild%5D=1"
"Hilton Marsa Alam Nubian Resort","9774.0","17.10.2026 - 24.10.2026","8 dni/7 nocy","","4.7","4.7","10162","tripadvisor","Все аэропорты","2026-08-22T18:31:40.619491+00:00","https://fly.pl/oferta/egipt-wczasy/?filter[dest]=11:&filter[hotelids]=&filter[cityids]=&filter[cregids]=&filter[ofrType]=&filter[addObjType]=&filter[whenFrom]=10-10-2026&filter[whenTo]=05-11-2026&filter[duration]=7:10&filter[from]=&filter[person]=2&filter[child]=1&filter[price]=0:11000&filter[PriceFrom]=0&filter[PriceTo]=11000&filter[addCategory]=50&filter[addCatering]=1&filter[addMisc]=0&filter[addTransport]=F&filter[fp]=1&order_by=ofr_price&filter[tourOperator]=0&filter[childAge][1]=20201210","https://fly.pl/cdn/photo/assets/uploads/582/278/2014/08/Tropitel-Dahab-Oasis.jpg","https://fly.pl/wycieczka/egipt,marsa-alam,c/hilton-marsa-alam-nubian-resort/pqlKzsvpFVMvjSVTwHcMoMAAogZJjfKNJ5BJ5ect68px_UYmECgtijhDrT6bu4Y7o874kqBE9SRVgwkdan1AZIrkxQQVitCmACagZESS4yLjFyNpsBFQcXAFwDWAVWAkDKBhGmDV3dFk8kXpnYAVO8FFIAS7EvYQBM5Yw6IKz9lwkNAAISYwECDf3VleU/ofertasv/?filter[tourOperator]=OREX&filter%5Bperson%5D=2&filter%5BchildAge%5D%5B1%5D=20201210&filter%5Bchild%5D=1"
"Jaz Elite Asteria (Hurghada)","9777.0","27.10.2026 - 03.11.2026","9 dni/7 nocy","","4.9","4.9","620","tripadvisor","Все аэропорты","2026-08-22T18:31:40.619491+00:00","https://fly.pl/oferta/egipt-wczasy/?filter[dest]=11:&filter[hotelids]=&filter[cityids]=&filter[cregids]=&filter[ofrType]=&filter[addObjType]=&filter[whenFrom]=10-10-2026&filter[whenTo]=05-11-2026&filter[duration]=7:10&filter[from]=&filter[person]=2&filter[child]=1&filter[price]=0:11000&filter[PriceFrom]=0&filter[PriceTo]=11000&filter[addCategory]=50&filter[addCatering]=1&filter[addMisc]=0&filter[addTransport]=F&filter[fp]=1&order_by=ofr_price&filter[tourOperator]=0&filter[childAge][1]=20201210","https://fly.pl/cdn/photo/assets/uploads/582/278/2024/07/jaz-asteria-beach.jpg","https://fly.pl/wycieczka/egipt,hurghada,sahl-hasheesh/jaz-asteria-beach-11/p24j2UavRdIHtqaSXLnCtoAAog6haa7-qW7wRfloMD_pyTKZmSZ-ZO1HkJPLAVYySL8QwqBEVYSU0wkdan1AZIsUxQAVidDGACagJBSXIhHBGz_wa5BICoS6sEXhvZpEAYsN5HAZK0nawNAhJjAQIMvy4OTQ/ofertasv/?filter[tourOperator]=EXIM&filter%5Bperson%5D=2&filter%5BchildAge%5D%5B1%5D=20201210&filter%5Bchild%5D=1"
"Gorgonia Beach","9783.0","20.10.2026 - 27.10.2026","8 dni/7 nocy","","4.5","4.5","3746","tripadvisor","Все аэропорты","2026-08-22T18:31:40.619491+00:00","https://fly.pl/oferta/egipt-wczasy/?filter[dest]=11:&filter[hotelids]=&filter[cityids]=&filter[cregids]=&filter[ofrType]=&filter[addObjType]=&filter[whenFrom]=10-10-2026&filter[whenTo]=05-11-2026&filter[duration]=7:10&filter[from]=&filter[person]=2&filter[child]=1&filter[price]=0:11000&filter[PriceFrom]=0&filter[PriceTo]=11000&filter[addCategory]=50&filter[addCatering]=1&filter[addMisc]=0&filter[addTransport]=F&filter[fp]=1&order_by=ofr_price&filter[tourOperator]=0&filter[childAge][1]=20201210","https://fly.pl/cdn/photo/assets/uploads/582/278/2016/12/Gorgonia-Beach-Resort.jpg","https://fly.pl/wycieczka/egipt,marsa-alam,c/gorgonia-beach/pQ6DxzLkl2HGeWpUicgX_zAAog9neub51qzm8qFv04mqPBk9ExpNyR8PdMYb0hQMEv2X0qBFNGUEwwkdan1AZIt0xQQVj1CmACciMLAhUFIgYSJ1zGAkAuDfTN1AlRy_PjkgZbifjAHwISYwECBopxovY/ofertasv/?filter[tourOperator]=SFPL&filter%5Bperson%5D=2&filter%5BchildAge%5D%5B1%5D=20201210&filter%5Bchild%5D=1"
"Cleopatra Luxury Resort","9785.0","28.10.2026 - 05.11.2026","9 dni/8 nocy","","4.5","4.5","7571","tripadvisor","Все аэропорты","2026-08-22T18:31:40.619491+00:00","https://fly.pl/oferta/egipt-wczasy/?filter[dest]=11:&filter[hotelids]=&filter[cityids]=&filter[cregids]=&filter[ofrType]=&filter[addObjType]=&filter[whenFrom]=10-10-2026&filter[whenTo]=05-11-2026&filter[duration]=7:10&filter[from]=&filter[person]=2&filter[child]=1&filter[price]=0:11000&filter[PriceFrom]=0&filter[PriceTo]=11000&filter[addCategory]=50&filter[addCatering]=1&filter[addMisc]=0&filter[addTransport]=F&filter[fp]=1&order_by=ofr_price&filter[tourOperator]=0&filter[childAge][1]=20201210","https://fly.pl/cdn/photo/assets/uploads/582/278/2014/07/58ae3c6b287eb1e74191c52d1e07af6ad3ddd609476a5d59c69f95f8f8409586.jpg","https://fly.pl/wycieczka/egipt,sharm-el-sheikh,nabq-bay/the-cleopatra-luxury-resort-collection/plkFINdWicX6toI-2UjlJBAAogqbqE5m0jpymqyRU3En9eKzZryUzwBl2_SNj0C1jABO4qBEpPSVAwkdan1AZIuUxQQVi1DGACagMwMllyQ5sBFAEVBhcBXAJYBVYCQMoGT-IBXQBLt8oBYQBepzBSpiBTABHTtgFM2fk4Dbf9lwkgAQGk3_CotcjMoDACDWMBAAuaO40a/ofertasv/?filter[tourOperator]=JOIP&filter%5Bperson%5D=2&filter%5BchildAge%5D%5B1%5D=20201210&filter%5Bchild%5D=1"
"Domina Coral Bay Sultan","9822.0","13.10.2026 - 20.10.2026","8 dni/7 nocy","","4.2","4.2","12393","tripadvisor","Все аэропорты","2026-08-22T18:31:40.619491+00:00","https://fly.pl/oferta/egipt-wczasy/?filter[dest]=11:&filter[hotelids]=&filter[cityids]=&filter[cregids]=&filter[ofrType]=&filter[addObjType]=&filter[whenFrom]=10-10-2026&filter[whenTo]=05-11-2026&filter[duration]=7:10&filter[from]=&filter[person]=2&filter[child]=1&filter[price]=0:11000&filter[PriceFrom]=0&filter[PriceTo]=11000&filter[addCategory]=50&filter[addCatering]=1&filter[addMisc]=0&filter[addTransport]=F&filter[fp]=1&order_by=ofr_price&filter[tourOperator]=0&filter[childAge][1]=20201210","https://fly.pl/cdn/photo/assets/uploads/582/278/2014/07/Domina-Coral-Bay-Sultan.jpg","https://fly.pl/wycieczka/egipt,sharm-el-sheikh,c/domina-coral-bay-sultan/pqn_8YCsIRG0VabgusdzeHAAogqRHyLXLOaXygHFM-xpbs6lATkd0Et3pHZ-B5Uah2j-0qBEpPSVAwkdan1AZI3kxQQVjNCWACagM5b0dyQpsBFAEVBhcAXANYBVYCQMoGT-IBXQAR4sgBS9UBYQBepzBSpiBTAEyssDoNqP2XCSAAAbTHtJC0icygMAINYwEADJFYgtU/ofertasv/?filter[tourOperator]=JOIP&filter%5Bperson%5D=2&filter%5BchildAge%5D%5B1%5D=20201210&filter%5Bchild%5D=1"
"Pickalbatros White Beach Resort","9857.0","29.10.2026 - 05.11.2026","9 dni/7 nocy","","4.8","4.8","3752","tripadvisor","Все аэропорты","2026-08-22T18:31:40.619491+00:00","https://fly.pl/oferta/egipt-wczasy/?filter[dest]=11:&filter[hotelids]=&filter[cityids]=&filter[cregids]=&filter[ofrType]=&filter[addObjType]=&filter[whenFrom]=10-10-2026&filter[whenTo]=05-11-2026&filter[duration]=7:10&filter[from]=&filter[person]=2&filter[child]=1&filter[price]=0:11000&filter[PriceFrom]=0&filter[PriceTo]=11000&filter[addCategory]=50&filter[addCatering]=1&filter[addMisc]=0&filter[addTransport]=F&filter[fp]=1&order_by=ofr_price&filter[tourOperator]=0&filter[childAge][1]=20201210","https://fly.pl/cdn/photo/assets/uploads/582/278/2015/09/Albatros-White-Beach-fly-pl.jpg","https://fly.pl/wycieczka/egipt,hurghada,c/albatros-white-beach/pdBpsEiTTVM2udOTghZ47pAAog_B0ErR8oWnBRk4ztaEy6X_966lwJMXcBoSKWCVd3NSUqBEVYSU0wkdan1AZIgU1QAVjNDGACagJBSXIhHBGm-AarBLKwS7kERBuA_DcY4qFTAdnx-sYNAgBjAQIMX4gytw/ofertasv/?filter[tourOperator]=EXIM&filter%5Bperson%5D=2&filter%5BchildAge%5D%5B1%5D=20201210&filter%5Bchild%5D=1"
"Lazuli (Marsa Alam)","9897.0","10.10.2026 - 18.10.2026","9 dni/7 nocy","","4.7","4.7","1081","tripadvisor","Все аэропорты","2026-08-22T18:31:40.619491+00:00","https://fly.pl/oferta/egipt-wczasy/?filter[dest]=11:&filter[hotelids]=&filter[cityids]=&filter[cregids]=&filter[ofrType]=&filter[addObjType]=&filter[whenFrom]=10-10-2026&filter[whenTo]=05-11-2026&filter[duration]=7:10&filter[from]=&filter[person]=2&filter[child]=1&filter[price]=0:11000&filter[PriceFrom]=0&filter[PriceTo]=11000&filter[addCategory]=50&filter[addCatering]=1&filter[addMisc]=0&filter[addTransport]=F&filter[fp]=1&order_by=ofr_price&filter[tourOperator]=0&filter[childAge][1]=20201210","https://fly.pl/cdn/photo/assets/uploads/582/278/2021/06/Lazuli1.jpg","https://fly.pl/wycieczka/egipt,marsa-alam,al-kusajr/lazuli-13/pQKbgPGov3a_NjAsdZQom0AAogB4x5lFc9Ef0DS6L57Meuj5APaq7t_caFLM2yOUCCvvcqBFZJVFgwkdan1AZIqU1QQViFCWACckAaABUHFwBcA1gFQI8DW7-DAWGXTEsAXqcwUrwUUwBM1OM5DefVmAkgAV2q65HsqAFPlNqZijdRma0BAg1jAQIMrg1Hyg/ofertasv/?filter[tourOperator]=VITX&filter%5Bperson%5D=2&filter%5BchildAge%5D%5B1%5D=20201210&filter%5Bchild%5D=1"
"Royal Brayka Beach Resort (ex Zee Brayka)","9897.0","10.10.2026 - 18.10.2026","9 dni/7 nocy","","4.4","4.4","2462","tripadvisor","Все аэропорты","2026-08-22T18:31:40.619491+00:00","https://fly.pl/oferta/egipt-wczasy/?filter[dest]=11:&filter[hotelids]=&filter[cityids]=&filter[cregids]=&filter[ofrType]=&filter[addObjType]=&filter[whenFrom]=10-10-2026&filter[whenTo]=05-11-2026&filter[duration]=7:10&filter[from]=&filter[person]=2&filter[child]=1&filter[price]=0:11000&filter[PriceFrom]=0&filter[PriceTo]=11000&filter[addCategory]=50&filter[addCatering]=1&filter[addMisc]=0&filter[addTransport]=F&filter[fp]=1&order_by=ofr_price&filter[tourOperator]=0&filter[childAge][1]=20201210","https://fly.pl/cdn/photo/assets/uploads/582/278/2014/07/Royal-Brayka-Resort.jpg","https://fly.pl/wycieczka/egipt,marsa-alam,c/royal-brayka-resort/pp31XPCy9QfhiF9jsNZuZuAAog5rYF8yNB3I9WrjgY4SliMpAPaq7t_caFLM2yOUCCvvcqBFZJVFgwkdan1AZIqU1QQViFCWACckAaABUHFwBcA1gFQI8DW7-DAWGXTEsAXqcwUrwUUwBM1OM5DefVmAkgAV2q65HsqAFPlNqZijdRwcUTAg5jAQINeOdHvA/ofertasv/?filter[tourOperator]=VITX&filter%5Bperson%5D=2&filter%5BchildAge%5D%5B1%5D=20201210&filter%5Bchild%5D=1"
"Casa Mare Resort (ex. Royal Tulip Beach Resort)","9897.0","10.10.2026 - 18.10.2026","9 dni/7 nocy","","4.7","4.7","4700","tripadvisor","Все аэропорты","2026-08-22T18:31:40.619491+00:00","https://fly.pl/oferta/egipt-wczasy/?filter[dest]=11:&filter[hotelids]=&filter[cityids]=&filter[cregids]=&filter[ofrType]=&filter[addObjType]=&filter[whenFrom]=10-10-2026&filter[whenTo]=05-11-2026&filter[duration]=7:10&filter[from]=&filter[person]=2&filter[child]=1&filter[price]=0:11000&filter[PriceFrom]=0&filter[PriceTo]=11000&filter[addCategory]=50&filter[addCatering]=1&filter[addMisc]=0&filter[addTransport]=F&filter[fp]=1&order_by=ofr_price&filter[tourOperator]=0&filter[childAge][1]=20201210","https://fly.pl/cdn/photo/assets/uploads/582/278/2015/12/Casa-Mare-Resort.jpg","https://fly.pl/wycieczka/egipt,marsa-alam,c/royal-tulip-beach-resort/po4CaEV7xbW7cNBU3C2MlzAAogwu4uCFTD8p_Zs-1DsihgJZAPaq7t_caFLM2yOUCCvvcqBFZJVFgwkdan1AZIqU1QQViFCWACckAaABUHFwBcA1gFQI8DW5eFAWG_SksAXqcwUrwUUwBM1OM5DefVmAkgAV2q65HsqAFPlNqZijdR3tcZAg5jAQINdk7KpA/ofertasv/?filter[tourOperator]=VITX&filter%5Bperson%5D=2&filter%5BchildAge%5D%5B1%5D=20201210&filter%5Bchild%5D=1"
"Titanic Beach Spa & Aqua Park","9897.0","11.10.2026 - 19.10.2026","9 dni/7 nocy","","4.3","4.3","7411","tripadvisor","Все аэропорты","2026-08-22T18:31:40.619491+00:00","https://fly.pl/oferta/egipt-wczasy/?filter[dest]=11:&filter[hotelids]=&filter[cityids]=&filter[cregids]=&filter[ofrType]=&filter[addObjType]=&filter[whenFrom]=10-10-2026&filter[whenTo]=05-11-2026&filter[duration]=7:10&filter[from]=&filter[person]=2&filter[child]=1&filter[price]=0:11000&filter[PriceFrom]=0&filter[PriceTo]=11000&filter[addCategory]=50&filter[addCatering]=1&filter[addMisc]=0&filter[addTransport]=F&filter[fp]=1&order_by=ofr_price&filter[tourOperator]=0&filter[childAge][1]=20201210","https://fly.pl/cdn/photo/assets/uploads/582/278/2014/07/Titanic-Beach-Spa-Aqua-Park-fly-pl.jpg","https://fly.pl/wycieczka/egipt,hurghada,c/titanic-beach-spa/pmveyM2yeWqDQYvs2ylwygAAogVxgQRMa9aDHaSIYkD5TTWTV_53miNr191AZm1jtFIdgqBFZJVFgwkdan1AZIqU1QQVidCWACckAaABUHFwBcA1gFQI8DW7-DAVOPLVIAYYgfSwBepzBMkvg5DebVmAkgAU--r8z7jwFRrOAYXbTRkPAYAgxjAQILspVEwA/ofertasv/?filter[tourOperator]=VITX&filter%5Bperson%5D=2&filter%5BchildAge%5D%5B1%5D=20201210&filter%5Bchild%5D=1"
"Hilton Plaza (Hurghada)","9900.0","25.10.2026 - 01.11.2026","8 dni/7 nocy","","4.6","4.6","4208","tripadvisor","Все аэропорты","2026-08-22T18:31:40.619491+00:00","https://fly.pl/oferta/egipt-wczasy/?filter[dest]=11:&filter[hotelids]=&filter[cityids]=&filter[cregids]=&filter[ofrType]=&filter[addObjType]=&filter[whenFrom]=10-10-2026&filter[whenTo]=05-11-2026&filter[duration]=7:10&filter[from]=&filter[person]=2&filter[child]=1&filter[price]=0:11000&filter[PriceFrom]=0&filter[PriceTo]=11000&filter[addCategory]=50&filter[addCatering]=1&filter[addMisc]=0&filter[addTransport]=F&filter[fp]=1&order_by=ofr_price&filter[tourOperator]=0&filter[childAge][1]=20201210","https://fly.pl/cdn/photo/assets/uploads/582/278/2014/10/Hilton-Plaza.jpg","https://fly.pl/wycieczka/egipt,hurghada,c/hilton-plaza-hurghada/p_QQiKij-Np0us2efrpyv8AAogU2pG0SOPlBI6YAqhh3uhNmsfmPE5MosFyu9Bpr8s0iIqBE9BU0kwkdan1AZIrE1QAVjtC2ACagNBSWxyIBwR9XarBL6nELkEHRuo_g0Y2LASAav6gJkCAgBjAQIFFn9GPw/ofertasv/?filter[tourOperator]=OASI&filter%5Bperson%5D=2&filter%5BchildAge%5D%5B1%5D=20201210&filter%5Bchild%5D=1"
"Pickalbatros Laguna Vista Beach","9929.0","27.10.2026 - 03.11.2026","8 dni/7 nocy","","4.0","4.0","3068","tripadvisor","Все аэропорты","2026-08-22T18:31:40.619491+00:00","https://fly.pl/oferta/egipt-wczasy/?filter[dest]=11:&filter[hotelids]=&filter[cityids]=&filter[cregids]=&filter[ofrType]=&filter[addObjType]=&filter[whenFrom]=10-10-2026&filter[whenTo]=05-11-2026&filter[duration]=7:10&filter[from]=&filter[person]=2&filter[child]=1&filter[price]=0:11000&filter[PriceFrom]=0&filter[PriceTo]=11000&filter[addCategory]=50&filter[addCatering]=1&filter[addMisc]=0&filter[addTransport]=F&filter[fp]=1&order_by=ofr_price&filter[tourOperator]=0&filter[childAge][1]=20201210","https://fly.pl/cdn/photo/assets/uploads/582/278/2014/07/laguna.jpg","https://fly.pl/wycieczka/egipt,sharm-el-sheikh,c/laguna-vista-beach/pN5tSaENytuq_qJ2kgYdpCAAogXpXj3GP2dbKL_hXINV-b-pgpXVUQjygZk0IwIA3_YjEqBE9BU0kwktan1AZIyU1QAVidDGACagNBSWxyIRwRpq8BuQSe9w-rBAIb-rwOGNz9EQGY0N-ZAgIAYwECDCIU9kg/ofertasv/?filter[tourOperator]=OASI&filter%5Bperson%5D=2&filter%5BchildAge%5D%5B1%5D=20201210&filter%5Bchild%5D=1"
"Jaz Makadi Saraya (ex Iberotel)","9941.0","29.10.2026 - 05.11.2026","8 dni/7 nocy","","4.8","4.8","6770","tripadvisor","Все аэропорты","2026-08-22T18:31:40.619491+00:00","https://fly.pl/oferta/egipt-wczasy/?filter[dest]=11:&filter[hotelids]=&filter[cityids]=&filter[cregids]=&filter[ofrType]=&filter[addObjType]=&filter[whenFrom]=10-10-2026&filter[whenTo]=05-11-2026&filter[duration]=7:10&filter[from]=&filter[person]=2&filter[child]=1&filter[price]=0:11000&filter[PriceFrom]=0&filter[PriceTo]=11000&filter[addCategory]=50&filter[addCatering]=1&filter[addMisc]=0&filter[addTransport]=F&filter[fp]=1&order_by=ofr_price&filter[tourOperator]=0&filter[childAge][1]=20201210","https://fly.pl/cdn/photo/assets/uploads/582/278/2014/07/Jaz-Makadi-Saraya-ex-Iberotel-fly-pl.jpg","https://fly.pl/wycieczka/egipt,hurghada,makadi-bay/iberotel-makadi-saraya/p3mKFZl08izRPxYBdN_bmxAAognryXYwA7WDJvrZj83QdZxxLqCxxQb8S86Hh0k4aD-ioqBE9SRVgwktan1AZI1U1QQVjNDGACagZEMC4yLjFyNZsBFQcXAFwDWAVWAhEaQLAGXZsPTyRT0p0BUgBer09L7UNhAEzljDoguP2XCQ0AAhJjAQIMtib2Fg/ofertasv/?filter[tourOperator]=OREX&filter%5Bperson%5D=2&filter%5BchildAge%5D%5B1%5D=20201210&filter%5Bchild%5D=1"
"Concorde El Salam Front Area","9974.0","10.10.2026 - 17.10.2026","8 dni/7 nocy","","4.8","4.8","1458","tripadvisor","Все аэропорты","2026-08-22T18:31:40.619491+00:00","https://fly.pl/oferta/egipt-wczasy/?filter[dest]=11:&filter[hotelids]=&filter[cityids]=&filter[cregids]=&filter[ofrType]=&filter[addObjType]=&filter[whenFrom]=10-10-2026&filter[whenTo]=05-11-2026&filter[duration]=7:10&filter[from]=&filter[person]=2&filter[child]=1&filter[price]=0:11000&filter[PriceFrom]=0&filter[PriceTo]=11000&filter[addCategory]=50&filter[addCatering]=1&filter[addMisc]=0&filter[addTransport]=F&filter[fp]=1&order_by=ofr_price&filter[tourOperator]=0&filter[childAge][1]=20201210","https://fly.pl/cdn/photo/assets/uploads/582/278/2024/07/concorde-el-salam-front.jpg","https://fly.pl/wycieczka/egipt,sharm-el-sheikh,szarm-el-szejk/concorde-el-salam-front-12/pZz1iMm883QOO90LAn0D4mAAogt11xlAQXekhiY73q7DQ2GAAAAACZhAQAtoQEAAcAEgAqBFdFWlkwktan1AZI9k1QQViFCWADaglFbnRlciBBaXJqBDA4MDByQ54BlQEfAAIBHAAWBBcCEu0DGIUFE80BFMkEEd4-QLQzTKCiAU8AS8cjUAAbsYMCHeC-DSAdDdzHwgkBEmMBDGMBAgVNqkUD/ofertasv/?filter[tourOperator]=WEZY&filter%5Bperson%5D=2&filter%5BchildAge%5D%5B1%5D=20201210&filter%5Bchild%5D=1"
"Ancient Sands Golf Resort","9995.0","25.10.2026 - 01.11.2026","8 dni/7 nocy","","4.8","4.8","3352","tripadvisor","Все аэропорты","2026-08-22T18:31:40.619491+00:00","https://fly.pl/oferta/egipt-wczasy/?filter[dest]=11:&filter[hotelids]=&filter[cityids]=&filter[cregids]=&filter[ofrType]=&filter[addObjType]=&filter[whenFrom]=10-10-2026&filter[whenTo]=05-11-2026&filter[duration]=7:10&filter[from]=&filter[person]=2&filter[child]=1&filter[price]=0:11000&filter[PriceFrom]=0&filter[PriceTo]=11000&filter[addCategory]=50&filter[addCatering]=1&filter[addMisc]=0&filter[addTransport]=F&filter[fp]=1&order_by=ofr_price&filter[tourOperator]=0&filter[childAge][1]=20201210","https://fly.pl/cdn/photo/assets/uploads/582/278/2019/05/Ancient-Sands-Golf-Resort.jpg","https://fly.pl/wycieczka/egipt,hurghada,al-dzuna/ancient-sands-el-gouna/p2uhVh1m9FMFgYPJqiXFifAAog8KMciHait6UxXeopeBx70WsfmPE5MosFyu9Bpr8s0iIqBE9BU0kwktan1AZIi05QAVjtC2ACagNBSWxyIBwRyXarBOqnELkEHRukig4YpqASAZGq-pgCAgBjAQIMHLZwmg/ofertasv/?filter[tourOperator]=OASI&filter%5Bperson%5D=2&filter%5BchildAge%5D%5B1%5D=20201210&filter%5Bchild%5D=1"
"Sierra","10026.0","28.10.2026 - 05.11.2026","9 dni/8 nocy","","4.7","4.7","11365","tripadvisor","Все аэропорты","2026-08-22T18:31:40.619491+00:00","https://fly.pl/oferta/egipt-wczasy/?filter[dest]=11:&filter[hotelids]=&filter[cityids]=&filter[cregids]=&filter[ofrType]=&filter[addObjType]=&filter[whenFrom]=10-10-2026&filter[whenTo]=05-11-2026&filter[duration]=7:10&filter[from]=&filter[person]=2&filter[child]=1&filter[price]=0:11000&filter[PriceFrom]=0&filter[PriceTo]=11000&filter[addCategory]=50&filter[addCatering]=1&filter[addMisc]=0&filter[addTransport]=F&filter[fp]=1&order_by=ofr_price&filter[tourOperator]=0&filter[childAge][1]=20201210","https://fly.pl/cdn/photo/assets/uploads/582/278/2014/07/Sierra-Sharm.jpg","https://fly.pl/wycieczka/egipt,sharm-el-sheikh,c/sierra/pvd02cbnlzmHHVFgRzP3_JAAogr10ztq1CWnoVi5z0cDtT_jZryUzwBl2_SNj0C1jABO4qBEpPSVAwktan1AZIqk5QQVi1DGACagMwRVByQpsBFAEVBhcBXAJYBVYCQMoGT-IBXQARoscBS5UDYQBepzBSpiBTAEyssDoNt_2XCSABAbHL6MilyMygMAINYwEAC6viqt0/ofertasv/?filter[tourOperator]=JOIP&filter%5Bperson%5D=2&filter%5BchildAge%5D%5B1%5D=20201210&filter%5Bchild%5D=1"
"Cardina Resort by Sunrise","10027.0","10.10.2026 - 18.10.2026","9 dni/7 nocy","","4.0","4.0","1272","tripadvisor","Все аэропорты","2026-08-22T18:31:40.619491+00:00","https://fly.pl/oferta/egipt-wczasy/?filter[dest]=11:&filter[hotelids]=&filter[cityids]=&filter[cregids]=&filter[ofrType]=&filter[addObjType]=&filter[whenFrom]=10-10-2026&filter[whenTo]=05-11-2026&filter[duration]=7:10&filter[from]=&filter[person]=2&filter[child]=1&filter[price]=0:11000&filter[PriceFrom]=0&filter[PriceTo]=11000&filter[addCategory]=50&filter[addCatering]=1&filter[addMisc]=0&filter[addTransport]=F&filter[fp]=1&order_by=ofr_price&filter[tourOperator]=0&filter[childAge][1]=20201210","https://fly.pl/cdn/photo/assets/uploads/582/278/2016/11/Aurora-Oriental-Bay-Marsa-Alam.jpg","https://fly.pl/wycieczka/egipt,marsa-alam,c/aurora-oriental-bay-marsa-alam/pMkixf39cdBvbKOUeNbUcbAAog2pPopCOfI3D-_k0yQ65S9ifdFd6w4wEyk1_NSK21SYgqBEJWUFIwktan1AZIq05QAViFCWACag1BbGwgaW5jbHVzaXZlciAcEZtQG5XiBBio4wy5BP3uE6sEHQH1xYHCAQIAYwECC_shPkA/ofertasv/?filter[tourOperator]=BVPR&filter%5Bperson%5D=2&filter%5BchildAge%5D%5B1%5D=20201210&filter%5Bchild%5D=1"
"Stella Di Mare Beach & Spa","10056.0","28.10.2026 - 05.11.2026","9 dni/8 nocy","","4.8","4.8","7443","tripadvisor","Все аэропорты","2026-08-22T18:31:40.619491+00:00","https://fly.pl/oferta/egipt-wczasy/?filter[dest]=11:&filter[hotelids]=&filter[cityids]=&filter[cregids]=&filter[ofrType]=&filter[addObjType]=&filter[whenFrom]=10-10-2026&filter[whenTo]=05-11-2026&filter[duration]=7:10&filter[from]=&filter[person]=2&filter[child]=1&filter[price]=0:11000&filter[PriceFrom]=0&filter[PriceTo]=11000&filter[addCategory]=50&filter[addCatering]=1&filter[addMisc]=0&filter[addTransport]=F&filter[fp]=1&order_by=ofr_price&filter[tourOperator]=0&filter[childAge][1]=20201210","https://fly.pl/cdn/photo/assets/uploads/582/278/2014/07/Stella-Di-Mare-Beach-sharm.jpg","https://fly.pl/wycieczka/egipt,sharm-el-sheikh,szarm-el-szejk/stella-di-mare-beach-spa/pdp4ts2vGDWEqOA5oKumlCAAogxnrekrnEqwz4EI_DD-a_SjZryUzwBl2_SNj0C1jABO4qBEpPSVAwktan1AZIyE5QQVi1DGACagMwMHdyQpsBFAEVBhcBXAJYBVYCQMoGT-IBXQARq8YBS4wEYQBepzBSpiBTAEyssDoNt_2XCSABAbTB7MClyMygMAINYwEADBhYXbI/ofertasv/?filter[tourOperator]=JOIP&filter%5Bperson%5D=2&filter%5BchildAge%5D%5B1%5D=20201210&filter%5Bchild%5D=1"
"Pickalbatros Aqua Park Resort (Sharm El Sheikh)","10076.0","27.10.2026 - 03.11.2026","8 dni/7 nocy","","4.8","4.8","3547","tripadvisor","Все аэропорты","2026-08-22T18:31:40.619491+00:00","https://fly.pl/oferta/egipt-wczasy/?filter[dest]=11:&filter[hotelids]=&filter[cityids]=&filter[cregids]=&filter[ofrType]=&filter[addObjType]=&filter[whenFrom]=10-10-2026&filter[whenTo]=05-11-2026&filter[duration]=7:10&filter[from]=&filter[person]=2&filter[child]=1&filter[price]=0:11000&filter[PriceFrom]=0&filter[PriceTo]=11000&filter[addCategory]=50&filter[addCatering]=1&filter[addMisc]=0&filter[addTransport]=F&filter[fp]=1&order_by=ofr_price&filter[tourOperator]=0&filter[childAge][1]=20201210","https://fly.pl/cdn/photo/assets/uploads/582/278/2017/08/Albatros-Aqua-Park-Sharm.jpg","https://fly.pl/wycieczka/egipt,sharm-el-sheikh,szarm-el-szejk/albatros-aqua-park-sharm-el-sheikh/psEPwyZScTUBujTtBn6rRVAAog0NvYaIKbe0DUeHxGxaUjZZgpXVUQjygZk0IwIA3_YjEqBE9BU0kwktan1AZI3E5QAVidDGACagNBSWxyIRwRoa8BuQSj9w-rBAIbjLUPGNeAEwH70PalAgIAYwECDCLJjT4/ofertasv/?filter[tourOperator]=OASI&filter%5Bperson%5D=2&filter%5BchildAge%5D%5B1%5D=20201210&filter%5Bchild%5D=1"
"Coral Sea Holiday Resort","10111.0","28.10.2026 - 05.11.2026","9 dni/8 nocy","","4.5","4.5","10241","tripadvisor","Все аэропорты","2026-08-22T18:31:40.619491+00:00","https://fly.pl/oferta/egipt-wczasy/?filter[dest]=11:&filter[hotelids]=&filter[cityids]=&filter[cregids]=&filter[ofrType]=&filter[addObjType]=&filter[whenFrom]=10-10-2026&filter[whenTo]=05-11-2026&filter[duration]=7:10&filter[from]=&filter[person]=2&filter[child]=1&filter[price]=0:11000&filter[PriceFrom]=0&filter[PriceTo]=11000&filter[addCategory]=50&filter[addCatering]=1&filter[addMisc]=0&filter[addTransport]=F&filter[fp]=1&order_by=ofr_price&filter[tourOperator]=0&filter[childAge][1]=20201210","https://fly.pl/cdn/photo/assets/uploads/582/278/2014/07/Coral-Sea-Holiday-Resort.jpg","https://fly.pl/wycieczka/egipt,sharm-el-sheikh,c/coral-sea-holiday-village/pQdW1EVMbI1niMlwU4sw4pAAogptfsVq7K1bqsTrsL7o52bjZryUzwBl2_SNj0C1jABO4qBEpPSVAwktan1AZI_05QQVi1DGACckMUARUGFwFcAlgFVgJAygZP4gFdAFvyAmHFxwFLAF6nMBHUE1LSDFMATKywOg23_ZcJIAEBlNvwr7XIzKAwAg1jAQAMUFwtZg/ofertasv/?filter[tourOperator]=JOIP&filter%5Bperson%5D=2&filter%5BchildAge%5D%5B1%5D=20201210&filter%5Bchild%5D=1"
"Continental (ex Movenpick Resort)","10125.0","15.10.2026 - 22.10.2026","8 dni/7 nocy","","4.5","4.5","4150","tripadvisor","Все аэропорты","2026-08-22T18:31:40.619491+00:00","https://fly.pl/oferta/egipt-wczasy/?filter[dest]=11:&filter[hotelids]=&filter[cityids]=&filter[cregids]=&filter[ofrType]=&filter[addObjType]=&filter[whenFrom]=10-10-2026&filter[whenTo]=05-11-2026&filter[duration]=7:10&filter[from]=&filter[person]=2&filter[child]=1&filter[price]=0:11000&filter[PriceFrom]=0&filter[PriceTo]=11000&filter[addCategory]=50&filter[addCatering]=1&filter[addMisc]=0&filter[addTransport]=F&filter[fp]=1&order_by=ofr_price&filter[tourOperator]=0&filter[childAge][1]=20201210","https://fly.pl/cdn/photo/assets/uploads/582/278/2014/09/Continental-Resort.jpg","https://fly.pl/wycieczka/egipt,hurghada,c/movenpick-resort-hurghada-ex-continental-resort/pMuPrrTWlJJwzc-hSsethSAAog-PWicdgsoytGpgfd-9UG3E4omdzNphRQmZcQm_QCUd8qBE9SRVgwktan1AZIjU9QQVj9CWACagZFOS4yLjFyNZsBFQcXAFwDWAVWAhFhQOkFXdMOT2xT0p0BUgBer09LgRJhAEzRvjogqv2XCQ0AAhJjAQILfIUwpw/ofertasv/?filter[tourOperator]=OREX&filter%5Bperson%5D=2&filter%5BchildAge%5D%5B1%5D=20201210&filter%5Bchild%5D=1"
"Sunrise Alora Aqua Park Resort","10127.0","11.10.2026 - 18.10.2026","8 dni/7 nocy","","3.5","3.5","1838","tripadvisor","Все аэропорты","2026-08-22T18:31:40.619491+00:00","https://fly.pl/oferta/egipt-wczasy/?filter[dest]=11:&filter[hotelids]=&filter[cityids]=&filter[cregids]=&filter[ofrType]=&filter[addObjType]=&filter[whenFrom]=10-10-2026&filter[whenTo]=05-11-2026&filter[duration]=7:10&filter[from]=&filter[person]=2&filter[child]=1&filter[price]=0:11000&filter[PriceFrom]=0&filter[PriceTo]=11000&filter[addCategory]=50&filter[addCatering]=1&filter[addMisc]=0&filter[addTransport]=F&filter[fp]=1&order_by=ofr_price&filter[tourOperator]=0&filter[childAge][1]=20201210","https://fly.pl/cdn/photo/assets/uploads/582/278/2014/11/Hawaii-Caesar-Palace-Aqua-Park-ex-Mirage-Aqua-Park-fly-pl.jpg","https://fly.pl/wycieczka/egipt,hurghada,c/mirage-aqua-park-spa-cesar-palace/pu55jbAb5zBV8gPjHzC1PxAAogSrppr4Bunj7TTWiUkSmnzQRCB766SlLphSaj_O9l8lYqBEJWUFIwktan1AZIj09QAVidCWACag1BbGwgaW5jbHVzaXZlciAcEdJGG83vBBjr8wy5BJrhE6sENQGl4-DEAQIAYwECCzZRdmQ/ofertasv/?filter[tourOperator]=BVPR&filter%5Bperson%5D=2&filter%5BchildAge%5D%5B1%5D=20201210&filter%5Bchild%5D=1"
"The V Luxury Resort","10139.0","15.10.2026 - 22.10.2026","8 dni/7 nocy","","4.4","4.4","1017","tripadvisor","Все аэропорты","2026-08-22T18:31:40.619491+00:00","https://fly.pl/oferta/egipt-wczasy/?filter[dest]=11:&filter[hotelids]=&filter[cityids]=&filter[cregids]=&filter[ofrType]=&filter[addObjType]=&filter[whenFrom]=10-10-2026&filter[whenTo]=05-11-2026&filter[duration]=7:10&filter[from]=&filter[person]=2&filter[child]=1&filter[price]=0:11000&filter[PriceFrom]=0&filter[PriceTo]=11000&filter[addCategory]=50&filter[addCatering]=1&filter[addMisc]=0&filter[addTransport]=F&filter[fp]=1&order_by=ofr_price&filter[tourOperator]=0&filter[childAge][1]=20201210","https://datacfstatic.merlinx.pl/OREX/IMG/3068/81c0ea0627efd6ab9706558c934de376be3a32d51491e8172766c62f9015303c.webp","https://fly.pl/wycieczka/egipt,hurghada,sahl-hasheesh/the-v-luxury-resort-13/pHFyBiLT2Rk7MwlLXI9-bPAAogIg0cEJJoy7WjbonxM_0djU4omdzNphRQmZcQm_QCUd8qBE9SRVgwktan1AZIm09QQVj9CWACagdGMFAuMi4xcjabARUHFwBYCFYCXAhAwgZd0w5PbBHiAVPwmwFSAF6vT0uBEmEATNG-OiCq_ZcJDQACEmMBAguWs8qO/ofertasv/?filter[tourOperator]=OREX&filter%5Bperson%5D=2&filter%5BchildAge%5D%5B1%5D=20201210&filter%5Bchild%5D=1"
"Pickalbatros Sands Port Ghalib (ex. Red Sea Siva Sands)","10171.0","27.10.2026 - 03.11.2026","8 dni/7 nocy","","4.5","4.5","3436","tripadvisor","Все аэропорты","2026-08-22T18:31:40.619491+00:00","https://fly.pl/oferta/egipt-wczasy/?filter[dest]=11:&filter[hotelids]=&filter[cityids]=&filter[cregids]=&filter[ofrType]=&filter[addObjType]=&filter[whenFrom]=10-10-2026&filter[whenTo]=05-11-2026&filter[duration]=7:10&filter[from]=&filter[person]=2&filter[child]=1&filter[price]=0:11000&filter[PriceFrom]=0&filter[PriceTo]=11000&filter[addCategory]=50&filter[addCatering]=1&filter[addMisc]=0&filter[addTransport]=F&filter[fp]=1&order_by=ofr_price&filter[tourOperator]=0&filter[childAge][1]=20201210","https://fly.pl/cdn/photo/assets/uploads/582/278/2014/07/PICKALBATROS-SANDS-PORT-GHALIB.jpg","https://fly.pl/wycieczka/egipt,marsa-alam,port-ghalib/crowne-plaza-sahara-sands-resort/pSFiGu_aHQrQ5hRGU2lswiAAogLLaKvXzm7RSYmRbV1RK44AAAAABsigQAx7YEAAcABQAqBFdFWlkwktan1AZIu09QQVidDGADaglFbnRlciBBaXJqBDA4MTVqBDAwMDBqBDAwMDByQZ4BkwGVAZgBHwAcAQIAFgQXAhEDEpgEFI0HQPJ1TLaWAU8AS9MDUAAdwvkPINtYG-WyBA33sL0JARJjAQ1jAQIMYBNXvQ/ofertasv/?filter[tourOperator]=WEZY&filter%5Bperson%5D=2&filter%5BchildAge%5D%5B1%5D=20201210&filter%5Bchild%5D=1"
"Pickalbatros Oasis Port Ghalib (ex. Red Sea Port Ghalib Resort)","10203.0","20.10.2026 - 27.10.2026","8 dni/7 nocy","","4.6","4.6","3631","tripadvisor","Все аэропорты","2026-08-22T18:31:40.619491+00:00","https://fly.pl/oferta/egipt-wczasy/?filter[dest]=11:&filter[hotelids]=&filter[cityids]=&filter[cregids]=&filter[ofrType]=&filter[addObjType]=&filter[whenFrom]=10-10-2026&filter[whenTo]=05-11-2026&filter[duration]=7:10&filter[from]=&filter[person]=2&filter[child]=1&filter[price]=0:11000&filter[PriceFrom]=0&filter[PriceTo]=11000&filter[addCategory]=50&filter[addCatering]=1&filter[addMisc]=0&filter[addTransport]=F&filter[fp]=1&order_by=ofr_price&filter[tourOperator]=0&filter[childAge][1]=20201210","https://fly.pl/cdn/photo/assets/uploads/582/278/2014/09/pickalbatros-oasis.jpg","https://fly.pl/wycieczka/egipt,marsa-alam,port-ghalib/crowne-plaza-sahara-oasis-resort/pDSvLmd-EZXhWImSQxBNK7AAogKc28b2Qx6Z-xa_95KtfPidExpNyR8PdMYb0hQMEv2X0qBFNGUEwwktan1AZI209QQVj1CmACciILAhUFIgUSKFzGAkAuW-fwUQ2N3YIJUb2645IGAhJjAQIFUfXBcQ/ofertasv/?filter[tourOperator]=SFPL&filter%5Bperson%5D=2&filter%5BchildAge%5D%5B1%5D=20201210&filter%5Bchild%5D=1"
"Sunrise Select Garden Beach Resort & Spa","10220.0","25.10.2026 - 01.11.2026","8 dni/7 nocy","","4.7","4.7","9740","tripadvisor","Все аэропорты","2026-08-22T18:31:40.619491+00:00","https://fly.pl/oferta/egipt-wczasy/?filter[dest]=11:&filter[hotelids]=&filter[cityids]=&filter[cregids]=&filter[ofrType]=&filter[addObjType]=&filter[whenFrom]=10-10-2026&filter[whenTo]=05-11-2026&filter[duration]=7:10&filter[from]=&filter[person]=2&filter[child]=1&filter[price]=0:11000&filter[PriceFrom]=0&filter[PriceTo]=11000&filter[addCategory]=50&filter[addCatering]=1&filter[addMisc]=0&filter[addTransport]=F&filter[fp]=1&order_by=ofr_price&filter[tourOperator]=0&filter[childAge][1]=20201210","https://fly.pl/cdn/photo/assets/uploads/582/278/2014/09/Sunrise-Garden-Beach-Resort-Spa.jpg","https://fly.pl/wycieczka/egipt,hurghada,c/sunrise-select-garden-beach-resort-spa/pyW9xsRxfE-hcNhCRJzHzcAAognpP8ZZa8kaC63o3MUojcUWsfmPE5MosFyu9Bpr8s0iIqBE9BU0kwktan1AZI7E9QAVjtC2ACagNBSWxyIRwRr8ABqwSE3g-5BB0bzP0NGOW7EgGE8Z2ZAgIAYwECC-fu2RU/ofertasv/?filter[tourOperator]=OASI&filter%5Bperson%5D=2&filter%5BchildAge%5D%5B1%5D=20201210&filter%5Bchild%5D=1"
"Naama Bay Promenade Beach Resort","10277.0","10.10.2026 - 17.10.2026","8 dni/7 nocy","","4.2","4.2","1273","tripadvisor","Все аэропорты","2026-08-22T18:31:40.619491+00:00","https://fly.pl/oferta/egipt-wczasy/?filter[dest]=11:&filter[hotelids]=&filter[cityids]=&filter[cregids]=&filter[ofrType]=&filter[addObjType]=&filter[whenFrom]=10-10-2026&filter[whenTo]=05-11-2026&filter[duration]=7:10&filter[from]=&filter[person]=2&filter[child]=1&filter[price]=0:11000&filter[PriceFrom]=0&filter[PriceTo]=11000&filter[addCategory]=50&filter[addCatering]=1&filter[addMisc]=0&filter[addTransport]=F&filter[fp]=1&order_by=ofr_price&filter[tourOperator]=0&filter[childAge][1]=20201210","https://fly.pl/cdn/photo/assets/uploads/582/278/2021/07/Naama-Bay-Promenade-Beach-Resort.jpg","https://fly.pl/wycieczka/egipt,sharm-el-sheikh,szarm-el-szejk/naama-bay-promenade-beach-resort-10/pCcnJ5pTn0VSABqBfBZcXAAAogbGCu8FFnwu9O1T0yjskb1gAAAACZhAQAtoQEAAcAEgAqBFdFWlkwktan1AZIpVBQQViFCWADaglFbnRlciBBaXJqBDA4MDByQ54BlQEfAAIBHAAWBBcCEu0DGIUFE80BFMkEEcoPQMhiTKCiAU8AS8cjUAAbuNQDHdntCyAdDdzHwgkBEmMBDGMBAgWNIAF-/ofertasv/?filter[tourOperator]=WEZY&filter%5Bperson%5D=2&filter%5BchildAge%5D%5B1%5D=20201210&filter%5Bchild%5D=1"
"El Kasr Red Sea","10287.0","25.10.2026 - 01.11.2026","8 dni/7 nocy","","","","","","Все аэропорты","2026-08-22T18:31:40.619491+00:00","https://fly.pl/oferta/egipt-wczasy/?filter[dest]=11:&filter[hotelids]=&filter[cityids]=&filter[cregids]=&filter[ofrType]=&filter[addObjType]=&filter[whenFrom]=10-10-2026&filter[whenTo]=05-11-2026&filter[duration]=7:10&filter[from]=&filter[person]=2&filter[child]=1&filter[price]=0:11000&filter[PriceFrom]=0&filter[PriceTo]=11000&filter[addCategory]=50&filter[addCatering]=1&filter[addMisc]=0&filter[addTransport]=F&filter[fp]=1&order_by=ofr_price&filter[tourOperator]=0&filter[childAge][1]=20201210","https://fly.pl/cdn/photo/assets/uploads/582/278/2023/11/El-Kasr-Sahl-Hasheesh.jpg","https://fly.pl/wycieczka/egipt,hurghada,sahl-hasheesh/el-kasr-sahl-hasheesh-10/pB5LNkAesVNFahot6PXWpwAAogaLDxnFZyaXvV13NkuYle0s4l9Nm2WwP96DFr-fY3QSgqBEVYSU0wktan1AZIr1BQAVjtC2ACagJBSXIjHBGKsga5BK6MPqsE8o0KG87FIxjXrGkBoKmQsw0CEmMBAgcSnrAZ/ofertasv/?filter[tourOperator]=EXIM&filter%5Bperson%5D=2&filter%5BchildAge%5D%5B1%5D=20201210&filter%5Bchild%5D=1"
"Sentido Naga Bay","10287.0","15.10.2026 - 22.10.2026","8 dni/7 nocy","","","","","","Все аэропорты","2026-08-22T18:31:40.619491+00:00","https://fly.pl/oferta/egipt-wczasy/?filter[dest]=11:&filter[hotelids]=&filter[cityids]=&filter[cregids]=&filter[ofrType]=&filter[addObjType]=&filter[whenFrom]=10-10-2026&filter[whenTo]=05-11-2026&filter[duration]=7:10&filter[from]=&filter[person]=2&filter[child]=1&filter[price]=0:11000&filter[PriceFrom]=0&filter[PriceTo]=11000&filter[addCategory]=50&filter[addCatering]=1&filter[addMisc]=0&filter[addTransport]=F&filter[fp]=1&order_by=ofr_price&filter[tourOperator]=0&filter[childAge][1]=20201210","https://datacfstatic.merlinx.pl/EXIM/IMG/107999/9691dd57e47cec1e96befde9ca4a24ec0aaad7165dd6c455160b011f15ee59d5.webp","https://fly.pl/wycieczka/egipt,hurghada,c/sentido-naga-bay-11/pBnwDSjLJUE-lTNjzUto8ZAAogbOlqVFKAVY7KKBjBNz-6dUeY0cHKMlwUtUEW4JLEsTgqBEVYSU0wktan1AZIr1BQAVj9CWACagJBSXIhHBHfywa5BMnvPasEHBvG5D0Y0fE-AdD2p4sLAgBjAQIGxhjsXQ/ofertasv/?filter[tourOperator]=EXIM&filter%5Bperson%5D=2&filter%5BchildAge%5D%5B1%5D=20201210&filter%5Bchild%5D=1"
"Movenpick Resort Sharm el Sheikh","10389.0","27.10.2026 - 03.11.2026","8 dni/7 nocy","","4.6","4.6","5338","tripadvisor","Все аэропорты","2026-08-22T18:31:40.619491+00:00","https://fly.pl/oferta/egipt-wczasy/?filter[dest]=11:&filter[hotelids]=&filter[cityids]=&filter[cregids]=&filter[ofrType]=&filter[addObjType]=&filter[whenFrom]=10-10-2026&filter[whenTo]=05-11-2026&filter[duration]=7:10&filter[from]=&filter[person]=2&filter[child]=1&filter[price]=0:11000&filter[PriceFrom]=0&filter[PriceTo]=11000&filter[addCategory]=50&filter[addCatering]=1&filter[addMisc]=0&filter[addTransport]=F&filter[fp]=1&order_by=ofr_price&filter[tourOperator]=0&filter[childAge][1]=20201210","https://fly.pl/cdn/photo/assets/uploads/582/278/2015/03/Movenpick-Golf-Club-fly-pl.jpg","https://fly.pl/wycieczka/egipt,sharm-el-sheikh,c/moevenpick-golf-club/p4KbAplIyX-Y7JWRADx27oAAoggYxFANjNUEwY8wCPYSQ_YJgpXVUQjygZk0IwIA3_YjEqBE9BU0kwktan1AZIlVFQAVidDGACagNBSWxyIRwRqa8BuQSb9w-rBAIb1rwPGIeGEwGhx8mmAgIAYwECCyontFU/ofertasv/?filter[tourOperator]=OASI&filter%5Bperson%5D=2&filter%5BchildAge%5D%5B1%5D=20201210&filter%5Bchild%5D=1"
"Nubian Village","10398.0","29.10.2026 - 05.11.2026","8 dni/7 nocy","","4.5","4.5","4649","tripadvisor","Все аэропорты","2026-08-22T18:31:40.619491+00:00","https://fly.pl/oferta/egipt-wczasy/?filter[dest]=11:&filter[hotelids]=&filter[cityids]=&filter[cregids]=&filter[ofrType]=&filter[addObjType]=&filter[whenFrom]=10-10-2026&filter[whenTo]=05-11-2026&filter[duration]=7:10&filter[from]=&filter[person]=2&filter[child]=1&filter[price]=0:11000&filter[PriceFrom]=0&filter[PriceTo]=11000&filter[addCategory]=50&filter[addCatering]=1&filter[addMisc]=0&filter[addTransport]=F&filter[fp]=1&order_by=ofr_price&filter[tourOperator]=0&filter[childAge][1]=20201210","https://fly.pl/cdn/photo/assets/uploads/582/278/2014/07/Nubian-Village-fly-pl.jpg","https://fly.pl/wycieczka/egipt,sharm-el-sheikh,c/nubian-village/pGHyGT06Rp8QK6lRSaVR4JAAogmLzknP5v3RsyvXPLGLWMARstrgoMttrZgZAvN8rfQ44qBEtPTVQwktan1AZInlFQAVjNDGACagJBSXIfHBH2GrkE8uIBqwQDGMCbBBu0iSQBwpXLHgIAYwECBgEYoXk/ofertasv/?filter[tourOperator]=KOMT&filter%5Bperson%5D=2&filter%5BchildAge%5D%5B1%5D=20201210&filter%5Bchild%5D=1"
"Nubian Island","10398.0","29.10.2026 - 05.11.2026","8 dni/7 nocy","","4.7","4.7","3724","tripadvisor","Все аэропорты","2026-08-22T18:31:40.619491+00:00","https://fly.pl/oferta/egipt-wczasy/?filter[dest]=11:&filter[hotelids]=&filter[cityids]=&filter[cregids]=&filter[ofrType]=&filter[addObjType]=&filter[whenFrom]=10-10-2026&filter[whenTo]=05-11-2026&filter[duration]=7:10&filter[from]=&filter[person]=2&filter[child]=1&filter[price]=0:11000&filter[PriceFrom]=0&filter[PriceTo]=11000&filter[addCategory]=50&filter[addCatering]=1&filter[addMisc]=0&filter[addTransport]=F&filter[fp]=1&order_by=ofr_price&filter[tourOperator]=0&filter[childAge][1]=20201210","https://fly.pl/cdn/photo/assets/uploads/582/278/2014/07/Nubian-Island.jpg","https://fly.pl/wycieczka/egipt,sharm-el-sheikh,c/nubian-island/pKadw6_O-BV3SQQOAghlPOAAogmXkZ8r-ifZrqcOJlSRuASxstrgoMttrZgZAvN8rfQ44qBEtPTVQwktan1AZInlFQAVjNDGACagJBSXIfHBH1GrkE8-IBqwQDGJicBBuwiCQBgoTMHgIAYwECBhS0NOY/ofertasv/?filter[tourOperator]=KOMT&filter%5Bperson%5D=2&filter%5BchildAge%5D%5B1%5D=20201210&filter%5Bchild%5D=1"
"Titanic Royal","10407.0","29.10.2026 - 05.11.2026","8 dni/7 nocy","","4.8","4.8","4620","tripadvisor","Все аэропорты","2026-08-22T18:31:40.619491+00:00","https://fly.pl/oferta/egipt-wczasy/?filter[dest]=11:&filter[hotelids]=&filter[cityids]=&filter[cregids]=&filter[ofrType]=&filter[addObjType]=&filter[whenFrom]=10-10-2026&filter[whenTo]=05-11-2026&filter[duration]=7:10&filter[from]=&filter[person]=2&filter[child]=1&filter[price]=0:11000&filter[PriceFrom]=0&filter[PriceTo]=11000&filter[addCategory]=50&filter[addCatering]=1&filter[addMisc]=0&filter[addTransport]=F&filter[fp]=1&order_by=ofr_price&filter[tourOperator]=0&filter[childAge][1]=20201210","https://fly.pl/cdn/photo/assets/uploads/582/278/2018/12/Titanic-Royal-fly-pl.jpg","https://fly.pl/wycieczka/egipt,hurghada,c/titanic-royal/pYy3c932J2vX9VyfVKBHLdAAogxNkU8zA0dTXrxLUluVO32cZ6cPudaBHWx-LrpmroxwUqBEVYSU0wktan1AZIp1FQAVjNDGACagNVQUlyIxwRkrsGuQTggT6rBPiMChui4UQYt-RIAeizjbgNAgBjAQILcDzBnQ/ofertasv/?filter[tourOperator]=EXIM&filter%5Bperson%5D=2&filter%5BchildAge%5D%5B1%5D=20201210&filter%5Bchild%5D=1"
"Palm Royale Soma Bay","10485.0","29.10.2026 - 05.11.2026","8 dni/7 nocy","","4.7","4.7","7163","tripadvisor","Все аэропорты","2026-08-22T18:31:40.619491+00:00","https://fly.pl/oferta/egipt-wczasy/?filter[dest]=11:&filter[hotelids]=&filter[cityids]=&filter[cregids]=&filter[ofrType]=&filter[addObjType]=&filter[whenFrom]=10-10-2026&filter[whenTo]=05-11-2026&filter[duration]=7:10&filter[from]=&filter[person]=2&filter[child]=1&filter[price]=0:11000&filter[PriceFrom]=0&filter[PriceTo]=11000&filter[addCategory]=50&filter[addCatering]=1&filter[addMisc]=0&filter[addTransport]=F&filter[fp]=1&order_by=ofr_price&filter[tourOperator]=0&filter[childAge][1]=20201210","https://fly.pl/cdn/photo/assets/uploads/582/278/2014/09/Palm-Royale-Resort-Soma-Bay.jpg","https://fly.pl/wycieczka/egipt,hurghada,soma-bay/palm-royale-soma-bay/pjzHYFHoht4VlZ2tIIXqCGAAogFpUJElT_it3OF5WnnrZ1MxLqCxxQb8S86Hh0k4aD-ioqBE9SRVgwktan1AZI9VFQQVjNDGACagZFQy4yLjFyNZsBFQcXAFwDWAVWAhEwQJoGXZsPTyRT0p0BUgBer09L7UNhAEzljDoguP2XCQ0AAhJjAQINuwffjQ/ofertasv/?filter[tourOperator]=OREX&filter%5Bperson%5D=2&filter%5BchildAge%5D%5B1%5D=20201210&filter%5Bchild%5D=1"
"Strand Taba Heights Resort (ex. InterContinental)","10660.0","13.10.2026 - 20.10.2026","8 dni/7 nocy","","4.5","4.5","5230","tripadvisor","Все аэропорты","2026-08-22T18:31:40.619491+00:00","https://fly.pl/oferta/egipt-wczasy/?filter[dest]=11:&filter[hotelids]=&filter[cityids]=&filter[cregids]=&filter[ofrType]=&filter[addObjType]=&filter[whenFrom]=10-10-2026&filter[whenTo]=05-11-2026&filter[duration]=7:10&filter[from]=&filter[person]=2&filter[child]=1&filter[price]=0:11000&filter[PriceFrom]=0&filter[PriceTo]=11000&filter[addCategory]=50&filter[addCatering]=1&filter[addMisc]=0&filter[addTransport]=F&filter[fp]=1&order_by=ofr_price&filter[tourOperator]=0&filter[childAge][1]=20201210","https://fly.pl/cdn/photo/assets/uploads/582/278/2014/06/International-Height.jpg","https://fly.pl/wycieczka/egipt,taba,c/international-height/pvQQN336wk6BTYLH9tT2HpAAogusqWCqhVRKVTYZFNrxPQ1lATkd0Et3pHZ-B5Uah2j-0qBEpPSVAwktan1AZIpFNQQVjNCWACagNDR21yQ5sBFAEVBhcAXANYBVYCQMoGT-IBXQBLt8oBYQBepzBSpiBTABHQ3wFM3NA4Daj9lwkgAAGg05SxtInMoDACDWMBAAwmqRYi/ofertasv/?filter[tourOperator]=JOIP&filter%5Bperson%5D=2&filter%5BchildAge%5D%5B1%5D=20201210&filter%5Bchild%5D=1"
"Maritim Jolie Ville Resort and Casino","10677.0","10.10.2026 - 17.10.2026","8 dni/7 nocy","","4.6","4.6","3171","tripadvisor","Все аэропорты","2026-08-22T18:31:40.619491+00:00","https://fly.pl/oferta/egipt-wczasy/?filter[dest]=11:&filter[hotelids]=&filter[cityids]=&filter[cregids]=&filter[ofrType]=&filter[addObjType]=&filter[whenFrom]=10-10-2026&filter[whenTo]=05-11-2026&filter[duration]=7:10&filter[from]=&filter[person]=2&filter[child]=1&filter[price]=0:11000&filter[PriceFrom]=0&filter[PriceTo]=11000&filter[addCategory]=50&filter[addCatering]=1&filter[addMisc]=0&filter[addTransport]=F&filter[fp]=1&order_by=ofr_price&filter[tourOperator]=0&filter[childAge][1]=20201210","https://fly.pl/cdn/photo/assets/uploads/582/278/2014/10/Maritim-Jolie-Ville-Resort-Casino1.jpg","https://fly.pl/wycieczka/egipt,sharm-el-sheikh,c/maritim-jolie-ville-resort-and-casino/pRPsyjCMaYdYRNkcXnvN03AAogse8Sm33Sztm1Dp0SXpJS7gAAAACZhAQAtoQEAAcAEgAqBFdFWlkwktan1AZItVNQQViFCWADaglFbnRlciBBaXJqBDA4MDByQp4BlQEfABwBAgAWBBcCEXAS_QIYhQUTzQEUyQRAknJMoKIBTwBLxyNQAB2Rwg8gHRvCvn0NmonFCAESYwEMYwECBSlUy5w/ofertasv/?filter[tourOperator]=WEZY&filter%5Bperson%5D=2&filter%5BchildAge%5D%5B1%5D=20201210&filter%5Bchild%5D=1"
"Sataya Resort (ex. Labranda Sataya Marsa Alam)","10697.0","10.10.2026 - 18.10.2026","9 dni/7 nocy","","4.7","4.7","4132","tripadvisor","Все аэропорты","2026-08-22T18:31:40.619491+00:00","https://fly.pl/oferta/egipt-wczasy/?filter[dest]=11:&filter[hotelids]=&filter[cityids]=&filter[cregids]=&filter[ofrType]=&filter[addObjType]=&filter[whenFrom]=10-10-2026&filter[whenTo]=05-11-2026&filter[duration]=7:10&filter[from]=&filter[person]=2&filter[child]=1&filter[price]=0:11000&filter[PriceFrom]=0&filter[PriceTo]=11000&filter[addCategory]=50&filter[addCatering]=1&filter[addMisc]=0&filter[addTransport]=F&filter[fp]=1&order_by=ofr_price&filter[tourOperator]=0&filter[childAge][1]=20201210","https://fly.pl/cdn/photo/assets/uploads/582/278/2019/09/Sataya-Resort-Marsa-Alam.jpg","https://fly.pl/wycieczka/egipt,marsa-alam,c/labranda-sataya-marsa-alam-9/pr34H5w7F8zceP9P4mckutAAog1DMNxyaYSdWnPd8HIEABmpAPaq7t_caFLM2yOUCCvvcqBFZJVFgwktan1AZIyVNQQViFCWACckAaABUHFwBcA1gFQI8DW6eGAWGvSUsAXqcwUrwUUwBM1OM5DefVmAkgAV2q65HsqAFPlNqZijdR7aIVAg1jAQIMLeptwA/ofertasv/?filter[tourOperator]=VITX&filter%5Bperson%5D=2&filter%5BchildAge%5D%5B1%5D=20201210&filter%5Bchild%5D=1"
"Baron Resort (Sharm El Sheikh)","10757.0","13.10.2026 - 20.10.2026","8 dni/7 nocy","","4.5","4.5","4976","tripadvisor","Все аэропорты","2026-08-22T18:31:40.619491+00:00","https://fly.pl/oferta/egipt-wczasy/?filter[dest]=11:&filter[hotelids]=&filter[cityids]=&filter[cregids]=&filter[ofrType]=&filter[addObjType]=&filter[whenFrom]=10-10-2026&filter[whenTo]=05-11-2026&filter[duration]=7:10&filter[from]=&filter[person]=2&filter[child]=1&filter[price]=0:11000&filter[PriceFrom]=0&filter[PriceTo]=11000&filter[addCategory]=50&filter[addCatering]=1&filter[addMisc]=0&filter[addTransport]=F&filter[fp]=1&order_by=ofr_price&filter[tourOperator]=0&filter[childAge][1]=20201210","https://fly.pl/cdn/photo/assets/uploads/582/278/2014/07/BARON-RESORT-SHARM-EL-SHEIKH1.jpg","https://fly.pl/wycieczka/egipt,sharm-el-sheikh,c/baron-resort-sharm-el-sheikh/p0RbI0mmlFwI4bog-6Cd1DAAogPNg_Px_ammtufG427R_HODZPnluiPTRbLKmNIwYEcH4qBEVYSU0wktan1AZIhVRQAVjNCWACag1BSSBbUHJlbWllcmVdciEcEYXKBrkE7_Y9qwQbG46mPBie9D0B_eXa7goCAGMBAgyqsIK7/ofertasv/?filter[tourOperator]=EXIM&filter%5Bperson%5D=2&filter%5BchildAge%5D%5B1%5D=20201210&filter%5Bchild%5D=1"
"Sunrise Royal Makadi Aqua Resort","10773.0","29.10.2026 - 05.11.2026","8 dni/7 nocy","","4.7","4.7","13673","tripadvisor","Все аэропорты","2026-08-22T18:31:40.619491+00:00","https://fly.pl/oferta/egipt-wczasy/?filter[dest]=11:&filter[hotelids]=&filter[cityids]=&filter[cregids]=&filter[ofrType]=&filter[addObjType]=&filter[whenFrom]=10-10-2026&filter[whenTo]=05-11-2026&filter[duration]=7:10&filter[from]=&filter[person]=2&filter[child]=1&filter[price]=0:11000&filter[PriceFrom]=0&filter[PriceTo]=11000&filter[addCategory]=50&filter[addCatering]=1&filter[addMisc]=0&filter[addTransport]=F&filter[fp]=1&order_by=ofr_price&filter[tourOperator]=0&filter[childAge][1]=20201210","https://fly.pl/cdn/photo/assets/uploads/582/278/2014/09/Sunrise-Royal-Makadi-Aqua-Resort.jpg","https://fly.pl/wycieczka/egipt,hurghada,makadi-bay/sunrise-select-royal-makadi/pXBur3Z63oWKaus852BApvAAogyAvLUZt0-bn_IbCBzByhkU06z87_Cgpl9JIak3ep62gqBFNGUEwwktan1AZIlVRQQVjNDGACciMLAxUEIgQSI1zMAkAuW-fwUQ2W3YIJUb784vuPAQISYwEECziMvsY/ofertasv/?filter[tourOperator]=SFPL&filter%5Bperson%5D=2&filter%5BchildAge%5D%5B1%5D=20201210&filter%5Bchild%5D=1"
"Reef Oasis Blue Bay Resort","10788.0","29.10.2026 - 05.11.2026","8 dni/7 nocy","","4.6","4.6","9706","tripadvisor","Все аэропорты","2026-08-22T18:31:40.619491+00:00","https://fly.pl/oferta/egipt-wczasy/?filter[dest]=11:&filter[hotelids]=&filter[cityids]=&filter[cregids]=&filter[ofrType]=&filter[addObjType]=&filter[whenFrom]=10-10-2026&filter[whenTo]=05-11-2026&filter[duration]=7:10&filter[from]=&filter[person]=2&filter[child]=1&filter[price]=0:11000&filter[PriceFrom]=0&filter[PriceTo]=11000&filter[addCategory]=50&filter[addCatering]=1&filter[addMisc]=0&filter[addTransport]=F&filter[fp]=1&order_by=ofr_price&filter[tourOperator]=0&filter[childAge][1]=20201210","https://fly.pl/cdn/photo/assets/uploads/582/278/2014/07/Reef-Oasis-Blue-Bay.jpg","https://fly.pl/wycieczka/egipt,sharm-el-sheikh,c/reef-oasis-blue-bay-resort/prpPHp0iXrxqJBlFqwPYiyAAogqbzMGYrQBiYFrYX8hu-KbBstrgoMttrZgZAvN8rfQ44qBEtPTVQwktan1AZIpFRQAVjNDGACagJBSXIfHBH-GrkE6uIBqwQDGKSZBBv8jCQBttbIHgIAYwECCz_sByI/ofertasv/?filter[tourOperator]=KOMT&filter%5Bperson%5D=2&filter%5BchildAge%5D%5B1%5D=20201210&filter%5Bchild%5D=1"
"Jaz Lamaya Resort (ex Iberotel)","10827.0","27.10.2026 - 03.11.2026","8 dni/7 nocy","","4.6","4.6","5839","tripadvisor","Все аэропорты","2026-08-22T18:31:40.619491+00:00","https://fly.pl/oferta/egipt-wczasy/?filter[dest]=11:&filter[hotelids]=&filter[cityids]=&filter[cregids]=&filter[ofrType]=&filter[addObjType]=&filter[whenFrom]=10-10-2026&filter[whenTo]=05-11-2026&filter[duration]=7:10&filter[from]=&filter[person]=2&filter[child]=1&filter[price]=0:11000&filter[PriceFrom]=0&filter[PriceTo]=11000&filter[addCategory]=50&filter[addCatering]=1&filter[addMisc]=0&filter[addTransport]=F&filter[fp]=1&order_by=ofr_price&filter[tourOperator]=0&filter[childAge][1]=20201210","https://fly.pl/cdn/photo/assets/uploads/582/278/2014/09/jaz-lamaya.jpg","https://fly.pl/wycieczka/egipt,marsa-alam,madinat-coraya/iberotel-lamaya-resort/p8lTf9A3K7Z0ePwzEmFbGxAAogR3nNDOlqQG22gAs3I80_WnfhdMl1pFTvfBznJ5JFJscqBEVYSU0wktan1AZIy1RQAVidDGACagJBSXIjHBHzxwa5BPv2PasEiN4NG4iBLRj4uVwBy4KZtA0CAGMBAgxEevJ5/ofertasv/?filter[tourOperator]=EXIM&filter%5Bperson%5D=2&filter%5BchildAge%5D%5B1%5D=20201210&filter%5Bchild%5D=1"
"Sentido Mamlouk Palace Resort & Spa (ex Sunrise)","10853.0","11.10.2026 - 18.10.2026","8 dni/7 nocy","","4.7","4.7","12029","tripadvisor","Все аэропорты","2026-08-22T18:31:40.619491+00:00","https://fly.pl/oferta/egipt-wczasy/?filter[dest]=11:&filter[hotelids]=&filter[cityids]=&filter[cregids]=&filter[ofrType]=&filter[addObjType]=&filter[whenFrom]=10-10-2026&filter[whenTo]=05-11-2026&filter[duration]=7:10&filter[from]=&filter[person]=2&filter[child]=1&filter[price]=0:11000&filter[PriceFrom]=0&filter[PriceTo]=11000&filter[addCategory]=50&filter[addCatering]=1&filter[addMisc]=0&filter[addTransport]=F&filter[fp]=1&order_by=ofr_price&filter[tourOperator]=0&filter[childAge][1]=20201210","https://fly.pl/cdn/photo/assets/uploads/582/278/2014/10/Sentido-Mamlouk-Palace-Resort-Spa.jpg","https://fly.pl/wycieczka/egipt,hurghada,c/sentido-mamlouk-palace-resort-ex-sunrise/psrIfPW3b45AbJFw8ScaHuAAogtYsHrWS5Enx89vuXrIFDTdKcnFV3GppbShi_JfHMqHQqBFNGUEwwlNan1AZI5VRQQVidCWACciMLAxUEIgYSIVzMAkAuW-fwUQ2E3YIJUbrF0PuPAQISYwECBVG3O9A/ofertasv/?filter[tourOperator]=SFPL&filter%5Bperson%5D=2&filter%5BchildAge%5D%5B1%5D=20201210&filter%5Bchild%5D=1"
"Jaz Neo Naama Bay","10883.0","10.10.2026 - 17.10.2026","8 dni/7 nocy","","4.7","4.7","4806","tripadvisor","Все аэропорты","2026-08-22T18:31:40.619491+00:00","https://fly.pl/oferta/egipt-wczasy/?filter[dest]=11:&filter[hotelids]=&filter[cityids]=&filter[cregids]=&filter[ofrType]=&filter[addObjType]=&filter[whenFrom]=10-10-2026&filter[whenTo]=05-11-2026&filter[duration]=7:10&filter[from]=&filter[person]=2&filter[child]=1&filter[price]=0:11000&filter[PriceFrom]=0&filter[PriceTo]=11000&filter[addCategory]=50&filter[addCatering]=1&filter[addMisc]=0&filter[addTransport]=F&filter[fp]=1&order_by=ofr_price&filter[tourOperator]=0&filter[childAge][1]=20201210","https://fly.pl/cdn/photo/assets/uploads/582/278/2014/10/Sol-Y-Mar-Naama-Bay.jpg","https://fly.pl/wycieczka/egipt,sharm-el-sheikh,c/sol-y-mar-naama-bay/pBepxUAFINHIcsjiaDXBznAAoggym6YnPjYGJ5zhspmCUMOgAAAACZhAQAtoQEAAcAEgAqBFdFWlkwlNan1AZIg1VQQViFCWADaglFbnRlciBBaXJqBDA4MDByQ54BlQEfAAIBHAAWBBcCEu0DGIUFE80BFMkEEbgPQNpiTKCiAU8AS8cjUAAb3_QJHbLNBSAdDdzHwgkBEmMBDWMBAwXg-dVL/ofertasv/?filter[tourOperator]=WEZY&filter%5Bperson%5D=2&filter%5BchildAge%5D%5B1%5D=20201210&filter%5Bchild%5D=1"
"Grand Rotana Resort & Spa","10883.0","10.10.2026 - 17.10.2026","8 dni/7 nocy","","4.6","4.6","6736","tripadvisor","Все аэропорты","2026-08-22T18:31:40.619491+00:00","https://fly.pl/oferta/egipt-wczasy/?filter[dest]=11:&filter[hotelids]=&filter[cityids]=&filter[cregids]=&filter[ofrType]=&filter[addObjType]=&filter[whenFrom]=10-10-2026&filter[whenTo]=05-11-2026&filter[duration]=7:10&filter[from]=&filter[person]=2&filter[child]=1&filter[price]=0:11000&filter[PriceFrom]=0&filter[PriceTo]=11000&filter[addCategory]=50&filter[addCatering]=1&filter[addMisc]=0&filter[addTransport]=F&filter[fp]=1&order_by=ofr_price&filter[tourOperator]=0&filter[childAge][1]=20201210","https://fly.pl/cdn/photo/assets/uploads/582/278/2014/07/Grand-Rotana-fly-pl.jpg","https://fly.pl/wycieczka/egipt,sharm-el-sheikh,c/grand-rotana/pEuS21rtu3F91oK6i7EsQlAAog_jxi98HpylUEP0VnSO2L4gAAAACZhAQAtoQEAAcAEgAqBFdFWlkwlNan1AZIg1VQQViFCWADaglFbnRlciBBaXJqBDA4MDByQp4BlQEfABwBAgAWBBcCEVkSlAMYhQUTzQEUyQRAknJMoKIBTwBLxyNQABvzvAIdnoUNIB0N3MfCCQESYwEMYwECBjKeyh4/ofertasv/?filter[tourOperator]=WEZY&filter%5Bperson%5D=2&filter%5BchildAge%5D%5B1%5D=20201210&filter%5Bchild%5D=1"
"Novotel Sharm Palm","10904.0","10.10.2026 - 17.10.2026","8 dni/7 nocy","","4.6","4.6","5888","tripadvisor","Все аэропорты","2026-08-22T18:31:40.619491+00:00","https://fly.pl/oferta/egipt-wczasy/?filter[dest]=11:&filter[hotelids]=&filter[cityids]=&filter[cregids]=&filter[ofrType]=&filter[addObjType]=&filter[whenFrom]=10-10-2026&filter[whenTo]=05-11-2026&filter[duration]=7:10&filter[from]=&filter[person]=2&filter[child]=1&filter[price]=0:11000&filter[PriceFrom]=0&filter[PriceTo]=11000&filter[addCategory]=50&filter[addCatering]=1&filter[addMisc]=0&filter[addTransport]=F&filter[fp]=1&order_by=ofr_price&filter[tourOperator]=0&filter[childAge][1]=20201210","https://fly.pl/cdn/photo/assets/uploads/582/278/2014/07/Novotel-Sharm-Palm.jpg","https://fly.pl/wycieczka/egipt,sharm-el-sheikh,c/novotel-sharm-palm/pBE1YQZjh1TRSD0366O4xgAAogg9lSuExj5lJ49lHfBK4Z_gAAAACZhAQAtoQEAAcAEgAqBFdFWlkwlNan1AZImFVQQViFCWADaglFbnRlciBBaXJqBDA4MDByQp4BlQEfABwBAgAWBBcCEXYS9wIYhQUTzQEUyQRAknJMoKIBTwBLxyNQABu-ggId078NIB0N3MfCCQESYwENYwECBgrzM8s/ofertasv/?filter[tourOperator]=WEZY&filter%5Bperson%5D=2&filter%5BchildAge%5D%5B1%5D=20201210&filter%5Bchild%5D=1"
"Sheraton Miramar Resort (El Gouna)","10953.0","25.10.2026 - 01.11.2026","8 dni/7 nocy","","4.7","4.7","6314","tripadvisor","Все аэропорты","2026-08-22T18:31:40.619491+00:00","https://fly.pl/oferta/egipt-wczasy/?filter[dest]=11:&filter[hotelids]=&filter[cityids]=&filter[cregids]=&filter[ofrType]=&filter[addObjType]=&filter[whenFrom]=10-10-2026&filter[whenTo]=05-11-2026&filter[duration]=7:10&filter[from]=&filter[person]=2&filter[child]=1&filter[price]=0:11000&filter[PriceFrom]=0&filter[PriceTo]=11000&filter[addCategory]=50&filter[addCatering]=1&filter[addMisc]=0&filter[addTransport]=F&filter[fp]=1&order_by=ofr_price&filter[tourOperator]=0&filter[childAge][1]=20201210","https://fly.pl/cdn/photo/assets/uploads/582/278/2014/07/Sheraton-Miramar-El-Gouna-1.jpg","https://fly.pl/wycieczka/egipt,hurghada,el-gouna/sheraton-miramar-el-gouna/pHKiab-MFY7WrMPLwYU1jxAAogs0LqcEPlJo-u-SAtmxOM-GsfmPE5MosFyu9Bpr8s0iIqBE9BU0kwlNan1AZIyVVQAVjtC2ACagNBSStyIBwR3XarBNanELkEHRuVxg4Yt-8RAda6kJkCAgBjAQIMg0jMBg/ofertasv/?filter[tourOperator]=OASI&filter%5Bperson%5D=2&filter%5BchildAge%5D%5B1%5D=20201210&filter%5Bchild%5D=1"
