"hotel_name","price","dates","duration","rating","departure_airport","scraped_at","url","image_url","offer_url"
"Amarina Queen Resort","5540.0","06.06.2026 - 13.06.2026","8 dni","","Warszawa%20-%20Modlin","2026-05-28T08:51:55.698848+00:00","https://fly.pl/szukaj-wycieczek/?filter[dest]=11:&filter[hotelids]=&filter[cityids]=0&filter[cregids]=&filter[ofrType]=&filter[addObjType]=&filter[whenFrom]=28-05-2026&filter[whenTo]=30-06-2026&filter[duration]=7:10&filter[from]=Warszawa%20-%20Modlin,Warszawa%20-%20Radom,Warszawa&filter[person]=2&filter[child]=1&filter[price]=4766:9000&filter[PriceFrom]=4766&filter[PriceTo]=9000&filter[addCategory]=50&filter[addCatering]=1&filter[addMisc]=0&filter[addTransport]=F&filter[fp]=1&order_by=ofr_price&filter[tourOperator]=0&filter[childAge][1]=20201210","https://fly.pl/cdn/photo/assets/uploads/582/278/2024/07/amarina-queen-resort.jpg","https://fly.pl/wycieczka/egipt,marsa-alam,c/amarina-queen-resort-12/phBUMpFMXIrJtZAPx-2KzyAAoguGpm1udahtSKGC-ZJV51386zZeaUJTWOHJXV4JjwaLAqBE9SRVgwy4Pg0AZIpCtQQVjPAWACagZESS4yLjFyNpsBFQcXAFwDWAVWAkDKBhGAFF2DEE8kXpnYAVO8FFIAS7EvYQBM5Yw6IJH6lwkNAAISYwECDGdJa4A/?operator=OREX&adults=2&children=2020-12-10&nsv=1&objectId=225253&transport=accommodation_flight&departureDate=2026-06-06&returnDate=2026-06-13&departureLocation=Warszawa+-+Modlin%2CWarszawa+-+Radom%2CWarszawa&opt=delta&catering=all_inclusive"
"Amarina Queen Resort","5540.0","06.06.2026 - 13.06.2026","8 dni","","Warszawa%20-%20Modlin","2026-05-28T08:51:55.767711+00:00","https://fly.pl/szukaj-wycieczek/?filter[dest]=11:&filter[hotelids]=&filter[cityids]=0&filter[cregids]=&filter[ofrType]=&filter[addObjType]=&filter[whenFrom]=28-05-2026&filter[whenTo]=30-06-2026&filter[duration]=7:10&filter[from]=Warszawa%20-%20Modlin,Warszawa%20-%20Radom,Warszawa&filter[person]=2&filter[child]=1&filter[price]=4766:9000&filter[PriceFrom]=4766&filter[PriceTo]=9000&filter[addCategory]=50&filter[addCatering]=1&filter[addMisc]=0&filter[addTransport]=F&filter[fp]=1&order_by=ofr_price&filter[tourOperator]=0&filter[childAge][1]=20201210","https://fly.pl/cdn/photo/assets/uploads/582/278/2024/07/amarina-queen-resort.jpg","https://fly.pl/wycieczka/egipt,marsa-alam,c/amarina-queen-resort-12/phBUMpFMXIrJtZAPx-2KzyAAoguGpm1udahtSKGC-ZJV51386zZeaUJTWOHJXV4JjwaLAqBE9SRVgwy4Pg0AZIpCtQQVjPAWACagZESS4yLjFyNpsBFQcXAFwDWAVWAkDKBhGAFF2DEE8kXpnYAVO8FFIAS7EvYQBM5Yw6IJH6lwkNAAISYwECDGdJa4A/?operator=OREX&adults=2&children=2020-12-10&nsv=1&objectId=225253&transport=accommodation_flight&departureDate=2026-06-06&returnDate=2026-06-13&departureLocation=Warszawa+-+Modlin%2CWarszawa+-+Radom%2CWarszawa&opt=delta&catering=all_inclusive"
"Dream Lagoon & Aqua Park Resort (ex. Floriana Dream Lagoon)","5643.0","06.06.2026 - 13.06.2026","8 dni","","Warszawa%20-%20Modlin","2026-05-28T08:51:55.919154+00:00","https://fly.pl/szukaj-wycieczek/?filter[dest]=11:&filter[hotelids]=&filter[cityids]=0&filter[cregids]=&filter[ofrType]=&filter[addObjType]=&filter[whenFrom]=28-05-2026&filter[whenTo]=30-06-2026&filter[duration]=7:10&filter[from]=Warszawa%20-%20Modlin,Warszawa%20-%20Radom,Warszawa&filter[person]=2&filter[child]=1&filter[price]=4766:9000&filter[PriceFrom]=4766&filter[PriceTo]=9000&filter[addCategory]=50&filter[addCatering]=1&filter[addMisc]=0&filter[addTransport]=F&filter[fp]=1&order_by=ofr_price&filter[tourOperator]=0&filter[childAge][1]=20201210","https://fly.pl/cdn/photo/assets/uploads/582/278/2015/11/Future-Dream-Lagoon-ex.-Floriana-Dream-Lagoon-fly-pl.jpg","https://fly.pl/wycieczka/egipt,marsa-alam,c/floriana-dream-lagoon/pFsFK3RY4-NdZDFCWO0hhoAAogCBBrYiyNM3YbPxv6UmQ9NM6zZeaUJTWOHJXV4JjwaLAqBE9SRVgwy4Pg0AZIiyxQQVjPAWACagYwWi4yLjFyNpsBFQcXAFwDWAVWAkDKBhHfDl2kFU8kXpnYAVO8FFIAS7EvYQBM5Yw6IJH6lwkNAAISYwECDSWHwbo/?operator=OREX&adults=2&children=2020-12-10&nsv=1&objectId=30943&transport=accommodation_flight&departureDate=2026-06-06&returnDate=2026-06-13&departureLocation=Warszawa+-+Modlin%2CWarszawa+-+Radom%2CWarszawa&opt=delta&catering=all_inclusive"
"Parrotel Lagoon Resort","5690.0","14.06.2026 - 21.06.2026","8 dni","","Warszawa%20-%20Modlin","2026-05-28T08:51:56.080313+00:00","https://fly.pl/szukaj-wycieczek/?filter[dest]=11:&filter[hotelids]=&filter[cityids]=0&filter[cregids]=&filter[ofrType]=&filter[addObjType]=&filter[whenFrom]=28-05-2026&filter[whenTo]=30-06-2026&filter[duration]=7:10&filter[from]=Warszawa%20-%20Modlin,Warszawa%20-%20Radom,Warszawa&filter[person]=2&filter[child]=1&filter[price]=4766:9000&filter[PriceFrom]=4766&filter[PriceTo]=9000&filter[addCategory]=50&filter[addCatering]=1&filter[addMisc]=0&filter[addTransport]=F&filter[fp]=1&order_by=ofr_price&filter[tourOperator]=0&filter[childAge][1]=20201210","https://fly.pl/cdn/photo/assets/uploads/582/278/2020/10/Parrotel-Lagoon-Resort.jpg","https://fly.pl/wycieczka/egipt,sharm-el-sheikh,szarm-el-szejk/parrotel-lagoon-resort-14/pbN5NY_VP2Y-5qMJTfXZB_AAogNH5LSEH1__C2ZV5kjcNQeFxRsiItOkZcPLzNjjqE-S0qBEpPSU4wy4Pg0AZIuixQAViPA2ACagJBSXIfHBGxHLkEjpECqwRyG_jbIxjJpQEBzvGrewIAYwECDZNKhbo/ofertasv/?filter[tourOperator]=JOIN&filter%5Bperson%5D=2&filter%5BchildAge%5D%5B1%5D=20201210&filter%5Bchild%5D=1"
"Amarina Jannah Resort Aquapark","5828.0","06.06.2026 - 13.06.2026","8 dni","","Warszawa%20-%20Modlin","2026-05-28T08:51:56.252570+00:00","https://fly.pl/szukaj-wycieczek/?filter[dest]=11:&filter[hotelids]=&filter[cityids]=0&filter[cregids]=&filter[ofrType]=&filter[addObjType]=&filter[whenFrom]=28-05-2026&filter[whenTo]=30-06-2026&filter[duration]=7:10&filter[from]=Warszawa%20-%20Modlin,Warszawa%20-%20Radom,Warszawa&filter[person]=2&filter[child]=1&filter[price]=4766:9000&filter[PriceFrom]=4766&filter[PriceTo]=9000&filter[addCategory]=50&filter[addCatering]=1&filter[addMisc]=0&filter[addTransport]=F&filter[fp]=1&order_by=ofr_price&filter[tourOperator]=0&filter[childAge][1]=20201210","https://fly.pl/cdn/photo/assets/uploads/582/278/2023/04/Amarina-Jannah-Resort-Aquapark.jpg","https://fly.pl/wycieczka/egipt,marsa-alam,port-ghalib/amarina-jannah-resort-aquapark-15/pxBpXmeQGKUio6abzhq9XSAAog2zqJQW51OeGuzlnsPMbZ-M6zZeaUJTWOHJXV4JjwaLAqBE9SRVgwy4Pg0AZIxC1QQVjPAWACagZETy4yLjFyNpsBFQcXAFwDWAVWAkDKBhH5FF2KD08kXpnYAVO8FFIAS7EvYQBM5Yw6IJH6lwkNAAISYwECDBZMNSQ/?operator=OREX&adults=2&children=2020-12-10&nsv=1&objectId=224141&transport=accommodation_flight&departureDate=2026-06-06&returnDate=2026-06-13&departureLocation=Warszawa+-+Modlin%2CWarszawa+-+Radom%2CWarszawa&opt=delta&catering=all_inclusive"
"Royal Brayka Beach Resort (ex Zee Brayka)","5898.0","06.06.2026 - 13.06.2026","8 dni","","Warszawa%20-%20Modlin","2026-05-28T08:51:56.464901+00:00","https://fly.pl/szukaj-wycieczek/?filter[dest]=11:&filter[hotelids]=&filter[cityids]=0&filter[cregids]=&filter[ofrType]=&filter[addObjType]=&filter[whenFrom]=28-05-2026&filter[whenTo]=30-06-2026&filter[duration]=7:10&filter[from]=Warszawa%20-%20Modlin,Warszawa%20-%20Radom,Warszawa&filter[person]=2&filter[child]=1&filter[price]=4766:9000&filter[PriceFrom]=4766&filter[PriceTo]=9000&filter[addCategory]=50&filter[addCatering]=1&filter[addMisc]=0&filter[addTransport]=F&filter[fp]=1&order_by=ofr_price&filter[tourOperator]=0&filter[childAge][1]=20201210","https://fly.pl/cdn/photo/assets/uploads/582/278/2014/07/Royal-Brayka-Resort.jpg","https://fly.pl/wycieczka/egipt,marsa-alam,c/royal-brayka-resort/phRBfghS6AR-6wPMD5hOL_AAogdMa3WKIs4Zf7v7qDubdf6hdj7gtn7bkxRJ6mk9Br-vwqBFZJVFgwy4Pg0AZIii5QQVjPAWACckAaABUHFwBcA1gFQI8DW7-DAV6-fFK8FFMAS7EvYQBM36o5DZfcmAkgAFGUjr_23wFPj5ANXZz4r_klAg5jAQINWWRgTw/ofertasv/?filter[tourOperator]=VITX&filter%5Bperson%5D=2&filter%5BchildAge%5D%5B1%5D=20201210&filter%5Bchild%5D=1"
"Casa Mare Resort (ex. Royal Tulip Beach Resort)","5898.0","06.06.2026 - 13.06.2026","8 dni","","Warszawa%20-%20Modlin","2026-05-28T08:51:56.626912+00:00","https://fly.pl/szukaj-wycieczek/?filter[dest]=11:&filter[hotelids]=&filter[cityids]=0&filter[cregids]=&filter[ofrType]=&filter[addObjType]=&filter[whenFrom]=28-05-2026&filter[whenTo]=30-06-2026&filter[duration]=7:10&filter[from]=Warszawa%20-%20Modlin,Warszawa%20-%20Radom,Warszawa&filter[person]=2&filter[child]=1&filter[price]=4766:9000&filter[PriceFrom]=4766&filter[PriceTo]=9000&filter[addCategory]=50&filter[addCatering]=1&filter[addMisc]=0&filter[addTransport]=F&filter[fp]=1&order_by=ofr_price&filter[tourOperator]=0&filter[childAge][1]=20201210","https://fly.pl/cdn/photo/assets/uploads/582/278/2015/12/Casa-Mare-Resort.jpg","https://fly.pl/wycieczka/egipt,marsa-alam,c/royal-tulip-beach-resort/pbjHPFbtsE6FWsOqh3E1_VAAogaw6YxUsiJarahpgFgjEWjRdj7gtn7bkxRJ6mk9Br-vwqBFZJVFgwy4Pg0AZIii5QQVjPAWACckAaABUHFwBcA1gFQI8DW5eFAV7melK8FFMAS7EvYQBMn5c8DdfvlQkgAFGxoMX23wFP8v0GXZz4r_klAg5jAQINU70Jgg/ofertasv/?filter[tourOperator]=VITX&filter%5Bperson%5D=2&filter%5BchildAge%5D%5B1%5D=20201210&filter%5Bchild%5D=1"
"Rewaya Inn Resort (ex. Hawaii Paradise Aqua Park Resort)","5990.0","02.06.2026 - 09.06.2026","8 dni","","Warszawa%20-%20Modlin","2026-05-28T08:51:56.791618+00:00","https://fly.pl/szukaj-wycieczek/?filter[dest]=11:&filter[hotelids]=&filter[cityids]=0&filter[cregids]=&filter[ofrType]=&filter[addObjType]=&filter[whenFrom]=28-05-2026&filter[whenTo]=30-06-2026&filter[duration]=7:10&filter[from]=Warszawa%20-%20Modlin,Warszawa%20-%20Radom,Warszawa&filter[person]=2&filter[child]=1&filter[price]=4766:9000&filter[PriceFrom]=4766&filter[PriceTo]=9000&filter[addCategory]=50&filter[addCatering]=1&filter[addMisc]=0&filter[addTransport]=F&filter[fp]=1&order_by=ofr_price&filter[tourOperator]=0&filter[childAge][1]=20201210","https://fly.pl/cdn/photo/assets/uploads/582/278/2020/09/Hawaii-Paradise-Aqua-Park-Resort.jpg","https://fly.pl/wycieczka/egipt,hurghada,c/hawaii-paradise-aqua-park-resort-14/pB1aY6TP2hgyWuKg_14YqIAAogP3s90nhlj76AD-_LpPk2E4P7TRBmZZ4ACnGqumCmf-YqBEpPSU4wy4Pg0AZI5i5QAVhvYAJqAkFJch8cEdEauQSo8wKrBBEYuvgeG7RxAca8h5QBAgBjAQIN7GRB2Q/ofertasv/?filter[tourOperator]=JOIN&filter%5Bperson%5D=2&filter%5BchildAge%5D%5B1%5D=20201210&filter%5Bchild%5D=1"
"Stella Gardens Resort & Spa (ex Stella Di Mare Gardens)","6131.0","16.06.2026 - 23.06.2026","8 dni","","Warszawa%20-%20Modlin","2026-05-28T08:51:56.947193+00:00","https://fly.pl/szukaj-wycieczek/?filter[dest]=11:&filter[hotelids]=&filter[cityids]=0&filter[cregids]=&filter[ofrType]=&filter[addObjType]=&filter[whenFrom]=28-05-2026&filter[whenTo]=30-06-2026&filter[duration]=7:10&filter[from]=Warszawa%20-%20Modlin,Warszawa%20-%20Radom,Warszawa&filter[person]=2&filter[child]=1&filter[price]=4766:9000&filter[PriceFrom]=4766&filter[PriceTo]=9000&filter[addCategory]=50&filter[addCatering]=1&filter[addMisc]=0&filter[addTransport]=F&filter[fp]=1&order_by=ofr_price&filter[tourOperator]=0&filter[childAge][1]=20201210","https://fly.pl/cdn/photo/assets/uploads/582/278/2014/10/Stella-Di-Mare-Gardens-Resort-Spa.jpg","https://fly.pl/wycieczka/egipt,hurghada,makadi-bay/stella-makadi-garden/pbz7S-CAqHt1RB84HZ5hNvAAogTEikdu3Az2nB80RUmh7gQMD2OpZO2AXm95eQ1wXSy3QqBEpPSU4wy4Pg0AZI8y9QAVi_A2ACagJBSXIfHBGIG7kEzscCqwQ-GP6tHxuZbQHZjraUAQIAYwECDafPiGw/ofertasv/?filter[tourOperator]=JOIN&filter%5Bperson%5D=2&filter%5BchildAge%5D%5B1%5D=20201210&filter%5Bchild%5D=1"
"AMC Royal Hotel & Spa (ex. AMC Azur Resort)","6169.0","11.06.2026 - 18.06.2026","8 dni","","Warszawa%20-%20Modlin","2026-05-28T08:51:57.118800+00:00","https://fly.pl/szukaj-wycieczek/?filter[dest]=11:&filter[hotelids]=&filter[cityids]=0&filter[cregids]=&filter[ofrType]=&filter[addObjType]=&filter[whenFrom]=28-05-2026&filter[whenTo]=30-06-2026&filter[duration]=7:10&filter[from]=Warszawa%20-%20Modlin,Warszawa%20-%20Radom,Warszawa&filter[person]=2&filter[child]=1&filter[price]=4766:9000&filter[PriceFrom]=4766&filter[PriceTo]=9000&filter[addCategory]=50&filter[addCatering]=1&filter[addMisc]=0&filter[addTransport]=F&filter[fp]=1&order_by=ofr_price&filter[tourOperator]=0&filter[childAge][1]=20201210","https://fly.pl/cdn/photo/assets/uploads/582/278/2014/07/AMC-Royal-Resort.jpg","https://fly.pl/wycieczka/egipt,hurghada,c/amc-royal-ex-amc-azur-resort/pK7LDdRSLerJL0W9o3y0MoAAog8ddAR1E5KhS85JGe_ccJWiRYyIS-iNWB2qo_7y_LlVQqBFJOQlcwy4Pg0AZImTBQAVjHAmACcgYCDGMBAgXlp9gy/ofertasv/?filter[tourOperator]=RNBW&filter%5Bperson%5D=2&filter%5BchildAge%5D%5B1%5D=20201210&filter%5Bchild%5D=1"
"IL Mercato Splash Aqua Park","6176.0","14.06.2026 - 21.06.2026","8 dni","","Warszawa%20-%20Modlin","2026-05-28T08:51:57.371421+00:00","https://fly.pl/szukaj-wycieczek/?filter[dest]=11:&filter[hotelids]=&filter[cityids]=0&filter[cregids]=&filter[ofrType]=&filter[addObjType]=&filter[whenFrom]=28-05-2026&filter[whenTo]=30-06-2026&filter[duration]=7:10&filter[from]=Warszawa%20-%20Modlin,Warszawa%20-%20Radom,Warszawa&filter[person]=2&filter[child]=1&filter[price]=4766:9000&filter[PriceFrom]=4766&filter[PriceTo]=9000&filter[addCategory]=50&filter[addCatering]=1&filter[addMisc]=0&filter[addTransport]=F&filter[fp]=1&order_by=ofr_price&filter[tourOperator]=0&filter[childAge][1]=20201210","https://fly.pl/cdn/photo/assets/uploads/582/278/2014/07/Il-Mercato-Hotel-Spa-Sharm-El-Sheikh.jpg","https://fly.pl/wycieczka/egipt,sharm-el-sheikh,c/iberotel-il-mercato/pn-Z2cJayYVR2am0dkwJ9zAAogfeC-O4J3InQstsTeD7WDuFxRsiItOkZcPLzNjjqE-S0qBEpPSU4wy4Pg0AZIoDBQAViPA2ACagJBSXIgHBHvG7kE0JECqwRyG4CyJhiDswIBgJGClwECAGMBAgvygTP-/ofertasv/?filter[tourOperator]=JOIN&filter%5Bperson%5D=2&filter%5BchildAge%5D%5B1%5D=20201210&filter%5Bchild%5D=1"
"Sea Star Beau Rivage","6214.0","09.06.2026 - 16.06.2026","8 dni","","Warszawa%20-%20Modlin","2026-05-28T08:51:57.684331+00:00","https://fly.pl/szukaj-wycieczek/?filter[dest]=11:&filter[hotelids]=&filter[cityids]=0&filter[cregids]=&filter[ofrType]=&filter[addObjType]=&filter[whenFrom]=28-05-2026&filter[whenTo]=30-06-2026&filter[duration]=7:10&filter[from]=Warszawa%20-%20Modlin,Warszawa%20-%20Radom,Warszawa&filter[person]=2&filter[child]=1&filter[price]=4766:9000&filter[PriceFrom]=4766&filter[PriceTo]=9000&filter[addCategory]=50&filter[addCatering]=1&filter[addMisc]=0&filter[addTransport]=F&filter[fp]=1&order_by=ofr_price&filter[tourOperator]=0&filter[childAge][1]=20201210","https://fly.pl/cdn/photo/assets/uploads/582/278/2014/07/Sea-Star-Beau-Rivage-fly-pl.jpg","https://fly.pl/wycieczka/egipt,hurghada,c/sea-star-beau-rivage/pxo8slBDZH5wCCBDd0a5WQAAogJfwJI-nCCvJRPq502ZNUoOA1VenNBQF7XO4_J7SyQn0qBEpPSU4wy4Pg0AZIxjBQAViXAmACagJBSXIfHBHrGrkE6scCqwQ-GPeqHxvJbAH95IWUAQIAYwECDIRNXWM/ofertasv/?filter[tourOperator]=JOIN&filter%5Bperson%5D=2&filter%5BchildAge%5D%5B1%5D=20201210&filter%5Bchild%5D=1"
"Sentido Akassia Beach (ex. LTI Akassia Beach)","6228.0","06.06.2026 - 13.06.2026","8 dni","","Warszawa%20-%20Modlin","2026-05-28T08:51:57.959749+00:00","https://fly.pl/szukaj-wycieczek/?filter[dest]=11:&filter[hotelids]=&filter[cityids]=0&filter[cregids]=&filter[ofrType]=&filter[addObjType]=&filter[whenFrom]=28-05-2026&filter[whenTo]=30-06-2026&filter[duration]=7:10&filter[from]=Warszawa%20-%20Modlin,Warszawa%20-%20Radom,Warszawa&filter[person]=2&filter[child]=1&filter[price]=4766:9000&filter[PriceFrom]=4766&filter[PriceTo]=9000&filter[addCategory]=50&filter[addCatering]=1&filter[addMisc]=0&filter[addTransport]=F&filter[fp]=1&order_by=ofr_price&filter[tourOperator]=0&filter[childAge][1]=20201210","https://fly.pl/cdn/photo/assets/uploads/582/278/2014/09/Sentido-Akassia-Beach.jpg","https://fly.pl/wycieczka/egipt,marsa-alam,c/lti-akassia-beach-2/pTiWehZGhLo3agTGqPmKW0AAogi1b5V9R0ubUc5EuM9N4FaM6zZeaUJTWOHJXV4JjwaLAqBE9SRVgwy4Pg0AZI1DBQQVjPAWACagYxUy4yLjFyNZsBFQcXAFwDWAVWAhEmQKQGXYMkTyRemdgBU7wUUgBLsS9hAEzljDogkfqXCQ0AAhJjAQINSrjjvg/?operator=OREX&adults=2&children=2020-12-10&nsv=1&objectId=576&transport=accommodation_flight&departureDate=2026-06-06&returnDate=2026-06-13&departureLocation=Warszawa+-+Modlin%2CWarszawa+-+Radom%2CWarszawa&opt=delta&catering=all_inclusive"
"Novotel Marsa Alam","6305.0","06.06.2026 - 13.06.2026","8 dni","","Warszawa%20-%20Modlin","2026-05-28T08:51:58.085286+00:00","https://fly.pl/szukaj-wycieczek/?filter[dest]=11:&filter[hotelids]=&filter[cityids]=0&filter[cregids]=&filter[ofrType]=&filter[addObjType]=&filter[whenFrom]=28-05-2026&filter[whenTo]=30-06-2026&filter[duration]=7:10&filter[from]=Warszawa%20-%20Modlin,Warszawa%20-%20Radom,Warszawa&filter[person]=2&filter[child]=1&filter[price]=4766:9000&filter[PriceFrom]=4766&filter[PriceTo]=9000&filter[addCategory]=50&filter[addCatering]=1&filter[addMisc]=0&filter[addTransport]=F&filter[fp]=1&order_by=ofr_price&filter[tourOperator]=0&filter[childAge][1]=20201210","https://fly.pl/cdn/photo/assets/uploads/582/278/2015/09/Novotel-Marsa-Alam.jpg","https://fly.pl/wycieczka/egipt,marsa-alam,c/novotel-marsa-alam/ppLLZNQpPCXVF-psBKuGezAAog9Eq_kXUAzHxGnYdCPd3O7M6zZeaUJTWOHJXV4JjwaLAqBE9SRVgwy4Pg0AZIoTFQQVjPAWACagZENi4yLjFyNZsBFQcXAFwDWAVWAhEsQJ4GXYMkTyRemdgBU7wUUgBLsS9hAEzljDogkfqXCQ0AAhJjAQILltlcYA/?operator=OREX&adults=2&children=2020-12-10&nsv=1&objectId=174947&transport=accommodation_flight&departureDate=2026-06-06&returnDate=2026-06-13&departureLocation=Warszawa+-+Modlin%2CWarszawa+-+Radom%2CWarszawa&opt=delta&catering=all_inclusive"
"Royal Lagoons Aqua (ex. Premium Blue)","6373.0","16.06.2026 - 23.06.2026","8 dni","","Warszawa%20-%20Modlin","2026-05-28T08:51:58.262568+00:00","https://fly.pl/szukaj-wycieczek/?filter[dest]=11:&filter[hotelids]=&filter[cityids]=0&filter[cregids]=&filter[ofrType]=&filter[addObjType]=&filter[whenFrom]=28-05-2026&filter[whenTo]=30-06-2026&filter[duration]=7:10&filter[from]=Warszawa%20-%20Modlin,Warszawa%20-%20Radom,Warszawa&filter[person]=2&filter[child]=1&filter[price]=4766:9000&filter[PriceFrom]=4766&filter[PriceTo]=9000&filter[addCategory]=50&filter[addCatering]=1&filter[addMisc]=0&filter[addTransport]=F&filter[fp]=1&order_by=ofr_price&filter[tourOperator]=0&filter[childAge][1]=20201210","https://fly.pl/cdn/photo/assets/uploads/582/278/2014/10/Royal-Lagoons-Aqua.jpg","https://fly.pl/wycieczka/egipt,hurghada,c/premium-blue-lagoon-ex-pyramisa-blue-lagoon/pc_k3zqzI7FVWW2IWFC0mHAAogdF9Li3x_sSiY8O-ZXblSB8D2OpZO2AXm95eQ1wXSy3QqBEpPSU4wy4Pg0AZI5TFQAVi_A2ACagJBSXIgHBHjGrkE88cCqwQ-G6GrIxiTogEB7ZeElAECAGMBAg29DfzJ/ofertasv/?filter[tourOperator]=JOIN&filter%5Bperson%5D=2&filter%5BchildAge%5D%5B1%5D=20201210&filter%5Bchild%5D=1"
"Swissotel Resort El Quseir","6413.0","06.06.2026 - 13.06.2026","8 dni","","Warszawa%20-%20Modlin","2026-05-28T08:51:58.375527+00:00","https://fly.pl/szukaj-wycieczek/?filter[dest]=11:&filter[hotelids]=&filter[cityids]=0&filter[cregids]=&filter[ofrType]=&filter[addObjType]=&filter[whenFrom]=28-05-2026&filter[whenTo]=30-06-2026&filter[duration]=7:10&filter[from]=Warszawa%20-%20Modlin,Warszawa%20-%20Radom,Warszawa&filter[person]=2&filter[child]=1&filter[price]=4766:9000&filter[PriceFrom]=4766&filter[PriceTo]=9000&filter[addCategory]=50&filter[addCatering]=1&filter[addMisc]=0&filter[addTransport]=F&filter[fp]=1&order_by=ofr_price&filter[tourOperator]=0&filter[childAge][1]=20201210","https://fly.pl/cdn/photo/assets/uploads/582/278/2015/02/RADISSON-BLU-m.jpg","https://fly.pl/wycieczka/egipt,marsa-alam,al-kusajr/radisson-blu-resort-el-quseir/pG1wPNnWB2jEXM87Gq9w9bAAogUznc4aYMLrrNJL1bvwg8nM6zZeaUJTWOHJXV4JjwaLAqBE9SRVgwy4Pg0AZIjTJQQVjPAWACagZESS4yLjFyNpsBFQcXAFwDWAVWAkDKBhHtFV2WDk8kXpnYAVO8FFIAS7EvYQBM5Yw6IJH6lwkNAAISYwECC9EXu4o/?operator=OREX&adults=2&children=2020-12-10&nsv=1&objectId=2892&transport=accommodation_flight&departureDate=2026-06-06&returnDate=2026-06-13&departureLocation=Warszawa+-+Modlin%2CWarszawa+-+Radom%2CWarszawa&opt=delta&catering=all_inclusive"
"Concorde Moreen Beach Resort & Spa","6426.0","06.06.2026 - 13.06.2026","8 dni","","Warszawa%20-%20Modlin","2026-05-28T08:51:58.489908+00:00","https://fly.pl/szukaj-wycieczek/?filter[dest]=11:&filter[hotelids]=&filter[cityids]=0&filter[cregids]=&filter[ofrType]=&filter[addObjType]=&filter[whenFrom]=28-05-2026&filter[whenTo]=30-06-2026&filter[duration]=7:10&filter[from]=Warszawa%20-%20Modlin,Warszawa%20-%20Radom,Warszawa&filter[person]=2&filter[child]=1&filter[price]=4766:9000&filter[PriceFrom]=4766&filter[PriceTo]=9000&filter[addCategory]=50&filter[addCatering]=1&filter[addMisc]=0&filter[addTransport]=F&filter[fp]=1&order_by=ofr_price&filter[tourOperator]=0&filter[childAge][1]=20201210","https://fly.pl/cdn/photo/assets/uploads/582/278/2014/07/Concorde-Moreen-Beach-Resort-Spa-fly-pl.jpg","https://fly.pl/wycieczka/egipt,marsa-alam,c/concorde-moreen-beach-spa-resort/pg_Gghig5-Y2NodmgQuiHpAAogRv_RICAUWApNhZrT6PeqL86zZeaUJTWOHJXV4JjwaLAqBE9SRVgwy4Pg0AZImjJQQVjPAWACagZESS4yLjFyNpsBFQcXAFwDWAVWAkDKBhHuDV2VFk8kXpnYAVO8FFIAS7EvYQBM5Yw6IJH6lwkNAAISYwECCxoBOoI/?operator=OREX&adults=2&children=2020-12-10&nsv=1&objectId=76703&transport=accommodation_flight&departureDate=2026-06-06&returnDate=2026-06-13&departureLocation=Warszawa+-+Modlin%2CWarszawa+-+Radom%2CWarszawa&opt=delta&catering=all_inclusive"
"Radisson Individuals Marina Port Ghalib (ex. Sunrise Marina Resort)","6467.0","02.06.2026 - 09.06.2026","8 dni","","Warszawa%20-%20Modlin","2026-05-28T08:51:58.603587+00:00","https://fly.pl/szukaj-wycieczek/?filter[dest]=11:&filter[hotelids]=&filter[cityids]=0&filter[cregids]=&filter[ofrType]=&filter[addObjType]=&filter[whenFrom]=28-05-2026&filter[whenTo]=30-06-2026&filter[duration]=7:10&filter[from]=Warszawa%20-%20Modlin,Warszawa%20-%20Radom,Warszawa&filter[person]=2&filter[child]=1&filter[price]=4766:9000&filter[PriceFrom]=4766&filter[PriceTo]=9000&filter[addCategory]=50&filter[addCatering]=1&filter[addMisc]=0&filter[addTransport]=F&filter[fp]=1&order_by=ofr_price&filter[tourOperator]=0&filter[childAge][1]=20201210","https://fly.pl/cdn/photo/assets/uploads/582/278/2015/04/RADISSON-INDIVIDUALS-MARINA.jpg","https://fly.pl/wycieczka/egipt,marsa-alam,port-ghalib/rehana-port-ghalib-resort/p4mpSmh6wECiIpiUjOmaJJAAogjA7KyAJgUN0HoWRg9R3ZlLJXrSJaeKJoSTk1OvOOZokqBFJOQlcwy4Pg0AZIwzJQAVhvYAJyBgIOYwECBSJYfl4/ofertasv/?filter[tourOperator]=RNBW&filter%5Bperson%5D=2&filter%5BchildAge%5D%5B1%5D=20201210&filter%5Bchild%5D=1"
"Movenpick Waterpark Resort & Spa Soma Bay","6534.0","18.06.2026 - 25.06.2026","8 dni","","Warszawa%20-%20Modlin","2026-05-28T08:51:58.714525+00:00","https://fly.pl/szukaj-wycieczek/?filter[dest]=11:&filter[hotelids]=&filter[cityids]=0&filter[cregids]=&filter[ofrType]=&filter[addObjType]=&filter[whenFrom]=28-05-2026&filter[whenTo]=30-06-2026&filter[duration]=7:10&filter[from]=Warszawa%20-%20Modlin,Warszawa%20-%20Radom,Warszawa&filter[person]=2&filter[child]=1&filter[price]=4766:9000&filter[PriceFrom]=4766&filter[PriceTo]=9000&filter[addCategory]=50&filter[addCatering]=1&filter[addMisc]=0&filter[addTransport]=F&filter[fp]=1&order_by=ofr_price&filter[tourOperator]=0&filter[childAge][1]=20201210","https://fly.pl/cdn/photo/assets/uploads/582/278/2009/02/Movenpick-Soma-Bay2539.jpg","https://fly.pl/wycieczka/egipt,hurghada,c/movenpick-soma-bay/pZCWXqnG7fFL8-ZBgxDNLOAAog1xC40B2Cc-pKOz-wGL-X53HyXWYemBt1fyOhzbp9ElEqBE9SRVgwy4Pg0AZIhjNQQVjvA2ACagdCSzQuMi4xcjWbARUHFwBcA1gFVgJAygYREl3BDk8kU5qeAVIAXq9PS4ESYQBM0b46IJ36lwkNAAISYwECC0bIBk4/?operator=OREX&adults=2&children=2020-12-10&nsv=1&objectId=118549&transport=accommodation_flight&departureDate=2026-06-18&returnDate=2026-06-25&departureLocation=Warszawa+-+Modlin%2CWarszawa+-+Radom%2CWarszawa&opt=delta&catering=all_inclusive"
"Bellagio Beach Resort & Spa (ex. Panorama Bungalows Hurghada)","6576.0","16.06.2026 - 23.06.2026","8 dni","","Warszawa%20-%20Modlin","2026-05-28T08:51:58.830810+00:00","https://fly.pl/szukaj-wycieczek/?filter[dest]=11:&filter[hotelids]=&filter[cityids]=0&filter[cregids]=&filter[ofrType]=&filter[addObjType]=&filter[whenFrom]=28-05-2026&filter[whenTo]=30-06-2026&filter[duration]=7:10&filter[from]=Warszawa%20-%20Modlin,Warszawa%20-%20Radom,Warszawa&filter[person]=2&filter[child]=1&filter[price]=4766:9000&filter[PriceFrom]=4766&filter[PriceTo]=9000&filter[addCategory]=50&filter[addCatering]=1&filter[addMisc]=0&filter[addTransport]=F&filter[fp]=1&order_by=ofr_price&filter[tourOperator]=0&filter[childAge][1]=20201210","https://fly.pl/cdn/photo/assets/uploads/582/278/2014/07/Bellagio-Beach-Resort-Spa.jpg","https://fly.pl/wycieczka/egipt,hurghada,c/panorama-bungalow-resort/pKmiLaCMlJBWWquTBHD4MUAAog931heYvkdcCmB5zE4atzHcD2OpZO2AXm95eQ1wXSy3QqBEpPSU4wy4Pg0AZIsDNQAVi_A2ACagJBSXIfHBGjGrkEs8gCqwQ-GM-gHxucfAGoroCUAQIAYwECDbU9VBE/ofertasv/?filter[tourOperator]=JOIN&filter%5Bperson%5D=2&filter%5BchildAge%5D%5B1%5D=20201210&filter%5Bchild%5D=1"
"Jaz Neo Naama Bay","6581.0","06.06.2026 - 13.06.2026","8 dni","","Warszawa%20-%20Modlin","2026-05-28T08:51:58.943302+00:00","https://fly.pl/szukaj-wycieczek/?filter[dest]=11:&filter[hotelids]=&filter[cityids]=0&filter[cregids]=&filter[ofrType]=&filter[addObjType]=&filter[whenFrom]=28-05-2026&filter[whenTo]=30-06-2026&filter[duration]=7:10&filter[from]=Warszawa%20-%20Modlin,Warszawa%20-%20Radom,Warszawa&filter[person]=2&filter[child]=1&filter[price]=4766:9000&filter[PriceFrom]=4766&filter[PriceTo]=9000&filter[addCategory]=50&filter[addCatering]=1&filter[addMisc]=0&filter[addTransport]=F&filter[fp]=1&order_by=ofr_price&filter[tourOperator]=0&filter[childAge][1]=20201210","https://fly.pl/cdn/photo/assets/uploads/582/278/2014/10/Sol-Y-Mar-Naama-Bay.jpg","https://fly.pl/wycieczka/egipt,sharm-el-sheikh,c/sol-y-mar-naama-bay/pVZTdw2aacwXLyfzRGFXRUAAoggym6YnPjYGJ5zhspmCUMOgAAAACHhAQApIQEAAcAEgAqBFdFWlkwy4Pg0AZItTNQQVjPAWADaglFbnRlciBBaXJqBDA4MDByQ54BlQEfAAIBHAAWBBcCEu0DGIUFE80BFMkEEbgPQNpiTKCiAU8AS8cjUAAb3_QJHaDNBSAdDdrEwgkBEmMBDWMBAwWWC46o/?operator=WEZY&adults=2&children=2020-12-10&nsv=1&objectId=7748&transport=accommodation_flight&departureDate=2026-06-06&returnDate=2026-06-13&departureLocation=Warszawa+-+Modlin%2CWarszawa+-+Radom%2CWarszawa&opt=delta&catering=all_inclusive"
"Safir Sharm Waterfalls Resort (ex Hilton Waterfalls Resort)","6600.0","14.06.2026 - 21.06.2026","8 dni","","Warszawa%20-%20Modlin","2026-05-28T08:51:59.070051+00:00","https://fly.pl/szukaj-wycieczek/?filter[dest]=11:&filter[hotelids]=&filter[cityids]=0&filter[cregids]=&filter[ofrType]=&filter[addObjType]=&filter[whenFrom]=28-05-2026&filter[whenTo]=30-06-2026&filter[duration]=7:10&filter[from]=Warszawa%20-%20Modlin,Warszawa%20-%20Radom,Warszawa&filter[person]=2&filter[child]=1&filter[price]=4766:9000&filter[PriceFrom]=4766&filter[PriceTo]=9000&filter[addCategory]=50&filter[addCatering]=1&filter[addMisc]=0&filter[addTransport]=F&filter[fp]=1&order_by=ofr_price&filter[tourOperator]=0&filter[childAge][1]=20201210","https://fly.pl/cdn/photo/assets/uploads/582/278/2014/07/Hilton-Sharm-Waterfalls-Resort-fly-pl-4.jpg","https://fly.pl/wycieczka/egipt,sharm-el-sheikh,c/hilton-sharm-waterfalls-resort/p-xtbmnEJA6Zn5YsY3-c-LAAog97eTKVdSTRr5LEszkBJyZFxRsiItOkZcPLzNjjqE-S0qBEpPSU4wy4Pg0AZIyDNQAViPA2ACagJBSXIgHBHZHLkE5pACqwRyGOjNHxuCoAEB78KFrQECAGMBAgsaHFLY/ofertasv/?filter[tourOperator]=JOIN&filter%5Bperson%5D=2&filter%5BchildAge%5D%5B1%5D=20201210&filter%5Bchild%5D=1"
"Stella Beach Resort & Spa","6615.0","16.06.2026 - 23.06.2026","8 dni","","Warszawa%20-%20Modlin","2026-05-28T08:51:59.194332+00:00","https://fly.pl/szukaj-wycieczek/?filter[dest]=11:&filter[hotelids]=&filter[cityids]=0&filter[cregids]=&filter[ofrType]=&filter[addObjType]=&filter[whenFrom]=28-05-2026&filter[whenTo]=30-06-2026&filter[duration]=7:10&filter[from]=Warszawa%20-%20Modlin,Warszawa%20-%20Radom,Warszawa&filter[person]=2&filter[child]=1&filter[price]=4766:9000&filter[PriceFrom]=4766&filter[PriceTo]=9000&filter[addCategory]=50&filter[addCatering]=1&filter[addMisc]=0&filter[addTransport]=F&filter[fp]=1&order_by=ofr_price&filter[tourOperator]=0&filter[childAge][1]=20201210","https://fly.pl/cdn/photo/assets/uploads/582/278/2014/10/Stella-Di-Mare-Beach-Resort-Spa.jpg","https://fly.pl/wycieczka/egipt,hurghada,makadi-bay/stella-makadi-resort/peAtk_r0Kc4R3-y_5ddg0SAAogDR4ebWZ3WwUnV2WwoYkbUMD2OpZO2AXm95eQ1wXSy3QqBEpPSU4wy4Pg0AZI1zNQAVi_A2ACagJBSXIfHBGHG7kEz8cCqwQ-GMCtHxvocwH_gbOUAQIAYwECDXi3xBI/ofertasv/?filter[tourOperator]=JOIN&filter%5Bperson%5D=2&filter%5BchildAge%5D%5B1%5D=20201210&filter%5Bchild%5D=1"
"Rewaya Luxury Resort","6647.0","18.06.2026 - 25.06.2026","8 dni","","Warszawa%20-%20Modlin","2026-05-28T08:51:59.307600+00:00","https://fly.pl/szukaj-wycieczek/?filter[dest]=11:&filter[hotelids]=&filter[cityids]=0&filter[cregids]=&filter[ofrType]=&filter[addObjType]=&filter[whenFrom]=28-05-2026&filter[whenTo]=30-06-2026&filter[duration]=7:10&filter[from]=Warszawa%20-%20Modlin,Warszawa%20-%20Radom,Warszawa&filter[person]=2&filter[child]=1&filter[price]=4766:9000&filter[PriceFrom]=4766&filter[PriceTo]=9000&filter[addCategory]=50&filter[addCatering]=1&filter[addMisc]=0&filter[addTransport]=F&filter[fp]=1&order_by=ofr_price&filter[tourOperator]=0&filter[childAge][1]=20201210","https://datacfstatic.merlinx.pl/OREX/IMG/7196/7ee6f6ab88032d1df7b04f2c2b5b40ea1ec6ea68430c830d6b9f1f0ae59587d0.webp","https://fly.pl/wycieczka/egipt,hurghada,c/rewaya-luxury-resort-9/pUoKicM4a3wYwmr5LpldDGAAognRhp1ifD7n5hYXkS3uPQGnHyXWYemBt1fyOhzbp9ElEqBE9SRVgwy4Pg0AZI9zNQQVjvA2ACagVFLjIuMXI1mwEVBxcAWAhWAlwIQMIGXdMOTyQRyiJT0HtSAF6vT0uBEmEATNG-OiCd-pcJDQACEmMBAg3qeH-0/?operator=OREX&adults=2&children=2020-12-10&nsv=1&objectId=237611&transport=accommodation_flight&departureDate=2026-06-18&returnDate=2026-06-25&departureLocation=Warszawa+-+Modlin%2CWarszawa+-+Radom%2CWarszawa&opt=delta&catering=all_inclusive"
"Xperience Kiroseiz Premier","6660.0","14.06.2026 - 21.06.2026","8 dni","","Warszawa%20-%20Modlin","2026-05-28T08:51:59.430119+00:00","https://fly.pl/szukaj-wycieczek/?filter[dest]=11:&filter[hotelids]=&filter[cityids]=0&filter[cregids]=&filter[ofrType]=&filter[addObjType]=&filter[whenFrom]=28-05-2026&filter[whenTo]=30-06-2026&filter[duration]=7:10&filter[from]=Warszawa%20-%20Modlin,Warszawa%20-%20Radom,Warszawa&filter[person]=2&filter[child]=1&filter[price]=4766:9000&filter[PriceFrom]=4766&filter[PriceTo]=9000&filter[addCategory]=50&filter[addCatering]=1&filter[addMisc]=0&filter[addTransport]=F&filter[fp]=1&order_by=ofr_price&filter[tourOperator]=0&filter[childAge][1]=20201210","https://fly.pl/cdn/photo/assets/uploads/582/278/2015/11/Xperience-Kiroseiz-Premier-fly-pl-3.jpg","https://fly.pl/wycieczka/egipt,sharm-el-sheikh,c/xperience-kiroseiz-premier/pDHzo4L6UCCy5SR1vuKECgAAogxltnnwynQkLjtWO9_nAi9VxRsiItOkZcPLzNjjqE-S0qBEpPSU4wy4Pg0AZIhDRQAViPA2ACagJBSXIgHBGhHbkEnpACqwRyGIrUHxuDlwEBvbKIrQECAGMBAgtuuVmW/ofertasv/?filter[tourOperator]=JOIN&filter%5Bperson%5D=2&filter%5BchildAge%5D%5B1%5D=20201210&filter%5Bchild%5D=1"
"Fantazia Resort","6669.0","06.06.2026 - 13.06.2026","8 dni","","Warszawa%20-%20Modlin","2026-05-28T08:51:59.537386+00:00","https://fly.pl/szukaj-wycieczek/?filter[dest]=11:&filter[hotelids]=&filter[cityids]=0&filter[cregids]=&filter[ofrType]=&filter[addObjType]=&filter[whenFrom]=28-05-2026&filter[whenTo]=30-06-2026&filter[duration]=7:10&filter[from]=Warszawa%20-%20Modlin,Warszawa%20-%20Radom,Warszawa&filter[person]=2&filter[child]=1&filter[price]=4766:9000&filter[PriceFrom]=4766&filter[PriceTo]=9000&filter[addCategory]=50&filter[addCatering]=1&filter[addMisc]=0&filter[addTransport]=F&filter[fp]=1&order_by=ofr_price&filter[tourOperator]=0&filter[childAge][1]=20201210","https://fly.pl/cdn/photo/assets/uploads/582/278/2016/11/Fantazia-Resort.jpg","https://fly.pl/wycieczka/egipt,marsa-alam,c/fantazia-resort/pPM7YKJMk0fHvGn3HbR_SbAAog_xhfSoJDDBdifATWhZPojc6zZeaUJTWOHJXV4JjwaLAqBE9SRVgwy4Pg0AZIjTRQQVjPAWACagZEUi4yLjFyNpsBFQcXAFwDWAVWAkDKBhG0C13PGE8kXpnYAVO8FFIAS7EvYQBM5Yw6IJH6lwkNAAISYwECDeB9-Ig/?operator=OREX&adults=2&children=2020-12-10&nsv=1&objectId=6714&transport=accommodation_flight&departureDate=2026-06-06&returnDate=2026-06-13&departureLocation=Warszawa+-+Modlin%2CWarszawa+-+Radom%2CWarszawa&opt=delta&catering=all_inclusive"
"Rewaya Majestic Resort","6764.0","11.06.2026 - 18.06.2026","8 dni","","Warszawa%20-%20Modlin","2026-05-28T08:51:59.644261+00:00","https://fly.pl/szukaj-wycieczek/?filter[dest]=11:&filter[hotelids]=&filter[cityids]=0&filter[cregids]=&filter[ofrType]=&filter[addObjType]=&filter[whenFrom]=28-05-2026&filter[whenTo]=30-06-2026&filter[duration]=7:10&filter[from]=Warszawa%20-%20Modlin,Warszawa%20-%20Radom,Warszawa&filter[person]=2&filter[child]=1&filter[price]=4766:9000&filter[PriceFrom]=4766&filter[PriceTo]=9000&filter[addCategory]=50&filter[addCatering]=1&filter[addMisc]=0&filter[addTransport]=F&filter[fp]=1&order_by=ofr_price&filter[tourOperator]=0&filter[childAge][1]=20201210","https://datacfstatic.merlinx.pl/OREX/IMG/6539/6cf3081617d8ad864924d4cef6931a4d48846a07be390f742cd3a1edb00fcdb7.webp","https://fly.pl/wycieczka/egipt,hurghada,c/rewaya-majestic-resort-10/pEinRC0HT40Ni2TbgD4kHlAAogpVwGKzSNjsa4hWB3jDQ9_VNU74Wqj8EW7aJN-L9vxNcqBE9SRVgwy4Pg0AZI7DRQQVjHAmACagVFLjIuMXI2mwEVBxcAWAhWAlwIQMIGXdMOTyQRuR1T4YABUgBer09LgRJhAEzRvjoglvqXCQ0AAhJjAQINu1Lpig/?operator=OREX&adults=2&children=2020-12-10&nsv=1&objectId=233282&transport=accommodation_flight&departureDate=2026-06-11&returnDate=2026-06-18&departureLocation=Warszawa+-+Modlin%2CWarszawa+-+Radom%2CWarszawa&opt=delta&catering=all_inclusive"
"Gravity Hotel & Aquapark Hurghada (ex. Samra Bay Resort)","6820.0","09.06.2026 - 16.06.2026","8 dni","","Warszawa%20-%20Modlin","2026-05-28T08:51:59.748313+00:00","https://fly.pl/szukaj-wycieczek/?filter[dest]=11:&filter[hotelids]=&filter[cityids]=0&filter[cregids]=&filter[ofrType]=&filter[addObjType]=&filter[whenFrom]=28-05-2026&filter[whenTo]=30-06-2026&filter[duration]=7:10&filter[from]=Warszawa%20-%20Modlin,Warszawa%20-%20Radom,Warszawa&filter[person]=2&filter[child]=1&filter[price]=4766:9000&filter[PriceFrom]=4766&filter[PriceTo]=9000&filter[addCategory]=50&filter[addCatering]=1&filter[addMisc]=0&filter[addTransport]=F&filter[fp]=1&order_by=ofr_price&filter[tourOperator]=0&filter[childAge][1]=20201210","https://fly.pl/cdn/photo/assets/uploads/582/278/2017/04/Gravity-Hotel-Aquapark-Hurghada.jpg","https://fly.pl/wycieczka/egipt,hurghada,c/samra-bay-resort/pciOhSrDY_SKQc__eF-Qw_AAogOTA1oFojABaiSiTh9FowkeA1VenNBQF7XO4_J7SyQn0qBEpPSU4wy4Pg0AZIpDVQAViXAmACagJBSXIgHBHKGrkEi8gCqwQ-GKejHxvcjwEBo5n-kwECAGMBAg00JFj2/ofertasv/?filter[tourOperator]=JOIN&filter%5Bperson%5D=2&filter%5BchildAge%5D%5B1%5D=20201210&filter%5Bchild%5D=1"
"Three Corners Fayrouz Plaza Beach Resort","6822.0","06.06.2026 - 13.06.2026","8 dni","","Warszawa%20-%20Modlin","2026-05-28T08:51:59.854707+00:00","https://fly.pl/szukaj-wycieczek/?filter[dest]=11:&filter[hotelids]=&filter[cityids]=0&filter[cregids]=&filter[ofrType]=&filter[addObjType]=&filter[whenFrom]=28-05-2026&filter[whenTo]=30-06-2026&filter[duration]=7:10&filter[from]=Warszawa%20-%20Modlin,Warszawa%20-%20Radom,Warszawa&filter[person]=2&filter[child]=1&filter[price]=4766:9000&filter[PriceFrom]=4766&filter[PriceTo]=9000&filter[addCategory]=50&filter[addCatering]=1&filter[addMisc]=0&filter[addTransport]=F&filter[fp]=1&order_by=ofr_price&filter[tourOperator]=0&filter[childAge][1]=20201210","https://fly.pl/cdn/photo/assets/uploads/582/278/2014/10/The-Three-Corners-Fayrouz-Plaza.jpg","https://fly.pl/wycieczka/egipt,marsa-alam,c/three-corners-fayrouz-plaza-beach-resort/p7a6rdbzlmqxq6L_O1_SMuAAogul2qAt-RGGgq6eAGCfJ17s6zZeaUJTWOHJXV4JjwaLAqBE9SRVgwy4Pg0AZIpjVQQVjPAWACagZDMC4yLjFyNZsBFQcXAFwDWAVWAhGKBkBAXYMkTyRemdgBU7wUUgBLsS9hAEzljDogkfqXCQ0AAhJjAQIN3WcBSw/?operator=OREX&adults=2&children=2020-12-10&nsv=1&objectId=1447&transport=accommodation_flight&departureDate=2026-06-06&returnDate=2026-06-13&departureLocation=Warszawa+-+Modlin%2CWarszawa+-+Radom%2CWarszawa&opt=delta&catering=all_inclusive"
"Dreams Beach Sharm Resort (Sharm El Sheikh)","6842.0","14.06.2026 - 21.06.2026","8 dni","","Warszawa%20-%20Modlin","2026-05-28T08:51:59.982907+00:00","https://fly.pl/szukaj-wycieczek/?filter[dest]=11:&filter[hotelids]=&filter[cityids]=0&filter[cregids]=&filter[ofrType]=&filter[addObjType]=&filter[whenFrom]=28-05-2026&filter[whenTo]=30-06-2026&filter[duration]=7:10&filter[from]=Warszawa%20-%20Modlin,Warszawa%20-%20Radom,Warszawa&filter[person]=2&filter[child]=1&filter[price]=4766:9000&filter[PriceFrom]=4766&filter[PriceTo]=9000&filter[addCategory]=50&filter[addCatering]=1&filter[addMisc]=0&filter[addTransport]=F&filter[fp]=1&order_by=ofr_price&filter[tourOperator]=0&filter[childAge][1]=20201210","https://fly.pl/cdn/photo/assets/uploads/582/278/2014/07/Dreams-Beach-Resort.jpg","https://fly.pl/wycieczka/egipt,sharm-el-sheikh,szarm-el-szejk/dreams-beach-sharm-el-sheikh/pftUr3QHXCyFXRjhBVfc1kAAogF3AdYvZgUWS0Zc2MOY09QVxRsiItOkZcPLzNjjqE-S0qBEpPSU4wy4Pg0AZIujVQAViPA2ACagJBSXIgHBHRG7kE7pECqwRyGJzDHxv1pQEBu6KBrQECAGMBAgulAiPy/ofertasv/?filter[tourOperator]=JOIN&filter%5Bperson%5D=2&filter%5BchildAge%5D%5B1%5D=20201210&filter%5Bchild%5D=1"
"Xperience Kiroseiz Parkland","6842.0","14.06.2026 - 21.06.2026","8 dni","","Warszawa%20-%20Modlin","2026-05-28T08:52:00.087973+00:00","https://fly.pl/szukaj-wycieczek/?filter[dest]=11:&filter[hotelids]=&filter[cityids]=0&filter[cregids]=&filter[ofrType]=&filter[addObjType]=&filter[whenFrom]=28-05-2026&filter[whenTo]=30-06-2026&filter[duration]=7:10&filter[from]=Warszawa%20-%20Modlin,Warszawa%20-%20Radom,Warszawa&filter[person]=2&filter[child]=1&filter[price]=4766:9000&filter[PriceFrom]=4766&filter[PriceTo]=9000&filter[addCategory]=50&filter[addCatering]=1&filter[addMisc]=0&filter[addTransport]=F&filter[fp]=1&order_by=ofr_price&filter[tourOperator]=0&filter[childAge][1]=20201210","https://fly.pl/cdn/photo/assets/uploads/582/278/2014/06/Xperience-Kiroseiz-Parkland-fly-pl.jpg","https://fly.pl/wycieczka/egipt,sharm-el-sheikh,c/xperience-kiroseiz-parkland/pS_LgOT49dLtrBJve0wKr1AAogkMLxuA9f2FOUlgESwNWxSVxRsiItOkZcPLzNjjqE-S0qBEpPSU4wy4Pg0AZIujVQAViPA2ACagJBSXIgHBGfHbkEoJACqwRyGPTTHxubgQEBg4GJrQECAGMBAgv7LL_d/ofertasv/?filter[tourOperator]=JOIN&filter%5Bperson%5D=2&filter%5BchildAge%5D%5B1%5D=20201210&filter%5Bchild%5D=1"
"Albatros Sea World Resort Marsa Alam","6845.0","06.06.2026 - 13.06.2026","8 dni","","Warszawa%20-%20Modlin","2026-05-28T08:53:35.284033+00:00","https://fly.pl/szukaj-wycieczek/?filter[dest]=11:&filter[hotelids]=&filter[cityids]=0&filter[cregids]=&filter[ofrType]=&filter[addObjType]=&filter[whenFrom]=28-05-2026&filter[whenTo]=30-06-2026&filter[duration]=7:10&filter[from]=Warszawa%20-%20Modlin,Warszawa%20-%20Radom,Warszawa&filter[person]=2&filter[child]=1&filter[price]=4766:9000&filter[PriceFrom]=4766&filter[PriceTo]=9000&filter[addCategory]=50&filter[addCatering]=1&filter[addMisc]=0&filter[addTransport]=F&filter[fp]=1&order_by=ofr_price&filter[tourOperator]=0&filter[childAge][1]=20201210","https://fly.pl/cdn/photo/assets/uploads/582/278/2017/08/ALBATROS-SEA-WORLD.jpg","https://fly.pl/wycieczka/egipt,marsa-alam,al-kusajr/sea-world-resort-marsa-alam/pV3SHeVsx9fZRxdvxfE5b0AAoglH5M-8BdR7GgDBAJD-qx3s6zZeaUJTWOHJXV4JjwaLAqBE9SRVgwsYTg0AZIvTVQQVjPAWACagZESS4yLjFyNZsBFQcXAFwDWAVWAhEAQMoGXYMkTyRemdgBU7wUUgBLsS9hAEzljDogkfqXCQ0AAhJjAQIMJQKHVg/?operator=OREX&adults=2&children=2020-12-10&nsv=1&objectId=190316&transport=accommodation_flight&departureDate=2026-06-06&returnDate=2026-06-13&departureLocation=Warszawa+-+Modlin%2CWarszawa+-+Radom%2CWarszawa&opt=delta&catering=all_inclusive"
"Albatros Sea World Resort Marsa Alam","6845.0","06.06.2026 - 13.06.2026","8 dni","","Warszawa%20-%20Modlin","2026-05-28T08:53:35.331086+00:00","https://fly.pl/szukaj-wycieczek/?filter[dest]=11:&filter[hotelids]=&filter[cityids]=0&filter[cregids]=&filter[ofrType]=&filter[addObjType]=&filter[whenFrom]=28-05-2026&filter[whenTo]=30-06-2026&filter[duration]=7:10&filter[from]=Warszawa%20-%20Modlin,Warszawa%20-%20Radom,Warszawa&filter[person]=2&filter[child]=1&filter[price]=4766:9000&filter[PriceFrom]=4766&filter[PriceTo]=9000&filter[addCategory]=50&filter[addCatering]=1&filter[addMisc]=0&filter[addTransport]=F&filter[fp]=1&order_by=ofr_price&filter[tourOperator]=0&filter[childAge][1]=20201210","https://fly.pl/cdn/photo/assets/uploads/582/278/2017/08/ALBATROS-SEA-WORLD.jpg","https://fly.pl/wycieczka/egipt,marsa-alam,al-kusajr/sea-world-resort-marsa-alam/pV3SHeVsx9fZRxdvxfE5b0AAoglH5M-8BdR7GgDBAJD-qx3s6zZeaUJTWOHJXV4JjwaLAqBE9SRVgwsYTg0AZIvTVQQVjPAWACagZESS4yLjFyNZsBFQcXAFwDWAVWAhEAQMoGXYMkTyRemdgBU7wUUgBLsS9hAEzljDogkfqXCQ0AAhJjAQIMJQKHVg/?operator=OREX&adults=2&children=2020-12-10&nsv=1&objectId=190316&transport=accommodation_flight&departureDate=2026-06-06&returnDate=2026-06-13&departureLocation=Warszawa+-+Modlin%2CWarszawa+-+Radom%2CWarszawa&opt=delta&catering=all_inclusive"
"Pharaoh Azur Resort (ex Sonesta Pharaoh Beach Resort)","6878.0","07.06.2026 - 14.06.2026","8 dni","","Warszawa%20-%20Modlin","2026-05-28T08:53:35.437554+00:00","https://fly.pl/szukaj-wycieczek/?filter[dest]=11:&filter[hotelids]=&filter[cityids]=0&filter[cregids]=&filter[ofrType]=&filter[addObjType]=&filter[whenFrom]=28-05-2026&filter[whenTo]=30-06-2026&filter[duration]=7:10&filter[from]=Warszawa%20-%20Modlin,Warszawa%20-%20Radom,Warszawa&filter[person]=2&filter[child]=1&filter[price]=4766:9000&filter[PriceFrom]=4766&filter[PriceTo]=9000&filter[addCategory]=50&filter[addCatering]=1&filter[addMisc]=0&filter[addTransport]=F&filter[fp]=1&order_by=ofr_price&filter[tourOperator]=0&filter[childAge][1]=20201210","https://fly.pl/cdn/photo/assets/uploads/582/278/2014/07/Pharaoh-Azur-Resort.jpg","https://fly.pl/wycieczka/egipt,hurghada,c/sonesta-pharaoh/pB89zyEdY3mwtN__7dbaGIAAogiX2Ocd6Ky6T1sPY3wE0MlgAAAADSggQA7oIEAAcAAAAqBFdFWlkwsYTg0AZI3jVQQVjnAWADaglFbnRlciBBaXJqBDAwMTVyQp4BlAEfABwBAgAWBBcCEbEBErwCFdoFGJUDE7kBQIVzTMsyTwBLnJMBUAAbnDEdro0PIBwNkcjCCQESYwEOYwECBfUm1a8/?operator=WEZY&adults=2&children=2020-12-10&nsv=1&objectId=1954&transport=accommodation_flight&departureDate=2026-06-07&returnDate=2026-06-14&departureLocation=Warszawa+-+Modlin%2CWarszawa+-+Radom%2CWarszawa&opt=delta&catering=all_inclusive"
"Regency Plaza Aqua Park Spa","6891.0","02.06.2026 - 10.06.2026","9 dni","","Warszawa%20-%20Modlin","2026-05-28T08:53:35.559158+00:00","https://fly.pl/szukaj-wycieczek/?filter[dest]=11:&filter[hotelids]=&filter[cityids]=0&filter[cregids]=&filter[ofrType]=&filter[addObjType]=&filter[whenFrom]=28-05-2026&filter[whenTo]=30-06-2026&filter[duration]=7:10&filter[from]=Warszawa%20-%20Modlin,Warszawa%20-%20Radom,Warszawa&filter[person]=2&filter[child]=1&filter[price]=4766:9000&filter[PriceFrom]=4766&filter[PriceTo]=9000&filter[addCategory]=50&filter[addCatering]=1&filter[addMisc]=0&filter[addTransport]=F&filter[fp]=1&order_by=ofr_price&filter[tourOperator]=0&filter[childAge][1]=20201210","https://fly.pl/cdn/photo/assets/uploads/582/278/2014/07/Regency-Plaza-Aqua-Park-Spa-fly-pl.jpg","https://fly.pl/wycieczka/egipt,sharm-el-sheikh,szarm-el-szejk/regency-plaza/pT-_cUyEcCUawTEtkIcJ_VAAogm_llobtBX8KHjyvQbhW4MGKYTWXIbHl7jtD9z0P4iRwqBFZJVFgwsYTg0AZI6zVQQVhvYAJyQBoAFQcXAFwDWAVAjwNbv4MBXr58UqYgUwBLxyNhAEzfqjkNk9yYCSABUe_3hrPpAU-3-g1dhM7qvBwCDmMBAg17mhCr/ofertasv/?filter[tourOperator]=VITX&filter%5Bperson%5D=2&filter%5BchildAge%5D%5B1%5D=20201210&filter%5Bchild%5D=1"
"Invidia Coral Beach Tiran","6915.0","06.06.2026 - 13.06.2026","8 dni","","Warszawa%20-%20Modlin","2026-05-28T08:53:35.676717+00:00","https://fly.pl/szukaj-wycieczek/?filter[dest]=11:&filter[hotelids]=&filter[cityids]=0&filter[cregids]=&filter[ofrType]=&filter[addObjType]=&filter[whenFrom]=28-05-2026&filter[whenTo]=30-06-2026&filter[duration]=7:10&filter[from]=Warszawa%20-%20Modlin,Warszawa%20-%20Radom,Warszawa&filter[person]=2&filter[child]=1&filter[price]=4766:9000&filter[PriceFrom]=4766&filter[PriceTo]=9000&filter[addCategory]=50&filter[addCatering]=1&filter[addMisc]=0&filter[addTransport]=F&filter[fp]=1&order_by=ofr_price&filter[tourOperator]=0&filter[childAge][1]=20201210","https://fly.pl/cdn/photo/assets/uploads/582/278/2014/07/Coral-Beach-Rotana-Tiran-fly-pl.jpg","https://fly.pl/wycieczka/egipt,sharm-el-sheikh,c/coral-beach-rotana-tiran/pTee9mTtVRe9sEwZzC-wxMAAoggxN9qaE2m6WyJpRw0deucAAAAACHhAQApIQEAAcAEgAqBFdFWlkwsYTg0AZIgzZQQVjPAWADaglFbnRlciBBaXJqBDA4MDByQp4BlQEfABwBAgAWABcGESMSygMYhQUTzQEUyQRAknJMoKIBTwBLxyNQAB3_wQ8gHRvrwmQN74HeCAESYwEMYwECC30a2uw/?operator=WEZY&adults=2&children=2020-12-10&nsv=1&objectId=596&transport=accommodation_flight&departureDate=2026-06-06&returnDate=2026-06-13&departureLocation=Warszawa+-+Modlin%2CWarszawa+-+Radom%2CWarszawa&opt=delta&catering=all_inclusive"
"Jaz Grand Marsa (ex Resta Grand Resort)","6937.0","09.06.2026 - 16.06.2026","8 dni","","Warszawa%20-%20Modlin","2026-05-28T08:53:35.786651+00:00","https://fly.pl/szukaj-wycieczek/?filter[dest]=11:&filter[hotelids]=&filter[cityids]=0&filter[cregids]=&filter[ofrType]=&filter[addObjType]=&filter[whenFrom]=28-05-2026&filter[whenTo]=30-06-2026&filter[duration]=7:10&filter[from]=Warszawa%20-%20Modlin,Warszawa%20-%20Radom,Warszawa&filter[person]=2&filter[child]=1&filter[price]=4766:9000&filter[PriceFrom]=4766&filter[PriceTo]=9000&filter[addCategory]=50&filter[addCatering]=1&filter[addMisc]=0&filter[addTransport]=F&filter[fp]=1&order_by=ofr_price&filter[tourOperator]=0&filter[childAge][1]=20201210","https://fly.pl/cdn/photo/assets/uploads/582/278/2014/09/grand.jpg","https://fly.pl/wycieczka/egipt,marsa-alam,madinat-coraya/resta-grand-resort/pfMuTySTe-YmLUNSTtVlGWAAogZ3_oHcxbga_d8nQ_7HScvzgJAQOewa1jKvJOfNTl61cqBEVYSU0wsYTg0AZImTZQAViXAmACagJBSXIhHBHzxga5BOf3PasEHBvkujoYyMc7Ac_a664KAgBjAQIMeGR9qw/ofertasv/?filter[tourOperator]=EXIM&filter%5Bperson%5D=2&filter%5BchildAge%5D%5B1%5D=20201210&filter%5Bchild%5D=1"
"Gemma Resort (ex. Labranda Gemma Premium Resort)","6942.0","06.06.2026 - 13.06.2026","8 dni","","Warszawa%20-%20Modlin","2026-05-28T08:53:35.896667+00:00","https://fly.pl/szukaj-wycieczek/?filter[dest]=11:&filter[hotelids]=&filter[cityids]=0&filter[cregids]=&filter[ofrType]=&filter[addObjType]=&filter[whenFrom]=28-05-2026&filter[whenTo]=30-06-2026&filter[duration]=7:10&filter[from]=Warszawa%20-%20Modlin,Warszawa%20-%20Radom,Warszawa&filter[person]=2&filter[child]=1&filter[price]=4766:9000&filter[PriceFrom]=4766&filter[PriceTo]=9000&filter[addCategory]=50&filter[addCatering]=1&filter[addMisc]=0&filter[addTransport]=F&filter[fp]=1&order_by=ofr_price&filter[tourOperator]=0&filter[childAge][1]=20201210","https://fly.pl/cdn/photo/assets/uploads/582/278/2015/06/Gemma-Resort.jpg","https://fly.pl/wycieczka/egipt,marsa-alam,c/gemma-resort/pNOC7zFNXTI3ftOH5N5wNOAAogcuLJ7SUrU1QwY2znQOFcvmGvpNkIDsJRLk3csdI6q_AqBEpPSU4wsYTg0AZInjZQAVjPAWACagJBSXIgHBHaGbkE_O8CqwQfG43yHxi6sAEBmoPphQECAGMBAg1NiR-f/ofertasv/?filter[tourOperator]=JOIN&filter%5Bperson%5D=2&filter%5BchildAge%5D%5B1%5D=20201210&filter%5Bchild%5D=1"
"Tropitel Sahl Hasheesh","6946.0","07.06.2026 - 14.06.2026","8 dni","","Warszawa%20-%20Modlin","2026-05-28T08:53:36.002926+00:00","https://fly.pl/szukaj-wycieczek/?filter[dest]=11:&filter[hotelids]=&filter[cityids]=0&filter[cregids]=&filter[ofrType]=&filter[addObjType]=&filter[whenFrom]=28-05-2026&filter[whenTo]=30-06-2026&filter[duration]=7:10&filter[from]=Warszawa%20-%20Modlin,Warszawa%20-%20Radom,Warszawa&filter[person]=2&filter[child]=1&filter[price]=4766:9000&filter[PriceFrom]=4766&filter[PriceTo]=9000&filter[addCategory]=50&filter[addCatering]=1&filter[addMisc]=0&filter[addTransport]=F&filter[fp]=1&order_by=ofr_price&filter[tourOperator]=0&filter[childAge][1]=20201210","https://fly.pl/cdn/photo/assets/uploads/582/278/2014/10/Tropitel-Sahl-Hasheesh.jpg","https://fly.pl/wycieczka/egipt,hurghada,c/tropitel-sahl-hasheesh/pIuziylq336hh0o2GpyHa_AAogSdhVohsmkps9zEY2kOgRkGzcMShTeTNczhDRY-MhP8oqBFJOQlcwsYTg0AZIojZQAVjnAWACcgYCDGMBAgV0GqTA/ofertasv/?filter[tourOperator]=RNBW&filter%5Bperson%5D=2&filter%5BchildAge%5D%5B1%5D=20201210&filter%5Bchild%5D=1"
"Titanic Beach Spa & Aqua Park","6957.0","11.06.2026 - 18.06.2026","8 dni","","Warszawa%20-%20Modlin","2026-05-28T08:53:36.109191+00:00","https://fly.pl/szukaj-wycieczek/?filter[dest]=11:&filter[hotelids]=&filter[cityids]=0&filter[cregids]=&filter[ofrType]=&filter[addObjType]=&filter[whenFrom]=28-05-2026&filter[whenTo]=30-06-2026&filter[duration]=7:10&filter[from]=Warszawa%20-%20Modlin,Warszawa%20-%20Radom,Warszawa&filter[person]=2&filter[child]=1&filter[price]=4766:9000&filter[PriceFrom]=4766&filter[PriceTo]=9000&filter[addCategory]=50&filter[addCatering]=1&filter[addMisc]=0&filter[addTransport]=F&filter[fp]=1&order_by=ofr_price&filter[tourOperator]=0&filter[childAge][1]=20201210","https://fly.pl/cdn/photo/assets/uploads/582/278/2014/07/Titanic-Beach-Spa-Aqua-Park-fly-pl.jpg","https://fly.pl/wycieczka/egipt,hurghada,c/titanic-beach-spa/pHJGGH1qTflBMRvBxk27-eAAog1bXBodWbUir1qnjr8aTWeazL7gFY-vG_pdvPW-AxFXcqBFZJVFgwsYTg0AZIrTZQQVjHAmACckAaABUHFwBcA1gFQI8DW7-DAVOPLVIAXq9PS-1DYQBM36o5DZzcmAkgAFH7kuX7jwFPo_UHXZCE8_N1AgxjAQILXv590g/ofertasv/?filter[tourOperator]=VITX&filter%5Bperson%5D=2&filter%5BchildAge%5D%5B1%5D=20201210&filter%5Bchild%5D=1"
"Gravity Sahl Hasheesh (Ex. Ocean Breeze)","7003.0","07.06.2026 - 14.06.2026","8 dni","","Warszawa%20-%20Modlin","2026-05-28T08:53:36.223668+00:00","https://fly.pl/szukaj-wycieczek/?filter[dest]=11:&filter[hotelids]=&filter[cityids]=0&filter[cregids]=&filter[ofrType]=&filter[addObjType]=&filter[whenFrom]=28-05-2026&filter[whenTo]=30-06-2026&filter[duration]=7:10&filter[from]=Warszawa%20-%20Modlin,Warszawa%20-%20Radom,Warszawa&filter[person]=2&filter[child]=1&filter[price]=4766:9000&filter[PriceFrom]=4766&filter[PriceTo]=9000&filter[addCategory]=50&filter[addCatering]=1&filter[addMisc]=0&filter[addTransport]=F&filter[fp]=1&order_by=ofr_price&filter[tourOperator]=0&filter[childAge][1]=20201210","https://fly.pl/cdn/photo/assets/uploads/582/278/2018/10/Gravity-Sahl-Hasheesh.jpg","https://fly.pl/wycieczka/egipt,hurghada,c/ocean-breeze/pablA3tvjFAllbDRf5sV4XAAogEUDgwCmOl9XQcDAFLt9dWWzcMShTeTNczhDRY-MhP8oqBFJOQlcwsYTg0AZI2zZQAVjnAWACcgYCDWMBAgbzPonK/ofertasv/?filter[tourOperator]=RNBW&filter%5Bperson%5D=2&filter%5BchildAge%5D%5B1%5D=20201210&filter%5Bchild%5D=1"
"Parrotel Beach Resort (ex. Radisson Blu)","7009.0","14.06.2026 - 21.06.2026","8 dni","","Warszawa%20-%20Modlin","2026-05-28T08:53:36.328744+00:00","https://fly.pl/szukaj-wycieczek/?filter[dest]=11:&filter[hotelids]=&filter[cityids]=0&filter[cregids]=&filter[ofrType]=&filter[addObjType]=&filter[whenFrom]=28-05-2026&filter[whenTo]=30-06-2026&filter[duration]=7:10&filter[from]=Warszawa%20-%20Modlin,Warszawa%20-%20Radom,Warszawa&filter[person]=2&filter[child]=1&filter[price]=4766:9000&filter[PriceFrom]=4766&filter[PriceTo]=9000&filter[addCategory]=50&filter[addCatering]=1&filter[addMisc]=0&filter[addTransport]=F&filter[fp]=1&order_by=ofr_price&filter[tourOperator]=0&filter[childAge][1]=20201210","https://fly.pl/cdn/photo/assets/uploads/582/278/2014/07/Parrotel-Beach-Resort.jpg","https://fly.pl/wycieczka/egipt,sharm-el-sheikh,c/radisson-blu-resort-sharm-el-sheikh/pM257ZI46ISm7trsnu85kcAAogkMmXE-ZPGSFaXDZ2XAzPPFxRsiItOkZcPLzNjjqE-S0qBEpPSU4wsYTg0AZI4TZQAViPA2ACagJBSXIfHBGvHLkEkJECqwRyG_HcIxjCpAEBssytewIAYwECDZLlBqk/ofertasv/?filter[tourOperator]=JOIN&filter%5Bperson%5D=2&filter%5BchildAge%5D%5B1%5D=20201210&filter%5Bchild%5D=1"
"Creek Hotel and Residences","7027.0","09.06.2026 - 16.06.2026","8 dni","","Warszawa%20-%20Modlin","2026-05-28T08:53:36.430763+00:00","https://fly.pl/szukaj-wycieczek/?filter[dest]=11:&filter[hotelids]=&filter[cityids]=0&filter[cregids]=&filter[ofrType]=&filter[addObjType]=&filter[whenFrom]=28-05-2026&filter[whenTo]=30-06-2026&filter[duration]=7:10&filter[from]=Warszawa%20-%20Modlin,Warszawa%20-%20Radom,Warszawa&filter[person]=2&filter[child]=1&filter[price]=4766:9000&filter[PriceFrom]=4766&filter[PriceTo]=9000&filter[addCategory]=50&filter[addCatering]=1&filter[addMisc]=0&filter[addTransport]=F&filter[fp]=1&order_by=ofr_price&filter[tourOperator]=0&filter[childAge][1]=20201210","https://fly.pl/cdn/photo/assets/uploads/582/278/2024/07/creek-hotel-residences.jpg","https://fly.pl/wycieczka/egipt,hurghada,al-dzuna/creek-hotel-residences-9/pLLa21m89oOhbyEHlzg8rYAAogp8p56e2jNXbA6PUO8dzXG-A1VenNBQF7XO4_J7SyQn0qBEpPSU4wsYTg0AZI8zZQAViXAmACagJBSXIgHBGwGrkEpcgCqwQ-G6HTIxjh8QEBlYqolAECAGMBAgtyRLCm/ofertasv/?filter[tourOperator]=JOIN&filter%5Bperson%5D=2&filter%5BchildAge%5D%5B1%5D=20201210&filter%5Bchild%5D=1"
"Gorgonia Beach","7034.0","06.06.2026 - 13.06.2026","8 dni","","Warszawa%20-%20Modlin","2026-05-28T08:53:36.537003+00:00","https://fly.pl/szukaj-wycieczek/?filter[dest]=11:&filter[hotelids]=&filter[cityids]=0&filter[cregids]=&filter[ofrType]=&filter[addObjType]=&filter[whenFrom]=28-05-2026&filter[whenTo]=30-06-2026&filter[duration]=7:10&filter[from]=Warszawa%20-%20Modlin,Warszawa%20-%20Radom,Warszawa&filter[person]=2&filter[child]=1&filter[price]=4766:9000&filter[PriceFrom]=4766&filter[PriceTo]=9000&filter[addCategory]=50&filter[addCatering]=1&filter[addMisc]=0&filter[addTransport]=F&filter[fp]=1&order_by=ofr_price&filter[tourOperator]=0&filter[childAge][1]=20201210","https://fly.pl/cdn/photo/assets/uploads/582/278/2016/12/Gorgonia-Beach-Resort.jpg","https://fly.pl/wycieczka/egipt,marsa-alam,c/gorgonia-beach/p9hMHDaVXKlKDEtB0fkRrgAAognYgk39Ee3L35Avxt0z4Pa86zZeaUJTWOHJXV4JjwaLAqBE9SRVgwsYTg0AZI-jZQQVjPAWACagZDNS4yLjFyNpsBFQcXAFwDWAVWAkDKBhGIFF37D08kXpnYAVO8FFIAS7EvYQBM5Yw6IJH6lwkNAAISYwECCygHGu0/?operator=OREX&adults=2&children=2020-12-10&nsv=1&objectId=26377&transport=accommodation_flight&departureDate=2026-06-06&returnDate=2026-06-13&departureLocation=Warszawa+-+Modlin%2CWarszawa+-+Radom%2CWarszawa&opt=delta&catering=all_inclusive"
"Retac Qunay Dahab Resort & Spa","7072.0","14.06.2026 - 21.06.2026","8 dni","","Warszawa%20-%20Modlin","2026-05-28T08:53:36.643106+00:00","https://fly.pl/szukaj-wycieczek/?filter[dest]=11:&filter[hotelids]=&filter[cityids]=0&filter[cregids]=&filter[ofrType]=&filter[addObjType]=&filter[whenFrom]=28-05-2026&filter[whenTo]=30-06-2026&filter[duration]=7:10&filter[from]=Warszawa%20-%20Modlin,Warszawa%20-%20Radom,Warszawa&filter[person]=2&filter[child]=1&filter[price]=4766:9000&filter[PriceFrom]=4766&filter[PriceTo]=9000&filter[addCategory]=50&filter[addCatering]=1&filter[addMisc]=0&filter[addTransport]=F&filter[fp]=1&order_by=ofr_price&filter[tourOperator]=0&filter[childAge][1]=20201210","https://fly.pl/cdn/photo/assets/uploads/582/278/2014/09/Retac-Qunay-Dahab.jpg","https://fly.pl/wycieczka/egipt,dahab,c/le-meridien-dahab-bay/p2BUE5kLbVPDxf228xaQOfAAog9he35agXf_JYS-rEctFVzlxRsiItOkZcPLzNjjqE-S0qBEpPSU4wsYTg0AZIoDdQAViPA2ACagJBSXIfHBGtJLkEkokCqwRyGPzMHxuTkwEB7r_IUwIAYwECC9YYDhU/ofertasv/?filter[tourOperator]=JOIN&filter%5Bperson%5D=2&filter%5BchildAge%5D%5B1%5D=20201210&filter%5Bchild%5D=1"
"Pickalbatros Golf Beach Resort","7086.0","14.06.2026 - 21.06.2026","8 dni","","Warszawa%20-%20Modlin","2026-05-28T08:53:36.746313+00:00","https://fly.pl/szukaj-wycieczek/?filter[dest]=11:&filter[hotelids]=&filter[cityids]=0&filter[cregids]=&filter[ofrType]=&filter[addObjType]=&filter[whenFrom]=28-05-2026&filter[whenTo]=30-06-2026&filter[duration]=7:10&filter[from]=Warszawa%20-%20Modlin,Warszawa%20-%20Radom,Warszawa&filter[person]=2&filter[child]=1&filter[price]=4766:9000&filter[PriceFrom]=4766&filter[PriceTo]=9000&filter[addCategory]=50&filter[addCatering]=1&filter[addMisc]=0&filter[addTransport]=F&filter[fp]=1&order_by=ofr_price&filter[tourOperator]=0&filter[childAge][1]=20201210","https://fly.pl/cdn/photo/assets/uploads/582/278/2014/07/Golf-Beach-Resort-Managed-by-Rixos.jpg","https://fly.pl/wycieczka/egipt,sharm-el-sheikh,c/maritim-jolie-ville-golf/p9XA63xgvBzSNAuF7aKmBqAAogTjCHHgoMbJGVy4-IaDLZ_1xRsiItOkZcPLzNjjqE-S0qBEpPSU4wsYTg0AZIrjdQAViPA2ACagJBSXIgHBHjG7kE3JECqwRyGL7LHxvJggEBsvSBrQECAGMBAgzF8Pqm/ofertasv/?filter[tourOperator]=JOIN&filter%5Bperson%5D=2&filter%5BchildAge%5D%5B1%5D=20201210&filter%5Bchild%5D=1"
"Pickalbatros Luxury Suites","7086.0","14.06.2026 - 21.06.2026","8 dni","","Warszawa%20-%20Modlin","2026-05-28T08:53:36.847702+00:00","https://fly.pl/szukaj-wycieczek/?filter[dest]=11:&filter[hotelids]=&filter[cityids]=0&filter[cregids]=&filter[ofrType]=&filter[addObjType]=&filter[whenFrom]=28-05-2026&filter[whenTo]=30-06-2026&filter[duration]=7:10&filter[from]=Warszawa%20-%20Modlin,Warszawa%20-%20Radom,Warszawa&filter[person]=2&filter[child]=1&filter[price]=4766:9000&filter[PriceFrom]=4766&filter[PriceTo]=9000&filter[addCategory]=50&filter[addCatering]=1&filter[addMisc]=0&filter[addTransport]=F&filter[fp]=1&order_by=ofr_price&filter[tourOperator]=0&filter[childAge][1]=20201210","https://fly.pl/cdn/photo/assets/uploads/582/278/2023/04/Pickalbatros-Luxury-Suites.jpg","https://fly.pl/wycieczka/egipt,sharm-el-sheikh,szarm-el-szejk/golf-villas-sharm-el-sheikh-by-rixos-11/pU0cfFtknrwaJpdjwIdpUMAAogGa8_474zAI-zef2gcrBOjFxRsiItOkZcPLzNjjqE-S0qBEpPSU4wsYTg0AZIrjdQAViPA2ACagJBSXIgHBHhMbkE3vsBqwRyGIf5IRuXiwEB-v7-rAECAGMBAgyei6vd/ofertasv/?filter[tourOperator]=JOIN&filter%5Bperson%5D=2&filter%5BchildAge%5D%5B1%5D=20201210&filter%5Bchild%5D=1"
"Sirena Beach Resort & Spa","7110.0","06.06.2026 - 13.06.2026","8 dni","","Warszawa%20-%20Modlin","2026-05-28T08:53:36.946786+00:00","https://fly.pl/szukaj-wycieczek/?filter[dest]=11:&filter[hotelids]=&filter[cityids]=0&filter[cregids]=&filter[ofrType]=&filter[addObjType]=&filter[whenFrom]=28-05-2026&filter[whenTo]=30-06-2026&filter[duration]=7:10&filter[from]=Warszawa%20-%20Modlin,Warszawa%20-%20Radom,Warszawa&filter[person]=2&filter[child]=1&filter[price]=4766:9000&filter[PriceFrom]=4766&filter[PriceTo]=9000&filter[addCategory]=50&filter[addCatering]=1&filter[addMisc]=0&filter[addTransport]=F&filter[fp]=1&order_by=ofr_price&filter[tourOperator]=0&filter[childAge][1]=20201210","https://datacfstatic.merlinx.pl/OREX/IMG/3216/86c44a9a8004959be2f4ed092ee91d3286d5e121550a04aac54449146091b82b.webp","https://fly.pl/wycieczka/egipt,marsa-alam,al-kusajr/movenpick-sirena-beach-13/pPVNfSwnkxGBAIuyPzeSfFAAogVG-i4pDTkxNhoT4l2VHVn86zZeaUJTWOHJXV4JjwaLAqBE9SRVgwsYTg0AZIxjdQQVjPAWACagdHS1guMi4xcjabARUHFwBcA1gFVgJAygYRtRJdzhFPJF6Z2AFTvBRSAEuxL2EATOWMOiCR-pcJDQACEmMBAg1M8Zrv/?operator=OREX&adults=2&children=2020-12-10&nsv=1&objectId=6380&transport=accommodation_flight&departureDate=2026-06-06&returnDate=2026-06-13&departureLocation=Warszawa+-+Modlin%2CWarszawa+-+Radom%2CWarszawa&opt=delta&catering=all_inclusive"
"Ecotel Dahab Bay View Resort","7121.0","06.06.2026 - 13.06.2026","8 dni","","Warszawa%20-%20Modlin","2026-05-28T08:53:37.052513+00:00","https://fly.pl/szukaj-wycieczek/?filter[dest]=11:&filter[hotelids]=&filter[cityids]=0&filter[cregids]=&filter[ofrType]=&filter[addObjType]=&filter[whenFrom]=28-05-2026&filter[whenTo]=30-06-2026&filter[duration]=7:10&filter[from]=Warszawa%20-%20Modlin,Warszawa%20-%20Radom,Warszawa&filter[person]=2&filter[child]=1&filter[price]=4766:9000&filter[PriceFrom]=4766&filter[PriceTo]=9000&filter[addCategory]=50&filter[addCatering]=1&filter[addMisc]=0&filter[addTransport]=F&filter[fp]=1&order_by=ofr_price&filter[tourOperator]=0&filter[childAge][1]=20201210","https://fly.pl/cdn/photo/assets/uploads/582/278/2014/09/Ecotel-Dahab-Resort.jpg","https://fly.pl/wycieczka/egipt,dahab,c/mercure-dahab-bay-view/pdoeEQ0ldpiJWhtSl24Zz6AAogDte7oCU9PhRJZzBhNtOfRwAAAACHhAQApIQEAAcAEgAqBFdFWlkwsYTg0AZI0TdQQVjPAWADaglFbnRlciBBaXJqBDA4MDByQ54BlQEfAAIBHAAWBBcCEu0DGIUFE80BFMkEEbwdQNZUTKCiAU8AS8cjUAAbu8gMHcT5AiAdDdrEwgkBEmMBDGMBAgUhz5Oc/?operator=WEZY&adults=2&children=2020-12-10&nsv=1&objectId=12558&transport=accommodation_flight&departureDate=2026-06-06&returnDate=2026-06-13&departureLocation=Warszawa+-+Modlin%2CWarszawa+-+Radom%2CWarszawa&opt=delta&catering=all_inclusive"
"Swiss Inn Resort Hurghada (ex. Hilton Hurghada Resort)","7122.0","09.06.2026 - 16.06.2026","8 dni","","Warszawa%20-%20Modlin","2026-05-28T08:53:37.157896+00:00","https://fly.pl/szukaj-wycieczek/?filter[dest]=11:&filter[hotelids]=&filter[cityids]=0&filter[cregids]=&filter[ofrType]=&filter[addObjType]=&filter[whenFrom]=28-05-2026&filter[whenTo]=30-06-2026&filter[duration]=7:10&filter[from]=Warszawa%20-%20Modlin,Warszawa%20-%20Radom,Warszawa&filter[person]=2&filter[child]=1&filter[price]=4766:9000&filter[PriceFrom]=4766&filter[PriceTo]=9000&filter[addCategory]=50&filter[addCatering]=1&filter[addMisc]=0&filter[addTransport]=F&filter[fp]=1&order_by=ofr_price&filter[tourOperator]=0&filter[childAge][1]=20201210","https://fly.pl/cdn/photo/assets/uploads/582/278/2014/07/Swiss-Inn-Resort-Hurghada.jpg","https://fly.pl/wycieczka/egipt,hurghada,c/hilton-resort/p6nyS58v5jsdiyIhmSHBV3AAogaa6wZ9d9lq_PaUYcei00o-A1VenNBQF7XO4_J7SyQn0qBEpPSU4wsYTg0AZI0jdQAViXAmACagJBSXIfHBGsG7kEqccCqwQ-GPmuHxv_ewH3q8GUAQIAYwECC0s8DgY/ofertasv/?filter[tourOperator]=JOIN&filter%5Bperson%5D=2&filter%5BchildAge%5D%5B1%5D=20201210&filter%5Bchild%5D=1"
"Calimera Blend Paradise Resort","7157.0","11.06.2026 - 18.06.2026","8 dni","","Warszawa%20-%20Modlin","2026-05-28T08:53:37.265853+00:00","https://fly.pl/szukaj-wycieczek/?filter[dest]=11:&filter[hotelids]=&filter[cityids]=0&filter[cregids]=&filter[ofrType]=&filter[addObjType]=&filter[whenFrom]=28-05-2026&filter[whenTo]=30-06-2026&filter[duration]=7:10&filter[from]=Warszawa%20-%20Modlin,Warszawa%20-%20Radom,Warszawa&filter[person]=2&filter[child]=1&filter[price]=4766:9000&filter[PriceFrom]=4766&filter[PriceTo]=9000&filter[addCategory]=50&filter[addCatering]=1&filter[addMisc]=0&filter[addTransport]=F&filter[fp]=1&order_by=ofr_price&filter[tourOperator]=0&filter[childAge][1]=20201210","https://fly.pl/cdn/photo/assets/uploads/582/278/2022/08/Calimera-Blend-Paradise.jpg","https://fly.pl/wycieczka/egipt,hurghada,c/calimera-blend-paradise-12/p8ccuxqLEe-JFk6hqGX4GAAAogdPfbjIw7l3z1bFoduryAqazL7gFY-vG_pdvPW-AxFXcqBFZJVFgwsYTg0AZI9TdQQVjHAmACckAaABUHFwBcA1gFQI8DW5eFAVO3K1IAXq9PS-1DYQBM36o5DZzcmAkgAFGji7T7jwFP-_w4XZCE8_N1Ag1jAQIMVMkNog/ofertasv/?filter[tourOperator]=VITX&filter%5Bperson%5D=2&filter%5BchildAge%5D%5B1%5D=20201210&filter%5Bchild%5D=1"
"Siva Golden Bay Makadi","7177.0","11.06.2026 - 18.06.2026","8 dni","","Warszawa%20-%20Modlin","2026-05-28T08:53:37.395799+00:00","https://fly.pl/szukaj-wycieczek/?filter[dest]=11:&filter[hotelids]=&filter[cityids]=0&filter[cregids]=&filter[ofrType]=&filter[addObjType]=&filter[whenFrom]=28-05-2026&filter[whenTo]=30-06-2026&filter[duration]=7:10&filter[from]=Warszawa%20-%20Modlin,Warszawa%20-%20Radom,Warszawa&filter[person]=2&filter[child]=1&filter[price]=4766:9000&filter[PriceFrom]=4766&filter[PriceTo]=9000&filter[addCategory]=50&filter[addCatering]=1&filter[addMisc]=0&filter[addTransport]=F&filter[fp]=1&order_by=ofr_price&filter[tourOperator]=0&filter[childAge][1]=20201210","https://fly.pl/cdn/photo/assets/uploads/582/278/2024/07/siva-golden-bay-makadi.jpg","https://fly.pl/wycieczka/egipt,hurghada,makadi-bay/siva-golden-bay-makadi-10/pfQAqv0TiUdlqGlTLRjExBAAogFoGYsZndrVkT9VyNNUGAMVvIJNo-v4qnTpe8Q4PSP0cqBEVYSU0wsYTg0AZIiThQAVjHAmACagJBSXIhHBHGuwa5BND_PasEHBvj5S8Yptk2AfWRtYsJAgBjAQIHz2MhRA/ofertasv/?filter[tourOperator]=EXIM&filter%5Bperson%5D=2&filter%5BchildAge%5D%5B1%5D=20201210&filter%5Bchild%5D=1"
"Sharm Grand Plaza Resort","7205.0","07.06.2026 - 14.06.2026","8 dni","","Warszawa%20-%20Modlin","2026-05-28T08:53:37.512465+00:00","https://fly.pl/szukaj-wycieczek/?filter[dest]=11:&filter[hotelids]=&filter[cityids]=0&filter[cregids]=&filter[ofrType]=&filter[addObjType]=&filter[whenFrom]=28-05-2026&filter[whenTo]=30-06-2026&filter[duration]=7:10&filter[from]=Warszawa%20-%20Modlin,Warszawa%20-%20Radom,Warszawa&filter[person]=2&filter[child]=1&filter[price]=4766:9000&filter[PriceFrom]=4766&filter[PriceTo]=9000&filter[addCategory]=50&filter[addCatering]=1&filter[addMisc]=0&filter[addTransport]=F&filter[fp]=1&order_by=ofr_price&filter[tourOperator]=0&filter[childAge][1]=20201210","https://fly.pl/cdn/photo/assets/uploads/582/278/2014/07/SHARM-GRAND-PLAZA-RESORT-1.jpg","https://fly.pl/wycieczka/egipt,sharm-el-sheikh,c/grand-plaza-resort/pQU0EC_Y6ECN6gr1ekDk-gAAog3G2ylFrzkS4Q2JVEKIWq1YHYbhJGkFASOGm6k8c5fM4qBEpPSU4wsYTg0AZIpThQAVjnAWACagJBSXIgHBHrHLkE05ACqwRyG9jgJBiv3QEB8oXjhwECAGMBAguGZ5VA/ofertasv/?filter[tourOperator]=JOIN&filter%5Bperson%5D=2&filter%5BchildAge%5D%5B1%5D=20201210&filter%5Bchild%5D=1"
"Seven Seas Jolie Bay","7211.0","07.06.2026 - 14.06.2026","8 dni","","Warszawa%20-%20Modlin","2026-05-28T08:53:37.623064+00:00","https://fly.pl/szukaj-wycieczek/?filter[dest]=11:&filter[hotelids]=&filter[cityids]=0&filter[cregids]=&filter[ofrType]=&filter[addObjType]=&filter[whenFrom]=28-05-2026&filter[whenTo]=30-06-2026&filter[duration]=7:10&filter[from]=Warszawa%20-%20Modlin,Warszawa%20-%20Radom,Warszawa&filter[person]=2&filter[child]=1&filter[price]=4766:9000&filter[PriceFrom]=4766&filter[PriceTo]=9000&filter[addCategory]=50&filter[addCatering]=1&filter[addMisc]=0&filter[addTransport]=F&filter[fp]=1&order_by=ofr_price&filter[tourOperator]=0&filter[childAge][1]=20201210","https://fly.pl/cdn/photo/assets/uploads/582/278/2022/03/Aqua-Mondo-Abu-Soma-Resort.jpg","https://fly.pl/wycieczka/egipt,hurghada,soma-bay/aqua-mondo-resort-14/pJQzpuSl_iDOiLKFayAzyhAAoguRz_osIhMSOgy4z2Ag5HLgAAAADSggQA7oIEAAcAAAAqBFdFWlkwsYTg0AZIqzhQQVjnAWADaglFbnRlciBBaXJqBDAwMTVyQ54BlAEfAAIBFgAcABcGEu0DFdoFGJUDE7kBQIVzT8syTABLnJMBUAARyD8dgv8OIBwbrNg1DeXvjAkBEmMBDGMBAgv_4RKr/?operator=WEZY&adults=2&children=2020-12-10&nsv=1&objectId=217102&transport=accommodation_flight&departureDate=2026-06-07&returnDate=2026-06-14&departureLocation=Warszawa+-+Modlin%2CWarszawa+-+Radom%2CWarszawa&opt=delta&catering=all_inclusive"
"Jaz Solaya Resort (ex Sol Y Mar Solaya)","7220.0","06.06.2026 - 13.06.2026","8 dni","","Warszawa%20-%20Modlin","2026-05-28T08:53:37.728289+00:00","https://fly.pl/szukaj-wycieczek/?filter[dest]=11:&filter[hotelids]=&filter[cityids]=0&filter[cregids]=&filter[ofrType]=&filter[addObjType]=&filter[whenFrom]=28-05-2026&filter[whenTo]=30-06-2026&filter[duration]=7:10&filter[from]=Warszawa%20-%20Modlin,Warszawa%20-%20Radom,Warszawa&filter[person]=2&filter[child]=1&filter[price]=4766:9000&filter[PriceFrom]=4766&filter[PriceTo]=9000&filter[addCategory]=50&filter[addCatering]=1&filter[addMisc]=0&filter[addTransport]=F&filter[fp]=1&order_by=ofr_price&filter[tourOperator]=0&filter[childAge][1]=20201210","https://fly.pl/cdn/photo/assets/uploads/582/278/2016/05/Jaz-Solaya.jpg","https://fly.pl/wycieczka/egipt,marsa-alam,c/jaz-solaya-ex-sol-y-mar-solaya/p6hXZNch6kfU4kXAlVEBE4AAogHfjF7usZd-0G8kyeIDk6x2GvpNkIDsJRLk3csdI6q_AqBEpPSU4wsYTg0AZItDhQAVjPAWACagJBSXIgHBHmGbkE8O8CqwQfG7qCIBiOoQEB2O7ohQECAGMBAgxFjGfR/ofertasv/?filter[tourOperator]=JOIN&filter%5Bperson%5D=2&filter%5BchildAge%5D%5B1%5D=20201210&filter%5Bchild%5D=1"
"Pickalbatros Palace Port Ghalib (ex. Red Sea The Palace)","7227.0","06.06.2026 - 13.06.2026","8 dni","","Warszawa%20-%20Modlin","2026-05-28T08:53:37.843422+00:00","https://fly.pl/szukaj-wycieczek/?filter[dest]=11:&filter[hotelids]=&filter[cityids]=0&filter[cregids]=&filter[ofrType]=&filter[addObjType]=&filter[whenFrom]=28-05-2026&filter[whenTo]=30-06-2026&filter[duration]=7:10&filter[from]=Warszawa%20-%20Modlin,Warszawa%20-%20Radom,Warszawa&filter[person]=2&filter[child]=1&filter[price]=4766:9000&filter[PriceFrom]=4766&filter[PriceTo]=9000&filter[addCategory]=50&filter[addCatering]=1&filter[addMisc]=0&filter[addTransport]=F&filter[fp]=1&order_by=ofr_price&filter[tourOperator]=0&filter[childAge][1]=20201210","https://fly.pl/cdn/photo/assets/uploads/582/278/2014/09/albatros-palace.jpg","https://fly.pl/wycieczka/egipt,marsa-alam,port-ghalib/intercontinental-the-palace-port-ghalib/pLj4s0_wT7INudtdLCe_2lAAogZaWzFOWngr7xD9rwvjAkj86zZeaUJTWOHJXV4JjwaLAqBE9SRVgwsYTg0AZIuzhQQVjPAWACagZESS4yLjFyNZsBFQcXAFwDWAVWAhEzQJcGXYMkTyRemdgBU7wUUgBLsS9hAEzljDogkfqXCQ0AAhJjAQIM0DHLzQ/?operator=OREX&adults=2&children=2020-12-10&nsv=1&objectId=22148&transport=accommodation_flight&departureDate=2026-06-06&returnDate=2026-06-13&departureLocation=Warszawa+-+Modlin%2CWarszawa+-+Radom%2CWarszawa&opt=delta&catering=all_inclusive"
"El Malikia Resort Abu Dabbab (ex.Sol Y Mar)","7253.0","06.06.2026 - 13.06.2026","8 dni","","Warszawa%20-%20Modlin","2026-05-28T08:53:37.949717+00:00","https://fly.pl/szukaj-wycieczek/?filter[dest]=11:&filter[hotelids]=&filter[cityids]=0&filter[cregids]=&filter[ofrType]=&filter[addObjType]=&filter[whenFrom]=28-05-2026&filter[whenTo]=30-06-2026&filter[duration]=7:10&filter[from]=Warszawa%20-%20Modlin,Warszawa%20-%20Radom,Warszawa&filter[person]=2&filter[child]=1&filter[price]=4766:9000&filter[PriceFrom]=4766&filter[PriceTo]=9000&filter[addCategory]=50&filter[addCatering]=1&filter[addMisc]=0&filter[addTransport]=F&filter[fp]=1&order_by=ofr_price&filter[tourOperator]=0&filter[childAge][1]=20201210","https://fly.pl/cdn/photo/assets/uploads/582/278/2016/11/El-Malikia-Resort-Abu-Dabbab-ex.Sol-Y-Mar-fly-pl.jpg","https://fly.pl/wycieczka/egipt,marsa-alam,c/el-malikia-resort-abu-dabbab-ex-sol-y-mar/pOGVHTKCn3fA2tjpXj767GAAogb_Wm_S24Sfqg3DwSPmqyuKJwCHAAEqFepqO_QKFMvlUqBFNGUEwwsYTg0AZI1ThQQVjPAWACciELAhUFIgYSJ1zGAkAuW-MEDfPF1AlRl7PkkgYCEmMBAgZvmKti/ofertasv/?filter[tourOperator]=SFPL&filter%5Bperson%5D=2&filter%5BchildAge%5D%5B1%5D=20201210&filter%5Bchild%5D=1"
"Jaz Sharm Dreams Resort","7268.0","14.06.2026 - 21.06.2026","8 dni","","Warszawa%20-%20Modlin","2026-05-28T08:53:38.053568+00:00","https://fly.pl/szukaj-wycieczek/?filter[dest]=11:&filter[hotelids]=&filter[cityids]=0&filter[cregids]=&filter[ofrType]=&filter[addObjType]=&filter[whenFrom]=28-05-2026&filter[whenTo]=30-06-2026&filter[duration]=7:10&filter[from]=Warszawa%20-%20Modlin,Warszawa%20-%20Radom,Warszawa&filter[person]=2&filter[child]=1&filter[price]=4766:9000&filter[PriceFrom]=4766&filter[PriceTo]=9000&filter[addCategory]=50&filter[addCatering]=1&filter[addMisc]=0&filter[addTransport]=F&filter[fp]=1&order_by=ofr_price&filter[tourOperator]=0&filter[childAge][1]=20201210","https://fly.pl/cdn/photo/assets/uploads/582/278/2014/07/Jaz-Sharm-Dreams.jpg","https://fly.pl/wycieczka/egipt,sharm-el-sheikh,c/hilton-sharm-dreams-resort/pL_p0aM1vnWQbTPpbIiOlDAAog9kLOIVplvtBUrTWu9x_Xa1xRsiItOkZcPLzNjjqE-S0qBEpPSU4wsYTg0AZI5DhQAViPA2ACagJBSXIgHBGBHLkEvpECqwRyGM3HHxuahwEB7NWArQECAGMBAgyJarx3/ofertasv/?filter[tourOperator]=JOIN&filter%5Bperson%5D=2&filter%5BchildAge%5D%5B1%5D=20201210&filter%5Bchild%5D=1"
"Sataya Resort (ex. Labranda Sataya Marsa Alam)","7291.0","06.06.2026 - 13.06.2026","8 dni","","Warszawa%20-%20Modlin","2026-05-28T08:53:38.157931+00:00","https://fly.pl/szukaj-wycieczek/?filter[dest]=11:&filter[hotelids]=&filter[cityids]=0&filter[cregids]=&filter[ofrType]=&filter[addObjType]=&filter[whenFrom]=28-05-2026&filter[whenTo]=30-06-2026&filter[duration]=7:10&filter[from]=Warszawa%20-%20Modlin,Warszawa%20-%20Radom,Warszawa&filter[person]=2&filter[child]=1&filter[price]=4766:9000&filter[PriceFrom]=4766&filter[PriceTo]=9000&filter[addCategory]=50&filter[addCatering]=1&filter[addMisc]=0&filter[addTransport]=F&filter[fp]=1&order_by=ofr_price&filter[tourOperator]=0&filter[childAge][1]=20201210","https://fly.pl/cdn/photo/assets/uploads/582/278/2019/09/Sataya-Resort-Marsa-Alam.jpg","https://fly.pl/wycieczka/egipt,marsa-alam,c/labranda-sataya-marsa-alam-9/prP3tESiDGsSYMAxWcAaaOAAogh6Qw5UkV8mCQTqK7Yf62Xhdj7gtn7bkxRJ6mk9Br-vwqBFZJVFgwsYTg0AZI-zhQQVjPAWACckAaABUHFwBcA1gFQI8DW5eFAV7melK8FFMAS7EvYQBM36o5DZfcmAkgAFHA68D23wFP47ILXZz4r_klAg1jAQIMp7Q9vA/ofertasv/?filter[tourOperator]=VITX&filter%5Bperson%5D=2&filter%5BchildAge%5D%5B1%5D=20201210&filter%5Bchild%5D=1"
"Jaz Palmariva Beach","7295.0","11.06.2026 - 18.06.2026","8 dni","","Warszawa%20-%20Modlin","2026-05-28T08:53:38.263156+00:00","https://fly.pl/szukaj-wycieczek/?filter[dest]=11:&filter[hotelids]=&filter[cityids]=0&filter[cregids]=&filter[ofrType]=&filter[addObjType]=&filter[whenFrom]=28-05-2026&filter[whenTo]=30-06-2026&filter[duration]=7:10&filter[from]=Warszawa%20-%20Modlin,Warszawa%20-%20Radom,Warszawa&filter[person]=2&filter[child]=1&filter[price]=4766:9000&filter[PriceFrom]=4766&filter[PriceTo]=9000&filter[addCategory]=50&filter[addCatering]=1&filter[addMisc]=0&filter[addTransport]=F&filter[fp]=1&order_by=ofr_price&filter[tourOperator]=0&filter[childAge][1]=20201210","https://fly.pl/cdn/photo/assets/uploads/582/278/2014/07/Labranda-Club-Makadi-ex-Club-Azur-fly-pl.jpg","https://fly.pl/wycieczka/egipt,hurghada,makadi-bay/club-azur/pecGB399h11fi1XQa9d6E7AAogIdw2bqs41XmqAM-O75CcCFNU74Wqj8EW7aJN-L9vxNcqBE9SRVgwsYTg0AZI_zhQQVjHAmACagZENi4yLjFyNZsBFQcXAFwDWAVWAkDKBl3TDk8kEb0iU917UgBer09LgRJhAEzRvjoglvqXCQ0AAhJjAQIMICh8zw/?operator=OREX&adults=2&children=2020-12-10&nsv=1&objectId=7354&transport=accommodation_flight&departureDate=2026-06-11&returnDate=2026-06-18&departureLocation=Warszawa+-+Modlin%2CWarszawa+-+Radom%2CWarszawa&opt=delta&catering=all_inclusive"
"Domina Coral Bay Oasis","7296.0","14.06.2026 - 21.06.2026","8 dni","","Warszawa%20-%20Modlin","2026-05-28T08:53:38.369269+00:00","https://fly.pl/szukaj-wycieczek/?filter[dest]=11:&filter[hotelids]=&filter[cityids]=0&filter[cregids]=&filter[ofrType]=&filter[addObjType]=&filter[whenFrom]=28-05-2026&filter[whenTo]=30-06-2026&filter[duration]=7:10&filter[from]=Warszawa%20-%20Modlin,Warszawa%20-%20Radom,Warszawa&filter[person]=2&filter[child]=1&filter[price]=4766:9000&filter[PriceFrom]=4766&filter[PriceTo]=9000&filter[addCategory]=50&filter[addCatering]=1&filter[addMisc]=0&filter[addTransport]=F&filter[fp]=1&order_by=ofr_price&filter[tourOperator]=0&filter[childAge][1]=20201210","https://fly.pl/cdn/photo/assets/uploads/582/278/2014/07/Domina-Coral-Bay-Oasis.jpg","https://fly.pl/wycieczka/egipt,sharm-el-sheikh,c/domina-coral-bay-oasis/psSR3vcamqtljsVx7P6RWpAAoggOt3-uHyMwT_xH3VsxPqd1xRsiItOkZcPLzNjjqE-S0qBEpPSU4wsYTg0AZIgDlQAViPA2ACagJBSXIgHBHKG7kE9ZECqwRyGPPCHxvflQEB4L7-rAECAGMBAgxWgQG_/ofertasv/?filter[tourOperator]=JOIN&filter%5Bperson%5D=2&filter%5BchildAge%5D%5B1%5D=20201210&filter%5Bchild%5D=1"
"Domina Coral Bay Bellavista","7296.0","14.06.2026 - 21.06.2026","8 dni","","Warszawa%20-%20Modlin","2026-05-28T08:53:38.473226+00:00","https://fly.pl/szukaj-wycieczek/?filter[dest]=11:&filter[hotelids]=&filter[cityids]=0&filter[cregids]=&filter[ofrType]=&filter[addObjType]=&filter[whenFrom]=28-05-2026&filter[whenTo]=30-06-2026&filter[duration]=7:10&filter[from]=Warszawa%20-%20Modlin,Warszawa%20-%20Radom,Warszawa&filter[person]=2&filter[child]=1&filter[price]=4766:9000&filter[PriceFrom]=4766&filter[PriceTo]=9000&filter[addCategory]=50&filter[addCatering]=1&filter[addMisc]=0&filter[addTransport]=F&filter[fp]=1&order_by=ofr_price&filter[tourOperator]=0&filter[childAge][1]=20201210","https://fly.pl/cdn/photo/assets/uploads/582/278/2024/07/domina-coral-bay-bellavista.jpg","https://fly.pl/wycieczka/egipt,sharm-el-sheikh,szarm-el-szejk/domina-coral-bay-bellavista-12/pqTZ9_QsL7QdhDaV7i5gAAAAogztpKj8xtsmbejGtlAS1Xv1xRsiItOkZcPLzNjjqE-S0qBEpPSU4wsYTg0AZIgDlQAViPA2ACagJBSXIgHBHBG7kE_pECqwRyGOHCHxuElQEB763-rAECAGMBAgxHYFcf/ofertasv/?filter[tourOperator]=JOIN&filter%5Bperson%5D=2&filter%5BchildAge%5D%5B1%5D=20201210&filter%5Bchild%5D=1"
"Charmillion Club Aqua Park","7306.0","06.06.2026 - 13.06.2026","8 dni","","Warszawa%20-%20Modlin","2026-05-28T08:55:13.306660+00:00","https://fly.pl/szukaj-wycieczek/?filter[dest]=11:&filter[hotelids]=&filter[cityids]=0&filter[cregids]=&filter[ofrType]=&filter[addObjType]=&filter[whenFrom]=28-05-2026&filter[whenTo]=30-06-2026&filter[duration]=7:10&filter[from]=Warszawa%20-%20Modlin,Warszawa%20-%20Radom,Warszawa&filter[person]=2&filter[child]=1&filter[price]=4766:9000&filter[PriceFrom]=4766&filter[PriceTo]=9000&filter[addCategory]=50&filter[addCatering]=1&filter[addMisc]=0&filter[addTransport]=F&filter[fp]=1&order_by=ofr_price&filter[tourOperator]=0&filter[childAge][1]=20201210","https://fly.pl/cdn/photo/assets/uploads/582/278/2014/07/Charmillion-Club-Aqua-Park.jpg","https://fly.pl/wycieczka/egipt,sharm-el-sheikh,szarm-el-szejk/sea-club-aqua-park/pHY7l6lcllgLRQq6s0XMMLAAogMerglbwNGvthjOyjfvpabAAAAACHhAQApIQEAAcAEgAqBFdFWlkwk4Xg0AZIijlQQVjPAWADaglFbnRlciBBaXJqBDA4MDByQp4BlQEfAAIBHAAWBBcCEu0DGIUFE80BFMkEEYEsQJFGTKCiAU8AS8cjUAAb8jAdjZEPIB0N2sTCCQESYwENYwECBU-hjqM/?operator=WEZY&adults=2&children=2020-12-10&nsv=1&objectId=103848&transport=accommodation_flight&departureDate=2026-06-06&returnDate=2026-06-13&departureLocation=Warszawa+-+Modlin%2CWarszawa+-+Radom%2CWarszawa&opt=delta&catering=all_inclusive"
"Charmillion Club Aqua Park","7306.0","06.06.2026 - 13.06.2026","8 dni","","Warszawa%20-%20Modlin","2026-05-28T08:55:13.364258+00:00","https://fly.pl/szukaj-wycieczek/?filter[dest]=11:&filter[hotelids]=&filter[cityids]=0&filter[cregids]=&filter[ofrType]=&filter[addObjType]=&filter[whenFrom]=28-05-2026&filter[whenTo]=30-06-2026&filter[duration]=7:10&filter[from]=Warszawa%20-%20Modlin,Warszawa%20-%20Radom,Warszawa&filter[person]=2&filter[child]=1&filter[price]=4766:9000&filter[PriceFrom]=4766&filter[PriceTo]=9000&filter[addCategory]=50&filter[addCatering]=1&filter[addMisc]=0&filter[addTransport]=F&filter[fp]=1&order_by=ofr_price&filter[tourOperator]=0&filter[childAge][1]=20201210","https://fly.pl/cdn/photo/assets/uploads/582/278/2014/07/Charmillion-Club-Aqua-Park.jpg","https://fly.pl/wycieczka/egipt,sharm-el-sheikh,szarm-el-szejk/sea-club-aqua-park/pHY7l6lcllgLRQq6s0XMMLAAogMerglbwNGvthjOyjfvpabAAAAACHhAQApIQEAAcAEgAqBFdFWlkwk4Xg0AZIijlQQVjPAWADaglFbnRlciBBaXJqBDA4MDByQp4BlQEfAAIBHAAWBBcCEu0DGIUFE80BFMkEEYEsQJFGTKCiAU8AS8cjUAAb8jAdjZEPIB0N2sTCCQESYwENYwECBU-hjqM/?operator=WEZY&adults=2&children=2020-12-10&nsv=1&objectId=103848&transport=accommodation_flight&departureDate=2026-06-06&returnDate=2026-06-13&departureLocation=Warszawa+-+Modlin%2CWarszawa+-+Radom%2CWarszawa&opt=delta&catering=all_inclusive"
"Concorde El Salam Sport","7316.0","06.06.2026 - 13.06.2026","8 dni","","Warszawa%20-%20Modlin","2026-05-28T08:55:13.492412+00:00","https://fly.pl/szukaj-wycieczek/?filter[dest]=11:&filter[hotelids]=&filter[cityids]=0&filter[cregids]=&filter[ofrType]=&filter[addObjType]=&filter[whenFrom]=28-05-2026&filter[whenTo]=30-06-2026&filter[duration]=7:10&filter[from]=Warszawa%20-%20Modlin,Warszawa%20-%20Radom,Warszawa&filter[person]=2&filter[child]=1&filter[price]=4766:9000&filter[PriceFrom]=4766&filter[PriceTo]=9000&filter[addCategory]=50&filter[addCatering]=1&filter[addMisc]=0&filter[addTransport]=F&filter[fp]=1&order_by=ofr_price&filter[tourOperator]=0&filter[childAge][1]=20201210","https://fly.pl/cdn/photo/assets/uploads/582/278/2024/07/concorde-el-salam-sport.jpg","https://fly.pl/wycieczka/egipt,sharm-el-sheikh,szarm-el-szejk/concorde-el-salam-sport-15/phjixfFbw8kJgI8nkNXTxZAAog1ZL7qsPZBWDtfXJcSXPNPAAAAACHhAQApIQEAAcAEgAqBFdFWlkwk4Xg0AZIlDlQQVjPAWADaglFbnRlciBBaXJqBDA4MDByQ54BlQEfAAIBHAAWBBcCEu0DGIUFE80BFMkEEeYQQKxhTKCiAU8AS8cjUAAbtIMCHcu-DSAdDdrEwgkBEmMBDGMBAgXHdxVG/?operator=WEZY&adults=2&children=2020-12-10&nsv=1&objectId=221799&transport=accommodation_flight&departureDate=2026-06-06&returnDate=2026-06-13&departureLocation=Warszawa+-+Modlin%2CWarszawa+-+Radom%2CWarszawa&opt=delta&catering=all_inclusive"
"Hilton Marsa Alam Nubian Resort","7335.0","06.06.2026 - 13.06.2026","8 dni","","Warszawa%20-%20Modlin","2026-05-28T08:55:13.622764+00:00","https://fly.pl/szukaj-wycieczek/?filter[dest]=11:&filter[hotelids]=&filter[cityids]=0&filter[cregids]=&filter[ofrType]=&filter[addObjType]=&filter[whenFrom]=28-05-2026&filter[whenTo]=30-06-2026&filter[duration]=7:10&filter[from]=Warszawa%20-%20Modlin,Warszawa%20-%20Radom,Warszawa&filter[person]=2&filter[child]=1&filter[price]=4766:9000&filter[PriceFrom]=4766&filter[PriceTo]=9000&filter[addCategory]=50&filter[addCatering]=1&filter[addMisc]=0&filter[addTransport]=F&filter[fp]=1&order_by=ofr_price&filter[tourOperator]=0&filter[childAge][1]=20201210","https://fly.pl/cdn/photo/assets/uploads/582/278/2014/08/Tropitel-Dahab-Oasis.jpg","https://fly.pl/wycieczka/egipt,marsa-alam,c/hilton-marsa-alam-nubian-resort/p8_AbyugyZB_-wAruZIrzTAAogZJjfKNJ5BJ5ect68px_UYs6zZeaUJTWOHJXV4JjwaLAqBE9SRVgwk4Xg0AZIpzlQQVjPAWACagZESS4yLjFyNpsBFQcXAFwDWAVWAkDKBhGmDV3dFk8kXpnYAVO8FFIAS7EvYQBM5Yw6IJH6lwkNAAISYwECDaKDhj0/?operator=OREX&adults=2&children=2020-12-10&nsv=1&objectId=30987&transport=accommodation_flight&departureDate=2026-06-06&returnDate=2026-06-13&departureLocation=Warszawa+-+Modlin%2CWarszawa+-+Radom%2CWarszawa&opt=delta&catering=all_inclusive"
"Xperience Sea Breeze Resort","7388.0","14.06.2026 - 21.06.2026","8 dni","","Warszawa%20-%20Modlin","2026-05-28T08:55:13.744542+00:00","https://fly.pl/szukaj-wycieczek/?filter[dest]=11:&filter[hotelids]=&filter[cityids]=0&filter[cregids]=&filter[ofrType]=&filter[addObjType]=&filter[whenFrom]=28-05-2026&filter[whenTo]=30-06-2026&filter[duration]=7:10&filter[from]=Warszawa%20-%20Modlin,Warszawa%20-%20Radom,Warszawa&filter[person]=2&filter[child]=1&filter[price]=4766:9000&filter[PriceFrom]=4766&filter[PriceTo]=9000&filter[addCategory]=50&filter[addCatering]=1&filter[addMisc]=0&filter[addTransport]=F&filter[fp]=1&order_by=ofr_price&filter[tourOperator]=0&filter[childAge][1]=20201210","https://fly.pl/cdn/photo/assets/uploads/582/278/2014/07/XPERIENCE-SEA-BREEZE-RESORT.jpg","https://fly.pl/wycieczka/egipt,sharm-el-sheikh,c/xperience-sea-breeze/pyFtnC8qwyvj-PAtScLEm0AAogGIJZMcq5THJoXS_b-tYNKFxRsiItOkZcPLzNjjqE-S0qBEpPSU4wk4Xg0AZI3DlQAViPA2ACagJBSXIfHBGjHbkEnJACqwRyGJ3UHxv3eQHy0YitAQIAYwECC7zln_4/ofertasv/?filter[tourOperator]=JOIN&filter%5Bperson%5D=2&filter%5BchildAge%5D%5B1%5D=20201210&filter%5Bchild%5D=1"
"Charmillion Garden Aqua Park","7388.0","14.06.2026 - 21.06.2026","8 dni","","Warszawa%20-%20Modlin","2026-05-28T08:55:13.886202+00:00","https://fly.pl/szukaj-wycieczek/?filter[dest]=11:&filter[hotelids]=&filter[cityids]=0&filter[cregids]=&filter[ofrType]=&filter[addObjType]=&filter[whenFrom]=28-05-2026&filter[whenTo]=30-06-2026&filter[duration]=7:10&filter[from]=Warszawa%20-%20Modlin,Warszawa%20-%20Radom,Warszawa&filter[person]=2&filter[child]=1&filter[price]=4766:9000&filter[PriceFrom]=4766&filter[PriceTo]=9000&filter[addCategory]=50&filter[addCatering]=1&filter[addMisc]=0&filter[addTransport]=F&filter[fp]=1&order_by=ofr_price&filter[tourOperator]=0&filter[childAge][1]=20201210","https://fly.pl/cdn/photo/assets/uploads/582/278/2014/07/Charmillion-Gardens-Aqua-Park-ex.-Sea-Garden.jpg","https://fly.pl/wycieczka/egipt,sharm-el-sheikh,nabq-bay/sea-gardens-sharm-el-sheikh/px2mkD2tzsm2TBKzoTvRz3AAogLV73bhAowibaTNE6_hAEaFxRsiItOkZcPLzNjjqE-S0qBEpPSU4wk4Xg0AZI3DlQAViPA2ACagJBSXIgHBGSGrkErZMCqwRyG8XEJBja0AEB1v-1hQECAGMBAgwWP2Ia/ofertasv/?filter[tourOperator]=JOIN&filter%5Bperson%5D=2&filter%5BchildAge%5D%5B1%5D=20201210&filter%5Bchild%5D=1"
"Domina Coral Bay Harem","7416.0","14.06.2026 - 21.06.2026","8 dni","","Warszawa%20-%20Modlin","2026-05-28T08:55:14.019960+00:00","https://fly.pl/szukaj-wycieczek/?filter[dest]=11:&filter[hotelids]=&filter[cityids]=0&filter[cregids]=&filter[ofrType]=&filter[addObjType]=&filter[whenFrom]=28-05-2026&filter[whenTo]=30-06-2026&filter[duration]=7:10&filter[from]=Warszawa%20-%20Modlin,Warszawa%20-%20Radom,Warszawa&filter[person]=2&filter[child]=1&filter[price]=4766:9000&filter[PriceFrom]=4766&filter[PriceTo]=9000&filter[addCategory]=50&filter[addCatering]=1&filter[addMisc]=0&filter[addTransport]=F&filter[fp]=1&order_by=ofr_price&filter[tourOperator]=0&filter[childAge][1]=20201210","https://fly.pl/cdn/photo/assets/uploads/582/278/2014/07/Domina-Coral-Bay-Harem.jpg","https://fly.pl/wycieczka/egipt,sharm-el-sheikh,c/domina-coral-bay-harem/pVFow8PKgSA8yzeyR3VLJxAAogXK3t3Er7OmCfSsTikoXa_lxRsiItOkZcPLzNjjqE-S0qBEpPSU4wk4Xg0AZI-DlQAViPA2ACagJBSXIgHBHGG7kE-ZECqwRyGOfCHxvXhgEB-8D-rAECAGMBAgw6dDZH/ofertasv/?filter[tourOperator]=JOIN&filter%5Bperson%5D=2&filter%5BchildAge%5D%5B1%5D=20201210&filter%5Bchild%5D=1"
"Safir Dahab Resort","7436.0","14.06.2026 - 21.06.2026","8 dni","","Warszawa%20-%20Modlin","2026-05-28T08:55:14.163693+00:00","https://fly.pl/szukaj-wycieczek/?filter[dest]=11:&filter[hotelids]=&filter[cityids]=0&filter[cregids]=&filter[ofrType]=&filter[addObjType]=&filter[whenFrom]=28-05-2026&filter[whenTo]=30-06-2026&filter[duration]=7:10&filter[from]=Warszawa%20-%20Modlin,Warszawa%20-%20Radom,Warszawa&filter[person]=2&filter[child]=1&filter[price]=4766:9000&filter[PriceFrom]=4766&filter[PriceTo]=9000&filter[addCategory]=50&filter[addCatering]=1&filter[addMisc]=0&filter[addTransport]=F&filter[fp]=1&order_by=ofr_price&filter[tourOperator]=0&filter[childAge][1]=20201210","https://fly.pl/cdn/photo/assets/uploads/582/278/2015/09/Safir-Dahab-Resort.jpg","https://fly.pl/wycieczka/egipt,dahab,c/dahab-resort/p_aZ6Os7xyiA-EYRd0r6PyAAogMQFq7DPWNOS_SgbzAxfUmFxRsiItOkZcPLzNjjqE-S0qBEpPSU4wk4Xg0AZIjDpQAViPA2ACagJBSXIfHBGpH7kElo4CqwRyGNPNHxvlggEBwfOtVAIAYwECC8iB2jE/ofertasv/?filter[tourOperator]=JOIN&filter%5Bperson%5D=2&filter%5BchildAge%5D%5B1%5D=20201210&filter%5Bchild%5D=1"
"Naama Bay Promenade Mountain Resort","7459.0","06.06.2026 - 13.06.2026","8 dni","","Warszawa%20-%20Modlin","2026-05-28T08:55:14.292682+00:00","https://fly.pl/szukaj-wycieczek/?filter[dest]=11:&filter[hotelids]=&filter[cityids]=0&filter[cregids]=&filter[ofrType]=&filter[addObjType]=&filter[whenFrom]=28-05-2026&filter[whenTo]=30-06-2026&filter[duration]=7:10&filter[from]=Warszawa%20-%20Modlin,Warszawa%20-%20Radom,Warszawa&filter[person]=2&filter[child]=1&filter[price]=4766:9000&filter[PriceFrom]=4766&filter[PriceTo]=9000&filter[addCategory]=50&filter[addCatering]=1&filter[addMisc]=0&filter[addTransport]=F&filter[fp]=1&order_by=ofr_price&filter[tourOperator]=0&filter[childAge][1]=20201210","https://fly.pl/cdn/photo/assets/uploads/582/278/2024/07/naama-bay-promenade-mountain-resort.jpg","https://fly.pl/wycieczka/egipt,sharm-el-sheikh,szarm-el-szejk/naama-bay-promenade-mountain-resort-12/pmluOQ7NyVLcSW00LGL52ZAAogr2vhMHj4b0XXUF8bSNyfygAAAACHhAQApIQEAAcAEgAqBFdFWlkwk4Xg0AZIozpQQVjPAWADaglFbnRlciBBaXJqBDA4MDByQ54BlQEfAAIBHAAWBBcCEu0DGIUFE80BFMkEEcsPQMdiTKCiAU8AS8cjUAAbsYMCHc6-DSAdDdrEwgkBEmMBDGMBAgXjtpOG/?operator=WEZY&adults=2&children=2020-12-10&nsv=1&objectId=215552&transport=accommodation_flight&departureDate=2026-06-06&returnDate=2026-06-13&departureLocation=Warszawa+-+Modlin%2CWarszawa+-+Radom%2CWarszawa&opt=delta&catering=all_inclusive"
"Red Sea Grand Waterworld Makadi (ex. Sunwing Waterworld Makadi)","7488.0","07.06.2026 - 14.06.2026","8 dni","","Warszawa%20-%20Modlin","2026-05-28T08:55:14.423510+00:00","https://fly.pl/szukaj-wycieczek/?filter[dest]=11:&filter[hotelids]=&filter[cityids]=0&filter[cregids]=&filter[ofrType]=&filter[addObjType]=&filter[whenFrom]=28-05-2026&filter[whenTo]=30-06-2026&filter[duration]=7:10&filter[from]=Warszawa%20-%20Modlin,Warszawa%20-%20Radom,Warszawa&filter[person]=2&filter[child]=1&filter[price]=4766:9000&filter[PriceFrom]=4766&filter[PriceTo]=9000&filter[addCategory]=50&filter[addCatering]=1&filter[addMisc]=0&filter[addTransport]=F&filter[fp]=1&order_by=ofr_price&filter[tourOperator]=0&filter[childAge][1]=20201210","https://fly.pl/cdn/photo/assets/uploads/582/278/2017/06/Red-Sea-Grand-Waterworld-Makadi.jpg","https://fly.pl/wycieczka/egipt,hurghada,makadi-bay/sunwing-waterworld-makadi/polKL3rH1c6djXZUQnawzQAAogoB6Zp15XFpCtyTZTS8jCfwRgu3lqtHjLtViZbL08APsqA0VUSTCTheDQBkjAOlBBWOcBYAJyMRUHFwBcA1gFVgJA-wdbw4UBU50mUgBer09L7UNhACD3htIJDQBRoeO99gMCEmMBAgpXzSwq/ofertasv/?filter[tourOperator]=ETI&filter%5Bperson%5D=2&filter%5BchildAge%5D%5B1%5D=20201210&filter%5Bchild%5D=1"
"Jaz Aquamarine Resort","7502.0","07.06.2026 - 14.06.2026","8 dni","","Warszawa%20-%20Modlin","2026-05-28T08:55:14.543685+00:00","https://fly.pl/szukaj-wycieczek/?filter[dest]=11:&filter[hotelids]=&filter[cityids]=0&filter[cregids]=&filter[ofrType]=&filter[addObjType]=&filter[whenFrom]=28-05-2026&filter[whenTo]=30-06-2026&filter[duration]=7:10&filter[from]=Warszawa%20-%20Modlin,Warszawa%20-%20Radom,Warszawa&filter[person]=2&filter[child]=1&filter[price]=4766:9000&filter[PriceFrom]=4766&filter[PriceTo]=9000&filter[addCategory]=50&filter[addCatering]=1&filter[addMisc]=0&filter[addTransport]=F&filter[fp]=1&order_by=ofr_price&filter[tourOperator]=0&filter[childAge][1]=20201210","https://fly.pl/cdn/photo/assets/uploads/582/278/2016/11/jaz-aquamarine-ex-iberotel-egipt-hurghada-1b.jpg","https://fly.pl/wycieczka/egipt,hurghada,c/jaz-aquamarine-ex-iberotel-aquamarine/phS5AkQ-c7Eu3JFbxTGF7kAAogddyX768r3B9526_y9MD2QgAAAADSggQA7oIEAAcAAAAqBFdFWlkwk4Xg0AZIzjpQQVjnAWADaglFbnRlciBBaXJqBDAwMTVyQ54BlAEfABwBAgAWBBcCEZYBEtcCFdoFGJUDE7kBQIVzTMsyTwBLnJMBUAAb-aEDHdGcDCAcDZHIwgkBEmMBDGMBAwt74fI8/?operator=WEZY&adults=2&children=2020-12-10&nsv=1&objectId=8143&transport=accommodation_flight&departureDate=2026-06-07&returnDate=2026-06-14&departureLocation=Warszawa+-+Modlin%2CWarszawa+-+Radom%2CWarszawa&opt=delta&catering=all_inclusive"
"Coral Sea Water World Resort","7510.0","14.06.2026 - 21.06.2026","8 dni","","Warszawa%20-%20Modlin","2026-05-28T08:55:14.663327+00:00","https://fly.pl/szukaj-wycieczek/?filter[dest]=11:&filter[hotelids]=&filter[cityids]=0&filter[cregids]=&filter[ofrType]=&filter[addObjType]=&filter[whenFrom]=28-05-2026&filter[whenTo]=30-06-2026&filter[duration]=7:10&filter[from]=Warszawa%20-%20Modlin,Warszawa%20-%20Radom,Warszawa&filter[person]=2&filter[child]=1&filter[price]=4766:9000&filter[PriceFrom]=4766&filter[PriceTo]=9000&filter[addCategory]=50&filter[addCatering]=1&filter[addMisc]=0&filter[addTransport]=F&filter[fp]=1&order_by=ofr_price&filter[tourOperator]=0&filter[childAge][1]=20201210","https://fly.pl/cdn/photo/assets/uploads/582/278/2014/07/Coral-Sea-Waterworld.jpg","https://fly.pl/wycieczka/egipt,sharm-el-sheikh,c/coral-sea-water-world/pg3GLMmSgzyAAYi8NZNu5iAAog-oyWYIreHbxHvDsn3XlX0FxRsiItOkZcPLzNjjqE-S0qBEpPSU4wk4Xg0AZI1jpQAViPA2ACagJBSXIgHBG5G7kEhpICqwRyGJrCHxueigEB_4mBrQECAGMBAgyW6AO4/ofertasv/?filter[tourOperator]=JOIN&filter%5Bperson%5D=2&filter%5BchildAge%5D%5B1%5D=20201210&filter%5Bchild%5D=1"
"Royal Regency Club","7510.0","14.06.2026 - 21.06.2026","8 dni","","Warszawa%20-%20Modlin","2026-05-28T08:55:14.794403+00:00","https://fly.pl/szukaj-wycieczek/?filter[dest]=11:&filter[hotelids]=&filter[cityids]=0&filter[cregids]=&filter[ofrType]=&filter[addObjType]=&filter[whenFrom]=28-05-2026&filter[whenTo]=30-06-2026&filter[duration]=7:10&filter[from]=Warszawa%20-%20Modlin,Warszawa%20-%20Radom,Warszawa&filter[person]=2&filter[child]=1&filter[price]=4766:9000&filter[PriceFrom]=4766&filter[PriceTo]=9000&filter[addCategory]=50&filter[addCatering]=1&filter[addMisc]=0&filter[addTransport]=F&filter[fp]=1&order_by=ofr_price&filter[tourOperator]=0&filter[childAge][1]=20201210","https://fly.pl/cdn/photo/assets/uploads/582/278/2024/07/royal-regency-club.jpg","https://fly.pl/wycieczka/egipt,sharm-el-sheikh,szarm-el-szejk/royal-regency-club/pjPAPiwv0RllwP__NVhZz0AAogOVBgAP9kK9264WumY0A8xlxRsiItOkZcPLzNjjqE-S0qBEpPSU4wk4Xg0AZI1jpQAViPA2ACagJVQXIgHBHRHLkE7pACqwRyGJ_NHxvPjQEB3rGGrQECAGMBAg3mi80Q/ofertasv/?filter[tourOperator]=JOIN&filter%5Bperson%5D=2&filter%5BchildAge%5D%5B1%5D=20201210&filter%5Bchild%5D=1"
"Coral Sea Holiday Resort","7510.0","14.06.2026 - 21.06.2026","8 dni","","Warszawa%20-%20Modlin","2026-05-28T08:55:14.934534+00:00","https://fly.pl/szukaj-wycieczek/?filter[dest]=11:&filter[hotelids]=&filter[cityids]=0&filter[cregids]=&filter[ofrType]=&filter[addObjType]=&filter[whenFrom]=28-05-2026&filter[whenTo]=30-06-2026&filter[duration]=7:10&filter[from]=Warszawa%20-%20Modlin,Warszawa%20-%20Radom,Warszawa&filter[person]=2&filter[child]=1&filter[price]=4766:9000&filter[PriceFrom]=4766&filter[PriceTo]=9000&filter[addCategory]=50&filter[addCatering]=1&filter[addMisc]=0&filter[addTransport]=F&filter[fp]=1&order_by=ofr_price&filter[tourOperator]=0&filter[childAge][1]=20201210","https://fly.pl/cdn/photo/assets/uploads/582/278/2014/07/Coral-Sea-Holiday-Resort.jpg","https://fly.pl/wycieczka/egipt,sharm-el-sheikh,c/coral-sea-holiday-village/pROQiYEH4mlAUF6rg2HpuPAAoggkWQXGufLC--FOUWO2Dxp1xRsiItOkZcPLzNjjqE-S0qBEpPSU4wk4Xg0AZI1jpQAViPA2ACagJBSXIgHBG1G7kEipICqwRyGO3BHxuuowEBtsX_rAECAGMBAgzC64sc/ofertasv/?filter[tourOperator]=JOIN&filter%5Bperson%5D=2&filter%5BchildAge%5D%5B1%5D=20201210&filter%5Bchild%5D=1"
"Jasmine Palace","7557.0","11.06.2026 - 18.06.2026","8 dni","","Warszawa%20-%20Modlin","2026-05-28T08:55:15.084416+00:00","https://fly.pl/szukaj-wycieczek/?filter[dest]=11:&filter[hotelids]=&filter[cityids]=0&filter[cregids]=&filter[ofrType]=&filter[addObjType]=&filter[whenFrom]=28-05-2026&filter[whenTo]=30-06-2026&filter[duration]=7:10&filter[from]=Warszawa%20-%20Modlin,Warszawa%20-%20Radom,Warszawa&filter[person]=2&filter[child]=1&filter[price]=4766:9000&filter[PriceFrom]=4766&filter[PriceTo]=9000&filter[addCategory]=50&filter[addCatering]=1&filter[addMisc]=0&filter[addTransport]=F&filter[fp]=1&order_by=ofr_price&filter[tourOperator]=0&filter[childAge][1]=20201210","https://fly.pl/cdn/photo/assets/uploads/582/278/2014/07/Jasmine-Palace.jpg","https://fly.pl/wycieczka/egipt,hurghada,c/jasmine-palace/pKSX2ke54yo-IieA16ymnGAAoggoSlm98arnLuPgUQssUkZazL7gFY-vG_pdvPW-AxFXcqBFZJVFgwk4Xg0AZIhTtQQVjHAmACckAaABUHFwBcA1gFQI8DW7-DAVOPLVIAXq9PS-1DYQBM36o5DZzcmAkgAFHjhMj7jwFPu4MlXZCE8_N1Ag1jAQIMJTTosg/ofertasv/?filter[tourOperator]=VITX&filter%5Bperson%5D=2&filter%5BchildAge%5D%5B1%5D=20201210&filter%5Bchild%5D=1"
"Charmillion Club Resort","7569.0","06.06.2026 - 13.06.2026","8 dni","","Warszawa%20-%20Modlin","2026-05-28T08:55:15.219606+00:00","https://fly.pl/szukaj-wycieczek/?filter[dest]=11:&filter[hotelids]=&filter[cityids]=0&filter[cregids]=&filter[ofrType]=&filter[addObjType]=&filter[whenFrom]=28-05-2026&filter[whenTo]=30-06-2026&filter[duration]=7:10&filter[from]=Warszawa%20-%20Modlin,Warszawa%20-%20Radom,Warszawa&filter[person]=2&filter[child]=1&filter[price]=4766:9000&filter[PriceFrom]=4766&filter[PriceTo]=9000&filter[addCategory]=50&filter[addCatering]=1&filter[addMisc]=0&filter[addTransport]=F&filter[fp]=1&order_by=ofr_price&filter[tourOperator]=0&filter[childAge][1]=20201210","https://fly.pl/cdn/photo/assets/uploads/582/278/2014/07/Charmillion-Club-Resort-ex.-Sea-Club-Resort-fly-pl.jpg","https://fly.pl/wycieczka/egipt,sharm-el-sheikh,c/sea-club-sharm-el-sheikh/pLHKtmj95qJPmjpYNJJNiSAAog372LO1IOKr-9MWowDSdMZgAAAACHhAQApIQEAAcAEgAqBFdFWlkwk4Xg0AZIkTtQQVjPAWADaglFbnRlciBBaXJqBDA4MDByQp4BlQEfAAIBHAAWBBcCEu0DGIUFE80BFMkEEZEOQIFkTKCiAU8AS8cjUAAb5DEdm5APIB0N2sTCCQESYwENYwECBTKtBfU/?operator=WEZY&adults=2&children=2020-12-10&nsv=1&objectId=1128&transport=accommodation_flight&departureDate=2026-06-06&returnDate=2026-06-13&departureLocation=Warszawa+-+Modlin%2CWarszawa+-+Radom%2CWarszawa&opt=delta&catering=all_inclusive"
"Renaissance Golden View Beach Resort by Marriott","7570.0","14.06.2026 - 21.06.2026","8 dni","","Warszawa%20-%20Modlin","2026-05-28T08:55:15.350654+00:00","https://fly.pl/szukaj-wycieczek/?filter[dest]=11:&filter[hotelids]=&filter[cityids]=0&filter[cregids]=&filter[ofrType]=&filter[addObjType]=&filter[whenFrom]=28-05-2026&filter[whenTo]=30-06-2026&filter[duration]=7:10&filter[from]=Warszawa%20-%20Modlin,Warszawa%20-%20Radom,Warszawa&filter[person]=2&filter[child]=1&filter[price]=4766:9000&filter[PriceFrom]=4766&filter[PriceTo]=9000&filter[addCategory]=50&filter[addCatering]=1&filter[addMisc]=0&filter[addTransport]=F&filter[fp]=1&order_by=ofr_price&filter[tourOperator]=0&filter[childAge][1]=20201210","https://fly.pl/cdn/photo/assets/uploads/582/278/2014/07/Renaissance-Golden-View-Beach-Resort.jpg","https://fly.pl/wycieczka/egipt,sharm-el-sheikh,c/renaissance-golden-view-beach/pp9T8pYXi2oLT2n_jJ5qA6AAog3Em-WmU5NPXAdKIlriP1AVxRsiItOkZcPLzNjjqE-S0qBEpPSU4wk4Xg0AZIkjtQAViPA2ACagJBSXIgHBHLHLkE9JACqwRyGNbMHxvYjQEBhYCCrQECAGMBAgvx5tZ2/ofertasv/?filter[tourOperator]=JOIN&filter%5Bperson%5D=2&filter%5BchildAge%5D%5B1%5D=20201210&filter%5Bchild%5D=1"
"Jaz Neo Saraya Palms","7578.0","16.06.2026 - 23.06.2026","8 dni","","Warszawa%20-%20Modlin","2026-05-28T08:55:15.474017+00:00","https://fly.pl/szukaj-wycieczek/?filter[dest]=11:&filter[hotelids]=&filter[cityids]=0&filter[cregids]=&filter[ofrType]=&filter[addObjType]=&filter[whenFrom]=28-05-2026&filter[whenTo]=30-06-2026&filter[duration]=7:10&filter[from]=Warszawa%20-%20Modlin,Warszawa%20-%20Radom,Warszawa&filter[person]=2&filter[child]=1&filter[price]=4766:9000&filter[PriceFrom]=4766&filter[PriceTo]=9000&filter[addCategory]=50&filter[addCatering]=1&filter[addMisc]=0&filter[addTransport]=F&filter[fp]=1&order_by=ofr_price&filter[tourOperator]=0&filter[childAge][1]=20201210","https://fly.pl/cdn/photo/assets/uploads/582/278/2015/04/Jaz-Makadi-Saraya-Palms.jpg","https://fly.pl/wycieczka/egipt,hurghada,c/iberotel-makadi-saraya-palms/poWFE_JA8CQAp1aQx4EkibAAogRdB5cgFgZ0Vi4KpD9wGN7MD2OpZO2AXm95eQ1wXSy3QqBEpPSU4wk4Xg0AZImjtQAVi_A2ACagJBSXIgHBHpGrkE7ccCqwQ-GISlHxu5lgEB0ImDlAECAGMBAgywA5j7/ofertasv/?filter[tourOperator]=JOIN&filter%5Bperson%5D=2&filter%5BchildAge%5D%5B1%5D=20201210&filter%5Bchild%5D=1"
"Titanic Palace Resort","7592.0","07.06.2026 - 14.06.2026","8 dni","","Warszawa%20-%20Modlin","2026-05-28T08:55:15.596275+00:00","https://fly.pl/szukaj-wycieczek/?filter[dest]=11:&filter[hotelids]=&filter[cityids]=0&filter[cregids]=&filter[ofrType]=&filter[addObjType]=&filter[whenFrom]=28-05-2026&filter[whenTo]=30-06-2026&filter[duration]=7:10&filter[from]=Warszawa%20-%20Modlin,Warszawa%20-%20Radom,Warszawa&filter[person]=2&filter[child]=1&filter[price]=4766:9000&filter[PriceFrom]=4766&filter[PriceTo]=9000&filter[addCategory]=50&filter[addCatering]=1&filter[addMisc]=0&filter[addTransport]=F&filter[fp]=1&order_by=ofr_price&filter[tourOperator]=0&filter[childAge][1]=20201210","https://fly.pl/cdn/photo/assets/uploads/582/278/2014/07/Titanic-Palace-Resort.jpg","https://fly.pl/wycieczka/egipt,hurghada,c/titanic-palace-2/pInGKKkvSowHMDcIBApNEpAAogO8PWZ_6iWqFR_5xKHdZLkAAAAADSggQA7oIEAAcAAAAqBFdFWlkwk4Xg0AZIqDtQQVjnAWADaglFbnRlciBBaXJqBDAwMTVyQp4BlAEfABwBAgAWABcGEb0BErACFdoFGJUDE7kBQIVzTMsyTwBLnJMBUAAbnDEdro0PIBwNkcjCCQESYwEMYwECBWw3llI/?operator=WEZY&adults=2&children=2020-12-10&nsv=1&objectId=11798&transport=accommodation_flight&departureDate=2026-06-07&returnDate=2026-06-14&departureLocation=Warszawa+-+Modlin%2CWarszawa+-+Radom%2CWarszawa&opt=delta&catering=all_inclusive"
"Serenity Alma Heights (ex. Serenity Fun City)","7634.0","07.06.2026 - 14.06.2026","8 dni","","Warszawa%20-%20Modlin","2026-05-28T08:55:15.731293+00:00","https://fly.pl/szukaj-wycieczek/?filter[dest]=11:&filter[hotelids]=&filter[cityids]=0&filter[cregids]=&filter[ofrType]=&filter[addObjType]=&filter[whenFrom]=28-05-2026&filter[whenTo]=30-06-2026&filter[duration]=7:10&filter[from]=Warszawa%20-%20Modlin,Warszawa%20-%20Radom,Warszawa&filter[person]=2&filter[child]=1&filter[price]=4766:9000&filter[PriceFrom]=4766&filter[PriceTo]=9000&filter[addCategory]=50&filter[addCatering]=1&filter[addMisc]=0&filter[addTransport]=F&filter[fp]=1&order_by=ofr_price&filter[tourOperator]=0&filter[childAge][1]=20201210","https://fly.pl/cdn/photo/assets/uploads/582/278/2014/09/Serenity-Alma-Heights.jpg","https://fly.pl/wycieczka/egipt,hurghada,makadi-bay/serenity-fun-city/pZhPpPdRJQPuCTz7JertWDAAoga2uLu_Y3EIvRWhToN8jZtwAAAADSggQA7oIEAAcAAAAqBFdFWlkwk4Xg0AZI0jtQQVjnAWADaglFbnRlciBBaXJqBDAwMTVyQ54BlAEfAAIBHAAWBhcAEu0DFdoFGJUDE7kBEcwfQLlTTMsyTwBLnJMBUAAdyr4PIBwbgekzDZDfjgkBEmMBDWMBAgYTs44c/?operator=WEZY&adults=2&children=2020-12-10&nsv=1&objectId=35935&transport=accommodation_flight&departureDate=2026-06-07&returnDate=2026-06-14&departureLocation=Warszawa+-+Modlin%2CWarszawa+-+Radom%2CWarszawa&opt=delta&catering=all_inclusive"
"Serenity Alpha Beach (ex. Serenity Makadi Beach)","7637.0","11.06.2026 - 18.06.2026","8 dni","","Warszawa%20-%20Modlin","2026-05-28T08:55:15.864601+00:00","https://fly.pl/szukaj-wycieczek/?filter[dest]=11:&filter[hotelids]=&filter[cityids]=0&filter[cregids]=&filter[ofrType]=&filter[addObjType]=&filter[whenFrom]=28-05-2026&filter[whenTo]=30-06-2026&filter[duration]=7:10&filter[from]=Warszawa%20-%20Modlin,Warszawa%20-%20Radom,Warszawa&filter[person]=2&filter[child]=1&filter[price]=4766:9000&filter[PriceFrom]=4766&filter[PriceTo]=9000&filter[addCategory]=50&filter[addCatering]=1&filter[addMisc]=0&filter[addTransport]=F&filter[fp]=1&order_by=ofr_price&filter[tourOperator]=0&filter[childAge][1]=20201210","https://fly.pl/cdn/photo/assets/uploads/582/278/2014/07/Serenity-Alpha-Beach.jpg","https://fly.pl/wycieczka/egipt,hurghada,makadi-bay/serenity-makadi-heights/pJNAdWsSFsuQEBA1qsVPz9AAog5uLt5hDNhZeEttJs7kUVkFvIJNo-v4qnTpe8Q4PSP0cqBEVYSU0wk4Xg0AZI1TtQAVjHAmACagNVQUlyIRwR78UGuQSn9T2rBBwb3r06GMnGOwH-s6auCgIAYwECC8rpeZA/ofertasv/?filter[tourOperator]=EXIM&filter%5Bperson%5D=2&filter%5BchildAge%5D%5B1%5D=20201210&filter%5Bchild%5D=1"
"Jaz Aquaviva","7642.0","16.06.2026 - 23.06.2026","8 dni","","Warszawa%20-%20Modlin","2026-05-28T08:55:15.995093+00:00","https://fly.pl/szukaj-wycieczek/?filter[dest]=11:&filter[hotelids]=&filter[cityids]=0&filter[cregids]=&filter[ofrType]=&filter[addObjType]=&filter[whenFrom]=28-05-2026&filter[whenTo]=30-06-2026&filter[duration]=7:10&filter[from]=Warszawa%20-%20Modlin,Warszawa%20-%20Radom,Warszawa&filter[person]=2&filter[child]=1&filter[price]=4766:9000&filter[PriceFrom]=4766&filter[PriceTo]=9000&filter[addCategory]=50&filter[addCatering]=1&filter[addMisc]=0&filter[addTransport]=F&filter[fp]=1&order_by=ofr_price&filter[tourOperator]=0&filter[childAge][1]=20201210","https://fly.pl/cdn/photo/assets/uploads/582/278/2015/07/Jaz-Aquaviva.jpg","https://fly.pl/wycieczka/egipt,hurghada,makadi-bay/jaz-makadi-aquaviva/pxcx07PRnf12K8fMyoa7GEAAogfhsMX67o_5OYfCbk-PmkO8D2OpZO2AXm95eQ1wXSy3QqBEpPSU4wk4Xg0AZI2jtQAVi_A2ACagJBSXIfHBHfGrkE98cCqwQ-GK6kHxuLcAG6uI-UAQIAYwECDM6jWtI/ofertasv/?filter[tourOperator]=JOIN&filter%5Bperson%5D=2&filter%5BchildAge%5D%5B1%5D=20201210&filter%5Bchild%5D=1"
"Red Sea Grand Makadi (Makadi Bay)","7650.0","07.06.2026 - 14.06.2026","8 dni","","Warszawa%20-%20Modlin","2026-05-28T08:55:16.137092+00:00","https://fly.pl/szukaj-wycieczek/?filter[dest]=11:&filter[hotelids]=&filter[cityids]=0&filter[cregids]=&filter[ofrType]=&filter[addObjType]=&filter[whenFrom]=28-05-2026&filter[whenTo]=30-06-2026&filter[duration]=7:10&filter[from]=Warszawa%20-%20Modlin,Warszawa%20-%20Radom,Warszawa&filter[person]=2&filter[child]=1&filter[price]=4766:9000&filter[PriceFrom]=4766&filter[PriceTo]=9000&filter[addCategory]=50&filter[addCatering]=1&filter[addMisc]=0&filter[addTransport]=F&filter[fp]=1&order_by=ofr_price&filter[tourOperator]=0&filter[childAge][1]=20201210","https://fly.pl/cdn/photo/assets/uploads/582/278/2017/08/Grand-Makadi-Makadi-Bay-fly-pl-2.jpg","https://fly.pl/wycieczka/egipt,hurghada,makadi-bay/grand-makadi-makadi-bay/pSA6kyhM9ETlRpCE0bkV76AAoggKRBt6njz1joHAcejfvuMARgu3lqtHjLtViZbL08APsqA0VUSTCTheDQBkjiO1BBWOcBYAJyMRUHFwBcA1gFVgJA-wdbw4UBU50mUgBer09L7UNhACD3htIJDQBR4-G99gMCEmMBAgqQPJ5t/ofertasv/?filter[tourOperator]=ETI&filter%5Bperson%5D=2&filter%5BchildAge%5D%5B1%5D=20201210&filter%5Bchild%5D=1"
"Old Palace Resort","7677.0","18.06.2026 - 25.06.2026","8 dni","","Warszawa%20-%20Modlin","2026-05-28T08:55:16.284118+00:00","https://fly.pl/szukaj-wycieczek/?filter[dest]=11:&filter[hotelids]=&filter[cityids]=0&filter[cregids]=&filter[ofrType]=&filter[addObjType]=&filter[whenFrom]=28-05-2026&filter[whenTo]=30-06-2026&filter[duration]=7:10&filter[from]=Warszawa%20-%20Modlin,Warszawa%20-%20Radom,Warszawa&filter[person]=2&filter[child]=1&filter[price]=4766:9000&filter[PriceFrom]=4766&filter[PriceTo]=9000&filter[addCategory]=50&filter[addCatering]=1&filter[addMisc]=0&filter[addTransport]=F&filter[fp]=1&order_by=ofr_price&filter[tourOperator]=0&filter[childAge][1]=20201210","https://fly.pl/cdn/photo/assets/uploads/582/278/2015/03/Old-Palace-Resort-Sahl-Hasheesh.jpg","https://fly.pl/wycieczka/egipt,hurghada,c/old-palace-resort/p5Z74ixSoru7-k8_tJwRIHAAog0pVbGuC7csHiucSfl7KpM3HyXWYemBt1fyOhzbp9ElEqBE9SRVgwk4Xg0AZI_TtQQVjvA2ACagVFLjIuMXI1mwEVBxcAXANYBVYCES5AnAZd0w5PJFOangFSAF6vT0uBEmEATNG-OiCd-pcJDQACEmMBAgt-8Vqz/?operator=OREX&adults=2&children=2020-12-10&nsv=1&objectId=4842&transport=accommodation_flight&departureDate=2026-06-18&returnDate=2026-06-25&departureLocation=Warszawa+-+Modlin%2CWarszawa+-+Radom%2CWarszawa&opt=delta&catering=all_inclusive"
"Reef Oasis Suakin Resort","7691.0","06.06.2026 - 13.06.2026","8 dni","","Warszawa%20-%20Modlin","2026-05-28T08:55:16.416447+00:00","https://fly.pl/szukaj-wycieczek/?filter[dest]=11:&filter[hotelids]=&filter[cityids]=0&filter[cregids]=&filter[ofrType]=&filter[addObjType]=&filter[whenFrom]=28-05-2026&filter[whenTo]=30-06-2026&filter[duration]=7:10&filter[from]=Warszawa%20-%20Modlin,Warszawa%20-%20Radom,Warszawa&filter[person]=2&filter[child]=1&filter[price]=4766:9000&filter[PriceFrom]=4766&filter[PriceTo]=9000&filter[addCategory]=50&filter[addCatering]=1&filter[addMisc]=0&filter[addTransport]=F&filter[fp]=1&order_by=ofr_price&filter[tourOperator]=0&filter[childAge][1]=20201210","https://fly.pl/cdn/photo/assets/uploads/582/278/2024/07/reef-oasis-suakin-resort.jpg","https://fly.pl/wycieczka/egipt,marsa-alam,c/reef-oasis-suakin-resort-11/pUSjqkqOngG4plbNTT1DxpAAog-oV9y3K2qioB0TcUkx8CSxdj7gtn7bkxRJ6mk9Br-vwqBFZJVFgwk4Xg0AZIizxQQVjPAWACckAaABUHFwBcA1gFQI8DW6eGAV7WeVK8FFMAS7EvYQBMn5c8DdfvlQkgAFGpo7723wFP-voNXZz4r_klAgxjAQIL2D_HJg/ofertasv/?filter[tourOperator]=VITX&filter%5Bperson%5D=2&filter%5BchildAge%5D%5B1%5D=20201210&filter%5Bchild%5D=1"
"Akassia Swiss Resort (ex. Calimera Club Akassia Swiss Resort)","7700.0","02.06.2026 - 09.06.2026","8 dni","","Warszawa%20-%20Modlin","2026-05-28T08:55:16.548057+00:00","https://fly.pl/szukaj-wycieczek/?filter[dest]=11:&filter[hotelids]=&filter[cityids]=0&filter[cregids]=&filter[ofrType]=&filter[addObjType]=&filter[whenFrom]=28-05-2026&filter[whenTo]=30-06-2026&filter[duration]=7:10&filter[from]=Warszawa%20-%20Modlin,Warszawa%20-%20Radom,Warszawa&filter[person]=2&filter[child]=1&filter[price]=4766:9000&filter[PriceFrom]=4766&filter[PriceTo]=9000&filter[addCategory]=50&filter[addCatering]=1&filter[addMisc]=0&filter[addTransport]=F&filter[fp]=1&order_by=ofr_price&filter[tourOperator]=0&filter[childAge][1]=20201210","https://fly.pl/cdn/photo/assets/uploads/582/278/2014/09/Akassia-Swiss-Resort.jpg","https://fly.pl/wycieczka/egipt,marsa-alam,c/calimera-club-akassia-swiss-resort/p8sSdbl2jTD-of3A8rPNCZAAogu-04yuRoMC_zXSdVXjCTmQAAAABvpwQAYKYEAAcAAQAqBFdFWlkwk4Xg0AZIlDxQQVhvYANqCUVudGVyIEFpcmoEMDgwMHJFngGVAR8AAgEcABYEFwIS7QMYywUT6gMU0wQR-B5QuEhA9QdMtpYBTwBLsS8b5asCIPPZDR2PAg2L_8EJARJjAQxjAQIF2JVCvA/?operator=WEZY&adults=2&children=2020-12-10&nsv=1&objectId=25421&transport=accommodation_flight&departureDate=2026-06-02&returnDate=2026-06-09&departureLocation=Warszawa+-+Modlin%2CWarszawa+-+Radom%2CWarszawa&opt=delta&catering=all_inclusive"
"The Cascades Golf Resort Spa & Thalasso (ex Westin Soma Bay)","7734.0","16.06.2026 - 23.06.2026","8 dni","","Warszawa%20-%20Modlin","2026-05-28T08:55:16.679963+00:00","https://fly.pl/szukaj-wycieczek/?filter[dest]=11:&filter[hotelids]=&filter[cityids]=0&filter[cregids]=&filter[ofrType]=&filter[addObjType]=&filter[whenFrom]=28-05-2026&filter[whenTo]=30-06-2026&filter[duration]=7:10&filter[from]=Warszawa%20-%20Modlin,Warszawa%20-%20Radom,Warszawa&filter[person]=2&filter[child]=1&filter[price]=4766:9000&filter[PriceFrom]=4766&filter[PriceTo]=9000&filter[addCategory]=50&filter[addCatering]=1&filter[addMisc]=0&filter[addTransport]=F&filter[fp]=1&order_by=ofr_price&filter[tourOperator]=0&filter[childAge][1]=20201210","https://fly.pl/cdn/photo/assets/uploads/582/278/2014/10/The-Cascades-Golf-Resort-Spa-Thalasso.jpg","https://fly.pl/wycieczka/egipt,hurghada,soma-bay/la-residence-des-cascades/ptZCa-kMzhvzF7J8rkPtIYAAog9FFzw2Yz9kayRzg4IAK35sD2OpZO2AXm95eQ1wXSy3QqBEpPSU4wk4Xg0AZItjxQAVi_A2ACagJBSXIgHBGtIbkEqcECqwQ-GP6eIBu8kgEBmJq3lAECAGMBAgym2dF8/ofertasv/?filter[tourOperator]=JOIN&filter%5Bperson%5D=2&filter%5BchildAge%5D%5B1%5D=20201210&filter%5Bchild%5D=1"
"Pickalbatros Vita Resort Portofino","7737.0","09.06.2026 - 16.06.2026","8 dni","","Warszawa%20-%20Modlin","2026-05-28T08:55:16.810055+00:00","https://fly.pl/szukaj-wycieczek/?filter[dest]=11:&filter[hotelids]=&filter[cityids]=0&filter[cregids]=&filter[ofrType]=&filter[addObjType]=&filter[whenFrom]=28-05-2026&filter[whenTo]=30-06-2026&filter[duration]=7:10&filter[from]=Warszawa%20-%20Modlin,Warszawa%20-%20Radom,Warszawa&filter[person]=2&filter[child]=1&filter[price]=4766:9000&filter[PriceFrom]=4766&filter[PriceTo]=9000&filter[addCategory]=50&filter[addCatering]=1&filter[addMisc]=0&filter[addTransport]=F&filter[fp]=1&order_by=ofr_price&filter[tourOperator]=0&filter[childAge][1]=20201210","https://fly.pl/cdn/photo/assets/uploads/582/278/2024/07/pickalbatros-vita-resort-portofino.jpg","https://fly.pl/wycieczka/egipt,marsa-alam,c/pickalbatros-vita-resort-portofino-11/pjWUKJ1ydcNpU7jw98lq1IAAogc3B0ZwblmdkFhOfrKqQhwzgJAQOewa1jKvJOfNTl61cqBEVYSU0wk4Xg0AZIuTxQAViXAmACagJBSXIhHBGwoQa5BKqdPqsEHBv5tCwY5f8uAfSU0o4IAgBjAQIMkyWnkg/ofertasv/?filter[tourOperator]=EXIM&filter%5Bperson%5D=2&filter%5BchildAge%5D%5B1%5D=20201210&filter%5Bchild%5D=1"
"Cleopatra Luxury Resort (Makadi Bay)","7744.0","11.06.2026 - 18.06.2026","8 dni","","Warszawa%20-%20Modlin","2026-05-28T08:55:16.944718+00:00","https://fly.pl/szukaj-wycieczek/?filter[dest]=11:&filter[hotelids]=&filter[cityids]=0&filter[cregids]=&filter[ofrType]=&filter[addObjType]=&filter[whenFrom]=28-05-2026&filter[whenTo]=30-06-2026&filter[duration]=7:10&filter[from]=Warszawa%20-%20Modlin,Warszawa%20-%20Radom,Warszawa&filter[person]=2&filter[child]=1&filter[price]=4766:9000&filter[PriceFrom]=4766&filter[PriceTo]=9000&filter[addCategory]=50&filter[addCatering]=1&filter[addMisc]=0&filter[addTransport]=F&filter[fp]=1&order_by=ofr_price&filter[tourOperator]=0&filter[childAge][1]=20201210","https://fly.pl/cdn/photo/assets/uploads/582/278/2014/10/Cleopatra-Luxury-Resort-Makadi-Bay.jpg","https://fly.pl/wycieczka/egipt,hurghada,makadi-bay/cleopatra-luxury-resort-makadi-bay/pvuBdKNmhZ0vXLTB_cD-RNAAognrk0ekmfhbHo4XFavdvY-SRYyIS-iNWB2qo_7y_LlVQqBFJOQlcwk4Xg0AZIwDxQAVjHAmACcgYCDWMBAgYpbdBt/ofertasv/?filter[tourOperator]=RNBW&filter%5Bperson%5D=2&filter%5BchildAge%5D%5B1%5D=20201210&filter%5Bchild%5D=1"
"Lazuli (Marsa Alam)","7757.0","09.06.2026 - 16.06.2026","8 dni","","Warszawa%20-%20Modlin","2026-05-28T08:55:17.078003+00:00","https://fly.pl/szukaj-wycieczek/?filter[dest]=11:&filter[hotelids]=&filter[cityids]=0&filter[cregids]=&filter[ofrType]=&filter[addObjType]=&filter[whenFrom]=28-05-2026&filter[whenTo]=30-06-2026&filter[duration]=7:10&filter[from]=Warszawa%20-%20Modlin,Warszawa%20-%20Radom,Warszawa&filter[person]=2&filter[child]=1&filter[price]=4766:9000&filter[PriceFrom]=4766&filter[PriceTo]=9000&filter[addCategory]=50&filter[addCatering]=1&filter[addMisc]=0&filter[addTransport]=F&filter[fp]=1&order_by=ofr_price&filter[tourOperator]=0&filter[childAge][1]=20201210","https://fly.pl/cdn/photo/assets/uploads/582/278/2021/06/Lazuli1.jpg","https://fly.pl/wycieczka/egipt,marsa-alam,al-kusajr/lazuli-13/p6VGu_QYFxz5c63TZxIqxtAAogJ-sM-OaTRN4O1Y49va0Rtv67KohbpwCNTEb9Tk7byMAqBFZJVFgwk4Xg0AZIzTxQQViXAmACckAaABUHFwBcA1gFQI8DW6eGAV7WeVK8FFMAS7EvYQBM36o5DZrcmAkgAVHo9az23wFPuKgfXZz4r_klAg1jAQIMEk5NJA/ofertasv/?filter[tourOperator]=VITX&filter%5Bperson%5D=2&filter%5BchildAge%5D%5B1%5D=20201210&filter%5Bchild%5D=1"
"Aurora Oriental Resort","7866.0","06.06.2026 - 13.06.2026","8 dni","","Warszawa%20-%20Modlin","2026-05-28T08:55:17.200092+00:00","https://fly.pl/szukaj-wycieczek/?filter[dest]=11:&filter[hotelids]=&filter[cityids]=0&filter[cregids]=&filter[ofrType]=&filter[addObjType]=&filter[whenFrom]=28-05-2026&filter[whenTo]=30-06-2026&filter[duration]=7:10&filter[from]=Warszawa%20-%20Modlin,Warszawa%20-%20Radom,Warszawa&filter[person]=2&filter[child]=1&filter[price]=4766:9000&filter[PriceFrom]=4766&filter[PriceTo]=9000&filter[addCategory]=50&filter[addCatering]=1&filter[addMisc]=0&filter[addTransport]=F&filter[fp]=1&order_by=ofr_price&filter[tourOperator]=0&filter[childAge][1]=20201210","https://fly.pl/cdn/photo/assets/uploads/582/278/2014/07/Aurora-Oriental-Resort.jpg","https://fly.pl/wycieczka/egipt,sharm-el-sheikh,szarm-el-szejk/oriental-resort/pR7wOSP-okmB_FeHA_HYgzAAogbV98MA8kf6ko3j95bu-L7AAAAACHhAQApIQEAAcAEgAqBFdFWlkwk4Xg0AZIuj1QQVjPAWADaglFbnRlciBBaXJqBDA4MDByQ54BlQEfAAIBHAAWBBcCEu0DGIUFE80BFMkEEbsPQNdiTKCiAU8AS8cjUAAb3dcCHaLqDCAdDdrEwgkBEmMBDmMBAgbAI8Mp/?operator=WEZY&adults=2&children=2020-12-10&nsv=1&objectId=619&transport=accommodation_flight&departureDate=2026-06-06&returnDate=2026-06-13&departureLocation=Warszawa+-+Modlin%2CWarszawa+-+Radom%2CWarszawa&opt=delta&catering=all_inclusive"
"Pickalbatros Villaggio Resort Portofino","7897.0","09.06.2026 - 16.06.2026","8 dni","","Warszawa%20-%20Modlin","2026-05-28T08:56:52.226266+00:00","https://fly.pl/szukaj-wycieczek/?filter[dest]=11:&filter[hotelids]=&filter[cityids]=0&filter[cregids]=&filter[ofrType]=&filter[addObjType]=&filter[whenFrom]=28-05-2026&filter[whenTo]=30-06-2026&filter[duration]=7:10&filter[from]=Warszawa%20-%20Modlin,Warszawa%20-%20Radom,Warszawa&filter[person]=2&filter[child]=1&filter[price]=4766:9000&filter[PriceFrom]=4766&filter[PriceTo]=9000&filter[addCategory]=50&filter[addCatering]=1&filter[addMisc]=0&filter[addTransport]=F&filter[fp]=1&order_by=ofr_price&filter[tourOperator]=0&filter[childAge][1]=20201210","https://fly.pl/cdn/photo/assets/uploads/582/278/2024/07/pickalbatros-villaggio-resort-portofino.jpg","https://fly.pl/wycieczka/egipt,marsa-alam,c/pickalbatros-villaggio-resort-portofino-15/ppKxRSrPBaaSvAJXZtKy-mAAogUpUScMiXbjl8U2iVCHjzcDgJAQOewa1jKvJOfNTl61cqBEVYSU0w9oXg0AZI2T1QAViXAmACagJBSXIhHBGk9ga5BLbIPasEHBuPkEQYqOpDAdSU65UMAgBjAQIM1Q2ZOQ/ofertasv/?filter[tourOperator]=EXIM&filter%5Bperson%5D=2&filter%5BchildAge%5D%5B1%5D=20201210&filter%5Bchild%5D=1"
"Pickalbatros Villaggio Resort Portofino","7897.0","09.06.2026 - 16.06.2026","8 dni","","Warszawa%20-%20Modlin","2026-05-28T08:56:52.289240+00:00","https://fly.pl/szukaj-wycieczek/?filter[dest]=11:&filter[hotelids]=&filter[cityids]=0&filter[cregids]=&filter[ofrType]=&filter[addObjType]=&filter[whenFrom]=28-05-2026&filter[whenTo]=30-06-2026&filter[duration]=7:10&filter[from]=Warszawa%20-%20Modlin,Warszawa%20-%20Radom,Warszawa&filter[person]=2&filter[child]=1&filter[price]=4766:9000&filter[PriceFrom]=4766&filter[PriceTo]=9000&filter[addCategory]=50&filter[addCatering]=1&filter[addMisc]=0&filter[addTransport]=F&filter[fp]=1&order_by=ofr_price&filter[tourOperator]=0&filter[childAge][1]=20201210","https://fly.pl/cdn/photo/assets/uploads/582/278/2024/07/pickalbatros-villaggio-resort-portofino.jpg","https://fly.pl/wycieczka/egipt,marsa-alam,c/pickalbatros-villaggio-resort-portofino-15/ppKxRSrPBaaSvAJXZtKy-mAAogUpUScMiXbjl8U2iVCHjzcDgJAQOewa1jKvJOfNTl61cqBEVYSU0w9oXg0AZI2T1QAViXAmACagJBSXIhHBGk9ga5BLbIPasEHBuPkEQYqOpDAdSU65UMAgBjAQIM1Q2ZOQ/ofertasv/?filter[tourOperator]=EXIM&filter%5Bperson%5D=2&filter%5BchildAge%5D%5B1%5D=20201210&filter%5Bchild%5D=1"
"Domina Coral Bay Sultan","7902.0","14.06.2026 - 21.06.2026","8 dni","","Warszawa%20-%20Modlin","2026-05-28T08:56:52.431311+00:00","https://fly.pl/szukaj-wycieczek/?filter[dest]=11:&filter[hotelids]=&filter[cityids]=0&filter[cregids]=&filter[ofrType]=&filter[addObjType]=&filter[whenFrom]=28-05-2026&filter[whenTo]=30-06-2026&filter[duration]=7:10&filter[from]=Warszawa%20-%20Modlin,Warszawa%20-%20Radom,Warszawa&filter[person]=2&filter[child]=1&filter[price]=4766:9000&filter[PriceFrom]=4766&filter[PriceTo]=9000&filter[addCategory]=50&filter[addCatering]=1&filter[addMisc]=0&filter[addTransport]=F&filter[fp]=1&order_by=ofr_price&filter[tourOperator]=0&filter[childAge][1]=20201210","https://fly.pl/cdn/photo/assets/uploads/582/278/2014/07/Domina-Coral-Bay-Sultan.jpg","https://fly.pl/wycieczka/egipt,sharm-el-sheikh,c/domina-coral-bay-sultan/pa-0smmlYxinUE5sfBmwNQAAogqpr37TYmC04Jl6Mj7NEn21xRsiItOkZcPLzNjjqE-S0qBEpPSU4w9oXg0AZI3j1QAViPA2ACagJBSXIgHBHNG7kE8pECqwRyGIDDHxv5mwEBpuH-rAECAGMBAgw3DQ8B/ofertasv/?filter[tourOperator]=JOIN&filter%5Bperson%5D=2&filter%5BchildAge%5D%5B1%5D=20201210&filter%5Bchild%5D=1"
"Marriott Hurghada Beach Resort","7912.0","09.06.2026 - 16.06.2026","8 dni","","Warszawa%20-%20Modlin","2026-05-28T08:56:52.570856+00:00","https://fly.pl/szukaj-wycieczek/?filter[dest]=11:&filter[hotelids]=&filter[cityids]=0&filter[cregids]=&filter[ofrType]=&filter[addObjType]=&filter[whenFrom]=28-05-2026&filter[whenTo]=30-06-2026&filter[duration]=7:10&filter[from]=Warszawa%20-%20Modlin,Warszawa%20-%20Radom,Warszawa&filter[person]=2&filter[child]=1&filter[price]=4766:9000&filter[PriceFrom]=4766&filter[PriceTo]=9000&filter[addCategory]=50&filter[addCatering]=1&filter[addMisc]=0&filter[addTransport]=F&filter[fp]=1&order_by=ofr_price&filter[tourOperator]=0&filter[childAge][1]=20201210","https://fly.pl/cdn/photo/assets/uploads/582/278/2014/09/Marriott-Hurghada-Beach-Resort.jpg","https://fly.pl/wycieczka/egipt,hurghada,c/marriott-hurghada-beach-resort/pWX6TXndKcMr-EQ0sAeBcYAAogsGNW2JzIEPTr6DGaoqrTO-A1VenNBQF7XO4_J7SyQn0qBEpPSU4w9oXg0AZI6D1QAViXAmACagJBSXIfHBGUG7kEwccCqwQ-GPimHxuLcgGerI-UAQIAYwECBm1hSwk/ofertasv/?filter[tourOperator]=JOIN&filter%5Bperson%5D=2&filter%5BchildAge%5D%5B1%5D=20201210&filter%5Bchild%5D=1"
"Jaz Makadi Oasis Resort","7924.0","09.06.2026 - 16.06.2026","8 dni","","Warszawa%20-%20Modlin","2026-05-28T08:56:52.704204+00:00","https://fly.pl/szukaj-wycieczek/?filter[dest]=11:&filter[hotelids]=&filter[cityids]=0&filter[cregids]=&filter[ofrType]=&filter[addObjType]=&filter[whenFrom]=28-05-2026&filter[whenTo]=30-06-2026&filter[duration]=7:10&filter[from]=Warszawa%20-%20Modlin,Warszawa%20-%20Radom,Warszawa&filter[person]=2&filter[child]=1&filter[price]=4766:9000&filter[PriceFrom]=4766&filter[PriceTo]=9000&filter[addCategory]=50&filter[addCatering]=1&filter[addMisc]=0&filter[addTransport]=F&filter[fp]=1&order_by=ofr_price&filter[tourOperator]=0&filter[childAge][1]=20201210","https://fly.pl/cdn/photo/assets/uploads/582/278/2015/04/Jaz-Makadi-Oasis.jpg","https://fly.pl/wycieczka/egipt,hurghada,makadi-bay/iberotel-makadi-club-oasis/p9HgL9Hj6RR5UXdtZTkX00AAogMw3Lqt8qopmNcr6v_fWQ8uA1VenNBQF7XO4_J7SyQn0qBEpPSU4w9oXg0AZI9D1QAViXAmACagJBSXIfHBHmGrkE78cCqwQ-GPikHxvRbgHcw4SUAQIAYwECDHhF4_s/ofertasv/?filter[tourOperator]=JOIN&filter%5Bperson%5D=2&filter%5BchildAge%5D%5B1%5D=20201210&filter%5Bchild%5D=1"
"Albatros Makadi Resort (ex Royal Pharaohs Makadi)","7927.0","07.06.2026 - 14.06.2026","8 dni","","Warszawa%20-%20Modlin","2026-05-28T08:56:52.831339+00:00","https://fly.pl/szukaj-wycieczek/?filter[dest]=11:&filter[hotelids]=&filter[cityids]=0&filter[cregids]=&filter[ofrType]=&filter[addObjType]=&filter[whenFrom]=28-05-2026&filter[whenTo]=30-06-2026&filter[duration]=7:10&filter[from]=Warszawa%20-%20Modlin,Warszawa%20-%20Radom,Warszawa&filter[person]=2&filter[child]=1&filter[price]=4766:9000&filter[PriceFrom]=4766&filter[PriceTo]=9000&filter[addCategory]=50&filter[addCatering]=1&filter[addMisc]=0&filter[addTransport]=F&filter[fp]=1&order_by=ofr_price&filter[tourOperator]=0&filter[childAge][1]=20201210","https://fly.pl/cdn/photo/assets/uploads/582/278/2014/07/Harmony-Makadi-Bay-fly-pl.jpg","https://fly.pl/wycieczka/egipt,hurghada,makadi-bay/harmony-makadi-bay/pHuBdKrwCPmINTgM4R3SagAAoglBiTW7wQUW0P1KVRmhSy9wAAAADSggQA7oIEAAcAAAAqBFdFWlkw9oXg0AZI9z1QQVjnAWADaglFbnRlciBBaXJqBDAwMTVyQp4BlAEfABwBAgAWBBcCEUcSpgMV2gUYlQMTuQFAhXNMyzJPAEuckwFQAB3Kvg8gHBunhB8N6sOjCQESYwENYwECDK_FU34/?operator=WEZY&adults=2&children=2020-12-10&nsv=1&objectId=565&transport=accommodation_flight&departureDate=2026-06-07&returnDate=2026-06-14&departureLocation=Warszawa+-+Modlin%2CWarszawa+-+Radom%2CWarszawa&opt=delta&catering=all_inclusive"
"Movenpick Resort El Quseir","7934.0","20.06.2026 - 27.06.2026","8 dni","","Warszawa%20-%20Modlin","2026-05-28T08:56:52.957712+00:00","https://fly.pl/szukaj-wycieczek/?filter[dest]=11:&filter[hotelids]=&filter[cityids]=0&filter[cregids]=&filter[ofrType]=&filter[addObjType]=&filter[whenFrom]=28-05-2026&filter[whenTo]=30-06-2026&filter[duration]=7:10&filter[from]=Warszawa%20-%20Modlin,Warszawa%20-%20Radom,Warszawa&filter[person]=2&filter[child]=1&filter[price]=4766:9000&filter[PriceFrom]=4766&filter[PriceTo]=9000&filter[addCategory]=50&filter[addCatering]=1&filter[addMisc]=0&filter[addTransport]=F&filter[fp]=1&order_by=ofr_price&filter[tourOperator]=0&filter[childAge][1]=20201210","https://fly.pl/cdn/photo/assets/uploads/582/278/2014/09/Movenpick.jpg","https://fly.pl/wycieczka/egipt,marsa-alam,c/moevenpick-el-quseir/p7U6xT4_2qiYLFf7icO1A2AAogo0qfY4xutuC9aNaxqP9PAw9aJJWJ8xSotV8kh7SyOEQqBE9SRVgw9oXg0AZI_j1QQVifBGACagZFQy4yLjFyNpsBFQcXAFwDWAVWAkDKBhHTDV2wFk8kXpnYAVO8FFIAS7EvYQBM5Yw6IJ_6lwkNAAISYwECC6LEm5I/?operator=OREX&adults=2&children=2020-12-10&nsv=1&objectId=9229&transport=accommodation_flight&departureDate=2026-06-20&returnDate=2026-06-27&departureLocation=Warszawa+-+Modlin%2CWarszawa+-+Radom%2CWarszawa&opt=delta&catering=all_inclusive"
"Continental (ex Movenpick Resort)","7934.0","07.06.2026 - 14.06.2026","8 dni","","Warszawa%20-%20Modlin","2026-05-28T08:56:53.083926+00:00","https://fly.pl/szukaj-wycieczek/?filter[dest]=11:&filter[hotelids]=&filter[cityids]=0&filter[cregids]=&filter[ofrType]=&filter[addObjType]=&filter[whenFrom]=28-05-2026&filter[whenTo]=30-06-2026&filter[duration]=7:10&filter[from]=Warszawa%20-%20Modlin,Warszawa%20-%20Radom,Warszawa&filter[person]=2&filter[child]=1&filter[price]=4766:9000&filter[PriceFrom]=4766&filter[PriceTo]=9000&filter[addCategory]=50&filter[addCatering]=1&filter[addMisc]=0&filter[addTransport]=F&filter[fp]=1&order_by=ofr_price&filter[tourOperator]=0&filter[childAge][1]=20201210","https://fly.pl/cdn/photo/assets/uploads/582/278/2014/09/Continental-Resort.jpg","https://fly.pl/wycieczka/egipt,hurghada,c/movenpick-resort-hurghada-ex-continental-resort/pCBMkZ5Ahs0LGAV9iQ8rvEAAogqlXV2A2f_Y-zxMlnXAzFpWzcMShTeTNczhDRY-MhP8oqBFJOQlcw9oXg0AZI_j1QAVjnAWACcgYCDGMBBAvXzDfB/ofertasv/?filter[tourOperator]=RNBW&filter%5Bperson%5D=2&filter%5BchildAge%5D%5B1%5D=20201210&filter%5Bchild%5D=1"
"Domina Coral Bay Resort","7952.0","06.06.2026 - 13.06.2026","8 dni","","Warszawa%20-%20Modlin","2026-05-28T08:56:53.210994+00:00","https://fly.pl/szukaj-wycieczek/?filter[dest]=11:&filter[hotelids]=&filter[cityids]=0&filter[cregids]=&filter[ofrType]=&filter[addObjType]=&filter[whenFrom]=28-05-2026&filter[whenTo]=30-06-2026&filter[duration]=7:10&filter[from]=Warszawa%20-%20Modlin,Warszawa%20-%20Radom,Warszawa&filter[person]=2&filter[child]=1&filter[price]=4766:9000&filter[PriceFrom]=4766&filter[PriceTo]=9000&filter[addCategory]=50&filter[addCatering]=1&filter[addMisc]=0&filter[addTransport]=F&filter[fp]=1&order_by=ofr_price&filter[tourOperator]=0&filter[childAge][1]=20201210","https://fly.pl/cdn/photo/assets/uploads/582/278/2014/07/DOMINA.jpg","https://fly.pl/wycieczka/egipt,sharm-el-sheikh,c/domina-coral-bay-resort-sharm-el-sheikh/pT382p0LhYg2rupitH-IAzAAog_256vh2SV-mp4K_HWoXg1AAAAACHhAQApIQEAAcAEgAqBFdFWlkw9oXg0AZIkD5QQVjPAWADaglFbnRlciBBaXJqBDA4MDByQ54BlQEfAAIBHAAWBBcCEu0DGIUFE80BFMkEQJJyT6CiAUwAS8cjUAAR50UdmPwOIB0byO0EDZLXvQkBEmMBDWMBAwVRfXag/?operator=WEZY&adults=2&children=2020-12-10&nsv=1&objectId=1570&transport=accommodation_flight&departureDate=2026-06-06&returnDate=2026-06-13&departureLocation=Warszawa+-+Modlin%2CWarszawa+-+Radom%2CWarszawa&opt=delta&catering=all_inclusive"
"Utopia Blue Resort","7957.0","16.06.2026 - 23.06.2026","8 dni","","Warszawa%20-%20Modlin","2026-05-28T08:56:53.349324+00:00","https://fly.pl/szukaj-wycieczek/?filter[dest]=11:&filter[hotelids]=&filter[cityids]=0&filter[cregids]=&filter[ofrType]=&filter[addObjType]=&filter[whenFrom]=28-05-2026&filter[whenTo]=30-06-2026&filter[duration]=7:10&filter[from]=Warszawa%20-%20Modlin,Warszawa%20-%20Radom,Warszawa&filter[person]=2&filter[child]=1&filter[price]=4766:9000&filter[PriceFrom]=4766&filter[PriceTo]=9000&filter[addCategory]=50&filter[addCatering]=1&filter[addMisc]=0&filter[addTransport]=F&filter[fp]=1&order_by=ofr_price&filter[tourOperator]=0&filter[childAge][1]=20201210","https://datacfstatic.merlinx.pl/EXIM/IMG/104804/a209f6333da18fcc5af3e5ca2d20dcb3f857451e0eb148b1f82247eb3da00c85.webp","https://fly.pl/wycieczka/egipt,marsa-alam,c/utopia-blue-resort-13/pCwszySZh-fnIszGMlbr7HAAogurGiZO8T3hNRj6mKska6urEUErBYIWBu-rack0IKqVAqBEVYSU0w9oXg0AZIlT5QAVi_A2ACagJBSXIhHBHksga5BPeLPqsEHBvq1y0Yr_ozAeip2tQIAgBjAQIMbBXNNg/ofertasv/?filter[tourOperator]=EXIM&filter%5Bperson%5D=2&filter%5BchildAge%5D%5B1%5D=20201210&filter%5Bchild%5D=1"
"Pickalbatros Oasis Port Ghalib (ex. Red Sea Port Ghalib Resort)","7983.0","06.06.2026 - 13.06.2026","8 dni","","Warszawa%20-%20Modlin","2026-05-28T08:56:53.515438+00:00","https://fly.pl/szukaj-wycieczek/?filter[dest]=11:&filter[hotelids]=&filter[cityids]=0&filter[cregids]=&filter[ofrType]=&filter[addObjType]=&filter[whenFrom]=28-05-2026&filter[whenTo]=30-06-2026&filter[duration]=7:10&filter[from]=Warszawa%20-%20Modlin,Warszawa%20-%20Radom,Warszawa&filter[person]=2&filter[child]=1&filter[price]=4766:9000&filter[PriceFrom]=4766&filter[PriceTo]=9000&filter[addCategory]=50&filter[addCatering]=1&filter[addMisc]=0&filter[addTransport]=F&filter[fp]=1&order_by=ofr_price&filter[tourOperator]=0&filter[childAge][1]=20201210","https://fly.pl/cdn/photo/assets/uploads/582/278/2014/09/pickalbatros-oasis.jpg","https://fly.pl/wycieczka/egipt,marsa-alam,port-ghalib/crowne-plaza-sahara-oasis-resort/pbDIugeoc4WFXjpKIFwVuEAAogKc28b2Qx6Z-xa_95KtfPiaJwCHAAEqFepqO_QKFMvlUqBFNGUEww9oXg0AZIrz5QQVjPAWACciILAhUFIgUSKFzGAkAuW-fwUQ3v2YIJUdu945IGAhJjAQIFQtzzzw/ofertasv/?filter[tourOperator]=SFPL&filter%5Bperson%5D=2&filter%5BchildAge%5D%5B1%5D=20201210&filter%5Bchild%5D=1"
"Jaz Mirabel Park & Club","7996.0","14.06.2026 - 21.06.2026","8 dni","","Warszawa%20-%20Modlin","2026-05-28T08:56:53.677638+00:00","https://fly.pl/szukaj-wycieczek/?filter[dest]=11:&filter[hotelids]=&filter[cityids]=0&filter[cregids]=&filter[ofrType]=&filter[addObjType]=&filter[whenFrom]=28-05-2026&filter[whenTo]=30-06-2026&filter[duration]=7:10&filter[from]=Warszawa%20-%20Modlin,Warszawa%20-%20Radom,Warszawa&filter[person]=2&filter[child]=1&filter[price]=4766:9000&filter[PriceFrom]=4766&filter[PriceTo]=9000&filter[addCategory]=50&filter[addCatering]=1&filter[addMisc]=0&filter[addTransport]=F&filter[fp]=1&order_by=ofr_price&filter[tourOperator]=0&filter[childAge][1]=20201210","https://fly.pl/cdn/photo/assets/uploads/582/278/2024/07/jaz-mirabel-park-club.jpg","https://fly.pl/wycieczka/egipt,sharm-el-sheikh,szarm-el-szejk/jaz-mirabel-park-club-11/p59-b1p6HVyUqW6F7beyA6AAogP8TsB_QlAoIjxA3FS92uYFxRsiItOkZcPLzNjjqE-S0qBEpPSU4w9oXg0AZIvD5QAViPA2ACagJBSXIgHBH9G7kEwpECqwRyGLjHHxu6ggEB_Mv_rAECAGMBAgzcq2gn/ofertasv/?filter[tourOperator]=JOIN&filter%5Bperson%5D=2&filter%5BchildAge%5D%5B1%5D=20201210&filter%5Bchild%5D=1"
"Amphoras Beach","7996.0","14.06.2026 - 21.06.2026","8 dni","","Warszawa%20-%20Modlin","2026-05-28T08:56:53.810379+00:00","https://fly.pl/szukaj-wycieczek/?filter[dest]=11:&filter[hotelids]=&filter[cityids]=0&filter[cregids]=&filter[ofrType]=&filter[addObjType]=&filter[whenFrom]=28-05-2026&filter[whenTo]=30-06-2026&filter[duration]=7:10&filter[from]=Warszawa%20-%20Modlin,Warszawa%20-%20Radom,Warszawa&filter[person]=2&filter[child]=1&filter[price]=4766:9000&filter[PriceFrom]=4766&filter[PriceTo]=9000&filter[addCategory]=50&filter[addCatering]=1&filter[addMisc]=0&filter[addTransport]=F&filter[fp]=1&order_by=ofr_price&filter[tourOperator]=0&filter[childAge][1]=20201210","https://fly.pl/cdn/photo/assets/uploads/582/278/2016/11/AMPHORAS-BEACH.jpg","https://fly.pl/wycieczka/egipt,sharm-el-sheikh,c/otium-amphoras-ex-shores/pi9NyPFlddOF2Uoy5xetkaAAogPux2Dn4VvCpCXHipz_wFZVxRsiItOkZcPLzNjjqE-S0qBEpPSU4w9oXg0AZIvD5QAViPA2ACagJVQXIgHBGGGrkEuZMCqwRyG57eJBid3gEBmsXIhwECAGMBAgs5aiDR/ofertasv/?filter[tourOperator]=JOIN&filter%5Bperson%5D=2&filter%5BchildAge%5D%5B1%5D=20201210&filter%5Bchild%5D=1"
"Domina Coral Bay Aquamarine","8024.0","14.06.2026 - 21.06.2026","8 dni","","Warszawa%20-%20Modlin","2026-05-28T08:56:53.945755+00:00","https://fly.pl/szukaj-wycieczek/?filter[dest]=11:&filter[hotelids]=&filter[cityids]=0&filter[cregids]=&filter[ofrType]=&filter[addObjType]=&filter[whenFrom]=28-05-2026&filter[whenTo]=30-06-2026&filter[duration]=7:10&filter[from]=Warszawa%20-%20Modlin,Warszawa%20-%20Radom,Warszawa&filter[person]=2&filter[child]=1&filter[price]=4766:9000&filter[PriceFrom]=4766&filter[PriceTo]=9000&filter[addCategory]=50&filter[addCatering]=1&filter[addMisc]=0&filter[addTransport]=F&filter[fp]=1&order_by=ofr_price&filter[tourOperator]=0&filter[childAge][1]=20201210","https://fly.pl/cdn/photo/assets/uploads/582/278/2014/07/Domina-Coral-Bay-Aquamarine.jpg","https://fly.pl/wycieczka/egipt,sharm-el-sheikh,c/domina-coral-bay-aquamarine/priaUeBTOQQNPWlbREu-k1AAog7pv1zxkN5D5PiraILQmOdVxRsiItOkZcPLzNjjqE-S0qBEpPSU4w9oXg0AZI2D5QAViPA2ACagJBSXIgHBG_G7kEgJICqwRyGNbCHxu1sgEBlI3-rAECAGMBAgyd2Jd7/ofertasv/?filter[tourOperator]=JOIN&filter%5Bperson%5D=2&filter%5BchildAge%5D%5B1%5D=20201210&filter%5Bchild%5D=1"
"Pyramisa Beach Resort Sahl Hasheesh","8053.0","07.06.2026 - 14.06.2026","8 dni","","Warszawa%20-%20Modlin","2026-05-28T08:56:54.079927+00:00","https://fly.pl/szukaj-wycieczek/?filter[dest]=11:&filter[hotelids]=&filter[cityids]=0&filter[cregids]=&filter[ofrType]=&filter[addObjType]=&filter[whenFrom]=28-05-2026&filter[whenTo]=30-06-2026&filter[duration]=7:10&filter[from]=Warszawa%20-%20Modlin,Warszawa%20-%20Radom,Warszawa&filter[person]=2&filter[child]=1&filter[price]=4766:9000&filter[PriceFrom]=4766&filter[PriceTo]=9000&filter[addCategory]=50&filter[addCatering]=1&filter[addMisc]=0&filter[addTransport]=F&filter[fp]=1&order_by=ofr_price&filter[tourOperator]=0&filter[childAge][1]=20201210","https://fly.pl/cdn/photo/assets/uploads/582/278/2015/04/Pyramisa-Beach-Resort-Sahl-Hasheesh.jpg","https://fly.pl/wycieczka/egipt,hurghada,sahl-hasheesh/dessole-pyramisa-beach-resort-ex-pyramisa-beach-r/ptMVT77rDLmyHu_MvZx40BAAog21bOi-PIMaiRP3pk-DhUMwAAAADSggQA7oIEAAcAAAAqBFdFWlkw9oXg0AZI9T5QQVjnAWADaglFbnRlciBBaXJqBDAwMTVyQp4BlAEfABwBAgAWBBcCEVcSlgMV2gUYlQMTuQFAhXNMyzJPAEuckwFQAB3Kvg8gHBv45TYNmeKLCQESYwEMYwECBeTtVvE/?operator=WEZY&adults=2&children=2020-12-10&nsv=1&objectId=561&transport=accommodation_flight&departureDate=2026-06-07&returnDate=2026-06-14&departureLocation=Warszawa+-+Modlin%2CWarszawa+-+Radom%2CWarszawa&opt=delta&catering=all_inclusive"
"Jaz Belvedere","8091.0","02.06.2026 - 10.06.2026","9 dni","","Warszawa%20-%20Modlin","2026-05-28T08:56:54.219187+00:00","https://fly.pl/szukaj-wycieczek/?filter[dest]=11:&filter[hotelids]=&filter[cityids]=0&filter[cregids]=&filter[ofrType]=&filter[addObjType]=&filter[whenFrom]=28-05-2026&filter[whenTo]=30-06-2026&filter[duration]=7:10&filter[from]=Warszawa%20-%20Modlin,Warszawa%20-%20Radom,Warszawa&filter[person]=2&filter[child]=1&filter[price]=4766:9000&filter[PriceFrom]=4766&filter[PriceTo]=9000&filter[addCategory]=50&filter[addCatering]=1&filter[addMisc]=0&filter[addTransport]=F&filter[fp]=1&order_by=ofr_price&filter[tourOperator]=0&filter[childAge][1]=20201210","https://fly.pl/cdn/photo/assets/uploads/582/278/2014/07/Jaz-Belvedere.jpg","https://fly.pl/wycieczka/egipt,sharm-el-sheikh,c/jaz-belvedere/p1j3CAyA2im1EBho9IeKCJAAogJqH8RQhF_5h78qqncGGfM2KYTWXIbHl7jtD9z0P4iRwqBFZJVFgw9oXg0AZImz9QQVhvYAJyQBoAFQcXAFwDWAVAjwNbl4UBXuZ6UqYgUwBLxyNhAEzfqjkNk9yYCSABUdzw77LpAU_KgSVdhM7qvBwCDGMBAgvjSgsB/ofertasv/?filter[tourOperator]=VITX&filter%5Bperson%5D=2&filter%5BchildAge%5D%5B1%5D=20201210&filter%5Bchild%5D=1"
"Monte Carlo Resort Spa","8091.0","16.06.2026 - 24.06.2026","9 dni","","Warszawa%20-%20Modlin","2026-05-28T08:56:54.361197+00:00","https://fly.pl/szukaj-wycieczek/?filter[dest]=11:&filter[hotelids]=&filter[cityids]=0&filter[cregids]=&filter[ofrType]=&filter[addObjType]=&filter[whenFrom]=28-05-2026&filter[whenTo]=30-06-2026&filter[duration]=7:10&filter[from]=Warszawa%20-%20Modlin,Warszawa%20-%20Radom,Warszawa&filter[person]=2&filter[child]=1&filter[price]=4766:9000&filter[PriceFrom]=4766&filter[PriceTo]=9000&filter[addCategory]=50&filter[addCatering]=1&filter[addMisc]=0&filter[addTransport]=F&filter[fp]=1&order_by=ofr_price&filter[tourOperator]=0&filter[childAge][1]=20201210","https://fly.pl/cdn/photo/assets/uploads/582/278/2014/09/Monte-Carlo-Sharm-Resort-Spa.jpg","https://fly.pl/wycieczka/egipt,sharm-el-sheikh,c/monte-carlo-ex-ritz-carlton/p9yE4NZD7n5l-H45JT9bnXAAogQnp01rWOezVwDfCBXIInydxTDBJnNRAzjNMqJxIrnnAqBFZJVFgw9oXg0AZImz9QQVi_A2ACckAaABUHFwBcA1gFQI8DW6eGAV7WeVKmIFMAS8cjYQBMn5c8DeHvlQkgAVHQwPmy6QFPyLEbXYTO6rwcAg1jAQIMnn6ozQ/ofertasv/?filter[tourOperator]=VITX&filter%5Bperson%5D=2&filter%5BchildAge%5D%5B1%5D=20201210&filter%5Bchild%5D=1"
"True Beach Resort","8118.0","16.06.2026 - 23.06.2026","8 dni","","Warszawa%20-%20Modlin","2026-05-28T08:56:54.491632+00:00","https://fly.pl/szukaj-wycieczek/?filter[dest]=11:&filter[hotelids]=&filter[cityids]=0&filter[cregids]=&filter[ofrType]=&filter[addObjType]=&filter[whenFrom]=28-05-2026&filter[whenTo]=30-06-2026&filter[duration]=7:10&filter[from]=Warszawa%20-%20Modlin,Warszawa%20-%20Radom,Warszawa&filter[person]=2&filter[child]=1&filter[price]=4766:9000&filter[PriceFrom]=4766&filter[PriceTo]=9000&filter[addCategory]=50&filter[addCatering]=1&filter[addMisc]=0&filter[addTransport]=F&filter[fp]=1&order_by=ofr_price&filter[tourOperator]=0&filter[childAge][1]=20201210","https://fly.pl/cdn/photo/assets/uploads/582/278/2014/09/True-Beach-Resort.jpg","https://fly.pl/wycieczka/egipt,marsa-alam,c/laguna-beach-marsa-alam/p4y-i4PiD3KFshS40So2F6AAogJJU9OfTw6aO_XPL_KvITigAAAABxpwQAkKcEAAcAAQAqBFdFWlkw9oXg0AZItj9QQVi_A2ADaglFbnRlciBBaXJyQ54BHwAcAQIAFgQXAhLtAxX0AxifAxOiAhTTBEClbxHBa0_1KkwAULEvSwAd6YcQIB8bwOhjDbiW3ggBEmMBDGMBAgUrFSjO/?operator=WEZY&adults=2&children=2020-12-10&nsv=1&objectId=80499&transport=accommodation_flight&departureDate=2026-06-16&returnDate=2026-06-23&departureLocation=Warszawa+-+Modlin%2CWarszawa+-+Radom%2CWarszawa&opt=delta&catering=all_inclusive"
"Jaz Lamaya Resort (ex Iberotel)","8149.0","16.06.2026 - 23.06.2026","8 dni","","Warszawa%20-%20Modlin","2026-05-28T08:56:54.618129+00:00","https://fly.pl/szukaj-wycieczek/?filter[dest]=11:&filter[hotelids]=&filter[cityids]=0&filter[cregids]=&filter[ofrType]=&filter[addObjType]=&filter[whenFrom]=28-05-2026&filter[whenTo]=30-06-2026&filter[duration]=7:10&filter[from]=Warszawa%20-%20Modlin,Warszawa%20-%20Radom,Warszawa&filter[person]=2&filter[child]=1&filter[price]=4766:9000&filter[PriceFrom]=4766&filter[PriceTo]=9000&filter[addCategory]=50&filter[addCatering]=1&filter[addMisc]=0&filter[addTransport]=F&filter[fp]=1&order_by=ofr_price&filter[tourOperator]=0&filter[childAge][1]=20201210","https://fly.pl/cdn/photo/assets/uploads/582/278/2014/09/jaz-lamaya.jpg","https://fly.pl/wycieczka/egipt,marsa-alam,madinat-coraya/iberotel-lamaya-resort/pi3PYGoOAumGWq1t2Rm4wyAAogdWjEy2Gd5pWaL03cQhqnEwAAAABxpwQAkKcEAAcAAQAqBFdFWlkw9oXg0AZI1T9QQVi_A2ADaglFbnRlciBBaXJyQp4BHwAcAQIAFgQXAhEHEuYDFfQDGJ8DE6ICFNMEQKVvT7aWAUwAULEvSwAd6YcQIB8bwQkNt_XBCQESYwENYwEDDLnVv6I/?operator=WEZY&adults=2&children=2020-12-10&nsv=1&objectId=4031&transport=accommodation_flight&departureDate=2026-06-16&returnDate=2026-06-23&departureLocation=Warszawa+-+Modlin%2CWarszawa+-+Radom%2CWarszawa&opt=delta&catering=all_inclusive"
"Cooee Prima Life Makadi Bay","8157.0","11.06.2026 - 18.06.2026","8 dni","","Warszawa%20-%20Modlin","2026-05-28T08:56:54.744619+00:00","https://fly.pl/szukaj-wycieczek/?filter[dest]=11:&filter[hotelids]=&filter[cityids]=0&filter[cregids]=&filter[ofrType]=&filter[addObjType]=&filter[whenFrom]=28-05-2026&filter[whenTo]=30-06-2026&filter[duration]=7:10&filter[from]=Warszawa%20-%20Modlin,Warszawa%20-%20Radom,Warszawa&filter[person]=2&filter[child]=1&filter[price]=4766:9000&filter[PriceFrom]=4766&filter[PriceTo]=9000&filter[addCategory]=50&filter[addCatering]=1&filter[addMisc]=0&filter[addTransport]=F&filter[fp]=1&order_by=ofr_price&filter[tourOperator]=0&filter[childAge][1]=20201210","https://fly.pl/cdn/photo/assets/uploads/582/278/2014/12/Prima-Life-Makadi-Resort.jpg","https://fly.pl/wycieczka/egipt,hurghada,c/prima-life-makadi-bay/pIdMrr9clnkf_qm870YzexAAogl2VR4mFOtzHE1v3xKwxgXKzL7gFY-vG_pdvPW-AxFXcqBFZJVFgw9oXg0AZI3T9QQVjHAmACckAaABUHFwBcA1gFQI8DW7-DAVOPLVIAXq9PS-1DYQBM36o5DZzcmAkgAFGLudr7jwFPk88SXZCE8_N1Ag9jAQIO1ui7Ew/ofertasv/?filter[tourOperator]=VITX&filter%5Bperson%5D=2&filter%5BchildAge%5D%5B1%5D=20201210&filter%5Bchild%5D=1"
"V Hotel Sharm","8171.0","14.06.2026 - 21.06.2026","8 dni","","Warszawa%20-%20Modlin","2026-05-28T08:56:54.869112+00:00","https://fly.pl/szukaj-wycieczek/?filter[dest]=11:&filter[hotelids]=&filter[cityids]=0&filter[cregids]=&filter[ofrType]=&filter[addObjType]=&filter[whenFrom]=28-05-2026&filter[whenTo]=30-06-2026&filter[duration]=7:10&filter[from]=Warszawa%20-%20Modlin,Warszawa%20-%20Radom,Warszawa&filter[person]=2&filter[child]=1&filter[price]=4766:9000&filter[PriceFrom]=4766&filter[PriceTo]=9000&filter[addCategory]=50&filter[addCatering]=1&filter[addMisc]=0&filter[addTransport]=F&filter[fp]=1&order_by=ofr_price&filter[tourOperator]=0&filter[childAge][1]=20201210","https://fly.pl/cdn/photo/assets/uploads/582/278/2017/08/Pyramisa-Beach-Resort.jpg","https://fly.pl/wycieczka/egipt,sharm-el-sheikh,szarm-el-szejk/dessole-pyramisa-egipt-sharm-el-sheikh-egipt/pYjGMQCQ7IlBrvsbGbwe1_AAogxxyOhOj0KQDysef8xStOzFxRsiItOkZcPLzNjjqE-S0qBEpPSU4w9oXg0AZI6z9QAViPA2ACagJBSXIgHBG7HLkEhJECqwRyGLrTHxu5hAEBx42MrQECAGMBAgwv2rcb/ofertasv/?filter[tourOperator]=JOIN&filter%5Bperson%5D=2&filter%5BchildAge%5D%5B1%5D=20201210&filter%5Bchild%5D=1"
"Ancient Sands Golf Resort","8190.0","18.06.2026 - 25.06.2026","8 dni","","Warszawa%20-%20Modlin","2026-05-28T08:56:54.995549+00:00","https://fly.pl/szukaj-wycieczek/?filter[dest]=11:&filter[hotelids]=&filter[cityids]=0&filter[cregids]=&filter[ofrType]=&filter[addObjType]=&filter[whenFrom]=28-05-2026&filter[whenTo]=30-06-2026&filter[duration]=7:10&filter[from]=Warszawa%20-%20Modlin,Warszawa%20-%20Radom,Warszawa&filter[person]=2&filter[child]=1&filter[price]=4766:9000&filter[PriceFrom]=4766&filter[PriceTo]=9000&filter[addCategory]=50&filter[addCatering]=1&filter[addMisc]=0&filter[addTransport]=F&filter[fp]=1&order_by=ofr_price&filter[tourOperator]=0&filter[childAge][1]=20201210","https://fly.pl/cdn/photo/assets/uploads/582/278/2019/05/Ancient-Sands-Golf-Resort.jpg","https://fly.pl/wycieczka/egipt,hurghada,al-dzuna/ancient-sands-el-gouna/pxAEARBr6t7PWqr-wq0fo-AAogOKRy10QYgWXTirqo4cHeTnHyXWYemBt1fyOhzbp9ElEqBE9SRVgw9oXg0AZI_j9QQVjvA2ACagVZLjIuMXI1mwEVBxcAXANYBVYCEQVAxQZd0w5PJFOangFSAF6vT0uBEmEATNG-OiCd-pcJDQACEmMBAgyKZXvi/?operator=OREX&adults=2&children=2020-12-10&nsv=1&objectId=196114&transport=accommodation_flight&departureDate=2026-06-18&returnDate=2026-06-25&departureLocation=Warszawa+-+Modlin%2CWarszawa+-+Radom%2CWarszawa&opt=delta&catering=all_inclusive"
"Hilton Plaza (Hurghada)","8214.0","09.06.2026 - 16.06.2026","8 dni","","Warszawa%20-%20Modlin","2026-05-28T08:56:55.122445+00:00","https://fly.pl/szukaj-wycieczek/?filter[dest]=11:&filter[hotelids]=&filter[cityids]=0&filter[cregids]=&filter[ofrType]=&filter[addObjType]=&filter[whenFrom]=28-05-2026&filter[whenTo]=30-06-2026&filter[duration]=7:10&filter[from]=Warszawa%20-%20Modlin,Warszawa%20-%20Radom,Warszawa&filter[person]=2&filter[child]=1&filter[price]=4766:9000&filter[PriceFrom]=4766&filter[PriceTo]=9000&filter[addCategory]=50&filter[addCatering]=1&filter[addMisc]=0&filter[addTransport]=F&filter[fp]=1&order_by=ofr_price&filter[tourOperator]=0&filter[childAge][1]=20201210","https://fly.pl/cdn/photo/assets/uploads/582/278/2014/10/Hilton-Plaza.jpg","https://fly.pl/wycieczka/egipt,hurghada,c/hilton-plaza-hurghada/pRqFNcSdXrKDBmotHOyGDsAAogwsRsLomd6rg1KIx4E2XJoeA1VenNBQF7XO4_J7SyQn0qBEpPSU4w9oXg0AZIlkBQAViXAmACagJBSXIgHBHUGrkEgcgCqwQ-G5SqJBj13gEBvaqQlAECAGMBAgso1VV-/ofertasv/?filter[tourOperator]=JOIN&filter%5Bperson%5D=2&filter%5BchildAge%5D%5B1%5D=20201210&filter%5Bchild%5D=1"
"Caesar Bay Resort","8231.0","03.06.2026 - 10.06.2026","8 dni","","Warszawa%20-%20Modlin","2026-05-28T08:56:55.247598+00:00","https://fly.pl/szukaj-wycieczek/?filter[dest]=11:&filter[hotelids]=&filter[cityids]=0&filter[cregids]=&filter[ofrType]=&filter[addObjType]=&filter[whenFrom]=28-05-2026&filter[whenTo]=30-06-2026&filter[duration]=7:10&filter[from]=Warszawa%20-%20Modlin,Warszawa%20-%20Radom,Warszawa&filter[person]=2&filter[child]=1&filter[price]=4766:9000&filter[PriceFrom]=4766&filter[PriceTo]=9000&filter[addCategory]=50&filter[addCatering]=1&filter[addMisc]=0&filter[addTransport]=F&filter[fp]=1&order_by=ofr_price&filter[tourOperator]=0&filter[childAge][1]=20201210","https://fly.pl/cdn/photo/assets/uploads/582/278/2024/07/caesar-bay-resort.jpg","https://fly.pl/wycieczka/egipt,aleksandria,c/caesar-bay-resort-13/pSI_wgDMc2yPJU66mUe-76AAogz3_10oDj_BXVC0tinbqpQrZ-ow71cELiM27MLZ5LpdoqBFZJVFgw9oXg0AZIp0BQQViHAWACckAaABUHFwBcA1gFQI8DU8mDAVIAW84BXuZ6S-1DYQBM4Ko5DZPcmAkgAFHf65nya0_H0jhd3PiA_ZkBAg5jAQINS5hgUQ/ofertasv/?filter[tourOperator]=VITX&filter%5Bperson%5D=2&filter%5BchildAge%5D%5B1%5D=20201210&filter%5Bchild%5D=1"
"Novotel Sharm Palm","8238.0","14.06.2026 - 21.06.2026","8 dni","","Warszawa%20-%20Modlin","2026-05-28T08:56:55.383488+00:00","https://fly.pl/szukaj-wycieczek/?filter[dest]=11:&filter[hotelids]=&filter[cityids]=0&filter[cregids]=&filter[ofrType]=&filter[addObjType]=&filter[whenFrom]=28-05-2026&filter[whenTo]=30-06-2026&filter[duration]=7:10&filter[from]=Warszawa%20-%20Modlin,Warszawa%20-%20Radom,Warszawa&filter[person]=2&filter[child]=1&filter[price]=4766:9000&filter[PriceFrom]=4766&filter[PriceTo]=9000&filter[addCategory]=50&filter[addCatering]=1&filter[addMisc]=0&filter[addTransport]=F&filter[fp]=1&order_by=ofr_price&filter[tourOperator]=0&filter[childAge][1]=20201210","https://fly.pl/cdn/photo/assets/uploads/582/278/2014/07/Novotel-Sharm-Palm.jpg","https://fly.pl/wycieczka/egipt,sharm-el-sheikh,c/novotel-sharm-palm/pPemhkd60JCz4kRVoTX9i7AAogNvwynb7NIorw-pVOI1TMdFxRsiItOkZcPLzNjjqE-S0qBEpPSU4w9oXg0AZIrkBQAViPA2ACagJBSXIgHBGfHLkEoJECqwRyG72jJhiisAIBitrLlQECAGMBAgwG9dPD/ofertasv/?filter[tourOperator]=JOIN&filter%5Bperson%5D=2&filter%5BchildAge%5D%5B1%5D=20201210&filter%5Bchild%5D=1"
"Dreams Vacation Sharm Resort","8267.0","23.06.2026 - 30.06.2026","8 dni","","Warszawa%20-%20Modlin","2026-05-28T08:56:55.512977+00:00","https://fly.pl/szukaj-wycieczek/?filter[dest]=11:&filter[hotelids]=&filter[cityids]=0&filter[cregids]=&filter[ofrType]=&filter[addObjType]=&filter[whenFrom]=28-05-2026&filter[whenTo]=30-06-2026&filter[duration]=7:10&filter[from]=Warszawa%20-%20Modlin,Warszawa%20-%20Radom,Warszawa&filter[person]=2&filter[child]=1&filter[price]=4766:9000&filter[PriceFrom]=4766&filter[PriceTo]=9000&filter[addCategory]=50&filter[addCatering]=1&filter[addMisc]=0&filter[addTransport]=F&filter[fp]=1&order_by=ofr_price&filter[tourOperator]=0&filter[childAge][1]=20201210","https://fly.pl/cdn/photo/assets/uploads/582/278/2014/07/Dreams-Vacation-fly-pl.jpg","https://fly.pl/wycieczka/egipt,sharm-el-sheikh,szarm-el-szejk/dreams-vacation/papS81aed6pabXDqdRv2i-AAogF5_sMG2MTXoXa6YjBlH1PfGG0OCIoMcgOu1OKXgfUy8qBEVYSU0w9oXg0AZIy0BQAVjnBGACagJBSXIhHBGcuwa5BJSFPqsEGxu6ijAY6_c2AbvC75QJAgBjAQILxgrYgg/ofertasv/?filter[tourOperator]=EXIM&filter%5Bperson%5D=2&filter%5BchildAge%5D%5B1%5D=20201210&filter%5Bchild%5D=1"
"Reef Oasis Blue Bay Resort","8291.0","02.06.2026 - 10.06.2026","9 dni","","Warszawa%20-%20Modlin","2026-05-28T08:56:55.643611+00:00","https://fly.pl/szukaj-wycieczek/?filter[dest]=11:&filter[hotelids]=&filter[cityids]=0&filter[cregids]=&filter[ofrType]=&filter[addObjType]=&filter[whenFrom]=28-05-2026&filter[whenTo]=30-06-2026&filter[duration]=7:10&filter[from]=Warszawa%20-%20Modlin,Warszawa%20-%20Radom,Warszawa&filter[person]=2&filter[child]=1&filter[price]=4766:9000&filter[PriceFrom]=4766&filter[PriceTo]=9000&filter[addCategory]=50&filter[addCatering]=1&filter[addMisc]=0&filter[addTransport]=F&filter[fp]=1&order_by=ofr_price&filter[tourOperator]=0&filter[childAge][1]=20201210","https://fly.pl/cdn/photo/assets/uploads/582/278/2014/07/Reef-Oasis-Blue-Bay.jpg","https://fly.pl/wycieczka/egipt,sharm-el-sheikh,c/reef-oasis-blue-bay-resort/pzBfcUmhOkd13wBRlgnt_KAAogbRThRk06DeGjPNrTHyU3eWKYTWXIbHl7jtD9z0P4iRwqBFZJVFgw9oXg0AZI40BQQVhvYAJyQBoAFQcXAFwDWAVAjwNb84QBXop7UqYgUwBLxyNhAEyflzwN0--VCSABUbyI_rLpAU_q6RZdhM7qvBwCDGMBAgvkX1bS/ofertasv/?filter[tourOperator]=VITX&filter%5Bperson%5D=2&filter%5BchildAge%5D%5B1%5D=20201210&filter%5Bchild%5D=1"
"Pickalbatros Royal Moderna","8291.0","16.06.2026 - 24.06.2026","9 dni","","Warszawa%20-%20Modlin","2026-05-28T08:56:55.777923+00:00","https://fly.pl/szukaj-wycieczek/?filter[dest]=11:&filter[hotelids]=&filter[cityids]=0&filter[cregids]=&filter[ofrType]=&filter[addObjType]=&filter[whenFrom]=28-05-2026&filter[whenTo]=30-06-2026&filter[duration]=7:10&filter[from]=Warszawa%20-%20Modlin,Warszawa%20-%20Radom,Warszawa&filter[person]=2&filter[child]=1&filter[price]=4766:9000&filter[PriceFrom]=4766&filter[PriceTo]=9000&filter[addCategory]=50&filter[addCatering]=1&filter[addMisc]=0&filter[addTransport]=F&filter[fp]=1&order_by=ofr_price&filter[tourOperator]=0&filter[childAge][1]=20201210","https://fly.pl/cdn/photo/assets/uploads/582/278/2009/08/Royal-Albatros-Moderna1708.jpg","https://fly.pl/wycieczka/egipt,sharm-el-sheikh,c/royal-albatros-moderna/pNkLsyAuUDzv3Q2TzI3vTQAAogYl4hEtjsEdt9o6_4v2pVudxTDBJnNRAzjNMqJxIrnnAqBFZJVFgw9oXg0AZI40BQQVi_A2ACckAaABUHFwBcA1gFQI8DW7-DAV6-fFKmIFMAS8cjYQBM36o5DaHcmAkgAVHn3oez6QFPsZMNXYTO6rwcAg1jAQIMTZNHCw/ofertasv/?filter[tourOperator]=VITX&filter%5Bperson%5D=2&filter%5BchildAge%5D%5B1%5D=20201210&filter%5Bchild%5D=1"
"Cleopatra Luxury Resort","8298.0","14.06.2026 - 21.06.2026","8 dni","","Warszawa%20-%20Modlin","2026-05-28T08:56:55.910048+00:00","https://fly.pl/szukaj-wycieczek/?filter[dest]=11:&filter[hotelids]=&filter[cityids]=0&filter[cregids]=&filter[ofrType]=&filter[addObjType]=&filter[whenFrom]=28-05-2026&filter[whenTo]=30-06-2026&filter[duration]=7:10&filter[from]=Warszawa%20-%20Modlin,Warszawa%20-%20Radom,Warszawa&filter[person]=2&filter[child]=1&filter[price]=4766:9000&filter[PriceFrom]=4766&filter[PriceTo]=9000&filter[addCategory]=50&filter[addCatering]=1&filter[addMisc]=0&filter[addTransport]=F&filter[fp]=1&order_by=ofr_price&filter[tourOperator]=0&filter[childAge][1]=20201210","https://fly.pl/cdn/photo/assets/uploads/582/278/2014/07/58ae3c6b287eb1e74191c52d1e07af6ad3ddd609476a5d59c69f95f8f8409586.jpg","https://fly.pl/wycieczka/egipt,sharm-el-sheikh,nabq-bay/the-cleopatra-luxury-resort-collection/pR-9xEVnrAWKh31Fso0qXPAAogsf-4NyEaoPoCJaa7XAN8c1xRsiItOkZcPLzNjjqE-S0qBEpPSU4w9oXg0AZI6kBQAViPA2ACagJBSXIgHBGUGrkEq5MCqwRyGPDAHxucrgEB38yArQECAGMBAgurMSns/ofertasv/?filter[tourOperator]=JOIN&filter%5Bperson%5D=2&filter%5BchildAge%5D%5B1%5D=20201210&filter%5Bchild%5D=1"
"Pickalbatros Sands Port Ghalib (ex. Red Sea Siva Sands)","8317.0","06.06.2026 - 13.06.2026","8 dni","","Warszawa%20-%20Modlin","2026-05-28T08:56:56.044814+00:00","https://fly.pl/szukaj-wycieczek/?filter[dest]=11:&filter[hotelids]=&filter[cityids]=0&filter[cregids]=&filter[ofrType]=&filter[addObjType]=&filter[whenFrom]=28-05-2026&filter[whenTo]=30-06-2026&filter[duration]=7:10&filter[from]=Warszawa%20-%20Modlin,Warszawa%20-%20Radom,Warszawa&filter[person]=2&filter[child]=1&filter[price]=4766:9000&filter[PriceFrom]=4766&filter[PriceTo]=9000&filter[addCategory]=50&filter[addCatering]=1&filter[addMisc]=0&filter[addTransport]=F&filter[fp]=1&order_by=ofr_price&filter[tourOperator]=0&filter[childAge][1]=20201210","https://fly.pl/cdn/photo/assets/uploads/582/278/2014/07/PICKALBATROS-SANDS-PORT-GHALIB.jpg","https://fly.pl/wycieczka/egipt,marsa-alam,port-ghalib/crowne-plaza-sahara-sands-resort/pCEMZv8ZEesacVS18jdHfSAAog6c0XpLNIjULCVa0LAL1XtwAAAADohQQABYYEAAcAAQAqBFdFWlkw9oXg0AZI_UBQQVjPAWADaglFbnRlciBBaXJyQp4BHwAcAQIAFgQXAhEDEuoDFYMEGJADExQU4gRApHFPtpYBTABQsS9LABvlqwId-5gNIB0N-cHCCQESYwENYwECDONDj8c/?operator=WEZY&adults=2&children=2020-12-10&nsv=1&objectId=85101&transport=accommodation_flight&departureDate=2026-06-06&returnDate=2026-06-13&departureLocation=Warszawa+-+Modlin%2CWarszawa+-+Radom%2CWarszawa&opt=delta&catering=all_inclusive"
"Naama Bay Promenade Beach Resort","8337.0","06.06.2026 - 13.06.2026","8 dni","","Warszawa%20-%20Modlin","2026-05-28T08:56:56.173561+00:00","https://fly.pl/szukaj-wycieczek/?filter[dest]=11:&filter[hotelids]=&filter[cityids]=0&filter[cregids]=&filter[ofrType]=&filter[addObjType]=&filter[whenFrom]=28-05-2026&filter[whenTo]=30-06-2026&filter[duration]=7:10&filter[from]=Warszawa%20-%20Modlin,Warszawa%20-%20Radom,Warszawa&filter[person]=2&filter[child]=1&filter[price]=4766:9000&filter[PriceFrom]=4766&filter[PriceTo]=9000&filter[addCategory]=50&filter[addCatering]=1&filter[addMisc]=0&filter[addTransport]=F&filter[fp]=1&order_by=ofr_price&filter[tourOperator]=0&filter[childAge][1]=20201210","https://fly.pl/cdn/photo/assets/uploads/582/278/2021/07/Naama-Bay-Promenade-Beach-Resort.jpg","https://fly.pl/wycieczka/egipt,sharm-el-sheikh,szarm-el-szejk/naama-bay-promenade-beach-resort-10/pT0My_yn4LeZ6Pi0YPPCsGAAogbGCu8FFnwu9O1T0yjskb1gAAAACHhAQApIQEAAcAEgAqBFdFWlkw9oXg0AZIkUFQQVjPAWADaglFbnRlciBBaXJqBDA4MDByQ54BlQEfAAIBHAAWBBcCEu0DGIUFE80BFMkEEcoPQMhiTKCiAU8AS8cjUAAbuNQDHcftCyAdDdrEwgkBEmMBDGMBAgWJm-pZ/?operator=WEZY&adults=2&children=2020-12-10&nsv=1&objectId=215551&transport=accommodation_flight&departureDate=2026-06-06&returnDate=2026-06-13&departureLocation=Warszawa+-+Modlin%2CWarszawa+-+Radom%2CWarszawa&opt=delta&catering=all_inclusive"
"Amarina Queen Resort","5540.0","06.06.2026 - 13.06.2026","8 dni","","Warszawa%20-%20Modlin","2026-05-28T08:55:45.738511+00:00","https://fly.pl/szukaj-wycieczek/?filter[dest]=11:&filter[hotelids]=&filter[cityids]=0&filter[cregids]=&filter[ofrType]=&filter[addObjType]=&filter[whenFrom]=28-05-2026&filter[whenTo]=30-06-2026&filter[duration]=7:10&filter[from]=Warszawa%20-%20Modlin,Warszawa%20-%20Radom,Warszawa&filter[person]=2&filter[child]=1&filter[price]=4766:9000&filter[PriceFrom]=4766&filter[PriceTo]=9000&filter[addCategory]=50&filter[addCatering]=1&filter[addMisc]=0&filter[addTransport]=F&filter[fp]=1&order_by=ofr_price&filter[tourOperator]=0&filter[childAge][1]=20201210","https://fly.pl/cdn/photo/assets/uploads/582/278/2024/07/amarina-queen-resort.jpg","https://fly.pl/wycieczka/egipt,marsa-alam,c/amarina-queen-resort-12/phBUMpFMXIrJtZAPx-2KzyAAoguGpm1udahtSKGC-ZJV51386zZeaUJTWOHJXV4JjwaLAqBE9SRVgwy4Pg0AZIpCtQQVjPAWACagZESS4yLjFyNpsBFQcXAFwDWAVWAkDKBhGAFF2DEE8kXpnYAVO8FFIAS7EvYQBM5Yw6IJH6lwkNAAISYwECDGdJa4A/?operator=OREX&adults=2&children=2020-12-10&nsv=1&objectId=225253&transport=accommodation_flight&departureDate=2026-06-06&returnDate=2026-06-13&departureLocation=Warszawa+-+Modlin%2CWarszawa+-+Radom%2CWarszawa&opt=delta&catering=all_inclusive"
"Amarina Queen Resort","5540.0","06.06.2026 - 13.06.2026","8 dni","","Warszawa%20-%20Modlin","2026-05-28T08:55:45.808002+00:00","https://fly.pl/szukaj-wycieczek/?filter[dest]=11:&filter[hotelids]=&filter[cityids]=0&filter[cregids]=&filter[ofrType]=&filter[addObjType]=&filter[whenFrom]=28-05-2026&filter[whenTo]=30-06-2026&filter[duration]=7:10&filter[from]=Warszawa%20-%20Modlin,Warszawa%20-%20Radom,Warszawa&filter[person]=2&filter[child]=1&filter[price]=4766:9000&filter[PriceFrom]=4766&filter[PriceTo]=9000&filter[addCategory]=50&filter[addCatering]=1&filter[addMisc]=0&filter[addTransport]=F&filter[fp]=1&order_by=ofr_price&filter[tourOperator]=0&filter[childAge][1]=20201210","https://fly.pl/cdn/photo/assets/uploads/582/278/2024/07/amarina-queen-resort.jpg","https://fly.pl/wycieczka/egipt,marsa-alam,c/amarina-queen-resort-12/phBUMpFMXIrJtZAPx-2KzyAAoguGpm1udahtSKGC-ZJV51386zZeaUJTWOHJXV4JjwaLAqBE9SRVgwy4Pg0AZIpCtQQVjPAWACagZESS4yLjFyNpsBFQcXAFwDWAVWAkDKBhGAFF2DEE8kXpnYAVO8FFIAS7EvYQBM5Yw6IJH6lwkNAAISYwECDGdJa4A/?operator=OREX&adults=2&children=2020-12-10&nsv=1&objectId=225253&transport=accommodation_flight&departureDate=2026-06-06&returnDate=2026-06-13&departureLocation=Warszawa+-+Modlin%2CWarszawa+-+Radom%2CWarszawa&opt=delta&catering=all_inclusive"
"Dream Lagoon & Aqua Park Resort (ex. Floriana Dream Lagoon)","5643.0","06.06.2026 - 13.06.2026","8 dni","","Warszawa%20-%20Modlin","2026-05-28T08:55:45.949402+00:00","https://fly.pl/szukaj-wycieczek/?filter[dest]=11:&filter[hotelids]=&filter[cityids]=0&filter[cregids]=&filter[ofrType]=&filter[addObjType]=&filter[whenFrom]=28-05-2026&filter[whenTo]=30-06-2026&filter[duration]=7:10&filter[from]=Warszawa%20-%20Modlin,Warszawa%20-%20Radom,Warszawa&filter[person]=2&filter[child]=1&filter[price]=4766:9000&filter[PriceFrom]=4766&filter[PriceTo]=9000&filter[addCategory]=50&filter[addCatering]=1&filter[addMisc]=0&filter[addTransport]=F&filter[fp]=1&order_by=ofr_price&filter[tourOperator]=0&filter[childAge][1]=20201210","https://fly.pl/cdn/photo/assets/uploads/582/278/2015/11/Future-Dream-Lagoon-ex.-Floriana-Dream-Lagoon-fly-pl.jpg","https://fly.pl/wycieczka/egipt,marsa-alam,c/floriana-dream-lagoon/pFsFK3RY4-NdZDFCWO0hhoAAogCBBrYiyNM3YbPxv6UmQ9NM6zZeaUJTWOHJXV4JjwaLAqBE9SRVgwy4Pg0AZIiyxQQVjPAWACagYwWi4yLjFyNpsBFQcXAFwDWAVWAkDKBhHfDl2kFU8kXpnYAVO8FFIAS7EvYQBM5Yw6IJH6lwkNAAISYwECDSWHwbo/?operator=OREX&adults=2&children=2020-12-10&nsv=1&objectId=30943&transport=accommodation_flight&departureDate=2026-06-06&returnDate=2026-06-13&departureLocation=Warszawa+-+Modlin%2CWarszawa+-+Radom%2CWarszawa&opt=delta&catering=all_inclusive"
"Parrotel Lagoon Resort","5690.0","14.06.2026 - 21.06.2026","8 dni","","Warszawa%20-%20Modlin","2026-05-28T08:55:46.108412+00:00","https://fly.pl/szukaj-wycieczek/?filter[dest]=11:&filter[hotelids]=&filter[cityids]=0&filter[cregids]=&filter[ofrType]=&filter[addObjType]=&filter[whenFrom]=28-05-2026&filter[whenTo]=30-06-2026&filter[duration]=7:10&filter[from]=Warszawa%20-%20Modlin,Warszawa%20-%20Radom,Warszawa&filter[person]=2&filter[child]=1&filter[price]=4766:9000&filter[PriceFrom]=4766&filter[PriceTo]=9000&filter[addCategory]=50&filter[addCatering]=1&filter[addMisc]=0&filter[addTransport]=F&filter[fp]=1&order_by=ofr_price&filter[tourOperator]=0&filter[childAge][1]=20201210","https://fly.pl/cdn/photo/assets/uploads/582/278/2020/10/Parrotel-Lagoon-Resort.jpg","https://fly.pl/wycieczka/egipt,sharm-el-sheikh,szarm-el-szejk/parrotel-lagoon-resort-14/pbN5NY_VP2Y-5qMJTfXZB_AAogNH5LSEH1__C2ZV5kjcNQeFxRsiItOkZcPLzNjjqE-S0qBEpPSU4wy4Pg0AZIuixQAViPA2ACagJBSXIfHBGxHLkEjpECqwRyG_jbIxjJpQEBzvGrewIAYwECDZNKhbo/ofertasv/?filter[tourOperator]=JOIN&filter%5Bperson%5D=2&filter%5BchildAge%5D%5B1%5D=20201210&filter%5Bchild%5D=1"
"Amarina Jannah Resort Aquapark","5828.0","06.06.2026 - 13.06.2026","8 dni","","Warszawa%20-%20Modlin","2026-05-28T08:55:46.260973+00:00","https://fly.pl/szukaj-wycieczek/?filter[dest]=11:&filter[hotelids]=&filter[cityids]=0&filter[cregids]=&filter[ofrType]=&filter[addObjType]=&filter[whenFrom]=28-05-2026&filter[whenTo]=30-06-2026&filter[duration]=7:10&filter[from]=Warszawa%20-%20Modlin,Warszawa%20-%20Radom,Warszawa&filter[person]=2&filter[child]=1&filter[price]=4766:9000&filter[PriceFrom]=4766&filter[PriceTo]=9000&filter[addCategory]=50&filter[addCatering]=1&filter[addMisc]=0&filter[addTransport]=F&filter[fp]=1&order_by=ofr_price&filter[tourOperator]=0&filter[childAge][1]=20201210","https://fly.pl/cdn/photo/assets/uploads/582/278/2023/04/Amarina-Jannah-Resort-Aquapark.jpg","https://fly.pl/wycieczka/egipt,marsa-alam,port-ghalib/amarina-jannah-resort-aquapark-15/pxBpXmeQGKUio6abzhq9XSAAog2zqJQW51OeGuzlnsPMbZ-M6zZeaUJTWOHJXV4JjwaLAqBE9SRVgwy4Pg0AZIxC1QQVjPAWACagZETy4yLjFyNpsBFQcXAFwDWAVWAkDKBhH5FF2KD08kXpnYAVO8FFIAS7EvYQBM5Yw6IJH6lwkNAAISYwECDBZMNSQ/?operator=OREX&adults=2&children=2020-12-10&nsv=1&objectId=224141&transport=accommodation_flight&departureDate=2026-06-06&returnDate=2026-06-13&departureLocation=Warszawa+-+Modlin%2CWarszawa+-+Radom%2CWarszawa&opt=delta&catering=all_inclusive"
"Royal Brayka Beach Resort (ex Zee Brayka)","5898.0","06.06.2026 - 13.06.2026","8 dni","","Warszawa%20-%20Modlin","2026-05-28T08:55:46.400488+00:00","https://fly.pl/szukaj-wycieczek/?filter[dest]=11:&filter[hotelids]=&filter[cityids]=0&filter[cregids]=&filter[ofrType]=&filter[addObjType]=&filter[whenFrom]=28-05-2026&filter[whenTo]=30-06-2026&filter[duration]=7:10&filter[from]=Warszawa%20-%20Modlin,Warszawa%20-%20Radom,Warszawa&filter[person]=2&filter[child]=1&filter[price]=4766:9000&filter[PriceFrom]=4766&filter[PriceTo]=9000&filter[addCategory]=50&filter[addCatering]=1&filter[addMisc]=0&filter[addTransport]=F&filter[fp]=1&order_by=ofr_price&filter[tourOperator]=0&filter[childAge][1]=20201210","https://fly.pl/cdn/photo/assets/uploads/582/278/2014/07/Royal-Brayka-Resort.jpg","https://fly.pl/wycieczka/egipt,marsa-alam,c/royal-brayka-resort/phRBfghS6AR-6wPMD5hOL_AAogdMa3WKIs4Zf7v7qDubdf6hdj7gtn7bkxRJ6mk9Br-vwqBFZJVFgwy4Pg0AZIii5QQVjPAWACckAaABUHFwBcA1gFQI8DW7-DAV6-fFK8FFMAS7EvYQBM36o5DZfcmAkgAFGUjr_23wFPj5ANXZz4r_klAg5jAQINWWRgTw/ofertasv/?filter[tourOperator]=VITX&filter%5Bperson%5D=2&filter%5BchildAge%5D%5B1%5D=20201210&filter%5Bchild%5D=1"
"Casa Mare Resort (ex. Royal Tulip Beach Resort)","5898.0","06.06.2026 - 13.06.2026","8 dni","","Warszawa%20-%20Modlin","2026-05-28T08:55:46.540403+00:00","https://fly.pl/szukaj-wycieczek/?filter[dest]=11:&filter[hotelids]=&filter[cityids]=0&filter[cregids]=&filter[ofrType]=&filter[addObjType]=&filter[whenFrom]=28-05-2026&filter[whenTo]=30-06-2026&filter[duration]=7:10&filter[from]=Warszawa%20-%20Modlin,Warszawa%20-%20Radom,Warszawa&filter[person]=2&filter[child]=1&filter[price]=4766:9000&filter[PriceFrom]=4766&filter[PriceTo]=9000&filter[addCategory]=50&filter[addCatering]=1&filter[addMisc]=0&filter[addTransport]=F&filter[fp]=1&order_by=ofr_price&filter[tourOperator]=0&filter[childAge][1]=20201210","https://fly.pl/cdn/photo/assets/uploads/582/278/2015/12/Casa-Mare-Resort.jpg","https://fly.pl/wycieczka/egipt,marsa-alam,c/royal-tulip-beach-resort/pbjHPFbtsE6FWsOqh3E1_VAAogaw6YxUsiJarahpgFgjEWjRdj7gtn7bkxRJ6mk9Br-vwqBFZJVFgwy4Pg0AZIii5QQVjPAWACckAaABUHFwBcA1gFQI8DW5eFAV7melK8FFMAS7EvYQBMn5c8DdfvlQkgAFGxoMX23wFP8v0GXZz4r_klAg5jAQINU70Jgg/ofertasv/?filter[tourOperator]=VITX&filter%5Bperson%5D=2&filter%5BchildAge%5D%5B1%5D=20201210&filter%5Bchild%5D=1"
"Rewaya Inn Resort (ex. Hawaii Paradise Aqua Park Resort)","5990.0","02.06.2026 - 09.06.2026","8 dni","","Warszawa%20-%20Modlin","2026-05-28T08:55:46.677713+00:00","https://fly.pl/szukaj-wycieczek/?filter[dest]=11:&filter[hotelids]=&filter[cityids]=0&filter[cregids]=&filter[ofrType]=&filter[addObjType]=&filter[whenFrom]=28-05-2026&filter[whenTo]=30-06-2026&filter[duration]=7:10&filter[from]=Warszawa%20-%20Modlin,Warszawa%20-%20Radom,Warszawa&filter[person]=2&filter[child]=1&filter[price]=4766:9000&filter[PriceFrom]=4766&filter[PriceTo]=9000&filter[addCategory]=50&filter[addCatering]=1&filter[addMisc]=0&filter[addTransport]=F&filter[fp]=1&order_by=ofr_price&filter[tourOperator]=0&filter[childAge][1]=20201210","https://fly.pl/cdn/photo/assets/uploads/582/278/2020/09/Hawaii-Paradise-Aqua-Park-Resort.jpg","https://fly.pl/wycieczka/egipt,hurghada,c/hawaii-paradise-aqua-park-resort-14/pB1aY6TP2hgyWuKg_14YqIAAogP3s90nhlj76AD-_LpPk2E4P7TRBmZZ4ACnGqumCmf-YqBEpPSU4wy4Pg0AZI5i5QAVhvYAJqAkFJch8cEdEauQSo8wKrBBEYuvgeG7RxAca8h5QBAgBjAQIN7GRB2Q/ofertasv/?filter[tourOperator]=JOIN&filter%5Bperson%5D=2&filter%5BchildAge%5D%5B1%5D=20201210&filter%5Bchild%5D=1"
"Stella Gardens Resort & Spa (ex Stella Di Mare Gardens)","6131.0","16.06.2026 - 23.06.2026","8 dni","","Warszawa%20-%20Modlin","2026-05-28T08:55:46.819981+00:00","https://fly.pl/szukaj-wycieczek/?filter[dest]=11:&filter[hotelids]=&filter[cityids]=0&filter[cregids]=&filter[ofrType]=&filter[addObjType]=&filter[whenFrom]=28-05-2026&filter[whenTo]=30-06-2026&filter[duration]=7:10&filter[from]=Warszawa%20-%20Modlin,Warszawa%20-%20Radom,Warszawa&filter[person]=2&filter[child]=1&filter[price]=4766:9000&filter[PriceFrom]=4766&filter[PriceTo]=9000&filter[addCategory]=50&filter[addCatering]=1&filter[addMisc]=0&filter[addTransport]=F&filter[fp]=1&order_by=ofr_price&filter[tourOperator]=0&filter[childAge][1]=20201210","https://fly.pl/cdn/photo/assets/uploads/582/278/2014/10/Stella-Di-Mare-Gardens-Resort-Spa.jpg","https://fly.pl/wycieczka/egipt,hurghada,makadi-bay/stella-makadi-garden/pbz7S-CAqHt1RB84HZ5hNvAAogTEikdu3Az2nB80RUmh7gQMD2OpZO2AXm95eQ1wXSy3QqBEpPSU4wy4Pg0AZI8y9QAVi_A2ACagJBSXIfHBGIG7kEzscCqwQ-GP6tHxuZbQHZjraUAQIAYwECDafPiGw/ofertasv/?filter[tourOperator]=JOIN&filter%5Bperson%5D=2&filter%5BchildAge%5D%5B1%5D=20201210&filter%5Bchild%5D=1"
"AMC Royal Hotel & Spa (ex. AMC Azur Resort)","6169.0","11.06.2026 - 18.06.2026","8 dni","","Warszawa%20-%20Modlin","2026-05-28T08:55:46.956045+00:00","https://fly.pl/szukaj-wycieczek/?filter[dest]=11:&filter[hotelids]=&filter[cityids]=0&filter[cregids]=&filter[ofrType]=&filter[addObjType]=&filter[whenFrom]=28-05-2026&filter[whenTo]=30-06-2026&filter[duration]=7:10&filter[from]=Warszawa%20-%20Modlin,Warszawa%20-%20Radom,Warszawa&filter[person]=2&filter[child]=1&filter[price]=4766:9000&filter[PriceFrom]=4766&filter[PriceTo]=9000&filter[addCategory]=50&filter[addCatering]=1&filter[addMisc]=0&filter[addTransport]=F&filter[fp]=1&order_by=ofr_price&filter[tourOperator]=0&filter[childAge][1]=20201210","https://fly.pl/cdn/photo/assets/uploads/582/278/2014/07/AMC-Royal-Resort.jpg","https://fly.pl/wycieczka/egipt,hurghada,c/amc-royal-ex-amc-azur-resort/pK7LDdRSLerJL0W9o3y0MoAAog8ddAR1E5KhS85JGe_ccJWiRYyIS-iNWB2qo_7y_LlVQqBFJOQlcwy4Pg0AZImTBQAVjHAmACcgYCDGMBAgXlp9gy/ofertasv/?filter[tourOperator]=RNBW&filter%5Bperson%5D=2&filter%5BchildAge%5D%5B1%5D=20201210&filter%5Bchild%5D=1"
"IL Mercato Splash Aqua Park","6176.0","14.06.2026 - 21.06.2026","8 dni","","Warszawa%20-%20Modlin","2026-05-28T08:55:47.103240+00:00","https://fly.pl/szukaj-wycieczek/?filter[dest]=11:&filter[hotelids]=&filter[cityids]=0&filter[cregids]=&filter[ofrType]=&filter[addObjType]=&filter[whenFrom]=28-05-2026&filter[whenTo]=30-06-2026&filter[duration]=7:10&filter[from]=Warszawa%20-%20Modlin,Warszawa%20-%20Radom,Warszawa&filter[person]=2&filter[child]=1&filter[price]=4766:9000&filter[PriceFrom]=4766&filter[PriceTo]=9000&filter[addCategory]=50&filter[addCatering]=1&filter[addMisc]=0&filter[addTransport]=F&filter[fp]=1&order_by=ofr_price&filter[tourOperator]=0&filter[childAge][1]=20201210","https://fly.pl/cdn/photo/assets/uploads/582/278/2014/07/Il-Mercato-Hotel-Spa-Sharm-El-Sheikh.jpg","https://fly.pl/wycieczka/egipt,sharm-el-sheikh,c/iberotel-il-mercato/pn-Z2cJayYVR2am0dkwJ9zAAogfeC-O4J3InQstsTeD7WDuFxRsiItOkZcPLzNjjqE-S0qBEpPSU4wy4Pg0AZIoDBQAViPA2ACagJBSXIgHBHvG7kE0JECqwRyG4CyJhiDswIBgJGClwECAGMBAgvygTP-/ofertasv/?filter[tourOperator]=JOIN&filter%5Bperson%5D=2&filter%5BchildAge%5D%5B1%5D=20201210&filter%5Bchild%5D=1"
"Sea Star Beau Rivage","6214.0","09.06.2026 - 16.06.2026","8 dni","","Warszawa%20-%20Modlin","2026-05-28T08:55:47.290134+00:00","https://fly.pl/szukaj-wycieczek/?filter[dest]=11:&filter[hotelids]=&filter[cityids]=0&filter[cregids]=&filter[ofrType]=&filter[addObjType]=&filter[whenFrom]=28-05-2026&filter[whenTo]=30-06-2026&filter[duration]=7:10&filter[from]=Warszawa%20-%20Modlin,Warszawa%20-%20Radom,Warszawa&filter[person]=2&filter[child]=1&filter[price]=4766:9000&filter[PriceFrom]=4766&filter[PriceTo]=9000&filter[addCategory]=50&filter[addCatering]=1&filter[addMisc]=0&filter[addTransport]=F&filter[fp]=1&order_by=ofr_price&filter[tourOperator]=0&filter[childAge][1]=20201210","https://fly.pl/cdn/photo/assets/uploads/582/278/2014/07/Sea-Star-Beau-Rivage-fly-pl.jpg","https://fly.pl/wycieczka/egipt,hurghada,c/sea-star-beau-rivage/pxo8slBDZH5wCCBDd0a5WQAAogJfwJI-nCCvJRPq502ZNUoOA1VenNBQF7XO4_J7SyQn0qBEpPSU4wy4Pg0AZIxjBQAViXAmACagJBSXIfHBHrGrkE6scCqwQ-GPeqHxvJbAH95IWUAQIAYwECDIRNXWM/ofertasv/?filter[tourOperator]=JOIN&filter%5Bperson%5D=2&filter%5BchildAge%5D%5B1%5D=20201210&filter%5Bchild%5D=1"
"Sentido Akassia Beach (ex. LTI Akassia Beach)","6228.0","06.06.2026 - 13.06.2026","8 dni","","Warszawa%20-%20Modlin","2026-05-28T08:55:47.576103+00:00","https://fly.pl/szukaj-wycieczek/?filter[dest]=11:&filter[hotelids]=&filter[cityids]=0&filter[cregids]=&filter[ofrType]=&filter[addObjType]=&filter[whenFrom]=28-05-2026&filter[whenTo]=30-06-2026&filter[duration]=7:10&filter[from]=Warszawa%20-%20Modlin,Warszawa%20-%20Radom,Warszawa&filter[person]=2&filter[child]=1&filter[price]=4766:9000&filter[PriceFrom]=4766&filter[PriceTo]=9000&filter[addCategory]=50&filter[addCatering]=1&filter[addMisc]=0&filter[addTransport]=F&filter[fp]=1&order_by=ofr_price&filter[tourOperator]=0&filter[childAge][1]=20201210","https://fly.pl/cdn/photo/assets/uploads/582/278/2014/09/Sentido-Akassia-Beach.jpg","https://fly.pl/wycieczka/egipt,marsa-alam,c/lti-akassia-beach-2/pTiWehZGhLo3agTGqPmKW0AAogi1b5V9R0ubUc5EuM9N4FaM6zZeaUJTWOHJXV4JjwaLAqBE9SRVgwy4Pg0AZI1DBQQVjPAWACagYxUy4yLjFyNZsBFQcXAFwDWAVWAhEmQKQGXYMkTyRemdgBU7wUUgBLsS9hAEzljDogkfqXCQ0AAhJjAQINSrjjvg/?operator=OREX&adults=2&children=2020-12-10&nsv=1&objectId=576&transport=accommodation_flight&departureDate=2026-06-06&returnDate=2026-06-13&departureLocation=Warszawa+-+Modlin%2CWarszawa+-+Radom%2CWarszawa&opt=delta&catering=all_inclusive"
"Novotel Marsa Alam","6305.0","06.06.2026 - 13.06.2026","8 dni","","Warszawa%20-%20Modlin","2026-05-28T08:55:47.737562+00:00","https://fly.pl/szukaj-wycieczek/?filter[dest]=11:&filter[hotelids]=&filter[cityids]=0&filter[cregids]=&filter[ofrType]=&filter[addObjType]=&filter[whenFrom]=28-05-2026&filter[whenTo]=30-06-2026&filter[duration]=7:10&filter[from]=Warszawa%20-%20Modlin,Warszawa%20-%20Radom,Warszawa&filter[person]=2&filter[child]=1&filter[price]=4766:9000&filter[PriceFrom]=4766&filter[PriceTo]=9000&filter[addCategory]=50&filter[addCatering]=1&filter[addMisc]=0&filter[addTransport]=F&filter[fp]=1&order_by=ofr_price&filter[tourOperator]=0&filter[childAge][1]=20201210","https://fly.pl/cdn/photo/assets/uploads/582/278/2015/09/Novotel-Marsa-Alam.jpg","https://fly.pl/wycieczka/egipt,marsa-alam,c/novotel-marsa-alam/ppLLZNQpPCXVF-psBKuGezAAog9Eq_kXUAzHxGnYdCPd3O7M6zZeaUJTWOHJXV4JjwaLAqBE9SRVgwy4Pg0AZIoTFQQVjPAWACagZENi4yLjFyNZsBFQcXAFwDWAVWAhEsQJ4GXYMkTyRemdgBU7wUUgBLsS9hAEzljDogkfqXCQ0AAhJjAQILltlcYA/?operator=OREX&adults=2&children=2020-12-10&nsv=1&objectId=174947&transport=accommodation_flight&departureDate=2026-06-06&returnDate=2026-06-13&departureLocation=Warszawa+-+Modlin%2CWarszawa+-+Radom%2CWarszawa&opt=delta&catering=all_inclusive"
"Royal Lagoons Aqua (ex. Premium Blue)","6373.0","16.06.2026 - 23.06.2026","8 dni","","Warszawa%20-%20Modlin","2026-05-28T08:55:47.900139+00:00","https://fly.pl/szukaj-wycieczek/?filter[dest]=11:&filter[hotelids]=&filter[cityids]=0&filter[cregids]=&filter[ofrType]=&filter[addObjType]=&filter[whenFrom]=28-05-2026&filter[whenTo]=30-06-2026&filter[duration]=7:10&filter[from]=Warszawa%20-%20Modlin,Warszawa%20-%20Radom,Warszawa&filter[person]=2&filter[child]=1&filter[price]=4766:9000&filter[PriceFrom]=4766&filter[PriceTo]=9000&filter[addCategory]=50&filter[addCatering]=1&filter[addMisc]=0&filter[addTransport]=F&filter[fp]=1&order_by=ofr_price&filter[tourOperator]=0&filter[childAge][1]=20201210","https://fly.pl/cdn/photo/assets/uploads/582/278/2014/10/Royal-Lagoons-Aqua.jpg","https://fly.pl/wycieczka/egipt,hurghada,c/premium-blue-lagoon-ex-pyramisa-blue-lagoon/pc_k3zqzI7FVWW2IWFC0mHAAogdF9Li3x_sSiY8O-ZXblSB8D2OpZO2AXm95eQ1wXSy3QqBEpPSU4wy4Pg0AZI5TFQAVi_A2ACagJBSXIgHBHjGrkE88cCqwQ-G6GrIxiTogEB7ZeElAECAGMBAg29DfzJ/ofertasv/?filter[tourOperator]=JOIN&filter%5Bperson%5D=2&filter%5BchildAge%5D%5B1%5D=20201210&filter%5Bchild%5D=1"
"Swissotel Resort El Quseir","6413.0","06.06.2026 - 13.06.2026","8 dni","","Warszawa%20-%20Modlin","2026-05-28T08:55:48.105229+00:00","https://fly.pl/szukaj-wycieczek/?filter[dest]=11:&filter[hotelids]=&filter[cityids]=0&filter[cregids]=&filter[ofrType]=&filter[addObjType]=&filter[whenFrom]=28-05-2026&filter[whenTo]=30-06-2026&filter[duration]=7:10&filter[from]=Warszawa%20-%20Modlin,Warszawa%20-%20Radom,Warszawa&filter[person]=2&filter[child]=1&filter[price]=4766:9000&filter[PriceFrom]=4766&filter[PriceTo]=9000&filter[addCategory]=50&filter[addCatering]=1&filter[addMisc]=0&filter[addTransport]=F&filter[fp]=1&order_by=ofr_price&filter[tourOperator]=0&filter[childAge][1]=20201210","https://fly.pl/cdn/photo/assets/uploads/582/278/2015/02/RADISSON-BLU-m.jpg","https://fly.pl/wycieczka/egipt,marsa-alam,al-kusajr/radisson-blu-resort-el-quseir/pG1wPNnWB2jEXM87Gq9w9bAAogUznc4aYMLrrNJL1bvwg8nM6zZeaUJTWOHJXV4JjwaLAqBE9SRVgwy4Pg0AZIjTJQQVjPAWACagZESS4yLjFyNpsBFQcXAFwDWAVWAkDKBhHtFV2WDk8kXpnYAVO8FFIAS7EvYQBM5Yw6IJH6lwkNAAISYwECC9EXu4o/?operator=OREX&adults=2&children=2020-12-10&nsv=1&objectId=2892&transport=accommodation_flight&departureDate=2026-06-06&returnDate=2026-06-13&departureLocation=Warszawa+-+Modlin%2CWarszawa+-+Radom%2CWarszawa&opt=delta&catering=all_inclusive"
"Concorde Moreen Beach Resort & Spa","6426.0","06.06.2026 - 13.06.2026","8 dni","","Warszawa%20-%20Modlin","2026-05-28T08:55:48.495234+00:00","https://fly.pl/szukaj-wycieczek/?filter[dest]=11:&filter[hotelids]=&filter[cityids]=0&filter[cregids]=&filter[ofrType]=&filter[addObjType]=&filter[whenFrom]=28-05-2026&filter[whenTo]=30-06-2026&filter[duration]=7:10&filter[from]=Warszawa%20-%20Modlin,Warszawa%20-%20Radom,Warszawa&filter[person]=2&filter[child]=1&filter[price]=4766:9000&filter[PriceFrom]=4766&filter[PriceTo]=9000&filter[addCategory]=50&filter[addCatering]=1&filter[addMisc]=0&filter[addTransport]=F&filter[fp]=1&order_by=ofr_price&filter[tourOperator]=0&filter[childAge][1]=20201210","https://fly.pl/cdn/photo/assets/uploads/582/278/2014/07/Concorde-Moreen-Beach-Resort-Spa-fly-pl.jpg","https://fly.pl/wycieczka/egipt,marsa-alam,c/concorde-moreen-beach-spa-resort/pg_Gghig5-Y2NodmgQuiHpAAogRv_RICAUWApNhZrT6PeqL86zZeaUJTWOHJXV4JjwaLAqBE9SRVgwy4Pg0AZImjJQQVjPAWACagZESS4yLjFyNpsBFQcXAFwDWAVWAkDKBhHuDV2VFk8kXpnYAVO8FFIAS7EvYQBM5Yw6IJH6lwkNAAISYwECCxoBOoI/?operator=OREX&adults=2&children=2020-12-10&nsv=1&objectId=76703&transport=accommodation_flight&departureDate=2026-06-06&returnDate=2026-06-13&departureLocation=Warszawa+-+Modlin%2CWarszawa+-+Radom%2CWarszawa&opt=delta&catering=all_inclusive"
"Radisson Individuals Marina Port Ghalib (ex. Sunrise Marina Resort)","6467.0","02.06.2026 - 09.06.2026","8 dni","","Warszawa%20-%20Modlin","2026-05-28T08:55:48.676249+00:00","https://fly.pl/szukaj-wycieczek/?filter[dest]=11:&filter[hotelids]=&filter[cityids]=0&filter[cregids]=&filter[ofrType]=&filter[addObjType]=&filter[whenFrom]=28-05-2026&filter[whenTo]=30-06-2026&filter[duration]=7:10&filter[from]=Warszawa%20-%20Modlin,Warszawa%20-%20Radom,Warszawa&filter[person]=2&filter[child]=1&filter[price]=4766:9000&filter[PriceFrom]=4766&filter[PriceTo]=9000&filter[addCategory]=50&filter[addCatering]=1&filter[addMisc]=0&filter[addTransport]=F&filter[fp]=1&order_by=ofr_price&filter[tourOperator]=0&filter[childAge][1]=20201210","https://fly.pl/cdn/photo/assets/uploads/582/278/2015/04/RADISSON-INDIVIDUALS-MARINA.jpg","https://fly.pl/wycieczka/egipt,marsa-alam,port-ghalib/rehana-port-ghalib-resort/p4mpSmh6wECiIpiUjOmaJJAAogjA7KyAJgUN0HoWRg9R3ZlLJXrSJaeKJoSTk1OvOOZokqBFJOQlcwy4Pg0AZIwzJQAVhvYAJyBgIOYwECBSJYfl4/ofertasv/?filter[tourOperator]=RNBW&filter%5Bperson%5D=2&filter%5BchildAge%5D%5B1%5D=20201210&filter%5Bchild%5D=1"
"Movenpick Waterpark Resort & Spa Soma Bay","6534.0","18.06.2026 - 25.06.2026","8 dni","","Warszawa%20-%20Modlin","2026-05-28T08:55:48.798179+00:00","https://fly.pl/szukaj-wycieczek/?filter[dest]=11:&filter[hotelids]=&filter[cityids]=0&filter[cregids]=&filter[ofrType]=&filter[addObjType]=&filter[whenFrom]=28-05-2026&filter[whenTo]=30-06-2026&filter[duration]=7:10&filter[from]=Warszawa%20-%20Modlin,Warszawa%20-%20Radom,Warszawa&filter[person]=2&filter[child]=1&filter[price]=4766:9000&filter[PriceFrom]=4766&filter[PriceTo]=9000&filter[addCategory]=50&filter[addCatering]=1&filter[addMisc]=0&filter[addTransport]=F&filter[fp]=1&order_by=ofr_price&filter[tourOperator]=0&filter[childAge][1]=20201210","https://fly.pl/cdn/photo/assets/uploads/582/278/2009/02/Movenpick-Soma-Bay2539.jpg","https://fly.pl/wycieczka/egipt,hurghada,c/movenpick-soma-bay/pZCWXqnG7fFL8-ZBgxDNLOAAog1xC40B2Cc-pKOz-wGL-X53HyXWYemBt1fyOhzbp9ElEqBE9SRVgwy4Pg0AZIhjNQQVjvA2ACagdCSzQuMi4xcjWbARUHFwBcA1gFVgJAygYREl3BDk8kU5qeAVIAXq9PS4ESYQBM0b46IJ36lwkNAAISYwECC0bIBk4/?operator=OREX&adults=2&children=2020-12-10&nsv=1&objectId=118549&transport=accommodation_flight&departureDate=2026-06-18&returnDate=2026-06-25&departureLocation=Warszawa+-+Modlin%2CWarszawa+-+Radom%2CWarszawa&opt=delta&catering=all_inclusive"
"Bellagio Beach Resort & Spa (ex. Panorama Bungalows Hurghada)","6576.0","16.06.2026 - 23.06.2026","8 dni","","Warszawa%20-%20Modlin","2026-05-28T08:55:48.918370+00:00","https://fly.pl/szukaj-wycieczek/?filter[dest]=11:&filter[hotelids]=&filter[cityids]=0&filter[cregids]=&filter[ofrType]=&filter[addObjType]=&filter[whenFrom]=28-05-2026&filter[whenTo]=30-06-2026&filter[duration]=7:10&filter[from]=Warszawa%20-%20Modlin,Warszawa%20-%20Radom,Warszawa&filter[person]=2&filter[child]=1&filter[price]=4766:9000&filter[PriceFrom]=4766&filter[PriceTo]=9000&filter[addCategory]=50&filter[addCatering]=1&filter[addMisc]=0&filter[addTransport]=F&filter[fp]=1&order_by=ofr_price&filter[tourOperator]=0&filter[childAge][1]=20201210","https://fly.pl/cdn/photo/assets/uploads/582/278/2014/07/Bellagio-Beach-Resort-Spa.jpg","https://fly.pl/wycieczka/egipt,hurghada,c/panorama-bungalow-resort/pKmiLaCMlJBWWquTBHD4MUAAog931heYvkdcCmB5zE4atzHcD2OpZO2AXm95eQ1wXSy3QqBEpPSU4wy4Pg0AZIsDNQAVi_A2ACagJBSXIfHBGjGrkEs8gCqwQ-GM-gHxucfAGoroCUAQIAYwECDbU9VBE/ofertasv/?filter[tourOperator]=JOIN&filter%5Bperson%5D=2&filter%5BchildAge%5D%5B1%5D=20201210&filter%5Bchild%5D=1"
"Jaz Neo Naama Bay","6581.0","06.06.2026 - 13.06.2026","8 dni","","Warszawa%20-%20Modlin","2026-05-28T08:55:49.041850+00:00","https://fly.pl/szukaj-wycieczek/?filter[dest]=11:&filter[hotelids]=&filter[cityids]=0&filter[cregids]=&filter[ofrType]=&filter[addObjType]=&filter[whenFrom]=28-05-2026&filter[whenTo]=30-06-2026&filter[duration]=7:10&filter[from]=Warszawa%20-%20Modlin,Warszawa%20-%20Radom,Warszawa&filter[person]=2&filter[child]=1&filter[price]=4766:9000&filter[PriceFrom]=4766&filter[PriceTo]=9000&filter[addCategory]=50&filter[addCatering]=1&filter[addMisc]=0&filter[addTransport]=F&filter[fp]=1&order_by=ofr_price&filter[tourOperator]=0&filter[childAge][1]=20201210","https://fly.pl/cdn/photo/assets/uploads/582/278/2014/10/Sol-Y-Mar-Naama-Bay.jpg","https://fly.pl/wycieczka/egipt,sharm-el-sheikh,c/sol-y-mar-naama-bay/pVZTdw2aacwXLyfzRGFXRUAAoggym6YnPjYGJ5zhspmCUMOgAAAACHhAQApIQEAAcAEgAqBFdFWlkwy4Pg0AZItTNQQVjPAWADaglFbnRlciBBaXJqBDA4MDByQ54BlQEfAAIBHAAWBBcCEu0DGIUFE80BFMkEEbgPQNpiTKCiAU8AS8cjUAAb3_QJHaDNBSAdDdrEwgkBEmMBDWMBAwWWC46o/?operator=WEZY&adults=2&children=2020-12-10&nsv=1&objectId=7748&transport=accommodation_flight&departureDate=2026-06-06&returnDate=2026-06-13&departureLocation=Warszawa+-+Modlin%2CWarszawa+-+Radom%2CWarszawa&opt=delta&catering=all_inclusive"
"Safir Sharm Waterfalls Resort (ex Hilton Waterfalls Resort)","6600.0","14.06.2026 - 21.06.2026","8 dni","","Warszawa%20-%20Modlin","2026-05-28T08:55:49.211178+00:00","https://fly.pl/szukaj-wycieczek/?filter[dest]=11:&filter[hotelids]=&filter[cityids]=0&filter[cregids]=&filter[ofrType]=&filter[addObjType]=&filter[whenFrom]=28-05-2026&filter[whenTo]=30-06-2026&filter[duration]=7:10&filter[from]=Warszawa%20-%20Modlin,Warszawa%20-%20Radom,Warszawa&filter[person]=2&filter[child]=1&filter[price]=4766:9000&filter[PriceFrom]=4766&filter[PriceTo]=9000&filter[addCategory]=50&filter[addCatering]=1&filter[addMisc]=0&filter[addTransport]=F&filter[fp]=1&order_by=ofr_price&filter[tourOperator]=0&filter[childAge][1]=20201210","https://fly.pl/cdn/photo/assets/uploads/582/278/2014/07/Hilton-Sharm-Waterfalls-Resort-fly-pl-4.jpg","https://fly.pl/wycieczka/egipt,sharm-el-sheikh,c/hilton-sharm-waterfalls-resort/p-xtbmnEJA6Zn5YsY3-c-LAAog97eTKVdSTRr5LEszkBJyZFxRsiItOkZcPLzNjjqE-S0qBEpPSU4wy4Pg0AZIyDNQAViPA2ACagJBSXIgHBHZHLkE5pACqwRyGOjNHxuCoAEB78KFrQECAGMBAgsaHFLY/ofertasv/?filter[tourOperator]=JOIN&filter%5Bperson%5D=2&filter%5BchildAge%5D%5B1%5D=20201210&filter%5Bchild%5D=1"
"Stella Beach Resort & Spa","6615.0","16.06.2026 - 23.06.2026","8 dni","","Warszawa%20-%20Modlin","2026-05-28T08:55:49.335706+00:00","https://fly.pl/szukaj-wycieczek/?filter[dest]=11:&filter[hotelids]=&filter[cityids]=0&filter[cregids]=&filter[ofrType]=&filter[addObjType]=&filter[whenFrom]=28-05-2026&filter[whenTo]=30-06-2026&filter[duration]=7:10&filter[from]=Warszawa%20-%20Modlin,Warszawa%20-%20Radom,Warszawa&filter[person]=2&filter[child]=1&filter[price]=4766:9000&filter[PriceFrom]=4766&filter[PriceTo]=9000&filter[addCategory]=50&filter[addCatering]=1&filter[addMisc]=0&filter[addTransport]=F&filter[fp]=1&order_by=ofr_price&filter[tourOperator]=0&filter[childAge][1]=20201210","https://fly.pl/cdn/photo/assets/uploads/582/278/2014/10/Stella-Di-Mare-Beach-Resort-Spa.jpg","https://fly.pl/wycieczka/egipt,hurghada,makadi-bay/stella-makadi-resort/peAtk_r0Kc4R3-y_5ddg0SAAogDR4ebWZ3WwUnV2WwoYkbUMD2OpZO2AXm95eQ1wXSy3QqBEpPSU4wy4Pg0AZI1zNQAVi_A2ACagJBSXIfHBGHG7kEz8cCqwQ-GMCtHxvocwH_gbOUAQIAYwECDXi3xBI/ofertasv/?filter[tourOperator]=JOIN&filter%5Bperson%5D=2&filter%5BchildAge%5D%5B1%5D=20201210&filter%5Bchild%5D=1"
"Rewaya Luxury Resort","6647.0","18.06.2026 - 25.06.2026","8 dni","","Warszawa%20-%20Modlin","2026-05-28T08:55:49.492627+00:00","https://fly.pl/szukaj-wycieczek/?filter[dest]=11:&filter[hotelids]=&filter[cityids]=0&filter[cregids]=&filter[ofrType]=&filter[addObjType]=&filter[whenFrom]=28-05-2026&filter[whenTo]=30-06-2026&filter[duration]=7:10&filter[from]=Warszawa%20-%20Modlin,Warszawa%20-%20Radom,Warszawa&filter[person]=2&filter[child]=1&filter[price]=4766:9000&filter[PriceFrom]=4766&filter[PriceTo]=9000&filter[addCategory]=50&filter[addCatering]=1&filter[addMisc]=0&filter[addTransport]=F&filter[fp]=1&order_by=ofr_price&filter[tourOperator]=0&filter[childAge][1]=20201210","https://datacfstatic.merlinx.pl/OREX/IMG/7196/7ee6f6ab88032d1df7b04f2c2b5b40ea1ec6ea68430c830d6b9f1f0ae59587d0.webp","https://fly.pl/wycieczka/egipt,hurghada,c/rewaya-luxury-resort-9/pUoKicM4a3wYwmr5LpldDGAAognRhp1ifD7n5hYXkS3uPQGnHyXWYemBt1fyOhzbp9ElEqBE9SRVgwy4Pg0AZI9zNQQVjvA2ACagVFLjIuMXI1mwEVBxcAWAhWAlwIQMIGXdMOTyQRyiJT0HtSAF6vT0uBEmEATNG-OiCd-pcJDQACEmMBAg3qeH-0/?operator=OREX&adults=2&children=2020-12-10&nsv=1&objectId=237611&transport=accommodation_flight&departureDate=2026-06-18&returnDate=2026-06-25&departureLocation=Warszawa+-+Modlin%2CWarszawa+-+Radom%2CWarszawa&opt=delta&catering=all_inclusive"
"Xperience Kiroseiz Premier","6660.0","14.06.2026 - 21.06.2026","8 dni","","Warszawa%20-%20Modlin","2026-05-28T08:55:49.623121+00:00","https://fly.pl/szukaj-wycieczek/?filter[dest]=11:&filter[hotelids]=&filter[cityids]=0&filter[cregids]=&filter[ofrType]=&filter[addObjType]=&filter[whenFrom]=28-05-2026&filter[whenTo]=30-06-2026&filter[duration]=7:10&filter[from]=Warszawa%20-%20Modlin,Warszawa%20-%20Radom,Warszawa&filter[person]=2&filter[child]=1&filter[price]=4766:9000&filter[PriceFrom]=4766&filter[PriceTo]=9000&filter[addCategory]=50&filter[addCatering]=1&filter[addMisc]=0&filter[addTransport]=F&filter[fp]=1&order_by=ofr_price&filter[tourOperator]=0&filter[childAge][1]=20201210","https://fly.pl/cdn/photo/assets/uploads/582/278/2015/11/Xperience-Kiroseiz-Premier-fly-pl-3.jpg","https://fly.pl/wycieczka/egipt,sharm-el-sheikh,c/xperience-kiroseiz-premier/pDHzo4L6UCCy5SR1vuKECgAAogxltnnwynQkLjtWO9_nAi9VxRsiItOkZcPLzNjjqE-S0qBEpPSU4wy4Pg0AZIhDRQAViPA2ACagJBSXIgHBGhHbkEnpACqwRyGIrUHxuDlwEBvbKIrQECAGMBAgtuuVmW/ofertasv/?filter[tourOperator]=JOIN&filter%5Bperson%5D=2&filter%5BchildAge%5D%5B1%5D=20201210&filter%5Bchild%5D=1"
"Fantazia Resort","6669.0","06.06.2026 - 13.06.2026","8 dni","","Warszawa%20-%20Modlin","2026-05-28T08:55:49.797640+00:00","https://fly.pl/szukaj-wycieczek/?filter[dest]=11:&filter[hotelids]=&filter[cityids]=0&filter[cregids]=&filter[ofrType]=&filter[addObjType]=&filter[whenFrom]=28-05-2026&filter[whenTo]=30-06-2026&filter[duration]=7:10&filter[from]=Warszawa%20-%20Modlin,Warszawa%20-%20Radom,Warszawa&filter[person]=2&filter[child]=1&filter[price]=4766:9000&filter[PriceFrom]=4766&filter[PriceTo]=9000&filter[addCategory]=50&filter[addCatering]=1&filter[addMisc]=0&filter[addTransport]=F&filter[fp]=1&order_by=ofr_price&filter[tourOperator]=0&filter[childAge][1]=20201210","https://fly.pl/cdn/photo/assets/uploads/582/278/2016/11/Fantazia-Resort.jpg","https://fly.pl/wycieczka/egipt,marsa-alam,c/fantazia-resort/pPM7YKJMk0fHvGn3HbR_SbAAog_xhfSoJDDBdifATWhZPojc6zZeaUJTWOHJXV4JjwaLAqBE9SRVgwy4Pg0AZIjTRQQVjPAWACagZEUi4yLjFyNpsBFQcXAFwDWAVWAkDKBhG0C13PGE8kXpnYAVO8FFIAS7EvYQBM5Yw6IJH6lwkNAAISYwECDeB9-Ig/?operator=OREX&adults=2&children=2020-12-10&nsv=1&objectId=6714&transport=accommodation_flight&departureDate=2026-06-06&returnDate=2026-06-13&departureLocation=Warszawa+-+Modlin%2CWarszawa+-+Radom%2CWarszawa&opt=delta&catering=all_inclusive"
"Rewaya Majestic Resort","6764.0","11.06.2026 - 18.06.2026","8 dni","","Warszawa%20-%20Modlin","2026-05-28T08:55:49.914214+00:00","https://fly.pl/szukaj-wycieczek/?filter[dest]=11:&filter[hotelids]=&filter[cityids]=0&filter[cregids]=&filter[ofrType]=&filter[addObjType]=&filter[whenFrom]=28-05-2026&filter[whenTo]=30-06-2026&filter[duration]=7:10&filter[from]=Warszawa%20-%20Modlin,Warszawa%20-%20Radom,Warszawa&filter[person]=2&filter[child]=1&filter[price]=4766:9000&filter[PriceFrom]=4766&filter[PriceTo]=9000&filter[addCategory]=50&filter[addCatering]=1&filter[addMisc]=0&filter[addTransport]=F&filter[fp]=1&order_by=ofr_price&filter[tourOperator]=0&filter[childAge][1]=20201210","https://datacfstatic.merlinx.pl/OREX/IMG/6539/6cf3081617d8ad864924d4cef6931a4d48846a07be390f742cd3a1edb00fcdb7.webp","https://fly.pl/wycieczka/egipt,hurghada,c/rewaya-majestic-resort-10/pEinRC0HT40Ni2TbgD4kHlAAogpVwGKzSNjsa4hWB3jDQ9_VNU74Wqj8EW7aJN-L9vxNcqBE9SRVgwy4Pg0AZI7DRQQVjHAmACagVFLjIuMXI2mwEVBxcAWAhWAlwIQMIGXdMOTyQRuR1T4YABUgBer09LgRJhAEzRvjoglvqXCQ0AAhJjAQINu1Lpig/?operator=OREX&adults=2&children=2020-12-10&nsv=1&objectId=233282&transport=accommodation_flight&departureDate=2026-06-11&returnDate=2026-06-18&departureLocation=Warszawa+-+Modlin%2CWarszawa+-+Radom%2CWarszawa&opt=delta&catering=all_inclusive"
"Gravity Hotel & Aquapark Hurghada (ex. Samra Bay Resort)","6820.0","09.06.2026 - 16.06.2026","8 dni","","Warszawa%20-%20Modlin","2026-05-28T08:55:50.043635+00:00","https://fly.pl/szukaj-wycieczek/?filter[dest]=11:&filter[hotelids]=&filter[cityids]=0&filter[cregids]=&filter[ofrType]=&filter[addObjType]=&filter[whenFrom]=28-05-2026&filter[whenTo]=30-06-2026&filter[duration]=7:10&filter[from]=Warszawa%20-%20Modlin,Warszawa%20-%20Radom,Warszawa&filter[person]=2&filter[child]=1&filter[price]=4766:9000&filter[PriceFrom]=4766&filter[PriceTo]=9000&filter[addCategory]=50&filter[addCatering]=1&filter[addMisc]=0&filter[addTransport]=F&filter[fp]=1&order_by=ofr_price&filter[tourOperator]=0&filter[childAge][1]=20201210","https://fly.pl/cdn/photo/assets/uploads/582/278/2017/04/Gravity-Hotel-Aquapark-Hurghada.jpg","https://fly.pl/wycieczka/egipt,hurghada,c/samra-bay-resort/pciOhSrDY_SKQc__eF-Qw_AAogOTA1oFojABaiSiTh9FowkeA1VenNBQF7XO4_J7SyQn0qBEpPSU4wy4Pg0AZIpDVQAViXAmACagJBSXIgHBHKGrkEi8gCqwQ-GKejHxvcjwEBo5n-kwECAGMBAg00JFj2/ofertasv/?filter[tourOperator]=JOIN&filter%5Bperson%5D=2&filter%5BchildAge%5D%5B1%5D=20201210&filter%5Bchild%5D=1"
"Three Corners Fayrouz Plaza Beach Resort","6822.0","06.06.2026 - 13.06.2026","8 dni","","Warszawa%20-%20Modlin","2026-05-28T08:55:50.238622+00:00","https://fly.pl/szukaj-wycieczek/?filter[dest]=11:&filter[hotelids]=&filter[cityids]=0&filter[cregids]=&filter[ofrType]=&filter[addObjType]=&filter[whenFrom]=28-05-2026&filter[whenTo]=30-06-2026&filter[duration]=7:10&filter[from]=Warszawa%20-%20Modlin,Warszawa%20-%20Radom,Warszawa&filter[person]=2&filter[child]=1&filter[price]=4766:9000&filter[PriceFrom]=4766&filter[PriceTo]=9000&filter[addCategory]=50&filter[addCatering]=1&filter[addMisc]=0&filter[addTransport]=F&filter[fp]=1&order_by=ofr_price&filter[tourOperator]=0&filter[childAge][1]=20201210","https://fly.pl/cdn/photo/assets/uploads/582/278/2014/10/The-Three-Corners-Fayrouz-Plaza.jpg","https://fly.pl/wycieczka/egipt,marsa-alam,c/three-corners-fayrouz-plaza-beach-resort/p7a6rdbzlmqxq6L_O1_SMuAAogul2qAt-RGGgq6eAGCfJ17s6zZeaUJTWOHJXV4JjwaLAqBE9SRVgwy4Pg0AZIpjVQQVjPAWACagZDMC4yLjFyNZsBFQcXAFwDWAVWAhGKBkBAXYMkTyRemdgBU7wUUgBLsS9hAEzljDogkfqXCQ0AAhJjAQIN3WcBSw/?operator=OREX&adults=2&children=2020-12-10&nsv=1&objectId=1447&transport=accommodation_flight&departureDate=2026-06-06&returnDate=2026-06-13&departureLocation=Warszawa+-+Modlin%2CWarszawa+-+Radom%2CWarszawa&opt=delta&catering=all_inclusive"
"Dreams Beach Sharm Resort (Sharm El Sheikh)","6842.0","14.06.2026 - 21.06.2026","8 dni","","Warszawa%20-%20Modlin","2026-05-28T08:55:50.409671+00:00","https://fly.pl/szukaj-wycieczek/?filter[dest]=11:&filter[hotelids]=&filter[cityids]=0&filter[cregids]=&filter[ofrType]=&filter[addObjType]=&filter[whenFrom]=28-05-2026&filter[whenTo]=30-06-2026&filter[duration]=7:10&filter[from]=Warszawa%20-%20Modlin,Warszawa%20-%20Radom,Warszawa&filter[person]=2&filter[child]=1&filter[price]=4766:9000&filter[PriceFrom]=4766&filter[PriceTo]=9000&filter[addCategory]=50&filter[addCatering]=1&filter[addMisc]=0&filter[addTransport]=F&filter[fp]=1&order_by=ofr_price&filter[tourOperator]=0&filter[childAge][1]=20201210","https://fly.pl/cdn/photo/assets/uploads/582/278/2014/07/Dreams-Beach-Resort.jpg","https://fly.pl/wycieczka/egipt,sharm-el-sheikh,szarm-el-szejk/dreams-beach-sharm-el-sheikh/pftUr3QHXCyFXRjhBVfc1kAAogF3AdYvZgUWS0Zc2MOY09QVxRsiItOkZcPLzNjjqE-S0qBEpPSU4wy4Pg0AZIujVQAViPA2ACagJBSXIgHBHRG7kE7pECqwRyGJzDHxv1pQEBu6KBrQECAGMBAgulAiPy/ofertasv/?filter[tourOperator]=JOIN&filter%5Bperson%5D=2&filter%5BchildAge%5D%5B1%5D=20201210&filter%5Bchild%5D=1"
"Xperience Kiroseiz Parkland","6842.0","14.06.2026 - 21.06.2026","8 dni","","Warszawa%20-%20Modlin","2026-05-28T08:55:50.538278+00:00","https://fly.pl/szukaj-wycieczek/?filter[dest]=11:&filter[hotelids]=&filter[cityids]=0&filter[cregids]=&filter[ofrType]=&filter[addObjType]=&filter[whenFrom]=28-05-2026&filter[whenTo]=30-06-2026&filter[duration]=7:10&filter[from]=Warszawa%20-%20Modlin,Warszawa%20-%20Radom,Warszawa&filter[person]=2&filter[child]=1&filter[price]=4766:9000&filter[PriceFrom]=4766&filter[PriceTo]=9000&filter[addCategory]=50&filter[addCatering]=1&filter[addMisc]=0&filter[addTransport]=F&filter[fp]=1&order_by=ofr_price&filter[tourOperator]=0&filter[childAge][1]=20201210","https://fly.pl/cdn/photo/assets/uploads/582/278/2014/06/Xperience-Kiroseiz-Parkland-fly-pl.jpg","https://fly.pl/wycieczka/egipt,sharm-el-sheikh,c/xperience-kiroseiz-parkland/pS_LgOT49dLtrBJve0wKr1AAogkMLxuA9f2FOUlgESwNWxSVxRsiItOkZcPLzNjjqE-S0qBEpPSU4wy4Pg0AZIujVQAViPA2ACagJBSXIgHBGfHbkEoJACqwRyGPTTHxubgQEBg4GJrQECAGMBAgv7LL_d/ofertasv/?filter[tourOperator]=JOIN&filter%5Bperson%5D=2&filter%5BchildAge%5D%5B1%5D=20201210&filter%5Bchild%5D=1"
"Albatros Sea World Resort Marsa Alam","6845.0","06.06.2026 - 13.06.2026","8 dni","","Warszawa%20-%20Modlin","2026-05-28T08:57:25.127658+00:00","https://fly.pl/szukaj-wycieczek/?filter[dest]=11:&filter[hotelids]=&filter[cityids]=0&filter[cregids]=&filter[ofrType]=&filter[addObjType]=&filter[whenFrom]=28-05-2026&filter[whenTo]=30-06-2026&filter[duration]=7:10&filter[from]=Warszawa%20-%20Modlin,Warszawa%20-%20Radom,Warszawa&filter[person]=2&filter[child]=1&filter[price]=4766:9000&filter[PriceFrom]=4766&filter[PriceTo]=9000&filter[addCategory]=50&filter[addCatering]=1&filter[addMisc]=0&filter[addTransport]=F&filter[fp]=1&order_by=ofr_price&filter[tourOperator]=0&filter[childAge][1]=20201210","https://fly.pl/cdn/photo/assets/uploads/582/278/2017/08/ALBATROS-SEA-WORLD.jpg","https://fly.pl/wycieczka/egipt,marsa-alam,al-kusajr/sea-world-resort-marsa-alam/pV3SHeVsx9fZRxdvxfE5b0AAoglH5M-8BdR7GgDBAJD-qx3s6zZeaUJTWOHJXV4JjwaLAqBE9SRVgwsYTg0AZIvTVQQVjPAWACagZESS4yLjFyNZsBFQcXAFwDWAVWAhEAQMoGXYMkTyRemdgBU7wUUgBLsS9hAEzljDogkfqXCQ0AAhJjAQIMJQKHVg/?operator=OREX&adults=2&children=2020-12-10&nsv=1&objectId=190316&transport=accommodation_flight&departureDate=2026-06-06&returnDate=2026-06-13&departureLocation=Warszawa+-+Modlin%2CWarszawa+-+Radom%2CWarszawa&opt=delta&catering=all_inclusive"
"Albatros Sea World Resort Marsa Alam","6845.0","06.06.2026 - 13.06.2026","8 dni","","Warszawa%20-%20Modlin","2026-05-28T08:57:25.176188+00:00","https://fly.pl/szukaj-wycieczek/?filter[dest]=11:&filter[hotelids]=&filter[cityids]=0&filter[cregids]=&filter[ofrType]=&filter[addObjType]=&filter[whenFrom]=28-05-2026&filter[whenTo]=30-06-2026&filter[duration]=7:10&filter[from]=Warszawa%20-%20Modlin,Warszawa%20-%20Radom,Warszawa&filter[person]=2&filter[child]=1&filter[price]=4766:9000&filter[PriceFrom]=4766&filter[PriceTo]=9000&filter[addCategory]=50&filter[addCatering]=1&filter[addMisc]=0&filter[addTransport]=F&filter[fp]=1&order_by=ofr_price&filter[tourOperator]=0&filter[childAge][1]=20201210","https://fly.pl/cdn/photo/assets/uploads/582/278/2017/08/ALBATROS-SEA-WORLD.jpg","https://fly.pl/wycieczka/egipt,marsa-alam,al-kusajr/sea-world-resort-marsa-alam/pV3SHeVsx9fZRxdvxfE5b0AAoglH5M-8BdR7GgDBAJD-qx3s6zZeaUJTWOHJXV4JjwaLAqBE9SRVgwsYTg0AZIvTVQQVjPAWACagZESS4yLjFyNZsBFQcXAFwDWAVWAhEAQMoGXYMkTyRemdgBU7wUUgBLsS9hAEzljDogkfqXCQ0AAhJjAQIMJQKHVg/?operator=OREX&adults=2&children=2020-12-10&nsv=1&objectId=190316&transport=accommodation_flight&departureDate=2026-06-06&returnDate=2026-06-13&departureLocation=Warszawa+-+Modlin%2CWarszawa+-+Radom%2CWarszawa&opt=delta&catering=all_inclusive"
"Pharaoh Azur Resort (ex Sonesta Pharaoh Beach Resort)","6878.0","07.06.2026 - 14.06.2026","8 dni","","Warszawa%20-%20Modlin","2026-05-28T08:57:25.285448+00:00","https://fly.pl/szukaj-wycieczek/?filter[dest]=11:&filter[hotelids]=&filter[cityids]=0&filter[cregids]=&filter[ofrType]=&filter[addObjType]=&filter[whenFrom]=28-05-2026&filter[whenTo]=30-06-2026&filter[duration]=7:10&filter[from]=Warszawa%20-%20Modlin,Warszawa%20-%20Radom,Warszawa&filter[person]=2&filter[child]=1&filter[price]=4766:9000&filter[PriceFrom]=4766&filter[PriceTo]=9000&filter[addCategory]=50&filter[addCatering]=1&filter[addMisc]=0&filter[addTransport]=F&filter[fp]=1&order_by=ofr_price&filter[tourOperator]=0&filter[childAge][1]=20201210","https://fly.pl/cdn/photo/assets/uploads/582/278/2014/07/Pharaoh-Azur-Resort.jpg","https://fly.pl/wycieczka/egipt,hurghada,c/sonesta-pharaoh/pB89zyEdY3mwtN__7dbaGIAAogiX2Ocd6Ky6T1sPY3wE0MlgAAAADSggQA7oIEAAcAAAAqBFdFWlkwsYTg0AZI3jVQQVjnAWADaglFbnRlciBBaXJqBDAwMTVyQp4BlAEfABwBAgAWBBcCEbEBErwCFdoFGJUDE7kBQIVzTMsyTwBLnJMBUAAbnDEdro0PIBwNkcjCCQESYwEOYwECBfUm1a8/?operator=WEZY&adults=2&children=2020-12-10&nsv=1&objectId=1954&transport=accommodation_flight&departureDate=2026-06-07&returnDate=2026-06-14&departureLocation=Warszawa+-+Modlin%2CWarszawa+-+Radom%2CWarszawa&opt=delta&catering=all_inclusive"
"Regency Plaza Aqua Park Spa","6891.0","02.06.2026 - 10.06.2026","9 dni","","Warszawa%20-%20Modlin","2026-05-28T08:57:25.397252+00:00","https://fly.pl/szukaj-wycieczek/?filter[dest]=11:&filter[hotelids]=&filter[cityids]=0&filter[cregids]=&filter[ofrType]=&filter[addObjType]=&filter[whenFrom]=28-05-2026&filter[whenTo]=30-06-2026&filter[duration]=7:10&filter[from]=Warszawa%20-%20Modlin,Warszawa%20-%20Radom,Warszawa&filter[person]=2&filter[child]=1&filter[price]=4766:9000&filter[PriceFrom]=4766&filter[PriceTo]=9000&filter[addCategory]=50&filter[addCatering]=1&filter[addMisc]=0&filter[addTransport]=F&filter[fp]=1&order_by=ofr_price&filter[tourOperator]=0&filter[childAge][1]=20201210","https://fly.pl/cdn/photo/assets/uploads/582/278/2014/07/Regency-Plaza-Aqua-Park-Spa-fly-pl.jpg","https://fly.pl/wycieczka/egipt,sharm-el-sheikh,szarm-el-szejk/regency-plaza/pT-_cUyEcCUawTEtkIcJ_VAAogm_llobtBX8KHjyvQbhW4MGKYTWXIbHl7jtD9z0P4iRwqBFZJVFgwsYTg0AZI6zVQQVhvYAJyQBoAFQcXAFwDWAVAjwNbv4MBXr58UqYgUwBLxyNhAEzfqjkNk9yYCSABUe_3hrPpAU-3-g1dhM7qvBwCDmMBAg17mhCr/ofertasv/?filter[tourOperator]=VITX&filter%5Bperson%5D=2&filter%5BchildAge%5D%5B1%5D=20201210&filter%5Bchild%5D=1"
"Invidia Coral Beach Tiran","6915.0","06.06.2026 - 13.06.2026","8 dni","","Warszawa%20-%20Modlin","2026-05-28T08:57:25.513182+00:00","https://fly.pl/szukaj-wycieczek/?filter[dest]=11:&filter[hotelids]=&filter[cityids]=0&filter[cregids]=&filter[ofrType]=&filter[addObjType]=&filter[whenFrom]=28-05-2026&filter[whenTo]=30-06-2026&filter[duration]=7:10&filter[from]=Warszawa%20-%20Modlin,Warszawa%20-%20Radom,Warszawa&filter[person]=2&filter[child]=1&filter[price]=4766:9000&filter[PriceFrom]=4766&filter[PriceTo]=9000&filter[addCategory]=50&filter[addCatering]=1&filter[addMisc]=0&filter[addTransport]=F&filter[fp]=1&order_by=ofr_price&filter[tourOperator]=0&filter[childAge][1]=20201210","https://fly.pl/cdn/photo/assets/uploads/582/278/2014/07/Coral-Beach-Rotana-Tiran-fly-pl.jpg","https://fly.pl/wycieczka/egipt,sharm-el-sheikh,c/coral-beach-rotana-tiran/pTee9mTtVRe9sEwZzC-wxMAAoggxN9qaE2m6WyJpRw0deucAAAAACHhAQApIQEAAcAEgAqBFdFWlkwsYTg0AZIgzZQQVjPAWADaglFbnRlciBBaXJqBDA4MDByQp4BlQEfABwBAgAWABcGESMSygMYhQUTzQEUyQRAknJMoKIBTwBLxyNQAB3_wQ8gHRvrwmQN74HeCAESYwEMYwECC30a2uw/?operator=WEZY&adults=2&children=2020-12-10&nsv=1&objectId=596&transport=accommodation_flight&departureDate=2026-06-06&returnDate=2026-06-13&departureLocation=Warszawa+-+Modlin%2CWarszawa+-+Radom%2CWarszawa&opt=delta&catering=all_inclusive"
"Jaz Grand Marsa (ex Resta Grand Resort)","6937.0","09.06.2026 - 16.06.2026","8 dni","","Warszawa%20-%20Modlin","2026-05-28T08:57:25.630193+00:00","https://fly.pl/szukaj-wycieczek/?filter[dest]=11:&filter[hotelids]=&filter[cityids]=0&filter[cregids]=&filter[ofrType]=&filter[addObjType]=&filter[whenFrom]=28-05-2026&filter[whenTo]=30-06-2026&filter[duration]=7:10&filter[from]=Warszawa%20-%20Modlin,Warszawa%20-%20Radom,Warszawa&filter[person]=2&filter[child]=1&filter[price]=4766:9000&filter[PriceFrom]=4766&filter[PriceTo]=9000&filter[addCategory]=50&filter[addCatering]=1&filter[addMisc]=0&filter[addTransport]=F&filter[fp]=1&order_by=ofr_price&filter[tourOperator]=0&filter[childAge][1]=20201210","https://fly.pl/cdn/photo/assets/uploads/582/278/2014/09/grand.jpg","https://fly.pl/wycieczka/egipt,marsa-alam,madinat-coraya/resta-grand-resort/pfMuTySTe-YmLUNSTtVlGWAAogZ3_oHcxbga_d8nQ_7HScvzgJAQOewa1jKvJOfNTl61cqBEVYSU0wsYTg0AZImTZQAViXAmACagJBSXIhHBHzxga5BOf3PasEHBvkujoYyMc7Ac_a664KAgBjAQIMeGR9qw/ofertasv/?filter[tourOperator]=EXIM&filter%5Bperson%5D=2&filter%5BchildAge%5D%5B1%5D=20201210&filter%5Bchild%5D=1"
"Gemma Resort (ex. Labranda Gemma Premium Resort)","6942.0","06.06.2026 - 13.06.2026","8 dni","","Warszawa%20-%20Modlin","2026-05-28T08:57:25.746759+00:00","https://fly.pl/szukaj-wycieczek/?filter[dest]=11:&filter[hotelids]=&filter[cityids]=0&filter[cregids]=&filter[ofrType]=&filter[addObjType]=&filter[whenFrom]=28-05-2026&filter[whenTo]=30-06-2026&filter[duration]=7:10&filter[from]=Warszawa%20-%20Modlin,Warszawa%20-%20Radom,Warszawa&filter[person]=2&filter[child]=1&filter[price]=4766:9000&filter[PriceFrom]=4766&filter[PriceTo]=9000&filter[addCategory]=50&filter[addCatering]=1&filter[addMisc]=0&filter[addTransport]=F&filter[fp]=1&order_by=ofr_price&filter[tourOperator]=0&filter[childAge][1]=20201210","https://fly.pl/cdn/photo/assets/uploads/582/278/2015/06/Gemma-Resort.jpg","https://fly.pl/wycieczka/egipt,marsa-alam,c/gemma-resort/pNOC7zFNXTI3ftOH5N5wNOAAogcuLJ7SUrU1QwY2znQOFcvmGvpNkIDsJRLk3csdI6q_AqBEpPSU4wsYTg0AZInjZQAVjPAWACagJBSXIgHBHaGbkE_O8CqwQfG43yHxi6sAEBmoPphQECAGMBAg1NiR-f/ofertasv/?filter[tourOperator]=JOIN&filter%5Bperson%5D=2&filter%5BchildAge%5D%5B1%5D=20201210&filter%5Bchild%5D=1"
"Tropitel Sahl Hasheesh","6946.0","07.06.2026 - 14.06.2026","8 dni","","Warszawa%20-%20Modlin","2026-05-28T08:57:25.861274+00:00","https://fly.pl/szukaj-wycieczek/?filter[dest]=11:&filter[hotelids]=&filter[cityids]=0&filter[cregids]=&filter[ofrType]=&filter[addObjType]=&filter[whenFrom]=28-05-2026&filter[whenTo]=30-06-2026&filter[duration]=7:10&filter[from]=Warszawa%20-%20Modlin,Warszawa%20-%20Radom,Warszawa&filter[person]=2&filter[child]=1&filter[price]=4766:9000&filter[PriceFrom]=4766&filter[PriceTo]=9000&filter[addCategory]=50&filter[addCatering]=1&filter[addMisc]=0&filter[addTransport]=F&filter[fp]=1&order_by=ofr_price&filter[tourOperator]=0&filter[childAge][1]=20201210","https://fly.pl/cdn/photo/assets/uploads/582/278/2014/10/Tropitel-Sahl-Hasheesh.jpg","https://fly.pl/wycieczka/egipt,hurghada,c/tropitel-sahl-hasheesh/pIuziylq336hh0o2GpyHa_AAogSdhVohsmkps9zEY2kOgRkGzcMShTeTNczhDRY-MhP8oqBFJOQlcwsYTg0AZIojZQAVjnAWACcgYCDGMBAgV0GqTA/ofertasv/?filter[tourOperator]=RNBW&filter%5Bperson%5D=2&filter%5BchildAge%5D%5B1%5D=20201210&filter%5Bchild%5D=1"
"Titanic Beach Spa & Aqua Park","6957.0","11.06.2026 - 18.06.2026","8 dni","","Warszawa%20-%20Modlin","2026-05-28T08:57:25.974194+00:00","https://fly.pl/szukaj-wycieczek/?filter[dest]=11:&filter[hotelids]=&filter[cityids]=0&filter[cregids]=&filter[ofrType]=&filter[addObjType]=&filter[whenFrom]=28-05-2026&filter[whenTo]=30-06-2026&filter[duration]=7:10&filter[from]=Warszawa%20-%20Modlin,Warszawa%20-%20Radom,Warszawa&filter[person]=2&filter[child]=1&filter[price]=4766:9000&filter[PriceFrom]=4766&filter[PriceTo]=9000&filter[addCategory]=50&filter[addCatering]=1&filter[addMisc]=0&filter[addTransport]=F&filter[fp]=1&order_by=ofr_price&filter[tourOperator]=0&filter[childAge][1]=20201210","https://fly.pl/cdn/photo/assets/uploads/582/278/2014/07/Titanic-Beach-Spa-Aqua-Park-fly-pl.jpg","https://fly.pl/wycieczka/egipt,hurghada,c/titanic-beach-spa/pHJGGH1qTflBMRvBxk27-eAAog1bXBodWbUir1qnjr8aTWeazL7gFY-vG_pdvPW-AxFXcqBFZJVFgwsYTg0AZIrTZQQVjHAmACckAaABUHFwBcA1gFQI8DW7-DAVOPLVIAXq9PS-1DYQBM36o5DZzcmAkgAFH7kuX7jwFPo_UHXZCE8_N1AgxjAQILXv590g/ofertasv/?filter[tourOperator]=VITX&filter%5Bperson%5D=2&filter%5BchildAge%5D%5B1%5D=20201210&filter%5Bchild%5D=1"
"Gravity Sahl Hasheesh (Ex. Ocean Breeze)","7003.0","07.06.2026 - 14.06.2026","8 dni","","Warszawa%20-%20Modlin","2026-05-28T08:57:26.091057+00:00","https://fly.pl/szukaj-wycieczek/?filter[dest]=11:&filter[hotelids]=&filter[cityids]=0&filter[cregids]=&filter[ofrType]=&filter[addObjType]=&filter[whenFrom]=28-05-2026&filter[whenTo]=30-06-2026&filter[duration]=7:10&filter[from]=Warszawa%20-%20Modlin,Warszawa%20-%20Radom,Warszawa&filter[person]=2&filter[child]=1&filter[price]=4766:9000&filter[PriceFrom]=4766&filter[PriceTo]=9000&filter[addCategory]=50&filter[addCatering]=1&filter[addMisc]=0&filter[addTransport]=F&filter[fp]=1&order_by=ofr_price&filter[tourOperator]=0&filter[childAge][1]=20201210","https://fly.pl/cdn/photo/assets/uploads/582/278/2018/10/Gravity-Sahl-Hasheesh.jpg","https://fly.pl/wycieczka/egipt,hurghada,c/ocean-breeze/pablA3tvjFAllbDRf5sV4XAAogEUDgwCmOl9XQcDAFLt9dWWzcMShTeTNczhDRY-MhP8oqBFJOQlcwsYTg0AZI2zZQAVjnAWACcgYCDWMBAgbzPonK/ofertasv/?filter[tourOperator]=RNBW&filter%5Bperson%5D=2&filter%5BchildAge%5D%5B1%5D=20201210&filter%5Bchild%5D=1"
"Parrotel Beach Resort (ex. Radisson Blu)","7009.0","14.06.2026 - 21.06.2026","8 dni","","Warszawa%20-%20Modlin","2026-05-28T08:57:26.210502+00:00","https://fly.pl/szukaj-wycieczek/?filter[dest]=11:&filter[hotelids]=&filter[cityids]=0&filter[cregids]=&filter[ofrType]=&filter[addObjType]=&filter[whenFrom]=28-05-2026&filter[whenTo]=30-06-2026&filter[duration]=7:10&filter[from]=Warszawa%20-%20Modlin,Warszawa%20-%20Radom,Warszawa&filter[person]=2&filter[child]=1&filter[price]=4766:9000&filter[PriceFrom]=4766&filter[PriceTo]=9000&filter[addCategory]=50&filter[addCatering]=1&filter[addMisc]=0&filter[addTransport]=F&filter[fp]=1&order_by=ofr_price&filter[tourOperator]=0&filter[childAge][1]=20201210","https://fly.pl/cdn/photo/assets/uploads/582/278/2014/07/Parrotel-Beach-Resort.jpg","https://fly.pl/wycieczka/egipt,sharm-el-sheikh,c/radisson-blu-resort-sharm-el-sheikh/pM257ZI46ISm7trsnu85kcAAogkMmXE-ZPGSFaXDZ2XAzPPFxRsiItOkZcPLzNjjqE-S0qBEpPSU4wsYTg0AZI4TZQAViPA2ACagJBSXIfHBGvHLkEkJECqwRyG_HcIxjCpAEBssytewIAYwECDZLlBqk/ofertasv/?filter[tourOperator]=JOIN&filter%5Bperson%5D=2&filter%5BchildAge%5D%5B1%5D=20201210&filter%5Bchild%5D=1"
"Creek Hotel and Residences","7027.0","09.06.2026 - 16.06.2026","8 dni","","Warszawa%20-%20Modlin","2026-05-28T08:57:26.322556+00:00","https://fly.pl/szukaj-wycieczek/?filter[dest]=11:&filter[hotelids]=&filter[cityids]=0&filter[cregids]=&filter[ofrType]=&filter[addObjType]=&filter[whenFrom]=28-05-2026&filter[whenTo]=30-06-2026&filter[duration]=7:10&filter[from]=Warszawa%20-%20Modlin,Warszawa%20-%20Radom,Warszawa&filter[person]=2&filter[child]=1&filter[price]=4766:9000&filter[PriceFrom]=4766&filter[PriceTo]=9000&filter[addCategory]=50&filter[addCatering]=1&filter[addMisc]=0&filter[addTransport]=F&filter[fp]=1&order_by=ofr_price&filter[tourOperator]=0&filter[childAge][1]=20201210","https://fly.pl/cdn/photo/assets/uploads/582/278/2024/07/creek-hotel-residences.jpg","https://fly.pl/wycieczka/egipt,hurghada,al-dzuna/creek-hotel-residences-9/pLLa21m89oOhbyEHlzg8rYAAogp8p56e2jNXbA6PUO8dzXG-A1VenNBQF7XO4_J7SyQn0qBEpPSU4wsYTg0AZI8zZQAViXAmACagJBSXIgHBGwGrkEpcgCqwQ-G6HTIxjh8QEBlYqolAECAGMBAgtyRLCm/ofertasv/?filter[tourOperator]=JOIN&filter%5Bperson%5D=2&filter%5BchildAge%5D%5B1%5D=20201210&filter%5Bchild%5D=1"
"Gorgonia Beach","7034.0","06.06.2026 - 13.06.2026","8 dni","","Warszawa%20-%20Modlin","2026-05-28T08:57:26.432010+00:00","https://fly.pl/szukaj-wycieczek/?filter[dest]=11:&filter[hotelids]=&filter[cityids]=0&filter[cregids]=&filter[ofrType]=&filter[addObjType]=&filter[whenFrom]=28-05-2026&filter[whenTo]=30-06-2026&filter[duration]=7:10&filter[from]=Warszawa%20-%20Modlin,Warszawa%20-%20Radom,Warszawa&filter[person]=2&filter[child]=1&filter[price]=4766:9000&filter[PriceFrom]=4766&filter[PriceTo]=9000&filter[addCategory]=50&filter[addCatering]=1&filter[addMisc]=0&filter[addTransport]=F&filter[fp]=1&order_by=ofr_price&filter[tourOperator]=0&filter[childAge][1]=20201210","https://fly.pl/cdn/photo/assets/uploads/582/278/2016/12/Gorgonia-Beach-Resort.jpg","https://fly.pl/wycieczka/egipt,marsa-alam,c/gorgonia-beach/p9hMHDaVXKlKDEtB0fkRrgAAognYgk39Ee3L35Avxt0z4Pa86zZeaUJTWOHJXV4JjwaLAqBE9SRVgwsYTg0AZI-jZQQVjPAWACagZDNS4yLjFyNpsBFQcXAFwDWAVWAkDKBhGIFF37D08kXpnYAVO8FFIAS7EvYQBM5Yw6IJH6lwkNAAISYwECCygHGu0/?operator=OREX&adults=2&children=2020-12-10&nsv=1&objectId=26377&transport=accommodation_flight&departureDate=2026-06-06&returnDate=2026-06-13&departureLocation=Warszawa+-+Modlin%2CWarszawa+-+Radom%2CWarszawa&opt=delta&catering=all_inclusive"
"Retac Qunay Dahab Resort & Spa","7072.0","14.06.2026 - 21.06.2026","8 dni","","Warszawa%20-%20Modlin","2026-05-28T08:57:26.543864+00:00","https://fly.pl/szukaj-wycieczek/?filter[dest]=11:&filter[hotelids]=&filter[cityids]=0&filter[cregids]=&filter[ofrType]=&filter[addObjType]=&filter[whenFrom]=28-05-2026&filter[whenTo]=30-06-2026&filter[duration]=7:10&filter[from]=Warszawa%20-%20Modlin,Warszawa%20-%20Radom,Warszawa&filter[person]=2&filter[child]=1&filter[price]=4766:9000&filter[PriceFrom]=4766&filter[PriceTo]=9000&filter[addCategory]=50&filter[addCatering]=1&filter[addMisc]=0&filter[addTransport]=F&filter[fp]=1&order_by=ofr_price&filter[tourOperator]=0&filter[childAge][1]=20201210","https://fly.pl/cdn/photo/assets/uploads/582/278/2014/09/Retac-Qunay-Dahab.jpg","https://fly.pl/wycieczka/egipt,dahab,c/le-meridien-dahab-bay/p2BUE5kLbVPDxf228xaQOfAAog9he35agXf_JYS-rEctFVzlxRsiItOkZcPLzNjjqE-S0qBEpPSU4wsYTg0AZIoDdQAViPA2ACagJBSXIfHBGtJLkEkokCqwRyGPzMHxuTkwEB7r_IUwIAYwECC9YYDhU/ofertasv/?filter[tourOperator]=JOIN&filter%5Bperson%5D=2&filter%5BchildAge%5D%5B1%5D=20201210&filter%5Bchild%5D=1"
"Pickalbatros Golf Beach Resort","7086.0","14.06.2026 - 21.06.2026","8 dni","","Warszawa%20-%20Modlin","2026-05-28T08:57:26.653659+00:00","https://fly.pl/szukaj-wycieczek/?filter[dest]=11:&filter[hotelids]=&filter[cityids]=0&filter[cregids]=&filter[ofrType]=&filter[addObjType]=&filter[whenFrom]=28-05-2026&filter[whenTo]=30-06-2026&filter[duration]=7:10&filter[from]=Warszawa%20-%20Modlin,Warszawa%20-%20Radom,Warszawa&filter[person]=2&filter[child]=1&filter[price]=4766:9000&filter[PriceFrom]=4766&filter[PriceTo]=9000&filter[addCategory]=50&filter[addCatering]=1&filter[addMisc]=0&filter[addTransport]=F&filter[fp]=1&order_by=ofr_price&filter[tourOperator]=0&filter[childAge][1]=20201210","https://fly.pl/cdn/photo/assets/uploads/582/278/2014/07/Golf-Beach-Resort-Managed-by-Rixos.jpg","https://fly.pl/wycieczka/egipt,sharm-el-sheikh,c/maritim-jolie-ville-golf/p9XA63xgvBzSNAuF7aKmBqAAogTjCHHgoMbJGVy4-IaDLZ_1xRsiItOkZcPLzNjjqE-S0qBEpPSU4wsYTg0AZIrjdQAViPA2ACagJBSXIgHBHjG7kE3JECqwRyGL7LHxvJggEBsvSBrQECAGMBAgzF8Pqm/ofertasv/?filter[tourOperator]=JOIN&filter%5Bperson%5D=2&filter%5BchildAge%5D%5B1%5D=20201210&filter%5Bchild%5D=1"
"Pickalbatros Luxury Suites","7086.0","14.06.2026 - 21.06.2026","8 dni","","Warszawa%20-%20Modlin","2026-05-28T08:57:26.764024+00:00","https://fly.pl/szukaj-wycieczek/?filter[dest]=11:&filter[hotelids]=&filter[cityids]=0&filter[cregids]=&filter[ofrType]=&filter[addObjType]=&filter[whenFrom]=28-05-2026&filter[whenTo]=30-06-2026&filter[duration]=7:10&filter[from]=Warszawa%20-%20Modlin,Warszawa%20-%20Radom,Warszawa&filter[person]=2&filter[child]=1&filter[price]=4766:9000&filter[PriceFrom]=4766&filter[PriceTo]=9000&filter[addCategory]=50&filter[addCatering]=1&filter[addMisc]=0&filter[addTransport]=F&filter[fp]=1&order_by=ofr_price&filter[tourOperator]=0&filter[childAge][1]=20201210","https://fly.pl/cdn/photo/assets/uploads/582/278/2023/04/Pickalbatros-Luxury-Suites.jpg","https://fly.pl/wycieczka/egipt,sharm-el-sheikh,szarm-el-szejk/golf-villas-sharm-el-sheikh-by-rixos-11/pU0cfFtknrwaJpdjwIdpUMAAogGa8_474zAI-zef2gcrBOjFxRsiItOkZcPLzNjjqE-S0qBEpPSU4wsYTg0AZIrjdQAViPA2ACagJBSXIgHBHhMbkE3vsBqwRyGIf5IRuXiwEB-v7-rAECAGMBAgyei6vd/ofertasv/?filter[tourOperator]=JOIN&filter%5Bperson%5D=2&filter%5BchildAge%5D%5B1%5D=20201210&filter%5Bchild%5D=1"
"Sirena Beach Resort & Spa","7110.0","06.06.2026 - 13.06.2026","8 dni","","Warszawa%20-%20Modlin","2026-05-28T08:57:26.871481+00:00","https://fly.pl/szukaj-wycieczek/?filter[dest]=11:&filter[hotelids]=&filter[cityids]=0&filter[cregids]=&filter[ofrType]=&filter[addObjType]=&filter[whenFrom]=28-05-2026&filter[whenTo]=30-06-2026&filter[duration]=7:10&filter[from]=Warszawa%20-%20Modlin,Warszawa%20-%20Radom,Warszawa&filter[person]=2&filter[child]=1&filter[price]=4766:9000&filter[PriceFrom]=4766&filter[PriceTo]=9000&filter[addCategory]=50&filter[addCatering]=1&filter[addMisc]=0&filter[addTransport]=F&filter[fp]=1&order_by=ofr_price&filter[tourOperator]=0&filter[childAge][1]=20201210","https://datacfstatic.merlinx.pl/OREX/IMG/3216/86c44a9a8004959be2f4ed092ee91d3286d5e121550a04aac54449146091b82b.webp","https://fly.pl/wycieczka/egipt,marsa-alam,al-kusajr/movenpick-sirena-beach-13/pPVNfSwnkxGBAIuyPzeSfFAAogVG-i4pDTkxNhoT4l2VHVn86zZeaUJTWOHJXV4JjwaLAqBE9SRVgwsYTg0AZIxjdQQVjPAWACagdHS1guMi4xcjabARUHFwBcA1gFVgJAygYRtRJdzhFPJF6Z2AFTvBRSAEuxL2EATOWMOiCR-pcJDQACEmMBAg1M8Zrv/?operator=OREX&adults=2&children=2020-12-10&nsv=1&objectId=6380&transport=accommodation_flight&departureDate=2026-06-06&returnDate=2026-06-13&departureLocation=Warszawa+-+Modlin%2CWarszawa+-+Radom%2CWarszawa&opt=delta&catering=all_inclusive"
"Ecotel Dahab Bay View Resort","7121.0","06.06.2026 - 13.06.2026","8 dni","","Warszawa%20-%20Modlin","2026-05-28T08:57:26.980357+00:00","https://fly.pl/szukaj-wycieczek/?filter[dest]=11:&filter[hotelids]=&filter[cityids]=0&filter[cregids]=&filter[ofrType]=&filter[addObjType]=&filter[whenFrom]=28-05-2026&filter[whenTo]=30-06-2026&filter[duration]=7:10&filter[from]=Warszawa%20-%20Modlin,Warszawa%20-%20Radom,Warszawa&filter[person]=2&filter[child]=1&filter[price]=4766:9000&filter[PriceFrom]=4766&filter[PriceTo]=9000&filter[addCategory]=50&filter[addCatering]=1&filter[addMisc]=0&filter[addTransport]=F&filter[fp]=1&order_by=ofr_price&filter[tourOperator]=0&filter[childAge][1]=20201210","https://fly.pl/cdn/photo/assets/uploads/582/278/2014/09/Ecotel-Dahab-Resort.jpg","https://fly.pl/wycieczka/egipt,dahab,c/mercure-dahab-bay-view/pdoeEQ0ldpiJWhtSl24Zz6AAogDte7oCU9PhRJZzBhNtOfRwAAAACHhAQApIQEAAcAEgAqBFdFWlkwsYTg0AZI0TdQQVjPAWADaglFbnRlciBBaXJqBDA4MDByQ54BlQEfAAIBHAAWBBcCEu0DGIUFE80BFMkEEbwdQNZUTKCiAU8AS8cjUAAbu8gMHcT5AiAdDdrEwgkBEmMBDGMBAgUhz5Oc/?operator=WEZY&adults=2&children=2020-12-10&nsv=1&objectId=12558&transport=accommodation_flight&departureDate=2026-06-06&returnDate=2026-06-13&departureLocation=Warszawa+-+Modlin%2CWarszawa+-+Radom%2CWarszawa&opt=delta&catering=all_inclusive"
"Swiss Inn Resort Hurghada (ex. Hilton Hurghada Resort)","7122.0","09.06.2026 - 16.06.2026","8 dni","","Warszawa%20-%20Modlin","2026-05-28T08:57:27.145362+00:00","https://fly.pl/szukaj-wycieczek/?filter[dest]=11:&filter[hotelids]=&filter[cityids]=0&filter[cregids]=&filter[ofrType]=&filter[addObjType]=&filter[whenFrom]=28-05-2026&filter[whenTo]=30-06-2026&filter[duration]=7:10&filter[from]=Warszawa%20-%20Modlin,Warszawa%20-%20Radom,Warszawa&filter[person]=2&filter[child]=1&filter[price]=4766:9000&filter[PriceFrom]=4766&filter[PriceTo]=9000&filter[addCategory]=50&filter[addCatering]=1&filter[addMisc]=0&filter[addTransport]=F&filter[fp]=1&order_by=ofr_price&filter[tourOperator]=0&filter[childAge][1]=20201210","https://fly.pl/cdn/photo/assets/uploads/582/278/2014/07/Swiss-Inn-Resort-Hurghada.jpg","https://fly.pl/wycieczka/egipt,hurghada,c/hilton-resort/p6nyS58v5jsdiyIhmSHBV3AAogaa6wZ9d9lq_PaUYcei00o-A1VenNBQF7XO4_J7SyQn0qBEpPSU4wsYTg0AZI0jdQAViXAmACagJBSXIfHBGsG7kEqccCqwQ-GPmuHxv_ewH3q8GUAQIAYwECC0s8DgY/ofertasv/?filter[tourOperator]=JOIN&filter%5Bperson%5D=2&filter%5BchildAge%5D%5B1%5D=20201210&filter%5Bchild%5D=1"
"Calimera Blend Paradise Resort","7157.0","11.06.2026 - 18.06.2026","8 dni","","Warszawa%20-%20Modlin","2026-05-28T08:57:27.252057+00:00","https://fly.pl/szukaj-wycieczek/?filter[dest]=11:&filter[hotelids]=&filter[cityids]=0&filter[cregids]=&filter[ofrType]=&filter[addObjType]=&filter[whenFrom]=28-05-2026&filter[whenTo]=30-06-2026&filter[duration]=7:10&filter[from]=Warszawa%20-%20Modlin,Warszawa%20-%20Radom,Warszawa&filter[person]=2&filter[child]=1&filter[price]=4766:9000&filter[PriceFrom]=4766&filter[PriceTo]=9000&filter[addCategory]=50&filter[addCatering]=1&filter[addMisc]=0&filter[addTransport]=F&filter[fp]=1&order_by=ofr_price&filter[tourOperator]=0&filter[childAge][1]=20201210","https://fly.pl/cdn/photo/assets/uploads/582/278/2022/08/Calimera-Blend-Paradise.jpg","https://fly.pl/wycieczka/egipt,hurghada,c/calimera-blend-paradise-12/p8ccuxqLEe-JFk6hqGX4GAAAogdPfbjIw7l3z1bFoduryAqazL7gFY-vG_pdvPW-AxFXcqBFZJVFgwsYTg0AZI9TdQQVjHAmACckAaABUHFwBcA1gFQI8DW5eFAVO3K1IAXq9PS-1DYQBM36o5DZzcmAkgAFGji7T7jwFP-_w4XZCE8_N1Ag1jAQIMVMkNog/ofertasv/?filter[tourOperator]=VITX&filter%5Bperson%5D=2&filter%5BchildAge%5D%5B1%5D=20201210&filter%5Bchild%5D=1"
"Siva Golden Bay Makadi","7177.0","11.06.2026 - 18.06.2026","8 dni","","Warszawa%20-%20Modlin","2026-05-28T08:57:27.366230+00:00","https://fly.pl/szukaj-wycieczek/?filter[dest]=11:&filter[hotelids]=&filter[cityids]=0&filter[cregids]=&filter[ofrType]=&filter[addObjType]=&filter[whenFrom]=28-05-2026&filter[whenTo]=30-06-2026&filter[duration]=7:10&filter[from]=Warszawa%20-%20Modlin,Warszawa%20-%20Radom,Warszawa&filter[person]=2&filter[child]=1&filter[price]=4766:9000&filter[PriceFrom]=4766&filter[PriceTo]=9000&filter[addCategory]=50&filter[addCatering]=1&filter[addMisc]=0&filter[addTransport]=F&filter[fp]=1&order_by=ofr_price&filter[tourOperator]=0&filter[childAge][1]=20201210","https://fly.pl/cdn/photo/assets/uploads/582/278/2024/07/siva-golden-bay-makadi.jpg","https://fly.pl/wycieczka/egipt,hurghada,makadi-bay/siva-golden-bay-makadi-10/pfQAqv0TiUdlqGlTLRjExBAAogFoGYsZndrVkT9VyNNUGAMVvIJNo-v4qnTpe8Q4PSP0cqBEVYSU0wsYTg0AZIiThQAVjHAmACagJBSXIhHBHGuwa5BND_PasEHBvj5S8Yptk2AfWRtYsJAgBjAQIHz2MhRA/ofertasv/?filter[tourOperator]=EXIM&filter%5Bperson%5D=2&filter%5BchildAge%5D%5B1%5D=20201210&filter%5Bchild%5D=1"
"Sharm Grand Plaza Resort","7205.0","07.06.2026 - 14.06.2026","8 dni","","Warszawa%20-%20Modlin","2026-05-28T08:57:27.486674+00:00","https://fly.pl/szukaj-wycieczek/?filter[dest]=11:&filter[hotelids]=&filter[cityids]=0&filter[cregids]=&filter[ofrType]=&filter[addObjType]=&filter[whenFrom]=28-05-2026&filter[whenTo]=30-06-2026&filter[duration]=7:10&filter[from]=Warszawa%20-%20Modlin,Warszawa%20-%20Radom,Warszawa&filter[person]=2&filter[child]=1&filter[price]=4766:9000&filter[PriceFrom]=4766&filter[PriceTo]=9000&filter[addCategory]=50&filter[addCatering]=1&filter[addMisc]=0&filter[addTransport]=F&filter[fp]=1&order_by=ofr_price&filter[tourOperator]=0&filter[childAge][1]=20201210","https://fly.pl/cdn/photo/assets/uploads/582/278/2014/07/SHARM-GRAND-PLAZA-RESORT-1.jpg","https://fly.pl/wycieczka/egipt,sharm-el-sheikh,c/grand-plaza-resort/pQU0EC_Y6ECN6gr1ekDk-gAAog3G2ylFrzkS4Q2JVEKIWq1YHYbhJGkFASOGm6k8c5fM4qBEpPSU4wsYTg0AZIpThQAVjnAWACagJBSXIgHBHrHLkE05ACqwRyG9jgJBiv3QEB8oXjhwECAGMBAguGZ5VA/ofertasv/?filter[tourOperator]=JOIN&filter%5Bperson%5D=2&filter%5BchildAge%5D%5B1%5D=20201210&filter%5Bchild%5D=1"
"Seven Seas Jolie Bay","7211.0","07.06.2026 - 14.06.2026","8 dni","","Warszawa%20-%20Modlin","2026-05-28T08:57:27.605208+00:00","https://fly.pl/szukaj-wycieczek/?filter[dest]=11:&filter[hotelids]=&filter[cityids]=0&filter[cregids]=&filter[ofrType]=&filter[addObjType]=&filter[whenFrom]=28-05-2026&filter[whenTo]=30-06-2026&filter[duration]=7:10&filter[from]=Warszawa%20-%20Modlin,Warszawa%20-%20Radom,Warszawa&filter[person]=2&filter[child]=1&filter[price]=4766:9000&filter[PriceFrom]=4766&filter[PriceTo]=9000&filter[addCategory]=50&filter[addCatering]=1&filter[addMisc]=0&filter[addTransport]=F&filter[fp]=1&order_by=ofr_price&filter[tourOperator]=0&filter[childAge][1]=20201210","https://fly.pl/cdn/photo/assets/uploads/582/278/2022/03/Aqua-Mondo-Abu-Soma-Resort.jpg","https://fly.pl/wycieczka/egipt,hurghada,soma-bay/aqua-mondo-resort-14/pJQzpuSl_iDOiLKFayAzyhAAoguRz_osIhMSOgy4z2Ag5HLgAAAADSggQA7oIEAAcAAAAqBFdFWlkwsYTg0AZIqzhQQVjnAWADaglFbnRlciBBaXJqBDAwMTVyQ54BlAEfAAIBFgAcABcGEu0DFdoFGJUDE7kBQIVzT8syTABLnJMBUAARyD8dgv8OIBwbrNg1DeXvjAkBEmMBDGMBAgv_4RKr/?operator=WEZY&adults=2&children=2020-12-10&nsv=1&objectId=217102&transport=accommodation_flight&departureDate=2026-06-07&returnDate=2026-06-14&departureLocation=Warszawa+-+Modlin%2CWarszawa+-+Radom%2CWarszawa&opt=delta&catering=all_inclusive"
"Jaz Solaya Resort (ex Sol Y Mar Solaya)","7220.0","06.06.2026 - 13.06.2026","8 dni","","Warszawa%20-%20Modlin","2026-05-28T08:57:27.717435+00:00","https://fly.pl/szukaj-wycieczek/?filter[dest]=11:&filter[hotelids]=&filter[cityids]=0&filter[cregids]=&filter[ofrType]=&filter[addObjType]=&filter[whenFrom]=28-05-2026&filter[whenTo]=30-06-2026&filter[duration]=7:10&filter[from]=Warszawa%20-%20Modlin,Warszawa%20-%20Radom,Warszawa&filter[person]=2&filter[child]=1&filter[price]=4766:9000&filter[PriceFrom]=4766&filter[PriceTo]=9000&filter[addCategory]=50&filter[addCatering]=1&filter[addMisc]=0&filter[addTransport]=F&filter[fp]=1&order_by=ofr_price&filter[tourOperator]=0&filter[childAge][1]=20201210","https://fly.pl/cdn/photo/assets/uploads/582/278/2016/05/Jaz-Solaya.jpg","https://fly.pl/wycieczka/egipt,marsa-alam,c/jaz-solaya-ex-sol-y-mar-solaya/p6hXZNch6kfU4kXAlVEBE4AAogHfjF7usZd-0G8kyeIDk6x2GvpNkIDsJRLk3csdI6q_AqBEpPSU4wsYTg0AZItDhQAVjPAWACagJBSXIgHBHmGbkE8O8CqwQfG7qCIBiOoQEB2O7ohQECAGMBAgxFjGfR/ofertasv/?filter[tourOperator]=JOIN&filter%5Bperson%5D=2&filter%5BchildAge%5D%5B1%5D=20201210&filter%5Bchild%5D=1"
"Pickalbatros Palace Port Ghalib (ex. Red Sea The Palace)","7227.0","06.06.2026 - 13.06.2026","8 dni","","Warszawa%20-%20Modlin","2026-05-28T08:57:27.841689+00:00","https://fly.pl/szukaj-wycieczek/?filter[dest]=11:&filter[hotelids]=&filter[cityids]=0&filter[cregids]=&filter[ofrType]=&filter[addObjType]=&filter[whenFrom]=28-05-2026&filter[whenTo]=30-06-2026&filter[duration]=7:10&filter[from]=Warszawa%20-%20Modlin,Warszawa%20-%20Radom,Warszawa&filter[person]=2&filter[child]=1&filter[price]=4766:9000&filter[PriceFrom]=4766&filter[PriceTo]=9000&filter[addCategory]=50&filter[addCatering]=1&filter[addMisc]=0&filter[addTransport]=F&filter[fp]=1&order_by=ofr_price&filter[tourOperator]=0&filter[childAge][1]=20201210","https://fly.pl/cdn/photo/assets/uploads/582/278/2014/09/albatros-palace.jpg","https://fly.pl/wycieczka/egipt,marsa-alam,port-ghalib/intercontinental-the-palace-port-ghalib/pLj4s0_wT7INudtdLCe_2lAAogZaWzFOWngr7xD9rwvjAkj86zZeaUJTWOHJXV4JjwaLAqBE9SRVgwsYTg0AZIuzhQQVjPAWACagZESS4yLjFyNZsBFQcXAFwDWAVWAhEzQJcGXYMkTyRemdgBU7wUUgBLsS9hAEzljDogkfqXCQ0AAhJjAQIM0DHLzQ/?operator=OREX&adults=2&children=2020-12-10&nsv=1&objectId=22148&transport=accommodation_flight&departureDate=2026-06-06&returnDate=2026-06-13&departureLocation=Warszawa+-+Modlin%2CWarszawa+-+Radom%2CWarszawa&opt=delta&catering=all_inclusive"
"El Malikia Resort Abu Dabbab (ex.Sol Y Mar)","7253.0","06.06.2026 - 13.06.2026","8 dni","","Warszawa%20-%20Modlin","2026-05-28T08:57:27.956960+00:00","https://fly.pl/szukaj-wycieczek/?filter[dest]=11:&filter[hotelids]=&filter[cityids]=0&filter[cregids]=&filter[ofrType]=&filter[addObjType]=&filter[whenFrom]=28-05-2026&filter[whenTo]=30-06-2026&filter[duration]=7:10&filter[from]=Warszawa%20-%20Modlin,Warszawa%20-%20Radom,Warszawa&filter[person]=2&filter[child]=1&filter[price]=4766:9000&filter[PriceFrom]=4766&filter[PriceTo]=9000&filter[addCategory]=50&filter[addCatering]=1&filter[addMisc]=0&filter[addTransport]=F&filter[fp]=1&order_by=ofr_price&filter[tourOperator]=0&filter[childAge][1]=20201210","https://fly.pl/cdn/photo/assets/uploads/582/278/2016/11/El-Malikia-Resort-Abu-Dabbab-ex.Sol-Y-Mar-fly-pl.jpg","https://fly.pl/wycieczka/egipt,marsa-alam,c/el-malikia-resort-abu-dabbab-ex-sol-y-mar/pOGVHTKCn3fA2tjpXj767GAAogb_Wm_S24Sfqg3DwSPmqyuKJwCHAAEqFepqO_QKFMvlUqBFNGUEwwsYTg0AZI1ThQQVjPAWACciELAhUFIgYSJ1zGAkAuW-MEDfPF1AlRl7PkkgYCEmMBAgZvmKti/ofertasv/?filter[tourOperator]=SFPL&filter%5Bperson%5D=2&filter%5BchildAge%5D%5B1%5D=20201210&filter%5Bchild%5D=1"
"Jaz Sharm Dreams Resort","7268.0","14.06.2026 - 21.06.2026","8 dni","","Warszawa%20-%20Modlin","2026-05-28T08:57:28.070973+00:00","https://fly.pl/szukaj-wycieczek/?filter[dest]=11:&filter[hotelids]=&filter[cityids]=0&filter[cregids]=&filter[ofrType]=&filter[addObjType]=&filter[whenFrom]=28-05-2026&filter[whenTo]=30-06-2026&filter[duration]=7:10&filter[from]=Warszawa%20-%20Modlin,Warszawa%20-%20Radom,Warszawa&filter[person]=2&filter[child]=1&filter[price]=4766:9000&filter[PriceFrom]=4766&filter[PriceTo]=9000&filter[addCategory]=50&filter[addCatering]=1&filter[addMisc]=0&filter[addTransport]=F&filter[fp]=1&order_by=ofr_price&filter[tourOperator]=0&filter[childAge][1]=20201210","https://fly.pl/cdn/photo/assets/uploads/582/278/2014/07/Jaz-Sharm-Dreams.jpg","https://fly.pl/wycieczka/egipt,sharm-el-sheikh,c/hilton-sharm-dreams-resort/pL_p0aM1vnWQbTPpbIiOlDAAog9kLOIVplvtBUrTWu9x_Xa1xRsiItOkZcPLzNjjqE-S0qBEpPSU4wsYTg0AZI5DhQAViPA2ACagJBSXIgHBGBHLkEvpECqwRyGM3HHxuahwEB7NWArQECAGMBAgyJarx3/ofertasv/?filter[tourOperator]=JOIN&filter%5Bperson%5D=2&filter%5BchildAge%5D%5B1%5D=20201210&filter%5Bchild%5D=1"
"Sataya Resort (ex. Labranda Sataya Marsa Alam)","7291.0","06.06.2026 - 13.06.2026","8 dni","","Warszawa%20-%20Modlin","2026-05-28T08:57:28.177066+00:00","https://fly.pl/szukaj-wycieczek/?filter[dest]=11:&filter[hotelids]=&filter[cityids]=0&filter[cregids]=&filter[ofrType]=&filter[addObjType]=&filter[whenFrom]=28-05-2026&filter[whenTo]=30-06-2026&filter[duration]=7:10&filter[from]=Warszawa%20-%20Modlin,Warszawa%20-%20Radom,Warszawa&filter[person]=2&filter[child]=1&filter[price]=4766:9000&filter[PriceFrom]=4766&filter[PriceTo]=9000&filter[addCategory]=50&filter[addCatering]=1&filter[addMisc]=0&filter[addTransport]=F&filter[fp]=1&order_by=ofr_price&filter[tourOperator]=0&filter[childAge][1]=20201210","https://fly.pl/cdn/photo/assets/uploads/582/278/2019/09/Sataya-Resort-Marsa-Alam.jpg","https://fly.pl/wycieczka/egipt,marsa-alam,c/labranda-sataya-marsa-alam-9/prP3tESiDGsSYMAxWcAaaOAAogh6Qw5UkV8mCQTqK7Yf62Xhdj7gtn7bkxRJ6mk9Br-vwqBFZJVFgwsYTg0AZI-zhQQVjPAWACckAaABUHFwBcA1gFQI8DW5eFAV7melK8FFMAS7EvYQBM36o5DZfcmAkgAFHA68D23wFP47ILXZz4r_klAg1jAQIMp7Q9vA/ofertasv/?filter[tourOperator]=VITX&filter%5Bperson%5D=2&filter%5BchildAge%5D%5B1%5D=20201210&filter%5Bchild%5D=1"
"Jaz Palmariva Beach","7295.0","11.06.2026 - 18.06.2026","8 dni","","Warszawa%20-%20Modlin","2026-05-28T08:57:28.281682+00:00","https://fly.pl/szukaj-wycieczek/?filter[dest]=11:&filter[hotelids]=&filter[cityids]=0&filter[cregids]=&filter[ofrType]=&filter[addObjType]=&filter[whenFrom]=28-05-2026&filter[whenTo]=30-06-2026&filter[duration]=7:10&filter[from]=Warszawa%20-%20Modlin,Warszawa%20-%20Radom,Warszawa&filter[person]=2&filter[child]=1&filter[price]=4766:9000&filter[PriceFrom]=4766&filter[PriceTo]=9000&filter[addCategory]=50&filter[addCatering]=1&filter[addMisc]=0&filter[addTransport]=F&filter[fp]=1&order_by=ofr_price&filter[tourOperator]=0&filter[childAge][1]=20201210","https://fly.pl/cdn/photo/assets/uploads/582/278/2014/07/Labranda-Club-Makadi-ex-Club-Azur-fly-pl.jpg","https://fly.pl/wycieczka/egipt,hurghada,makadi-bay/club-azur/pecGB399h11fi1XQa9d6E7AAogIdw2bqs41XmqAM-O75CcCFNU74Wqj8EW7aJN-L9vxNcqBE9SRVgwsYTg0AZI_zhQQVjHAmACagZENi4yLjFyNZsBFQcXAFwDWAVWAkDKBl3TDk8kEb0iU917UgBer09LgRJhAEzRvjoglvqXCQ0AAhJjAQIMICh8zw/?operator=OREX&adults=2&children=2020-12-10&nsv=1&objectId=7354&transport=accommodation_flight&departureDate=2026-06-11&returnDate=2026-06-18&departureLocation=Warszawa+-+Modlin%2CWarszawa+-+Radom%2CWarszawa&opt=delta&catering=all_inclusive"
"Domina Coral Bay Oasis","7296.0","14.06.2026 - 21.06.2026","8 dni","","Warszawa%20-%20Modlin","2026-05-28T08:57:28.388984+00:00","https://fly.pl/szukaj-wycieczek/?filter[dest]=11:&filter[hotelids]=&filter[cityids]=0&filter[cregids]=&filter[ofrType]=&filter[addObjType]=&filter[whenFrom]=28-05-2026&filter[whenTo]=30-06-2026&filter[duration]=7:10&filter[from]=Warszawa%20-%20Modlin,Warszawa%20-%20Radom,Warszawa&filter[person]=2&filter[child]=1&filter[price]=4766:9000&filter[PriceFrom]=4766&filter[PriceTo]=9000&filter[addCategory]=50&filter[addCatering]=1&filter[addMisc]=0&filter[addTransport]=F&filter[fp]=1&order_by=ofr_price&filter[tourOperator]=0&filter[childAge][1]=20201210","https://fly.pl/cdn/photo/assets/uploads/582/278/2014/07/Domina-Coral-Bay-Oasis.jpg","https://fly.pl/wycieczka/egipt,sharm-el-sheikh,c/domina-coral-bay-oasis/psSR3vcamqtljsVx7P6RWpAAoggOt3-uHyMwT_xH3VsxPqd1xRsiItOkZcPLzNjjqE-S0qBEpPSU4wsYTg0AZIgDlQAViPA2ACagJBSXIgHBHKG7kE9ZECqwRyGPPCHxvflQEB4L7-rAECAGMBAgxWgQG_/ofertasv/?filter[tourOperator]=JOIN&filter%5Bperson%5D=2&filter%5BchildAge%5D%5B1%5D=20201210&filter%5Bchild%5D=1"
"Domina Coral Bay Bellavista","7296.0","14.06.2026 - 21.06.2026","8 dni","","Warszawa%20-%20Modlin","2026-05-28T08:57:28.499333+00:00","https://fly.pl/szukaj-wycieczek/?filter[dest]=11:&filter[hotelids]=&filter[cityids]=0&filter[cregids]=&filter[ofrType]=&filter[addObjType]=&filter[whenFrom]=28-05-2026&filter[whenTo]=30-06-2026&filter[duration]=7:10&filter[from]=Warszawa%20-%20Modlin,Warszawa%20-%20Radom,Warszawa&filter[person]=2&filter[child]=1&filter[price]=4766:9000&filter[PriceFrom]=4766&filter[PriceTo]=9000&filter[addCategory]=50&filter[addCatering]=1&filter[addMisc]=0&filter[addTransport]=F&filter[fp]=1&order_by=ofr_price&filter[tourOperator]=0&filter[childAge][1]=20201210","https://fly.pl/cdn/photo/assets/uploads/582/278/2024/07/domina-coral-bay-bellavista.jpg","https://fly.pl/wycieczka/egipt,sharm-el-sheikh,szarm-el-szejk/domina-coral-bay-bellavista-12/pqTZ9_QsL7QdhDaV7i5gAAAAogztpKj8xtsmbejGtlAS1Xv1xRsiItOkZcPLzNjjqE-S0qBEpPSU4wsYTg0AZIgDlQAViPA2ACagJBSXIgHBHBG7kE_pECqwRyGOHCHxuElQEB763-rAECAGMBAgxHYFcf/ofertasv/?filter[tourOperator]=JOIN&filter%5Bperson%5D=2&filter%5BchildAge%5D%5B1%5D=20201210&filter%5Bchild%5D=1"
"Charmillion Club Aqua Park","7306.0","06.06.2026 - 13.06.2026","8 dni","","Warszawa%20-%20Modlin","2026-05-28T08:59:02.785236+00:00","https://fly.pl/szukaj-wycieczek/?filter[dest]=11:&filter[hotelids]=&filter[cityids]=0&filter[cregids]=&filter[ofrType]=&filter[addObjType]=&filter[whenFrom]=28-05-2026&filter[whenTo]=30-06-2026&filter[duration]=7:10&filter[from]=Warszawa%20-%20Modlin,Warszawa%20-%20Radom,Warszawa&filter[person]=2&filter[child]=1&filter[price]=4766:9000&filter[PriceFrom]=4766&filter[PriceTo]=9000&filter[addCategory]=50&filter[addCatering]=1&filter[addMisc]=0&filter[addTransport]=F&filter[fp]=1&order_by=ofr_price&filter[tourOperator]=0&filter[childAge][1]=20201210","https://fly.pl/cdn/photo/assets/uploads/582/278/2014/07/Charmillion-Club-Aqua-Park.jpg","https://fly.pl/wycieczka/egipt,sharm-el-sheikh,szarm-el-szejk/sea-club-aqua-park/pHY7l6lcllgLRQq6s0XMMLAAogMerglbwNGvthjOyjfvpabAAAAACHhAQApIQEAAcAEgAqBFdFWlkwk4Xg0AZIijlQQVjPAWADaglFbnRlciBBaXJqBDA4MDByQp4BlQEfAAIBHAAWBBcCEu0DGIUFE80BFMkEEYEsQJFGTKCiAU8AS8cjUAAb8jAdjZEPIB0N2sTCCQESYwENYwECBU-hjqM/?operator=WEZY&adults=2&children=2020-12-10&nsv=1&objectId=103848&transport=accommodation_flight&departureDate=2026-06-06&returnDate=2026-06-13&departureLocation=Warszawa+-+Modlin%2CWarszawa+-+Radom%2CWarszawa&opt=delta&catering=all_inclusive"
"Charmillion Club Aqua Park","7306.0","06.06.2026 - 13.06.2026","8 dni","","Warszawa%20-%20Modlin","2026-05-28T08:59:02.832965+00:00","https://fly.pl/szukaj-wycieczek/?filter[dest]=11:&filter[hotelids]=&filter[cityids]=0&filter[cregids]=&filter[ofrType]=&filter[addObjType]=&filter[whenFrom]=28-05-2026&filter[whenTo]=30-06-2026&filter[duration]=7:10&filter[from]=Warszawa%20-%20Modlin,Warszawa%20-%20Radom,Warszawa&filter[person]=2&filter[child]=1&filter[price]=4766:9000&filter[PriceFrom]=4766&filter[PriceTo]=9000&filter[addCategory]=50&filter[addCatering]=1&filter[addMisc]=0&filter[addTransport]=F&filter[fp]=1&order_by=ofr_price&filter[tourOperator]=0&filter[childAge][1]=20201210","https://fly.pl/cdn/photo/assets/uploads/582/278/2014/07/Charmillion-Club-Aqua-Park.jpg","https://fly.pl/wycieczka/egipt,sharm-el-sheikh,szarm-el-szejk/sea-club-aqua-park/pHY7l6lcllgLRQq6s0XMMLAAogMerglbwNGvthjOyjfvpabAAAAACHhAQApIQEAAcAEgAqBFdFWlkwk4Xg0AZIijlQQVjPAWADaglFbnRlciBBaXJqBDA4MDByQp4BlQEfAAIBHAAWBBcCEu0DGIUFE80BFMkEEYEsQJFGTKCiAU8AS8cjUAAb8jAdjZEPIB0N2sTCCQESYwENYwECBU-hjqM/?operator=WEZY&adults=2&children=2020-12-10&nsv=1&objectId=103848&transport=accommodation_flight&departureDate=2026-06-06&returnDate=2026-06-13&departureLocation=Warszawa+-+Modlin%2CWarszawa+-+Radom%2CWarszawa&opt=delta&catering=all_inclusive"
"Concorde El Salam Sport","7316.0","06.06.2026 - 13.06.2026","8 dni","","Warszawa%20-%20Modlin","2026-05-28T08:59:02.950351+00:00","https://fly.pl/szukaj-wycieczek/?filter[dest]=11:&filter[hotelids]=&filter[cityids]=0&filter[cregids]=&filter[ofrType]=&filter[addObjType]=&filter[whenFrom]=28-05-2026&filter[whenTo]=30-06-2026&filter[duration]=7:10&filter[from]=Warszawa%20-%20Modlin,Warszawa%20-%20Radom,Warszawa&filter[person]=2&filter[child]=1&filter[price]=4766:9000&filter[PriceFrom]=4766&filter[PriceTo]=9000&filter[addCategory]=50&filter[addCatering]=1&filter[addMisc]=0&filter[addTransport]=F&filter[fp]=1&order_by=ofr_price&filter[tourOperator]=0&filter[childAge][1]=20201210","https://fly.pl/cdn/photo/assets/uploads/582/278/2024/07/concorde-el-salam-sport.jpg","https://fly.pl/wycieczka/egipt,sharm-el-sheikh,szarm-el-szejk/concorde-el-salam-sport-15/phjixfFbw8kJgI8nkNXTxZAAog1ZL7qsPZBWDtfXJcSXPNPAAAAACHhAQApIQEAAcAEgAqBFdFWlkwk4Xg0AZIlDlQQVjPAWADaglFbnRlciBBaXJqBDA4MDByQ54BlQEfAAIBHAAWBBcCEu0DGIUFE80BFMkEEeYQQKxhTKCiAU8AS8cjUAAbtIMCHcu-DSAdDdrEwgkBEmMBDGMBAgXHdxVG/?operator=WEZY&adults=2&children=2020-12-10&nsv=1&objectId=221799&transport=accommodation_flight&departureDate=2026-06-06&returnDate=2026-06-13&departureLocation=Warszawa+-+Modlin%2CWarszawa+-+Radom%2CWarszawa&opt=delta&catering=all_inclusive"
"Hilton Marsa Alam Nubian Resort","7335.0","06.06.2026 - 13.06.2026","8 dni","","Warszawa%20-%20Modlin","2026-05-28T08:59:03.062903+00:00","https://fly.pl/szukaj-wycieczek/?filter[dest]=11:&filter[hotelids]=&filter[cityids]=0&filter[cregids]=&filter[ofrType]=&filter[addObjType]=&filter[whenFrom]=28-05-2026&filter[whenTo]=30-06-2026&filter[duration]=7:10&filter[from]=Warszawa%20-%20Modlin,Warszawa%20-%20Radom,Warszawa&filter[person]=2&filter[child]=1&filter[price]=4766:9000&filter[PriceFrom]=4766&filter[PriceTo]=9000&filter[addCategory]=50&filter[addCatering]=1&filter[addMisc]=0&filter[addTransport]=F&filter[fp]=1&order_by=ofr_price&filter[tourOperator]=0&filter[childAge][1]=20201210","https://fly.pl/cdn/photo/assets/uploads/582/278/2014/08/Tropitel-Dahab-Oasis.jpg","https://fly.pl/wycieczka/egipt,marsa-alam,c/hilton-marsa-alam-nubian-resort/p8_AbyugyZB_-wAruZIrzTAAogZJjfKNJ5BJ5ect68px_UYs6zZeaUJTWOHJXV4JjwaLAqBE9SRVgwk4Xg0AZIpzlQQVjPAWACagZESS4yLjFyNpsBFQcXAFwDWAVWAkDKBhGmDV3dFk8kXpnYAVO8FFIAS7EvYQBM5Yw6IJH6lwkNAAISYwECDaKDhj0/?operator=OREX&adults=2&children=2020-12-10&nsv=1&objectId=30987&transport=accommodation_flight&departureDate=2026-06-06&returnDate=2026-06-13&departureLocation=Warszawa+-+Modlin%2CWarszawa+-+Radom%2CWarszawa&opt=delta&catering=all_inclusive"
"Xperience Sea Breeze Resort","7388.0","14.06.2026 - 21.06.2026","8 dni","","Warszawa%20-%20Modlin","2026-05-28T08:59:03.175795+00:00","https://fly.pl/szukaj-wycieczek/?filter[dest]=11:&filter[hotelids]=&filter[cityids]=0&filter[cregids]=&filter[ofrType]=&filter[addObjType]=&filter[whenFrom]=28-05-2026&filter[whenTo]=30-06-2026&filter[duration]=7:10&filter[from]=Warszawa%20-%20Modlin,Warszawa%20-%20Radom,Warszawa&filter[person]=2&filter[child]=1&filter[price]=4766:9000&filter[PriceFrom]=4766&filter[PriceTo]=9000&filter[addCategory]=50&filter[addCatering]=1&filter[addMisc]=0&filter[addTransport]=F&filter[fp]=1&order_by=ofr_price&filter[tourOperator]=0&filter[childAge][1]=20201210","https://fly.pl/cdn/photo/assets/uploads/582/278/2014/07/XPERIENCE-SEA-BREEZE-RESORT.jpg","https://fly.pl/wycieczka/egipt,sharm-el-sheikh,c/xperience-sea-breeze/pyFtnC8qwyvj-PAtScLEm0AAogGIJZMcq5THJoXS_b-tYNKFxRsiItOkZcPLzNjjqE-S0qBEpPSU4wk4Xg0AZI3DlQAViPA2ACagJBSXIfHBGjHbkEnJACqwRyGJ3UHxv3eQHy0YitAQIAYwECC7zln_4/ofertasv/?filter[tourOperator]=JOIN&filter%5Bperson%5D=2&filter%5BchildAge%5D%5B1%5D=20201210&filter%5Bchild%5D=1"
"Charmillion Garden Aqua Park","7388.0","14.06.2026 - 21.06.2026","8 dni","","Warszawa%20-%20Modlin","2026-05-28T08:59:03.335547+00:00","https://fly.pl/szukaj-wycieczek/?filter[dest]=11:&filter[hotelids]=&filter[cityids]=0&filter[cregids]=&filter[ofrType]=&filter[addObjType]=&filter[whenFrom]=28-05-2026&filter[whenTo]=30-06-2026&filter[duration]=7:10&filter[from]=Warszawa%20-%20Modlin,Warszawa%20-%20Radom,Warszawa&filter[person]=2&filter[child]=1&filter[price]=4766:9000&filter[PriceFrom]=4766&filter[PriceTo]=9000&filter[addCategory]=50&filter[addCatering]=1&filter[addMisc]=0&filter[addTransport]=F&filter[fp]=1&order_by=ofr_price&filter[tourOperator]=0&filter[childAge][1]=20201210","https://fly.pl/cdn/photo/assets/uploads/582/278/2014/07/Charmillion-Gardens-Aqua-Park-ex.-Sea-Garden.jpg","https://fly.pl/wycieczka/egipt,sharm-el-sheikh,nabq-bay/sea-gardens-sharm-el-sheikh/px2mkD2tzsm2TBKzoTvRz3AAogLV73bhAowibaTNE6_hAEaFxRsiItOkZcPLzNjjqE-S0qBEpPSU4wk4Xg0AZI3DlQAViPA2ACagJBSXIgHBGSGrkErZMCqwRyG8XEJBja0AEB1v-1hQECAGMBAgwWP2Ia/ofertasv/?filter[tourOperator]=JOIN&filter%5Bperson%5D=2&filter%5BchildAge%5D%5B1%5D=20201210&filter%5Bchild%5D=1"
"Domina Coral Bay Harem","7416.0","14.06.2026 - 21.06.2026","8 dni","","Warszawa%20-%20Modlin","2026-05-28T08:59:03.441758+00:00","https://fly.pl/szukaj-wycieczek/?filter[dest]=11:&filter[hotelids]=&filter[cityids]=0&filter[cregids]=&filter[ofrType]=&filter[addObjType]=&filter[whenFrom]=28-05-2026&filter[whenTo]=30-06-2026&filter[duration]=7:10&filter[from]=Warszawa%20-%20Modlin,Warszawa%20-%20Radom,Warszawa&filter[person]=2&filter[child]=1&filter[price]=4766:9000&filter[PriceFrom]=4766&filter[PriceTo]=9000&filter[addCategory]=50&filter[addCatering]=1&filter[addMisc]=0&filter[addTransport]=F&filter[fp]=1&order_by=ofr_price&filter[tourOperator]=0&filter[childAge][1]=20201210","https://fly.pl/cdn/photo/assets/uploads/582/278/2014/07/Domina-Coral-Bay-Harem.jpg","https://fly.pl/wycieczka/egipt,sharm-el-sheikh,c/domina-coral-bay-harem/pVFow8PKgSA8yzeyR3VLJxAAogXK3t3Er7OmCfSsTikoXa_lxRsiItOkZcPLzNjjqE-S0qBEpPSU4wk4Xg0AZI-DlQAViPA2ACagJBSXIgHBHGG7kE-ZECqwRyGOfCHxvXhgEB-8D-rAECAGMBAgw6dDZH/ofertasv/?filter[tourOperator]=JOIN&filter%5Bperson%5D=2&filter%5BchildAge%5D%5B1%5D=20201210&filter%5Bchild%5D=1"
"Safir Dahab Resort","7436.0","14.06.2026 - 21.06.2026","8 dni","","Warszawa%20-%20Modlin","2026-05-28T08:59:03.556389+00:00","https://fly.pl/szukaj-wycieczek/?filter[dest]=11:&filter[hotelids]=&filter[cityids]=0&filter[cregids]=&filter[ofrType]=&filter[addObjType]=&filter[whenFrom]=28-05-2026&filter[whenTo]=30-06-2026&filter[duration]=7:10&filter[from]=Warszawa%20-%20Modlin,Warszawa%20-%20Radom,Warszawa&filter[person]=2&filter[child]=1&filter[price]=4766:9000&filter[PriceFrom]=4766&filter[PriceTo]=9000&filter[addCategory]=50&filter[addCatering]=1&filter[addMisc]=0&filter[addTransport]=F&filter[fp]=1&order_by=ofr_price&filter[tourOperator]=0&filter[childAge][1]=20201210","https://fly.pl/cdn/photo/assets/uploads/582/278/2015/09/Safir-Dahab-Resort.jpg","https://fly.pl/wycieczka/egipt,dahab,c/dahab-resort/p_aZ6Os7xyiA-EYRd0r6PyAAogMQFq7DPWNOS_SgbzAxfUmFxRsiItOkZcPLzNjjqE-S0qBEpPSU4wk4Xg0AZIjDpQAViPA2ACagJBSXIfHBGpH7kElo4CqwRyGNPNHxvlggEBwfOtVAIAYwECC8iB2jE/ofertasv/?filter[tourOperator]=JOIN&filter%5Bperson%5D=2&filter%5BchildAge%5D%5B1%5D=20201210&filter%5Bchild%5D=1"
"Naama Bay Promenade Mountain Resort","7459.0","06.06.2026 - 13.06.2026","8 dni","","Warszawa%20-%20Modlin","2026-05-28T08:59:03.671230+00:00","https://fly.pl/szukaj-wycieczek/?filter[dest]=11:&filter[hotelids]=&filter[cityids]=0&filter[cregids]=&filter[ofrType]=&filter[addObjType]=&filter[whenFrom]=28-05-2026&filter[whenTo]=30-06-2026&filter[duration]=7:10&filter[from]=Warszawa%20-%20Modlin,Warszawa%20-%20Radom,Warszawa&filter[person]=2&filter[child]=1&filter[price]=4766:9000&filter[PriceFrom]=4766&filter[PriceTo]=9000&filter[addCategory]=50&filter[addCatering]=1&filter[addMisc]=0&filter[addTransport]=F&filter[fp]=1&order_by=ofr_price&filter[tourOperator]=0&filter[childAge][1]=20201210","https://fly.pl/cdn/photo/assets/uploads/582/278/2024/07/naama-bay-promenade-mountain-resort.jpg","https://fly.pl/wycieczka/egipt,sharm-el-sheikh,szarm-el-szejk/naama-bay-promenade-mountain-resort-12/pmluOQ7NyVLcSW00LGL52ZAAogr2vhMHj4b0XXUF8bSNyfygAAAACHhAQApIQEAAcAEgAqBFdFWlkwk4Xg0AZIozpQQVjPAWADaglFbnRlciBBaXJqBDA4MDByQ54BlQEfAAIBHAAWBBcCEu0DGIUFE80BFMkEEcsPQMdiTKCiAU8AS8cjUAAbsYMCHc6-DSAdDdrEwgkBEmMBDGMBAgXjtpOG/?operator=WEZY&adults=2&children=2020-12-10&nsv=1&objectId=215552&transport=accommodation_flight&departureDate=2026-06-06&returnDate=2026-06-13&departureLocation=Warszawa+-+Modlin%2CWarszawa+-+Radom%2CWarszawa&opt=delta&catering=all_inclusive"
"Red Sea Grand Waterworld Makadi (ex. Sunwing Waterworld Makadi)","7488.0","07.06.2026 - 14.06.2026","8 dni","","Warszawa%20-%20Modlin","2026-05-28T08:59:03.793647+00:00","https://fly.pl/szukaj-wycieczek/?filter[dest]=11:&filter[hotelids]=&filter[cityids]=0&filter[cregids]=&filter[ofrType]=&filter[addObjType]=&filter[whenFrom]=28-05-2026&filter[whenTo]=30-06-2026&filter[duration]=7:10&filter[from]=Warszawa%20-%20Modlin,Warszawa%20-%20Radom,Warszawa&filter[person]=2&filter[child]=1&filter[price]=4766:9000&filter[PriceFrom]=4766&filter[PriceTo]=9000&filter[addCategory]=50&filter[addCatering]=1&filter[addMisc]=0&filter[addTransport]=F&filter[fp]=1&order_by=ofr_price&filter[tourOperator]=0&filter[childAge][1]=20201210","https://fly.pl/cdn/photo/assets/uploads/582/278/2017/06/Red-Sea-Grand-Waterworld-Makadi.jpg","https://fly.pl/wycieczka/egipt,hurghada,makadi-bay/sunwing-waterworld-makadi/polKL3rH1c6djXZUQnawzQAAogoB6Zp15XFpCtyTZTS8jCfwRgu3lqtHjLtViZbL08APsqA0VUSTCTheDQBkjAOlBBWOcBYAJyMRUHFwBcA1gFVgJA-wdbw4UBU50mUgBer09L7UNhACD3htIJDQBRoeO99gMCEmMBAgpXzSwq/ofertasv/?filter[tourOperator]=ETI&filter%5Bperson%5D=2&filter%5BchildAge%5D%5B1%5D=20201210&filter%5Bchild%5D=1"
"Jaz Aquamarine Resort","7502.0","07.06.2026 - 14.06.2026","8 dni","","Warszawa%20-%20Modlin","2026-05-28T08:59:03.915931+00:00","https://fly.pl/szukaj-wycieczek/?filter[dest]=11:&filter[hotelids]=&filter[cityids]=0&filter[cregids]=&filter[ofrType]=&filter[addObjType]=&filter[whenFrom]=28-05-2026&filter[whenTo]=30-06-2026&filter[duration]=7:10&filter[from]=Warszawa%20-%20Modlin,Warszawa%20-%20Radom,Warszawa&filter[person]=2&filter[child]=1&filter[price]=4766:9000&filter[PriceFrom]=4766&filter[PriceTo]=9000&filter[addCategory]=50&filter[addCatering]=1&filter[addMisc]=0&filter[addTransport]=F&filter[fp]=1&order_by=ofr_price&filter[tourOperator]=0&filter[childAge][1]=20201210","https://fly.pl/cdn/photo/assets/uploads/582/278/2016/11/jaz-aquamarine-ex-iberotel-egipt-hurghada-1b.jpg","https://fly.pl/wycieczka/egipt,hurghada,c/jaz-aquamarine-ex-iberotel-aquamarine/phS5AkQ-c7Eu3JFbxTGF7kAAogddyX768r3B9526_y9MD2QgAAAADSggQA7oIEAAcAAAAqBFdFWlkwk4Xg0AZIzjpQQVjnAWADaglFbnRlciBBaXJqBDAwMTVyQ54BlAEfABwBAgAWBBcCEZYBEtcCFdoFGJUDE7kBQIVzTMsyTwBLnJMBUAAb-aEDHdGcDCAcDZHIwgkBEmMBDGMBAwt74fI8/?operator=WEZY&adults=2&children=2020-12-10&nsv=1&objectId=8143&transport=accommodation_flight&departureDate=2026-06-07&returnDate=2026-06-14&departureLocation=Warszawa+-+Modlin%2CWarszawa+-+Radom%2CWarszawa&opt=delta&catering=all_inclusive"
"Coral Sea Water World Resort","7510.0","14.06.2026 - 21.06.2026","8 dni","","Warszawa%20-%20Modlin","2026-05-28T08:59:04.036250+00:00","https://fly.pl/szukaj-wycieczek/?filter[dest]=11:&filter[hotelids]=&filter[cityids]=0&filter[cregids]=&filter[ofrType]=&filter[addObjType]=&filter[whenFrom]=28-05-2026&filter[whenTo]=30-06-2026&filter[duration]=7:10&filter[from]=Warszawa%20-%20Modlin,Warszawa%20-%20Radom,Warszawa&filter[person]=2&filter[child]=1&filter[price]=4766:9000&filter[PriceFrom]=4766&filter[PriceTo]=9000&filter[addCategory]=50&filter[addCatering]=1&filter[addMisc]=0&filter[addTransport]=F&filter[fp]=1&order_by=ofr_price&filter[tourOperator]=0&filter[childAge][1]=20201210","https://fly.pl/cdn/photo/assets/uploads/582/278/2014/07/Coral-Sea-Waterworld.jpg","https://fly.pl/wycieczka/egipt,sharm-el-sheikh,c/coral-sea-water-world/pg3GLMmSgzyAAYi8NZNu5iAAog-oyWYIreHbxHvDsn3XlX0FxRsiItOkZcPLzNjjqE-S0qBEpPSU4wk4Xg0AZI1jpQAViPA2ACagJBSXIgHBG5G7kEhpICqwRyGJrCHxueigEB_4mBrQECAGMBAgyW6AO4/ofertasv/?filter[tourOperator]=JOIN&filter%5Bperson%5D=2&filter%5BchildAge%5D%5B1%5D=20201210&filter%5Bchild%5D=1"
"Royal Regency Club","7510.0","14.06.2026 - 21.06.2026","8 dni","","Warszawa%20-%20Modlin","2026-05-28T08:59:04.155247+00:00","https://fly.pl/szukaj-wycieczek/?filter[dest]=11:&filter[hotelids]=&filter[cityids]=0&filter[cregids]=&filter[ofrType]=&filter[addObjType]=&filter[whenFrom]=28-05-2026&filter[whenTo]=30-06-2026&filter[duration]=7:10&filter[from]=Warszawa%20-%20Modlin,Warszawa%20-%20Radom,Warszawa&filter[person]=2&filter[child]=1&filter[price]=4766:9000&filter[PriceFrom]=4766&filter[PriceTo]=9000&filter[addCategory]=50&filter[addCatering]=1&filter[addMisc]=0&filter[addTransport]=F&filter[fp]=1&order_by=ofr_price&filter[tourOperator]=0&filter[childAge][1]=20201210","https://fly.pl/cdn/photo/assets/uploads/582/278/2024/07/royal-regency-club.jpg","https://fly.pl/wycieczka/egipt,sharm-el-sheikh,szarm-el-szejk/royal-regency-club/pjPAPiwv0RllwP__NVhZz0AAogOVBgAP9kK9264WumY0A8xlxRsiItOkZcPLzNjjqE-S0qBEpPSU4wk4Xg0AZI1jpQAViPA2ACagJVQXIgHBHRHLkE7pACqwRyGJ_NHxvPjQEB3rGGrQECAGMBAg3mi80Q/ofertasv/?filter[tourOperator]=JOIN&filter%5Bperson%5D=2&filter%5BchildAge%5D%5B1%5D=20201210&filter%5Bchild%5D=1"
"Coral Sea Holiday Resort","7510.0","14.06.2026 - 21.06.2026","8 dni","","Warszawa%20-%20Modlin","2026-05-28T08:59:04.263667+00:00","https://fly.pl/szukaj-wycieczek/?filter[dest]=11:&filter[hotelids]=&filter[cityids]=0&filter[cregids]=&filter[ofrType]=&filter[addObjType]=&filter[whenFrom]=28-05-2026&filter[whenTo]=30-06-2026&filter[duration]=7:10&filter[from]=Warszawa%20-%20Modlin,Warszawa%20-%20Radom,Warszawa&filter[person]=2&filter[child]=1&filter[price]=4766:9000&filter[PriceFrom]=4766&filter[PriceTo]=9000&filter[addCategory]=50&filter[addCatering]=1&filter[addMisc]=0&filter[addTransport]=F&filter[fp]=1&order_by=ofr_price&filter[tourOperator]=0&filter[childAge][1]=20201210","https://fly.pl/cdn/photo/assets/uploads/582/278/2014/07/Coral-Sea-Holiday-Resort.jpg","https://fly.pl/wycieczka/egipt,sharm-el-sheikh,c/coral-sea-holiday-village/pROQiYEH4mlAUF6rg2HpuPAAoggkWQXGufLC--FOUWO2Dxp1xRsiItOkZcPLzNjjqE-S0qBEpPSU4wk4Xg0AZI1jpQAViPA2ACagJBSXIgHBG1G7kEipICqwRyGO3BHxuuowEBtsX_rAECAGMBAgzC64sc/ofertasv/?filter[tourOperator]=JOIN&filter%5Bperson%5D=2&filter%5BchildAge%5D%5B1%5D=20201210&filter%5Bchild%5D=1"
"Jasmine Palace","7557.0","11.06.2026 - 18.06.2026","8 dni","","Warszawa%20-%20Modlin","2026-05-28T08:59:04.372556+00:00","https://fly.pl/szukaj-wycieczek/?filter[dest]=11:&filter[hotelids]=&filter[cityids]=0&filter[cregids]=&filter[ofrType]=&filter[addObjType]=&filter[whenFrom]=28-05-2026&filter[whenTo]=30-06-2026&filter[duration]=7:10&filter[from]=Warszawa%20-%20Modlin,Warszawa%20-%20Radom,Warszawa&filter[person]=2&filter[child]=1&filter[price]=4766:9000&filter[PriceFrom]=4766&filter[PriceTo]=9000&filter[addCategory]=50&filter[addCatering]=1&filter[addMisc]=0&filter[addTransport]=F&filter[fp]=1&order_by=ofr_price&filter[tourOperator]=0&filter[childAge][1]=20201210","https://fly.pl/cdn/photo/assets/uploads/582/278/2014/07/Jasmine-Palace.jpg","https://fly.pl/wycieczka/egipt,hurghada,c/jasmine-palace/pKSX2ke54yo-IieA16ymnGAAoggoSlm98arnLuPgUQssUkZazL7gFY-vG_pdvPW-AxFXcqBFZJVFgwk4Xg0AZIhTtQQVjHAmACckAaABUHFwBcA1gFQI8DW7-DAVOPLVIAXq9PS-1DYQBM36o5DZzcmAkgAFHjhMj7jwFPu4MlXZCE8_N1Ag1jAQIMJTTosg/ofertasv/?filter[tourOperator]=VITX&filter%5Bperson%5D=2&filter%5BchildAge%5D%5B1%5D=20201210&filter%5Bchild%5D=1"
"Charmillion Club Resort","7569.0","06.06.2026 - 13.06.2026","8 dni","","Warszawa%20-%20Modlin","2026-05-28T08:59:04.480798+00:00","https://fly.pl/szukaj-wycieczek/?filter[dest]=11:&filter[hotelids]=&filter[cityids]=0&filter[cregids]=&filter[ofrType]=&filter[addObjType]=&filter[whenFrom]=28-05-2026&filter[whenTo]=30-06-2026&filter[duration]=7:10&filter[from]=Warszawa%20-%20Modlin,Warszawa%20-%20Radom,Warszawa&filter[person]=2&filter[child]=1&filter[price]=4766:9000&filter[PriceFrom]=4766&filter[PriceTo]=9000&filter[addCategory]=50&filter[addCatering]=1&filter[addMisc]=0&filter[addTransport]=F&filter[fp]=1&order_by=ofr_price&filter[tourOperator]=0&filter[childAge][1]=20201210","https://fly.pl/cdn/photo/assets/uploads/582/278/2014/07/Charmillion-Club-Resort-ex.-Sea-Club-Resort-fly-pl.jpg","https://fly.pl/wycieczka/egipt,sharm-el-sheikh,c/sea-club-sharm-el-sheikh/pLHKtmj95qJPmjpYNJJNiSAAog372LO1IOKr-9MWowDSdMZgAAAACHhAQApIQEAAcAEgAqBFdFWlkwk4Xg0AZIkTtQQVjPAWADaglFbnRlciBBaXJqBDA4MDByQp4BlQEfAAIBHAAWBBcCEu0DGIUFE80BFMkEEZEOQIFkTKCiAU8AS8cjUAAb5DEdm5APIB0N2sTCCQESYwENYwECBTKtBfU/?operator=WEZY&adults=2&children=2020-12-10&nsv=1&objectId=1128&transport=accommodation_flight&departureDate=2026-06-06&returnDate=2026-06-13&departureLocation=Warszawa+-+Modlin%2CWarszawa+-+Radom%2CWarszawa&opt=delta&catering=all_inclusive"
"Renaissance Golden View Beach Resort by Marriott","7570.0","14.06.2026 - 21.06.2026","8 dni","","Warszawa%20-%20Modlin","2026-05-28T08:59:04.588077+00:00","https://fly.pl/szukaj-wycieczek/?filter[dest]=11:&filter[hotelids]=&filter[cityids]=0&filter[cregids]=&filter[ofrType]=&filter[addObjType]=&filter[whenFrom]=28-05-2026&filter[whenTo]=30-06-2026&filter[duration]=7:10&filter[from]=Warszawa%20-%20Modlin,Warszawa%20-%20Radom,Warszawa&filter[person]=2&filter[child]=1&filter[price]=4766:9000&filter[PriceFrom]=4766&filter[PriceTo]=9000&filter[addCategory]=50&filter[addCatering]=1&filter[addMisc]=0&filter[addTransport]=F&filter[fp]=1&order_by=ofr_price&filter[tourOperator]=0&filter[childAge][1]=20201210","https://fly.pl/cdn/photo/assets/uploads/582/278/2014/07/Renaissance-Golden-View-Beach-Resort.jpg","https://fly.pl/wycieczka/egipt,sharm-el-sheikh,c/renaissance-golden-view-beach/pp9T8pYXi2oLT2n_jJ5qA6AAog3Em-WmU5NPXAdKIlriP1AVxRsiItOkZcPLzNjjqE-S0qBEpPSU4wk4Xg0AZIkjtQAViPA2ACagJBSXIgHBHLHLkE9JACqwRyGNbMHxvYjQEBhYCCrQECAGMBAgvx5tZ2/ofertasv/?filter[tourOperator]=JOIN&filter%5Bperson%5D=2&filter%5BchildAge%5D%5B1%5D=20201210&filter%5Bchild%5D=1"
"Jaz Neo Saraya Palms","7578.0","16.06.2026 - 23.06.2026","8 dni","","Warszawa%20-%20Modlin","2026-05-28T08:59:04.698858+00:00","https://fly.pl/szukaj-wycieczek/?filter[dest]=11:&filter[hotelids]=&filter[cityids]=0&filter[cregids]=&filter[ofrType]=&filter[addObjType]=&filter[whenFrom]=28-05-2026&filter[whenTo]=30-06-2026&filter[duration]=7:10&filter[from]=Warszawa%20-%20Modlin,Warszawa%20-%20Radom,Warszawa&filter[person]=2&filter[child]=1&filter[price]=4766:9000&filter[PriceFrom]=4766&filter[PriceTo]=9000&filter[addCategory]=50&filter[addCatering]=1&filter[addMisc]=0&filter[addTransport]=F&filter[fp]=1&order_by=ofr_price&filter[tourOperator]=0&filter[childAge][1]=20201210","https://fly.pl/cdn/photo/assets/uploads/582/278/2015/04/Jaz-Makadi-Saraya-Palms.jpg","https://fly.pl/wycieczka/egipt,hurghada,c/iberotel-makadi-saraya-palms/poWFE_JA8CQAp1aQx4EkibAAogRdB5cgFgZ0Vi4KpD9wGN7MD2OpZO2AXm95eQ1wXSy3QqBEpPSU4wk4Xg0AZImjtQAVi_A2ACagJBSXIgHBHpGrkE7ccCqwQ-GISlHxu5lgEB0ImDlAECAGMBAgywA5j7/ofertasv/?filter[tourOperator]=JOIN&filter%5Bperson%5D=2&filter%5BchildAge%5D%5B1%5D=20201210&filter%5Bchild%5D=1"
"Titanic Palace Resort","7592.0","07.06.2026 - 14.06.2026","8 dni","","Warszawa%20-%20Modlin","2026-05-28T08:59:04.809534+00:00","https://fly.pl/szukaj-wycieczek/?filter[dest]=11:&filter[hotelids]=&filter[cityids]=0&filter[cregids]=&filter[ofrType]=&filter[addObjType]=&filter[whenFrom]=28-05-2026&filter[whenTo]=30-06-2026&filter[duration]=7:10&filter[from]=Warszawa%20-%20Modlin,Warszawa%20-%20Radom,Warszawa&filter[person]=2&filter[child]=1&filter[price]=4766:9000&filter[PriceFrom]=4766&filter[PriceTo]=9000&filter[addCategory]=50&filter[addCatering]=1&filter[addMisc]=0&filter[addTransport]=F&filter[fp]=1&order_by=ofr_price&filter[tourOperator]=0&filter[childAge][1]=20201210","https://fly.pl/cdn/photo/assets/uploads/582/278/2014/07/Titanic-Palace-Resort.jpg","https://fly.pl/wycieczka/egipt,hurghada,c/titanic-palace-2/pInGKKkvSowHMDcIBApNEpAAogO8PWZ_6iWqFR_5xKHdZLkAAAAADSggQA7oIEAAcAAAAqBFdFWlkwk4Xg0AZIqDtQQVjnAWADaglFbnRlciBBaXJqBDAwMTVyQp4BlAEfABwBAgAWABcGEb0BErACFdoFGJUDE7kBQIVzTMsyTwBLnJMBUAAbnDEdro0PIBwNkcjCCQESYwEMYwECBWw3llI/?operator=WEZY&adults=2&children=2020-12-10&nsv=1&objectId=11798&transport=accommodation_flight&departureDate=2026-06-07&returnDate=2026-06-14&departureLocation=Warszawa+-+Modlin%2CWarszawa+-+Radom%2CWarszawa&opt=delta&catering=all_inclusive"
"Serenity Alma Heights (ex. Serenity Fun City)","7634.0","07.06.2026 - 14.06.2026","8 dni","","Warszawa%20-%20Modlin","2026-05-28T08:59:04.924562+00:00","https://fly.pl/szukaj-wycieczek/?filter[dest]=11:&filter[hotelids]=&filter[cityids]=0&filter[cregids]=&filter[ofrType]=&filter[addObjType]=&filter[whenFrom]=28-05-2026&filter[whenTo]=30-06-2026&filter[duration]=7:10&filter[from]=Warszawa%20-%20Modlin,Warszawa%20-%20Radom,Warszawa&filter[person]=2&filter[child]=1&filter[price]=4766:9000&filter[PriceFrom]=4766&filter[PriceTo]=9000&filter[addCategory]=50&filter[addCatering]=1&filter[addMisc]=0&filter[addTransport]=F&filter[fp]=1&order_by=ofr_price&filter[tourOperator]=0&filter[childAge][1]=20201210","https://fly.pl/cdn/photo/assets/uploads/582/278/2014/09/Serenity-Alma-Heights.jpg","https://fly.pl/wycieczka/egipt,hurghada,makadi-bay/serenity-fun-city/pZhPpPdRJQPuCTz7JertWDAAoga2uLu_Y3EIvRWhToN8jZtwAAAADSggQA7oIEAAcAAAAqBFdFWlkwk4Xg0AZI0jtQQVjnAWADaglFbnRlciBBaXJqBDAwMTVyQ54BlAEfAAIBHAAWBhcAEu0DFdoFGJUDE7kBEcwfQLlTTMsyTwBLnJMBUAAdyr4PIBwbgekzDZDfjgkBEmMBDWMBAgYTs44c/?operator=WEZY&adults=2&children=2020-12-10&nsv=1&objectId=35935&transport=accommodation_flight&departureDate=2026-06-07&returnDate=2026-06-14&departureLocation=Warszawa+-+Modlin%2CWarszawa+-+Radom%2CWarszawa&opt=delta&catering=all_inclusive"
"Serenity Alpha Beach (ex. Serenity Makadi Beach)","7637.0","11.06.2026 - 18.06.2026","8 dni","","Warszawa%20-%20Modlin","2026-05-28T08:59:05.035258+00:00","https://fly.pl/szukaj-wycieczek/?filter[dest]=11:&filter[hotelids]=&filter[cityids]=0&filter[cregids]=&filter[ofrType]=&filter[addObjType]=&filter[whenFrom]=28-05-2026&filter[whenTo]=30-06-2026&filter[duration]=7:10&filter[from]=Warszawa%20-%20Modlin,Warszawa%20-%20Radom,Warszawa&filter[person]=2&filter[child]=1&filter[price]=4766:9000&filter[PriceFrom]=4766&filter[PriceTo]=9000&filter[addCategory]=50&filter[addCatering]=1&filter[addMisc]=0&filter[addTransport]=F&filter[fp]=1&order_by=ofr_price&filter[tourOperator]=0&filter[childAge][1]=20201210","https://fly.pl/cdn/photo/assets/uploads/582/278/2014/07/Serenity-Alpha-Beach.jpg","https://fly.pl/wycieczka/egipt,hurghada,makadi-bay/serenity-makadi-heights/pJNAdWsSFsuQEBA1qsVPz9AAog5uLt5hDNhZeEttJs7kUVkFvIJNo-v4qnTpe8Q4PSP0cqBEVYSU0wk4Xg0AZI1TtQAVjHAmACagNVQUlyIRwR78UGuQSn9T2rBBwb3r06GMnGOwH-s6auCgIAYwECC8rpeZA/ofertasv/?filter[tourOperator]=EXIM&filter%5Bperson%5D=2&filter%5BchildAge%5D%5B1%5D=20201210&filter%5Bchild%5D=1"
"Jaz Aquaviva","7642.0","16.06.2026 - 23.06.2026","8 dni","","Warszawa%20-%20Modlin","2026-05-28T08:59:05.152682+00:00","https://fly.pl/szukaj-wycieczek/?filter[dest]=11:&filter[hotelids]=&filter[cityids]=0&filter[cregids]=&filter[ofrType]=&filter[addObjType]=&filter[whenFrom]=28-05-2026&filter[whenTo]=30-06-2026&filter[duration]=7:10&filter[from]=Warszawa%20-%20Modlin,Warszawa%20-%20Radom,Warszawa&filter[person]=2&filter[child]=1&filter[price]=4766:9000&filter[PriceFrom]=4766&filter[PriceTo]=9000&filter[addCategory]=50&filter[addCatering]=1&filter[addMisc]=0&filter[addTransport]=F&filter[fp]=1&order_by=ofr_price&filter[tourOperator]=0&filter[childAge][1]=20201210","https://fly.pl/cdn/photo/assets/uploads/582/278/2015/07/Jaz-Aquaviva.jpg","https://fly.pl/wycieczka/egipt,hurghada,makadi-bay/jaz-makadi-aquaviva/pxcx07PRnf12K8fMyoa7GEAAogfhsMX67o_5OYfCbk-PmkO8D2OpZO2AXm95eQ1wXSy3QqBEpPSU4wk4Xg0AZI2jtQAVi_A2ACagJBSXIfHBHfGrkE98cCqwQ-GK6kHxuLcAG6uI-UAQIAYwECDM6jWtI/ofertasv/?filter[tourOperator]=JOIN&filter%5Bperson%5D=2&filter%5BchildAge%5D%5B1%5D=20201210&filter%5Bchild%5D=1"
"Red Sea Grand Makadi (Makadi Bay)","7650.0","07.06.2026 - 14.06.2026","8 dni","","Warszawa%20-%20Modlin","2026-05-28T08:59:05.307301+00:00","https://fly.pl/szukaj-wycieczek/?filter[dest]=11:&filter[hotelids]=&filter[cityids]=0&filter[cregids]=&filter[ofrType]=&filter[addObjType]=&filter[whenFrom]=28-05-2026&filter[whenTo]=30-06-2026&filter[duration]=7:10&filter[from]=Warszawa%20-%20Modlin,Warszawa%20-%20Radom,Warszawa&filter[person]=2&filter[child]=1&filter[price]=4766:9000&filter[PriceFrom]=4766&filter[PriceTo]=9000&filter[addCategory]=50&filter[addCatering]=1&filter[addMisc]=0&filter[addTransport]=F&filter[fp]=1&order_by=ofr_price&filter[tourOperator]=0&filter[childAge][1]=20201210","https://fly.pl/cdn/photo/assets/uploads/582/278/2017/08/Grand-Makadi-Makadi-Bay-fly-pl-2.jpg","https://fly.pl/wycieczka/egipt,hurghada,makadi-bay/grand-makadi-makadi-bay/pSA6kyhM9ETlRpCE0bkV76AAoggKRBt6njz1joHAcejfvuMARgu3lqtHjLtViZbL08APsqA0VUSTCTheDQBkjiO1BBWOcBYAJyMRUHFwBcA1gFVgJA-wdbw4UBU50mUgBer09L7UNhACD3htIJDQBR4-G99gMCEmMBAgqQPJ5t/ofertasv/?filter[tourOperator]=ETI&filter%5Bperson%5D=2&filter%5BchildAge%5D%5B1%5D=20201210&filter%5Bchild%5D=1"
"Old Palace Resort","7677.0","18.06.2026 - 25.06.2026","8 dni","","Warszawa%20-%20Modlin","2026-05-28T08:59:05.439684+00:00","https://fly.pl/szukaj-wycieczek/?filter[dest]=11:&filter[hotelids]=&filter[cityids]=0&filter[cregids]=&filter[ofrType]=&filter[addObjType]=&filter[whenFrom]=28-05-2026&filter[whenTo]=30-06-2026&filter[duration]=7:10&filter[from]=Warszawa%20-%20Modlin,Warszawa%20-%20Radom,Warszawa&filter[person]=2&filter[child]=1&filter[price]=4766:9000&filter[PriceFrom]=4766&filter[PriceTo]=9000&filter[addCategory]=50&filter[addCatering]=1&filter[addMisc]=0&filter[addTransport]=F&filter[fp]=1&order_by=ofr_price&filter[tourOperator]=0&filter[childAge][1]=20201210","https://fly.pl/cdn/photo/assets/uploads/582/278/2015/03/Old-Palace-Resort-Sahl-Hasheesh.jpg","https://fly.pl/wycieczka/egipt,hurghada,c/old-palace-resort/p5Z74ixSoru7-k8_tJwRIHAAog0pVbGuC7csHiucSfl7KpM3HyXWYemBt1fyOhzbp9ElEqBE9SRVgwk4Xg0AZI_TtQQVjvA2ACagVFLjIuMXI1mwEVBxcAXANYBVYCES5AnAZd0w5PJFOangFSAF6vT0uBEmEATNG-OiCd-pcJDQACEmMBAgt-8Vqz/?operator=OREX&adults=2&children=2020-12-10&nsv=1&objectId=4842&transport=accommodation_flight&departureDate=2026-06-18&returnDate=2026-06-25&departureLocation=Warszawa+-+Modlin%2CWarszawa+-+Radom%2CWarszawa&opt=delta&catering=all_inclusive"
"Reef Oasis Suakin Resort","7691.0","06.06.2026 - 13.06.2026","8 dni","","Warszawa%20-%20Modlin","2026-05-28T08:59:05.553402+00:00","https://fly.pl/szukaj-wycieczek/?filter[dest]=11:&filter[hotelids]=&filter[cityids]=0&filter[cregids]=&filter[ofrType]=&filter[addObjType]=&filter[whenFrom]=28-05-2026&filter[whenTo]=30-06-2026&filter[duration]=7:10&filter[from]=Warszawa%20-%20Modlin,Warszawa%20-%20Radom,Warszawa&filter[person]=2&filter[child]=1&filter[price]=4766:9000&filter[PriceFrom]=4766&filter[PriceTo]=9000&filter[addCategory]=50&filter[addCatering]=1&filter[addMisc]=0&filter[addTransport]=F&filter[fp]=1&order_by=ofr_price&filter[tourOperator]=0&filter[childAge][1]=20201210","https://fly.pl/cdn/photo/assets/uploads/582/278/2024/07/reef-oasis-suakin-resort.jpg","https://fly.pl/wycieczka/egipt,marsa-alam,c/reef-oasis-suakin-resort-11/pUSjqkqOngG4plbNTT1DxpAAog-oV9y3K2qioB0TcUkx8CSxdj7gtn7bkxRJ6mk9Br-vwqBFZJVFgwk4Xg0AZIizxQQVjPAWACckAaABUHFwBcA1gFQI8DW6eGAV7WeVK8FFMAS7EvYQBMn5c8DdfvlQkgAFGpo7723wFP-voNXZz4r_klAgxjAQIL2D_HJg/ofertasv/?filter[tourOperator]=VITX&filter%5Bperson%5D=2&filter%5BchildAge%5D%5B1%5D=20201210&filter%5Bchild%5D=1"
"Akassia Swiss Resort (ex. Calimera Club Akassia Swiss Resort)","7700.0","02.06.2026 - 09.06.2026","8 dni","","Warszawa%20-%20Modlin","2026-05-28T08:59:05.678607+00:00","https://fly.pl/szukaj-wycieczek/?filter[dest]=11:&filter[hotelids]=&filter[cityids]=0&filter[cregids]=&filter[ofrType]=&filter[addObjType]=&filter[whenFrom]=28-05-2026&filter[whenTo]=30-06-2026&filter[duration]=7:10&filter[from]=Warszawa%20-%20Modlin,Warszawa%20-%20Radom,Warszawa&filter[person]=2&filter[child]=1&filter[price]=4766:9000&filter[PriceFrom]=4766&filter[PriceTo]=9000&filter[addCategory]=50&filter[addCatering]=1&filter[addMisc]=0&filter[addTransport]=F&filter[fp]=1&order_by=ofr_price&filter[tourOperator]=0&filter[childAge][1]=20201210","https://fly.pl/cdn/photo/assets/uploads/582/278/2014/09/Akassia-Swiss-Resort.jpg","https://fly.pl/wycieczka/egipt,marsa-alam,c/calimera-club-akassia-swiss-resort/p8sSdbl2jTD-of3A8rPNCZAAogu-04yuRoMC_zXSdVXjCTmQAAAABvpwQAYKYEAAcAAQAqBFdFWlkwk4Xg0AZIlDxQQVhvYANqCUVudGVyIEFpcmoEMDgwMHJFngGVAR8AAgEcABYEFwIS7QMYywUT6gMU0wQR-B5QuEhA9QdMtpYBTwBLsS8b5asCIPPZDR2PAg2L_8EJARJjAQxjAQIF2JVCvA/?operator=WEZY&adults=2&children=2020-12-10&nsv=1&objectId=25421&transport=accommodation_flight&departureDate=2026-06-02&returnDate=2026-06-09&departureLocation=Warszawa+-+Modlin%2CWarszawa+-+Radom%2CWarszawa&opt=delta&catering=all_inclusive"
"The Cascades Golf Resort Spa & Thalasso (ex Westin Soma Bay)","7734.0","16.06.2026 - 23.06.2026","8 dni","","Warszawa%20-%20Modlin","2026-05-28T08:59:05.871791+00:00","https://fly.pl/szukaj-wycieczek/?filter[dest]=11:&filter[hotelids]=&filter[cityids]=0&filter[cregids]=&filter[ofrType]=&filter[addObjType]=&filter[whenFrom]=28-05-2026&filter[whenTo]=30-06-2026&filter[duration]=7:10&filter[from]=Warszawa%20-%20Modlin,Warszawa%20-%20Radom,Warszawa&filter[person]=2&filter[child]=1&filter[price]=4766:9000&filter[PriceFrom]=4766&filter[PriceTo]=9000&filter[addCategory]=50&filter[addCatering]=1&filter[addMisc]=0&filter[addTransport]=F&filter[fp]=1&order_by=ofr_price&filter[tourOperator]=0&filter[childAge][1]=20201210","https://fly.pl/cdn/photo/assets/uploads/582/278/2014/10/The-Cascades-Golf-Resort-Spa-Thalasso.jpg","https://fly.pl/wycieczka/egipt,hurghada,soma-bay/la-residence-des-cascades/ptZCa-kMzhvzF7J8rkPtIYAAog9FFzw2Yz9kayRzg4IAK35sD2OpZO2AXm95eQ1wXSy3QqBEpPSU4wk4Xg0AZItjxQAVi_A2ACagJBSXIgHBGtIbkEqcECqwQ-GP6eIBu8kgEBmJq3lAECAGMBAgym2dF8/ofertasv/?filter[tourOperator]=JOIN&filter%5Bperson%5D=2&filter%5BchildAge%5D%5B1%5D=20201210&filter%5Bchild%5D=1"
"Pickalbatros Vita Resort Portofino","7737.0","09.06.2026 - 16.06.2026","8 dni","","Warszawa%20-%20Modlin","2026-05-28T08:59:05.993509+00:00","https://fly.pl/szukaj-wycieczek/?filter[dest]=11:&filter[hotelids]=&filter[cityids]=0&filter[cregids]=&filter[ofrType]=&filter[addObjType]=&filter[whenFrom]=28-05-2026&filter[whenTo]=30-06-2026&filter[duration]=7:10&filter[from]=Warszawa%20-%20Modlin,Warszawa%20-%20Radom,Warszawa&filter[person]=2&filter[child]=1&filter[price]=4766:9000&filter[PriceFrom]=4766&filter[PriceTo]=9000&filter[addCategory]=50&filter[addCatering]=1&filter[addMisc]=0&filter[addTransport]=F&filter[fp]=1&order_by=ofr_price&filter[tourOperator]=0&filter[childAge][1]=20201210","https://fly.pl/cdn/photo/assets/uploads/582/278/2024/07/pickalbatros-vita-resort-portofino.jpg","https://fly.pl/wycieczka/egipt,marsa-alam,c/pickalbatros-vita-resort-portofino-11/pjWUKJ1ydcNpU7jw98lq1IAAogc3B0ZwblmdkFhOfrKqQhwzgJAQOewa1jKvJOfNTl61cqBEVYSU0wk4Xg0AZIuTxQAViXAmACagJBSXIhHBGwoQa5BKqdPqsEHBv5tCwY5f8uAfSU0o4IAgBjAQIMkyWnkg/ofertasv/?filter[tourOperator]=EXIM&filter%5Bperson%5D=2&filter%5BchildAge%5D%5B1%5D=20201210&filter%5Bchild%5D=1"
"Cleopatra Luxury Resort (Makadi Bay)","7744.0","11.06.2026 - 18.06.2026","8 dni","","Warszawa%20-%20Modlin","2026-05-28T08:59:06.106878+00:00","https://fly.pl/szukaj-wycieczek/?filter[dest]=11:&filter[hotelids]=&filter[cityids]=0&filter[cregids]=&filter[ofrType]=&filter[addObjType]=&filter[whenFrom]=28-05-2026&filter[whenTo]=30-06-2026&filter[duration]=7:10&filter[from]=Warszawa%20-%20Modlin,Warszawa%20-%20Radom,Warszawa&filter[person]=2&filter[child]=1&filter[price]=4766:9000&filter[PriceFrom]=4766&filter[PriceTo]=9000&filter[addCategory]=50&filter[addCatering]=1&filter[addMisc]=0&filter[addTransport]=F&filter[fp]=1&order_by=ofr_price&filter[tourOperator]=0&filter[childAge][1]=20201210","https://fly.pl/cdn/photo/assets/uploads/582/278/2014/10/Cleopatra-Luxury-Resort-Makadi-Bay.jpg","https://fly.pl/wycieczka/egipt,hurghada,makadi-bay/cleopatra-luxury-resort-makadi-bay/pvuBdKNmhZ0vXLTB_cD-RNAAognrk0ekmfhbHo4XFavdvY-SRYyIS-iNWB2qo_7y_LlVQqBFJOQlcwk4Xg0AZIwDxQAVjHAmACcgYCDWMBAgYpbdBt/ofertasv/?filter[tourOperator]=RNBW&filter%5Bperson%5D=2&filter%5BchildAge%5D%5B1%5D=20201210&filter%5Bchild%5D=1"
"Lazuli (Marsa Alam)","7757.0","09.06.2026 - 16.06.2026","8 dni","","Warszawa%20-%20Modlin","2026-05-28T08:59:06.210466+00:00","https://fly.pl/szukaj-wycieczek/?filter[dest]=11:&filter[hotelids]=&filter[cityids]=0&filter[cregids]=&filter[ofrType]=&filter[addObjType]=&filter[whenFrom]=28-05-2026&filter[whenTo]=30-06-2026&filter[duration]=7:10&filter[from]=Warszawa%20-%20Modlin,Warszawa%20-%20Radom,Warszawa&filter[person]=2&filter[child]=1&filter[price]=4766:9000&filter[PriceFrom]=4766&filter[PriceTo]=9000&filter[addCategory]=50&filter[addCatering]=1&filter[addMisc]=0&filter[addTransport]=F&filter[fp]=1&order_by=ofr_price&filter[tourOperator]=0&filter[childAge][1]=20201210","https://fly.pl/cdn/photo/assets/uploads/582/278/2021/06/Lazuli1.jpg","https://fly.pl/wycieczka/egipt,marsa-alam,al-kusajr/lazuli-13/p6VGu_QYFxz5c63TZxIqxtAAogJ-sM-OaTRN4O1Y49va0Rtv67KohbpwCNTEb9Tk7byMAqBFZJVFgwk4Xg0AZIzTxQQViXAmACckAaABUHFwBcA1gFQI8DW6eGAV7WeVK8FFMAS7EvYQBM36o5DZrcmAkgAVHo9az23wFPuKgfXZz4r_klAg1jAQIMEk5NJA/ofertasv/?filter[tourOperator]=VITX&filter%5Bperson%5D=2&filter%5BchildAge%5D%5B1%5D=20201210&filter%5Bchild%5D=1"
"Aurora Oriental Resort","7866.0","06.06.2026 - 13.06.2026","8 dni","","Warszawa%20-%20Modlin","2026-05-28T08:59:06.340774+00:00","https://fly.pl/szukaj-wycieczek/?filter[dest]=11:&filter[hotelids]=&filter[cityids]=0&filter[cregids]=&filter[ofrType]=&filter[addObjType]=&filter[whenFrom]=28-05-2026&filter[whenTo]=30-06-2026&filter[duration]=7:10&filter[from]=Warszawa%20-%20Modlin,Warszawa%20-%20Radom,Warszawa&filter[person]=2&filter[child]=1&filter[price]=4766:9000&filter[PriceFrom]=4766&filter[PriceTo]=9000&filter[addCategory]=50&filter[addCatering]=1&filter[addMisc]=0&filter[addTransport]=F&filter[fp]=1&order_by=ofr_price&filter[tourOperator]=0&filter[childAge][1]=20201210","https://fly.pl/cdn/photo/assets/uploads/582/278/2014/07/Aurora-Oriental-Resort.jpg","https://fly.pl/wycieczka/egipt,sharm-el-sheikh,szarm-el-szejk/oriental-resort/pR7wOSP-okmB_FeHA_HYgzAAogbV98MA8kf6ko3j95bu-L7AAAAACHhAQApIQEAAcAEgAqBFdFWlkwk4Xg0AZIuj1QQVjPAWADaglFbnRlciBBaXJqBDA4MDByQ54BlQEfAAIBHAAWBBcCEu0DGIUFE80BFMkEEbsPQNdiTKCiAU8AS8cjUAAb3dcCHaLqDCAdDdrEwgkBEmMBDmMBAgbAI8Mp/?operator=WEZY&adults=2&children=2020-12-10&nsv=1&objectId=619&transport=accommodation_flight&departureDate=2026-06-06&returnDate=2026-06-13&departureLocation=Warszawa+-+Modlin%2CWarszawa+-+Radom%2CWarszawa&opt=delta&catering=all_inclusive"
"Pickalbatros Villaggio Resort Portofino","7897.0","09.06.2026 - 16.06.2026","8 dni","","Warszawa%20-%20Modlin","2026-05-28T09:00:40.776665+00:00","https://fly.pl/szukaj-wycieczek/?filter[dest]=11:&filter[hotelids]=&filter[cityids]=0&filter[cregids]=&filter[ofrType]=&filter[addObjType]=&filter[whenFrom]=28-05-2026&filter[whenTo]=30-06-2026&filter[duration]=7:10&filter[from]=Warszawa%20-%20Modlin,Warszawa%20-%20Radom,Warszawa&filter[person]=2&filter[child]=1&filter[price]=4766:9000&filter[PriceFrom]=4766&filter[PriceTo]=9000&filter[addCategory]=50&filter[addCatering]=1&filter[addMisc]=0&filter[addTransport]=F&filter[fp]=1&order_by=ofr_price&filter[tourOperator]=0&filter[childAge][1]=20201210","https://fly.pl/cdn/photo/assets/uploads/582/278/2024/07/pickalbatros-villaggio-resort-portofino.jpg","https://fly.pl/wycieczka/egipt,marsa-alam,c/pickalbatros-villaggio-resort-portofino-15/ppKxRSrPBaaSvAJXZtKy-mAAogUpUScMiXbjl8U2iVCHjzcDgJAQOewa1jKvJOfNTl61cqBEVYSU0w9oXg0AZI2T1QAViXAmACagJBSXIhHBGk9ga5BLbIPasEHBuPkEQYqOpDAdSU65UMAgBjAQIM1Q2ZOQ/?operator=EXIM&adults=2&children=2020-12-10&nsv=1&objectId=225186&transport=accommodation_flight&departureDate=2026-06-09&returnDate=2026-06-16&departureLocation=Warszawa+-+Modlin%2CWarszawa+-+Radom%2CWarszawa&opt=delta&catering=all_inclusive"
"Pickalbatros Villaggio Resort Portofino","7897.0","09.06.2026 - 16.06.2026","8 dni","","Warszawa%20-%20Modlin","2026-05-28T09:00:40.820969+00:00","https://fly.pl/szukaj-wycieczek/?filter[dest]=11:&filter[hotelids]=&filter[cityids]=0&filter[cregids]=&filter[ofrType]=&filter[addObjType]=&filter[whenFrom]=28-05-2026&filter[whenTo]=30-06-2026&filter[duration]=7:10&filter[from]=Warszawa%20-%20Modlin,Warszawa%20-%20Radom,Warszawa&filter[person]=2&filter[child]=1&filter[price]=4766:9000&filter[PriceFrom]=4766&filter[PriceTo]=9000&filter[addCategory]=50&filter[addCatering]=1&filter[addMisc]=0&filter[addTransport]=F&filter[fp]=1&order_by=ofr_price&filter[tourOperator]=0&filter[childAge][1]=20201210","https://fly.pl/cdn/photo/assets/uploads/582/278/2024/07/pickalbatros-villaggio-resort-portofino.jpg","https://fly.pl/wycieczka/egipt,marsa-alam,c/pickalbatros-villaggio-resort-portofino-15/ppKxRSrPBaaSvAJXZtKy-mAAogUpUScMiXbjl8U2iVCHjzcDgJAQOewa1jKvJOfNTl61cqBEVYSU0w9oXg0AZI2T1QAViXAmACagJBSXIhHBGk9ga5BLbIPasEHBuPkEQYqOpDAdSU65UMAgBjAQIM1Q2ZOQ/?operator=EXIM&adults=2&children=2020-12-10&nsv=1&objectId=225186&transport=accommodation_flight&departureDate=2026-06-09&returnDate=2026-06-16&departureLocation=Warszawa+-+Modlin%2CWarszawa+-+Radom%2CWarszawa&opt=delta&catering=all_inclusive"
"Domina Coral Bay Sultan","7902.0","14.06.2026 - 21.06.2026","8 dni","","Warszawa%20-%20Modlin","2026-05-28T09:00:40.919806+00:00","https://fly.pl/szukaj-wycieczek/?filter[dest]=11:&filter[hotelids]=&filter[cityids]=0&filter[cregids]=&filter[ofrType]=&filter[addObjType]=&filter[whenFrom]=28-05-2026&filter[whenTo]=30-06-2026&filter[duration]=7:10&filter[from]=Warszawa%20-%20Modlin,Warszawa%20-%20Radom,Warszawa&filter[person]=2&filter[child]=1&filter[price]=4766:9000&filter[PriceFrom]=4766&filter[PriceTo]=9000&filter[addCategory]=50&filter[addCatering]=1&filter[addMisc]=0&filter[addTransport]=F&filter[fp]=1&order_by=ofr_price&filter[tourOperator]=0&filter[childAge][1]=20201210","https://fly.pl/cdn/photo/assets/uploads/582/278/2014/07/Domina-Coral-Bay-Sultan.jpg","https://fly.pl/wycieczka/egipt,sharm-el-sheikh,c/domina-coral-bay-sultan/pa-0smmlYxinUE5sfBmwNQAAogqpr37TYmC04Jl6Mj7NEn21xRsiItOkZcPLzNjjqE-S0qBEpPSU4w9oXg0AZI3j1QAViPA2ACagJBSXIgHBHNG7kE8pECqwRyGIDDHxv5mwEBpuH-rAECAGMBAgw3DQ8B/?operator=JOIN&adults=2&children=2020-12-10&nsv=1&objectId=12417&transport=accommodation_flight&departureDate=2026-06-14&returnDate=2026-06-21&departureLocation=Warszawa+-+Modlin%2CWarszawa+-+Radom%2CWarszawa&opt=delta&catering=all_inclusive"
"Marriott Hurghada Beach Resort","7912.0","09.06.2026 - 16.06.2026","8 dni","","Warszawa%20-%20Modlin","2026-05-28T09:00:41.019804+00:00","https://fly.pl/szukaj-wycieczek/?filter[dest]=11:&filter[hotelids]=&filter[cityids]=0&filter[cregids]=&filter[ofrType]=&filter[addObjType]=&filter[whenFrom]=28-05-2026&filter[whenTo]=30-06-2026&filter[duration]=7:10&filter[from]=Warszawa%20-%20Modlin,Warszawa%20-%20Radom,Warszawa&filter[person]=2&filter[child]=1&filter[price]=4766:9000&filter[PriceFrom]=4766&filter[PriceTo]=9000&filter[addCategory]=50&filter[addCatering]=1&filter[addMisc]=0&filter[addTransport]=F&filter[fp]=1&order_by=ofr_price&filter[tourOperator]=0&filter[childAge][1]=20201210","https://fly.pl/cdn/photo/assets/uploads/582/278/2014/09/Marriott-Hurghada-Beach-Resort.jpg","https://fly.pl/wycieczka/egipt,hurghada,c/marriott-hurghada-beach-resort/pWX6TXndKcMr-EQ0sAeBcYAAogsGNW2JzIEPTr6DGaoqrTO-A1VenNBQF7XO4_J7SyQn0qBEpPSU4w9oXg0AZI6D1QAViXAmACagJBSXIfHBGUG7kEwccCqwQ-GPimHxuLcgGerI-UAQIAYwECBm1hSwk/?operator=JOIN&adults=2&children=2020-12-10&nsv=1&objectId=3816&transport=accommodation_flight&departureDate=2026-06-09&returnDate=2026-06-16&departureLocation=Warszawa+-+Modlin%2CWarszawa+-+Radom%2CWarszawa&opt=delta&catering=all_inclusive"
"Jaz Makadi Oasis Resort","7924.0","09.06.2026 - 16.06.2026","8 dni","","Warszawa%20-%20Modlin","2026-05-28T09:00:41.121011+00:00","https://fly.pl/szukaj-wycieczek/?filter[dest]=11:&filter[hotelids]=&filter[cityids]=0&filter[cregids]=&filter[ofrType]=&filter[addObjType]=&filter[whenFrom]=28-05-2026&filter[whenTo]=30-06-2026&filter[duration]=7:10&filter[from]=Warszawa%20-%20Modlin,Warszawa%20-%20Radom,Warszawa&filter[person]=2&filter[child]=1&filter[price]=4766:9000&filter[PriceFrom]=4766&filter[PriceTo]=9000&filter[addCategory]=50&filter[addCatering]=1&filter[addMisc]=0&filter[addTransport]=F&filter[fp]=1&order_by=ofr_price&filter[tourOperator]=0&filter[childAge][1]=20201210","https://fly.pl/cdn/photo/assets/uploads/582/278/2015/04/Jaz-Makadi-Oasis.jpg","https://fly.pl/wycieczka/egipt,hurghada,makadi-bay/iberotel-makadi-club-oasis/p9HgL9Hj6RR5UXdtZTkX00AAogMw3Lqt8qopmNcr6v_fWQ8uA1VenNBQF7XO4_J7SyQn0qBEpPSU4w9oXg0AZI9D1QAViXAmACagJBSXIfHBHmGrkE78cCqwQ-GPikHxvRbgHcw4SUAQIAYwECDHhF4_s/?operator=JOIN&adults=2&children=2020-12-10&nsv=1&objectId=7252&transport=accommodation_flight&departureDate=2026-06-09&returnDate=2026-06-16&departureLocation=Warszawa+-+Modlin%2CWarszawa+-+Radom%2CWarszawa&opt=delta&catering=all_inclusive"
"Albatros Makadi Resort (ex Royal Pharaohs Makadi)","7927.0","07.06.2026 - 14.06.2026","8 dni","","Warszawa%20-%20Modlin","2026-05-28T09:00:41.219926+00:00","https://fly.pl/szukaj-wycieczek/?filter[dest]=11:&filter[hotelids]=&filter[cityids]=0&filter[cregids]=&filter[ofrType]=&filter[addObjType]=&filter[whenFrom]=28-05-2026&filter[whenTo]=30-06-2026&filter[duration]=7:10&filter[from]=Warszawa%20-%20Modlin,Warszawa%20-%20Radom,Warszawa&filter[person]=2&filter[child]=1&filter[price]=4766:9000&filter[PriceFrom]=4766&filter[PriceTo]=9000&filter[addCategory]=50&filter[addCatering]=1&filter[addMisc]=0&filter[addTransport]=F&filter[fp]=1&order_by=ofr_price&filter[tourOperator]=0&filter[childAge][1]=20201210","https://fly.pl/cdn/photo/assets/uploads/582/278/2014/07/Harmony-Makadi-Bay-fly-pl.jpg","https://fly.pl/wycieczka/egipt,hurghada,makadi-bay/harmony-makadi-bay/pHuBdKrwCPmINTgM4R3SagAAoglBiTW7wQUW0P1KVRmhSy9wAAAADSggQA7oIEAAcAAAAqBFdFWlkw9oXg0AZI9z1QQVjnAWADaglFbnRlciBBaXJqBDAwMTVyQp4BlAEfABwBAgAWBBcCEUcSpgMV2gUYlQMTuQFAhXNMyzJPAEuckwFQAB3Kvg8gHBunhB8N6sOjCQESYwENYwECDK_FU34/?operator=WEZY&adults=2&children=2020-12-10&nsv=1&objectId=565&transport=accommodation_flight&departureDate=2026-06-07&returnDate=2026-06-14&departureLocation=Warszawa+-+Modlin%2CWarszawa+-+Radom%2CWarszawa&opt=delta&catering=all_inclusive"
"Movenpick Resort El Quseir","7934.0","20.06.2026 - 27.06.2026","8 dni","","Warszawa%20-%20Modlin","2026-05-28T09:00:41.321992+00:00","https://fly.pl/szukaj-wycieczek/?filter[dest]=11:&filter[hotelids]=&filter[cityids]=0&filter[cregids]=&filter[ofrType]=&filter[addObjType]=&filter[whenFrom]=28-05-2026&filter[whenTo]=30-06-2026&filter[duration]=7:10&filter[from]=Warszawa%20-%20Modlin,Warszawa%20-%20Radom,Warszawa&filter[person]=2&filter[child]=1&filter[price]=4766:9000&filter[PriceFrom]=4766&filter[PriceTo]=9000&filter[addCategory]=50&filter[addCatering]=1&filter[addMisc]=0&filter[addTransport]=F&filter[fp]=1&order_by=ofr_price&filter[tourOperator]=0&filter[childAge][1]=20201210","https://fly.pl/cdn/photo/assets/uploads/582/278/2014/09/Movenpick.jpg","https://fly.pl/wycieczka/egipt,marsa-alam,c/moevenpick-el-quseir/p7U6xT4_2qiYLFf7icO1A2AAogo0qfY4xutuC9aNaxqP9PAw9aJJWJ8xSotV8kh7SyOEQqBE9SRVgw9oXg0AZI_j1QQVifBGACagZFQy4yLjFyNpsBFQcXAFwDWAVWAkDKBhHTDV2wFk8kXpnYAVO8FFIAS7EvYQBM5Yw6IJ_6lwkNAAISYwECC6LEm5I/?operator=OREX&adults=2&children=2020-12-10&nsv=1&objectId=9229&transport=accommodation_flight&departureDate=2026-06-20&returnDate=2026-06-27&departureLocation=Warszawa+-+Modlin%2CWarszawa+-+Radom%2CWarszawa&opt=delta&catering=all_inclusive"
"Continental (ex Movenpick Resort)","7934.0","07.06.2026 - 14.06.2026","8 dni","","Warszawa%20-%20Modlin","2026-05-28T09:00:41.424672+00:00","https://fly.pl/szukaj-wycieczek/?filter[dest]=11:&filter[hotelids]=&filter[cityids]=0&filter[cregids]=&filter[ofrType]=&filter[addObjType]=&filter[whenFrom]=28-05-2026&filter[whenTo]=30-06-2026&filter[duration]=7:10&filter[from]=Warszawa%20-%20Modlin,Warszawa%20-%20Radom,Warszawa&filter[person]=2&filter[child]=1&filter[price]=4766:9000&filter[PriceFrom]=4766&filter[PriceTo]=9000&filter[addCategory]=50&filter[addCatering]=1&filter[addMisc]=0&filter[addTransport]=F&filter[fp]=1&order_by=ofr_price&filter[tourOperator]=0&filter[childAge][1]=20201210","https://fly.pl/cdn/photo/assets/uploads/582/278/2014/09/Continental-Resort.jpg","https://fly.pl/wycieczka/egipt,hurghada,c/movenpick-resort-hurghada-ex-continental-resort/pCBMkZ5Ahs0LGAV9iQ8rvEAAogqlXV2A2f_Y-zxMlnXAzFpWzcMShTeTNczhDRY-MhP8oqBFJOQlcw9oXg0AZI_j1QAVjnAWACcgYCDGMBBAvXzDfB/ofertasv/?filter[tourOperator]=RNBW&filter%5Bperson%5D=2&filter%5BchildAge%5D%5B1%5D=20201210&filter%5Bchild%5D=1"
"Domina Coral Bay Resort","7952.0","06.06.2026 - 13.06.2026","8 dni","","Warszawa%20-%20Modlin","2026-05-28T09:00:41.525927+00:00","https://fly.pl/szukaj-wycieczek/?filter[dest]=11:&filter[hotelids]=&filter[cityids]=0&filter[cregids]=&filter[ofrType]=&filter[addObjType]=&filter[whenFrom]=28-05-2026&filter[whenTo]=30-06-2026&filter[duration]=7:10&filter[from]=Warszawa%20-%20Modlin,Warszawa%20-%20Radom,Warszawa&filter[person]=2&filter[child]=1&filter[price]=4766:9000&filter[PriceFrom]=4766&filter[PriceTo]=9000&filter[addCategory]=50&filter[addCatering]=1&filter[addMisc]=0&filter[addTransport]=F&filter[fp]=1&order_by=ofr_price&filter[tourOperator]=0&filter[childAge][1]=20201210","https://fly.pl/cdn/photo/assets/uploads/582/278/2014/07/DOMINA.jpg","https://fly.pl/wycieczka/egipt,sharm-el-sheikh,c/domina-coral-bay-resort-sharm-el-sheikh/pT382p0LhYg2rupitH-IAzAAog_256vh2SV-mp4K_HWoXg1AAAAACHhAQApIQEAAcAEgAqBFdFWlkw9oXg0AZIkD5QQVjPAWADaglFbnRlciBBaXJqBDA4MDByQ54BlQEfAAIBHAAWBBcCEu0DGIUFE80BFMkEQJJyT6CiAUwAS8cjUAAR50UdmPwOIB0byO0EDZLXvQkBEmMBDWMBAwVRfXag/?operator=WEZY&adults=2&children=2020-12-10&nsv=1&objectId=1570&transport=accommodation_flight&departureDate=2026-06-06&returnDate=2026-06-13&departureLocation=Warszawa+-+Modlin%2CWarszawa+-+Radom%2CWarszawa&opt=delta&catering=all_inclusive"
"Utopia Blue Resort","7957.0","16.06.2026 - 23.06.2026","8 dni","","Warszawa%20-%20Modlin","2026-05-28T09:00:41.633920+00:00","https://fly.pl/szukaj-wycieczek/?filter[dest]=11:&filter[hotelids]=&filter[cityids]=0&filter[cregids]=&filter[ofrType]=&filter[addObjType]=&filter[whenFrom]=28-05-2026&filter[whenTo]=30-06-2026&filter[duration]=7:10&filter[from]=Warszawa%20-%20Modlin,Warszawa%20-%20Radom,Warszawa&filter[person]=2&filter[child]=1&filter[price]=4766:9000&filter[PriceFrom]=4766&filter[PriceTo]=9000&filter[addCategory]=50&filter[addCatering]=1&filter[addMisc]=0&filter[addTransport]=F&filter[fp]=1&order_by=ofr_price&filter[tourOperator]=0&filter[childAge][1]=20201210","https://datacfstatic.merlinx.pl/EXIM/IMG/104804/a209f6333da18fcc5af3e5ca2d20dcb3f857451e0eb148b1f82247eb3da00c85.webp","https://fly.pl/wycieczka/egipt,marsa-alam,c/utopia-blue-resort-13/pCwszySZh-fnIszGMlbr7HAAogurGiZO8T3hNRj6mKska6urEUErBYIWBu-rack0IKqVAqBEVYSU0w9oXg0AZIlT5QAVi_A2ACagJBSXIhHBHksga5BPeLPqsEHBvq1y0Yr_ozAeip2tQIAgBjAQIMbBXNNg/?operator=EXIM&adults=2&children=2020-12-10&nsv=1&objectId=231897&transport=accommodation_flight&departureDate=2026-06-16&returnDate=2026-06-23&departureLocation=Warszawa+-+Modlin%2CWarszawa+-+Radom%2CWarszawa&opt=delta&catering=all_inclusive"
"Pickalbatros Oasis Port Ghalib (ex. Red Sea Port Ghalib Resort)","7983.0","06.06.2026 - 13.06.2026","8 dni","","Warszawa%20-%20Modlin","2026-05-28T09:00:41.766584+00:00","https://fly.pl/szukaj-wycieczek/?filter[dest]=11:&filter[hotelids]=&filter[cityids]=0&filter[cregids]=&filter[ofrType]=&filter[addObjType]=&filter[whenFrom]=28-05-2026&filter[whenTo]=30-06-2026&filter[duration]=7:10&filter[from]=Warszawa%20-%20Modlin,Warszawa%20-%20Radom,Warszawa&filter[person]=2&filter[child]=1&filter[price]=4766:9000&filter[PriceFrom]=4766&filter[PriceTo]=9000&filter[addCategory]=50&filter[addCatering]=1&filter[addMisc]=0&filter[addTransport]=F&filter[fp]=1&order_by=ofr_price&filter[tourOperator]=0&filter[childAge][1]=20201210","https://fly.pl/cdn/photo/assets/uploads/582/278/2014/09/pickalbatros-oasis.jpg","https://fly.pl/wycieczka/egipt,marsa-alam,port-ghalib/crowne-plaza-sahara-oasis-resort/pbDIugeoc4WFXjpKIFwVuEAAogKc28b2Qx6Z-xa_95KtfPiaJwCHAAEqFepqO_QKFMvlUqBFNGUEww9oXg0AZIrz5QQVjPAWACciILAhUFIgUSKFzGAkAuW-fwUQ3v2YIJUdu945IGAhJjAQIFQtzzzw/ofertasv/?filter[tourOperator]=SFPL&filter%5Bperson%5D=2&filter%5BchildAge%5D%5B1%5D=20201210&filter%5Bchild%5D=1"
"Jaz Mirabel Park & Club","7996.0","14.06.2026 - 21.06.2026","8 dni","","Warszawa%20-%20Modlin","2026-05-28T09:00:41.872206+00:00","https://fly.pl/szukaj-wycieczek/?filter[dest]=11:&filter[hotelids]=&filter[cityids]=0&filter[cregids]=&filter[ofrType]=&filter[addObjType]=&filter[whenFrom]=28-05-2026&filter[whenTo]=30-06-2026&filter[duration]=7:10&filter[from]=Warszawa%20-%20Modlin,Warszawa%20-%20Radom,Warszawa&filter[person]=2&filter[child]=1&filter[price]=4766:9000&filter[PriceFrom]=4766&filter[PriceTo]=9000&filter[addCategory]=50&filter[addCatering]=1&filter[addMisc]=0&filter[addTransport]=F&filter[fp]=1&order_by=ofr_price&filter[tourOperator]=0&filter[childAge][1]=20201210","https://fly.pl/cdn/photo/assets/uploads/582/278/2024/07/jaz-mirabel-park-club.jpg","https://fly.pl/wycieczka/egipt,sharm-el-sheikh,szarm-el-szejk/jaz-mirabel-park-club-11/p59-b1p6HVyUqW6F7beyA6AAogP8TsB_QlAoIjxA3FS92uYFxRsiItOkZcPLzNjjqE-S0qBEpPSU4w9oXg0AZIvD5QAViPA2ACagJBSXIgHBH9G7kEwpECqwRyGLjHHxu6ggEB_Mv_rAECAGMBAgzcq2gn/?operator=JOIN&adults=2&children=2020-12-10&nsv=1&objectId=220234&transport=accommodation_flight&departureDate=2026-06-14&returnDate=2026-06-21&departureLocation=Warszawa+-+Modlin%2CWarszawa+-+Radom%2CWarszawa&opt=delta&catering=all_inclusive"
"Amphoras Beach","7996.0","14.06.2026 - 21.06.2026","8 dni","","Warszawa%20-%20Modlin","2026-05-28T09:00:41.976710+00:00","https://fly.pl/szukaj-wycieczek/?filter[dest]=11:&filter[hotelids]=&filter[cityids]=0&filter[cregids]=&filter[ofrType]=&filter[addObjType]=&filter[whenFrom]=28-05-2026&filter[whenTo]=30-06-2026&filter[duration]=7:10&filter[from]=Warszawa%20-%20Modlin,Warszawa%20-%20Radom,Warszawa&filter[person]=2&filter[child]=1&filter[price]=4766:9000&filter[PriceFrom]=4766&filter[PriceTo]=9000&filter[addCategory]=50&filter[addCatering]=1&filter[addMisc]=0&filter[addTransport]=F&filter[fp]=1&order_by=ofr_price&filter[tourOperator]=0&filter[childAge][1]=20201210","https://fly.pl/cdn/photo/assets/uploads/582/278/2016/11/AMPHORAS-BEACH.jpg","https://fly.pl/wycieczka/egipt,sharm-el-sheikh,c/otium-amphoras-ex-shores/pi9NyPFlddOF2Uoy5xetkaAAogPux2Dn4VvCpCXHipz_wFZVxRsiItOkZcPLzNjjqE-S0qBEpPSU4w9oXg0AZIvD5QAViPA2ACagJVQXIgHBGGGrkEuZMCqwRyG57eJBid3gEBmsXIhwECAGMBAgs5aiDR/?operator=JOIN&adults=2&children=2020-12-10&nsv=1&objectId=611&transport=accommodation_flight&departureDate=2026-06-14&returnDate=2026-06-21&departureLocation=Warszawa+-+Modlin%2CWarszawa+-+Radom%2CWarszawa&opt=delta&catering=all_inclusive"
"Domina Coral Bay Aquamarine","8024.0","14.06.2026 - 21.06.2026","8 dni","","Warszawa%20-%20Modlin","2026-05-28T09:00:42.085263+00:00","https://fly.pl/szukaj-wycieczek/?filter[dest]=11:&filter[hotelids]=&filter[cityids]=0&filter[cregids]=&filter[ofrType]=&filter[addObjType]=&filter[whenFrom]=28-05-2026&filter[whenTo]=30-06-2026&filter[duration]=7:10&filter[from]=Warszawa%20-%20Modlin,Warszawa%20-%20Radom,Warszawa&filter[person]=2&filter[child]=1&filter[price]=4766:9000&filter[PriceFrom]=4766&filter[PriceTo]=9000&filter[addCategory]=50&filter[addCatering]=1&filter[addMisc]=0&filter[addTransport]=F&filter[fp]=1&order_by=ofr_price&filter[tourOperator]=0&filter[childAge][1]=20201210","https://fly.pl/cdn/photo/assets/uploads/582/278/2014/07/Domina-Coral-Bay-Aquamarine.jpg","https://fly.pl/wycieczka/egipt,sharm-el-sheikh,c/domina-coral-bay-aquamarine/priaUeBTOQQNPWlbREu-k1AAog7pv1zxkN5D5PiraILQmOdVxRsiItOkZcPLzNjjqE-S0qBEpPSU4w9oXg0AZI2D5QAViPA2ACagJBSXIgHBG_G7kEgJICqwRyGNbCHxu1sgEBlI3-rAECAGMBAgyd2Jd7/?operator=JOIN&adults=2&children=2020-12-10&nsv=1&objectId=12421&transport=accommodation_flight&departureDate=2026-06-14&returnDate=2026-06-21&departureLocation=Warszawa+-+Modlin%2CWarszawa+-+Radom%2CWarszawa&opt=delta&catering=all_inclusive"
"Pyramisa Beach Resort Sahl Hasheesh","8053.0","07.06.2026 - 14.06.2026","8 dni","","Warszawa%20-%20Modlin","2026-05-28T09:00:42.191919+00:00","https://fly.pl/szukaj-wycieczek/?filter[dest]=11:&filter[hotelids]=&filter[cityids]=0&filter[cregids]=&filter[ofrType]=&filter[addObjType]=&filter[whenFrom]=28-05-2026&filter[whenTo]=30-06-2026&filter[duration]=7:10&filter[from]=Warszawa%20-%20Modlin,Warszawa%20-%20Radom,Warszawa&filter[person]=2&filter[child]=1&filter[price]=4766:9000&filter[PriceFrom]=4766&filter[PriceTo]=9000&filter[addCategory]=50&filter[addCatering]=1&filter[addMisc]=0&filter[addTransport]=F&filter[fp]=1&order_by=ofr_price&filter[tourOperator]=0&filter[childAge][1]=20201210","https://fly.pl/cdn/photo/assets/uploads/582/278/2015/04/Pyramisa-Beach-Resort-Sahl-Hasheesh.jpg","https://fly.pl/wycieczka/egipt,hurghada,sahl-hasheesh/dessole-pyramisa-beach-resort-ex-pyramisa-beach-r/ptMVT77rDLmyHu_MvZx40BAAog21bOi-PIMaiRP3pk-DhUMwAAAADSggQA7oIEAAcAAAAqBFdFWlkw9oXg0AZI9T5QQVjnAWADaglFbnRlciBBaXJqBDAwMTVyQp4BlAEfABwBAgAWBBcCEVcSlgMV2gUYlQMTuQFAhXNMyzJPAEuckwFQAB3Kvg8gHBv45TYNmeKLCQESYwEMYwECBeTtVvE/?operator=WEZY&adults=2&children=2020-12-10&nsv=1&objectId=561&transport=accommodation_flight&departureDate=2026-06-07&returnDate=2026-06-14&departureLocation=Warszawa+-+Modlin%2CWarszawa+-+Radom%2CWarszawa&opt=delta&catering=all_inclusive"
"Jaz Belvedere","8091.0","02.06.2026 - 10.06.2026","9 dni","","Warszawa%20-%20Modlin","2026-05-28T09:00:42.292537+00:00","https://fly.pl/szukaj-wycieczek/?filter[dest]=11:&filter[hotelids]=&filter[cityids]=0&filter[cregids]=&filter[ofrType]=&filter[addObjType]=&filter[whenFrom]=28-05-2026&filter[whenTo]=30-06-2026&filter[duration]=7:10&filter[from]=Warszawa%20-%20Modlin,Warszawa%20-%20Radom,Warszawa&filter[person]=2&filter[child]=1&filter[price]=4766:9000&filter[PriceFrom]=4766&filter[PriceTo]=9000&filter[addCategory]=50&filter[addCatering]=1&filter[addMisc]=0&filter[addTransport]=F&filter[fp]=1&order_by=ofr_price&filter[tourOperator]=0&filter[childAge][1]=20201210","https://fly.pl/cdn/photo/assets/uploads/582/278/2014/07/Jaz-Belvedere.jpg","https://fly.pl/wycieczka/egipt,sharm-el-sheikh,c/jaz-belvedere/p1j3CAyA2im1EBho9IeKCJAAogJqH8RQhF_5h78qqncGGfM2KYTWXIbHl7jtD9z0P4iRwqBFZJVFgw9oXg0AZImz9QQVhvYAJyQBoAFQcXAFwDWAVAjwNbl4UBXuZ6UqYgUwBLxyNhAEzfqjkNk9yYCSABUdzw77LpAU_KgSVdhM7qvBwCDGMBAgvjSgsB/ofertasv/?filter[tourOperator]=VITX&filter%5Bperson%5D=2&filter%5BchildAge%5D%5B1%5D=20201210&filter%5Bchild%5D=1"
"Monte Carlo Resort Spa","8091.0","16.06.2026 - 24.06.2026","9 dni","","Warszawa%20-%20Modlin","2026-05-28T09:00:42.396352+00:00","https://fly.pl/szukaj-wycieczek/?filter[dest]=11:&filter[hotelids]=&filter[cityids]=0&filter[cregids]=&filter[ofrType]=&filter[addObjType]=&filter[whenFrom]=28-05-2026&filter[whenTo]=30-06-2026&filter[duration]=7:10&filter[from]=Warszawa%20-%20Modlin,Warszawa%20-%20Radom,Warszawa&filter[person]=2&filter[child]=1&filter[price]=4766:9000&filter[PriceFrom]=4766&filter[PriceTo]=9000&filter[addCategory]=50&filter[addCatering]=1&filter[addMisc]=0&filter[addTransport]=F&filter[fp]=1&order_by=ofr_price&filter[tourOperator]=0&filter[childAge][1]=20201210","https://fly.pl/cdn/photo/assets/uploads/582/278/2014/09/Monte-Carlo-Sharm-Resort-Spa.jpg","https://fly.pl/wycieczka/egipt,sharm-el-sheikh,c/monte-carlo-ex-ritz-carlton/p9yE4NZD7n5l-H45JT9bnXAAogQnp01rWOezVwDfCBXIInydxTDBJnNRAzjNMqJxIrnnAqBFZJVFgw9oXg0AZImz9QQVi_A2ACckAaABUHFwBcA1gFQI8DW6eGAV7WeVKmIFMAS8cjYQBMn5c8DeHvlQkgAVHQwPmy6QFPyLEbXYTO6rwcAg1jAQIMnn6ozQ/ofertasv/?filter[tourOperator]=VITX&filter%5Bperson%5D=2&filter%5BchildAge%5D%5B1%5D=20201210&filter%5Bchild%5D=1"
"True Beach Resort","8118.0","16.06.2026 - 23.06.2026","8 dni","","Warszawa%20-%20Modlin","2026-05-28T09:00:42.496288+00:00","https://fly.pl/szukaj-wycieczek/?filter[dest]=11:&filter[hotelids]=&filter[cityids]=0&filter[cregids]=&filter[ofrType]=&filter[addObjType]=&filter[whenFrom]=28-05-2026&filter[whenTo]=30-06-2026&filter[duration]=7:10&filter[from]=Warszawa%20-%20Modlin,Warszawa%20-%20Radom,Warszawa&filter[person]=2&filter[child]=1&filter[price]=4766:9000&filter[PriceFrom]=4766&filter[PriceTo]=9000&filter[addCategory]=50&filter[addCatering]=1&filter[addMisc]=0&filter[addTransport]=F&filter[fp]=1&order_by=ofr_price&filter[tourOperator]=0&filter[childAge][1]=20201210","https://fly.pl/cdn/photo/assets/uploads/582/278/2014/09/True-Beach-Resort.jpg","https://fly.pl/wycieczka/egipt,marsa-alam,c/laguna-beach-marsa-alam/p4y-i4PiD3KFshS40So2F6AAogJJU9OfTw6aO_XPL_KvITigAAAABxpwQAkKcEAAcAAQAqBFdFWlkw9oXg0AZItj9QQVi_A2ADaglFbnRlciBBaXJyQ54BHwAcAQIAFgQXAhLtAxX0AxifAxOiAhTTBEClbxHBa0_1KkwAULEvSwAd6YcQIB8bwOhjDbiW3ggBEmMBDGMBAgUrFSjO/?operator=WEZY&adults=2&children=2020-12-10&nsv=1&objectId=80499&transport=accommodation_flight&departureDate=2026-06-16&returnDate=2026-06-23&departureLocation=Warszawa+-+Modlin%2CWarszawa+-+Radom%2CWarszawa&opt=delta&catering=all_inclusive"
"Jaz Lamaya Resort (ex Iberotel)","8149.0","16.06.2026 - 23.06.2026","8 dni","","Warszawa%20-%20Modlin","2026-05-28T09:00:42.594889+00:00","https://fly.pl/szukaj-wycieczek/?filter[dest]=11:&filter[hotelids]=&filter[cityids]=0&filter[cregids]=&filter[ofrType]=&filter[addObjType]=&filter[whenFrom]=28-05-2026&filter[whenTo]=30-06-2026&filter[duration]=7:10&filter[from]=Warszawa%20-%20Modlin,Warszawa%20-%20Radom,Warszawa&filter[person]=2&filter[child]=1&filter[price]=4766:9000&filter[PriceFrom]=4766&filter[PriceTo]=9000&filter[addCategory]=50&filter[addCatering]=1&filter[addMisc]=0&filter[addTransport]=F&filter[fp]=1&order_by=ofr_price&filter[tourOperator]=0&filter[childAge][1]=20201210","https://fly.pl/cdn/photo/assets/uploads/582/278/2014/09/jaz-lamaya.jpg","https://fly.pl/wycieczka/egipt,marsa-alam,madinat-coraya/iberotel-lamaya-resort/pi3PYGoOAumGWq1t2Rm4wyAAogdWjEy2Gd5pWaL03cQhqnEwAAAABxpwQAkKcEAAcAAQAqBFdFWlkw9oXg0AZI1T9QQVi_A2ADaglFbnRlciBBaXJyQp4BHwAcAQIAFgQXAhEHEuYDFfQDGJ8DE6ICFNMEQKVvT7aWAUwAULEvSwAd6YcQIB8bwQkNt_XBCQESYwENYwEDDLnVv6I/?operator=WEZY&adults=2&children=2020-12-10&nsv=1&objectId=4031&transport=accommodation_flight&departureDate=2026-06-16&returnDate=2026-06-23&departureLocation=Warszawa+-+Modlin%2CWarszawa+-+Radom%2CWarszawa&opt=delta&catering=all_inclusive"
"Cooee Prima Life Makadi Bay","8157.0","11.06.2026 - 18.06.2026","8 dni","","Warszawa%20-%20Modlin","2026-05-28T09:00:42.695801+00:00","https://fly.pl/szukaj-wycieczek/?filter[dest]=11:&filter[hotelids]=&filter[cityids]=0&filter[cregids]=&filter[ofrType]=&filter[addObjType]=&filter[whenFrom]=28-05-2026&filter[whenTo]=30-06-2026&filter[duration]=7:10&filter[from]=Warszawa%20-%20Modlin,Warszawa%20-%20Radom,Warszawa&filter[person]=2&filter[child]=1&filter[price]=4766:9000&filter[PriceFrom]=4766&filter[PriceTo]=9000&filter[addCategory]=50&filter[addCatering]=1&filter[addMisc]=0&filter[addTransport]=F&filter[fp]=1&order_by=ofr_price&filter[tourOperator]=0&filter[childAge][1]=20201210","https://fly.pl/cdn/photo/assets/uploads/582/278/2014/12/Prima-Life-Makadi-Resort.jpg","https://fly.pl/wycieczka/egipt,hurghada,c/prima-life-makadi-bay/pIdMrr9clnkf_qm870YzexAAogl2VR4mFOtzHE1v3xKwxgXKzL7gFY-vG_pdvPW-AxFXcqBFZJVFgw9oXg0AZI3T9QQVjHAmACckAaABUHFwBcA1gFQI8DW7-DAVOPLVIAXq9PS-1DYQBM36o5DZzcmAkgAFGLudr7jwFPk88SXZCE8_N1Ag9jAQIO1ui7Ew/ofertasv/?filter[tourOperator]=VITX&filter%5Bperson%5D=2&filter%5BchildAge%5D%5B1%5D=20201210&filter%5Bchild%5D=1"
"V Hotel Sharm","8171.0","14.06.2026 - 21.06.2026","8 dni","","Warszawa%20-%20Modlin","2026-05-28T09:00:42.795396+00:00","https://fly.pl/szukaj-wycieczek/?filter[dest]=11:&filter[hotelids]=&filter[cityids]=0&filter[cregids]=&filter[ofrType]=&filter[addObjType]=&filter[whenFrom]=28-05-2026&filter[whenTo]=30-06-2026&filter[duration]=7:10&filter[from]=Warszawa%20-%20Modlin,Warszawa%20-%20Radom,Warszawa&filter[person]=2&filter[child]=1&filter[price]=4766:9000&filter[PriceFrom]=4766&filter[PriceTo]=9000&filter[addCategory]=50&filter[addCatering]=1&filter[addMisc]=0&filter[addTransport]=F&filter[fp]=1&order_by=ofr_price&filter[tourOperator]=0&filter[childAge][1]=20201210","https://fly.pl/cdn/photo/assets/uploads/582/278/2017/08/Pyramisa-Beach-Resort.jpg","https://fly.pl/wycieczka/egipt,sharm-el-sheikh,szarm-el-szejk/dessole-pyramisa-egipt-sharm-el-sheikh-egipt/pYjGMQCQ7IlBrvsbGbwe1_AAogxxyOhOj0KQDysef8xStOzFxRsiItOkZcPLzNjjqE-S0qBEpPSU4w9oXg0AZI6z9QAViPA2ACagJBSXIgHBG7HLkEhJECqwRyGLrTHxu5hAEBx42MrQECAGMBAgwv2rcb/?operator=JOIN&adults=2&children=2020-12-10&nsv=1&objectId=604&transport=accommodation_flight&departureDate=2026-06-14&returnDate=2026-06-21&departureLocation=Warszawa+-+Modlin%2CWarszawa+-+Radom%2CWarszawa&opt=delta&catering=all_inclusive"
"Ancient Sands Golf Resort","8190.0","18.06.2026 - 25.06.2026","8 dni","","Warszawa%20-%20Modlin","2026-05-28T09:00:42.895071+00:00","https://fly.pl/szukaj-wycieczek/?filter[dest]=11:&filter[hotelids]=&filter[cityids]=0&filter[cregids]=&filter[ofrType]=&filter[addObjType]=&filter[whenFrom]=28-05-2026&filter[whenTo]=30-06-2026&filter[duration]=7:10&filter[from]=Warszawa%20-%20Modlin,Warszawa%20-%20Radom,Warszawa&filter[person]=2&filter[child]=1&filter[price]=4766:9000&filter[PriceFrom]=4766&filter[PriceTo]=9000&filter[addCategory]=50&filter[addCatering]=1&filter[addMisc]=0&filter[addTransport]=F&filter[fp]=1&order_by=ofr_price&filter[tourOperator]=0&filter[childAge][1]=20201210","https://fly.pl/cdn/photo/assets/uploads/582/278/2019/05/Ancient-Sands-Golf-Resort.jpg","https://fly.pl/wycieczka/egipt,hurghada,al-dzuna/ancient-sands-el-gouna/pxAEARBr6t7PWqr-wq0fo-AAogOKRy10QYgWXTirqo4cHeTnHyXWYemBt1fyOhzbp9ElEqBE9SRVgw9oXg0AZI_j9QQVjvA2ACagVZLjIuMXI1mwEVBxcAXANYBVYCEQVAxQZd0w5PJFOangFSAF6vT0uBEmEATNG-OiCd-pcJDQACEmMBAgyKZXvi/?operator=OREX&adults=2&children=2020-12-10&nsv=1&objectId=196114&transport=accommodation_flight&departureDate=2026-06-18&returnDate=2026-06-25&departureLocation=Warszawa+-+Modlin%2CWarszawa+-+Radom%2CWarszawa&opt=delta&catering=all_inclusive"
"Hilton Plaza (Hurghada)","8214.0","09.06.2026 - 16.06.2026","8 dni","","Warszawa%20-%20Modlin","2026-05-28T09:00:42.994707+00:00","https://fly.pl/szukaj-wycieczek/?filter[dest]=11:&filter[hotelids]=&filter[cityids]=0&filter[cregids]=&filter[ofrType]=&filter[addObjType]=&filter[whenFrom]=28-05-2026&filter[whenTo]=30-06-2026&filter[duration]=7:10&filter[from]=Warszawa%20-%20Modlin,Warszawa%20-%20Radom,Warszawa&filter[person]=2&filter[child]=1&filter[price]=4766:9000&filter[PriceFrom]=4766&filter[PriceTo]=9000&filter[addCategory]=50&filter[addCatering]=1&filter[addMisc]=0&filter[addTransport]=F&filter[fp]=1&order_by=ofr_price&filter[tourOperator]=0&filter[childAge][1]=20201210","https://fly.pl/cdn/photo/assets/uploads/582/278/2014/10/Hilton-Plaza.jpg","https://fly.pl/wycieczka/egipt,hurghada,c/hilton-plaza-hurghada/pRqFNcSdXrKDBmotHOyGDsAAogwsRsLomd6rg1KIx4E2XJoeA1VenNBQF7XO4_J7SyQn0qBEpPSU4w9oXg0AZIlkBQAViXAmACagJBSXIgHBHUGrkEgcgCqwQ-G5SqJBj13gEBvaqQlAECAGMBAgso1VV-/?operator=JOIN&adults=2&children=2020-12-10&nsv=1&objectId=57&transport=accommodation_flight&departureDate=2026-06-09&returnDate=2026-06-16&departureLocation=Warszawa+-+Modlin%2CWarszawa+-+Radom%2CWarszawa&opt=delta&catering=all_inclusive"
"Caesar Bay Resort","8231.0","03.06.2026 - 10.06.2026","8 dni","","Warszawa%20-%20Modlin","2026-05-28T09:00:43.101928+00:00","https://fly.pl/szukaj-wycieczek/?filter[dest]=11:&filter[hotelids]=&filter[cityids]=0&filter[cregids]=&filter[ofrType]=&filter[addObjType]=&filter[whenFrom]=28-05-2026&filter[whenTo]=30-06-2026&filter[duration]=7:10&filter[from]=Warszawa%20-%20Modlin,Warszawa%20-%20Radom,Warszawa&filter[person]=2&filter[child]=1&filter[price]=4766:9000&filter[PriceFrom]=4766&filter[PriceTo]=9000&filter[addCategory]=50&filter[addCatering]=1&filter[addMisc]=0&filter[addTransport]=F&filter[fp]=1&order_by=ofr_price&filter[tourOperator]=0&filter[childAge][1]=20201210","https://fly.pl/cdn/photo/assets/uploads/582/278/2024/07/caesar-bay-resort.jpg","https://fly.pl/wycieczka/egipt,aleksandria,c/caesar-bay-resort-13/pSI_wgDMc2yPJU66mUe-76AAogz3_10oDj_BXVC0tinbqpQrZ-ow71cELiM27MLZ5LpdoqBFZJVFgw9oXg0AZIp0BQQViHAWACckAaABUHFwBcA1gFQI8DU8mDAVIAW84BXuZ6S-1DYQBM4Ko5DZPcmAkgAFHf65nya0_H0jhd3PiA_ZkBAg5jAQINS5hgUQ/ofertasv/?filter[tourOperator]=VITX&filter%5Bperson%5D=2&filter%5BchildAge%5D%5B1%5D=20201210&filter%5Bchild%5D=1"
"Novotel Sharm Palm","8238.0","14.06.2026 - 21.06.2026","8 dni","","Warszawa%20-%20Modlin","2026-05-28T09:00:43.205804+00:00","https://fly.pl/szukaj-wycieczek/?filter[dest]=11:&filter[hotelids]=&filter[cityids]=0&filter[cregids]=&filter[ofrType]=&filter[addObjType]=&filter[whenFrom]=28-05-2026&filter[whenTo]=30-06-2026&filter[duration]=7:10&filter[from]=Warszawa%20-%20Modlin,Warszawa%20-%20Radom,Warszawa&filter[person]=2&filter[child]=1&filter[price]=4766:9000&filter[PriceFrom]=4766&filter[PriceTo]=9000&filter[addCategory]=50&filter[addCatering]=1&filter[addMisc]=0&filter[addTransport]=F&filter[fp]=1&order_by=ofr_price&filter[tourOperator]=0&filter[childAge][1]=20201210","https://fly.pl/cdn/photo/assets/uploads/582/278/2014/07/Novotel-Sharm-Palm.jpg","https://fly.pl/wycieczka/egipt,sharm-el-sheikh,c/novotel-sharm-palm/pPemhkd60JCz4kRVoTX9i7AAogNvwynb7NIorw-pVOI1TMdFxRsiItOkZcPLzNjjqE-S0qBEpPSU4w9oXg0AZIrkBQAViPA2ACagJBSXIgHBGfHLkEoJECqwRyG72jJhiisAIBitrLlQECAGMBAgwG9dPD/?operator=JOIN&adults=2&children=2020-12-10&nsv=1&objectId=3823&transport=accommodation_flight&departureDate=2026-06-14&returnDate=2026-06-21&departureLocation=Warszawa+-+Modlin%2CWarszawa+-+Radom%2CWarszawa&opt=delta&catering=all_inclusive"
"Dreams Vacation Sharm Resort","8267.0","23.06.2026 - 30.06.2026","8 dni","","Warszawa%20-%20Modlin","2026-05-28T09:00:43.312114+00:00","https://fly.pl/szukaj-wycieczek/?filter[dest]=11:&filter[hotelids]=&filter[cityids]=0&filter[cregids]=&filter[ofrType]=&filter[addObjType]=&filter[whenFrom]=28-05-2026&filter[whenTo]=30-06-2026&filter[duration]=7:10&filter[from]=Warszawa%20-%20Modlin,Warszawa%20-%20Radom,Warszawa&filter[person]=2&filter[child]=1&filter[price]=4766:9000&filter[PriceFrom]=4766&filter[PriceTo]=9000&filter[addCategory]=50&filter[addCatering]=1&filter[addMisc]=0&filter[addTransport]=F&filter[fp]=1&order_by=ofr_price&filter[tourOperator]=0&filter[childAge][1]=20201210","https://fly.pl/cdn/photo/assets/uploads/582/278/2014/07/Dreams-Vacation-fly-pl.jpg","https://fly.pl/wycieczka/egipt,sharm-el-sheikh,szarm-el-szejk/dreams-vacation/papS81aed6pabXDqdRv2i-AAogF5_sMG2MTXoXa6YjBlH1PfGG0OCIoMcgOu1OKXgfUy8qBEVYSU0w9oXg0AZIy0BQAVjnBGACagJBSXIhHBGcuwa5BJSFPqsEGxu6ijAY6_c2AbvC75QJAgBjAQILxgrYgg/?operator=EXIM&adults=2&children=2020-12-10&nsv=1&objectId=20745&transport=accommodation_flight&departureDate=2026-06-23&returnDate=2026-06-30&departureLocation=Warszawa+-+Modlin%2CWarszawa+-+Radom%2CWarszawa&opt=delta&catering=all_inclusive"
"Reef Oasis Blue Bay Resort","8291.0","02.06.2026 - 10.06.2026","9 dni","","Warszawa%20-%20Modlin","2026-05-28T09:00:43.419057+00:00","https://fly.pl/szukaj-wycieczek/?filter[dest]=11:&filter[hotelids]=&filter[cityids]=0&filter[cregids]=&filter[ofrType]=&filter[addObjType]=&filter[whenFrom]=28-05-2026&filter[whenTo]=30-06-2026&filter[duration]=7:10&filter[from]=Warszawa%20-%20Modlin,Warszawa%20-%20Radom,Warszawa&filter[person]=2&filter[child]=1&filter[price]=4766:9000&filter[PriceFrom]=4766&filter[PriceTo]=9000&filter[addCategory]=50&filter[addCatering]=1&filter[addMisc]=0&filter[addTransport]=F&filter[fp]=1&order_by=ofr_price&filter[tourOperator]=0&filter[childAge][1]=20201210","https://fly.pl/cdn/photo/assets/uploads/582/278/2014/07/Reef-Oasis-Blue-Bay.jpg","https://fly.pl/wycieczka/egipt,sharm-el-sheikh,c/reef-oasis-blue-bay-resort/pzBfcUmhOkd13wBRlgnt_KAAogbRThRk06DeGjPNrTHyU3eWKYTWXIbHl7jtD9z0P4iRwqBFZJVFgw9oXg0AZI40BQQVhvYAJyQBoAFQcXAFwDWAVAjwNb84QBXop7UqYgUwBLxyNhAEyflzwN0--VCSABUbyI_rLpAU_q6RZdhM7qvBwCDGMBAgvkX1bS/ofertasv/?filter[tourOperator]=VITX&filter%5Bperson%5D=2&filter%5BchildAge%5D%5B1%5D=20201210&filter%5Bchild%5D=1"
"Pickalbatros Royal Moderna","8291.0","16.06.2026 - 24.06.2026","9 dni","","Warszawa%20-%20Modlin","2026-05-28T09:00:43.523435+00:00","https://fly.pl/szukaj-wycieczek/?filter[dest]=11:&filter[hotelids]=&filter[cityids]=0&filter[cregids]=&filter[ofrType]=&filter[addObjType]=&filter[whenFrom]=28-05-2026&filter[whenTo]=30-06-2026&filter[duration]=7:10&filter[from]=Warszawa%20-%20Modlin,Warszawa%20-%20Radom,Warszawa&filter[person]=2&filter[child]=1&filter[price]=4766:9000&filter[PriceFrom]=4766&filter[PriceTo]=9000&filter[addCategory]=50&filter[addCatering]=1&filter[addMisc]=0&filter[addTransport]=F&filter[fp]=1&order_by=ofr_price&filter[tourOperator]=0&filter[childAge][1]=20201210","https://fly.pl/cdn/photo/assets/uploads/582/278/2009/08/Royal-Albatros-Moderna1708.jpg","https://fly.pl/wycieczka/egipt,sharm-el-sheikh,c/royal-albatros-moderna/pNkLsyAuUDzv3Q2TzI3vTQAAogYl4hEtjsEdt9o6_4v2pVudxTDBJnNRAzjNMqJxIrnnAqBFZJVFgw9oXg0AZI40BQQVi_A2ACckAaABUHFwBcA1gFQI8DW7-DAV6-fFKmIFMAS8cjYQBM36o5DaHcmAkgAVHn3oez6QFPsZMNXYTO6rwcAg1jAQIMTZNHCw/ofertasv/?filter[tourOperator]=VITX&filter%5Bperson%5D=2&filter%5BchildAge%5D%5B1%5D=20201210&filter%5Bchild%5D=1"
"Cleopatra Luxury Resort","8298.0","14.06.2026 - 21.06.2026","8 dni","","Warszawa%20-%20Modlin","2026-05-28T09:00:43.626710+00:00","https://fly.pl/szukaj-wycieczek/?filter[dest]=11:&filter[hotelids]=&filter[cityids]=0&filter[cregids]=&filter[ofrType]=&filter[addObjType]=&filter[whenFrom]=28-05-2026&filter[whenTo]=30-06-2026&filter[duration]=7:10&filter[from]=Warszawa%20-%20Modlin,Warszawa%20-%20Radom,Warszawa&filter[person]=2&filter[child]=1&filter[price]=4766:9000&filter[PriceFrom]=4766&filter[PriceTo]=9000&filter[addCategory]=50&filter[addCatering]=1&filter[addMisc]=0&filter[addTransport]=F&filter[fp]=1&order_by=ofr_price&filter[tourOperator]=0&filter[childAge][1]=20201210","https://fly.pl/cdn/photo/assets/uploads/582/278/2014/07/58ae3c6b287eb1e74191c52d1e07af6ad3ddd609476a5d59c69f95f8f8409586.jpg","https://fly.pl/wycieczka/egipt,sharm-el-sheikh,nabq-bay/the-cleopatra-luxury-resort-collection/pR-9xEVnrAWKh31Fso0qXPAAogsf-4NyEaoPoCJaa7XAN8c1xRsiItOkZcPLzNjjqE-S0qBEpPSU4w9oXg0AZI6kBQAViPA2ACagJBSXIgHBGUGrkEq5MCqwRyGPDAHxucrgEB38yArQECAGMBAgurMSns/?operator=JOIN&adults=2&children=2020-12-10&nsv=1&objectId=29975&transport=accommodation_flight&departureDate=2026-06-14&returnDate=2026-06-21&departureLocation=Warszawa+-+Modlin%2CWarszawa+-+Radom%2CWarszawa&opt=delta&catering=all_inclusive"
"Pickalbatros Sands Port Ghalib (ex. Red Sea Siva Sands)","8317.0","06.06.2026 - 13.06.2026","8 dni","","Warszawa%20-%20Modlin","2026-05-28T09:00:43.734233+00:00","https://fly.pl/szukaj-wycieczek/?filter[dest]=11:&filter[hotelids]=&filter[cityids]=0&filter[cregids]=&filter[ofrType]=&filter[addObjType]=&filter[whenFrom]=28-05-2026&filter[whenTo]=30-06-2026&filter[duration]=7:10&filter[from]=Warszawa%20-%20Modlin,Warszawa%20-%20Radom,Warszawa&filter[person]=2&filter[child]=1&filter[price]=4766:9000&filter[PriceFrom]=4766&filter[PriceTo]=9000&filter[addCategory]=50&filter[addCatering]=1&filter[addMisc]=0&filter[addTransport]=F&filter[fp]=1&order_by=ofr_price&filter[tourOperator]=0&filter[childAge][1]=20201210","https://fly.pl/cdn/photo/assets/uploads/582/278/2014/07/PICKALBATROS-SANDS-PORT-GHALIB.jpg","https://fly.pl/wycieczka/egipt,marsa-alam,port-ghalib/crowne-plaza-sahara-sands-resort/pCEMZv8ZEesacVS18jdHfSAAog6c0XpLNIjULCVa0LAL1XtwAAAADohQQABYYEAAcAAQAqBFdFWlkw9oXg0AZI_UBQQVjPAWADaglFbnRlciBBaXJyQp4BHwAcAQIAFgQXAhEDEuoDFYMEGJADExQU4gRApHFPtpYBTABQsS9LABvlqwId-5gNIB0N-cHCCQESYwENYwECDONDj8c/?operator=WEZY&adults=2&children=2020-12-10&nsv=1&objectId=85101&transport=accommodation_flight&departureDate=2026-06-06&returnDate=2026-06-13&departureLocation=Warszawa+-+Modlin%2CWarszawa+-+Radom%2CWarszawa&opt=delta&catering=all_inclusive"
"Naama Bay Promenade Beach Resort","8337.0","06.06.2026 - 13.06.2026","8 dni","","Warszawa%20-%20Modlin","2026-05-28T09:00:43.838971+00:00","https://fly.pl/szukaj-wycieczek/?filter[dest]=11:&filter[hotelids]=&filter[cityids]=0&filter[cregids]=&filter[ofrType]=&filter[addObjType]=&filter[whenFrom]=28-05-2026&filter[whenTo]=30-06-2026&filter[duration]=7:10&filter[from]=Warszawa%20-%20Modlin,Warszawa%20-%20Radom,Warszawa&filter[person]=2&filter[child]=1&filter[price]=4766:9000&filter[PriceFrom]=4766&filter[PriceTo]=9000&filter[addCategory]=50&filter[addCatering]=1&filter[addMisc]=0&filter[addTransport]=F&filter[fp]=1&order_by=ofr_price&filter[tourOperator]=0&filter[childAge][1]=20201210","https://fly.pl/cdn/photo/assets/uploads/582/278/2021/07/Naama-Bay-Promenade-Beach-Resort.jpg","https://fly.pl/wycieczka/egipt,sharm-el-sheikh,szarm-el-szejk/naama-bay-promenade-beach-resort-10/pT0My_yn4LeZ6Pi0YPPCsGAAogbGCu8FFnwu9O1T0yjskb1gAAAACHhAQApIQEAAcAEgAqBFdFWlkw9oXg0AZIkUFQQVjPAWADaglFbnRlciBBaXJqBDA4MDByQ54BlQEfAAIBHAAWBBcCEu0DGIUFE80BFMkEEcoPQMhiTKCiAU8AS8cjUAAbuNQDHcftCyAdDdrEwgkBEmMBDGMBAgWJm-pZ/?operator=WEZY&adults=2&children=2020-12-10&nsv=1&objectId=215551&transport=accommodation_flight&departureDate=2026-06-06&returnDate=2026-06-13&departureLocation=Warszawa+-+Modlin%2CWarszawa+-+Radom%2CWarszawa&opt=delta&catering=all_inclusive"
"Jaz Mirabel Beach Resort","8337.0","06.06.2026 - 13.06.2026","8 dni","","Warszawa%20-%20Modlin","2026-05-28T09:02:20.879177+00:00","https://fly.pl/szukaj-wycieczek/?filter[dest]=11:&filter[hotelids]=&filter[cityids]=0&filter[cregids]=&filter[ofrType]=&filter[addObjType]=&filter[whenFrom]=28-05-2026&filter[whenTo]=30-06-2026&filter[duration]=7:10&filter[from]=Warszawa%20-%20Modlin,Warszawa%20-%20Radom,Warszawa&filter[person]=2&filter[child]=1&filter[price]=4766:9000&filter[PriceFrom]=4766&filter[PriceTo]=9000&filter[addCategory]=50&filter[addCatering]=1&filter[addMisc]=0&filter[addTransport]=F&filter[fp]=1&order_by=ofr_price&filter[tourOperator]=0&filter[childAge][1]=20201210","https://fly.pl/cdn/photo/assets/uploads/582/278/2014/07/Jaz-Mirabel-Beach-Resort-fly-pl.jpg","https://fly.pl/wycieczka/egipt,sharm-el-sheikh,c/jaz-mirabel-beach-resort/pS_MeODJhLNFIt1OZrI0sKAAogZJivPr8gZg4HWab79l72swAAAACHhAQApIQEAAcAEgAqBFdFWlkwvIjg0AZIkUFQQVjOAWADaglFbnRlciBBaXJqBDA4MDByQZ4BlQEfABwBAgAWBBcCEWUSiAMYhQUTzQEUyQRAknJMoKIBTwBLxyNQABumNR3ZjA8gHQ3axMIJARJjAQ1jAQMFfDHI2w/?operator=WEZY&adults=2&children=2020-12-10&nsv=1&objectId=2821&transport=accommodation_flight&departureDate=2026-06-06&returnDate=2026-06-13&departureLocation=Warszawa+-+Modlin%2CWarszawa+-+Radom%2CWarszawa&opt=delta&catering=all_inclusive"
"Jaz Mirabel Beach Resort","8337.0","06.06.2026 - 13.06.2026","8 dni","","Warszawa%20-%20Modlin","2026-05-28T09:02:20.929828+00:00","https://fly.pl/szukaj-wycieczek/?filter[dest]=11:&filter[hotelids]=&filter[cityids]=0&filter[cregids]=&filter[ofrType]=&filter[addObjType]=&filter[whenFrom]=28-05-2026&filter[whenTo]=30-06-2026&filter[duration]=7:10&filter[from]=Warszawa%20-%20Modlin,Warszawa%20-%20Radom,Warszawa&filter[person]=2&filter[child]=1&filter[price]=4766:9000&filter[PriceFrom]=4766&filter[PriceTo]=9000&filter[addCategory]=50&filter[addCatering]=1&filter[addMisc]=0&filter[addTransport]=F&filter[fp]=1&order_by=ofr_price&filter[tourOperator]=0&filter[childAge][1]=20201210","https://fly.pl/cdn/photo/assets/uploads/582/278/2014/07/Jaz-Mirabel-Beach-Resort-fly-pl.jpg","https://fly.pl/wycieczka/egipt,sharm-el-sheikh,c/jaz-mirabel-beach-resort/pS_MeODJhLNFIt1OZrI0sKAAogZJivPr8gZg4HWab79l72swAAAACHhAQApIQEAAcAEgAqBFdFWlkwvIjg0AZIkUFQQVjOAWADaglFbnRlciBBaXJqBDA4MDByQZ4BlQEfABwBAgAWBBcCEWUSiAMYhQUTzQEUyQRAknJMoKIBTwBLxyNQABumNR3ZjA8gHQ3axMIJARJjAQ1jAQMFfDHI2w/?operator=WEZY&adults=2&children=2020-12-10&nsv=1&objectId=2821&transport=accommodation_flight&departureDate=2026-06-06&returnDate=2026-06-13&departureLocation=Warszawa+-+Modlin%2CWarszawa+-+Radom%2CWarszawa&opt=delta&catering=all_inclusive"
"Stella Di Mare Beach & Spa","8420.0","14.06.2026 - 21.06.2026","8 dni","","Warszawa%20-%20Modlin","2026-05-28T09:02:21.043807+00:00","https://fly.pl/szukaj-wycieczek/?filter[dest]=11:&filter[hotelids]=&filter[cityids]=0&filter[cregids]=&filter[ofrType]=&filter[addObjType]=&filter[whenFrom]=28-05-2026&filter[whenTo]=30-06-2026&filter[duration]=7:10&filter[from]=Warszawa%20-%20Modlin,Warszawa%20-%20Radom,Warszawa&filter[person]=2&filter[child]=1&filter[price]=4766:9000&filter[PriceFrom]=4766&filter[PriceTo]=9000&filter[addCategory]=50&filter[addCatering]=1&filter[addMisc]=0&filter[addTransport]=F&filter[fp]=1&order_by=ofr_price&filter[tourOperator]=0&filter[childAge][1]=20201210","https://fly.pl/cdn/photo/assets/uploads/582/278/2014/07/Stella-Di-Mare-Beach-sharm.jpg","https://fly.pl/wycieczka/egipt,sharm-el-sheikh,szarm-el-szejk/stella-di-mare-beach-spa/pp-Dl4eAXalebPE3KxlTAZAAogZv6_5hkr8BmfBb-eYJRHJFxRsiItOkZcPLzNjjqE-S0qBEpPSU4wvIjg0AZI5EFQAViOA2ACagJQQXIgHBH9HLkEwpACqwRyGOrRHxuNmwEB34aGrQECAGMBAgx5RX5h/?operator=JOIN&adults=2&children=2020-12-10&nsv=1&objectId=17966&transport=accommodation_flight&departureDate=2026-06-14&returnDate=2026-06-21&departureLocation=Warszawa+-+Modlin%2CWarszawa+-+Radom%2CWarszawa&opt=delta&catering=all_inclusive"
"Jaz Almaza Blu","8431.0","03.06.2026 - 10.06.2026","8 dni","","Warszawa%20-%20Modlin","2026-05-28T09:02:21.147734+00:00","https://fly.pl/szukaj-wycieczek/?filter[dest]=11:&filter[hotelids]=&filter[cityids]=0&filter[cregids]=&filter[ofrType]=&filter[addObjType]=&filter[whenFrom]=28-05-2026&filter[whenTo]=30-06-2026&filter[duration]=7:10&filter[from]=Warszawa%20-%20Modlin,Warszawa%20-%20Radom,Warszawa&filter[person]=2&filter[child]=1&filter[price]=4766:9000&filter[PriceFrom]=4766&filter[PriceTo]=9000&filter[addCategory]=50&filter[addCatering]=1&filter[addMisc]=0&filter[addTransport]=F&filter[fp]=1&order_by=ofr_price&filter[tourOperator]=0&filter[childAge][1]=20201210","https://datacfstatic.merlinx.pl/ITAK/IMG/DBBJAZB/6d2b0aaef3fad164fc83046e3d58423011b3bbab07378933e5469c476895505f.webp","https://fly.pl/wycieczka/egipt,dolny-egipt,marsa-matrouh/jaz-almaza-blue-11/p71L24GMFcm9Ij4YaWzgMvAAogLasoAAym8pKR8bjRAUHMGrZ-ow71cELiM27MLZ5LpdoqBFZJVFgwvIjg0AZI70FQQViGAWACckAaABUHFwBcA1gFQI8DU8mDAVIAW8YFXu52S-1DYQBM4Ko5DZPcmAkgAFHcvK3ya0_KgSVd3PiA_ZkBAgxjAQILroMp7Q/ofertasv/?filter[tourOperator]=VITX&filter%5Bperson%5D=2&filter%5BchildAge%5D%5B1%5D=20201210&filter%5Bchild%5D=1"
"Beach Albatros Resort","8472.0","09.06.2026 - 16.06.2026","8 dni","","Warszawa%20-%20Modlin","2026-05-28T09:02:21.253671+00:00","https://fly.pl/szukaj-wycieczek/?filter[dest]=11:&filter[hotelids]=&filter[cityids]=0&filter[cregids]=&filter[ofrType]=&filter[addObjType]=&filter[whenFrom]=28-05-2026&filter[whenTo]=30-06-2026&filter[duration]=7:10&filter[from]=Warszawa%20-%20Modlin,Warszawa%20-%20Radom,Warszawa&filter[person]=2&filter[child]=1&filter[price]=4766:9000&filter[PriceFrom]=4766&filter[PriceTo]=9000&filter[addCategory]=50&filter[addCatering]=1&filter[addMisc]=0&filter[addTransport]=F&filter[fp]=1&order_by=ofr_price&filter[tourOperator]=0&filter[childAge][1]=20201210","https://fly.pl/cdn/photo/assets/uploads/582/278/2014/11/Albatros-Beach-Resort.jpg","https://fly.pl/wycieczka/egipt,hurghada,c/beach-albatros-resort-hurghada/p7dgtHWc6GgtEiURUzAnxfAAog74TNM8djzzgwdGqGpAQJG-A1VenNBQF7XO4_J7SyQn0qBEpPSU4wvIjg0AZImEJQAViWAmACagJBSXIfHBGgGrkEtcgCqwQ-GLqgHxu0dAHn6_yTAQIAYwECDMizr-k/?operator=JOIN&adults=2&children=2020-12-10&nsv=1&objectId=9070&transport=accommodation_flight&departureDate=2026-06-09&returnDate=2026-06-16&departureLocation=Warszawa+-+Modlin%2CWarszawa+-+Radom%2CWarszawa&opt=delta&catering=all_inclusive"
"Concorde El Salam Front Area","8481.0","14.06.2026 - 21.06.2026","8 dni","","Warszawa%20-%20Modlin","2026-05-28T09:02:21.353281+00:00","https://fly.pl/szukaj-wycieczek/?filter[dest]=11:&filter[hotelids]=&filter[cityids]=0&filter[cregids]=&filter[ofrType]=&filter[addObjType]=&filter[whenFrom]=28-05-2026&filter[whenTo]=30-06-2026&filter[duration]=7:10&filter[from]=Warszawa%20-%20Modlin,Warszawa%20-%20Radom,Warszawa&filter[person]=2&filter[child]=1&filter[price]=4766:9000&filter[PriceFrom]=4766&filter[PriceTo]=9000&filter[addCategory]=50&filter[addCatering]=1&filter[addMisc]=0&filter[addTransport]=F&filter[fp]=1&order_by=ofr_price&filter[tourOperator]=0&filter[childAge][1]=20201210","https://fly.pl/cdn/photo/assets/uploads/582/278/2024/07/concorde-el-salam-front.jpg","https://fly.pl/wycieczka/egipt,sharm-el-sheikh,szarm-el-szejk/concorde-el-salam-front-12/p_KaMaADZjeHFx2tLqWA_sAAogmXSaU6GwlXMfN2E_HfOIuFxRsiItOkZcPLzNjjqE-S0qBEpPSU4wvIjg0AZIoUJQAViOA2ACagJBSXIgHBGXGrkEqJMCqwRyGJ7BHxu_lAEBy5D_rAECAGMBAgtWEZFX/?operator=JOIN&adults=2&children=2020-12-10&nsv=1&objectId=221798&transport=accommodation_flight&departureDate=2026-06-14&returnDate=2026-06-21&departureLocation=Warszawa+-+Modlin%2CWarszawa+-+Radom%2CWarszawa&opt=delta&catering=all_inclusive"
"Serenity Sky Arc","8497.0","11.06.2026 - 18.06.2026","8 dni","","Warszawa%20-%20Modlin","2026-05-28T09:02:21.450164+00:00","https://fly.pl/szukaj-wycieczek/?filter[dest]=11:&filter[hotelids]=&filter[cityids]=0&filter[cregids]=&filter[ofrType]=&filter[addObjType]=&filter[whenFrom]=28-05-2026&filter[whenTo]=30-06-2026&filter[duration]=7:10&filter[from]=Warszawa%20-%20Modlin,Warszawa%20-%20Radom,Warszawa&filter[person]=2&filter[child]=1&filter[price]=4766:9000&filter[PriceFrom]=4766&filter[PriceTo]=9000&filter[addCategory]=50&filter[addCatering]=1&filter[addMisc]=0&filter[addTransport]=F&filter[fp]=1&order_by=ofr_price&filter[tourOperator]=0&filter[childAge][1]=20201210","https://datacfstatic.merlinx.pl/EXIM/IMG/105925/87f214346433856806821e46f3227d027260cfc797d004ca0f88d0b24b70f63e.webp","https://fly.pl/wycieczka/egipt,hurghada,sahl-hasheesh/serenity-sky-arc-10/pM4ES6KFBaVjVzk6Cop6g0AAogoRQq1I1Q1j0U2cxUXIUBBFvIJNo-v4qnTpe8Q4PSP0cqBEVYSU0wvIjg0AZIsUJQAVjGAmACagJBSXIhHBHFuwa5BNH_PasEHBvA4i8YkNo2Ac78tIsJAgBjAQIGi_0PVQ/?operator=EXIM&adults=2&children=2020-12-10&nsv=1&objectId=233912&transport=accommodation_flight&departureDate=2026-06-11&returnDate=2026-06-18&departureLocation=Warszawa+-+Modlin%2CWarszawa+-+Radom%2CWarszawa&opt=delta&catering=all_inclusive"
"Jaz Makadi Saraya (ex Iberotel)","8507.0","11.06.2026 - 18.06.2026","8 dni","","Warszawa%20-%20Modlin","2026-05-28T09:02:21.547730+00:00","https://fly.pl/szukaj-wycieczek/?filter[dest]=11:&filter[hotelids]=&filter[cityids]=0&filter[cregids]=&filter[ofrType]=&filter[addObjType]=&filter[whenFrom]=28-05-2026&filter[whenTo]=30-06-2026&filter[duration]=7:10&filter[from]=Warszawa%20-%20Modlin,Warszawa%20-%20Radom,Warszawa&filter[person]=2&filter[child]=1&filter[price]=4766:9000&filter[PriceFrom]=4766&filter[PriceTo]=9000&filter[addCategory]=50&filter[addCatering]=1&filter[addMisc]=0&filter[addTransport]=F&filter[fp]=1&order_by=ofr_price&filter[tourOperator]=0&filter[childAge][1]=20201210","https://fly.pl/cdn/photo/assets/uploads/582/278/2014/07/Jaz-Makadi-Saraya-ex-Iberotel-fly-pl.jpg","https://fly.pl/wycieczka/egipt,hurghada,makadi-bay/iberotel-makadi-saraya/pt5J_rC5Z-rF1SmBHYwqxiAAogVTrwPIJXyO0ppLVBMk9Dx1vIJNo-v4qnTpe8Q4PSP0cqBEVYSU0wvIjg0AZIu0JQAVjGAmACagJBSXIhHBGhwga5BPX4PasEHBuSpjkYtcU6AbOV5YsKAgBjAQIM85Iy8Q/?operator=EXIM&adults=2&children=2020-12-10&nsv=1&objectId=571&transport=accommodation_flight&departureDate=2026-06-11&returnDate=2026-06-18&departureLocation=Warszawa+-+Modlin%2CWarszawa+-+Radom%2CWarszawa&opt=delta&catering=all_inclusive"
"Pickalbatros Citadel Sahl Hasheesh (ex. Citadel Azur Resort)","8512.0","07.06.2026 - 14.06.2026","8 dni","","Warszawa%20-%20Modlin","2026-05-28T09:02:21.646539+00:00","https://fly.pl/szukaj-wycieczek/?filter[dest]=11:&filter[hotelids]=&filter[cityids]=0&filter[cregids]=&filter[ofrType]=&filter[addObjType]=&filter[whenFrom]=28-05-2026&filter[whenTo]=30-06-2026&filter[duration]=7:10&filter[from]=Warszawa%20-%20Modlin,Warszawa%20-%20Radom,Warszawa&filter[person]=2&filter[child]=1&filter[price]=4766:9000&filter[PriceFrom]=4766&filter[PriceTo]=9000&filter[addCategory]=50&filter[addCatering]=1&filter[addMisc]=0&filter[addTransport]=F&filter[fp]=1&order_by=ofr_price&filter[tourOperator]=0&filter[childAge][1]=20201210","https://fly.pl/cdn/photo/assets/uploads/582/278/2014/07/Albatros-Citadel-Sahl-Hasheesh-ex.-Citadel-Azur-Resort-fly-pl.jpg","https://fly.pl/wycieczka/egipt,hurghada,c/citadel-azur-resort/pbKoynEht0A6D-4VV3rG4NAAogLJP9qGi2MIttyno7L-AHrgAAAADSggQA7oIEAAcAAAAqBFdFWlkwvIjg0AZIwEJQQVjmAWADaglFbnRlciBBaXJqBDAwMTVyQp4BlAEfABwBAgAWBBcCEVMSmgMV2gUYlQMTuQFAhXNMyzJPAEuckwFQABvulAId3KkNIBwNkcjCCQESYwENYwECDIcVkdQ/?operator=WEZY&adults=2&children=2020-12-10&nsv=1&objectId=4020&transport=accommodation_flight&departureDate=2026-06-07&returnDate=2026-06-14&departureLocation=Warszawa+-+Modlin%2CWarszawa+-+Radom%2CWarszawa&opt=delta&catering=all_inclusive"
"Double Tree by Hilton Mangroovy El Gouna Resort","8545.0","09.06.2026 - 16.06.2026","8 dni","","Warszawa%20-%20Modlin","2026-05-28T09:02:21.743424+00:00","https://fly.pl/szukaj-wycieczek/?filter[dest]=11:&filter[hotelids]=&filter[cityids]=0&filter[cregids]=&filter[ofrType]=&filter[addObjType]=&filter[whenFrom]=28-05-2026&filter[whenTo]=30-06-2026&filter[duration]=7:10&filter[from]=Warszawa%20-%20Modlin,Warszawa%20-%20Radom,Warszawa&filter[person]=2&filter[child]=1&filter[price]=4766:9000&filter[PriceFrom]=4766&filter[PriceTo]=9000&filter[addCategory]=50&filter[addCatering]=1&filter[addMisc]=0&filter[addTransport]=F&filter[fp]=1&order_by=ofr_price&filter[tourOperator]=0&filter[childAge][1]=20201210","https://datacfstatic.merlinx.pl/JOIN/IMG/6551/be6c748e794cafd37f9c8e262b8385b1ff991e6a899a4f0f4465a1589e0c020f.webp","https://fly.pl/wycieczka/egipt,hurghada,al-dzuna/double-tree-by-hilton-mangroovy-el-gouna-13/p1kDpXk8vtILv8BJ2WbCCpAAogT4RnVMWDv4sp1_Ib9xS-tuA1VenNBQF7XO4_J7SyQn0qBEpPSU4wvIjg0AZI4UJQAViWAmACagJBSXIgHBGXM7kEvq8CqwQ-GK3iIRuYgAEB9a6UlAECAGMBAgWwuAfs/?operator=JOIN&adults=2&children=2020-12-10&nsv=1&objectId=233092&transport=accommodation_flight&departureDate=2026-06-09&returnDate=2026-06-16&departureLocation=Warszawa+-+Modlin%2CWarszawa+-+Radom%2CWarszawa&opt=delta&catering=all_inclusive"
"Club Magic Life Kalawy","8553.0","14.06.2026 - 21.06.2026","8 dni","","Warszawa%20-%20Modlin","2026-05-28T09:02:21.847156+00:00","https://fly.pl/szukaj-wycieczek/?filter[dest]=11:&filter[hotelids]=&filter[cityids]=0&filter[cregids]=&filter[ofrType]=&filter[addObjType]=&filter[whenFrom]=28-05-2026&filter[whenTo]=30-06-2026&filter[duration]=7:10&filter[from]=Warszawa%20-%20Modlin,Warszawa%20-%20Radom,Warszawa&filter[person]=2&filter[child]=1&filter[price]=4766:9000&filter[PriceFrom]=4766&filter[PriceTo]=9000&filter[addCategory]=50&filter[addCatering]=1&filter[addMisc]=0&filter[addTransport]=F&filter[fp]=1&order_by=ofr_price&filter[tourOperator]=0&filter[childAge][1]=20201210","https://fly.pl/cdn/photo/assets/uploads/582/278/2015/02/Club-Magic-Life-Kalawy-fly-pl.jpg","https://fly.pl/wycieczka/egipt,hurghada,safaga/club-magic-life-kalawy-imperial/prCOJuZo__vCTAnmX0ykyPAAogDSq1EBp0iJKDNIvrn_xb--mJtSVLR3FE9jBQXLCxIH4qBFNGUEwwvIjg0AZI6UJQQViOA2ACciMLAhUFIgQSI0D6AlvjBFyv_AUNzMnOCVHpnL72AwISYwECBUVUoh0/ofertasv/?filter[tourOperator]=SFPL&filter%5Bperson%5D=2&filter%5BchildAge%5D%5B1%5D=20201210&filter%5Bchild%5D=1"
"Park Regency Resort (ex. Hyatt)","8602.0","14.06.2026 - 21.06.2026","8 dni","","Warszawa%20-%20Modlin","2026-05-28T09:02:21.946466+00:00","https://fly.pl/szukaj-wycieczek/?filter[dest]=11:&filter[hotelids]=&filter[cityids]=0&filter[cregids]=&filter[ofrType]=&filter[addObjType]=&filter[whenFrom]=28-05-2026&filter[whenTo]=30-06-2026&filter[duration]=7:10&filter[from]=Warszawa%20-%20Modlin,Warszawa%20-%20Radom,Warszawa&filter[person]=2&filter[child]=1&filter[price]=4766:9000&filter[PriceFrom]=4766&filter[PriceTo]=9000&filter[addCategory]=50&filter[addCatering]=1&filter[addMisc]=0&filter[addTransport]=F&filter[fp]=1&order_by=ofr_price&filter[tourOperator]=0&filter[childAge][1]=20201210","https://fly.pl/cdn/photo/assets/uploads/582/278/2014/07/Park-Regency.jpg","https://fly.pl/wycieczka/egipt,sharm-el-sheikh,c/hyatt-regency-sharm/p1Pg1Cv6dEsyg1eN4c-ryMAAoge4LcNPLLelrrBFNboPXlr1xRsiItOkZcPLzNjjqE-S0qBEpPSU4wvIjg0AZImkNQAViOA2ACagJBSXIgHBGrHLkElJECqwRyGPnKHxubiAEBp6CDrQECAGMBAgtZ79ek/?operator=JOIN&adults=2&children=2020-12-10&nsv=1&objectId=627&transport=accommodation_flight&departureDate=2026-06-14&returnDate=2026-06-21&departureLocation=Warszawa+-+Modlin%2CWarszawa+-+Radom%2CWarszawa&opt=delta&catering=all_inclusive"
"Swisstouch Oriental Resort (ex. Hotelux Oriental Coast)","8606.0","02.06.2026 - 09.06.2026","8 dni","","Warszawa%20-%20Modlin","2026-05-28T09:02:22.044271+00:00","https://fly.pl/szukaj-wycieczek/?filter[dest]=11:&filter[hotelids]=&filter[cityids]=0&filter[cregids]=&filter[ofrType]=&filter[addObjType]=&filter[whenFrom]=28-05-2026&filter[whenTo]=30-06-2026&filter[duration]=7:10&filter[from]=Warszawa%20-%20Modlin,Warszawa%20-%20Radom,Warszawa&filter[person]=2&filter[child]=1&filter[price]=4766:9000&filter[PriceFrom]=4766&filter[PriceTo]=9000&filter[addCategory]=50&filter[addCatering]=1&filter[addMisc]=0&filter[addTransport]=F&filter[fp]=1&order_by=ofr_price&filter[tourOperator]=0&filter[childAge][1]=20201210","https://fly.pl/cdn/photo/assets/uploads/582/278/2016/09/Sentido-Oriental-Dream-Resort.jpg","https://fly.pl/wycieczka/egipt,marsa-alam,c/sentido-oriental-dream-resort/pkhyHWrl0NzJkuUEtSWcT5AAog4MW-tnvYT-UTvNNzTkZtLpHX3Og0y_iKMz4_G2gLy_EqBEJWQkUwvIjg0AZInkNQAVhuYAJqAkFJciEcEe3qARvUnEEYgJIWuQSA4CmrBBoBnbK34wMCAGMBAgXwafHL/?operator=BVBE&adults=2&children=2020-12-10&nsv=1&objectId=6533&transport=accommodation_flight&departureDate=2026-06-02&returnDate=2026-06-09&departureLocation=Warszawa+-+Modlin%2CWarszawa+-+Radom%2CWarszawa&opt=delta&catering=all_inclusive"
"Pickalbatros Palace Resort","8679.0","09.06.2026 - 16.06.2026","8 dni","","Warszawa%20-%20Modlin","2026-05-28T09:02:22.151973+00:00","https://fly.pl/szukaj-wycieczek/?filter[dest]=11:&filter[hotelids]=&filter[cityids]=0&filter[cregids]=&filter[ofrType]=&filter[addObjType]=&filter[whenFrom]=28-05-2026&filter[whenTo]=30-06-2026&filter[duration]=7:10&filter[from]=Warszawa%20-%20Modlin,Warszawa%20-%20Radom,Warszawa&filter[person]=2&filter[child]=1&filter[price]=4766:9000&filter[PriceFrom]=4766&filter[PriceTo]=9000&filter[addCategory]=50&filter[addCatering]=1&filter[addMisc]=0&filter[addTransport]=F&filter[fp]=1&order_by=ofr_price&filter[tourOperator]=0&filter[childAge][1]=20201210","https://fly.pl/cdn/photo/assets/uploads/582/278/2014/09/Albatros-Palace-fly-pl-4.jpg","https://fly.pl/wycieczka/egipt,hurghada,c/albatros-palace/pQfPVQ4hezq3At05GZiyw5AAogWu1jPG42m1VyDqiQjvoKueA1VenNBQF7XO4_J7SyQn0qBEpPSU4wvIjg0AZI50NQAViWAmACagJBSXIgHBHaGrkE-8cCqwQ-GOSpHxvMkwEBz_OHlAECAGMBAgyBWcRV/?operator=JOIN&adults=2&children=2020-12-10&nsv=1&objectId=4403&transport=accommodation_flight&departureDate=2026-06-09&returnDate=2026-06-16&departureLocation=Warszawa+-+Modlin%2CWarszawa+-+Radom%2CWarszawa&opt=delta&catering=all_inclusive"
"Novotel Sharm Beach","8784.0","14.06.2026 - 21.06.2026","8 dni","","Warszawa%20-%20Modlin","2026-05-28T09:02:22.257519+00:00","https://fly.pl/szukaj-wycieczek/?filter[dest]=11:&filter[hotelids]=&filter[cityids]=0&filter[cregids]=&filter[ofrType]=&filter[addObjType]=&filter[whenFrom]=28-05-2026&filter[whenTo]=30-06-2026&filter[duration]=7:10&filter[from]=Warszawa%20-%20Modlin,Warszawa%20-%20Radom,Warszawa&filter[person]=2&filter[child]=1&filter[price]=4766:9000&filter[PriceFrom]=4766&filter[PriceTo]=9000&filter[addCategory]=50&filter[addCatering]=1&filter[addMisc]=0&filter[addTransport]=F&filter[fp]=1&order_by=ofr_price&filter[tourOperator]=0&filter[childAge][1]=20201210","https://fly.pl/cdn/photo/assets/uploads/582/278/2014/07/Novotel-Sharm-Beach.jpg","https://fly.pl/wycieczka/egipt,sharm-el-sheikh,c/novotel-sharm-beach/pn72C3mDGsQcQ1YxCaQ0y4AAogJPt6-iqLK_Bp1XVeCqYXLlxRsiItOkZcPLzNjjqE-S0qBEpPSU4wvIjg0AZI0ERQAViOA2ACagJBSXIgHBGdHLkEopECqwRyGL7JHxuxqAEB7JyBrQECAGMBAgyzCQO5/?operator=JOIN&adults=2&children=2020-12-10&nsv=1&objectId=80493&transport=accommodation_flight&departureDate=2026-06-14&returnDate=2026-06-21&departureLocation=Warszawa+-+Modlin%2CWarszawa+-+Radom%2CWarszawa&opt=delta&catering=all_inclusive"
"Movenpick Resort Sharm el Sheikh","8784.0","14.06.2026 - 21.06.2026","8 dni","","Warszawa%20-%20Modlin","2026-05-28T09:02:22.360362+00:00","https://fly.pl/szukaj-wycieczek/?filter[dest]=11:&filter[hotelids]=&filter[cityids]=0&filter[cregids]=&filter[ofrType]=&filter[addObjType]=&filter[whenFrom]=28-05-2026&filter[whenTo]=30-06-2026&filter[duration]=7:10&filter[from]=Warszawa%20-%20Modlin,Warszawa%20-%20Radom,Warszawa&filter[person]=2&filter[child]=1&filter[price]=4766:9000&filter[PriceFrom]=4766&filter[PriceTo]=9000&filter[addCategory]=50&filter[addCatering]=1&filter[addMisc]=0&filter[addTransport]=F&filter[fp]=1&order_by=ofr_price&filter[tourOperator]=0&filter[childAge][1]=20201210","https://fly.pl/cdn/photo/assets/uploads/582/278/2015/03/Movenpick-Golf-Club-fly-pl.jpg","https://fly.pl/wycieczka/egipt,sharm-el-sheikh,c/moevenpick-golf-club/pQ5NwhOF5eNCrDgk5Y9LvHAAogArOWDaV_amvnBb0n-kWSJFxRsiItOkZcPLzNjjqE-S0qBEpPSU4wvIjg0AZI0ERQAViOA2ACagJBSXIgHBGRHLkErpECqwRyGNvIHxuWiAEBztn_rAECAGMBAgtWecqY/?operator=JOIN&adults=2&children=2020-12-10&nsv=1&objectId=1451&transport=accommodation_flight&departureDate=2026-06-14&returnDate=2026-06-21&departureLocation=Warszawa+-+Modlin%2CWarszawa+-+Radom%2CWarszawa&opt=delta&catering=all_inclusive"
"Titanic Royal","8837.0","11.06.2026 - 18.06.2026","8 dni","","Warszawa%20-%20Modlin","2026-05-28T09:02:22.466176+00:00","https://fly.pl/szukaj-wycieczek/?filter[dest]=11:&filter[hotelids]=&filter[cityids]=0&filter[cregids]=&filter[ofrType]=&filter[addObjType]=&filter[whenFrom]=28-05-2026&filter[whenTo]=30-06-2026&filter[duration]=7:10&filter[from]=Warszawa%20-%20Modlin,Warszawa%20-%20Radom,Warszawa&filter[person]=2&filter[child]=1&filter[price]=4766:9000&filter[PriceFrom]=4766&filter[PriceTo]=9000&filter[addCategory]=50&filter[addCatering]=1&filter[addMisc]=0&filter[addTransport]=F&filter[fp]=1&order_by=ofr_price&filter[tourOperator]=0&filter[childAge][1]=20201210","https://fly.pl/cdn/photo/assets/uploads/582/278/2018/12/Titanic-Royal-fly-pl.jpg","https://fly.pl/wycieczka/egipt,hurghada,c/titanic-royal/pgPo8ZsYdYEvZMzNiP_gvdAAogd8spWmrlD74FNeEAT1ScmlvIJNo-v4qnTpe8Q4PSP0cqBEVYSU0wvIjg0AZIhUVQAVjGAmACagNVQUlyIRwRkrsGuQSEgD6rBBwbtI4wGOv3NgGj0KWUCQIAYwECCxPmU7s/?operator=EXIM&adults=2&children=2020-12-10&nsv=1&objectId=199988&transport=accommodation_flight&departureDate=2026-06-11&returnDate=2026-06-18&departureLocation=Warszawa+-+Modlin%2CWarszawa+-+Radom%2CWarszawa&opt=delta&catering=all_inclusive"
"Sentido Naga Bay","8837.0","11.06.2026 - 18.06.2026","8 dni","","Warszawa%20-%20Modlin","2026-05-28T09:02:22.568147+00:00","https://fly.pl/szukaj-wycieczek/?filter[dest]=11:&filter[hotelids]=&filter[cityids]=0&filter[cregids]=&filter[ofrType]=&filter[addObjType]=&filter[whenFrom]=28-05-2026&filter[whenTo]=30-06-2026&filter[duration]=7:10&filter[from]=Warszawa%20-%20Modlin,Warszawa%20-%20Radom,Warszawa&filter[person]=2&filter[child]=1&filter[price]=4766:9000&filter[PriceFrom]=4766&filter[PriceTo]=9000&filter[addCategory]=50&filter[addCatering]=1&filter[addMisc]=0&filter[addTransport]=F&filter[fp]=1&order_by=ofr_price&filter[tourOperator]=0&filter[childAge][1]=20201210","https://datacfstatic.merlinx.pl/EXIM/IMG/107999/9d641e0a8402d84c9667425ab0597c84252af3d3d79e7fbed42a09447678d1b1.webp","https://fly.pl/wycieczka/egipt,hurghada,c/sentido-naga-bay-11/pJmtp8N3V2sEaLvVPWTxYjAAogyClmMHONeKejB9OXxTUKeFvIJNo-v4qnTpe8Q4PSP0cqBEVYSU0wvIjg0AZIhUVQAVjGAmACagJBSXIhHBHfywa5BLfvPasEHBvY5D0Y0fE-AZz2p4sLAgBjAQIGajjBtw/?operator=EXIM&adults=2&children=2020-12-10&nsv=1&objectId=230031&transport=accommodation_flight&departureDate=2026-06-11&returnDate=2026-06-18&departureLocation=Warszawa+-+Modlin%2CWarszawa+-+Radom%2CWarszawa&opt=delta&catering=all_inclusive"
"Grand Rotana Resort & Spa","8891.0","02.06.2026 - 10.06.2026","9 dni","","Warszawa%20-%20Modlin","2026-05-28T09:02:22.675156+00:00","https://fly.pl/szukaj-wycieczek/?filter[dest]=11:&filter[hotelids]=&filter[cityids]=0&filter[cregids]=&filter[ofrType]=&filter[addObjType]=&filter[whenFrom]=28-05-2026&filter[whenTo]=30-06-2026&filter[duration]=7:10&filter[from]=Warszawa%20-%20Modlin,Warszawa%20-%20Radom,Warszawa&filter[person]=2&filter[child]=1&filter[price]=4766:9000&filter[PriceFrom]=4766&filter[PriceTo]=9000&filter[addCategory]=50&filter[addCatering]=1&filter[addMisc]=0&filter[addTransport]=F&filter[fp]=1&order_by=ofr_price&filter[tourOperator]=0&filter[childAge][1]=20201210","https://fly.pl/cdn/photo/assets/uploads/582/278/2014/07/Grand-Rotana-fly-pl.jpg","https://fly.pl/wycieczka/egipt,sharm-el-sheikh,c/grand-rotana/pSZPiz93KInT_K9_2gavTcAAogXAHZA2dP87_qtoIDCtZtRGKYTWXIbHl7jtD9z0P4iRwqBFZJVFgwvIjg0AZIu0VQQVhuYAJyQBoAFQcXAFwDWAVAjwNbv4MBXr58UqYgUwBLxyNhAEzfqjkNk9yYCSABUePgh7PpAU_DkQ1dhM7qvBwCDGMBAgsIVqLw/ofertasv/?filter[tourOperator]=VITX&filter%5Bperson%5D=2&filter%5BchildAge%5D%5B1%5D=20201210&filter%5Bchild%5D=1"
"Sentido Mamlouk Palace Resort & Spa (ex Sunrise)","8933.0","14.06.2026 - 21.06.2026","8 dni","","Warszawa%20-%20Modlin","2026-05-28T09:02:22.781456+00:00","https://fly.pl/szukaj-wycieczek/?filter[dest]=11:&filter[hotelids]=&filter[cityids]=0&filter[cregids]=&filter[ofrType]=&filter[addObjType]=&filter[whenFrom]=28-05-2026&filter[whenTo]=30-06-2026&filter[duration]=7:10&filter[from]=Warszawa%20-%20Modlin,Warszawa%20-%20Radom,Warszawa&filter[person]=2&filter[child]=1&filter[price]=4766:9000&filter[PriceFrom]=4766&filter[PriceTo]=9000&filter[addCategory]=50&filter[addCatering]=1&filter[addMisc]=0&filter[addTransport]=F&filter[fp]=1&order_by=ofr_price&filter[tourOperator]=0&filter[childAge][1]=20201210","https://fly.pl/cdn/photo/assets/uploads/582/278/2014/10/Sentido-Mamlouk-Palace-Resort-Spa.jpg","https://fly.pl/wycieczka/egipt,hurghada,c/sentido-mamlouk-palace-resort-ex-sunrise/pJnZc-OQuzJqxTCC11l0j7AAogtYsHrWS5Enx89vuXrIFDTemJtSVLR3FE9jBQXLCxIH4qBFNGUEwwvIjg0AZI5UVQQViOA2ACciMLAhUFIgYSIVzMAkAuW-fwUQ332YIJUcfI0PuPAQISYwECBeVMV6U/ofertasv/?filter[tourOperator]=SFPL&filter%5Bperson%5D=2&filter%5BchildAge%5D%5B1%5D=20201210&filter%5Bchild%5D=1"
"Pickalbatros Dana Beach Resort","8958.0","09.06.2026 - 16.06.2026","8 dni","","Warszawa%20-%20Modlin","2026-05-28T09:02:22.887244+00:00","https://fly.pl/szukaj-wycieczek/?filter[dest]=11:&filter[hotelids]=&filter[cityids]=0&filter[cregids]=&filter[ofrType]=&filter[addObjType]=&filter[whenFrom]=28-05-2026&filter[whenTo]=30-06-2026&filter[duration]=7:10&filter[from]=Warszawa%20-%20Modlin,Warszawa%20-%20Radom,Warszawa&filter[person]=2&filter[child]=1&filter[price]=4766:9000&filter[PriceFrom]=4766&filter[PriceTo]=9000&filter[addCategory]=50&filter[addCatering]=1&filter[addMisc]=0&filter[addTransport]=F&filter[fp]=1&order_by=ofr_price&filter[tourOperator]=0&filter[childAge][1]=20201210","https://fly.pl/cdn/photo/assets/uploads/582/278/2014/10/Dana-Beach-Resort-fly-pl-1.jpg","https://fly.pl/wycieczka/egipt,hurghada,c/dana-beach/plXCktb-GSZXRDxG3XWT4xAAogtHCRtFIN1y4FwD9cIemuVuA1VenNBQF7XO4_J7SyQn0qBEpPSU4wvIjg0AZI_kVQAViWAmACagJBSXIgHBHYGrkE_ccCqwQ-GMapHxubkQEB17aFlAECAGMBAgwlUEkE/?operator=JOIN&adults=2&children=2020-12-10&nsv=1&objectId=555&transport=accommodation_flight&departureDate=2026-06-09&returnDate=2026-06-16&departureLocation=Warszawa+-+Modlin%2CWarszawa+-+Radom%2CWarszawa&opt=delta&catering=all_inclusive"
"Pickalbatros Aqua Park Resort (Sharm El Sheikh)","8980.0","14.06.2026 - 21.06.2026","8 dni","","Warszawa%20-%20Modlin","2026-05-28T09:02:22.989226+00:00","https://fly.pl/szukaj-wycieczek/?filter[dest]=11:&filter[hotelids]=&filter[cityids]=0&filter[cregids]=&filter[ofrType]=&filter[addObjType]=&filter[whenFrom]=28-05-2026&filter[whenTo]=30-06-2026&filter[duration]=7:10&filter[from]=Warszawa%20-%20Modlin,Warszawa%20-%20Radom,Warszawa&filter[person]=2&filter[child]=1&filter[price]=4766:9000&filter[PriceFrom]=4766&filter[PriceTo]=9000&filter[addCategory]=50&filter[addCatering]=1&filter[addMisc]=0&filter[addTransport]=F&filter[fp]=1&order_by=ofr_price&filter[tourOperator]=0&filter[childAge][1]=20201210","https://fly.pl/cdn/photo/assets/uploads/582/278/2017/08/Albatros-Aqua-Park-Sharm.jpg","https://fly.pl/wycieczka/egipt,sharm-el-sheikh,szarm-el-szejk/albatros-aqua-park-sharm-el-sheikh/pe_T3Spd2FgJ1Oaein8RyJAAogB7k3qdqT4vuojZCl41Qu21xRsiItOkZcPLzNjjqE-S0qBEpPSU4wvIjg0AZIlEZQAViOA2ACagJBSXIgHBHCGbkE_ZMCqwRyGJq-HxuPmwEB1-39rAECAGMBAgyAWERR/?operator=JOIN&adults=2&children=2020-12-10&nsv=1&objectId=189355&transport=accommodation_flight&departureDate=2026-06-14&returnDate=2026-06-21&departureLocation=Warszawa+-+Modlin%2CWarszawa+-+Radom%2CWarszawa&opt=delta&catering=all_inclusive"
