"hotel_name","price","dates","duration","rating","ta_rating","ta_review_count","ta_source","departure_airport","scraped_at","url","image_url","offer_url","filter_id","country","region","resort","departure_date","return_date","days","nights","origin_scope","pax_profile","departure_key"
"First Class Turcja, Alanya, Mahmutlar","8640.0","24.08.2026 - 06.09.2026","14 dni/13 nocy","3.2","3.2","454","tripadvisor","Warszawa","2026-08-23T15:37:14.406197+00:00","https://fly.pl/oferta/turcja-wczasy/?filter[dest]=39:&filter[hotelids]=&filter[cityids]=&filter[cregids]=&filter[ofrType]=&filter[addObjType]=H&filter[whenFrom]=23-08-2026&filter[whenTo]=22-09-2026&filter[duration]=13:16&filter[from]=Warszawa,Warszawa%20-%20Radom&filter[person]=2&filter[child]=1&filter[price]=4000:20000&filter[PriceFrom]=4000&filter[PriceTo]=20000&filter[addCategory]=50&filter[addCatering]=0&filter[addMisc]=0&filter[addTransport]=F&filter[fp]=1&order_by=ofr_price&filter[tourOperator]=0&filter[childAge][1]=20201210","https://fly.pl/cdn/photo/assets/uploads/582/278/2015/04/First-Class.jpg","https://fly.pl/wycieczka/turcja,alanya,mahmutlar/first-class/pfyYE-Nn1ndQOf8uvMlxTAAAogli-Vo87ipgrfxe2VJUMMZv4pD51008FgSw5Ucb3OO6IqBE9SRVgwq6es1AZIwENQQVgIYAJqBkowLjIuMXI2mwFcChUDFwBYAlYCQMoGEeMeT_ghXSRSqydTAF6WlAFh7UNLAEzljDog6_uXCQ0AAhJjAQILfTvr5g/ofertasv/?filter[tourOperator]=OREX&filter%5Bperson%5D=2&filter%5BchildAge%5D%5B1%5D=20201210&filter%5Bchild%5D=1","filter_turkey_13_16_days","turcja","alanya","mahmutlar","2026-08-24","2026-09-06","14","13","Warszawa","2+1","turcja|alanya|2026-08-24|2026-09-06|13|Warszawa|2+1"
"Campus Hill Turcja, Alanya","8859.0","29.08.2026 - 11.09.2026","14 dni/13 nocy","4.0","4.0","209","tripadvisor","Warszawa","2026-08-23T15:37:14.406197+00:00","https://fly.pl/oferta/turcja-wczasy/?filter[dest]=39:&filter[hotelids]=&filter[cityids]=&filter[cregids]=&filter[ofrType]=&filter[addObjType]=H&filter[whenFrom]=23-08-2026&filter[whenTo]=22-09-2026&filter[duration]=13:16&filter[from]=Warszawa,Warszawa%20-%20Radom&filter[person]=2&filter[child]=1&filter[price]=4000:20000&filter[PriceFrom]=4000&filter[PriceTo]=20000&filter[addCategory]=50&filter[addCatering]=0&filter[addMisc]=0&filter[addTransport]=F&filter[fp]=1&order_by=ofr_price&filter[tourOperator]=0&filter[childAge][1]=20201210","https://fly.pl/cdn/photo/assets/uploads/582/278/2024/07/campus-hill.jpg","https://fly.pl/wycieczka/turcja,alanya,c/campus-hill-15/pTAWJL8Gr1YeXa6QiHsBsMAAogqxE3_vqewg6z6KEa4BLATCoNWmvQEEHUw3gEnJaiGJ0qBEJWQkUwq6es1AZIm0VQAViAAWACagJBSXIhHBHcmQEbzMY_GI6MILkEztcYqwQTAeWj9L8EAhJjAQMLCoIrdA/ofertasv/?filter[tourOperator]=BVBE&filter%5Bperson%5D=2&filter%5BchildAge%5D%5B1%5D=20201210&filter%5Bchild%5D=1","filter_turkey_13_16_days","turcja","alanya","c","2026-08-29","2026-09-11","14","13","Warszawa","2+1","turcja|alanya|2026-08-29|2026-09-11|13|Warszawa|2+1"
"Perre Delta Turcja, Alanya, Okurcalar","9959.0","08.09.2026 - 21.09.2026","14 dni/13 nocy","3.3","3.3","369","tripadvisor","Warszawa","2026-08-23T15:37:14.406197+00:00","https://fly.pl/oferta/turcja-wczasy/?filter[dest]=39:&filter[hotelids]=&filter[cityids]=&filter[cregids]=&filter[ofrType]=&filter[addObjType]=H&filter[whenFrom]=23-08-2026&filter[whenTo]=22-09-2026&filter[duration]=13:16&filter[from]=Warszawa,Warszawa%20-%20Radom&filter[person]=2&filter[child]=1&filter[price]=4000:20000&filter[PriceFrom]=4000&filter[PriceTo]=20000&filter[addCategory]=50&filter[addCatering]=0&filter[addMisc]=0&filter[addTransport]=F&filter[fp]=1&order_by=ofr_price&filter[tourOperator]=0&filter[childAge][1]=20201210","https://fly.pl/cdn/photo/assets/uploads/582/278/2020/01/Perre-Delta.jpg","https://fly.pl/wycieczka/turcja,alanya,okurcalar/perre-delta-hotel-14/pEq92yjNedqxSmMAJ9hX4SAAogdvvlctLdj6aXZa29HTv7bIRXb0S2CkfY7MNA9xXe7tgqBE9SRVgwq6es1AZI501QQVjwAmACagZKMC4yLjFyNpsBFQ0XAFgCVgJcCEDCBhHUB0-HOV0kU6snUgBelpQBS-1DYQBM5Yw6IL_8lwkNAAISYwECC7rvIng/ofertasv/?filter[tourOperator]=OREX&filter%5Bperson%5D=2&filter%5BchildAge%5D%5B1%5D=20201210&filter%5Bchild%5D=1","filter_turkey_13_16_days","turcja","alanya","okurcalar","2026-09-08","2026-09-21","14","13","Warszawa","2+1","turcja|alanya|2026-09-08|2026-09-21|13|Warszawa|2+1"
"Nox Inn Club (ex Limoncello Konakli Beach) Turcja, Alanya, Konaklı","10157.0","26.08.2026 - 09.09.2026","15 dni/14 nocy","4.2","4.2","72","tripadvisor","Warszawa","2026-08-23T15:37:14.406197+00:00","https://fly.pl/oferta/turcja-wczasy/?filter[dest]=39:&filter[hotelids]=&filter[cityids]=&filter[cregids]=&filter[ofrType]=&filter[addObjType]=H&filter[whenFrom]=23-08-2026&filter[whenTo]=22-09-2026&filter[duration]=13:16&filter[from]=Warszawa,Warszawa%20-%20Radom&filter[person]=2&filter[child]=1&filter[price]=4000:20000&filter[PriceFrom]=4000&filter[PriceTo]=20000&filter[addCategory]=50&filter[addCatering]=0&filter[addMisc]=0&filter[addTransport]=F&filter[fp]=1&order_by=ofr_price&filter[tourOperator]=0&filter[childAge][1]=20201210","https://fly.pl/cdn/photo/assets/uploads/582/278/2014/09/Hotel-Misal-Resort.jpg","https://fly.pl/wycieczka/turcja,alanya,konakli/club-konakli/pTTewoe72SLDnmtk8dokF4AAogaF-DBoxVB1uosHfG6hPa2NE9XKY2U4OiWKIw7pnyKDQqBFZJVFgwq6es1AZIrU9QQVg4YAJyPxoAXAoVBBcAWAFAjwNT52tSAFuwGV7mekvtQ2EATMi0OSCK1JgJDQBRlraN7lhPscIYXZTlpoGtAQIMYwECCyQU2l8/ofertasv/?filter[tourOperator]=VITX&filter%5Bperson%5D=2&filter%5BchildAge%5D%5B1%5D=20201210&filter%5Bchild%5D=1","filter_turkey_13_16_days","turcja","alanya","konakli","2026-08-26","2026-09-09","15","14","Warszawa","2+1","turcja|alanya|2026-08-26|2026-09-09|14|Warszawa|2+1"
"Club Side Coast Turcja, Side, Colakli","10468.0","05.09.2026 - 18.09.2026","14 dni/13 nocy","3.4","3.4","588","tripadvisor","Warszawa","2026-08-23T15:37:14.406197+00:00","https://fly.pl/oferta/turcja-wczasy/?filter[dest]=39:&filter[hotelids]=&filter[cityids]=&filter[cregids]=&filter[ofrType]=&filter[addObjType]=H&filter[whenFrom]=23-08-2026&filter[whenTo]=22-09-2026&filter[duration]=13:16&filter[from]=Warszawa,Warszawa%20-%20Radom&filter[person]=2&filter[child]=1&filter[price]=4000:20000&filter[PriceFrom]=4000&filter[PriceTo]=20000&filter[addCategory]=50&filter[addCatering]=0&filter[addMisc]=0&filter[addTransport]=F&filter[fp]=1&order_by=ofr_price&filter[tourOperator]=0&filter[childAge][1]=20201210","https://fly.pl/cdn/photo/assets/uploads/582/278/2014/09/Club-Side-Coast-fly-pl.jpg","https://fly.pl/wycieczka/turcja,side,colakli/club-side-coast/pkHKn9GfPY-2qBs_k7dCTdAAogI-ptpmUCnW06CvF9XH79pwAAAAA6cQQA9m0EAA0AAQAqBFdFWlkwq6es1AZI5FFQQVioAmADah1MT1QgUG9saXNoIEFpcmxpbmVzL0VudGVyIEFpcnJDngEfABwBAgAWBBcIEucDEeECFaQCE4kCGAoUkANP6WBMAECcElDnxQFLABuVLyDZ5Q4dxAYN7-3CCQESYwENYwECDFcY10I/ofertasv/?filter[tourOperator]=WEZY&filter%5Bperson%5D=2&filter%5BchildAge%5D%5B1%5D=20201210&filter%5Bchild%5D=1","filter_turkey_13_16_days","turcja","side","colakli","2026-09-05","2026-09-18","14","13","Warszawa","2+1","turcja|side|2026-09-05|2026-09-18|13|Warszawa|2+1"
"Loxia Comfort Beach Alanya (ex. Fun & Sun Smart Club Prestige) Turcja, Alanya, Mahmutlar","10517.0","08.09.2026 - 21.09.2026","14 dni/13 nocy","3.8","3.8","1259","tripadvisor","Warszawa","2026-08-23T15:37:14.406197+00:00","https://fly.pl/oferta/turcja-wczasy/?filter[dest]=39:&filter[hotelids]=&filter[cityids]=&filter[cregids]=&filter[ofrType]=&filter[addObjType]=H&filter[whenFrom]=23-08-2026&filter[whenTo]=22-09-2026&filter[duration]=13:16&filter[from]=Warszawa,Warszawa%20-%20Radom&filter[person]=2&filter[child]=1&filter[price]=4000:20000&filter[PriceFrom]=4000&filter[PriceTo]=20000&filter[addCategory]=50&filter[addCatering]=0&filter[addMisc]=0&filter[addTransport]=F&filter[fp]=1&order_by=ofr_price&filter[tourOperator]=0&filter[childAge][1]=20201210","https://fly.pl/cdn/photo/assets/uploads/582/278/2018/03/Euphoria-Comfort-Beach-Alanya.jpg","https://fly.pl/wycieczka/turcja,alanya,mahmutlar/armas-prestige/psr_Vk1UGTUgmqrGVZIdDDAAogFAjp1_ewNXbMP8Jx96nUaYRXb0S2CkfY7MNA9xXe7tgqBE9SRVgwq6es1AZIlVJQQVjwAmACagZKRS4yLjFyNpsBXAoVAxcAWAJWAkDKBhG2Jk-lGl0kUqsnUwBelpQBYe1DSwBM5Yw6IL_8lwkNAAISYwECC7hAODY/ofertasv/?filter[tourOperator]=OREX&filter%5Bperson%5D=2&filter%5BchildAge%5D%5B1%5D=20201210&filter%5Bchild%5D=1","filter_turkey_13_16_days","turcja","alanya","mahmutlar","2026-09-08","2026-09-21","14","13","Warszawa","2+1","turcja|alanya|2026-09-08|2026-09-21|13|Warszawa|2+1"
"Miarosa Incekum Beach (ex Alara Kum) Turcja, Alanya, Avsallar","10710.0","08.09.2026 - 21.09.2026","14 dni/13 nocy","4.0","4.0","969","tripadvisor","Warszawa","2026-08-23T15:37:14.406197+00:00","https://fly.pl/oferta/turcja-wczasy/?filter[dest]=39:&filter[hotelids]=&filter[cityids]=&filter[cregids]=&filter[ofrType]=&filter[addObjType]=H&filter[whenFrom]=23-08-2026&filter[whenTo]=22-09-2026&filter[duration]=13:16&filter[from]=Warszawa,Warszawa%20-%20Radom&filter[person]=2&filter[child]=1&filter[price]=4000:20000&filter[PriceFrom]=4000&filter[PriceTo]=20000&filter[addCategory]=50&filter[addCatering]=0&filter[addMisc]=0&filter[addTransport]=F&filter[fp]=1&order_by=ofr_price&filter[tourOperator]=0&filter[childAge][1]=20201210","https://fly.pl/cdn/photo/assets/uploads/582/278/2015/04/Alara-Kum-fly-pl.jpg","https://fly.pl/wycieczka/turcja,alanya,avsallar/alara-kum/pdOAHzQ3RLydw6j5XnINikAAogw5yg-kCuIf2z0TRPmJtJQ4RXb0S2CkfY7MNA9xXe7tgqBE9SRVgwq6es1AZI1lNQQVjwAmACagZKMC4yLjFyNpsBFQ0XAFgCVgJcCEDCBhHeC0_9NF0kU6snUgBelpQBS-1DYQBM5Yw6IL_8lwkNAAISYwECDEUE8d0/ofertasv/?filter[tourOperator]=OREX&filter%5Bperson%5D=2&filter%5BchildAge%5D%5B1%5D=20201210&filter%5Bchild%5D=1","filter_turkey_13_16_days","turcja","alanya","avsallar","2026-09-08","2026-09-21","14","13","Warszawa","2+1","turcja|alanya|2026-09-08|2026-09-21|13|Warszawa|2+1"
"Green Nature Resort & Spa Turcja, Marmaris","10757.0","31.08.2026 - 14.09.2026","15 dni/14 nocy","4.1","4.1","7344","tripadvisor","Warszawa","2026-08-23T15:37:14.406197+00:00","https://fly.pl/oferta/turcja-wczasy/?filter[dest]=39:&filter[hotelids]=&filter[cityids]=&filter[cregids]=&filter[ofrType]=&filter[addObjType]=H&filter[whenFrom]=23-08-2026&filter[whenTo]=22-09-2026&filter[duration]=13:16&filter[from]=Warszawa,Warszawa%20-%20Radom&filter[person]=2&filter[child]=1&filter[price]=4000:20000&filter[PriceFrom]=4000&filter[PriceTo]=20000&filter[addCategory]=50&filter[addCatering]=0&filter[addMisc]=0&filter[addTransport]=F&filter[fp]=1&order_by=ofr_price&filter[tourOperator]=0&filter[childAge][1]=20201210","https://fly.pl/cdn/photo/assets/uploads/582/278/2014/07/Green-Nature-Resort.jpg","https://fly.pl/wycieczka/turcja,marmaris,c/green-nature-resort/pwMaFfkJhX5bDgnJz8bCgMAAogZUaa-UH21tM9ysP5jd0BEK8rDDdjFLXaQKSLkMNXaCQqBFZJVFgwq6es1AZIhVRQQViwAWACckAaAFwKFQQXAFgBQI8DW7-DAVP9AlIAXsF5S-1DYQBMxbQ5IJLUmAkNAFHXwbebbk_roCxdiLvw05cBAg1jAQIMR-Uj_Q/ofertasv/?filter[tourOperator]=VITX&filter%5Bperson%5D=2&filter%5BchildAge%5D%5B1%5D=20201210&filter%5Bchild%5D=1","filter_turkey_13_16_days","turcja","marmaris","c","2026-08-31","2026-09-14","15","14","Warszawa","2+1","turcja|marmaris|2026-08-31|2026-09-14|14|Warszawa|2+1"
"Scylax Family Club (Kargicak) Turcja, Alanya, Mahmutlar","10806.0","08.09.2026 - 21.09.2026","14 dni/13 nocy","2.6","2.6","141","tripadvisor","Warszawa","2026-08-23T15:37:14.406197+00:00","https://fly.pl/oferta/turcja-wczasy/?filter[dest]=39:&filter[hotelids]=&filter[cityids]=&filter[cregids]=&filter[ofrType]=&filter[addObjType]=H&filter[whenFrom]=23-08-2026&filter[whenTo]=22-09-2026&filter[duration]=13:16&filter[from]=Warszawa,Warszawa%20-%20Radom&filter[person]=2&filter[child]=1&filter[price]=4000:20000&filter[PriceFrom]=4000&filter[PriceTo]=20000&filter[addCategory]=50&filter[addCatering]=0&filter[addMisc]=0&filter[addTransport]=F&filter[fp]=1&order_by=ofr_price&filter[tourOperator]=0&filter[childAge][1]=20201210","https://fly.pl/cdn/photo/assets/uploads/582/278/2024/07/scylax-family-club-kargicak.jpg","https://fly.pl/wycieczka/turcja,alanya,mahmutlar/scylax-family-club-kargicak-15/p4vuqq2yun-AZv0UoHpd6tAAog7MUEOssIZEbwJ4UfnZaQ59nASCJBSaUuy1kZ7JYk2PIqBEpPSVAwq6es1AZItlRQQVjwAmACagMwMFJyQ5sBFAFcCRUDFwBYAlYCXZUBT-YEQE9SqmhTAF6WlAFL7UNhABHgnAJMhfA3Db_8lwkgAAGJvPCYhYnMnDACD2MBAg4PcIK7/ofertasv/?filter[tourOperator]=JOIP&filter%5Bperson%5D=2&filter%5BchildAge%5D%5B1%5D=20201210&filter%5Bchild%5D=1","filter_turkey_13_16_days","turcja","alanya","mahmutlar","2026-09-08","2026-09-21","14","13","Warszawa","2+1","turcja|alanya|2026-09-08|2026-09-21|13|Warszawa|2+1"
"Presa Di Finica (Finike) Turcja, Kemer, Finike","10957.0","29.08.2026 - 12.09.2026","15 dni/14 nocy","3.9","3.9","695","tripadvisor","Warszawa","2026-08-23T15:37:14.406197+00:00","https://fly.pl/oferta/turcja-wczasy/?filter[dest]=39:&filter[hotelids]=&filter[cityids]=&filter[cregids]=&filter[ofrType]=&filter[addObjType]=H&filter[whenFrom]=23-08-2026&filter[whenTo]=22-09-2026&filter[duration]=13:16&filter[from]=Warszawa,Warszawa%20-%20Radom&filter[person]=2&filter[child]=1&filter[price]=4000:20000&filter[PriceFrom]=4000&filter[PriceTo]=20000&filter[addCategory]=50&filter[addCatering]=0&filter[addMisc]=0&filter[addTransport]=F&filter[fp]=1&order_by=ofr_price&filter[tourOperator]=0&filter[childAge][1]=20201210","https://fly.pl/cdn/photo/assets/uploads/582/278/2016/02/presa-di-finica.jpg","https://fly.pl/wycieczka/turcja,kemer,finike/presa-di-finica-finike/p86cvYEwJ3RcQHxC4gZXhpAAogCWpiTU91Fe66Tyistdhw1Rleql_vgBzW78-3GSKx6FwqBFZJVFgwq6es1AZIzVVQQViAAWACcj8aAFwKFQQXAFgBQI8DU-drUgBb2BdevnxL7UNhAEyHoTwgzueVCQ0AUdGS9u1YT_XlL12U5aaBrQECDmMBAg0zcu-L/ofertasv/?filter[tourOperator]=VITX&filter%5Bperson%5D=2&filter%5BchildAge%5D%5B1%5D=20201210&filter%5Bchild%5D=1","filter_turkey_13_16_days","turcja","kemer","finike","2026-08-29","2026-09-12","15","14","Warszawa","2+1","turcja|kemer|2026-08-29|2026-09-12|14|Warszawa|2+1"
"World Star Beach Resort & Spa Turcja, Alanya, Kestel","11160.0","08.09.2026 - 21.09.2026","14 dni/13 nocy","","","","","Warszawa","2026-08-23T15:37:14.406197+00:00","https://fly.pl/oferta/turcja-wczasy/?filter[dest]=39:&filter[hotelids]=&filter[cityids]=&filter[cregids]=&filter[ofrType]=&filter[addObjType]=H&filter[whenFrom]=23-08-2026&filter[whenTo]=22-09-2026&filter[duration]=13:16&filter[from]=Warszawa,Warszawa%20-%20Radom&filter[person]=2&filter[child]=1&filter[price]=4000:20000&filter[PriceFrom]=4000&filter[PriceTo]=20000&filter[addCategory]=50&filter[addCatering]=0&filter[addMisc]=0&filter[addTransport]=F&filter[fp]=1&order_by=ofr_price&filter[tourOperator]=0&filter[childAge][1]=20201210","https://datacfstatic.merlinx.pl/OREX/IMG/7374/2dd8973b05214486c5b52b2bda03bc970ce058f30798e156b4496942db88c11f.webp","https://fly.pl/wycieczka/turcja,alanya,kestel/world-star-beach-resort-spa-11/pbhOAV-iKZHnuTSZNA__nSAAogykj4lIpm1EiPq-HkpFX5IoRXb0S2CkfY7MNA9xXe7tgqBE9SRVgwq6es1AZImFdQQVjwAmACagdRSk8uMi4xcjabAVwKFQMXAFgCVgJAygYR8zJP6A1dJFKrJ1MAXpaUAWHtQ0sATOWMOiC__JcJDQACEmMBAgw3JEBA/ofertasv/?filter[tourOperator]=OREX&filter%5Bperson%5D=2&filter%5BchildAge%5D%5B1%5D=20201210&filter%5Bchild%5D=1","filter_turkey_13_16_days","turcja","alanya","kestel","2026-09-08","2026-09-21","14","13","Warszawa","2+1","turcja|alanya|2026-09-08|2026-09-21|13|Warszawa|2+1"
"Daima Biz Resort Turcja, Kemer","11223.0","05.09.2026 - 18.09.2026","14 dni/13 nocy","3.1","3.1","456","tripadvisor","Warszawa","2026-08-23T15:37:14.406197+00:00","https://fly.pl/oferta/turcja-wczasy/?filter[dest]=39:&filter[hotelids]=&filter[cityids]=&filter[cregids]=&filter[ofrType]=&filter[addObjType]=H&filter[whenFrom]=23-08-2026&filter[whenTo]=22-09-2026&filter[duration]=13:16&filter[from]=Warszawa,Warszawa%20-%20Radom&filter[person]=2&filter[child]=1&filter[price]=4000:20000&filter[PriceFrom]=4000&filter[PriceTo]=20000&filter[addCategory]=50&filter[addCatering]=0&filter[addMisc]=0&filter[addTransport]=F&filter[fp]=1&order_by=ofr_price&filter[tourOperator]=0&filter[childAge][1]=20201210","https://fly.pl/cdn/photo/assets/uploads/582/278/2015/04/Daima-Biz-Resort-fly-pl.jpg","https://fly.pl/wycieczka/turcja,kemer,c/daima-biz-resort/pGFOSV5C5tLip4At0ZS1O2AAogROgzVuLOVE1MJ0wfyZlbUwAAAAA6cQQA9m0EAA0AAQAqBFdFWlkwq6es1AZI11dQQVioAmADah1MT1QgUG9saXNoIEFpcmxpbmVzL0VudGVyIEFpcnJDngEfABwBAgAWABcMEucDFYUFE4kCGAoUkAMR9y9P8jBMAECcElDnxQFLABucMSDS4w4dxAYN7-3CCQESYwEMYwEDC5MkcWA/ofertasv/?filter[tourOperator]=WEZY&filter%5Bperson%5D=2&filter%5BchildAge%5D%5B1%5D=20201210&filter%5Bchild%5D=1","filter_turkey_13_16_days","turcja","kemer","c","2026-09-05","2026-09-18","14","13","Warszawa","2+1","turcja|kemer|2026-09-05|2026-09-18|13|Warszawa|2+1"
"Ladonia Hotels Adakule (ex Alkoclar Adakule) Turcja, Kusadasi","11384.0","28.08.2026 - 11.09.2026","15 dni/14 nocy","3.8","3.8","1575","tripadvisor","Warszawa","2026-08-23T15:37:14.406197+00:00","https://fly.pl/oferta/turcja-wczasy/?filter[dest]=39:&filter[hotelids]=&filter[cityids]=&filter[cregids]=&filter[ofrType]=&filter[addObjType]=H&filter[whenFrom]=23-08-2026&filter[whenTo]=22-09-2026&filter[duration]=13:16&filter[from]=Warszawa,Warszawa%20-%20Radom&filter[person]=2&filter[child]=1&filter[price]=4000:20000&filter[PriceFrom]=4000&filter[PriceTo]=20000&filter[addCategory]=50&filter[addCatering]=0&filter[addMisc]=0&filter[addTransport]=F&filter[fp]=1&order_by=ofr_price&filter[tourOperator]=0&filter[childAge][1]=20201210","https://fly.pl/cdn/photo/assets/uploads/582/278/2015/12/Ladonia-Hotels-Adakule-ex-Alkoclar-Adakule-fly-pl.jpg","https://fly.pl/wycieczka/turcja,kusadasi,c/alkoclar-adakule/prJinkzg5Fflv_pANePBEaAAoghD99Bs2IPyU77sUqllltmAAAAACeqQQAvKkEAA4AAQAqBFdFWlkwq6es1AZI-FhQQVhoYANqCUVudGVyIEFpcnJEngEfABwBAgAWBBcJEuYDFdIGGMgBE-0CFIsDEdsWT55ATABAohhQ58UBSwAbiYwDHY2ADSAeDaD8wQkBEmMBDWMBAwx1zMSf/ofertasv/?filter[tourOperator]=WEZY&filter%5Bperson%5D=2&filter%5BchildAge%5D%5B1%5D=20201210&filter%5Bchild%5D=1","filter_turkey_13_16_days","turcja","kusadasi","c","2026-08-28","2026-09-11","15","14","Warszawa","2+1","turcja|kusadasi|2026-08-28|2026-09-11|14|Warszawa|2+1"
"Cenger Beach Resort Turcja, Side","11387.0","05.09.2026 - 18.09.2026","14 dni/13 nocy","4.1","4.1","1316","tripadvisor","Warszawa","2026-08-23T15:37:14.406197+00:00","https://fly.pl/oferta/turcja-wczasy/?filter[dest]=39:&filter[hotelids]=&filter[cityids]=&filter[cregids]=&filter[ofrType]=&filter[addObjType]=H&filter[whenFrom]=23-08-2026&filter[whenTo]=22-09-2026&filter[duration]=13:16&filter[from]=Warszawa,Warszawa%20-%20Radom&filter[person]=2&filter[child]=1&filter[price]=4000:20000&filter[PriceFrom]=4000&filter[PriceTo]=20000&filter[addCategory]=50&filter[addCatering]=0&filter[addMisc]=0&filter[addTransport]=F&filter[fp]=1&order_by=ofr_price&filter[tourOperator]=0&filter[childAge][1]=20201210","https://fly.pl/cdn/photo/assets/uploads/582/278/2015/02/Cenger-Beach-Resort.jpg","https://fly.pl/wycieczka/turcja,side,c/cenger-beach-resort/pCaLpfDjYWSAwrBjUWKT7RAAog90KhcDsYdhBcXPguB9ehnwAAAAA6cQQA9m0EAA0ABAAqBFdFWlkwq6es1AZI-1hQQVioAmADah1MT1QgUG9saXNoIEFpcmxpbmVzL0VudGVyIEFpcnJEngEfABwBAgAWBBcIEucDFYUFE4kCGAoUkAMRhkFP4x9MAECcElDnxQFLABuzhgQgu44LHcQGDe_twgkBEmMBDGMBAwuTJRzJ/ofertasv/?filter[tourOperator]=WEZY&filter%5Bperson%5D=2&filter%5BchildAge%5D%5B1%5D=20201210&filter%5Bchild%5D=1","filter_turkey_13_16_days","turcja","side","c","2026-09-05","2026-09-18","14","13","Warszawa","2+1","turcja|side|2026-09-05|2026-09-18|13|Warszawa|2+1"
"Drita Resort & Spa Turcja, Alanya, Kargicak","11438.0","05.09.2026 - 18.09.2026","14 dni/13 nocy","4.2","4.2","893","tripadvisor","Warszawa","2026-08-23T15:37:14.406197+00:00","https://fly.pl/oferta/turcja-wczasy/?filter[dest]=39:&filter[hotelids]=&filter[cityids]=&filter[cregids]=&filter[ofrType]=&filter[addObjType]=H&filter[whenFrom]=23-08-2026&filter[whenTo]=22-09-2026&filter[duration]=13:16&filter[from]=Warszawa,Warszawa%20-%20Radom&filter[person]=2&filter[child]=1&filter[price]=4000:20000&filter[PriceFrom]=4000&filter[PriceTo]=20000&filter[addCategory]=50&filter[addCatering]=0&filter[addMisc]=0&filter[addTransport]=F&filter[fp]=1&order_by=ofr_price&filter[tourOperator]=0&filter[childAge][1]=20201210","https://fly.pl/cdn/photo/assets/uploads/582/278/2015/01/Drita-Resort-Spa-fly-pl-1.jpg","https://fly.pl/wycieczka/turcja,alanya,kargicak/drita/pXh6jVvO-KMum67BNMoQwVAAogG4CwdqZf9zRLY9HsnA8oBAAAAAA6cQQA9m0EAA0AAQAqBFdFWlkwq6es1AZIrllQQVioAmADah1MT1QgUG9saXNoIEFpcmxpbmVzL0VudGVyIEFpcnJCngEfABwBAgAWABcMEucDEXEVlAQTiQIYChSQA0_pYEwAQJwSUOfFAUsAG_cwIPfjDh3EBg3v7cIJARJjAQljAQMIfGcXbQ/ofertasv/?filter[tourOperator]=WEZY&filter%5Bperson%5D=2&filter%5BchildAge%5D%5B1%5D=20201210&filter%5Bchild%5D=1","filter_turkey_13_16_days","turcja","alanya","kargicak","2026-09-05","2026-09-18","14","13","Warszawa","2+1","turcja|alanya|2026-09-05|2026-09-18|13|Warszawa|2+1"
"Hane Sun Elite (ex Noble Palace Side) Turcja, Side, Colakli","11552.0","08.09.2026 - 21.09.2026","14 dni/13 nocy","3.8","3.8","67","tripadvisor","Warszawa","2026-08-23T15:37:14.406197+00:00","https://fly.pl/oferta/turcja-wczasy/?filter[dest]=39:&filter[hotelids]=&filter[cityids]=&filter[cregids]=&filter[ofrType]=&filter[addObjType]=H&filter[whenFrom]=23-08-2026&filter[whenTo]=22-09-2026&filter[duration]=13:16&filter[from]=Warszawa,Warszawa%20-%20Radom&filter[person]=2&filter[child]=1&filter[price]=4000:20000&filter[PriceFrom]=4000&filter[PriceTo]=20000&filter[addCategory]=50&filter[addCatering]=0&filter[addMisc]=0&filter[addTransport]=F&filter[fp]=1&order_by=ofr_price&filter[tourOperator]=0&filter[childAge][1]=20201210","https://fly.pl/cdn/photo/assets/uploads/582/278/2024/07/hane-sun-elite-ex-noble-palace-side.jpg","https://fly.pl/wycieczka/turcja,side,colakli/noble-palace-side-12/p3lFhCyWAVMnAIjinPUn5rAAogzpVa6CumeYL59D5s5hMIUYRXb0S2CkfY7MNA9xXe7tgqBE9SRVgwq6es1AZIoFpQQVjwAmACagdGQjcuMi4xcjabAVwKFQMXAFgCVgJAygYRhxBP1DBdJFKrJ1MAXpaUAWHtQ0sATOWMOiC__JcJDQACEmMBAg2DeTr8/ofertasv/?filter[tourOperator]=OREX&filter%5Bperson%5D=2&filter%5BchildAge%5D%5B1%5D=20201210&filter%5Bchild%5D=1","filter_turkey_13_16_days","turcja","side","colakli","2026-09-08","2026-09-21","14","13","Warszawa","2+1","turcja|side|2026-09-08|2026-09-21|13|Warszawa|2+1"
"Alan Xafira Deluxe Resort & Spa Turcja, Alanya, Turkler","11746.0","05.09.2026 - 18.09.2026","14 dni/13 nocy","3.6","3.6","4112","tripadvisor","Warszawa","2026-08-23T15:37:14.406197+00:00","https://fly.pl/oferta/turcja-wczasy/?filter[dest]=39:&filter[hotelids]=&filter[cityids]=&filter[cregids]=&filter[ofrType]=&filter[addObjType]=H&filter[whenFrom]=23-08-2026&filter[whenTo]=22-09-2026&filter[duration]=13:16&filter[from]=Warszawa,Warszawa%20-%20Radom&filter[person]=2&filter[child]=1&filter[price]=4000:20000&filter[PriceFrom]=4000&filter[PriceTo]=20000&filter[addCategory]=50&filter[addCatering]=0&filter[addMisc]=0&filter[addTransport]=F&filter[fp]=1&order_by=ofr_price&filter[tourOperator]=0&filter[childAge][1]=20201210","https://fly.pl/cdn/photo/assets/uploads/582/278/2016/09/Xafira-Deluxe-Resort-Spa.jpg","https://fly.pl/wycieczka/turcja,alanya,turkler/alan-xafira-deluxe-resort-spa/pvOwLcqXmB--Lz6ZWWt3BZAAogZEJ7stQeUkTT08Bxv8DVTwAAAAA6cQQA9m0EAA0AAAAqBFdFWlkwq6es1AZI4ltQQVioAmADah1MT1QgUG9saXNoIEFpcmxpbmVzL0VudGVyIEFpcnJDngEfABwBAgAWABcMEucDFYUFE4kCGAoUkAMRykJPnx5MAECcElDnxQFLABuqayDEqQ4dxAYN7-3CCQESYwENYwEDDM9cFfw/ofertasv/?filter[tourOperator]=WEZY&filter%5Bperson%5D=2&filter%5BchildAge%5D%5B1%5D=20201210&filter%5Bchild%5D=1","filter_turkey_13_16_days","turcja","alanya","turkler","2026-09-05","2026-09-18","14","13","Warszawa","2+1","turcja|alanya|2026-09-05|2026-09-18|13|Warszawa|2+1"
"Diamond Hill Resort Turcja, Alanya, Incekum","11885.0","05.09.2026 - 18.09.2026","14 dni/13 nocy","4.3","4.3","2315","tripadvisor","Warszawa","2026-08-23T15:37:14.406197+00:00","https://fly.pl/oferta/turcja-wczasy/?filter[dest]=39:&filter[hotelids]=&filter[cityids]=&filter[cregids]=&filter[ofrType]=&filter[addObjType]=H&filter[whenFrom]=23-08-2026&filter[whenTo]=22-09-2026&filter[duration]=13:16&filter[from]=Warszawa,Warszawa%20-%20Radom&filter[person]=2&filter[child]=1&filter[price]=4000:20000&filter[PriceFrom]=4000&filter[PriceTo]=20000&filter[addCategory]=50&filter[addCatering]=0&filter[addMisc]=0&filter[addTransport]=F&filter[fp]=1&order_by=ofr_price&filter[tourOperator]=0&filter[childAge][1]=20201210","https://fly.pl/cdn/photo/assets/uploads/582/278/2014/10/Diamond-Hill-Resort.jpg","https://fly.pl/wycieczka/turcja,alanya,incekum/diamond-hill-resort/pwEGHIFbvsQ3HjMS3PrhUKAAogkdACSLM1aOtbA-7jk3HPogAAAAA6cQQA9m0EAA0ABAAqBFdFWlkwq6es1AZI7VxQQVioAmADah1MT1QgUG9saXNoIEFpcmxpbmVzL0VudGVyIEFpcnJEngEfABwBAgAWABcMEucDFYUFE4kCGAoUkAMRtjxPsyRMAECcElDnxQFLACDulA8dxAYblqUzDdnIjwkBEmMBDWMBAwxFIRsM/ofertasv/?filter[tourOperator]=WEZY&filter%5Bperson%5D=2&filter%5BchildAge%5D%5B1%5D=20201210&filter%5Bchild%5D=1","filter_turkey_13_16_days","turcja","alanya","incekum","2026-09-05","2026-09-18","14","13","Warszawa","2+1","turcja|alanya|2026-09-05|2026-09-18|13|Warszawa|2+1"
"Side Crown Serenity Turcja, Side, Colakli","11957.0","26.08.2026 - 09.09.2026","15 dni/14 nocy","4.2","4.2","1661","tripadvisor","Warszawa","2026-08-23T15:37:14.406197+00:00","https://fly.pl/oferta/turcja-wczasy/?filter[dest]=39:&filter[hotelids]=&filter[cityids]=&filter[cregids]=&filter[ofrType]=&filter[addObjType]=H&filter[whenFrom]=23-08-2026&filter[whenTo]=22-09-2026&filter[duration]=13:16&filter[from]=Warszawa,Warszawa%20-%20Radom&filter[person]=2&filter[child]=1&filter[price]=4000:20000&filter[PriceFrom]=4000&filter[PriceTo]=20000&filter[addCategory]=50&filter[addCatering]=0&filter[addMisc]=0&filter[addTransport]=F&filter[fp]=1&order_by=ofr_price&filter[tourOperator]=0&filter[childAge][1]=20201210","https://fly.pl/cdn/photo/assets/uploads/582/278/2015/04/Side-Crown-Serenity.jpg","https://fly.pl/wycieczka/turcja,side,colakli/crown-serenity/pStVfdHYbjTAAOeuSA2WhXAAog-d4AJkjPizZxjMWAKiPL5NE9XKY2U4OiWKIw7pnyKDQqBFZJVFgwq6es1AZItV1QQVg4YAJyPxoAXAoVBBcAWAFAjwNT52tSAFvYF16-fEvtQ2EATMi0OSCK1JgJDQBR4O2a7lhP54oLXZTlpoGtAQINYwECDDuukjY/ofertasv/?filter[tourOperator]=VITX&filter%5Bperson%5D=2&filter%5BchildAge%5D%5B1%5D=20201210&filter%5Bchild%5D=1","filter_turkey_13_16_days","turcja","side","colakli","2026-08-26","2026-09-09","15","14","Warszawa","2+1","turcja|side|2026-08-26|2026-09-09|14|Warszawa|2+1"
"Lake River Side Spa Turcja, Side, Manavgat","12157.0","26.08.2026 - 09.09.2026","15 dni/14 nocy","3.5","3.5","405","tripadvisor","Warszawa","2026-08-23T15:37:14.406197+00:00","https://fly.pl/oferta/turcja-wczasy/?filter[dest]=39:&filter[hotelids]=&filter[cityids]=&filter[cregids]=&filter[ofrType]=&filter[addObjType]=H&filter[whenFrom]=23-08-2026&filter[whenTo]=22-09-2026&filter[duration]=13:16&filter[from]=Warszawa,Warszawa%20-%20Radom&filter[person]=2&filter[child]=1&filter[price]=4000:20000&filter[PriceFrom]=4000&filter[PriceTo]=20000&filter[addCategory]=50&filter[addCatering]=0&filter[addMisc]=0&filter[addTransport]=F&filter[fp]=1&order_by=ofr_price&filter[tourOperator]=0&filter[childAge][1]=20201210","https://fly.pl/cdn/photo/assets/uploads/582/278/2014/11/Lake-River-Side-Spa-fly-pl-1.jpg","https://fly.pl/wycieczka/turcja,side,manavgat/lake-river-side-spa/pVKfcx24hqAbGx75tUS2vCAAogQrS7uZUqmIAFzUlnbhB9K9E9XKY2U4OiWKIw7pnyKDQqBFZJVFgwq6es1AZI_V5QQVg4YAJyPxoAXAoVBBcAWAFAjwNT52tSAFvYF16-fEvtQ2EATMi0OSCK1JgJDQBR5MuG7lhP46wfXZTlpoGtAQINYwECDKYPMZs/ofertasv/?filter[tourOperator]=VITX&filter%5Bperson%5D=2&filter%5BchildAge%5D%5B1%5D=20201210&filter%5Bchild%5D=1","filter_turkey_13_16_days","turcja","side","manavgat","2026-08-26","2026-09-09","15","14","Warszawa","2+1","turcja|side|2026-08-26|2026-09-09|14|Warszawa|2+1"
"Armas Green Fugla Turcja, Alanya","12159.0","31.08.2026 - 13.09.2026","14 dni/13 nocy","3.9","3.9","832","tripadvisor","Warszawa","2026-08-23T15:37:14.406197+00:00","https://fly.pl/oferta/turcja-wczasy/?filter[dest]=39:&filter[hotelids]=&filter[cityids]=&filter[cregids]=&filter[ofrType]=&filter[addObjType]=H&filter[whenFrom]=23-08-2026&filter[whenTo]=22-09-2026&filter[duration]=13:16&filter[from]=Warszawa,Warszawa%20-%20Radom&filter[person]=2&filter[child]=1&filter[price]=4000:20000&filter[PriceFrom]=4000&filter[PriceTo]=20000&filter[addCategory]=50&filter[addCatering]=0&filter[addMisc]=0&filter[addTransport]=F&filter[fp]=1&order_by=ofr_price&filter[tourOperator]=0&filter[childAge][1]=20201210","https://fly.pl/cdn/photo/assets/uploads/582/278/2014/09/Armas-Green-Fugla.jpg","https://fly.pl/wycieczka/turcja,alanya,c/green-fugla-beach/pFr915Or3sDi9Enu2DTqnKAAogJim-MAgyOPWH7ZIInqWiNPO6792qXr7vIATd4bqVIfYqBE9SRVgwq6es1AZI_15QQViwAWACagVFLjIuMXI2mwEVDRcAWAJWAlwIQMIGEdAPT4sxXSRTqydSAF6WlAFL7UNhAEzljDog8vuXCQ0AAhJjAQIL5NvnLg/ofertasv/?filter[tourOperator]=OREX&filter%5Bperson%5D=2&filter%5BchildAge%5D%5B1%5D=20201210&filter%5Bchild%5D=1","filter_turkey_13_16_days","turcja","alanya","c","2026-08-31","2026-09-13","14","13","Warszawa","2+1","turcja|alanya|2026-08-31|2026-09-13|13|Warszawa|2+1"
"Saray Regency Resort & Spa Turcja, Side, Titreyengol","12204.0","09.09.2026 - 22.09.2026","14 dni/13 nocy","4.3","4.3","2182","tripadvisor","Warszawa","2026-08-23T15:37:14.406197+00:00","https://fly.pl/oferta/turcja-wczasy/?filter[dest]=39:&filter[hotelids]=&filter[cityids]=&filter[cregids]=&filter[ofrType]=&filter[addObjType]=H&filter[whenFrom]=23-08-2026&filter[whenTo]=22-09-2026&filter[duration]=13:16&filter[from]=Warszawa,Warszawa%20-%20Radom&filter[person]=2&filter[child]=1&filter[price]=4000:20000&filter[PriceFrom]=4000&filter[PriceTo]=20000&filter[addCategory]=50&filter[addCatering]=0&filter[addMisc]=0&filter[addTransport]=F&filter[fp]=1&order_by=ofr_price&filter[tourOperator]=0&filter[childAge][1]=20201210","https://fly.pl/cdn/photo/assets/uploads/582/278/2016/11/Saray-Regency-Resort.jpg","https://fly.pl/wycieczka/turcja,side,titreyengol/saray-regency-resort-spa/pJV_mH3cb40uaUlNcXYv7WAAogAF69xW-L9-9ZXSDNtqZ8YSGzm71fuxsMU5q28Om4PE0qBE9SRVgwq6es1AZIrF9QQViIA2ACagVFLjIuMXI2mwEVDRcAWAJWAlwIQMIGEc0mT44aXSRTqydSAF6WlAFL7UNhAEzljDogwPyXCQ0AAhJjAQILlzxphA/ofertasv/?filter[tourOperator]=OREX&filter%5Bperson%5D=2&filter%5BchildAge%5D%5B1%5D=20201210&filter%5Bchild%5D=1","filter_turkey_13_16_days","turcja","side","titreyengol","2026-09-09","2026-09-22","14","13","Warszawa","2+1","turcja|side|2026-09-09|2026-09-22|13|Warszawa|2+1"
"Euphoria Palm Beach (ex. Fun & Sun Euphoria Palm Beach) Turcja, Side, Kizilagac","12218.0","08.09.2026 - 21.09.2026","14 dni/13 nocy","4.1","4.1","2953","tripadvisor","Warszawa","2026-08-23T15:37:14.406197+00:00","https://fly.pl/oferta/turcja-wczasy/?filter[dest]=39:&filter[hotelids]=&filter[cityids]=&filter[cregids]=&filter[ofrType]=&filter[addObjType]=H&filter[whenFrom]=23-08-2026&filter[whenTo]=22-09-2026&filter[duration]=13:16&filter[from]=Warszawa,Warszawa%20-%20Radom&filter[person]=2&filter[child]=1&filter[price]=4000:20000&filter[PriceFrom]=4000&filter[PriceTo]=20000&filter[addCategory]=50&filter[addCatering]=0&filter[addMisc]=0&filter[addTransport]=F&filter[fp]=1&order_by=ofr_price&filter[tourOperator]=0&filter[childAge][1]=20201210","https://fly.pl/cdn/photo/assets/uploads/582/278/2015/04/Euphoria-Palm-Beach.jpg","https://fly.pl/wycieczka/turcja,side,kizilagac/euphoria-palm-beach/p8c5N-QkKdSU8rvHmEDyZmAAogAvUWDbH7fYvF4q8DsA_zr4RXb0S2CkfY7MNA9xXe7tgqBE9SRVgwq6es1AZIul9QQVjwAmACagY1MS4yLjFyNpsBFQ0XAFgCVgJcCEDCBhG1Jk-mGl0kU6snUgBelpQBS-1DYQBM5Yw6IL_8lwkNAAISYwECC1v3RZc/ofertasv/?filter[tourOperator]=OREX&filter%5Bperson%5D=2&filter%5BchildAge%5D%5B1%5D=20201210&filter%5Bchild%5D=1","filter_turkey_13_16_days","turcja","side","kizilagac","2026-09-08","2026-09-21","14","13","Warszawa","2+1","turcja|side|2026-09-08|2026-09-21|13|Warszawa|2+1"
"Master Family Club Turcja, Side","12434.0","05.09.2026 - 18.09.2026","14 dni/13 nocy","4.3","4.3","1393","tripadvisor","Warszawa","2026-08-23T15:37:14.406197+00:00","https://fly.pl/oferta/turcja-wczasy/?filter[dest]=39:&filter[hotelids]=&filter[cityids]=&filter[cregids]=&filter[ofrType]=&filter[addObjType]=H&filter[whenFrom]=23-08-2026&filter[whenTo]=22-09-2026&filter[duration]=13:16&filter[from]=Warszawa,Warszawa%20-%20Radom&filter[person]=2&filter[child]=1&filter[price]=4000:20000&filter[PriceFrom]=4000&filter[PriceTo]=20000&filter[addCategory]=50&filter[addCatering]=0&filter[addMisc]=0&filter[addTransport]=F&filter[fp]=1&order_by=ofr_price&filter[tourOperator]=0&filter[childAge][1]=20201210","https://fly.pl/cdn/photo/assets/uploads/582/278/2019/06/Master-Family-Club-fly-pl.jpg","https://fly.pl/wycieczka/turcja,side,c/master-family-club/pmr5-TJ7SVFd6le2eEWmCGAAogFMoNVM7ftDp3rgHIB4IzVQAAAAA6cQQA9m0EAA0AAAAqBFdFWlkwq6es1AZIkmFQQVioAmADah1MT1QgUG9saXNoIEFpcmxpbmVzL0VudGVyIEFpcnJCngEfABwBAgAWABcMEucDFYUFE4kCGAoUkANP6WBMAECcEhGTXFDUaUsAG6VuIMmmDh3EBg3v7cIJARJjAQxjAQMLGwoAFQ/ofertasv/?filter[tourOperator]=WEZY&filter%5Bperson%5D=2&filter%5BchildAge%5D%5B1%5D=20201210&filter%5Bchild%5D=1","filter_turkey_13_16_days","turcja","side","c","2026-09-05","2026-09-18","14","13","Warszawa","2+1","turcja|side|2026-09-05|2026-09-18|13|Warszawa|2+1"
"Benata Turcja, Side, Manavgat","12557.0","26.08.2026 - 09.09.2026","15 dni/14 nocy","3.6","3.6","230","tripadvisor","Warszawa","2026-08-23T15:37:14.406197+00:00","https://fly.pl/oferta/turcja-wczasy/?filter[dest]=39:&filter[hotelids]=&filter[cityids]=&filter[cregids]=&filter[ofrType]=&filter[addObjType]=H&filter[whenFrom]=23-08-2026&filter[whenTo]=22-09-2026&filter[duration]=13:16&filter[from]=Warszawa,Warszawa%20-%20Radom&filter[person]=2&filter[child]=1&filter[price]=4000:20000&filter[PriceFrom]=4000&filter[PriceTo]=20000&filter[addCategory]=50&filter[addCatering]=0&filter[addMisc]=0&filter[addTransport]=F&filter[fp]=1&order_by=ofr_price&filter[tourOperator]=0&filter[childAge][1]=20201210","https://fly.pl/cdn/photo/assets/uploads/582/278/2024/07/benata.jpg","https://fly.pl/wycieczka/turcja,side,manavgat/benata-14/pD9dSGxemD2nyeWqB95phVAAogFtvzNud3xZNqChMQlx58dNE9XKY2U4OiWKIw7pnyKDQqBFZJVFgwq6es1AZIjWJQQVg4YAJyPxoAXAoVBBcAWAFAjwNT52tSAFvYF16-fEvtQ2EATMi0OSCK1JgJDQBRjLjq7VhPu8A7XZTlpoGtAQILYwECCusraec/ofertasv/?filter[tourOperator]=VITX&filter%5Bperson%5D=2&filter%5BchildAge%5D%5B1%5D=20201210&filter%5Bchild%5D=1","filter_turkey_13_16_days","turcja","side","manavgat","2026-08-26","2026-09-09","15","14","Warszawa","2+1","turcja|side|2026-08-26|2026-09-09|14|Warszawa|2+1"
"Armas Bella Sun (ex.Club Bella Sun) Turcja, Side","12618.0","31.08.2026 - 13.09.2026","14 dni/13 nocy","4.1","4.1","1199","tripadvisor","Warszawa","2026-08-23T15:37:14.406197+00:00","https://fly.pl/oferta/turcja-wczasy/?filter[dest]=39:&filter[hotelids]=&filter[cityids]=&filter[cregids]=&filter[ofrType]=&filter[addObjType]=H&filter[whenFrom]=23-08-2026&filter[whenTo]=22-09-2026&filter[duration]=13:16&filter[from]=Warszawa,Warszawa%20-%20Radom&filter[person]=2&filter[child]=1&filter[price]=4000:20000&filter[PriceFrom]=4000&filter[PriceTo]=20000&filter[addCategory]=50&filter[addCatering]=0&filter[addMisc]=0&filter[addTransport]=F&filter[fp]=1&order_by=ofr_price&filter[tourOperator]=0&filter[childAge][1]=20201210","https://fly.pl/cdn/photo/assets/uploads/582/278/2015/08/Armas-Bella-Sun.jpg","https://fly.pl/wycieczka/turcja,side,c/club-bella-sun/pJWum893ajrJs_zMB32IeqAAogZ-V1R8JAiw7-Mn7Z_VGxtvO6792qXr7vIATd4bqVIfYqBE9SRVgwq6es1AZIymJQQViwAWACagVFLjIuMXI2mwEVDRcAWAJWAlwIQMIGEc8PT4wxXSRTqydSAF6WlAFL7UNhAEzljDog8vuXCQ0AAhJjAQIL7IAc8w/ofertasv/?filter[tourOperator]=OREX&filter%5Bperson%5D=2&filter%5BchildAge%5D%5B1%5D=20201210&filter%5Bchild%5D=1","filter_turkey_13_16_days","turcja","side","c","2026-08-31","2026-09-13","14","13","Warszawa","2+1","turcja|side|2026-08-31|2026-09-13|13|Warszawa|2+1"
"Nova Life Turcja, Alanya, Konaklı","12641.0","05.09.2026 - 18.09.2026","14 dni/13 nocy","","","","","Warszawa","2026-08-23T15:37:14.406197+00:00","https://fly.pl/oferta/turcja-wczasy/?filter[dest]=39:&filter[hotelids]=&filter[cityids]=&filter[cregids]=&filter[ofrType]=&filter[addObjType]=H&filter[whenFrom]=23-08-2026&filter[whenTo]=22-09-2026&filter[duration]=13:16&filter[from]=Warszawa,Warszawa%20-%20Radom&filter[person]=2&filter[child]=1&filter[price]=4000:20000&filter[PriceFrom]=4000&filter[PriceTo]=20000&filter[addCategory]=50&filter[addCatering]=0&filter[addMisc]=0&filter[addTransport]=F&filter[fp]=1&order_by=ofr_price&filter[tourOperator]=0&filter[childAge][1]=20201210","https://datacfstatic.merlinx.pl/WEZY/IMG/82652/022a94f9623dcabaa024f5e56065490a6148a9ebbb09f4d95b4a7d99498c1bde.webp","https://fly.pl/wycieczka/turcja,alanya,konakli/nova-life-13/pN-V0tmlLqpoVZ7OY1MhHLAAogMitoX5VKK0vtfOfbs0x0iAAAAAA6cQQA9m0EAA0AAAAqBFdFWlkwq6es1AZI4WJQQVioAmADah1MT1QgUG9saXNoIEFpcmxpbmVzL0VudGVyIEFpcnJEngEfABwBAgAWABcMEucDFYUFE4kCGAoUkANM6WBPAECcElDnxQFLABHUvgIbhnUglOELHcQGDe_twgkBEmMBCmMBAwmOEth1/ofertasv/?filter[tourOperator]=WEZY&filter%5Bperson%5D=2&filter%5BchildAge%5D%5B1%5D=20201210&filter%5Bchild%5D=1","filter_turkey_13_16_days","turcja","alanya","konakli","2026-09-05","2026-09-18","14","13","Warszawa","2+1","turcja|alanya|2026-09-05|2026-09-18|13|Warszawa|2+1"
"Holiday Garden Resort (Okurcalar) Turcja, Alanya, Okurcalar","12707.0","05.09.2026 - 18.09.2026","14 dni/13 nocy","4.3","4.3","934","tripadvisor","Warszawa","2026-08-23T15:37:14.406197+00:00","https://fly.pl/oferta/turcja-wczasy/?filter[dest]=39:&filter[hotelids]=&filter[cityids]=&filter[cregids]=&filter[ofrType]=&filter[addObjType]=H&filter[whenFrom]=23-08-2026&filter[whenTo]=22-09-2026&filter[duration]=13:16&filter[from]=Warszawa,Warszawa%20-%20Radom&filter[person]=2&filter[child]=1&filter[price]=4000:20000&filter[PriceFrom]=4000&filter[PriceTo]=20000&filter[addCategory]=50&filter[addCatering]=0&filter[addMisc]=0&filter[addTransport]=F&filter[fp]=1&order_by=ofr_price&filter[tourOperator]=0&filter[childAge][1]=20201210","https://fly.pl/cdn/photo/assets/uploads/582/278/2014/09/HOLIDAY-GARDEN-RESORT.jpg","https://fly.pl/wycieczka/turcja,alanya,okurcalar/holiday-garden-resort-okurcalar/pyE21-nS2Lh8GFEMSAPq-GAAog-syaee5jGNoQduniKKbrXAAAAAA6cQQA9m0EAA0AAAAqBFdFWlkwq6es1AZIo2NQQVioAmADah1MT1QgUG9saXNoIEFpcmxpbmVzL0VudGVyIEFpcnJDngEfABwBAgAWABcMEucDEfUBFZADE4kCGAoUkANP6WBMAECcElDnxQFLABucMSDS4w4dxAYN7-3CCQESYwEMYwEDCw6wdxc/ofertasv/?filter[tourOperator]=WEZY&filter%5Bperson%5D=2&filter%5BchildAge%5D%5B1%5D=20201210&filter%5Bchild%5D=1","filter_turkey_13_16_days","turcja","alanya","okurcalar","2026-09-05","2026-09-18","14","13","Warszawa","2+1","turcja|alanya|2026-09-05|2026-09-18|13|Warszawa|2+1"
"Ring Beach Turcja, Kemer, Beldibi","12735.0","08.09.2026 - 21.09.2026","14 dni/13 nocy","3.6","3.6","382","tripadvisor","Warszawa","2026-08-23T15:37:14.406197+00:00","https://fly.pl/oferta/turcja-wczasy/?filter[dest]=39:&filter[hotelids]=&filter[cityids]=&filter[cregids]=&filter[ofrType]=&filter[addObjType]=H&filter[whenFrom]=23-08-2026&filter[whenTo]=22-09-2026&filter[duration]=13:16&filter[from]=Warszawa,Warszawa%20-%20Radom&filter[person]=2&filter[child]=1&filter[price]=4000:20000&filter[PriceFrom]=4000&filter[PriceTo]=20000&filter[addCategory]=50&filter[addCatering]=0&filter[addMisc]=0&filter[addTransport]=F&filter[fp]=1&order_by=ofr_price&filter[tourOperator]=0&filter[childAge][1]=20201210","https://fly.pl/cdn/photo/assets/uploads/582/278/2020/01/Ring-Beach.jpg","https://fly.pl/wycieczka/turcja,kemer,beldibi/ring-beach-15/pSF_5vz9T9xF3Y-mNBe8sDAAogGtLjX69p3zVq_U79F8auE4RXb0S2CkfY7MNA9xXe7tgqBE9SRVgwq6es1AZIv2NQQVjwAmACagVFLjIuMXI2mwFcChUDFwBYAlYCQMoGEasOT7AyXSRSqydTAF6WlAFh7UNLAEzljDogv_yXCQ0AAhJjAQILxecBbQ/ofertasv/?filter[tourOperator]=OREX&filter%5Bperson%5D=2&filter%5BchildAge%5D%5B1%5D=20201210&filter%5Bchild%5D=1","filter_turkey_13_16_days","turcja","kemer","beldibi","2026-09-08","2026-09-21","14","13","Warszawa","2+1","turcja|kemer|2026-09-08|2026-09-21|13|Warszawa|2+1"
"Otium Ozkaymak Select (ex. Ozkaymak Select) Turcja, Alanya, Avsallar","12767.0","05.09.2026 - 18.09.2026","14 dni/13 nocy","3.8","3.8","686","tripadvisor","Warszawa","2026-08-23T15:37:14.406197+00:00","https://fly.pl/oferta/turcja-wczasy/?filter[dest]=39:&filter[hotelids]=&filter[cityids]=&filter[cregids]=&filter[ofrType]=&filter[addObjType]=H&filter[whenFrom]=23-08-2026&filter[whenTo]=22-09-2026&filter[duration]=13:16&filter[from]=Warszawa,Warszawa%20-%20Radom&filter[person]=2&filter[child]=1&filter[price]=4000:20000&filter[PriceFrom]=4000&filter[PriceTo]=20000&filter[addCategory]=50&filter[addCatering]=0&filter[addMisc]=0&filter[addTransport]=F&filter[fp]=1&order_by=ofr_price&filter[tourOperator]=0&filter[childAge][1]=20201210","https://fly.pl/cdn/photo/assets/uploads/582/278/2015/03/Ozkaymak-Select-Resort-Hotel.jpg","https://fly.pl/wycieczka/turcja,alanya,avsallar/ozkaymak-select/p8_fPNm8np5lUf12IKrVKhAAogjls52Vooy8OkIzCgpEKDYwAAAAA6cQQAyG0EAA0ABAAqBFdFWlkwq6es1AZI32NQQVioAmADah1MT1QgUG9saXNoIEFpcmxpbmVzL0VudGVyIEFpcmoEMDY0MGoEMDkxMHJCngGVAZgBHwACARYAHAAXDBLnAxOOBxSaAxHeJUyLO08AQJwSS-fFAVAAG_cwIMnjDh3yBg3v7cIJARJjAQxjAQMLvbRNjg/ofertasv/?filter[tourOperator]=WEZY&filter%5Bperson%5D=2&filter%5BchildAge%5D%5B1%5D=20201210&filter%5Bchild%5D=1","filter_turkey_13_16_days","turcja","alanya","avsallar","2026-09-05","2026-09-18","14","13","Warszawa","2+1","turcja|alanya|2026-09-05|2026-09-18|13|Warszawa|2+1"
"Solivia (Ex. Titan Select)","12794.0","01.09.2026 - 14.09.2026","14 dni/13 nocy","4.2","4.2","890","tripadvisor","Warszawa","2026-08-23T15:37:14.406197+00:00","https://fly.pl/oferta/turcja-wczasy/?filter[dest]=39:&filter[hotelids]=&filter[cityids]=&filter[cregids]=&filter[ofrType]=&filter[addObjType]=H&filter[whenFrom]=23-08-2026&filter[whenTo]=22-09-2026&filter[duration]=13:16&filter[from]=Warszawa,Warszawa%20-%20Radom&filter[person]=2&filter[child]=1&filter[price]=4000:20000&filter[PriceFrom]=4000&filter[PriceTo]=20000&filter[addCategory]=50&filter[addCatering]=0&filter[addMisc]=0&filter[addTransport]=F&filter[fp]=1&order_by=ofr_price&filter[tourOperator]=0&filter[childAge][1]=20201210","https://fly.pl/cdn/photo/assets/uploads/582/278/2016/11/Titan-Select.jpg","https://fly.pl/wycieczka/turcja,alanya,konakli/titan-select/po2qz6elTjYuKMjJFHMKY9AAogWA5oYALRbl1ni7GwkgXII2H-9WFY2kVMCzoTvlM5mjwqBE9SRVgwraes1AZI-mNQQVjIAWACagVFLjIuMXI2mwFcChUDFwBYAlYCQMoGEdwsT_8TXSRSqydTAF6WlAFh7UNLAEzljDoguPyXCQ0AAhJjAQILv3SzVw/ofertasv/?filter[tourOperator]=OREX&filter%5Bperson%5D=2&filter%5BchildAge%5D%5B1%5D=20201210&filter%5Bchild%5D=1","filter_turkey_13_16_days","turcja","alanya","konakli","2026-09-01","2026-09-14","14","13","Warszawa","2+1","turcja|alanya|2026-09-01|2026-09-14|13|Warszawa|2+1"
"Viking Star","12848.0","24.08.2026 - 06.09.2026","14 dni/13 nocy","4.2","4.2","1577","tripadvisor","Warszawa","2026-08-23T15:37:14.406197+00:00","https://fly.pl/oferta/turcja-wczasy/?filter[dest]=39:&filter[hotelids]=&filter[cityids]=&filter[cregids]=&filter[ofrType]=&filter[addObjType]=H&filter[whenFrom]=23-08-2026&filter[whenTo]=22-09-2026&filter[duration]=13:16&filter[from]=Warszawa,Warszawa%20-%20Radom&filter[person]=2&filter[child]=1&filter[price]=4000:20000&filter[PriceFrom]=4000&filter[PriceTo]=20000&filter[addCategory]=50&filter[addCatering]=0&filter[addMisc]=0&filter[addTransport]=F&filter[fp]=1&order_by=ofr_price&filter[tourOperator]=0&filter[childAge][1]=20201210","https://fly.pl/cdn/photo/assets/uploads/582/278/2014/09/Viking-Star.jpg","https://fly.pl/wycieczka/turcja,kemer,c/viking-star/pHGtuVydYiOmsIFmwG2yjHAAoghn9BvaTcxJIYjv1CeSFNVv4pD51008FgSw5Ucb3OO6IqBE9SRVgwraes1AZIsGRQQVgIYAJqBUUuMi4xcjWbAVwKFQMXAFgCVgIRc0DXBU_bQF0kUqsnUwBelpQBYe1DSwBM5Yw6IOv7lwkNAAISYwEDC3HEsM8/ofertasv/?filter[tourOperator]=OREX&filter%5Bperson%5D=2&filter%5BchildAge%5D%5B1%5D=20201210&filter%5Bchild%5D=1","filter_turkey_13_16_days","turcja","kemer","c","2026-08-24","2026-09-06","14","13","Warszawa","2+1","turcja|kemer|2026-08-24|2026-09-06|13|Warszawa|2+1"
"Aria Claros Beach and Spa Resort","12868.0","25.08.2026 - 08.09.2026","15 dni/14 nocy","4.0","4.0","3428","tripadvisor","Warszawa","2026-08-23T15:37:14.406197+00:00","https://fly.pl/oferta/turcja-wczasy/?filter[dest]=39:&filter[hotelids]=&filter[cityids]=&filter[cregids]=&filter[ofrType]=&filter[addObjType]=H&filter[whenFrom]=23-08-2026&filter[whenTo]=22-09-2026&filter[duration]=13:16&filter[from]=Warszawa,Warszawa%20-%20Radom&filter[person]=2&filter[child]=1&filter[price]=4000:20000&filter[PriceFrom]=4000&filter[PriceTo]=20000&filter[addCategory]=50&filter[addCatering]=0&filter[addMisc]=0&filter[addTransport]=F&filter[fp]=1&order_by=ofr_price&filter[tourOperator]=0&filter[childAge][1]=20201210","https://fly.pl/cdn/photo/assets/uploads/582/278/2015/10/Aria-Claros-Beach-and-Spa-Resort.jpg","https://fly.pl/wycieczka/turcja,kusadasi,ozdere/aria-claros-beach-and-spa-resort/pfv_nk_hDZxjeufBiTLHxZAAogXUGL4RY1MJQEOAqI9n4mNgAAAAAGpwQAHacEAA4AAQAqBFdFWlkwraes1AZIxGRQQVggYANqCUVudGVyIEFpcmoEMDQ1NWoEMDY1NXJCngGVAZgBHwACARwAFgYXBxLmAxPMCBTjAhGcJ0zAMk8AQKIYS-fFAVAAG6GKBB3d_AsgFw28gcIJARJjAQ1jAQMMQ63Tew/ofertasv/?filter[tourOperator]=WEZY&filter%5Bperson%5D=2&filter%5BchildAge%5D%5B1%5D=20201210&filter%5Bchild%5D=1","filter_turkey_13_16_days","turcja","kusadasi","ozdere","2026-08-25","2026-09-08","15","14","Warszawa","2+1","turcja|kusadasi|2026-08-25|2026-09-08|14|Warszawa|2+1"
"Armella Hill","12883.0","05.09.2026 - 18.09.2026","14 dni/13 nocy","4.2","4.2","168","tripadvisor","Warszawa","2026-08-23T15:37:14.406197+00:00","https://fly.pl/oferta/turcja-wczasy/?filter[dest]=39:&filter[hotelids]=&filter[cityids]=&filter[cregids]=&filter[ofrType]=&filter[addObjType]=H&filter[whenFrom]=23-08-2026&filter[whenTo]=22-09-2026&filter[duration]=13:16&filter[from]=Warszawa,Warszawa%20-%20Radom&filter[person]=2&filter[child]=1&filter[price]=4000:20000&filter[PriceFrom]=4000&filter[PriceTo]=20000&filter[addCategory]=50&filter[addCatering]=0&filter[addMisc]=0&filter[addTransport]=F&filter[fp]=1&order_by=ofr_price&filter[tourOperator]=0&filter[childAge][1]=20201210","https://fly.pl/cdn/photo/assets/uploads/582/278/2024/07/armella-hill.jpg","https://fly.pl/wycieczka/turcja,side,manavgat/armella-hill-11/pXQAVLCAvaRSMv9iM13R3lAAogf4yxbpE0NXz0UscYQcKVtgAAAAA6cQQA9m0EAA0AAAAqBFdFWlkwraes1AZI02RQQVioAmADah1MT1QgUG9saXNoIEFpcmxpbmVzL0VudGVyIEFpcnJEngEfABwBAgAWABcMEucDFYUFE4kCGAoUkANP6WBMAECcEhG9mQFQqixLACDulA8dxAYbjM1lDeOg3QgBEmMBDGMBAworsY3A/ofertasv/?filter[tourOperator]=WEZY&filter%5Bperson%5D=2&filter%5BchildAge%5D%5B1%5D=20201210&filter%5Bchild%5D=1","filter_turkey_13_16_days","turcja","side","manavgat","2026-09-05","2026-09-18","14","13","Warszawa","2+1","turcja|side|2026-09-05|2026-09-18|13|Warszawa|2+1"
"Fun & Sun Smart Hane Sun","12884.0","09.09.2026 - 22.09.2026","14 dni/13 nocy","4.2","4.2","378","tripadvisor","Warszawa","2026-08-23T15:37:14.406197+00:00","https://fly.pl/oferta/turcja-wczasy/?filter[dest]=39:&filter[hotelids]=&filter[cityids]=&filter[cregids]=&filter[ofrType]=&filter[addObjType]=H&filter[whenFrom]=23-08-2026&filter[whenTo]=22-09-2026&filter[duration]=13:16&filter[from]=Warszawa,Warszawa%20-%20Radom&filter[person]=2&filter[child]=1&filter[price]=4000:20000&filter[PriceFrom]=4000&filter[PriceTo]=20000&filter[addCategory]=50&filter[addCatering]=0&filter[addMisc]=0&filter[addTransport]=F&filter[fp]=1&order_by=ofr_price&filter[tourOperator]=0&filter[childAge][1]=20201210","https://fly.pl/cdn/photo/assets/uploads/582/278/2015/04/Fun-Sun-Smart-Hane-Sun.jpg","https://fly.pl/wycieczka/turcja,side,colakli/hane-sun/pquLUSQKH5aQnTYRYH8wdLAAogmSdp3nqx48kGhMVexidcpSGzm71fuxsMU5q28Om4PE0qBE9SRVgwraes1AZI1GRQQViIA2ACagVFLjIuMXI2mwFcChUDFwBYAlYCQMoGEaEOT7oyXSRSqydTAF6WlAFh7UNLAEzljDogwPyXCQ0AAhJjAQINb3cHTg/ofertasv/?filter[tourOperator]=OREX&filter%5Bperson%5D=2&filter%5BchildAge%5D%5B1%5D=20201210&filter%5Bchild%5D=1","filter_turkey_13_16_days","turcja","side","colakli","2026-09-09","2026-09-22","14","13","Warszawa","2+1","turcja|side|2026-09-09|2026-09-22|13|Warszawa|2+1"
"Cenger Blue Collection","12942.0","05.09.2026 - 18.09.2026","14 dni/13 nocy","","","","","Warszawa","2026-08-23T15:37:14.406197+00:00","https://fly.pl/oferta/turcja-wczasy/?filter[dest]=39:&filter[hotelids]=&filter[cityids]=&filter[cregids]=&filter[ofrType]=&filter[addObjType]=H&filter[whenFrom]=23-08-2026&filter[whenTo]=22-09-2026&filter[duration]=13:16&filter[from]=Warszawa,Warszawa%20-%20Radom&filter[person]=2&filter[child]=1&filter[price]=4000:20000&filter[PriceFrom]=4000&filter[PriceTo]=20000&filter[addCategory]=50&filter[addCatering]=0&filter[addMisc]=0&filter[addTransport]=F&filter[fp]=1&order_by=ofr_price&filter[tourOperator]=0&filter[childAge][1]=20201210","https://datacfstatic.merlinx.pl/WEZY/IMG/80952/a87140f2a20d542148d796954190bf533ac096cc968b8f6de41f7c31021509aa.webp","https://fly.pl/wycieczka/turcja,side,kizilot/cenger-blue-collection-12/pxfrhsCs5pkLUmI86M9f2iAAogMdtWbMyoG4GKhzhtpJTO-gAAAAA6cQQA9m0EAA0ADQAqBFdFWlkwraes1AZIjmVQQVioAmADah1MT1QgUG9saXNoIEFpcmxpbmVzL0VudGVyIEFpcnJFngEfABwBAgAWABcMEucDFYUFE4kCGAoUkANM6WBPAECcElDnxQFLABGwsQIgvuMMHcQGG8SDJg2r6pwJARJjAQ1jAQIGBNe1kQ/ofertasv/?filter[tourOperator]=WEZY&filter%5Bperson%5D=2&filter%5BchildAge%5D%5B1%5D=20201210&filter%5Bchild%5D=1","filter_turkey_13_16_days","turcja","side","kizilot","2026-09-05","2026-09-18","14","13","Warszawa","2+1","turcja|side|2026-09-05|2026-09-18|13|Warszawa|2+1"
"Marine Family Club Beach (ex. Otium Family Club Marine Beach)","12956.0","09.09.2026 - 22.09.2026","14 dni/13 nocy","4.2","4.2","678","tripadvisor","Warszawa","2026-08-23T15:37:14.406197+00:00","https://fly.pl/oferta/turcja-wczasy/?filter[dest]=39:&filter[hotelids]=&filter[cityids]=&filter[cregids]=&filter[ofrType]=&filter[addObjType]=H&filter[whenFrom]=23-08-2026&filter[whenTo]=22-09-2026&filter[duration]=13:16&filter[from]=Warszawa,Warszawa%20-%20Radom&filter[person]=2&filter[child]=1&filter[price]=4000:20000&filter[PriceFrom]=4000&filter[PriceTo]=20000&filter[addCategory]=50&filter[addCatering]=0&filter[addMisc]=0&filter[addTransport]=F&filter[fp]=1&order_by=ofr_price&filter[tourOperator]=0&filter[childAge][1]=20201210","https://fly.pl/cdn/photo/assets/uploads/582/278/2020/01/Marine-Family-Club-Beach.jpg","https://fly.pl/wycieczka/turcja,side,manavgat/otium-family-club-marine-beach-ex-aqua-marin-beach-resort-15/peKnhOrN1mYm-zOcLYk-dHAAogX-kWGCvwsIfCOvAggty0pSGzm71fuxsMU5q28Om4PE0qBE9SRVgwraes1AZInGVQQViIA2ACagVFLjIuMXI2mwEVDRcAWAJWAlwIQMIGEfIWT-kpXSRTqydSAF6WlAFL7UNhAEzljDogwPyXCQ0AAhJjAQILSBBQsg/ofertasv/?filter[tourOperator]=OREX&filter%5Bperson%5D=2&filter%5BchildAge%5D%5B1%5D=20201210&filter%5Bchild%5D=1","filter_turkey_13_16_days","turcja","side","manavgat","2026-09-09","2026-09-22","14","13","Warszawa","2+1","turcja|side|2026-09-09|2026-09-22|13|Warszawa|2+1"
"Nox Inn Deluxe (ex NOX Inn Beach Resort & Spa)","12957.0","26.08.2026 - 09.09.2026","15 dni/14 nocy","4.4","4.4","2494","tripadvisor","Warszawa","2026-08-23T15:37:14.406197+00:00","https://fly.pl/oferta/turcja-wczasy/?filter[dest]=39:&filter[hotelids]=&filter[cityids]=&filter[cregids]=&filter[ofrType]=&filter[addObjType]=H&filter[whenFrom]=23-08-2026&filter[whenTo]=22-09-2026&filter[duration]=13:16&filter[from]=Warszawa,Warszawa%20-%20Radom&filter[person]=2&filter[child]=1&filter[price]=4000:20000&filter[PriceFrom]=4000&filter[PriceTo]=20000&filter[addCategory]=50&filter[addCatering]=0&filter[addMisc]=0&filter[addTransport]=F&filter[fp]=1&order_by=ofr_price&filter[tourOperator]=0&filter[childAge][1]=20201210","https://fly.pl/cdn/photo/assets/uploads/582/278/2015/01/Noxinn-Deluxe.jpg","https://fly.pl/wycieczka/turcja,alanya,konakli/nox-inn-beach-resort-spa/p_aQBfFa_HHHpHNbQr6rP7AAogadH8qLf6Iv0xB37UcHyGQtE9XKY2U4OiWKIw7pnyKDQqBFZJVFgwraes1AZInWVQQVg4YAJyPxoAXAoVBBcAWAFAjwNT52tSAFvYF16-fEvtQ2EATMi0OSCK1JgJDQBRnLaN7lhPq8IYXZTlpoGtAQILYwECCgT3su4/ofertasv/?filter[tourOperator]=VITX&filter%5Bperson%5D=2&filter%5BchildAge%5D%5B1%5D=20201210&filter%5Bchild%5D=1","filter_turkey_13_16_days","turcja","alanya","konakli","2026-08-26","2026-09-09","15","14","Warszawa","2+1","turcja|alanya|2026-08-26|2026-09-09|14|Warszawa|2+1"
"Holiday Park Resort (Okurcalar)","12969.0","05.09.2026 - 18.09.2026","14 dni/13 nocy","4.3","4.3","1393","tripadvisor","Warszawa","2026-08-23T15:37:14.406197+00:00","https://fly.pl/oferta/turcja-wczasy/?filter[dest]=39:&filter[hotelids]=&filter[cityids]=&filter[cregids]=&filter[ofrType]=&filter[addObjType]=H&filter[whenFrom]=23-08-2026&filter[whenTo]=22-09-2026&filter[duration]=13:16&filter[from]=Warszawa,Warszawa%20-%20Radom&filter[person]=2&filter[child]=1&filter[price]=4000:20000&filter[PriceFrom]=4000&filter[PriceTo]=20000&filter[addCategory]=50&filter[addCatering]=0&filter[addMisc]=0&filter[addTransport]=F&filter[fp]=1&order_by=ofr_price&filter[tourOperator]=0&filter[childAge][1]=20201210","https://fly.pl/cdn/photo/assets/uploads/582/278/2014/09/Holiday-Park-Resort.jpg","https://fly.pl/wycieczka/turcja,alanya,okurcalar/holiday-park-resort-okurcalar/pP5KIYAkIapMAE96hU27ajAAoggTudwJjO5wDq7INV2XosbAAAAAA6cQQA9m0EAA0ABAAqBFdFWlkwraes1AZIqWVQQVioAmADah1MT1QgUG9saXNoIEFpcmxpbmVzL0VudGVyIEFpcnJDngEfABwBAgAWABcMEucDEfYBFY8DE4kCGAoUkANP6WBMAECcElDnxQFLABucMSDS4w4dxAYN7-3CCQESYwEMYwEDC_NrImY/ofertasv/?filter[tourOperator]=WEZY&filter%5Bperson%5D=2&filter%5BchildAge%5D%5B1%5D=20201210&filter%5Bchild%5D=1","filter_turkey_13_16_days","turcja","alanya","okurcalar","2026-09-05","2026-09-18","14","13","Warszawa","2+1","turcja|alanya|2026-09-05|2026-09-18|13|Warszawa|2+1"
"Armas Gul Beach","12983.0","31.08.2026 - 13.09.2026","14 dni/13 nocy","4.3","4.3","1555","tripadvisor","Warszawa","2026-08-23T15:37:14.406197+00:00","https://fly.pl/oferta/turcja-wczasy/?filter[dest]=39:&filter[hotelids]=&filter[cityids]=&filter[cregids]=&filter[ofrType]=&filter[addObjType]=H&filter[whenFrom]=23-08-2026&filter[whenTo]=22-09-2026&filter[duration]=13:16&filter[from]=Warszawa,Warszawa%20-%20Radom&filter[person]=2&filter[child]=1&filter[price]=4000:20000&filter[PriceFrom]=4000&filter[PriceTo]=20000&filter[addCategory]=50&filter[addCatering]=0&filter[addMisc]=0&filter[addTransport]=F&filter[fp]=1&order_by=ofr_price&filter[tourOperator]=0&filter[childAge][1]=20201210","https://fly.pl/cdn/photo/assets/uploads/582/278/2014/09/Armas-Gul-Beach-ex-Otium-Gul-Beach-Resort-fly-pl.jpg","https://fly.pl/wycieczka/turcja,kemer,c/gul-beach/pBqLxlp-QhN-JRYkLQtnkPAAogOaVBj9HqiJ0UJHu6ZirmyPO6792qXr7vIATd4bqVIfYqBE9SRVgwraes1AZIt2VQQViwAWACagYzOS4yLjFyNpsBFQ0XAFgCVgJcCEDCBhGNF0_OKV0kU6snUgBelpQBS-1DYQBM5Yw6IPL7lwkNAAISYwECC1RvgrU/ofertasv/?filter[tourOperator]=OREX&filter%5Bperson%5D=2&filter%5BchildAge%5D%5B1%5D=20201210&filter%5Bchild%5D=1","filter_turkey_13_16_days","turcja","kemer","c","2026-08-31","2026-09-13","14","13","Warszawa","2+1","turcja|kemer|2026-08-31|2026-09-13|13|Warszawa|2+1"
"Avia Resort & Spa","12984.0","07.09.2026 - 20.09.2026","14 dni/13 nocy","","","","","Warszawa","2026-08-23T15:37:14.406197+00:00","https://fly.pl/oferta/turcja-wczasy/?filter[dest]=39:&filter[hotelids]=&filter[cityids]=&filter[cregids]=&filter[ofrType]=&filter[addObjType]=H&filter[whenFrom]=23-08-2026&filter[whenTo]=22-09-2026&filter[duration]=13:16&filter[from]=Warszawa,Warszawa%20-%20Radom&filter[person]=2&filter[child]=1&filter[price]=4000:20000&filter[PriceFrom]=4000&filter[PriceTo]=20000&filter[addCategory]=50&filter[addCatering]=0&filter[addMisc]=0&filter[addTransport]=F&filter[fp]=1&order_by=ofr_price&filter[tourOperator]=0&filter[childAge][1]=20201210","https://datacfstatic.merlinx.pl/WEZY/IMG/83626/e4a41ec27a73ade9274b58bd871b951998bcd49ff29534459fce5ca843c68039.webp","https://fly.pl/wycieczka/turcja,side,colakli/avia-resort-spa-15/pqWWIqfL0JHNDHzqzj380uAAogjneOQ9S_Wj6CrKlpuC1ZmgAAAADQYgQAs3QEAA0ABAAqBFdFWlkwraes1AZIuGVQQVjYAmADahJGcmVlIEJpcmQgQWlybGluZXNqBDA5NDByRZ4BkwEfAAIBFgAcABcMEucDFM0GFa8BGNIBT8NhTABAnBJL58UBUAARosYCHaa4DCDjIxuM2n0N7IzFCAESYwEMYwEDC8p9fpc/ofertasv/?filter[tourOperator]=WEZY&filter%5Bperson%5D=2&filter%5BchildAge%5D%5B1%5D=20201210&filter%5Bchild%5D=1","filter_turkey_13_16_days","turcja","side","colakli","2026-09-07","2026-09-20","14","13","Warszawa","2+1","turcja|side|2026-09-07|2026-09-20|13|Warszawa|2+1"
"The Lumos Deluxe Resort & Spa","13019.0","05.09.2026 - 18.09.2026","14 dni/13 nocy","4.5","4.5","1686","tripadvisor","Warszawa","2026-08-23T15:37:14.406197+00:00","https://fly.pl/oferta/turcja-wczasy/?filter[dest]=39:&filter[hotelids]=&filter[cityids]=&filter[cregids]=&filter[ofrType]=&filter[addObjType]=H&filter[whenFrom]=23-08-2026&filter[whenTo]=22-09-2026&filter[duration]=13:16&filter[from]=Warszawa,Warszawa%20-%20Radom&filter[person]=2&filter[child]=1&filter[price]=4000:20000&filter[PriceFrom]=4000&filter[PriceTo]=20000&filter[addCategory]=50&filter[addCatering]=0&filter[addMisc]=0&filter[addTransport]=F&filter[fp]=1&order_by=ofr_price&filter[tourOperator]=0&filter[childAge][1]=20201210","https://fly.pl/cdn/photo/assets/uploads/582/278/2016/11/The-Lumos-Deluxe-Resort.jpg","https://fly.pl/wycieczka/turcja,alanya,c/the-lumos-deluxe-resort-spa/p6-1FKHlLnqIZX-yffiDO4AAogW2GyZvGhIleakLn9q83juAAAAAA6cQQA9m0EAA0AAAAqBFdFWlkwraes1AZI22VQQVioAmADah1MT1QgUG9saXNoIEFpcmxpbmVzL0VudGVyIEFpcnJCngEfABwBAgAWABcMEucDFYUFE4kCGAoUkANP6WBMABHkEUA4UOfFAUsAG_cwIPfjDh3EBg3v7cIJARJjAQ1jAQMG_oSP7g/ofertasv/?filter[tourOperator]=WEZY&filter%5Bperson%5D=2&filter%5BchildAge%5D%5B1%5D=20201210&filter%5Bchild%5D=1","filter_turkey_13_16_days","turcja","alanya","c","2026-09-05","2026-09-18","14","13","Warszawa","2+1","turcja|alanya|2026-09-05|2026-09-18|13|Warszawa|2+1"
"Casa Fora Beach Resort","13034.0","01.09.2026 - 14.09.2026","14 dni/13 nocy","4.2","4.2","578","tripadvisor","Warszawa","2026-08-23T15:37:14.406197+00:00","https://fly.pl/oferta/turcja-wczasy/?filter[dest]=39:&filter[hotelids]=&filter[cityids]=&filter[cregids]=&filter[ofrType]=&filter[addObjType]=H&filter[whenFrom]=23-08-2026&filter[whenTo]=22-09-2026&filter[duration]=13:16&filter[from]=Warszawa,Warszawa%20-%20Radom&filter[person]=2&filter[child]=1&filter[price]=4000:20000&filter[PriceFrom]=4000&filter[PriceTo]=20000&filter[addCategory]=50&filter[addCatering]=0&filter[addMisc]=0&filter[addTransport]=F&filter[fp]=1&order_by=ofr_price&filter[tourOperator]=0&filter[childAge][1]=20201210","https://fly.pl/cdn/photo/assets/uploads/582/278/2024/07/casa-fora-beach-resort.jpg","https://fly.pl/wycieczka/turcja,side,kizilot/casa-fora-beach-resort-12/pNGeo6WcWEeTc_dZfy15MHAAogl2yg4gFH9cvwobiuNLTnYI_NH9QVB49G8CQLzrx9vtMqBEJWQkUwraes1AZI6mVQAVjIAWACahJBbGwgSW5jbHVzaXZlIFBsdXNyIRwRu9wBG43IPxj2jxS5BJiOJKsEdAHg5KC-AwIAYwEDBjvu5zY/ofertasv/?filter[tourOperator]=BVBE&filter%5Bperson%5D=2&filter%5BchildAge%5D%5B1%5D=20201210&filter%5Bchild%5D=1","filter_turkey_13_16_days","turcja","side","kizilot","2026-09-01","2026-09-14","14","13","Warszawa","2+1","turcja|side|2026-09-01|2026-09-14|13|Warszawa|2+1"
"Beach Club Doganay","13041.0","05.09.2026 - 18.09.2026","14 dni/13 nocy","4.1","4.1","2266","tripadvisor","Warszawa","2026-08-23T15:37:14.406197+00:00","https://fly.pl/oferta/turcja-wczasy/?filter[dest]=39:&filter[hotelids]=&filter[cityids]=&filter[cregids]=&filter[ofrType]=&filter[addObjType]=H&filter[whenFrom]=23-08-2026&filter[whenTo]=22-09-2026&filter[duration]=13:16&filter[from]=Warszawa,Warszawa%20-%20Radom&filter[person]=2&filter[child]=1&filter[price]=4000:20000&filter[PriceFrom]=4000&filter[PriceTo]=20000&filter[addCategory]=50&filter[addCatering]=0&filter[addMisc]=0&filter[addTransport]=F&filter[fp]=1&order_by=ofr_price&filter[tourOperator]=0&filter[childAge][1]=20201210","https://fly.pl/cdn/photo/assets/uploads/582/278/2015/04/Beach-Club-Doganay.jpg","https://fly.pl/wycieczka/turcja,alanya,konakli/beach-club-doganay/pePP9w_5zZznTN5Kr9FLgOAAoguPDgvyIHU6GWGPsCLK0JPAAAAAA6cQQA9m0EAA0AAAAqBFdFWlkwraes1AZI8WVQQVioAmADah1MT1QgUG9saXNoIEFpcmxpbmVzL0VudGVyIEFpcnJDngEfABwBAgAWABcMEucDFYUFE4kCGAoUkANP6WBMAECcEhGjJlDEnwFLABvccyCSoQ4dxAYN7-3CCQESYwELYwEDCogM8ak/ofertasv/?filter[tourOperator]=WEZY&filter%5Bperson%5D=2&filter%5BchildAge%5D%5B1%5D=20201210&filter%5Bchild%5D=1","filter_turkey_13_16_days","turcja","alanya","konakli","2026-09-05","2026-09-18","14","13","Warszawa","2+1","turcja|alanya|2026-09-05|2026-09-18|13|Warszawa|2+1"
"Miarosa Beach (Kemer)","13127.0","09.09.2026 - 22.09.2026","14 dni/13 nocy","4.4","4.4","1400","tripadvisor","Warszawa","2026-08-23T15:37:14.406197+00:00","https://fly.pl/oferta/turcja-wczasy/?filter[dest]=39:&filter[hotelids]=&filter[cityids]=&filter[cregids]=&filter[ofrType]=&filter[addObjType]=H&filter[whenFrom]=23-08-2026&filter[whenTo]=22-09-2026&filter[duration]=13:16&filter[from]=Warszawa,Warszawa%20-%20Radom&filter[person]=2&filter[child]=1&filter[price]=4000:20000&filter[PriceFrom]=4000&filter[PriceTo]=20000&filter[addCategory]=50&filter[addCatering]=0&filter[addMisc]=0&filter[addTransport]=F&filter[fp]=1&order_by=ofr_price&filter[tourOperator]=0&filter[childAge][1]=20201210","https://fly.pl/cdn/photo/assets/uploads/582/278/2024/07/miarosa-kemer-beach.jpg","https://fly.pl/wycieczka/turcja,kemer,kiris/miarosa-kemer-beach-12/pTGRXkuMlMM5CQvcZfzFnRAAogLAXa5DNRef8VpQaZj8xfdiGzm71fuxsMU5q28Om4PE0qBE9SRVgwraes1AZIx2ZQQViIA2ACagZDNS4yLjFyNpsBFQ0XAFgCVgJcCEDCBhHfC0_8NF0kU6snUgBelpQBS-1DYQBM5Yw6IMD8lwkNAAISYwECDLq18dQ/ofertasv/?filter[tourOperator]=OREX&filter%5Bperson%5D=2&filter%5BchildAge%5D%5B1%5D=20201210&filter%5Bchild%5D=1","filter_turkey_13_16_days","turcja","kemer","kiris","2026-09-09","2026-09-22","14","13","Warszawa","2+1","turcja|kemer|2026-09-09|2026-09-22|13|Warszawa|2+1"
"Castival (ex. La Grande Resort & Spa)","13157.0","26.08.2026 - 09.09.2026","15 dni/14 nocy","4.6","4.6","3174","tripadvisor","Warszawa","2026-08-23T15:37:14.406197+00:00","https://fly.pl/oferta/turcja-wczasy/?filter[dest]=39:&filter[hotelids]=&filter[cityids]=&filter[cregids]=&filter[ofrType]=&filter[addObjType]=H&filter[whenFrom]=23-08-2026&filter[whenTo]=22-09-2026&filter[duration]=13:16&filter[from]=Warszawa,Warszawa%20-%20Radom&filter[person]=2&filter[child]=1&filter[price]=4000:20000&filter[PriceFrom]=4000&filter[PriceTo]=20000&filter[addCategory]=50&filter[addCatering]=0&filter[addMisc]=0&filter[addTransport]=F&filter[fp]=1&order_by=ofr_price&filter[tourOperator]=0&filter[childAge][1]=20201210","https://fly.pl/cdn/photo/assets/uploads/582/278/2015/10/La-Grande-Resort-fly-pl.jpg","https://fly.pl/wycieczka/turcja,side,c/la-grande-resort/p0Ja1WhGkDc3PQIme5-wf8AAogttLb4LZy7nUucUDHwkBGsdE9XKY2U4OiWKIw7pnyKDQqBFZJVFgwraes1AZI5WZQQVg4YAJyPxoAXAoVBBcAWAFAjwNT52tSAFvYF16-fEvtQ2EATMi0OSCK1JgJDQBR0_3s7VhP9Po4XZTlpoGtAQIKYwECCR9jUg8/ofertasv/?filter[tourOperator]=VITX&filter%5Bperson%5D=2&filter%5BchildAge%5D%5B1%5D=20201210&filter%5Bchild%5D=1","filter_turkey_13_16_days","turcja","side","c","2026-08-26","2026-09-09","15","14","Warszawa","2+1","turcja|side|2026-08-26|2026-09-09|14|Warszawa|2+1"
"Labranda Alantur Resort","13157.0","29.08.2026 - 12.09.2026","15 dni/14 nocy","4.0","4.0","350","tripadvisor","Warszawa","2026-08-23T15:37:14.406197+00:00","https://fly.pl/oferta/turcja-wczasy/?filter[dest]=39:&filter[hotelids]=&filter[cityids]=&filter[cregids]=&filter[ofrType]=&filter[addObjType]=H&filter[whenFrom]=23-08-2026&filter[whenTo]=22-09-2026&filter[duration]=13:16&filter[from]=Warszawa,Warszawa%20-%20Radom&filter[person]=2&filter[child]=1&filter[price]=4000:20000&filter[PriceFrom]=4000&filter[PriceTo]=20000&filter[addCategory]=50&filter[addCatering]=0&filter[addMisc]=0&filter[addTransport]=F&filter[fp]=1&order_by=ofr_price&filter[tourOperator]=0&filter[childAge][1]=20201210","https://fly.pl/cdn/photo/assets/uploads/582/278/2015/04/Labranda-Alantur-Resort.jpg","https://fly.pl/wycieczka/turcja,alanya,c/maritim-club-alantur/pbSV9XBVO2sAMqYfGnj7bjAAogtsKXhjrhbBMfKIldv1aO3Bleql_vgBzW78-3GSKx6FwqBFZJVFgwraes1AZI5WZQQViAAWACcj8aAFwKFQQXAFgBQI8DU-drUgBb2BdevnxL7UNhAEyHoTwgzueVCQ0AUfKO6O1YT9TpPV2U5aaBrQECDWMBAgycVrGD/ofertasv/?filter[tourOperator]=VITX&filter%5Bperson%5D=2&filter%5BchildAge%5D%5B1%5D=20201210&filter%5Bchild%5D=1","filter_turkey_13_16_days","turcja","alanya","c","2026-08-29","2026-09-12","15","14","Warszawa","2+1","turcja|alanya|2026-08-29|2026-09-12|14|Warszawa|2+1"
"Linda Sunny Beach","13357.0","04.09.2026 - 18.09.2026","15 dni/14 nocy","4.8","4.8","254","tripadvisor","Warszawa","2026-08-23T15:37:14.406197+00:00","https://fly.pl/oferta/turcja-wczasy/?filter[dest]=39:&filter[hotelids]=&filter[cityids]=&filter[cregids]=&filter[ofrType]=&filter[addObjType]=H&filter[whenFrom]=23-08-2026&filter[whenTo]=22-09-2026&filter[duration]=13:16&filter[from]=Warszawa,Warszawa%20-%20Radom&filter[person]=2&filter[child]=1&filter[price]=4000:20000&filter[PriceFrom]=4000&filter[PriceTo]=20000&filter[addCategory]=50&filter[addCatering]=0&filter[addMisc]=0&filter[addTransport]=F&filter[fp]=1&order_by=ofr_price&filter[tourOperator]=0&filter[childAge][1]=20201210","https://fly.pl/cdn/photo/assets/uploads/582/278/2014/09/Bone-Club-Sunset-fly-pl.jpg","https://fly.pl/wycieczka/turcja,side,c/bone-club-sunset/p0F3Dmrv9qy_V52csdZ5p3AAog196Aq87itQa4fu5YL5dWdzwQXJjsZ45k64gmT0LxrB8qBFZJVFgwraes1AZIrWhQQViQAmACcj8aAFwKFQQXAFgBQI8DU-drUgBb2BdevnxL7UNhAEyptDkg99SYCQ0AUeKc6-1YT5_bOl2U5aaBrQECDGMBAgvzAUoP/ofertasv/?filter[tourOperator]=VITX&filter%5Bperson%5D=2&filter%5BchildAge%5D%5B1%5D=20201210&filter%5Bchild%5D=1","filter_turkey_13_16_days","turcja","side","c","2026-09-04","2026-09-18","15","14","Warszawa","2+1","turcja|side|2026-09-04|2026-09-18|14|Warszawa|2+1"
"Port River & Spa","13357.0","29.08.2026 - 12.09.2026","15 dni/14 nocy","4.0","4.0","2773","tripadvisor","Warszawa","2026-08-23T15:37:14.406197+00:00","https://fly.pl/oferta/turcja-wczasy/?filter[dest]=39:&filter[hotelids]=&filter[cityids]=&filter[cregids]=&filter[ofrType]=&filter[addObjType]=H&filter[whenFrom]=23-08-2026&filter[whenTo]=22-09-2026&filter[duration]=13:16&filter[from]=Warszawa,Warszawa%20-%20Radom&filter[person]=2&filter[child]=1&filter[price]=4000:20000&filter[PriceFrom]=4000&filter[PriceTo]=20000&filter[addCategory]=50&filter[addCatering]=0&filter[addMisc]=0&filter[addTransport]=F&filter[fp]=1&order_by=ofr_price&filter[tourOperator]=0&filter[childAge][1]=20201210","https://fly.pl/cdn/photo/assets/uploads/582/278/2015/04/Port-River-Spa.jpg","https://fly.pl/wycieczka/turcja,side,titreyengol/port-river/pADclTAYbggUnt1d9VPlwnAAogcAS3tJfFz9URCCil4bafdRleql_vgBzW78-3GSKx6FwqBFZJVFgwraes1AZIrWhQQViAAWACcj8aAFwKFQQXAFgBQI8DU-drUgBb2BdevnxL7UNhAEyHoTwgzueVCQ0AUcyNk-5YT_rqEl2U5aaBrQECDWMBAgyIXgWd/ofertasv/?filter[tourOperator]=VITX&filter%5Bperson%5D=2&filter%5BchildAge%5D%5B1%5D=20201210&filter%5Bchild%5D=1","filter_turkey_13_16_days","turcja","side","titreyengol","2026-08-29","2026-09-12","15","14","Warszawa","2+1","turcja|side|2026-08-29|2026-09-12|14|Warszawa|2+1"
"Dedeman Kemer Resort","13400.0","05.09.2026 - 18.09.2026","14 dni/13 nocy","3.4","3.4","263","tripadvisor","Warszawa","2026-08-23T15:37:14.406197+00:00","https://fly.pl/oferta/turcja-wczasy/?filter[dest]=39:&filter[hotelids]=&filter[cityids]=&filter[cregids]=&filter[ofrType]=&filter[addObjType]=H&filter[whenFrom]=23-08-2026&filter[whenTo]=22-09-2026&filter[duration]=13:16&filter[from]=Warszawa,Warszawa%20-%20Radom&filter[person]=2&filter[child]=1&filter[price]=4000:20000&filter[PriceFrom]=4000&filter[PriceTo]=20000&filter[addCategory]=50&filter[addCatering]=0&filter[addMisc]=0&filter[addTransport]=F&filter[fp]=1&order_by=ofr_price&filter[tourOperator]=0&filter[childAge][1]=20201210","https://fly.pl/cdn/photo/assets/uploads/582/278/2024/07/club-jovia-kemer-ex-armir-resort.jpg","https://fly.pl/wycieczka/turcja,kemer,c/armir-resort-10/pD1QyOamikvN6Q1--AR8DTAAog32DZjsTIZy1-aMa0MbPE9AAAAAA6cQQA9m0EAA0AAQAqBFdFWlkwraes1AZI2GhQQVioAmADah1MT1QgUG9saXNoIEFpcmxpbmVzL0VudGVyIEFpcnJFngEfABwBAgAWABcMEucDFYUFE4kCGAoUkANM6WBPAECcElDnxQFLABGvrQEgv-cNHcQGG4-lQw3gyP8IARJjAQxjAQMGgzsONw/ofertasv/?filter[tourOperator]=WEZY&filter%5Bperson%5D=2&filter%5BchildAge%5D%5B1%5D=20201210&filter%5Bchild%5D=1","filter_turkey_13_16_days","turcja","kemer","c","2026-09-05","2026-09-18","14","13","Warszawa","2+1","turcja|kemer|2026-09-05|2026-09-18|13|Warszawa|2+1"
"Tusan Beach Resort","13465.0","08.09.2026 - 22.09.2026","15 dni/14 nocy","4.2","4.2","4348","tripadvisor","Warszawa","2026-08-23T15:37:14.406197+00:00","https://fly.pl/oferta/turcja-wczasy/?filter[dest]=39:&filter[hotelids]=&filter[cityids]=&filter[cregids]=&filter[ofrType]=&filter[addObjType]=H&filter[whenFrom]=23-08-2026&filter[whenTo]=22-09-2026&filter[duration]=13:16&filter[from]=Warszawa,Warszawa%20-%20Radom&filter[person]=2&filter[child]=1&filter[price]=4000:20000&filter[PriceFrom]=4000&filter[PriceTo]=20000&filter[addCategory]=50&filter[addCatering]=0&filter[addMisc]=0&filter[addTransport]=F&filter[fp]=1&order_by=ofr_price&filter[tourOperator]=0&filter[childAge][1]=20201210","https://fly.pl/cdn/photo/assets/uploads/582/278/2014/10/Tusan-Beach-Resort.jpg","https://fly.pl/wycieczka/turcja,kusadasi,c/tusan-beach-resort/p5KrDnHBBHqTLBjznX4EZcAAogx31rTLu01P2H5OoRSLQGrQAAAAAIpwQAH6cEAA4AAQAqBFdFWlkwraes1AZImWlQQVjwAmADaglFbnRlciBBaXJqBDA2NTVqBDA4NTVyQp4BlQGYAR8AAgEcABYGFwcS5gMTjAsUiwMR-CFM_DRPAECiGEvnxQFQAB2AhxAgFxve8B0Nr5GkCQESYwENYwEEDECk5xc/ofertasv/?filter[tourOperator]=WEZY&filter%5Bperson%5D=2&filter%5BchildAge%5D%5B1%5D=20201210&filter%5Bchild%5D=1","filter_turkey_13_16_days","turcja","kusadasi","c","2026-09-08","2026-09-22","15","14","Warszawa","2+1","turcja|kusadasi|2026-09-08|2026-09-22|14|Warszawa|2+1"
"Grand Kolibri Prestige & Spa","13471.0","05.09.2026 - 19.09.2026","15 dni/14 nocy","4.6","4.6","902","tripadvisor","Warszawa","2026-08-23T15:37:14.406197+00:00","https://fly.pl/oferta/turcja-wczasy/?filter[dest]=39:&filter[hotelids]=&filter[cityids]=&filter[cregids]=&filter[ofrType]=&filter[addObjType]=H&filter[whenFrom]=23-08-2026&filter[whenTo]=22-09-2026&filter[duration]=13:16&filter[from]=Warszawa,Warszawa%20-%20Radom&filter[person]=2&filter[child]=1&filter[price]=4000:20000&filter[PriceFrom]=4000&filter[PriceTo]=20000&filter[addCategory]=50&filter[addCatering]=0&filter[addMisc]=0&filter[addTransport]=F&filter[fp]=1&order_by=ofr_price&filter[tourOperator]=0&filter[childAge][1]=20201210","https://fly.pl/cdn/photo/assets/uploads/582/278/2024/07/grand-kolibri-prestige-spa.jpg","https://fly.pl/wycieczka/turcja,alanya,konakli/grand-kolibri-prestige-spa-13/pz7o2QppZ99fa9Hd9lINN6AAogbv6IQziD3zXzAeoCrPn6kvdq_34b_4EyyRdFOhXSxSYqBFJOQlcwraes1AZIn2lQQVioAmACagRCd2NhahcyOTYsMzgwLDQ3Nyw0ODMsNDg0LDQ4NXI4nwGeARUOFwBYAQqcAUCsBhHVJhnlMBC5BVK7ClMAS4PYAWEAD8mVQR2JASDP8pAJDQACDGMBAwsxE6C2/ofertasv/?filter[tourOperator]=RNBW&filter%5Bperson%5D=2&filter%5BchildAge%5D%5B1%5D=20201210&filter%5Bchild%5D=1","filter_turkey_13_16_days","turcja","alanya","konakli","2026-09-05","2026-09-19","15","14","Warszawa","2+1","turcja|alanya|2026-09-05|2026-09-19|14|Warszawa|2+1"
"Asteria Bloom Side","13536.0","01.09.2026 - 14.09.2026","14 dni/13 nocy","4.4","4.4","1623","tripadvisor","Warszawa","2026-08-23T15:37:14.406197+00:00","https://fly.pl/oferta/turcja-wczasy/?filter[dest]=39:&filter[hotelids]=&filter[cityids]=&filter[cregids]=&filter[ofrType]=&filter[addObjType]=H&filter[whenFrom]=23-08-2026&filter[whenTo]=22-09-2026&filter[duration]=13:16&filter[from]=Warszawa,Warszawa%20-%20Radom&filter[person]=2&filter[child]=1&filter[price]=4000:20000&filter[PriceFrom]=4000&filter[PriceTo]=20000&filter[addCategory]=50&filter[addCatering]=0&filter[addMisc]=0&filter[addTransport]=F&filter[fp]=1&order_by=ofr_price&filter[tourOperator]=0&filter[childAge][1]=20201210","https://fly.pl/cdn/photo/assets/uploads/582/278/2015/04/Asteria-Bloom-Side.jpg","https://fly.pl/wycieczka/turcja,side,kizilagac/heaven-beach-resort/pSu3CiPTRUHhEYu4BQ08AzAAogwswzXeCq4BQ99cyx8PVn0mH-9WFY2kVMCzoTvlM5mjwqBE9SRVgwraes1AZI4GlQQVjIAWACagZKSC4yLjFyNpsBFQ0XAFgCVgJcCEDCBhHyB0_pOF0kU6snUgBelpQBS-1DYQBM5Yw6ILj8lwkNAAISYwECBj_CxFU/ofertasv/?filter[tourOperator]=OREX&filter%5Bperson%5D=2&filter%5BchildAge%5D%5B1%5D=20201210&filter%5Bchild%5D=1","filter_turkey_13_16_days","turcja","side","kizilagac","2026-09-01","2026-09-14","14","13","Warszawa","2+1","turcja|side|2026-09-01|2026-09-14|13|Warszawa|2+1"
"Xoria Deluxe","13546.0","27.08.2026 - 09.09.2026","14 dni/13 nocy","4.2","4.2","2427","tripadvisor","Warszawa","2026-08-23T15:37:14.406197+00:00","https://fly.pl/oferta/turcja-wczasy/?filter[dest]=39:&filter[hotelids]=&filter[cityids]=&filter[cregids]=&filter[ofrType]=&filter[addObjType]=H&filter[whenFrom]=23-08-2026&filter[whenTo]=22-09-2026&filter[duration]=13:16&filter[from]=Warszawa,Warszawa%20-%20Radom&filter[person]=2&filter[child]=1&filter[price]=4000:20000&filter[PriceFrom]=4000&filter[PriceTo]=20000&filter[addCategory]=50&filter[addCatering]=0&filter[addMisc]=0&filter[addTransport]=F&filter[fp]=1&order_by=ofr_price&filter[tourOperator]=0&filter[childAge][1]=20201210","https://fly.pl/cdn/photo/assets/uploads/582/278/2018/11/Xoria-Deluxe-fly-pl.jpg","https://fly.pl/wycieczka/turcja,alanya,payallar/xoria/pMadtFIlcXua0pbS7KhYz6AAog2eZhWmqc3UPnOldN2ucJSxHIaslnRFcLltoPPaG4rTcqBEVYSU0wraes1AZI6mlQAVhQYAJqA1VBSXIiHBHK7wWrBICdQbkEugIbw8gkGL_YOQGT--X1CAISYwEDDPpCxIc/ofertasv/?filter[tourOperator]=EXIM&filter%5Bperson%5D=2&filter%5BchildAge%5D%5B1%5D=20201210&filter%5Bchild%5D=1","filter_turkey_13_16_days","turcja","alanya","payallar","2026-08-27","2026-09-09","14","13","Warszawa","2+1","turcja|alanya|2026-08-27|2026-09-09|13|Warszawa|2+1"
"Sealife Buket Resort & Beach","13557.0","26.08.2026 - 09.09.2026","15 dni/14 nocy","4.4","4.4","1629","tripadvisor","Warszawa","2026-08-23T15:37:14.406197+00:00","https://fly.pl/oferta/turcja-wczasy/?filter[dest]=39:&filter[hotelids]=&filter[cityids]=&filter[cregids]=&filter[ofrType]=&filter[addObjType]=H&filter[whenFrom]=23-08-2026&filter[whenTo]=22-09-2026&filter[duration]=13:16&filter[from]=Warszawa,Warszawa%20-%20Radom&filter[person]=2&filter[child]=1&filter[price]=4000:20000&filter[PriceFrom]=4000&filter[PriceTo]=20000&filter[addCategory]=50&filter[addCatering]=0&filter[addMisc]=0&filter[addTransport]=F&filter[fp]=1&order_by=ofr_price&filter[tourOperator]=0&filter[childAge][1]=20201210","https://fly.pl/cdn/photo/assets/uploads/582/278/2017/08/Sealife-Buket-Resort-Beach.jpg","https://fly.pl/wycieczka/turcja,alanya,karaburun/sealife-buket-resort-spa/puczsKcvQorrr5amn_toM8AAogg0xhk6qwzNhBO-CRzH9M-NE9XKY2U4OiWKIw7pnyKDQqBFZJVFgwraes1AZI9WlQQVg4YAJyPxoAXAoVBBcAWAFAjwNT52tSAFvYF16-fEvtQ2EATMi0OSCK1JgJDQBRrZuH7lhPmt0eXZTlpoGtAQIMYwECCQ6hCWE/ofertasv/?filter[tourOperator]=VITX&filter%5Bperson%5D=2&filter%5BchildAge%5D%5B1%5D=20201210&filter%5Bchild%5D=1","filter_turkey_13_16_days","turcja","alanya","karaburun","2026-08-26","2026-09-09","15","14","Warszawa","2+1","turcja|alanya|2026-08-26|2026-09-09|14|Warszawa|2+1"
"Signature Blue Resort (ex. Grand Ozcelik)","13580.0","04.09.2026 - 18.09.2026","15 dni/14 nocy","3.4","3.4","146","tripadvisor","Warszawa","2026-08-23T15:37:14.406197+00:00","https://fly.pl/oferta/turcja-wczasy/?filter[dest]=39:&filter[hotelids]=&filter[cityids]=&filter[cregids]=&filter[ofrType]=&filter[addObjType]=H&filter[whenFrom]=23-08-2026&filter[whenTo]=22-09-2026&filter[duration]=13:16&filter[from]=Warszawa,Warszawa%20-%20Radom&filter[person]=2&filter[child]=1&filter[price]=4000:20000&filter[PriceFrom]=4000&filter[PriceTo]=20000&filter[addCategory]=50&filter[addCatering]=0&filter[addMisc]=0&filter[addTransport]=F&filter[fp]=1&order_by=ofr_price&filter[tourOperator]=0&filter[childAge][1]=20201210","https://fly.pl/cdn/photo/assets/uploads/582/278/2024/07/grand-ozcelik.jpg","https://fly.pl/wycieczka/turcja,kusadasi,c/grand-ozcelik/p66A2pWtvskqLedtdU_t70AAoguP0RjI67ZGtwqPKMgXtj6gAAAACfqQQAvakEAA4AAAAqBFdFWlkwraes1AZIjGpQQViQAmADaglFbnRlciBBaXJqBDA2NDBqBDA5MTByQp4BlQGYAR8AAgEcABYEFwkS5gMThwsUiwNM-VZPAECiGBGPkAFL2DVQABvKsQwdzdoDIB4N6_zBCQESYwENYwEDDAvm0DA/ofertasv/?filter[tourOperator]=WEZY&filter%5Bperson%5D=2&filter%5BchildAge%5D%5B1%5D=20201210&filter%5Bchild%5D=1","filter_turkey_13_16_days","turcja","kusadasi","c","2026-09-04","2026-09-18","15","14","Warszawa","2+1","turcja|kusadasi|2026-09-04|2026-09-18|14|Warszawa|2+1"
"Rox Royal (ex. Grand Haber)","13604.0","08.09.2026 - 21.09.2026","14 dni/13 nocy","3.6","3.6","430","tripadvisor","Warszawa","2026-08-23T15:37:14.406197+00:00","https://fly.pl/oferta/turcja-wczasy/?filter[dest]=39:&filter[hotelids]=&filter[cityids]=&filter[cregids]=&filter[ofrType]=&filter[addObjType]=H&filter[whenFrom]=23-08-2026&filter[whenTo]=22-09-2026&filter[duration]=13:16&filter[from]=Warszawa,Warszawa%20-%20Radom&filter[person]=2&filter[child]=1&filter[price]=4000:20000&filter[PriceFrom]=4000&filter[PriceTo]=20000&filter[addCategory]=50&filter[addCatering]=0&filter[addMisc]=0&filter[addTransport]=F&filter[fp]=1&order_by=ofr_price&filter[tourOperator]=0&filter[childAge][1]=20201210","https://fly.pl/cdn/photo/assets/uploads/582/278/2015/05/rox.jpg","https://fly.pl/wycieczka/turcja,kemer,c/grand-haber/p9TTmobt7mm5elrw6r1qKqAAogdnpNd1zU6mg9JDoKcKPy1YRXb0S2CkfY7MNA9xXe7tgqBE9SRVgwraes1AZIpGpQQVjwAmACagVFLjIuMXI2mwEVDRcAWAJWAlwIQMIGEckMT5I0XSRTqydSAF6WlAFL7UNhAEzljDogv_yXCQ0AAhJjAQIG1tWYoA/ofertasv/?filter[tourOperator]=OREX&filter%5Bperson%5D=2&filter%5BchildAge%5D%5B1%5D=20201210&filter%5Bchild%5D=1","filter_turkey_13_16_days","turcja","kemer","c","2026-09-08","2026-09-21","14","13","Warszawa","2+1","turcja|kemer|2026-09-08|2026-09-21|13|Warszawa|2+1"
"Sultan of Dreams","13622.0","07.09.2026 - 20.09.2026","14 dni/13 nocy","3.3","3.3","412","tripadvisor","Warszawa","2026-08-23T15:37:14.406197+00:00","https://fly.pl/oferta/turcja-wczasy/?filter[dest]=39:&filter[hotelids]=&filter[cityids]=&filter[cregids]=&filter[ofrType]=&filter[addObjType]=H&filter[whenFrom]=23-08-2026&filter[whenTo]=22-09-2026&filter[duration]=13:16&filter[from]=Warszawa,Warszawa%20-%20Radom&filter[person]=2&filter[child]=1&filter[price]=4000:20000&filter[PriceFrom]=4000&filter[PriceTo]=20000&filter[addCategory]=50&filter[addCatering]=0&filter[addMisc]=0&filter[addTransport]=F&filter[fp]=1&order_by=ofr_price&filter[tourOperator]=0&filter[childAge][1]=20201210","https://fly.pl/cdn/photo/assets/uploads/582/278/2015/04/Sultan-of-Dreams-fly-pl.jpg","https://fly.pl/wycieczka/turcja,side,manavgat/sultan-of-dreams/pT-Z4lwizmFpLlPwIJuAi8AAogKUIV2LuvEuD_OON2kX_hEZ2FKqdZohVQ4Zf-Ukb4kpwqBEVYSU0wraes1AZItmpQAVjYAmACagJBSXIhHBHI7wW5BMSeQasEARuj4iQY5745AcnC3fUIAhJjAQIMQvBT8w/ofertasv/?filter[tourOperator]=EXIM&filter%5Bperson%5D=2&filter%5BchildAge%5D%5B1%5D=20201210&filter%5Bchild%5D=1","filter_turkey_13_16_days","turcja","side","manavgat","2026-09-07","2026-09-20","14","13","Warszawa","2+1","turcja|side|2026-09-07|2026-09-20|13|Warszawa|2+1"
"Ozkaymak Incekum","13647.0","02.09.2026 - 15.09.2026","14 dni/13 nocy","3.4","3.4","844","tripadvisor","Warszawa","2026-08-23T15:37:14.406197+00:00","https://fly.pl/oferta/turcja-wczasy/?filter[dest]=39:&filter[hotelids]=&filter[cityids]=&filter[cregids]=&filter[ofrType]=&filter[addObjType]=H&filter[whenFrom]=23-08-2026&filter[whenTo]=22-09-2026&filter[duration]=13:16&filter[from]=Warszawa,Warszawa%20-%20Radom&filter[person]=2&filter[child]=1&filter[price]=4000:20000&filter[PriceFrom]=4000&filter[PriceTo]=20000&filter[addCategory]=50&filter[addCatering]=0&filter[addMisc]=0&filter[addTransport]=F&filter[fp]=1&order_by=ofr_price&filter[tourOperator]=0&filter[childAge][1]=20201210","https://fly.pl/cdn/photo/assets/uploads/582/278/2015/03/Ozkaymak-Incekum-1.jpg","https://fly.pl/wycieczka/turcja,alanya,incekum/ozkaymak-incekum/pWGTkBn7MBOLJP_8mAmVt7AAogEovvDvhXVmtkHL6BMmVuPIxtbRoMK1STPGKCliROdUYqBEpPSVAwraes1AZIz2pQQVjgAWACagMxMnByQpsBFAFcCRUDFwBYAlYCT5UBXQBAtQVSqmhTABHBiAFe1QtL7UNhAEzljDoNufyXCSAAAY_WvKiFicycMAINYwECC65CaDI/ofertasv/?filter[tourOperator]=JOIP&filter%5Bperson%5D=2&filter%5BchildAge%5D%5B1%5D=20201210&filter%5Bchild%5D=1","filter_turkey_13_16_days","turcja","alanya","incekum","2026-09-02","2026-09-15","14","13","Warszawa","2+1","turcja|alanya|2026-09-02|2026-09-15|13|Warszawa|2+1"
"Armas Kaplan Paradise","13658.0","08.09.2026 - 21.09.2026","14 dni/13 nocy","4.4","4.4","1264","tripadvisor","Warszawa","2026-08-23T15:37:14.406197+00:00","https://fly.pl/oferta/turcja-wczasy/?filter[dest]=39:&filter[hotelids]=&filter[cityids]=&filter[cregids]=&filter[ofrType]=&filter[addObjType]=H&filter[whenFrom]=23-08-2026&filter[whenTo]=22-09-2026&filter[duration]=13:16&filter[from]=Warszawa,Warszawa%20-%20Radom&filter[person]=2&filter[child]=1&filter[price]=4000:20000&filter[PriceFrom]=4000&filter[PriceTo]=20000&filter[addCategory]=50&filter[addCatering]=0&filter[addMisc]=0&filter[addTransport]=F&filter[fp]=1&order_by=ofr_price&filter[tourOperator]=0&filter[childAge][1]=20201210","https://fly.pl/cdn/photo/assets/uploads/582/278/2017/03/Armas-Kaplan-Paradise.jpg","https://fly.pl/wycieczka/turcja,kemer,tekirova/armas-kaplan-paradise/p0N6ljaJXsacIiSAu2TYZdAAog2LGIu9aF9hwFJ1Zt6V-p6IRXb0S2CkfY7MNA9xXe7tgqBE9SRVgwraes1AZI2mpQQVjwAmACagVFLjIuMXI2mwEVDRcAWAJWAlwIQMIGEdEPT4oxXSRTqydSAF6WlAFL7UNhAEzljDogv_yXCQ0AAhJjAQILS7EETg/ofertasv/?filter[tourOperator]=OREX&filter%5Bperson%5D=2&filter%5BchildAge%5D%5B1%5D=20201210&filter%5Bchild%5D=1","filter_turkey_13_16_days","turcja","kemer","tekirova","2026-09-08","2026-09-21","14","13","Warszawa","2+1","turcja|kemer|2026-09-08|2026-09-21|13|Warszawa|2+1"
"Timo Deluxe Resort","13721.0","08.09.2026 - 21.09.2026","14 dni/13 nocy","4.2","4.2","515","tripadvisor","Warszawa","2026-08-23T15:37:14.406197+00:00","https://fly.pl/oferta/turcja-wczasy/?filter[dest]=39:&filter[hotelids]=&filter[cityids]=&filter[cregids]=&filter[ofrType]=&filter[addObjType]=H&filter[whenFrom]=23-08-2026&filter[whenTo]=22-09-2026&filter[duration]=13:16&filter[from]=Warszawa,Warszawa%20-%20Radom&filter[person]=2&filter[child]=1&filter[price]=4000:20000&filter[PriceFrom]=4000&filter[PriceTo]=20000&filter[addCategory]=50&filter[addCatering]=0&filter[addMisc]=0&filter[addTransport]=F&filter[fp]=1&order_by=ofr_price&filter[tourOperator]=0&filter[childAge][1]=20201210","https://fly.pl/cdn/photo/assets/uploads/582/278/2015/12/Timo-Resort-fly-pl.jpg","https://fly.pl/wycieczka/turcja,alanya,konakli/timo-resort/p1Q19ELM0SlEBrrNHW4f5rAAog2II_ihSTe6AZy7C9GhiWtIRXb0S2CkfY7MNA9xXe7tgqBE9SRVgwrqes1AZImWtQQVjwAmACagVFLjIuMXI1mwEVDRcAWAJWAlwIEXlAyQVP20BdJFOrJ1IAXpaUAUvtQ2EATOWMOiC__JcJDQACEmMBAgtzYOLl/ofertasv/?filter[tourOperator]=OREX&filter%5Bperson%5D=2&filter%5BchildAge%5D%5B1%5D=20201210&filter%5Bchild%5D=1","filter_turkey_13_16_days","turcja","alanya","konakli","2026-09-08","2026-09-21","14","13","Warszawa","2+1","turcja|alanya|2026-09-08|2026-09-21|13|Warszawa|2+1"
"Side Crown Palace (Side)","13757.0","26.08.2026 - 09.09.2026","15 dni/14 nocy","3.7","3.7","1073","tripadvisor","Warszawa","2026-08-23T15:37:14.406197+00:00","https://fly.pl/oferta/turcja-wczasy/?filter[dest]=39:&filter[hotelids]=&filter[cityids]=&filter[cregids]=&filter[ofrType]=&filter[addObjType]=H&filter[whenFrom]=23-08-2026&filter[whenTo]=22-09-2026&filter[duration]=13:16&filter[from]=Warszawa,Warszawa%20-%20Radom&filter[person]=2&filter[child]=1&filter[price]=4000:20000&filter[PriceFrom]=4000&filter[PriceTo]=20000&filter[addCategory]=50&filter[addCatering]=0&filter[addMisc]=0&filter[addTransport]=F&filter[fp]=1&order_by=ofr_price&filter[tourOperator]=0&filter[childAge][1]=20201210","https://fly.pl/cdn/photo/assets/uploads/582/278/2015/04/Side-Crown-Palace-Side.jpg","https://fly.pl/wycieczka/turcja,side,c/crown-palace-side/pTTIl1DUiRGcoVQSQMgc81AAogBJsZfz5r-58tS54WFDEyVdE9XKY2U4OiWKIw7pnyKDQqBFZJVFgwrqes1AZIvWtQQVg4YAJyPxoAXAoVBBcAWAFAjwNT52tSAFuoHV7udkvtQ2EATMi0OSCK1JgJDQBR1qju7VhP8c83XZTlpoGtAQINYwECDFW4j-4/ofertasv/?filter[tourOperator]=VITX&filter%5Bperson%5D=2&filter%5BchildAge%5D%5B1%5D=20201210&filter%5Bchild%5D=1","filter_turkey_13_16_days","turcja","side","c","2026-08-26","2026-09-09","15","14","Warszawa","2+1","turcja|side|2026-08-26|2026-09-09|14|Warszawa|2+1"
"Crystal World of Colours Comfort Collection","13784.0","08.09.2026 - 21.09.2026","14 dni/13 nocy","4.8","4.8","756","tripadvisor","Warszawa","2026-08-23T15:37:14.406197+00:00","https://fly.pl/oferta/turcja-wczasy/?filter[dest]=39:&filter[hotelids]=&filter[cityids]=&filter[cregids]=&filter[ofrType]=&filter[addObjType]=H&filter[whenFrom]=23-08-2026&filter[whenTo]=22-09-2026&filter[duration]=13:16&filter[from]=Warszawa,Warszawa%20-%20Radom&filter[person]=2&filter[child]=1&filter[price]=4000:20000&filter[PriceFrom]=4000&filter[PriceTo]=20000&filter[addCategory]=50&filter[addCatering]=0&filter[addMisc]=0&filter[addTransport]=F&filter[fp]=1&order_by=ofr_price&filter[tourOperator]=0&filter[childAge][1]=20201210","https://fly.pl/cdn/photo/assets/uploads/582/278/2021/03/Crystal-Club-World-of-Colours.jpg","https://fly.pl/wycieczka/turcja,belek,bogazkent/crystal-club-world-of-colours-12/piEAJZEcCV9QUH7wILf-pTAAogXa75B7r-kzR-UoDBm680pYRXb0S2CkfY7MNA9xXe7tgqBE9SRVgwrqes1AZI2GtQQVjwAmACagVFLjIuMXI2mwFcChUDFwBYAlYCEdICQPgDT9tAXSRSqydTAF6WlAFh7UNLAEzljDogv_yXCQ0AAhJjAQILh9l32Q/ofertasv/?filter[tourOperator]=OREX&filter%5Bperson%5D=2&filter%5BchildAge%5D%5B1%5D=20201210&filter%5Bchild%5D=1","filter_turkey_13_16_days","turcja","belek","bogazkent","2026-09-08","2026-09-21","14","13","Warszawa","2+1","turcja|belek|2026-09-08|2026-09-21|13|Warszawa|2+1"
"Armas Pemar Beach Resort","13802.0","01.09.2026 - 14.09.2026","14 dni/13 nocy","4.0","4.0","403","tripadvisor","Warszawa","2026-08-23T15:37:14.406197+00:00","https://fly.pl/oferta/turcja-wczasy/?filter[dest]=39:&filter[hotelids]=&filter[cityids]=&filter[cregids]=&filter[ofrType]=&filter[addObjType]=H&filter[whenFrom]=23-08-2026&filter[whenTo]=22-09-2026&filter[duration]=13:16&filter[from]=Warszawa,Warszawa%20-%20Radom&filter[person]=2&filter[child]=1&filter[price]=4000:20000&filter[PriceFrom]=4000&filter[PriceTo]=20000&filter[addCategory]=50&filter[addCatering]=0&filter[addMisc]=0&filter[addTransport]=F&filter[fp]=1&order_by=ofr_price&filter[tourOperator]=0&filter[childAge][1]=20201210","https://fly.pl/cdn/photo/assets/uploads/582/278/2014/09/Armas-Pemar-Beach-Hotel.jpg","https://fly.pl/wycieczka/turcja,alanya,okurcalar/pemar-beach-resort/pHJ0v9egEcHqnSXKGnI6jhAAogmDB6cPxtXhLlIGKprOr-ZGH-9WFY2kVMCzoTvlM5mjwqBE9SRVgwrqes1AZI6mtQQVjIAWACagZXSC4yLjFyNpsBFQ0XAFgCVgJcCEDCBhHGH0-VIV0kU6snUgBelpQBS-1DYQBM5Yw6ILj8lwkNAAISYwECC1N7g-Y/ofertasv/?filter[tourOperator]=OREX&filter%5Bperson%5D=2&filter%5BchildAge%5D%5B1%5D=20201210&filter%5Bchild%5D=1","filter_turkey_13_16_days","turcja","alanya","okurcalar","2026-09-01","2026-09-14","14","13","Warszawa","2+1","turcja|alanya|2026-09-01|2026-09-14|13|Warszawa|2+1"
"Victory Resort","13827.0","05.09.2026 - 18.09.2026","14 dni/13 nocy","4.6","4.6","752","tripadvisor","Warszawa","2026-08-23T15:37:14.406197+00:00","https://fly.pl/oferta/turcja-wczasy/?filter[dest]=39:&filter[hotelids]=&filter[cityids]=&filter[cregids]=&filter[ofrType]=&filter[addObjType]=H&filter[whenFrom]=23-08-2026&filter[whenTo]=22-09-2026&filter[duration]=13:16&filter[from]=Warszawa,Warszawa%20-%20Radom&filter[person]=2&filter[child]=1&filter[price]=4000:20000&filter[PriceFrom]=4000&filter[PriceTo]=20000&filter[addCategory]=50&filter[addCatering]=0&filter[addMisc]=0&filter[addTransport]=F&filter[fp]=1&order_by=ofr_price&filter[tourOperator]=0&filter[childAge][1]=20201210","https://fly.pl/cdn/photo/assets/uploads/582/278/2015/12/Victory-Resort.jpg","https://fly.pl/wycieczka/turcja,side,manavgat/victory-resort/pCbHR_yZmzf2gjnqR_3JtuAAogEfQx9qQeJpGiygb7mwtGLAAAAAA6cQQA9m0EAA0AAAAqBFdFWlkwrqes1AZIg2xQQVioAmADah1MT1QgUG9saXNoIEFpcmxpbmVzL0VudGVyIEFpcnJDngEfABwBAgAWABcMEucDEe0BFZgDE4kCGAoUkANP6WBMAECcElDnxQFLABvCPyCs1Q4dxAYN7-3CCQESYwERYwEDEFP8zYo/ofertasv/?filter[tourOperator]=WEZY&filter%5Bperson%5D=2&filter%5BchildAge%5D%5B1%5D=20201210&filter%5Bchild%5D=1","filter_turkey_13_16_days","turcja","side","manavgat","2026-09-05","2026-09-18","14","13","Warszawa","2+1","turcja|side|2026-09-05|2026-09-18|13|Warszawa|2+1"
"Aydinbey Queens Palace & Spa","13869.0","03.09.2026 - 16.09.2026","14 dni/13 nocy","4.3","4.3","2614","tripadvisor","Warszawa","2026-08-23T15:37:14.406197+00:00","https://fly.pl/oferta/turcja-wczasy/?filter[dest]=39:&filter[hotelids]=&filter[cityids]=&filter[cregids]=&filter[ofrType]=&filter[addObjType]=H&filter[whenFrom]=23-08-2026&filter[whenTo]=22-09-2026&filter[duration]=13:16&filter[from]=Warszawa,Warszawa%20-%20Radom&filter[person]=2&filter[child]=1&filter[price]=4000:20000&filter[PriceFrom]=4000&filter[PriceTo]=20000&filter[addCategory]=50&filter[addCatering]=0&filter[addMisc]=0&filter[addTransport]=F&filter[fp]=1&order_by=ofr_price&filter[tourOperator]=0&filter[childAge][1]=20201210","https://fly.pl/cdn/photo/assets/uploads/582/278/2018/12/Aydinbey-Queens-Palacespa.jpg","https://fly.pl/wycieczka/turcja,antalya,belek/aydinbey-queens-palace-spa/pVtJWwDZJWnGmrBwjagtX7AAogyILLw04j-aF6N7avy2Gb3EuUqNP1vPp-t4XlpPrdq7kqBE9SRVgwrqes1AZIrWxQQVj4AWACagZKMC4yLjFyNpsBFQ0XAFgCVgJcCBGwAUCSBU_bQF0kU6snUgBelpQBS-1DYQBM5Yw6ILr8lwkNAAISYwECDP79acQ/ofertasv/?filter[tourOperator]=OREX&filter%5Bperson%5D=2&filter%5BchildAge%5D%5B1%5D=20201210&filter%5Bchild%5D=1","filter_turkey_13_16_days","turcja","antalya","belek","2026-09-03","2026-09-16","14","13","Warszawa","2+1","turcja|antalya|2026-09-03|2026-09-16|13|Warszawa|2+1"
"Sentido Lycus Beach (ex. Lti)","13878.0","29.08.2026 - 11.09.2026","14 dni/13 nocy","3.8","3.8","317","tripadvisor","Warszawa","2026-08-23T15:37:14.406197+00:00","https://fly.pl/oferta/turcja-wczasy/?filter[dest]=39:&filter[hotelids]=&filter[cityids]=&filter[cregids]=&filter[ofrType]=&filter[addObjType]=H&filter[whenFrom]=23-08-2026&filter[whenTo]=22-09-2026&filter[duration]=13:16&filter[from]=Warszawa,Warszawa%20-%20Radom&filter[person]=2&filter[child]=1&filter[price]=4000:20000&filter[PriceFrom]=4000&filter[PriceTo]=20000&filter[addCategory]=50&filter[addCatering]=0&filter[addMisc]=0&filter[addTransport]=F&filter[fp]=1&order_by=ofr_price&filter[tourOperator]=0&filter[childAge][1]=20201210","https://fly.pl/cdn/photo/assets/uploads/582/278/2009/10/Lycus-Beach-1.jpg","https://fly.pl/wycieczka/turcja,alanya,okurcalar/lycus-beach/p0GvGTX1GEya_sdG8QHy57AAogdZTBcN8zQm6F6LL0NepL7j0-o87gej3GyAiPL-y0__sqBEVYSU0wrqes1AZItmxQAViAAWACagJBSXIiHBHG7wWrBMGdQbkE5QEb_7AlGNXuOAHl-9P1CAISYwECDdu0F-Q/ofertasv/?filter[tourOperator]=EXIM&filter%5Bperson%5D=2&filter%5BchildAge%5D%5B1%5D=20201210&filter%5Bchild%5D=1","filter_turkey_13_16_days","turcja","alanya","okurcalar","2026-08-29","2026-09-11","14","13","Warszawa","2+1","turcja|alanya|2026-08-29|2026-09-11|13|Warszawa|2+1"
"Flora Garden Ephesus","13932.0","08.09.2026 - 22.09.2026","15 dni/14 nocy","4.3","4.3","1580","tripadvisor","Warszawa","2026-08-23T15:37:14.406197+00:00","https://fly.pl/oferta/turcja-wczasy/?filter[dest]=39:&filter[hotelids]=&filter[cityids]=&filter[cregids]=&filter[ofrType]=&filter[addObjType]=H&filter[whenFrom]=23-08-2026&filter[whenTo]=22-09-2026&filter[duration]=13:16&filter[from]=Warszawa,Warszawa%20-%20Radom&filter[person]=2&filter[child]=1&filter[price]=4000:20000&filter[PriceFrom]=4000&filter[PriceTo]=20000&filter[addCategory]=50&filter[addCatering]=0&filter[addMisc]=0&filter[addTransport]=F&filter[fp]=1&order_by=ofr_price&filter[tourOperator]=0&filter[childAge][1]=20201210","https://fly.pl/cdn/photo/assets/uploads/582/278/2021/03/Flora-Garden-Ephesus.jpg","https://fly.pl/wycieczka/turcja,kusadasi,c/flora-garden-ephesus-12/pPvwJCa8U6kJf44LnlT-lmAAoggqwSiiTc_hpMfn7ZHEDhpQAAAAAIpwQAH6cEAA4AAQAqBFdFWlkwrqes1AZI7GxQQVjwAmADaglFbnRlciBBaXJqBDA2NTVqBDA4NTVyQZ4BlQGYAR8AAgEcABYEFwkS5gMTjAsUiwNM9FZPAECiGBG1CUuyvAFQABuzVh3NsA8gFw2NgsIJARJjAQ1jAQMMjmNAGQ/ofertasv/?filter[tourOperator]=WEZY&filter%5Bperson%5D=2&filter%5BchildAge%5D%5B1%5D=20201210&filter%5Bchild%5D=1","filter_turkey_13_16_days","turcja","kusadasi","c","2026-09-08","2026-09-22","15","14","Warszawa","2+1","turcja|kusadasi|2026-09-08|2026-09-22|14|Warszawa|2+1"
"Narcia Resort Side","13957.0","29.08.2026 - 12.09.2026","15 dni/14 nocy","4.1","4.1","991","tripadvisor","Warszawa","2026-08-23T15:37:14.406197+00:00","https://fly.pl/oferta/turcja-wczasy/?filter[dest]=39:&filter[hotelids]=&filter[cityids]=&filter[cregids]=&filter[ofrType]=&filter[addObjType]=H&filter[whenFrom]=23-08-2026&filter[whenTo]=22-09-2026&filter[duration]=13:16&filter[from]=Warszawa,Warszawa%20-%20Radom&filter[person]=2&filter[child]=1&filter[price]=4000:20000&filter[PriceFrom]=4000&filter[PriceTo]=20000&filter[addCategory]=50&filter[addCatering]=0&filter[addMisc]=0&filter[addTransport]=F&filter[fp]=1&order_by=ofr_price&filter[tourOperator]=0&filter[childAge][1]=20201210","https://fly.pl/cdn/photo/assets/uploads/582/278/2009/06/Narcia-Resort732.jpg","https://fly.pl/wycieczka/turcja,side,c/narcia-resort/pwhk0x4KLbYRcPps0NoJX_AAogywoi2MMsDu8qRi-QhElyoBleql_vgBzW78-3GSKx6FwqBFZJVFgwrqes1AZIhW1QQViAAWACcj8aAFwKFQQXAFgBQI8DU-drUgBbsBle5npL7UNhAEyHoTwgzueVCQ0AUdumjO5YT-vRGV2U5aaBrQECDWMBAgzg4LYA/ofertasv/?filter[tourOperator]=VITX&filter%5Bperson%5D=2&filter%5BchildAge%5D%5B1%5D=20201210&filter%5Bchild%5D=1","filter_turkey_13_16_days","turcja","side","c","2026-08-29","2026-09-12","15","14","Warszawa","2+1","turcja|side|2026-08-29|2026-09-12|14|Warszawa|2+1"
"Labranda Mares Marmaris (ex Mares Dolphin Park & Spa)","13957.0","31.08.2026 - 14.09.2026","15 dni/14 nocy","4.2","4.2","5035","tripadvisor","Warszawa","2026-08-23T15:37:14.406197+00:00","https://fly.pl/oferta/turcja-wczasy/?filter[dest]=39:&filter[hotelids]=&filter[cityids]=&filter[cregids]=&filter[ofrType]=&filter[addObjType]=H&filter[whenFrom]=23-08-2026&filter[whenTo]=22-09-2026&filter[duration]=13:16&filter[from]=Warszawa,Warszawa%20-%20Radom&filter[person]=2&filter[child]=1&filter[price]=4000:20000&filter[PriceFrom]=4000&filter[PriceTo]=20000&filter[addCategory]=50&filter[addCatering]=0&filter[addMisc]=0&filter[addTransport]=F&filter[fp]=1&order_by=ofr_price&filter[tourOperator]=0&filter[childAge][1]=20201210","https://fly.pl/cdn/photo/assets/uploads/582/278/2015/04/Labranda-Mares-Marmaris.jpg","https://fly.pl/wycieczka/turcja,marmaris,c/mares-dolphin-park-spa/pGxZUVJwN5jahs3kJz-oYUAAogAXInlgB2HLucslGK15bLH68rDDdjFLXaQKSLkMNXaCQqBFZJVFgwrqes1AZIhW1QQViwAWACckAaAFwKFQQXAFgBQI8DW5eFAVOlAVIAXsF5S-1DYQBMqbQ5IK7UmAkNAFGbpMebbk-nvhxdiLvw05cBAg1jAQIMo7Fw-g/ofertasv/?filter[tourOperator]=VITX&filter%5Bperson%5D=2&filter%5BchildAge%5D%5B1%5D=20201210&filter%5Bchild%5D=1","filter_turkey_13_16_days","turcja","marmaris","c","2026-08-31","2026-09-14","15","14","Warszawa","2+1","turcja|marmaris|2026-08-31|2026-09-14|14|Warszawa|2+1"
"Unique Residence Golf Spa","14018.0","06.09.2026 - 21.09.2026","16 dni/14 nocy","4.3","4.3","3245","tripadvisor","Warszawa","2026-08-23T15:37:14.406197+00:00","https://fly.pl/oferta/turcja-wczasy/?filter[dest]=39:&filter[hotelids]=&filter[cityids]=&filter[cregids]=&filter[ofrType]=&filter[addObjType]=H&filter[whenFrom]=23-08-2026&filter[whenTo]=22-09-2026&filter[duration]=13:16&filter[from]=Warszawa,Warszawa%20-%20Radom&filter[person]=2&filter[child]=1&filter[price]=4000:20000&filter[PriceFrom]=4000&filter[PriceTo]=20000&filter[addCategory]=50&filter[addCatering]=0&filter[addMisc]=0&filter[addTransport]=F&filter[fp]=1&order_by=ofr_price&filter[tourOperator]=0&filter[childAge][1]=20201210","https://fly.pl/cdn/photo/assets/uploads/582/278/2020/01/Kusadasi-Golf-Spa-Resort-fly-pl.jpg","https://fly.pl/wycieczka/turcja,kusadasi,c/kusadasi-golf-spa-resort-11/pwnnG0QG2yO_rLWAQcZLQGAAogeOUMh-ARflm8aJ1bx9_sPNEzePA6K1TdX_ACAFXiuCcqBFJOQlcwrqes1AZIwm1QQVjAAmACagRCd2NhahcyOTYsMzgwLDQ3Nyw0ODMsNDg0LDQ4NWobNDAyLDQwMyw0MDYsNDE3LDQ3Myw0OTcsNDk5cjifAZ4BlAEVDlgBFwAKnAFArAYRuT8Z_RdS7hVTABDnWkumd2EAD4emQR0xIOrikAkNAAIMYwEDC3y2QW0/ofertasv/?filter[tourOperator]=RNBW&filter%5Bperson%5D=2&filter%5BchildAge%5D%5B1%5D=20201210&filter%5Bchild%5D=1","filter_turkey_13_16_days","turcja","kusadasi","c","2026-09-06","2026-09-21","16","14","Warszawa","2+1","turcja|kusadasi|2026-09-06|2026-09-21|14|Warszawa|2+1"
"Seher Resort & Spa","14090.0","24.08.2026 - 06.09.2026","14 dni/13 nocy","3.9","3.9","1096","tripadvisor","Warszawa","2026-08-23T15:37:14.406197+00:00","https://fly.pl/oferta/turcja-wczasy/?filter[dest]=39:&filter[hotelids]=&filter[cityids]=&filter[cregids]=&filter[ofrType]=&filter[addObjType]=H&filter[whenFrom]=23-08-2026&filter[whenTo]=22-09-2026&filter[duration]=13:16&filter[from]=Warszawa,Warszawa%20-%20Radom&filter[person]=2&filter[child]=1&filter[price]=4000:20000&filter[PriceFrom]=4000&filter[PriceTo]=20000&filter[addCategory]=50&filter[addCatering]=0&filter[addMisc]=0&filter[addTransport]=F&filter[fp]=1&order_by=ofr_price&filter[tourOperator]=0&filter[childAge][1]=20201210","https://fly.pl/cdn/photo/assets/uploads/582/278/2014/09/Seher-Resort-Spa.jpg","https://fly.pl/wycieczka/turcja,side,colakli/seher-resort/pEYywhC_HVGYY8lvzgFzqHAAogXcx53dq0yLSla8xW35tcgf4pD51008FgSw5Ucb3OO6IqBE9SRVgwrqes1AZIim5QQVgIYAJqBldILjIuMXI2mwFcChUDFwBYAlYCEYwCQL4ET9tAXSRSqydTAF6WlAFh7UNLAEzljDog6_uXCQ0AAhJjAQIGY46ZtA/ofertasv/?filter[tourOperator]=OREX&filter%5Bperson%5D=2&filter%5BchildAge%5D%5B1%5D=20201210&filter%5Bchild%5D=1","filter_turkey_13_16_days","turcja","side","colakli","2026-08-24","2026-09-06","14","13","Warszawa","2+1","turcja|side|2026-08-24|2026-09-06|13|Warszawa|2+1"
"Crystal Paraiso Aqua Collection","14157.0","29.08.2026 - 12.09.2026","15 dni/14 nocy","4.3","4.3","2909","tripadvisor","Warszawa","2026-08-23T15:37:14.406197+00:00","https://fly.pl/oferta/turcja-wczasy/?filter[dest]=39:&filter[hotelids]=&filter[cityids]=&filter[cregids]=&filter[ofrType]=&filter[addObjType]=H&filter[whenFrom]=23-08-2026&filter[whenTo]=22-09-2026&filter[duration]=13:16&filter[from]=Warszawa,Warszawa%20-%20Radom&filter[person]=2&filter[child]=1&filter[price]=4000:20000&filter[PriceFrom]=4000&filter[PriceTo]=20000&filter[addCategory]=50&filter[addCatering]=0&filter[addMisc]=0&filter[addTransport]=F&filter[fp]=1&order_by=ofr_price&filter[tourOperator]=0&filter[childAge][1]=20201210","https://fly.pl/cdn/photo/assets/uploads/582/278/2016/11/Crystal-Paraiso-Verde-Resort.jpg","https://fly.pl/wycieczka/turcja,belek,bogazkent/crystal-paraiso-verde-resort/phGhO5fk7A82y6Q4lZkFp8AAogs29tvjP4rgCmEMGeL3S8thleql_vgBzW78-3GSKx6FwqBFZJVFgwrqes1AZIzW5QQViAAWACcj8aAFwKFQQXAFgBQI8DU-drUgBb2BdevnxL7UNhAEyHoTwgzueVCQ0AUbSr7u1YT5LNN12U5aaBrQECDGMBAgtAxkdR/ofertasv/?filter[tourOperator]=VITX&filter%5Bperson%5D=2&filter%5BchildAge%5D%5B1%5D=20201210&filter%5Bchild%5D=1","filter_turkey_13_16_days","turcja","belek","bogazkent","2026-08-29","2026-09-12","15","14","Warszawa","2+1","turcja|belek|2026-08-29|2026-09-12|14|Warszawa|2+1"
"Club Nena (Side)","14183.0","26.08.2026 - 09.09.2026","15 dni/14 nocy","3.8","3.8","1265","tripadvisor","Warszawa","2026-08-23T15:37:14.406197+00:00","https://fly.pl/oferta/turcja-wczasy/?filter[dest]=39:&filter[hotelids]=&filter[cityids]=&filter[cregids]=&filter[ofrType]=&filter[addObjType]=H&filter[whenFrom]=23-08-2026&filter[whenTo]=22-09-2026&filter[duration]=13:16&filter[from]=Warszawa,Warszawa%20-%20Radom&filter[person]=2&filter[child]=1&filter[price]=4000:20000&filter[PriceFrom]=4000&filter[PriceTo]=20000&filter[addCategory]=50&filter[addCatering]=0&filter[addMisc]=0&filter[addTransport]=F&filter[fp]=1&order_by=ofr_price&filter[tourOperator]=0&filter[childAge][1]=20201210","https://fly.pl/cdn/photo/assets/uploads/582/278/2016/11/Club-Nena-fly-pl.jpg","https://fly.pl/wycieczka/turcja,side,kizilagac/club-nena/p_9oJQAJnROTg2nLuHW35WAAog9gckiTI4udcWAtFHjqnCldL3VM8YdE5qyzfSfFucqkUqBEVDQ1gwrqes1AZI525QAVg4YAJqAkFJciAcEc5PuQTk_BWrBGQY6ZUqG6ihQgGMnOThAQIAYwECCKDavtg/ofertasv/?filter[tourOperator]=ECCX&filter%5Bperson%5D=2&filter%5BchildAge%5D%5B1%5D=20201210&filter%5Bchild%5D=1","filter_turkey_13_16_days","turcja","side","kizilagac","2026-08-26","2026-09-09","15","14","Warszawa","2+1","turcja|side|2026-08-26|2026-09-09|14|Warszawa|2+1"
"Raxeria (Side)","14184.0","08.09.2026 - 21.09.2026","14 dni/13 nocy","","","","","Warszawa","2026-08-23T15:37:14.406197+00:00","https://fly.pl/oferta/turcja-wczasy/?filter[dest]=39:&filter[hotelids]=&filter[cityids]=&filter[cregids]=&filter[ofrType]=&filter[addObjType]=H&filter[whenFrom]=23-08-2026&filter[whenTo]=22-09-2026&filter[duration]=13:16&filter[from]=Warszawa,Warszawa%20-%20Radom&filter[person]=2&filter[child]=1&filter[price]=4000:20000&filter[PriceFrom]=4000&filter[PriceTo]=20000&filter[addCategory]=50&filter[addCatering]=0&filter[addMisc]=0&filter[addTransport]=F&filter[fp]=1&order_by=ofr_price&filter[tourOperator]=0&filter[childAge][1]=20201210","https://datacfstatic.merlinx.pl/OREX/IMG/7209/c1e094227ff7ef51a61f2d414108dc6691305af479bc63eecbb8ada619563c5a.webp","https://fly.pl/wycieczka/turcja,side,kizilot/raxeria-11/pRWxRaQ6hlOHgV8zf_h4jZAAogK0nyvtTvWLu1zdeit4uLAYRXb0S2CkfY7MNA9xXe7tgqBE9SRVgwrqes1AZI6G5QQVjwAmACagZKRS4yLjFyNpsBXAoVAxcAWAJWAkDKBhHOMU-ND10kUqsnUwBelpQBYe1DSwBM5Yw6IL_8lwkNAAISYwECDKUBm5k/ofertasv/?filter[tourOperator]=OREX&filter%5Bperson%5D=2&filter%5BchildAge%5D%5B1%5D=20201210&filter%5Bchild%5D=1","filter_turkey_13_16_days","turcja","side","kizilot","2026-09-08","2026-09-21","14","13","Warszawa","2+1","turcja|side|2026-09-08|2026-09-21|13|Warszawa|2+1"
"Galeri Resort","14194.0","05.09.2026 - 18.09.2026","14 dni/13 nocy","4.4","4.4","1066","tripadvisor","Warszawa","2026-08-23T15:37:14.406197+00:00","https://fly.pl/oferta/turcja-wczasy/?filter[dest]=39:&filter[hotelids]=&filter[cityids]=&filter[cregids]=&filter[ofrType]=&filter[addObjType]=H&filter[whenFrom]=23-08-2026&filter[whenTo]=22-09-2026&filter[duration]=13:16&filter[from]=Warszawa,Warszawa%20-%20Radom&filter[person]=2&filter[child]=1&filter[price]=4000:20000&filter[PriceFrom]=4000&filter[PriceTo]=20000&filter[addCategory]=50&filter[addCatering]=0&filter[addMisc]=0&filter[addTransport]=F&filter[fp]=1&order_by=ofr_price&filter[tourOperator]=0&filter[childAge][1]=20201210","https://fly.pl/cdn/photo/assets/uploads/582/278/2015/04/GALERI-RESORT-HOTEL.jpg","https://fly.pl/wycieczka/turcja,alanya,okurcalar/galeri-resort/pWs1HdeLfA2sQGqrkguW5gAAogMhKViZtBBfHLbcLQWL0fFQAAAAA6cQQA9m0EAA0AAQAqBFdFWlkwrqes1AZI8m5QQVioAmADah1MT1QgUG9saXNoIEFpcmxpbmVzL0VudGVyIEFpcnJDngEfABwBAgAWABcMEucDFYUFE4kCGAoUkAMR3yVPijtMAECcElDnxQFLABuENiDq3g4dxAYN7-3CCQESYwEMYwEDC95W0f0/ofertasv/?filter[tourOperator]=WEZY&filter%5Bperson%5D=2&filter%5BchildAge%5D%5B1%5D=20201210&filter%5Bchild%5D=1","filter_turkey_13_16_days","turcja","alanya","okurcalar","2026-09-05","2026-09-18","14","13","Warszawa","2+1","turcja|alanya|2026-09-05|2026-09-18|13|Warszawa|2+1"
"Selectum Colours Side","14202.0","08.09.2026 - 21.09.2026","14 dni/13 nocy","4.0","4.0","1241","tripadvisor","Warszawa","2026-08-23T15:37:14.406197+00:00","https://fly.pl/oferta/turcja-wczasy/?filter[dest]=39:&filter[hotelids]=&filter[cityids]=&filter[cregids]=&filter[ofrType]=&filter[addObjType]=H&filter[whenFrom]=23-08-2026&filter[whenTo]=22-09-2026&filter[duration]=13:16&filter[from]=Warszawa,Warszawa%20-%20Radom&filter[person]=2&filter[child]=1&filter[price]=4000:20000&filter[PriceFrom]=4000&filter[PriceTo]=20000&filter[addCategory]=50&filter[addCatering]=0&filter[addMisc]=0&filter[addTransport]=F&filter[fp]=1&order_by=ofr_price&filter[tourOperator]=0&filter[childAge][1]=20201210","https://datacfstatic.merlinx.pl/OREX/IMG/5779/7e6360396de02c5442f31d6c0d3b7fe85f7954c8ecb6c757744a46918d739685.webp","https://fly.pl/wycieczka/turcja,side,manavgat/fun-sun-life-side-14/pok14aZ5GFsJRVd70bNt57AAogt3d81pGBiPnr87_OFgtZCIRXb0S2CkfY7MNA9xXe7tgqBE9SRVgwrqes1AZI-m5QQVjwAmACagdFQkYuMi4xcjabARUNFwBYAlYCXAhAwgYRuCZPoxpdJFOrJ1IAXpaUAUvtQ2EATOWMOiC__JcJDQACEmMBAgtDCKIP/ofertasv/?filter[tourOperator]=OREX&filter%5Bperson%5D=2&filter%5BchildAge%5D%5B1%5D=20201210&filter%5Bchild%5D=1","filter_turkey_13_16_days","turcja","side","manavgat","2026-09-08","2026-09-21","14","13","Warszawa","2+1","turcja|side|2026-09-08|2026-09-21|13|Warszawa|2+1"
"Washington Resort","14357.0","29.08.2026 - 12.09.2026","15 dni/14 nocy","4.1","4.1","876","tripadvisor","Warszawa","2026-08-23T15:37:14.406197+00:00","https://fly.pl/oferta/turcja-wczasy/?filter[dest]=39:&filter[hotelids]=&filter[cityids]=&filter[cregids]=&filter[ofrType]=&filter[addObjType]=H&filter[whenFrom]=23-08-2026&filter[whenTo]=22-09-2026&filter[duration]=13:16&filter[from]=Warszawa,Warszawa%20-%20Radom&filter[person]=2&filter[child]=1&filter[price]=4000:20000&filter[PriceFrom]=4000&filter[PriceTo]=20000&filter[addCategory]=50&filter[addCatering]=0&filter[addMisc]=0&filter[addTransport]=F&filter[fp]=1&order_by=ofr_price&filter[tourOperator]=0&filter[childAge][1]=20201210","https://fly.pl/cdn/photo/assets/uploads/582/278/2015/04/Washington-Resort.jpg","https://fly.pl/wycieczka/turcja,side,kizilagac/aska-washington-resort/pECFV0TJvQQ-C_fGXpevdkAAogr7VpRmWvV-KCnRuEap7eOBleql_vgBzW78-3GSKx6FwqBFZJVFgwrqes1AZIlXBQQViAAWACcj0aAFwKFQQXAFgBQI8DU-drUgBbmBxe_ndL7UNhAEyHoTwgzueVCQ0AUc_3pe5YT3ddlOWmga0BAgxjAQIL-lAAbg/ofertasv/?filter[tourOperator]=VITX&filter%5Bperson%5D=2&filter%5BchildAge%5D%5B1%5D=20201210&filter%5Bchild%5D=1","filter_turkey_13_16_days","turcja","side","kizilagac","2026-08-29","2026-09-12","15","14","Warszawa","2+1","turcja|side|2026-08-29|2026-09-12|14|Warszawa|2+1"
"Sensitive Premium Resort & Spa","14357.0","26.08.2026 - 09.09.2026","15 dni/14 nocy","3.8","3.8","1367","tripadvisor","Warszawa","2026-08-23T15:37:14.406197+00:00","https://fly.pl/oferta/turcja-wczasy/?filter[dest]=39:&filter[hotelids]=&filter[cityids]=&filter[cregids]=&filter[ofrType]=&filter[addObjType]=H&filter[whenFrom]=23-08-2026&filter[whenTo]=22-09-2026&filter[duration]=13:16&filter[from]=Warszawa,Warszawa%20-%20Radom&filter[person]=2&filter[child]=1&filter[price]=4000:20000&filter[PriceFrom]=4000&filter[PriceTo]=20000&filter[addCategory]=50&filter[addCatering]=0&filter[addMisc]=0&filter[addTransport]=F&filter[fp]=1&order_by=ofr_price&filter[tourOperator]=0&filter[childAge][1]=20201210","https://fly.pl/cdn/photo/assets/uploads/582/278/2016/04/Sensitive-Premium-Resort-Spa-fly-pl-2.jpg","https://fly.pl/wycieczka/turcja,belek,bogazkent/sensitive-premium-resort-spa/pn7hjIMAreNB5_375b5a3uAAogxl5bCc9I4kLhCC_yS860BdE9XKY2U4OiWKIw7pnyKDQqBFZJVFgwrqes1AZIlXBQQVg4YAJyPxoAXAoVBBcAWAFAjwNT52tSAFvYF16-fEvtQ2EATMi0OSCK1JgJDQBR3uya7lhP6YsLXZTlpoGtAQIMYwECC1JmdZo/ofertasv/?filter[tourOperator]=VITX&filter%5Bperson%5D=2&filter%5BchildAge%5D%5B1%5D=20201210&filter%5Bchild%5D=1","filter_turkey_13_16_days","turcja","belek","bogazkent","2026-08-26","2026-09-09","15","14","Warszawa","2+1","turcja|belek|2026-08-26|2026-09-09|14|Warszawa|2+1"
"Asteria Ephesus Kusadasi","14436.0","02.09.2026 - 16.09.2026","15 dni/14 nocy","4.0","4.0","2599","tripadvisor","Warszawa","2026-08-23T15:37:14.406197+00:00","https://fly.pl/oferta/turcja-wczasy/?filter[dest]=39:&filter[hotelids]=&filter[cityids]=&filter[cregids]=&filter[ofrType]=&filter[addObjType]=H&filter[whenFrom]=23-08-2026&filter[whenTo]=22-09-2026&filter[duration]=13:16&filter[from]=Warszawa,Warszawa%20-%20Radom&filter[person]=2&filter[child]=1&filter[price]=4000:20000&filter[PriceFrom]=4000&filter[PriceTo]=20000&filter[addCategory]=50&filter[addCatering]=0&filter[addMisc]=0&filter[addTransport]=F&filter[fp]=1&order_by=ofr_price&filter[tourOperator]=0&filter[childAge][1]=20201210","https://fly.pl/cdn/photo/assets/uploads/582/278/2015/12/Labranda-Ephesus-Princess.jpg","https://fly.pl/wycieczka/turcja,kusadasi,bayraklidede/ephesus-princess/pG1OT4Lb4TMhcK1hFLoK1kAAog-Lv4_AmyY6xluz_battTyRysn905121djc9gnSf9TGkqBE9SRVgwrqes1AZI5HBQQVjgAWACagdNT0cuMi4xcjabAVwKFQQXAFgBVgJAygYRqTJP0iJdJFKBGVMAXqCOAWHtQ0sATOWMOiC5_JcJDQACEmMBAguXRZfI/ofertasv/?filter[tourOperator]=OREX&filter%5Bperson%5D=2&filter%5BchildAge%5D%5B1%5D=20201210&filter%5Bchild%5D=1","filter_turkey_13_16_days","turcja","kusadasi","bayraklidede","2026-09-02","2026-09-16","15","14","Warszawa","2+1","turcja|kusadasi|2026-09-02|2026-09-16|14|Warszawa|2+1"
"Water Side Resort & Spa","14459.0","05.09.2026 - 18.09.2026","14 dni/13 nocy","4.0","4.0","1580","tripadvisor","Warszawa","2026-08-23T15:37:14.406197+00:00","https://fly.pl/oferta/turcja-wczasy/?filter[dest]=39:&filter[hotelids]=&filter[cityids]=&filter[cregids]=&filter[ofrType]=&filter[addObjType]=H&filter[whenFrom]=23-08-2026&filter[whenTo]=22-09-2026&filter[duration]=13:16&filter[from]=Warszawa,Warszawa%20-%20Radom&filter[person]=2&filter[child]=1&filter[price]=4000:20000&filter[PriceFrom]=4000&filter[PriceTo]=20000&filter[addCategory]=50&filter[addCatering]=0&filter[addMisc]=0&filter[addTransport]=F&filter[fp]=1&order_by=ofr_price&filter[tourOperator]=0&filter[childAge][1]=20201210","https://fly.pl/cdn/photo/assets/uploads/582/278/2015/04/Water-Side-Resort-Spa.jpg","https://fly.pl/wycieczka/turcja,side,c/water-side-resort-spa/p8uVyn9R8asORBtqFM72gzAAogY9URea445hNRTg_9C6GoFwAAAAA6cQQA9m0EAA0AAAAqBFdFWlkwrqes1AZI-3BQQVioAmADah1MT1QgUG9saXNoIEFpcmxpbmVzL0VudGVyIEFpcnJEngEfABwBAgAWABcMEucDFYUFE4kCGAoUkAMRkFRP2QxMAECcElDnxQFLABuQkgMg3oIMHcQGDe_twgkBEmMBDWMBAwxLrnB6/ofertasv/?filter[tourOperator]=WEZY&filter%5Bperson%5D=2&filter%5BchildAge%5D%5B1%5D=20201210&filter%5Bchild%5D=1","filter_turkey_13_16_days","turcja","side","c","2026-09-05","2026-09-18","14","13","Warszawa","2+1","turcja|side|2026-09-05|2026-09-18|13|Warszawa|2+1"
"Aydinbey Gold Dreams","14554.0","05.09.2026 - 19.09.2026","15 dni/14 nocy","4.3","4.3","1770","tripadvisor","Warszawa","2026-08-23T15:37:14.406197+00:00","https://fly.pl/oferta/turcja-wczasy/?filter[dest]=39:&filter[hotelids]=&filter[cityids]=&filter[cregids]=&filter[ofrType]=&filter[addObjType]=H&filter[whenFrom]=23-08-2026&filter[whenTo]=22-09-2026&filter[duration]=13:16&filter[from]=Warszawa,Warszawa%20-%20Radom&filter[person]=2&filter[child]=1&filter[price]=4000:20000&filter[PriceFrom]=4000&filter[PriceTo]=20000&filter[addCategory]=50&filter[addCatering]=0&filter[addMisc]=0&filter[addTransport]=F&filter[fp]=1&order_by=ofr_price&filter[tourOperator]=0&filter[childAge][1]=20201210","https://fly.pl/cdn/photo/assets/uploads/582/278/2014/09/Aydinbey-Gold-Dreams.jpg","https://fly.pl/wycieczka/turcja,alanya,turkler/aydinbey-gold-dreams/puypsTOMftcJgwoL-yvbi5AAog5tPC6FQONEAVETRM08GbyVqgFapzyws-iSDqUWdhuTQqBFJOQlcwrqes1AZI2nFQQVioAmACagRDQWdRahcyOTYsMzgwLDQ3Nyw0ODMsNDg0LDQ4NWobNDAyLDQwMyw0MDYsNDE3LDQ3Myw0OTcsNDk5cjifAZ4BlAEVDhcAWAEKFkCyBxGkLRmWKlL0D1MAENUPS67IAWEAHZqVQQ8vINjzkAkNAAINYwECDBZoVfo/ofertasv/?filter[tourOperator]=RNBW&filter%5Bperson%5D=2&filter%5BchildAge%5D%5B1%5D=20201210&filter%5Bchild%5D=1","filter_turkey_13_16_days","turcja","alanya","turkler","2026-09-05","2026-09-19","15","14","Warszawa","2+1","turcja|alanya|2026-09-05|2026-09-19|14|Warszawa|2+1"
"Mandarin Resort (Bodrum)","14555.0","06.09.2026 - 21.09.2026","16 dni/14 nocy","3.6","3.6","855","tripadvisor","Warszawa","2026-08-23T15:37:14.406197+00:00","https://fly.pl/oferta/turcja-wczasy/?filter[dest]=39:&filter[hotelids]=&filter[cityids]=&filter[cregids]=&filter[ofrType]=&filter[addObjType]=H&filter[whenFrom]=23-08-2026&filter[whenTo]=22-09-2026&filter[duration]=13:16&filter[from]=Warszawa,Warszawa%20-%20Radom&filter[person]=2&filter[child]=1&filter[price]=4000:20000&filter[PriceFrom]=4000&filter[PriceTo]=20000&filter[addCategory]=50&filter[addCatering]=0&filter[addMisc]=0&filter[addTransport]=F&filter[fp]=1&order_by=ofr_price&filter[tourOperator]=0&filter[childAge][1]=20201210","https://fly.pl/cdn/photo/assets/uploads/582/278/2015/04/Mandarin2.jpg","https://fly.pl/wycieczka/turcja,bodrum,c/mandarin-resort-bodrum/pdZMLo0gM4OLZRRFRoxCgMAAogT0rVWi824jEBaWZKKpqCc9EzePA6K1TdX_ACAFXiuCcqBFJOQlcwrqes1AZI23FQQVjAAmACagRDQWdKahcyOTYsMzgwLDQ3Nyw0ODMsNDg0LDQ4NWobNDAyLDQwMyw0MDYsNDE3LDQ3Myw0OTcsNDk5cjifAZ4BlAEVDlgBFwAKGECwBxGMHhCcIxmOFlLuFVMAS43SAWEAD4emQR0xIOrikAkNAAINYwECBktmi2U/ofertasv/?filter[tourOperator]=RNBW&filter%5Bperson%5D=2&filter%5BchildAge%5D%5B1%5D=20201210&filter%5Bchild%5D=1","filter_turkey_13_16_days","turcja","bodrum","c","2026-09-06","2026-09-21","16","14","Warszawa","2+1","turcja|bodrum|2026-09-06|2026-09-21|14|Warszawa|2+1"
"Jadore Deluxe","14557.0","29.08.2026 - 12.09.2026","15 dni/14 nocy","4.0","4.0","1808","tripadvisor","Warszawa","2026-08-23T15:37:14.406197+00:00","https://fly.pl/oferta/turcja-wczasy/?filter[dest]=39:&filter[hotelids]=&filter[cityids]=&filter[cregids]=&filter[ofrType]=&filter[addObjType]=H&filter[whenFrom]=23-08-2026&filter[whenTo]=22-09-2026&filter[duration]=13:16&filter[from]=Warszawa,Warszawa%20-%20Radom&filter[person]=2&filter[child]=1&filter[price]=4000:20000&filter[PriceFrom]=4000&filter[PriceTo]=20000&filter[addCategory]=50&filter[addCatering]=0&filter[addMisc]=0&filter[addTransport]=F&filter[fp]=1&order_by=ofr_price&filter[tourOperator]=0&filter[childAge][1]=20201210","https://fly.pl/cdn/photo/assets/uploads/582/278/2015/10/Jadore-Deluxe.jpg","https://fly.pl/wycieczka/turcja,side,c/jadore-deluxe-hotel-spa/pCiv2iSuxpkk6XvZmyUtCbAAog2vB5VVDCY7uXdqgtTbQDvhleql_vgBzW78-3GSKx6FwqBFZJVFgwrqes1AZI3XFQQViAAWACcj8aAFwKFQQXAFgBQI8DU-drUgBbsBle5npL7UNhAEyHoTwgzueVCQ0AUe_wgO5YT9eHJV2U5aaBrQECDGMBAguzIG-6/ofertasv/?filter[tourOperator]=VITX&filter%5Bperson%5D=2&filter%5BchildAge%5D%5B1%5D=20201210&filter%5Bchild%5D=1","filter_turkey_13_16_days","turcja","side","c","2026-08-29","2026-09-12","15","14","Warszawa","2+1","turcja|side|2026-08-29|2026-09-12|14|Warszawa|2+1"
"Crystal Aura Aqua Collection","14557.0","29.08.2026 - 12.09.2026","15 dni/14 nocy","4.4","4.4","2713","tripadvisor","Warszawa","2026-08-23T15:37:14.406197+00:00","https://fly.pl/oferta/turcja-wczasy/?filter[dest]=39:&filter[hotelids]=&filter[cityids]=&filter[cregids]=&filter[ofrType]=&filter[addObjType]=H&filter[whenFrom]=23-08-2026&filter[whenTo]=22-09-2026&filter[duration]=13:16&filter[from]=Warszawa,Warszawa%20-%20Radom&filter[person]=2&filter[child]=1&filter[price]=4000:20000&filter[PriceFrom]=4000&filter[PriceTo]=20000&filter[addCategory]=50&filter[addCatering]=0&filter[addMisc]=0&filter[addTransport]=F&filter[fp]=1&order_by=ofr_price&filter[tourOperator]=0&filter[childAge][1]=20201210","https://fly.pl/cdn/photo/assets/uploads/582/278/2014/10/Crystal-Aura-Beach-Resort-fly-pl.jpg","https://fly.pl/wycieczka/turcja,kemer,c/crystal-aura-beach-resort/pTfCAEK31hCOWp8C4ao7wNAAogXLvwdwRItV5MP_U3JGkcYRleql_vgBzW78-3GSKx6FwqBFZJVFgwrqes1AZI3XFQQViAAWACcj8aAFwKFQQXAFgBQI8DU-drUgBb2BdevnxL7UNhAEyHoTwgzueVCQ0AUaWr7u1YT6HNN12U5aaBrQECDGMBAgvBtyBz/ofertasv/?filter[tourOperator]=VITX&filter%5Bperson%5D=2&filter%5BchildAge%5D%5B1%5D=20201210&filter%5Bchild%5D=1","filter_turkey_13_16_days","turcja","kemer","c","2026-08-29","2026-09-12","15","14","Warszawa","2+1","turcja|kemer|2026-08-29|2026-09-12|14|Warszawa|2+1"
"Orange County Alanya","14589.0","08.09.2026 - 21.09.2026","14 dni/13 nocy","3.8","3.8","2425","tripadvisor","Warszawa","2026-08-23T15:37:14.406197+00:00","https://fly.pl/oferta/turcja-wczasy/?filter[dest]=39:&filter[hotelids]=&filter[cityids]=&filter[cregids]=&filter[ofrType]=&filter[addObjType]=H&filter[whenFrom]=23-08-2026&filter[whenTo]=22-09-2026&filter[duration]=13:16&filter[from]=Warszawa,Warszawa%20-%20Radom&filter[person]=2&filter[child]=1&filter[price]=4000:20000&filter[PriceFrom]=4000&filter[PriceTo]=20000&filter[addCategory]=50&filter[addCatering]=0&filter[addMisc]=0&filter[addTransport]=F&filter[fp]=1&order_by=ofr_price&filter[tourOperator]=0&filter[childAge][1]=20201210","https://fly.pl/cdn/photo/assets/uploads/582/278/2015/12/Orange-County-Resort-Alanya.jpg","https://fly.pl/wycieczka/turcja,alanya,okurcalar/orange-county-resort-alanya/pu-Ic2Xmm-8PKz8XuHE5CvAAogjiSNmMGHhemMyDwNJFDmHIRXb0S2CkfY7MNA9xXe7tgqBE9SRVgwrqes1AZI_XFQQVjwAmACagdMNjIuMi4xcjabARUNFwBYAlYCXAgR2wJA5wNP20BdJFOrJ1IAXpaUAUvtQ2EATOWMOiC__JcJDQACEmMBAgub93mi/ofertasv/?filter[tourOperator]=OREX&filter%5Bperson%5D=2&filter%5BchildAge%5D%5B1%5D=20201210&filter%5Bchild%5D=1","filter_turkey_13_16_days","turcja","alanya","okurcalar","2026-09-08","2026-09-21","14","13","Warszawa","2+1","turcja|alanya|2026-09-08|2026-09-21|13|Warszawa|2+1"
"Innvista Belek (ex. Vera Verde)","14612.0","09.09.2026 - 22.09.2026","14 dni/13 nocy","4.5","4.5","2897","tripadvisor","Warszawa","2026-08-23T15:37:14.406197+00:00","https://fly.pl/oferta/turcja-wczasy/?filter[dest]=39:&filter[hotelids]=&filter[cityids]=&filter[cregids]=&filter[ofrType]=&filter[addObjType]=H&filter[whenFrom]=23-08-2026&filter[whenTo]=22-09-2026&filter[duration]=13:16&filter[from]=Warszawa,Warszawa%20-%20Radom&filter[person]=2&filter[child]=1&filter[price]=4000:20000&filter[PriceFrom]=4000&filter[PriceTo]=20000&filter[addCategory]=50&filter[addCatering]=0&filter[addMisc]=0&filter[addTransport]=F&filter[fp]=1&order_by=ofr_price&filter[tourOperator]=0&filter[childAge][1]=20201210","https://fly.pl/cdn/photo/assets/uploads/582/278/2014/09/Innvista-Belek-ex.-Vera-Verde-fly-pl.jpg","https://fly.pl/wycieczka/turcja,belek,c/vera-verde-ex-innova/p8jNDgCcrVCCMTqtqFibOkAAogiq95dOhzXZEWWgSHJS73LCGzm71fuxsMU5q28Om4PE0qBE9SRVgwrqes1AZIlHJQQViIA2ACagVFLjIuMXI2mwEVDRcAWAJWAlwIEc4BQPQET9tAXSRTqydSAF6WlAFL7UNhAEzljDogwPyXCQ0AAhJjAQILBHJiGw/ofertasv/?filter[tourOperator]=OREX&filter%5Bperson%5D=2&filter%5BchildAge%5D%5B1%5D=20201210&filter%5Bchild%5D=1","filter_turkey_13_16_days","turcja","belek","c","2026-09-09","2026-09-22","14","13","Warszawa","2+1","turcja|belek|2026-09-09|2026-09-22|13|Warszawa|2+1"
"Seher Sun Palace Resort & Spa","14620.0","29.08.2026 - 11.09.2026","14 dni/13 nocy","4.3","4.3","1429","tripadvisor","Warszawa","2026-08-23T15:37:14.406197+00:00","https://fly.pl/oferta/turcja-wczasy/?filter[dest]=39:&filter[hotelids]=&filter[cityids]=&filter[cregids]=&filter[ofrType]=&filter[addObjType]=H&filter[whenFrom]=23-08-2026&filter[whenTo]=22-09-2026&filter[duration]=13:16&filter[from]=Warszawa,Warszawa%20-%20Radom&filter[person]=2&filter[child]=1&filter[price]=4000:20000&filter[PriceFrom]=4000&filter[PriceTo]=20000&filter[addCategory]=50&filter[addCatering]=0&filter[addMisc]=0&filter[addTransport]=F&filter[fp]=1&order_by=ofr_price&filter[tourOperator]=0&filter[childAge][1]=20201210","https://fly.pl/cdn/photo/assets/uploads/582/278/2014/09/Seher-Sun-Palace.jpg","https://fly.pl/wycieczka/turcja,side,colakli/seher-sun-palace-resort-spa/p5jMtK1EylLmbBBnoX1qVoAAog8pyJ7BZesoS3LNRQ6bfkASoNWmvQEEHUw3gEnJaiGJ0qBEJWQkUwrqes1AZInHJQAViAAWACagJBSXIhHBGU2QEbjYY_GKvLE7kEuJklqwQTAYmjvLADAgBjAQMGb4JEQw/ofertasv/?filter[tourOperator]=BVBE&filter%5Bperson%5D=2&filter%5BchildAge%5D%5B1%5D=20201210&filter%5Bchild%5D=1","filter_turkey_13_16_days","turcja","side","colakli","2026-08-29","2026-09-11","14","13","Warszawa","2+1","turcja|side|2026-08-29|2026-09-11|13|Warszawa|2+1"
"Justiniano Deluxe Resort","14646.0","05.09.2026 - 18.09.2026","14 dni/13 nocy","4.0","4.0","618","tripadvisor","Warszawa","2026-08-23T15:37:14.406197+00:00","https://fly.pl/oferta/turcja-wczasy/?filter[dest]=39:&filter[hotelids]=&filter[cityids]=&filter[cregids]=&filter[ofrType]=&filter[addObjType]=H&filter[whenFrom]=23-08-2026&filter[whenTo]=22-09-2026&filter[duration]=13:16&filter[from]=Warszawa,Warszawa%20-%20Radom&filter[person]=2&filter[child]=1&filter[price]=4000:20000&filter[PriceFrom]=4000&filter[PriceTo]=20000&filter[addCategory]=50&filter[addCatering]=0&filter[addMisc]=0&filter[addTransport]=F&filter[fp]=1&order_by=ofr_price&filter[tourOperator]=0&filter[childAge][1]=20201210","https://fly.pl/cdn/photo/assets/uploads/582/278/2015/03/Justiniano-De-Luxe-Resort.jpg","https://fly.pl/wycieczka/turcja,alanya,okurcalar/justiniano-de-luxe-resort/ppJ0Eor46oB--YQq-3nBaCAAogZIlOpRZ019WIlmfxSz9ulwAAAAA6cQQA9m0EAA0ADQAqBFdFWlkwrqes1AZItnJQQVioAmADah1MT1QgUG9saXNoIEFpcmxpbmVzL0VudGVyIEFpcnJDngEfABwBAgAWABcMEucDFYUFE4kCGAoUkAMRjDJP3S5MAECcElDnxQFLABuvcCC_pA4dxAYN7-3CCQESYwEMYwECBtSCjBs/ofertasv/?filter[tourOperator]=WEZY&filter%5Bperson%5D=2&filter%5BchildAge%5D%5B1%5D=20201210&filter%5Bchild%5D=1","filter_turkey_13_16_days","turcja","alanya","okurcalar","2026-09-05","2026-09-18","14","13","Warszawa","2+1","turcja|alanya|2026-09-05|2026-09-18|13|Warszawa|2+1"
"Ozkaymak Falez","14671.0","02.09.2026 - 15.09.2026","14 dni/13 nocy","2.6","2.6","720","tripadvisor","Warszawa","2026-08-23T15:37:14.406197+00:00","https://fly.pl/oferta/turcja-wczasy/?filter[dest]=39:&filter[hotelids]=&filter[cityids]=&filter[cregids]=&filter[ofrType]=&filter[addObjType]=H&filter[whenFrom]=23-08-2026&filter[whenTo]=22-09-2026&filter[duration]=13:16&filter[from]=Warszawa,Warszawa%20-%20Radom&filter[person]=2&filter[child]=1&filter[price]=4000:20000&filter[PriceFrom]=4000&filter[PriceTo]=20000&filter[addCategory]=50&filter[addCatering]=0&filter[addMisc]=0&filter[addTransport]=F&filter[fp]=1&order_by=ofr_price&filter[tourOperator]=0&filter[childAge][1]=20201210","https://datacfstatic.merlinx.pl/JOIP/IMG/31685/e414b7d3a786f22678f4cd3d05e4a87e93f48cf04e9bee8d4185384208abf125.webp","https://fly.pl/wycieczka/turcja,alanya,c/ozkaymak-falez/pNgtitrXb8Ph_XlzpF48wJAAogD28gUGMqaKdnGbZusNdz4IxtbRoMK1STPGKCliROdUYqBEpPSVAwrqes1AZIz3JQQVjgAWACagMxMnByQpsBFAFcCRUDFwBYAlYCT5UBXQBAtQVSqmhTABHAiAFe1gtL7UNhAEzljDoNufyXCSAAAbTczKCFicycMAINYwECCTivMK4/ofertasv/?filter[tourOperator]=JOIP&filter%5Bperson%5D=2&filter%5BchildAge%5D%5B1%5D=20201210&filter%5Bchild%5D=1","filter_turkey_13_16_days","turcja","alanya","c","2026-09-02","2026-09-15","14","13","Warszawa","2+1","turcja|alanya|2026-09-02|2026-09-15|13|Warszawa|2+1"
"Justiniano Club Park Conti","14678.0","05.09.2026 - 18.09.2026","14 dni/13 nocy","4.2","4.2","1789","tripadvisor","Warszawa","2026-08-23T15:37:14.406197+00:00","https://fly.pl/oferta/turcja-wczasy/?filter[dest]=39:&filter[hotelids]=&filter[cityids]=&filter[cregids]=&filter[ofrType]=&filter[addObjType]=H&filter[whenFrom]=23-08-2026&filter[whenTo]=22-09-2026&filter[duration]=13:16&filter[from]=Warszawa,Warszawa%20-%20Radom&filter[person]=2&filter[child]=1&filter[price]=4000:20000&filter[PriceFrom]=4000&filter[PriceTo]=20000&filter[addCategory]=50&filter[addCatering]=0&filter[addMisc]=0&filter[addTransport]=F&filter[fp]=1&order_by=ofr_price&filter[tourOperator]=0&filter[childAge][1]=20201210","https://fly.pl/cdn/photo/assets/uploads/582/278/2014/10/Justiniano-Club-Park-Conti.jpg","https://fly.pl/wycieczka/turcja,alanya,okurcalar/justiniano-club-park-conti/peFxbhKV57Y7ddoHtT21X8AAogEDo1FVxZ3kAXrcat8RfHrgAAAAA6cQQA9m0EAA0AAQAqBFdFWlkwr6es1AZI1nJQQVioAmADah1MT1QgUG9saXNoIEFpcmxpbmVzL0VudGVyIEFpcnJDngEfABwBAgAWABcMEucDEfkBFYwDE4kCGAoUkANP6WBMAECcElDnxQFLABvGNyCo3Q4dxAYN7-3CCQESYwEMYwECBkwyA4k/ofertasv/?filter[tourOperator]=WEZY&filter%5Bperson%5D=2&filter%5BchildAge%5D%5B1%5D=20201210&filter%5Bchild%5D=1","filter_turkey_13_16_days","turcja","alanya","okurcalar","2026-09-05","2026-09-18","14","13","Warszawa","2+1","turcja|alanya|2026-09-05|2026-09-18|13|Warszawa|2+1"
"Andriake Beach Club","14697.0","31.08.2026 - 13.09.2026","14 dni/13 nocy","4.3","4.3","739","tripadvisor","Warszawa","2026-08-23T15:37:14.406197+00:00","https://fly.pl/oferta/turcja-wczasy/?filter[dest]=39:&filter[hotelids]=&filter[cityids]=&filter[cregids]=&filter[ofrType]=&filter[addObjType]=H&filter[whenFrom]=23-08-2026&filter[whenTo]=22-09-2026&filter[duration]=13:16&filter[from]=Warszawa,Warszawa%20-%20Radom&filter[person]=2&filter[child]=1&filter[price]=4000:20000&filter[PriceFrom]=4000&filter[PriceTo]=20000&filter[addCategory]=50&filter[addCatering]=0&filter[addMisc]=0&filter[addTransport]=F&filter[fp]=1&order_by=ofr_price&filter[tourOperator]=0&filter[childAge][1]=20201210","https://fly.pl/cdn/photo/assets/uploads/582/278/2019/09/Andriake-Beach-Club-fly-pl-2.jpg","https://fly.pl/wycieczka/turcja,alanya,c/andriake-beach-club-14/pgcdFQivQDWvCWDf9kUvN0AAoggcQtJgexscYqmavpUZORrvO6792qXr7vIATd4bqVIfYqBE9SRVgwr6es1AZI6XJQQViwAWACagdHWk4uMi4xcjabAVwKFQMXAFgCVgJAygYRyzFPkA9dJFKrJ1MAXpaUAWHtQ0sATOWMOiDy-5cJDQACEmMBAgZd9ZbR/ofertasv/?filter[tourOperator]=OREX&filter%5Bperson%5D=2&filter%5BchildAge%5D%5B1%5D=20201210&filter%5Bchild%5D=1","filter_turkey_13_16_days","turcja","alanya","c","2026-08-31","2026-09-13","14","13","Warszawa","2+1","turcja|alanya|2026-08-31|2026-09-13|13|Warszawa|2+1"
"Armas Life Belek","14706.0","01.09.2026 - 14.09.2026","14 dni/13 nocy","4.4","4.4","2009","tripadvisor","Warszawa","2026-08-23T15:37:14.406197+00:00","https://fly.pl/oferta/turcja-wczasy/?filter[dest]=39:&filter[hotelids]=&filter[cityids]=&filter[cregids]=&filter[ofrType]=&filter[addObjType]=H&filter[whenFrom]=23-08-2026&filter[whenTo]=22-09-2026&filter[duration]=13:16&filter[from]=Warszawa,Warszawa%20-%20Radom&filter[person]=2&filter[child]=1&filter[price]=4000:20000&filter[PriceFrom]=4000&filter[PriceTo]=20000&filter[addCategory]=50&filter[addCatering]=0&filter[addMisc]=0&filter[addTransport]=F&filter[fp]=1&order_by=ofr_price&filter[tourOperator]=0&filter[childAge][1]=20201210","https://datacfstatic.merlinx.pl/OREX/IMG/5771/00ca85648381dbf274d7a506f07e272f512a3bc9b3c30afc7a9406dd7210cc72.webp","https://fly.pl/wycieczka/turcja,belek,bogazkent/tui-day-night-connected-club-life-belek/ptrggwXlqaj8b9Iy03hyySAAog0Vf0Qjf2M4KMSAC5CQz3BmH-9WFY2kVMCzoTvlM5mjwqBE9SRVgwr6es1AZI8nJQQVjIAWACagdKTE0uMi4xcjabARUNFwBYAlYCXAhAwgYRsCZPqxpdJFOrJ1IAXpaUAUvtQ2EATOWMOiC4_JcJDQACEmMBAgsgd9le/ofertasv/?filter[tourOperator]=OREX&filter%5Bperson%5D=2&filter%5BchildAge%5D%5B1%5D=20201210&filter%5Bchild%5D=1","filter_turkey_13_16_days","turcja","belek","bogazkent","2026-09-01","2026-09-14","14","13","Warszawa","2+1","turcja|belek|2026-09-01|2026-09-14|13|Warszawa|2+1"
"Alarcha","14757.0","26.08.2026 - 09.09.2026","15 dni/14 nocy","4.2","4.2","708","tripadvisor","Warszawa","2026-08-23T15:37:14.406197+00:00","https://fly.pl/oferta/turcja-wczasy/?filter[dest]=39:&filter[hotelids]=&filter[cityids]=&filter[cregids]=&filter[ofrType]=&filter[addObjType]=H&filter[whenFrom]=23-08-2026&filter[whenTo]=22-09-2026&filter[duration]=13:16&filter[from]=Warszawa,Warszawa%20-%20Radom&filter[person]=2&filter[child]=1&filter[price]=4000:20000&filter[PriceFrom]=4000&filter[PriceTo]=20000&filter[addCategory]=50&filter[addCatering]=0&filter[addMisc]=0&filter[addTransport]=F&filter[fp]=1&order_by=ofr_price&filter[tourOperator]=0&filter[childAge][1]=20201210","https://fly.pl/cdn/photo/assets/uploads/582/278/2022/03/Alarcha-fly-pl.jpg","https://fly.pl/wycieczka/turcja,side,manavgat/alarcha-13/pPAsNNgFxDxXISn6KX2Q_DAAogyKntwnOik75VNkc0g2ttj9E9XKY2U4OiWKIw7pnyKDQqBFZJVFgwr6es1AZIpXNQQVg4YAJyPxoAXAoVBBcAWAFAjwNT52tSAFuYHF7-d0vtQ2EATMi0OSCK1JgJDQBRt4_o7VhPkOk9XZTlpoGtAQIMYwECC8LUSbU/ofertasv/?filter[tourOperator]=VITX&filter%5Bperson%5D=2&filter%5BchildAge%5D%5B1%5D=20201210&filter%5Bchild%5D=1","filter_turkey_13_16_days","turcja","side","manavgat","2026-08-26","2026-09-09","15","14","Warszawa","2+1","turcja|side|2026-08-26|2026-09-09|14|Warszawa|2+1"
"M. C. Arancia Resort","14817.0","26.08.2026 - 09.09.2026","15 dni/14 nocy","3.7","3.7","2773","tripadvisor","Warszawa - Radom","2026-08-23T15:37:14.406197+00:00","https://fly.pl/oferta/turcja-wczasy/?filter[dest]=39:&filter[hotelids]=&filter[cityids]=&filter[cregids]=&filter[ofrType]=&filter[addObjType]=H&filter[whenFrom]=23-08-2026&filter[whenTo]=22-09-2026&filter[duration]=13:16&filter[from]=Warszawa,Warszawa%20-%20Radom&filter[person]=2&filter[child]=1&filter[price]=4000:20000&filter[PriceFrom]=4000&filter[PriceTo]=20000&filter[addCategory]=50&filter[addCatering]=0&filter[addMisc]=0&filter[addTransport]=F&filter[fp]=1&order_by=ofr_price&filter[tourOperator]=0&filter[childAge][1]=20201210","https://fly.pl/cdn/photo/assets/uploads/582/278/2015/04/M.-C.-Arancia-Resort-fly-pl.jpg","https://fly.pl/wycieczka/turcja,alanya,konakli/m-c-arancia-resort/pZeXKQr0vxGi1CeyE5PAQbAAogK7mdbYPxKLwLgrtcVFjl-AAAAADnagQA-2oEAA4AAAAqBFdFWlkwr6es1AZI4XNQQVg4YANqCUVudGVyIEFpcnJBngEfABwBAgAWABcNEt4DESAVzQgY5gETPBSQA0_6XEwAQJwSUPuTAUsAG41jHb7dDiAUDd_5wgkBEmMBDGMBAwtkkg4B/ofertasv/?filter[tourOperator]=WEZY&filter%5Bperson%5D=2&filter%5BchildAge%5D%5B1%5D=20201210&filter%5Bchild%5D=1","filter_turkey_13_16_days","turcja","alanya","konakli","2026-08-26","2026-09-09","15","14","Warszawa - Radom","2+1","turcja|alanya|2026-08-26|2026-09-09|14|Warszawa - Radom|2+1"
"Lucida Beach (ex.Novia Lucida)","14864.0","09.09.2026 - 22.09.2026","14 dni/13 nocy","4.1","4.1","647","tripadvisor","Warszawa","2026-08-23T15:37:14.406197+00:00","https://fly.pl/oferta/turcja-wczasy/?filter[dest]=39:&filter[hotelids]=&filter[cityids]=&filter[cregids]=&filter[ofrType]=&filter[addObjType]=H&filter[whenFrom]=23-08-2026&filter[whenTo]=22-09-2026&filter[duration]=13:16&filter[from]=Warszawa,Warszawa%20-%20Radom&filter[person]=2&filter[child]=1&filter[price]=4000:20000&filter[PriceFrom]=4000&filter[PriceTo]=20000&filter[addCategory]=50&filter[addCatering]=0&filter[addMisc]=0&filter[addTransport]=F&filter[fp]=1&order_by=ofr_price&filter[tourOperator]=0&filter[childAge][1]=20201210","https://fly.pl/cdn/photo/assets/uploads/582/278/2015/04/Lucida-Beach.jpg","https://fly.pl/wycieczka/turcja,kemer,c/lucida-beach/pIUGFP9G9SQ42zBiZeLiotAAogNslnYH0QaIGLIgP9PV82MCGzm71fuxsMU5q28Om4PE0qBE9SRVgwr6es1AZIkHRQQViIA2ACagZKNi4yLjFyNpsBFQ0XAFgCVgJcCEDCBhHADE-bNF0kU6snUgBelpQBS-1DYQBM5Yw6IMD8lwkNAAISYwECCynJ210/ofertasv/?filter[tourOperator]=OREX&filter%5Bperson%5D=2&filter%5BchildAge%5D%5B1%5D=20201210&filter%5Bchild%5D=1","filter_turkey_13_16_days","turcja","kemer","c","2026-09-09","2026-09-22","14","13","Warszawa","2+1","turcja|kemer|2026-09-09|2026-09-22|13|Warszawa|2+1"
"SeaLife Kemer Resort (ex. PGS Rose Residence Beach)","14897.0","31.08.2026 - 14.09.2026","15 dni/14 nocy","4.4","4.4","2078","tripadvisor","Warszawa - Radom","2026-08-23T15:37:14.406197+00:00","https://fly.pl/oferta/turcja-wczasy/?filter[dest]=39:&filter[hotelids]=&filter[cityids]=&filter[cregids]=&filter[ofrType]=&filter[addObjType]=H&filter[whenFrom]=23-08-2026&filter[whenTo]=22-09-2026&filter[duration]=13:16&filter[from]=Warszawa,Warszawa%20-%20Radom&filter[person]=2&filter[child]=1&filter[price]=4000:20000&filter[PriceFrom]=4000&filter[PriceTo]=20000&filter[addCategory]=50&filter[addCatering]=0&filter[addMisc]=0&filter[addTransport]=F&filter[fp]=1&order_by=ofr_price&filter[tourOperator]=0&filter[childAge][1]=20201210","https://fly.pl/cdn/photo/assets/uploads/582/278/2018/09/SeaLife-Kemer-Resort.jpg","https://fly.pl/wycieczka/turcja,kemer,c/rose-residence-beach/pG-EcuFLQWkA7SXaxXfvNLAAogukxJyVGDziwQRdQORbFiUpDv91Aqyjk7yEHcL2o4IA0qBFZJVFgwr6es1AZIsXRQQViwAWACcj8aAFwKFQQXAFgBQI8DU-drUgBb2BdevnxLgRJhAEyz5jkgkNSYCQ0AT5P2l-5YUevyAl3ZnNCLhQECDGMBAgYCRksU/ofertasv/?filter[tourOperator]=VITX&filter%5Bperson%5D=2&filter%5BchildAge%5D%5B1%5D=20201210&filter%5Bchild%5D=1","filter_turkey_13_16_days","turcja","kemer","c","2026-08-31","2026-09-14","15","14","Warszawa - Radom","2+1","turcja|kemer|2026-08-31|2026-09-14|14|Warszawa - Radom|2+1"
"Q Premium Resort","14957.0","29.08.2026 - 12.09.2026","15 dni/14 nocy","4.1","4.1","1634","tripadvisor","Warszawa","2026-08-23T15:37:14.406197+00:00","https://fly.pl/oferta/turcja-wczasy/?filter[dest]=39:&filter[hotelids]=&filter[cityids]=&filter[cregids]=&filter[ofrType]=&filter[addObjType]=H&filter[whenFrom]=23-08-2026&filter[whenTo]=22-09-2026&filter[duration]=13:16&filter[from]=Warszawa,Warszawa%20-%20Radom&filter[person]=2&filter[child]=1&filter[price]=4000:20000&filter[PriceFrom]=4000&filter[PriceTo]=20000&filter[addCategory]=50&filter[addCatering]=0&filter[addMisc]=0&filter[addTransport]=F&filter[fp]=1&order_by=ofr_price&filter[tourOperator]=0&filter[childAge][1]=20201210","https://fly.pl/cdn/photo/assets/uploads/582/278/2015/04/Q-Premium-Resort-Hotel.jpg","https://fly.pl/wycieczka/turcja,alanya,okurcalar/q-premium-resort/pczId2QMbkt2Spfuz8uT1MAAog7VajvV2msoSZI5Doxp_Yvxleql_vgBzW78-3GSKx6FwqBFZJVFgwr6es1AZI7XRQQViAAWACcj8aAFwKFQQXAFgBQI8DU-drUgBbmBxe_ndL7UNhAEyHoTwgzueVCQ0AUY2Elu5YT7n0D12U5aaBrQECDWMBAgwuqj6c/ofertasv/?filter[tourOperator]=VITX&filter%5Bperson%5D=2&filter%5BchildAge%5D%5B1%5D=20201210&filter%5Bchild%5D=1","filter_turkey_13_16_days","turcja","alanya","okurcalar","2026-08-29","2026-09-12","15","14","Warszawa","2+1","turcja|alanya|2026-08-29|2026-09-12|14|Warszawa|2+1"
"Grand Seker","15008.0","07.09.2026 - 20.09.2026","14 dni/13 nocy","3.8","3.8","426","tripadvisor","Warszawa","2026-08-23T15:37:14.406197+00:00","https://fly.pl/oferta/turcja-wczasy/?filter[dest]=39:&filter[hotelids]=&filter[cityids]=&filter[cregids]=&filter[ofrType]=&filter[addObjType]=H&filter[whenFrom]=23-08-2026&filter[whenTo]=22-09-2026&filter[duration]=13:16&filter[from]=Warszawa,Warszawa%20-%20Radom&filter[person]=2&filter[child]=1&filter[price]=4000:20000&filter[PriceFrom]=4000&filter[PriceTo]=20000&filter[addCategory]=50&filter[addCatering]=0&filter[addMisc]=0&filter[addTransport]=F&filter[fp]=1&order_by=ofr_price&filter[tourOperator]=0&filter[childAge][1]=20201210","https://fly.pl/cdn/photo/assets/uploads/582/278/2017/02/Grand-Seker-Hotel.jpg","https://fly.pl/wycieczka/turcja,side,colakli/grand-seker/pPytDkdxPBhwswvfogqlHHAAog9rQw4af7h5Igr7YOev42cwAAAAD9YgQAfXQEAA0AAQAqBFdFWlkwr6es1AZIoHVQQVjYAmADahxFbnRlciBBaXIvRnJlZSBCaXJkIEFpcmxpbmVzagQwNzAwagQwOTEwckOeAZUBmAEfAAIBHAAWBBcIEucDE_EEFJ8DTIFjTwBAnBIRzChLm50BUAAb87gCHYLGDCCAIw2u58IJARJjAQxjAQMLkB2BjQ/ofertasv/?filter[tourOperator]=WEZY&filter%5Bperson%5D=2&filter%5BchildAge%5D%5B1%5D=20201210&filter%5Bchild%5D=1","filter_turkey_13_16_days","turcja","side","colakli","2026-09-07","2026-09-20","14","13","Warszawa","2+1","turcja|side|2026-09-07|2026-09-20|13|Warszawa|2+1"
"Palemon Resort & Spa","15033.0","05.09.2026 - 18.09.2026","14 dni/13 nocy","","","","","Warszawa","2026-08-23T15:37:14.406197+00:00","https://fly.pl/oferta/turcja-wczasy/?filter[dest]=39:&filter[hotelids]=&filter[cityids]=&filter[cregids]=&filter[ofrType]=&filter[addObjType]=H&filter[whenFrom]=23-08-2026&filter[whenTo]=22-09-2026&filter[duration]=13:16&filter[from]=Warszawa,Warszawa%20-%20Radom&filter[person]=2&filter[child]=1&filter[price]=4000:20000&filter[PriceFrom]=4000&filter[PriceTo]=20000&filter[addCategory]=50&filter[addCatering]=0&filter[addMisc]=0&filter[addTransport]=F&filter[fp]=1&order_by=ofr_price&filter[tourOperator]=0&filter[childAge][1]=20201210","https://datacfstatic.merlinx.pl/WEZY/IMG/75846/cccb44589cc7490965acc664a5597084c6c6b69af6d5deccb3149abe92dc0513.webp","https://fly.pl/wycieczka/turcja,side,manavgat/palemon-resort-spa-14/pkb_lpOI7wdJq8WcAFbDEyAAogqiKSag23VbKYK4FKkao6LQAAAAA6cQQA9m0EAA0AAAAqBFdFWlkwr6es1AZIuXVQQVioAmADah1MT1QgUG9saXNoIEFpcmxpbmVzL0VudGVyIEFpcnJFngEfABwBAgAWABcMEucDFYUFE4kCGAoUkANM6WBPAECcElDnxQFLABG-iQIgsIsNHcQGG5X8ZA3a8d0IARJjAQxjAQILetvPgg/ofertasv/?filter[tourOperator]=WEZY&filter%5Bperson%5D=2&filter%5BchildAge%5D%5B1%5D=20201210&filter%5Bchild%5D=1","filter_turkey_13_16_days","turcja","side","manavgat","2026-09-05","2026-09-18","14","13","Warszawa","2+1","turcja|side|2026-09-05|2026-09-18|13|Warszawa|2+1"
"Alaiye Resort & Spa","15062.0","09.09.2026 - 22.09.2026","14 dni/13 nocy","4.4","4.4","2781","tripadvisor","Warszawa","2026-08-23T15:37:14.406197+00:00","https://fly.pl/oferta/turcja-wczasy/?filter[dest]=39:&filter[hotelids]=&filter[cityids]=&filter[cregids]=&filter[ofrType]=&filter[addObjType]=H&filter[whenFrom]=23-08-2026&filter[whenTo]=22-09-2026&filter[duration]=13:16&filter[from]=Warszawa,Warszawa%20-%20Radom&filter[person]=2&filter[child]=1&filter[price]=4000:20000&filter[PriceFrom]=4000&filter[PriceTo]=20000&filter[addCategory]=50&filter[addCatering]=0&filter[addMisc]=0&filter[addTransport]=F&filter[fp]=1&order_by=ofr_price&filter[tourOperator]=0&filter[childAge][1]=20201210","https://fly.pl/cdn/photo/assets/uploads/582/278/2014/11/Alaiye-Resort-Hotel.jpg","https://fly.pl/wycieczka/turcja,alanya,avsallar/alaiye-resort/p22MCPgzxBO1Mo_95LeVSHAAogoi-KsjeDGSNbgX-Cdu5yHAAAAACrZwQAW2UEAA0AAAAqBFdFWlkwr6es1AZI1nVQQViIA2ADaglFbnRlciBBaXJqBDA1MzByQp4BkwEfAAIBFgAcABcMEucDFPkDFW4Y6wERj0NMsCFPAECcEkvnxQFQABv8YiDXoA4d0AQNgoHDCQESYwEMYwEDC1oqG7k/ofertasv/?filter[tourOperator]=WEZY&filter%5Bperson%5D=2&filter%5BchildAge%5D%5B1%5D=20201210&filter%5Bchild%5D=1","filter_turkey_13_16_days","turcja","alanya","avsallar","2026-09-09","2026-09-22","14","13","Warszawa","2+1","turcja|alanya|2026-09-09|2026-09-22|13|Warszawa|2+1"
"Vikingen Infinity Resort & Spa","15157.0","26.08.2026 - 09.09.2026","15 dni/14 nocy","4.1","4.1","1547","tripadvisor","Warszawa","2026-08-23T15:37:14.406197+00:00","https://fly.pl/oferta/turcja-wczasy/?filter[dest]=39:&filter[hotelids]=&filter[cityids]=&filter[cregids]=&filter[ofrType]=&filter[addObjType]=H&filter[whenFrom]=23-08-2026&filter[whenTo]=22-09-2026&filter[duration]=13:16&filter[from]=Warszawa,Warszawa%20-%20Radom&filter[person]=2&filter[child]=1&filter[price]=4000:20000&filter[PriceFrom]=4000&filter[PriceTo]=20000&filter[addCategory]=50&filter[addCatering]=0&filter[addMisc]=0&filter[addTransport]=F&filter[fp]=1&order_by=ofr_price&filter[tourOperator]=0&filter[childAge][1]=20201210","https://fly.pl/cdn/photo/assets/uploads/582/278/2015/04/Vikingen-Infinity-Resort-Spa.jpg","https://fly.pl/wycieczka/turcja,alanya,okurcalar/vikingen-infinity-resort-spa/p5dipWOBjx_wrn9yHBe2ZGAAogmbZsca6NISuoPAuzS2x--tE9XKY2U4OiWKIw7pnyKDQqBFZJVFgwr6es1AZItXZQQVg4YAJyPxoAXAoVBBcAWAFAjwNT52tSAFvYF16-fEvtQ2EATMi0OSCK1JgJDQBR6Nmj7lhP354CXZTlpoGtAQINYwECDJ75htE/ofertasv/?filter[tourOperator]=VITX&filter%5Bperson%5D=2&filter%5BchildAge%5D%5B1%5D=20201210&filter%5Bchild%5D=1","filter_turkey_13_16_days","turcja","alanya","okurcalar","2026-08-26","2026-09-09","15","14","Warszawa","2+1","turcja|alanya|2026-08-26|2026-09-09|14|Warszawa|2+1"
"Karmir Resort (Kemer)","15215.0","05.09.2026 - 18.09.2026","14 dni/13 nocy","4.6","4.6","3627","tripadvisor","Warszawa","2026-08-23T15:37:14.406197+00:00","https://fly.pl/oferta/turcja-wczasy/?filter[dest]=39:&filter[hotelids]=&filter[cityids]=&filter[cregids]=&filter[ofrType]=&filter[addObjType]=H&filter[whenFrom]=23-08-2026&filter[whenTo]=22-09-2026&filter[duration]=13:16&filter[from]=Warszawa,Warszawa%20-%20Radom&filter[person]=2&filter[child]=1&filter[price]=4000:20000&filter[PriceFrom]=4000&filter[PriceTo]=20000&filter[addCategory]=50&filter[addCatering]=0&filter[addMisc]=0&filter[addTransport]=F&filter[fp]=1&order_by=ofr_price&filter[tourOperator]=0&filter[childAge][1]=20201210","https://fly.pl/cdn/photo/assets/uploads/582/278/2014/09/Karmir-Resort.jpg","https://fly.pl/wycieczka/turcja,kemer,goynuk/karmir-resort/pqFt2B2i4HcMlReaLa9sO1AAogIBMF9cns-7v6l67sgC3nEgAAAAA6cQQA9m0EAA0ABAAqBFdFWlkwr6es1AZI73ZQQVioAmADah1MT1QgUG9saXNoIEFpcmxpbmVzL0VudGVyIEFpcnJEngEfABwBAgAWABcMEucDFYUFE4kCGAoUkAMR1kRPkxxMAECcElDnxQFLABvsiAEggowOHcQGDe_twgkBEmMBCmMBAwauvie-/ofertasv/?filter[tourOperator]=WEZY&filter%5Bperson%5D=2&filter%5BchildAge%5D%5B1%5D=20201210&filter%5Bchild%5D=1","filter_turkey_13_16_days","turcja","kemer","goynuk","2026-09-05","2026-09-18","14","13","Warszawa","2+1","turcja|kemer|2026-09-05|2026-09-18|13|Warszawa|2+1"
"Horus Paradise Luxury Resort","15217.0","05.09.2026 - 18.09.2026","14 dni/13 nocy","4.0","4.0","3139","tripadvisor","Warszawa","2026-08-23T15:37:14.406197+00:00","https://fly.pl/oferta/turcja-wczasy/?filter[dest]=39:&filter[hotelids]=&filter[cityids]=&filter[cregids]=&filter[ofrType]=&filter[addObjType]=H&filter[whenFrom]=23-08-2026&filter[whenTo]=22-09-2026&filter[duration]=13:16&filter[from]=Warszawa,Warszawa%20-%20Radom&filter[person]=2&filter[child]=1&filter[price]=4000:20000&filter[PriceFrom]=4000&filter[PriceTo]=20000&filter[addCategory]=50&filter[addCatering]=0&filter[addMisc]=0&filter[addTransport]=F&filter[fp]=1&order_by=ofr_price&filter[tourOperator]=0&filter[childAge][1]=20201210","https://fly.pl/cdn/photo/assets/uploads/582/278/2015/04/Horus-Paradise-Luxury-Resort.jpg","https://fly.pl/wycieczka/turcja,side,c/horus-paradise-club-luxury-resort/pyKHyAbTKMxeNrz08APz9UAAogSkSWmDECdsCBzEpgn1QhggAAAAA6cQQA9m0EAA0AAAAqBFdFWlkwr6es1AZI8XZQQVioAmADah1MT1QgUG9saXNoIEFpcmxpbmVzL0VudGVyIEFpcnJEngEfABwBAgAWABcMEucDEYUCFYADE4kCGAoUkANP6WBMAECcElDnxQFLACDulA8dxAYb3pZJDZHX-QgBEmMBDGMBAwtwp12d/ofertasv/?filter[tourOperator]=WEZY&filter%5Bperson%5D=2&filter%5BchildAge%5D%5B1%5D=20201210&filter%5Bchild%5D=1","filter_turkey_13_16_days","turcja","side","c","2026-09-05","2026-09-18","14","13","Warszawa","2+1","turcja|side|2026-09-05|2026-09-18|13|Warszawa|2+1"
"Side Aluna","15224.0","08.09.2026 - 21.09.2026","14 dni/13 nocy","4.8","4.8","216","tripadvisor","Warszawa","2026-08-23T15:37:14.406197+00:00","https://fly.pl/oferta/turcja-wczasy/?filter[dest]=39:&filter[hotelids]=&filter[cityids]=&filter[cregids]=&filter[ofrType]=&filter[addObjType]=H&filter[whenFrom]=23-08-2026&filter[whenTo]=22-09-2026&filter[duration]=13:16&filter[from]=Warszawa,Warszawa%20-%20Radom&filter[person]=2&filter[child]=1&filter[price]=4000:20000&filter[PriceFrom]=4000&filter[PriceTo]=20000&filter[addCategory]=50&filter[addCatering]=0&filter[addMisc]=0&filter[addTransport]=F&filter[fp]=1&order_by=ofr_price&filter[tourOperator]=0&filter[childAge][1]=20201210","https://fly.pl/cdn/photo/assets/uploads/582/278/2014/09/Diamond-Beach.jpg","https://fly.pl/wycieczka/turcja,side,c/diamond-beach-side/pqsPz87vquGKkElcN8i83kAAogDfqC1thxfap6qhrxVtexSYRXb0S2CkfY7MNA9xXe7tgqBE9SRVgwr6es1AZI-HZQQVjwAmACagZKMC4yLjFyNpsBFQ0XAFgCVgJcCEDCBhGoDE-zNF0kU6snUgBelpQBS-1DYQBM5Yw6IL_8lwkNAAISYwECDANoMMc/ofertasv/?filter[tourOperator]=OREX&filter%5Bperson%5D=2&filter%5BchildAge%5D%5B1%5D=20201210&filter%5Bchild%5D=1","filter_turkey_13_16_days","turcja","side","c","2026-09-08","2026-09-21","14","13","Warszawa","2+1","turcja|side|2026-09-08|2026-09-21|13|Warszawa|2+1"
"Fantasia De Luxe Kusadasi","15281.0","04.09.2026 - 18.09.2026","15 dni/14 nocy","4.4","4.4","3854","tripadvisor","Warszawa","2026-08-23T15:37:14.406197+00:00","https://fly.pl/oferta/turcja-wczasy/?filter[dest]=39:&filter[hotelids]=&filter[cityids]=&filter[cregids]=&filter[ofrType]=&filter[addObjType]=H&filter[whenFrom]=23-08-2026&filter[whenTo]=22-09-2026&filter[duration]=13:16&filter[from]=Warszawa,Warszawa%20-%20Radom&filter[person]=2&filter[child]=1&filter[price]=4000:20000&filter[PriceFrom]=4000&filter[PriceTo]=20000&filter[addCategory]=50&filter[addCatering]=0&filter[addMisc]=0&filter[addTransport]=F&filter[fp]=1&order_by=ofr_price&filter[tourOperator]=0&filter[childAge][1]=20201210","https://fly.pl/cdn/photo/assets/uploads/582/278/2015/11/Fantasia-De-Luxe-Kusadasi.jpg","https://fly.pl/wycieczka/turcja,kusadasi,c/fantasia-de-luxe-kusadasi/pASiClYCNRRIZCckGK2ot0AAogFoMTlQKRO5i4IoRuKrsZuQAAAACfqQQAvakEAA4AAQAqBFdFWlkwr6es1AZIsXdQQViQAmADaglFbnRlciBBaXJqBDA2NDBqBDA5MTByQp4BlQGYAR8AAgEcABYEFwkS5gMThwsUiwMR6BNMkUNPAECiGEvnxQFQABv6vQIdnc4NIB4N6_zBCQESYwENYwEDDHbgDs8/ofertasv/?filter[tourOperator]=WEZY&filter%5Bperson%5D=2&filter%5BchildAge%5D%5B1%5D=20201210&filter%5Bchild%5D=1","filter_turkey_13_16_days","turcja","kusadasi","c","2026-09-04","2026-09-18","15","14","Warszawa","2+1","turcja|kusadasi|2026-09-04|2026-09-18|14|Warszawa|2+1"
"Arnor De Luxe & SPA","15488.0","05.09.2026 - 18.09.2026","14 dni/13 nocy","4.5","4.5","2300","tripadvisor","Warszawa","2026-08-23T15:37:14.406197+00:00","https://fly.pl/oferta/turcja-wczasy/?filter[dest]=39:&filter[hotelids]=&filter[cityids]=&filter[cregids]=&filter[ofrType]=&filter[addObjType]=H&filter[whenFrom]=23-08-2026&filter[whenTo]=22-09-2026&filter[duration]=13:16&filter[from]=Warszawa,Warszawa%20-%20Radom&filter[person]=2&filter[child]=1&filter[price]=4000:20000&filter[PriceFrom]=4000&filter[PriceTo]=20000&filter[addCategory]=50&filter[addCatering]=0&filter[addMisc]=0&filter[addTransport]=F&filter[fp]=1&order_by=ofr_price&filter[tourOperator]=0&filter[childAge][1]=20201210","https://datacfstatic.merlinx.pl/WEZY/IMG/30617/b0e6cd123adcc40d09869e53038db114afa97f53c0ee274bdfc2aa8aa70a8a96.webp","https://fly.pl/wycieczka/turcja,side,manavgat/arnor-de-luxe-spa-11/poDqQNEKCbwulby1hqan-2AAogVhRBhNV4cqae6LvOEbFEfQAAAAA6cQQA9m0EAA0AAAAqBFdFWlkwr6es1AZIgHlQQVioAmADah1MT1QgUG9saXNoIEFpcmxpbmVzL0VudGVyIEFpcnJDngEfABwBAgAWABcMEucDFYUFE4kCGAoUkANP6WBMAECcEhH4bVDvV0sAIO6UDx3EBhvyuh0N_bKlCQESYwELYwEDCtFDOhI/ofertasv/?filter[tourOperator]=WEZY&filter%5Bperson%5D=2&filter%5BchildAge%5D%5B1%5D=20201210&filter%5Bchild%5D=1","filter_turkey_13_16_days","turcja","side","manavgat","2026-09-05","2026-09-18","14","13","Warszawa","2+1","turcja|side|2026-09-05|2026-09-18|13|Warszawa|2+1"
"Labranda TMT Bodrum Resort","15557.0","03.09.2026 - 18.09.2026","16 dni/14 nocy","4.2","4.2","3592","tripadvisor","Warszawa","2026-08-23T15:37:14.406197+00:00","https://fly.pl/oferta/turcja-wczasy/?filter[dest]=39:&filter[hotelids]=&filter[cityids]=&filter[cregids]=&filter[ofrType]=&filter[addObjType]=H&filter[whenFrom]=23-08-2026&filter[whenTo]=22-09-2026&filter[duration]=13:16&filter[from]=Warszawa,Warszawa%20-%20Radom&filter[person]=2&filter[child]=1&filter[price]=4000:20000&filter[PriceFrom]=4000&filter[PriceTo]=20000&filter[addCategory]=50&filter[addCatering]=0&filter[addMisc]=0&filter[addTransport]=F&filter[fp]=1&order_by=ofr_price&filter[tourOperator]=0&filter[childAge][1]=20201210","https://fly.pl/cdn/photo/assets/uploads/582/278/2015/04/Labranda-TMT-Bodrum-Resort.jpg","https://fly.pl/wycieczka/turcja,bodrum,c/vera-club-tmt/pVbiKyw3NJv3NTBFDLOmcpAAog5KIjKS-4ZMBVgvsU3Eo8rsRvRn0tb6NkcCEBirswmPEqBFZJVFgwr6es1AZIxXlQQVj4AWACcj8aAFwKFQQXAFgBQI8DU91xUgBbuhNe5npL7UNhAEzGtDkN2dSYCSABUd-0kc1dT5qvH12szp2iqAECDWMBAgyFwyEr/ofertasv/?filter[tourOperator]=VITX&filter%5Bperson%5D=2&filter%5BchildAge%5D%5B1%5D=20201210&filter%5Bchild%5D=1","filter_turkey_13_16_days","turcja","bodrum","c","2026-09-03","2026-09-18","16","14","Warszawa","2+1","turcja|bodrum|2026-09-03|2026-09-18|14|Warszawa|2+1"
"Side Moon Palace","15563.0","09.09.2026 - 22.09.2026","14 dni/13 nocy","4.4","4.4","1110","tripadvisor","Warszawa","2026-08-23T15:37:14.406197+00:00","https://fly.pl/oferta/turcja-wczasy/?filter[dest]=39:&filter[hotelids]=&filter[cityids]=&filter[cregids]=&filter[ofrType]=&filter[addObjType]=H&filter[whenFrom]=23-08-2026&filter[whenTo]=22-09-2026&filter[duration]=13:16&filter[from]=Warszawa,Warszawa%20-%20Radom&filter[person]=2&filter[child]=1&filter[price]=4000:20000&filter[PriceFrom]=4000&filter[PriceTo]=20000&filter[addCategory]=50&filter[addCatering]=0&filter[addMisc]=0&filter[addTransport]=F&filter[fp]=1&order_by=ofr_price&filter[tourOperator]=0&filter[childAge][1]=20201210","https://fly.pl/cdn/photo/assets/uploads/582/278/2023/12/Side-Moon-Palace.jpg","https://fly.pl/wycieczka/turcja,side,c/side-moon-palace-15/pxRD2JOsH8rHXWZgPP94fOAAog66SmhW-GiELw3e6T_EDs9wAAAAASaAQAW2UEAA0AAAAqBFdFWlkwr6es1AZIy3lQQViIA2ADahxGcmVlIEJpcmQgQWlybGluZXMvRW50ZXIgQWlyagQwOTM1ckOeAZMBHwACARYAHAAXDBLnAxXnBBThARgKT79kTABAnBJL58UBUAARnn0gtYYOHbcFG_SANg2n_4wJARJjAQxjAQILiFXHEw/ofertasv/?filter[tourOperator]=WEZY&filter%5Bperson%5D=2&filter%5BchildAge%5D%5B1%5D=20201210&filter%5Bchild%5D=1","filter_turkey_13_16_days","turcja","side","c","2026-09-09","2026-09-22","14","13","Warszawa","2+1","turcja|side|2026-09-09|2026-09-22|13|Warszawa|2+1"
"Dizalya Palm Garden","15607.0","06.09.2026 - 20.09.2026","15 dni/14 nocy","4.2","4.2","523","tripadvisor","Warszawa","2026-08-23T15:37:14.406197+00:00","https://fly.pl/oferta/turcja-wczasy/?filter[dest]=39:&filter[hotelids]=&filter[cityids]=&filter[cregids]=&filter[ofrType]=&filter[addObjType]=H&filter[whenFrom]=23-08-2026&filter[whenTo]=22-09-2026&filter[duration]=13:16&filter[from]=Warszawa,Warszawa%20-%20Radom&filter[person]=2&filter[child]=1&filter[price]=4000:20000&filter[PriceFrom]=4000&filter[PriceTo]=20000&filter[addCategory]=50&filter[addCatering]=0&filter[addMisc]=0&filter[addTransport]=F&filter[fp]=1&order_by=ofr_price&filter[tourOperator]=0&filter[childAge][1]=20201210","https://fly.pl/cdn/photo/assets/uploads/582/278/2015/04/Dizalya-Palm-Garden-fly-pl.jpg","https://fly.pl/wycieczka/turcja,alanya,konakli/dizalya-palm-garden/p0E192YsRp7QC8yya8pDq4AAoglZBZ8iEoT30DEBVxESN33Z1xKlfFmMQa6VwkZVYKAOcqBFJOQlcwr6es1AZI93lQQVjAAmACagRGeGNZahcyOTYsMzgwLDQ3Nyw0ODMsNDg0LDQ4NXI2nwGeARUOFwBYAQomQKIHEfomGcAwEJgHUtwIUwBLg9gBYQAPoYBBHTEg0IiRCQ0AAgtjAQIKoc4XTw/ofertasv/?filter[tourOperator]=RNBW&filter%5Bperson%5D=2&filter%5BchildAge%5D%5B1%5D=20201210&filter%5Bchild%5D=1","filter_turkey_13_16_days","turcja","alanya","konakli","2026-09-06","2026-09-20","15","14","Warszawa","2+1","turcja|alanya|2026-09-06|2026-09-20|14|Warszawa|2+1"
"Cesars Resort (Side)","15697.0","31.08.2026 - 14.09.2026","15 dni/14 nocy","3.5","3.5","606","tripadvisor","Warszawa - Radom","2026-08-23T15:37:14.406197+00:00","https://fly.pl/oferta/turcja-wczasy/?filter[dest]=39:&filter[hotelids]=&filter[cityids]=&filter[cregids]=&filter[ofrType]=&filter[addObjType]=H&filter[whenFrom]=23-08-2026&filter[whenTo]=22-09-2026&filter[duration]=13:16&filter[from]=Warszawa,Warszawa%20-%20Radom&filter[person]=2&filter[child]=1&filter[price]=4000:20000&filter[PriceFrom]=4000&filter[PriceTo]=20000&filter[addCategory]=50&filter[addCatering]=0&filter[addMisc]=0&filter[addTransport]=F&filter[fp]=1&order_by=ofr_price&filter[tourOperator]=0&filter[childAge][1]=20201210","https://fly.pl/cdn/photo/assets/uploads/582/278/2015/03/Cesars-Resort-Side-fly-pl.jpg","https://fly.pl/wycieczka/turcja,side,c/cesars-resort-side/py9gJyk8660iDEI5w777dbAAogIG9ejquWR0I7geIjUS_pzZDv91Aqyjk7yEHcL2o4IA0qBFZJVFgwr6es1AZI0XpQQViwAWACcj8aAFwKFQQXAFgBQI8DU-drUgBb2BdevnxLgRJhAEyz5jkgkNSYCQ0AUY2m7e1YT4bQKl3Ej9OLhQECDWMBAgxiXrfR/ofertasv/?filter[tourOperator]=VITX&filter%5Bperson%5D=2&filter%5BchildAge%5D%5B1%5D=20201210&filter%5Bchild%5D=1","filter_turkey_13_16_days","turcja","side","c","2026-08-31","2026-09-14","15","14","Warszawa - Radom","2+1","turcja|side|2026-08-31|2026-09-14|14|Warszawa - Radom|2+1"
"Queens Park Goynuk (Kemer)","15722.0","05.09.2026 - 18.09.2026","14 dni/13 nocy","4.1","4.1","1540","tripadvisor","Warszawa","2026-08-23T15:37:14.406197+00:00","https://fly.pl/oferta/turcja-wczasy/?filter[dest]=39:&filter[hotelids]=&filter[cityids]=&filter[cregids]=&filter[ofrType]=&filter[addObjType]=H&filter[whenFrom]=23-08-2026&filter[whenTo]=22-09-2026&filter[duration]=13:16&filter[from]=Warszawa,Warszawa%20-%20Radom&filter[person]=2&filter[child]=1&filter[price]=4000:20000&filter[PriceFrom]=4000&filter[PriceTo]=20000&filter[addCategory]=50&filter[addCatering]=0&filter[addMisc]=0&filter[addTransport]=F&filter[fp]=1&order_by=ofr_price&filter[tourOperator]=0&filter[childAge][1]=20201210","https://fly.pl/cdn/photo/assets/uploads/582/278/2018/04/QUEENS-PARK-RESORT-GOYNUK.jpg","https://fly.pl/wycieczka/turcja,kemer,goynuk/queens-park-goynuk/pH_nw4HrBYU-lVOYfbOTL3AAogHNFyDW-uz6keOhW8f3zTDQAAAAA6cQQA9m0EAA0AAAAqBFdFWlkwr6es1AZI6npQQVioAmADah1MT1QgUG9saXNoIEFpcmxpbmVzL0VudGVyIEFpcnJEngEfABwBAgAWABcMEucDFYUFE4kCGAoUkAMRpS9PxDFMAECcElDnxQFLABv9kQQg8YILHcQGDe_twgkBEmMBDGMBAwtwesSw/ofertasv/?filter[tourOperator]=WEZY&filter%5Bperson%5D=2&filter%5BchildAge%5D%5B1%5D=20201210&filter%5Bchild%5D=1","filter_turkey_13_16_days","turcja","kemer","goynuk","2026-09-05","2026-09-18","14","13","Warszawa","2+1","turcja|kemer|2026-09-05|2026-09-18|13|Warszawa|2+1"
"Anadolu Hotels Didim Club (ex. Palm Wings Didim)","15757.0","03.09.2026 - 18.09.2026","16 dni/14 nocy","4.4","4.4","4006","tripadvisor","Warszawa","2026-08-23T15:37:14.406197+00:00","https://fly.pl/oferta/turcja-wczasy/?filter[dest]=39:&filter[hotelids]=&filter[cityids]=&filter[cregids]=&filter[ofrType]=&filter[addObjType]=H&filter[whenFrom]=23-08-2026&filter[whenTo]=22-09-2026&filter[duration]=13:16&filter[from]=Warszawa,Warszawa%20-%20Radom&filter[person]=2&filter[child]=1&filter[price]=4000:20000&filter[PriceFrom]=4000&filter[PriceTo]=20000&filter[addCategory]=50&filter[addCatering]=0&filter[addMisc]=0&filter[addTransport]=F&filter[fp]=1&order_by=ofr_price&filter[tourOperator]=0&filter[childAge][1]=20201210","https://fly.pl/cdn/photo/assets/uploads/582/278/2009/05/Anadolu.jpg","https://fly.pl/wycieczka/turcja,bodrum,didim/palm-wings-beach-resort/p4BN8DWokSKcvYD1H_Xxd7AAog92Bk646U9oBcpnjiWsrmn8RvRn0tb6NkcCEBirswmPEqBFZJVFgwr6es1AZIjXtQQVj4AWACckAaAFwKFQQXAFgBQI8DU91xUgBb8AJesIsBS-1DYQBMxrQ5DdnUmAkgAVHr2PjMXU-OizhdrM6doqgBAgtjAQIKivbgTg/ofertasv/?filter[tourOperator]=VITX&filter%5Bperson%5D=2&filter%5BchildAge%5D%5B1%5D=20201210&filter%5Bchild%5D=1","filter_turkey_13_16_days","turcja","bodrum","didim","2026-09-03","2026-09-18","16","14","Warszawa","2+1","turcja|bodrum|2026-09-03|2026-09-18|14|Warszawa|2+1"
"Delta by Marriott Bodrum","15757.0","03.09.2026 - 18.09.2026","16 dni/14 nocy","4.1","4.1","1849","tripadvisor","Warszawa","2026-08-23T15:37:14.406197+00:00","https://fly.pl/oferta/turcja-wczasy/?filter[dest]=39:&filter[hotelids]=&filter[cityids]=&filter[cregids]=&filter[ofrType]=&filter[addObjType]=H&filter[whenFrom]=23-08-2026&filter[whenTo]=22-09-2026&filter[duration]=13:16&filter[from]=Warszawa,Warszawa%20-%20Radom&filter[person]=2&filter[child]=1&filter[price]=4000:20000&filter[PriceFrom]=4000&filter[PriceTo]=20000&filter[addCategory]=50&filter[addCatering]=0&filter[addMisc]=0&filter[addTransport]=F&filter[fp]=1&order_by=ofr_price&filter[tourOperator]=0&filter[childAge][1]=20201210","https://fly.pl/cdn/photo/assets/uploads/582/278/2014/11/delta.jpg","https://fly.pl/wycieczka/turcja,bodrum,yalikavak/delta-beach-resort/pAPEXHbGw7ERSTh7sTslXDAAogpbfi1uBFASW-xD8uDdzfjsRvRn0tb6NkcCEBirswmPEqBFZJVFgwr6es1AZIjXtQQVj4AWACcj8aAFwKFQQXAFgBQI8DU91xUgBb4hFevnxL7UNhAEzGtDkN2dSYCSABUYn8-sxdT_DnNV2szp2iqAECB2MBAgYC1Ljd/ofertasv/?filter[tourOperator]=VITX&filter%5Bperson%5D=2&filter%5BchildAge%5D%5B1%5D=20201210&filter%5Bchild%5D=1","filter_turkey_13_16_days","turcja","bodrum","yalikavak","2026-09-03","2026-09-18","16","14","Warszawa","2+1","turcja|bodrum|2026-09-03|2026-09-18|14|Warszawa|2+1"
"Movenpick","15801.0","01.09.2026 - 15.09.2026","15 dni/14 nocy","","","","","Warszawa","2026-08-23T15:37:14.406197+00:00","https://fly.pl/oferta/turcja-wczasy/?filter[dest]=39:&filter[hotelids]=&filter[cityids]=&filter[cregids]=&filter[ofrType]=&filter[addObjType]=H&filter[whenFrom]=23-08-2026&filter[whenTo]=22-09-2026&filter[duration]=13:16&filter[from]=Warszawa,Warszawa%20-%20Radom&filter[person]=2&filter[child]=1&filter[price]=4000:20000&filter[PriceFrom]=4000&filter[PriceTo]=20000&filter[addCategory]=50&filter[addCatering]=0&filter[addMisc]=0&filter[addTransport]=F&filter[fp]=1&order_by=ofr_price&filter[tourOperator]=0&filter[childAge][1]=20201210","https://datacfstatic.merlinx.pl/BVPR/IMG/10660/813f6054a5d92e46f6bba01ae8ff85df6ee51f5e897276512c562366a023a92b.webp","https://fly.pl/wycieczka/turcja,izmir,c/movenpick-14/pQi5BaAG3ZCqaPIT46UdzhAAogenBMokMZoAYTtX-ZZq-mQWDl9jV-X47jvxLxdMmxhrQqBEJWUFIwr6es1AZIuXtQAVjIAWACagJCQnIgHBGkUxuCnQUYoOoNuQSw0BWrBAYBwZif1wECEmMBAgtnlQ1o/ofertasv/?filter[tourOperator]=BVPR&filter%5Bperson%5D=2&filter%5BchildAge%5D%5B1%5D=20201210&filter%5Bchild%5D=1","filter_turkey_13_16_days","turcja","izmir","c","2026-09-01","2026-09-15","15","14","Warszawa","2+1","turcja|izmir|2026-09-01|2026-09-15|14|Warszawa|2+1"
"Sunmelia Beach Resort & Spa","15802.0","08.09.2026 - 21.09.2026","14 dni/13 nocy","3.0","3.0","343","tripadvisor","Warszawa","2026-08-23T15:37:14.406197+00:00","https://fly.pl/oferta/turcja-wczasy/?filter[dest]=39:&filter[hotelids]=&filter[cityids]=&filter[cregids]=&filter[ofrType]=&filter[addObjType]=H&filter[whenFrom]=23-08-2026&filter[whenTo]=22-09-2026&filter[duration]=13:16&filter[from]=Warszawa,Warszawa%20-%20Radom&filter[person]=2&filter[child]=1&filter[price]=4000:20000&filter[PriceFrom]=4000&filter[PriceTo]=20000&filter[addCategory]=50&filter[addCatering]=0&filter[addMisc]=0&filter[addTransport]=F&filter[fp]=1&order_by=ofr_price&filter[tourOperator]=0&filter[childAge][1]=20201210","https://fly.pl/cdn/photo/assets/uploads/582/278/2015/04/Sunmelia-Beach-Resort-amp-Spa.jpg","https://fly.pl/wycieczka/turcja,side,kizilagac/sunmelia-beach-resort-spa/peHhlvPX2T8AemTZWjbmOhAAogN4NUCUcZ6Lb8CJXIj_PnfAAAAAA-ZQQAFWMEAA0AAAAqBFdFWlkwr6es1AZIuntQQVjwAmADaglFbnRlciBBaXJqBDA2NDBqBDA4MDVyQp4BkwGVAR8AAgEWABwAFwwS5wMYnAQUCkzrZk8AQJwSEdUrS5KaAVAAII3_Dh2pBBvTwWQNm8TeCAESYwEMYwEDC44Bb1Y/ofertasv/?filter[tourOperator]=WEZY&filter%5Bperson%5D=2&filter%5BchildAge%5D%5B1%5D=20201210&filter%5Bchild%5D=1","filter_turkey_13_16_days","turcja","side","kizilagac","2026-09-08","2026-09-21","14","13","Warszawa","2+1","turcja|side|2026-09-08|2026-09-21|13|Warszawa|2+1"
"Mirage World","15809.0","02.09.2026 - 16.09.2026","15 dni/14 nocy","4.0","4.0","2973","tripadvisor","Warszawa","2026-08-23T15:37:14.406197+00:00","https://fly.pl/oferta/turcja-wczasy/?filter[dest]=39:&filter[hotelids]=&filter[cityids]=&filter[cregids]=&filter[ofrType]=&filter[addObjType]=H&filter[whenFrom]=23-08-2026&filter[whenTo]=22-09-2026&filter[duration]=13:16&filter[from]=Warszawa,Warszawa%20-%20Radom&filter[person]=2&filter[child]=1&filter[price]=4000:20000&filter[PriceFrom]=4000&filter[PriceTo]=20000&filter[addCategory]=50&filter[addCatering]=0&filter[addMisc]=0&filter[addTransport]=F&filter[fp]=1&order_by=ofr_price&filter[tourOperator]=0&filter[childAge][1]=20201210","https://fly.pl/cdn/photo/assets/uploads/582/278/2017/02/Mirage-World.jpg","https://fly.pl/wycieczka/turcja,marmaris,icmeler/mirage-world/pwzF5c2jHvPjJ3f0U28VEwAAogj4FuSNEX_fpOZW0emTvnHRysn905121djc9gnSf9TGkqBE9SRVgwr6es1AZIwXtQQVjgAWACagVFLjIuMXI2mwFcChUEFwBYAVYCEfMCQNcDT_tUXSRSgRlTAF6gjgFh7UNLAEzljDogufyXCQ0AAhJjAQIGUONOCQ/ofertasv/?filter[tourOperator]=OREX&filter%5Bperson%5D=2&filter%5BchildAge%5D%5B1%5D=20201210&filter%5Bchild%5D=1","filter_turkey_13_16_days","turcja","marmaris","icmeler","2026-09-02","2026-09-16","15","14","Warszawa","2+1","turcja|marmaris|2026-09-02|2026-09-16|14|Warszawa|2+1"
"Selectum Family Comfort Side (ex. Lyra Resort)","15836.0","08.09.2026 - 21.09.2026","14 dni/13 nocy","4.3","4.3","2262","tripadvisor","Warszawa","2026-08-23T15:37:14.406197+00:00","https://fly.pl/oferta/turcja-wczasy/?filter[dest]=39:&filter[hotelids]=&filter[cityids]=&filter[cregids]=&filter[ofrType]=&filter[addObjType]=H&filter[whenFrom]=23-08-2026&filter[whenTo]=22-09-2026&filter[duration]=13:16&filter[from]=Warszawa,Warszawa%20-%20Radom&filter[person]=2&filter[child]=1&filter[price]=4000:20000&filter[PriceFrom]=4000&filter[PriceTo]=20000&filter[addCategory]=50&filter[addCatering]=0&filter[addMisc]=0&filter[addTransport]=F&filter[fp]=1&order_by=ofr_price&filter[tourOperator]=0&filter[childAge][1]=20201210","https://fly.pl/cdn/photo/assets/uploads/582/278/2015/04/Selectum-Family-Comfort-Side.jpg","https://fly.pl/wycieczka/turcja,side,manavgat/lyra-resort/pzVPYtfWUsRjqYWiRRx037AAog3O7t1ks5BBPYxgunyTsSrYRXb0S2CkfY7MNA9xXe7tgqBE9SRVgwr6es1AZI3HtQQVjwAmACagdIQlguMi4xcjabARUNFwBYAlYCXAhAwgYR8wdP6DhdJFOrJ1IAXpaUAUvtQ2EATOWMOiC__JcJDQACEmMBAgsFKLlR/ofertasv/?filter[tourOperator]=OREX&filter%5Bperson%5D=2&filter%5BchildAge%5D%5B1%5D=20201210&filter%5Bchild%5D=1","filter_turkey_13_16_days","turcja","side","manavgat","2026-09-08","2026-09-21","14","13","Warszawa","2+1","turcja|side|2026-09-08|2026-09-21|13|Warszawa|2+1"
"Kaya Izmir Thermal & Convention","15918.0","01.09.2026 - 15.09.2026","15 dni/14 nocy","4.6","4.6","1604","tripadvisor","Warszawa","2026-08-23T15:37:14.406197+00:00","https://fly.pl/oferta/turcja-wczasy/?filter[dest]=39:&filter[hotelids]=&filter[cityids]=&filter[cregids]=&filter[ofrType]=&filter[addObjType]=H&filter[whenFrom]=23-08-2026&filter[whenTo]=22-09-2026&filter[duration]=13:16&filter[from]=Warszawa,Warszawa%20-%20Radom&filter[person]=2&filter[child]=1&filter[price]=4000:20000&filter[PriceFrom]=4000&filter[PriceTo]=20000&filter[addCategory]=50&filter[addCatering]=0&filter[addMisc]=0&filter[addTransport]=F&filter[fp]=1&order_by=ofr_price&filter[tourOperator]=0&filter[childAge][1]=20201210","https://datacfstatic.merlinx.pl/BVPR/IMG/10607/1718f67914432abb940efbbd9ef9f3379163b97a2825ba5c041ad5514d39ad49.webp","https://fly.pl/wycieczka/turcja,izmir,c/kaya-izmir-thermal-convention-11/pD87jYpNgebm8SZ_t77GvWAAog_6Hlix1tWTRoE5UDfoP5omDl9jV-X47jvxLxdMmxhrQqBEJWUFIwr6es1AZIrnxQAVjIAWACagJCQnIgHBHvUhuUkwUYuvINuQS50hWrBAYBhJKN1wECEmMBAgZiaT3h/ofertasv/?filter[tourOperator]=BVPR&filter%5Bperson%5D=2&filter%5BchildAge%5D%5B1%5D=20201210&filter%5Bchild%5D=1","filter_turkey_13_16_days","turcja","izmir","c","2026-09-01","2026-09-15","15","14","Warszawa","2+1","turcja|izmir|2026-09-01|2026-09-15|14|Warszawa|2+1"
"Meryan","15948.0","08.09.2026 - 21.09.2026","14 dni/13 nocy","4.3","4.3","957","tripadvisor","Warszawa","2026-08-23T15:37:14.406197+00:00","https://fly.pl/oferta/turcja-wczasy/?filter[dest]=39:&filter[hotelids]=&filter[cityids]=&filter[cregids]=&filter[ofrType]=&filter[addObjType]=H&filter[whenFrom]=23-08-2026&filter[whenTo]=22-09-2026&filter[duration]=13:16&filter[from]=Warszawa,Warszawa%20-%20Radom&filter[person]=2&filter[child]=1&filter[price]=4000:20000&filter[PriceFrom]=4000&filter[PriceTo]=20000&filter[addCategory]=50&filter[addCatering]=0&filter[addMisc]=0&filter[addTransport]=F&filter[fp]=1&order_by=ofr_price&filter[tourOperator]=0&filter[childAge][1]=20201210","https://fly.pl/cdn/photo/assets/uploads/582/278/2015/04/Meryan-fly-pl.jpg","https://fly.pl/wycieczka/turcja,alanya,okurcalar/meryan/pPTtyVN1FicFlMprC9M1HqAAogXad30MZMcM2P8IHXJIacvoRXb0S2CkfY7MNA9xXe7tgqBE9SRVgwr6es1AZIzHxQQVjwAmACagVFLjIuMXI2mwEVDRcAWAJWAlwIQMIGEdspT4AXXSRTqydSAF6WlAFL7UNhAEzljDogv_yXCQ0AAhJjAQIMc3tvlg/ofertasv/?filter[tourOperator]=OREX&filter%5Bperson%5D=2&filter%5BchildAge%5D%5B1%5D=20201210&filter%5Bchild%5D=1","filter_turkey_13_16_days","turcja","alanya","okurcalar","2026-09-08","2026-09-21","14","13","Warszawa","2+1","turcja|alanya|2026-09-08|2026-09-21|13|Warszawa|2+1"
"Kadikale Resort Spa & Wellness","15957.0","03.09.2026 - 18.09.2026","16 dni/14 nocy","3.9","3.9","1995","tripadvisor","Warszawa","2026-08-23T15:37:14.406197+00:00","https://fly.pl/oferta/turcja-wczasy/?filter[dest]=39:&filter[hotelids]=&filter[cityids]=&filter[cregids]=&filter[ofrType]=&filter[addObjType]=H&filter[whenFrom]=23-08-2026&filter[whenTo]=22-09-2026&filter[duration]=13:16&filter[from]=Warszawa,Warszawa%20-%20Radom&filter[person]=2&filter[child]=1&filter[price]=4000:20000&filter[PriceFrom]=4000&filter[PriceTo]=20000&filter[addCategory]=50&filter[addCatering]=0&filter[addMisc]=0&filter[addTransport]=F&filter[fp]=1&order_by=ofr_price&filter[tourOperator]=0&filter[childAge][1]=20201210","https://fly.pl/cdn/photo/assets/uploads/582/278/2015/04/Kadikale-Resort-Spa-Wellness.jpg","https://fly.pl/wycieczka/turcja,bodrum,turgutreis/kadikale-resort/pa5wWwzVV8tQtXMMbdf7jlAAog8vDB6Ex-SAQwguhPzjFRicRvRn0tb6NkcCEBirswmPEqBFZJVFgwsaes1AZI1XxQQVj4AWACcj8aAFwKFQQXAFgBQI8DU91xUgBb4hFevnxL7UNhAEzGtDkN2dSYCSABUd7Ijs1dT5ubIl2szp2iqAECDWMBAgwx4HIH/ofertasv/?filter[tourOperator]=VITX&filter%5Bperson%5D=2&filter%5BchildAge%5D%5B1%5D=20201210&filter%5Bchild%5D=1","filter_turkey_13_16_days","turcja","bodrum","turgutreis","2026-09-03","2026-09-18","16","14","Warszawa","2+1","turcja|bodrum|2026-09-03|2026-09-18|14|Warszawa|2+1"
"Dream World Palace","15957.0","26.08.2026 - 09.09.2026","15 dni/14 nocy","4.0","4.0","169","tripadvisor","Warszawa","2026-08-23T15:37:14.406197+00:00","https://fly.pl/oferta/turcja-wczasy/?filter[dest]=39:&filter[hotelids]=&filter[cityids]=&filter[cregids]=&filter[ofrType]=&filter[addObjType]=H&filter[whenFrom]=23-08-2026&filter[whenTo]=22-09-2026&filter[duration]=13:16&filter[from]=Warszawa,Warszawa%20-%20Radom&filter[person]=2&filter[child]=1&filter[price]=4000:20000&filter[PriceFrom]=4000&filter[PriceTo]=20000&filter[addCategory]=50&filter[addCatering]=0&filter[addMisc]=0&filter[addTransport]=F&filter[fp]=1&order_by=ofr_price&filter[tourOperator]=0&filter[childAge][1]=20201210","https://fly.pl/cdn/photo/assets/uploads/582/278/2024/07/dream-world-palace.jpg","https://fly.pl/wycieczka/turcja,side,c/dream-world-palace-14/pHAF-EVN3kI9MwNmo_OSwHAAogYx5xvjTKtBJXas0Lvysxg9E9XKY2U4OiWKIw7pnyKDQqBFZJVFgwsaes1AZI1XxQQVg4YAJyPxoAXAoVBBcAWAFAjwNT52tSAFvYF16-fEvtQ2EATMi0OSCK1JgJDQBRp5Lx7VhPoOY0XZTlpoGtAQIMYwECCxIyxuQ/ofertasv/?filter[tourOperator]=VITX&filter%5Bperson%5D=2&filter%5BchildAge%5D%5B1%5D=20201210&filter%5Bchild%5D=1","filter_turkey_13_16_days","turcja","side","c","2026-08-26","2026-09-09","15","14","Warszawa","2+1","turcja|side|2026-08-26|2026-09-09|14|Warszawa|2+1"
"Marvida Family Eco","16044.0","05.09.2026 - 18.09.2026","14 dni/13 nocy","4.6","4.6","4246","tripadvisor","Warszawa","2026-08-23T15:37:14.406197+00:00","https://fly.pl/oferta/turcja-wczasy/?filter[dest]=39:&filter[hotelids]=&filter[cityids]=&filter[cregids]=&filter[ofrType]=&filter[addObjType]=H&filter[whenFrom]=23-08-2026&filter[whenTo]=22-09-2026&filter[duration]=13:16&filter[from]=Warszawa,Warszawa%20-%20Radom&filter[person]=2&filter[child]=1&filter[price]=4000:20000&filter[PriceFrom]=4000&filter[PriceTo]=20000&filter[addCategory]=50&filter[addCatering]=0&filter[addMisc]=0&filter[addTransport]=F&filter[fp]=1&order_by=ofr_price&filter[tourOperator]=0&filter[childAge][1]=20201210","https://fly.pl/cdn/photo/assets/uploads/582/278/2014/10/Marvida-Family-Eco.jpg","https://fly.pl/wycieczka/turcja,side,titreyengol/otium-club-side/pBH3DKEhsHWhQgscmeqmsFAAogOJKpJKCGFyiBOaMYBlS4yAAAAAA6cQQA9m0EAA0AAQAqBFdFWlkwsaes1AZIrH1QQVioAmADah1MT1QgUG9saXNoIEFpcmxpbmVzL0VudGVyIEFpcnJDngEfABwBAgAWABcMEbgDEi8VhQUTiQIYChSQA0_pYEwAQJwSUOfFAUsAG_-dAiDv9gwdxAYN7-3CCQESYwEMYwECC2qcTP0/ofertasv/?filter[tourOperator]=WEZY&filter%5Bperson%5D=2&filter%5BchildAge%5D%5B1%5D=20201210&filter%5Bchild%5D=1","filter_turkey_13_16_days","turcja","side","titreyengol","2026-09-05","2026-09-18","14","13","Warszawa","2+1","turcja|side|2026-09-05|2026-09-18|13|Warszawa|2+1"
"Armonia Holiday Village","16110.0","27.08.2026 - 10.09.2026","15 dni/14 nocy","4.3","4.3","1763","tripadvisor","Warszawa","2026-08-23T15:37:14.406197+00:00","https://fly.pl/oferta/turcja-wczasy/?filter[dest]=39:&filter[hotelids]=&filter[cityids]=&filter[cregids]=&filter[ofrType]=&filter[addObjType]=H&filter[whenFrom]=23-08-2026&filter[whenTo]=22-09-2026&filter[duration]=13:16&filter[from]=Warszawa,Warszawa%20-%20Radom&filter[person]=2&filter[child]=1&filter[price]=4000:20000&filter[PriceFrom]=4000&filter[PriceTo]=20000&filter[addCategory]=50&filter[addCatering]=0&filter[addMisc]=0&filter[addTransport]=F&filter[fp]=1&order_by=ofr_price&filter[tourOperator]=0&filter[childAge][1]=20201210","https://fly.pl/cdn/photo/assets/uploads/582/278/2015/04/Armonia-Holiday-Village-fly-pl.jpg","https://fly.pl/wycieczka/turcja,bodrum,c/armonia-holiday-village/p_rtxQZzMO8edS_ct7FahdAAogK7dSEZrdoaT79LsCV2MD9QAAAABqbAQAh2wEAA4AAQAqBFdFWlkwsaes1AZI7n1QQVhQYANqE0xPVCBQb2xpc2ggQWlybGluZXNqBDA2NTVyQp4BkwEfABwBAgAWBhcHEdgCEo4BFKsEFcoHGL4BTNRjTwBApgxL58UBUAAbnDEdxuAOIB0N1PbCCQESYwENYwEDDBtmANE/ofertasv/?filter[tourOperator]=WEZY&filter%5Bperson%5D=2&filter%5BchildAge%5D%5B1%5D=20201210&filter%5Bchild%5D=1","filter_turkey_13_16_days","turcja","bodrum","c","2026-08-27","2026-09-10","15","14","Warszawa","2+1","turcja|bodrum|2026-08-27|2026-09-10|14|Warszawa|2+1"
"Selectum Family Resort Side (ex. Silence Beach Resort)","16119.0","09.09.2026 - 22.09.2026","14 dni/13 nocy","4.5","4.5","1800","tripadvisor","Warszawa","2026-08-23T15:37:14.406197+00:00","https://fly.pl/oferta/turcja-wczasy/?filter[dest]=39:&filter[hotelids]=&filter[cityids]=&filter[cregids]=&filter[ofrType]=&filter[addObjType]=H&filter[whenFrom]=23-08-2026&filter[whenTo]=22-09-2026&filter[duration]=13:16&filter[from]=Warszawa,Warszawa%20-%20Radom&filter[person]=2&filter[child]=1&filter[price]=4000:20000&filter[PriceFrom]=4000&filter[PriceTo]=20000&filter[addCategory]=50&filter[addCatering]=0&filter[addMisc]=0&filter[addTransport]=F&filter[fp]=1&order_by=ofr_price&filter[tourOperator]=0&filter[childAge][1]=20201210","https://fly.pl/cdn/photo/assets/uploads/582/278/2014/11/Silence-Beach-Resort-fly-pl.jpg","https://fly.pl/wycieczka/turcja,side,c/silence-beach-resort/pbzI3DPfEFeKtE8qci9KuHAAog_X9GkCPO1fyKpZiXbbTFviGzm71fuxsMU5q28Om4PE0qBE9SRVgwsaes1AZI931QQViIA2ACagdIQk4uMi4xcjabARUNFwBYAlYCXAgRjwJAswRP20BdJFOrJ1IAXpaUAUvtQ2EATOWMOiDA_JcJDQACEmMBAgt3fHyR/ofertasv/?filter[tourOperator]=OREX&filter%5Bperson%5D=2&filter%5BchildAge%5D%5B1%5D=20201210&filter%5Bchild%5D=1","filter_turkey_13_16_days","turcja","side","c","2026-09-09","2026-09-22","14","13","Warszawa","2+1","turcja|side|2026-09-09|2026-09-22|13|Warszawa|2+1"
"Crystal Admiral Aqua Collection","16124.0","05.09.2026 - 18.09.2026","14 dni/13 nocy","4.3","4.3","5496","tripadvisor","Warszawa","2026-08-23T15:37:14.406197+00:00","https://fly.pl/oferta/turcja-wczasy/?filter[dest]=39:&filter[hotelids]=&filter[cityids]=&filter[cregids]=&filter[ofrType]=&filter[addObjType]=H&filter[whenFrom]=23-08-2026&filter[whenTo]=22-09-2026&filter[duration]=13:16&filter[from]=Warszawa,Warszawa%20-%20Radom&filter[person]=2&filter[child]=1&filter[price]=4000:20000&filter[PriceFrom]=4000&filter[PriceTo]=20000&filter[addCategory]=50&filter[addCatering]=0&filter[addMisc]=0&filter[addTransport]=F&filter[fp]=1&order_by=ofr_price&filter[tourOperator]=0&filter[childAge][1]=20201210","https://fly.pl/cdn/photo/assets/uploads/582/278/2014/09/Crystal-Admiral-Resort-fly-pl.jpg","https://fly.pl/wycieczka/turcja,side,kizilot/crystal-admiral-resort/pFPqsNDerQWtB6RBfOUkdjAAoghvWYnLAfd4n0yaBtocFxLQAAAAA6cQQA9m0EAA0AAAAqBFdFWlkwsaes1AZI_H1QQVioAmADah1MT1QgUG9saXNoIEFpcmxpbmVzL0VudGVyIEFpcnJDngEfABwBAgAWABcMEucDEdUCFbACE4kCGAoUkANP6WBMAECcElDnxQFLABv3MCD34w4dxAYN7-3CCQESYwEMYwECC4uy0Do/ofertasv/?filter[tourOperator]=WEZY&filter%5Bperson%5D=2&filter%5BchildAge%5D%5B1%5D=20201210&filter%5Bchild%5D=1","filter_turkey_13_16_days","turcja","side","kizilot","2026-09-05","2026-09-18","14","13","Warszawa","2+1","turcja|side|2026-09-05|2026-09-18|13|Warszawa|2+1"
"Asteria Family Belek","16124.0","01.09.2026 - 14.09.2026","14 dni/13 nocy","4.2","4.2","3023","tripadvisor","Warszawa","2026-08-23T15:37:14.406197+00:00","https://fly.pl/oferta/turcja-wczasy/?filter[dest]=39:&filter[hotelids]=&filter[cityids]=&filter[cregids]=&filter[ofrType]=&filter[addObjType]=H&filter[whenFrom]=23-08-2026&filter[whenTo]=22-09-2026&filter[duration]=13:16&filter[from]=Warszawa,Warszawa%20-%20Radom&filter[person]=2&filter[child]=1&filter[price]=4000:20000&filter[PriceFrom]=4000&filter[PriceTo]=20000&filter[addCategory]=50&filter[addCatering]=0&filter[addMisc]=0&filter[addTransport]=F&filter[fp]=1&order_by=ofr_price&filter[tourOperator]=0&filter[childAge][1]=20201210","https://fly.pl/cdn/photo/assets/uploads/582/278/2019/09/Aquaworld.jpg","https://fly.pl/wycieczka/turcja,antalya,belek/waterworld-belek-by-mp-hotels-ex-magic-life-waterworld-14/p3st79pnP4OpO2fd5Xdw7rAAogE5krcYh719vg2TtHr_19_GH-9WFY2kVMCzoTvlM5mjwqBE9SRVgwsaes1AZI_H1QQVjIAWACagdLT1EuMi4xcjabARUNFwBYAlYCXAhAwgYRtCZPpxpdJFOrJ1IAXpaUAUvtQ2EATOWMOiC4_JcJDQACEmMBAgt4WsIi/ofertasv/?filter[tourOperator]=OREX&filter%5Bperson%5D=2&filter%5BchildAge%5D%5B1%5D=20201210&filter%5Bchild%5D=1","filter_turkey_13_16_days","turcja","antalya","belek","2026-09-01","2026-09-14","14","13","Warszawa","2+1","turcja|antalya|2026-09-01|2026-09-14|13|Warszawa|2+1"
"Lalila Blue Suites","16198.0","04.09.2026 - 18.09.2026","15 dni/14 nocy","4.7","4.7","2647","tripadvisor","Warszawa","2026-08-23T15:37:14.406197+00:00","https://fly.pl/oferta/turcja-wczasy/?filter[dest]=39:&filter[hotelids]=&filter[cityids]=&filter[cregids]=&filter[ofrType]=&filter[addObjType]=H&filter[whenFrom]=23-08-2026&filter[whenTo]=22-09-2026&filter[duration]=13:16&filter[from]=Warszawa,Warszawa%20-%20Radom&filter[person]=2&filter[child]=1&filter[price]=4000:20000&filter[PriceFrom]=4000&filter[PriceTo]=20000&filter[addCategory]=50&filter[addCatering]=0&filter[addMisc]=0&filter[addTransport]=F&filter[fp]=1&order_by=ofr_price&filter[tourOperator]=0&filter[childAge][1]=20201210","https://fly.pl/cdn/photo/assets/uploads/582/278/2018/12/Lalila-Blue-Suites.jpg","https://fly.pl/wycieczka/turcja,marmaris,c/lalila-blue-suites/p8lx4ipu-7wNuwYU5rc5qhAAog_wgKgV66_E1iS9mjv6xq1P-6iyiJ65kPxJTGc5pTL2AqBFJOQlcwsaes1AZIxn5QQViQAmACagRDQWdKahcyOTYsMzgwLDQ3Nyw0ODMsNDg0LDQ4NWobNDAyLDQwMyw0MDYsNDE3LDQ3Myw0OTcsNDk5cjifAZ4BlAEVDhcAWAEKGECwBxHsJhnJMBDzBlLbI1MAS669AWEAHaK2QA93IIfSkQkNAAINYwECBpMGAkg/ofertasv/?filter[tourOperator]=RNBW&filter%5Bperson%5D=2&filter%5BchildAge%5D%5B1%5D=20201210&filter%5Bchild%5D=1","filter_turkey_13_16_days","turcja","marmaris","c","2026-09-04","2026-09-18","15","14","Warszawa","2+1","turcja|marmaris|2026-09-04|2026-09-18|14|Warszawa|2+1"
"Azura World (ex. Wyndham Alanya)","16200.0","05.09.2026 - 18.09.2026","14 dni/13 nocy","","","","","Warszawa","2026-08-23T15:37:14.406197+00:00","https://fly.pl/oferta/turcja-wczasy/?filter[dest]=39:&filter[hotelids]=&filter[cityids]=&filter[cregids]=&filter[ofrType]=&filter[addObjType]=H&filter[whenFrom]=23-08-2026&filter[whenTo]=22-09-2026&filter[duration]=13:16&filter[from]=Warszawa,Warszawa%20-%20Radom&filter[person]=2&filter[child]=1&filter[price]=4000:20000&filter[PriceFrom]=4000&filter[PriceTo]=20000&filter[addCategory]=50&filter[addCatering]=0&filter[addMisc]=0&filter[addTransport]=F&filter[fp]=1&order_by=ofr_price&filter[tourOperator]=0&filter[childAge][1]=20201210","https://datacfstatic.merlinx.pl/WEZY/IMG/76255/22583b3c8e09c577b045f09bb489a296f2b2e630d003cd7a52002e732630e66d.webp","https://fly.pl/wycieczka/turcja,alanya,turkler/wyndham-alanya-11/pS_ge5pxmMeBLAcLry5O6JAAogmsXxuaPv8cMr5OVDSXjEeQAAAABJqwQAyG0EAA0AAQAqBFdFWlkwsaes1AZIyH5QQVioAmADaglFbnRlciBBaXJqBDA2NDBqBDA5MTByRJ4BlQGYAR8AAgEcABYEFwgS5wMT-AoUmgNP_1xMAECcEkvnxQFQABHXjAIg6YcNHYF7G5LCXw3Ot-IIARJjAQxjAQMLR6ZpmA/ofertasv/?filter[tourOperator]=WEZY&filter%5Bperson%5D=2&filter%5BchildAge%5D%5B1%5D=20201210&filter%5Bchild%5D=1","filter_turkey_13_16_days","turcja","alanya","turkler","2026-09-05","2026-09-18","14","13","Warszawa","2+1","turcja|alanya|2026-09-05|2026-09-18|13|Warszawa|2+1"
"Asia Beach Resort and Spa","16206.0","26.08.2026 - 09.09.2026","15 dni/14 nocy","4.4","4.4","1819","tripadvisor","Warszawa","2026-08-23T15:37:14.406197+00:00","https://fly.pl/oferta/turcja-wczasy/?filter[dest]=39:&filter[hotelids]=&filter[cityids]=&filter[cregids]=&filter[ofrType]=&filter[addObjType]=H&filter[whenFrom]=23-08-2026&filter[whenTo]=22-09-2026&filter[duration]=13:16&filter[from]=Warszawa,Warszawa%20-%20Radom&filter[person]=2&filter[child]=1&filter[price]=4000:20000&filter[PriceFrom]=4000&filter[PriceTo]=20000&filter[addCategory]=50&filter[addCatering]=0&filter[addMisc]=0&filter[addTransport]=F&filter[fp]=1&order_by=ofr_price&filter[tourOperator]=0&filter[childAge][1]=20201210","https://fly.pl/cdn/photo/assets/uploads/582/278/2015/10/Asia-Beach-Resort-Hotel.jpg","https://fly.pl/wycieczka/turcja,alanya,c/asia-beach-resort/pEZ74VaH3gp-bGQaQDGqjpAAogvEvnvs47Mt1Hvmr8QMEHXEpXy9wZyKNHUkemvN4giIgqBFJOQlcwsaes1AZIzn5QQVg4YAJqBEJ3Y0RqFzI5NiwzODAsNDc3LDQ4Myw0ODQsNDg1ahs0MDIsNDAzLDQwNiw0MTcsNDczLDQ5Nyw0OTlyOZ8BngGUARUOFwBYAQoEQMQHEdoNEPwMGeQ8UvQPUwBLg9gBYQAd0IZBD5MCIO__kAkNAAIMYwECCyZOlGs/ofertasv/?filter[tourOperator]=RNBW&filter%5Bperson%5D=2&filter%5BchildAge%5D%5B1%5D=20201210&filter%5Bchild%5D=1","filter_turkey_13_16_days","turcja","alanya","c","2026-08-26","2026-09-09","15","14","Warszawa","2+1","turcja|alanya|2026-08-26|2026-09-09|14|Warszawa|2+1"
"Amara Comfort Resort Kemer (ex. Loxia Comfort Resort Kemer)","16227.0","08.09.2026 - 21.09.2026","14 dni/13 nocy","4.3","4.3","1593","tripadvisor","Warszawa","2026-08-23T15:37:14.406197+00:00","https://fly.pl/oferta/turcja-wczasy/?filter[dest]=39:&filter[hotelids]=&filter[cityids]=&filter[cregids]=&filter[ofrType]=&filter[addObjType]=H&filter[whenFrom]=23-08-2026&filter[whenTo]=22-09-2026&filter[duration]=13:16&filter[from]=Warszawa,Warszawa%20-%20Radom&filter[person]=2&filter[child]=1&filter[price]=4000:20000&filter[PriceFrom]=4000&filter[PriceTo]=20000&filter[addCategory]=50&filter[addCatering]=0&filter[addMisc]=0&filter[addTransport]=F&filter[fp]=1&order_by=ofr_price&filter[tourOperator]=0&filter[childAge][1]=20201210","https://fly.pl/cdn/photo/assets/uploads/582/278/2016/04/Diamonds-Club-Kemer-fly-pl.jpg","https://fly.pl/wycieczka/turcja,kemer,goynuk/diamonds-club-kemer/p1oy8P7ccnT1IiWRoeainxAAogzIYTaQNazWlRnWtwlRb3moRXb0S2CkfY7MNA9xXe7tgqBE9SRVgwsaes1AZI435QQVjwAmACagdFTDMuMi4xcjabARUNFwBYAlYCXAhAwgYR1iJPhR5dJFOrJ1IAXpaUAUvtQ2EATOWMOiC__JcJDQACEmMBAgtA8A1i/ofertasv/?filter[tourOperator]=OREX&filter%5Bperson%5D=2&filter%5BchildAge%5D%5B1%5D=20201210&filter%5Bchild%5D=1","filter_turkey_13_16_days","turcja","kemer","goynuk","2026-09-08","2026-09-21","14","13","Warszawa","2+1","turcja|kemer|2026-09-08|2026-09-21|13|Warszawa|2+1"
"Kustur Club Holiday Village","16320.0","25.08.2026 - 08.09.2026","15 dni/14 nocy","4.5","4.5","4084","tripadvisor","Warszawa","2026-08-23T15:37:14.406197+00:00","https://fly.pl/oferta/turcja-wczasy/?filter[dest]=39:&filter[hotelids]=&filter[cityids]=&filter[cregids]=&filter[ofrType]=&filter[addObjType]=H&filter[whenFrom]=23-08-2026&filter[whenTo]=22-09-2026&filter[duration]=13:16&filter[from]=Warszawa,Warszawa%20-%20Radom&filter[person]=2&filter[child]=1&filter[price]=4000:20000&filter[PriceFrom]=4000&filter[PriceTo]=20000&filter[addCategory]=50&filter[addCatering]=0&filter[addMisc]=0&filter[addTransport]=F&filter[fp]=1&order_by=ofr_price&filter[tourOperator]=0&filter[childAge][1]=20201210","https://fly.pl/cdn/photo/assets/uploads/582/278/2016/01/Kustur-Club-Holiday-Village.jpg","https://fly.pl/wycieczka/turcja,kusadasi,c/majesty-club-kustur-ex-kustur-club-h-v/pwa5sHkbHCYivYZOSYFIxEAAog0bQwFHSmAsiF-ongcJuz6gAAAAAGpwQAHacEAA4AAAAqBFdFWlkwsaes1AZIwH9QQVggYANqCUVudGVyIEFpcmoEMDQ1NWoEMDY1NXJBngGVAZgBHwACARYAHAAXDRLmAxPMCBTjAkzcWU8AQKIYEeMIS4S9AVAAG4tPHfO3DyAXDbyBwgkBEmMBDGMBAgu4yZB4/ofertasv/?filter[tourOperator]=WEZY&filter%5Bperson%5D=2&filter%5BchildAge%5D%5B1%5D=20201210&filter%5Bchild%5D=1","filter_turkey_13_16_days","turcja","kusadasi","c","2026-08-25","2026-09-08","15","14","Warszawa","2+1","turcja|kusadasi|2026-08-25|2026-09-08|14|Warszawa|2+1"
"L' Oceanica Beach Resort (Kemer)","16326.0","08.09.2026 - 21.09.2026","14 dni/13 nocy","4.3","4.3","1149","tripadvisor","Warszawa","2026-08-23T15:37:14.406197+00:00","https://fly.pl/oferta/turcja-wczasy/?filter[dest]=39:&filter[hotelids]=&filter[cityids]=&filter[cregids]=&filter[ofrType]=&filter[addObjType]=H&filter[whenFrom]=23-08-2026&filter[whenTo]=22-09-2026&filter[duration]=13:16&filter[from]=Warszawa,Warszawa%20-%20Radom&filter[person]=2&filter[child]=1&filter[price]=4000:20000&filter[PriceFrom]=4000&filter[PriceTo]=20000&filter[addCategory]=50&filter[addCatering]=0&filter[addMisc]=0&filter[addTransport]=F&filter[fp]=1&order_by=ofr_price&filter[tourOperator]=0&filter[childAge][1]=20201210","https://fly.pl/cdn/photo/assets/uploads/582/278/2014/09/L-Oceanica-Beach-Resort.jpg","https://fly.pl/wycieczka/turcja,kemer,camyuva/oceanica-beach-resort/pSqsKZIXqWxtkw3q0UiPiXAAogkVh7Z3Netx4kkeUa3TaD9oRXb0S2CkfY7MNA9xXe7tgqBE9SRVgwsaes1AZIxn9QQVjwAmACagYzVy4yLjFyNpsBFQ0XAFgCVgJcCBHNA0D1Ak_bQF0kU6snUgBelpQBS-1DYQBM5Yw6IL_8lwkNAAISYwECBtrqy8A/ofertasv/?filter[tourOperator]=OREX&filter%5Bperson%5D=2&filter%5BchildAge%5D%5B1%5D=20201210&filter%5Bchild%5D=1","filter_turkey_13_16_days","turcja","kemer","camyuva","2026-09-08","2026-09-21","14","13","Warszawa","2+1","turcja|kemer|2026-09-08|2026-09-21|13|Warszawa|2+1"
"Crystal Tat Beach Pearl Collection","16357.0","04.09.2026 - 18.09.2026","15 dni/14 nocy","4.5","4.5","5266","tripadvisor","Warszawa","2026-08-23T15:37:14.406197+00:00","https://fly.pl/oferta/turcja-wczasy/?filter[dest]=39:&filter[hotelids]=&filter[cityids]=&filter[cregids]=&filter[ofrType]=&filter[addObjType]=H&filter[whenFrom]=23-08-2026&filter[whenTo]=22-09-2026&filter[duration]=13:16&filter[from]=Warszawa,Warszawa%20-%20Radom&filter[person]=2&filter[child]=1&filter[price]=4000:20000&filter[PriceFrom]=4000&filter[PriceTo]=20000&filter[addCategory]=50&filter[addCatering]=0&filter[addMisc]=0&filter[addTransport]=F&filter[fp]=1&order_by=ofr_price&filter[tourOperator]=0&filter[childAge][1]=20201210","https://fly.pl/cdn/photo/assets/uploads/582/278/2015/04/Crystal-Tat-Beach.jpg","https://fly.pl/wycieczka/turcja,belek,c/crystal-tat-beach/phuyVZpnaIw5SOrSkAKsUSAAogCYjgqCs_MiHMgKx0XybAozwQXJjsZ45k64gmT0LxrB8qBFZJVFgwsaes1AZI5X9QQViQAmACcj8aAFwKFQQXAFgBQI8DU-drUgBb2BdevnxL7UNhAEyptDkg99SYCQ0AUdexne5YT6rGCF2U5aaBrQECDGMBAgs7sdDU/ofertasv/?filter[tourOperator]=VITX&filter%5Bperson%5D=2&filter%5BchildAge%5D%5B1%5D=20201210&filter%5Bchild%5D=1","filter_turkey_13_16_days","turcja","belek","c","2026-09-04","2026-09-18","15","14","Warszawa","2+1","turcja|belek|2026-09-04|2026-09-18|14|Warszawa|2+1"
"Club Kastalia","16357.0","29.08.2026 - 12.09.2026","15 dni/14 nocy","4.3","4.3","904","tripadvisor","Warszawa","2026-08-23T15:37:14.406197+00:00","https://fly.pl/oferta/turcja-wczasy/?filter[dest]=39:&filter[hotelids]=&filter[cityids]=&filter[cregids]=&filter[ofrType]=&filter[addObjType]=H&filter[whenFrom]=23-08-2026&filter[whenTo]=22-09-2026&filter[duration]=13:16&filter[from]=Warszawa,Warszawa%20-%20Radom&filter[person]=2&filter[child]=1&filter[price]=4000:20000&filter[PriceFrom]=4000&filter[PriceTo]=20000&filter[addCategory]=50&filter[addCatering]=0&filter[addMisc]=0&filter[addTransport]=F&filter[fp]=1&order_by=ofr_price&filter[tourOperator]=0&filter[childAge][1]=20201210","https://fly.pl/cdn/photo/assets/uploads/582/278/2015/04/Club-Kastalia.jpg","https://fly.pl/wycieczka/turcja,alanya,konakli/club-kastalia/p5poaCxRnGR3xIFbWU_kc4AAogkYtfxGxRXCP-2V8med9Qzhleql_vgBzW78-3GSKx6FwqBFZJVFgwsaes1AZI5X9QQViAAWACcj8aAFwKFQQXAFgBQI8DU-drUgBbsBle5npL7UNhAEyHoTwgzueVCQ0AUdDhg-5YT_aWIl2U5aaBrQECDWMBAgzAGxgJ/ofertasv/?filter[tourOperator]=VITX&filter%5Bperson%5D=2&filter%5BchildAge%5D%5B1%5D=20201210&filter%5Bchild%5D=1","filter_turkey_13_16_days","turcja","alanya","konakli","2026-08-29","2026-09-12","15","14","Warszawa","2+1","turcja|alanya|2026-08-29|2026-09-12|14|Warszawa|2+1"
"Design Plus Seya Beach","16357.0","01.09.2026 - 16.09.2026","16 dni/14 nocy","4.6","4.6","1685","tripadvisor","Warszawa","2026-08-23T15:37:14.406197+00:00","https://fly.pl/oferta/turcja-wczasy/?filter[dest]=39:&filter[hotelids]=&filter[cityids]=&filter[cregids]=&filter[ofrType]=&filter[addObjType]=H&filter[whenFrom]=23-08-2026&filter[whenTo]=22-09-2026&filter[duration]=13:16&filter[from]=Warszawa,Warszawa%20-%20Radom&filter[person]=2&filter[child]=1&filter[price]=4000:20000&filter[PriceFrom]=4000&filter[PriceTo]=20000&filter[addCategory]=50&filter[addCatering]=0&filter[addMisc]=0&filter[addTransport]=F&filter[fp]=1&order_by=ofr_price&filter[tourOperator]=0&filter[childAge][1]=20201210","https://datacfstatic.merlinx.pl/ITAK/IMG/ADBDESI/c1b983f7f2c524709ebdc945186ff62ce4d0078f550a78cc3b6e63214587de0d.webp","https://fly.pl/wycieczka/turcja,cesme,alacati/design-plus-seya-beach-11/pxB0-oH2GBVsbAnBR3Sa9mAAogcMixAQcVEApslOTd2I9kT_2zGYwqFYg4ECCf9wRZdxcqBFZJVFgwsaes1AZI5X9QQVjIAWACcj8aAFwKFQQXAFgBQI8DU-FlUgBbniJe_ndL7UNhAEzHtDkN1tSYCSABUfyF_YFUT4DmNV28l5jtsQECDWMBAgxebVeQ/ofertasv/?filter[tourOperator]=VITX&filter%5Bperson%5D=2&filter%5BchildAge%5D%5B1%5D=20201210&filter%5Bchild%5D=1","filter_turkey_13_16_days","turcja","cesme","alacati","2026-09-01","2026-09-16","16","14","Warszawa","2+1","turcja|cesme|2026-09-01|2026-09-16|14|Warszawa|2+1"
"Saphir Hotel & Villas","16408.0","05.09.2026 - 18.09.2026","14 dni/13 nocy","4.4","4.4","1448","tripadvisor","Warszawa","2026-08-23T15:37:14.406197+00:00","https://fly.pl/oferta/turcja-wczasy/?filter[dest]=39:&filter[hotelids]=&filter[cityids]=&filter[cregids]=&filter[ofrType]=&filter[addObjType]=H&filter[whenFrom]=23-08-2026&filter[whenTo]=22-09-2026&filter[duration]=13:16&filter[from]=Warszawa,Warszawa%20-%20Radom&filter[person]=2&filter[child]=1&filter[price]=4000:20000&filter[PriceFrom]=4000&filter[PriceTo]=20000&filter[addCategory]=50&filter[addCatering]=0&filter[addMisc]=0&filter[addTransport]=F&filter[fp]=1&order_by=ofr_price&filter[tourOperator]=0&filter[childAge][1]=20201210","https://fly.pl/cdn/photo/assets/uploads/582/278/2015/04/Saphir-fly-pl-1.jpg","https://fly.pl/wycieczka/turcja,alanya,konakli/saphir/pkZkGhYJSHUO6ovGlarDpVAAoguK5Gy_bMBau4rTdticDq54Yzxft59rnFXAkAxIkkmr0qBEVYSU0wsaes1AZImIABUAFYqAJgAmoDVUFJciIcEf63BrkEy9RAqwSqARv_7TYYir07AY2t3JwKAhJjAQIL7bPIRQ/ofertasv/?filter[tourOperator]=EXIM&filter%5Bperson%5D=2&filter%5BchildAge%5D%5B1%5D=20201210&filter%5Bchild%5D=1","filter_turkey_13_16_days","turcja","alanya","konakli","2026-09-05","2026-09-18","14","13","Warszawa","2+1","turcja|alanya|2026-09-05|2026-09-18|13|Warszawa|2+1"
"Diamond Premium","16471.0","05.09.2026 - 18.09.2026","14 dni/13 nocy","3.9","3.9","746","tripadvisor","Warszawa","2026-08-23T15:37:14.406197+00:00","https://fly.pl/oferta/turcja-wczasy/?filter[dest]=39:&filter[hotelids]=&filter[cityids]=&filter[cregids]=&filter[ofrType]=&filter[addObjType]=H&filter[whenFrom]=23-08-2026&filter[whenTo]=22-09-2026&filter[duration]=13:16&filter[from]=Warszawa,Warszawa%20-%20Radom&filter[person]=2&filter[child]=1&filter[price]=4000:20000&filter[PriceFrom]=4000&filter[PriceTo]=20000&filter[addCategory]=50&filter[addCatering]=0&filter[addMisc]=0&filter[addTransport]=F&filter[fp]=1&order_by=ofr_price&filter[tourOperator]=0&filter[childAge][1]=20201210","https://fly.pl/cdn/photo/assets/uploads/582/278/2015/06/Diamond-Premium.jpg","https://fly.pl/wycieczka/turcja,side,titreyengol/diamond-premium/pYu19Rtkn3g7ZcDFaLT5wnAAogCWsQv80P0iT1q5QQnoeBegAAAAA6cQQA9m0EAA0AAAAqBFdFWlkwsaes1AZI14ABUEFYqAJgA2odTE9UIFBvbGlzaCBBaXJsaW5lcy9FbnRlciBBaXJyQp4BHwAcAQIAFgAXDBLnAxWFBROJAhgKFJADEahgT0FMAECcElDnxQFLABuhMSDN4w4dxAYN7-3CCQESYwENYwEDDGfMhIA/ofertasv/?filter[tourOperator]=WEZY&filter%5Bperson%5D=2&filter%5BchildAge%5D%5B1%5D=20201210&filter%5Bchild%5D=1","filter_turkey_13_16_days","turcja","side","titreyengol","2026-09-05","2026-09-18","14","13","Warszawa","2+1","turcja|side|2026-09-05|2026-09-18|13|Warszawa|2+1"
"Greenwood Kemer Resort (ex. Sherwood Greenwood Resort)","16506.0","05.09.2026 - 18.09.2026","14 dni/13 nocy","4.5","4.5","3805","tripadvisor","Warszawa","2026-08-23T15:37:14.406197+00:00","https://fly.pl/oferta/turcja-wczasy/?filter[dest]=39:&filter[hotelids]=&filter[cityids]=&filter[cregids]=&filter[ofrType]=&filter[addObjType]=H&filter[whenFrom]=23-08-2026&filter[whenTo]=22-09-2026&filter[duration]=13:16&filter[from]=Warszawa,Warszawa%20-%20Radom&filter[person]=2&filter[child]=1&filter[price]=4000:20000&filter[PriceFrom]=4000&filter[PriceTo]=20000&filter[addCategory]=50&filter[addCatering]=0&filter[addMisc]=0&filter[addTransport]=F&filter[fp]=1&order_by=ofr_price&filter[tourOperator]=0&filter[childAge][1]=20201210","https://fly.pl/cdn/photo/assets/uploads/582/278/2016/04/GREENWOOD-KEMER-RESORT.jpg","https://fly.pl/wycieczka/turcja,kemer,goynuk/sherwood-greenwood/pXmVvwBzxsCNHN2_N7jcTSAAogvCXrU9qykxEOeq8x0P6ioQAAAAA6cQQA9m0EAA0ABAAqBFdFWlkwsaes1AZI-oABUEFYqAJgA2odTE9UIFBvbGlzaCBBaXJsaW5lcy9FbnRlciBBaXJyRJ4BHwAcAQIAFgQXCBLnAxGuARXXAxOJAhgKFJADT-lgTABAnBJQ58UBSwAg7pQPHcQGG4zHTQ3jpvUIARJjAQxjAQILWaxG4Q/ofertasv/?filter[tourOperator]=WEZY&filter%5Bperson%5D=2&filter%5BchildAge%5D%5B1%5D=20201210&filter%5Bchild%5D=1","filter_turkey_13_16_days","turcja","kemer","goynuk","2026-09-05","2026-09-18","14","13","Warszawa","2+1","turcja|kemer|2026-09-05|2026-09-18|13|Warszawa|2+1"
"Terrace Elite Resort","16586.0","09.09.2026 - 22.09.2026","14 dni/13 nocy","4.5","4.5","1390","tripadvisor","Warszawa","2026-08-23T15:37:14.406197+00:00","https://fly.pl/oferta/turcja-wczasy/?filter[dest]=39:&filter[hotelids]=&filter[cityids]=&filter[cregids]=&filter[ofrType]=&filter[addObjType]=H&filter[whenFrom]=23-08-2026&filter[whenTo]=22-09-2026&filter[duration]=13:16&filter[from]=Warszawa,Warszawa%20-%20Radom&filter[person]=2&filter[child]=1&filter[price]=4000:20000&filter[PriceFrom]=4000&filter[PriceTo]=20000&filter[addCategory]=50&filter[addCatering]=0&filter[addMisc]=0&filter[addTransport]=F&filter[fp]=1&order_by=ofr_price&filter[tourOperator]=0&filter[childAge][1]=20201210","https://fly.pl/cdn/photo/assets/uploads/582/278/2015/11/Terrace-Elite-Resort-fly-pl.jpg","https://fly.pl/wycieczka/turcja,side,c/terrace-elite-resort/pPsI0Up-4r4mqDKR8q6m1VAAogM2UvWqYcyciM-2flei9msAAAAACrZwQAW2UEAA0ADQAqBFdFWlkwsaes1AZIyoEBUEFYiANgA2oJRW50ZXIgQWlyagQwNTMwckKeAZMBHwACARYAHAAXDBLnAxT5AxVuGOsBEYo4TLUsTwBAnBJL58UBUAAbnDEgt9IOHdAEDYKBwwkBEmMBD2MBAg49qcax/ofertasv/?filter[tourOperator]=WEZY&filter%5Bperson%5D=2&filter%5BchildAge%5D%5B1%5D=20201210&filter%5Bchild%5D=1","filter_turkey_13_16_days","turcja","side","c","2026-09-09","2026-09-22","14","13","Warszawa","2+1","turcja|side|2026-09-09|2026-09-22|13|Warszawa|2+1"
"Primasol Hane Family Resort","16596.0","08.09.2026 - 21.09.2026","14 dni/13 nocy","4.1","4.1","371","tripadvisor","Warszawa","2026-08-23T15:37:14.406197+00:00","https://fly.pl/oferta/turcja-wczasy/?filter[dest]=39:&filter[hotelids]=&filter[cityids]=&filter[cregids]=&filter[ofrType]=&filter[addObjType]=H&filter[whenFrom]=23-08-2026&filter[whenTo]=22-09-2026&filter[duration]=13:16&filter[from]=Warszawa,Warszawa%20-%20Radom&filter[person]=2&filter[child]=1&filter[price]=4000:20000&filter[PriceFrom]=4000&filter[PriceTo]=20000&filter[addCategory]=50&filter[addCatering]=0&filter[addMisc]=0&filter[addTransport]=F&filter[fp]=1&order_by=ofr_price&filter[tourOperator]=0&filter[childAge][1]=20201210","https://fly.pl/cdn/photo/assets/uploads/582/278/2015/04/Primasol-Hane-Family-Resort.jpg","https://fly.pl/wycieczka/turcja,side,c/primasol-hane-family-resort/paFIhIm7vdZrhXrTpsudn7AAogkpZJEc3bS3SnPsyX5uKhaoRXb0S2CkfY7MNA9xXe7tgqBE9SRVgwsaes1AZI1IEBUEFY8AJgAmoFRS4yLjFyNpsBXAoVAxcAWAJWAkDKBhGgDk-7Ml0kUqsnUwBelpQBYe1DSwBM5Yw6IL_8lwkNAAISYwECDBBY9Rs/ofertasv/?filter[tourOperator]=OREX&filter%5Bperson%5D=2&filter%5BchildAge%5D%5B1%5D=20201210&filter%5Bchild%5D=1","filter_turkey_13_16_days","turcja","side","c","2026-09-08","2026-09-21","14","13","Warszawa","2+1","turcja|side|2026-09-08|2026-09-21|13|Warszawa|2+1"
"Aria Resort & SPA","16597.0","05.09.2026 - 18.09.2026","14 dni/13 nocy","4.8","4.8","1982","tripadvisor","Warszawa","2026-08-23T15:37:14.406197+00:00","https://fly.pl/oferta/turcja-wczasy/?filter[dest]=39:&filter[hotelids]=&filter[cityids]=&filter[cregids]=&filter[ofrType]=&filter[addObjType]=H&filter[whenFrom]=23-08-2026&filter[whenTo]=22-09-2026&filter[duration]=13:16&filter[from]=Warszawa,Warszawa%20-%20Radom&filter[person]=2&filter[child]=1&filter[price]=4000:20000&filter[PriceFrom]=4000&filter[PriceTo]=20000&filter[addCategory]=50&filter[addCatering]=0&filter[addMisc]=0&filter[addTransport]=F&filter[fp]=1&order_by=ofr_price&filter[tourOperator]=0&filter[childAge][1]=20201210","https://fly.pl/cdn/photo/assets/uploads/582/278/2015/01/ARIA-RESORT-SPA.jpg","https://fly.pl/wycieczka/turcja,alanya,c/mirador-club-alanya/pydZDsKMTeehUw3K9qanTDAAogR20LXVD4RW_QVBCTtO1GsAAAAAA6cQQA9m0EAA0ABAAqBFdFWlkwsaes1AZI1YEBUEFYqAJgA2odTE9UIFBvbGlzaCBBaXJsaW5lcy9FbnRlciBBaXJyRJ4BHwAcAQIAFgAXDBLnAxWFBROJAhgKFJADT-lgTABAnBIR0YgBUJY9SwAb7JAEIIKECx3EBg3v7cIJARJjAQtjAQMKrx6ujw/ofertasv/?filter[tourOperator]=WEZY&filter%5Bperson%5D=2&filter%5BchildAge%5D%5B1%5D=20201210&filter%5Bchild%5D=1","filter_turkey_13_16_days","turcja","alanya","c","2026-09-05","2026-09-18","14","13","Warszawa","2+1","turcja|alanya|2026-09-05|2026-09-18|13|Warszawa|2+1"
"Sunis Elita Beach Resort (ex Asteria Elita)","16602.0","05.09.2026 - 18.09.2026","14 dni/13 nocy","4.6","4.6","2496","tripadvisor","Warszawa","2026-08-23T15:37:14.406197+00:00","https://fly.pl/oferta/turcja-wczasy/?filter[dest]=39:&filter[hotelids]=&filter[cityids]=&filter[cregids]=&filter[ofrType]=&filter[addObjType]=H&filter[whenFrom]=23-08-2026&filter[whenTo]=22-09-2026&filter[duration]=13:16&filter[from]=Warszawa,Warszawa%20-%20Radom&filter[person]=2&filter[child]=1&filter[price]=4000:20000&filter[PriceFrom]=4000&filter[PriceTo]=20000&filter[addCategory]=50&filter[addCatering]=0&filter[addMisc]=0&filter[addTransport]=F&filter[fp]=1&order_by=ofr_price&filter[tourOperator]=0&filter[childAge][1]=20201210","https://fly.pl/cdn/photo/assets/uploads/582/278/2014/10/Sunis-Elita-Beach-Resort-ex-Asteria-Elita-fly-pl.jpg","https://fly.pl/wycieczka/turcja,side,kizilagac/sunis-elita-beach-resort-ex-asteria-elita/pK9MPB7GPooaO_E2Tp9ToFAAogI3YlqfbaeCzXp-tFr3BASAAAAAA6cQQAyG0EAA0AAQAqBFdFWlkwsaes1AZI2oEBUEFYqAJgA2odTE9UIFBvbGlzaCBBaXJsaW5lcy9FbnRlciBBaXJqBDA2NDBqBDA5MTByQp4BlQGYAR8AAgEWABwAFwwS5wMTjgcUmgMR4xBMhlBPAECcEkvnxQFQABuONSCy3w4d8gYN7-3CCQESYwENYwEDDFFlBeU/ofertasv/?filter[tourOperator]=WEZY&filter%5Bperson%5D=2&filter%5BchildAge%5D%5B1%5D=20201210&filter%5Bchild%5D=1","filter_turkey_13_16_days","turcja","side","kizilagac","2026-09-05","2026-09-18","14","13","Warszawa","2+1","turcja|side|2026-09-05|2026-09-18|13|Warszawa|2+1"
"Armas Labada","16605.0","08.09.2026 - 21.09.2026","14 dni/13 nocy","3.5","3.5","427","tripadvisor","Warszawa","2026-08-23T15:37:14.406197+00:00","https://fly.pl/oferta/turcja-wczasy/?filter[dest]=39:&filter[hotelids]=&filter[cityids]=&filter[cregids]=&filter[ofrType]=&filter[addObjType]=H&filter[whenFrom]=23-08-2026&filter[whenTo]=22-09-2026&filter[duration]=13:16&filter[from]=Warszawa,Warszawa%20-%20Radom&filter[person]=2&filter[child]=1&filter[price]=4000:20000&filter[PriceFrom]=4000&filter[PriceTo]=20000&filter[addCategory]=50&filter[addCatering]=0&filter[addMisc]=0&filter[addTransport]=F&filter[fp]=1&order_by=ofr_price&filter[tourOperator]=0&filter[childAge][1]=20201210","https://fly.pl/cdn/photo/assets/uploads/582/278/2017/01/Armas-Labada.jpg","https://fly.pl/wycieczka/turcja,kemer,camyuva/armas-labada/p1lyyw8f03atNWAXVYIkSJAAog-Po6jGsYkMA45ZHycFSTUIRXb0S2CkfY7MNA9xXe7tgqBE9SRVgwsaes1AZI3YEBUEFY8AJgAmoGSjAuMi4xcjabARUNFwBYAlYCXAhAwgYR0g9PiTFdJFOrJ1IAXpaUAUvtQ2EATOWMOiC__JcJDQACEmMBAguHvvXM/ofertasv/?filter[tourOperator]=OREX&filter%5Bperson%5D=2&filter%5BchildAge%5D%5B1%5D=20201210&filter%5Bchild%5D=1","filter_turkey_13_16_days","turcja","kemer","camyuva","2026-09-08","2026-09-21","14","13","Warszawa","2+1","turcja|kemer|2026-09-08|2026-09-21|13|Warszawa|2+1"
"Charisma Deluxe (Kusadasi)","16617.0","01.09.2026 - 15.09.2026","15 dni/14 nocy","4.1","4.1","1987","tripadvisor","Warszawa","2026-08-23T15:37:14.406197+00:00","https://fly.pl/oferta/turcja-wczasy/?filter[dest]=39:&filter[hotelids]=&filter[cityids]=&filter[cregids]=&filter[ofrType]=&filter[addObjType]=H&filter[whenFrom]=23-08-2026&filter[whenTo]=22-09-2026&filter[duration]=13:16&filter[from]=Warszawa,Warszawa%20-%20Radom&filter[person]=2&filter[child]=1&filter[price]=4000:20000&filter[PriceFrom]=4000&filter[PriceTo]=20000&filter[addCategory]=50&filter[addCatering]=0&filter[addMisc]=0&filter[addTransport]=F&filter[fp]=1&order_by=ofr_price&filter[tourOperator]=0&filter[childAge][1]=20201210","https://fly.pl/cdn/photo/assets/uploads/582/278/2024/07/charisma-deluxe.jpg","https://fly.pl/wycieczka/turcja,kusadasi,c/charisma-deluxe-9/pGc7UbOzsNM4T3IDtZbslxAAog5xIuTdAn0R7-OKHPXB1PEmyrBJeBM9deFREZqudkROsqBEJWQkUwsaes1AZI6YEBUAFYyAFgAmoCQkJyIRwRy9wBG5jKPximwxS5BPzdI6sEAQHVx8_CAwIAYwEDBo6U7aU/ofertasv/?filter[tourOperator]=BVBE&filter%5Bperson%5D=2&filter%5BchildAge%5D%5B1%5D=20201210&filter%5Bchild%5D=1","filter_turkey_13_16_days","turcja","kusadasi","c","2026-09-01","2026-09-15","15","14","Warszawa","2+1","turcja|kusadasi|2026-09-01|2026-09-15|14|Warszawa|2+1"
"Royal Asarlik Beach","16620.0","03.09.2026 - 17.09.2026","15 dni/14 nocy","4.3","4.3","4805","tripadvisor","Warszawa","2026-08-23T15:37:14.406197+00:00","https://fly.pl/oferta/turcja-wczasy/?filter[dest]=39:&filter[hotelids]=&filter[cityids]=&filter[cregids]=&filter[ofrType]=&filter[addObjType]=H&filter[whenFrom]=23-08-2026&filter[whenTo]=22-09-2026&filter[duration]=13:16&filter[from]=Warszawa,Warszawa%20-%20Radom&filter[person]=2&filter[child]=1&filter[price]=4000:20000&filter[PriceFrom]=4000&filter[PriceTo]=20000&filter[addCategory]=50&filter[addCatering]=0&filter[addMisc]=0&filter[addTransport]=F&filter[fp]=1&order_by=ofr_price&filter[tourOperator]=0&filter[childAge][1]=20201210","https://fly.pl/cdn/photo/assets/uploads/582/278/2014/09/Royal-Asarlik-Beach-fly-pl.jpg","https://fly.pl/wycieczka/turcja,bodrum,gumbet/royal-asarlik-beach/pFsqzc3fm9QrBlxQ8RxhouAAogm5KfaIbJl7dSdlHBwBfN9ge2Quqm3PwaZOcmM0_zULAqBFJOQlcwsaes1AZI7IEBUEFY-AFgAmoEQ0FnSmoXMjk2LDM4MCw0NzcsNDgzLDQ4NCw0ODVyNp8BngEVDhcAWAEKGECwBxHHIhCPLhngBlLuFVMAS43SAWEAHYaUQA85IOD0kQkNAAINYwECBm0LISM/ofertasv/?filter[tourOperator]=RNBW&filter%5Bperson%5D=2&filter%5BchildAge%5D%5B1%5D=20201210&filter%5Bchild%5D=1","filter_turkey_13_16_days","turcja","bodrum","gumbet","2026-09-03","2026-09-17","15","14","Warszawa","2+1","turcja|bodrum|2026-09-03|2026-09-17|14|Warszawa|2+1"
"Hillstone Bodrum (ex. Grand Yazici)","16666.0","27.08.2026 - 10.09.2026","15 dni/14 nocy","4.4","4.4","647","tripadvisor","Warszawa","2026-08-23T15:37:14.406197+00:00","https://fly.pl/oferta/turcja-wczasy/?filter[dest]=39:&filter[hotelids]=&filter[cityids]=&filter[cregids]=&filter[ofrType]=&filter[addObjType]=H&filter[whenFrom]=23-08-2026&filter[whenTo]=22-09-2026&filter[duration]=13:16&filter[from]=Warszawa,Warszawa%20-%20Radom&filter[person]=2&filter[child]=1&filter[price]=4000:20000&filter[PriceFrom]=4000&filter[PriceTo]=20000&filter[addCategory]=50&filter[addCatering]=0&filter[addMisc]=0&filter[addTransport]=F&filter[fp]=1&order_by=ofr_price&filter[tourOperator]=0&filter[childAge][1]=20201210","https://datacfstatic.merlinx.pl/WEZY/IMG/31880/5384dbb8ecf296b74ed2cec069200fb3eed96540d4e2542a8deebbe137a50964.webp","https://fly.pl/wycieczka/turcja,bodrum,c/hillstone-bodrum-ex-grand-yazici-12/pEi5y1FDtPGc1UqU6VdX-OAAogadURmUl1tm6qbdNPLOQ_dwAAAABqbAQAh2wEAA4AIgAqBFdFWlkwsaes1AZImoIBUEFYUGADahNMT1QgUG9saXNoIEFpcmxpbmVzagQwNjU1ckGeAZMBHwACARwAFw0WBBLiAxSrBBXKBxi-AUzUY08AQKYMEed3S4BOUAAbpjUdvNwOIB0N1PbCCQESYwEHYwECBgSSLyw/ofertasv/?filter[tourOperator]=WEZY&filter%5Bperson%5D=2&filter%5BchildAge%5D%5B1%5D=20201210&filter%5Bchild%5D=1","filter_turkey_13_16_days","turcja","bodrum","c","2026-08-27","2026-09-10","15","14","Warszawa","2+1","turcja|bodrum|2026-08-27|2026-09-10|14|Warszawa|2+1"
"Seaden Sea World Resort & Spa","16682.0","05.09.2026 - 18.09.2026","14 dni/13 nocy","3.7","3.7","858","tripadvisor","Warszawa","2026-08-23T15:37:14.406197+00:00","https://fly.pl/oferta/turcja-wczasy/?filter[dest]=39:&filter[hotelids]=&filter[cityids]=&filter[cregids]=&filter[ofrType]=&filter[addObjType]=H&filter[whenFrom]=23-08-2026&filter[whenTo]=22-09-2026&filter[duration]=13:16&filter[from]=Warszawa,Warszawa%20-%20Radom&filter[person]=2&filter[child]=1&filter[price]=4000:20000&filter[PriceFrom]=4000&filter[PriceTo]=20000&filter[addCategory]=50&filter[addCatering]=0&filter[addMisc]=0&filter[addTransport]=F&filter[fp]=1&order_by=ofr_price&filter[tourOperator]=0&filter[childAge][1]=20201210","https://fly.pl/cdn/photo/assets/uploads/582/278/2015/01/Seaden-Sea-World-Resort-Spa.jpg","https://fly.pl/wycieczka/turcja,side,kizilagac/sea-world-resort/pK7Gvt6e70XfyS4e6B9TWSAAog2xnjHZt6OzGty9GaOjwAToYzxft59rnFXAkAxIkkmr0qBEVYSU0wsaes1AZIqoIBUAFYqAJgAmoCQUlyIhwRhrgGuQTD1ECrBKoBG7ukLBi79zUBmPPU9wgCEmMBAwwy-SSz/ofertasv/?filter[tourOperator]=EXIM&filter%5Bperson%5D=2&filter%5BchildAge%5D%5B1%5D=20201210&filter%5Bchild%5D=1","filter_turkey_13_16_days","turcja","side","kizilagac","2026-09-05","2026-09-18","14","13","Warszawa","2+1","turcja|side|2026-09-05|2026-09-18|13|Warszawa|2+1"
"Club Paradiso","16713.0","09.09.2026 - 22.09.2026","14 dni/13 nocy","4.1","4.1","673","tripadvisor","Warszawa","2026-08-23T15:37:14.406197+00:00","https://fly.pl/oferta/turcja-wczasy/?filter[dest]=39:&filter[hotelids]=&filter[cityids]=&filter[cregids]=&filter[ofrType]=&filter[addObjType]=H&filter[whenFrom]=23-08-2026&filter[whenTo]=22-09-2026&filter[duration]=13:16&filter[from]=Warszawa,Warszawa%20-%20Radom&filter[person]=2&filter[child]=1&filter[price]=4000:20000&filter[PriceFrom]=4000&filter[PriceTo]=20000&filter[addCategory]=50&filter[addCatering]=0&filter[addMisc]=0&filter[addTransport]=F&filter[fp]=1&order_by=ofr_price&filter[tourOperator]=0&filter[childAge][1]=20201210","https://fly.pl/cdn/photo/assets/uploads/582/278/2014/10/Club-Paradiso.jpg","https://fly.pl/wycieczka/turcja,alanya,kestel/club-paradiso/pNBD-4gI_qhkRi4xQle2NvAAog7-In5Q0UL6g1fuZEgRE3CyGzm71fuxsMU5q28Om4PE0qBE9SRVgwsaes1AZIyYIBUEFYiANgAmoGVDMuMi4xcjabARUNFwBYAlYCXAgRnwFAowVP20BdJFOrJ1IAXpaUAUvtQ2EATOWMOiDA_JcJDQACEmMBAgyW6a7V/ofertasv/?filter[tourOperator]=OREX&filter%5Bperson%5D=2&filter%5BchildAge%5D%5B1%5D=20201210&filter%5Bchild%5D=1","filter_turkey_13_16_days","turcja","alanya","kestel","2026-09-09","2026-09-22","14","13","Warszawa","2+1","turcja|alanya|2026-09-09|2026-09-22|13|Warszawa|2+1"
"Crystal Sunset Pearl Collection (ex Crystal Sunset Luxury Resort)","16727.0","08.09.2026 - 21.09.2026","14 dni/13 nocy","4.4","4.4","6013","tripadvisor","Warszawa","2026-08-23T15:37:14.406197+00:00","https://fly.pl/oferta/turcja-wczasy/?filter[dest]=39:&filter[hotelids]=&filter[cityids]=&filter[cregids]=&filter[ofrType]=&filter[addObjType]=H&filter[whenFrom]=23-08-2026&filter[whenTo]=22-09-2026&filter[duration]=13:16&filter[from]=Warszawa,Warszawa%20-%20Radom&filter[person]=2&filter[child]=1&filter[price]=4000:20000&filter[PriceFrom]=4000&filter[PriceTo]=20000&filter[addCategory]=50&filter[addCatering]=0&filter[addMisc]=0&filter[addTransport]=F&filter[fp]=1&order_by=ofr_price&filter[tourOperator]=0&filter[childAge][1]=20201210","https://fly.pl/cdn/photo/assets/uploads/582/278/2015/04/Crystal-Sunset-Luxury-Resort-fly-pl.jpg","https://fly.pl/wycieczka/turcja,side,c/crystal-sunset-resort/pzal6m3cfF80NAC9_tX1fPAAoggz2PDaedQ-I4e8Q5MR_qL4RXb0S2CkfY7MNA9xXe7tgqBE9SRVgwsaes1AZI14IBUEFY8AJgAmoGSjAuMi4xcjabARUNFwBYAlYCXAgRswNAjwNP20BdJFOrJ1IAXpaUAUvtQ2EATOWMOiC__JcJDQACEmMBAgsWKJDD/ofertasv/?filter[tourOperator]=OREX&filter%5Bperson%5D=2&filter%5BchildAge%5D%5B1%5D=20201210&filter%5Bchild%5D=1","filter_turkey_13_16_days","turcja","side","c","2026-09-08","2026-09-21","14","13","Warszawa","2+1","turcja|side|2026-09-08|2026-09-21|13|Warszawa|2+1"
"Palm Wings Beach Resort & SPA (Kusadasi)","16742.0","06.09.2026 - 21.09.2026","16 dni/14 nocy","4.5","4.5","3450","tripadvisor","Warszawa","2026-08-23T15:37:14.406197+00:00","https://fly.pl/oferta/turcja-wczasy/?filter[dest]=39:&filter[hotelids]=&filter[cityids]=&filter[cregids]=&filter[ofrType]=&filter[addObjType]=H&filter[whenFrom]=23-08-2026&filter[whenTo]=22-09-2026&filter[duration]=13:16&filter[from]=Warszawa,Warszawa%20-%20Radom&filter[person]=2&filter[child]=1&filter[price]=4000:20000&filter[PriceFrom]=4000&filter[PriceTo]=20000&filter[addCategory]=50&filter[addCatering]=0&filter[addMisc]=0&filter[addTransport]=F&filter[fp]=1&order_by=ofr_price&filter[tourOperator]=0&filter[childAge][1]=20201210","https://fly.pl/cdn/photo/assets/uploads/582/278/2017/12/Palm-Wings-Beach-Resort-SPA-Kusadasi-fly-pl.jpg","https://fly.pl/wycieczka/turcja,kusadasi,c/palm-wings-beach-resort-spa-kusadasi/pVFE4fdQUa5eZN18j1TbRbAAog1u10qqfNpSZpLdOl2EIRP9EzePA6K1TdX_ACAFXiuCcqBFJOQlcwtKes1AZI5oIBUEFYwAJgAmoEQ0FoTGoXMjk2LDM4MCw0NzcsNDgzLDQ4NCw0ODVqGzQwMiw0MDMsNDA2LDQxNyw0NzMsNDk3LDQ5OXI5nwGeAZQBFQ5YARcACq0DQJsEEYkJEPMIGbpFUu4VUwBLjdIBYQAPh6ZBHTEg6uKQCQ0AAg1jAQMMjOmPJw/ofertasv/?filter[tourOperator]=RNBW&filter%5Bperson%5D=2&filter%5BchildAge%5D%5B1%5D=20201210&filter%5Bchild%5D=1","filter_turkey_13_16_days","turcja","kusadasi","c","2026-09-06","2026-09-21","16","14","Warszawa","2+1","turcja|kusadasi|2026-09-06|2026-09-21|14|Warszawa|2+1"
"VONResort Golden Beach","16760.0","08.09.2026 - 21.09.2026","14 dni/13 nocy","4.3","4.3","1111","tripadvisor","Warszawa","2026-08-23T15:37:14.406197+00:00","https://fly.pl/oferta/turcja-wczasy/?filter[dest]=39:&filter[hotelids]=&filter[cityids]=&filter[cregids]=&filter[ofrType]=&filter[addObjType]=H&filter[whenFrom]=23-08-2026&filter[whenTo]=22-09-2026&filter[duration]=13:16&filter[from]=Warszawa,Warszawa%20-%20Radom&filter[person]=2&filter[child]=1&filter[price]=4000:20000&filter[PriceFrom]=4000&filter[PriceTo]=20000&filter[addCategory]=50&filter[addCatering]=0&filter[addMisc]=0&filter[addTransport]=F&filter[fp]=1&order_by=ofr_price&filter[tourOperator]=0&filter[childAge][1]=20201210","https://fly.pl/cdn/photo/assets/uploads/582/278/2015/04/VON-Club-Golden-Beach-fly-pl.jpg","https://fly.pl/wycieczka/turcja,side,colakli/club-golden-beach-spa/pKvw7PXOp0_k3tzhCcloJSAAogH75yZcRLD1Hi9mWHqpblHAAAAAA-ZQQA62IEAA0AAQAqBFdFWlkwtKes1AZI-IIBUEFY8AJgA2ocRW50ZXIgQWlyL0ZyZWUgQmlyZCBBaXJsaW5lc2oEMDY0MGoEMDYzMGoEMDg0MHJBngGTAZUBmAEfABwBAgAWABcMEucDFKYEEc1ITJ4eTwBAnBJL58UBUAAbi2Eg2J0OHdMEDe6FwwkBEmMBDWMBAgxICYFS/ofertasv/?filter[tourOperator]=WEZY&filter%5Bperson%5D=2&filter%5BchildAge%5D%5B1%5D=20201210&filter%5Bchild%5D=1","filter_turkey_13_16_days","turcja","side","colakli","2026-09-08","2026-09-21","14","13","Warszawa","2+1","turcja|side|2026-09-08|2026-09-21|13|Warszawa|2+1"
"Duja Didim","16769.0","08.09.2026 - 22.09.2026","15 dni/14 nocy","4.4","4.4","1543","tripadvisor","Warszawa","2026-08-23T15:37:14.406197+00:00","https://fly.pl/oferta/turcja-wczasy/?filter[dest]=39:&filter[hotelids]=&filter[cityids]=&filter[cregids]=&filter[ofrType]=&filter[addObjType]=H&filter[whenFrom]=23-08-2026&filter[whenTo]=22-09-2026&filter[duration]=13:16&filter[from]=Warszawa,Warszawa%20-%20Radom&filter[person]=2&filter[child]=1&filter[price]=4000:20000&filter[PriceFrom]=4000&filter[PriceTo]=20000&filter[addCategory]=50&filter[addCatering]=0&filter[addMisc]=0&filter[addTransport]=F&filter[fp]=1&order_by=ofr_price&filter[tourOperator]=0&filter[childAge][1]=20201210","https://fly.pl/cdn/photo/assets/uploads/582/278/2016/01/duja-didim.jpg","https://fly.pl/wycieczka/turcja,bodrum,didim/aurum-moon-resort/p5QWwbHYJoZd_42KCqQ6agAAogJkrMYCx19xduxNNBRUw4DwAAAAAIpwQAH6cEAA4AHQAqBFdFWlkwtKes1AZIgYMBUEFY8AJgA2oJRW50ZXIgQWlyagQwNjU1agQwODU1ckKeAZUBmAEfAAIBFgAcABcNEuYDE4wLFIsDT_RWTABAohhL58UBUAARrUMd08MPIBcb-utjDZOW3ggBEmMBDGMBAwt3dB2S/ofertasv/?filter[tourOperator]=WEZY&filter%5Bperson%5D=2&filter%5BchildAge%5D%5B1%5D=20201210&filter%5Bchild%5D=1","filter_turkey_13_16_days","turcja","bodrum","didim","2026-09-08","2026-09-22","15","14","Warszawa","2+1","turcja|bodrum|2026-09-08|2026-09-22|14|Warszawa|2+1"
"Selectum Noa","16803.0","01.09.2026 - 14.09.2026","14 dni/13 nocy","4.1","4.1","1495","tripadvisor","Warszawa","2026-08-23T15:37:14.406197+00:00","https://fly.pl/oferta/turcja-wczasy/?filter[dest]=39:&filter[hotelids]=&filter[cityids]=&filter[cregids]=&filter[ofrType]=&filter[addObjType]=H&filter[whenFrom]=23-08-2026&filter[whenTo]=22-09-2026&filter[duration]=13:16&filter[from]=Warszawa,Warszawa%20-%20Radom&filter[person]=2&filter[child]=1&filter[price]=4000:20000&filter[PriceFrom]=4000&filter[PriceTo]=20000&filter[addCategory]=50&filter[addCatering]=0&filter[addMisc]=0&filter[addTransport]=F&filter[fp]=1&order_by=ofr_price&filter[tourOperator]=0&filter[childAge][1]=20201210","https://fly.pl/cdn/photo/assets/uploads/582/278/2015/02/Cesars-Temple.jpg","https://fly.pl/wycieczka/turcja,belek,c/cesars-temple/p27fv0m3aqev890hcPeHNqAAogTEfOHt688G4altycykFl1mH-9WFY2kVMCzoTvlM5mjwqBE9SRVgwtKes1AZIo4MBUEFYyAFgAmoHRjFPLjIuMXI2mwEVDRcAWAJWAlwIQMIGEbkmT6IaXSRTqydSAF6WlAFL7UNhAEzljDoguPyXCQ0AAhJjAQIL2_4rSA/ofertasv/?filter[tourOperator]=OREX&filter%5Bperson%5D=2&filter%5BchildAge%5D%5B1%5D=20201210&filter%5Bchild%5D=1","filter_turkey_13_16_days","turcja","belek","c","2026-09-01","2026-09-14","14","13","Warszawa","2+1","turcja|belek|2026-09-01|2026-09-14|13|Warszawa|2+1"
"Club Yali Hotels & Resort","16811.0","08.09.2026 - 22.09.2026","15 dni/14 nocy","4.2","4.2","3126","tripadvisor","Warszawa","2026-08-23T15:37:14.406197+00:00","https://fly.pl/oferta/turcja-wczasy/?filter[dest]=39:&filter[hotelids]=&filter[cityids]=&filter[cregids]=&filter[ofrType]=&filter[addObjType]=H&filter[whenFrom]=23-08-2026&filter[whenTo]=22-09-2026&filter[duration]=13:16&filter[from]=Warszawa,Warszawa%20-%20Radom&filter[person]=2&filter[child]=1&filter[price]=4000:20000&filter[PriceFrom]=4000&filter[PriceTo]=20000&filter[addCategory]=50&filter[addCatering]=0&filter[addMisc]=0&filter[addTransport]=F&filter[fp]=1&order_by=ofr_price&filter[tourOperator]=0&filter[childAge][1]=20201210","https://fly.pl/cdn/photo/assets/uploads/582/278/2020/01/CLUB-YALI-HOTELS-RESORT.jpg","https://fly.pl/wycieczka/turcja,kusadasi,gumuldur/club-yali-hotels-resort-11/pbQiYWtdFURz6Tz4QhJ5aYAAogR3mn9P0tORK_Ql_UhtOu1AAAAAAIpwQAH6cEAA4AAAAqBFdFWlkwtKes1AZIq4MBUEFY8AJgA2oJRW50ZXIgQWlyagQwNjU1agQwODU1ckGeAZUBmAEfAAIBFgAcABcNEuYDE4wLFIsDEb0uTLcoTwBAohhL58UBUAAbxHQdvJIPIBcNjYLCCQESYwENYwEDDOwbSZQ/ofertasv/?filter[tourOperator]=WEZY&filter%5Bperson%5D=2&filter%5BchildAge%5D%5B1%5D=20201210&filter%5Bchild%5D=1","filter_turkey_13_16_days","turcja","kusadasi","gumuldur","2026-09-08","2026-09-22","15","14","Warszawa","2+1","turcja|kusadasi|2026-09-08|2026-09-22|14|Warszawa|2+1"
"Oz Sui Resort","16817.0","05.09.2026 - 19.09.2026","15 dni/14 nocy","4.6","4.6","1964","tripadvisor","Warszawa","2026-08-23T15:37:14.406197+00:00","https://fly.pl/oferta/turcja-wczasy/?filter[dest]=39:&filter[hotelids]=&filter[cityids]=&filter[cregids]=&filter[ofrType]=&filter[addObjType]=H&filter[whenFrom]=23-08-2026&filter[whenTo]=22-09-2026&filter[duration]=13:16&filter[from]=Warszawa,Warszawa%20-%20Radom&filter[person]=2&filter[child]=1&filter[price]=4000:20000&filter[PriceFrom]=4000&filter[PriceTo]=20000&filter[addCategory]=50&filter[addCatering]=0&filter[addMisc]=0&filter[addTransport]=F&filter[fp]=1&order_by=ofr_price&filter[tourOperator]=0&filter[childAge][1]=20201210","https://fly.pl/cdn/photo/assets/uploads/582/278/2016/02/Oz-Hotels-Sui-Resort.jpg","https://fly.pl/wycieczka/turcja,alanya,c/sui-resort/pQCK9CUcMUb0icYI1zyOrhAAogthRu0x706i1r6qGn8478Efdq_34b_4EyyRdFOhXSxSYqBFJOQlcwtKes1AZIsYMBUEFYqAJgAmoGQ0FpaUFRahcyOTYsMzgwLDQ3Nyw0ODMsNDg0LDQ4NXI3nwGeARUOFwBYAUDIBwr8FxGrKxmTFFL0D1MAEIpxS_lmYQAPyZVBHYkBIM_ykAkNAAINYwECBuqCJVE/ofertasv/?filter[tourOperator]=RNBW&filter%5Bperson%5D=2&filter%5BchildAge%5D%5B1%5D=20201210&filter%5Bchild%5D=1","filter_turkey_13_16_days","turcja","alanya","c","2026-09-05","2026-09-19","15","14","Warszawa","2+1","turcja|alanya|2026-09-05|2026-09-19|14|Warszawa|2+1"
"Numa Bay Exclusive (ex Sentido Numa Bay)","16853.0","05.09.2026 - 18.09.2026","14 dni/13 nocy","4.6","4.6","3450","tripadvisor","Warszawa","2026-08-23T15:37:14.406197+00:00","https://fly.pl/oferta/turcja-wczasy/?filter[dest]=39:&filter[hotelids]=&filter[cityids]=&filter[cregids]=&filter[ofrType]=&filter[addObjType]=H&filter[whenFrom]=23-08-2026&filter[whenTo]=22-09-2026&filter[duration]=13:16&filter[from]=Warszawa,Warszawa%20-%20Radom&filter[person]=2&filter[child]=1&filter[price]=4000:20000&filter[PriceFrom]=4000&filter[PriceTo]=20000&filter[addCategory]=50&filter[addCatering]=0&filter[addMisc]=0&filter[addTransport]=F&filter[fp]=1&order_by=ofr_price&filter[tourOperator]=0&filter[childAge][1]=20201210","https://fly.pl/cdn/photo/assets/uploads/582/278/2016/11/NUMA-BAY-EXCLUSIVE-HOTEL.jpg","https://fly.pl/wycieczka/turcja,alanya,avsallar/sentido-numa-bay/pqKdclRm4w9Pv06EqqOup8AAog2OpS9sQ3B5sxD3kdxTmHAAAAAABJqwQAyG0EAA0AAAAqBFdFWlkwtKes1AZI1YMBUEFYqAJgA2oJRW50ZXIgQWlyagQwNjQwagQwOTEwckKeAZUBmAEfAAIBFgAcABcMEucDE_gKFJoDTP9cTwBAnBIRhR9L4qYBUAAbxHQg_J8OHYF7DeD5wQkBEmMBDWMBAgr-50y9/ofertasv/?filter[tourOperator]=WEZY&filter%5Bperson%5D=2&filter%5BchildAge%5D%5B1%5D=20201210&filter%5Bchild%5D=1","filter_turkey_13_16_days","turcja","alanya","avsallar","2026-09-05","2026-09-18","14","13","Warszawa","2+1","turcja|alanya|2026-09-05|2026-09-18|13|Warszawa|2+1"
"Richmond Ephesus","16921.0","08.09.2026 - 22.09.2026","15 dni/14 nocy","4.3","4.3","1761","tripadvisor","Warszawa","2026-08-23T15:37:14.406197+00:00","https://fly.pl/oferta/turcja-wczasy/?filter[dest]=39:&filter[hotelids]=&filter[cityids]=&filter[cregids]=&filter[ofrType]=&filter[addObjType]=H&filter[whenFrom]=23-08-2026&filter[whenTo]=22-09-2026&filter[duration]=13:16&filter[from]=Warszawa,Warszawa%20-%20Radom&filter[person]=2&filter[child]=1&filter[price]=4000:20000&filter[PriceFrom]=4000&filter[PriceTo]=20000&filter[addCategory]=50&filter[addCatering]=0&filter[addMisc]=0&filter[addTransport]=F&filter[fp]=1&order_by=ofr_price&filter[tourOperator]=0&filter[childAge][1]=20201210","https://fly.pl/cdn/photo/assets/uploads/582/278/2016/06/Richmond-Ephesus-fly-pl-1.jpg","https://fly.pl/wycieczka/turcja,kusadasi,selcuk/richmond-ephesus/pPF3hpfO2v-jwxDImMkHpRAAogIq9yP34jZN4EdMV07inFiAAAAAAIpwQAH6cEAA4AAAAqBFdFWlkwtKes1AZImYQBUEFY8AJgA2oJRW50ZXIgQWlyagQwNjU1agQwODU1ckGeAZUBmAEfAAIBHAAWBBcJEuYDE4wLFIsDEZkPTNtHTwBAohhL58UBUAAb9k8dircPIBcNjYLCCQESYwEMYwEDC7UpNTI/ofertasv/?filter[tourOperator]=WEZY&filter%5Bperson%5D=2&filter%5BchildAge%5D%5B1%5D=20201210&filter%5Bchild%5D=1","filter_turkey_13_16_days","turcja","kusadasi","selcuk","2026-09-08","2026-09-22","15","14","Warszawa","2+1","turcja|kusadasi|2026-09-08|2026-09-22|14|Warszawa|2+1"
"Grand Belish","16955.0","06.09.2026 - 21.09.2026","16 dni/14 nocy","4.1","4.1","713","tripadvisor","Warszawa","2026-08-23T15:37:14.406197+00:00","https://fly.pl/oferta/turcja-wczasy/?filter[dest]=39:&filter[hotelids]=&filter[cityids]=&filter[cregids]=&filter[ofrType]=&filter[addObjType]=H&filter[whenFrom]=23-08-2026&filter[whenTo]=22-09-2026&filter[duration]=13:16&filter[from]=Warszawa,Warszawa%20-%20Radom&filter[person]=2&filter[child]=1&filter[price]=4000:20000&filter[PriceFrom]=4000&filter[PriceTo]=20000&filter[addCategory]=50&filter[addCatering]=0&filter[addMisc]=0&filter[addTransport]=F&filter[fp]=1&order_by=ofr_price&filter[tourOperator]=0&filter[childAge][1]=20201210","https://fly.pl/cdn/photo/assets/uploads/582/278/2015/03/Grand-Belish.jpg","https://fly.pl/wycieczka/turcja,kusadasi,c/grand-belish/pBpYNVeH7zMPgjVTEmRzhgAAoghLTRA_8ckqgGNRZTLA2ODNEzePA6K1TdX_ACAFXiuCcqBFJOQlcwtKes1AZIu4QBUEFYwAJgAmoEQ0FoTGoXMjk2LDM4MCw0NzcsNDgzLDQ4NCw0ODVqGzQwMiw0MDMsNDA2LDQxNyw0NzMsNDk3LDQ5OXI5nwGeAZQBFQ5YARcACq0DQJsEEZQnGaIwENcHUpcOUwBLjdIBYQAPh6ZBHTEg6uKQCQ0AAg1jAQMMm9MKWg/ofertasv/?filter[tourOperator]=RNBW&filter%5Bperson%5D=2&filter%5BchildAge%5D%5B1%5D=20201210&filter%5Bchild%5D=1","filter_turkey_13_16_days","turcja","kusadasi","c","2026-09-06","2026-09-21","16","14","Warszawa","2+1","turcja|kusadasi|2026-09-06|2026-09-21|14|Warszawa|2+1"
"Victory Volare","17031.0","07.09.2026 - 20.09.2026","14 dni/13 nocy","4.5","4.5","1192","tripadvisor","Warszawa","2026-08-23T15:37:14.406197+00:00","https://fly.pl/oferta/turcja-wczasy/?filter[dest]=39:&filter[hotelids]=&filter[cityids]=&filter[cregids]=&filter[ofrType]=&filter[addObjType]=H&filter[whenFrom]=23-08-2026&filter[whenTo]=22-09-2026&filter[duration]=13:16&filter[from]=Warszawa,Warszawa%20-%20Radom&filter[person]=2&filter[child]=1&filter[price]=4000:20000&filter[PriceFrom]=4000&filter[PriceTo]=20000&filter[addCategory]=50&filter[addCatering]=0&filter[addMisc]=0&filter[addTransport]=F&filter[fp]=1&order_by=ofr_price&filter[tourOperator]=0&filter[childAge][1]=20201210","https://fly.pl/cdn/photo/assets/uploads/582/278/2024/07/victory-volare.jpg","https://fly.pl/wycieczka/turcja,side,colakli/victory-volare-14/pR8p-TXlMs8arWodKk1oEsAAog0JlSsn3iFOsvt0OToqHDngAAAAD9YgQA6XQEAA0AAQAqBFdFWlkwtKes1AZIh4UBUEFY2AJgA2oJRW50ZXIgQWlyckOeAR8AHAECABYAFwwS5wMT8QQVsQIUbhhpTJhiTwBAnBJQ58UBSwARj1Ed5q0OIOwjG_LNBQ3QmL0JARJjARFjAQMQA0e58g/ofertasv/?filter[tourOperator]=WEZY&filter%5Bperson%5D=2&filter%5BchildAge%5D%5B1%5D=20201210&filter%5Bchild%5D=1","filter_turkey_13_16_days","turcja","side","colakli","2026-09-07","2026-09-20","14","13","Warszawa","2+1","turcja|side|2026-09-07|2026-09-20|13|Warszawa|2+1"
"Victory Be Mine","17031.0","07.09.2026 - 20.09.2026","14 dni/13 nocy","4.6","4.6","2713","tripadvisor","Warszawa","2026-08-23T15:37:14.406197+00:00","https://fly.pl/oferta/turcja-wczasy/?filter[dest]=39:&filter[hotelids]=&filter[cityids]=&filter[cregids]=&filter[ofrType]=&filter[addObjType]=H&filter[whenFrom]=23-08-2026&filter[whenTo]=22-09-2026&filter[duration]=13:16&filter[from]=Warszawa,Warszawa%20-%20Radom&filter[person]=2&filter[child]=1&filter[price]=4000:20000&filter[PriceFrom]=4000&filter[PriceTo]=20000&filter[addCategory]=50&filter[addCatering]=0&filter[addMisc]=0&filter[addTransport]=F&filter[fp]=1&order_by=ofr_price&filter[tourOperator]=0&filter[childAge][1]=20201210","https://fly.pl/cdn/photo/assets/uploads/582/278/2024/07/victory-be-mine.jpg","https://fly.pl/wycieczka/turcja,side,colakli/victory-be-mine-13/pFBKqx89wEyhH0pNXqjAdqAAogOcKS05qM5pb8txA1m78_IAAAAADQYgQAs3QEAA0AAQAqBFdFWlkwtKes1AZIh4UBUEFY2AJgA2oSRnJlZSBCaXJkIEFpcmxpbmVzagQwOTQwckKeAZMBHwACARYAHAAXDBLnAxTNBhWvARjSAUzDYU8AQJwSEY5tS9lYUAAbwj8dhr8OIOMjDfjmwgkBEmMBEWMBAxCFS1Hf/ofertasv/?filter[tourOperator]=WEZY&filter%5Bperson%5D=2&filter%5BchildAge%5D%5B1%5D=20201210&filter%5Bchild%5D=1","filter_turkey_13_16_days","turcja","side","colakli","2026-09-07","2026-09-20","14","13","Warszawa","2+1","turcja|side|2026-09-07|2026-09-20|13|Warszawa|2+1"
"Grand Kaptan","17062.0","26.08.2026 - 09.09.2026","15 dni/14 nocy","4.4","4.4","2199","tripadvisor","Warszawa","2026-08-23T15:37:14.406197+00:00","https://fly.pl/oferta/turcja-wczasy/?filter[dest]=39:&filter[hotelids]=&filter[cityids]=&filter[cregids]=&filter[ofrType]=&filter[addObjType]=H&filter[whenFrom]=23-08-2026&filter[whenTo]=22-09-2026&filter[duration]=13:16&filter[from]=Warszawa,Warszawa%20-%20Radom&filter[person]=2&filter[child]=1&filter[price]=4000:20000&filter[PriceFrom]=4000&filter[PriceTo]=20000&filter[addCategory]=50&filter[addCatering]=0&filter[addMisc]=0&filter[addTransport]=F&filter[fp]=1&order_by=ofr_price&filter[tourOperator]=0&filter[childAge][1]=20201210","https://fly.pl/cdn/photo/assets/uploads/582/278/2015/04/Grand-Kaptan-fly-pl.jpg","https://fly.pl/wycieczka/turcja,alanya,c/grand-kaptan/pxTXk9ynUQET3NH34SLA80AAogITgmgqcbWAGzuhdYqTQheUpXy9wZyKNHUkemvN4giIgqBFJOQlcwtKes1AZIpoUBUEFYOGACagRCd2NhahcyOTYsMzgwLDQ3Nyw0ODMsNDg0LDQ4NWobNDAyLDQwMyw0MDYsNDE3LDQ3Myw0OTcsNDk5cjqfAZ4BlAEVDhcAWAEKnAFArAYR_zEZuyVS9A9TABDaJkupsQFhAB3QhkEPkwIg7_-QCQ0AAgxjAQMLdErMmw/ofertasv/?filter[tourOperator]=RNBW&filter%5Bperson%5D=2&filter%5BchildAge%5D%5B1%5D=20201210&filter%5Bchild%5D=1","filter_turkey_13_16_days","turcja","alanya","c","2026-08-26","2026-09-09","15","14","Warszawa","2+1","turcja|alanya|2026-08-26|2026-09-09|14|Warszawa|2+1"
"Adalya Art Side (Ex. Grand Art Side)","17106.0","29.08.2026 - 11.09.2026","14 dni/13 nocy","4.3","4.3","467","tripadvisor","Warszawa","2026-08-23T15:37:14.406197+00:00","https://fly.pl/oferta/turcja-wczasy/?filter[dest]=39:&filter[hotelids]=&filter[cityids]=&filter[cregids]=&filter[ofrType]=&filter[addObjType]=H&filter[whenFrom]=23-08-2026&filter[whenTo]=22-09-2026&filter[duration]=13:16&filter[from]=Warszawa,Warszawa%20-%20Radom&filter[person]=2&filter[child]=1&filter[price]=4000:20000&filter[PriceFrom]=4000&filter[PriceTo]=20000&filter[addCategory]=50&filter[addCatering]=0&filter[addMisc]=0&filter[addTransport]=F&filter[fp]=1&order_by=ofr_price&filter[tourOperator]=0&filter[childAge][1]=20201210","https://fly.pl/cdn/photo/assets/uploads/582/278/2016/06/Adalya-Art-Side.jpg","https://fly.pl/wycieczka/turcja,side,colakli/grand-art-side/pgoGL66YcD3X70yirBYvr1AAogYcppfjyk47xhvol1vr_22yoNWmvQEEHUw3gEnJaiGJ0qBEJWQkUwtKes1AZI0oUBUAFYgAFgAmoDVUFJciEcEa2cARvm-T0YyJwSuQSpkSirBBMB95Hv-AICEmMBAwtMVcne/ofertasv/?filter[tourOperator]=BVBE&filter%5Bperson%5D=2&filter%5BchildAge%5D%5B1%5D=20201210&filter%5Bchild%5D=1","filter_turkey_13_16_days","turcja","side","colakli","2026-08-29","2026-09-11","14","13","Warszawa","2+1","turcja|side|2026-08-29|2026-09-11|13|Warszawa|2+1"
"Kremlin Palace","17123.0","08.09.2026 - 21.09.2026","14 dni/13 nocy","4.0","4.0","3894","tripadvisor","Warszawa","2026-08-23T15:37:14.406197+00:00","https://fly.pl/oferta/turcja-wczasy/?filter[dest]=39:&filter[hotelids]=&filter[cityids]=&filter[cregids]=&filter[ofrType]=&filter[addObjType]=H&filter[whenFrom]=23-08-2026&filter[whenTo]=22-09-2026&filter[duration]=13:16&filter[from]=Warszawa,Warszawa%20-%20Radom&filter[person]=2&filter[child]=1&filter[price]=4000:20000&filter[PriceFrom]=4000&filter[PriceTo]=20000&filter[addCategory]=50&filter[addCatering]=0&filter[addMisc]=0&filter[addTransport]=F&filter[fp]=1&order_by=ofr_price&filter[tourOperator]=0&filter[childAge][1]=20201210","https://fly.pl/cdn/photo/assets/uploads/582/278/2015/02/Asteria-Kremlin-Palace-ex-PGS-fly-pl-1.jpg","https://fly.pl/wycieczka/turcja,antalya,kundu/wow-kremlin-palace/piZG4Ov2ZjuNQur2mNXt8fAAogTeTg2VsWo96vJ1zPmz1kTYRXb0S2CkfY7MNA9xXe7tgqBE9SRVgwtKes1AZI44UBUEFY8AJgAmoGRUMuMi4xcjabARUNFwBYAlYCXAgR4QJA4QNP20BdJFOrJ1IAXpaUAUvtQ2EATOWMOiC__JcJDQACEmMBAguoCWgV/ofertasv/?filter[tourOperator]=OREX&filter%5Bperson%5D=2&filter%5BchildAge%5D%5B1%5D=20201210&filter%5Bchild%5D=1","filter_turkey_13_16_days","turcja","antalya","kundu","2026-09-08","2026-09-21","14","13","Warszawa","2+1","turcja|antalya|2026-09-08|2026-09-21|13|Warszawa|2+1"
"Ozkaymak Marina (Kemer)","17149.0","30.08.2026 - 12.09.2026","14 dni/13 nocy","4.0","4.0","1321","tripadvisor","Warszawa","2026-08-23T15:37:14.406197+00:00","https://fly.pl/oferta/turcja-wczasy/?filter[dest]=39:&filter[hotelids]=&filter[cityids]=&filter[cregids]=&filter[ofrType]=&filter[addObjType]=H&filter[whenFrom]=23-08-2026&filter[whenTo]=22-09-2026&filter[duration]=13:16&filter[from]=Warszawa,Warszawa%20-%20Radom&filter[person]=2&filter[child]=1&filter[price]=4000:20000&filter[PriceFrom]=4000&filter[PriceTo]=20000&filter[addCategory]=50&filter[addCatering]=0&filter[addMisc]=0&filter[addTransport]=F&filter[fp]=1&order_by=ofr_price&filter[tourOperator]=0&filter[childAge][1]=20201210","https://fly.pl/cdn/photo/assets/uploads/582/278/2016/05/Ozkaymak-Kemer-Marina.jpg","https://fly.pl/wycieczka/turcja,kemer,c/ozkaymak-kemer-marina/p1on3DZ0k8TjmT3dE7qNAMAAog4tapkN3UyHcwn6rzxNbY2fHnqVQ2OJQ18RIh2za_odwqBEpPSVAwtKes1AZI_YUBUEFYmAFgAmoDSHJnckKbARQBXAkVAxcAWAJWAk-VAV0AQLUFUqpoUwARw4gBXtMLS-1DYQBM5Yw6DfH7lwkgAAHXkvTAhYnMnDACDWMBAgspFPgx/ofertasv/?filter[tourOperator]=JOIP&filter%5Bperson%5D=2&filter%5BchildAge%5D%5B1%5D=20201210&filter%5Bchild%5D=1","filter_turkey_13_16_days","turcja","kemer","c","2026-08-30","2026-09-12","14","13","Warszawa","2+1","turcja|kemer|2026-08-30|2026-09-12|13|Warszawa|2+1"
"Green Nature Diamond","17157.0","31.08.2026 - 14.09.2026","15 dni/14 nocy","4.5","4.5","6230","tripadvisor","Warszawa","2026-08-23T15:37:14.406197+00:00","https://fly.pl/oferta/turcja-wczasy/?filter[dest]=39:&filter[hotelids]=&filter[cityids]=&filter[cregids]=&filter[ofrType]=&filter[addObjType]=H&filter[whenFrom]=23-08-2026&filter[whenTo]=22-09-2026&filter[duration]=13:16&filter[from]=Warszawa,Warszawa%20-%20Radom&filter[person]=2&filter[child]=1&filter[price]=4000:20000&filter[PriceFrom]=4000&filter[PriceTo]=20000&filter[addCategory]=50&filter[addCatering]=0&filter[addMisc]=0&filter[addTransport]=F&filter[fp]=1&order_by=ofr_price&filter[tourOperator]=0&filter[childAge][1]=20201210","https://fly.pl/cdn/photo/assets/uploads/582/278/2015/04/Green-Nature-Diamond.jpg","https://fly.pl/wycieczka/turcja,marmaris,c/green-nature-diamond/pkxZaqh4EonG2bD7QImB_OAAogf-Jb09ixLBDSs48TGk1pwq8rDDdjFLXaQKSLkMNXaCQqBFZJVFgwtKes1AZIhYYBUEFYsAFgAnJAGgBcChUEFwBYAUCPA1O8hgFSAFvDAV7-d0vtQ2EATKm0OSCu1JgJDQBR_5-um25Pw8I1XYi78NOXAQINYwECDAB84lY/ofertasv/?filter[tourOperator]=VITX&filter%5Bperson%5D=2&filter%5BchildAge%5D%5B1%5D=20201210&filter%5Bchild%5D=1","filter_turkey_13_16_days","turcja","marmaris","c","2026-08-31","2026-09-14","15","14","Warszawa","2+1","turcja|marmaris|2026-08-31|2026-09-14|14|Warszawa|2+1"
"Side Premium by OZ Hotels","17189.0","05.09.2026 - 18.09.2026","14 dni/13 nocy","4.4","4.4","3832","tripadvisor","Warszawa","2026-08-23T15:37:14.406197+00:00","https://fly.pl/oferta/turcja-wczasy/?filter[dest]=39:&filter[hotelids]=&filter[cityids]=&filter[cregids]=&filter[ofrType]=&filter[addObjType]=H&filter[whenFrom]=23-08-2026&filter[whenTo]=22-09-2026&filter[duration]=13:16&filter[from]=Warszawa,Warszawa%20-%20Radom&filter[person]=2&filter[child]=1&filter[price]=4000:20000&filter[PriceFrom]=4000&filter[PriceTo]=20000&filter[addCategory]=50&filter[addCatering]=0&filter[addMisc]=0&filter[addTransport]=F&filter[fp]=1&order_by=ofr_price&filter[tourOperator]=0&filter[childAge][1]=20201210","https://fly.pl/cdn/photo/assets/uploads/582/278/2016/03/Side-Premium.jpg","https://fly.pl/wycieczka/turcja,side,evrenseki/side-premium/p1KZmvT0NBxWdU95xx_vrCAAogFpIC_E2gpBWmR33OflduZwAAAAA6cQQA9m0EAA0AAQAqBFdFWlkwtKes1AZIpYYBUEFYqAJgA2odTE9UIFBvbGlzaCBBaXJsaW5lcy9FbnRlciBBaXJyQ54BHwAcAQIAFgAXDBLnAxWFBROJAhgKFJADEe9KT_oVTABAnBJQ58UBSwAbuFQgtsAOHcQGDe_twgkBEmMBDWMBAgbLd-Te/ofertasv/?filter[tourOperator]=WEZY&filter%5Bperson%5D=2&filter%5BchildAge%5D%5B1%5D=20201210&filter%5Bchild%5D=1","filter_turkey_13_16_days","turcja","side","evrenseki","2026-09-05","2026-09-18","14","13","Warszawa","2+1","turcja|side|2026-09-05|2026-09-18|13|Warszawa|2+1"
"Sealight Resort (ex Otium Sealight Beach Resort)","17206.0","03.09.2026 - 17.09.2026","15 dni/14 nocy","4.4","4.4","3569","tripadvisor","Warszawa","2026-08-23T15:37:14.406197+00:00","https://fly.pl/oferta/turcja-wczasy/?filter[dest]=39:&filter[hotelids]=&filter[cityids]=&filter[cregids]=&filter[ofrType]=&filter[addObjType]=H&filter[whenFrom]=23-08-2026&filter[whenTo]=22-09-2026&filter[duration]=13:16&filter[from]=Warszawa,Warszawa%20-%20Radom&filter[person]=2&filter[child]=1&filter[price]=4000:20000&filter[PriceFrom]=4000&filter[PriceTo]=20000&filter[addCategory]=50&filter[addCatering]=0&filter[addMisc]=0&filter[addTransport]=F&filter[fp]=1&order_by=ofr_price&filter[tourOperator]=0&filter[childAge][1]=20201210","https://fly.pl/cdn/photo/assets/uploads/582/278/2015/11/Sealight-Resort.jpg","https://fly.pl/wycieczka/turcja,kusadasi,c/sealight-resort/pwz3nuFGOzvKUlspx8bCHgAAogVlKCFk-cWqfEwJ7fwFN0_Qe2Quqm3PwaZOcmM0_zULAqBFJOQlcwtKes1AZItoYBUEFY-AFgAmoEQ0FoTGoXMjk2LDM4MCw0NzcsNDgzLDQ4NCw0ODVyN58BngEVDhcAWAEKrQNAmwQR-RAQhhIZtzRS7hVTAEuN0gFhAB2GlEAPOSDg9JEJDQACDWMBAww0phU4/ofertasv/?filter[tourOperator]=RNBW&filter%5Bperson%5D=2&filter%5BchildAge%5D%5B1%5D=20201210&filter%5Bchild%5D=1","filter_turkey_13_16_days","turcja","kusadasi","c","2026-09-03","2026-09-17","15","14","Warszawa","2+1","turcja|kusadasi|2026-09-03|2026-09-17|14|Warszawa|2+1"
"Crystal Waterworld Aqua Collection","17325.0","07.09.2026 - 20.09.2026","14 dni/13 nocy","4.2","4.2","4837","tripadvisor","Warszawa","2026-08-23T15:37:14.406197+00:00","https://fly.pl/oferta/turcja-wczasy/?filter[dest]=39:&filter[hotelids]=&filter[cityids]=&filter[cregids]=&filter[ofrType]=&filter[addObjType]=H&filter[whenFrom]=23-08-2026&filter[whenTo]=22-09-2026&filter[duration]=13:16&filter[from]=Warszawa,Warszawa%20-%20Radom&filter[person]=2&filter[child]=1&filter[price]=4000:20000&filter[PriceFrom]=4000&filter[PriceTo]=20000&filter[addCategory]=50&filter[addCatering]=0&filter[addMisc]=0&filter[addTransport]=F&filter[fp]=1&order_by=ofr_price&filter[tourOperator]=0&filter[childAge][1]=20201210","https://fly.pl/cdn/photo/assets/uploads/582/278/2014/10/Crystal-Waterworld-Resort-Spa-fly-pl.jpg","https://fly.pl/wycieczka/turcja,antalya,belek/crystal-waterworld-resort-spa/pxozTl2nYx_ROILlJQnMlYAAogjaHx2Olj1FlRKwR7fiw0WAAAAADQYgQAs3QEAA0AAAAqBFdFWlkwtKes1AZIrYcBUEFY2AJgA2oSRnJlZSBCaXJkIEFpcmxpbmVzagQwOTQwckOeAZMBHwACARYAHAAXDBLnAxTNBhWvARjSARHCMkyBL08AQJwSS-fFAVAAG_cwHdHNDiDjIw345sIJARJjAQxjAQIIDyXNnA/ofertasv/?filter[tourOperator]=WEZY&filter%5Bperson%5D=2&filter%5BchildAge%5D%5B1%5D=20201210&filter%5Bchild%5D=1","filter_turkey_13_16_days","turcja","antalya","belek","2026-09-07","2026-09-20","14","13","Warszawa","2+1","turcja|antalya|2026-09-07|2026-09-20|13|Warszawa|2+1"
"Utopia World","17348.0","01.09.2026 - 14.09.2026","14 dni/13 nocy","4.4","4.4","1753","tripadvisor","Warszawa","2026-08-23T15:37:14.406197+00:00","https://fly.pl/oferta/turcja-wczasy/?filter[dest]=39:&filter[hotelids]=&filter[cityids]=&filter[cregids]=&filter[ofrType]=&filter[addObjType]=H&filter[whenFrom]=23-08-2026&filter[whenTo]=22-09-2026&filter[duration]=13:16&filter[from]=Warszawa,Warszawa%20-%20Radom&filter[person]=2&filter[child]=1&filter[price]=4000:20000&filter[PriceFrom]=4000&filter[PriceTo]=20000&filter[addCategory]=50&filter[addCatering]=0&filter[addMisc]=0&filter[addTransport]=F&filter[fp]=1&order_by=ofr_price&filter[tourOperator]=0&filter[childAge][1]=20201210","https://fly.pl/cdn/photo/assets/uploads/582/278/2014/11/UTOPIA-WORLD-DE-LUXE-HOTEL.jpg","https://fly.pl/wycieczka/turcja,alanya,kargicak/utopia-world/pv8pGPEtN55FOzuhclVA5gAAogDFCqcr247gMP18tIqhE6jmH-9WFY2kVMCzoTvlM5mjwqBE9SRVgwtKes1AZIxIcBUEFYyAFgAmoGRkwuMi4xcjabARUNFwBYAlYCXAgRzAFA9gRP20BdJFOrJ1IAXpaUAUvtQ2EATOWMOiC4_JcJDQACEmMBAgvrDXVR/ofertasv/?filter[tourOperator]=OREX&filter%5Bperson%5D=2&filter%5BchildAge%5D%5B1%5D=20201210&filter%5Bchild%5D=1","filter_turkey_13_16_days","turcja","alanya","kargicak","2026-09-01","2026-09-14","14","13","Warszawa","2+1","turcja|alanya|2026-09-01|2026-09-14|13|Warszawa|2+1"
"Siam Elegance","17429.0","08.09.2026 - 21.09.2026","14 dni/13 nocy","3.7","3.7","1201","tripadvisor","Warszawa","2026-08-23T15:37:14.406197+00:00","https://fly.pl/oferta/turcja-wczasy/?filter[dest]=39:&filter[hotelids]=&filter[cityids]=&filter[cregids]=&filter[ofrType]=&filter[addObjType]=H&filter[whenFrom]=23-08-2026&filter[whenTo]=22-09-2026&filter[duration]=13:16&filter[from]=Warszawa,Warszawa%20-%20Radom&filter[person]=2&filter[child]=1&filter[price]=4000:20000&filter[PriceFrom]=4000&filter[PriceTo]=20000&filter[addCategory]=50&filter[addCatering]=0&filter[addMisc]=0&filter[addTransport]=F&filter[fp]=1&order_by=ofr_price&filter[tourOperator]=0&filter[childAge][1]=20201210","https://fly.pl/cdn/photo/assets/uploads/582/278/2014/10/Siam-Elegance.jpg","https://fly.pl/wycieczka/turcja,belek,c/siam-elegance/pXu89fuD8h53-KV8Ty3aWaAAog1OnOmoaeo5LT3hn5DutiN4RXb0S2CkfY7MNA9xXe7tgqBE9SRVgwtKes1AZIlYgBUEFY8AJgAmoGV0guMi4xcjabARUNFwBYAlYCXAgRyAJA-gNP20BdJFOrJ1IAXpaUAUvtQ2EATOWMOiC__JcJDQACEmMBAgz1pLm9/ofertasv/?filter[tourOperator]=OREX&filter%5Bperson%5D=2&filter%5BchildAge%5D%5B1%5D=20201210&filter%5Bchild%5D=1","filter_turkey_13_16_days","turcja","belek","c","2026-09-08","2026-09-21","14","13","Warszawa","2+1","turcja|belek|2026-09-08|2026-09-21|13|Warszawa|2+1"
"My Home Resort","17513.0","29.08.2026 - 11.09.2026","14 dni/13 nocy","4.4","4.4","888","tripadvisor","Warszawa","2026-08-23T15:37:14.406197+00:00","https://fly.pl/oferta/turcja-wczasy/?filter[dest]=39:&filter[hotelids]=&filter[cityids]=&filter[cregids]=&filter[ofrType]=&filter[addObjType]=H&filter[whenFrom]=23-08-2026&filter[whenTo]=22-09-2026&filter[duration]=13:16&filter[from]=Warszawa,Warszawa%20-%20Radom&filter[person]=2&filter[child]=1&filter[price]=4000:20000&filter[PriceFrom]=4000&filter[PriceTo]=20000&filter[addCategory]=50&filter[addCatering]=0&filter[addMisc]=0&filter[addTransport]=F&filter[fp]=1&order_by=ofr_price&filter[tourOperator]=0&filter[childAge][1]=20201210","https://fly.pl/cdn/photo/assets/uploads/582/278/2010/07/My-Home-Resort2403.jpg","https://fly.pl/wycieczka/turcja,alanya,avsallar/my-home-resort/pzYc1rlV5XYTzHok25fAA2AAogFhTqO7dD0c_B9BWxKWpzeioNWmvQEEHUw3gEnJaiGJ0qBEJWQkUwtKes1AZI6YgBUAFYgAFgAmoDQUkrciEcEcqbARvD_DwYnvISuQTZuSirBBMBp-u28gICEmMBAwt08RmX/ofertasv/?filter[tourOperator]=BVBE&filter%5Bperson%5D=2&filter%5BchildAge%5D%5B1%5D=20201210&filter%5Bchild%5D=1","filter_turkey_13_16_days","turcja","alanya","avsallar","2026-08-29","2026-09-11","14","13","Warszawa","2+1","turcja|alanya|2026-08-29|2026-09-11|13|Warszawa|2+1"
"Dream Water World","17557.0","04.09.2026 - 18.09.2026","15 dni/14 nocy","4.2","4.2","236","tripadvisor","Warszawa","2026-08-23T15:37:14.406197+00:00","https://fly.pl/oferta/turcja-wczasy/?filter[dest]=39:&filter[hotelids]=&filter[cityids]=&filter[cregids]=&filter[ofrType]=&filter[addObjType]=H&filter[whenFrom]=23-08-2026&filter[whenTo]=22-09-2026&filter[duration]=13:16&filter[from]=Warszawa,Warszawa%20-%20Radom&filter[person]=2&filter[child]=1&filter[price]=4000:20000&filter[PriceFrom]=4000&filter[PriceTo]=20000&filter[addCategory]=50&filter[addCatering]=0&filter[addMisc]=0&filter[addTransport]=F&filter[fp]=1&order_by=ofr_price&filter[tourOperator]=0&filter[childAge][1]=20201210","https://datacfstatic.merlinx.pl/ITAK/IMG/AYTDRWW/e2a1702e0cf9344654388611b2e55de36186f7e7eae3f1082c768274348bfff2.webp","https://fly.pl/wycieczka/turcja,antalya,c/dream-water-world-12/pM56GOmMaPKypKUsaLF09zAAoga4QeDeQ_i76ZbJeSddM8XTwQXJjsZ45k64gmT0LxrB8qBFZJVFgwtKes1AZIlYkBUEFYkAJgAnI_GgBcChUEFwBYAUCPA1Pna1IAW9gXXr58S-1DYQBMqbQ5IPfUmAkNAFHolvHtWE-Z4TRdlOWmga0BAgxjAQILvclz-A/ofertasv/?filter[tourOperator]=VITX&filter%5Bperson%5D=2&filter%5BchildAge%5D%5B1%5D=20201210&filter%5Bchild%5D=1","filter_turkey_13_16_days","turcja","antalya","c","2026-09-04","2026-09-18","15","14","Warszawa","2+1","turcja|antalya|2026-09-04|2026-09-18|14|Warszawa|2+1"
"Dream Fun World","17557.0","04.09.2026 - 18.09.2026","15 dni/14 nocy","4.2","4.2","242","tripadvisor","Warszawa","2026-08-23T15:37:14.406197+00:00","https://fly.pl/oferta/turcja-wczasy/?filter[dest]=39:&filter[hotelids]=&filter[cityids]=&filter[cregids]=&filter[ofrType]=&filter[addObjType]=H&filter[whenFrom]=23-08-2026&filter[whenTo]=22-09-2026&filter[duration]=13:16&filter[from]=Warszawa,Warszawa%20-%20Radom&filter[person]=2&filter[child]=1&filter[price]=4000:20000&filter[PriceFrom]=4000&filter[PriceTo]=20000&filter[addCategory]=50&filter[addCatering]=0&filter[addMisc]=0&filter[addTransport]=F&filter[fp]=1&order_by=ofr_price&filter[tourOperator]=0&filter[childAge][1]=20201210","https://fly.pl/cdn/photo/assets/uploads/582/278/2024/07/dream-fun-world.jpg","https://fly.pl/wycieczka/turcja,side,c/dream-fun-world-14/pfT_6kirGtctNdL0lxXBegAAog8aPjHIEA6vc3my9sUcKFLTwQXJjsZ45k64gmT0LxrB8qBFZJVFgwtKes1AZIlYkBUEFYkAJgAnI_GgBcChUEFwBYAUCPA1Pna1IAW9gXXr58S-1DYQBMqbQ5IPfUmAkNAFHPkfHtWE-y5jRdlOWmga0BAgxjAQILte1ksg/ofertasv/?filter[tourOperator]=VITX&filter%5Bperson%5D=2&filter%5BchildAge%5D%5B1%5D=20201210&filter%5Bchild%5D=1","filter_turkey_13_16_days","turcja","side","c","2026-09-04","2026-09-18","15","14","Warszawa","2+1","turcja|side|2026-09-04|2026-09-18|14|Warszawa|2+1"
"Grand Park Lara","17627.0","08.09.2026 - 21.09.2026","14 dni/13 nocy","4.3","4.3","5003","tripadvisor","Warszawa","2026-08-23T15:37:14.406197+00:00","https://fly.pl/oferta/turcja-wczasy/?filter[dest]=39:&filter[hotelids]=&filter[cityids]=&filter[cregids]=&filter[ofrType]=&filter[addObjType]=H&filter[whenFrom]=23-08-2026&filter[whenTo]=22-09-2026&filter[duration]=13:16&filter[from]=Warszawa,Warszawa%20-%20Radom&filter[person]=2&filter[child]=1&filter[price]=4000:20000&filter[PriceFrom]=4000&filter[PriceTo]=20000&filter[addCategory]=50&filter[addCatering]=0&filter[addMisc]=0&filter[addTransport]=F&filter[fp]=1&order_by=ofr_price&filter[tourOperator]=0&filter[childAge][1]=20201210","https://fly.pl/cdn/photo/assets/uploads/582/278/2014/09/Grand-Park-Lara.jpg","https://fly.pl/wycieczka/turcja,alanya,c/grand-park-lara/p_XAIGTIhpSsuMBJ9V8_yTAAog-VHOJs1RQJDSsWxFv8y8b4RXb0S2CkfY7MNA9xXe7tgqBE9SRVgwtKes1AZI24kBUEFY8AJgAmoHSVFNLjIuMXI1mwEVDRcAWAJWAlwIEX1AxQVP20BdJFOrJ1IAXpaUAUvtQ2EATOWMOiC__JcJDQACEmMBAgw6aoyQ/ofertasv/?filter[tourOperator]=OREX&filter%5Bperson%5D=2&filter%5BchildAge%5D%5B1%5D=20201210&filter%5Bchild%5D=1","filter_turkey_13_16_days","turcja","alanya","c","2026-09-08","2026-09-21","14","13","Warszawa","2+1","turcja|alanya|2026-09-08|2026-09-21|13|Warszawa|2+1"
"Club Grand Aqua","17667.0","05.09.2026 - 18.09.2026","14 dni/13 nocy","4.4","4.4","168","tripadvisor","Warszawa","2026-08-23T15:37:14.406197+00:00","https://fly.pl/oferta/turcja-wczasy/?filter[dest]=39:&filter[hotelids]=&filter[cityids]=&filter[cregids]=&filter[ofrType]=&filter[addObjType]=H&filter[whenFrom]=23-08-2026&filter[whenTo]=22-09-2026&filter[duration]=13:16&filter[from]=Warszawa,Warszawa%20-%20Radom&filter[person]=2&filter[child]=1&filter[price]=4000:20000&filter[PriceFrom]=4000&filter[PriceTo]=20000&filter[addCategory]=50&filter[addCatering]=0&filter[addMisc]=0&filter[addTransport]=F&filter[fp]=1&order_by=ofr_price&filter[tourOperator]=0&filter[childAge][1]=20201210","https://fly.pl/cdn/photo/assets/uploads/582/278/2018/03/Club-Grand-Aqua.jpg","https://fly.pl/wycieczka/turcja,side,colakli/club-grand-aqua/p6fkCiD5noJwiErSDq-CCOAAog2dTga0fcDTkCUI-SsUjjAAAAAAA6cQQA9m0EAA0AAAAqBFdFWlkwtKes1AZIg4oBUEFYqAJgA2odTE9UIFBvbGlzaCBBaXJsaW5lcy9FbnRlciBBaXJyQ54BHwAcAQIAFgQXCBLnAxWFBROJAhgKFJADT-lgTABAnBIRy0BQnIUBSwAb9zAg9-MOHcQGDe_twgkBEmMBDWMBAgicU15c/ofertasv/?filter[tourOperator]=WEZY&filter%5Bperson%5D=2&filter%5BchildAge%5D%5B1%5D=20201210&filter%5Bchild%5D=1","filter_turkey_13_16_days","turcja","side","colakli","2026-09-05","2026-09-18","14","13","Warszawa","2+1","turcja|side|2026-09-05|2026-09-18|13|Warszawa|2+1"
"Omer Prime Holiday Resort","17669.0","03.09.2026 - 17.09.2026","15 dni/14 nocy","4.0","4.0","1443","tripadvisor","Warszawa","2026-08-23T15:37:14.406197+00:00","https://fly.pl/oferta/turcja-wczasy/?filter[dest]=39:&filter[hotelids]=&filter[cityids]=&filter[cregids]=&filter[ofrType]=&filter[addObjType]=H&filter[whenFrom]=23-08-2026&filter[whenTo]=22-09-2026&filter[duration]=13:16&filter[from]=Warszawa,Warszawa%20-%20Radom&filter[person]=2&filter[child]=1&filter[price]=4000:20000&filter[PriceFrom]=4000&filter[PriceTo]=20000&filter[addCategory]=50&filter[addCatering]=0&filter[addMisc]=0&filter[addTransport]=F&filter[fp]=1&order_by=ofr_price&filter[tourOperator]=0&filter[childAge][1]=20201210","https://fly.pl/cdn/photo/assets/uploads/582/278/2014/09/Omer-Prime-Holiday-Resort.jpg","https://fly.pl/wycieczka/turcja,kusadasi,c/omer-holiday-resort/pH2LFh99swOvt1cl6Kvv9oAAoguLfuBxz55P_2PJ2eNlasVwe2Quqm3PwaZOcmM0_zULAqBFJOQlcwtKes1AZIhYoBUEFY-AFgAmoEQndjYWoXMjk2LDM4MCw0NzcsNDgzLDQ4NCw0ODVyN58BngEVDhcAWAEKnAFArAYRpDIZkiVS7hVTABCmIkvnrwFhAB2GlEAPOSDg9JEJDQACDGMBAwuGDWCK/ofertasv/?filter[tourOperator]=RNBW&filter%5Bperson%5D=2&filter%5BchildAge%5D%5B1%5D=20201210&filter%5Bchild%5D=1","filter_turkey_13_16_days","turcja","kusadasi","c","2026-09-03","2026-09-17","15","14","Warszawa","2+1","turcja|kusadasi|2026-09-03|2026-09-17|14|Warszawa|2+1"
"Venosa Beach Resort","17752.0","03.09.2026 - 17.09.2026","15 dni/14 nocy","4.6","4.6","5916","tripadvisor","Warszawa","2026-08-23T15:37:14.406197+00:00","https://fly.pl/oferta/turcja-wczasy/?filter[dest]=39:&filter[hotelids]=&filter[cityids]=&filter[cregids]=&filter[ofrType]=&filter[addObjType]=H&filter[whenFrom]=23-08-2026&filter[whenTo]=22-09-2026&filter[duration]=13:16&filter[from]=Warszawa,Warszawa%20-%20Radom&filter[person]=2&filter[child]=1&filter[price]=4000:20000&filter[PriceFrom]=4000&filter[PriceTo]=20000&filter[addCategory]=50&filter[addCatering]=0&filter[addMisc]=0&filter[addTransport]=F&filter[fp]=1&order_by=ofr_price&filter[tourOperator]=0&filter[childAge][1]=20201210","https://fly.pl/cdn/photo/assets/uploads/582/278/2010/09/Venosa1.jpg","https://fly.pl/wycieczka/turcja,bodrum,didim/venosa-beach-resort/pcTWl9bhkDOL6n5Mkuo44uAAogW_9s31OWPiK8gJUNYAwVMge2Quqm3PwaZOcmM0_zULAqBFJOQlcwtKes1AZI2IoBUEFY-AFgAmoEQ0FoTGoXMjk2LDM4MCw0NzcsNDgzLDQ4NCw0ODVyNp8BngEVDhcAWAEKrQMQoAERWUCiAhm2V1LuFVMAS43SAWEAHYaUQA85IOD0kQkNAAINYwEDDOUhng0/ofertasv/?filter[tourOperator]=RNBW&filter%5Bperson%5D=2&filter%5BchildAge%5D%5B1%5D=20201210&filter%5Bchild%5D=1","filter_turkey_13_16_days","turcja","bodrum","didim","2026-09-03","2026-09-17","15","14","Warszawa","2+1","turcja|bodrum|2026-09-03|2026-09-17|14|Warszawa|2+1"
"Side Prenses","17797.0","05.09.2026 - 18.09.2026","14 dni/13 nocy","4.1","4.1","968","tripadvisor","Warszawa","2026-08-23T15:37:14.406197+00:00","https://fly.pl/oferta/turcja-wczasy/?filter[dest]=39:&filter[hotelids]=&filter[cityids]=&filter[cregids]=&filter[ofrType]=&filter[addObjType]=H&filter[whenFrom]=23-08-2026&filter[whenTo]=22-09-2026&filter[duration]=13:16&filter[from]=Warszawa,Warszawa%20-%20Radom&filter[person]=2&filter[child]=1&filter[price]=4000:20000&filter[PriceFrom]=4000&filter[PriceTo]=20000&filter[addCategory]=50&filter[addCatering]=0&filter[addMisc]=0&filter[addTransport]=F&filter[fp]=1&order_by=ofr_price&filter[tourOperator]=0&filter[childAge][1]=20201210","https://fly.pl/cdn/photo/assets/uploads/582/278/2015/04/Side-Prenses.jpg","https://fly.pl/wycieczka/turcja,side,c/side-prenses/pcBR7hfJnZ1cKiO-kTgsppAAogirQBq9AUPzz3kwEQFhh1GAAAAAA6cQQA9m0EAA0AAAAqBFdFWlkwtKes1AZIhYsBUEFYqAJgA2odTE9UIFBvbGlzaCBBaXJsaW5lcy9FbnRlciBBaXJyRJ4BHwAcAQIAFgQXCBLnAxWFBROJAhgKFJADT-lgTABAnBIR1SlQkpwBSwAb59wBIIe4DR3EBg3v7cIJARJjAQxjAQMLzXc2IQ/ofertasv/?filter[tourOperator]=WEZY&filter%5Bperson%5D=2&filter%5BchildAge%5D%5B1%5D=20201210&filter%5Bchild%5D=1","filter_turkey_13_16_days","turcja","side","c","2026-09-05","2026-09-18","14","13","Warszawa","2+1","turcja|side|2026-09-05|2026-09-18|13|Warszawa|2+1"
"Ali Bey Park Manavgat","17822.0","05.09.2026 - 18.09.2026","14 dni/13 nocy","4.3","4.3","928","tripadvisor","Warszawa","2026-08-23T15:37:14.406197+00:00","https://fly.pl/oferta/turcja-wczasy/?filter[dest]=39:&filter[hotelids]=&filter[cityids]=&filter[cregids]=&filter[ofrType]=&filter[addObjType]=H&filter[whenFrom]=23-08-2026&filter[whenTo]=22-09-2026&filter[duration]=13:16&filter[from]=Warszawa,Warszawa%20-%20Radom&filter[person]=2&filter[child]=1&filter[price]=4000:20000&filter[PriceFrom]=4000&filter[PriceTo]=20000&filter[addCategory]=50&filter[addCatering]=0&filter[addMisc]=0&filter[addTransport]=F&filter[fp]=1&order_by=ofr_price&filter[tourOperator]=0&filter[childAge][1]=20201210","https://fly.pl/cdn/photo/assets/uploads/582/278/2016/03/Ali-Bey-Park-Manavgat.jpg","https://fly.pl/wycieczka/turcja,side,manavgat/ali-bey-club-park-manavgat/phNFS-Rwr_eRJSlbr15IAqAAogtn53oomG73WeZr3xJ2qlnAAAAAA6cQQA9m0EAA0AAQAqBFdFWlkwtKes1AZInosBUEFYqAJgA2odTE9UIFBvbGlzaCBBaXJsaW5lcy9FbnRlciBBaXJyQ54BHwAcAQIAFgAXDBLnAxG_AhXGAhOJAhgKFJADT-lgTABAnBJQ58UBSwAbnDEg0uMOHcQGDe_twgkBEmMBDWMBAwyMngf-/ofertasv/?filter[tourOperator]=WEZY&filter%5Bperson%5D=2&filter%5BchildAge%5D%5B1%5D=20201210&filter%5Bchild%5D=1","filter_turkey_13_16_days","turcja","side","manavgat","2026-09-05","2026-09-18","14","13","Warszawa","2+1","turcja|side|2026-09-05|2026-09-18|13|Warszawa|2+1"
"Royal Alhambra Palace","17833.0","05.09.2026 - 18.09.2026","14 dni/13 nocy","4.1","4.1","1820","tripadvisor","Warszawa","2026-08-23T15:37:14.406197+00:00","https://fly.pl/oferta/turcja-wczasy/?filter[dest]=39:&filter[hotelids]=&filter[cityids]=&filter[cregids]=&filter[ofrType]=&filter[addObjType]=H&filter[whenFrom]=23-08-2026&filter[whenTo]=22-09-2026&filter[duration]=13:16&filter[from]=Warszawa,Warszawa%20-%20Radom&filter[person]=2&filter[child]=1&filter[price]=4000:20000&filter[PriceFrom]=4000&filter[PriceTo]=20000&filter[addCategory]=50&filter[addCatering]=0&filter[addMisc]=0&filter[addTransport]=F&filter[fp]=1&order_by=ofr_price&filter[tourOperator]=0&filter[childAge][1]=20201210","https://fly.pl/cdn/photo/assets/uploads/582/278/2014/12/Royal-Alhambra-Palace.jpg","https://fly.pl/wycieczka/turcja,side,c/royal-alhambra-palace/pVvIOLQkLvBPchqPJzVLz-AAogBi5EZBJAcaqbJTc-E2wF-QAAAAA6cQQA9m0EAA0ABAAqBFdFWlkwtqes1AZIqYsBUEFYqAJgA2odTE9UIFBvbGlzaCBBaXJsaW5lcy9FbnRlciBBaXJyQ54BHwAcAQIAFgAXDBLnAxWFBROJAhgKFJADEe4hT_s-TABAnBJQ58UBSwAb-EYg9s0OHcQGDe_twgkBEmMBCmMBAgn3gOMk/ofertasv/?filter[tourOperator]=WEZY&filter%5Bperson%5D=2&filter%5BchildAge%5D%5B1%5D=20201210&filter%5Bchild%5D=1","filter_turkey_13_16_days","turcja","side","c","2026-09-05","2026-09-18","14","13","Warszawa","2+1","turcja|side|2026-09-05|2026-09-18|13|Warszawa|2+1"
"Seamelia Beach Resort & Spa","17881.0","30.08.2026 - 14.09.2026","16 dni/15 nocy","3.8","3.8","232","tripadvisor","Warszawa","2026-08-23T15:37:14.406197+00:00","https://fly.pl/oferta/turcja-wczasy/?filter[dest]=39:&filter[hotelids]=&filter[cityids]=&filter[cregids]=&filter[ofrType]=&filter[addObjType]=H&filter[whenFrom]=23-08-2026&filter[whenTo]=22-09-2026&filter[duration]=13:16&filter[from]=Warszawa,Warszawa%20-%20Radom&filter[person]=2&filter[child]=1&filter[price]=4000:20000&filter[PriceFrom]=4000&filter[PriceTo]=20000&filter[addCategory]=50&filter[addCatering]=0&filter[addMisc]=0&filter[addTransport]=F&filter[fp]=1&order_by=ofr_price&filter[tourOperator]=0&filter[childAge][1]=20201210","https://fly.pl/cdn/photo/assets/uploads/582/278/2017/01/Seamelia-Beach-Resort-Spa.jpg","https://fly.pl/wycieczka/turcja,side,colakli/seamelia-beach/pRhUaYY7ApLlmmjXyc0LPrAAogWYBZsEyB_HLsPKrlKMH5RAAAAACUdAQAFGMEAA8AFgAqBFdFWlkwtqes1AZI2YsBUEFYmAFgA2ocRnJlZSBCaXJkIEFpcmxpbmVzL0VudGVyIEFpcmoEMDgwNXJEngGVAR8AAgEWABwAFw4S5QMYnAQTlgYUlQMRiRRMwUlPAECcEkvnxQFQACCM_w4dgCMby4tkDf_a3ggBEmMBDGMBAwvpVM_j/ofertasv/?filter[tourOperator]=WEZY&filter%5Bperson%5D=2&filter%5BchildAge%5D%5B1%5D=20201210&filter%5Bchild%5D=1","filter_turkey_13_16_days","turcja","side","colakli","2026-08-30","2026-09-14","16","15","Warszawa","2+1","turcja|side|2026-08-30|2026-09-14|15|Warszawa|2+1"
"Orange County Belek","17926.0","05.09.2026 - 18.09.2026","14 dni/13 nocy","4.0","4.0","131","tripadvisor","Warszawa","2026-08-23T15:37:14.406197+00:00","https://fly.pl/oferta/turcja-wczasy/?filter[dest]=39:&filter[hotelids]=&filter[cityids]=&filter[cregids]=&filter[ofrType]=&filter[addObjType]=H&filter[whenFrom]=23-08-2026&filter[whenTo]=22-09-2026&filter[duration]=13:16&filter[from]=Warszawa,Warszawa%20-%20Radom&filter[person]=2&filter[child]=1&filter[price]=4000:20000&filter[PriceFrom]=4000&filter[PriceTo]=20000&filter[addCategory]=50&filter[addCatering]=0&filter[addMisc]=0&filter[addTransport]=F&filter[fp]=1&order_by=ofr_price&filter[tourOperator]=0&filter[childAge][1]=20201210","https://fly.pl/cdn/photo/assets/uploads/582/278/2019/03/Orange-County-Resort-Belek-fly-pl-scaled.jpg","https://fly.pl/wycieczka/turcja,belek,bogazkent/orange-county/p4-QCbdbvz1n0M-UhiKhupAAoghFyZSr99wtunKzj6qLT_lgAAAAA6cQQA9m0EAA0AAQAqBFdFWlkwtqes1AZIhowBUEFYqAJgA2odTE9UIFBvbGlzaCBBaXJsaW5lcy9FbnRlciBBaXJyQp4BHwAcAQIAFgAXDBLnAxWFBROJAhgKFJADT-lgTABAnBIR1ldQkW5LABv3MCD34w4dxAYN7-3CCQESYwEMYwECC_SiGhw/ofertasv/?filter[tourOperator]=WEZY&filter%5Bperson%5D=2&filter%5BchildAge%5D%5B1%5D=20201210&filter%5Bchild%5D=1","filter_turkey_13_16_days","turcja","belek","bogazkent","2026-09-05","2026-09-18","14","13","Warszawa","2+1","turcja|belek|2026-09-05|2026-09-18|13|Warszawa|2+1"
"Queens Park Le Jardin Resort","17936.0","05.09.2026 - 18.09.2026","14 dni/13 nocy","4.4","4.4","1575","tripadvisor","Warszawa","2026-08-23T15:37:14.406197+00:00","https://fly.pl/oferta/turcja-wczasy/?filter[dest]=39:&filter[hotelids]=&filter[cityids]=&filter[cregids]=&filter[ofrType]=&filter[addObjType]=H&filter[whenFrom]=23-08-2026&filter[whenTo]=22-09-2026&filter[duration]=13:16&filter[from]=Warszawa,Warszawa%20-%20Radom&filter[person]=2&filter[child]=1&filter[price]=4000:20000&filter[PriceFrom]=4000&filter[PriceTo]=20000&filter[addCategory]=50&filter[addCatering]=0&filter[addMisc]=0&filter[addTransport]=F&filter[fp]=1&order_by=ofr_price&filter[tourOperator]=0&filter[childAge][1]=20201210","https://fly.pl/cdn/photo/assets/uploads/582/278/2017/12/QUEENS-PARK-LE-JARDIN-RESORT-1.jpg","https://fly.pl/wycieczka/turcja,kemer,kiris/queens-park-le-jardin-resort/pKqNl2B1LEwuqUuCsqkDcaAAog8PafvaLcnTHbnhFybFaE0AAAAAA6cQQA9m0EAA0ADQAqBFdFWlkwtqes1AZIkIwBUEFYqAJgA2odTE9UIFBvbGlzaCBBaXJsaW5lcy9FbnRlciBBaXJyQ54BHwAcAQIAFgAXDBLnAxWFBROJAhgKFJADEdxNT40TTABAnBJQ58UBSwAbuFQgtsAOHcQGDe_twgkBEmMBDGMBAgsBnzVd/ofertasv/?filter[tourOperator]=WEZY&filter%5Bperson%5D=2&filter%5BchildAge%5D%5B1%5D=20201210&filter%5Bchild%5D=1","filter_turkey_13_16_days","turcja","kemer","kiris","2026-09-05","2026-09-18","14","13","Warszawa","2+1","turcja|kemer|2026-09-05|2026-09-18|13|Warszawa|2+1"
"Long Beach (Avsallar)","17946.0","05.09.2026 - 18.09.2026","14 dni/13 nocy","4.2","4.2","4706","tripadvisor","Warszawa","2026-08-23T15:37:14.406197+00:00","https://fly.pl/oferta/turcja-wczasy/?filter[dest]=39:&filter[hotelids]=&filter[cityids]=&filter[cregids]=&filter[ofrType]=&filter[addObjType]=H&filter[whenFrom]=23-08-2026&filter[whenTo]=22-09-2026&filter[duration]=13:16&filter[from]=Warszawa,Warszawa%20-%20Radom&filter[person]=2&filter[child]=1&filter[price]=4000:20000&filter[PriceFrom]=4000&filter[PriceTo]=20000&filter[addCategory]=50&filter[addCatering]=0&filter[addMisc]=0&filter[addTransport]=F&filter[fp]=1&order_by=ofr_price&filter[tourOperator]=0&filter[childAge][1]=20201210","https://fly.pl/cdn/photo/assets/uploads/582/278/2015/03/LONG-BEACH-ALANYA.jpg","https://fly.pl/wycieczka/turcja,alanya,avsallar/long-beach-resort-incekum/pJcIHwsSzyvyol-H4KBzzLAAogOEEmyHf-OSlyKod5XQt_9QAAAAA6cQQA9m0EAA0AAAAqBFdFWlkwtqes1AZImowBUEFYqAJgA2odTE9UIFBvbGlzaCBBaXJsaW5lcy9FbnRlciBBaXJyRJ4BHwAcAQIAFgAXDBLnAxGlAhXgAhOJAhgKFJADT-lgTABAnBJQ58UBSwAg7pQPHcQGG-SQIw2L3Z8JARJjAQ1jAQMMVWc6Bw/ofertasv/?filter[tourOperator]=WEZY&filter%5Bperson%5D=2&filter%5BchildAge%5D%5B1%5D=20201210&filter%5Bchild%5D=1","filter_turkey_13_16_days","turcja","alanya","avsallar","2026-09-05","2026-09-18","14","13","Warszawa","2+1","turcja|alanya|2026-09-05|2026-09-18|13|Warszawa|2+1"
"Orange County (Kemer)","17983.0","05.09.2026 - 18.09.2026","14 dni/13 nocy","4.0","4.0","943","tripadvisor","Warszawa","2026-08-23T15:37:14.406197+00:00","https://fly.pl/oferta/turcja-wczasy/?filter[dest]=39:&filter[hotelids]=&filter[cityids]=&filter[cregids]=&filter[ofrType]=&filter[addObjType]=H&filter[whenFrom]=23-08-2026&filter[whenTo]=22-09-2026&filter[duration]=13:16&filter[from]=Warszawa,Warszawa%20-%20Radom&filter[person]=2&filter[child]=1&filter[price]=4000:20000&filter[PriceFrom]=4000&filter[PriceTo]=20000&filter[addCategory]=50&filter[addCatering]=0&filter[addMisc]=0&filter[addTransport]=F&filter[fp]=1&order_by=ofr_price&filter[tourOperator]=0&filter[childAge][1]=20201210","https://fly.pl/cdn/photo/assets/uploads/582/278/2014/10/Orange-County-Resort-Kemer.jpg","https://fly.pl/wycieczka/turcja,kemer,c/orange-county-resort/p6-tcIVkPUxfGuGBP24ecWAAogaurL57iWvwAJwFcbbU7hvQAAAAA6cQQA9m0EAA0AAQAqBFdFWlkwtqes1AZIv4wBUEFYqAJgA2odTE9UIFBvbGlzaCBBaXJsaW5lcy9FbnRlciBBaXJyQ54BHwAcAQIAFgAXDBLnAxWFBROJAhgKFJADTOlgTwBAnBJQ58UBSwAb9zARvi8gubQOHcQGDe_twgkBEmMBDGMBAgurtzP0/ofertasv/?filter[tourOperator]=WEZY&filter%5Bperson%5D=2&filter%5BchildAge%5D%5B1%5D=20201210&filter%5Bchild%5D=1","filter_turkey_13_16_days","turcja","kemer","c","2026-09-05","2026-09-18","14","13","Warszawa","2+1","turcja|kemer|2026-09-05|2026-09-18|13|Warszawa|2+1"
"Club Grand Side","18028.0","05.09.2026 - 18.09.2026","14 dni/13 nocy","4.2","4.2","369","tripadvisor","Warszawa","2026-08-23T15:37:14.406197+00:00","https://fly.pl/oferta/turcja-wczasy/?filter[dest]=39:&filter[hotelids]=&filter[cityids]=&filter[cregids]=&filter[ofrType]=&filter[addObjType]=H&filter[whenFrom]=23-08-2026&filter[whenTo]=22-09-2026&filter[duration]=13:16&filter[from]=Warszawa,Warszawa%20-%20Radom&filter[person]=2&filter[child]=1&filter[price]=4000:20000&filter[PriceFrom]=4000&filter[PriceTo]=20000&filter[addCategory]=50&filter[addCatering]=0&filter[addMisc]=0&filter[addTransport]=F&filter[fp]=1&order_by=ofr_price&filter[tourOperator]=0&filter[childAge][1]=20201210","https://fly.pl/cdn/photo/assets/uploads/582/278/2018/05/Club-Grand-Side-fly-pl-1.jpg","https://fly.pl/wycieczka/turcja,side,colakli/club-grand-side/pRAqBq6hWjPsUX-12q1jqMAAogWtNaQPpW6-KMP-4DEoeclwAAAAA6cQQA9m0EAA0AAQAqBFdFWlkwtqes1AZI7IwBUEFYqAJgA2odTE9UIFBvbGlzaCBBaXJsaW5lcy9FbnRlciBBaXJyRJ4BHwAcAQIAFgQXCBLnAxWFBROJAhgKFJADT-lgTABAnBIRjkNQ2YIBSwAb7IgBIIKMDh3EBg3v7cIJARJjAQ1jAQIIXkRFWg/ofertasv/?filter[tourOperator]=WEZY&filter%5Bperson%5D=2&filter%5BchildAge%5D%5B1%5D=20201210&filter%5Bchild%5D=1","filter_turkey_13_16_days","turcja","side","colakli","2026-09-05","2026-09-18","14","13","Warszawa","2+1","turcja|side|2026-09-05|2026-09-18|13|Warszawa|2+1"
"Infinity by Yelken","18044.0","06.09.2026 - 21.09.2026","16 dni/14 nocy","4.3","4.3","2115","tripadvisor","Warszawa","2026-08-23T15:37:14.406197+00:00","https://fly.pl/oferta/turcja-wczasy/?filter[dest]=39:&filter[hotelids]=&filter[cityids]=&filter[cregids]=&filter[ofrType]=&filter[addObjType]=H&filter[whenFrom]=23-08-2026&filter[whenTo]=22-09-2026&filter[duration]=13:16&filter[from]=Warszawa,Warszawa%20-%20Radom&filter[person]=2&filter[child]=1&filter[price]=4000:20000&filter[PriceFrom]=4000&filter[PriceTo]=20000&filter[addCategory]=50&filter[addCatering]=0&filter[addMisc]=0&filter[addTransport]=F&filter[fp]=1&order_by=ofr_price&filter[tourOperator]=0&filter[childAge][1]=20201210","https://fly.pl/cdn/photo/assets/uploads/582/278/2019/09/infinity.jpg","https://fly.pl/wycieczka/turcja,kusadasi,c/infinity-by-yelken-14/pOUsokLzsFPhCQFyTQKWDbAAogkZ8u_ccboXrN-c2ec8_OvdEzePA6K1TdX_ACAFXiuCcqBFJOQlcwtqes1AZI_IwBUEFYwAJgAmoEQ0FoTGoXMjk2LDM4MCw0NzcsNDgzLDQ4NCw0ODVqGzQwMiw0MDMsNDA2LDQxNyw0NzMsNDk3LDQ5OXI5nwGeAZQBFQ5YARcACq0DQJsEEZUnGaEwEM4HUqAOUwBLjdIBYQAPh6ZBHTEg6uKQCQ0AAg1jAQMMr40Ciw/ofertasv/?filter[tourOperator]=RNBW&filter%5Bperson%5D=2&filter%5BchildAge%5D%5B1%5D=20201210&filter%5Bchild%5D=1","filter_turkey_13_16_days","turcja","kusadasi","c","2026-09-06","2026-09-21","16","14","Warszawa","2+1","turcja|kusadasi|2026-09-06|2026-09-21|14|Warszawa|2+1"
"The Norm Oriental (ex. Asteria Kemer Resort)","18050.0","31.08.2026 - 13.09.2026","14 dni/13 nocy","4.6","4.6","2613","tripadvisor","Warszawa","2026-08-23T15:37:14.406197+00:00","https://fly.pl/oferta/turcja-wczasy/?filter[dest]=39:&filter[hotelids]=&filter[cityids]=&filter[cregids]=&filter[ofrType]=&filter[addObjType]=H&filter[whenFrom]=23-08-2026&filter[whenTo]=22-09-2026&filter[duration]=13:16&filter[from]=Warszawa,Warszawa%20-%20Radom&filter[person]=2&filter[child]=1&filter[price]=4000:20000&filter[PriceFrom]=4000&filter[PriceTo]=20000&filter[addCategory]=50&filter[addCatering]=0&filter[addMisc]=0&filter[addTransport]=F&filter[fp]=1&order_by=ofr_price&filter[tourOperator]=0&filter[childAge][1]=20201210","https://fly.pl/cdn/photo/assets/uploads/582/278/2014/10/The-Norm-Oriental.jpg","https://fly.pl/wycieczka/turcja,kemer,camyuva/fantasia-deluxe-kemer/pQkszqzLdWEGO7BTf2xBIWAAogiHmspgTO6rNuam956GmhUvO6792qXr7vIATd4bqVIfYqBE9SRVgwtqes1AZIgo0BUEFYsAFgAmoHUFA1LjIuMXI2mwEVDRcAWAJWAlwIQMIGEZsWT8AqXSRTqydSAF6WlAFL7UNhAEzljDog8vuXCQ0AAhJjAQILhsM00A/ofertasv/?filter[tourOperator]=OREX&filter%5Bperson%5D=2&filter%5BchildAge%5D%5B1%5D=20201210&filter%5Bchild%5D=1","filter_turkey_13_16_days","turcja","kemer","camyuva","2026-08-31","2026-09-13","14","13","Warszawa","2+1","turcja|kemer|2026-08-31|2026-09-13|13|Warszawa|2+1"
"Turan Prince","18085.0","05.09.2026 - 18.09.2026","14 dni/13 nocy","4.2","4.2","2196","tripadvisor","Warszawa","2026-08-23T15:37:14.406197+00:00","https://fly.pl/oferta/turcja-wczasy/?filter[dest]=39:&filter[hotelids]=&filter[cityids]=&filter[cregids]=&filter[ofrType]=&filter[addObjType]=H&filter[whenFrom]=23-08-2026&filter[whenTo]=22-09-2026&filter[duration]=13:16&filter[from]=Warszawa,Warszawa%20-%20Radom&filter[person]=2&filter[child]=1&filter[price]=4000:20000&filter[PriceFrom]=4000&filter[PriceTo]=20000&filter[addCategory]=50&filter[addCatering]=0&filter[addMisc]=0&filter[addTransport]=F&filter[fp]=1&order_by=ofr_price&filter[tourOperator]=0&filter[childAge][1]=20201210","https://fly.pl/cdn/photo/assets/uploads/582/278/2016/11/Sentido-Turan-Prince.jpg","https://fly.pl/wycieczka/turcja,side,colakli/sentido-turan-prince/pkouXoeMDp9uiVjzf4vnmAAAoghg_wqsE5yqmO6G3iWkPo2QAAAAA6cQQA9m0EAA0ADQAqBFdFWlkwtqes1AZIpY0BUEFYqAJgA2odTE9UIFBvbGlzaCBBaXJsaW5lcy9FbnRlciBBaXJyQ54BHwAcAQIAFgQXCBLnAxHkAhWhAhOJAhgKFJADT-lgTABAnBJQ58UBSwAbnU8g0cUOHcQGDe_twgkBEmMBDGMBAgvjbztV/ofertasv/?filter[tourOperator]=WEZY&filter%5Bperson%5D=2&filter%5BchildAge%5D%5B1%5D=20201210&filter%5Bchild%5D=1","filter_turkey_13_16_days","turcja","side","colakli","2026-09-05","2026-09-18","14","13","Warszawa","2+1","turcja|side|2026-09-05|2026-09-18|13|Warszawa|2+1"
"Pine Bay Holiday Resort","18157.0","01.09.2026 - 16.09.2026","16 dni/14 nocy","4.0","4.0","4438","tripadvisor","Warszawa","2026-08-23T15:37:14.406197+00:00","https://fly.pl/oferta/turcja-wczasy/?filter[dest]=39:&filter[hotelids]=&filter[cityids]=&filter[cregids]=&filter[ofrType]=&filter[addObjType]=H&filter[whenFrom]=23-08-2026&filter[whenTo]=22-09-2026&filter[duration]=13:16&filter[from]=Warszawa,Warszawa%20-%20Radom&filter[person]=2&filter[child]=1&filter[price]=4000:20000&filter[PriceFrom]=4000&filter[PriceTo]=20000&filter[addCategory]=50&filter[addCatering]=0&filter[addMisc]=0&filter[addTransport]=F&filter[fp]=1&order_by=ofr_price&filter[tourOperator]=0&filter[childAge][1]=20201210","https://fly.pl/cdn/photo/assets/uploads/582/278/2014/10/Pine-Bay.jpg","https://fly.pl/wycieczka/turcja,kusadasi,c/pine-bay-holiday-resort/pN96IipzFW0hxYa2Y7P-mBAAogkyuuTv6wnORLVncjxn5Jdv2zGYwqFYg4ECCf9wRZdxcqBFZJVFgwtqes1AZI7Y0BUEFYyAFgAnI_GgBcChUEFwBYAUCPA1PhZVIAW94dXr58S-1DYQBMx7Q5DdbUmAkgAVGBw5-CVE_7qBNdvJeY7bEBAg1jAQIMQ-HBDg/ofertasv/?filter[tourOperator]=VITX&filter%5Bperson%5D=2&filter%5BchildAge%5D%5B1%5D=20201210&filter%5Bchild%5D=1","filter_turkey_13_16_days","turcja","kusadasi","c","2026-09-01","2026-09-16","16","14","Warszawa","2+1","turcja|kusadasi|2026-09-01|2026-09-16|14|Warszawa|2+1"
"Laur Experience & Elegance","18188.0","08.09.2026 - 22.09.2026","15 dni/14 nocy","4.6","4.6","1826","tripadvisor","Warszawa","2026-08-23T15:37:14.406197+00:00","https://fly.pl/oferta/turcja-wczasy/?filter[dest]=39:&filter[hotelids]=&filter[cityids]=&filter[cregids]=&filter[ofrType]=&filter[addObjType]=H&filter[whenFrom]=23-08-2026&filter[whenTo]=22-09-2026&filter[duration]=13:16&filter[from]=Warszawa,Warszawa%20-%20Radom&filter[person]=2&filter[child]=1&filter[price]=4000:20000&filter[PriceFrom]=4000&filter[PriceTo]=20000&filter[addCategory]=50&filter[addCatering]=0&filter[addMisc]=0&filter[addTransport]=F&filter[fp]=1&order_by=ofr_price&filter[tourOperator]=0&filter[childAge][1]=20201210","https://fly.pl/cdn/photo/assets/uploads/582/278/2014/10/Laur.jpg","https://fly.pl/wycieczka/turcja,bodrum,didim/didim-beach-elegance/pLipno2cHJbwaeFO7Bql2MAAogoDIhb8OqBMtNYJwbB5jtJQAAAAAIpwQAH6cEAA4AAAAqBFdFWlkwtqes1AZIjI4BUEFY8AJgA2oJRW50ZXIgQWlyagQwNjU1agQwODU1ckGeAZUBmAEfAAIBFgAcABcNEuYDE4wLFIsDEY0kTOcyTwBAohhL58UBUAAb9jEditUPIBcNjYLCCQESYwENYwEDBgbFnlI/ofertasv/?filter[tourOperator]=WEZY&filter%5Bperson%5D=2&filter%5BchildAge%5D%5B1%5D=20201210&filter%5Bchild%5D=1","filter_turkey_13_16_days","turcja","bodrum","didim","2026-09-08","2026-09-22","15","14","Warszawa","2+1","turcja|bodrum|2026-09-08|2026-09-22|14|Warszawa|2+1"
"Sueno Beach Side","18205.0","29.08.2026 - 11.09.2026","14 dni/13 nocy","4.4","4.4","4317","tripadvisor","Warszawa","2026-08-23T15:37:14.406197+00:00","https://fly.pl/oferta/turcja-wczasy/?filter[dest]=39:&filter[hotelids]=&filter[cityids]=&filter[cregids]=&filter[ofrType]=&filter[addObjType]=H&filter[whenFrom]=23-08-2026&filter[whenTo]=22-09-2026&filter[duration]=13:16&filter[from]=Warszawa,Warszawa%20-%20Radom&filter[person]=2&filter[child]=1&filter[price]=4000:20000&filter[PriceFrom]=4000&filter[PriceTo]=20000&filter[addCategory]=50&filter[addCatering]=0&filter[addMisc]=0&filter[addTransport]=F&filter[fp]=1&order_by=ofr_price&filter[tourOperator]=0&filter[childAge][1]=20201210","https://fly.pl/cdn/photo/assets/uploads/582/278/2015/04/Sueno-Hotels-Beach-Side.jpg","https://fly.pl/wycieczka/turcja,side,c/sueno-beach-side/pXSeqVHNGnTc2YXhxjg-PbAAog5MNUDMIeU20x5IifBjLdvQAAAABIqwQAx20EAA0ADAAqBFdFWlkwtqes1AZInY4BUEFYgAFgA2oJRW50ZXIgQWlyagQwNjQwagQwOTEwckOeAZUBmAEfABwBAgAWABcMEucDEYwCE-wIFJoDTP9cTwBAnBJL58UBUAAgv5QPHYF7G-juHg2tiqMJARJjAQpjAQIJJxHl_Q/ofertasv/?filter[tourOperator]=WEZY&filter%5Bperson%5D=2&filter%5BchildAge%5D%5B1%5D=20201210&filter%5Bchild%5D=1","filter_turkey_13_16_days","turcja","side","c","2026-08-29","2026-09-11","14","13","Warszawa","2+1","turcja|side|2026-08-29|2026-09-11|13|Warszawa|2+1"
"Club Turan Prince World","18289.0","05.09.2026 - 18.09.2026","14 dni/13 nocy","4.1","4.1","2778","tripadvisor","Warszawa","2026-08-23T15:37:14.406197+00:00","https://fly.pl/oferta/turcja-wczasy/?filter[dest]=39:&filter[hotelids]=&filter[cityids]=&filter[cregids]=&filter[ofrType]=&filter[addObjType]=H&filter[whenFrom]=23-08-2026&filter[whenTo]=22-09-2026&filter[duration]=13:16&filter[from]=Warszawa,Warszawa%20-%20Radom&filter[person]=2&filter[child]=1&filter[price]=4000:20000&filter[PriceFrom]=4000&filter[PriceTo]=20000&filter[addCategory]=50&filter[addCatering]=0&filter[addMisc]=0&filter[addTransport]=F&filter[fp]=1&order_by=ofr_price&filter[tourOperator]=0&filter[childAge][1]=20201210","https://fly.pl/cdn/photo/assets/uploads/582/278/2014/10/Turan-Prince-World-fly-pl.jpg","https://fly.pl/wycieczka/turcja,side,manavgat/club-turan-prince-world/p-5x12HVa8IoiJu1ieFqw8AAogsVrwwky95mOtkPjkBSKraAAAAAA6cQQA9m0EAA0AAQAqBFdFWlkwtqes1AZI8Y4BUEFYqAJgA2odTE9UIFBvbGlzaCBBaXJsaW5lcy9FbnRlciBBaXJyQp4BHwAcAQIAFgQXCBHYAxIPFYUFE4kCGAoUkANP6WBMAECcElDnxQFLABuVfSDZlw4dxAYN7-3CCQESYwEMYwECBVXIzpE/ofertasv/?filter[tourOperator]=WEZY&filter%5Bperson%5D=2&filter%5BchildAge%5D%5B1%5D=20201210&filter%5Bchild%5D=1","filter_turkey_13_16_days","turcja","side","manavgat","2026-09-05","2026-09-18","14","13","Warszawa","2+1","turcja|side|2026-09-05|2026-09-18|13|Warszawa|2+1"
"Numa Club (Side)","18398.0","05.09.2026 - 18.09.2026","14 dni/13 nocy","4.6","4.6","337","tripadvisor","Warszawa","2026-08-23T15:37:14.406197+00:00","https://fly.pl/oferta/turcja-wczasy/?filter[dest]=39:&filter[hotelids]=&filter[cityids]=&filter[cregids]=&filter[ofrType]=&filter[addObjType]=H&filter[whenFrom]=23-08-2026&filter[whenTo]=22-09-2026&filter[duration]=13:16&filter[from]=Warszawa,Warszawa%20-%20Radom&filter[person]=2&filter[child]=1&filter[price]=4000:20000&filter[PriceFrom]=4000&filter[PriceTo]=20000&filter[addCategory]=50&filter[addCatering]=0&filter[addMisc]=0&filter[addTransport]=F&filter[fp]=1&order_by=ofr_price&filter[tourOperator]=0&filter[childAge][1]=20201210","https://fly.pl/cdn/photo/assets/uploads/582/278/2024/07/numa-club-side.jpg","https://fly.pl/wycieczka/turcja,side,colakli/numa-club-side-14/pUYueyMlto1GuJQ9l7KTCcAAogjDaqcZ_lVy-Lt0Wgd7uFcwAAAAA6cQQA9m0EAA0AAAAqBFdFWlkwtqes1AZI3o8BUEFYqAJgA2odTE9UIFBvbGlzaCBBaXJsaW5lcy9FbnRlciBBaXJyRZ4BHwAcAQIAFgAXDBLnAxWFBROJAhgKFJADTOlgTwBAnBJQ58UBSwAR_IIBIPKRDh3EBhvyr0kN_b35CAESYwENYwECDGmUhP0/ofertasv/?filter[tourOperator]=WEZY&filter%5Bperson%5D=2&filter%5BchildAge%5D%5B1%5D=20201210&filter%5Bchild%5D=1","filter_turkey_13_16_days","turcja","side","colakli","2026-09-05","2026-09-18","14","13","Warszawa","2+1","turcja|side|2026-09-05|2026-09-18|13|Warszawa|2+1"
"OZ Incekum Beach Resort","18405.0","05.09.2026 - 19.09.2026","15 dni/14 nocy","4.4","4.4","2118","tripadvisor","Warszawa","2026-08-23T15:37:14.406197+00:00","https://fly.pl/oferta/turcja-wczasy/?filter[dest]=39:&filter[hotelids]=&filter[cityids]=&filter[cregids]=&filter[ofrType]=&filter[addObjType]=H&filter[whenFrom]=23-08-2026&filter[whenTo]=22-09-2026&filter[duration]=13:16&filter[from]=Warszawa,Warszawa%20-%20Radom&filter[person]=2&filter[child]=1&filter[price]=4000:20000&filter[PriceFrom]=4000&filter[PriceTo]=20000&filter[addCategory]=50&filter[addCatering]=0&filter[addMisc]=0&filter[addTransport]=F&filter[fp]=1&order_by=ofr_price&filter[tourOperator]=0&filter[childAge][1]=20201210","https://fly.pl/cdn/photo/assets/uploads/582/278/2016/11/Incekum-Beach-Resort.jpg","https://fly.pl/wycieczka/turcja,alanya,incekum/incekum-beach-resort/p0sAbvJhZhVW1hjqU3rc6RAAog7UZ16BISDdTQZPZtif2XJ1qgFapzyws-iSDqUWdhuTQqBFJOQlcwtqes1AZI5Y8BUEFYqAJgAmoEQ0FnSmoXMjk2LDM4MCw0NzcsNDgzLDQ4NCw0ODVqGzQwMiw0MDMsNDA2LDQxNyw0NzMsNDk3LDQ5OXI3nwGeAZQBFQ4XAFgBChhAsAcRqEMZkhRS9A9TABCOcUv1ZmEAHZqVQQ8vINjzkAkNAAINYwECBvDObA8/ofertasv/?filter[tourOperator]=RNBW&filter%5Bperson%5D=2&filter%5BchildAge%5D%5B1%5D=20201210&filter%5Bchild%5D=1","filter_turkey_13_16_days","turcja","alanya","incekum","2026-09-05","2026-09-19","15","14","Warszawa","2+1","turcja|alanya|2026-09-05|2026-09-19|14|Warszawa|2+1"
"Greenwood Suites Resort (ex. Sherwood Suites Resort)","18473.0","09.09.2026 - 22.09.2026","14 dni/13 nocy","4.5","4.5","2625","tripadvisor","Warszawa","2026-08-23T15:37:14.406197+00:00","https://fly.pl/oferta/turcja-wczasy/?filter[dest]=39:&filter[hotelids]=&filter[cityids]=&filter[cregids]=&filter[ofrType]=&filter[addObjType]=H&filter[whenFrom]=23-08-2026&filter[whenTo]=22-09-2026&filter[duration]=13:16&filter[from]=Warszawa,Warszawa%20-%20Radom&filter[person]=2&filter[child]=1&filter[price]=4000:20000&filter[PriceFrom]=4000&filter[PriceTo]=20000&filter[addCategory]=50&filter[addCatering]=0&filter[addMisc]=0&filter[addTransport]=F&filter[fp]=1&order_by=ofr_price&filter[tourOperator]=0&filter[childAge][1]=20201210","https://fly.pl/cdn/photo/assets/uploads/582/278/2019/02/Greenwood-Suites-Resort.jpg","https://fly.pl/wycieczka/turcja,alanya,c/sherwood-suites-resort/pHdEOdAyExI4r9MvqGxLRAAAogA4Mpe_NrZVdC2TSe9wNCJSGzm71fuxsMU5q28Om4PE0qBE9SRVgwtqes1AZIqZABUEFYiANgAmoFMi4yLjFyNpsBXAoVAxcAWAJWAhH7AUDPBE_bQF0kUqsnUwBelpQBYe1DSwBM5Yw6IMD8lwkNAAISYwECDTs2yW4/ofertasv/?filter[tourOperator]=OREX&filter%5Bperson%5D=2&filter%5BchildAge%5D%5B1%5D=20201210&filter%5Bchild%5D=1","filter_turkey_13_16_days","turcja","alanya","c","2026-09-09","2026-09-22","14","13","Warszawa","2+1","turcja|alanya|2026-09-09|2026-09-22|13|Warszawa|2+1"
"Crystal De Luxe Comfort Collection","18494.0","05.09.2026 - 18.09.2026","14 dni/13 nocy","4.6","4.6","3857","tripadvisor","Warszawa","2026-08-23T15:37:14.406197+00:00","https://fly.pl/oferta/turcja-wczasy/?filter[dest]=39:&filter[hotelids]=&filter[cityids]=&filter[cregids]=&filter[ofrType]=&filter[addObjType]=H&filter[whenFrom]=23-08-2026&filter[whenTo]=22-09-2026&filter[duration]=13:16&filter[from]=Warszawa,Warszawa%20-%20Radom&filter[person]=2&filter[child]=1&filter[price]=4000:20000&filter[PriceFrom]=4000&filter[PriceTo]=20000&filter[addCategory]=50&filter[addCatering]=0&filter[addMisc]=0&filter[addTransport]=F&filter[fp]=1&order_by=ofr_price&filter[tourOperator]=0&filter[childAge][1]=20201210","https://fly.pl/cdn/photo/assets/uploads/582/278/2015/04/Crystal-De-Luxe-fly-pl.jpg","https://fly.pl/wycieczka/turcja,kemer,c/crystal-de-luxe/pAm1nIjksB0rTjr_SszdqdAAogM3JUiDwmMsBIOcZS_1FSsAAAAAA6cQQA9m0EAA0AAAAqBFdFWlkwtqes1AZIvpABUEFYqAJgA2odTE9UIFBvbGlzaCBBaXJsaW5lcy9FbnRlciBBaXJyQ54BHwAcAQIAFgAXDBGfAhLIARWFBROJAhgKFJADT-lgTABAnBJQ58UBSwAb9zAg9-MOHcQGDe_twgkBEmMBDGMBAguPeBx4/ofertasv/?filter[tourOperator]=WEZY&filter%5Bperson%5D=2&filter%5BchildAge%5D%5B1%5D=20201210&filter%5Bchild%5D=1","filter_turkey_13_16_days","turcja","kemer","c","2026-09-05","2026-09-18","14","13","Warszawa","2+1","turcja|kemer|2026-09-05|2026-09-18|13|Warszawa|2+1"
"The X Belek","18506.0","07.09.2026 - 20.09.2026","14 dni/13 nocy","4.3","4.3","1362","tripadvisor","Warszawa","2026-08-23T15:37:14.406197+00:00","https://fly.pl/oferta/turcja-wczasy/?filter[dest]=39:&filter[hotelids]=&filter[cityids]=&filter[cregids]=&filter[ofrType]=&filter[addObjType]=H&filter[whenFrom]=23-08-2026&filter[whenTo]=22-09-2026&filter[duration]=13:16&filter[from]=Warszawa,Warszawa%20-%20Radom&filter[person]=2&filter[child]=1&filter[price]=4000:20000&filter[PriceFrom]=4000&filter[PriceTo]=20000&filter[addCategory]=50&filter[addCatering]=0&filter[addMisc]=0&filter[addTransport]=F&filter[fp]=1&order_by=ofr_price&filter[tourOperator]=0&filter[childAge][1]=20201210","https://fly.pl/cdn/photo/assets/uploads/582/278/2024/07/the-x-belek.jpg","https://fly.pl/wycieczka/turcja,belek,c/the-x-belek-13/pJK9OqMbeF05Teb-v_vpQHAAogo6SRDf1EgpYlUSvasR_NSgAAAADQYgQAs3QEAA0AAAAqBFdFWlkwtqes1AZIypABUEFY2AJgA2oSRnJlZSBCaXJkIEFpcmxpbmVzagQwOTQwckSeAZMBHwACARYAHAAXDBLnAxTNBhWvARjSAU_DYUwAQJwSS-fFAVAAEZ5hG8GMAR3pkA0g4yMN-ObCCQESYwEMYwECC6gThvM/ofertasv/?filter[tourOperator]=WEZY&filter%5Bperson%5D=2&filter%5BchildAge%5D%5B1%5D=20201210&filter%5Bchild%5D=1","filter_turkey_13_16_days","turcja","belek","c","2026-09-07","2026-09-20","14","13","Warszawa","2+1","turcja|belek|2026-09-07|2026-09-20|13|Warszawa|2+1"
"Azura Deluxe Resort & Spa","18536.0","05.09.2026 - 18.09.2026","14 dni/13 nocy","4.7","4.7","2455","tripadvisor","Warszawa","2026-08-23T15:37:14.406197+00:00","https://fly.pl/oferta/turcja-wczasy/?filter[dest]=39:&filter[hotelids]=&filter[cityids]=&filter[cregids]=&filter[ofrType]=&filter[addObjType]=H&filter[whenFrom]=23-08-2026&filter[whenTo]=22-09-2026&filter[duration]=13:16&filter[from]=Warszawa,Warszawa%20-%20Radom&filter[person]=2&filter[child]=1&filter[price]=4000:20000&filter[PriceFrom]=4000&filter[PriceTo]=20000&filter[addCategory]=50&filter[addCatering]=0&filter[addMisc]=0&filter[addTransport]=F&filter[fp]=1&order_by=ofr_price&filter[tourOperator]=0&filter[childAge][1]=20201210","https://fly.pl/cdn/photo/assets/uploads/582/278/2015/04/Azura-Deluxe-Resort-Spa.jpg","https://fly.pl/wycieczka/turcja,alanya,avsallar/azura-deluxe-resort-spa/pPZUtTJMYTTnnndHkPsh3RAAogIWhWR1c9pG8y6cWAbeXgVgAAAAA6cQQA9m0EAA0AAQAqBFdFWlkwtqes1AZI6JABUEFYqAJgA2odTE9UIFBvbGlzaCBBaXJsaW5lcy9FbnRlciBBaXJyQ54BHwAcAQIAFgAXDBLnAxWFBROJAhgKFJADEclTT6ANTABAnBJQ58UBSwAbt1wgt7gOHcQGDe_twgkBEmMBDGMBAwujbGRW/ofertasv/?filter[tourOperator]=WEZY&filter%5Bperson%5D=2&filter%5BchildAge%5D%5B1%5D=20201210&filter%5Bchild%5D=1","filter_turkey_13_16_days","turcja","alanya","avsallar","2026-09-05","2026-09-18","14","13","Warszawa","2+1","turcja|alanya|2026-09-05|2026-09-18|13|Warszawa|2+1"
"Long Beach Club Nature","18620.0","04.09.2026 - 18.09.2026","15 dni/14 nocy","4.6","4.6","1609","tripadvisor","Warszawa","2026-08-23T15:37:14.406197+00:00","https://fly.pl/oferta/turcja-wczasy/?filter[dest]=39:&filter[hotelids]=&filter[cityids]=&filter[cregids]=&filter[ofrType]=&filter[addObjType]=H&filter[whenFrom]=23-08-2026&filter[whenTo]=22-09-2026&filter[duration]=13:16&filter[from]=Warszawa,Warszawa%20-%20Radom&filter[person]=2&filter[child]=1&filter[price]=4000:20000&filter[PriceFrom]=4000&filter[PriceTo]=20000&filter[addCategory]=50&filter[addCatering]=0&filter[addMisc]=0&filter[addTransport]=F&filter[fp]=1&order_by=ofr_price&filter[tourOperator]=0&filter[childAge][1]=20201210","https://fly.pl/cdn/photo/assets/uploads/582/278/2016/06/Aurum-Exclusive-Club-Marmara-ex-Patio-Beach-Club-fly-pl-2.jpg","https://fly.pl/wycieczka/turcja,bodrum,akbuk/patio-beach-club/p38WaaZH4AGwFIoJHMPzd7AAogW-TJmSbs5QLdDMX_q869qAAAAACfqQQAvakEAA4AAQAqBFdFWlkwtqes1AZIvJEBUEFYkAJgA2oJRW50ZXIgQWlyagQwNjQwagQwOTEwckGeAZUBmAEfAAIBFgAcABcNEuYDE4cLFIsDTPlWTwBAohgR3VhLim1QABuMzAIdi8ANIB4N6_zBCQESYwENYwEDDDuatMU/ofertasv/?filter[tourOperator]=WEZY&filter%5Bperson%5D=2&filter%5BchildAge%5D%5B1%5D=20201210&filter%5Bchild%5D=1","filter_turkey_13_16_days","turcja","bodrum","akbuk","2026-09-04","2026-09-18","15","14","Warszawa","2+1","turcja|bodrum|2026-09-04|2026-09-18|14|Warszawa|2+1"
"Saphir Resort","18659.0","29.08.2026 - 11.09.2026","14 dni/13 nocy","4.5","4.5","668","tripadvisor","Warszawa","2026-08-23T15:37:14.406197+00:00","https://fly.pl/oferta/turcja-wczasy/?filter[dest]=39:&filter[hotelids]=&filter[cityids]=&filter[cregids]=&filter[ofrType]=&filter[addObjType]=H&filter[whenFrom]=23-08-2026&filter[whenTo]=22-09-2026&filter[duration]=13:16&filter[from]=Warszawa,Warszawa%20-%20Radom&filter[person]=2&filter[child]=1&filter[price]=4000:20000&filter[PriceFrom]=4000&filter[PriceTo]=20000&filter[addCategory]=50&filter[addCatering]=0&filter[addMisc]=0&filter[addTransport]=F&filter[fp]=1&order_by=ofr_price&filter[tourOperator]=0&filter[childAge][1]=20201210","https://fly.pl/cdn/photo/assets/uploads/582/278/2015/04/Saphir-Resort-fly-pl.jpg","https://fly.pl/wycieczka/turcja,alanya,okurcalar/saphir-resort/pzvF44-2JPLqcAQ6FGjSbaAAog6f_ba08N2XLG-HcIF3pkmD0-o87gej3GyAiPL-y0__sqBEVYSU0wtqes1AZI45EBUAFYgAFgAmoDVUFJciIcEf-3BqsEiNVAuQTlARuQ7TYYiL07AZHEt5wKAhJjAQIL0ue1uQ/ofertasv/?filter[tourOperator]=EXIM&filter%5Bperson%5D=2&filter%5BchildAge%5D%5B1%5D=20201210&filter%5Bchild%5D=1","filter_turkey_13_16_days","turcja","alanya","okurcalar","2026-08-29","2026-09-11","14","13","Warszawa","2+1","turcja|alanya|2026-08-29|2026-09-11|13|Warszawa|2+1"
"Palm Wings Ephesus","18679.0","06.09.2026 - 21.09.2026","16 dni/14 nocy","4.5","4.5","3392","tripadvisor","Warszawa","2026-08-23T15:37:14.406197+00:00","https://fly.pl/oferta/turcja-wczasy/?filter[dest]=39:&filter[hotelids]=&filter[cityids]=&filter[cregids]=&filter[ofrType]=&filter[addObjType]=H&filter[whenFrom]=23-08-2026&filter[whenTo]=22-09-2026&filter[duration]=13:16&filter[from]=Warszawa,Warszawa%20-%20Radom&filter[person]=2&filter[child]=1&filter[price]=4000:20000&filter[PriceFrom]=4000&filter[PriceTo]=20000&filter[addCategory]=50&filter[addCatering]=0&filter[addMisc]=0&filter[addTransport]=F&filter[fp]=1&order_by=ofr_price&filter[tourOperator]=0&filter[childAge][1]=20201210","https://fly.pl/cdn/photo/assets/uploads/582/278/2017/12/Palm-Wings-Ephesus.jpg","https://fly.pl/wycieczka/turcja,kusadasi,c/palm-wings-ephesus/pP45N2dSN-bkWQ40Anw0EiAAogaQgK4SZjdquva0MS-kl_ztEzePA6K1TdX_ACAFXiuCcqBFJOQlcwtqes1AZI95EBUEFYwAJgAmoEQ0FoTGoXMjk2LDM4MCw0NzcsNDgzLDQ4NCw0ODVqGzQwMiw0MDMsNDA2LDQxNyw0NzMsNDk3LDQ5OXI5nwGeAZQBFQ5YARcACq0DQJsEEdkMEOAMGf09Uu4VUwBLjdIBYQAPh6ZBHTEg6uKQCQ0AAg1jAQMMUMVNJA/ofertasv/?filter[tourOperator]=RNBW&filter%5Bperson%5D=2&filter%5BchildAge%5D%5B1%5D=20201210&filter%5Bchild%5D=1","filter_turkey_13_16_days","turcja","kusadasi","c","2026-09-06","2026-09-21","16","14","Warszawa","2+1","turcja|kusadasi|2026-09-06|2026-09-21|14|Warszawa|2+1"
"Porto Bello","18690.0","05.09.2026 - 18.09.2026","14 dni/13 nocy","4.5","4.5","3838","tripadvisor","Warszawa","2026-08-23T15:37:14.406197+00:00","https://fly.pl/oferta/turcja-wczasy/?filter[dest]=39:&filter[hotelids]=&filter[cityids]=&filter[cregids]=&filter[ofrType]=&filter[addObjType]=H&filter[whenFrom]=23-08-2026&filter[whenTo]=22-09-2026&filter[duration]=13:16&filter[from]=Warszawa,Warszawa%20-%20Radom&filter[person]=2&filter[child]=1&filter[price]=4000:20000&filter[PriceFrom]=4000&filter[PriceTo]=20000&filter[addCategory]=50&filter[addCatering]=0&filter[addMisc]=0&filter[addTransport]=F&filter[fp]=1&order_by=ofr_price&filter[tourOperator]=0&filter[childAge][1]=20201210","https://fly.pl/cdn/photo/assets/uploads/582/278/2015/05/Porto-Bello.jpg","https://fly.pl/wycieczka/turcja,alanya,c/porto-bello/pozNTmiWh1T8pTaXgQSNC1AAogn3xJtbjqkSKvNRFvmFuF6AAAAABJqwQA9m0EAA0ABAAqBFdFWlkwtqes1AZIgpIBUEFYqAJgA2oJRW50ZXIgQWlyckSeAR8AHAECABYAFwwS5wMRlgIV7wIYkwIT4AMUmgNP_1xMAECcElDnxQFLABukRyDKzQ4d03oN4PnBCQESYwEMYwECBtut8-4/ofertasv/?filter[tourOperator]=WEZY&filter%5Bperson%5D=2&filter%5BchildAge%5D%5B1%5D=20201210&filter%5Bchild%5D=1","filter_turkey_13_16_days","turcja","alanya","c","2026-09-05","2026-09-18","14","13","Warszawa","2+1","turcja|alanya|2026-09-05|2026-09-18|13|Warszawa|2+1"
"Side Mare Resort","18775.0","05.09.2026 - 18.09.2026","14 dni/13 nocy","3.8","3.8","275","tripadvisor","Warszawa","2026-08-23T15:37:14.406197+00:00","https://fly.pl/oferta/turcja-wczasy/?filter[dest]=39:&filter[hotelids]=&filter[cityids]=&filter[cregids]=&filter[ofrType]=&filter[addObjType]=H&filter[whenFrom]=23-08-2026&filter[whenTo]=22-09-2026&filter[duration]=13:16&filter[from]=Warszawa,Warszawa%20-%20Radom&filter[person]=2&filter[child]=1&filter[price]=4000:20000&filter[PriceFrom]=4000&filter[PriceTo]=20000&filter[addCategory]=50&filter[addCatering]=0&filter[addMisc]=0&filter[addTransport]=F&filter[fp]=1&order_by=ofr_price&filter[tourOperator]=0&filter[childAge][1]=20201210","https://fly.pl/cdn/photo/assets/uploads/582/278/2014/09/Side-Mare-Resort-fly-pl.jpg","https://fly.pl/wycieczka/turcja,side,c/side-mare-resort/pDNziLzRPTFNqH-Vj41JuEAAogqSg3lbKS0i5aSDZm2X06RQAAAAA6cQQA9m0EAA0AAQAqBFdFWlkwtqes1AZI15IBUEFYqAJgA2odTE9UIFBvbGlzaCBBaXJsaW5lcy9FbnRlciBBaXJyQ54BHwAcAQIAFgQXCBLnAxWFBROJAhgKFJADEak_T8AhTABAnBJQ58UBSwAbrzkgv9sOHcQGDe_twgkBEmMBD2MBAg4yUAvh/ofertasv/?filter[tourOperator]=WEZY&filter%5Bperson%5D=2&filter%5BchildAge%5D%5B1%5D=20201210&filter%5Bchild%5D=1","filter_turkey_13_16_days","turcja","side","c","2026-09-05","2026-09-18","14","13","Warszawa","2+1","turcja|side|2026-09-05|2026-09-18|13|Warszawa|2+1"
"Antique Roman Palace","18782.0","02.09.2026 - 16.09.2026","15 dni/14 nocy","4.5","4.5","1081","tripadvisor","Warszawa","2026-08-23T15:37:14.406197+00:00","https://fly.pl/oferta/turcja-wczasy/?filter[dest]=39:&filter[hotelids]=&filter[cityids]=&filter[cregids]=&filter[ofrType]=&filter[addObjType]=H&filter[whenFrom]=23-08-2026&filter[whenTo]=22-09-2026&filter[duration]=13:16&filter[from]=Warszawa,Warszawa%20-%20Radom&filter[person]=2&filter[child]=1&filter[price]=4000:20000&filter[PriceFrom]=4000&filter[PriceTo]=20000&filter[addCategory]=50&filter[addCatering]=0&filter[addMisc]=0&filter[addTransport]=F&filter[fp]=1&order_by=ofr_price&filter[tourOperator]=0&filter[childAge][1]=20201210","https://fly.pl/cdn/photo/assets/uploads/582/278/2014/10/Antique-Roman-Palace.jpg","https://fly.pl/wycieczka/turcja,alanya,c/antique-roman-palace/papD-IBlMjmp7DyMyJNDsnAAog7KB0i7O3TlvWB2UVvngOnrUXA6VUJ-iMxPrakijK_uYqBEVDQ1gwtqes1AZI3pIBUAFY4AFgAWoCQkJyHRwRoCy5BJSgFqsEGxjKiysbtshBAYjMu-gBAwBjByXtiw/ofertasv/?filter[tourOperator]=ECCX&filter%5Bperson%5D=2&filter%5BchildAge%5D%5B1%5D=20201210&filter%5Bchild%5D=1","filter_turkey_13_16_days","turcja","alanya","c","2026-09-02","2026-09-16","15","14","Warszawa","2+1","turcja|alanya|2026-09-02|2026-09-16|14|Warszawa|2+1"
"Aydinbey Famous","18854.0","05.09.2026 - 19.09.2026","15 dni/14 nocy","4.6","4.6","1998","tripadvisor","Warszawa","2026-08-23T15:37:14.406197+00:00","https://fly.pl/oferta/turcja-wczasy/?filter[dest]=39:&filter[hotelids]=&filter[cityids]=&filter[cregids]=&filter[ofrType]=&filter[addObjType]=H&filter[whenFrom]=23-08-2026&filter[whenTo]=22-09-2026&filter[duration]=13:16&filter[from]=Warszawa,Warszawa%20-%20Radom&filter[person]=2&filter[child]=1&filter[price]=4000:20000&filter[PriceFrom]=4000&filter[PriceTo]=20000&filter[addCategory]=50&filter[addCatering]=0&filter[addMisc]=0&filter[addTransport]=F&filter[fp]=1&order_by=ofr_price&filter[tourOperator]=0&filter[childAge][1]=20201210","https://fly.pl/cdn/photo/assets/uploads/582/278/2014/10/Aydinbey-Famous.jpg","https://fly.pl/wycieczka/turcja,belek,c/aydinbey-famous/piCP1kk0ZZHftoB4NW3IiqAAogtwI7lRptnxBj8PxNFXDBF_dq_34b_4EyyRdFOhXSxSYqBFJOQlcwtqes1AZIppMBUEFYqAJgAmoEQ0FnUWoXMjk2LDM4MCw0NzcsNDgzLDQ4NCw0ODVyN58BngEVDhcAWAEKFkCyBxGjLRmXKlL0D1MAENMPS7DIAWEAD8mVQR2JASDP8pAJDQACDWMBAgy8smCz/ofertasv/?filter[tourOperator]=RNBW&filter%5Bperson%5D=2&filter%5BchildAge%5D%5B1%5D=20201210&filter%5Bchild%5D=1","filter_turkey_13_16_days","turcja","belek","c","2026-09-05","2026-09-19","15","14","Warszawa","2+1","turcja|belek|2026-09-05|2026-09-19|14|Warszawa|2+1"
"Blue Marlin Deluxe Spa & Resort","18902.0","24.08.2026 - 06.09.2026","14 dni/13 nocy","4.6","4.6","396","tripadvisor","Warszawa","2026-08-23T15:37:14.406197+00:00","https://fly.pl/oferta/turcja-wczasy/?filter[dest]=39:&filter[hotelids]=&filter[cityids]=&filter[cregids]=&filter[ofrType]=&filter[addObjType]=H&filter[whenFrom]=23-08-2026&filter[whenTo]=22-09-2026&filter[duration]=13:16&filter[from]=Warszawa,Warszawa%20-%20Radom&filter[person]=2&filter[child]=1&filter[price]=4000:20000&filter[PriceFrom]=4000&filter[PriceTo]=20000&filter[addCategory]=50&filter[addCatering]=0&filter[addMisc]=0&filter[addTransport]=F&filter[fp]=1&order_by=ofr_price&filter[tourOperator]=0&filter[childAge][1]=20201210","https://fly.pl/cdn/photo/assets/uploads/582/278/2021/01/Blue-Marlin-Deluxe-Spa-Resort-fly-pl.jpg","https://fly.pl/wycieczka/turcja,alanya,c/blue-marlin-deluxe-spa-resort-9/pHVvDKtSfrxtM5ufKLzsVzAAogj5xj1HpCijB2shwGubgENwAAAAD7YgQAe3QEAA0AIgAqBFdFWlkwtqes1AZI1pMBUEFYCGADahxFbnRlciBBaXIvRnJlZSBCaXJkIEFpcmxpbmVzagQwNzAwagQwOTEwckKeAZUBmAEfAAIBFgAcABcMEucDE_EEFJ8DTIFjTwBAnBIRuHFLr1RQABuh3gwd0qACIIAjDd3mwgkBEmMBBmMBAgX7DL3E/ofertasv/?filter[tourOperator]=WEZY&filter%5Bperson%5D=2&filter%5BchildAge%5D%5B1%5D=20201210&filter%5Bchild%5D=1","filter_turkey_13_16_days","turcja","alanya","c","2026-08-24","2026-09-06","14","13","Warszawa","2+1","turcja|alanya|2026-08-24|2026-09-06|13|Warszawa|2+1"
"Salmakis Beach Resort","18902.0","27.08.2026 - 10.09.2026","15 dni/14 nocy","4.3","4.3","2923","tripadvisor","Warszawa","2026-08-23T15:37:14.406197+00:00","https://fly.pl/oferta/turcja-wczasy/?filter[dest]=39:&filter[hotelids]=&filter[cityids]=&filter[cregids]=&filter[ofrType]=&filter[addObjType]=H&filter[whenFrom]=23-08-2026&filter[whenTo]=22-09-2026&filter[duration]=13:16&filter[from]=Warszawa,Warszawa%20-%20Radom&filter[person]=2&filter[child]=1&filter[price]=4000:20000&filter[PriceFrom]=4000&filter[PriceTo]=20000&filter[addCategory]=50&filter[addCatering]=0&filter[addMisc]=0&filter[addTransport]=F&filter[fp]=1&order_by=ofr_price&filter[tourOperator]=0&filter[childAge][1]=20201210","https://fly.pl/cdn/photo/assets/uploads/582/278/2014/10/Salmakis-Beach-Resort-fly-pl.jpg","https://fly.pl/wycieczka/turcja,bodrum,c/salmakis-beach-resort/po_Vc3jDcwrF-qZ63HFu0AAAogQUSVKXIegsrbH6yccx31JwAAAABqbAQAh2wEAA4AAQAqBFdFWlkwtqes1AZI1pMBUEFYUGADahNMT1QgUG9saXNoIEFpcmxpbmVzagQwNjU1ckKeAZMBHwAcAQIAFw0WBxLfAxHyAhS5ARXKBxi-AUzUY08AQKYMS-fFAVAAG5pZHci4DiAdDdT2wgkBEmMBDGMBAgvF9Jqc/ofertasv/?filter[tourOperator]=WEZY&filter%5Bperson%5D=2&filter%5BchildAge%5D%5B1%5D=20201210&filter%5Bchild%5D=1","filter_turkey_13_16_days","turcja","bodrum","c","2026-08-27","2026-09-10","15","14","Warszawa","2+1","turcja|bodrum|2026-08-27|2026-09-10|14|Warszawa|2+1"
"Mary Alanya (ex. Sirius Deluxe)","18927.0","26.08.2026 - 09.09.2026","15 dni/14 nocy","4.8","4.8","4353","tripadvisor","Warszawa","2026-08-23T15:37:14.406197+00:00","https://fly.pl/oferta/turcja-wczasy/?filter[dest]=39:&filter[hotelids]=&filter[cityids]=&filter[cregids]=&filter[ofrType]=&filter[addObjType]=H&filter[whenFrom]=23-08-2026&filter[whenTo]=22-09-2026&filter[duration]=13:16&filter[from]=Warszawa,Warszawa%20-%20Radom&filter[person]=2&filter[child]=1&filter[price]=4000:20000&filter[PriceFrom]=4000&filter[PriceTo]=20000&filter[addCategory]=50&filter[addCatering]=0&filter[addMisc]=0&filter[addTransport]=F&filter[fp]=1&order_by=ofr_price&filter[tourOperator]=0&filter[childAge][1]=20201210","https://fly.pl/cdn/photo/assets/uploads/582/278/2015/04/Sirius-Deluxe-Hotel.jpg","https://fly.pl/wycieczka/turcja,alanya,turkler/sirius-deluxe/pn0Mmd4AaK9ef9y_wGje4BAAogok7npNstzx08YjWaxfr4F0pXy9wZyKNHUkemvN4giIgqBFJOQlcwtqes1AZI75MBUEFYOGACagRDQWdKahcyOTYsMzgwLDQ3Nyw0ODMsNDg0LDQ4NWobNDAyLDQwMyw0MDYsNDE3LDQ3Myw0OTcsNDk5cjmfAZ4BlAEVDhcAWAEKGECwBxHtOBnNHlL0D1MAEJdKS-yNAWEAHdCGQQ-TAiDv_5AJDQACDWMBAgaNsaxX/ofertasv/?filter[tourOperator]=RNBW&filter%5Bperson%5D=2&filter%5BchildAge%5D%5B1%5D=20201210&filter%5Bchild%5D=1","filter_turkey_13_16_days","turcja","alanya","turkler","2026-08-26","2026-09-09","15","14","Warszawa","2+1","turcja|alanya|2026-08-26|2026-09-09|14|Warszawa|2+1"
"Kamelya Aishen Club (ex. Kamelya Aishen K Club)","18936.0","07.09.2026 - 20.09.2026","14 dni/13 nocy","4.3","4.3","2857","tripadvisor","Warszawa","2026-08-23T15:37:14.406197+00:00","https://fly.pl/oferta/turcja-wczasy/?filter[dest]=39:&filter[hotelids]=&filter[cityids]=&filter[cregids]=&filter[ofrType]=&filter[addObjType]=H&filter[whenFrom]=23-08-2026&filter[whenTo]=22-09-2026&filter[duration]=13:16&filter[from]=Warszawa,Warszawa%20-%20Radom&filter[person]=2&filter[child]=1&filter[price]=4000:20000&filter[PriceFrom]=4000&filter[PriceTo]=20000&filter[addCategory]=50&filter[addCatering]=0&filter[addMisc]=0&filter[addTransport]=F&filter[fp]=1&order_by=ofr_price&filter[tourOperator]=0&filter[childAge][1]=20201210","https://fly.pl/cdn/photo/assets/uploads/582/278/2015/04/Kamelya-Aishen-Club.jpg","https://fly.pl/wycieczka/turcja,side,colakli/kamelya-world-holiday-village/pRG0Ho4RYLNy_SrtRrM8PqAAog1_WAcQHSovkSwbgTDIxgU52FKqdZohVQ4Zf-Ukb4kpwqBEVYSU0wuaes1AZI-JMBUAFY2AJgAmoDVUFJciEcEanzBbkE45pBqwQBG8ryJxjTqTYB7afR8wgCEmMBAgteO4H4/ofertasv/?filter[tourOperator]=EXIM&filter%5Bperson%5D=2&filter%5BchildAge%5D%5B1%5D=20201210&filter%5Bchild%5D=1","filter_turkey_13_16_days","turcja","side","colakli","2026-09-07","2026-09-20","14","13","Warszawa","2+1","turcja|side|2026-09-07|2026-09-20|13|Warszawa|2+1"
"Crystal Family Comfort Collection","18974.0","05.09.2026 - 18.09.2026","14 dni/13 nocy","4.5","4.5","2965","tripadvisor","Warszawa","2026-08-23T15:37:14.406197+00:00","https://fly.pl/oferta/turcja-wczasy/?filter[dest]=39:&filter[hotelids]=&filter[cityids]=&filter[cregids]=&filter[ofrType]=&filter[addObjType]=H&filter[whenFrom]=23-08-2026&filter[whenTo]=22-09-2026&filter[duration]=13:16&filter[from]=Warszawa,Warszawa%20-%20Radom&filter[person]=2&filter[child]=1&filter[price]=4000:20000&filter[PriceFrom]=4000&filter[PriceTo]=20000&filter[addCategory]=50&filter[addCatering]=0&filter[addMisc]=0&filter[addTransport]=F&filter[fp]=1&order_by=ofr_price&filter[tourOperator]=0&filter[childAge][1]=20201210","https://fly.pl/cdn/photo/assets/uploads/582/278/2015/01/Crystal-Family-Resort-fly-pl.jpg","https://fly.pl/wycieczka/turcja,belek,bogazkent/crystal-family-resort/pMuGa-nit4shE1UWGUKDxZAAogAkkREJnyngxCQwIqq8dToAAAAAA6cQQA9m0EAA0ABAAqBFdFWlkwuaes1AZInpQBUEFYqAJgA2odTE9UIFBvbGlzaCBBaXJsaW5lcy9FbnRlciBBaXJyQp4BHwAcAQIAFgAXDBLnAxFmFZ8EE4kCGAoUkANP6WBMAECcElDnxQFLABv3MCD34w4dxAYN7-3CCQESYwEMYwECC90M00A/ofertasv/?filter[tourOperator]=WEZY&filter%5Bperson%5D=2&filter%5BchildAge%5D%5B1%5D=20201210&filter%5Bchild%5D=1","filter_turkey_13_16_days","turcja","belek","bogazkent","2026-09-05","2026-09-18","14","13","Warszawa","2+1","turcja|belek|2026-09-05|2026-09-18|13|Warszawa|2+1"
"Seaphoria Beach Resort","18978.0","26.08.2026 - 09.09.2026","15 dni/14 nocy","","","","","Warszawa","2026-08-23T15:37:14.406197+00:00","https://fly.pl/oferta/turcja-wczasy/?filter[dest]=39:&filter[hotelids]=&filter[cityids]=&filter[cregids]=&filter[ofrType]=&filter[addObjType]=H&filter[whenFrom]=23-08-2026&filter[whenTo]=22-09-2026&filter[duration]=13:16&filter[from]=Warszawa,Warszawa%20-%20Radom&filter[person]=2&filter[child]=1&filter[price]=4000:20000&filter[PriceFrom]=4000&filter[PriceTo]=20000&filter[addCategory]=50&filter[addCatering]=0&filter[addMisc]=0&filter[addTransport]=F&filter[fp]=1&order_by=ofr_price&filter[tourOperator]=0&filter[childAge][1]=20201210","https://fly.pl/cdn/photo/assets/uploads/582/278/2023/01/SEAPHORIA-BEACH-RESORT-HOTEL.jpg","https://fly.pl/wycieczka/turcja,alanya,okurcalar/seaphoria-beach-resort-13/pdUJuwGHmPRW9Yk3TDCew0AAogELRY_YZ8RhBuX7_kgPGgFUpXy9wZyKNHUkemvN4giIgqBFJOQlcwuaes1AZIopQBUEFYOGACagRCd2RJahcyOTYsMzgwLDQ3Nyw0ODMsNDg0LDQ4NWobNDAyLDQwMyw0MDYsNDE3LDQ3Myw0OTcsNDk5cjqfAZ4BlAEVDhcAWAEKgQNAxwQRijMZsCRS9A9TABDmM0udpAFhAB3QhkEPkwIg7_-QCQ0AAgxjAQMGvW8IUQ/ofertasv/?filter[tourOperator]=RNBW&filter%5Bperson%5D=2&filter%5BchildAge%5D%5B1%5D=20201210&filter%5Bchild%5D=1","filter_turkey_13_16_days","turcja","alanya","okurcalar","2026-08-26","2026-09-09","15","14","Warszawa","2+1","turcja|alanya|2026-08-26|2026-09-09|14|Warszawa|2+1"
"Korumar Ephesus Beach","19157.0","08.09.2026 - 23.09.2026","16 dni/14 nocy","4.6","4.6","2151","tripadvisor","Warszawa","2026-08-23T15:37:14.406197+00:00","https://fly.pl/oferta/turcja-wczasy/?filter[dest]=39:&filter[hotelids]=&filter[cityids]=&filter[cregids]=&filter[ofrType]=&filter[addObjType]=H&filter[whenFrom]=23-08-2026&filter[whenTo]=22-09-2026&filter[duration]=13:16&filter[from]=Warszawa,Warszawa%20-%20Radom&filter[person]=2&filter[child]=1&filter[price]=4000:20000&filter[PriceFrom]=4000&filter[PriceTo]=20000&filter[addCategory]=50&filter[addCatering]=0&filter[addMisc]=0&filter[addTransport]=F&filter[fp]=1&order_by=ofr_price&filter[tourOperator]=0&filter[childAge][1]=20201210","https://fly.pl/cdn/photo/assets/uploads/582/278/2017/08/Korumar-Ephesus-Beach.jpg","https://fly.pl/wycieczka/turcja,kusadasi,c/korumar-ephesus-beach/p8kgmaSDNo2wi715BooVqEAAogE_HWK0Uqy8BuIXe1Aqmi9IrOty5-SDAWNt_kY13EZrMqBFZJVFgwuaes1AZI1ZUBUEFY8AJgAnI_GgBcChUEFwBYAUCPA1PhZVIAW94dXr58S-1DYQBMxrQ5Dd7UmAkgAVGt4pGCVE_IiSFdvJeY7bEBAgxjAQILMexk9A/ofertasv/?filter[tourOperator]=VITX&filter%5Bperson%5D=2&filter%5BchildAge%5D%5B1%5D=20201210&filter%5Bchild%5D=1","filter_turkey_13_16_days","turcja","kusadasi","c","2026-09-08","2026-09-23","16","14","Warszawa","2+1","turcja|kusadasi|2026-09-08|2026-09-23|14|Warszawa|2+1"
"Ulusoy Kemer Holiday Club","19157.0","04.09.2026 - 18.09.2026","15 dni/14 nocy","4.4","4.4","1494","tripadvisor","Warszawa","2026-08-23T15:37:14.406197+00:00","https://fly.pl/oferta/turcja-wczasy/?filter[dest]=39:&filter[hotelids]=&filter[cityids]=&filter[cregids]=&filter[ofrType]=&filter[addObjType]=H&filter[whenFrom]=23-08-2026&filter[whenTo]=22-09-2026&filter[duration]=13:16&filter[from]=Warszawa,Warszawa%20-%20Radom&filter[person]=2&filter[child]=1&filter[price]=4000:20000&filter[PriceFrom]=4000&filter[PriceTo]=20000&filter[addCategory]=50&filter[addCatering]=0&filter[addMisc]=0&filter[addTransport]=F&filter[fp]=1&order_by=ofr_price&filter[tourOperator]=0&filter[childAge][1]=20201210","https://fly.pl/cdn/photo/assets/uploads/582/278/2015/02/Ulusoy-Kemer-Holiday-Club.jpg","https://fly.pl/wycieczka/turcja,kemer,goynuk/ulusoy-kemer-holiday-club/pWa4-lOYpeqn2DmLAhDvz8AAog01Oj9Ad4RAY4JDCckAgouTwQXJjsZ45k64gmT0LxrB8qBFZJVFgwuaes1AZI1ZUBUEFYkAJgAnI_GgBcChUEFwBYAUCPA1Pna1IAW9gXXr58S-1DYQBMpbQ5IPvUmAkNAFH8jaHuWE-F6gRdlOWmga0BAg1jAQIMiASgxg/ofertasv/?filter[tourOperator]=VITX&filter%5Bperson%5D=2&filter%5BchildAge%5D%5B1%5D=20201210&filter%5Bchild%5D=1","filter_turkey_13_16_days","turcja","kemer","goynuk","2026-09-04","2026-09-18","15","14","Warszawa","2+1","turcja|kemer|2026-09-04|2026-09-18|14|Warszawa|2+1"
"Side Star Resort (ex Club)","19263.0","05.09.2026 - 18.09.2026","14 dni/13 nocy","4.5","4.5","1681","tripadvisor","Warszawa","2026-08-23T15:37:14.406197+00:00","https://fly.pl/oferta/turcja-wczasy/?filter[dest]=39:&filter[hotelids]=&filter[cityids]=&filter[cregids]=&filter[ofrType]=&filter[addObjType]=H&filter[whenFrom]=23-08-2026&filter[whenTo]=22-09-2026&filter[duration]=13:16&filter[from]=Warszawa,Warszawa%20-%20Radom&filter[person]=2&filter[child]=1&filter[price]=4000:20000&filter[PriceFrom]=4000&filter[PriceTo]=20000&filter[addCategory]=50&filter[addCatering]=0&filter[addMisc]=0&filter[addTransport]=F&filter[fp]=1&order_by=ofr_price&filter[tourOperator]=0&filter[childAge][1]=20201210","https://fly.pl/cdn/photo/assets/uploads/582/278/2015/04/Side-Star-Resort-ex-Club-fly-pl.jpg","https://fly.pl/wycieczka/turcja,side,c/side-star-resort-ex-club/paC2XYiElNZ22Nafi1y-joAAogBR3mg_SGOPiI6canmV15V4Yzxft59rnFXAkAxIkkmr0qBEVYSU0wuaes1AZIv5YBUAFYqAJgAmoDVUFJciIcEbOjBrkElulAqwSqARuEhCoYkJ00Abfb2_UIAhJjAQIOgQON2Q/ofertasv/?filter[tourOperator]=EXIM&filter%5Bperson%5D=2&filter%5BchildAge%5D%5B1%5D=20201210&filter%5Bchild%5D=1","filter_turkey_13_16_days","turcja","side","c","2026-09-05","2026-09-18","14","13","Warszawa","2+1","turcja|side|2026-09-05|2026-09-18|13|Warszawa|2+1"
"Royal Dragon","19270.0","05.09.2026 - 18.09.2026","14 dni/13 nocy","4.4","4.4","1968","tripadvisor","Warszawa","2026-08-23T15:37:14.406197+00:00","https://fly.pl/oferta/turcja-wczasy/?filter[dest]=39:&filter[hotelids]=&filter[cityids]=&filter[cregids]=&filter[ofrType]=&filter[addObjType]=H&filter[whenFrom]=23-08-2026&filter[whenTo]=22-09-2026&filter[duration]=13:16&filter[from]=Warszawa,Warszawa%20-%20Radom&filter[person]=2&filter[child]=1&filter[price]=4000:20000&filter[PriceFrom]=4000&filter[PriceTo]=20000&filter[addCategory]=50&filter[addCatering]=0&filter[addMisc]=0&filter[addTransport]=F&filter[fp]=1&order_by=ofr_price&filter[tourOperator]=0&filter[childAge][1]=20201210","https://fly.pl/cdn/photo/assets/uploads/582/278/2014/12/Royal-Dragon-1.jpg","https://fly.pl/wycieczka/turcja,side,c/royal-dragon/pJ7PJ6x0iOHJ76D8fKkBStAAogMml3HU_I9N7s5sxg1oj9cgAAAAA6cQQAyG0EAA0AAQAqBFdFWlkwuaes1AZIxpYBUEFYqAJgA2odTE9UIFBvbGlzaCBBaXJsaW5lcy9FbnRlciBBaXJqBDA2NDBqBDA5MTByQp4BlQGYAR8AHAECABYAFwwS5wMR5wITpwQUmgNM6WBPAECcEkvnxQFQABuBRyC_zQ4d8gYN7-3CCQESYwEKYwECCaTpoG4/ofertasv/?filter[tourOperator]=WEZY&filter%5Bperson%5D=2&filter%5BchildAge%5D%5B1%5D=20201210&filter%5Bchild%5D=1","filter_turkey_13_16_days","turcja","side","c","2026-09-05","2026-09-18","14","13","Warszawa","2+1","turcja|side|2026-09-05|2026-09-18|13|Warszawa|2+1"
"Selectum Family Resort (ex Letoonia Golf Resort)","19346.0","09.09.2026 - 22.09.2026","14 dni/13 nocy","4.7","4.7","2349","tripadvisor","Warszawa","2026-08-23T15:37:14.406197+00:00","https://fly.pl/oferta/turcja-wczasy/?filter[dest]=39:&filter[hotelids]=&filter[cityids]=&filter[cregids]=&filter[ofrType]=&filter[addObjType]=H&filter[whenFrom]=23-08-2026&filter[whenTo]=22-09-2026&filter[duration]=13:16&filter[from]=Warszawa,Warszawa%20-%20Radom&filter[person]=2&filter[child]=1&filter[price]=4000:20000&filter[PriceFrom]=4000&filter[PriceTo]=20000&filter[addCategory]=50&filter[addCatering]=0&filter[addMisc]=0&filter[addTransport]=F&filter[fp]=1&order_by=ofr_price&filter[tourOperator]=0&filter[childAge][1]=20201210","https://fly.pl/cdn/photo/assets/uploads/582/278/2014/10/Selectum-Family-Resort-ex-Letoonia-Golf-Resort-fly-pl-scaled.jpg","https://fly.pl/wycieczka/turcja,belek,c/letoonia-golf-resort/pyZSAJRWWanjChsaPx-3IiAAogUZUM38TITZUeygL3WMyBxiGzm71fuxsMU5q28Om4PE0qBE9SRVgwuaes1AZIkpcBUEFYiANgAmoGTkcuMi4xcjabARUNFwBYAlYCXAgRkQJAsQRP20BdJFOrJ1IAXpaUAUvtQ2EATOWMOiDA_JcJDQACEmMBAguvwdUC/ofertasv/?filter[tourOperator]=OREX&filter%5Bperson%5D=2&filter%5BchildAge%5D%5B1%5D=20201210&filter%5Bchild%5D=1","filter_turkey_13_16_days","turcja","belek","c","2026-09-09","2026-09-22","14","13","Warszawa","2+1","turcja|belek|2026-09-09|2026-09-22|13|Warszawa|2+1"
"Seven For Life Thermal","19373.0","02.09.2026 - 16.09.2026","15 dni/14 nocy","4.6","4.6","887","tripadvisor","Warszawa","2026-08-23T15:37:14.406197+00:00","https://fly.pl/oferta/turcja-wczasy/?filter[dest]=39:&filter[hotelids]=&filter[cityids]=&filter[cregids]=&filter[ofrType]=&filter[addObjType]=H&filter[whenFrom]=23-08-2026&filter[whenTo]=22-09-2026&filter[duration]=13:16&filter[from]=Warszawa,Warszawa%20-%20Radom&filter[person]=2&filter[child]=1&filter[price]=4000:20000&filter[PriceFrom]=4000&filter[PriceTo]=20000&filter[addCategory]=50&filter[addCatering]=0&filter[addMisc]=0&filter[addTransport]=F&filter[fp]=1&order_by=ofr_price&filter[tourOperator]=0&filter[childAge][1]=20201210","https://datacfstatic.merlinx.pl/OREX/IMG/3774/f3320e79dc9bce56ac951677b05254866796ec02f48a25d628b4b2e2b9fe5e2d.webp","https://fly.pl/wycieczka/turcja,kusadasi,guzelcamli/seven-for-life-thermal-12/pJms_Qewh2H9VbPrm6Lj5zAAog27hXe2UA-QIpux_0NkkiqRysn905121djc9gnSf9TGkqBE9SRVgwuaes1AZIrZcBUEFY4AFgAmoGRUMuMi4xcjabAVwKFQQXAFgBVgJAygYR4xZPmD5dJFKBGVMAXqCOAWHtQ0sATOWMOiC5_JcJDQACEmMBAgsOUCk3/ofertasv/?filter[tourOperator]=OREX&filter%5Bperson%5D=2&filter%5BchildAge%5D%5B1%5D=20201210&filter%5Bchild%5D=1","filter_turkey_13_16_days","turcja","kusadasi","guzelcamli","2026-09-02","2026-09-16","15","14","Warszawa","2+1","turcja|kusadasi|2026-09-02|2026-09-16|14|Warszawa|2+1"
"Starlight Resort & Convention Center (Side)","19485.0","05.09.2026 - 18.09.2026","14 dni/13 nocy","4.5","4.5","5542","tripadvisor","Warszawa","2026-08-23T15:37:14.406197+00:00","https://fly.pl/oferta/turcja-wczasy/?filter[dest]=39:&filter[hotelids]=&filter[cityids]=&filter[cregids]=&filter[ofrType]=&filter[addObjType]=H&filter[whenFrom]=23-08-2026&filter[whenTo]=22-09-2026&filter[duration]=13:16&filter[from]=Warszawa,Warszawa%20-%20Radom&filter[person]=2&filter[child]=1&filter[price]=4000:20000&filter[PriceFrom]=4000&filter[PriceTo]=20000&filter[addCategory]=50&filter[addCatering]=0&filter[addMisc]=0&filter[addTransport]=F&filter[fp]=1&order_by=ofr_price&filter[tourOperator]=0&filter[childAge][1]=20201210","https://fly.pl/cdn/photo/assets/uploads/582/278/2016/01/Starlight-Resort-Convention-Center.jpg","https://fly.pl/wycieczka/turcja,side,kizilagac/starlight-convention-centre-thalasso-spa/p49LPzT8QCF3QIF-howkyOAAogj25TJnZDHhn9OgCtNv79DQAAAAA6cQQA9m0EAA0AAQAqBFdFWlkwuaes1AZInZgBUEFYqAJgA2odTE9UIFBvbGlzaCBBaXJsaW5lcy9FbnRlciBBaXJyRJ4BHwAcAQIAFgAXDBLnAxWFBROJAhgKFJADEY8ST9pOTABAnBJQ58UBSwAb44IBIIuSDh3EBg3v7cIJARJjAQxjAQMGkZyFew/ofertasv/?filter[tourOperator]=WEZY&filter%5Bperson%5D=2&filter%5BchildAge%5D%5B1%5D=20201210&filter%5Bchild%5D=1","filter_turkey_13_16_days","turcja","side","kizilagac","2026-09-05","2026-09-18","14","13","Warszawa","2+1","turcja|side|2026-09-05|2026-09-18|13|Warszawa|2+1"
"Sunrise Resort & SPA","19485.0","05.09.2026 - 18.09.2026","14 dni/13 nocy","4.4","4.4","1949","tripadvisor","Warszawa","2026-08-23T15:37:14.406197+00:00","https://fly.pl/oferta/turcja-wczasy/?filter[dest]=39:&filter[hotelids]=&filter[cityids]=&filter[cregids]=&filter[ofrType]=&filter[addObjType]=H&filter[whenFrom]=23-08-2026&filter[whenTo]=22-09-2026&filter[duration]=13:16&filter[from]=Warszawa,Warszawa%20-%20Radom&filter[person]=2&filter[child]=1&filter[price]=4000:20000&filter[PriceFrom]=4000&filter[PriceTo]=20000&filter[addCategory]=50&filter[addCatering]=0&filter[addMisc]=0&filter[addTransport]=F&filter[fp]=1&order_by=ofr_price&filter[tourOperator]=0&filter[childAge][1]=20201210","https://fly.pl/cdn/photo/assets/uploads/582/278/2016/01/Sunrise-Resort-SPA-1.jpg","https://fly.pl/wycieczka/turcja,side,kizilagac/sunrise-park-resort-spa/pKHcT4iaQiUQAQx4VvPv0PAAogkpgFFJjSi3SeLWB4iMQYcwAAAABJqwQA9m0EAA0AAQAqBFdFWlkwuaes1AZInZgBUEFYqAJgA2oJRW50ZXIgQWlyckWeAR8AHAECABYAFwwS5wMVhQUYkwIT4AMUmgMRqQxP1lBMAECcElDnxQFLABuxngEgvfYNHdN6DeD5wQkBEmMBDGMBAwZGt8P5/ofertasv/?filter[tourOperator]=WEZY&filter%5Bperson%5D=2&filter%5BchildAge%5D%5B1%5D=20201210&filter%5Bchild%5D=1","filter_turkey_13_16_days","turcja","side","kizilagac","2026-09-05","2026-09-18","14","13","Warszawa","2+1","turcja|side|2026-09-05|2026-09-18|13|Warszawa|2+1"
"Calyptus Kirman Premium","19576.0","05.09.2026 - 18.09.2026","14 dni/13 nocy","4.5","4.5","1423","tripadvisor","Warszawa","2026-08-23T15:37:14.406197+00:00","https://fly.pl/oferta/turcja-wczasy/?filter[dest]=39:&filter[hotelids]=&filter[cityids]=&filter[cregids]=&filter[ofrType]=&filter[addObjType]=H&filter[whenFrom]=23-08-2026&filter[whenTo]=22-09-2026&filter[duration]=13:16&filter[from]=Warszawa,Warszawa%20-%20Radom&filter[person]=2&filter[child]=1&filter[price]=4000:20000&filter[PriceFrom]=4000&filter[PriceTo]=20000&filter[addCategory]=50&filter[addCatering]=0&filter[addMisc]=0&filter[addTransport]=F&filter[fp]=1&order_by=ofr_price&filter[tourOperator]=0&filter[childAge][1]=20201210","https://datacfstatic.merlinx.pl/WEZY/IMG/33417/9d8feab17a24a11e3c7ce8427f6875abcaab4ed90dc24f76293166b96ba53a02.webp","https://fly.pl/wycieczka/turcja,side,c/kirman-calyptus-14/pA_AAAYZNxpLvqfHdnZWu0AAog5q5iEqRTU6ZozNQRtxtW2AAAAAA6cQQA9m0EAA0AAAAqBFdFWlkwuaes1AZI-JgBUEFYqAJgA2odTE9UIFBvbGlzaCBBaXJsaW5lcy9FbnRlciBBaXJyQ54BHwAcAQIAFgAXDBLnAxWFBROJAhgKFJADT-lgTABAnBIR6IMBUP9BSwAbnkcg0M0OHcQGDe_twgkBEmMBDWMBAgzxy2Ac/ofertasv/?filter[tourOperator]=WEZY&filter%5Bperson%5D=2&filter%5BchildAge%5D%5B1%5D=20201210&filter%5Bchild%5D=1","filter_turkey_13_16_days","turcja","side","c","2026-09-05","2026-09-18","14","13","Warszawa","2+1","turcja|side|2026-09-05|2026-09-18|13|Warszawa|2+1"
"Trendy Lara","19661.0","01.09.2026 - 14.09.2026","14 dni/13 nocy","4.6","4.6","5327","tripadvisor","Warszawa","2026-08-23T15:37:14.406197+00:00","https://fly.pl/oferta/turcja-wczasy/?filter[dest]=39:&filter[hotelids]=&filter[cityids]=&filter[cregids]=&filter[ofrType]=&filter[addObjType]=H&filter[whenFrom]=23-08-2026&filter[whenTo]=22-09-2026&filter[duration]=13:16&filter[from]=Warszawa,Warszawa%20-%20Radom&filter[person]=2&filter[child]=1&filter[price]=4000:20000&filter[PriceFrom]=4000&filter[PriceTo]=20000&filter[addCategory]=50&filter[addCatering]=0&filter[addMisc]=0&filter[addTransport]=F&filter[fp]=1&order_by=ofr_price&filter[tourOperator]=0&filter[childAge][1]=20201210","https://fly.pl/cdn/photo/assets/uploads/582/278/2015/12/Trendy-Lara.jpg","https://fly.pl/wycieczka/turcja,alanya,c/trendy-lara/peFcoTQLuFZ8GOyoyfTC38AAogO47Ywlx2yWLtYtxMAWKqi2H-9WFY2kVMCzoTvlM5mjwqBE9SRVgwuaes1AZIzZkBUEFYyAFgAmoGSjAuMi4xcjWbARUNFwBYAlYCXAgRdUDNBU_bQF0kU6snUgBelpQBS-1DYQBM5Yw6ILj8lwkNAAISYwECCwevbfo/ofertasv/?filter[tourOperator]=OREX&filter%5Bperson%5D=2&filter%5BchildAge%5D%5B1%5D=20201210&filter%5Bchild%5D=1","filter_turkey_13_16_days","turcja","alanya","c","2026-09-01","2026-09-14","14","13","Warszawa","2+1","turcja|alanya|2026-09-01|2026-09-14|13|Warszawa|2+1"
"Diamond Excellence Resort & Spa","19667.0","07.09.2026 - 20.09.2026","14 dni/13 nocy","4.6","4.6","3701","tripadvisor","Warszawa","2026-08-23T15:37:14.406197+00:00","https://fly.pl/oferta/turcja-wczasy/?filter[dest]=39:&filter[hotelids]=&filter[cityids]=&filter[cregids]=&filter[ofrType]=&filter[addObjType]=H&filter[whenFrom]=23-08-2026&filter[whenTo]=22-09-2026&filter[duration]=13:16&filter[from]=Warszawa,Warszawa%20-%20Radom&filter[person]=2&filter[child]=1&filter[price]=4000:20000&filter[PriceFrom]=4000&filter[PriceTo]=20000&filter[addCategory]=50&filter[addCatering]=0&filter[addMisc]=0&filter[addTransport]=F&filter[fp]=1&order_by=ofr_price&filter[tourOperator]=0&filter[childAge][1]=20201210","https://fly.pl/cdn/photo/assets/uploads/582/278/2015/04/Crystal-Palace-Luxury-Resort-SPA-fly-pl.jpg","https://fly.pl/wycieczka/turcja,side,c/crystal-palace-resort-spa/pbPGZGcidJhoIG-0G-PBRRAAogEBlvVF9H5QVmHSWFwlwlBgAAAADQYgQAs3QEAA0AAAAqBFdFWlkwuaes1AZI05kBUEFY2AJgA2oSRnJlZSBCaXJkIEFpcmxpbmVzagQwOTQwckWeAZMBHwACARYAHAAXDBLnAxTNBhWvARjSAU_DYUwAQJwSS-fFAVAAEdGGAh339wwg4yMbh_NkDfHz3QgBEmMBC2MBAgoQlGrc/ofertasv/?filter[tourOperator]=WEZY&filter%5Bperson%5D=2&filter%5BchildAge%5D%5B1%5D=20201210&filter%5Bchild%5D=1","filter_turkey_13_16_days","turcja","side","c","2026-09-07","2026-09-20","14","13","Warszawa","2+1","turcja|side|2026-09-07|2026-09-20|13|Warszawa|2+1"
"Ozcelik","19690.0","06.09.2026 - 21.09.2026","16 dni/14 nocy","","","","","Warszawa","2026-08-23T15:37:14.406197+00:00","https://fly.pl/oferta/turcja-wczasy/?filter[dest]=39:&filter[hotelids]=&filter[cityids]=&filter[cregids]=&filter[ofrType]=&filter[addObjType]=H&filter[whenFrom]=23-08-2026&filter[whenTo]=22-09-2026&filter[duration]=13:16&filter[from]=Warszawa,Warszawa%20-%20Radom&filter[person]=2&filter[child]=1&filter[price]=4000:20000&filter[PriceFrom]=4000&filter[PriceTo]=20000&filter[addCategory]=50&filter[addCatering]=0&filter[addMisc]=0&filter[addTransport]=F&filter[fp]=1&order_by=ofr_price&filter[tourOperator]=0&filter[childAge][1]=20201210","https://datacfstatic.merlinx.pl/RNBW/IMG/9103/6d48238e095e2510996579f12f900fa2a3e9811c2ab0847bd189a7d361b4c59c.webp","https://fly.pl/wycieczka/turcja,kusadasi,c/ozcelik-14/pWjPIw_ZFggH3AMJcXXe4oAAog5OcXjjkYBsm_9SqnSCp419EzePA6K1TdX_ACAFXiuCcqBFJOQlcwuaes1AZI6pkBUEFYwAJgAmoEQ0FnUWoXMjk2LDM4MCw0NzcsNDgzLDQ4NCw0ODVqGzQwMiw0MDMsNDA2LDQxNyw0NzMsNDk3LDQ5OXI3nwGeAZQBFQ5YARcAChZAsgcRuD8Z_hdS7hVTABDbWkuyd2EAD4emQR0xIOrikAkNAAINYwECDPrI2jI/ofertasv/?filter[tourOperator]=RNBW&filter%5Bperson%5D=2&filter%5BchildAge%5D%5B1%5D=20201210&filter%5Bchild%5D=1","filter_turkey_13_16_days","turcja","kusadasi","c","2026-09-06","2026-09-21","16","14","Warszawa","2+1","turcja|kusadasi|2026-09-06|2026-09-21|14|Warszawa|2+1"
"Adora Hotel & Resort (ex. Adora Golf)","19781.0","05.09.2026 - 18.09.2026","14 dni/13 nocy","4.7","4.7","2451","tripadvisor","Warszawa","2026-08-23T15:37:14.406197+00:00","https://fly.pl/oferta/turcja-wczasy/?filter[dest]=39:&filter[hotelids]=&filter[cityids]=&filter[cregids]=&filter[ofrType]=&filter[addObjType]=H&filter[whenFrom]=23-08-2026&filter[whenTo]=22-09-2026&filter[duration]=13:16&filter[from]=Warszawa,Warszawa%20-%20Radom&filter[person]=2&filter[child]=1&filter[price]=4000:20000&filter[PriceFrom]=4000&filter[PriceTo]=20000&filter[addCategory]=50&filter[addCatering]=0&filter[addMisc]=0&filter[addTransport]=F&filter[fp]=1&order_by=ofr_price&filter[tourOperator]=0&filter[childAge][1]=20201210","https://fly.pl/cdn/photo/assets/uploads/582/278/2014/09/Adora-Hotel-Resort.jpg","https://fly.pl/wycieczka/turcja,belek,c/adora-golf/pxcT4QYZI08KgHwycVVM4oAAogVkk6I0R4HQ9zHJOiaW_qfwAAAAA6cQQA9m0EAA0AAAAqBFdFWlkwuaes1AZIxZoBUEFYqAJgA2odTE9UIFBvbGlzaCBBaXJsaW5lcy9FbnRlciBBaXJyRJ4BHwAcAQIAFgAXDBHMAhKbARWFBROJAhgKFJADT-lgTABAnBJQ58UBSwAb3ZYBIJH-DR3EBg3v7cIJARJjAQxjAQMLSrzAVw/ofertasv/?filter[tourOperator]=WEZY&filter%5Bperson%5D=2&filter%5BchildAge%5D%5B1%5D=20201210&filter%5Bchild%5D=1","filter_turkey_13_16_days","turcja","belek","c","2026-09-05","2026-09-18","14","13","Warszawa","2+1","turcja|belek|2026-09-05|2026-09-18|13|Warszawa|2+1"
"Beks Premium Resort & Spa","19860.0","04.09.2026 - 18.09.2026","15 dni/14 nocy","","","","","Warszawa","2026-08-23T15:37:14.406197+00:00","https://fly.pl/oferta/turcja-wczasy/?filter[dest]=39:&filter[hotelids]=&filter[cityids]=&filter[cregids]=&filter[ofrType]=&filter[addObjType]=H&filter[whenFrom]=23-08-2026&filter[whenTo]=22-09-2026&filter[duration]=13:16&filter[from]=Warszawa,Warszawa%20-%20Radom&filter[person]=2&filter[child]=1&filter[price]=4000:20000&filter[PriceFrom]=4000&filter[PriceTo]=20000&filter[addCategory]=50&filter[addCatering]=0&filter[addMisc]=0&filter[addTransport]=F&filter[fp]=1&order_by=ofr_price&filter[tourOperator]=0&filter[childAge][1]=20201210","https://datacfstatic.merlinx.pl/WEZY/IMG/82035/90f5ddb680705b397773567ffc6eca065c98a7687de95c9bf7fffdb76f3e9da4.webp","https://fly.pl/wycieczka/turcja,kusadasi,c/beks-premium-resort-spa-11/p3SchLWL53o-4XnjBFWZWuAAogiJsVhAeWJDE0eD8Ac9HwdgAAAACfqQQAvakEAA4AAQAqBFdFWlkwuaes1AZIlJsBUEFYkAJgA2oJRW50ZXIgQWlyagQwNjQwagQwOTEwckKeAZUBmAEfAAIBFgAcABcNEuYDE4cLFIsDT_lWTABAohhL58UBUAAR67kCG_pWHbL7DCAeDev8wQkBEmMBDWMBAwuCYAk7/ofertasv/?filter[tourOperator]=WEZY&filter%5Bperson%5D=2&filter%5BchildAge%5D%5B1%5D=20201210&filter%5Bchild%5D=1","filter_turkey_13_16_days","turcja","kusadasi","c","2026-09-04","2026-09-18","15","14","Warszawa","2+1","turcja|kusadasi|2026-09-04|2026-09-18|14|Warszawa|2+1"
"Rai Foresta Tekirova","19935.0","05.09.2026 - 18.09.2026","14 dni/13 nocy","","","","","Warszawa","2026-08-23T15:37:14.406197+00:00","https://fly.pl/oferta/turcja-wczasy/?filter[dest]=39:&filter[hotelids]=&filter[cityids]=&filter[cregids]=&filter[ofrType]=&filter[addObjType]=H&filter[whenFrom]=23-08-2026&filter[whenTo]=22-09-2026&filter[duration]=13:16&filter[from]=Warszawa,Warszawa%20-%20Radom&filter[person]=2&filter[child]=1&filter[price]=4000:20000&filter[PriceFrom]=4000&filter[PriceTo]=20000&filter[addCategory]=50&filter[addCatering]=0&filter[addMisc]=0&filter[addTransport]=F&filter[fp]=1&order_by=ofr_price&filter[tourOperator]=0&filter[childAge][1]=20201210","https://datacfstatic.merlinx.pl/WEZY/IMG/82010/c04dafc9b9152151f3196f5435dbd3868e5a7ec16016500121a5011d91a025c6.webp","https://fly.pl/wycieczka/turcja,kemer,tekirova/rai-foresta-tekirova-12/p01m-OAtCJNw7G9-1CgwPJAAogD0Hfalv4X9qlhJpLxaMiWwAAAAA6cQQA9m0EAA0ABAAqBFdFWlkwuaes1AZI35sBUEFYqAJgA2odTE9UIFBvbGlzaCBBaXJsaW5lcy9FbnRlciBBaXJyRZ4BHwAcAQIAFgAXDBLnAxWFBROJAhgKFJADTOlgTwBAnBJQ58UBSwAR0rkCIJzbDB3EBhvqxH4NhanECAESYwEMYwEDC44Gdkk/ofertasv/?filter[tourOperator]=WEZY&filter%5Bperson%5D=2&filter%5BchildAge%5D%5B1%5D=20201210&filter%5Bchild%5D=1","filter_turkey_13_16_days","turcja","kemer","tekirova","2026-09-05","2026-09-18","14","13","Warszawa","2+1","turcja|kemer|2026-09-05|2026-09-18|13|Warszawa|2+1"
"Club Phaselis Rose","19957.0","29.08.2026 - 12.09.2026","15 dni/14 nocy","4.5","4.5","1694","tripadvisor","Warszawa","2026-08-23T15:37:14.406197+00:00","https://fly.pl/oferta/turcja-wczasy/?filter[dest]=39:&filter[hotelids]=&filter[cityids]=&filter[cregids]=&filter[ofrType]=&filter[addObjType]=H&filter[whenFrom]=23-08-2026&filter[whenTo]=22-09-2026&filter[duration]=13:16&filter[from]=Warszawa,Warszawa%20-%20Radom&filter[person]=2&filter[child]=1&filter[price]=4000:20000&filter[PriceFrom]=4000&filter[PriceTo]=20000&filter[addCategory]=50&filter[addCatering]=0&filter[addMisc]=0&filter[addTransport]=F&filter[fp]=1&order_by=ofr_price&filter[tourOperator]=0&filter[childAge][1]=20201210","https://fly.pl/cdn/photo/assets/uploads/582/278/2015/04/Club-Hotel-Phaselis-Rose.jpg","https://fly.pl/wycieczka/turcja,kemer,tekirova/club-phaselis-rose/pQtvc_u1N7A4kO1yPhZ3_MAAoger0ZS1vTpxy5XpR-BD52GBleql_vgBzW78-3GSKx6FwqBFZJVFgwuaes1AZI9ZsBUEFYgAFgAnI_GgBcChUEFwBYAUCPA1Pna1IAW9gXXr58S-1DYQBMh6E8IM7nlQkNAFH3wZLuWE_PthNdlOWmga0BAgxjAQILGxR5xg/ofertasv/?filter[tourOperator]=VITX&filter%5Bperson%5D=2&filter%5BchildAge%5D%5B1%5D=20201210&filter%5Bchild%5D=1","filter_turkey_13_16_days","turcja","kemer","tekirova","2026-08-29","2026-09-12","15","14","Warszawa","2+1","turcja|kemer|2026-08-29|2026-09-12|14|Warszawa|2+1"
"First Class Turcja, Alanya, Mahmutlar","8640.0","24.08.2026 - 06.09.2026","14 dni/13 nocy","3.2","3.2","454","tripadvisor","Warszawa","2026-08-23T16:14:12.213705+00:00","https://fly.pl/oferta/turcja-wczasy/?filter[dest]=39:&filter[hotelids]=&filter[cityids]=&filter[cregids]=&filter[ofrType]=&filter[addObjType]=H&filter[whenFrom]=23-08-2026&filter[whenTo]=22-09-2026&filter[duration]=13:16&filter[from]=Warszawa,Warszawa%20-%20Radom&filter[person]=2&filter[child]=1&filter[price]=4000:20000&filter[PriceFrom]=4000&filter[PriceTo]=20000&filter[addCategory]=50&filter[addCatering]=0&filter[addMisc]=0&filter[addTransport]=F&filter[fp]=1&order_by=ofr_price&filter[tourOperator]=0&filter[childAge][1]=20201210","https://fly.pl/cdn/photo/assets/uploads/582/278/2015/04/First-Class.jpg","https://fly.pl/wycieczka/turcja,alanya,mahmutlar/first-class/pfyYE-Nn1ndQOf8uvMlxTAAAogli-Vo87ipgrfxe2VJUMMZv4pD51008FgSw5Ucb3OO6IqBE9SRVgw1Lis1AZIwENQQVgHYAJqBkowLjIuMXI2mwFcChUDFwBYAlYCQMoGEeMeT_ghXSRSqydTAF6WlAFh7UNLAEzljDog6_uXCQ0AAhJjAQILekzKRw/ofertasv/?filter[tourOperator]=OREX&filter%5Bperson%5D=2&filter%5BchildAge%5D%5B1%5D=20201210&filter%5Bchild%5D=1","filter_turkey_13_16_days","turcja","alanya","mahmutlar","2026-08-24","2026-09-06","14","13","Warszawa","2+1","turcja|alanya|2026-08-24|2026-09-06|13|Warszawa|2+1"
"Campus Hill Turcja, Alanya","8859.0","29.08.2026 - 11.09.2026","14 dni/13 nocy","4.0","4.0","209","tripadvisor","Warszawa","2026-08-23T16:14:12.213705+00:00","https://fly.pl/oferta/turcja-wczasy/?filter[dest]=39:&filter[hotelids]=&filter[cityids]=&filter[cregids]=&filter[ofrType]=&filter[addObjType]=H&filter[whenFrom]=23-08-2026&filter[whenTo]=22-09-2026&filter[duration]=13:16&filter[from]=Warszawa,Warszawa%20-%20Radom&filter[person]=2&filter[child]=1&filter[price]=4000:20000&filter[PriceFrom]=4000&filter[PriceTo]=20000&filter[addCategory]=50&filter[addCatering]=0&filter[addMisc]=0&filter[addTransport]=F&filter[fp]=1&order_by=ofr_price&filter[tourOperator]=0&filter[childAge][1]=20201210","https://fly.pl/cdn/photo/assets/uploads/582/278/2024/07/campus-hill.jpg","https://fly.pl/wycieczka/turcja,alanya,c/campus-hill-15/pTAWJL8Gr1YeXa6QiHsBsMAAogqxE3_vqewg6z6KEa4BLATCoNWmvQEEHUw3gEnJaiGJ0qBEJWQkUw1Lis1AZIm0VQAVh_YAJqAkFJciEcEdyZARvMxj8YjowguQTO1xirBBMB5aP0vwQCEmMBAwsmHdU3/ofertasv/?filter[tourOperator]=BVBE&filter%5Bperson%5D=2&filter%5BchildAge%5D%5B1%5D=20201210&filter%5Bchild%5D=1","filter_turkey_13_16_days","turcja","alanya","c","2026-08-29","2026-09-11","14","13","Warszawa","2+1","turcja|alanya|2026-08-29|2026-09-11|13|Warszawa|2+1"
"Perre Delta Turcja, Alanya, Okurcalar","9959.0","08.09.2026 - 21.09.2026","14 dni/13 nocy","3.3","3.3","369","tripadvisor","Warszawa","2026-08-23T16:14:12.213705+00:00","https://fly.pl/oferta/turcja-wczasy/?filter[dest]=39:&filter[hotelids]=&filter[cityids]=&filter[cregids]=&filter[ofrType]=&filter[addObjType]=H&filter[whenFrom]=23-08-2026&filter[whenTo]=22-09-2026&filter[duration]=13:16&filter[from]=Warszawa,Warszawa%20-%20Radom&filter[person]=2&filter[child]=1&filter[price]=4000:20000&filter[PriceFrom]=4000&filter[PriceTo]=20000&filter[addCategory]=50&filter[addCatering]=0&filter[addMisc]=0&filter[addTransport]=F&filter[fp]=1&order_by=ofr_price&filter[tourOperator]=0&filter[childAge][1]=20201210","https://fly.pl/cdn/photo/assets/uploads/582/278/2020/01/Perre-Delta.jpg","https://fly.pl/wycieczka/turcja,alanya,okurcalar/perre-delta-hotel-14/pEq92yjNedqxSmMAJ9hX4SAAogdvvlctLdj6aXZa29HTv7bIRXb0S2CkfY7MNA9xXe7tgqBE9SRVgw1Lis1AZI501QQVjvAmACagZKMC4yLjFyNpsBFQ0XAFgCVgJcCEDCBhHUB0-HOV0kU6snUgBelpQBS-1DYQBM5Yw6IL_8lwkNAAISYwECC0Sf1Ak/ofertasv/?filter[tourOperator]=OREX&filter%5Bperson%5D=2&filter%5BchildAge%5D%5B1%5D=20201210&filter%5Bchild%5D=1","filter_turkey_13_16_days","turcja","alanya","okurcalar","2026-09-08","2026-09-21","14","13","Warszawa","2+1","turcja|alanya|2026-09-08|2026-09-21|13|Warszawa|2+1"
"Nox Inn Club (ex Limoncello Konakli Beach) Turcja, Alanya, Konaklı","10157.0","26.08.2026 - 09.09.2026","15 dni/14 nocy","4.2","4.2","72","tripadvisor","Warszawa","2026-08-23T16:14:12.213705+00:00","https://fly.pl/oferta/turcja-wczasy/?filter[dest]=39:&filter[hotelids]=&filter[cityids]=&filter[cregids]=&filter[ofrType]=&filter[addObjType]=H&filter[whenFrom]=23-08-2026&filter[whenTo]=22-09-2026&filter[duration]=13:16&filter[from]=Warszawa,Warszawa%20-%20Radom&filter[person]=2&filter[child]=1&filter[price]=4000:20000&filter[PriceFrom]=4000&filter[PriceTo]=20000&filter[addCategory]=50&filter[addCatering]=0&filter[addMisc]=0&filter[addTransport]=F&filter[fp]=1&order_by=ofr_price&filter[tourOperator]=0&filter[childAge][1]=20201210","https://fly.pl/cdn/photo/assets/uploads/582/278/2014/09/Hotel-Misal-Resort.jpg","https://fly.pl/wycieczka/turcja,alanya,konakli/club-konakli/pTTewoe72SLDnmtk8dokF4AAogaF-DBoxVB1uosHfG6hPa2NE9XKY2U4OiWKIw7pnyKDQqBFZJVFgw1Lis1AZIrU9QQVg3YAJyPxoAXAoVBBcAWAFAjwNT52tSAFuwGV7mekvtQ2EATMi0OSCK1JgJDQBRlraN7lhPscIYXZTlpoGtAQIMYwECCyIAyRc/ofertasv/?filter[tourOperator]=VITX&filter%5Bperson%5D=2&filter%5BchildAge%5D%5B1%5D=20201210&filter%5Bchild%5D=1","filter_turkey_13_16_days","turcja","alanya","konakli","2026-08-26","2026-09-09","15","14","Warszawa","2+1","turcja|alanya|2026-08-26|2026-09-09|14|Warszawa|2+1"
"Club Side Coast Turcja, Side, Colakli","10468.0","05.09.2026 - 18.09.2026","14 dni/13 nocy","3.4","3.4","588","tripadvisor","Warszawa","2026-08-23T16:14:12.213705+00:00","https://fly.pl/oferta/turcja-wczasy/?filter[dest]=39:&filter[hotelids]=&filter[cityids]=&filter[cregids]=&filter[ofrType]=&filter[addObjType]=H&filter[whenFrom]=23-08-2026&filter[whenTo]=22-09-2026&filter[duration]=13:16&filter[from]=Warszawa,Warszawa%20-%20Radom&filter[person]=2&filter[child]=1&filter[price]=4000:20000&filter[PriceFrom]=4000&filter[PriceTo]=20000&filter[addCategory]=50&filter[addCatering]=0&filter[addMisc]=0&filter[addTransport]=F&filter[fp]=1&order_by=ofr_price&filter[tourOperator]=0&filter[childAge][1]=20201210","https://fly.pl/cdn/photo/assets/uploads/582/278/2014/09/Club-Side-Coast-fly-pl.jpg","https://fly.pl/wycieczka/turcja,side,colakli/club-side-coast/pkHKn9GfPY-2qBs_k7dCTdAAogI-ptpmUCnW06CvF9XH79pwAAAAA6cQQA9m0EAA0AAQAqBFdFWlkw1Lis1AZI5FFQQVinAmADah1MT1QgUG9saXNoIEFpcmxpbmVzL0VudGVyIEFpcnJDngEfABwBAgAWBBcIEucDEeECFaQCE4kCGAoUkANP6WBMAECcElDnxQFLABuVLyDZ5Q4dxAYN7-3CCQESYwENYwECDM_9Ajk/ofertasv/?filter[tourOperator]=WEZY&filter%5Bperson%5D=2&filter%5BchildAge%5D%5B1%5D=20201210&filter%5Bchild%5D=1","filter_turkey_13_16_days","turcja","side","colakli","2026-09-05","2026-09-18","14","13","Warszawa","2+1","turcja|side|2026-09-05|2026-09-18|13|Warszawa|2+1"
"Loxia Comfort Beach Alanya (ex. Fun & Sun Smart Club Prestige) Turcja, Alanya, Mahmutlar","10517.0","08.09.2026 - 21.09.2026","14 dni/13 nocy","3.8","3.8","1259","tripadvisor","Warszawa","2026-08-23T16:14:12.213705+00:00","https://fly.pl/oferta/turcja-wczasy/?filter[dest]=39:&filter[hotelids]=&filter[cityids]=&filter[cregids]=&filter[ofrType]=&filter[addObjType]=H&filter[whenFrom]=23-08-2026&filter[whenTo]=22-09-2026&filter[duration]=13:16&filter[from]=Warszawa,Warszawa%20-%20Radom&filter[person]=2&filter[child]=1&filter[price]=4000:20000&filter[PriceFrom]=4000&filter[PriceTo]=20000&filter[addCategory]=50&filter[addCatering]=0&filter[addMisc]=0&filter[addTransport]=F&filter[fp]=1&order_by=ofr_price&filter[tourOperator]=0&filter[childAge][1]=20201210","https://fly.pl/cdn/photo/assets/uploads/582/278/2018/03/Euphoria-Comfort-Beach-Alanya.jpg","https://fly.pl/wycieczka/turcja,alanya,mahmutlar/armas-prestige/psr_Vk1UGTUgmqrGVZIdDDAAogFAjp1_ewNXbMP8Jx96nUaYRXb0S2CkfY7MNA9xXe7tgqBE9SRVgw1Lis1AZIlVJQQVjvAmACagZKRS4yLjFyNpsBXAoVAxcAWAJWAkDKBhG2Jk-lGl0kUqsnUwBelpQBYe1DSwBM5Yw6IL_8lwkNAAISYwECC3fdct4/ofertasv/?filter[tourOperator]=OREX&filter%5Bperson%5D=2&filter%5BchildAge%5D%5B1%5D=20201210&filter%5Bchild%5D=1","filter_turkey_13_16_days","turcja","alanya","mahmutlar","2026-09-08","2026-09-21","14","13","Warszawa","2+1","turcja|alanya|2026-09-08|2026-09-21|13|Warszawa|2+1"
"Miarosa Incekum Beach (ex Alara Kum) Turcja, Alanya, Avsallar","10710.0","08.09.2026 - 21.09.2026","14 dni/13 nocy","4.0","4.0","969","tripadvisor","Warszawa","2026-08-23T16:14:12.213705+00:00","https://fly.pl/oferta/turcja-wczasy/?filter[dest]=39:&filter[hotelids]=&filter[cityids]=&filter[cregids]=&filter[ofrType]=&filter[addObjType]=H&filter[whenFrom]=23-08-2026&filter[whenTo]=22-09-2026&filter[duration]=13:16&filter[from]=Warszawa,Warszawa%20-%20Radom&filter[person]=2&filter[child]=1&filter[price]=4000:20000&filter[PriceFrom]=4000&filter[PriceTo]=20000&filter[addCategory]=50&filter[addCatering]=0&filter[addMisc]=0&filter[addTransport]=F&filter[fp]=1&order_by=ofr_price&filter[tourOperator]=0&filter[childAge][1]=20201210","https://fly.pl/cdn/photo/assets/uploads/582/278/2015/04/Alara-Kum-fly-pl.jpg","https://fly.pl/wycieczka/turcja,alanya,avsallar/alara-kum/pdOAHzQ3RLydw6j5XnINikAAogw5yg-kCuIf2z0TRPmJtJQ4RXb0S2CkfY7MNA9xXe7tgqBE9SRVgw1Lis1AZI1lNQQVjvAmACagZKMC4yLjFyNpsBFQ0XAFgCVgJcCEDCBhHeC0_9NF0kU6snUgBelpQBS-1DYQBM5Yw6IL_8lwkNAAISYwECDNbs2W4/ofertasv/?filter[tourOperator]=OREX&filter%5Bperson%5D=2&filter%5BchildAge%5D%5B1%5D=20201210&filter%5Bchild%5D=1","filter_turkey_13_16_days","turcja","alanya","avsallar","2026-09-08","2026-09-21","14","13","Warszawa","2+1","turcja|alanya|2026-09-08|2026-09-21|13|Warszawa|2+1"
"Green Nature Resort & Spa Turcja, Marmaris","10757.0","31.08.2026 - 14.09.2026","15 dni/14 nocy","4.1","4.1","7344","tripadvisor","Warszawa","2026-08-23T16:14:12.213705+00:00","https://fly.pl/oferta/turcja-wczasy/?filter[dest]=39:&filter[hotelids]=&filter[cityids]=&filter[cregids]=&filter[ofrType]=&filter[addObjType]=H&filter[whenFrom]=23-08-2026&filter[whenTo]=22-09-2026&filter[duration]=13:16&filter[from]=Warszawa,Warszawa%20-%20Radom&filter[person]=2&filter[child]=1&filter[price]=4000:20000&filter[PriceFrom]=4000&filter[PriceTo]=20000&filter[addCategory]=50&filter[addCatering]=0&filter[addMisc]=0&filter[addTransport]=F&filter[fp]=1&order_by=ofr_price&filter[tourOperator]=0&filter[childAge][1]=20201210","https://fly.pl/cdn/photo/assets/uploads/582/278/2014/07/Green-Nature-Resort.jpg","https://fly.pl/wycieczka/turcja,marmaris,c/green-nature-resort/pwMaFfkJhX5bDgnJz8bCgMAAogZUaa-UH21tM9ysP5jd0BEK8rDDdjFLXaQKSLkMNXaCQqBFZJVFgw1Lis1AZIhVRQQVivAWACckAaAFwKFQQXAFgBQI8DW7-DAVP9AlIAXsF5S-1DYQBMxbQ5IJLUmAkNAFHXwbebbk_roCxdiLvw05cBAg1jAQIMbOQARg/ofertasv/?filter[tourOperator]=VITX&filter%5Bperson%5D=2&filter%5BchildAge%5D%5B1%5D=20201210&filter%5Bchild%5D=1","filter_turkey_13_16_days","turcja","marmaris","c","2026-08-31","2026-09-14","15","14","Warszawa","2+1","turcja|marmaris|2026-08-31|2026-09-14|14|Warszawa|2+1"
"Scylax Family Club (Kargicak) Turcja, Alanya, Mahmutlar","10806.0","08.09.2026 - 21.09.2026","14 dni/13 nocy","2.6","2.6","141","tripadvisor","Warszawa","2026-08-23T16:14:12.213705+00:00","https://fly.pl/oferta/turcja-wczasy/?filter[dest]=39:&filter[hotelids]=&filter[cityids]=&filter[cregids]=&filter[ofrType]=&filter[addObjType]=H&filter[whenFrom]=23-08-2026&filter[whenTo]=22-09-2026&filter[duration]=13:16&filter[from]=Warszawa,Warszawa%20-%20Radom&filter[person]=2&filter[child]=1&filter[price]=4000:20000&filter[PriceFrom]=4000&filter[PriceTo]=20000&filter[addCategory]=50&filter[addCatering]=0&filter[addMisc]=0&filter[addTransport]=F&filter[fp]=1&order_by=ofr_price&filter[tourOperator]=0&filter[childAge][1]=20201210","https://fly.pl/cdn/photo/assets/uploads/582/278/2024/07/scylax-family-club-kargicak.jpg","https://fly.pl/wycieczka/turcja,alanya,mahmutlar/scylax-family-club-kargicak-15/p4vuqq2yun-AZv0UoHpd6tAAog7MUEOssIZEbwJ4UfnZaQ59nASCJBSaUuy1kZ7JYk2PIqBEpPSVAw1Lis1AZItlRQQVjvAmACagMwMFJyQ5sBFAFcCRUDFwBYAlYCXZUBT-YEQE9SqmhTAF6WlAFL7UNhABHgnAJMhfA3Db_8lwkgAAGJvPCYhYnMnDACD2MBAg6jAlv7/ofertasv/?filter[tourOperator]=JOIP&filter%5Bperson%5D=2&filter%5BchildAge%5D%5B1%5D=20201210&filter%5Bchild%5D=1","filter_turkey_13_16_days","turcja","alanya","mahmutlar","2026-09-08","2026-09-21","14","13","Warszawa","2+1","turcja|alanya|2026-09-08|2026-09-21|13|Warszawa|2+1"
"Presa Di Finica (Finike) Turcja, Kemer, Finike","10957.0","29.08.2026 - 12.09.2026","15 dni/14 nocy","3.9","3.9","695","tripadvisor","Warszawa","2026-08-23T16:14:12.213705+00:00","https://fly.pl/oferta/turcja-wczasy/?filter[dest]=39:&filter[hotelids]=&filter[cityids]=&filter[cregids]=&filter[ofrType]=&filter[addObjType]=H&filter[whenFrom]=23-08-2026&filter[whenTo]=22-09-2026&filter[duration]=13:16&filter[from]=Warszawa,Warszawa%20-%20Radom&filter[person]=2&filter[child]=1&filter[price]=4000:20000&filter[PriceFrom]=4000&filter[PriceTo]=20000&filter[addCategory]=50&filter[addCatering]=0&filter[addMisc]=0&filter[addTransport]=F&filter[fp]=1&order_by=ofr_price&filter[tourOperator]=0&filter[childAge][1]=20201210","https://fly.pl/cdn/photo/assets/uploads/582/278/2016/02/presa-di-finica.jpg","https://fly.pl/wycieczka/turcja,kemer,finike/presa-di-finica-finike/p86cvYEwJ3RcQHxC4gZXhpAAogCWpiTU91Fe66Tyistdhw1Rleql_vgBzW78-3GSKx6FwqBFZJVFgw1Lis1AZIzVVQQVh_YAJyPxoAXAoVBBcAWAFAjwNT52tSAFvYF16-fEvtQ2EATIehPCDO55UJDQBR0ZL27VhP9eUvXZTlpoGtAQIOYwECDT_f3Kk/ofertasv/?filter[tourOperator]=VITX&filter%5Bperson%5D=2&filter%5BchildAge%5D%5B1%5D=20201210&filter%5Bchild%5D=1","filter_turkey_13_16_days","turcja","kemer","finike","2026-08-29","2026-09-12","15","14","Warszawa","2+1","turcja|kemer|2026-08-29|2026-09-12|14|Warszawa|2+1"
"World Star Beach Resort & Spa Turcja, Alanya, Kestel","11160.0","08.09.2026 - 21.09.2026","14 dni/13 nocy","","","","","Warszawa","2026-08-23T16:14:12.213705+00:00","https://fly.pl/oferta/turcja-wczasy/?filter[dest]=39:&filter[hotelids]=&filter[cityids]=&filter[cregids]=&filter[ofrType]=&filter[addObjType]=H&filter[whenFrom]=23-08-2026&filter[whenTo]=22-09-2026&filter[duration]=13:16&filter[from]=Warszawa,Warszawa%20-%20Radom&filter[person]=2&filter[child]=1&filter[price]=4000:20000&filter[PriceFrom]=4000&filter[PriceTo]=20000&filter[addCategory]=50&filter[addCatering]=0&filter[addMisc]=0&filter[addTransport]=F&filter[fp]=1&order_by=ofr_price&filter[tourOperator]=0&filter[childAge][1]=20201210","https://datacfstatic.merlinx.pl/OREX/IMG/7374/2dd8973b05214486c5b52b2bda03bc970ce058f30798e156b4496942db88c11f.webp","https://fly.pl/wycieczka/turcja,alanya,kestel/world-star-beach-resort-spa-11/pbhOAV-iKZHnuTSZNA__nSAAogykj4lIpm1EiPq-HkpFX5IoRXb0S2CkfY7MNA9xXe7tgqBE9SRVgw1Lis1AZImFdQQVjvAmACagdRSk8uMi4xcjabAVwKFQMXAFgCVgJAygYR8zJP6A1dJFKrJ1MAXpaUAWHtQ0sATOWMOiC__JcJDQACEmMBAgwFYyEE/ofertasv/?filter[tourOperator]=OREX&filter%5Bperson%5D=2&filter%5BchildAge%5D%5B1%5D=20201210&filter%5Bchild%5D=1","filter_turkey_13_16_days","turcja","alanya","kestel","2026-09-08","2026-09-21","14","13","Warszawa","2+1","turcja|alanya|2026-09-08|2026-09-21|13|Warszawa|2+1"
"Daima Biz Resort Turcja, Kemer","11223.0","05.09.2026 - 18.09.2026","14 dni/13 nocy","3.1","3.1","456","tripadvisor","Warszawa","2026-08-23T16:14:12.213705+00:00","https://fly.pl/oferta/turcja-wczasy/?filter[dest]=39:&filter[hotelids]=&filter[cityids]=&filter[cregids]=&filter[ofrType]=&filter[addObjType]=H&filter[whenFrom]=23-08-2026&filter[whenTo]=22-09-2026&filter[duration]=13:16&filter[from]=Warszawa,Warszawa%20-%20Radom&filter[person]=2&filter[child]=1&filter[price]=4000:20000&filter[PriceFrom]=4000&filter[PriceTo]=20000&filter[addCategory]=50&filter[addCatering]=0&filter[addMisc]=0&filter[addTransport]=F&filter[fp]=1&order_by=ofr_price&filter[tourOperator]=0&filter[childAge][1]=20201210","https://fly.pl/cdn/photo/assets/uploads/582/278/2015/04/Daima-Biz-Resort-fly-pl.jpg","https://fly.pl/wycieczka/turcja,kemer,c/daima-biz-resort/pGFOSV5C5tLip4At0ZS1O2AAogROgzVuLOVE1MJ0wfyZlbUwAAAAA6cQQA9m0EAA0AAQAqBFdFWlkw1Lis1AZI11dQQVinAmADah1MT1QgUG9saXNoIEFpcmxpbmVzL0VudGVyIEFpcnJDngEfABwBAgAWABcMEucDFYUFE4kCGAoUkAMR9y9P8jBMAECcElDnxQFLABucMSDS4w4dxAYN7-3CCQESYwEMYwEDC7z6fEk/ofertasv/?filter[tourOperator]=WEZY&filter%5Bperson%5D=2&filter%5BchildAge%5D%5B1%5D=20201210&filter%5Bchild%5D=1","filter_turkey_13_16_days","turcja","kemer","c","2026-09-05","2026-09-18","14","13","Warszawa","2+1","turcja|kemer|2026-09-05|2026-09-18|13|Warszawa|2+1"
"Ladonia Hotels Adakule (ex Alkoclar Adakule) Turcja, Kusadasi","11384.0","28.08.2026 - 11.09.2026","15 dni/14 nocy","3.8","3.8","1575","tripadvisor","Warszawa","2026-08-23T16:14:12.213705+00:00","https://fly.pl/oferta/turcja-wczasy/?filter[dest]=39:&filter[hotelids]=&filter[cityids]=&filter[cregids]=&filter[ofrType]=&filter[addObjType]=H&filter[whenFrom]=23-08-2026&filter[whenTo]=22-09-2026&filter[duration]=13:16&filter[from]=Warszawa,Warszawa%20-%20Radom&filter[person]=2&filter[child]=1&filter[price]=4000:20000&filter[PriceFrom]=4000&filter[PriceTo]=20000&filter[addCategory]=50&filter[addCatering]=0&filter[addMisc]=0&filter[addTransport]=F&filter[fp]=1&order_by=ofr_price&filter[tourOperator]=0&filter[childAge][1]=20201210","https://fly.pl/cdn/photo/assets/uploads/582/278/2015/12/Ladonia-Hotels-Adakule-ex-Alkoclar-Adakule-fly-pl.jpg","https://fly.pl/wycieczka/turcja,kusadasi,c/alkoclar-adakule/prJinkzg5Fflv_pANePBEaAAoghD99Bs2IPyU77sUqllltmAAAAACeqQQAvKkEAA4AAQAqBFdFWlkw1Lis1AZI-FhQQVhnYANqCUVudGVyIEFpcnJEngEfABwBAgAWBBcJEuYDFdIGGMgBE-0CFIsDEdsWT55ATABAohhQ58UBSwAbiYwDHY2ADSAeDaD8wQkBEmMBDWMBAwz9GYPV/ofertasv/?filter[tourOperator]=WEZY&filter%5Bperson%5D=2&filter%5BchildAge%5D%5B1%5D=20201210&filter%5Bchild%5D=1","filter_turkey_13_16_days","turcja","kusadasi","c","2026-08-28","2026-09-11","15","14","Warszawa","2+1","turcja|kusadasi|2026-08-28|2026-09-11|14|Warszawa|2+1"
"Cenger Beach Resort Turcja, Side","11387.0","05.09.2026 - 18.09.2026","14 dni/13 nocy","4.1","4.1","1316","tripadvisor","Warszawa","2026-08-23T16:14:12.213705+00:00","https://fly.pl/oferta/turcja-wczasy/?filter[dest]=39:&filter[hotelids]=&filter[cityids]=&filter[cregids]=&filter[ofrType]=&filter[addObjType]=H&filter[whenFrom]=23-08-2026&filter[whenTo]=22-09-2026&filter[duration]=13:16&filter[from]=Warszawa,Warszawa%20-%20Radom&filter[person]=2&filter[child]=1&filter[price]=4000:20000&filter[PriceFrom]=4000&filter[PriceTo]=20000&filter[addCategory]=50&filter[addCatering]=0&filter[addMisc]=0&filter[addTransport]=F&filter[fp]=1&order_by=ofr_price&filter[tourOperator]=0&filter[childAge][1]=20201210","https://fly.pl/cdn/photo/assets/uploads/582/278/2015/02/Cenger-Beach-Resort.jpg","https://fly.pl/wycieczka/turcja,side,c/cenger-beach-resort/pCaLpfDjYWSAwrBjUWKT7RAAog90KhcDsYdhBcXPguB9ehnwAAAAA6cQQA9m0EAA0ABAAqBFdFWlkw1Lis1AZI-1hQQVinAmADah1MT1QgUG9saXNoIEFpcmxpbmVzL0VudGVyIEFpcnJEngEfABwBAgAWBBcIEucDFYUFE4kCGAoUkAMRhkFP4x9MAECcElDnxQFLABuzhgQgu44LHcQGDe_twgkBEmMBDGMBAwtkGe8r/ofertasv/?filter[tourOperator]=WEZY&filter%5Bperson%5D=2&filter%5BchildAge%5D%5B1%5D=20201210&filter%5Bchild%5D=1","filter_turkey_13_16_days","turcja","side","c","2026-09-05","2026-09-18","14","13","Warszawa","2+1","turcja|side|2026-09-05|2026-09-18|13|Warszawa|2+1"
"Drita Resort & Spa Turcja, Alanya, Kargicak","11438.0","05.09.2026 - 18.09.2026","14 dni/13 nocy","4.2","4.2","893","tripadvisor","Warszawa","2026-08-23T16:14:12.213705+00:00","https://fly.pl/oferta/turcja-wczasy/?filter[dest]=39:&filter[hotelids]=&filter[cityids]=&filter[cregids]=&filter[ofrType]=&filter[addObjType]=H&filter[whenFrom]=23-08-2026&filter[whenTo]=22-09-2026&filter[duration]=13:16&filter[from]=Warszawa,Warszawa%20-%20Radom&filter[person]=2&filter[child]=1&filter[price]=4000:20000&filter[PriceFrom]=4000&filter[PriceTo]=20000&filter[addCategory]=50&filter[addCatering]=0&filter[addMisc]=0&filter[addTransport]=F&filter[fp]=1&order_by=ofr_price&filter[tourOperator]=0&filter[childAge][1]=20201210","https://fly.pl/cdn/photo/assets/uploads/582/278/2015/01/Drita-Resort-Spa-fly-pl-1.jpg","https://fly.pl/wycieczka/turcja,alanya,kargicak/drita/pXh6jVvO-KMum67BNMoQwVAAogG4CwdqZf9zRLY9HsnA8oBAAAAAA6cQQA9m0EAA0AAQAqBFdFWlkw1Lis1AZIrllQQVinAmADah1MT1QgUG9saXNoIEFpcmxpbmVzL0VudGVyIEFpcnJCngEfABwBAgAWABcMEucDEXEVlAQTiQIYChSQA0_pYEwAQJwSUOfFAUsAG_cwIPfjDh3EBg3v7cIJARJjAQljAQMIidbN0Q/ofertasv/?filter[tourOperator]=WEZY&filter%5Bperson%5D=2&filter%5BchildAge%5D%5B1%5D=20201210&filter%5Bchild%5D=1","filter_turkey_13_16_days","turcja","alanya","kargicak","2026-09-05","2026-09-18","14","13","Warszawa","2+1","turcja|alanya|2026-09-05|2026-09-18|13|Warszawa|2+1"
"Hane Sun Elite (ex Noble Palace Side) Turcja, Side, Colakli","11552.0","08.09.2026 - 21.09.2026","14 dni/13 nocy","3.8","3.8","67","tripadvisor","Warszawa","2026-08-23T16:14:12.213705+00:00","https://fly.pl/oferta/turcja-wczasy/?filter[dest]=39:&filter[hotelids]=&filter[cityids]=&filter[cregids]=&filter[ofrType]=&filter[addObjType]=H&filter[whenFrom]=23-08-2026&filter[whenTo]=22-09-2026&filter[duration]=13:16&filter[from]=Warszawa,Warszawa%20-%20Radom&filter[person]=2&filter[child]=1&filter[price]=4000:20000&filter[PriceFrom]=4000&filter[PriceTo]=20000&filter[addCategory]=50&filter[addCatering]=0&filter[addMisc]=0&filter[addTransport]=F&filter[fp]=1&order_by=ofr_price&filter[tourOperator]=0&filter[childAge][1]=20201210","https://fly.pl/cdn/photo/assets/uploads/582/278/2024/07/hane-sun-elite-ex-noble-palace-side.jpg","https://fly.pl/wycieczka/turcja,side,colakli/noble-palace-side-12/p3lFhCyWAVMnAIjinPUn5rAAogzpVa6CumeYL59D5s5hMIUYRXb0S2CkfY7MNA9xXe7tgqBE9SRVgw1Lis1AZIoFpQQVjvAmACagdGQjcuMi4xcjabAVwKFQMXAFgCVgJAygYRhxBP1DBdJFKrJ1MAXpaUAWHtQ0sATOWMOiC__JcJDQACEmMBAg0PwiaL/ofertasv/?filter[tourOperator]=OREX&filter%5Bperson%5D=2&filter%5BchildAge%5D%5B1%5D=20201210&filter%5Bchild%5D=1","filter_turkey_13_16_days","turcja","side","colakli","2026-09-08","2026-09-21","14","13","Warszawa","2+1","turcja|side|2026-09-08|2026-09-21|13|Warszawa|2+1"
"Alan Xafira Deluxe Resort & Spa Turcja, Alanya, Turkler","11746.0","05.09.2026 - 18.09.2026","14 dni/13 nocy","3.6","3.6","4112","tripadvisor","Warszawa","2026-08-23T16:14:12.213705+00:00","https://fly.pl/oferta/turcja-wczasy/?filter[dest]=39:&filter[hotelids]=&filter[cityids]=&filter[cregids]=&filter[ofrType]=&filter[addObjType]=H&filter[whenFrom]=23-08-2026&filter[whenTo]=22-09-2026&filter[duration]=13:16&filter[from]=Warszawa,Warszawa%20-%20Radom&filter[person]=2&filter[child]=1&filter[price]=4000:20000&filter[PriceFrom]=4000&filter[PriceTo]=20000&filter[addCategory]=50&filter[addCatering]=0&filter[addMisc]=0&filter[addTransport]=F&filter[fp]=1&order_by=ofr_price&filter[tourOperator]=0&filter[childAge][1]=20201210","https://fly.pl/cdn/photo/assets/uploads/582/278/2016/09/Xafira-Deluxe-Resort-Spa.jpg","https://fly.pl/wycieczka/turcja,alanya,turkler/alan-xafira-deluxe-resort-spa/pvOwLcqXmB--Lz6ZWWt3BZAAogZEJ7stQeUkTT08Bxv8DVTwAAAAA6cQQA9m0EAA0AAAAqBFdFWlkw1Lis1AZI4ltQQVinAmADah1MT1QgUG9saXNoIEFpcmxpbmVzL0VudGVyIEFpcnJDngEfABwBAgAWABcMEucDFYUFE4kCGAoUkAMRykJPnx5MAECcElDnxQFLABuqayDEqQ4dxAYN7-3CCQESYwENYwEDDMeKpOg/ofertasv/?filter[tourOperator]=WEZY&filter%5Bperson%5D=2&filter%5BchildAge%5D%5B1%5D=20201210&filter%5Bchild%5D=1","filter_turkey_13_16_days","turcja","alanya","turkler","2026-09-05","2026-09-18","14","13","Warszawa","2+1","turcja|alanya|2026-09-05|2026-09-18|13|Warszawa|2+1"
"Diamond Hill Resort Turcja, Alanya, Incekum","11885.0","05.09.2026 - 18.09.2026","14 dni/13 nocy","4.3","4.3","2315","tripadvisor","Warszawa","2026-08-23T16:14:12.213705+00:00","https://fly.pl/oferta/turcja-wczasy/?filter[dest]=39:&filter[hotelids]=&filter[cityids]=&filter[cregids]=&filter[ofrType]=&filter[addObjType]=H&filter[whenFrom]=23-08-2026&filter[whenTo]=22-09-2026&filter[duration]=13:16&filter[from]=Warszawa,Warszawa%20-%20Radom&filter[person]=2&filter[child]=1&filter[price]=4000:20000&filter[PriceFrom]=4000&filter[PriceTo]=20000&filter[addCategory]=50&filter[addCatering]=0&filter[addMisc]=0&filter[addTransport]=F&filter[fp]=1&order_by=ofr_price&filter[tourOperator]=0&filter[childAge][1]=20201210","https://fly.pl/cdn/photo/assets/uploads/582/278/2014/10/Diamond-Hill-Resort.jpg","https://fly.pl/wycieczka/turcja,alanya,incekum/diamond-hill-resort/pwEGHIFbvsQ3HjMS3PrhUKAAogkdACSLM1aOtbA-7jk3HPogAAAAA6cQQA9m0EAA0ABAAqBFdFWlkw1Lis1AZI7VxQQVinAmADah1MT1QgUG9saXNoIEFpcmxpbmVzL0VudGVyIEFpcnJEngEfABwBAgAWABcMEucDFYUFE4kCGAoUkAMRtjxPsyRMAECcElDnxQFLACDulA8dxAYblqUzDdnIjwkBEmMBDWMBAwym62yu/ofertasv/?filter[tourOperator]=WEZY&filter%5Bperson%5D=2&filter%5BchildAge%5D%5B1%5D=20201210&filter%5Bchild%5D=1","filter_turkey_13_16_days","turcja","alanya","incekum","2026-09-05","2026-09-18","14","13","Warszawa","2+1","turcja|alanya|2026-09-05|2026-09-18|13|Warszawa|2+1"
"Side Crown Serenity Turcja, Side, Colakli","11957.0","26.08.2026 - 09.09.2026","15 dni/14 nocy","4.2","4.2","1661","tripadvisor","Warszawa","2026-08-23T16:14:12.213705+00:00","https://fly.pl/oferta/turcja-wczasy/?filter[dest]=39:&filter[hotelids]=&filter[cityids]=&filter[cregids]=&filter[ofrType]=&filter[addObjType]=H&filter[whenFrom]=23-08-2026&filter[whenTo]=22-09-2026&filter[duration]=13:16&filter[from]=Warszawa,Warszawa%20-%20Radom&filter[person]=2&filter[child]=1&filter[price]=4000:20000&filter[PriceFrom]=4000&filter[PriceTo]=20000&filter[addCategory]=50&filter[addCatering]=0&filter[addMisc]=0&filter[addTransport]=F&filter[fp]=1&order_by=ofr_price&filter[tourOperator]=0&filter[childAge][1]=20201210","https://fly.pl/cdn/photo/assets/uploads/582/278/2015/04/Side-Crown-Serenity.jpg","https://fly.pl/wycieczka/turcja,side,colakli/crown-serenity/pStVfdHYbjTAAOeuSA2WhXAAog-d4AJkjPizZxjMWAKiPL5NE9XKY2U4OiWKIw7pnyKDQqBFZJVFgw1Lis1AZItV1QQVg3YAJyPxoAXAoVBBcAWAFAjwNT52tSAFvYF16-fEvtQ2EATMi0OSCK1JgJDQBR4O2a7lhP54oLXZTlpoGtAQINYwECDGQoH8M/ofertasv/?filter[tourOperator]=VITX&filter%5Bperson%5D=2&filter%5BchildAge%5D%5B1%5D=20201210&filter%5Bchild%5D=1","filter_turkey_13_16_days","turcja","side","colakli","2026-08-26","2026-09-09","15","14","Warszawa","2+1","turcja|side|2026-08-26|2026-09-09|14|Warszawa|2+1"
"Lake River Side Spa Turcja, Side, Manavgat","12157.0","26.08.2026 - 09.09.2026","15 dni/14 nocy","3.5","3.5","405","tripadvisor","Warszawa","2026-08-23T16:14:12.213705+00:00","https://fly.pl/oferta/turcja-wczasy/?filter[dest]=39:&filter[hotelids]=&filter[cityids]=&filter[cregids]=&filter[ofrType]=&filter[addObjType]=H&filter[whenFrom]=23-08-2026&filter[whenTo]=22-09-2026&filter[duration]=13:16&filter[from]=Warszawa,Warszawa%20-%20Radom&filter[person]=2&filter[child]=1&filter[price]=4000:20000&filter[PriceFrom]=4000&filter[PriceTo]=20000&filter[addCategory]=50&filter[addCatering]=0&filter[addMisc]=0&filter[addTransport]=F&filter[fp]=1&order_by=ofr_price&filter[tourOperator]=0&filter[childAge][1]=20201210","https://fly.pl/cdn/photo/assets/uploads/582/278/2014/11/Lake-River-Side-Spa-fly-pl-1.jpg","https://fly.pl/wycieczka/turcja,side,manavgat/lake-river-side-spa/pVKfcx24hqAbGx75tUS2vCAAogQrS7uZUqmIAFzUlnbhB9K9E9XKY2U4OiWKIw7pnyKDQqBFZJVFgw1Lis1AZI_V5QQVg3YAJyPxoAXAoVBBcAWAFAjwNT52tSAFvYF16-fEvtQ2EATMi0OSCK1JgJDQBR5MuG7lhP46wfXZTlpoGtAQINYwECDLzfFb4/ofertasv/?filter[tourOperator]=VITX&filter%5Bperson%5D=2&filter%5BchildAge%5D%5B1%5D=20201210&filter%5Bchild%5D=1","filter_turkey_13_16_days","turcja","side","manavgat","2026-08-26","2026-09-09","15","14","Warszawa","2+1","turcja|side|2026-08-26|2026-09-09|14|Warszawa|2+1"
"Armas Green Fugla Turcja, Alanya","12159.0","31.08.2026 - 13.09.2026","14 dni/13 nocy","3.9","3.9","832","tripadvisor","Warszawa","2026-08-23T16:14:12.213705+00:00","https://fly.pl/oferta/turcja-wczasy/?filter[dest]=39:&filter[hotelids]=&filter[cityids]=&filter[cregids]=&filter[ofrType]=&filter[addObjType]=H&filter[whenFrom]=23-08-2026&filter[whenTo]=22-09-2026&filter[duration]=13:16&filter[from]=Warszawa,Warszawa%20-%20Radom&filter[person]=2&filter[child]=1&filter[price]=4000:20000&filter[PriceFrom]=4000&filter[PriceTo]=20000&filter[addCategory]=50&filter[addCatering]=0&filter[addMisc]=0&filter[addTransport]=F&filter[fp]=1&order_by=ofr_price&filter[tourOperator]=0&filter[childAge][1]=20201210","https://fly.pl/cdn/photo/assets/uploads/582/278/2014/09/Armas-Green-Fugla.jpg","https://fly.pl/wycieczka/turcja,alanya,c/green-fugla-beach/pFr915Or3sDi9Enu2DTqnKAAogJim-MAgyOPWH7ZIInqWiNPO6792qXr7vIATd4bqVIfYqBE9SRVgw1Lis1AZI_15QQVivAWACagVFLjIuMXI2mwEVDRcAWAJWAlwIQMIGEdAPT4sxXSRTqydSAF6WlAFL7UNhAEzljDog8vuXCQ0AAhJjAQILjF_bhA/ofertasv/?filter[tourOperator]=OREX&filter%5Bperson%5D=2&filter%5BchildAge%5D%5B1%5D=20201210&filter%5Bchild%5D=1","filter_turkey_13_16_days","turcja","alanya","c","2026-08-31","2026-09-13","14","13","Warszawa","2+1","turcja|alanya|2026-08-31|2026-09-13|13|Warszawa|2+1"
"Saray Regency Resort & Spa Turcja, Side, Titreyengol","12204.0","09.09.2026 - 22.09.2026","14 dni/13 nocy","4.3","4.3","2182","tripadvisor","Warszawa","2026-08-23T16:14:12.213705+00:00","https://fly.pl/oferta/turcja-wczasy/?filter[dest]=39:&filter[hotelids]=&filter[cityids]=&filter[cregids]=&filter[ofrType]=&filter[addObjType]=H&filter[whenFrom]=23-08-2026&filter[whenTo]=22-09-2026&filter[duration]=13:16&filter[from]=Warszawa,Warszawa%20-%20Radom&filter[person]=2&filter[child]=1&filter[price]=4000:20000&filter[PriceFrom]=4000&filter[PriceTo]=20000&filter[addCategory]=50&filter[addCatering]=0&filter[addMisc]=0&filter[addTransport]=F&filter[fp]=1&order_by=ofr_price&filter[tourOperator]=0&filter[childAge][1]=20201210","https://fly.pl/cdn/photo/assets/uploads/582/278/2016/11/Saray-Regency-Resort.jpg","https://fly.pl/wycieczka/turcja,side,titreyengol/saray-regency-resort-spa/pJV_mH3cb40uaUlNcXYv7WAAogAF69xW-L9-9ZXSDNtqZ8YSGzm71fuxsMU5q28Om4PE0qBE9SRVgw1Lis1AZIrF9QQViHA2ACagVFLjIuMXI2mwEVDRcAWAJWAlwIQMIGEc0mT44aXSRTqydSAF6WlAFL7UNhAEzljDogwPyXCQ0AAhJjAQILZAM7jw/ofertasv/?filter[tourOperator]=OREX&filter%5Bperson%5D=2&filter%5BchildAge%5D%5B1%5D=20201210&filter%5Bchild%5D=1","filter_turkey_13_16_days","turcja","side","titreyengol","2026-09-09","2026-09-22","14","13","Warszawa","2+1","turcja|side|2026-09-09|2026-09-22|13|Warszawa|2+1"
"Euphoria Palm Beach (ex. Fun & Sun Euphoria Palm Beach) Turcja, Side, Kizilagac","12218.0","08.09.2026 - 21.09.2026","14 dni/13 nocy","4.1","4.1","2953","tripadvisor","Warszawa","2026-08-23T16:14:12.213705+00:00","https://fly.pl/oferta/turcja-wczasy/?filter[dest]=39:&filter[hotelids]=&filter[cityids]=&filter[cregids]=&filter[ofrType]=&filter[addObjType]=H&filter[whenFrom]=23-08-2026&filter[whenTo]=22-09-2026&filter[duration]=13:16&filter[from]=Warszawa,Warszawa%20-%20Radom&filter[person]=2&filter[child]=1&filter[price]=4000:20000&filter[PriceFrom]=4000&filter[PriceTo]=20000&filter[addCategory]=50&filter[addCatering]=0&filter[addMisc]=0&filter[addTransport]=F&filter[fp]=1&order_by=ofr_price&filter[tourOperator]=0&filter[childAge][1]=20201210","https://fly.pl/cdn/photo/assets/uploads/582/278/2015/04/Euphoria-Palm-Beach.jpg","https://fly.pl/wycieczka/turcja,side,kizilagac/euphoria-palm-beach/p8c5N-QkKdSU8rvHmEDyZmAAogAvUWDbH7fYvF4q8DsA_zr4RXb0S2CkfY7MNA9xXe7tgqBE9SRVgw1Lis1AZIul9QQVjvAmACagY1MS4yLjFyNpsBFQ0XAFgCVgJcCEDCBhG1Jk-mGl0kU6snUgBelpQBS-1DYQBM5Yw6IL_8lwkNAAISYwECCzSWHEs/ofertasv/?filter[tourOperator]=OREX&filter%5Bperson%5D=2&filter%5BchildAge%5D%5B1%5D=20201210&filter%5Bchild%5D=1","filter_turkey_13_16_days","turcja","side","kizilagac","2026-09-08","2026-09-21","14","13","Warszawa","2+1","turcja|side|2026-09-08|2026-09-21|13|Warszawa|2+1"
"Master Family Club Turcja, Side","12434.0","05.09.2026 - 18.09.2026","14 dni/13 nocy","4.3","4.3","1393","tripadvisor","Warszawa","2026-08-23T16:14:12.213705+00:00","https://fly.pl/oferta/turcja-wczasy/?filter[dest]=39:&filter[hotelids]=&filter[cityids]=&filter[cregids]=&filter[ofrType]=&filter[addObjType]=H&filter[whenFrom]=23-08-2026&filter[whenTo]=22-09-2026&filter[duration]=13:16&filter[from]=Warszawa,Warszawa%20-%20Radom&filter[person]=2&filter[child]=1&filter[price]=4000:20000&filter[PriceFrom]=4000&filter[PriceTo]=20000&filter[addCategory]=50&filter[addCatering]=0&filter[addMisc]=0&filter[addTransport]=F&filter[fp]=1&order_by=ofr_price&filter[tourOperator]=0&filter[childAge][1]=20201210","https://fly.pl/cdn/photo/assets/uploads/582/278/2019/06/Master-Family-Club-fly-pl.jpg","https://fly.pl/wycieczka/turcja,side,c/master-family-club/pmr5-TJ7SVFd6le2eEWmCGAAogFMoNVM7ftDp3rgHIB4IzVQAAAAA6cQQA9m0EAA0AAAAqBFdFWlkw1Lis1AZIkmFQQVinAmADah1MT1QgUG9saXNoIEFpcmxpbmVzL0VudGVyIEFpcnJCngEfABwBAgAWABcMEucDFYUFE4kCGAoUkANP6WBMAECcEhGTXFDUaUsAG6VuIMmmDh3EBg3v7cIJARJjAQxjAQMLZgJTWw/ofertasv/?filter[tourOperator]=WEZY&filter%5Bperson%5D=2&filter%5BchildAge%5D%5B1%5D=20201210&filter%5Bchild%5D=1","filter_turkey_13_16_days","turcja","side","c","2026-09-05","2026-09-18","14","13","Warszawa","2+1","turcja|side|2026-09-05|2026-09-18|13|Warszawa|2+1"
"Benata Turcja, Side, Manavgat","12557.0","26.08.2026 - 09.09.2026","15 dni/14 nocy","3.6","3.6","230","tripadvisor","Warszawa","2026-08-23T16:14:12.213705+00:00","https://fly.pl/oferta/turcja-wczasy/?filter[dest]=39:&filter[hotelids]=&filter[cityids]=&filter[cregids]=&filter[ofrType]=&filter[addObjType]=H&filter[whenFrom]=23-08-2026&filter[whenTo]=22-09-2026&filter[duration]=13:16&filter[from]=Warszawa,Warszawa%20-%20Radom&filter[person]=2&filter[child]=1&filter[price]=4000:20000&filter[PriceFrom]=4000&filter[PriceTo]=20000&filter[addCategory]=50&filter[addCatering]=0&filter[addMisc]=0&filter[addTransport]=F&filter[fp]=1&order_by=ofr_price&filter[tourOperator]=0&filter[childAge][1]=20201210","https://fly.pl/cdn/photo/assets/uploads/582/278/2024/07/benata.jpg","https://fly.pl/wycieczka/turcja,side,manavgat/benata-14/pD9dSGxemD2nyeWqB95phVAAogFtvzNud3xZNqChMQlx58dNE9XKY2U4OiWKIw7pnyKDQqBFZJVFgw1Lis1AZIjWJQQVg3YAJyPxoAXAoVBBcAWAFAjwNT52tSAFvYF16-fEvtQ2EATMi0OSCK1JgJDQBRjLjq7VhPu8A7XZTlpoGtAQILYwECCnQPGYE/ofertasv/?filter[tourOperator]=VITX&filter%5Bperson%5D=2&filter%5BchildAge%5D%5B1%5D=20201210&filter%5Bchild%5D=1","filter_turkey_13_16_days","turcja","side","manavgat","2026-08-26","2026-09-09","15","14","Warszawa","2+1","turcja|side|2026-08-26|2026-09-09|14|Warszawa|2+1"
"Armas Bella Sun (ex.Club Bella Sun) Turcja, Side","12618.0","31.08.2026 - 13.09.2026","14 dni/13 nocy","4.1","4.1","1199","tripadvisor","Warszawa","2026-08-23T16:14:12.213705+00:00","https://fly.pl/oferta/turcja-wczasy/?filter[dest]=39:&filter[hotelids]=&filter[cityids]=&filter[cregids]=&filter[ofrType]=&filter[addObjType]=H&filter[whenFrom]=23-08-2026&filter[whenTo]=22-09-2026&filter[duration]=13:16&filter[from]=Warszawa,Warszawa%20-%20Radom&filter[person]=2&filter[child]=1&filter[price]=4000:20000&filter[PriceFrom]=4000&filter[PriceTo]=20000&filter[addCategory]=50&filter[addCatering]=0&filter[addMisc]=0&filter[addTransport]=F&filter[fp]=1&order_by=ofr_price&filter[tourOperator]=0&filter[childAge][1]=20201210","https://fly.pl/cdn/photo/assets/uploads/582/278/2015/08/Armas-Bella-Sun.jpg","https://fly.pl/wycieczka/turcja,side,c/club-bella-sun/pJWum893ajrJs_zMB32IeqAAogZ-V1R8JAiw7-Mn7Z_VGxtvO6792qXr7vIATd4bqVIfYqBE9SRVgw1Lis1AZIymJQQVivAWACagVFLjIuMXI2mwEVDRcAWAJWAlwIQMIGEc8PT4wxXSRTqydSAF6WlAFL7UNhAEzljDog8vuXCQ0AAhJjAQIL9m329A/ofertasv/?filter[tourOperator]=OREX&filter%5Bperson%5D=2&filter%5BchildAge%5D%5B1%5D=20201210&filter%5Bchild%5D=1","filter_turkey_13_16_days","turcja","side","c","2026-08-31","2026-09-13","14","13","Warszawa","2+1","turcja|side|2026-08-31|2026-09-13|13|Warszawa|2+1"
"Nova Life Turcja, Alanya, Konaklı","12641.0","05.09.2026 - 18.09.2026","14 dni/13 nocy","","","","","Warszawa","2026-08-23T16:14:12.213705+00:00","https://fly.pl/oferta/turcja-wczasy/?filter[dest]=39:&filter[hotelids]=&filter[cityids]=&filter[cregids]=&filter[ofrType]=&filter[addObjType]=H&filter[whenFrom]=23-08-2026&filter[whenTo]=22-09-2026&filter[duration]=13:16&filter[from]=Warszawa,Warszawa%20-%20Radom&filter[person]=2&filter[child]=1&filter[price]=4000:20000&filter[PriceFrom]=4000&filter[PriceTo]=20000&filter[addCategory]=50&filter[addCatering]=0&filter[addMisc]=0&filter[addTransport]=F&filter[fp]=1&order_by=ofr_price&filter[tourOperator]=0&filter[childAge][1]=20201210","https://datacfstatic.merlinx.pl/WEZY/IMG/82652/022a94f9623dcabaa024f5e56065490a6148a9ebbb09f4d95b4a7d99498c1bde.webp","https://fly.pl/wycieczka/turcja,alanya,konakli/nova-life-13/pN-V0tmlLqpoVZ7OY1MhHLAAogMitoX5VKK0vtfOfbs0x0iAAAAAA6cQQA9m0EAA0AAAAqBFdFWlkw1Lis1AZI4WJQQVinAmADah1MT1QgUG9saXNoIEFpcmxpbmVzL0VudGVyIEFpcnJEngEfABwBAgAWABcMEucDFYUFE4kCGAoUkANM6WBPAECcElDnxQFLABHUvgIbhnUglOELHcQGDe_twgkBEmMBCmMBAwl_aevg/ofertasv/?filter[tourOperator]=WEZY&filter%5Bperson%5D=2&filter%5BchildAge%5D%5B1%5D=20201210&filter%5Bchild%5D=1","filter_turkey_13_16_days","turcja","alanya","konakli","2026-09-05","2026-09-18","14","13","Warszawa","2+1","turcja|alanya|2026-09-05|2026-09-18|13|Warszawa|2+1"
"Holiday Garden Resort (Okurcalar) Turcja, Alanya, Okurcalar","12707.0","05.09.2026 - 18.09.2026","14 dni/13 nocy","4.3","4.3","934","tripadvisor","Warszawa","2026-08-23T16:14:12.213705+00:00","https://fly.pl/oferta/turcja-wczasy/?filter[dest]=39:&filter[hotelids]=&filter[cityids]=&filter[cregids]=&filter[ofrType]=&filter[addObjType]=H&filter[whenFrom]=23-08-2026&filter[whenTo]=22-09-2026&filter[duration]=13:16&filter[from]=Warszawa,Warszawa%20-%20Radom&filter[person]=2&filter[child]=1&filter[price]=4000:20000&filter[PriceFrom]=4000&filter[PriceTo]=20000&filter[addCategory]=50&filter[addCatering]=0&filter[addMisc]=0&filter[addTransport]=F&filter[fp]=1&order_by=ofr_price&filter[tourOperator]=0&filter[childAge][1]=20201210","https://fly.pl/cdn/photo/assets/uploads/582/278/2014/09/HOLIDAY-GARDEN-RESORT.jpg","https://fly.pl/wycieczka/turcja,alanya,okurcalar/holiday-garden-resort-okurcalar/pyE21-nS2Lh8GFEMSAPq-GAAog-syaee5jGNoQduniKKbrXAAAAAA6cQQA9m0EAA0AAAAqBFdFWlkw1Lis1AZIo2NQQVinAmADah1MT1QgUG9saXNoIEFpcmxpbmVzL0VudGVyIEFpcnJDngEfABwBAgAWABcMEucDEfUBFZADE4kCGAoUkANP6WBMAECcElDnxQFLABucMSDS4w4dxAYN7-3CCQESYwEMYwEDC6_BZ4Q/ofertasv/?filter[tourOperator]=WEZY&filter%5Bperson%5D=2&filter%5BchildAge%5D%5B1%5D=20201210&filter%5Bchild%5D=1","filter_turkey_13_16_days","turcja","alanya","okurcalar","2026-09-05","2026-09-18","14","13","Warszawa","2+1","turcja|alanya|2026-09-05|2026-09-18|13|Warszawa|2+1"
"Ring Beach Turcja, Kemer, Beldibi","12735.0","08.09.2026 - 21.09.2026","14 dni/13 nocy","3.6","3.6","382","tripadvisor","Warszawa","2026-08-23T16:14:12.213705+00:00","https://fly.pl/oferta/turcja-wczasy/?filter[dest]=39:&filter[hotelids]=&filter[cityids]=&filter[cregids]=&filter[ofrType]=&filter[addObjType]=H&filter[whenFrom]=23-08-2026&filter[whenTo]=22-09-2026&filter[duration]=13:16&filter[from]=Warszawa,Warszawa%20-%20Radom&filter[person]=2&filter[child]=1&filter[price]=4000:20000&filter[PriceFrom]=4000&filter[PriceTo]=20000&filter[addCategory]=50&filter[addCatering]=0&filter[addMisc]=0&filter[addTransport]=F&filter[fp]=1&order_by=ofr_price&filter[tourOperator]=0&filter[childAge][1]=20201210","https://fly.pl/cdn/photo/assets/uploads/582/278/2020/01/Ring-Beach.jpg","https://fly.pl/wycieczka/turcja,kemer,beldibi/ring-beach-15/pSF_5vz9T9xF3Y-mNBe8sDAAogGtLjX69p3zVq_U79F8auE4RXb0S2CkfY7MNA9xXe7tgqBE9SRVgw1Lis1AZIv2NQQVjvAmACagVFLjIuMXI2mwFcChUDFwBYAlYCQMoGEasOT7AyXSRSqydTAF6WlAFh7UNLAEzljDogv_yXCQ0AAhJjAQILnYU3bA/ofertasv/?filter[tourOperator]=OREX&filter%5Bperson%5D=2&filter%5BchildAge%5D%5B1%5D=20201210&filter%5Bchild%5D=1","filter_turkey_13_16_days","turcja","kemer","beldibi","2026-09-08","2026-09-21","14","13","Warszawa","2+1","turcja|kemer|2026-09-08|2026-09-21|13|Warszawa|2+1"
"Otium Ozkaymak Select (ex. Ozkaymak Select) Turcja, Alanya, Avsallar","12767.0","05.09.2026 - 18.09.2026","14 dni/13 nocy","3.8","3.8","686","tripadvisor","Warszawa","2026-08-23T16:14:12.213705+00:00","https://fly.pl/oferta/turcja-wczasy/?filter[dest]=39:&filter[hotelids]=&filter[cityids]=&filter[cregids]=&filter[ofrType]=&filter[addObjType]=H&filter[whenFrom]=23-08-2026&filter[whenTo]=22-09-2026&filter[duration]=13:16&filter[from]=Warszawa,Warszawa%20-%20Radom&filter[person]=2&filter[child]=1&filter[price]=4000:20000&filter[PriceFrom]=4000&filter[PriceTo]=20000&filter[addCategory]=50&filter[addCatering]=0&filter[addMisc]=0&filter[addTransport]=F&filter[fp]=1&order_by=ofr_price&filter[tourOperator]=0&filter[childAge][1]=20201210","https://fly.pl/cdn/photo/assets/uploads/582/278/2015/03/Ozkaymak-Select-Resort-Hotel.jpg","https://fly.pl/wycieczka/turcja,alanya,avsallar/ozkaymak-select/p8_fPNm8np5lUf12IKrVKhAAogjls52Vooy8OkIzCgpEKDYwAAAAA6cQQAyG0EAA0ABAAqBFdFWlkw1Lis1AZI32NQQVinAmADah1MT1QgUG9saXNoIEFpcmxpbmVzL0VudGVyIEFpcmoEMDY0MGoEMDkxMHJCngGVAZgBHwACARYAHAAXDBLnAxOOBxSaAxHeJUyLO08AQJwSS-fFAVAAG_cwIMnjDh3yBg3v7cIJARJjAQxjAQMLFaTg2Q/ofertasv/?filter[tourOperator]=WEZY&filter%5Bperson%5D=2&filter%5BchildAge%5D%5B1%5D=20201210&filter%5Bchild%5D=1","filter_turkey_13_16_days","turcja","alanya","avsallar","2026-09-05","2026-09-18","14","13","Warszawa","2+1","turcja|alanya|2026-09-05|2026-09-18|13|Warszawa|2+1"
"Solivia (Ex. Titan Select)","12794.0","01.09.2026 - 14.09.2026","14 dni/13 nocy","4.2","4.2","890","tripadvisor","Warszawa","2026-08-23T16:14:12.213705+00:00","https://fly.pl/oferta/turcja-wczasy/?filter[dest]=39:&filter[hotelids]=&filter[cityids]=&filter[cregids]=&filter[ofrType]=&filter[addObjType]=H&filter[whenFrom]=23-08-2026&filter[whenTo]=22-09-2026&filter[duration]=13:16&filter[from]=Warszawa,Warszawa%20-%20Radom&filter[person]=2&filter[child]=1&filter[price]=4000:20000&filter[PriceFrom]=4000&filter[PriceTo]=20000&filter[addCategory]=50&filter[addCatering]=0&filter[addMisc]=0&filter[addTransport]=F&filter[fp]=1&order_by=ofr_price&filter[tourOperator]=0&filter[childAge][1]=20201210","https://fly.pl/cdn/photo/assets/uploads/582/278/2016/11/Titan-Select.jpg","https://fly.pl/wycieczka/turcja,alanya,konakli/titan-select/po2qz6elTjYuKMjJFHMKY9AAogWA5oYALRbl1ni7GwkgXII2H-9WFY2kVMCzoTvlM5mjwqBE9SRVgw1ris1AZI-mNQQVjHAWACagVFLjIuMXI2mwFcChUDFwBYAlYCQMoGEdwsT_8TXSRSqydTAF6WlAFh7UNLAEzljDoguPyXCQ0AAhJjAQILxtLJEw/ofertasv/?filter[tourOperator]=OREX&filter%5Bperson%5D=2&filter%5BchildAge%5D%5B1%5D=20201210&filter%5Bchild%5D=1","filter_turkey_13_16_days","turcja","alanya","konakli","2026-09-01","2026-09-14","14","13","Warszawa","2+1","turcja|alanya|2026-09-01|2026-09-14|13|Warszawa|2+1"
"Viking Star","12848.0","24.08.2026 - 06.09.2026","14 dni/13 nocy","4.2","4.2","1577","tripadvisor","Warszawa","2026-08-23T16:14:12.213705+00:00","https://fly.pl/oferta/turcja-wczasy/?filter[dest]=39:&filter[hotelids]=&filter[cityids]=&filter[cregids]=&filter[ofrType]=&filter[addObjType]=H&filter[whenFrom]=23-08-2026&filter[whenTo]=22-09-2026&filter[duration]=13:16&filter[from]=Warszawa,Warszawa%20-%20Radom&filter[person]=2&filter[child]=1&filter[price]=4000:20000&filter[PriceFrom]=4000&filter[PriceTo]=20000&filter[addCategory]=50&filter[addCatering]=0&filter[addMisc]=0&filter[addTransport]=F&filter[fp]=1&order_by=ofr_price&filter[tourOperator]=0&filter[childAge][1]=20201210","https://fly.pl/cdn/photo/assets/uploads/582/278/2014/09/Viking-Star.jpg","https://fly.pl/wycieczka/turcja,kemer,c/viking-star/pHGtuVydYiOmsIFmwG2yjHAAoghn9BvaTcxJIYjv1CeSFNVv4pD51008FgSw5Ucb3OO6IqBE9SRVgw1ris1AZIsGRQQVgHYAJqBUUuMi4xcjWbAVwKFQMXAFgCVgIRc0DXBU_bQF0kUqsnUwBelpQBYe1DSwBM5Yw6IOv7lwkNAAISYwEDCxbIuO0/ofertasv/?filter[tourOperator]=OREX&filter%5Bperson%5D=2&filter%5BchildAge%5D%5B1%5D=20201210&filter%5Bchild%5D=1","filter_turkey_13_16_days","turcja","kemer","c","2026-08-24","2026-09-06","14","13","Warszawa","2+1","turcja|kemer|2026-08-24|2026-09-06|13|Warszawa|2+1"
"Aria Claros Beach and Spa Resort","12868.0","25.08.2026 - 08.09.2026","15 dni/14 nocy","4.0","4.0","3428","tripadvisor","Warszawa","2026-08-23T16:14:12.213705+00:00","https://fly.pl/oferta/turcja-wczasy/?filter[dest]=39:&filter[hotelids]=&filter[cityids]=&filter[cregids]=&filter[ofrType]=&filter[addObjType]=H&filter[whenFrom]=23-08-2026&filter[whenTo]=22-09-2026&filter[duration]=13:16&filter[from]=Warszawa,Warszawa%20-%20Radom&filter[person]=2&filter[child]=1&filter[price]=4000:20000&filter[PriceFrom]=4000&filter[PriceTo]=20000&filter[addCategory]=50&filter[addCatering]=0&filter[addMisc]=0&filter[addTransport]=F&filter[fp]=1&order_by=ofr_price&filter[tourOperator]=0&filter[childAge][1]=20201210","https://fly.pl/cdn/photo/assets/uploads/582/278/2015/10/Aria-Claros-Beach-and-Spa-Resort.jpg","https://fly.pl/wycieczka/turcja,kusadasi,ozdere/aria-claros-beach-and-spa-resort/pfv_nk_hDZxjeufBiTLHxZAAogXUGL4RY1MJQEOAqI9n4mNgAAAAAGpwQAHacEAA4AAQAqBFdFWlkw1ris1AZIxGRQQVgfYANqCUVudGVyIEFpcmoEMDQ1NWoEMDY1NXJCngGVAZgBHwACARwAFgYXBxLmAxPMCBTjAhGcJ0zAMk8AQKIYS-fFAVAAG6GKBB3d_AsgFw28gcIJARJjAQ1jAQMMg_Hlsg/ofertasv/?filter[tourOperator]=WEZY&filter%5Bperson%5D=2&filter%5BchildAge%5D%5B1%5D=20201210&filter%5Bchild%5D=1","filter_turkey_13_16_days","turcja","kusadasi","ozdere","2026-08-25","2026-09-08","15","14","Warszawa","2+1","turcja|kusadasi|2026-08-25|2026-09-08|14|Warszawa|2+1"
"Armella Hill","12883.0","05.09.2026 - 18.09.2026","14 dni/13 nocy","4.2","4.2","168","tripadvisor","Warszawa","2026-08-23T16:14:12.213705+00:00","https://fly.pl/oferta/turcja-wczasy/?filter[dest]=39:&filter[hotelids]=&filter[cityids]=&filter[cregids]=&filter[ofrType]=&filter[addObjType]=H&filter[whenFrom]=23-08-2026&filter[whenTo]=22-09-2026&filter[duration]=13:16&filter[from]=Warszawa,Warszawa%20-%20Radom&filter[person]=2&filter[child]=1&filter[price]=4000:20000&filter[PriceFrom]=4000&filter[PriceTo]=20000&filter[addCategory]=50&filter[addCatering]=0&filter[addMisc]=0&filter[addTransport]=F&filter[fp]=1&order_by=ofr_price&filter[tourOperator]=0&filter[childAge][1]=20201210","https://fly.pl/cdn/photo/assets/uploads/582/278/2024/07/armella-hill.jpg","https://fly.pl/wycieczka/turcja,side,manavgat/armella-hill-11/pXQAVLCAvaRSMv9iM13R3lAAogf4yxbpE0NXz0UscYQcKVtgAAAAA6cQQA9m0EAA0AAAAqBFdFWlkw1ris1AZI02RQQVinAmADah1MT1QgUG9saXNoIEFpcmxpbmVzL0VudGVyIEFpcnJEngEfABwBAgAWABcMEucDFYUFE4kCGAoUkANP6WBMAECcEhG9mQFQqixLACDulA8dxAYbjM1lDeOg3QgBEmMBDGMBAwqnQLOo/ofertasv/?filter[tourOperator]=WEZY&filter%5Bperson%5D=2&filter%5BchildAge%5D%5B1%5D=20201210&filter%5Bchild%5D=1","filter_turkey_13_16_days","turcja","side","manavgat","2026-09-05","2026-09-18","14","13","Warszawa","2+1","turcja|side|2026-09-05|2026-09-18|13|Warszawa|2+1"
"Fun & Sun Smart Hane Sun","12884.0","09.09.2026 - 22.09.2026","14 dni/13 nocy","4.2","4.2","378","tripadvisor","Warszawa","2026-08-23T16:14:12.213705+00:00","https://fly.pl/oferta/turcja-wczasy/?filter[dest]=39:&filter[hotelids]=&filter[cityids]=&filter[cregids]=&filter[ofrType]=&filter[addObjType]=H&filter[whenFrom]=23-08-2026&filter[whenTo]=22-09-2026&filter[duration]=13:16&filter[from]=Warszawa,Warszawa%20-%20Radom&filter[person]=2&filter[child]=1&filter[price]=4000:20000&filter[PriceFrom]=4000&filter[PriceTo]=20000&filter[addCategory]=50&filter[addCatering]=0&filter[addMisc]=0&filter[addTransport]=F&filter[fp]=1&order_by=ofr_price&filter[tourOperator]=0&filter[childAge][1]=20201210","https://fly.pl/cdn/photo/assets/uploads/582/278/2015/04/Fun-Sun-Smart-Hane-Sun.jpg","https://fly.pl/wycieczka/turcja,side,colakli/hane-sun/pquLUSQKH5aQnTYRYH8wdLAAogmSdp3nqx48kGhMVexidcpSGzm71fuxsMU5q28Om4PE0qBE9SRVgw1ris1AZI1GRQQViHA2ACagVFLjIuMXI2mwFcChUDFwBYAlYCQMoGEaEOT7oyXSRSqydTAF6WlAFh7UNLAEzljDogwPyXCQ0AAhJjAQINEqDy1g/ofertasv/?filter[tourOperator]=OREX&filter%5Bperson%5D=2&filter%5BchildAge%5D%5B1%5D=20201210&filter%5Bchild%5D=1","filter_turkey_13_16_days","turcja","side","colakli","2026-09-09","2026-09-22","14","13","Warszawa","2+1","turcja|side|2026-09-09|2026-09-22|13|Warszawa|2+1"
"Cenger Blue Collection","12942.0","05.09.2026 - 18.09.2026","14 dni/13 nocy","","","","","Warszawa","2026-08-23T16:14:12.213705+00:00","https://fly.pl/oferta/turcja-wczasy/?filter[dest]=39:&filter[hotelids]=&filter[cityids]=&filter[cregids]=&filter[ofrType]=&filter[addObjType]=H&filter[whenFrom]=23-08-2026&filter[whenTo]=22-09-2026&filter[duration]=13:16&filter[from]=Warszawa,Warszawa%20-%20Radom&filter[person]=2&filter[child]=1&filter[price]=4000:20000&filter[PriceFrom]=4000&filter[PriceTo]=20000&filter[addCategory]=50&filter[addCatering]=0&filter[addMisc]=0&filter[addTransport]=F&filter[fp]=1&order_by=ofr_price&filter[tourOperator]=0&filter[childAge][1]=20201210","https://datacfstatic.merlinx.pl/WEZY/IMG/80952/a87140f2a20d542148d796954190bf533ac096cc968b8f6de41f7c31021509aa.webp","https://fly.pl/wycieczka/turcja,side,kizilot/cenger-blue-collection-12/pxfrhsCs5pkLUmI86M9f2iAAogMdtWbMyoG4GKhzhtpJTO-gAAAAA6cQQA9m0EAA0ADQAqBFdFWlkw1ris1AZIjmVQQVinAmADah1MT1QgUG9saXNoIEFpcmxpbmVzL0VudGVyIEFpcnJFngEfABwBAgAWABcMEucDFYUFE4kCGAoUkANM6WBPAECcElDnxQFLABGwsQIgvuMMHcQGG8SDJg2r6pwJARJjAQ1jAQIGlRGcRg/ofertasv/?filter[tourOperator]=WEZY&filter%5Bperson%5D=2&filter%5BchildAge%5D%5B1%5D=20201210&filter%5Bchild%5D=1","filter_turkey_13_16_days","turcja","side","kizilot","2026-09-05","2026-09-18","14","13","Warszawa","2+1","turcja|side|2026-09-05|2026-09-18|13|Warszawa|2+1"
"Marine Family Club Beach (ex. Otium Family Club Marine Beach)","12956.0","09.09.2026 - 22.09.2026","14 dni/13 nocy","4.2","4.2","678","tripadvisor","Warszawa","2026-08-23T16:14:12.213705+00:00","https://fly.pl/oferta/turcja-wczasy/?filter[dest]=39:&filter[hotelids]=&filter[cityids]=&filter[cregids]=&filter[ofrType]=&filter[addObjType]=H&filter[whenFrom]=23-08-2026&filter[whenTo]=22-09-2026&filter[duration]=13:16&filter[from]=Warszawa,Warszawa%20-%20Radom&filter[person]=2&filter[child]=1&filter[price]=4000:20000&filter[PriceFrom]=4000&filter[PriceTo]=20000&filter[addCategory]=50&filter[addCatering]=0&filter[addMisc]=0&filter[addTransport]=F&filter[fp]=1&order_by=ofr_price&filter[tourOperator]=0&filter[childAge][1]=20201210","https://fly.pl/cdn/photo/assets/uploads/582/278/2020/01/Marine-Family-Club-Beach.jpg","https://fly.pl/wycieczka/turcja,side,manavgat/otium-family-club-marine-beach-ex-aqua-marin-beach-resort-15/peKnhOrN1mYm-zOcLYk-dHAAogX-kWGCvwsIfCOvAggty0pSGzm71fuxsMU5q28Om4PE0qBE9SRVgw1ris1AZInGVQQViHA2ACagVFLjIuMXI2mwEVDRcAWAJWAlwIQMIGEfIWT-kpXSRTqydSAF6WlAFL7UNhAEzljDogwPyXCQ0AAhJjAQILox57dQ/ofertasv/?filter[tourOperator]=OREX&filter%5Bperson%5D=2&filter%5BchildAge%5D%5B1%5D=20201210&filter%5Bchild%5D=1","filter_turkey_13_16_days","turcja","side","manavgat","2026-09-09","2026-09-22","14","13","Warszawa","2+1","turcja|side|2026-09-09|2026-09-22|13|Warszawa|2+1"
"Nox Inn Deluxe (ex NOX Inn Beach Resort & Spa)","12957.0","26.08.2026 - 09.09.2026","15 dni/14 nocy","4.4","4.4","2494","tripadvisor","Warszawa","2026-08-23T16:14:12.213705+00:00","https://fly.pl/oferta/turcja-wczasy/?filter[dest]=39:&filter[hotelids]=&filter[cityids]=&filter[cregids]=&filter[ofrType]=&filter[addObjType]=H&filter[whenFrom]=23-08-2026&filter[whenTo]=22-09-2026&filter[duration]=13:16&filter[from]=Warszawa,Warszawa%20-%20Radom&filter[person]=2&filter[child]=1&filter[price]=4000:20000&filter[PriceFrom]=4000&filter[PriceTo]=20000&filter[addCategory]=50&filter[addCatering]=0&filter[addMisc]=0&filter[addTransport]=F&filter[fp]=1&order_by=ofr_price&filter[tourOperator]=0&filter[childAge][1]=20201210","https://fly.pl/cdn/photo/assets/uploads/582/278/2015/01/Noxinn-Deluxe.jpg","https://fly.pl/wycieczka/turcja,alanya,konakli/nox-inn-beach-resort-spa/p_aQBfFa_HHHpHNbQr6rP7AAogadH8qLf6Iv0xB37UcHyGQtE9XKY2U4OiWKIw7pnyKDQqBFZJVFgw1ris1AZInWVQQVg3YAJyPxoAXAoVBBcAWAFAjwNT52tSAFvYF16-fEvtQ2EATMi0OSCK1JgJDQBRnLaN7lhPq8IYXZTlpoGtAQILYwECCoaFmSw/ofertasv/?filter[tourOperator]=VITX&filter%5Bperson%5D=2&filter%5BchildAge%5D%5B1%5D=20201210&filter%5Bchild%5D=1","filter_turkey_13_16_days","turcja","alanya","konakli","2026-08-26","2026-09-09","15","14","Warszawa","2+1","turcja|alanya|2026-08-26|2026-09-09|14|Warszawa|2+1"
"Holiday Park Resort (Okurcalar)","12969.0","05.09.2026 - 18.09.2026","14 dni/13 nocy","4.3","4.3","1393","tripadvisor","Warszawa","2026-08-23T16:14:12.213705+00:00","https://fly.pl/oferta/turcja-wczasy/?filter[dest]=39:&filter[hotelids]=&filter[cityids]=&filter[cregids]=&filter[ofrType]=&filter[addObjType]=H&filter[whenFrom]=23-08-2026&filter[whenTo]=22-09-2026&filter[duration]=13:16&filter[from]=Warszawa,Warszawa%20-%20Radom&filter[person]=2&filter[child]=1&filter[price]=4000:20000&filter[PriceFrom]=4000&filter[PriceTo]=20000&filter[addCategory]=50&filter[addCatering]=0&filter[addMisc]=0&filter[addTransport]=F&filter[fp]=1&order_by=ofr_price&filter[tourOperator]=0&filter[childAge][1]=20201210","https://fly.pl/cdn/photo/assets/uploads/582/278/2014/09/Holiday-Park-Resort.jpg","https://fly.pl/wycieczka/turcja,alanya,okurcalar/holiday-park-resort-okurcalar/pP5KIYAkIapMAE96hU27ajAAoggTudwJjO5wDq7INV2XosbAAAAAA6cQQA9m0EAA0ABAAqBFdFWlkw1ris1AZIqWVQQVinAmADah1MT1QgUG9saXNoIEFpcmxpbmVzL0VudGVyIEFpcnJDngEfABwBAgAWABcMEucDEfYBFY8DE4kCGAoUkANP6WBMAECcElDnxQFLABucMSDS4w4dxAYN7-3CCQESYwEMYwEDC-jf2fQ/ofertasv/?filter[tourOperator]=WEZY&filter%5Bperson%5D=2&filter%5BchildAge%5D%5B1%5D=20201210&filter%5Bchild%5D=1","filter_turkey_13_16_days","turcja","alanya","okurcalar","2026-09-05","2026-09-18","14","13","Warszawa","2+1","turcja|alanya|2026-09-05|2026-09-18|13|Warszawa|2+1"
"Armas Gul Beach","12983.0","31.08.2026 - 13.09.2026","14 dni/13 nocy","4.3","4.3","1555","tripadvisor","Warszawa","2026-08-23T16:14:12.213705+00:00","https://fly.pl/oferta/turcja-wczasy/?filter[dest]=39:&filter[hotelids]=&filter[cityids]=&filter[cregids]=&filter[ofrType]=&filter[addObjType]=H&filter[whenFrom]=23-08-2026&filter[whenTo]=22-09-2026&filter[duration]=13:16&filter[from]=Warszawa,Warszawa%20-%20Radom&filter[person]=2&filter[child]=1&filter[price]=4000:20000&filter[PriceFrom]=4000&filter[PriceTo]=20000&filter[addCategory]=50&filter[addCatering]=0&filter[addMisc]=0&filter[addTransport]=F&filter[fp]=1&order_by=ofr_price&filter[tourOperator]=0&filter[childAge][1]=20201210","https://fly.pl/cdn/photo/assets/uploads/582/278/2014/09/Armas-Gul-Beach-ex-Otium-Gul-Beach-Resort-fly-pl.jpg","https://fly.pl/wycieczka/turcja,kemer,c/gul-beach/pBqLxlp-QhN-JRYkLQtnkPAAogOaVBj9HqiJ0UJHu6ZirmyPO6792qXr7vIATd4bqVIfYqBE9SRVgw1ris1AZIt2VQQVivAWACagYzOS4yLjFyNpsBFQ0XAFgCVgJcCEDCBhGNF0_OKV0kU6snUgBelpQBS-1DYQBM5Yw6IPL7lwkNAAISYwECC9WmB0w/ofertasv/?filter[tourOperator]=OREX&filter%5Bperson%5D=2&filter%5BchildAge%5D%5B1%5D=20201210&filter%5Bchild%5D=1","filter_turkey_13_16_days","turcja","kemer","c","2026-08-31","2026-09-13","14","13","Warszawa","2+1","turcja|kemer|2026-08-31|2026-09-13|13|Warszawa|2+1"
"Avia Resort & Spa","12984.0","07.09.2026 - 20.09.2026","14 dni/13 nocy","","","","","Warszawa","2026-08-23T16:14:12.213705+00:00","https://fly.pl/oferta/turcja-wczasy/?filter[dest]=39:&filter[hotelids]=&filter[cityids]=&filter[cregids]=&filter[ofrType]=&filter[addObjType]=H&filter[whenFrom]=23-08-2026&filter[whenTo]=22-09-2026&filter[duration]=13:16&filter[from]=Warszawa,Warszawa%20-%20Radom&filter[person]=2&filter[child]=1&filter[price]=4000:20000&filter[PriceFrom]=4000&filter[PriceTo]=20000&filter[addCategory]=50&filter[addCatering]=0&filter[addMisc]=0&filter[addTransport]=F&filter[fp]=1&order_by=ofr_price&filter[tourOperator]=0&filter[childAge][1]=20201210","https://datacfstatic.merlinx.pl/WEZY/IMG/83626/e4a41ec27a73ade9274b58bd871b951998bcd49ff29534459fce5ca843c68039.webp","https://fly.pl/wycieczka/turcja,side,colakli/avia-resort-spa-15/pqWWIqfL0JHNDHzqzj380uAAogjneOQ9S_Wj6CrKlpuC1ZmgAAAADQYgQAs3QEAA0ABAAqBFdFWlkw1ris1AZIuGVQQVjXAmADahJGcmVlIEJpcmQgQWlybGluZXNqBDA5NDByRZ4BkwEfAAIBFgAcABcMEucDFM0GFa8BGNIBT8NhTABAnBJL58UBUAARosYCHaa4DCDjIxuM2n0N7IzFCAESYwEMYwEDC7GWW70/ofertasv/?filter[tourOperator]=WEZY&filter%5Bperson%5D=2&filter%5BchildAge%5D%5B1%5D=20201210&filter%5Bchild%5D=1","filter_turkey_13_16_days","turcja","side","colakli","2026-09-07","2026-09-20","14","13","Warszawa","2+1","turcja|side|2026-09-07|2026-09-20|13|Warszawa|2+1"
"The Lumos Deluxe Resort & Spa","13019.0","05.09.2026 - 18.09.2026","14 dni/13 nocy","4.5","4.5","1686","tripadvisor","Warszawa","2026-08-23T16:14:12.213705+00:00","https://fly.pl/oferta/turcja-wczasy/?filter[dest]=39:&filter[hotelids]=&filter[cityids]=&filter[cregids]=&filter[ofrType]=&filter[addObjType]=H&filter[whenFrom]=23-08-2026&filter[whenTo]=22-09-2026&filter[duration]=13:16&filter[from]=Warszawa,Warszawa%20-%20Radom&filter[person]=2&filter[child]=1&filter[price]=4000:20000&filter[PriceFrom]=4000&filter[PriceTo]=20000&filter[addCategory]=50&filter[addCatering]=0&filter[addMisc]=0&filter[addTransport]=F&filter[fp]=1&order_by=ofr_price&filter[tourOperator]=0&filter[childAge][1]=20201210","https://fly.pl/cdn/photo/assets/uploads/582/278/2016/11/The-Lumos-Deluxe-Resort.jpg","https://fly.pl/wycieczka/turcja,alanya,c/the-lumos-deluxe-resort-spa/p6-1FKHlLnqIZX-yffiDO4AAogW2GyZvGhIleakLn9q83juAAAAAA6cQQA9m0EAA0AAAAqBFdFWlkw1ris1AZI22VQQVinAmADah1MT1QgUG9saXNoIEFpcmxpbmVzL0VudGVyIEFpcnJCngEfABwBAgAWABcMEucDFYUFE4kCGAoUkANP6WBMABHkEUA4UOfFAUsAG_cwIPfjDh3EBg3v7cIJARJjAQ1jAQMGkDBJLA/ofertasv/?filter[tourOperator]=WEZY&filter%5Bperson%5D=2&filter%5BchildAge%5D%5B1%5D=20201210&filter%5Bchild%5D=1","filter_turkey_13_16_days","turcja","alanya","c","2026-09-05","2026-09-18","14","13","Warszawa","2+1","turcja|alanya|2026-09-05|2026-09-18|13|Warszawa|2+1"
"Casa Fora Beach Resort","13034.0","01.09.2026 - 14.09.2026","14 dni/13 nocy","4.2","4.2","578","tripadvisor","Warszawa","2026-08-23T16:14:12.213705+00:00","https://fly.pl/oferta/turcja-wczasy/?filter[dest]=39:&filter[hotelids]=&filter[cityids]=&filter[cregids]=&filter[ofrType]=&filter[addObjType]=H&filter[whenFrom]=23-08-2026&filter[whenTo]=22-09-2026&filter[duration]=13:16&filter[from]=Warszawa,Warszawa%20-%20Radom&filter[person]=2&filter[child]=1&filter[price]=4000:20000&filter[PriceFrom]=4000&filter[PriceTo]=20000&filter[addCategory]=50&filter[addCatering]=0&filter[addMisc]=0&filter[addTransport]=F&filter[fp]=1&order_by=ofr_price&filter[tourOperator]=0&filter[childAge][1]=20201210","https://fly.pl/cdn/photo/assets/uploads/582/278/2024/07/casa-fora-beach-resort.jpg","https://fly.pl/wycieczka/turcja,side,kizilot/casa-fora-beach-resort-12/pNGeo6WcWEeTc_dZfy15MHAAogl2yg4gFH9cvwobiuNLTnYI_NH9QVB49G8CQLzrx9vtMqBEJWQkUw1ris1AZI6mVQAVjHAWACahJBbGwgSW5jbHVzaXZlIFBsdXNyIRwRu9wBG43IPxj2jxS5BJiOJKsEdAHg5KC-AwIAYwEDBt-aYTw/ofertasv/?filter[tourOperator]=BVBE&filter%5Bperson%5D=2&filter%5BchildAge%5D%5B1%5D=20201210&filter%5Bchild%5D=1","filter_turkey_13_16_days","turcja","side","kizilot","2026-09-01","2026-09-14","14","13","Warszawa","2+1","turcja|side|2026-09-01|2026-09-14|13|Warszawa|2+1"
"Beach Club Doganay","13041.0","05.09.2026 - 18.09.2026","14 dni/13 nocy","4.1","4.1","2266","tripadvisor","Warszawa","2026-08-23T16:14:12.213705+00:00","https://fly.pl/oferta/turcja-wczasy/?filter[dest]=39:&filter[hotelids]=&filter[cityids]=&filter[cregids]=&filter[ofrType]=&filter[addObjType]=H&filter[whenFrom]=23-08-2026&filter[whenTo]=22-09-2026&filter[duration]=13:16&filter[from]=Warszawa,Warszawa%20-%20Radom&filter[person]=2&filter[child]=1&filter[price]=4000:20000&filter[PriceFrom]=4000&filter[PriceTo]=20000&filter[addCategory]=50&filter[addCatering]=0&filter[addMisc]=0&filter[addTransport]=F&filter[fp]=1&order_by=ofr_price&filter[tourOperator]=0&filter[childAge][1]=20201210","https://fly.pl/cdn/photo/assets/uploads/582/278/2015/04/Beach-Club-Doganay.jpg","https://fly.pl/wycieczka/turcja,alanya,konakli/beach-club-doganay/pePP9w_5zZznTN5Kr9FLgOAAoguPDgvyIHU6GWGPsCLK0JPAAAAAA6cQQA9m0EAA0AAAAqBFdFWlkw1ris1AZI8WVQQVinAmADah1MT1QgUG9saXNoIEFpcmxpbmVzL0VudGVyIEFpcnJDngEfABwBAgAWABcMEucDFYUFE4kCGAoUkANP6WBMAECcEhGjJlDEnwFLABvccyCSoQ4dxAYN7-3CCQESYwELYwEDChMnqOY/ofertasv/?filter[tourOperator]=WEZY&filter%5Bperson%5D=2&filter%5BchildAge%5D%5B1%5D=20201210&filter%5Bchild%5D=1","filter_turkey_13_16_days","turcja","alanya","konakli","2026-09-05","2026-09-18","14","13","Warszawa","2+1","turcja|alanya|2026-09-05|2026-09-18|13|Warszawa|2+1"
"Miarosa Beach (Kemer)","13127.0","09.09.2026 - 22.09.2026","14 dni/13 nocy","4.4","4.4","1400","tripadvisor","Warszawa","2026-08-23T16:14:12.213705+00:00","https://fly.pl/oferta/turcja-wczasy/?filter[dest]=39:&filter[hotelids]=&filter[cityids]=&filter[cregids]=&filter[ofrType]=&filter[addObjType]=H&filter[whenFrom]=23-08-2026&filter[whenTo]=22-09-2026&filter[duration]=13:16&filter[from]=Warszawa,Warszawa%20-%20Radom&filter[person]=2&filter[child]=1&filter[price]=4000:20000&filter[PriceFrom]=4000&filter[PriceTo]=20000&filter[addCategory]=50&filter[addCatering]=0&filter[addMisc]=0&filter[addTransport]=F&filter[fp]=1&order_by=ofr_price&filter[tourOperator]=0&filter[childAge][1]=20201210","https://fly.pl/cdn/photo/assets/uploads/582/278/2024/07/miarosa-kemer-beach.jpg","https://fly.pl/wycieczka/turcja,kemer,kiris/miarosa-kemer-beach-12/pTGRXkuMlMM5CQvcZfzFnRAAogLAXa5DNRef8VpQaZj8xfdiGzm71fuxsMU5q28Om4PE0qBE9SRVgw1ris1AZIx2ZQQViHA2ACagZDNS4yLjFyNpsBFQ0XAFgCVgJcCEDCBhHfC0_8NF0kU6snUgBelpQBS-1DYQBM5Yw6IMD8lwkNAAISYwECDIlufsE/ofertasv/?filter[tourOperator]=OREX&filter%5Bperson%5D=2&filter%5BchildAge%5D%5B1%5D=20201210&filter%5Bchild%5D=1","filter_turkey_13_16_days","turcja","kemer","kiris","2026-09-09","2026-09-22","14","13","Warszawa","2+1","turcja|kemer|2026-09-09|2026-09-22|13|Warszawa|2+1"
"Labranda Alantur Resort","13157.0","29.08.2026 - 12.09.2026","15 dni/14 nocy","4.0","4.0","350","tripadvisor","Warszawa","2026-08-23T16:14:12.213705+00:00","https://fly.pl/oferta/turcja-wczasy/?filter[dest]=39:&filter[hotelids]=&filter[cityids]=&filter[cregids]=&filter[ofrType]=&filter[addObjType]=H&filter[whenFrom]=23-08-2026&filter[whenTo]=22-09-2026&filter[duration]=13:16&filter[from]=Warszawa,Warszawa%20-%20Radom&filter[person]=2&filter[child]=1&filter[price]=4000:20000&filter[PriceFrom]=4000&filter[PriceTo]=20000&filter[addCategory]=50&filter[addCatering]=0&filter[addMisc]=0&filter[addTransport]=F&filter[fp]=1&order_by=ofr_price&filter[tourOperator]=0&filter[childAge][1]=20201210","https://fly.pl/cdn/photo/assets/uploads/582/278/2015/04/Labranda-Alantur-Resort.jpg","https://fly.pl/wycieczka/turcja,alanya,c/maritim-club-alantur/pbSV9XBVO2sAMqYfGnj7bjAAogtsKXhjrhbBMfKIldv1aO3Bleql_vgBzW78-3GSKx6FwqBFZJVFgw1ris1AZI5WZQQVh_YAJyPxoAXAoVBBcAWAFAjwNT52tSAFvYF16-fEvtQ2EATIehPCDO55UJDQBR8o7o7VhP1Ok9XZTlpoGtAQINYwECDITPQck/ofertasv/?filter[tourOperator]=VITX&filter%5Bperson%5D=2&filter%5BchildAge%5D%5B1%5D=20201210&filter%5Bchild%5D=1","filter_turkey_13_16_days","turcja","alanya","c","2026-08-29","2026-09-12","15","14","Warszawa","2+1","turcja|alanya|2026-08-29|2026-09-12|14|Warszawa|2+1"
"Castival (ex. La Grande Resort & Spa)","13157.0","26.08.2026 - 09.09.2026","15 dni/14 nocy","4.6","4.6","3174","tripadvisor","Warszawa","2026-08-23T16:14:12.213705+00:00","https://fly.pl/oferta/turcja-wczasy/?filter[dest]=39:&filter[hotelids]=&filter[cityids]=&filter[cregids]=&filter[ofrType]=&filter[addObjType]=H&filter[whenFrom]=23-08-2026&filter[whenTo]=22-09-2026&filter[duration]=13:16&filter[from]=Warszawa,Warszawa%20-%20Radom&filter[person]=2&filter[child]=1&filter[price]=4000:20000&filter[PriceFrom]=4000&filter[PriceTo]=20000&filter[addCategory]=50&filter[addCatering]=0&filter[addMisc]=0&filter[addTransport]=F&filter[fp]=1&order_by=ofr_price&filter[tourOperator]=0&filter[childAge][1]=20201210","https://fly.pl/cdn/photo/assets/uploads/582/278/2015/10/La-Grande-Resort-fly-pl.jpg","https://fly.pl/wycieczka/turcja,side,c/la-grande-resort/p0Ja1WhGkDc3PQIme5-wf8AAogttLb4LZy7nUucUDHwkBGsdE9XKY2U4OiWKIw7pnyKDQqBFZJVFgw1ris1AZI5WZQQVg3YAJyPxoAXAoVBBcAWAFAjwNT52tSAFvYF16-fEvtQ2EATMi0OSCK1JgJDQBR0_3s7VhP9Po4XZTlpoGtAQIKYwECCUBSM4U/ofertasv/?filter[tourOperator]=VITX&filter%5Bperson%5D=2&filter%5BchildAge%5D%5B1%5D=20201210&filter%5Bchild%5D=1","filter_turkey_13_16_days","turcja","side","c","2026-08-26","2026-09-09","15","14","Warszawa","2+1","turcja|side|2026-08-26|2026-09-09|14|Warszawa|2+1"
"Linda Sunny Beach","13357.0","04.09.2026 - 18.09.2026","15 dni/14 nocy","4.8","4.8","254","tripadvisor","Warszawa","2026-08-23T16:14:12.213705+00:00","https://fly.pl/oferta/turcja-wczasy/?filter[dest]=39:&filter[hotelids]=&filter[cityids]=&filter[cregids]=&filter[ofrType]=&filter[addObjType]=H&filter[whenFrom]=23-08-2026&filter[whenTo]=22-09-2026&filter[duration]=13:16&filter[from]=Warszawa,Warszawa%20-%20Radom&filter[person]=2&filter[child]=1&filter[price]=4000:20000&filter[PriceFrom]=4000&filter[PriceTo]=20000&filter[addCategory]=50&filter[addCatering]=0&filter[addMisc]=0&filter[addTransport]=F&filter[fp]=1&order_by=ofr_price&filter[tourOperator]=0&filter[childAge][1]=20201210","https://fly.pl/cdn/photo/assets/uploads/582/278/2014/09/Bone-Club-Sunset-fly-pl.jpg","https://fly.pl/wycieczka/turcja,side,c/bone-club-sunset/p0F3Dmrv9qy_V52csdZ5p3AAog196Aq87itQa4fu5YL5dWdzwQXJjsZ45k64gmT0LxrB8qBFZJVFgw1ris1AZIrWhQQViPAmACcj8aAFwKFQQXAFgBQI8DU-drUgBb2BdevnxL7UNhAEyptDkg99SYCQ0AUeKc6-1YT5_bOl2U5aaBrQECDGMBAgvm0fES/ofertasv/?filter[tourOperator]=VITX&filter%5Bperson%5D=2&filter%5BchildAge%5D%5B1%5D=20201210&filter%5Bchild%5D=1","filter_turkey_13_16_days","turcja","side","c","2026-09-04","2026-09-18","15","14","Warszawa","2+1","turcja|side|2026-09-04|2026-09-18|14|Warszawa|2+1"
"Port River & Spa","13357.0","29.08.2026 - 12.09.2026","15 dni/14 nocy","4.0","4.0","2773","tripadvisor","Warszawa","2026-08-23T16:14:12.213705+00:00","https://fly.pl/oferta/turcja-wczasy/?filter[dest]=39:&filter[hotelids]=&filter[cityids]=&filter[cregids]=&filter[ofrType]=&filter[addObjType]=H&filter[whenFrom]=23-08-2026&filter[whenTo]=22-09-2026&filter[duration]=13:16&filter[from]=Warszawa,Warszawa%20-%20Radom&filter[person]=2&filter[child]=1&filter[price]=4000:20000&filter[PriceFrom]=4000&filter[PriceTo]=20000&filter[addCategory]=50&filter[addCatering]=0&filter[addMisc]=0&filter[addTransport]=F&filter[fp]=1&order_by=ofr_price&filter[tourOperator]=0&filter[childAge][1]=20201210","https://fly.pl/cdn/photo/assets/uploads/582/278/2015/04/Port-River-Spa.jpg","https://fly.pl/wycieczka/turcja,side,titreyengol/port-river/pADclTAYbggUnt1d9VPlwnAAogcAS3tJfFz9URCCil4bafdRleql_vgBzW78-3GSKx6FwqBFZJVFgw1ris1AZIrWhQQVh_YAJyPxoAXAoVBBcAWAFAjwNT52tSAFvYF16-fEvtQ2EATIehPCDO55UJDQBRzI2T7lhP-uoSXZTlpoGtAQINYwECDJ19XNo/ofertasv/?filter[tourOperator]=VITX&filter%5Bperson%5D=2&filter%5BchildAge%5D%5B1%5D=20201210&filter%5Bchild%5D=1","filter_turkey_13_16_days","turcja","side","titreyengol","2026-08-29","2026-09-12","15","14","Warszawa","2+1","turcja|side|2026-08-29|2026-09-12|14|Warszawa|2+1"
"Dedeman Kemer Resort","13400.0","05.09.2026 - 18.09.2026","14 dni/13 nocy","3.4","3.4","263","tripadvisor","Warszawa","2026-08-23T16:14:12.213705+00:00","https://fly.pl/oferta/turcja-wczasy/?filter[dest]=39:&filter[hotelids]=&filter[cityids]=&filter[cregids]=&filter[ofrType]=&filter[addObjType]=H&filter[whenFrom]=23-08-2026&filter[whenTo]=22-09-2026&filter[duration]=13:16&filter[from]=Warszawa,Warszawa%20-%20Radom&filter[person]=2&filter[child]=1&filter[price]=4000:20000&filter[PriceFrom]=4000&filter[PriceTo]=20000&filter[addCategory]=50&filter[addCatering]=0&filter[addMisc]=0&filter[addTransport]=F&filter[fp]=1&order_by=ofr_price&filter[tourOperator]=0&filter[childAge][1]=20201210","https://fly.pl/cdn/photo/assets/uploads/582/278/2024/07/club-jovia-kemer-ex-armir-resort.jpg","https://fly.pl/wycieczka/turcja,kemer,c/armir-resort-10/pD1QyOamikvN6Q1--AR8DTAAog32DZjsTIZy1-aMa0MbPE9AAAAAA6cQQA9m0EAA0AAQAqBFdFWlkw1ris1AZI2GhQQVinAmADah1MT1QgUG9saXNoIEFpcmxpbmVzL0VudGVyIEFpcnJFngEfABwBAgAWABcMEucDFYUFE4kCGAoUkANM6WBPAECcElDnxQFLABGvrQEgv-cNHcQGG4-lQw3gyP8IARJjAQxjAQMG23lkhA/ofertasv/?filter[tourOperator]=WEZY&filter%5Bperson%5D=2&filter%5BchildAge%5D%5B1%5D=20201210&filter%5Bchild%5D=1","filter_turkey_13_16_days","turcja","kemer","c","2026-09-05","2026-09-18","14","13","Warszawa","2+1","turcja|kemer|2026-09-05|2026-09-18|13|Warszawa|2+1"
"Tusan Beach Resort","13465.0","08.09.2026 - 22.09.2026","15 dni/14 nocy","4.2","4.2","4348","tripadvisor","Warszawa","2026-08-23T16:14:12.213705+00:00","https://fly.pl/oferta/turcja-wczasy/?filter[dest]=39:&filter[hotelids]=&filter[cityids]=&filter[cregids]=&filter[ofrType]=&filter[addObjType]=H&filter[whenFrom]=23-08-2026&filter[whenTo]=22-09-2026&filter[duration]=13:16&filter[from]=Warszawa,Warszawa%20-%20Radom&filter[person]=2&filter[child]=1&filter[price]=4000:20000&filter[PriceFrom]=4000&filter[PriceTo]=20000&filter[addCategory]=50&filter[addCatering]=0&filter[addMisc]=0&filter[addTransport]=F&filter[fp]=1&order_by=ofr_price&filter[tourOperator]=0&filter[childAge][1]=20201210","https://fly.pl/cdn/photo/assets/uploads/582/278/2014/10/Tusan-Beach-Resort.jpg","https://fly.pl/wycieczka/turcja,kusadasi,c/tusan-beach-resort/p5KrDnHBBHqTLBjznX4EZcAAogx31rTLu01P2H5OoRSLQGrQAAAAAIpwQAH6cEAA4AAQAqBFdFWlkw1ris1AZImWlQQVjvAmADaglFbnRlciBBaXJqBDA2NTVqBDA4NTVyQp4BlQGYAR8AAgEcABYGFwcS5gMTjAsUiwMR-CFM_DRPAECiGEvnxQFQAB2AhxAgFxve8B0Nr5GkCQESYwENYwEEDOG5IC8/ofertasv/?filter[tourOperator]=WEZY&filter%5Bperson%5D=2&filter%5BchildAge%5D%5B1%5D=20201210&filter%5Bchild%5D=1","filter_turkey_13_16_days","turcja","kusadasi","c","2026-09-08","2026-09-22","15","14","Warszawa","2+1","turcja|kusadasi|2026-09-08|2026-09-22|14|Warszawa|2+1"
"Grand Kolibri Prestige & Spa","13471.0","05.09.2026 - 19.09.2026","15 dni/14 nocy","4.6","4.6","902","tripadvisor","Warszawa","2026-08-23T16:14:12.213705+00:00","https://fly.pl/oferta/turcja-wczasy/?filter[dest]=39:&filter[hotelids]=&filter[cityids]=&filter[cregids]=&filter[ofrType]=&filter[addObjType]=H&filter[whenFrom]=23-08-2026&filter[whenTo]=22-09-2026&filter[duration]=13:16&filter[from]=Warszawa,Warszawa%20-%20Radom&filter[person]=2&filter[child]=1&filter[price]=4000:20000&filter[PriceFrom]=4000&filter[PriceTo]=20000&filter[addCategory]=50&filter[addCatering]=0&filter[addMisc]=0&filter[addTransport]=F&filter[fp]=1&order_by=ofr_price&filter[tourOperator]=0&filter[childAge][1]=20201210","https://fly.pl/cdn/photo/assets/uploads/582/278/2024/07/grand-kolibri-prestige-spa.jpg","https://fly.pl/wycieczka/turcja,alanya,konakli/grand-kolibri-prestige-spa-13/pz7o2QppZ99fa9Hd9lINN6AAogbv6IQziD3zXzAeoCrPn6kvdq_34b_4EyyRdFOhXSxSYqBFJOQlcw1ris1AZIn2lQQVinAmACagRCd2NhahcyOTYsMzgwLDQ3Nyw0ODMsNDg0LDQ4NXI4nwGeARUOFwBYAQqcAUCsBhHVJhnlMBC5BVK7ClMAS4PYAWEAD8mVQR2JASDP8pAJDQACDGMBAwtx-wDy/ofertasv/?filter[tourOperator]=RNBW&filter%5Bperson%5D=2&filter%5BchildAge%5D%5B1%5D=20201210&filter%5Bchild%5D=1","filter_turkey_13_16_days","turcja","alanya","konakli","2026-09-05","2026-09-19","15","14","Warszawa","2+1","turcja|alanya|2026-09-05|2026-09-19|14|Warszawa|2+1"
"Asteria Bloom Side","13536.0","01.09.2026 - 14.09.2026","14 dni/13 nocy","4.4","4.4","1623","tripadvisor","Warszawa","2026-08-23T16:14:12.213705+00:00","https://fly.pl/oferta/turcja-wczasy/?filter[dest]=39:&filter[hotelids]=&filter[cityids]=&filter[cregids]=&filter[ofrType]=&filter[addObjType]=H&filter[whenFrom]=23-08-2026&filter[whenTo]=22-09-2026&filter[duration]=13:16&filter[from]=Warszawa,Warszawa%20-%20Radom&filter[person]=2&filter[child]=1&filter[price]=4000:20000&filter[PriceFrom]=4000&filter[PriceTo]=20000&filter[addCategory]=50&filter[addCatering]=0&filter[addMisc]=0&filter[addTransport]=F&filter[fp]=1&order_by=ofr_price&filter[tourOperator]=0&filter[childAge][1]=20201210","https://fly.pl/cdn/photo/assets/uploads/582/278/2015/04/Asteria-Bloom-Side.jpg","https://fly.pl/wycieczka/turcja,side,kizilagac/heaven-beach-resort/pSu3CiPTRUHhEYu4BQ08AzAAogwswzXeCq4BQ99cyx8PVn0mH-9WFY2kVMCzoTvlM5mjwqBE9SRVgw1ris1AZI4GlQQVjHAWACagZKSC4yLjFyNpsBFQ0XAFgCVgJcCEDCBhHyB0_pOF0kU6snUgBelpQBS-1DYQBM5Yw6ILj8lwkNAAISYwECBsitEaM/ofertasv/?filter[tourOperator]=OREX&filter%5Bperson%5D=2&filter%5BchildAge%5D%5B1%5D=20201210&filter%5Bchild%5D=1","filter_turkey_13_16_days","turcja","side","kizilagac","2026-09-01","2026-09-14","14","13","Warszawa","2+1","turcja|side|2026-09-01|2026-09-14|13|Warszawa|2+1"
"Xoria Deluxe","13546.0","27.08.2026 - 09.09.2026","14 dni/13 nocy","4.2","4.2","2427","tripadvisor","Warszawa","2026-08-23T16:14:12.213705+00:00","https://fly.pl/oferta/turcja-wczasy/?filter[dest]=39:&filter[hotelids]=&filter[cityids]=&filter[cregids]=&filter[ofrType]=&filter[addObjType]=H&filter[whenFrom]=23-08-2026&filter[whenTo]=22-09-2026&filter[duration]=13:16&filter[from]=Warszawa,Warszawa%20-%20Radom&filter[person]=2&filter[child]=1&filter[price]=4000:20000&filter[PriceFrom]=4000&filter[PriceTo]=20000&filter[addCategory]=50&filter[addCatering]=0&filter[addMisc]=0&filter[addTransport]=F&filter[fp]=1&order_by=ofr_price&filter[tourOperator]=0&filter[childAge][1]=20201210","https://fly.pl/cdn/photo/assets/uploads/582/278/2018/11/Xoria-Deluxe-fly-pl.jpg","https://fly.pl/wycieczka/turcja,alanya,payallar/xoria/pMadtFIlcXua0pbS7KhYz6AAog2eZhWmqc3UPnOldN2ucJSxHIaslnRFcLltoPPaG4rTcqBEVYSU0w1ris1AZI6mlQAVhPYAJqA1VBSXIiHBHK7wWrBICdQbkEugIbw8gkGL_YOQGT--X1CAISYwEDDMlQj9Q/ofertasv/?filter[tourOperator]=EXIM&filter%5Bperson%5D=2&filter%5BchildAge%5D%5B1%5D=20201210&filter%5Bchild%5D=1","filter_turkey_13_16_days","turcja","alanya","payallar","2026-08-27","2026-09-09","14","13","Warszawa","2+1","turcja|alanya|2026-08-27|2026-09-09|13|Warszawa|2+1"
"Sealife Buket Resort & Beach","13557.0","26.08.2026 - 09.09.2026","15 dni/14 nocy","4.4","4.4","1629","tripadvisor","Warszawa","2026-08-23T16:14:12.213705+00:00","https://fly.pl/oferta/turcja-wczasy/?filter[dest]=39:&filter[hotelids]=&filter[cityids]=&filter[cregids]=&filter[ofrType]=&filter[addObjType]=H&filter[whenFrom]=23-08-2026&filter[whenTo]=22-09-2026&filter[duration]=13:16&filter[from]=Warszawa,Warszawa%20-%20Radom&filter[person]=2&filter[child]=1&filter[price]=4000:20000&filter[PriceFrom]=4000&filter[PriceTo]=20000&filter[addCategory]=50&filter[addCatering]=0&filter[addMisc]=0&filter[addTransport]=F&filter[fp]=1&order_by=ofr_price&filter[tourOperator]=0&filter[childAge][1]=20201210","https://fly.pl/cdn/photo/assets/uploads/582/278/2017/08/Sealife-Buket-Resort-Beach.jpg","https://fly.pl/wycieczka/turcja,alanya,karaburun/sealife-buket-resort-spa/puczsKcvQorrr5amn_toM8AAogg0xhk6qwzNhBO-CRzH9M-NE9XKY2U4OiWKIw7pnyKDQqBFZJVFgw1ris1AZI9WlQQVg3YAJyPxoAXAoVBBcAWAFAjwNT52tSAFvYF16-fEvtQ2EATMi0OSCK1JgJDQBRrZuH7lhPmt0eXZTlpoGtAQIMYwECCbXlKEw/ofertasv/?filter[tourOperator]=VITX&filter%5Bperson%5D=2&filter%5BchildAge%5D%5B1%5D=20201210&filter%5Bchild%5D=1","filter_turkey_13_16_days","turcja","alanya","karaburun","2026-08-26","2026-09-09","15","14","Warszawa","2+1","turcja|alanya|2026-08-26|2026-09-09|14|Warszawa|2+1"
"Signature Blue Resort (ex. Grand Ozcelik)","13580.0","04.09.2026 - 18.09.2026","15 dni/14 nocy","3.4","3.4","146","tripadvisor","Warszawa","2026-08-23T16:14:12.213705+00:00","https://fly.pl/oferta/turcja-wczasy/?filter[dest]=39:&filter[hotelids]=&filter[cityids]=&filter[cregids]=&filter[ofrType]=&filter[addObjType]=H&filter[whenFrom]=23-08-2026&filter[whenTo]=22-09-2026&filter[duration]=13:16&filter[from]=Warszawa,Warszawa%20-%20Radom&filter[person]=2&filter[child]=1&filter[price]=4000:20000&filter[PriceFrom]=4000&filter[PriceTo]=20000&filter[addCategory]=50&filter[addCatering]=0&filter[addMisc]=0&filter[addTransport]=F&filter[fp]=1&order_by=ofr_price&filter[tourOperator]=0&filter[childAge][1]=20201210","https://fly.pl/cdn/photo/assets/uploads/582/278/2024/07/grand-ozcelik.jpg","https://fly.pl/wycieczka/turcja,kusadasi,c/grand-ozcelik/p66A2pWtvskqLedtdU_t70AAoguP0RjI67ZGtwqPKMgXtj6gAAAACfqQQAvakEAA4AAAAqBFdFWlkw1ris1AZIjGpQQViPAmADaglFbnRlciBBaXJqBDA2NDBqBDA5MTByQp4BlQGYAR8AAgEcABYEFwkS5gMThwsUiwNM-VZPAECiGBGPkAFL2DVQABvKsQwdzdoDIB4N6_zBCQESYwENYwEDDNyF79s/ofertasv/?filter[tourOperator]=WEZY&filter%5Bperson%5D=2&filter%5BchildAge%5D%5B1%5D=20201210&filter%5Bchild%5D=1","filter_turkey_13_16_days","turcja","kusadasi","c","2026-09-04","2026-09-18","15","14","Warszawa","2+1","turcja|kusadasi|2026-09-04|2026-09-18|14|Warszawa|2+1"
"Rox Royal (ex. Grand Haber)","13604.0","08.09.2026 - 21.09.2026","14 dni/13 nocy","3.6","3.6","430","tripadvisor","Warszawa","2026-08-23T16:14:12.213705+00:00","https://fly.pl/oferta/turcja-wczasy/?filter[dest]=39:&filter[hotelids]=&filter[cityids]=&filter[cregids]=&filter[ofrType]=&filter[addObjType]=H&filter[whenFrom]=23-08-2026&filter[whenTo]=22-09-2026&filter[duration]=13:16&filter[from]=Warszawa,Warszawa%20-%20Radom&filter[person]=2&filter[child]=1&filter[price]=4000:20000&filter[PriceFrom]=4000&filter[PriceTo]=20000&filter[addCategory]=50&filter[addCatering]=0&filter[addMisc]=0&filter[addTransport]=F&filter[fp]=1&order_by=ofr_price&filter[tourOperator]=0&filter[childAge][1]=20201210","https://fly.pl/cdn/photo/assets/uploads/582/278/2015/05/rox.jpg","https://fly.pl/wycieczka/turcja,kemer,c/grand-haber/p9TTmobt7mm5elrw6r1qKqAAogdnpNd1zU6mg9JDoKcKPy1YRXb0S2CkfY7MNA9xXe7tgqBE9SRVgw1ris1AZIpGpQQVjvAmACagVFLjIuMXI2mwEVDRcAWAJWAlwIQMIGEckMT5I0XSRTqydSAF6WlAFL7UNhAEzljDogv_yXCQ0AAhJjAQIG9IrrZA/ofertasv/?filter[tourOperator]=OREX&filter%5Bperson%5D=2&filter%5BchildAge%5D%5B1%5D=20201210&filter%5Bchild%5D=1","filter_turkey_13_16_days","turcja","kemer","c","2026-09-08","2026-09-21","14","13","Warszawa","2+1","turcja|kemer|2026-09-08|2026-09-21|13|Warszawa|2+1"
"Sultan of Dreams","13622.0","07.09.2026 - 20.09.2026","14 dni/13 nocy","3.3","3.3","412","tripadvisor","Warszawa","2026-08-23T16:14:12.213705+00:00","https://fly.pl/oferta/turcja-wczasy/?filter[dest]=39:&filter[hotelids]=&filter[cityids]=&filter[cregids]=&filter[ofrType]=&filter[addObjType]=H&filter[whenFrom]=23-08-2026&filter[whenTo]=22-09-2026&filter[duration]=13:16&filter[from]=Warszawa,Warszawa%20-%20Radom&filter[person]=2&filter[child]=1&filter[price]=4000:20000&filter[PriceFrom]=4000&filter[PriceTo]=20000&filter[addCategory]=50&filter[addCatering]=0&filter[addMisc]=0&filter[addTransport]=F&filter[fp]=1&order_by=ofr_price&filter[tourOperator]=0&filter[childAge][1]=20201210","https://fly.pl/cdn/photo/assets/uploads/582/278/2015/04/Sultan-of-Dreams-fly-pl.jpg","https://fly.pl/wycieczka/turcja,side,manavgat/sultan-of-dreams/pT-Z4lwizmFpLlPwIJuAi8AAogKUIV2LuvEuD_OON2kX_hEZ2FKqdZohVQ4Zf-Ukb4kpwqBEVYSU0w1ris1AZItmpQAVjXAmACagJBSXIhHBHI7wW5BMSeQasEARuj4iQY5745AcnC3fUIAhJjAQIMmDHdGQ/ofertasv/?filter[tourOperator]=EXIM&filter%5Bperson%5D=2&filter%5BchildAge%5D%5B1%5D=20201210&filter%5Bchild%5D=1","filter_turkey_13_16_days","turcja","side","manavgat","2026-09-07","2026-09-20","14","13","Warszawa","2+1","turcja|side|2026-09-07|2026-09-20|13|Warszawa|2+1"
"Ozkaymak Incekum","13647.0","02.09.2026 - 15.09.2026","14 dni/13 nocy","3.4","3.4","844","tripadvisor","Warszawa","2026-08-23T16:14:12.213705+00:00","https://fly.pl/oferta/turcja-wczasy/?filter[dest]=39:&filter[hotelids]=&filter[cityids]=&filter[cregids]=&filter[ofrType]=&filter[addObjType]=H&filter[whenFrom]=23-08-2026&filter[whenTo]=22-09-2026&filter[duration]=13:16&filter[from]=Warszawa,Warszawa%20-%20Radom&filter[person]=2&filter[child]=1&filter[price]=4000:20000&filter[PriceFrom]=4000&filter[PriceTo]=20000&filter[addCategory]=50&filter[addCatering]=0&filter[addMisc]=0&filter[addTransport]=F&filter[fp]=1&order_by=ofr_price&filter[tourOperator]=0&filter[childAge][1]=20201210","https://fly.pl/cdn/photo/assets/uploads/582/278/2015/03/Ozkaymak-Incekum-1.jpg","https://fly.pl/wycieczka/turcja,alanya,incekum/ozkaymak-incekum/pWGTkBn7MBOLJP_8mAmVt7AAogEovvDvhXVmtkHL6BMmVuPIxtbRoMK1STPGKCliROdUYqBEpPSVAw1ris1AZIz2pQQVjfAWACagMxMnByQpsBFAFcCRUDFwBYAlYCT5UBXQBAtQVSqmhTABHBiAFe1QtL7UNhAEzljDoNufyXCSAAAY_WvKiFicycMAINYwECC4CE94c/ofertasv/?filter[tourOperator]=JOIP&filter%5Bperson%5D=2&filter%5BchildAge%5D%5B1%5D=20201210&filter%5Bchild%5D=1","filter_turkey_13_16_days","turcja","alanya","incekum","2026-09-02","2026-09-15","14","13","Warszawa","2+1","turcja|alanya|2026-09-02|2026-09-15|13|Warszawa|2+1"
"Armas Kaplan Paradise","13658.0","08.09.2026 - 21.09.2026","14 dni/13 nocy","4.4","4.4","1264","tripadvisor","Warszawa","2026-08-23T16:14:12.213705+00:00","https://fly.pl/oferta/turcja-wczasy/?filter[dest]=39:&filter[hotelids]=&filter[cityids]=&filter[cregids]=&filter[ofrType]=&filter[addObjType]=H&filter[whenFrom]=23-08-2026&filter[whenTo]=22-09-2026&filter[duration]=13:16&filter[from]=Warszawa,Warszawa%20-%20Radom&filter[person]=2&filter[child]=1&filter[price]=4000:20000&filter[PriceFrom]=4000&filter[PriceTo]=20000&filter[addCategory]=50&filter[addCatering]=0&filter[addMisc]=0&filter[addTransport]=F&filter[fp]=1&order_by=ofr_price&filter[tourOperator]=0&filter[childAge][1]=20201210","https://fly.pl/cdn/photo/assets/uploads/582/278/2017/03/Armas-Kaplan-Paradise.jpg","https://fly.pl/wycieczka/turcja,kemer,tekirova/armas-kaplan-paradise/p0N6ljaJXsacIiSAu2TYZdAAog2LGIu9aF9hwFJ1Zt6V-p6IRXb0S2CkfY7MNA9xXe7tgqBE9SRVgw1ris1AZI2mpQQVjvAmACagVFLjIuMXI2mwEVDRcAWAJWAlwIQMIGEdEPT4oxXSRTqydSAF6WlAFL7UNhAEzljDogv_yXCQ0AAhJjAQILE0kpRQ/ofertasv/?filter[tourOperator]=OREX&filter%5Bperson%5D=2&filter%5BchildAge%5D%5B1%5D=20201210&filter%5Bchild%5D=1","filter_turkey_13_16_days","turcja","kemer","tekirova","2026-09-08","2026-09-21","14","13","Warszawa","2+1","turcja|kemer|2026-09-08|2026-09-21|13|Warszawa|2+1"
"Timo Deluxe Resort","13721.0","08.09.2026 - 21.09.2026","14 dni/13 nocy","4.2","4.2","515","tripadvisor","Warszawa","2026-08-23T16:14:12.213705+00:00","https://fly.pl/oferta/turcja-wczasy/?filter[dest]=39:&filter[hotelids]=&filter[cityids]=&filter[cregids]=&filter[ofrType]=&filter[addObjType]=H&filter[whenFrom]=23-08-2026&filter[whenTo]=22-09-2026&filter[duration]=13:16&filter[from]=Warszawa,Warszawa%20-%20Radom&filter[person]=2&filter[child]=1&filter[price]=4000:20000&filter[PriceFrom]=4000&filter[PriceTo]=20000&filter[addCategory]=50&filter[addCatering]=0&filter[addMisc]=0&filter[addTransport]=F&filter[fp]=1&order_by=ofr_price&filter[tourOperator]=0&filter[childAge][1]=20201210","https://fly.pl/cdn/photo/assets/uploads/582/278/2015/12/Timo-Resort-fly-pl.jpg","https://fly.pl/wycieczka/turcja,alanya,konakli/timo-resort/p1Q19ELM0SlEBrrNHW4f5rAAog2II_ihSTe6AZy7C9GhiWtIRXb0S2CkfY7MNA9xXe7tgqBE9SRVgw17is1AZImWtQQVjvAmACagVFLjIuMXI1mwEVDRcAWAJWAlwIEXlAyQVP20BdJFOrJ1IAXpaUAUvtQ2EATOWMOiC__JcJDQACEmMBAgvyguEe/ofertasv/?filter[tourOperator]=OREX&filter%5Bperson%5D=2&filter%5BchildAge%5D%5B1%5D=20201210&filter%5Bchild%5D=1","filter_turkey_13_16_days","turcja","alanya","konakli","2026-09-08","2026-09-21","14","13","Warszawa","2+1","turcja|alanya|2026-09-08|2026-09-21|13|Warszawa|2+1"
"Side Crown Palace (Side)","13757.0","26.08.2026 - 09.09.2026","15 dni/14 nocy","3.7","3.7","1073","tripadvisor","Warszawa","2026-08-23T16:14:12.213705+00:00","https://fly.pl/oferta/turcja-wczasy/?filter[dest]=39:&filter[hotelids]=&filter[cityids]=&filter[cregids]=&filter[ofrType]=&filter[addObjType]=H&filter[whenFrom]=23-08-2026&filter[whenTo]=22-09-2026&filter[duration]=13:16&filter[from]=Warszawa,Warszawa%20-%20Radom&filter[person]=2&filter[child]=1&filter[price]=4000:20000&filter[PriceFrom]=4000&filter[PriceTo]=20000&filter[addCategory]=50&filter[addCatering]=0&filter[addMisc]=0&filter[addTransport]=F&filter[fp]=1&order_by=ofr_price&filter[tourOperator]=0&filter[childAge][1]=20201210","https://fly.pl/cdn/photo/assets/uploads/582/278/2015/04/Side-Crown-Palace-Side.jpg","https://fly.pl/wycieczka/turcja,side,c/crown-palace-side/pTTIl1DUiRGcoVQSQMgc81AAogBJsZfz5r-58tS54WFDEyVdE9XKY2U4OiWKIw7pnyKDQqBFZJVFgw17is1AZIvWtQQVg3YAJyPxoAXAoVBBcAWAFAjwNT52tSAFuoHV7udkvtQ2EATMi0OSCK1JgJDQBR1qju7VhP8c83XZTlpoGtAQINYwECDL65yio/ofertasv/?filter[tourOperator]=VITX&filter%5Bperson%5D=2&filter%5BchildAge%5D%5B1%5D=20201210&filter%5Bchild%5D=1","filter_turkey_13_16_days","turcja","side","c","2026-08-26","2026-09-09","15","14","Warszawa","2+1","turcja|side|2026-08-26|2026-09-09|14|Warszawa|2+1"
"Crystal World of Colours Comfort Collection","13784.0","08.09.2026 - 21.09.2026","14 dni/13 nocy","4.8","4.8","756","tripadvisor","Warszawa","2026-08-23T16:14:12.213705+00:00","https://fly.pl/oferta/turcja-wczasy/?filter[dest]=39:&filter[hotelids]=&filter[cityids]=&filter[cregids]=&filter[ofrType]=&filter[addObjType]=H&filter[whenFrom]=23-08-2026&filter[whenTo]=22-09-2026&filter[duration]=13:16&filter[from]=Warszawa,Warszawa%20-%20Radom&filter[person]=2&filter[child]=1&filter[price]=4000:20000&filter[PriceFrom]=4000&filter[PriceTo]=20000&filter[addCategory]=50&filter[addCatering]=0&filter[addMisc]=0&filter[addTransport]=F&filter[fp]=1&order_by=ofr_price&filter[tourOperator]=0&filter[childAge][1]=20201210","https://fly.pl/cdn/photo/assets/uploads/582/278/2021/03/Crystal-Club-World-of-Colours.jpg","https://fly.pl/wycieczka/turcja,belek,bogazkent/crystal-club-world-of-colours-12/piEAJZEcCV9QUH7wILf-pTAAogXa75B7r-kzR-UoDBm680pYRXb0S2CkfY7MNA9xXe7tgqBE9SRVgw17is1AZI2GtQQVjvAmACagVFLjIuMXI2mwFcChUDFwBYAlYCEdICQPgDT9tAXSRSqydTAF6WlAFh7UNLAEzljDogv_yXCQ0AAhJjAQIL1mX40Q/ofertasv/?filter[tourOperator]=OREX&filter%5Bperson%5D=2&filter%5BchildAge%5D%5B1%5D=20201210&filter%5Bchild%5D=1","filter_turkey_13_16_days","turcja","belek","bogazkent","2026-09-08","2026-09-21","14","13","Warszawa","2+1","turcja|belek|2026-09-08|2026-09-21|13|Warszawa|2+1"
"Armas Pemar Beach Resort","13802.0","01.09.2026 - 14.09.2026","14 dni/13 nocy","4.0","4.0","403","tripadvisor","Warszawa","2026-08-23T16:14:12.213705+00:00","https://fly.pl/oferta/turcja-wczasy/?filter[dest]=39:&filter[hotelids]=&filter[cityids]=&filter[cregids]=&filter[ofrType]=&filter[addObjType]=H&filter[whenFrom]=23-08-2026&filter[whenTo]=22-09-2026&filter[duration]=13:16&filter[from]=Warszawa,Warszawa%20-%20Radom&filter[person]=2&filter[child]=1&filter[price]=4000:20000&filter[PriceFrom]=4000&filter[PriceTo]=20000&filter[addCategory]=50&filter[addCatering]=0&filter[addMisc]=0&filter[addTransport]=F&filter[fp]=1&order_by=ofr_price&filter[tourOperator]=0&filter[childAge][1]=20201210","https://fly.pl/cdn/photo/assets/uploads/582/278/2014/09/Armas-Pemar-Beach-Hotel.jpg","https://fly.pl/wycieczka/turcja,alanya,okurcalar/pemar-beach-resort/pHJ0v9egEcHqnSXKGnI6jhAAogmDB6cPxtXhLlIGKprOr-ZGH-9WFY2kVMCzoTvlM5mjwqBE9SRVgw17is1AZI6mtQQVjHAWACagZXSC4yLjFyNpsBFQ0XAFgCVgJcCEDCBhHGH0-VIV0kU6snUgBelpQBS-1DYQBM5Yw6ILj8lwkNAAISYwECC67Me_s/ofertasv/?filter[tourOperator]=OREX&filter%5Bperson%5D=2&filter%5BchildAge%5D%5B1%5D=20201210&filter%5Bchild%5D=1","filter_turkey_13_16_days","turcja","alanya","okurcalar","2026-09-01","2026-09-14","14","13","Warszawa","2+1","turcja|alanya|2026-09-01|2026-09-14|13|Warszawa|2+1"
"Victory Resort","13827.0","05.09.2026 - 18.09.2026","14 dni/13 nocy","4.6","4.6","752","tripadvisor","Warszawa","2026-08-23T16:14:12.213705+00:00","https://fly.pl/oferta/turcja-wczasy/?filter[dest]=39:&filter[hotelids]=&filter[cityids]=&filter[cregids]=&filter[ofrType]=&filter[addObjType]=H&filter[whenFrom]=23-08-2026&filter[whenTo]=22-09-2026&filter[duration]=13:16&filter[from]=Warszawa,Warszawa%20-%20Radom&filter[person]=2&filter[child]=1&filter[price]=4000:20000&filter[PriceFrom]=4000&filter[PriceTo]=20000&filter[addCategory]=50&filter[addCatering]=0&filter[addMisc]=0&filter[addTransport]=F&filter[fp]=1&order_by=ofr_price&filter[tourOperator]=0&filter[childAge][1]=20201210","https://fly.pl/cdn/photo/assets/uploads/582/278/2015/12/Victory-Resort.jpg","https://fly.pl/wycieczka/turcja,side,manavgat/victory-resort/pCbHR_yZmzf2gjnqR_3JtuAAogEfQx9qQeJpGiygb7mwtGLAAAAAA6cQQA9m0EAA0AAAAqBFdFWlkw17is1AZIg2xQQVinAmADah1MT1QgUG9saXNoIEFpcmxpbmVzL0VudGVyIEFpcnJDngEfABwBAgAWABcMEucDEe0BFZgDE4kCGAoUkANP6WBMAECcElDnxQFLABvCPyCs1Q4dxAYN7-3CCQESYwERYwEDECqq35E/ofertasv/?filter[tourOperator]=WEZY&filter%5Bperson%5D=2&filter%5BchildAge%5D%5B1%5D=20201210&filter%5Bchild%5D=1","filter_turkey_13_16_days","turcja","side","manavgat","2026-09-05","2026-09-18","14","13","Warszawa","2+1","turcja|side|2026-09-05|2026-09-18|13|Warszawa|2+1"
"Aydinbey Queens Palace & Spa","13869.0","03.09.2026 - 16.09.2026","14 dni/13 nocy","4.3","4.3","2614","tripadvisor","Warszawa","2026-08-23T16:14:12.213705+00:00","https://fly.pl/oferta/turcja-wczasy/?filter[dest]=39:&filter[hotelids]=&filter[cityids]=&filter[cregids]=&filter[ofrType]=&filter[addObjType]=H&filter[whenFrom]=23-08-2026&filter[whenTo]=22-09-2026&filter[duration]=13:16&filter[from]=Warszawa,Warszawa%20-%20Radom&filter[person]=2&filter[child]=1&filter[price]=4000:20000&filter[PriceFrom]=4000&filter[PriceTo]=20000&filter[addCategory]=50&filter[addCatering]=0&filter[addMisc]=0&filter[addTransport]=F&filter[fp]=1&order_by=ofr_price&filter[tourOperator]=0&filter[childAge][1]=20201210","https://fly.pl/cdn/photo/assets/uploads/582/278/2018/12/Aydinbey-Queens-Palacespa.jpg","https://fly.pl/wycieczka/turcja,antalya,belek/aydinbey-queens-palace-spa/pVtJWwDZJWnGmrBwjagtX7AAogyILLw04j-aF6N7avy2Gb3EuUqNP1vPp-t4XlpPrdq7kqBE9SRVgw17is1AZIrWxQQVj3AWACagZKMC4yLjFyNpsBFQ0XAFgCVgJcCBGwAUCSBU_bQF0kU6snUgBelpQBS-1DYQBM5Yw6ILr8lwkNAAISYwECDLJHRm8/ofertasv/?filter[tourOperator]=OREX&filter%5Bperson%5D=2&filter%5BchildAge%5D%5B1%5D=20201210&filter%5Bchild%5D=1","filter_turkey_13_16_days","turcja","antalya","belek","2026-09-03","2026-09-16","14","13","Warszawa","2+1","turcja|antalya|2026-09-03|2026-09-16|13|Warszawa|2+1"
"Sentido Lycus Beach (ex. Lti)","13878.0","29.08.2026 - 11.09.2026","14 dni/13 nocy","3.8","3.8","317","tripadvisor","Warszawa","2026-08-23T16:14:12.213705+00:00","https://fly.pl/oferta/turcja-wczasy/?filter[dest]=39:&filter[hotelids]=&filter[cityids]=&filter[cregids]=&filter[ofrType]=&filter[addObjType]=H&filter[whenFrom]=23-08-2026&filter[whenTo]=22-09-2026&filter[duration]=13:16&filter[from]=Warszawa,Warszawa%20-%20Radom&filter[person]=2&filter[child]=1&filter[price]=4000:20000&filter[PriceFrom]=4000&filter[PriceTo]=20000&filter[addCategory]=50&filter[addCatering]=0&filter[addMisc]=0&filter[addTransport]=F&filter[fp]=1&order_by=ofr_price&filter[tourOperator]=0&filter[childAge][1]=20201210","https://fly.pl/cdn/photo/assets/uploads/582/278/2009/10/Lycus-Beach-1.jpg","https://fly.pl/wycieczka/turcja,alanya,okurcalar/lycus-beach/p0GvGTX1GEya_sdG8QHy57AAogdZTBcN8zQm6F6LL0NepL7j0-o87gej3GyAiPL-y0__sqBEVYSU0w17is1AZItmxQAVh_YAJqAkFJciIcEcbvBasEwZ1BuQTlARv_sCUY1e44AeX70_UIAhJjAQIN5hM1PA/ofertasv/?filter[tourOperator]=EXIM&filter%5Bperson%5D=2&filter%5BchildAge%5D%5B1%5D=20201210&filter%5Bchild%5D=1","filter_turkey_13_16_days","turcja","alanya","okurcalar","2026-08-29","2026-09-11","14","13","Warszawa","2+1","turcja|alanya|2026-08-29|2026-09-11|13|Warszawa|2+1"
"Flora Garden Ephesus","13932.0","08.09.2026 - 22.09.2026","15 dni/14 nocy","4.3","4.3","1580","tripadvisor","Warszawa","2026-08-23T16:14:12.213705+00:00","https://fly.pl/oferta/turcja-wczasy/?filter[dest]=39:&filter[hotelids]=&filter[cityids]=&filter[cregids]=&filter[ofrType]=&filter[addObjType]=H&filter[whenFrom]=23-08-2026&filter[whenTo]=22-09-2026&filter[duration]=13:16&filter[from]=Warszawa,Warszawa%20-%20Radom&filter[person]=2&filter[child]=1&filter[price]=4000:20000&filter[PriceFrom]=4000&filter[PriceTo]=20000&filter[addCategory]=50&filter[addCatering]=0&filter[addMisc]=0&filter[addTransport]=F&filter[fp]=1&order_by=ofr_price&filter[tourOperator]=0&filter[childAge][1]=20201210","https://fly.pl/cdn/photo/assets/uploads/582/278/2021/03/Flora-Garden-Ephesus.jpg","https://fly.pl/wycieczka/turcja,kusadasi,c/flora-garden-ephesus-12/pPvwJCa8U6kJf44LnlT-lmAAoggqwSiiTc_hpMfn7ZHEDhpQAAAAAIpwQAH6cEAA4AAQAqBFdFWlkw17is1AZI7GxQQVjvAmADaglFbnRlciBBaXJqBDA2NTVqBDA4NTVyQZ4BlQGYAR8AAgEcABYEFwkS5gMTjAsUiwNM9FZPAECiGBG1CUuyvAFQABuzVh3NsA8gFw2NgsIJARJjAQ1jAQMMqG5haQ/ofertasv/?filter[tourOperator]=WEZY&filter%5Bperson%5D=2&filter%5BchildAge%5D%5B1%5D=20201210&filter%5Bchild%5D=1","filter_turkey_13_16_days","turcja","kusadasi","c","2026-09-08","2026-09-22","15","14","Warszawa","2+1","turcja|kusadasi|2026-09-08|2026-09-22|14|Warszawa|2+1"
"Labranda Mares Marmaris (ex Mares Dolphin Park & Spa)","13957.0","31.08.2026 - 14.09.2026","15 dni/14 nocy","4.2","4.2","5035","tripadvisor","Warszawa","2026-08-23T16:14:12.213705+00:00","https://fly.pl/oferta/turcja-wczasy/?filter[dest]=39:&filter[hotelids]=&filter[cityids]=&filter[cregids]=&filter[ofrType]=&filter[addObjType]=H&filter[whenFrom]=23-08-2026&filter[whenTo]=22-09-2026&filter[duration]=13:16&filter[from]=Warszawa,Warszawa%20-%20Radom&filter[person]=2&filter[child]=1&filter[price]=4000:20000&filter[PriceFrom]=4000&filter[PriceTo]=20000&filter[addCategory]=50&filter[addCatering]=0&filter[addMisc]=0&filter[addTransport]=F&filter[fp]=1&order_by=ofr_price&filter[tourOperator]=0&filter[childAge][1]=20201210","https://fly.pl/cdn/photo/assets/uploads/582/278/2015/04/Labranda-Mares-Marmaris.jpg","https://fly.pl/wycieczka/turcja,marmaris,c/mares-dolphin-park-spa/pGxZUVJwN5jahs3kJz-oYUAAogAXInlgB2HLucslGK15bLH68rDDdjFLXaQKSLkMNXaCQqBFZJVFgw17is1AZIhW1QQVivAWACckAaAFwKFQQXAFgBQI8DW5eFAVOlAVIAXsF5S-1DYQBMqbQ5IK7UmAkNAFGbpMebbk-nvhxdiLvw05cBAg1jAQIM1m-h2A/ofertasv/?filter[tourOperator]=VITX&filter%5Bperson%5D=2&filter%5BchildAge%5D%5B1%5D=20201210&filter%5Bchild%5D=1","filter_turkey_13_16_days","turcja","marmaris","c","2026-08-31","2026-09-14","15","14","Warszawa","2+1","turcja|marmaris|2026-08-31|2026-09-14|14|Warszawa|2+1"
"Narcia Resort Side","13957.0","29.08.2026 - 12.09.2026","15 dni/14 nocy","4.1","4.1","991","tripadvisor","Warszawa","2026-08-23T16:14:12.213705+00:00","https://fly.pl/oferta/turcja-wczasy/?filter[dest]=39:&filter[hotelids]=&filter[cityids]=&filter[cregids]=&filter[ofrType]=&filter[addObjType]=H&filter[whenFrom]=23-08-2026&filter[whenTo]=22-09-2026&filter[duration]=13:16&filter[from]=Warszawa,Warszawa%20-%20Radom&filter[person]=2&filter[child]=1&filter[price]=4000:20000&filter[PriceFrom]=4000&filter[PriceTo]=20000&filter[addCategory]=50&filter[addCatering]=0&filter[addMisc]=0&filter[addTransport]=F&filter[fp]=1&order_by=ofr_price&filter[tourOperator]=0&filter[childAge][1]=20201210","https://fly.pl/cdn/photo/assets/uploads/582/278/2009/06/Narcia-Resort732.jpg","https://fly.pl/wycieczka/turcja,side,c/narcia-resort/pwhk0x4KLbYRcPps0NoJX_AAogywoi2MMsDu8qRi-QhElyoBleql_vgBzW78-3GSKx6FwqBFZJVFgw17is1AZIhW1QQVh_YAJyPxoAXAoVBBcAWAFAjwNT52tSAFuwGV7mekvtQ2EATIehPCDO55UJDQBR26aM7lhP69EZXZTlpoGtAQINYwECDGKnYNE/ofertasv/?filter[tourOperator]=VITX&filter%5Bperson%5D=2&filter%5BchildAge%5D%5B1%5D=20201210&filter%5Bchild%5D=1","filter_turkey_13_16_days","turcja","side","c","2026-08-29","2026-09-12","15","14","Warszawa","2+1","turcja|side|2026-08-29|2026-09-12|14|Warszawa|2+1"
"Unique Residence Golf Spa","14018.0","06.09.2026 - 21.09.2026","16 dni/14 nocy","4.3","4.3","3245","tripadvisor","Warszawa","2026-08-23T16:14:12.213705+00:00","https://fly.pl/oferta/turcja-wczasy/?filter[dest]=39:&filter[hotelids]=&filter[cityids]=&filter[cregids]=&filter[ofrType]=&filter[addObjType]=H&filter[whenFrom]=23-08-2026&filter[whenTo]=22-09-2026&filter[duration]=13:16&filter[from]=Warszawa,Warszawa%20-%20Radom&filter[person]=2&filter[child]=1&filter[price]=4000:20000&filter[PriceFrom]=4000&filter[PriceTo]=20000&filter[addCategory]=50&filter[addCatering]=0&filter[addMisc]=0&filter[addTransport]=F&filter[fp]=1&order_by=ofr_price&filter[tourOperator]=0&filter[childAge][1]=20201210","https://fly.pl/cdn/photo/assets/uploads/582/278/2020/01/Kusadasi-Golf-Spa-Resort-fly-pl.jpg","https://fly.pl/wycieczka/turcja,kusadasi,c/kusadasi-golf-spa-resort-11/pwnnG0QG2yO_rLWAQcZLQGAAogeOUMh-ARflm8aJ1bx9_sPNEzePA6K1TdX_ACAFXiuCcqBFJOQlcw17is1AZIwm1QQVi_AmACagRCd2NhahcyOTYsMzgwLDQ3Nyw0ODMsNDg0LDQ4NWobNDAyLDQwMyw0MDYsNDE3LDQ3Myw0OTcsNDk5cjifAZ4BlAEVDlgBFwAKnAFArAYRuT8Z_RdS7hVTABDnWkumd2EAD4emQR0xIOrikAkNAAIMYwEDC4ZyWSg/ofertasv/?filter[tourOperator]=RNBW&filter%5Bperson%5D=2&filter%5BchildAge%5D%5B1%5D=20201210&filter%5Bchild%5D=1","filter_turkey_13_16_days","turcja","kusadasi","c","2026-09-06","2026-09-21","16","14","Warszawa","2+1","turcja|kusadasi|2026-09-06|2026-09-21|14|Warszawa|2+1"
"Seher Resort & Spa","14090.0","24.08.2026 - 06.09.2026","14 dni/13 nocy","3.9","3.9","1096","tripadvisor","Warszawa","2026-08-23T16:14:12.213705+00:00","https://fly.pl/oferta/turcja-wczasy/?filter[dest]=39:&filter[hotelids]=&filter[cityids]=&filter[cregids]=&filter[ofrType]=&filter[addObjType]=H&filter[whenFrom]=23-08-2026&filter[whenTo]=22-09-2026&filter[duration]=13:16&filter[from]=Warszawa,Warszawa%20-%20Radom&filter[person]=2&filter[child]=1&filter[price]=4000:20000&filter[PriceFrom]=4000&filter[PriceTo]=20000&filter[addCategory]=50&filter[addCatering]=0&filter[addMisc]=0&filter[addTransport]=F&filter[fp]=1&order_by=ofr_price&filter[tourOperator]=0&filter[childAge][1]=20201210","https://fly.pl/cdn/photo/assets/uploads/582/278/2014/09/Seher-Resort-Spa.jpg","https://fly.pl/wycieczka/turcja,side,colakli/seher-resort/pEYywhC_HVGYY8lvzgFzqHAAogXcx53dq0yLSla8xW35tcgf4pD51008FgSw5Ucb3OO6IqBE9SRVgw17is1AZIim5QQVgHYAJqBldILjIuMXI2mwFcChUDFwBYAlYCEYwCQL4ET9tAXSRSqydTAF6WlAFh7UNLAEzljDog6_uXCQ0AAhJjAQIGf8ELPQ/ofertasv/?filter[tourOperator]=OREX&filter%5Bperson%5D=2&filter%5BchildAge%5D%5B1%5D=20201210&filter%5Bchild%5D=1","filter_turkey_13_16_days","turcja","side","colakli","2026-08-24","2026-09-06","14","13","Warszawa","2+1","turcja|side|2026-08-24|2026-09-06|13|Warszawa|2+1"
"Crystal Paraiso Aqua Collection","14157.0","29.08.2026 - 12.09.2026","15 dni/14 nocy","4.3","4.3","2909","tripadvisor","Warszawa","2026-08-23T16:14:12.213705+00:00","https://fly.pl/oferta/turcja-wczasy/?filter[dest]=39:&filter[hotelids]=&filter[cityids]=&filter[cregids]=&filter[ofrType]=&filter[addObjType]=H&filter[whenFrom]=23-08-2026&filter[whenTo]=22-09-2026&filter[duration]=13:16&filter[from]=Warszawa,Warszawa%20-%20Radom&filter[person]=2&filter[child]=1&filter[price]=4000:20000&filter[PriceFrom]=4000&filter[PriceTo]=20000&filter[addCategory]=50&filter[addCatering]=0&filter[addMisc]=0&filter[addTransport]=F&filter[fp]=1&order_by=ofr_price&filter[tourOperator]=0&filter[childAge][1]=20201210","https://fly.pl/cdn/photo/assets/uploads/582/278/2016/11/Crystal-Paraiso-Verde-Resort.jpg","https://fly.pl/wycieczka/turcja,belek,bogazkent/crystal-paraiso-verde-resort/phGhO5fk7A82y6Q4lZkFp8AAogs29tvjP4rgCmEMGeL3S8thleql_vgBzW78-3GSKx6FwqBFZJVFgw17is1AZIzW5QQVh_YAJyPxoAXAoVBBcAWAFAjwNT52tSAFvYF16-fEvtQ2EATIehPCDO55UJDQBRtKvu7VhPks03XZTlpoGtAQIMYwECCyfB5kY/ofertasv/?filter[tourOperator]=VITX&filter%5Bperson%5D=2&filter%5BchildAge%5D%5B1%5D=20201210&filter%5Bchild%5D=1","filter_turkey_13_16_days","turcja","belek","bogazkent","2026-08-29","2026-09-12","15","14","Warszawa","2+1","turcja|belek|2026-08-29|2026-09-12|14|Warszawa|2+1"
"Club Nena (Side)","14183.0","26.08.2026 - 09.09.2026","15 dni/14 nocy","3.8","3.8","1265","tripadvisor","Warszawa","2026-08-23T16:14:12.213705+00:00","https://fly.pl/oferta/turcja-wczasy/?filter[dest]=39:&filter[hotelids]=&filter[cityids]=&filter[cregids]=&filter[ofrType]=&filter[addObjType]=H&filter[whenFrom]=23-08-2026&filter[whenTo]=22-09-2026&filter[duration]=13:16&filter[from]=Warszawa,Warszawa%20-%20Radom&filter[person]=2&filter[child]=1&filter[price]=4000:20000&filter[PriceFrom]=4000&filter[PriceTo]=20000&filter[addCategory]=50&filter[addCatering]=0&filter[addMisc]=0&filter[addTransport]=F&filter[fp]=1&order_by=ofr_price&filter[tourOperator]=0&filter[childAge][1]=20201210","https://fly.pl/cdn/photo/assets/uploads/582/278/2016/11/Club-Nena-fly-pl.jpg","https://fly.pl/wycieczka/turcja,side,kizilagac/club-nena/p_9oJQAJnROTg2nLuHW35WAAog9gckiTI4udcWAtFHjqnCldL3VM8YdE5qyzfSfFucqkUqBEVDQ1gw17is1AZI525QAVg3YAJqAkFJciAcEc5PuQTk_BWrBGQY6ZUqG6ihQgGMnOThAQIAYwECCNeWKLE/ofertasv/?filter[tourOperator]=ECCX&filter%5Bperson%5D=2&filter%5BchildAge%5D%5B1%5D=20201210&filter%5Bchild%5D=1","filter_turkey_13_16_days","turcja","side","kizilagac","2026-08-26","2026-09-09","15","14","Warszawa","2+1","turcja|side|2026-08-26|2026-09-09|14|Warszawa|2+1"
"Raxeria (Side)","14184.0","08.09.2026 - 21.09.2026","14 dni/13 nocy","","","","","Warszawa","2026-08-23T16:14:12.213705+00:00","https://fly.pl/oferta/turcja-wczasy/?filter[dest]=39:&filter[hotelids]=&filter[cityids]=&filter[cregids]=&filter[ofrType]=&filter[addObjType]=H&filter[whenFrom]=23-08-2026&filter[whenTo]=22-09-2026&filter[duration]=13:16&filter[from]=Warszawa,Warszawa%20-%20Radom&filter[person]=2&filter[child]=1&filter[price]=4000:20000&filter[PriceFrom]=4000&filter[PriceTo]=20000&filter[addCategory]=50&filter[addCatering]=0&filter[addMisc]=0&filter[addTransport]=F&filter[fp]=1&order_by=ofr_price&filter[tourOperator]=0&filter[childAge][1]=20201210","https://datacfstatic.merlinx.pl/OREX/IMG/7209/c1e094227ff7ef51a61f2d414108dc6691305af479bc63eecbb8ada619563c5a.webp","https://fly.pl/wycieczka/turcja,side,kizilot/raxeria-11/pRWxRaQ6hlOHgV8zf_h4jZAAogK0nyvtTvWLu1zdeit4uLAYRXb0S2CkfY7MNA9xXe7tgqBE9SRVgw17is1AZI6G5QQVjvAmACagZKRS4yLjFyNpsBXAoVAxcAWAJWAkDKBhHOMU-ND10kUqsnUwBelpQBYe1DSwBM5Yw6IL_8lwkNAAISYwECDKti75Y/ofertasv/?filter[tourOperator]=OREX&filter%5Bperson%5D=2&filter%5BchildAge%5D%5B1%5D=20201210&filter%5Bchild%5D=1","filter_turkey_13_16_days","turcja","side","kizilot","2026-09-08","2026-09-21","14","13","Warszawa","2+1","turcja|side|2026-09-08|2026-09-21|13|Warszawa|2+1"
"Galeri Resort","14194.0","05.09.2026 - 18.09.2026","14 dni/13 nocy","4.4","4.4","1066","tripadvisor","Warszawa","2026-08-23T16:14:12.213705+00:00","https://fly.pl/oferta/turcja-wczasy/?filter[dest]=39:&filter[hotelids]=&filter[cityids]=&filter[cregids]=&filter[ofrType]=&filter[addObjType]=H&filter[whenFrom]=23-08-2026&filter[whenTo]=22-09-2026&filter[duration]=13:16&filter[from]=Warszawa,Warszawa%20-%20Radom&filter[person]=2&filter[child]=1&filter[price]=4000:20000&filter[PriceFrom]=4000&filter[PriceTo]=20000&filter[addCategory]=50&filter[addCatering]=0&filter[addMisc]=0&filter[addTransport]=F&filter[fp]=1&order_by=ofr_price&filter[tourOperator]=0&filter[childAge][1]=20201210","https://fly.pl/cdn/photo/assets/uploads/582/278/2015/04/GALERI-RESORT-HOTEL.jpg","https://fly.pl/wycieczka/turcja,alanya,okurcalar/galeri-resort/pWs1HdeLfA2sQGqrkguW5gAAogMhKViZtBBfHLbcLQWL0fFQAAAAA6cQQA9m0EAA0AAQAqBFdFWlkw17is1AZI8m5QQVinAmADah1MT1QgUG9saXNoIEFpcmxpbmVzL0VudGVyIEFpcnJDngEfABwBAgAWABcMEucDFYUFE4kCGAoUkAMR3yVPijtMAECcElDnxQFLABuENiDq3g4dxAYN7-3CCQESYwEMYwEDC8_raGc/ofertasv/?filter[tourOperator]=WEZY&filter%5Bperson%5D=2&filter%5BchildAge%5D%5B1%5D=20201210&filter%5Bchild%5D=1","filter_turkey_13_16_days","turcja","alanya","okurcalar","2026-09-05","2026-09-18","14","13","Warszawa","2+1","turcja|alanya|2026-09-05|2026-09-18|13|Warszawa|2+1"
"Selectum Colours Side","14202.0","08.09.2026 - 21.09.2026","14 dni/13 nocy","4.0","4.0","1241","tripadvisor","Warszawa","2026-08-23T16:14:12.213705+00:00","https://fly.pl/oferta/turcja-wczasy/?filter[dest]=39:&filter[hotelids]=&filter[cityids]=&filter[cregids]=&filter[ofrType]=&filter[addObjType]=H&filter[whenFrom]=23-08-2026&filter[whenTo]=22-09-2026&filter[duration]=13:16&filter[from]=Warszawa,Warszawa%20-%20Radom&filter[person]=2&filter[child]=1&filter[price]=4000:20000&filter[PriceFrom]=4000&filter[PriceTo]=20000&filter[addCategory]=50&filter[addCatering]=0&filter[addMisc]=0&filter[addTransport]=F&filter[fp]=1&order_by=ofr_price&filter[tourOperator]=0&filter[childAge][1]=20201210","https://datacfstatic.merlinx.pl/OREX/IMG/5779/7e6360396de02c5442f31d6c0d3b7fe85f7954c8ecb6c757744a46918d739685.webp","https://fly.pl/wycieczka/turcja,side,manavgat/fun-sun-life-side-14/pok14aZ5GFsJRVd70bNt57AAogt3d81pGBiPnr87_OFgtZCIRXb0S2CkfY7MNA9xXe7tgqBE9SRVgw17is1AZI-m5QQVjvAmACagdFQkYuMi4xcjabARUNFwBYAlYCXAhAwgYRuCZPoxpdJFOrJ1IAXpaUAUvtQ2EATOWMOiC__JcJDQACEmMBAgtIh9JP/ofertasv/?filter[tourOperator]=OREX&filter%5Bperson%5D=2&filter%5BchildAge%5D%5B1%5D=20201210&filter%5Bchild%5D=1","filter_turkey_13_16_days","turcja","side","manavgat","2026-09-08","2026-09-21","14","13","Warszawa","2+1","turcja|side|2026-09-08|2026-09-21|13|Warszawa|2+1"
"Washington Resort","14357.0","29.08.2026 - 12.09.2026","15 dni/14 nocy","4.1","4.1","876","tripadvisor","Warszawa","2026-08-23T16:14:12.213705+00:00","https://fly.pl/oferta/turcja-wczasy/?filter[dest]=39:&filter[hotelids]=&filter[cityids]=&filter[cregids]=&filter[ofrType]=&filter[addObjType]=H&filter[whenFrom]=23-08-2026&filter[whenTo]=22-09-2026&filter[duration]=13:16&filter[from]=Warszawa,Warszawa%20-%20Radom&filter[person]=2&filter[child]=1&filter[price]=4000:20000&filter[PriceFrom]=4000&filter[PriceTo]=20000&filter[addCategory]=50&filter[addCatering]=0&filter[addMisc]=0&filter[addTransport]=F&filter[fp]=1&order_by=ofr_price&filter[tourOperator]=0&filter[childAge][1]=20201210","https://fly.pl/cdn/photo/assets/uploads/582/278/2015/04/Washington-Resort.jpg","https://fly.pl/wycieczka/turcja,side,kizilagac/aska-washington-resort/pECFV0TJvQQ-C_fGXpevdkAAogr7VpRmWvV-KCnRuEap7eOBleql_vgBzW78-3GSKx6FwqBFZJVFgw17is1AZIlXBQQVh_YAJyPRoAXAoVBBcAWAFAjwNT52tSAFuYHF7-d0vtQ2EATIehPCDO55UJDQBRz_el7lhPd12U5aaBrQECDGMBAguX0blr/ofertasv/?filter[tourOperator]=VITX&filter%5Bperson%5D=2&filter%5BchildAge%5D%5B1%5D=20201210&filter%5Bchild%5D=1","filter_turkey_13_16_days","turcja","side","kizilagac","2026-08-29","2026-09-12","15","14","Warszawa","2+1","turcja|side|2026-08-29|2026-09-12|14|Warszawa|2+1"
"Sensitive Premium Resort & Spa","14357.0","26.08.2026 - 09.09.2026","15 dni/14 nocy","3.8","3.8","1367","tripadvisor","Warszawa","2026-08-23T16:14:12.213705+00:00","https://fly.pl/oferta/turcja-wczasy/?filter[dest]=39:&filter[hotelids]=&filter[cityids]=&filter[cregids]=&filter[ofrType]=&filter[addObjType]=H&filter[whenFrom]=23-08-2026&filter[whenTo]=22-09-2026&filter[duration]=13:16&filter[from]=Warszawa,Warszawa%20-%20Radom&filter[person]=2&filter[child]=1&filter[price]=4000:20000&filter[PriceFrom]=4000&filter[PriceTo]=20000&filter[addCategory]=50&filter[addCatering]=0&filter[addMisc]=0&filter[addTransport]=F&filter[fp]=1&order_by=ofr_price&filter[tourOperator]=0&filter[childAge][1]=20201210","https://fly.pl/cdn/photo/assets/uploads/582/278/2016/04/Sensitive-Premium-Resort-Spa-fly-pl-2.jpg","https://fly.pl/wycieczka/turcja,belek,bogazkent/sensitive-premium-resort-spa/pn7hjIMAreNB5_375b5a3uAAogxl5bCc9I4kLhCC_yS860BdE9XKY2U4OiWKIw7pnyKDQqBFZJVFgw17is1AZIlXBQQVg3YAJyPxoAXAoVBBcAWAFAjwNT52tSAFvYF16-fEvtQ2EATMi0OSCK1JgJDQBR3uya7lhP6YsLXZTlpoGtAQIMYwECC2XxvsQ/ofertasv/?filter[tourOperator]=VITX&filter%5Bperson%5D=2&filter%5BchildAge%5D%5B1%5D=20201210&filter%5Bchild%5D=1","filter_turkey_13_16_days","turcja","belek","bogazkent","2026-08-26","2026-09-09","15","14","Warszawa","2+1","turcja|belek|2026-08-26|2026-09-09|14|Warszawa|2+1"
"Asteria Ephesus Kusadasi","14436.0","02.09.2026 - 16.09.2026","15 dni/14 nocy","4.0","4.0","2599","tripadvisor","Warszawa","2026-08-23T16:14:12.213705+00:00","https://fly.pl/oferta/turcja-wczasy/?filter[dest]=39:&filter[hotelids]=&filter[cityids]=&filter[cregids]=&filter[ofrType]=&filter[addObjType]=H&filter[whenFrom]=23-08-2026&filter[whenTo]=22-09-2026&filter[duration]=13:16&filter[from]=Warszawa,Warszawa%20-%20Radom&filter[person]=2&filter[child]=1&filter[price]=4000:20000&filter[PriceFrom]=4000&filter[PriceTo]=20000&filter[addCategory]=50&filter[addCatering]=0&filter[addMisc]=0&filter[addTransport]=F&filter[fp]=1&order_by=ofr_price&filter[tourOperator]=0&filter[childAge][1]=20201210","https://fly.pl/cdn/photo/assets/uploads/582/278/2015/12/Labranda-Ephesus-Princess.jpg","https://fly.pl/wycieczka/turcja,kusadasi,bayraklidede/ephesus-princess/pG1OT4Lb4TMhcK1hFLoK1kAAog-Lv4_AmyY6xluz_battTyRysn905121djc9gnSf9TGkqBE9SRVgw17is1AZI5HBQQVjfAWACagdNT0cuMi4xcjabAVwKFQQXAFgBVgJAygYRqTJP0iJdJFKBGVMAXqCOAWHtQ0sATOWMOiC5_JcJDQACEmMBAgs-dQrQ/ofertasv/?filter[tourOperator]=OREX&filter%5Bperson%5D=2&filter%5BchildAge%5D%5B1%5D=20201210&filter%5Bchild%5D=1","filter_turkey_13_16_days","turcja","kusadasi","bayraklidede","2026-09-02","2026-09-16","15","14","Warszawa","2+1","turcja|kusadasi|2026-09-02|2026-09-16|14|Warszawa|2+1"
"Water Side Resort & Spa","14459.0","05.09.2026 - 18.09.2026","14 dni/13 nocy","4.0","4.0","1580","tripadvisor","Warszawa","2026-08-23T16:14:12.213705+00:00","https://fly.pl/oferta/turcja-wczasy/?filter[dest]=39:&filter[hotelids]=&filter[cityids]=&filter[cregids]=&filter[ofrType]=&filter[addObjType]=H&filter[whenFrom]=23-08-2026&filter[whenTo]=22-09-2026&filter[duration]=13:16&filter[from]=Warszawa,Warszawa%20-%20Radom&filter[person]=2&filter[child]=1&filter[price]=4000:20000&filter[PriceFrom]=4000&filter[PriceTo]=20000&filter[addCategory]=50&filter[addCatering]=0&filter[addMisc]=0&filter[addTransport]=F&filter[fp]=1&order_by=ofr_price&filter[tourOperator]=0&filter[childAge][1]=20201210","https://fly.pl/cdn/photo/assets/uploads/582/278/2015/04/Water-Side-Resort-Spa.jpg","https://fly.pl/wycieczka/turcja,side,c/water-side-resort-spa/p8uVyn9R8asORBtqFM72gzAAogY9URea445hNRTg_9C6GoFwAAAAA6cQQA9m0EAA0AAAAqBFdFWlkw17is1AZI-3BQQVinAmADah1MT1QgUG9saXNoIEFpcmxpbmVzL0VudGVyIEFpcnJEngEfABwBAgAWABcMEucDFYUFE4kCGAoUkAMRkFRP2QxMAECcElDnxQFLABuQkgMg3oIMHcQGDe_twgkBEmMBDWMBAwxkeA1k/ofertasv/?filter[tourOperator]=WEZY&filter%5Bperson%5D=2&filter%5BchildAge%5D%5B1%5D=20201210&filter%5Bchild%5D=1","filter_turkey_13_16_days","turcja","side","c","2026-09-05","2026-09-18","14","13","Warszawa","2+1","turcja|side|2026-09-05|2026-09-18|13|Warszawa|2+1"
"Aydinbey Gold Dreams","14554.0","05.09.2026 - 19.09.2026","15 dni/14 nocy","4.3","4.3","1770","tripadvisor","Warszawa","2026-08-23T16:14:12.213705+00:00","https://fly.pl/oferta/turcja-wczasy/?filter[dest]=39:&filter[hotelids]=&filter[cityids]=&filter[cregids]=&filter[ofrType]=&filter[addObjType]=H&filter[whenFrom]=23-08-2026&filter[whenTo]=22-09-2026&filter[duration]=13:16&filter[from]=Warszawa,Warszawa%20-%20Radom&filter[person]=2&filter[child]=1&filter[price]=4000:20000&filter[PriceFrom]=4000&filter[PriceTo]=20000&filter[addCategory]=50&filter[addCatering]=0&filter[addMisc]=0&filter[addTransport]=F&filter[fp]=1&order_by=ofr_price&filter[tourOperator]=0&filter[childAge][1]=20201210","https://fly.pl/cdn/photo/assets/uploads/582/278/2014/09/Aydinbey-Gold-Dreams.jpg","https://fly.pl/wycieczka/turcja,alanya,turkler/aydinbey-gold-dreams/puypsTOMftcJgwoL-yvbi5AAog5tPC6FQONEAVETRM08GbyVqgFapzyws-iSDqUWdhuTQqBFJOQlcw17is1AZI2nFQQVinAmACagRDQWdRahcyOTYsMzgwLDQ3Nyw0ODMsNDg0LDQ4NWobNDAyLDQwMyw0MDYsNDE3LDQ3Myw0OTcsNDk5cjifAZ4BlAEVDhcAWAEKFkCyBxGkLRmWKlL0D1MAENUPS67IAWEAHZqVQQ8vINjzkAkNAAINYwECDM3f-oc/ofertasv/?filter[tourOperator]=RNBW&filter%5Bperson%5D=2&filter%5BchildAge%5D%5B1%5D=20201210&filter%5Bchild%5D=1","filter_turkey_13_16_days","turcja","alanya","turkler","2026-09-05","2026-09-19","15","14","Warszawa","2+1","turcja|alanya|2026-09-05|2026-09-19|14|Warszawa|2+1"
"Mandarin Resort (Bodrum)","14555.0","06.09.2026 - 21.09.2026","16 dni/14 nocy","3.6","3.6","855","tripadvisor","Warszawa","2026-08-23T16:14:12.213705+00:00","https://fly.pl/oferta/turcja-wczasy/?filter[dest]=39:&filter[hotelids]=&filter[cityids]=&filter[cregids]=&filter[ofrType]=&filter[addObjType]=H&filter[whenFrom]=23-08-2026&filter[whenTo]=22-09-2026&filter[duration]=13:16&filter[from]=Warszawa,Warszawa%20-%20Radom&filter[person]=2&filter[child]=1&filter[price]=4000:20000&filter[PriceFrom]=4000&filter[PriceTo]=20000&filter[addCategory]=50&filter[addCatering]=0&filter[addMisc]=0&filter[addTransport]=F&filter[fp]=1&order_by=ofr_price&filter[tourOperator]=0&filter[childAge][1]=20201210","https://fly.pl/cdn/photo/assets/uploads/582/278/2015/04/Mandarin2.jpg","https://fly.pl/wycieczka/turcja,bodrum,c/mandarin-resort-bodrum/pdZMLo0gM4OLZRRFRoxCgMAAogT0rVWi824jEBaWZKKpqCc9EzePA6K1TdX_ACAFXiuCcqBFJOQlcw17is1AZI23FQQVi_AmACagRDQWdKahcyOTYsMzgwLDQ3Nyw0ODMsNDg0LDQ4NWobNDAyLDQwMyw0MDYsNDE3LDQ3Myw0OTcsNDk5cjifAZ4BlAEVDlgBFwAKGECwBxGMHhCcIxmOFlLuFVMAS43SAWEAD4emQR0xIOrikAkNAAINYwECBlnje9Y/ofertasv/?filter[tourOperator]=RNBW&filter%5Bperson%5D=2&filter%5BchildAge%5D%5B1%5D=20201210&filter%5Bchild%5D=1","filter_turkey_13_16_days","turcja","bodrum","c","2026-09-06","2026-09-21","16","14","Warszawa","2+1","turcja|bodrum|2026-09-06|2026-09-21|14|Warszawa|2+1"
"Crystal Aura Aqua Collection","14557.0","29.08.2026 - 12.09.2026","15 dni/14 nocy","4.4","4.4","2713","tripadvisor","Warszawa","2026-08-23T16:14:12.213705+00:00","https://fly.pl/oferta/turcja-wczasy/?filter[dest]=39:&filter[hotelids]=&filter[cityids]=&filter[cregids]=&filter[ofrType]=&filter[addObjType]=H&filter[whenFrom]=23-08-2026&filter[whenTo]=22-09-2026&filter[duration]=13:16&filter[from]=Warszawa,Warszawa%20-%20Radom&filter[person]=2&filter[child]=1&filter[price]=4000:20000&filter[PriceFrom]=4000&filter[PriceTo]=20000&filter[addCategory]=50&filter[addCatering]=0&filter[addMisc]=0&filter[addTransport]=F&filter[fp]=1&order_by=ofr_price&filter[tourOperator]=0&filter[childAge][1]=20201210","https://fly.pl/cdn/photo/assets/uploads/582/278/2014/10/Crystal-Aura-Beach-Resort-fly-pl.jpg","https://fly.pl/wycieczka/turcja,kemer,c/crystal-aura-beach-resort/pTfCAEK31hCOWp8C4ao7wNAAogXLvwdwRItV5MP_U3JGkcYRleql_vgBzW78-3GSKx6FwqBFZJVFgw17is1AZI3XFQQVh_YAJyPxoAXAoVBBcAWAFAjwNT52tSAFvYF16-fEvtQ2EATIehPCDO55UJDQBRpavu7VhPoc03XZTlpoGtAQIMYwECC1zI2_c/ofertasv/?filter[tourOperator]=VITX&filter%5Bperson%5D=2&filter%5BchildAge%5D%5B1%5D=20201210&filter%5Bchild%5D=1","filter_turkey_13_16_days","turcja","kemer","c","2026-08-29","2026-09-12","15","14","Warszawa","2+1","turcja|kemer|2026-08-29|2026-09-12|14|Warszawa|2+1"
"Jadore Deluxe","14557.0","29.08.2026 - 12.09.2026","15 dni/14 nocy","4.0","4.0","1808","tripadvisor","Warszawa","2026-08-23T16:14:12.213705+00:00","https://fly.pl/oferta/turcja-wczasy/?filter[dest]=39:&filter[hotelids]=&filter[cityids]=&filter[cregids]=&filter[ofrType]=&filter[addObjType]=H&filter[whenFrom]=23-08-2026&filter[whenTo]=22-09-2026&filter[duration]=13:16&filter[from]=Warszawa,Warszawa%20-%20Radom&filter[person]=2&filter[child]=1&filter[price]=4000:20000&filter[PriceFrom]=4000&filter[PriceTo]=20000&filter[addCategory]=50&filter[addCatering]=0&filter[addMisc]=0&filter[addTransport]=F&filter[fp]=1&order_by=ofr_price&filter[tourOperator]=0&filter[childAge][1]=20201210","https://fly.pl/cdn/photo/assets/uploads/582/278/2015/10/Jadore-Deluxe.jpg","https://fly.pl/wycieczka/turcja,side,c/jadore-deluxe-hotel-spa/pCiv2iSuxpkk6XvZmyUtCbAAog2vB5VVDCY7uXdqgtTbQDvhleql_vgBzW78-3GSKx6FwqBFZJVFgw17is1AZI3XFQQVh_YAJyPxoAXAoVBBcAWAFAjwNT52tSAFuwGV7mekvtQ2EATIehPCDO55UJDQBR7_CA7lhP14clXZTlpoGtAQIMYwECCwonzXc/ofertasv/?filter[tourOperator]=VITX&filter%5Bperson%5D=2&filter%5BchildAge%5D%5B1%5D=20201210&filter%5Bchild%5D=1","filter_turkey_13_16_days","turcja","side","c","2026-08-29","2026-09-12","15","14","Warszawa","2+1","turcja|side|2026-08-29|2026-09-12|14|Warszawa|2+1"
"Orange County Alanya","14589.0","08.09.2026 - 21.09.2026","14 dni/13 nocy","3.8","3.8","2425","tripadvisor","Warszawa","2026-08-23T16:14:12.213705+00:00","https://fly.pl/oferta/turcja-wczasy/?filter[dest]=39:&filter[hotelids]=&filter[cityids]=&filter[cregids]=&filter[ofrType]=&filter[addObjType]=H&filter[whenFrom]=23-08-2026&filter[whenTo]=22-09-2026&filter[duration]=13:16&filter[from]=Warszawa,Warszawa%20-%20Radom&filter[person]=2&filter[child]=1&filter[price]=4000:20000&filter[PriceFrom]=4000&filter[PriceTo]=20000&filter[addCategory]=50&filter[addCatering]=0&filter[addMisc]=0&filter[addTransport]=F&filter[fp]=1&order_by=ofr_price&filter[tourOperator]=0&filter[childAge][1]=20201210","https://fly.pl/cdn/photo/assets/uploads/582/278/2015/12/Orange-County-Resort-Alanya.jpg","https://fly.pl/wycieczka/turcja,alanya,okurcalar/orange-county-resort-alanya/pu-Ic2Xmm-8PKz8XuHE5CvAAogjiSNmMGHhemMyDwNJFDmHIRXb0S2CkfY7MNA9xXe7tgqBE9SRVgw17is1AZI_XFQQVjvAmACagdMNjIuMi4xcjabARUNFwBYAlYCXAgR2wJA5wNP20BdJFOrJ1IAXpaUAUvtQ2EATOWMOiC__JcJDQACEmMBAguhA1Nh/ofertasv/?filter[tourOperator]=OREX&filter%5Bperson%5D=2&filter%5BchildAge%5D%5B1%5D=20201210&filter%5Bchild%5D=1","filter_turkey_13_16_days","turcja","alanya","okurcalar","2026-09-08","2026-09-21","14","13","Warszawa","2+1","turcja|alanya|2026-09-08|2026-09-21|13|Warszawa|2+1"
"Innvista Belek (ex. Vera Verde)","14612.0","09.09.2026 - 22.09.2026","14 dni/13 nocy","4.5","4.5","2897","tripadvisor","Warszawa","2026-08-23T16:14:12.213705+00:00","https://fly.pl/oferta/turcja-wczasy/?filter[dest]=39:&filter[hotelids]=&filter[cityids]=&filter[cregids]=&filter[ofrType]=&filter[addObjType]=H&filter[whenFrom]=23-08-2026&filter[whenTo]=22-09-2026&filter[duration]=13:16&filter[from]=Warszawa,Warszawa%20-%20Radom&filter[person]=2&filter[child]=1&filter[price]=4000:20000&filter[PriceFrom]=4000&filter[PriceTo]=20000&filter[addCategory]=50&filter[addCatering]=0&filter[addMisc]=0&filter[addTransport]=F&filter[fp]=1&order_by=ofr_price&filter[tourOperator]=0&filter[childAge][1]=20201210","https://fly.pl/cdn/photo/assets/uploads/582/278/2014/09/Innvista-Belek-ex.-Vera-Verde-fly-pl.jpg","https://fly.pl/wycieczka/turcja,belek,c/vera-verde-ex-innova/p8jNDgCcrVCCMTqtqFibOkAAogiq95dOhzXZEWWgSHJS73LCGzm71fuxsMU5q28Om4PE0qBE9SRVgw17is1AZIlHJQQViHA2ACagVFLjIuMXI2mwEVDRcAWAJWAlwIEc4BQPQET9tAXSRTqydSAF6WlAFL7UNhAEzljDogwPyXCQ0AAhJjAQILlS-DMw/ofertasv/?filter[tourOperator]=OREX&filter%5Bperson%5D=2&filter%5BchildAge%5D%5B1%5D=20201210&filter%5Bchild%5D=1","filter_turkey_13_16_days","turcja","belek","c","2026-09-09","2026-09-22","14","13","Warszawa","2+1","turcja|belek|2026-09-09|2026-09-22|13|Warszawa|2+1"
"Seher Sun Palace Resort & Spa","14620.0","29.08.2026 - 11.09.2026","14 dni/13 nocy","4.3","4.3","1429","tripadvisor","Warszawa","2026-08-23T16:14:12.213705+00:00","https://fly.pl/oferta/turcja-wczasy/?filter[dest]=39:&filter[hotelids]=&filter[cityids]=&filter[cregids]=&filter[ofrType]=&filter[addObjType]=H&filter[whenFrom]=23-08-2026&filter[whenTo]=22-09-2026&filter[duration]=13:16&filter[from]=Warszawa,Warszawa%20-%20Radom&filter[person]=2&filter[child]=1&filter[price]=4000:20000&filter[PriceFrom]=4000&filter[PriceTo]=20000&filter[addCategory]=50&filter[addCatering]=0&filter[addMisc]=0&filter[addTransport]=F&filter[fp]=1&order_by=ofr_price&filter[tourOperator]=0&filter[childAge][1]=20201210","https://fly.pl/cdn/photo/assets/uploads/582/278/2014/09/Seher-Sun-Palace.jpg","https://fly.pl/wycieczka/turcja,side,colakli/seher-sun-palace-resort-spa/p5jMtK1EylLmbBBnoX1qVoAAog8pyJ7BZesoS3LNRQ6bfkASoNWmvQEEHUw3gEnJaiGJ0qBEJWQkUw17is1AZInHJQAVh_YAJqAkFJciEcEZTZARuNhj8Yq8sTuQS4mSWrBBMBiaO8sAMCAGMBAwb6AAGR/ofertasv/?filter[tourOperator]=BVBE&filter%5Bperson%5D=2&filter%5BchildAge%5D%5B1%5D=20201210&filter%5Bchild%5D=1","filter_turkey_13_16_days","turcja","side","colakli","2026-08-29","2026-09-11","14","13","Warszawa","2+1","turcja|side|2026-08-29|2026-09-11|13|Warszawa|2+1"
"Justiniano Deluxe Resort","14646.0","05.09.2026 - 18.09.2026","14 dni/13 nocy","4.0","4.0","618","tripadvisor","Warszawa","2026-08-23T16:14:12.213705+00:00","https://fly.pl/oferta/turcja-wczasy/?filter[dest]=39:&filter[hotelids]=&filter[cityids]=&filter[cregids]=&filter[ofrType]=&filter[addObjType]=H&filter[whenFrom]=23-08-2026&filter[whenTo]=22-09-2026&filter[duration]=13:16&filter[from]=Warszawa,Warszawa%20-%20Radom&filter[person]=2&filter[child]=1&filter[price]=4000:20000&filter[PriceFrom]=4000&filter[PriceTo]=20000&filter[addCategory]=50&filter[addCatering]=0&filter[addMisc]=0&filter[addTransport]=F&filter[fp]=1&order_by=ofr_price&filter[tourOperator]=0&filter[childAge][1]=20201210","https://fly.pl/cdn/photo/assets/uploads/582/278/2015/03/Justiniano-De-Luxe-Resort.jpg","https://fly.pl/wycieczka/turcja,alanya,okurcalar/justiniano-de-luxe-resort/ppJ0Eor46oB--YQq-3nBaCAAogZIlOpRZ019WIlmfxSz9ulwAAAAA6cQQA9m0EAA0ADQAqBFdFWlkw17is1AZItnJQQVinAmADah1MT1QgUG9saXNoIEFpcmxpbmVzL0VudGVyIEFpcnJDngEfABwBAgAWABcMEucDFYUFE4kCGAoUkAMRjDJP3S5MAECcElDnxQFLABuvcCC_pA4dxAYN7-3CCQESYwEMYwECBjPWe-c/ofertasv/?filter[tourOperator]=WEZY&filter%5Bperson%5D=2&filter%5BchildAge%5D%5B1%5D=20201210&filter%5Bchild%5D=1","filter_turkey_13_16_days","turcja","alanya","okurcalar","2026-09-05","2026-09-18","14","13","Warszawa","2+1","turcja|alanya|2026-09-05|2026-09-18|13|Warszawa|2+1"
"Ozkaymak Falez","14671.0","02.09.2026 - 15.09.2026","14 dni/13 nocy","2.6","2.6","720","tripadvisor","Warszawa","2026-08-23T16:14:12.213705+00:00","https://fly.pl/oferta/turcja-wczasy/?filter[dest]=39:&filter[hotelids]=&filter[cityids]=&filter[cregids]=&filter[ofrType]=&filter[addObjType]=H&filter[whenFrom]=23-08-2026&filter[whenTo]=22-09-2026&filter[duration]=13:16&filter[from]=Warszawa,Warszawa%20-%20Radom&filter[person]=2&filter[child]=1&filter[price]=4000:20000&filter[PriceFrom]=4000&filter[PriceTo]=20000&filter[addCategory]=50&filter[addCatering]=0&filter[addMisc]=0&filter[addTransport]=F&filter[fp]=1&order_by=ofr_price&filter[tourOperator]=0&filter[childAge][1]=20201210","https://datacfstatic.merlinx.pl/JOIP/IMG/31685/e414b7d3a786f22678f4cd3d05e4a87e93f48cf04e9bee8d4185384208abf125.webp","https://fly.pl/wycieczka/turcja,alanya,c/ozkaymak-falez/pNgtitrXb8Ph_XlzpF48wJAAogD28gUGMqaKdnGbZusNdz4IxtbRoMK1STPGKCliROdUYqBEpPSVAw17is1AZIz3JQQVjfAWACagMxMnByQpsBFAFcCRUDFwBYAlYCT5UBXQBAtQVSqmhTABHAiAFe1gtL7UNhAEzljDoNufyXCSAAAbTczKCFicycMAINYwECCVJGMq0/ofertasv/?filter[tourOperator]=JOIP&filter%5Bperson%5D=2&filter%5BchildAge%5D%5B1%5D=20201210&filter%5Bchild%5D=1","filter_turkey_13_16_days","turcja","alanya","c","2026-09-02","2026-09-15","14","13","Warszawa","2+1","turcja|alanya|2026-09-02|2026-09-15|13|Warszawa|2+1"
"Justiniano Club Park Conti","14678.0","05.09.2026 - 18.09.2026","14 dni/13 nocy","4.2","4.2","1789","tripadvisor","Warszawa","2026-08-23T16:14:12.213705+00:00","https://fly.pl/oferta/turcja-wczasy/?filter[dest]=39:&filter[hotelids]=&filter[cityids]=&filter[cregids]=&filter[ofrType]=&filter[addObjType]=H&filter[whenFrom]=23-08-2026&filter[whenTo]=22-09-2026&filter[duration]=13:16&filter[from]=Warszawa,Warszawa%20-%20Radom&filter[person]=2&filter[child]=1&filter[price]=4000:20000&filter[PriceFrom]=4000&filter[PriceTo]=20000&filter[addCategory]=50&filter[addCatering]=0&filter[addMisc]=0&filter[addTransport]=F&filter[fp]=1&order_by=ofr_price&filter[tourOperator]=0&filter[childAge][1]=20201210","https://fly.pl/cdn/photo/assets/uploads/582/278/2014/10/Justiniano-Club-Park-Conti.jpg","https://fly.pl/wycieczka/turcja,alanya,okurcalar/justiniano-club-park-conti/peFxbhKV57Y7ddoHtT21X8AAogEDo1FVxZ3kAXrcat8RfHrgAAAAA6cQQA9m0EAA0AAQAqBFdFWlkw2ris1AZI1nJQQVinAmADah1MT1QgUG9saXNoIEFpcmxpbmVzL0VudGVyIEFpcnJDngEfABwBAgAWABcMEucDEfkBFYwDE4kCGAoUkANP6WBMAECcElDnxQFLABvGNyCo3Q4dxAYN7-3CCQESYwEMYwECBqaGDV4/ofertasv/?filter[tourOperator]=WEZY&filter%5Bperson%5D=2&filter%5BchildAge%5D%5B1%5D=20201210&filter%5Bchild%5D=1","filter_turkey_13_16_days","turcja","alanya","okurcalar","2026-09-05","2026-09-18","14","13","Warszawa","2+1","turcja|alanya|2026-09-05|2026-09-18|13|Warszawa|2+1"
"Andriake Beach Club","14697.0","31.08.2026 - 13.09.2026","14 dni/13 nocy","4.3","4.3","739","tripadvisor","Warszawa","2026-08-23T16:14:12.213705+00:00","https://fly.pl/oferta/turcja-wczasy/?filter[dest]=39:&filter[hotelids]=&filter[cityids]=&filter[cregids]=&filter[ofrType]=&filter[addObjType]=H&filter[whenFrom]=23-08-2026&filter[whenTo]=22-09-2026&filter[duration]=13:16&filter[from]=Warszawa,Warszawa%20-%20Radom&filter[person]=2&filter[child]=1&filter[price]=4000:20000&filter[PriceFrom]=4000&filter[PriceTo]=20000&filter[addCategory]=50&filter[addCatering]=0&filter[addMisc]=0&filter[addTransport]=F&filter[fp]=1&order_by=ofr_price&filter[tourOperator]=0&filter[childAge][1]=20201210","https://fly.pl/cdn/photo/assets/uploads/582/278/2019/09/Andriake-Beach-Club-fly-pl-2.jpg","https://fly.pl/wycieczka/turcja,alanya,c/andriake-beach-club-14/pgcdFQivQDWvCWDf9kUvN0AAoggcQtJgexscYqmavpUZORrvO6792qXr7vIATd4bqVIfYqBE9SRVgw2ris1AZI6XJQQVivAWACagdHWk4uMi4xcjabAVwKFQMXAFgCVgJAygYRyzFPkA9dJFKrJ1MAXpaUAWHtQ0sATOWMOiDy-5cJDQACEmMBAgawzIAy/ofertasv/?filter[tourOperator]=OREX&filter%5Bperson%5D=2&filter%5BchildAge%5D%5B1%5D=20201210&filter%5Bchild%5D=1","filter_turkey_13_16_days","turcja","alanya","c","2026-08-31","2026-09-13","14","13","Warszawa","2+1","turcja|alanya|2026-08-31|2026-09-13|13|Warszawa|2+1"
"Armas Life Belek","14706.0","01.09.2026 - 14.09.2026","14 dni/13 nocy","4.4","4.4","2009","tripadvisor","Warszawa","2026-08-23T16:14:12.213705+00:00","https://fly.pl/oferta/turcja-wczasy/?filter[dest]=39:&filter[hotelids]=&filter[cityids]=&filter[cregids]=&filter[ofrType]=&filter[addObjType]=H&filter[whenFrom]=23-08-2026&filter[whenTo]=22-09-2026&filter[duration]=13:16&filter[from]=Warszawa,Warszawa%20-%20Radom&filter[person]=2&filter[child]=1&filter[price]=4000:20000&filter[PriceFrom]=4000&filter[PriceTo]=20000&filter[addCategory]=50&filter[addCatering]=0&filter[addMisc]=0&filter[addTransport]=F&filter[fp]=1&order_by=ofr_price&filter[tourOperator]=0&filter[childAge][1]=20201210","https://datacfstatic.merlinx.pl/OREX/IMG/5771/00ca85648381dbf274d7a506f07e272f512a3bc9b3c30afc7a9406dd7210cc72.webp","https://fly.pl/wycieczka/turcja,belek,bogazkent/tui-day-night-connected-club-life-belek/ptrggwXlqaj8b9Iy03hyySAAog0Vf0Qjf2M4KMSAC5CQz3BmH-9WFY2kVMCzoTvlM5mjwqBE9SRVgw2ris1AZI8nJQQVjHAWACagdKTE0uMi4xcjabARUNFwBYAlYCXAhAwgYRsCZPqxpdJFOrJ1IAXpaUAUvtQ2EATOWMOiC4_JcJDQACEmMBAgvKsDWi/ofertasv/?filter[tourOperator]=OREX&filter%5Bperson%5D=2&filter%5BchildAge%5D%5B1%5D=20201210&filter%5Bchild%5D=1","filter_turkey_13_16_days","turcja","belek","bogazkent","2026-09-01","2026-09-14","14","13","Warszawa","2+1","turcja|belek|2026-09-01|2026-09-14|13|Warszawa|2+1"
"Alarcha","14757.0","26.08.2026 - 09.09.2026","15 dni/14 nocy","4.2","4.2","708","tripadvisor","Warszawa","2026-08-23T16:14:12.213705+00:00","https://fly.pl/oferta/turcja-wczasy/?filter[dest]=39:&filter[hotelids]=&filter[cityids]=&filter[cregids]=&filter[ofrType]=&filter[addObjType]=H&filter[whenFrom]=23-08-2026&filter[whenTo]=22-09-2026&filter[duration]=13:16&filter[from]=Warszawa,Warszawa%20-%20Radom&filter[person]=2&filter[child]=1&filter[price]=4000:20000&filter[PriceFrom]=4000&filter[PriceTo]=20000&filter[addCategory]=50&filter[addCatering]=0&filter[addMisc]=0&filter[addTransport]=F&filter[fp]=1&order_by=ofr_price&filter[tourOperator]=0&filter[childAge][1]=20201210","https://fly.pl/cdn/photo/assets/uploads/582/278/2022/03/Alarcha-fly-pl.jpg","https://fly.pl/wycieczka/turcja,side,manavgat/alarcha-13/pPAsNNgFxDxXISn6KX2Q_DAAogyKntwnOik75VNkc0g2ttj9E9XKY2U4OiWKIw7pnyKDQqBFZJVFgw2ris1AZIpXNQQVg3YAJyPxoAXAoVBBcAWAFAjwNT52tSAFuYHF7-d0vtQ2EATMi0OSCK1JgJDQBRt4_o7VhPkOk9XZTlpoGtAQIMYwECC0Uk1C0/ofertasv/?filter[tourOperator]=VITX&filter%5Bperson%5D=2&filter%5BchildAge%5D%5B1%5D=20201210&filter%5Bchild%5D=1","filter_turkey_13_16_days","turcja","side","manavgat","2026-08-26","2026-09-09","15","14","Warszawa","2+1","turcja|side|2026-08-26|2026-09-09|14|Warszawa|2+1"
"M. C. Arancia Resort","14817.0","26.08.2026 - 09.09.2026","15 dni/14 nocy","3.7","3.7","2773","tripadvisor","Warszawa - Radom","2026-08-23T16:14:12.213705+00:00","https://fly.pl/oferta/turcja-wczasy/?filter[dest]=39:&filter[hotelids]=&filter[cityids]=&filter[cregids]=&filter[ofrType]=&filter[addObjType]=H&filter[whenFrom]=23-08-2026&filter[whenTo]=22-09-2026&filter[duration]=13:16&filter[from]=Warszawa,Warszawa%20-%20Radom&filter[person]=2&filter[child]=1&filter[price]=4000:20000&filter[PriceFrom]=4000&filter[PriceTo]=20000&filter[addCategory]=50&filter[addCatering]=0&filter[addMisc]=0&filter[addTransport]=F&filter[fp]=1&order_by=ofr_price&filter[tourOperator]=0&filter[childAge][1]=20201210","https://fly.pl/cdn/photo/assets/uploads/582/278/2015/04/M.-C.-Arancia-Resort-fly-pl.jpg","https://fly.pl/wycieczka/turcja,alanya,konakli/m-c-arancia-resort/pZeXKQr0vxGi1CeyE5PAQbAAogK7mdbYPxKLwLgrtcVFjl-AAAAADnagQA-2oEAA4AAAAqBFdFWlkw2ris1AZI4XNQQVg3YANqCUVudGVyIEFpcnJBngEfABwBAgAWABcNEt4DESAVzQgY5gETPBSQA0_6XEwAQJwSUPuTAUsAG41jHb7dDiAUDd_5wgkBEmMBDGMBAwvm3jIJ/ofertasv/?filter[tourOperator]=WEZY&filter%5Bperson%5D=2&filter%5BchildAge%5D%5B1%5D=20201210&filter%5Bchild%5D=1","filter_turkey_13_16_days","turcja","alanya","konakli","2026-08-26","2026-09-09","15","14","Warszawa - Radom","2+1","turcja|alanya|2026-08-26|2026-09-09|14|Warszawa - Radom|2+1"
"Lucida Beach (ex.Novia Lucida)","14864.0","09.09.2026 - 22.09.2026","14 dni/13 nocy","4.1","4.1","647","tripadvisor","Warszawa","2026-08-23T16:14:12.213705+00:00","https://fly.pl/oferta/turcja-wczasy/?filter[dest]=39:&filter[hotelids]=&filter[cityids]=&filter[cregids]=&filter[ofrType]=&filter[addObjType]=H&filter[whenFrom]=23-08-2026&filter[whenTo]=22-09-2026&filter[duration]=13:16&filter[from]=Warszawa,Warszawa%20-%20Radom&filter[person]=2&filter[child]=1&filter[price]=4000:20000&filter[PriceFrom]=4000&filter[PriceTo]=20000&filter[addCategory]=50&filter[addCatering]=0&filter[addMisc]=0&filter[addTransport]=F&filter[fp]=1&order_by=ofr_price&filter[tourOperator]=0&filter[childAge][1]=20201210","https://fly.pl/cdn/photo/assets/uploads/582/278/2015/04/Lucida-Beach.jpg","https://fly.pl/wycieczka/turcja,kemer,c/lucida-beach/pIUGFP9G9SQ42zBiZeLiotAAogNslnYH0QaIGLIgP9PV82MCGzm71fuxsMU5q28Om4PE0qBE9SRVgw2ris1AZIkHRQQViHA2ACagZKNi4yLjFyNpsBFQ0XAFgCVgJcCEDCBhHADE-bNF0kU6snUgBelpQBS-1DYQBM5Yw6IMD8lwkNAAISYwECC-TktQ0/ofertasv/?filter[tourOperator]=OREX&filter%5Bperson%5D=2&filter%5BchildAge%5D%5B1%5D=20201210&filter%5Bchild%5D=1","filter_turkey_13_16_days","turcja","kemer","c","2026-09-09","2026-09-22","14","13","Warszawa","2+1","turcja|kemer|2026-09-09|2026-09-22|13|Warszawa|2+1"
"SeaLife Kemer Resort (ex. PGS Rose Residence Beach)","14897.0","31.08.2026 - 14.09.2026","15 dni/14 nocy","4.4","4.4","2078","tripadvisor","Warszawa - Radom","2026-08-23T16:14:12.213705+00:00","https://fly.pl/oferta/turcja-wczasy/?filter[dest]=39:&filter[hotelids]=&filter[cityids]=&filter[cregids]=&filter[ofrType]=&filter[addObjType]=H&filter[whenFrom]=23-08-2026&filter[whenTo]=22-09-2026&filter[duration]=13:16&filter[from]=Warszawa,Warszawa%20-%20Radom&filter[person]=2&filter[child]=1&filter[price]=4000:20000&filter[PriceFrom]=4000&filter[PriceTo]=20000&filter[addCategory]=50&filter[addCatering]=0&filter[addMisc]=0&filter[addTransport]=F&filter[fp]=1&order_by=ofr_price&filter[tourOperator]=0&filter[childAge][1]=20201210","https://fly.pl/cdn/photo/assets/uploads/582/278/2018/09/SeaLife-Kemer-Resort.jpg","https://fly.pl/wycieczka/turcja,kemer,c/rose-residence-beach/pG-EcuFLQWkA7SXaxXfvNLAAogukxJyVGDziwQRdQORbFiUpDv91Aqyjk7yEHcL2o4IA0qBFZJVFgw2ris1AZIsXRQQVivAWACcj8aAFwKFQQXAFgBQI8DU-drUgBb2BdevnxLgRJhAEyz5jkgkNSYCQ0AT5P2l-5YUevyAl3ZnNCLhQECDGMBAgbjGQyB/ofertasv/?filter[tourOperator]=VITX&filter%5Bperson%5D=2&filter%5BchildAge%5D%5B1%5D=20201210&filter%5Bchild%5D=1","filter_turkey_13_16_days","turcja","kemer","c","2026-08-31","2026-09-14","15","14","Warszawa - Radom","2+1","turcja|kemer|2026-08-31|2026-09-14|14|Warszawa - Radom|2+1"
"Q Premium Resort","14957.0","29.08.2026 - 12.09.2026","15 dni/14 nocy","4.1","4.1","1634","tripadvisor","Warszawa","2026-08-23T16:14:12.213705+00:00","https://fly.pl/oferta/turcja-wczasy/?filter[dest]=39:&filter[hotelids]=&filter[cityids]=&filter[cregids]=&filter[ofrType]=&filter[addObjType]=H&filter[whenFrom]=23-08-2026&filter[whenTo]=22-09-2026&filter[duration]=13:16&filter[from]=Warszawa,Warszawa%20-%20Radom&filter[person]=2&filter[child]=1&filter[price]=4000:20000&filter[PriceFrom]=4000&filter[PriceTo]=20000&filter[addCategory]=50&filter[addCatering]=0&filter[addMisc]=0&filter[addTransport]=F&filter[fp]=1&order_by=ofr_price&filter[tourOperator]=0&filter[childAge][1]=20201210","https://fly.pl/cdn/photo/assets/uploads/582/278/2015/04/Q-Premium-Resort-Hotel.jpg","https://fly.pl/wycieczka/turcja,alanya,okurcalar/q-premium-resort/pczId2QMbkt2Spfuz8uT1MAAog7VajvV2msoSZI5Doxp_Yvxleql_vgBzW78-3GSKx6FwqBFZJVFgw2ris1AZI7XRQQVh_YAJyPxoAXAoVBBcAWAFAjwNT52tSAFuYHF7-d0vtQ2EATIehPCDO55UJDQBRjYSW7lhPufQPXZTlpoGtAQINYwECDLrrFyo/ofertasv/?filter[tourOperator]=VITX&filter%5Bperson%5D=2&filter%5BchildAge%5D%5B1%5D=20201210&filter%5Bchild%5D=1","filter_turkey_13_16_days","turcja","alanya","okurcalar","2026-08-29","2026-09-12","15","14","Warszawa","2+1","turcja|alanya|2026-08-29|2026-09-12|14|Warszawa|2+1"
"Grand Seker","15008.0","07.09.2026 - 20.09.2026","14 dni/13 nocy","3.8","3.8","426","tripadvisor","Warszawa","2026-08-23T16:14:12.213705+00:00","https://fly.pl/oferta/turcja-wczasy/?filter[dest]=39:&filter[hotelids]=&filter[cityids]=&filter[cregids]=&filter[ofrType]=&filter[addObjType]=H&filter[whenFrom]=23-08-2026&filter[whenTo]=22-09-2026&filter[duration]=13:16&filter[from]=Warszawa,Warszawa%20-%20Radom&filter[person]=2&filter[child]=1&filter[price]=4000:20000&filter[PriceFrom]=4000&filter[PriceTo]=20000&filter[addCategory]=50&filter[addCatering]=0&filter[addMisc]=0&filter[addTransport]=F&filter[fp]=1&order_by=ofr_price&filter[tourOperator]=0&filter[childAge][1]=20201210","https://fly.pl/cdn/photo/assets/uploads/582/278/2017/02/Grand-Seker-Hotel.jpg","https://fly.pl/wycieczka/turcja,side,colakli/grand-seker/pPytDkdxPBhwswvfogqlHHAAog9rQw4af7h5Igr7YOev42cwAAAAD9YgQAfXQEAA0AAQAqBFdFWlkw2ris1AZIoHVQQVjXAmADahxFbnRlciBBaXIvRnJlZSBCaXJkIEFpcmxpbmVzagQwNzAwagQwOTEwckOeAZUBmAEfAAIBHAAWBBcIEucDE_EEFJ8DTIFjTwBAnBIRzChLm50BUAAb87gCHYLGDCCAIw2u58IJARJjAQxjAQMLgNmo9g/ofertasv/?filter[tourOperator]=WEZY&filter%5Bperson%5D=2&filter%5BchildAge%5D%5B1%5D=20201210&filter%5Bchild%5D=1","filter_turkey_13_16_days","turcja","side","colakli","2026-09-07","2026-09-20","14","13","Warszawa","2+1","turcja|side|2026-09-07|2026-09-20|13|Warszawa|2+1"
"Palemon Resort & Spa","15033.0","05.09.2026 - 18.09.2026","14 dni/13 nocy","","","","","Warszawa","2026-08-23T16:14:12.213705+00:00","https://fly.pl/oferta/turcja-wczasy/?filter[dest]=39:&filter[hotelids]=&filter[cityids]=&filter[cregids]=&filter[ofrType]=&filter[addObjType]=H&filter[whenFrom]=23-08-2026&filter[whenTo]=22-09-2026&filter[duration]=13:16&filter[from]=Warszawa,Warszawa%20-%20Radom&filter[person]=2&filter[child]=1&filter[price]=4000:20000&filter[PriceFrom]=4000&filter[PriceTo]=20000&filter[addCategory]=50&filter[addCatering]=0&filter[addMisc]=0&filter[addTransport]=F&filter[fp]=1&order_by=ofr_price&filter[tourOperator]=0&filter[childAge][1]=20201210","https://datacfstatic.merlinx.pl/WEZY/IMG/75846/cccb44589cc7490965acc664a5597084c6c6b69af6d5deccb3149abe92dc0513.webp","https://fly.pl/wycieczka/turcja,side,manavgat/palemon-resort-spa-14/pkb_lpOI7wdJq8WcAFbDEyAAogqiKSag23VbKYK4FKkao6LQAAAAA6cQQA9m0EAA0AAAAqBFdFWlkw2ris1AZIuXVQQVinAmADah1MT1QgUG9saXNoIEFpcmxpbmVzL0VudGVyIEFpcnJFngEfABwBAgAWABcMEucDFYUFE4kCGAoUkANM6WBPAECcElDnxQFLABG-iQIgsIsNHcQGG5X8ZA3a8d0IARJjAQxjAQILzBmcWw/ofertasv/?filter[tourOperator]=WEZY&filter%5Bperson%5D=2&filter%5BchildAge%5D%5B1%5D=20201210&filter%5Bchild%5D=1","filter_turkey_13_16_days","turcja","side","manavgat","2026-09-05","2026-09-18","14","13","Warszawa","2+1","turcja|side|2026-09-05|2026-09-18|13|Warszawa|2+1"
"Alaiye Resort & Spa","15062.0","09.09.2026 - 22.09.2026","14 dni/13 nocy","4.4","4.4","2781","tripadvisor","Warszawa","2026-08-23T16:14:12.213705+00:00","https://fly.pl/oferta/turcja-wczasy/?filter[dest]=39:&filter[hotelids]=&filter[cityids]=&filter[cregids]=&filter[ofrType]=&filter[addObjType]=H&filter[whenFrom]=23-08-2026&filter[whenTo]=22-09-2026&filter[duration]=13:16&filter[from]=Warszawa,Warszawa%20-%20Radom&filter[person]=2&filter[child]=1&filter[price]=4000:20000&filter[PriceFrom]=4000&filter[PriceTo]=20000&filter[addCategory]=50&filter[addCatering]=0&filter[addMisc]=0&filter[addTransport]=F&filter[fp]=1&order_by=ofr_price&filter[tourOperator]=0&filter[childAge][1]=20201210","https://fly.pl/cdn/photo/assets/uploads/582/278/2014/11/Alaiye-Resort-Hotel.jpg","https://fly.pl/wycieczka/turcja,alanya,avsallar/alaiye-resort/p22MCPgzxBO1Mo_95LeVSHAAogoi-KsjeDGSNbgX-Cdu5yHAAAAACrZwQAW2UEAA0AAAAqBFdFWlkw2ris1AZI1nVQQViHA2ADaglFbnRlciBBaXJqBDA1MzByQp4BkwEfAAIBFgAcABcMEucDFPkDFW4Y6wERj0NMsCFPAECcEkvnxQFQABv8YiDXoA4d0AQNgoHDCQESYwEMYwEDC_K9Wys/ofertasv/?filter[tourOperator]=WEZY&filter%5Bperson%5D=2&filter%5BchildAge%5D%5B1%5D=20201210&filter%5Bchild%5D=1","filter_turkey_13_16_days","turcja","alanya","avsallar","2026-09-09","2026-09-22","14","13","Warszawa","2+1","turcja|alanya|2026-09-09|2026-09-22|13|Warszawa|2+1"
"Vikingen Infinity Resort & Spa","15157.0","26.08.2026 - 09.09.2026","15 dni/14 nocy","4.1","4.1","1547","tripadvisor","Warszawa","2026-08-23T16:14:12.213705+00:00","https://fly.pl/oferta/turcja-wczasy/?filter[dest]=39:&filter[hotelids]=&filter[cityids]=&filter[cregids]=&filter[ofrType]=&filter[addObjType]=H&filter[whenFrom]=23-08-2026&filter[whenTo]=22-09-2026&filter[duration]=13:16&filter[from]=Warszawa,Warszawa%20-%20Radom&filter[person]=2&filter[child]=1&filter[price]=4000:20000&filter[PriceFrom]=4000&filter[PriceTo]=20000&filter[addCategory]=50&filter[addCatering]=0&filter[addMisc]=0&filter[addTransport]=F&filter[fp]=1&order_by=ofr_price&filter[tourOperator]=0&filter[childAge][1]=20201210","https://fly.pl/cdn/photo/assets/uploads/582/278/2015/04/Vikingen-Infinity-Resort-Spa.jpg","https://fly.pl/wycieczka/turcja,alanya,okurcalar/vikingen-infinity-resort-spa/p5dipWOBjx_wrn9yHBe2ZGAAogmbZsca6NISuoPAuzS2x--tE9XKY2U4OiWKIw7pnyKDQqBFZJVFgw2ris1AZItXZQQVg3YAJyPxoAXAoVBBcAWAFAjwNT52tSAFvYF16-fEvtQ2EATMi0OSCK1JgJDQBR6Nmj7lhP354CXZTlpoGtAQINYwECDDhtcj4/ofertasv/?filter[tourOperator]=VITX&filter%5Bperson%5D=2&filter%5BchildAge%5D%5B1%5D=20201210&filter%5Bchild%5D=1","filter_turkey_13_16_days","turcja","alanya","okurcalar","2026-08-26","2026-09-09","15","14","Warszawa","2+1","turcja|alanya|2026-08-26|2026-09-09|14|Warszawa|2+1"
"Karmir Resort (Kemer)","15215.0","05.09.2026 - 18.09.2026","14 dni/13 nocy","4.6","4.6","3627","tripadvisor","Warszawa","2026-08-23T16:14:12.213705+00:00","https://fly.pl/oferta/turcja-wczasy/?filter[dest]=39:&filter[hotelids]=&filter[cityids]=&filter[cregids]=&filter[ofrType]=&filter[addObjType]=H&filter[whenFrom]=23-08-2026&filter[whenTo]=22-09-2026&filter[duration]=13:16&filter[from]=Warszawa,Warszawa%20-%20Radom&filter[person]=2&filter[child]=1&filter[price]=4000:20000&filter[PriceFrom]=4000&filter[PriceTo]=20000&filter[addCategory]=50&filter[addCatering]=0&filter[addMisc]=0&filter[addTransport]=F&filter[fp]=1&order_by=ofr_price&filter[tourOperator]=0&filter[childAge][1]=20201210","https://fly.pl/cdn/photo/assets/uploads/582/278/2014/09/Karmir-Resort.jpg","https://fly.pl/wycieczka/turcja,kemer,goynuk/karmir-resort/pqFt2B2i4HcMlReaLa9sO1AAogIBMF9cns-7v6l67sgC3nEgAAAAA6cQQA9m0EAA0ABAAqBFdFWlkw2ris1AZI73ZQQVinAmADah1MT1QgUG9saXNoIEFpcmxpbmVzL0VudGVyIEFpcnJEngEfABwBAgAWABcMEucDFYUFE4kCGAoUkAMR1kRPkxxMAECcElDnxQFLABvsiAEggowOHcQGDe_twgkBEmMBCmMBAwboMRiz/ofertasv/?filter[tourOperator]=WEZY&filter%5Bperson%5D=2&filter%5BchildAge%5D%5B1%5D=20201210&filter%5Bchild%5D=1","filter_turkey_13_16_days","turcja","kemer","goynuk","2026-09-05","2026-09-18","14","13","Warszawa","2+1","turcja|kemer|2026-09-05|2026-09-18|13|Warszawa|2+1"
"Horus Paradise Luxury Resort","15217.0","05.09.2026 - 18.09.2026","14 dni/13 nocy","4.0","4.0","3139","tripadvisor","Warszawa","2026-08-23T16:14:12.213705+00:00","https://fly.pl/oferta/turcja-wczasy/?filter[dest]=39:&filter[hotelids]=&filter[cityids]=&filter[cregids]=&filter[ofrType]=&filter[addObjType]=H&filter[whenFrom]=23-08-2026&filter[whenTo]=22-09-2026&filter[duration]=13:16&filter[from]=Warszawa,Warszawa%20-%20Radom&filter[person]=2&filter[child]=1&filter[price]=4000:20000&filter[PriceFrom]=4000&filter[PriceTo]=20000&filter[addCategory]=50&filter[addCatering]=0&filter[addMisc]=0&filter[addTransport]=F&filter[fp]=1&order_by=ofr_price&filter[tourOperator]=0&filter[childAge][1]=20201210","https://fly.pl/cdn/photo/assets/uploads/582/278/2015/04/Horus-Paradise-Luxury-Resort.jpg","https://fly.pl/wycieczka/turcja,side,c/horus-paradise-club-luxury-resort/pyKHyAbTKMxeNrz08APz9UAAogSkSWmDECdsCBzEpgn1QhggAAAAA6cQQA9m0EAA0AAAAqBFdFWlkw2ris1AZI8XZQQVinAmADah1MT1QgUG9saXNoIEFpcmxpbmVzL0VudGVyIEFpcnJEngEfABwBAgAWABcMEucDEYUCFYADE4kCGAoUkANP6WBMAECcElDnxQFLACDulA8dxAYb3pZJDZHX-QgBEmMBDGMBAwvL34w1/ofertasv/?filter[tourOperator]=WEZY&filter%5Bperson%5D=2&filter%5BchildAge%5D%5B1%5D=20201210&filter%5Bchild%5D=1","filter_turkey_13_16_days","turcja","side","c","2026-09-05","2026-09-18","14","13","Warszawa","2+1","turcja|side|2026-09-05|2026-09-18|13|Warszawa|2+1"
"Side Aluna","15224.0","08.09.2026 - 21.09.2026","14 dni/13 nocy","4.8","4.8","216","tripadvisor","Warszawa","2026-08-23T16:14:12.213705+00:00","https://fly.pl/oferta/turcja-wczasy/?filter[dest]=39:&filter[hotelids]=&filter[cityids]=&filter[cregids]=&filter[ofrType]=&filter[addObjType]=H&filter[whenFrom]=23-08-2026&filter[whenTo]=22-09-2026&filter[duration]=13:16&filter[from]=Warszawa,Warszawa%20-%20Radom&filter[person]=2&filter[child]=1&filter[price]=4000:20000&filter[PriceFrom]=4000&filter[PriceTo]=20000&filter[addCategory]=50&filter[addCatering]=0&filter[addMisc]=0&filter[addTransport]=F&filter[fp]=1&order_by=ofr_price&filter[tourOperator]=0&filter[childAge][1]=20201210","https://fly.pl/cdn/photo/assets/uploads/582/278/2014/09/Diamond-Beach.jpg","https://fly.pl/wycieczka/turcja,side,c/diamond-beach-side/pqsPz87vquGKkElcN8i83kAAogDfqC1thxfap6qhrxVtexSYRXb0S2CkfY7MNA9xXe7tgqBE9SRVgw2ris1AZI-HZQQVjvAmACagZKMC4yLjFyNpsBFQ0XAFgCVgJcCEDCBhGoDE-zNF0kU6snUgBelpQBS-1DYQBM5Yw6IL_8lwkNAAISYwECDIRY_jQ/ofertasv/?filter[tourOperator]=OREX&filter%5Bperson%5D=2&filter%5BchildAge%5D%5B1%5D=20201210&filter%5Bchild%5D=1","filter_turkey_13_16_days","turcja","side","c","2026-09-08","2026-09-21","14","13","Warszawa","2+1","turcja|side|2026-09-08|2026-09-21|13|Warszawa|2+1"
"Fantasia De Luxe Kusadasi","15281.0","04.09.2026 - 18.09.2026","15 dni/14 nocy","4.4","4.4","3854","tripadvisor","Warszawa","2026-08-23T16:14:12.213705+00:00","https://fly.pl/oferta/turcja-wczasy/?filter[dest]=39:&filter[hotelids]=&filter[cityids]=&filter[cregids]=&filter[ofrType]=&filter[addObjType]=H&filter[whenFrom]=23-08-2026&filter[whenTo]=22-09-2026&filter[duration]=13:16&filter[from]=Warszawa,Warszawa%20-%20Radom&filter[person]=2&filter[child]=1&filter[price]=4000:20000&filter[PriceFrom]=4000&filter[PriceTo]=20000&filter[addCategory]=50&filter[addCatering]=0&filter[addMisc]=0&filter[addTransport]=F&filter[fp]=1&order_by=ofr_price&filter[tourOperator]=0&filter[childAge][1]=20201210","https://fly.pl/cdn/photo/assets/uploads/582/278/2015/11/Fantasia-De-Luxe-Kusadasi.jpg","https://fly.pl/wycieczka/turcja,kusadasi,c/fantasia-de-luxe-kusadasi/pASiClYCNRRIZCckGK2ot0AAogFoMTlQKRO5i4IoRuKrsZuQAAAACfqQQAvakEAA4AAQAqBFdFWlkw2ris1AZIsXdQQViPAmADaglFbnRlciBBaXJqBDA2NDBqBDA5MTByQp4BlQGYAR8AAgEcABYEFwkS5gMThwsUiwMR6BNMkUNPAECiGEvnxQFQABv6vQIdnc4NIB4N6_zBCQESYwENYwEDDMbO3-E/ofertasv/?filter[tourOperator]=WEZY&filter%5Bperson%5D=2&filter%5BchildAge%5D%5B1%5D=20201210&filter%5Bchild%5D=1","filter_turkey_13_16_days","turcja","kusadasi","c","2026-09-04","2026-09-18","15","14","Warszawa","2+1","turcja|kusadasi|2026-09-04|2026-09-18|14|Warszawa|2+1"
"Arnor De Luxe & SPA","15488.0","05.09.2026 - 18.09.2026","14 dni/13 nocy","4.5","4.5","2300","tripadvisor","Warszawa","2026-08-23T16:14:12.213705+00:00","https://fly.pl/oferta/turcja-wczasy/?filter[dest]=39:&filter[hotelids]=&filter[cityids]=&filter[cregids]=&filter[ofrType]=&filter[addObjType]=H&filter[whenFrom]=23-08-2026&filter[whenTo]=22-09-2026&filter[duration]=13:16&filter[from]=Warszawa,Warszawa%20-%20Radom&filter[person]=2&filter[child]=1&filter[price]=4000:20000&filter[PriceFrom]=4000&filter[PriceTo]=20000&filter[addCategory]=50&filter[addCatering]=0&filter[addMisc]=0&filter[addTransport]=F&filter[fp]=1&order_by=ofr_price&filter[tourOperator]=0&filter[childAge][1]=20201210","https://datacfstatic.merlinx.pl/WEZY/IMG/30617/b0e6cd123adcc40d09869e53038db114afa97f53c0ee274bdfc2aa8aa70a8a96.webp","https://fly.pl/wycieczka/turcja,side,manavgat/arnor-de-luxe-spa-11/poDqQNEKCbwulby1hqan-2AAogVhRBhNV4cqae6LvOEbFEfQAAAAA6cQQA9m0EAA0AAAAqBFdFWlkw2ris1AZIgHlQQVinAmADah1MT1QgUG9saXNoIEFpcmxpbmVzL0VudGVyIEFpcnJDngEfABwBAgAWABcMEucDFYUFE4kCGAoUkANP6WBMAECcEhH4bVDvV0sAIO6UDx3EBhvyuh0N_bKlCQESYwELYwEDCiTrhZY/ofertasv/?filter[tourOperator]=WEZY&filter%5Bperson%5D=2&filter%5BchildAge%5D%5B1%5D=20201210&filter%5Bchild%5D=1","filter_turkey_13_16_days","turcja","side","manavgat","2026-09-05","2026-09-18","14","13","Warszawa","2+1","turcja|side|2026-09-05|2026-09-18|13|Warszawa|2+1"
"Labranda TMT Bodrum Resort","15557.0","03.09.2026 - 18.09.2026","16 dni/14 nocy","4.2","4.2","3592","tripadvisor","Warszawa","2026-08-23T16:14:12.213705+00:00","https://fly.pl/oferta/turcja-wczasy/?filter[dest]=39:&filter[hotelids]=&filter[cityids]=&filter[cregids]=&filter[ofrType]=&filter[addObjType]=H&filter[whenFrom]=23-08-2026&filter[whenTo]=22-09-2026&filter[duration]=13:16&filter[from]=Warszawa,Warszawa%20-%20Radom&filter[person]=2&filter[child]=1&filter[price]=4000:20000&filter[PriceFrom]=4000&filter[PriceTo]=20000&filter[addCategory]=50&filter[addCatering]=0&filter[addMisc]=0&filter[addTransport]=F&filter[fp]=1&order_by=ofr_price&filter[tourOperator]=0&filter[childAge][1]=20201210","https://fly.pl/cdn/photo/assets/uploads/582/278/2015/04/Labranda-TMT-Bodrum-Resort.jpg","https://fly.pl/wycieczka/turcja,bodrum,c/vera-club-tmt/pVbiKyw3NJv3NTBFDLOmcpAAog5KIjKS-4ZMBVgvsU3Eo8rsRvRn0tb6NkcCEBirswmPEqBFZJVFgw2ris1AZIxXlQQVj3AWACcj8aAFwKFQQXAFgBQI8DU91xUgBbuhNe5npL7UNhAEzGtDkN2dSYCSABUd-0kc1dT5qvH12szp2iqAECDWMBAgxy_n0a/ofertasv/?filter[tourOperator]=VITX&filter%5Bperson%5D=2&filter%5BchildAge%5D%5B1%5D=20201210&filter%5Bchild%5D=1","filter_turkey_13_16_days","turcja","bodrum","c","2026-09-03","2026-09-18","16","14","Warszawa","2+1","turcja|bodrum|2026-09-03|2026-09-18|14|Warszawa|2+1"
"Side Moon Palace","15563.0","09.09.2026 - 22.09.2026","14 dni/13 nocy","4.4","4.4","1110","tripadvisor","Warszawa","2026-08-23T16:14:12.213705+00:00","https://fly.pl/oferta/turcja-wczasy/?filter[dest]=39:&filter[hotelids]=&filter[cityids]=&filter[cregids]=&filter[ofrType]=&filter[addObjType]=H&filter[whenFrom]=23-08-2026&filter[whenTo]=22-09-2026&filter[duration]=13:16&filter[from]=Warszawa,Warszawa%20-%20Radom&filter[person]=2&filter[child]=1&filter[price]=4000:20000&filter[PriceFrom]=4000&filter[PriceTo]=20000&filter[addCategory]=50&filter[addCatering]=0&filter[addMisc]=0&filter[addTransport]=F&filter[fp]=1&order_by=ofr_price&filter[tourOperator]=0&filter[childAge][1]=20201210","https://fly.pl/cdn/photo/assets/uploads/582/278/2023/12/Side-Moon-Palace.jpg","https://fly.pl/wycieczka/turcja,side,c/side-moon-palace-15/pxRD2JOsH8rHXWZgPP94fOAAog66SmhW-GiELw3e6T_EDs9wAAAAASaAQAW2UEAA0AAAAqBFdFWlkw2ris1AZIy3lQQViHA2ADahxGcmVlIEJpcmQgQWlybGluZXMvRW50ZXIgQWlyagQwOTM1ckOeAZMBHwACARYAHAAXDBLnAxXnBBThARgKT79kTABAnBJL58UBUAARnn0gtYYOHbcFG_SANg2n_4wJARJjAQxjAQILaLEM1w/ofertasv/?filter[tourOperator]=WEZY&filter%5Bperson%5D=2&filter%5BchildAge%5D%5B1%5D=20201210&filter%5Bchild%5D=1","filter_turkey_13_16_days","turcja","side","c","2026-09-09","2026-09-22","14","13","Warszawa","2+1","turcja|side|2026-09-09|2026-09-22|13|Warszawa|2+1"
"Dizalya Palm Garden","15607.0","06.09.2026 - 20.09.2026","15 dni/14 nocy","4.2","4.2","523","tripadvisor","Warszawa","2026-08-23T16:14:12.213705+00:00","https://fly.pl/oferta/turcja-wczasy/?filter[dest]=39:&filter[hotelids]=&filter[cityids]=&filter[cregids]=&filter[ofrType]=&filter[addObjType]=H&filter[whenFrom]=23-08-2026&filter[whenTo]=22-09-2026&filter[duration]=13:16&filter[from]=Warszawa,Warszawa%20-%20Radom&filter[person]=2&filter[child]=1&filter[price]=4000:20000&filter[PriceFrom]=4000&filter[PriceTo]=20000&filter[addCategory]=50&filter[addCatering]=0&filter[addMisc]=0&filter[addTransport]=F&filter[fp]=1&order_by=ofr_price&filter[tourOperator]=0&filter[childAge][1]=20201210","https://fly.pl/cdn/photo/assets/uploads/582/278/2015/04/Dizalya-Palm-Garden-fly-pl.jpg","https://fly.pl/wycieczka/turcja,alanya,konakli/dizalya-palm-garden/p0E192YsRp7QC8yya8pDq4AAoglZBZ8iEoT30DEBVxESN33Z1xKlfFmMQa6VwkZVYKAOcqBFJOQlcw2ris1AZI93lQQVi_AmACagRGeGNZahcyOTYsMzgwLDQ3Nyw0ODMsNDg0LDQ4NXI2nwGeARUOFwBYAQomQKIHEfomGcAwEJgHUtwIUwBLg9gBYQAPoYBBHTEg0IiRCQ0AAgtjAQIK9OVI7g/ofertasv/?filter[tourOperator]=RNBW&filter%5Bperson%5D=2&filter%5BchildAge%5D%5B1%5D=20201210&filter%5Bchild%5D=1","filter_turkey_13_16_days","turcja","alanya","konakli","2026-09-06","2026-09-20","15","14","Warszawa","2+1","turcja|alanya|2026-09-06|2026-09-20|14|Warszawa|2+1"
"Cesars Resort (Side)","15697.0","31.08.2026 - 14.09.2026","15 dni/14 nocy","3.5","3.5","606","tripadvisor","Warszawa - Radom","2026-08-23T16:14:12.213705+00:00","https://fly.pl/oferta/turcja-wczasy/?filter[dest]=39:&filter[hotelids]=&filter[cityids]=&filter[cregids]=&filter[ofrType]=&filter[addObjType]=H&filter[whenFrom]=23-08-2026&filter[whenTo]=22-09-2026&filter[duration]=13:16&filter[from]=Warszawa,Warszawa%20-%20Radom&filter[person]=2&filter[child]=1&filter[price]=4000:20000&filter[PriceFrom]=4000&filter[PriceTo]=20000&filter[addCategory]=50&filter[addCatering]=0&filter[addMisc]=0&filter[addTransport]=F&filter[fp]=1&order_by=ofr_price&filter[tourOperator]=0&filter[childAge][1]=20201210","https://fly.pl/cdn/photo/assets/uploads/582/278/2015/03/Cesars-Resort-Side-fly-pl.jpg","https://fly.pl/wycieczka/turcja,side,c/cesars-resort-side/py9gJyk8660iDEI5w777dbAAogIG9ejquWR0I7geIjUS_pzZDv91Aqyjk7yEHcL2o4IA0qBFZJVFgw2ris1AZI0XpQQVivAWACcj8aAFwKFQQXAFgBQI8DU-drUgBb2BdevnxLgRJhAEyz5jkgkNSYCQ0AUY2m7e1YT4bQKl3Ej9OLhQECDWMBAgyDr-rq/ofertasv/?filter[tourOperator]=VITX&filter%5Bperson%5D=2&filter%5BchildAge%5D%5B1%5D=20201210&filter%5Bchild%5D=1","filter_turkey_13_16_days","turcja","side","c","2026-08-31","2026-09-14","15","14","Warszawa - Radom","2+1","turcja|side|2026-08-31|2026-09-14|14|Warszawa - Radom|2+1"
"Queens Park Goynuk (Kemer)","15722.0","05.09.2026 - 18.09.2026","14 dni/13 nocy","4.1","4.1","1540","tripadvisor","Warszawa","2026-08-23T16:14:12.213705+00:00","https://fly.pl/oferta/turcja-wczasy/?filter[dest]=39:&filter[hotelids]=&filter[cityids]=&filter[cregids]=&filter[ofrType]=&filter[addObjType]=H&filter[whenFrom]=23-08-2026&filter[whenTo]=22-09-2026&filter[duration]=13:16&filter[from]=Warszawa,Warszawa%20-%20Radom&filter[person]=2&filter[child]=1&filter[price]=4000:20000&filter[PriceFrom]=4000&filter[PriceTo]=20000&filter[addCategory]=50&filter[addCatering]=0&filter[addMisc]=0&filter[addTransport]=F&filter[fp]=1&order_by=ofr_price&filter[tourOperator]=0&filter[childAge][1]=20201210","https://fly.pl/cdn/photo/assets/uploads/582/278/2018/04/QUEENS-PARK-RESORT-GOYNUK.jpg","https://fly.pl/wycieczka/turcja,kemer,goynuk/queens-park-goynuk/pH_nw4HrBYU-lVOYfbOTL3AAogHNFyDW-uz6keOhW8f3zTDQAAAAA6cQQA9m0EAA0AAAAqBFdFWlkw2ris1AZI6npQQVinAmADah1MT1QgUG9saXNoIEFpcmxpbmVzL0VudGVyIEFpcnJEngEfABwBAgAWABcMEucDFYUFE4kCGAoUkAMRpS9PxDFMAECcElDnxQFLABv9kQQg8YILHcQGDe_twgkBEmMBDGMBAwuvw1l3/ofertasv/?filter[tourOperator]=WEZY&filter%5Bperson%5D=2&filter%5BchildAge%5D%5B1%5D=20201210&filter%5Bchild%5D=1","filter_turkey_13_16_days","turcja","kemer","goynuk","2026-09-05","2026-09-18","14","13","Warszawa","2+1","turcja|kemer|2026-09-05|2026-09-18|13|Warszawa|2+1"
"Delta by Marriott Bodrum","15757.0","03.09.2026 - 18.09.2026","16 dni/14 nocy","4.1","4.1","1849","tripadvisor","Warszawa","2026-08-23T16:14:12.213705+00:00","https://fly.pl/oferta/turcja-wczasy/?filter[dest]=39:&filter[hotelids]=&filter[cityids]=&filter[cregids]=&filter[ofrType]=&filter[addObjType]=H&filter[whenFrom]=23-08-2026&filter[whenTo]=22-09-2026&filter[duration]=13:16&filter[from]=Warszawa,Warszawa%20-%20Radom&filter[person]=2&filter[child]=1&filter[price]=4000:20000&filter[PriceFrom]=4000&filter[PriceTo]=20000&filter[addCategory]=50&filter[addCatering]=0&filter[addMisc]=0&filter[addTransport]=F&filter[fp]=1&order_by=ofr_price&filter[tourOperator]=0&filter[childAge][1]=20201210","https://fly.pl/cdn/photo/assets/uploads/582/278/2014/11/delta.jpg","https://fly.pl/wycieczka/turcja,bodrum,yalikavak/delta-beach-resort/pAPEXHbGw7ERSTh7sTslXDAAogpbfi1uBFASW-xD8uDdzfjsRvRn0tb6NkcCEBirswmPEqBFZJVFgw2ris1AZIjXtQQVj3AWACcj8aAFwKFQQXAFgBQI8DU91xUgBb4hFevnxL7UNhAEzGtDkN2dSYCSABUYn8-sxdT_DnNV2szp2iqAECB2MBAgZdkjMA/ofertasv/?filter[tourOperator]=VITX&filter%5Bperson%5D=2&filter%5BchildAge%5D%5B1%5D=20201210&filter%5Bchild%5D=1","filter_turkey_13_16_days","turcja","bodrum","yalikavak","2026-09-03","2026-09-18","16","14","Warszawa","2+1","turcja|bodrum|2026-09-03|2026-09-18|14|Warszawa|2+1"
"Anadolu Hotels Didim Club (ex. Palm Wings Didim)","15757.0","03.09.2026 - 18.09.2026","16 dni/14 nocy","4.4","4.4","4006","tripadvisor","Warszawa","2026-08-23T16:14:12.213705+00:00","https://fly.pl/oferta/turcja-wczasy/?filter[dest]=39:&filter[hotelids]=&filter[cityids]=&filter[cregids]=&filter[ofrType]=&filter[addObjType]=H&filter[whenFrom]=23-08-2026&filter[whenTo]=22-09-2026&filter[duration]=13:16&filter[from]=Warszawa,Warszawa%20-%20Radom&filter[person]=2&filter[child]=1&filter[price]=4000:20000&filter[PriceFrom]=4000&filter[PriceTo]=20000&filter[addCategory]=50&filter[addCatering]=0&filter[addMisc]=0&filter[addTransport]=F&filter[fp]=1&order_by=ofr_price&filter[tourOperator]=0&filter[childAge][1]=20201210","https://fly.pl/cdn/photo/assets/uploads/582/278/2009/05/Anadolu.jpg","https://fly.pl/wycieczka/turcja,bodrum,didim/palm-wings-beach-resort/p4BN8DWokSKcvYD1H_Xxd7AAog92Bk646U9oBcpnjiWsrmn8RvRn0tb6NkcCEBirswmPEqBFZJVFgw2ris1AZIjXtQQVj3AWACckAaAFwKFQQXAFgBQI8DU91xUgBb8AJesIsBS-1DYQBMxrQ5DdnUmAkgAVHr2PjMXU-OizhdrM6doqgBAgtjAQIKq578Bg/ofertasv/?filter[tourOperator]=VITX&filter%5Bperson%5D=2&filter%5BchildAge%5D%5B1%5D=20201210&filter%5Bchild%5D=1","filter_turkey_13_16_days","turcja","bodrum","didim","2026-09-03","2026-09-18","16","14","Warszawa","2+1","turcja|bodrum|2026-09-03|2026-09-18|14|Warszawa|2+1"
"Movenpick","15801.0","01.09.2026 - 15.09.2026","15 dni/14 nocy","","","","","Warszawa","2026-08-23T16:14:12.213705+00:00","https://fly.pl/oferta/turcja-wczasy/?filter[dest]=39:&filter[hotelids]=&filter[cityids]=&filter[cregids]=&filter[ofrType]=&filter[addObjType]=H&filter[whenFrom]=23-08-2026&filter[whenTo]=22-09-2026&filter[duration]=13:16&filter[from]=Warszawa,Warszawa%20-%20Radom&filter[person]=2&filter[child]=1&filter[price]=4000:20000&filter[PriceFrom]=4000&filter[PriceTo]=20000&filter[addCategory]=50&filter[addCatering]=0&filter[addMisc]=0&filter[addTransport]=F&filter[fp]=1&order_by=ofr_price&filter[tourOperator]=0&filter[childAge][1]=20201210","https://datacfstatic.merlinx.pl/BVPR/IMG/10660/813f6054a5d92e46f6bba01ae8ff85df6ee51f5e897276512c562366a023a92b.webp","https://fly.pl/wycieczka/turcja,izmir,c/movenpick-14/pQi5BaAG3ZCqaPIT46UdzhAAogenBMokMZoAYTtX-ZZq-mQWDl9jV-X47jvxLxdMmxhrQqBEJWUFIw2ris1AZIuXtQAVjHAWACagJCQnIgHBGkUxuCnQUYoOoNuQSw0BWrBAYBwZif1wECEmMBAguTBf3D/ofertasv/?filter[tourOperator]=BVPR&filter%5Bperson%5D=2&filter%5BchildAge%5D%5B1%5D=20201210&filter%5Bchild%5D=1","filter_turkey_13_16_days","turcja","izmir","c","2026-09-01","2026-09-15","15","14","Warszawa","2+1","turcja|izmir|2026-09-01|2026-09-15|14|Warszawa|2+1"
"Sunmelia Beach Resort & Spa","15802.0","08.09.2026 - 21.09.2026","14 dni/13 nocy","3.0","3.0","343","tripadvisor","Warszawa","2026-08-23T16:14:12.213705+00:00","https://fly.pl/oferta/turcja-wczasy/?filter[dest]=39:&filter[hotelids]=&filter[cityids]=&filter[cregids]=&filter[ofrType]=&filter[addObjType]=H&filter[whenFrom]=23-08-2026&filter[whenTo]=22-09-2026&filter[duration]=13:16&filter[from]=Warszawa,Warszawa%20-%20Radom&filter[person]=2&filter[child]=1&filter[price]=4000:20000&filter[PriceFrom]=4000&filter[PriceTo]=20000&filter[addCategory]=50&filter[addCatering]=0&filter[addMisc]=0&filter[addTransport]=F&filter[fp]=1&order_by=ofr_price&filter[tourOperator]=0&filter[childAge][1]=20201210","https://fly.pl/cdn/photo/assets/uploads/582/278/2015/04/Sunmelia-Beach-Resort-amp-Spa.jpg","https://fly.pl/wycieczka/turcja,side,kizilagac/sunmelia-beach-resort-spa/peHhlvPX2T8AemTZWjbmOhAAogN4NUCUcZ6Lb8CJXIj_PnfAAAAAA-ZQQAFWMEAA0AAAAqBFdFWlkw2ris1AZIuntQQVjvAmADaglFbnRlciBBaXJqBDA2NDBqBDA4MDVyQp4BkwGVAR8AAgEWABwAFwwS5wMYnAQUCkzrZk8AQJwSEdUrS5KaAVAAII3_Dh2pBBvTwWQNm8TeCAESYwEMYwEDC42XK6I/ofertasv/?filter[tourOperator]=WEZY&filter%5Bperson%5D=2&filter%5BchildAge%5D%5B1%5D=20201210&filter%5Bchild%5D=1","filter_turkey_13_16_days","turcja","side","kizilagac","2026-09-08","2026-09-21","14","13","Warszawa","2+1","turcja|side|2026-09-08|2026-09-21|13|Warszawa|2+1"
"Mirage World","15809.0","02.09.2026 - 16.09.2026","15 dni/14 nocy","4.0","4.0","2973","tripadvisor","Warszawa","2026-08-23T16:14:12.213705+00:00","https://fly.pl/oferta/turcja-wczasy/?filter[dest]=39:&filter[hotelids]=&filter[cityids]=&filter[cregids]=&filter[ofrType]=&filter[addObjType]=H&filter[whenFrom]=23-08-2026&filter[whenTo]=22-09-2026&filter[duration]=13:16&filter[from]=Warszawa,Warszawa%20-%20Radom&filter[person]=2&filter[child]=1&filter[price]=4000:20000&filter[PriceFrom]=4000&filter[PriceTo]=20000&filter[addCategory]=50&filter[addCatering]=0&filter[addMisc]=0&filter[addTransport]=F&filter[fp]=1&order_by=ofr_price&filter[tourOperator]=0&filter[childAge][1]=20201210","https://fly.pl/cdn/photo/assets/uploads/582/278/2017/02/Mirage-World.jpg","https://fly.pl/wycieczka/turcja,marmaris,icmeler/mirage-world/pwzF5c2jHvPjJ3f0U28VEwAAogj4FuSNEX_fpOZW0emTvnHRysn905121djc9gnSf9TGkqBE9SRVgw2ris1AZIwXtQQVjfAWACagVFLjIuMXI2mwFcChUEFwBYAVYCEfMCQNcDT_tUXSRSgRlTAF6gjgFh7UNLAEzljDogufyXCQ0AAhJjAQIGqCQOuw/ofertasv/?filter[tourOperator]=OREX&filter%5Bperson%5D=2&filter%5BchildAge%5D%5B1%5D=20201210&filter%5Bchild%5D=1","filter_turkey_13_16_days","turcja","marmaris","icmeler","2026-09-02","2026-09-16","15","14","Warszawa","2+1","turcja|marmaris|2026-09-02|2026-09-16|14|Warszawa|2+1"
"Selectum Family Comfort Side (ex. Lyra Resort)","15836.0","08.09.2026 - 21.09.2026","14 dni/13 nocy","4.3","4.3","2262","tripadvisor","Warszawa","2026-08-23T16:14:12.213705+00:00","https://fly.pl/oferta/turcja-wczasy/?filter[dest]=39:&filter[hotelids]=&filter[cityids]=&filter[cregids]=&filter[ofrType]=&filter[addObjType]=H&filter[whenFrom]=23-08-2026&filter[whenTo]=22-09-2026&filter[duration]=13:16&filter[from]=Warszawa,Warszawa%20-%20Radom&filter[person]=2&filter[child]=1&filter[price]=4000:20000&filter[PriceFrom]=4000&filter[PriceTo]=20000&filter[addCategory]=50&filter[addCatering]=0&filter[addMisc]=0&filter[addTransport]=F&filter[fp]=1&order_by=ofr_price&filter[tourOperator]=0&filter[childAge][1]=20201210","https://fly.pl/cdn/photo/assets/uploads/582/278/2015/04/Selectum-Family-Comfort-Side.jpg","https://fly.pl/wycieczka/turcja,side,manavgat/lyra-resort/pzVPYtfWUsRjqYWiRRx037AAog3O7t1ks5BBPYxgunyTsSrYRXb0S2CkfY7MNA9xXe7tgqBE9SRVgw2ris1AZI3HtQQVjvAmACagdIQlguMi4xcjabARUNFwBYAlYCXAhAwgYR8wdP6DhdJFOrJ1IAXpaUAUvtQ2EATOWMOiC__JcJDQACEmMBAgunMtKf/ofertasv/?filter[tourOperator]=OREX&filter%5Bperson%5D=2&filter%5BchildAge%5D%5B1%5D=20201210&filter%5Bchild%5D=1","filter_turkey_13_16_days","turcja","side","manavgat","2026-09-08","2026-09-21","14","13","Warszawa","2+1","turcja|side|2026-09-08|2026-09-21|13|Warszawa|2+1"
"Kaya Izmir Thermal & Convention","15918.0","01.09.2026 - 15.09.2026","15 dni/14 nocy","4.6","4.6","1604","tripadvisor","Warszawa","2026-08-23T16:14:12.213705+00:00","https://fly.pl/oferta/turcja-wczasy/?filter[dest]=39:&filter[hotelids]=&filter[cityids]=&filter[cregids]=&filter[ofrType]=&filter[addObjType]=H&filter[whenFrom]=23-08-2026&filter[whenTo]=22-09-2026&filter[duration]=13:16&filter[from]=Warszawa,Warszawa%20-%20Radom&filter[person]=2&filter[child]=1&filter[price]=4000:20000&filter[PriceFrom]=4000&filter[PriceTo]=20000&filter[addCategory]=50&filter[addCatering]=0&filter[addMisc]=0&filter[addTransport]=F&filter[fp]=1&order_by=ofr_price&filter[tourOperator]=0&filter[childAge][1]=20201210","https://datacfstatic.merlinx.pl/BVPR/IMG/10607/1718f67914432abb940efbbd9ef9f3379163b97a2825ba5c041ad5514d39ad49.webp","https://fly.pl/wycieczka/turcja,izmir,c/kaya-izmir-thermal-convention-11/pD87jYpNgebm8SZ_t77GvWAAog_6Hlix1tWTRoE5UDfoP5omDl9jV-X47jvxLxdMmxhrQqBEJWUFIw2ris1AZIrnxQAVjHAWACagJCQnIgHBHvUhuUkwUYuvINuQS50hWrBAYBhJKN1wECEmMBAgbQJY5S/ofertasv/?filter[tourOperator]=BVPR&filter%5Bperson%5D=2&filter%5BchildAge%5D%5B1%5D=20201210&filter%5Bchild%5D=1","filter_turkey_13_16_days","turcja","izmir","c","2026-09-01","2026-09-15","15","14","Warszawa","2+1","turcja|izmir|2026-09-01|2026-09-15|14|Warszawa|2+1"
"Meryan","15948.0","08.09.2026 - 21.09.2026","14 dni/13 nocy","4.3","4.3","957","tripadvisor","Warszawa","2026-08-23T16:14:12.213705+00:00","https://fly.pl/oferta/turcja-wczasy/?filter[dest]=39:&filter[hotelids]=&filter[cityids]=&filter[cregids]=&filter[ofrType]=&filter[addObjType]=H&filter[whenFrom]=23-08-2026&filter[whenTo]=22-09-2026&filter[duration]=13:16&filter[from]=Warszawa,Warszawa%20-%20Radom&filter[person]=2&filter[child]=1&filter[price]=4000:20000&filter[PriceFrom]=4000&filter[PriceTo]=20000&filter[addCategory]=50&filter[addCatering]=0&filter[addMisc]=0&filter[addTransport]=F&filter[fp]=1&order_by=ofr_price&filter[tourOperator]=0&filter[childAge][1]=20201210","https://fly.pl/cdn/photo/assets/uploads/582/278/2015/04/Meryan-fly-pl.jpg","https://fly.pl/wycieczka/turcja,alanya,okurcalar/meryan/pPTtyVN1FicFlMprC9M1HqAAogXad30MZMcM2P8IHXJIacvoRXb0S2CkfY7MNA9xXe7tgqBE9SRVgw2ris1AZIzHxQQVjvAmACagVFLjIuMXI2mwEVDRcAWAJWAlwIQMIGEdspT4AXXSRTqydSAF6WlAFL7UNhAEzljDogv_yXCQ0AAhJjAQIM9KdVQA/ofertasv/?filter[tourOperator]=OREX&filter%5Bperson%5D=2&filter%5BchildAge%5D%5B1%5D=20201210&filter%5Bchild%5D=1","filter_turkey_13_16_days","turcja","alanya","okurcalar","2026-09-08","2026-09-21","14","13","Warszawa","2+1","turcja|alanya|2026-09-08|2026-09-21|13|Warszawa|2+1"
"Kadikale Resort Spa & Wellness","15957.0","03.09.2026 - 18.09.2026","16 dni/14 nocy","3.9","3.9","1995","tripadvisor","Warszawa","2026-08-23T16:14:12.213705+00:00","https://fly.pl/oferta/turcja-wczasy/?filter[dest]=39:&filter[hotelids]=&filter[cityids]=&filter[cregids]=&filter[ofrType]=&filter[addObjType]=H&filter[whenFrom]=23-08-2026&filter[whenTo]=22-09-2026&filter[duration]=13:16&filter[from]=Warszawa,Warszawa%20-%20Radom&filter[person]=2&filter[child]=1&filter[price]=4000:20000&filter[PriceFrom]=4000&filter[PriceTo]=20000&filter[addCategory]=50&filter[addCatering]=0&filter[addMisc]=0&filter[addTransport]=F&filter[fp]=1&order_by=ofr_price&filter[tourOperator]=0&filter[childAge][1]=20201210","https://fly.pl/cdn/photo/assets/uploads/582/278/2015/04/Kadikale-Resort-Spa-Wellness.jpg","https://fly.pl/wycieczka/turcja,bodrum,turgutreis/kadikale-resort/pa5wWwzVV8tQtXMMbdf7jlAAog8vDB6Ex-SAQwguhPzjFRicRvRn0tb6NkcCEBirswmPEqBFZJVFgw3Lis1AZI1XxQQVj3AWACcj8aAFwKFQQXAFgBQI8DU91xUgBb4hFevnxL7UNhAEzGtDkN2dSYCSABUd7Ijs1dT5ubIl2szp2iqAECDWMBAgw1IKnI/ofertasv/?filter[tourOperator]=VITX&filter%5Bperson%5D=2&filter%5BchildAge%5D%5B1%5D=20201210&filter%5Bchild%5D=1","filter_turkey_13_16_days","turcja","bodrum","turgutreis","2026-09-03","2026-09-18","16","14","Warszawa","2+1","turcja|bodrum|2026-09-03|2026-09-18|14|Warszawa|2+1"
"Dream World Palace","15957.0","26.08.2026 - 09.09.2026","15 dni/14 nocy","4.0","4.0","169","tripadvisor","Warszawa","2026-08-23T16:14:12.213705+00:00","https://fly.pl/oferta/turcja-wczasy/?filter[dest]=39:&filter[hotelids]=&filter[cityids]=&filter[cregids]=&filter[ofrType]=&filter[addObjType]=H&filter[whenFrom]=23-08-2026&filter[whenTo]=22-09-2026&filter[duration]=13:16&filter[from]=Warszawa,Warszawa%20-%20Radom&filter[person]=2&filter[child]=1&filter[price]=4000:20000&filter[PriceFrom]=4000&filter[PriceTo]=20000&filter[addCategory]=50&filter[addCatering]=0&filter[addMisc]=0&filter[addTransport]=F&filter[fp]=1&order_by=ofr_price&filter[tourOperator]=0&filter[childAge][1]=20201210","https://fly.pl/cdn/photo/assets/uploads/582/278/2024/07/dream-world-palace.jpg","https://fly.pl/wycieczka/turcja,side,c/dream-world-palace-14/pHAF-EVN3kI9MwNmo_OSwHAAogYx5xvjTKtBJXas0Lvysxg9E9XKY2U4OiWKIw7pnyKDQqBFZJVFgw3Lis1AZI1XxQQVg3YAJyPxoAXAoVBBcAWAFAjwNT52tSAFvYF16-fEvtQ2EATMi0OSCK1JgJDQBRp5Lx7VhPoOY0XZTlpoGtAQIMYwECC8W3le4/ofertasv/?filter[tourOperator]=VITX&filter%5Bperson%5D=2&filter%5BchildAge%5D%5B1%5D=20201210&filter%5Bchild%5D=1","filter_turkey_13_16_days","turcja","side","c","2026-08-26","2026-09-09","15","14","Warszawa","2+1","turcja|side|2026-08-26|2026-09-09|14|Warszawa|2+1"
"Marvida Family Eco","16044.0","05.09.2026 - 18.09.2026","14 dni/13 nocy","4.6","4.6","4246","tripadvisor","Warszawa","2026-08-23T16:14:12.213705+00:00","https://fly.pl/oferta/turcja-wczasy/?filter[dest]=39:&filter[hotelids]=&filter[cityids]=&filter[cregids]=&filter[ofrType]=&filter[addObjType]=H&filter[whenFrom]=23-08-2026&filter[whenTo]=22-09-2026&filter[duration]=13:16&filter[from]=Warszawa,Warszawa%20-%20Radom&filter[person]=2&filter[child]=1&filter[price]=4000:20000&filter[PriceFrom]=4000&filter[PriceTo]=20000&filter[addCategory]=50&filter[addCatering]=0&filter[addMisc]=0&filter[addTransport]=F&filter[fp]=1&order_by=ofr_price&filter[tourOperator]=0&filter[childAge][1]=20201210","https://fly.pl/cdn/photo/assets/uploads/582/278/2014/10/Marvida-Family-Eco.jpg","https://fly.pl/wycieczka/turcja,side,titreyengol/otium-club-side/pBH3DKEhsHWhQgscmeqmsFAAogOJKpJKCGFyiBOaMYBlS4yAAAAAA6cQQA9m0EAA0AAQAqBFdFWlkw3Lis1AZIrH1QQVinAmADah1MT1QgUG9saXNoIEFpcmxpbmVzL0VudGVyIEFpcnJDngEfABwBAgAWABcMEbgDEi8VhQUTiQIYChSQA0_pYEwAQJwSUOfFAUsAG_-dAiDv9gwdxAYN7-3CCQESYwEMYwECC5gtSFo/ofertasv/?filter[tourOperator]=WEZY&filter%5Bperson%5D=2&filter%5BchildAge%5D%5B1%5D=20201210&filter%5Bchild%5D=1","filter_turkey_13_16_days","turcja","side","titreyengol","2026-09-05","2026-09-18","14","13","Warszawa","2+1","turcja|side|2026-09-05|2026-09-18|13|Warszawa|2+1"
"Armonia Holiday Village","16110.0","27.08.2026 - 10.09.2026","15 dni/14 nocy","4.3","4.3","1763","tripadvisor","Warszawa","2026-08-23T16:14:12.213705+00:00","https://fly.pl/oferta/turcja-wczasy/?filter[dest]=39:&filter[hotelids]=&filter[cityids]=&filter[cregids]=&filter[ofrType]=&filter[addObjType]=H&filter[whenFrom]=23-08-2026&filter[whenTo]=22-09-2026&filter[duration]=13:16&filter[from]=Warszawa,Warszawa%20-%20Radom&filter[person]=2&filter[child]=1&filter[price]=4000:20000&filter[PriceFrom]=4000&filter[PriceTo]=20000&filter[addCategory]=50&filter[addCatering]=0&filter[addMisc]=0&filter[addTransport]=F&filter[fp]=1&order_by=ofr_price&filter[tourOperator]=0&filter[childAge][1]=20201210","https://fly.pl/cdn/photo/assets/uploads/582/278/2015/04/Armonia-Holiday-Village-fly-pl.jpg","https://fly.pl/wycieczka/turcja,bodrum,c/armonia-holiday-village/p_rtxQZzMO8edS_ct7FahdAAogK7dSEZrdoaT79LsCV2MD9QAAAABqbAQAh2wEAA4AAQAqBFdFWlkw3Lis1AZI7n1QQVhPYANqE0xPVCBQb2xpc2ggQWlybGluZXNqBDA2NTVyQp4BkwEfABwBAgAWBhcHEdgCEo4BFKsEFcoHGL4BTNRjTwBApgxL58UBUAAbnDEdxuAOIB0N1PbCCQESYwENYwEDDGyDk5o/ofertasv/?filter[tourOperator]=WEZY&filter%5Bperson%5D=2&filter%5BchildAge%5D%5B1%5D=20201210&filter%5Bchild%5D=1","filter_turkey_13_16_days","turcja","bodrum","c","2026-08-27","2026-09-10","15","14","Warszawa","2+1","turcja|bodrum|2026-08-27|2026-09-10|14|Warszawa|2+1"
"Selectum Family Resort Side (ex. Silence Beach Resort)","16119.0","09.09.2026 - 22.09.2026","14 dni/13 nocy","4.5","4.5","1800","tripadvisor","Warszawa","2026-08-23T16:14:12.213705+00:00","https://fly.pl/oferta/turcja-wczasy/?filter[dest]=39:&filter[hotelids]=&filter[cityids]=&filter[cregids]=&filter[ofrType]=&filter[addObjType]=H&filter[whenFrom]=23-08-2026&filter[whenTo]=22-09-2026&filter[duration]=13:16&filter[from]=Warszawa,Warszawa%20-%20Radom&filter[person]=2&filter[child]=1&filter[price]=4000:20000&filter[PriceFrom]=4000&filter[PriceTo]=20000&filter[addCategory]=50&filter[addCatering]=0&filter[addMisc]=0&filter[addTransport]=F&filter[fp]=1&order_by=ofr_price&filter[tourOperator]=0&filter[childAge][1]=20201210","https://fly.pl/cdn/photo/assets/uploads/582/278/2014/11/Silence-Beach-Resort-fly-pl.jpg","https://fly.pl/wycieczka/turcja,side,c/silence-beach-resort/pbzI3DPfEFeKtE8qci9KuHAAog_X9GkCPO1fyKpZiXbbTFviGzm71fuxsMU5q28Om4PE0qBE9SRVgw3Lis1AZI931QQViHA2ACagdIQk4uMi4xcjabARUNFwBYAlYCXAgRjwJAswRP20BdJFOrJ1IAXpaUAUvtQ2EATOWMOiDA_JcJDQACEmMBAguR76ET/ofertasv/?filter[tourOperator]=OREX&filter%5Bperson%5D=2&filter%5BchildAge%5D%5B1%5D=20201210&filter%5Bchild%5D=1","filter_turkey_13_16_days","turcja","side","c","2026-09-09","2026-09-22","14","13","Warszawa","2+1","turcja|side|2026-09-09|2026-09-22|13|Warszawa|2+1"
"Asteria Family Belek","16124.0","01.09.2026 - 14.09.2026","14 dni/13 nocy","4.2","4.2","3023","tripadvisor","Warszawa","2026-08-23T16:14:12.213705+00:00","https://fly.pl/oferta/turcja-wczasy/?filter[dest]=39:&filter[hotelids]=&filter[cityids]=&filter[cregids]=&filter[ofrType]=&filter[addObjType]=H&filter[whenFrom]=23-08-2026&filter[whenTo]=22-09-2026&filter[duration]=13:16&filter[from]=Warszawa,Warszawa%20-%20Radom&filter[person]=2&filter[child]=1&filter[price]=4000:20000&filter[PriceFrom]=4000&filter[PriceTo]=20000&filter[addCategory]=50&filter[addCatering]=0&filter[addMisc]=0&filter[addTransport]=F&filter[fp]=1&order_by=ofr_price&filter[tourOperator]=0&filter[childAge][1]=20201210","https://fly.pl/cdn/photo/assets/uploads/582/278/2019/09/Aquaworld.jpg","https://fly.pl/wycieczka/turcja,antalya,belek/waterworld-belek-by-mp-hotels-ex-magic-life-waterworld-14/p3st79pnP4OpO2fd5Xdw7rAAogE5krcYh719vg2TtHr_19_GH-9WFY2kVMCzoTvlM5mjwqBE9SRVgw3Lis1AZI_H1QQVjHAWACagdLT1EuMi4xcjabARUNFwBYAlYCXAhAwgYRtCZPpxpdJFOrJ1IAXpaUAUvtQ2EATOWMOiC4_JcJDQACEmMBAgufp4_e/ofertasv/?filter[tourOperator]=OREX&filter%5Bperson%5D=2&filter%5BchildAge%5D%5B1%5D=20201210&filter%5Bchild%5D=1","filter_turkey_13_16_days","turcja","antalya","belek","2026-09-01","2026-09-14","14","13","Warszawa","2+1","turcja|antalya|2026-09-01|2026-09-14|13|Warszawa|2+1"
"Crystal Admiral Aqua Collection","16124.0","05.09.2026 - 18.09.2026","14 dni/13 nocy","4.3","4.3","5496","tripadvisor","Warszawa","2026-08-23T16:14:12.213705+00:00","https://fly.pl/oferta/turcja-wczasy/?filter[dest]=39:&filter[hotelids]=&filter[cityids]=&filter[cregids]=&filter[ofrType]=&filter[addObjType]=H&filter[whenFrom]=23-08-2026&filter[whenTo]=22-09-2026&filter[duration]=13:16&filter[from]=Warszawa,Warszawa%20-%20Radom&filter[person]=2&filter[child]=1&filter[price]=4000:20000&filter[PriceFrom]=4000&filter[PriceTo]=20000&filter[addCategory]=50&filter[addCatering]=0&filter[addMisc]=0&filter[addTransport]=F&filter[fp]=1&order_by=ofr_price&filter[tourOperator]=0&filter[childAge][1]=20201210","https://fly.pl/cdn/photo/assets/uploads/582/278/2014/09/Crystal-Admiral-Resort-fly-pl.jpg","https://fly.pl/wycieczka/turcja,side,kizilot/crystal-admiral-resort/pFPqsNDerQWtB6RBfOUkdjAAoghvWYnLAfd4n0yaBtocFxLQAAAAA6cQQA9m0EAA0AAAAqBFdFWlkw3Lis1AZI_H1QQVinAmADah1MT1QgUG9saXNoIEFpcmxpbmVzL0VudGVyIEFpcnJDngEfABwBAgAWABcMEucDEdUCFbACE4kCGAoUkANP6WBMAECcElDnxQFLABv3MCD34w4dxAYN7-3CCQESYwEMYwECCyQZFIo/ofertasv/?filter[tourOperator]=WEZY&filter%5Bperson%5D=2&filter%5BchildAge%5D%5B1%5D=20201210&filter%5Bchild%5D=1","filter_turkey_13_16_days","turcja","side","kizilot","2026-09-05","2026-09-18","14","13","Warszawa","2+1","turcja|side|2026-09-05|2026-09-18|13|Warszawa|2+1"
"Lalila Blue Suites","16198.0","04.09.2026 - 18.09.2026","15 dni/14 nocy","4.7","4.7","2647","tripadvisor","Warszawa","2026-08-23T16:14:12.213705+00:00","https://fly.pl/oferta/turcja-wczasy/?filter[dest]=39:&filter[hotelids]=&filter[cityids]=&filter[cregids]=&filter[ofrType]=&filter[addObjType]=H&filter[whenFrom]=23-08-2026&filter[whenTo]=22-09-2026&filter[duration]=13:16&filter[from]=Warszawa,Warszawa%20-%20Radom&filter[person]=2&filter[child]=1&filter[price]=4000:20000&filter[PriceFrom]=4000&filter[PriceTo]=20000&filter[addCategory]=50&filter[addCatering]=0&filter[addMisc]=0&filter[addTransport]=F&filter[fp]=1&order_by=ofr_price&filter[tourOperator]=0&filter[childAge][1]=20201210","https://fly.pl/cdn/photo/assets/uploads/582/278/2018/12/Lalila-Blue-Suites.jpg","https://fly.pl/wycieczka/turcja,marmaris,c/lalila-blue-suites/p8lx4ipu-7wNuwYU5rc5qhAAog_wgKgV66_E1iS9mjv6xq1P-6iyiJ65kPxJTGc5pTL2AqBFJOQlcw3Lis1AZIxn5QQViPAmACagRDQWdKahcyOTYsMzgwLDQ3Nyw0ODMsNDg0LDQ4NWobNDAyLDQwMyw0MDYsNDE3LDQ3Myw0OTcsNDk5cjifAZ4BlAEVDhcAWAEKGECwBxHsJhnJMBDzBlLbI1MAS669AWEAHaK2QA93IIfSkQkNAAINYwECBoqoqeo/ofertasv/?filter[tourOperator]=RNBW&filter%5Bperson%5D=2&filter%5BchildAge%5D%5B1%5D=20201210&filter%5Bchild%5D=1","filter_turkey_13_16_days","turcja","marmaris","c","2026-09-04","2026-09-18","15","14","Warszawa","2+1","turcja|marmaris|2026-09-04|2026-09-18|14|Warszawa|2+1"
"Azura World (ex. Wyndham Alanya)","16200.0","05.09.2026 - 18.09.2026","14 dni/13 nocy","","","","","Warszawa","2026-08-23T16:14:12.213705+00:00","https://fly.pl/oferta/turcja-wczasy/?filter[dest]=39:&filter[hotelids]=&filter[cityids]=&filter[cregids]=&filter[ofrType]=&filter[addObjType]=H&filter[whenFrom]=23-08-2026&filter[whenTo]=22-09-2026&filter[duration]=13:16&filter[from]=Warszawa,Warszawa%20-%20Radom&filter[person]=2&filter[child]=1&filter[price]=4000:20000&filter[PriceFrom]=4000&filter[PriceTo]=20000&filter[addCategory]=50&filter[addCatering]=0&filter[addMisc]=0&filter[addTransport]=F&filter[fp]=1&order_by=ofr_price&filter[tourOperator]=0&filter[childAge][1]=20201210","https://datacfstatic.merlinx.pl/WEZY/IMG/76255/22583b3c8e09c577b045f09bb489a296f2b2e630d003cd7a52002e732630e66d.webp","https://fly.pl/wycieczka/turcja,alanya,turkler/wyndham-alanya-11/pS_ge5pxmMeBLAcLry5O6JAAogmsXxuaPv8cMr5OVDSXjEeQAAAABJqwQAyG0EAA0AAQAqBFdFWlkw3Lis1AZIyH5QQVinAmADaglFbnRlciBBaXJqBDA2NDBqBDA5MTByRJ4BlQGYAR8AAgEcABYEFwgS5wMT-AoUmgNP_1xMAECcEkvnxQFQABHXjAIg6YcNHYF7G5LCXw3Ot-IIARJjAQxjAQMLkrBGVg/ofertasv/?filter[tourOperator]=WEZY&filter%5Bperson%5D=2&filter%5BchildAge%5D%5B1%5D=20201210&filter%5Bchild%5D=1","filter_turkey_13_16_days","turcja","alanya","turkler","2026-09-05","2026-09-18","14","13","Warszawa","2+1","turcja|alanya|2026-09-05|2026-09-18|13|Warszawa|2+1"
"Asia Beach Resort and Spa","16206.0","26.08.2026 - 09.09.2026","15 dni/14 nocy","4.4","4.4","1819","tripadvisor","Warszawa","2026-08-23T16:14:12.213705+00:00","https://fly.pl/oferta/turcja-wczasy/?filter[dest]=39:&filter[hotelids]=&filter[cityids]=&filter[cregids]=&filter[ofrType]=&filter[addObjType]=H&filter[whenFrom]=23-08-2026&filter[whenTo]=22-09-2026&filter[duration]=13:16&filter[from]=Warszawa,Warszawa%20-%20Radom&filter[person]=2&filter[child]=1&filter[price]=4000:20000&filter[PriceFrom]=4000&filter[PriceTo]=20000&filter[addCategory]=50&filter[addCatering]=0&filter[addMisc]=0&filter[addTransport]=F&filter[fp]=1&order_by=ofr_price&filter[tourOperator]=0&filter[childAge][1]=20201210","https://fly.pl/cdn/photo/assets/uploads/582/278/2015/10/Asia-Beach-Resort-Hotel.jpg","https://fly.pl/wycieczka/turcja,alanya,c/asia-beach-resort/pEZ74VaH3gp-bGQaQDGqjpAAogvEvnvs47Mt1Hvmr8QMEHXEpXy9wZyKNHUkemvN4giIgqBFJOQlcw3Lis1AZIzn5QQVg3YAJqBEJ3Y0RqFzI5NiwzODAsNDc3LDQ4Myw0ODQsNDg1ahs0MDIsNDAzLDQwNiw0MTcsNDczLDQ5Nyw0OTlyOZ8BngGUARUOFwBYAQoEQMQHEdoNEPwMGeQ8UvQPUwBLg9gBYQAd0IZBD5MCIO__kAkNAAIMYwECC054PNM/ofertasv/?filter[tourOperator]=RNBW&filter%5Bperson%5D=2&filter%5BchildAge%5D%5B1%5D=20201210&filter%5Bchild%5D=1","filter_turkey_13_16_days","turcja","alanya","c","2026-08-26","2026-09-09","15","14","Warszawa","2+1","turcja|alanya|2026-08-26|2026-09-09|14|Warszawa|2+1"
"Amara Comfort Resort Kemer (ex. Loxia Comfort Resort Kemer)","16227.0","08.09.2026 - 21.09.2026","14 dni/13 nocy","4.3","4.3","1593","tripadvisor","Warszawa","2026-08-23T16:14:12.213705+00:00","https://fly.pl/oferta/turcja-wczasy/?filter[dest]=39:&filter[hotelids]=&filter[cityids]=&filter[cregids]=&filter[ofrType]=&filter[addObjType]=H&filter[whenFrom]=23-08-2026&filter[whenTo]=22-09-2026&filter[duration]=13:16&filter[from]=Warszawa,Warszawa%20-%20Radom&filter[person]=2&filter[child]=1&filter[price]=4000:20000&filter[PriceFrom]=4000&filter[PriceTo]=20000&filter[addCategory]=50&filter[addCatering]=0&filter[addMisc]=0&filter[addTransport]=F&filter[fp]=1&order_by=ofr_price&filter[tourOperator]=0&filter[childAge][1]=20201210","https://fly.pl/cdn/photo/assets/uploads/582/278/2016/04/Diamonds-Club-Kemer-fly-pl.jpg","https://fly.pl/wycieczka/turcja,kemer,goynuk/diamonds-club-kemer/p1oy8P7ccnT1IiWRoeainxAAogzIYTaQNazWlRnWtwlRb3moRXb0S2CkfY7MNA9xXe7tgqBE9SRVgw3Lis1AZI435QQVjvAmACagdFTDMuMi4xcjabARUNFwBYAlYCXAhAwgYR1iJPhR5dJFOrJ1IAXpaUAUvtQ2EATOWMOiC__JcJDQACEmMBAguA0_P1/ofertasv/?filter[tourOperator]=OREX&filter%5Bperson%5D=2&filter%5BchildAge%5D%5B1%5D=20201210&filter%5Bchild%5D=1","filter_turkey_13_16_days","turcja","kemer","goynuk","2026-09-08","2026-09-21","14","13","Warszawa","2+1","turcja|kemer|2026-09-08|2026-09-21|13|Warszawa|2+1"
"Kustur Club Holiday Village","16320.0","25.08.2026 - 08.09.2026","15 dni/14 nocy","4.5","4.5","4084","tripadvisor","Warszawa","2026-08-23T16:14:12.213705+00:00","https://fly.pl/oferta/turcja-wczasy/?filter[dest]=39:&filter[hotelids]=&filter[cityids]=&filter[cregids]=&filter[ofrType]=&filter[addObjType]=H&filter[whenFrom]=23-08-2026&filter[whenTo]=22-09-2026&filter[duration]=13:16&filter[from]=Warszawa,Warszawa%20-%20Radom&filter[person]=2&filter[child]=1&filter[price]=4000:20000&filter[PriceFrom]=4000&filter[PriceTo]=20000&filter[addCategory]=50&filter[addCatering]=0&filter[addMisc]=0&filter[addTransport]=F&filter[fp]=1&order_by=ofr_price&filter[tourOperator]=0&filter[childAge][1]=20201210","https://fly.pl/cdn/photo/assets/uploads/582/278/2016/01/Kustur-Club-Holiday-Village.jpg","https://fly.pl/wycieczka/turcja,kusadasi,c/majesty-club-kustur-ex-kustur-club-h-v/pwa5sHkbHCYivYZOSYFIxEAAog0bQwFHSmAsiF-ongcJuz6gAAAAAGpwQAHacEAA4AAAAqBFdFWlkw3Lis1AZIwH9QQVgfYANqCUVudGVyIEFpcmoEMDQ1NWoEMDY1NXJBngGVAZgBHwACARYAHAAXDRLmAxPMCBTjAkzcWU8AQKIYEeMIS4S9AVAAG4tPHfO3DyAXDbyBwgkBEmMBDGMBAgsIVcXZ/ofertasv/?filter[tourOperator]=WEZY&filter%5Bperson%5D=2&filter%5BchildAge%5D%5B1%5D=20201210&filter%5Bchild%5D=1","filter_turkey_13_16_days","turcja","kusadasi","c","2026-08-25","2026-09-08","15","14","Warszawa","2+1","turcja|kusadasi|2026-08-25|2026-09-08|14|Warszawa|2+1"
"L' Oceanica Beach Resort (Kemer)","16326.0","08.09.2026 - 21.09.2026","14 dni/13 nocy","4.3","4.3","1149","tripadvisor","Warszawa","2026-08-23T16:14:12.213705+00:00","https://fly.pl/oferta/turcja-wczasy/?filter[dest]=39:&filter[hotelids]=&filter[cityids]=&filter[cregids]=&filter[ofrType]=&filter[addObjType]=H&filter[whenFrom]=23-08-2026&filter[whenTo]=22-09-2026&filter[duration]=13:16&filter[from]=Warszawa,Warszawa%20-%20Radom&filter[person]=2&filter[child]=1&filter[price]=4000:20000&filter[PriceFrom]=4000&filter[PriceTo]=20000&filter[addCategory]=50&filter[addCatering]=0&filter[addMisc]=0&filter[addTransport]=F&filter[fp]=1&order_by=ofr_price&filter[tourOperator]=0&filter[childAge][1]=20201210","https://fly.pl/cdn/photo/assets/uploads/582/278/2014/09/L-Oceanica-Beach-Resort.jpg","https://fly.pl/wycieczka/turcja,kemer,camyuva/oceanica-beach-resort/pSqsKZIXqWxtkw3q0UiPiXAAogkVh7Z3Netx4kkeUa3TaD9oRXb0S2CkfY7MNA9xXe7tgqBE9SRVgw3Lis1AZIxn9QQVjvAmACagYzVy4yLjFyNpsBFQ0XAFgCVgJcCBHNA0D1Ak_bQF0kU6snUgBelpQBS-1DYQBM5Yw6IL_8lwkNAAISYwECBn8vB_0/ofertasv/?filter[tourOperator]=OREX&filter%5Bperson%5D=2&filter%5BchildAge%5D%5B1%5D=20201210&filter%5Bchild%5D=1","filter_turkey_13_16_days","turcja","kemer","camyuva","2026-09-08","2026-09-21","14","13","Warszawa","2+1","turcja|kemer|2026-09-08|2026-09-21|13|Warszawa|2+1"
"Club Kastalia","16357.0","29.08.2026 - 12.09.2026","15 dni/14 nocy","4.3","4.3","904","tripadvisor","Warszawa","2026-08-23T16:14:12.213705+00:00","https://fly.pl/oferta/turcja-wczasy/?filter[dest]=39:&filter[hotelids]=&filter[cityids]=&filter[cregids]=&filter[ofrType]=&filter[addObjType]=H&filter[whenFrom]=23-08-2026&filter[whenTo]=22-09-2026&filter[duration]=13:16&filter[from]=Warszawa,Warszawa%20-%20Radom&filter[person]=2&filter[child]=1&filter[price]=4000:20000&filter[PriceFrom]=4000&filter[PriceTo]=20000&filter[addCategory]=50&filter[addCatering]=0&filter[addMisc]=0&filter[addTransport]=F&filter[fp]=1&order_by=ofr_price&filter[tourOperator]=0&filter[childAge][1]=20201210","https://fly.pl/cdn/photo/assets/uploads/582/278/2015/04/Club-Kastalia.jpg","https://fly.pl/wycieczka/turcja,alanya,konakli/club-kastalia/p5poaCxRnGR3xIFbWU_kc4AAogkYtfxGxRXCP-2V8med9Qzhleql_vgBzW78-3GSKx6FwqBFZJVFgw3Lis1AZI5X9QQVh_YAJyPxoAXAoVBBcAWAFAjwNT52tSAFuwGV7mekvtQ2EATIehPCDO55UJDQBR0OGD7lhP9pYiXZTlpoGtAQINYwECDNSRqxQ/ofertasv/?filter[tourOperator]=VITX&filter%5Bperson%5D=2&filter%5BchildAge%5D%5B1%5D=20201210&filter%5Bchild%5D=1","filter_turkey_13_16_days","turcja","alanya","konakli","2026-08-29","2026-09-12","15","14","Warszawa","2+1","turcja|alanya|2026-08-29|2026-09-12|14|Warszawa|2+1"
"Crystal Tat Beach Pearl Collection","16357.0","04.09.2026 - 18.09.2026","15 dni/14 nocy","4.5","4.5","5266","tripadvisor","Warszawa","2026-08-23T16:14:12.213705+00:00","https://fly.pl/oferta/turcja-wczasy/?filter[dest]=39:&filter[hotelids]=&filter[cityids]=&filter[cregids]=&filter[ofrType]=&filter[addObjType]=H&filter[whenFrom]=23-08-2026&filter[whenTo]=22-09-2026&filter[duration]=13:16&filter[from]=Warszawa,Warszawa%20-%20Radom&filter[person]=2&filter[child]=1&filter[price]=4000:20000&filter[PriceFrom]=4000&filter[PriceTo]=20000&filter[addCategory]=50&filter[addCatering]=0&filter[addMisc]=0&filter[addTransport]=F&filter[fp]=1&order_by=ofr_price&filter[tourOperator]=0&filter[childAge][1]=20201210","https://fly.pl/cdn/photo/assets/uploads/582/278/2015/04/Crystal-Tat-Beach.jpg","https://fly.pl/wycieczka/turcja,belek,c/crystal-tat-beach/phuyVZpnaIw5SOrSkAKsUSAAogCYjgqCs_MiHMgKx0XybAozwQXJjsZ45k64gmT0LxrB8qBFZJVFgw3Lis1AZI5X9QQViPAmACcj8aAFwKFQQXAFgBQI8DU-drUgBb2BdevnxL7UNhAEyptDkg99SYCQ0AUdexne5YT6rGCF2U5aaBrQECDGMBAgtkk9GC/ofertasv/?filter[tourOperator]=VITX&filter%5Bperson%5D=2&filter%5BchildAge%5D%5B1%5D=20201210&filter%5Bchild%5D=1","filter_turkey_13_16_days","turcja","belek","c","2026-09-04","2026-09-18","15","14","Warszawa","2+1","turcja|belek|2026-09-04|2026-09-18|14|Warszawa|2+1"
"Design Plus Seya Beach","16357.0","01.09.2026 - 16.09.2026","16 dni/14 nocy","4.6","4.6","1685","tripadvisor","Warszawa","2026-08-23T16:14:12.213705+00:00","https://fly.pl/oferta/turcja-wczasy/?filter[dest]=39:&filter[hotelids]=&filter[cityids]=&filter[cregids]=&filter[ofrType]=&filter[addObjType]=H&filter[whenFrom]=23-08-2026&filter[whenTo]=22-09-2026&filter[duration]=13:16&filter[from]=Warszawa,Warszawa%20-%20Radom&filter[person]=2&filter[child]=1&filter[price]=4000:20000&filter[PriceFrom]=4000&filter[PriceTo]=20000&filter[addCategory]=50&filter[addCatering]=0&filter[addMisc]=0&filter[addTransport]=F&filter[fp]=1&order_by=ofr_price&filter[tourOperator]=0&filter[childAge][1]=20201210","https://datacfstatic.merlinx.pl/ITAK/IMG/ADBDESI/c1b983f7f2c524709ebdc945186ff62ce4d0078f550a78cc3b6e63214587de0d.webp","https://fly.pl/wycieczka/turcja,cesme,alacati/design-plus-seya-beach-11/pxB0-oH2GBVsbAnBR3Sa9mAAogcMixAQcVEApslOTd2I9kT_2zGYwqFYg4ECCf9wRZdxcqBFZJVFgw3Lis1AZI5X9QQVjHAWACcj8aAFwKFQQXAFgBQI8DU-FlUgBbniJe_ndL7UNhAEzHtDkN1tSYCSABUfyF_YFUT4DmNV28l5jtsQECDWMBAgwh_1Kk/ofertasv/?filter[tourOperator]=VITX&filter%5Bperson%5D=2&filter%5BchildAge%5D%5B1%5D=20201210&filter%5Bchild%5D=1","filter_turkey_13_16_days","turcja","cesme","alacati","2026-09-01","2026-09-16","16","14","Warszawa","2+1","turcja|cesme|2026-09-01|2026-09-16|14|Warszawa|2+1"
"Saphir Hotel & Villas","16408.0","05.09.2026 - 18.09.2026","14 dni/13 nocy","4.4","4.4","1448","tripadvisor","Warszawa","2026-08-23T16:14:12.213705+00:00","https://fly.pl/oferta/turcja-wczasy/?filter[dest]=39:&filter[hotelids]=&filter[cityids]=&filter[cregids]=&filter[ofrType]=&filter[addObjType]=H&filter[whenFrom]=23-08-2026&filter[whenTo]=22-09-2026&filter[duration]=13:16&filter[from]=Warszawa,Warszawa%20-%20Radom&filter[person]=2&filter[child]=1&filter[price]=4000:20000&filter[PriceFrom]=4000&filter[PriceTo]=20000&filter[addCategory]=50&filter[addCatering]=0&filter[addMisc]=0&filter[addTransport]=F&filter[fp]=1&order_by=ofr_price&filter[tourOperator]=0&filter[childAge][1]=20201210","https://fly.pl/cdn/photo/assets/uploads/582/278/2015/04/Saphir-fly-pl-1.jpg","https://fly.pl/wycieczka/turcja,alanya,konakli/saphir/pkZkGhYJSHUO6ovGlarDpVAAoguK5Gy_bMBau4rTdticDq54Yzxft59rnFXAkAxIkkmr0qBEVYSU0w3Lis1AZImIABUAFYpwJgAmoDVUFJciIcEf63BrkEy9RAqwSqARv_7TYYir07AY2t3JwKAhJjAQILLvaXJw/ofertasv/?filter[tourOperator]=EXIM&filter%5Bperson%5D=2&filter%5BchildAge%5D%5B1%5D=20201210&filter%5Bchild%5D=1","filter_turkey_13_16_days","turcja","alanya","konakli","2026-09-05","2026-09-18","14","13","Warszawa","2+1","turcja|alanya|2026-09-05|2026-09-18|13|Warszawa|2+1"
"Diamond Premium","16471.0","05.09.2026 - 18.09.2026","14 dni/13 nocy","3.9","3.9","746","tripadvisor","Warszawa","2026-08-23T16:14:12.213705+00:00","https://fly.pl/oferta/turcja-wczasy/?filter[dest]=39:&filter[hotelids]=&filter[cityids]=&filter[cregids]=&filter[ofrType]=&filter[addObjType]=H&filter[whenFrom]=23-08-2026&filter[whenTo]=22-09-2026&filter[duration]=13:16&filter[from]=Warszawa,Warszawa%20-%20Radom&filter[person]=2&filter[child]=1&filter[price]=4000:20000&filter[PriceFrom]=4000&filter[PriceTo]=20000&filter[addCategory]=50&filter[addCatering]=0&filter[addMisc]=0&filter[addTransport]=F&filter[fp]=1&order_by=ofr_price&filter[tourOperator]=0&filter[childAge][1]=20201210","https://fly.pl/cdn/photo/assets/uploads/582/278/2015/06/Diamond-Premium.jpg","https://fly.pl/wycieczka/turcja,side,titreyengol/diamond-premium/pYu19Rtkn3g7ZcDFaLT5wnAAogCWsQv80P0iT1q5QQnoeBegAAAAA6cQQA9m0EAA0AAAAqBFdFWlkw3Lis1AZI14ABUEFYpwJgA2odTE9UIFBvbGlzaCBBaXJsaW5lcy9FbnRlciBBaXJyQp4BHwAcAQIAFgAXDBLnAxWFBROJAhgKFJADEahgT0FMAECcElDnxQFLABuhMSDN4w4dxAYN7-3CCQESYwENYwEDDG4XEIU/ofertasv/?filter[tourOperator]=WEZY&filter%5Bperson%5D=2&filter%5BchildAge%5D%5B1%5D=20201210&filter%5Bchild%5D=1","filter_turkey_13_16_days","turcja","side","titreyengol","2026-09-05","2026-09-18","14","13","Warszawa","2+1","turcja|side|2026-09-05|2026-09-18|13|Warszawa|2+1"
"Greenwood Kemer Resort (ex. Sherwood Greenwood Resort)","16506.0","05.09.2026 - 18.09.2026","14 dni/13 nocy","4.5","4.5","3805","tripadvisor","Warszawa","2026-08-23T16:14:12.213705+00:00","https://fly.pl/oferta/turcja-wczasy/?filter[dest]=39:&filter[hotelids]=&filter[cityids]=&filter[cregids]=&filter[ofrType]=&filter[addObjType]=H&filter[whenFrom]=23-08-2026&filter[whenTo]=22-09-2026&filter[duration]=13:16&filter[from]=Warszawa,Warszawa%20-%20Radom&filter[person]=2&filter[child]=1&filter[price]=4000:20000&filter[PriceFrom]=4000&filter[PriceTo]=20000&filter[addCategory]=50&filter[addCatering]=0&filter[addMisc]=0&filter[addTransport]=F&filter[fp]=1&order_by=ofr_price&filter[tourOperator]=0&filter[childAge][1]=20201210","https://fly.pl/cdn/photo/assets/uploads/582/278/2016/04/GREENWOOD-KEMER-RESORT.jpg","https://fly.pl/wycieczka/turcja,kemer,goynuk/sherwood-greenwood/pXmVvwBzxsCNHN2_N7jcTSAAogvCXrU9qykxEOeq8x0P6ioQAAAAA6cQQA9m0EAA0ABAAqBFdFWlkw3Lis1AZI-oABUEFYpwJgA2odTE9UIFBvbGlzaCBBaXJsaW5lcy9FbnRlciBBaXJyRJ4BHwAcAQIAFgQXCBLnAxGuARXXAxOJAhgKFJADT-lgTABAnBJQ58UBSwAg7pQPHcQGG4zHTQ3jpvUIARJjAQxjAQIL3-ceEg/ofertasv/?filter[tourOperator]=WEZY&filter%5Bperson%5D=2&filter%5BchildAge%5D%5B1%5D=20201210&filter%5Bchild%5D=1","filter_turkey_13_16_days","turcja","kemer","goynuk","2026-09-05","2026-09-18","14","13","Warszawa","2+1","turcja|kemer|2026-09-05|2026-09-18|13|Warszawa|2+1"
"Terrace Elite Resort","16586.0","09.09.2026 - 22.09.2026","14 dni/13 nocy","4.5","4.5","1390","tripadvisor","Warszawa","2026-08-23T16:14:12.213705+00:00","https://fly.pl/oferta/turcja-wczasy/?filter[dest]=39:&filter[hotelids]=&filter[cityids]=&filter[cregids]=&filter[ofrType]=&filter[addObjType]=H&filter[whenFrom]=23-08-2026&filter[whenTo]=22-09-2026&filter[duration]=13:16&filter[from]=Warszawa,Warszawa%20-%20Radom&filter[person]=2&filter[child]=1&filter[price]=4000:20000&filter[PriceFrom]=4000&filter[PriceTo]=20000&filter[addCategory]=50&filter[addCatering]=0&filter[addMisc]=0&filter[addTransport]=F&filter[fp]=1&order_by=ofr_price&filter[tourOperator]=0&filter[childAge][1]=20201210","https://fly.pl/cdn/photo/assets/uploads/582/278/2015/11/Terrace-Elite-Resort-fly-pl.jpg","https://fly.pl/wycieczka/turcja,side,c/terrace-elite-resort/pPsI0Up-4r4mqDKR8q6m1VAAogM2UvWqYcyciM-2flei9msAAAAACrZwQAW2UEAA0ADQAqBFdFWlkw3Lis1AZIyoEBUEFYhwNgA2oJRW50ZXIgQWlyagQwNTMwckKeAZMBHwACARYAHAAXDBLnAxT5AxVuGOsBEYo4TLUsTwBAnBJL58UBUAAbnDEgt9IOHdAEDYKBwwkBEmMBD2MBAg4-_7nP/ofertasv/?filter[tourOperator]=WEZY&filter%5Bperson%5D=2&filter%5BchildAge%5D%5B1%5D=20201210&filter%5Bchild%5D=1","filter_turkey_13_16_days","turcja","side","c","2026-09-09","2026-09-22","14","13","Warszawa","2+1","turcja|side|2026-09-09|2026-09-22|13|Warszawa|2+1"
"Primasol Hane Family Resort","16596.0","08.09.2026 - 21.09.2026","14 dni/13 nocy","4.1","4.1","371","tripadvisor","Warszawa","2026-08-23T16:14:12.213705+00:00","https://fly.pl/oferta/turcja-wczasy/?filter[dest]=39:&filter[hotelids]=&filter[cityids]=&filter[cregids]=&filter[ofrType]=&filter[addObjType]=H&filter[whenFrom]=23-08-2026&filter[whenTo]=22-09-2026&filter[duration]=13:16&filter[from]=Warszawa,Warszawa%20-%20Radom&filter[person]=2&filter[child]=1&filter[price]=4000:20000&filter[PriceFrom]=4000&filter[PriceTo]=20000&filter[addCategory]=50&filter[addCatering]=0&filter[addMisc]=0&filter[addTransport]=F&filter[fp]=1&order_by=ofr_price&filter[tourOperator]=0&filter[childAge][1]=20201210","https://fly.pl/cdn/photo/assets/uploads/582/278/2015/04/Primasol-Hane-Family-Resort.jpg","https://fly.pl/wycieczka/turcja,side,c/primasol-hane-family-resort/paFIhIm7vdZrhXrTpsudn7AAogkpZJEc3bS3SnPsyX5uKhaoRXb0S2CkfY7MNA9xXe7tgqBE9SRVgw3Lis1AZI1IEBUEFY7wJgAmoFRS4yLjFyNpsBXAoVAxcAWAJWAkDKBhGgDk-7Ml0kUqsnUwBelpQBYe1DSwBM5Yw6IL_8lwkNAAISYwECDD9_gkA/ofertasv/?filter[tourOperator]=OREX&filter%5Bperson%5D=2&filter%5BchildAge%5D%5B1%5D=20201210&filter%5Bchild%5D=1","filter_turkey_13_16_days","turcja","side","c","2026-09-08","2026-09-21","14","13","Warszawa","2+1","turcja|side|2026-09-08|2026-09-21|13|Warszawa|2+1"
"Aria Resort & SPA","16597.0","05.09.2026 - 18.09.2026","14 dni/13 nocy","4.8","4.8","1982","tripadvisor","Warszawa","2026-08-23T16:14:12.213705+00:00","https://fly.pl/oferta/turcja-wczasy/?filter[dest]=39:&filter[hotelids]=&filter[cityids]=&filter[cregids]=&filter[ofrType]=&filter[addObjType]=H&filter[whenFrom]=23-08-2026&filter[whenTo]=22-09-2026&filter[duration]=13:16&filter[from]=Warszawa,Warszawa%20-%20Radom&filter[person]=2&filter[child]=1&filter[price]=4000:20000&filter[PriceFrom]=4000&filter[PriceTo]=20000&filter[addCategory]=50&filter[addCatering]=0&filter[addMisc]=0&filter[addTransport]=F&filter[fp]=1&order_by=ofr_price&filter[tourOperator]=0&filter[childAge][1]=20201210","https://fly.pl/cdn/photo/assets/uploads/582/278/2015/01/ARIA-RESORT-SPA.jpg","https://fly.pl/wycieczka/turcja,alanya,c/mirador-club-alanya/pydZDsKMTeehUw3K9qanTDAAogR20LXVD4RW_QVBCTtO1GsAAAAAA6cQQA9m0EAA0ABAAqBFdFWlkw3Lis1AZI1YEBUEFYpwJgA2odTE9UIFBvbGlzaCBBaXJsaW5lcy9FbnRlciBBaXJyRJ4BHwAcAQIAFgAXDBLnAxWFBROJAhgKFJADT-lgTABAnBIR0YgBUJY9SwAb7JAEIIKECx3EBg3v7cIJARJjAQtjAQMKqN9hxA/ofertasv/?filter[tourOperator]=WEZY&filter%5Bperson%5D=2&filter%5BchildAge%5D%5B1%5D=20201210&filter%5Bchild%5D=1","filter_turkey_13_16_days","turcja","alanya","c","2026-09-05","2026-09-18","14","13","Warszawa","2+1","turcja|alanya|2026-09-05|2026-09-18|13|Warszawa|2+1"
"Sunis Elita Beach Resort (ex Asteria Elita)","16602.0","05.09.2026 - 18.09.2026","14 dni/13 nocy","4.6","4.6","2496","tripadvisor","Warszawa","2026-08-23T16:14:12.213705+00:00","https://fly.pl/oferta/turcja-wczasy/?filter[dest]=39:&filter[hotelids]=&filter[cityids]=&filter[cregids]=&filter[ofrType]=&filter[addObjType]=H&filter[whenFrom]=23-08-2026&filter[whenTo]=22-09-2026&filter[duration]=13:16&filter[from]=Warszawa,Warszawa%20-%20Radom&filter[person]=2&filter[child]=1&filter[price]=4000:20000&filter[PriceFrom]=4000&filter[PriceTo]=20000&filter[addCategory]=50&filter[addCatering]=0&filter[addMisc]=0&filter[addTransport]=F&filter[fp]=1&order_by=ofr_price&filter[tourOperator]=0&filter[childAge][1]=20201210","https://fly.pl/cdn/photo/assets/uploads/582/278/2014/10/Sunis-Elita-Beach-Resort-ex-Asteria-Elita-fly-pl.jpg","https://fly.pl/wycieczka/turcja,side,kizilagac/sunis-elita-beach-resort-ex-asteria-elita/pK9MPB7GPooaO_E2Tp9ToFAAogI3YlqfbaeCzXp-tFr3BASAAAAAA6cQQAyG0EAA0AAQAqBFdFWlkw3Lis1AZI2oEBUEFYpwJgA2odTE9UIFBvbGlzaCBBaXJsaW5lcy9FbnRlciBBaXJqBDA2NDBqBDA5MTByQp4BlQGYAR8AAgEWABwAFwwS5wMTjgcUmgMR4xBMhlBPAECcEkvnxQFQABuONSCy3w4d8gYN7-3CCQESYwENYwEDDFR9jJI/ofertasv/?filter[tourOperator]=WEZY&filter%5Bperson%5D=2&filter%5BchildAge%5D%5B1%5D=20201210&filter%5Bchild%5D=1","filter_turkey_13_16_days","turcja","side","kizilagac","2026-09-05","2026-09-18","14","13","Warszawa","2+1","turcja|side|2026-09-05|2026-09-18|13|Warszawa|2+1"
"Armas Labada","16605.0","08.09.2026 - 21.09.2026","14 dni/13 nocy","3.5","3.5","427","tripadvisor","Warszawa","2026-08-23T16:14:12.213705+00:00","https://fly.pl/oferta/turcja-wczasy/?filter[dest]=39:&filter[hotelids]=&filter[cityids]=&filter[cregids]=&filter[ofrType]=&filter[addObjType]=H&filter[whenFrom]=23-08-2026&filter[whenTo]=22-09-2026&filter[duration]=13:16&filter[from]=Warszawa,Warszawa%20-%20Radom&filter[person]=2&filter[child]=1&filter[price]=4000:20000&filter[PriceFrom]=4000&filter[PriceTo]=20000&filter[addCategory]=50&filter[addCatering]=0&filter[addMisc]=0&filter[addTransport]=F&filter[fp]=1&order_by=ofr_price&filter[tourOperator]=0&filter[childAge][1]=20201210","https://fly.pl/cdn/photo/assets/uploads/582/278/2017/01/Armas-Labada.jpg","https://fly.pl/wycieczka/turcja,kemer,camyuva/armas-labada/p1lyyw8f03atNWAXVYIkSJAAog-Po6jGsYkMA45ZHycFSTUIRXb0S2CkfY7MNA9xXe7tgqBE9SRVgw3Lis1AZI3YEBUEFY7wJgAmoGSjAuMi4xcjabARUNFwBYAlYCXAhAwgYR0g9PiTFdJFOrJ1IAXpaUAUvtQ2EATOWMOiC__JcJDQACEmMBAgvEP7wu/ofertasv/?filter[tourOperator]=OREX&filter%5Bperson%5D=2&filter%5BchildAge%5D%5B1%5D=20201210&filter%5Bchild%5D=1","filter_turkey_13_16_days","turcja","kemer","camyuva","2026-09-08","2026-09-21","14","13","Warszawa","2+1","turcja|kemer|2026-09-08|2026-09-21|13|Warszawa|2+1"
"Charisma Deluxe (Kusadasi)","16617.0","01.09.2026 - 15.09.2026","15 dni/14 nocy","4.1","4.1","1987","tripadvisor","Warszawa","2026-08-23T16:14:12.213705+00:00","https://fly.pl/oferta/turcja-wczasy/?filter[dest]=39:&filter[hotelids]=&filter[cityids]=&filter[cregids]=&filter[ofrType]=&filter[addObjType]=H&filter[whenFrom]=23-08-2026&filter[whenTo]=22-09-2026&filter[duration]=13:16&filter[from]=Warszawa,Warszawa%20-%20Radom&filter[person]=2&filter[child]=1&filter[price]=4000:20000&filter[PriceFrom]=4000&filter[PriceTo]=20000&filter[addCategory]=50&filter[addCatering]=0&filter[addMisc]=0&filter[addTransport]=F&filter[fp]=1&order_by=ofr_price&filter[tourOperator]=0&filter[childAge][1]=20201210","https://fly.pl/cdn/photo/assets/uploads/582/278/2024/07/charisma-deluxe.jpg","https://fly.pl/wycieczka/turcja,kusadasi,c/charisma-deluxe-9/pGc7UbOzsNM4T3IDtZbslxAAog5xIuTdAn0R7-OKHPXB1PEmyrBJeBM9deFREZqudkROsqBEJWQkUw3Lis1AZI6YEBUAFYxwFgAmoCQkJyIRwRy9wBG5jKPximwxS5BPzdI6sEAQHVx8_CAwIAYwEDBjJHNHA/ofertasv/?filter[tourOperator]=BVBE&filter%5Bperson%5D=2&filter%5BchildAge%5D%5B1%5D=20201210&filter%5Bchild%5D=1","filter_turkey_13_16_days","turcja","kusadasi","c","2026-09-01","2026-09-15","15","14","Warszawa","2+1","turcja|kusadasi|2026-09-01|2026-09-15|14|Warszawa|2+1"
"Royal Asarlik Beach","16620.0","03.09.2026 - 17.09.2026","15 dni/14 nocy","4.3","4.3","4805","tripadvisor","Warszawa","2026-08-23T16:14:12.213705+00:00","https://fly.pl/oferta/turcja-wczasy/?filter[dest]=39:&filter[hotelids]=&filter[cityids]=&filter[cregids]=&filter[ofrType]=&filter[addObjType]=H&filter[whenFrom]=23-08-2026&filter[whenTo]=22-09-2026&filter[duration]=13:16&filter[from]=Warszawa,Warszawa%20-%20Radom&filter[person]=2&filter[child]=1&filter[price]=4000:20000&filter[PriceFrom]=4000&filter[PriceTo]=20000&filter[addCategory]=50&filter[addCatering]=0&filter[addMisc]=0&filter[addTransport]=F&filter[fp]=1&order_by=ofr_price&filter[tourOperator]=0&filter[childAge][1]=20201210","https://fly.pl/cdn/photo/assets/uploads/582/278/2014/09/Royal-Asarlik-Beach-fly-pl.jpg","https://fly.pl/wycieczka/turcja,bodrum,gumbet/royal-asarlik-beach/pFsqzc3fm9QrBlxQ8RxhouAAogm5KfaIbJl7dSdlHBwBfN9ge2Quqm3PwaZOcmM0_zULAqBFJOQlcw3Lis1AZI7IEBUEFY9wFgAmoEQ0FnSmoXMjk2LDM4MCw0NzcsNDgzLDQ4NCw0ODVyNp8BngEVDhcAWAEKGECwBxHHIhCPLhngBlLuFVMAS43SAWEAHYaUQA85IOD0kQkNAAINYwECBodHr54/ofertasv/?filter[tourOperator]=RNBW&filter%5Bperson%5D=2&filter%5BchildAge%5D%5B1%5D=20201210&filter%5Bchild%5D=1","filter_turkey_13_16_days","turcja","bodrum","gumbet","2026-09-03","2026-09-17","15","14","Warszawa","2+1","turcja|bodrum|2026-09-03|2026-09-17|14|Warszawa|2+1"
"Hillstone Bodrum (ex. Grand Yazici)","16666.0","27.08.2026 - 10.09.2026","15 dni/14 nocy","4.4","4.4","647","tripadvisor","Warszawa","2026-08-23T16:14:12.213705+00:00","https://fly.pl/oferta/turcja-wczasy/?filter[dest]=39:&filter[hotelids]=&filter[cityids]=&filter[cregids]=&filter[ofrType]=&filter[addObjType]=H&filter[whenFrom]=23-08-2026&filter[whenTo]=22-09-2026&filter[duration]=13:16&filter[from]=Warszawa,Warszawa%20-%20Radom&filter[person]=2&filter[child]=1&filter[price]=4000:20000&filter[PriceFrom]=4000&filter[PriceTo]=20000&filter[addCategory]=50&filter[addCatering]=0&filter[addMisc]=0&filter[addTransport]=F&filter[fp]=1&order_by=ofr_price&filter[tourOperator]=0&filter[childAge][1]=20201210","https://datacfstatic.merlinx.pl/WEZY/IMG/31880/5384dbb8ecf296b74ed2cec069200fb3eed96540d4e2542a8deebbe137a50964.webp","https://fly.pl/wycieczka/turcja,bodrum,c/hillstone-bodrum-ex-grand-yazici-12/pEi5y1FDtPGc1UqU6VdX-OAAogadURmUl1tm6qbdNPLOQ_dwAAAABqbAQAh2wEAA4AIgAqBFdFWlkw3Lis1AZImoIBUEFYT2ADahNMT1QgUG9saXNoIEFpcmxpbmVzagQwNjU1ckGeAZMBHwACARwAFw0WBBLiAxSrBBXKBxi-AUzUY08AQKYMEed3S4BOUAAbpjUdvNwOIB0N1PbCCQESYwEHYwECBnh874A/ofertasv/?filter[tourOperator]=WEZY&filter%5Bperson%5D=2&filter%5BchildAge%5D%5B1%5D=20201210&filter%5Bchild%5D=1","filter_turkey_13_16_days","turcja","bodrum","c","2026-08-27","2026-09-10","15","14","Warszawa","2+1","turcja|bodrum|2026-08-27|2026-09-10|14|Warszawa|2+1"
"Seaden Sea World Resort & Spa","16682.0","05.09.2026 - 18.09.2026","14 dni/13 nocy","3.7","3.7","858","tripadvisor","Warszawa","2026-08-23T16:14:12.213705+00:00","https://fly.pl/oferta/turcja-wczasy/?filter[dest]=39:&filter[hotelids]=&filter[cityids]=&filter[cregids]=&filter[ofrType]=&filter[addObjType]=H&filter[whenFrom]=23-08-2026&filter[whenTo]=22-09-2026&filter[duration]=13:16&filter[from]=Warszawa,Warszawa%20-%20Radom&filter[person]=2&filter[child]=1&filter[price]=4000:20000&filter[PriceFrom]=4000&filter[PriceTo]=20000&filter[addCategory]=50&filter[addCatering]=0&filter[addMisc]=0&filter[addTransport]=F&filter[fp]=1&order_by=ofr_price&filter[tourOperator]=0&filter[childAge][1]=20201210","https://fly.pl/cdn/photo/assets/uploads/582/278/2015/01/Seaden-Sea-World-Resort-Spa.jpg","https://fly.pl/wycieczka/turcja,side,kizilagac/sea-world-resort/pK7Gvt6e70XfyS4e6B9TWSAAog2xnjHZt6OzGty9GaOjwAToYzxft59rnFXAkAxIkkmr0qBEVYSU0w3Lis1AZIqoIBUAFYpwJgAmoCQUlyIhwRhrgGuQTD1ECrBKoBG7ukLBi79zUBmPPU9wgCEmMBAwxSIelo/ofertasv/?filter[tourOperator]=EXIM&filter%5Bperson%5D=2&filter%5BchildAge%5D%5B1%5D=20201210&filter%5Bchild%5D=1","filter_turkey_13_16_days","turcja","side","kizilagac","2026-09-05","2026-09-18","14","13","Warszawa","2+1","turcja|side|2026-09-05|2026-09-18|13|Warszawa|2+1"
"Club Paradiso","16713.0","09.09.2026 - 22.09.2026","14 dni/13 nocy","4.1","4.1","673","tripadvisor","Warszawa","2026-08-23T16:14:12.213705+00:00","https://fly.pl/oferta/turcja-wczasy/?filter[dest]=39:&filter[hotelids]=&filter[cityids]=&filter[cregids]=&filter[ofrType]=&filter[addObjType]=H&filter[whenFrom]=23-08-2026&filter[whenTo]=22-09-2026&filter[duration]=13:16&filter[from]=Warszawa,Warszawa%20-%20Radom&filter[person]=2&filter[child]=1&filter[price]=4000:20000&filter[PriceFrom]=4000&filter[PriceTo]=20000&filter[addCategory]=50&filter[addCatering]=0&filter[addMisc]=0&filter[addTransport]=F&filter[fp]=1&order_by=ofr_price&filter[tourOperator]=0&filter[childAge][1]=20201210","https://fly.pl/cdn/photo/assets/uploads/582/278/2014/10/Club-Paradiso.jpg","https://fly.pl/wycieczka/turcja,alanya,kestel/club-paradiso/pNBD-4gI_qhkRi4xQle2NvAAog7-In5Q0UL6g1fuZEgRE3CyGzm71fuxsMU5q28Om4PE0qBE9SRVgw3Lis1AZIyYIBUEFYhwNgAmoGVDMuMi4xcjabARUNFwBYAlYCXAgRnwFAowVP20BdJFOrJ1IAXpaUAUvtQ2EATOWMOiDA_JcJDQACEmMBAgycFz_s/ofertasv/?filter[tourOperator]=OREX&filter%5Bperson%5D=2&filter%5BchildAge%5D%5B1%5D=20201210&filter%5Bchild%5D=1","filter_turkey_13_16_days","turcja","alanya","kestel","2026-09-09","2026-09-22","14","13","Warszawa","2+1","turcja|alanya|2026-09-09|2026-09-22|13|Warszawa|2+1"
"Crystal Sunset Pearl Collection (ex Crystal Sunset Luxury Resort)","16727.0","08.09.2026 - 21.09.2026","14 dni/13 nocy","4.4","4.4","6013","tripadvisor","Warszawa","2026-08-23T16:14:12.213705+00:00","https://fly.pl/oferta/turcja-wczasy/?filter[dest]=39:&filter[hotelids]=&filter[cityids]=&filter[cregids]=&filter[ofrType]=&filter[addObjType]=H&filter[whenFrom]=23-08-2026&filter[whenTo]=22-09-2026&filter[duration]=13:16&filter[from]=Warszawa,Warszawa%20-%20Radom&filter[person]=2&filter[child]=1&filter[price]=4000:20000&filter[PriceFrom]=4000&filter[PriceTo]=20000&filter[addCategory]=50&filter[addCatering]=0&filter[addMisc]=0&filter[addTransport]=F&filter[fp]=1&order_by=ofr_price&filter[tourOperator]=0&filter[childAge][1]=20201210","https://fly.pl/cdn/photo/assets/uploads/582/278/2015/04/Crystal-Sunset-Luxury-Resort-fly-pl.jpg","https://fly.pl/wycieczka/turcja,side,c/crystal-sunset-resort/pzal6m3cfF80NAC9_tX1fPAAoggz2PDaedQ-I4e8Q5MR_qL4RXb0S2CkfY7MNA9xXe7tgqBE9SRVgw3Lis1AZI14IBUEFY7wJgAmoGSjAuMi4xcjabARUNFwBYAlYCXAgRswNAjwNP20BdJFOrJ1IAXpaUAUvtQ2EATOWMOiC__JcJDQACEmMBAguMdv2D/ofertasv/?filter[tourOperator]=OREX&filter%5Bperson%5D=2&filter%5BchildAge%5D%5B1%5D=20201210&filter%5Bchild%5D=1","filter_turkey_13_16_days","turcja","side","c","2026-09-08","2026-09-21","14","13","Warszawa","2+1","turcja|side|2026-09-08|2026-09-21|13|Warszawa|2+1"
"Palm Wings Beach Resort & SPA (Kusadasi)","16742.0","06.09.2026 - 21.09.2026","16 dni/14 nocy","4.5","4.5","3450","tripadvisor","Warszawa","2026-08-23T16:14:12.213705+00:00","https://fly.pl/oferta/turcja-wczasy/?filter[dest]=39:&filter[hotelids]=&filter[cityids]=&filter[cregids]=&filter[ofrType]=&filter[addObjType]=H&filter[whenFrom]=23-08-2026&filter[whenTo]=22-09-2026&filter[duration]=13:16&filter[from]=Warszawa,Warszawa%20-%20Radom&filter[person]=2&filter[child]=1&filter[price]=4000:20000&filter[PriceFrom]=4000&filter[PriceTo]=20000&filter[addCategory]=50&filter[addCatering]=0&filter[addMisc]=0&filter[addTransport]=F&filter[fp]=1&order_by=ofr_price&filter[tourOperator]=0&filter[childAge][1]=20201210","https://fly.pl/cdn/photo/assets/uploads/582/278/2017/12/Palm-Wings-Beach-Resort-SPA-Kusadasi-fly-pl.jpg","https://fly.pl/wycieczka/turcja,kusadasi,c/palm-wings-beach-resort-spa-kusadasi/pVFE4fdQUa5eZN18j1TbRbAAog1u10qqfNpSZpLdOl2EIRP9EzePA6K1TdX_ACAFXiuCcqBFJOQlcw37is1AZI5oIBUEFYvwJgAmoEQ0FoTGoXMjk2LDM4MCw0NzcsNDgzLDQ4NCw0ODVqGzQwMiw0MDMsNDA2LDQxNyw0NzMsNDk3LDQ5OXI5nwGeAZQBFQ5YARcACq0DQJsEEYkJEPMIGbpFUu4VUwBLjdIBYQAPh6ZBHTEg6uKQCQ0AAg1jAQMMhKeLYQ/ofertasv/?filter[tourOperator]=RNBW&filter%5Bperson%5D=2&filter%5BchildAge%5D%5B1%5D=20201210&filter%5Bchild%5D=1","filter_turkey_13_16_days","turcja","kusadasi","c","2026-09-06","2026-09-21","16","14","Warszawa","2+1","turcja|kusadasi|2026-09-06|2026-09-21|14|Warszawa|2+1"
"VONResort Golden Beach","16760.0","08.09.2026 - 21.09.2026","14 dni/13 nocy","4.3","4.3","1111","tripadvisor","Warszawa","2026-08-23T16:14:12.213705+00:00","https://fly.pl/oferta/turcja-wczasy/?filter[dest]=39:&filter[hotelids]=&filter[cityids]=&filter[cregids]=&filter[ofrType]=&filter[addObjType]=H&filter[whenFrom]=23-08-2026&filter[whenTo]=22-09-2026&filter[duration]=13:16&filter[from]=Warszawa,Warszawa%20-%20Radom&filter[person]=2&filter[child]=1&filter[price]=4000:20000&filter[PriceFrom]=4000&filter[PriceTo]=20000&filter[addCategory]=50&filter[addCatering]=0&filter[addMisc]=0&filter[addTransport]=F&filter[fp]=1&order_by=ofr_price&filter[tourOperator]=0&filter[childAge][1]=20201210","https://fly.pl/cdn/photo/assets/uploads/582/278/2015/04/VON-Club-Golden-Beach-fly-pl.jpg","https://fly.pl/wycieczka/turcja,side,colakli/club-golden-beach-spa/pKvw7PXOp0_k3tzhCcloJSAAogH75yZcRLD1Hi9mWHqpblHAAAAAA-ZQQA62IEAA0AAQAqBFdFWlkw37is1AZI-IIBUEFY7wJgA2ocRW50ZXIgQWlyL0ZyZWUgQmlyZCBBaXJsaW5lc2oEMDY0MGoEMDYzMGoEMDg0MHJBngGTAZUBmAEfABwBAgAWABcMEucDFKYEEc1ITJ4eTwBAnBJL58UBUAAbi2Eg2J0OHdMEDe6FwwkBEmMBDWMBAgzCsN2T/ofertasv/?filter[tourOperator]=WEZY&filter%5Bperson%5D=2&filter%5BchildAge%5D%5B1%5D=20201210&filter%5Bchild%5D=1","filter_turkey_13_16_days","turcja","side","colakli","2026-09-08","2026-09-21","14","13","Warszawa","2+1","turcja|side|2026-09-08|2026-09-21|13|Warszawa|2+1"
"Duja Didim","16769.0","08.09.2026 - 22.09.2026","15 dni/14 nocy","4.4","4.4","1543","tripadvisor","Warszawa","2026-08-23T16:14:12.213705+00:00","https://fly.pl/oferta/turcja-wczasy/?filter[dest]=39:&filter[hotelids]=&filter[cityids]=&filter[cregids]=&filter[ofrType]=&filter[addObjType]=H&filter[whenFrom]=23-08-2026&filter[whenTo]=22-09-2026&filter[duration]=13:16&filter[from]=Warszawa,Warszawa%20-%20Radom&filter[person]=2&filter[child]=1&filter[price]=4000:20000&filter[PriceFrom]=4000&filter[PriceTo]=20000&filter[addCategory]=50&filter[addCatering]=0&filter[addMisc]=0&filter[addTransport]=F&filter[fp]=1&order_by=ofr_price&filter[tourOperator]=0&filter[childAge][1]=20201210","https://fly.pl/cdn/photo/assets/uploads/582/278/2016/01/duja-didim.jpg","https://fly.pl/wycieczka/turcja,bodrum,didim/aurum-moon-resort/p5QWwbHYJoZd_42KCqQ6agAAogJkrMYCx19xduxNNBRUw4DwAAAAAIpwQAH6cEAA4AHQAqBFdFWlkw37is1AZIgYMBUEFY7wJgA2oJRW50ZXIgQWlyagQwNjU1agQwODU1ckKeAZUBmAEfAAIBFgAcABcNEuYDE4wLFIsDT_RWTABAohhL58UBUAARrUMd08MPIBcb-utjDZOW3ggBEmMBDGMBAwu6iXOh/ofertasv/?filter[tourOperator]=WEZY&filter%5Bperson%5D=2&filter%5BchildAge%5D%5B1%5D=20201210&filter%5Bchild%5D=1","filter_turkey_13_16_days","turcja","bodrum","didim","2026-09-08","2026-09-22","15","14","Warszawa","2+1","turcja|bodrum|2026-09-08|2026-09-22|14|Warszawa|2+1"
"Selectum Noa","16803.0","01.09.2026 - 14.09.2026","14 dni/13 nocy","4.1","4.1","1495","tripadvisor","Warszawa","2026-08-23T16:14:12.213705+00:00","https://fly.pl/oferta/turcja-wczasy/?filter[dest]=39:&filter[hotelids]=&filter[cityids]=&filter[cregids]=&filter[ofrType]=&filter[addObjType]=H&filter[whenFrom]=23-08-2026&filter[whenTo]=22-09-2026&filter[duration]=13:16&filter[from]=Warszawa,Warszawa%20-%20Radom&filter[person]=2&filter[child]=1&filter[price]=4000:20000&filter[PriceFrom]=4000&filter[PriceTo]=20000&filter[addCategory]=50&filter[addCatering]=0&filter[addMisc]=0&filter[addTransport]=F&filter[fp]=1&order_by=ofr_price&filter[tourOperator]=0&filter[childAge][1]=20201210","https://fly.pl/cdn/photo/assets/uploads/582/278/2015/02/Cesars-Temple.jpg","https://fly.pl/wycieczka/turcja,belek,c/cesars-temple/p27fv0m3aqev890hcPeHNqAAogTEfOHt688G4altycykFl1mH-9WFY2kVMCzoTvlM5mjwqBE9SRVgw37is1AZIo4MBUEFYxwFgAmoHRjFPLjIuMXI2mwEVDRcAWAJWAlwIQMIGEbkmT6IaXSRTqydSAF6WlAFL7UNhAEzljDoguPyXCQ0AAhJjAQILMgGdLw/ofertasv/?filter[tourOperator]=OREX&filter%5Bperson%5D=2&filter%5BchildAge%5D%5B1%5D=20201210&filter%5Bchild%5D=1","filter_turkey_13_16_days","turcja","belek","c","2026-09-01","2026-09-14","14","13","Warszawa","2+1","turcja|belek|2026-09-01|2026-09-14|13|Warszawa|2+1"
"Club Yali Hotels & Resort","16811.0","08.09.2026 - 22.09.2026","15 dni/14 nocy","4.2","4.2","3126","tripadvisor","Warszawa","2026-08-23T16:14:12.213705+00:00","https://fly.pl/oferta/turcja-wczasy/?filter[dest]=39:&filter[hotelids]=&filter[cityids]=&filter[cregids]=&filter[ofrType]=&filter[addObjType]=H&filter[whenFrom]=23-08-2026&filter[whenTo]=22-09-2026&filter[duration]=13:16&filter[from]=Warszawa,Warszawa%20-%20Radom&filter[person]=2&filter[child]=1&filter[price]=4000:20000&filter[PriceFrom]=4000&filter[PriceTo]=20000&filter[addCategory]=50&filter[addCatering]=0&filter[addMisc]=0&filter[addTransport]=F&filter[fp]=1&order_by=ofr_price&filter[tourOperator]=0&filter[childAge][1]=20201210","https://fly.pl/cdn/photo/assets/uploads/582/278/2020/01/CLUB-YALI-HOTELS-RESORT.jpg","https://fly.pl/wycieczka/turcja,kusadasi,gumuldur/club-yali-hotels-resort-11/pbQiYWtdFURz6Tz4QhJ5aYAAogR3mn9P0tORK_Ql_UhtOu1AAAAAAIpwQAH6cEAA4AAAAqBFdFWlkw37is1AZIq4MBUEFY7wJgA2oJRW50ZXIgQWlyagQwNjU1agQwODU1ckGeAZUBmAEfAAIBFgAcABcNEuYDE4wLFIsDEb0uTLcoTwBAohhL58UBUAAbxHQdvJIPIBcNjYLCCQESYwENYwEDDNibQQg/ofertasv/?filter[tourOperator]=WEZY&filter%5Bperson%5D=2&filter%5BchildAge%5D%5B1%5D=20201210&filter%5Bchild%5D=1","filter_turkey_13_16_days","turcja","kusadasi","gumuldur","2026-09-08","2026-09-22","15","14","Warszawa","2+1","turcja|kusadasi|2026-09-08|2026-09-22|14|Warszawa|2+1"
"Oz Sui Resort","16817.0","05.09.2026 - 19.09.2026","15 dni/14 nocy","4.6","4.6","1964","tripadvisor","Warszawa","2026-08-23T16:14:12.213705+00:00","https://fly.pl/oferta/turcja-wczasy/?filter[dest]=39:&filter[hotelids]=&filter[cityids]=&filter[cregids]=&filter[ofrType]=&filter[addObjType]=H&filter[whenFrom]=23-08-2026&filter[whenTo]=22-09-2026&filter[duration]=13:16&filter[from]=Warszawa,Warszawa%20-%20Radom&filter[person]=2&filter[child]=1&filter[price]=4000:20000&filter[PriceFrom]=4000&filter[PriceTo]=20000&filter[addCategory]=50&filter[addCatering]=0&filter[addMisc]=0&filter[addTransport]=F&filter[fp]=1&order_by=ofr_price&filter[tourOperator]=0&filter[childAge][1]=20201210","https://fly.pl/cdn/photo/assets/uploads/582/278/2016/02/Oz-Hotels-Sui-Resort.jpg","https://fly.pl/wycieczka/turcja,alanya,c/sui-resort/pQCK9CUcMUb0icYI1zyOrhAAogthRu0x706i1r6qGn8478Efdq_34b_4EyyRdFOhXSxSYqBFJOQlcw37is1AZIsYMBUEFYpwJgAmoGQ0FpaUFRahcyOTYsMzgwLDQ3Nyw0ODMsNDg0LDQ4NXI3nwGeARUOFwBYAUDIBwr8FxGrKxmTFFL0D1MAEIpxS_lmYQAPyZVBHYkBIM_ykAkNAAINYwECBnV5c8k/ofertasv/?filter[tourOperator]=RNBW&filter%5Bperson%5D=2&filter%5BchildAge%5D%5B1%5D=20201210&filter%5Bchild%5D=1","filter_turkey_13_16_days","turcja","alanya","c","2026-09-05","2026-09-19","15","14","Warszawa","2+1","turcja|alanya|2026-09-05|2026-09-19|14|Warszawa|2+1"
"Numa Bay Exclusive (ex Sentido Numa Bay)","16853.0","05.09.2026 - 18.09.2026","14 dni/13 nocy","4.6","4.6","3450","tripadvisor","Warszawa","2026-08-23T16:14:12.213705+00:00","https://fly.pl/oferta/turcja-wczasy/?filter[dest]=39:&filter[hotelids]=&filter[cityids]=&filter[cregids]=&filter[ofrType]=&filter[addObjType]=H&filter[whenFrom]=23-08-2026&filter[whenTo]=22-09-2026&filter[duration]=13:16&filter[from]=Warszawa,Warszawa%20-%20Radom&filter[person]=2&filter[child]=1&filter[price]=4000:20000&filter[PriceFrom]=4000&filter[PriceTo]=20000&filter[addCategory]=50&filter[addCatering]=0&filter[addMisc]=0&filter[addTransport]=F&filter[fp]=1&order_by=ofr_price&filter[tourOperator]=0&filter[childAge][1]=20201210","https://fly.pl/cdn/photo/assets/uploads/582/278/2016/11/NUMA-BAY-EXCLUSIVE-HOTEL.jpg","https://fly.pl/wycieczka/turcja,alanya,avsallar/sentido-numa-bay/pqKdclRm4w9Pv06EqqOup8AAog2OpS9sQ3B5sxD3kdxTmHAAAAAABJqwQAyG0EAA0AAAAqBFdFWlkw37is1AZI1YMBUEFYpwJgA2oJRW50ZXIgQWlyagQwNjQwagQwOTEwckKeAZUBmAEfAAIBFgAcABcMEucDE_gKFJoDTP9cTwBAnBIRhR9L4qYBUAAbxHQg_J8OHYF7DeD5wQkBEmMBDWMBAgppRrSM/ofertasv/?filter[tourOperator]=WEZY&filter%5Bperson%5D=2&filter%5BchildAge%5D%5B1%5D=20201210&filter%5Bchild%5D=1","filter_turkey_13_16_days","turcja","alanya","avsallar","2026-09-05","2026-09-18","14","13","Warszawa","2+1","turcja|alanya|2026-09-05|2026-09-18|13|Warszawa|2+1"
"Richmond Ephesus","16921.0","08.09.2026 - 22.09.2026","15 dni/14 nocy","4.3","4.3","1761","tripadvisor","Warszawa","2026-08-23T16:14:12.213705+00:00","https://fly.pl/oferta/turcja-wczasy/?filter[dest]=39:&filter[hotelids]=&filter[cityids]=&filter[cregids]=&filter[ofrType]=&filter[addObjType]=H&filter[whenFrom]=23-08-2026&filter[whenTo]=22-09-2026&filter[duration]=13:16&filter[from]=Warszawa,Warszawa%20-%20Radom&filter[person]=2&filter[child]=1&filter[price]=4000:20000&filter[PriceFrom]=4000&filter[PriceTo]=20000&filter[addCategory]=50&filter[addCatering]=0&filter[addMisc]=0&filter[addTransport]=F&filter[fp]=1&order_by=ofr_price&filter[tourOperator]=0&filter[childAge][1]=20201210","https://fly.pl/cdn/photo/assets/uploads/582/278/2016/06/Richmond-Ephesus-fly-pl-1.jpg","https://fly.pl/wycieczka/turcja,kusadasi,selcuk/richmond-ephesus/pPF3hpfO2v-jwxDImMkHpRAAogIq9yP34jZN4EdMV07inFiAAAAAAIpwQAH6cEAA4AAAAqBFdFWlkw37is1AZImYQBUEFY7wJgA2oJRW50ZXIgQWlyagQwNjU1agQwODU1ckGeAZUBmAEfAAIBHAAWBBcJEuYDE4wLFIsDEZkPTNtHTwBAohhL58UBUAAb9k8dircPIBcNjYLCCQESYwEMYwEDC2eLA2M/ofertasv/?filter[tourOperator]=WEZY&filter%5Bperson%5D=2&filter%5BchildAge%5D%5B1%5D=20201210&filter%5Bchild%5D=1","filter_turkey_13_16_days","turcja","kusadasi","selcuk","2026-09-08","2026-09-22","15","14","Warszawa","2+1","turcja|kusadasi|2026-09-08|2026-09-22|14|Warszawa|2+1"
"Grand Belish","16955.0","06.09.2026 - 21.09.2026","16 dni/14 nocy","4.1","4.1","713","tripadvisor","Warszawa","2026-08-23T16:14:12.213705+00:00","https://fly.pl/oferta/turcja-wczasy/?filter[dest]=39:&filter[hotelids]=&filter[cityids]=&filter[cregids]=&filter[ofrType]=&filter[addObjType]=H&filter[whenFrom]=23-08-2026&filter[whenTo]=22-09-2026&filter[duration]=13:16&filter[from]=Warszawa,Warszawa%20-%20Radom&filter[person]=2&filter[child]=1&filter[price]=4000:20000&filter[PriceFrom]=4000&filter[PriceTo]=20000&filter[addCategory]=50&filter[addCatering]=0&filter[addMisc]=0&filter[addTransport]=F&filter[fp]=1&order_by=ofr_price&filter[tourOperator]=0&filter[childAge][1]=20201210","https://fly.pl/cdn/photo/assets/uploads/582/278/2015/03/Grand-Belish.jpg","https://fly.pl/wycieczka/turcja,kusadasi,c/grand-belish/pBpYNVeH7zMPgjVTEmRzhgAAoghLTRA_8ckqgGNRZTLA2ODNEzePA6K1TdX_ACAFXiuCcqBFJOQlcw37is1AZIu4QBUEFYvwJgAmoEQ0FoTGoXMjk2LDM4MCw0NzcsNDgzLDQ4NCw0ODVqGzQwMiw0MDMsNDA2LDQxNyw0NzMsNDk3LDQ5OXI5nwGeAZQBFQ5YARcACq0DQJsEEZQnGaIwENcHUpcOUwBLjdIBYQAPh6ZBHTEg6uKQCQ0AAg1jAQMMzKuc9A/ofertasv/?filter[tourOperator]=RNBW&filter%5Bperson%5D=2&filter%5BchildAge%5D%5B1%5D=20201210&filter%5Bchild%5D=1","filter_turkey_13_16_days","turcja","kusadasi","c","2026-09-06","2026-09-21","16","14","Warszawa","2+1","turcja|kusadasi|2026-09-06|2026-09-21|14|Warszawa|2+1"
"Victory Volare","17031.0","07.09.2026 - 20.09.2026","14 dni/13 nocy","4.5","4.5","1192","tripadvisor","Warszawa","2026-08-23T16:14:12.213705+00:00","https://fly.pl/oferta/turcja-wczasy/?filter[dest]=39:&filter[hotelids]=&filter[cityids]=&filter[cregids]=&filter[ofrType]=&filter[addObjType]=H&filter[whenFrom]=23-08-2026&filter[whenTo]=22-09-2026&filter[duration]=13:16&filter[from]=Warszawa,Warszawa%20-%20Radom&filter[person]=2&filter[child]=1&filter[price]=4000:20000&filter[PriceFrom]=4000&filter[PriceTo]=20000&filter[addCategory]=50&filter[addCatering]=0&filter[addMisc]=0&filter[addTransport]=F&filter[fp]=1&order_by=ofr_price&filter[tourOperator]=0&filter[childAge][1]=20201210","https://fly.pl/cdn/photo/assets/uploads/582/278/2024/07/victory-volare.jpg","https://fly.pl/wycieczka/turcja,side,colakli/victory-volare-14/pxR9kgwp8zxThL8XdR_KJNAAog0JlSsn3iFOsvt0OToqHDngAAAADQYgQAs3QEAA0AAQAqBFdFWlkw37is1AZIh4UBUEFY1wJgA2oSRnJlZSBCaXJkIEFpcmxpbmVzagQwOTQwckSeAZMBHwACARYAHAAXDBLnAxTNBhWvARjSAU_DYUwAQJwSS-fFAVAAEY9RHbmtDiDjIxuozgUN0Ji9CQESYwERYwEDEG-jx9U/ofertasv/?filter[tourOperator]=WEZY&filter%5Bperson%5D=2&filter%5BchildAge%5D%5B1%5D=20201210&filter%5Bchild%5D=1","filter_turkey_13_16_days","turcja","side","colakli","2026-09-07","2026-09-20","14","13","Warszawa","2+1","turcja|side|2026-09-07|2026-09-20|13|Warszawa|2+1"
"Victory Be Mine","17031.0","07.09.2026 - 20.09.2026","14 dni/13 nocy","4.6","4.6","2713","tripadvisor","Warszawa","2026-08-23T16:14:12.213705+00:00","https://fly.pl/oferta/turcja-wczasy/?filter[dest]=39:&filter[hotelids]=&filter[cityids]=&filter[cregids]=&filter[ofrType]=&filter[addObjType]=H&filter[whenFrom]=23-08-2026&filter[whenTo]=22-09-2026&filter[duration]=13:16&filter[from]=Warszawa,Warszawa%20-%20Radom&filter[person]=2&filter[child]=1&filter[price]=4000:20000&filter[PriceFrom]=4000&filter[PriceTo]=20000&filter[addCategory]=50&filter[addCatering]=0&filter[addMisc]=0&filter[addTransport]=F&filter[fp]=1&order_by=ofr_price&filter[tourOperator]=0&filter[childAge][1]=20201210","https://fly.pl/cdn/photo/assets/uploads/582/278/2024/07/victory-be-mine.jpg","https://fly.pl/wycieczka/turcja,side,colakli/victory-be-mine-13/pFBKqx89wEyhH0pNXqjAdqAAogOcKS05qM5pb8txA1m78_IAAAAADQYgQAs3QEAA0AAQAqBFdFWlkw37is1AZIh4UBUEFY1wJgA2oSRnJlZSBCaXJkIEFpcmxpbmVzagQwOTQwckKeAZMBHwACARYAHAAXDBLnAxTNBhWvARjSAUzDYU8AQJwSEY5tS9lYUAAbwj8dhr8OIOMjDfjmwgkBEmMBEWMBAxAnO0-_/ofertasv/?filter[tourOperator]=WEZY&filter%5Bperson%5D=2&filter%5BchildAge%5D%5B1%5D=20201210&filter%5Bchild%5D=1","filter_turkey_13_16_days","turcja","side","colakli","2026-09-07","2026-09-20","14","13","Warszawa","2+1","turcja|side|2026-09-07|2026-09-20|13|Warszawa|2+1"
"Grand Kaptan","17062.0","26.08.2026 - 09.09.2026","15 dni/14 nocy","4.4","4.4","2199","tripadvisor","Warszawa","2026-08-23T16:14:12.213705+00:00","https://fly.pl/oferta/turcja-wczasy/?filter[dest]=39:&filter[hotelids]=&filter[cityids]=&filter[cregids]=&filter[ofrType]=&filter[addObjType]=H&filter[whenFrom]=23-08-2026&filter[whenTo]=22-09-2026&filter[duration]=13:16&filter[from]=Warszawa,Warszawa%20-%20Radom&filter[person]=2&filter[child]=1&filter[price]=4000:20000&filter[PriceFrom]=4000&filter[PriceTo]=20000&filter[addCategory]=50&filter[addCatering]=0&filter[addMisc]=0&filter[addTransport]=F&filter[fp]=1&order_by=ofr_price&filter[tourOperator]=0&filter[childAge][1]=20201210","https://fly.pl/cdn/photo/assets/uploads/582/278/2015/04/Grand-Kaptan-fly-pl.jpg","https://fly.pl/wycieczka/turcja,alanya,c/grand-kaptan/pxTXk9ynUQET3NH34SLA80AAogITgmgqcbWAGzuhdYqTQheUpXy9wZyKNHUkemvN4giIgqBFJOQlcw37is1AZIpoUBUEFYN2ACagRCd2NhahcyOTYsMzgwLDQ3Nyw0ODMsNDg0LDQ4NWobNDAyLDQwMyw0MDYsNDE3LDQ3Myw0OTcsNDk5cjqfAZ4BlAEVDhcAWAEKnAFArAYR_zEZuyVS9A9TABDaJkupsQFhAB3QhkEPkwIg7_-QCQ0AAgxjAQML_Ip1QQ/ofertasv/?filter[tourOperator]=RNBW&filter%5Bperson%5D=2&filter%5BchildAge%5D%5B1%5D=20201210&filter%5Bchild%5D=1","filter_turkey_13_16_days","turcja","alanya","c","2026-08-26","2026-09-09","15","14","Warszawa","2+1","turcja|alanya|2026-08-26|2026-09-09|14|Warszawa|2+1"
"Adalya Art Side (Ex. Grand Art Side)","17106.0","29.08.2026 - 11.09.2026","14 dni/13 nocy","4.3","4.3","467","tripadvisor","Warszawa","2026-08-23T16:14:12.213705+00:00","https://fly.pl/oferta/turcja-wczasy/?filter[dest]=39:&filter[hotelids]=&filter[cityids]=&filter[cregids]=&filter[ofrType]=&filter[addObjType]=H&filter[whenFrom]=23-08-2026&filter[whenTo]=22-09-2026&filter[duration]=13:16&filter[from]=Warszawa,Warszawa%20-%20Radom&filter[person]=2&filter[child]=1&filter[price]=4000:20000&filter[PriceFrom]=4000&filter[PriceTo]=20000&filter[addCategory]=50&filter[addCatering]=0&filter[addMisc]=0&filter[addTransport]=F&filter[fp]=1&order_by=ofr_price&filter[tourOperator]=0&filter[childAge][1]=20201210","https://fly.pl/cdn/photo/assets/uploads/582/278/2016/06/Adalya-Art-Side.jpg","https://fly.pl/wycieczka/turcja,side,colakli/grand-art-side/pgoGL66YcD3X70yirBYvr1AAogYcppfjyk47xhvol1vr_22yoNWmvQEEHUw3gEnJaiGJ0qBEJWQkUw37is1AZI0oUBUAFYf2ACagNVQUlyIRwRrZwBG-b5PRjInBK5BKmRKKsEEwH3ke_4AgISYwEDC4DBqBU/ofertasv/?filter[tourOperator]=BVBE&filter%5Bperson%5D=2&filter%5BchildAge%5D%5B1%5D=20201210&filter%5Bchild%5D=1","filter_turkey_13_16_days","turcja","side","colakli","2026-08-29","2026-09-11","14","13","Warszawa","2+1","turcja|side|2026-08-29|2026-09-11|13|Warszawa|2+1"
"Kremlin Palace","17123.0","08.09.2026 - 21.09.2026","14 dni/13 nocy","4.0","4.0","3894","tripadvisor","Warszawa","2026-08-23T16:14:12.213705+00:00","https://fly.pl/oferta/turcja-wczasy/?filter[dest]=39:&filter[hotelids]=&filter[cityids]=&filter[cregids]=&filter[ofrType]=&filter[addObjType]=H&filter[whenFrom]=23-08-2026&filter[whenTo]=22-09-2026&filter[duration]=13:16&filter[from]=Warszawa,Warszawa%20-%20Radom&filter[person]=2&filter[child]=1&filter[price]=4000:20000&filter[PriceFrom]=4000&filter[PriceTo]=20000&filter[addCategory]=50&filter[addCatering]=0&filter[addMisc]=0&filter[addTransport]=F&filter[fp]=1&order_by=ofr_price&filter[tourOperator]=0&filter[childAge][1]=20201210","https://fly.pl/cdn/photo/assets/uploads/582/278/2015/02/Asteria-Kremlin-Palace-ex-PGS-fly-pl-1.jpg","https://fly.pl/wycieczka/turcja,antalya,kundu/wow-kremlin-palace/piZG4Ov2ZjuNQur2mNXt8fAAogTeTg2VsWo96vJ1zPmz1kTYRXb0S2CkfY7MNA9xXe7tgqBE9SRVgw37is1AZI44UBUEFY7wJgAmoGRUMuMi4xcjabARUNFwBYAlYCXAgR4QJA4QNP20BdJFOrJ1IAXpaUAUvtQ2EATOWMOiC__JcJDQACEmMBAgsrlhGH/ofertasv/?filter[tourOperator]=OREX&filter%5Bperson%5D=2&filter%5BchildAge%5D%5B1%5D=20201210&filter%5Bchild%5D=1","filter_turkey_13_16_days","turcja","antalya","kundu","2026-09-08","2026-09-21","14","13","Warszawa","2+1","turcja|antalya|2026-09-08|2026-09-21|13|Warszawa|2+1"
"Ozkaymak Marina (Kemer)","17149.0","30.08.2026 - 12.09.2026","14 dni/13 nocy","4.0","4.0","1321","tripadvisor","Warszawa","2026-08-23T16:14:12.213705+00:00","https://fly.pl/oferta/turcja-wczasy/?filter[dest]=39:&filter[hotelids]=&filter[cityids]=&filter[cregids]=&filter[ofrType]=&filter[addObjType]=H&filter[whenFrom]=23-08-2026&filter[whenTo]=22-09-2026&filter[duration]=13:16&filter[from]=Warszawa,Warszawa%20-%20Radom&filter[person]=2&filter[child]=1&filter[price]=4000:20000&filter[PriceFrom]=4000&filter[PriceTo]=20000&filter[addCategory]=50&filter[addCatering]=0&filter[addMisc]=0&filter[addTransport]=F&filter[fp]=1&order_by=ofr_price&filter[tourOperator]=0&filter[childAge][1]=20201210","https://fly.pl/cdn/photo/assets/uploads/582/278/2016/05/Ozkaymak-Kemer-Marina.jpg","https://fly.pl/wycieczka/turcja,kemer,c/ozkaymak-kemer-marina/p1on3DZ0k8TjmT3dE7qNAMAAog4tapkN3UyHcwn6rzxNbY2fHnqVQ2OJQ18RIh2za_odwqBEpPSVAw37is1AZI_YUBUEFYlwFgAmoDSHJnckKbARQBXAkVAxcAWAJWAk-VAV0AQLUFUqpoUwARw4gBXtMLS-1DYQBM5Yw6DfH7lwkgAAHXkvTAhYnMnDACDWMBAgtmCOVN/ofertasv/?filter[tourOperator]=JOIP&filter%5Bperson%5D=2&filter%5BchildAge%5D%5B1%5D=20201210&filter%5Bchild%5D=1","filter_turkey_13_16_days","turcja","kemer","c","2026-08-30","2026-09-12","14","13","Warszawa","2+1","turcja|kemer|2026-08-30|2026-09-12|13|Warszawa|2+1"
"Green Nature Diamond","17157.0","31.08.2026 - 14.09.2026","15 dni/14 nocy","4.5","4.5","6230","tripadvisor","Warszawa","2026-08-23T16:14:12.213705+00:00","https://fly.pl/oferta/turcja-wczasy/?filter[dest]=39:&filter[hotelids]=&filter[cityids]=&filter[cregids]=&filter[ofrType]=&filter[addObjType]=H&filter[whenFrom]=23-08-2026&filter[whenTo]=22-09-2026&filter[duration]=13:16&filter[from]=Warszawa,Warszawa%20-%20Radom&filter[person]=2&filter[child]=1&filter[price]=4000:20000&filter[PriceFrom]=4000&filter[PriceTo]=20000&filter[addCategory]=50&filter[addCatering]=0&filter[addMisc]=0&filter[addTransport]=F&filter[fp]=1&order_by=ofr_price&filter[tourOperator]=0&filter[childAge][1]=20201210","https://fly.pl/cdn/photo/assets/uploads/582/278/2015/04/Green-Nature-Diamond.jpg","https://fly.pl/wycieczka/turcja,marmaris,c/green-nature-diamond/pkxZaqh4EonG2bD7QImB_OAAogf-Jb09ixLBDSs48TGk1pwq8rDDdjFLXaQKSLkMNXaCQqBFZJVFgw37is1AZIhYYBUEFYrwFgAnJAGgBcChUEFwBYAUCPA1O8hgFSAFvDAV7-d0vtQ2EATKm0OSCu1JgJDQBR_5-um25Pw8I1XYi78NOXAQINYwECDGCbKfA/ofertasv/?filter[tourOperator]=VITX&filter%5Bperson%5D=2&filter%5BchildAge%5D%5B1%5D=20201210&filter%5Bchild%5D=1","filter_turkey_13_16_days","turcja","marmaris","c","2026-08-31","2026-09-14","15","14","Warszawa","2+1","turcja|marmaris|2026-08-31|2026-09-14|14|Warszawa|2+1"
"Side Premium by OZ Hotels","17189.0","05.09.2026 - 18.09.2026","14 dni/13 nocy","4.4","4.4","3832","tripadvisor","Warszawa","2026-08-23T16:14:12.213705+00:00","https://fly.pl/oferta/turcja-wczasy/?filter[dest]=39:&filter[hotelids]=&filter[cityids]=&filter[cregids]=&filter[ofrType]=&filter[addObjType]=H&filter[whenFrom]=23-08-2026&filter[whenTo]=22-09-2026&filter[duration]=13:16&filter[from]=Warszawa,Warszawa%20-%20Radom&filter[person]=2&filter[child]=1&filter[price]=4000:20000&filter[PriceFrom]=4000&filter[PriceTo]=20000&filter[addCategory]=50&filter[addCatering]=0&filter[addMisc]=0&filter[addTransport]=F&filter[fp]=1&order_by=ofr_price&filter[tourOperator]=0&filter[childAge][1]=20201210","https://fly.pl/cdn/photo/assets/uploads/582/278/2016/03/Side-Premium.jpg","https://fly.pl/wycieczka/turcja,side,evrenseki/side-premium/p1KZmvT0NBxWdU95xx_vrCAAogFpIC_E2gpBWmR33OflduZwAAAAA6cQQA9m0EAA0AAQAqBFdFWlkw37is1AZIpYYBUEFYpwJgA2odTE9UIFBvbGlzaCBBaXJsaW5lcy9FbnRlciBBaXJyQ54BHwAcAQIAFgAXDBLnAxWFBROJAhgKFJADEe9KT_oVTABAnBJQ58UBSwAbuFQgtsAOHcQGDe_twgkBEmMBDWMBAgbSYj_4/ofertasv/?filter[tourOperator]=WEZY&filter%5Bperson%5D=2&filter%5BchildAge%5D%5B1%5D=20201210&filter%5Bchild%5D=1","filter_turkey_13_16_days","turcja","side","evrenseki","2026-09-05","2026-09-18","14","13","Warszawa","2+1","turcja|side|2026-09-05|2026-09-18|13|Warszawa|2+1"
"Sealight Resort (ex Otium Sealight Beach Resort)","17206.0","03.09.2026 - 17.09.2026","15 dni/14 nocy","4.4","4.4","3569","tripadvisor","Warszawa","2026-08-23T16:14:12.213705+00:00","https://fly.pl/oferta/turcja-wczasy/?filter[dest]=39:&filter[hotelids]=&filter[cityids]=&filter[cregids]=&filter[ofrType]=&filter[addObjType]=H&filter[whenFrom]=23-08-2026&filter[whenTo]=22-09-2026&filter[duration]=13:16&filter[from]=Warszawa,Warszawa%20-%20Radom&filter[person]=2&filter[child]=1&filter[price]=4000:20000&filter[PriceFrom]=4000&filter[PriceTo]=20000&filter[addCategory]=50&filter[addCatering]=0&filter[addMisc]=0&filter[addTransport]=F&filter[fp]=1&order_by=ofr_price&filter[tourOperator]=0&filter[childAge][1]=20201210","https://fly.pl/cdn/photo/assets/uploads/582/278/2015/11/Sealight-Resort.jpg","https://fly.pl/wycieczka/turcja,kusadasi,c/sealight-resort/pwz3nuFGOzvKUlspx8bCHgAAogVlKCFk-cWqfEwJ7fwFN0_Qe2Quqm3PwaZOcmM0_zULAqBFJOQlcw37is1AZItoYBUEFY9wFgAmoEQ0FoTGoXMjk2LDM4MCw0NzcsNDgzLDQ4NCw0ODVyN58BngEVDhcAWAEKrQNAmwQR-RAQhhIZtzRS7hVTAEuN0gFhAB2GlEAPOSDg9JEJDQACDWMBAwze5wrE/ofertasv/?filter[tourOperator]=RNBW&filter%5Bperson%5D=2&filter%5BchildAge%5D%5B1%5D=20201210&filter%5Bchild%5D=1","filter_turkey_13_16_days","turcja","kusadasi","c","2026-09-03","2026-09-17","15","14","Warszawa","2+1","turcja|kusadasi|2026-09-03|2026-09-17|14|Warszawa|2+1"
"Crystal Waterworld Aqua Collection","17325.0","07.09.2026 - 20.09.2026","14 dni/13 nocy","4.2","4.2","4837","tripadvisor","Warszawa","2026-08-23T16:14:12.213705+00:00","https://fly.pl/oferta/turcja-wczasy/?filter[dest]=39:&filter[hotelids]=&filter[cityids]=&filter[cregids]=&filter[ofrType]=&filter[addObjType]=H&filter[whenFrom]=23-08-2026&filter[whenTo]=22-09-2026&filter[duration]=13:16&filter[from]=Warszawa,Warszawa%20-%20Radom&filter[person]=2&filter[child]=1&filter[price]=4000:20000&filter[PriceFrom]=4000&filter[PriceTo]=20000&filter[addCategory]=50&filter[addCatering]=0&filter[addMisc]=0&filter[addTransport]=F&filter[fp]=1&order_by=ofr_price&filter[tourOperator]=0&filter[childAge][1]=20201210","https://fly.pl/cdn/photo/assets/uploads/582/278/2014/10/Crystal-Waterworld-Resort-Spa-fly-pl.jpg","https://fly.pl/wycieczka/turcja,antalya,belek/crystal-waterworld-resort-spa/pxozTl2nYx_ROILlJQnMlYAAogjaHx2Olj1FlRKwR7fiw0WAAAAADQYgQAs3QEAA0AAAAqBFdFWlkw37is1AZIrYcBUEFY1wJgA2oSRnJlZSBCaXJkIEFpcmxpbmVzagQwOTQwckOeAZMBHwACARYAHAAXDBLnAxTNBhWvARjSARHCMkyBL08AQJwSS-fFAVAAG_cwHdHNDiDjIw345sIJARJjAQxjAQIItinEAA/ofertasv/?filter[tourOperator]=WEZY&filter%5Bperson%5D=2&filter%5BchildAge%5D%5B1%5D=20201210&filter%5Bchild%5D=1","filter_turkey_13_16_days","turcja","antalya","belek","2026-09-07","2026-09-20","14","13","Warszawa","2+1","turcja|antalya|2026-09-07|2026-09-20|13|Warszawa|2+1"
"Utopia World","17348.0","01.09.2026 - 14.09.2026","14 dni/13 nocy","4.4","4.4","1753","tripadvisor","Warszawa","2026-08-23T16:14:12.213705+00:00","https://fly.pl/oferta/turcja-wczasy/?filter[dest]=39:&filter[hotelids]=&filter[cityids]=&filter[cregids]=&filter[ofrType]=&filter[addObjType]=H&filter[whenFrom]=23-08-2026&filter[whenTo]=22-09-2026&filter[duration]=13:16&filter[from]=Warszawa,Warszawa%20-%20Radom&filter[person]=2&filter[child]=1&filter[price]=4000:20000&filter[PriceFrom]=4000&filter[PriceTo]=20000&filter[addCategory]=50&filter[addCatering]=0&filter[addMisc]=0&filter[addTransport]=F&filter[fp]=1&order_by=ofr_price&filter[tourOperator]=0&filter[childAge][1]=20201210","https://fly.pl/cdn/photo/assets/uploads/582/278/2014/11/UTOPIA-WORLD-DE-LUXE-HOTEL.jpg","https://fly.pl/wycieczka/turcja,alanya,kargicak/utopia-world/pv8pGPEtN55FOzuhclVA5gAAogDFCqcr247gMP18tIqhE6jmH-9WFY2kVMCzoTvlM5mjwqBE9SRVgw37is1AZIxIcBUEFYxwFgAmoGRkwuMi4xcjabARUNFwBYAlYCXAgRzAFA9gRP20BdJFOrJ1IAXpaUAUvtQ2EATOWMOiC4_JcJDQACEmMBAgteqLUq/ofertasv/?filter[tourOperator]=OREX&filter%5Bperson%5D=2&filter%5BchildAge%5D%5B1%5D=20201210&filter%5Bchild%5D=1","filter_turkey_13_16_days","turcja","alanya","kargicak","2026-09-01","2026-09-14","14","13","Warszawa","2+1","turcja|alanya|2026-09-01|2026-09-14|13|Warszawa|2+1"
"Siam Elegance","17429.0","08.09.2026 - 21.09.2026","14 dni/13 nocy","3.7","3.7","1201","tripadvisor","Warszawa","2026-08-23T16:14:12.213705+00:00","https://fly.pl/oferta/turcja-wczasy/?filter[dest]=39:&filter[hotelids]=&filter[cityids]=&filter[cregids]=&filter[ofrType]=&filter[addObjType]=H&filter[whenFrom]=23-08-2026&filter[whenTo]=22-09-2026&filter[duration]=13:16&filter[from]=Warszawa,Warszawa%20-%20Radom&filter[person]=2&filter[child]=1&filter[price]=4000:20000&filter[PriceFrom]=4000&filter[PriceTo]=20000&filter[addCategory]=50&filter[addCatering]=0&filter[addMisc]=0&filter[addTransport]=F&filter[fp]=1&order_by=ofr_price&filter[tourOperator]=0&filter[childAge][1]=20201210","https://fly.pl/cdn/photo/assets/uploads/582/278/2014/10/Siam-Elegance.jpg","https://fly.pl/wycieczka/turcja,belek,c/siam-elegance/pXu89fuD8h53-KV8Ty3aWaAAog1OnOmoaeo5LT3hn5DutiN4RXb0S2CkfY7MNA9xXe7tgqBE9SRVgw37is1AZIlYgBUEFY7wJgAmoGV0guMi4xcjabARUNFwBYAlYCXAgRyAJA-gNP20BdJFOrJ1IAXpaUAUvtQ2EATOWMOiC__JcJDQACEmMBAgyi-FAV/ofertasv/?filter[tourOperator]=OREX&filter%5Bperson%5D=2&filter%5BchildAge%5D%5B1%5D=20201210&filter%5Bchild%5D=1","filter_turkey_13_16_days","turcja","belek","c","2026-09-08","2026-09-21","14","13","Warszawa","2+1","turcja|belek|2026-09-08|2026-09-21|13|Warszawa|2+1"
"My Home Resort","17513.0","29.08.2026 - 11.09.2026","14 dni/13 nocy","4.4","4.4","888","tripadvisor","Warszawa","2026-08-23T16:14:12.213705+00:00","https://fly.pl/oferta/turcja-wczasy/?filter[dest]=39:&filter[hotelids]=&filter[cityids]=&filter[cregids]=&filter[ofrType]=&filter[addObjType]=H&filter[whenFrom]=23-08-2026&filter[whenTo]=22-09-2026&filter[duration]=13:16&filter[from]=Warszawa,Warszawa%20-%20Radom&filter[person]=2&filter[child]=1&filter[price]=4000:20000&filter[PriceFrom]=4000&filter[PriceTo]=20000&filter[addCategory]=50&filter[addCatering]=0&filter[addMisc]=0&filter[addTransport]=F&filter[fp]=1&order_by=ofr_price&filter[tourOperator]=0&filter[childAge][1]=20201210","https://fly.pl/cdn/photo/assets/uploads/582/278/2010/07/My-Home-Resort2403.jpg","https://fly.pl/wycieczka/turcja,alanya,avsallar/my-home-resort/pzYc1rlV5XYTzHok25fAA2AAogFhTqO7dD0c_B9BWxKWpzeioNWmvQEEHUw3gEnJaiGJ0qBEJWQkUw37is1AZI6YgBUAFYf2ACagNBSStyIRwRypsBG8P8PBie8hK5BNm5KKsEEwGn67byAgISYwEDC2ilWR0/ofertasv/?filter[tourOperator]=BVBE&filter%5Bperson%5D=2&filter%5BchildAge%5D%5B1%5D=20201210&filter%5Bchild%5D=1","filter_turkey_13_16_days","turcja","alanya","avsallar","2026-08-29","2026-09-11","14","13","Warszawa","2+1","turcja|alanya|2026-08-29|2026-09-11|13|Warszawa|2+1"
"Dream Fun World","17557.0","04.09.2026 - 18.09.2026","15 dni/14 nocy","4.2","4.2","242","tripadvisor","Warszawa","2026-08-23T16:14:12.213705+00:00","https://fly.pl/oferta/turcja-wczasy/?filter[dest]=39:&filter[hotelids]=&filter[cityids]=&filter[cregids]=&filter[ofrType]=&filter[addObjType]=H&filter[whenFrom]=23-08-2026&filter[whenTo]=22-09-2026&filter[duration]=13:16&filter[from]=Warszawa,Warszawa%20-%20Radom&filter[person]=2&filter[child]=1&filter[price]=4000:20000&filter[PriceFrom]=4000&filter[PriceTo]=20000&filter[addCategory]=50&filter[addCatering]=0&filter[addMisc]=0&filter[addTransport]=F&filter[fp]=1&order_by=ofr_price&filter[tourOperator]=0&filter[childAge][1]=20201210","https://fly.pl/cdn/photo/assets/uploads/582/278/2024/07/dream-fun-world.jpg","https://fly.pl/wycieczka/turcja,side,c/dream-fun-world-14/pfT_6kirGtctNdL0lxXBegAAog8aPjHIEA6vc3my9sUcKFLTwQXJjsZ45k64gmT0LxrB8qBFZJVFgw37is1AZIlYkBUEFYjwJgAnI_GgBcChUEFwBYAUCPA1Pna1IAW9gXXr58S-1DYQBMqbQ5IPfUmAkNAFHPkfHtWE-y5jRdlOWmga0BAgxjAQILXImo_A/ofertasv/?filter[tourOperator]=VITX&filter%5Bperson%5D=2&filter%5BchildAge%5D%5B1%5D=20201210&filter%5Bchild%5D=1","filter_turkey_13_16_days","turcja","side","c","2026-09-04","2026-09-18","15","14","Warszawa","2+1","turcja|side|2026-09-04|2026-09-18|14|Warszawa|2+1"
"Dream Water World","17557.0","04.09.2026 - 18.09.2026","15 dni/14 nocy","4.2","4.2","236","tripadvisor","Warszawa","2026-08-23T16:14:12.213705+00:00","https://fly.pl/oferta/turcja-wczasy/?filter[dest]=39:&filter[hotelids]=&filter[cityids]=&filter[cregids]=&filter[ofrType]=&filter[addObjType]=H&filter[whenFrom]=23-08-2026&filter[whenTo]=22-09-2026&filter[duration]=13:16&filter[from]=Warszawa,Warszawa%20-%20Radom&filter[person]=2&filter[child]=1&filter[price]=4000:20000&filter[PriceFrom]=4000&filter[PriceTo]=20000&filter[addCategory]=50&filter[addCatering]=0&filter[addMisc]=0&filter[addTransport]=F&filter[fp]=1&order_by=ofr_price&filter[tourOperator]=0&filter[childAge][1]=20201210","https://datacfstatic.merlinx.pl/ITAK/IMG/AYTDRWW/e2a1702e0cf9344654388611b2e55de36186f7e7eae3f1082c768274348bfff2.webp","https://fly.pl/wycieczka/turcja,antalya,c/dream-water-world-12/pM56GOmMaPKypKUsaLF09zAAoga4QeDeQ_i76ZbJeSddM8XTwQXJjsZ45k64gmT0LxrB8qBFZJVFgw37is1AZIlYkBUEFYjwJgAnI_GgBcChUEFwBYAUCPA1Pna1IAW9gXXr58S-1DYQBMqbQ5IPfUmAkNAFHolvHtWE-Z4TRdlOWmga0BAgxjAQILmmjO3w/ofertasv/?filter[tourOperator]=VITX&filter%5Bperson%5D=2&filter%5BchildAge%5D%5B1%5D=20201210&filter%5Bchild%5D=1","filter_turkey_13_16_days","turcja","antalya","c","2026-09-04","2026-09-18","15","14","Warszawa","2+1","turcja|antalya|2026-09-04|2026-09-18|14|Warszawa|2+1"
"Grand Park Lara","17627.0","08.09.2026 - 21.09.2026","14 dni/13 nocy","4.3","4.3","5003","tripadvisor","Warszawa","2026-08-23T16:14:12.213705+00:00","https://fly.pl/oferta/turcja-wczasy/?filter[dest]=39:&filter[hotelids]=&filter[cityids]=&filter[cregids]=&filter[ofrType]=&filter[addObjType]=H&filter[whenFrom]=23-08-2026&filter[whenTo]=22-09-2026&filter[duration]=13:16&filter[from]=Warszawa,Warszawa%20-%20Radom&filter[person]=2&filter[child]=1&filter[price]=4000:20000&filter[PriceFrom]=4000&filter[PriceTo]=20000&filter[addCategory]=50&filter[addCatering]=0&filter[addMisc]=0&filter[addTransport]=F&filter[fp]=1&order_by=ofr_price&filter[tourOperator]=0&filter[childAge][1]=20201210","https://fly.pl/cdn/photo/assets/uploads/582/278/2014/09/Grand-Park-Lara.jpg","https://fly.pl/wycieczka/turcja,alanya,c/grand-park-lara/p_XAIGTIhpSsuMBJ9V8_yTAAog-VHOJs1RQJDSsWxFv8y8b4RXb0S2CkfY7MNA9xXe7tgqBE9SRVgw37is1AZI24kBUEFY7wJgAmoHSVFNLjIuMXI1mwEVDRcAWAJWAlwIEX1AxQVP20BdJFOrJ1IAXpaUAUvtQ2EATOWMOiC__JcJDQACEmMBAgw5g0xf/ofertasv/?filter[tourOperator]=OREX&filter%5Bperson%5D=2&filter%5BchildAge%5D%5B1%5D=20201210&filter%5Bchild%5D=1","filter_turkey_13_16_days","turcja","alanya","c","2026-09-08","2026-09-21","14","13","Warszawa","2+1","turcja|alanya|2026-09-08|2026-09-21|13|Warszawa|2+1"
"Club Grand Aqua","17667.0","05.09.2026 - 18.09.2026","14 dni/13 nocy","4.4","4.4","168","tripadvisor","Warszawa","2026-08-23T16:14:12.213705+00:00","https://fly.pl/oferta/turcja-wczasy/?filter[dest]=39:&filter[hotelids]=&filter[cityids]=&filter[cregids]=&filter[ofrType]=&filter[addObjType]=H&filter[whenFrom]=23-08-2026&filter[whenTo]=22-09-2026&filter[duration]=13:16&filter[from]=Warszawa,Warszawa%20-%20Radom&filter[person]=2&filter[child]=1&filter[price]=4000:20000&filter[PriceFrom]=4000&filter[PriceTo]=20000&filter[addCategory]=50&filter[addCatering]=0&filter[addMisc]=0&filter[addTransport]=F&filter[fp]=1&order_by=ofr_price&filter[tourOperator]=0&filter[childAge][1]=20201210","https://fly.pl/cdn/photo/assets/uploads/582/278/2018/03/Club-Grand-Aqua.jpg","https://fly.pl/wycieczka/turcja,side,colakli/club-grand-aqua/p6fkCiD5noJwiErSDq-CCOAAog2dTga0fcDTkCUI-SsUjjAAAAAAA6cQQA9m0EAA0AAAAqBFdFWlkw37is1AZIg4oBUEFYpwJgA2odTE9UIFBvbGlzaCBBaXJsaW5lcy9FbnRlciBBaXJyQ54BHwAcAQIAFgQXCBLnAxWFBROJAhgKFJADT-lgTABAnBIRy0BQnIUBSwAb9zAg9-MOHcQGDe_twgkBEmMBDWMBAgg8FNWW/ofertasv/?filter[tourOperator]=WEZY&filter%5Bperson%5D=2&filter%5BchildAge%5D%5B1%5D=20201210&filter%5Bchild%5D=1","filter_turkey_13_16_days","turcja","side","colakli","2026-09-05","2026-09-18","14","13","Warszawa","2+1","turcja|side|2026-09-05|2026-09-18|13|Warszawa|2+1"
"Omer Prime Holiday Resort","17669.0","03.09.2026 - 17.09.2026","15 dni/14 nocy","4.0","4.0","1443","tripadvisor","Warszawa","2026-08-23T16:14:12.213705+00:00","https://fly.pl/oferta/turcja-wczasy/?filter[dest]=39:&filter[hotelids]=&filter[cityids]=&filter[cregids]=&filter[ofrType]=&filter[addObjType]=H&filter[whenFrom]=23-08-2026&filter[whenTo]=22-09-2026&filter[duration]=13:16&filter[from]=Warszawa,Warszawa%20-%20Radom&filter[person]=2&filter[child]=1&filter[price]=4000:20000&filter[PriceFrom]=4000&filter[PriceTo]=20000&filter[addCategory]=50&filter[addCatering]=0&filter[addMisc]=0&filter[addTransport]=F&filter[fp]=1&order_by=ofr_price&filter[tourOperator]=0&filter[childAge][1]=20201210","https://fly.pl/cdn/photo/assets/uploads/582/278/2014/09/Omer-Prime-Holiday-Resort.jpg","https://fly.pl/wycieczka/turcja,kusadasi,c/omer-holiday-resort/pH2LFh99swOvt1cl6Kvv9oAAoguLfuBxz55P_2PJ2eNlasVwe2Quqm3PwaZOcmM0_zULAqBFJOQlcw37is1AZIhYoBUEFY9wFgAmoEQndjYWoXMjk2LDM4MCw0NzcsNDgzLDQ4NCw0ODVyN58BngEVDhcAWAEKnAFArAYRpDIZkiVS7hVTABCmIkvnrwFhAB2GlEAPOSDg9JEJDQACDGMBAwtTJr5y/ofertasv/?filter[tourOperator]=RNBW&filter%5Bperson%5D=2&filter%5BchildAge%5D%5B1%5D=20201210&filter%5Bchild%5D=1","filter_turkey_13_16_days","turcja","kusadasi","c","2026-09-03","2026-09-17","15","14","Warszawa","2+1","turcja|kusadasi|2026-09-03|2026-09-17|14|Warszawa|2+1"
"Venosa Beach Resort","17752.0","03.09.2026 - 17.09.2026","15 dni/14 nocy","4.6","4.6","5916","tripadvisor","Warszawa","2026-08-23T16:14:12.213705+00:00","https://fly.pl/oferta/turcja-wczasy/?filter[dest]=39:&filter[hotelids]=&filter[cityids]=&filter[cregids]=&filter[ofrType]=&filter[addObjType]=H&filter[whenFrom]=23-08-2026&filter[whenTo]=22-09-2026&filter[duration]=13:16&filter[from]=Warszawa,Warszawa%20-%20Radom&filter[person]=2&filter[child]=1&filter[price]=4000:20000&filter[PriceFrom]=4000&filter[PriceTo]=20000&filter[addCategory]=50&filter[addCatering]=0&filter[addMisc]=0&filter[addTransport]=F&filter[fp]=1&order_by=ofr_price&filter[tourOperator]=0&filter[childAge][1]=20201210","https://fly.pl/cdn/photo/assets/uploads/582/278/2010/09/Venosa1.jpg","https://fly.pl/wycieczka/turcja,bodrum,didim/venosa-beach-resort/pcTWl9bhkDOL6n5Mkuo44uAAogW_9s31OWPiK8gJUNYAwVMge2Quqm3PwaZOcmM0_zULAqBFJOQlcw37is1AZI2IoBUEFY9wFgAmoEQ0FoTGoXMjk2LDM4MCw0NzcsNDgzLDQ4NCw0ODVyNp8BngEVDhcAWAEKrQMQoAERWUCiAhm2V1LuFVMAS43SAWEAHYaUQA85IOD0kQkNAAINYwEDDIif8XE/ofertasv/?filter[tourOperator]=RNBW&filter%5Bperson%5D=2&filter%5BchildAge%5D%5B1%5D=20201210&filter%5Bchild%5D=1","filter_turkey_13_16_days","turcja","bodrum","didim","2026-09-03","2026-09-17","15","14","Warszawa","2+1","turcja|bodrum|2026-09-03|2026-09-17|14|Warszawa|2+1"
"Side Prenses","17797.0","05.09.2026 - 18.09.2026","14 dni/13 nocy","4.1","4.1","968","tripadvisor","Warszawa","2026-08-23T16:14:12.213705+00:00","https://fly.pl/oferta/turcja-wczasy/?filter[dest]=39:&filter[hotelids]=&filter[cityids]=&filter[cregids]=&filter[ofrType]=&filter[addObjType]=H&filter[whenFrom]=23-08-2026&filter[whenTo]=22-09-2026&filter[duration]=13:16&filter[from]=Warszawa,Warszawa%20-%20Radom&filter[person]=2&filter[child]=1&filter[price]=4000:20000&filter[PriceFrom]=4000&filter[PriceTo]=20000&filter[addCategory]=50&filter[addCatering]=0&filter[addMisc]=0&filter[addTransport]=F&filter[fp]=1&order_by=ofr_price&filter[tourOperator]=0&filter[childAge][1]=20201210","https://fly.pl/cdn/photo/assets/uploads/582/278/2015/04/Side-Prenses.jpg","https://fly.pl/wycieczka/turcja,side,c/side-prenses/pcBR7hfJnZ1cKiO-kTgsppAAogirQBq9AUPzz3kwEQFhh1GAAAAAA6cQQA9m0EAA0AAAAqBFdFWlkw37is1AZIhYsBUEFYpwJgA2odTE9UIFBvbGlzaCBBaXJsaW5lcy9FbnRlciBBaXJyRJ4BHwAcAQIAFgQXCBLnAxWFBROJAhgKFJADT-lgTABAnBIR1SlQkpwBSwAb59wBIIe4DR3EBg3v7cIJARJjAQxjAQML-WbZmg/ofertasv/?filter[tourOperator]=WEZY&filter%5Bperson%5D=2&filter%5BchildAge%5D%5B1%5D=20201210&filter%5Bchild%5D=1","filter_turkey_13_16_days","turcja","side","c","2026-09-05","2026-09-18","14","13","Warszawa","2+1","turcja|side|2026-09-05|2026-09-18|13|Warszawa|2+1"
"Ali Bey Park Manavgat","17822.0","05.09.2026 - 18.09.2026","14 dni/13 nocy","4.3","4.3","928","tripadvisor","Warszawa","2026-08-23T16:14:12.213705+00:00","https://fly.pl/oferta/turcja-wczasy/?filter[dest]=39:&filter[hotelids]=&filter[cityids]=&filter[cregids]=&filter[ofrType]=&filter[addObjType]=H&filter[whenFrom]=23-08-2026&filter[whenTo]=22-09-2026&filter[duration]=13:16&filter[from]=Warszawa,Warszawa%20-%20Radom&filter[person]=2&filter[child]=1&filter[price]=4000:20000&filter[PriceFrom]=4000&filter[PriceTo]=20000&filter[addCategory]=50&filter[addCatering]=0&filter[addMisc]=0&filter[addTransport]=F&filter[fp]=1&order_by=ofr_price&filter[tourOperator]=0&filter[childAge][1]=20201210","https://fly.pl/cdn/photo/assets/uploads/582/278/2016/03/Ali-Bey-Park-Manavgat.jpg","https://fly.pl/wycieczka/turcja,side,manavgat/ali-bey-club-park-manavgat/phNFS-Rwr_eRJSlbr15IAqAAogtn53oomG73WeZr3xJ2qlnAAAAAA6cQQA9m0EAA0AAQAqBFdFWlkw37is1AZInosBUEFYpwJgA2odTE9UIFBvbGlzaCBBaXJsaW5lcy9FbnRlciBBaXJyQ54BHwAcAQIAFgAXDBLnAxG_AhXGAhOJAhgKFJADT-lgTABAnBJQ58UBSwAbnDEg0uMOHcQGDe_twgkBEmMBDWMBAwwiSmpO/ofertasv/?filter[tourOperator]=WEZY&filter%5Bperson%5D=2&filter%5BchildAge%5D%5B1%5D=20201210&filter%5Bchild%5D=1","filter_turkey_13_16_days","turcja","side","manavgat","2026-09-05","2026-09-18","14","13","Warszawa","2+1","turcja|side|2026-09-05|2026-09-18|13|Warszawa|2+1"
"Royal Alhambra Palace","17833.0","05.09.2026 - 18.09.2026","14 dni/13 nocy","4.1","4.1","1820","tripadvisor","Warszawa","2026-08-23T16:14:12.213705+00:00","https://fly.pl/oferta/turcja-wczasy/?filter[dest]=39:&filter[hotelids]=&filter[cityids]=&filter[cregids]=&filter[ofrType]=&filter[addObjType]=H&filter[whenFrom]=23-08-2026&filter[whenTo]=22-09-2026&filter[duration]=13:16&filter[from]=Warszawa,Warszawa%20-%20Radom&filter[person]=2&filter[child]=1&filter[price]=4000:20000&filter[PriceFrom]=4000&filter[PriceTo]=20000&filter[addCategory]=50&filter[addCatering]=0&filter[addMisc]=0&filter[addTransport]=F&filter[fp]=1&order_by=ofr_price&filter[tourOperator]=0&filter[childAge][1]=20201210","https://fly.pl/cdn/photo/assets/uploads/582/278/2014/12/Royal-Alhambra-Palace.jpg","https://fly.pl/wycieczka/turcja,side,c/royal-alhambra-palace/pVvIOLQkLvBPchqPJzVLz-AAogBi5EZBJAcaqbJTc-E2wF-QAAAAA6cQQA9m0EAA0ABAAqBFdFWlkw47is1AZIqYsBUEFYpwJgA2odTE9UIFBvbGlzaCBBaXJsaW5lcy9FbnRlciBBaXJyQ54BHwAcAQIAFgAXDBLnAxWFBROJAhgKFJADEe4hT_s-TABAnBJQ58UBSwAb-EYg9s0OHcQGDe_twgkBEmMBCmMBAgk5Xv9u/ofertasv/?filter[tourOperator]=WEZY&filter%5Bperson%5D=2&filter%5BchildAge%5D%5B1%5D=20201210&filter%5Bchild%5D=1","filter_turkey_13_16_days","turcja","side","c","2026-09-05","2026-09-18","14","13","Warszawa","2+1","turcja|side|2026-09-05|2026-09-18|13|Warszawa|2+1"
"Seamelia Beach Resort & Spa","17881.0","30.08.2026 - 14.09.2026","16 dni/15 nocy","3.8","3.8","232","tripadvisor","Warszawa","2026-08-23T16:14:12.213705+00:00","https://fly.pl/oferta/turcja-wczasy/?filter[dest]=39:&filter[hotelids]=&filter[cityids]=&filter[cregids]=&filter[ofrType]=&filter[addObjType]=H&filter[whenFrom]=23-08-2026&filter[whenTo]=22-09-2026&filter[duration]=13:16&filter[from]=Warszawa,Warszawa%20-%20Radom&filter[person]=2&filter[child]=1&filter[price]=4000:20000&filter[PriceFrom]=4000&filter[PriceTo]=20000&filter[addCategory]=50&filter[addCatering]=0&filter[addMisc]=0&filter[addTransport]=F&filter[fp]=1&order_by=ofr_price&filter[tourOperator]=0&filter[childAge][1]=20201210","https://fly.pl/cdn/photo/assets/uploads/582/278/2017/01/Seamelia-Beach-Resort-Spa.jpg","https://fly.pl/wycieczka/turcja,side,colakli/seamelia-beach/pRhUaYY7ApLlmmjXyc0LPrAAogWYBZsEyB_HLsPKrlKMH5RAAAAACUdAQAFGMEAA8AFgAqBFdFWlkw47is1AZI2YsBUEFYlwFgA2ocRnJlZSBCaXJkIEFpcmxpbmVzL0VudGVyIEFpcmoEMDgwNXJEngGVAR8AAgEWABwAFw4S5QMYnAQTlgYUlQMRiRRMwUlPAECcEkvnxQFQACCM_w4dgCMby4tkDf_a3ggBEmMBDGMBAwsBE2X0/ofertasv/?filter[tourOperator]=WEZY&filter%5Bperson%5D=2&filter%5BchildAge%5D%5B1%5D=20201210&filter%5Bchild%5D=1","filter_turkey_13_16_days","turcja","side","colakli","2026-08-30","2026-09-14","16","15","Warszawa","2+1","turcja|side|2026-08-30|2026-09-14|15|Warszawa|2+1"
"Orange County Belek","17926.0","05.09.2026 - 18.09.2026","14 dni/13 nocy","4.0","4.0","131","tripadvisor","Warszawa","2026-08-23T16:14:12.213705+00:00","https://fly.pl/oferta/turcja-wczasy/?filter[dest]=39:&filter[hotelids]=&filter[cityids]=&filter[cregids]=&filter[ofrType]=&filter[addObjType]=H&filter[whenFrom]=23-08-2026&filter[whenTo]=22-09-2026&filter[duration]=13:16&filter[from]=Warszawa,Warszawa%20-%20Radom&filter[person]=2&filter[child]=1&filter[price]=4000:20000&filter[PriceFrom]=4000&filter[PriceTo]=20000&filter[addCategory]=50&filter[addCatering]=0&filter[addMisc]=0&filter[addTransport]=F&filter[fp]=1&order_by=ofr_price&filter[tourOperator]=0&filter[childAge][1]=20201210","https://fly.pl/cdn/photo/assets/uploads/582/278/2019/03/Orange-County-Resort-Belek-fly-pl-scaled.jpg","https://fly.pl/wycieczka/turcja,belek,bogazkent/orange-county/p4-QCbdbvz1n0M-UhiKhupAAoghFyZSr99wtunKzj6qLT_lgAAAAA6cQQA9m0EAA0AAQAqBFdFWlkw47is1AZIhowBUEFYpwJgA2odTE9UIFBvbGlzaCBBaXJsaW5lcy9FbnRlciBBaXJyQp4BHwAcAQIAFgAXDBLnAxWFBROJAhgKFJADT-lgTABAnBIR1ldQkW5LABv3MCD34w4dxAYN7-3CCQESYwEMYwECC8x73qo/ofertasv/?filter[tourOperator]=WEZY&filter%5Bperson%5D=2&filter%5BchildAge%5D%5B1%5D=20201210&filter%5Bchild%5D=1","filter_turkey_13_16_days","turcja","belek","bogazkent","2026-09-05","2026-09-18","14","13","Warszawa","2+1","turcja|belek|2026-09-05|2026-09-18|13|Warszawa|2+1"
"Queens Park Le Jardin Resort","17936.0","05.09.2026 - 18.09.2026","14 dni/13 nocy","4.4","4.4","1575","tripadvisor","Warszawa","2026-08-23T16:14:12.213705+00:00","https://fly.pl/oferta/turcja-wczasy/?filter[dest]=39:&filter[hotelids]=&filter[cityids]=&filter[cregids]=&filter[ofrType]=&filter[addObjType]=H&filter[whenFrom]=23-08-2026&filter[whenTo]=22-09-2026&filter[duration]=13:16&filter[from]=Warszawa,Warszawa%20-%20Radom&filter[person]=2&filter[child]=1&filter[price]=4000:20000&filter[PriceFrom]=4000&filter[PriceTo]=20000&filter[addCategory]=50&filter[addCatering]=0&filter[addMisc]=0&filter[addTransport]=F&filter[fp]=1&order_by=ofr_price&filter[tourOperator]=0&filter[childAge][1]=20201210","https://fly.pl/cdn/photo/assets/uploads/582/278/2017/12/QUEENS-PARK-LE-JARDIN-RESORT-1.jpg","https://fly.pl/wycieczka/turcja,kemer,kiris/queens-park-le-jardin-resort/pKqNl2B1LEwuqUuCsqkDcaAAog8PafvaLcnTHbnhFybFaE0AAAAAA6cQQA9m0EAA0ADQAqBFdFWlkw47is1AZIkIwBUEFYpwJgA2odTE9UIFBvbGlzaCBBaXJsaW5lcy9FbnRlciBBaXJyQ54BHwAcAQIAFgAXDBLnAxWFBROJAhgKFJADEdxNT40TTABAnBJQ58UBSwAbuFQgtsAOHcQGDe_twgkBEmMBDGMBAgsO3Yyn/ofertasv/?filter[tourOperator]=WEZY&filter%5Bperson%5D=2&filter%5BchildAge%5D%5B1%5D=20201210&filter%5Bchild%5D=1","filter_turkey_13_16_days","turcja","kemer","kiris","2026-09-05","2026-09-18","14","13","Warszawa","2+1","turcja|kemer|2026-09-05|2026-09-18|13|Warszawa|2+1"
"Long Beach (Avsallar)","17946.0","05.09.2026 - 18.09.2026","14 dni/13 nocy","4.2","4.2","4706","tripadvisor","Warszawa","2026-08-23T16:14:12.213705+00:00","https://fly.pl/oferta/turcja-wczasy/?filter[dest]=39:&filter[hotelids]=&filter[cityids]=&filter[cregids]=&filter[ofrType]=&filter[addObjType]=H&filter[whenFrom]=23-08-2026&filter[whenTo]=22-09-2026&filter[duration]=13:16&filter[from]=Warszawa,Warszawa%20-%20Radom&filter[person]=2&filter[child]=1&filter[price]=4000:20000&filter[PriceFrom]=4000&filter[PriceTo]=20000&filter[addCategory]=50&filter[addCatering]=0&filter[addMisc]=0&filter[addTransport]=F&filter[fp]=1&order_by=ofr_price&filter[tourOperator]=0&filter[childAge][1]=20201210","https://fly.pl/cdn/photo/assets/uploads/582/278/2015/03/LONG-BEACH-ALANYA.jpg","https://fly.pl/wycieczka/turcja,alanya,avsallar/long-beach-resort-incekum/pJcIHwsSzyvyol-H4KBzzLAAogOEEmyHf-OSlyKod5XQt_9QAAAAA6cQQA9m0EAA0AAAAqBFdFWlkw47is1AZImowBUEFYpwJgA2odTE9UIFBvbGlzaCBBaXJsaW5lcy9FbnRlciBBaXJyRJ4BHwAcAQIAFgAXDBLnAxGlAhXgAhOJAhgKFJADT-lgTABAnBJQ58UBSwAg7pQPHcQGG-SQIw2L3Z8JARJjAQ1jAQMMHGF0Hw/ofertasv/?filter[tourOperator]=WEZY&filter%5Bperson%5D=2&filter%5BchildAge%5D%5B1%5D=20201210&filter%5Bchild%5D=1","filter_turkey_13_16_days","turcja","alanya","avsallar","2026-09-05","2026-09-18","14","13","Warszawa","2+1","turcja|alanya|2026-09-05|2026-09-18|13|Warszawa|2+1"
"Orange County (Kemer)","17983.0","05.09.2026 - 18.09.2026","14 dni/13 nocy","4.0","4.0","943","tripadvisor","Warszawa","2026-08-23T16:14:12.213705+00:00","https://fly.pl/oferta/turcja-wczasy/?filter[dest]=39:&filter[hotelids]=&filter[cityids]=&filter[cregids]=&filter[ofrType]=&filter[addObjType]=H&filter[whenFrom]=23-08-2026&filter[whenTo]=22-09-2026&filter[duration]=13:16&filter[from]=Warszawa,Warszawa%20-%20Radom&filter[person]=2&filter[child]=1&filter[price]=4000:20000&filter[PriceFrom]=4000&filter[PriceTo]=20000&filter[addCategory]=50&filter[addCatering]=0&filter[addMisc]=0&filter[addTransport]=F&filter[fp]=1&order_by=ofr_price&filter[tourOperator]=0&filter[childAge][1]=20201210","https://fly.pl/cdn/photo/assets/uploads/582/278/2014/10/Orange-County-Resort-Kemer.jpg","https://fly.pl/wycieczka/turcja,kemer,c/orange-county-resort/p6-tcIVkPUxfGuGBP24ecWAAogaurL57iWvwAJwFcbbU7hvQAAAAA6cQQA9m0EAA0AAQAqBFdFWlkw47is1AZIv4wBUEFYpwJgA2odTE9UIFBvbGlzaCBBaXJsaW5lcy9FbnRlciBBaXJyQ54BHwAcAQIAFgAXDBLnAxWFBROJAhgKFJADTOlgTwBAnBJQ58UBSwAb9zARvi8gubQOHcQGDe_twgkBEmMBDGMBAgsunkGY/ofertasv/?filter[tourOperator]=WEZY&filter%5Bperson%5D=2&filter%5BchildAge%5D%5B1%5D=20201210&filter%5Bchild%5D=1","filter_turkey_13_16_days","turcja","kemer","c","2026-09-05","2026-09-18","14","13","Warszawa","2+1","turcja|kemer|2026-09-05|2026-09-18|13|Warszawa|2+1"
"Club Grand Side","18028.0","05.09.2026 - 18.09.2026","14 dni/13 nocy","4.2","4.2","369","tripadvisor","Warszawa","2026-08-23T16:14:12.213705+00:00","https://fly.pl/oferta/turcja-wczasy/?filter[dest]=39:&filter[hotelids]=&filter[cityids]=&filter[cregids]=&filter[ofrType]=&filter[addObjType]=H&filter[whenFrom]=23-08-2026&filter[whenTo]=22-09-2026&filter[duration]=13:16&filter[from]=Warszawa,Warszawa%20-%20Radom&filter[person]=2&filter[child]=1&filter[price]=4000:20000&filter[PriceFrom]=4000&filter[PriceTo]=20000&filter[addCategory]=50&filter[addCatering]=0&filter[addMisc]=0&filter[addTransport]=F&filter[fp]=1&order_by=ofr_price&filter[tourOperator]=0&filter[childAge][1]=20201210","https://fly.pl/cdn/photo/assets/uploads/582/278/2018/05/Club-Grand-Side-fly-pl-1.jpg","https://fly.pl/wycieczka/turcja,side,colakli/club-grand-side/pRAqBq6hWjPsUX-12q1jqMAAogWtNaQPpW6-KMP-4DEoeclwAAAAA6cQQA9m0EAA0AAQAqBFdFWlkw47is1AZI7IwBUEFYpwJgA2odTE9UIFBvbGlzaCBBaXJsaW5lcy9FbnRlciBBaXJyRJ4BHwAcAQIAFgQXCBLnAxWFBROJAhgKFJADT-lgTABAnBIRjkNQ2YIBSwAb7IgBIIKMDh3EBg3v7cIJARJjAQ1jAQIIEQANgA/ofertasv/?filter[tourOperator]=WEZY&filter%5Bperson%5D=2&filter%5BchildAge%5D%5B1%5D=20201210&filter%5Bchild%5D=1","filter_turkey_13_16_days","turcja","side","colakli","2026-09-05","2026-09-18","14","13","Warszawa","2+1","turcja|side|2026-09-05|2026-09-18|13|Warszawa|2+1"
"Infinity by Yelken","18044.0","06.09.2026 - 21.09.2026","16 dni/14 nocy","4.3","4.3","2115","tripadvisor","Warszawa","2026-08-23T16:14:12.213705+00:00","https://fly.pl/oferta/turcja-wczasy/?filter[dest]=39:&filter[hotelids]=&filter[cityids]=&filter[cregids]=&filter[ofrType]=&filter[addObjType]=H&filter[whenFrom]=23-08-2026&filter[whenTo]=22-09-2026&filter[duration]=13:16&filter[from]=Warszawa,Warszawa%20-%20Radom&filter[person]=2&filter[child]=1&filter[price]=4000:20000&filter[PriceFrom]=4000&filter[PriceTo]=20000&filter[addCategory]=50&filter[addCatering]=0&filter[addMisc]=0&filter[addTransport]=F&filter[fp]=1&order_by=ofr_price&filter[tourOperator]=0&filter[childAge][1]=20201210","https://fly.pl/cdn/photo/assets/uploads/582/278/2019/09/infinity.jpg","https://fly.pl/wycieczka/turcja,kusadasi,c/infinity-by-yelken-14/pOUsokLzsFPhCQFyTQKWDbAAogkZ8u_ccboXrN-c2ec8_OvdEzePA6K1TdX_ACAFXiuCcqBFJOQlcw47is1AZI_IwBUEFYvwJgAmoEQ0FoTGoXMjk2LDM4MCw0NzcsNDgzLDQ4NCw0ODVqGzQwMiw0MDMsNDA2LDQxNyw0NzMsNDk3LDQ5OXI5nwGeAZQBFQ5YARcACq0DQJsEEZUnGaEwEM4HUqAOUwBLjdIBYQAPh6ZBHTEg6uKQCQ0AAg1jAQMMFWIQ-A/ofertasv/?filter[tourOperator]=RNBW&filter%5Bperson%5D=2&filter%5BchildAge%5D%5B1%5D=20201210&filter%5Bchild%5D=1","filter_turkey_13_16_days","turcja","kusadasi","c","2026-09-06","2026-09-21","16","14","Warszawa","2+1","turcja|kusadasi|2026-09-06|2026-09-21|14|Warszawa|2+1"
"The Norm Oriental (ex. Asteria Kemer Resort)","18050.0","31.08.2026 - 13.09.2026","14 dni/13 nocy","4.6","4.6","2613","tripadvisor","Warszawa","2026-08-23T16:14:12.213705+00:00","https://fly.pl/oferta/turcja-wczasy/?filter[dest]=39:&filter[hotelids]=&filter[cityids]=&filter[cregids]=&filter[ofrType]=&filter[addObjType]=H&filter[whenFrom]=23-08-2026&filter[whenTo]=22-09-2026&filter[duration]=13:16&filter[from]=Warszawa,Warszawa%20-%20Radom&filter[person]=2&filter[child]=1&filter[price]=4000:20000&filter[PriceFrom]=4000&filter[PriceTo]=20000&filter[addCategory]=50&filter[addCatering]=0&filter[addMisc]=0&filter[addTransport]=F&filter[fp]=1&order_by=ofr_price&filter[tourOperator]=0&filter[childAge][1]=20201210","https://fly.pl/cdn/photo/assets/uploads/582/278/2014/10/The-Norm-Oriental.jpg","https://fly.pl/wycieczka/turcja,kemer,camyuva/fantasia-deluxe-kemer/pQkszqzLdWEGO7BTf2xBIWAAogiHmspgTO6rNuam956GmhUvO6792qXr7vIATd4bqVIfYqBE9SRVgw47is1AZIgo0BUEFYrwFgAmoHUFA1LjIuMXI2mwEVDRcAWAJWAlwIQMIGEZsWT8AqXSRTqydSAF6WlAFL7UNhAEzljDog8vuXCQ0AAhJjAQIL_b_Y-w/ofertasv/?filter[tourOperator]=OREX&filter%5Bperson%5D=2&filter%5BchildAge%5D%5B1%5D=20201210&filter%5Bchild%5D=1","filter_turkey_13_16_days","turcja","kemer","camyuva","2026-08-31","2026-09-13","14","13","Warszawa","2+1","turcja|kemer|2026-08-31|2026-09-13|13|Warszawa|2+1"
"Turan Prince","18085.0","05.09.2026 - 18.09.2026","14 dni/13 nocy","4.2","4.2","2196","tripadvisor","Warszawa","2026-08-23T16:14:12.213705+00:00","https://fly.pl/oferta/turcja-wczasy/?filter[dest]=39:&filter[hotelids]=&filter[cityids]=&filter[cregids]=&filter[ofrType]=&filter[addObjType]=H&filter[whenFrom]=23-08-2026&filter[whenTo]=22-09-2026&filter[duration]=13:16&filter[from]=Warszawa,Warszawa%20-%20Radom&filter[person]=2&filter[child]=1&filter[price]=4000:20000&filter[PriceFrom]=4000&filter[PriceTo]=20000&filter[addCategory]=50&filter[addCatering]=0&filter[addMisc]=0&filter[addTransport]=F&filter[fp]=1&order_by=ofr_price&filter[tourOperator]=0&filter[childAge][1]=20201210","https://fly.pl/cdn/photo/assets/uploads/582/278/2016/11/Sentido-Turan-Prince.jpg","https://fly.pl/wycieczka/turcja,side,colakli/sentido-turan-prince/pkouXoeMDp9uiVjzf4vnmAAAoghg_wqsE5yqmO6G3iWkPo2QAAAAA6cQQA9m0EAA0ADQAqBFdFWlkw47is1AZIpY0BUEFYpwJgA2odTE9UIFBvbGlzaCBBaXJsaW5lcy9FbnRlciBBaXJyQ54BHwAcAQIAFgQXCBLnAxHkAhWhAhOJAhgKFJADT-lgTABAnBJQ58UBSwAbnU8g0cUOHcQGDe_twgkBEmMBDGMBAgtWYC9R/ofertasv/?filter[tourOperator]=WEZY&filter%5Bperson%5D=2&filter%5BchildAge%5D%5B1%5D=20201210&filter%5Bchild%5D=1","filter_turkey_13_16_days","turcja","side","colakli","2026-09-05","2026-09-18","14","13","Warszawa","2+1","turcja|side|2026-09-05|2026-09-18|13|Warszawa|2+1"
"Pine Bay Holiday Resort","18157.0","01.09.2026 - 16.09.2026","16 dni/14 nocy","4.0","4.0","4438","tripadvisor","Warszawa","2026-08-23T16:14:12.213705+00:00","https://fly.pl/oferta/turcja-wczasy/?filter[dest]=39:&filter[hotelids]=&filter[cityids]=&filter[cregids]=&filter[ofrType]=&filter[addObjType]=H&filter[whenFrom]=23-08-2026&filter[whenTo]=22-09-2026&filter[duration]=13:16&filter[from]=Warszawa,Warszawa%20-%20Radom&filter[person]=2&filter[child]=1&filter[price]=4000:20000&filter[PriceFrom]=4000&filter[PriceTo]=20000&filter[addCategory]=50&filter[addCatering]=0&filter[addMisc]=0&filter[addTransport]=F&filter[fp]=1&order_by=ofr_price&filter[tourOperator]=0&filter[childAge][1]=20201210","https://fly.pl/cdn/photo/assets/uploads/582/278/2014/10/Pine-Bay.jpg","https://fly.pl/wycieczka/turcja,kusadasi,c/pine-bay-holiday-resort/pN96IipzFW0hxYa2Y7P-mBAAogkyuuTv6wnORLVncjxn5Jdv2zGYwqFYg4ECCf9wRZdxcqBFZJVFgw47is1AZI7Y0BUEFYxwFgAnI_GgBcChUEFwBYAUCPA1PhZVIAW94dXr58S-1DYQBMx7Q5DdbUmAkgAVGBw5-CVE_7qBNdvJeY7bEBAg1jAQIM_Nu6yg/ofertasv/?filter[tourOperator]=VITX&filter%5Bperson%5D=2&filter%5BchildAge%5D%5B1%5D=20201210&filter%5Bchild%5D=1","filter_turkey_13_16_days","turcja","kusadasi","c","2026-09-01","2026-09-16","16","14","Warszawa","2+1","turcja|kusadasi|2026-09-01|2026-09-16|14|Warszawa|2+1"
"Laur Experience & Elegance","18188.0","08.09.2026 - 22.09.2026","15 dni/14 nocy","4.6","4.6","1826","tripadvisor","Warszawa","2026-08-23T16:14:12.213705+00:00","https://fly.pl/oferta/turcja-wczasy/?filter[dest]=39:&filter[hotelids]=&filter[cityids]=&filter[cregids]=&filter[ofrType]=&filter[addObjType]=H&filter[whenFrom]=23-08-2026&filter[whenTo]=22-09-2026&filter[duration]=13:16&filter[from]=Warszawa,Warszawa%20-%20Radom&filter[person]=2&filter[child]=1&filter[price]=4000:20000&filter[PriceFrom]=4000&filter[PriceTo]=20000&filter[addCategory]=50&filter[addCatering]=0&filter[addMisc]=0&filter[addTransport]=F&filter[fp]=1&order_by=ofr_price&filter[tourOperator]=0&filter[childAge][1]=20201210","https://fly.pl/cdn/photo/assets/uploads/582/278/2014/10/Laur.jpg","https://fly.pl/wycieczka/turcja,bodrum,didim/didim-beach-elegance/pLipno2cHJbwaeFO7Bql2MAAogoDIhb8OqBMtNYJwbB5jtJQAAAAAIpwQAH6cEAA4AAAAqBFdFWlkw47is1AZIjI4BUEFY7wJgA2oJRW50ZXIgQWlyagQwNjU1agQwODU1ckGeAZUBmAEfAAIBFgAcABcNEuYDE4wLFIsDEY0kTOcyTwBAohhL58UBUAAb9jEditUPIBcNjYLCCQESYwENYwEDBhz0k00/ofertasv/?filter[tourOperator]=WEZY&filter%5Bperson%5D=2&filter%5BchildAge%5D%5B1%5D=20201210&filter%5Bchild%5D=1","filter_turkey_13_16_days","turcja","bodrum","didim","2026-09-08","2026-09-22","15","14","Warszawa","2+1","turcja|bodrum|2026-09-08|2026-09-22|14|Warszawa|2+1"
"Sueno Beach Side","18205.0","29.08.2026 - 11.09.2026","14 dni/13 nocy","4.4","4.4","4317","tripadvisor","Warszawa","2026-08-23T16:14:12.213705+00:00","https://fly.pl/oferta/turcja-wczasy/?filter[dest]=39:&filter[hotelids]=&filter[cityids]=&filter[cregids]=&filter[ofrType]=&filter[addObjType]=H&filter[whenFrom]=23-08-2026&filter[whenTo]=22-09-2026&filter[duration]=13:16&filter[from]=Warszawa,Warszawa%20-%20Radom&filter[person]=2&filter[child]=1&filter[price]=4000:20000&filter[PriceFrom]=4000&filter[PriceTo]=20000&filter[addCategory]=50&filter[addCatering]=0&filter[addMisc]=0&filter[addTransport]=F&filter[fp]=1&order_by=ofr_price&filter[tourOperator]=0&filter[childAge][1]=20201210","https://fly.pl/cdn/photo/assets/uploads/582/278/2015/04/Sueno-Hotels-Beach-Side.jpg","https://fly.pl/wycieczka/turcja,side,c/sueno-beach-side/pXSeqVHNGnTc2YXhxjg-PbAAog5MNUDMIeU20x5IifBjLdvQAAAABIqwQAx20EAA0ADAAqBFdFWlkw47is1AZInY4BUEFYf2ADaglFbnRlciBBaXJqBDA2NDBqBDA5MTByQ54BlQGYAR8AHAECABYAFwwS5wMRjAIT7AgUmgNM_1xPAECcEkvnxQFQACC_lA8dgXsb6O4eDa2KowkBEmMBCmMBAgm29dfG/ofertasv/?filter[tourOperator]=WEZY&filter%5Bperson%5D=2&filter%5BchildAge%5D%5B1%5D=20201210&filter%5Bchild%5D=1","filter_turkey_13_16_days","turcja","side","c","2026-08-29","2026-09-11","14","13","Warszawa","2+1","turcja|side|2026-08-29|2026-09-11|13|Warszawa|2+1"
"Club Turan Prince World","18289.0","05.09.2026 - 18.09.2026","14 dni/13 nocy","4.1","4.1","2778","tripadvisor","Warszawa","2026-08-23T16:14:12.213705+00:00","https://fly.pl/oferta/turcja-wczasy/?filter[dest]=39:&filter[hotelids]=&filter[cityids]=&filter[cregids]=&filter[ofrType]=&filter[addObjType]=H&filter[whenFrom]=23-08-2026&filter[whenTo]=22-09-2026&filter[duration]=13:16&filter[from]=Warszawa,Warszawa%20-%20Radom&filter[person]=2&filter[child]=1&filter[price]=4000:20000&filter[PriceFrom]=4000&filter[PriceTo]=20000&filter[addCategory]=50&filter[addCatering]=0&filter[addMisc]=0&filter[addTransport]=F&filter[fp]=1&order_by=ofr_price&filter[tourOperator]=0&filter[childAge][1]=20201210","https://fly.pl/cdn/photo/assets/uploads/582/278/2014/10/Turan-Prince-World-fly-pl.jpg","https://fly.pl/wycieczka/turcja,side,manavgat/club-turan-prince-world/p-5x12HVa8IoiJu1ieFqw8AAogsVrwwky95mOtkPjkBSKraAAAAAA6cQQA9m0EAA0AAQAqBFdFWlkw47is1AZI8Y4BUEFYpwJgA2odTE9UIFBvbGlzaCBBaXJsaW5lcy9FbnRlciBBaXJyQp4BHwAcAQIAFgQXCBHYAxIPFYUFE4kCGAoUkANP6WBMAECcElDnxQFLABuVfSDZlw4dxAYN7-3CCQESYwEMYwECBWaJE7U/ofertasv/?filter[tourOperator]=WEZY&filter%5Bperson%5D=2&filter%5BchildAge%5D%5B1%5D=20201210&filter%5Bchild%5D=1","filter_turkey_13_16_days","turcja","side","manavgat","2026-09-05","2026-09-18","14","13","Warszawa","2+1","turcja|side|2026-09-05|2026-09-18|13|Warszawa|2+1"
"Numa Club (Side)","18398.0","05.09.2026 - 18.09.2026","14 dni/13 nocy","4.6","4.6","337","tripadvisor","Warszawa","2026-08-23T16:14:12.213705+00:00","https://fly.pl/oferta/turcja-wczasy/?filter[dest]=39:&filter[hotelids]=&filter[cityids]=&filter[cregids]=&filter[ofrType]=&filter[addObjType]=H&filter[whenFrom]=23-08-2026&filter[whenTo]=22-09-2026&filter[duration]=13:16&filter[from]=Warszawa,Warszawa%20-%20Radom&filter[person]=2&filter[child]=1&filter[price]=4000:20000&filter[PriceFrom]=4000&filter[PriceTo]=20000&filter[addCategory]=50&filter[addCatering]=0&filter[addMisc]=0&filter[addTransport]=F&filter[fp]=1&order_by=ofr_price&filter[tourOperator]=0&filter[childAge][1]=20201210","https://fly.pl/cdn/photo/assets/uploads/582/278/2024/07/numa-club-side.jpg","https://fly.pl/wycieczka/turcja,side,colakli/numa-club-side-14/pUYueyMlto1GuJQ9l7KTCcAAogjDaqcZ_lVy-Lt0Wgd7uFcwAAAAA6cQQA9m0EAA0AAAAqBFdFWlkw47is1AZI3o8BUEFYpwJgA2odTE9UIFBvbGlzaCBBaXJsaW5lcy9FbnRlciBBaXJyRZ4BHwAcAQIAFgAXDBLnAxWFBROJAhgKFJADTOlgTwBAnBJQ58UBSwAR_IIBIPKRDh3EBhvyr0kN_b35CAESYwENYwECDDUJaro/ofertasv/?filter[tourOperator]=WEZY&filter%5Bperson%5D=2&filter%5BchildAge%5D%5B1%5D=20201210&filter%5Bchild%5D=1","filter_turkey_13_16_days","turcja","side","colakli","2026-09-05","2026-09-18","14","13","Warszawa","2+1","turcja|side|2026-09-05|2026-09-18|13|Warszawa|2+1"
"OZ Incekum Beach Resort","18405.0","05.09.2026 - 19.09.2026","15 dni/14 nocy","4.4","4.4","2118","tripadvisor","Warszawa","2026-08-23T16:14:12.213705+00:00","https://fly.pl/oferta/turcja-wczasy/?filter[dest]=39:&filter[hotelids]=&filter[cityids]=&filter[cregids]=&filter[ofrType]=&filter[addObjType]=H&filter[whenFrom]=23-08-2026&filter[whenTo]=22-09-2026&filter[duration]=13:16&filter[from]=Warszawa,Warszawa%20-%20Radom&filter[person]=2&filter[child]=1&filter[price]=4000:20000&filter[PriceFrom]=4000&filter[PriceTo]=20000&filter[addCategory]=50&filter[addCatering]=0&filter[addMisc]=0&filter[addTransport]=F&filter[fp]=1&order_by=ofr_price&filter[tourOperator]=0&filter[childAge][1]=20201210","https://fly.pl/cdn/photo/assets/uploads/582/278/2016/11/Incekum-Beach-Resort.jpg","https://fly.pl/wycieczka/turcja,alanya,incekum/incekum-beach-resort/p0sAbvJhZhVW1hjqU3rc6RAAog7UZ16BISDdTQZPZtif2XJ1qgFapzyws-iSDqUWdhuTQqBFJOQlcw47is1AZI5Y8BUEFYpwJgAmoEQ0FnSmoXMjk2LDM4MCw0NzcsNDgzLDQ4NCw0ODVqGzQwMiw0MDMsNDA2LDQxNyw0NzMsNDk3LDQ5OXI3nwGeAZQBFQ4XAFgBChhAsAcRqEMZkhRS9A9TABCOcUv1ZmEAHZqVQQ8vINjzkAkNAAINYwECBhKAWdc/ofertasv/?filter[tourOperator]=RNBW&filter%5Bperson%5D=2&filter%5BchildAge%5D%5B1%5D=20201210&filter%5Bchild%5D=1","filter_turkey_13_16_days","turcja","alanya","incekum","2026-09-05","2026-09-19","15","14","Warszawa","2+1","turcja|alanya|2026-09-05|2026-09-19|14|Warszawa|2+1"
"Greenwood Suites Resort (ex. Sherwood Suites Resort)","18473.0","09.09.2026 - 22.09.2026","14 dni/13 nocy","4.5","4.5","2625","tripadvisor","Warszawa","2026-08-23T16:14:12.213705+00:00","https://fly.pl/oferta/turcja-wczasy/?filter[dest]=39:&filter[hotelids]=&filter[cityids]=&filter[cregids]=&filter[ofrType]=&filter[addObjType]=H&filter[whenFrom]=23-08-2026&filter[whenTo]=22-09-2026&filter[duration]=13:16&filter[from]=Warszawa,Warszawa%20-%20Radom&filter[person]=2&filter[child]=1&filter[price]=4000:20000&filter[PriceFrom]=4000&filter[PriceTo]=20000&filter[addCategory]=50&filter[addCatering]=0&filter[addMisc]=0&filter[addTransport]=F&filter[fp]=1&order_by=ofr_price&filter[tourOperator]=0&filter[childAge][1]=20201210","https://fly.pl/cdn/photo/assets/uploads/582/278/2019/02/Greenwood-Suites-Resort.jpg","https://fly.pl/wycieczka/turcja,alanya,c/sherwood-suites-resort/pHdEOdAyExI4r9MvqGxLRAAAogA4Mpe_NrZVdC2TSe9wNCJSGzm71fuxsMU5q28Om4PE0qBE9SRVgw47is1AZIqZABUEFYhwNgAmoFMi4yLjFyNpsBXAoVAxcAWAJWAhH7AUDPBE_bQF0kUqsnUwBelpQBYe1DSwBM5Yw6IMD8lwkNAAISYwECDWOBBCc/ofertasv/?filter[tourOperator]=OREX&filter%5Bperson%5D=2&filter%5BchildAge%5D%5B1%5D=20201210&filter%5Bchild%5D=1","filter_turkey_13_16_days","turcja","alanya","c","2026-09-09","2026-09-22","14","13","Warszawa","2+1","turcja|alanya|2026-09-09|2026-09-22|13|Warszawa|2+1"
"Crystal De Luxe Comfort Collection","18494.0","05.09.2026 - 18.09.2026","14 dni/13 nocy","4.6","4.6","3857","tripadvisor","Warszawa","2026-08-23T16:14:12.213705+00:00","https://fly.pl/oferta/turcja-wczasy/?filter[dest]=39:&filter[hotelids]=&filter[cityids]=&filter[cregids]=&filter[ofrType]=&filter[addObjType]=H&filter[whenFrom]=23-08-2026&filter[whenTo]=22-09-2026&filter[duration]=13:16&filter[from]=Warszawa,Warszawa%20-%20Radom&filter[person]=2&filter[child]=1&filter[price]=4000:20000&filter[PriceFrom]=4000&filter[PriceTo]=20000&filter[addCategory]=50&filter[addCatering]=0&filter[addMisc]=0&filter[addTransport]=F&filter[fp]=1&order_by=ofr_price&filter[tourOperator]=0&filter[childAge][1]=20201210","https://fly.pl/cdn/photo/assets/uploads/582/278/2015/04/Crystal-De-Luxe-fly-pl.jpg","https://fly.pl/wycieczka/turcja,kemer,c/crystal-de-luxe/pAm1nIjksB0rTjr_SszdqdAAogM3JUiDwmMsBIOcZS_1FSsAAAAAA6cQQA9m0EAA0AAAAqBFdFWlkw47is1AZIvpABUEFYpwJgA2odTE9UIFBvbGlzaCBBaXJsaW5lcy9FbnRlciBBaXJyQ54BHwAcAQIAFgAXDBGfAhLIARWFBROJAhgKFJADT-lgTABAnBJQ58UBSwAb9zAg9-MOHcQGDe_twgkBEmMBDGMBAgsJO-Wn/ofertasv/?filter[tourOperator]=WEZY&filter%5Bperson%5D=2&filter%5BchildAge%5D%5B1%5D=20201210&filter%5Bchild%5D=1","filter_turkey_13_16_days","turcja","kemer","c","2026-09-05","2026-09-18","14","13","Warszawa","2+1","turcja|kemer|2026-09-05|2026-09-18|13|Warszawa|2+1"
"The X Belek","18506.0","07.09.2026 - 20.09.2026","14 dni/13 nocy","4.3","4.3","1362","tripadvisor","Warszawa","2026-08-23T16:14:12.213705+00:00","https://fly.pl/oferta/turcja-wczasy/?filter[dest]=39:&filter[hotelids]=&filter[cityids]=&filter[cregids]=&filter[ofrType]=&filter[addObjType]=H&filter[whenFrom]=23-08-2026&filter[whenTo]=22-09-2026&filter[duration]=13:16&filter[from]=Warszawa,Warszawa%20-%20Radom&filter[person]=2&filter[child]=1&filter[price]=4000:20000&filter[PriceFrom]=4000&filter[PriceTo]=20000&filter[addCategory]=50&filter[addCatering]=0&filter[addMisc]=0&filter[addTransport]=F&filter[fp]=1&order_by=ofr_price&filter[tourOperator]=0&filter[childAge][1]=20201210","https://fly.pl/cdn/photo/assets/uploads/582/278/2024/07/the-x-belek.jpg","https://fly.pl/wycieczka/turcja,belek,c/the-x-belek-13/pJK9OqMbeF05Teb-v_vpQHAAogo6SRDf1EgpYlUSvasR_NSgAAAADQYgQAs3QEAA0AAAAqBFdFWlkw47is1AZIypABUEFY1wJgA2oSRnJlZSBCaXJkIEFpcmxpbmVzagQwOTQwckSeAZMBHwACARYAHAAXDBLnAxTNBhWvARjSAU_DYUwAQJwSS-fFAVAAEZ5hG8GMAR3pkA0g4yMN-ObCCQESYwEMYwECCySAaAk/ofertasv/?filter[tourOperator]=WEZY&filter%5Bperson%5D=2&filter%5BchildAge%5D%5B1%5D=20201210&filter%5Bchild%5D=1","filter_turkey_13_16_days","turcja","belek","c","2026-09-07","2026-09-20","14","13","Warszawa","2+1","turcja|belek|2026-09-07|2026-09-20|13|Warszawa|2+1"
"Azura Deluxe Resort & Spa","18536.0","05.09.2026 - 18.09.2026","14 dni/13 nocy","4.7","4.7","2455","tripadvisor","Warszawa","2026-08-23T16:14:12.213705+00:00","https://fly.pl/oferta/turcja-wczasy/?filter[dest]=39:&filter[hotelids]=&filter[cityids]=&filter[cregids]=&filter[ofrType]=&filter[addObjType]=H&filter[whenFrom]=23-08-2026&filter[whenTo]=22-09-2026&filter[duration]=13:16&filter[from]=Warszawa,Warszawa%20-%20Radom&filter[person]=2&filter[child]=1&filter[price]=4000:20000&filter[PriceFrom]=4000&filter[PriceTo]=20000&filter[addCategory]=50&filter[addCatering]=0&filter[addMisc]=0&filter[addTransport]=F&filter[fp]=1&order_by=ofr_price&filter[tourOperator]=0&filter[childAge][1]=20201210","https://fly.pl/cdn/photo/assets/uploads/582/278/2015/04/Azura-Deluxe-Resort-Spa.jpg","https://fly.pl/wycieczka/turcja,alanya,avsallar/azura-deluxe-resort-spa/pPZUtTJMYTTnnndHkPsh3RAAogIWhWR1c9pG8y6cWAbeXgVgAAAAA6cQQA9m0EAA0AAQAqBFdFWlkw47is1AZI6JABUEFYpwJgA2odTE9UIFBvbGlzaCBBaXJsaW5lcy9FbnRlciBBaXJyQ54BHwAcAQIAFgAXDBLnAxWFBROJAhgKFJADEclTT6ANTABAnBJQ58UBSwAbt1wgt7gOHcQGDe_twgkBEmMBDGMBAwuPblwS/ofertasv/?filter[tourOperator]=WEZY&filter%5Bperson%5D=2&filter%5BchildAge%5D%5B1%5D=20201210&filter%5Bchild%5D=1","filter_turkey_13_16_days","turcja","alanya","avsallar","2026-09-05","2026-09-18","14","13","Warszawa","2+1","turcja|alanya|2026-09-05|2026-09-18|13|Warszawa|2+1"
"Long Beach Club Nature","18620.0","04.09.2026 - 18.09.2026","15 dni/14 nocy","4.6","4.6","1609","tripadvisor","Warszawa","2026-08-23T16:14:12.213705+00:00","https://fly.pl/oferta/turcja-wczasy/?filter[dest]=39:&filter[hotelids]=&filter[cityids]=&filter[cregids]=&filter[ofrType]=&filter[addObjType]=H&filter[whenFrom]=23-08-2026&filter[whenTo]=22-09-2026&filter[duration]=13:16&filter[from]=Warszawa,Warszawa%20-%20Radom&filter[person]=2&filter[child]=1&filter[price]=4000:20000&filter[PriceFrom]=4000&filter[PriceTo]=20000&filter[addCategory]=50&filter[addCatering]=0&filter[addMisc]=0&filter[addTransport]=F&filter[fp]=1&order_by=ofr_price&filter[tourOperator]=0&filter[childAge][1]=20201210","https://fly.pl/cdn/photo/assets/uploads/582/278/2016/06/Aurum-Exclusive-Club-Marmara-ex-Patio-Beach-Club-fly-pl-2.jpg","https://fly.pl/wycieczka/turcja,bodrum,akbuk/patio-beach-club/p38WaaZH4AGwFIoJHMPzd7AAogW-TJmSbs5QLdDMX_q869qAAAAACfqQQAvakEAA4AAQAqBFdFWlkw47is1AZIvJEBUEFYjwJgA2oJRW50ZXIgQWlyagQwNjQwagQwOTEwckGeAZUBmAEfAAIBFgAcABcNEuYDE4cLFIsDTPlWTwBAohgR3VhLim1QABuMzAIdi8ANIB4N6_zBCQESYwENYwEDDKSXf94/ofertasv/?filter[tourOperator]=WEZY&filter%5Bperson%5D=2&filter%5BchildAge%5D%5B1%5D=20201210&filter%5Bchild%5D=1","filter_turkey_13_16_days","turcja","bodrum","akbuk","2026-09-04","2026-09-18","15","14","Warszawa","2+1","turcja|bodrum|2026-09-04|2026-09-18|14|Warszawa|2+1"
"Saphir Resort","18659.0","29.08.2026 - 11.09.2026","14 dni/13 nocy","4.5","4.5","668","tripadvisor","Warszawa","2026-08-23T16:14:12.213705+00:00","https://fly.pl/oferta/turcja-wczasy/?filter[dest]=39:&filter[hotelids]=&filter[cityids]=&filter[cregids]=&filter[ofrType]=&filter[addObjType]=H&filter[whenFrom]=23-08-2026&filter[whenTo]=22-09-2026&filter[duration]=13:16&filter[from]=Warszawa,Warszawa%20-%20Radom&filter[person]=2&filter[child]=1&filter[price]=4000:20000&filter[PriceFrom]=4000&filter[PriceTo]=20000&filter[addCategory]=50&filter[addCatering]=0&filter[addMisc]=0&filter[addTransport]=F&filter[fp]=1&order_by=ofr_price&filter[tourOperator]=0&filter[childAge][1]=20201210","https://fly.pl/cdn/photo/assets/uploads/582/278/2015/04/Saphir-Resort-fly-pl.jpg","https://fly.pl/wycieczka/turcja,alanya,okurcalar/saphir-resort/pzvF44-2JPLqcAQ6FGjSbaAAog6f_ba08N2XLG-HcIF3pkmD0-o87gej3GyAiPL-y0__sqBEVYSU0w47is1AZI45EBUAFYf2ACagNVQUlyIhwR_7cGqwSI1UC5BOUBG5DtNhiIvTsBkcS3nAoCEmMBAguYylC9/ofertasv/?filter[tourOperator]=EXIM&filter%5Bperson%5D=2&filter%5BchildAge%5D%5B1%5D=20201210&filter%5Bchild%5D=1","filter_turkey_13_16_days","turcja","alanya","okurcalar","2026-08-29","2026-09-11","14","13","Warszawa","2+1","turcja|alanya|2026-08-29|2026-09-11|13|Warszawa|2+1"
"Palm Wings Ephesus","18679.0","06.09.2026 - 21.09.2026","16 dni/14 nocy","4.5","4.5","3392","tripadvisor","Warszawa","2026-08-23T16:14:12.213705+00:00","https://fly.pl/oferta/turcja-wczasy/?filter[dest]=39:&filter[hotelids]=&filter[cityids]=&filter[cregids]=&filter[ofrType]=&filter[addObjType]=H&filter[whenFrom]=23-08-2026&filter[whenTo]=22-09-2026&filter[duration]=13:16&filter[from]=Warszawa,Warszawa%20-%20Radom&filter[person]=2&filter[child]=1&filter[price]=4000:20000&filter[PriceFrom]=4000&filter[PriceTo]=20000&filter[addCategory]=50&filter[addCatering]=0&filter[addMisc]=0&filter[addTransport]=F&filter[fp]=1&order_by=ofr_price&filter[tourOperator]=0&filter[childAge][1]=20201210","https://fly.pl/cdn/photo/assets/uploads/582/278/2017/12/Palm-Wings-Ephesus.jpg","https://fly.pl/wycieczka/turcja,kusadasi,c/palm-wings-ephesus/pP45N2dSN-bkWQ40Anw0EiAAogaQgK4SZjdquva0MS-kl_ztEzePA6K1TdX_ACAFXiuCcqBFJOQlcw47is1AZI95EBUEFYvwJgAmoEQ0FoTGoXMjk2LDM4MCw0NzcsNDgzLDQ4NCw0ODVqGzQwMiw0MDMsNDA2LDQxNyw0NzMsNDk3LDQ5OXI5nwGeAZQBFQ5YARcACq0DQJsEEdkMEOAMGf09Uu4VUwBLjdIBYQAPh6ZBHTEg6uKQCQ0AAg1jAQMMy9iB7A/ofertasv/?filter[tourOperator]=RNBW&filter%5Bperson%5D=2&filter%5BchildAge%5D%5B1%5D=20201210&filter%5Bchild%5D=1","filter_turkey_13_16_days","turcja","kusadasi","c","2026-09-06","2026-09-21","16","14","Warszawa","2+1","turcja|kusadasi|2026-09-06|2026-09-21|14|Warszawa|2+1"
"Porto Bello","18690.0","05.09.2026 - 18.09.2026","14 dni/13 nocy","4.5","4.5","3838","tripadvisor","Warszawa","2026-08-23T16:14:12.213705+00:00","https://fly.pl/oferta/turcja-wczasy/?filter[dest]=39:&filter[hotelids]=&filter[cityids]=&filter[cregids]=&filter[ofrType]=&filter[addObjType]=H&filter[whenFrom]=23-08-2026&filter[whenTo]=22-09-2026&filter[duration]=13:16&filter[from]=Warszawa,Warszawa%20-%20Radom&filter[person]=2&filter[child]=1&filter[price]=4000:20000&filter[PriceFrom]=4000&filter[PriceTo]=20000&filter[addCategory]=50&filter[addCatering]=0&filter[addMisc]=0&filter[addTransport]=F&filter[fp]=1&order_by=ofr_price&filter[tourOperator]=0&filter[childAge][1]=20201210","https://fly.pl/cdn/photo/assets/uploads/582/278/2015/05/Porto-Bello.jpg","https://fly.pl/wycieczka/turcja,alanya,c/porto-bello/pHM1M_1Jid2DTqh3tPwdO0AAogn3xJtbjqkSKvNRFvmFuF6AAAAAA6cQQA9m0EAA0ABAAqBFdFWlkw47is1AZIgpIBUEFYpwJgA2odTE9UIFBvbGlzaCBBaXJsaW5lcy9FbnRlciBBaXJyQ54BHwAcAQIAFgAXDBLnAxGWAhXvAhOJAhgKFJADT-lgTABAnBJQ58UBSwAbpEcgys0OHcQGDe_twgkBEmMBDGMBAgafHFUq/ofertasv/?filter[tourOperator]=WEZY&filter%5Bperson%5D=2&filter%5BchildAge%5D%5B1%5D=20201210&filter%5Bchild%5D=1","filter_turkey_13_16_days","turcja","alanya","c","2026-09-05","2026-09-18","14","13","Warszawa","2+1","turcja|alanya|2026-09-05|2026-09-18|13|Warszawa|2+1"
"Side Mare Resort","18775.0","05.09.2026 - 18.09.2026","14 dni/13 nocy","3.8","3.8","275","tripadvisor","Warszawa","2026-08-23T16:14:12.213705+00:00","https://fly.pl/oferta/turcja-wczasy/?filter[dest]=39:&filter[hotelids]=&filter[cityids]=&filter[cregids]=&filter[ofrType]=&filter[addObjType]=H&filter[whenFrom]=23-08-2026&filter[whenTo]=22-09-2026&filter[duration]=13:16&filter[from]=Warszawa,Warszawa%20-%20Radom&filter[person]=2&filter[child]=1&filter[price]=4000:20000&filter[PriceFrom]=4000&filter[PriceTo]=20000&filter[addCategory]=50&filter[addCatering]=0&filter[addMisc]=0&filter[addTransport]=F&filter[fp]=1&order_by=ofr_price&filter[tourOperator]=0&filter[childAge][1]=20201210","https://fly.pl/cdn/photo/assets/uploads/582/278/2014/09/Side-Mare-Resort-fly-pl.jpg","https://fly.pl/wycieczka/turcja,side,c/side-mare-resort/pDNziLzRPTFNqH-Vj41JuEAAogqSg3lbKS0i5aSDZm2X06RQAAAAA6cQQA9m0EAA0AAQAqBFdFWlkw47is1AZI15IBUEFYpwJgA2odTE9UIFBvbGlzaCBBaXJsaW5lcy9FbnRlciBBaXJyQ54BHwAcAQIAFgQXCBLnAxWFBROJAhgKFJADEak_T8AhTABAnBJQ58UBSwAbrzkgv9sOHcQGDe_twgkBEmMBD2MBAg4-I2tK/ofertasv/?filter[tourOperator]=WEZY&filter%5Bperson%5D=2&filter%5BchildAge%5D%5B1%5D=20201210&filter%5Bchild%5D=1","filter_turkey_13_16_days","turcja","side","c","2026-09-05","2026-09-18","14","13","Warszawa","2+1","turcja|side|2026-09-05|2026-09-18|13|Warszawa|2+1"
"Antique Roman Palace","18782.0","02.09.2026 - 16.09.2026","15 dni/14 nocy","4.5","4.5","1081","tripadvisor","Warszawa","2026-08-23T16:14:12.213705+00:00","https://fly.pl/oferta/turcja-wczasy/?filter[dest]=39:&filter[hotelids]=&filter[cityids]=&filter[cregids]=&filter[ofrType]=&filter[addObjType]=H&filter[whenFrom]=23-08-2026&filter[whenTo]=22-09-2026&filter[duration]=13:16&filter[from]=Warszawa,Warszawa%20-%20Radom&filter[person]=2&filter[child]=1&filter[price]=4000:20000&filter[PriceFrom]=4000&filter[PriceTo]=20000&filter[addCategory]=50&filter[addCatering]=0&filter[addMisc]=0&filter[addTransport]=F&filter[fp]=1&order_by=ofr_price&filter[tourOperator]=0&filter[childAge][1]=20201210","https://fly.pl/cdn/photo/assets/uploads/582/278/2014/10/Antique-Roman-Palace.jpg","https://fly.pl/wycieczka/turcja,alanya,c/antique-roman-palace/papD-IBlMjmp7DyMyJNDsnAAog7KB0i7O3TlvWB2UVvngOnrUXA6VUJ-iMxPrakijK_uYqBEVDQ1gw47is1AZI3pIBUAFY3wFgAWoCQkJyHRwRoCy5BJSgFqsEGxjKiysbtshBAYjMu-gBAwBj9eisNA/ofertasv/?filter[tourOperator]=ECCX&filter%5Bperson%5D=2&filter%5BchildAge%5D%5B1%5D=20201210&filter%5Bchild%5D=1","filter_turkey_13_16_days","turcja","alanya","c","2026-09-02","2026-09-16","15","14","Warszawa","2+1","turcja|alanya|2026-09-02|2026-09-16|14|Warszawa|2+1"
"Aydinbey Famous","18854.0","05.09.2026 - 19.09.2026","15 dni/14 nocy","4.6","4.6","1998","tripadvisor","Warszawa","2026-08-23T16:14:12.213705+00:00","https://fly.pl/oferta/turcja-wczasy/?filter[dest]=39:&filter[hotelids]=&filter[cityids]=&filter[cregids]=&filter[ofrType]=&filter[addObjType]=H&filter[whenFrom]=23-08-2026&filter[whenTo]=22-09-2026&filter[duration]=13:16&filter[from]=Warszawa,Warszawa%20-%20Radom&filter[person]=2&filter[child]=1&filter[price]=4000:20000&filter[PriceFrom]=4000&filter[PriceTo]=20000&filter[addCategory]=50&filter[addCatering]=0&filter[addMisc]=0&filter[addTransport]=F&filter[fp]=1&order_by=ofr_price&filter[tourOperator]=0&filter[childAge][1]=20201210","https://fly.pl/cdn/photo/assets/uploads/582/278/2014/10/Aydinbey-Famous.jpg","https://fly.pl/wycieczka/turcja,belek,c/aydinbey-famous/piCP1kk0ZZHftoB4NW3IiqAAogtwI7lRptnxBj8PxNFXDBF_dq_34b_4EyyRdFOhXSxSYqBFJOQlcw47is1AZIppMBUEFYpwJgAmoEQ0FnUWoXMjk2LDM4MCw0NzcsNDgzLDQ4NCw0ODVyN58BngEVDhcAWAEKFkCyBxGjLRmXKlL0D1MAENMPS7DIAWEAD8mVQR2JASDP8pAJDQACDWMBAgwHAYUN/ofertasv/?filter[tourOperator]=RNBW&filter%5Bperson%5D=2&filter%5BchildAge%5D%5B1%5D=20201210&filter%5Bchild%5D=1","filter_turkey_13_16_days","turcja","belek","c","2026-09-05","2026-09-19","15","14","Warszawa","2+1","turcja|belek|2026-09-05|2026-09-19|14|Warszawa|2+1"
"Salmakis Beach Resort","18902.0","27.08.2026 - 10.09.2026","15 dni/14 nocy","4.3","4.3","2923","tripadvisor","Warszawa","2026-08-23T16:14:12.213705+00:00","https://fly.pl/oferta/turcja-wczasy/?filter[dest]=39:&filter[hotelids]=&filter[cityids]=&filter[cregids]=&filter[ofrType]=&filter[addObjType]=H&filter[whenFrom]=23-08-2026&filter[whenTo]=22-09-2026&filter[duration]=13:16&filter[from]=Warszawa,Warszawa%20-%20Radom&filter[person]=2&filter[child]=1&filter[price]=4000:20000&filter[PriceFrom]=4000&filter[PriceTo]=20000&filter[addCategory]=50&filter[addCatering]=0&filter[addMisc]=0&filter[addTransport]=F&filter[fp]=1&order_by=ofr_price&filter[tourOperator]=0&filter[childAge][1]=20201210","https://fly.pl/cdn/photo/assets/uploads/582/278/2014/10/Salmakis-Beach-Resort-fly-pl.jpg","https://fly.pl/wycieczka/turcja,bodrum,c/salmakis-beach-resort/po_Vc3jDcwrF-qZ63HFu0AAAogQUSVKXIegsrbH6yccx31JwAAAABqbAQAh2wEAA4AAQAqBFdFWlkw47is1AZI1pMBUEFYT2ADahNMT1QgUG9saXNoIEFpcmxpbmVzagQwNjU1ckKeAZMBHwAcAQIAFw0WBxLfAxHyAhS5ARXKBxi-AUzUY08AQKYMS-fFAVAAG5pZHci4DiAdDdT2wgkBEmMBDGMBAgtElrCZ/ofertasv/?filter[tourOperator]=WEZY&filter%5Bperson%5D=2&filter%5BchildAge%5D%5B1%5D=20201210&filter%5Bchild%5D=1","filter_turkey_13_16_days","turcja","bodrum","c","2026-08-27","2026-09-10","15","14","Warszawa","2+1","turcja|bodrum|2026-08-27|2026-09-10|14|Warszawa|2+1"
"Blue Marlin Deluxe Spa & Resort","18902.0","24.08.2026 - 06.09.2026","14 dni/13 nocy","4.6","4.6","396","tripadvisor","Warszawa","2026-08-23T16:14:12.213705+00:00","https://fly.pl/oferta/turcja-wczasy/?filter[dest]=39:&filter[hotelids]=&filter[cityids]=&filter[cregids]=&filter[ofrType]=&filter[addObjType]=H&filter[whenFrom]=23-08-2026&filter[whenTo]=22-09-2026&filter[duration]=13:16&filter[from]=Warszawa,Warszawa%20-%20Radom&filter[person]=2&filter[child]=1&filter[price]=4000:20000&filter[PriceFrom]=4000&filter[PriceTo]=20000&filter[addCategory]=50&filter[addCatering]=0&filter[addMisc]=0&filter[addTransport]=F&filter[fp]=1&order_by=ofr_price&filter[tourOperator]=0&filter[childAge][1]=20201210","https://fly.pl/cdn/photo/assets/uploads/582/278/2021/01/Blue-Marlin-Deluxe-Spa-Resort-fly-pl.jpg","https://fly.pl/wycieczka/turcja,alanya,c/blue-marlin-deluxe-spa-resort-9/pHVvDKtSfrxtM5ufKLzsVzAAogj5xj1HpCijB2shwGubgENwAAAAD7YgQAe3QEAA0AIgAqBFdFWlkw47is1AZI1pMBUEFYB2ADahxFbnRlciBBaXIvRnJlZSBCaXJkIEFpcmxpbmVzagQwNzAwagQwOTEwckKeAZUBmAEfAAIBFgAcABcMEucDE_EEFJ8DTIFjTwBAnBIRuHFLr1RQABuh3gwd0qACIIAjDd3mwgkBEmMBBmMBAgXsn3d6/ofertasv/?filter[tourOperator]=WEZY&filter%5Bperson%5D=2&filter%5BchildAge%5D%5B1%5D=20201210&filter%5Bchild%5D=1","filter_turkey_13_16_days","turcja","alanya","c","2026-08-24","2026-09-06","14","13","Warszawa","2+1","turcja|alanya|2026-08-24|2026-09-06|13|Warszawa|2+1"
"Mary Alanya (ex. Sirius Deluxe)","18927.0","26.08.2026 - 09.09.2026","15 dni/14 nocy","4.8","4.8","4353","tripadvisor","Warszawa","2026-08-23T16:14:12.213705+00:00","https://fly.pl/oferta/turcja-wczasy/?filter[dest]=39:&filter[hotelids]=&filter[cityids]=&filter[cregids]=&filter[ofrType]=&filter[addObjType]=H&filter[whenFrom]=23-08-2026&filter[whenTo]=22-09-2026&filter[duration]=13:16&filter[from]=Warszawa,Warszawa%20-%20Radom&filter[person]=2&filter[child]=1&filter[price]=4000:20000&filter[PriceFrom]=4000&filter[PriceTo]=20000&filter[addCategory]=50&filter[addCatering]=0&filter[addMisc]=0&filter[addTransport]=F&filter[fp]=1&order_by=ofr_price&filter[tourOperator]=0&filter[childAge][1]=20201210","https://fly.pl/cdn/photo/assets/uploads/582/278/2015/04/Sirius-Deluxe-Hotel.jpg","https://fly.pl/wycieczka/turcja,alanya,turkler/sirius-deluxe/pn0Mmd4AaK9ef9y_wGje4BAAogok7npNstzx08YjWaxfr4F0pXy9wZyKNHUkemvN4giIgqBFJOQlcw47is1AZI75MBUEFYN2ACagRDQWdKahcyOTYsMzgwLDQ3Nyw0ODMsNDg0LDQ4NWobNDAyLDQwMyw0MDYsNDE3LDQ3Myw0OTcsNDk5cjmfAZ4BlAEVDhcAWAEKGECwBxHtOBnNHlL0D1MAEJdKS-yNAWEAHdCGQQ-TAiDv_5AJDQACDWMBAgasYXQo/ofertasv/?filter[tourOperator]=RNBW&filter%5Bperson%5D=2&filter%5BchildAge%5D%5B1%5D=20201210&filter%5Bchild%5D=1","filter_turkey_13_16_days","turcja","alanya","turkler","2026-08-26","2026-09-09","15","14","Warszawa","2+1","turcja|alanya|2026-08-26|2026-09-09|14|Warszawa|2+1"
"Kamelya Aishen Club (ex. Kamelya Aishen K Club)","18936.0","07.09.2026 - 20.09.2026","14 dni/13 nocy","4.3","4.3","2857","tripadvisor","Warszawa","2026-08-23T16:14:12.213705+00:00","https://fly.pl/oferta/turcja-wczasy/?filter[dest]=39:&filter[hotelids]=&filter[cityids]=&filter[cregids]=&filter[ofrType]=&filter[addObjType]=H&filter[whenFrom]=23-08-2026&filter[whenTo]=22-09-2026&filter[duration]=13:16&filter[from]=Warszawa,Warszawa%20-%20Radom&filter[person]=2&filter[child]=1&filter[price]=4000:20000&filter[PriceFrom]=4000&filter[PriceTo]=20000&filter[addCategory]=50&filter[addCatering]=0&filter[addMisc]=0&filter[addTransport]=F&filter[fp]=1&order_by=ofr_price&filter[tourOperator]=0&filter[childAge][1]=20201210","https://fly.pl/cdn/photo/assets/uploads/582/278/2015/04/Kamelya-Aishen-Club.jpg","https://fly.pl/wycieczka/turcja,side,colakli/kamelya-world-holiday-village/pRG0Ho4RYLNy_SrtRrM8PqAAog1_WAcQHSovkSwbgTDIxgU52FKqdZohVQ4Zf-Ukb4kpwqBEVYSU0w5ris1AZI-JMBUAFY1wJgAmoDVUFJciEcEanzBbkE45pBqwQBG8ryJxjTqTYB7afR8wgCEmMBAgusf58q/ofertasv/?filter[tourOperator]=EXIM&filter%5Bperson%5D=2&filter%5BchildAge%5D%5B1%5D=20201210&filter%5Bchild%5D=1","filter_turkey_13_16_days","turcja","side","colakli","2026-09-07","2026-09-20","14","13","Warszawa","2+1","turcja|side|2026-09-07|2026-09-20|13|Warszawa|2+1"
"Crystal Family Comfort Collection","18974.0","05.09.2026 - 18.09.2026","14 dni/13 nocy","4.5","4.5","2965","tripadvisor","Warszawa","2026-08-23T16:14:12.213705+00:00","https://fly.pl/oferta/turcja-wczasy/?filter[dest]=39:&filter[hotelids]=&filter[cityids]=&filter[cregids]=&filter[ofrType]=&filter[addObjType]=H&filter[whenFrom]=23-08-2026&filter[whenTo]=22-09-2026&filter[duration]=13:16&filter[from]=Warszawa,Warszawa%20-%20Radom&filter[person]=2&filter[child]=1&filter[price]=4000:20000&filter[PriceFrom]=4000&filter[PriceTo]=20000&filter[addCategory]=50&filter[addCatering]=0&filter[addMisc]=0&filter[addTransport]=F&filter[fp]=1&order_by=ofr_price&filter[tourOperator]=0&filter[childAge][1]=20201210","https://fly.pl/cdn/photo/assets/uploads/582/278/2015/01/Crystal-Family-Resort-fly-pl.jpg","https://fly.pl/wycieczka/turcja,belek,bogazkent/crystal-family-resort/pMuGa-nit4shE1UWGUKDxZAAogAkkREJnyngxCQwIqq8dToAAAAAA6cQQA9m0EAA0ABAAqBFdFWlkw5ris1AZInpQBUEFYpwJgA2odTE9UIFBvbGlzaCBBaXJsaW5lcy9FbnRlciBBaXJyQp4BHwAcAQIAFgAXDBLnAxFmFZ8EE4kCGAoUkANP6WBMAECcElDnxQFLABv3MCD34w4dxAYN7-3CCQESYwEMYwECCyWj2YE/ofertasv/?filter[tourOperator]=WEZY&filter%5Bperson%5D=2&filter%5BchildAge%5D%5B1%5D=20201210&filter%5Bchild%5D=1","filter_turkey_13_16_days","turcja","belek","bogazkent","2026-09-05","2026-09-18","14","13","Warszawa","2+1","turcja|belek|2026-09-05|2026-09-18|13|Warszawa|2+1"
"Seaphoria Beach Resort","18978.0","26.08.2026 - 09.09.2026","15 dni/14 nocy","","","","","Warszawa","2026-08-23T16:14:12.213705+00:00","https://fly.pl/oferta/turcja-wczasy/?filter[dest]=39:&filter[hotelids]=&filter[cityids]=&filter[cregids]=&filter[ofrType]=&filter[addObjType]=H&filter[whenFrom]=23-08-2026&filter[whenTo]=22-09-2026&filter[duration]=13:16&filter[from]=Warszawa,Warszawa%20-%20Radom&filter[person]=2&filter[child]=1&filter[price]=4000:20000&filter[PriceFrom]=4000&filter[PriceTo]=20000&filter[addCategory]=50&filter[addCatering]=0&filter[addMisc]=0&filter[addTransport]=F&filter[fp]=1&order_by=ofr_price&filter[tourOperator]=0&filter[childAge][1]=20201210","https://fly.pl/cdn/photo/assets/uploads/582/278/2023/01/SEAPHORIA-BEACH-RESORT-HOTEL.jpg","https://fly.pl/wycieczka/turcja,alanya,okurcalar/seaphoria-beach-resort-13/pdUJuwGHmPRW9Yk3TDCew0AAogELRY_YZ8RhBuX7_kgPGgFUpXy9wZyKNHUkemvN4giIgqBFJOQlcw5ris1AZIopQBUEFYN2ACagRCd2RJahcyOTYsMzgwLDQ3Nyw0ODMsNDg0LDQ4NWobNDAyLDQwMyw0MDYsNDE3LDQ3Myw0OTcsNDk5cjqfAZ4BlAEVDhcAWAEKgQNAxwQRijMZsCRS9A9TABDmM0udpAFhAB3QhkEPkwIg7_-QCQ0AAgxjAQMGbIQwEw/ofertasv/?filter[tourOperator]=RNBW&filter%5Bperson%5D=2&filter%5BchildAge%5D%5B1%5D=20201210&filter%5Bchild%5D=1","filter_turkey_13_16_days","turcja","alanya","okurcalar","2026-08-26","2026-09-09","15","14","Warszawa","2+1","turcja|alanya|2026-08-26|2026-09-09|14|Warszawa|2+1"
"Korumar Ephesus Beach","19157.0","08.09.2026 - 23.09.2026","16 dni/14 nocy","4.6","4.6","2151","tripadvisor","Warszawa","2026-08-23T16:14:12.213705+00:00","https://fly.pl/oferta/turcja-wczasy/?filter[dest]=39:&filter[hotelids]=&filter[cityids]=&filter[cregids]=&filter[ofrType]=&filter[addObjType]=H&filter[whenFrom]=23-08-2026&filter[whenTo]=22-09-2026&filter[duration]=13:16&filter[from]=Warszawa,Warszawa%20-%20Radom&filter[person]=2&filter[child]=1&filter[price]=4000:20000&filter[PriceFrom]=4000&filter[PriceTo]=20000&filter[addCategory]=50&filter[addCatering]=0&filter[addMisc]=0&filter[addTransport]=F&filter[fp]=1&order_by=ofr_price&filter[tourOperator]=0&filter[childAge][1]=20201210","https://fly.pl/cdn/photo/assets/uploads/582/278/2017/08/Korumar-Ephesus-Beach.jpg","https://fly.pl/wycieczka/turcja,kusadasi,c/korumar-ephesus-beach/p8kgmaSDNo2wi715BooVqEAAogE_HWK0Uqy8BuIXe1Aqmi9IrOty5-SDAWNt_kY13EZrMqBFZJVFgw5ris1AZI1ZUBUEFY7wJgAnI_GgBcChUEFwBYAUCPA1PhZVIAW94dXr58S-1DYQBMxrQ5Dd7UmAkgAVGt4pGCVE_IiSFdvJeY7bEBAgxjAQILREjn6g/ofertasv/?filter[tourOperator]=VITX&filter%5Bperson%5D=2&filter%5BchildAge%5D%5B1%5D=20201210&filter%5Bchild%5D=1","filter_turkey_13_16_days","turcja","kusadasi","c","2026-09-08","2026-09-23","16","14","Warszawa","2+1","turcja|kusadasi|2026-09-08|2026-09-23|14|Warszawa|2+1"
"Ulusoy Kemer Holiday Club","19157.0","04.09.2026 - 18.09.2026","15 dni/14 nocy","4.4","4.4","1494","tripadvisor","Warszawa","2026-08-23T16:14:12.213705+00:00","https://fly.pl/oferta/turcja-wczasy/?filter[dest]=39:&filter[hotelids]=&filter[cityids]=&filter[cregids]=&filter[ofrType]=&filter[addObjType]=H&filter[whenFrom]=23-08-2026&filter[whenTo]=22-09-2026&filter[duration]=13:16&filter[from]=Warszawa,Warszawa%20-%20Radom&filter[person]=2&filter[child]=1&filter[price]=4000:20000&filter[PriceFrom]=4000&filter[PriceTo]=20000&filter[addCategory]=50&filter[addCatering]=0&filter[addMisc]=0&filter[addTransport]=F&filter[fp]=1&order_by=ofr_price&filter[tourOperator]=0&filter[childAge][1]=20201210","https://fly.pl/cdn/photo/assets/uploads/582/278/2015/02/Ulusoy-Kemer-Holiday-Club.jpg","https://fly.pl/wycieczka/turcja,kemer,goynuk/ulusoy-kemer-holiday-club/pWa4-lOYpeqn2DmLAhDvz8AAog01Oj9Ad4RAY4JDCckAgouTwQXJjsZ45k64gmT0LxrB8qBFZJVFgw5ris1AZI1ZUBUEFYjwJgAnI_GgBcChUEFwBYAUCPA1Pna1IAW9gXXr58S-1DYQBMpbQ5IPvUmAkNAFH8jaHuWE-F6gRdlOWmga0BAg1jAQIMcBZFYA/ofertasv/?filter[tourOperator]=VITX&filter%5Bperson%5D=2&filter%5BchildAge%5D%5B1%5D=20201210&filter%5Bchild%5D=1","filter_turkey_13_16_days","turcja","kemer","goynuk","2026-09-04","2026-09-18","15","14","Warszawa","2+1","turcja|kemer|2026-09-04|2026-09-18|14|Warszawa|2+1"
"Side Star Resort (ex Club)","19263.0","05.09.2026 - 18.09.2026","14 dni/13 nocy","4.5","4.5","1681","tripadvisor","Warszawa","2026-08-23T16:14:12.213705+00:00","https://fly.pl/oferta/turcja-wczasy/?filter[dest]=39:&filter[hotelids]=&filter[cityids]=&filter[cregids]=&filter[ofrType]=&filter[addObjType]=H&filter[whenFrom]=23-08-2026&filter[whenTo]=22-09-2026&filter[duration]=13:16&filter[from]=Warszawa,Warszawa%20-%20Radom&filter[person]=2&filter[child]=1&filter[price]=4000:20000&filter[PriceFrom]=4000&filter[PriceTo]=20000&filter[addCategory]=50&filter[addCatering]=0&filter[addMisc]=0&filter[addTransport]=F&filter[fp]=1&order_by=ofr_price&filter[tourOperator]=0&filter[childAge][1]=20201210","https://fly.pl/cdn/photo/assets/uploads/582/278/2015/04/Side-Star-Resort-ex-Club-fly-pl.jpg","https://fly.pl/wycieczka/turcja,side,c/side-star-resort-ex-club/paC2XYiElNZ22Nafi1y-joAAogBR3mg_SGOPiI6canmV15V4Yzxft59rnFXAkAxIkkmr0qBEVYSU0w5ris1AZIv5YBUAFYpwJgAmoDVUFJciIcEbOjBrkElulAqwSqARuEhCoYkJ00Abfb2_UIAhJjAQIOBGfVFA/ofertasv/?filter[tourOperator]=EXIM&filter%5Bperson%5D=2&filter%5BchildAge%5D%5B1%5D=20201210&filter%5Bchild%5D=1","filter_turkey_13_16_days","turcja","side","c","2026-09-05","2026-09-18","14","13","Warszawa","2+1","turcja|side|2026-09-05|2026-09-18|13|Warszawa|2+1"
"Royal Dragon","19270.0","05.09.2026 - 18.09.2026","14 dni/13 nocy","4.4","4.4","1968","tripadvisor","Warszawa","2026-08-23T16:14:12.213705+00:00","https://fly.pl/oferta/turcja-wczasy/?filter[dest]=39:&filter[hotelids]=&filter[cityids]=&filter[cregids]=&filter[ofrType]=&filter[addObjType]=H&filter[whenFrom]=23-08-2026&filter[whenTo]=22-09-2026&filter[duration]=13:16&filter[from]=Warszawa,Warszawa%20-%20Radom&filter[person]=2&filter[child]=1&filter[price]=4000:20000&filter[PriceFrom]=4000&filter[PriceTo]=20000&filter[addCategory]=50&filter[addCatering]=0&filter[addMisc]=0&filter[addTransport]=F&filter[fp]=1&order_by=ofr_price&filter[tourOperator]=0&filter[childAge][1]=20201210","https://fly.pl/cdn/photo/assets/uploads/582/278/2014/12/Royal-Dragon-1.jpg","https://fly.pl/wycieczka/turcja,side,c/royal-dragon/pJ7PJ6x0iOHJ76D8fKkBStAAogMml3HU_I9N7s5sxg1oj9cgAAAAA6cQQAyG0EAA0AAQAqBFdFWlkw5ris1AZIxpYBUEFYpwJgA2odTE9UIFBvbGlzaCBBaXJsaW5lcy9FbnRlciBBaXJqBDA2NDBqBDA5MTByQp4BlQGYAR8AHAECABYAFwwS5wMR5wITpwQUmgNM6WBPAECcEkvnxQFQABuBRyC_zQ4d8gYN7-3CCQESYwEKYwECCQhnT9c/ofertasv/?filter[tourOperator]=WEZY&filter%5Bperson%5D=2&filter%5BchildAge%5D%5B1%5D=20201210&filter%5Bchild%5D=1","filter_turkey_13_16_days","turcja","side","c","2026-09-05","2026-09-18","14","13","Warszawa","2+1","turcja|side|2026-09-05|2026-09-18|13|Warszawa|2+1"
"Selectum Family Resort (ex Letoonia Golf Resort)","19346.0","09.09.2026 - 22.09.2026","14 dni/13 nocy","4.7","4.7","2349","tripadvisor","Warszawa","2026-08-23T16:14:12.213705+00:00","https://fly.pl/oferta/turcja-wczasy/?filter[dest]=39:&filter[hotelids]=&filter[cityids]=&filter[cregids]=&filter[ofrType]=&filter[addObjType]=H&filter[whenFrom]=23-08-2026&filter[whenTo]=22-09-2026&filter[duration]=13:16&filter[from]=Warszawa,Warszawa%20-%20Radom&filter[person]=2&filter[child]=1&filter[price]=4000:20000&filter[PriceFrom]=4000&filter[PriceTo]=20000&filter[addCategory]=50&filter[addCatering]=0&filter[addMisc]=0&filter[addTransport]=F&filter[fp]=1&order_by=ofr_price&filter[tourOperator]=0&filter[childAge][1]=20201210","https://fly.pl/cdn/photo/assets/uploads/582/278/2014/10/Selectum-Family-Resort-ex-Letoonia-Golf-Resort-fly-pl-scaled.jpg","https://fly.pl/wycieczka/turcja,belek,c/letoonia-golf-resort/pyZSAJRWWanjChsaPx-3IiAAogUZUM38TITZUeygL3WMyBxiGzm71fuxsMU5q28Om4PE0qBE9SRVgw5ris1AZIkpcBUEFYhwNgAmoGTkcuMi4xcjabARUNFwBYAlYCXAgRkQJAsQRP20BdJFOrJ1IAXpaUAUvtQ2EATOWMOiDA_JcJDQACEmMBAgv2Cwuc/ofertasv/?filter[tourOperator]=OREX&filter%5Bperson%5D=2&filter%5BchildAge%5D%5B1%5D=20201210&filter%5Bchild%5D=1","filter_turkey_13_16_days","turcja","belek","c","2026-09-09","2026-09-22","14","13","Warszawa","2+1","turcja|belek|2026-09-09|2026-09-22|13|Warszawa|2+1"
"Seven For Life Thermal","19373.0","02.09.2026 - 16.09.2026","15 dni/14 nocy","4.6","4.6","887","tripadvisor","Warszawa","2026-08-23T16:14:12.213705+00:00","https://fly.pl/oferta/turcja-wczasy/?filter[dest]=39:&filter[hotelids]=&filter[cityids]=&filter[cregids]=&filter[ofrType]=&filter[addObjType]=H&filter[whenFrom]=23-08-2026&filter[whenTo]=22-09-2026&filter[duration]=13:16&filter[from]=Warszawa,Warszawa%20-%20Radom&filter[person]=2&filter[child]=1&filter[price]=4000:20000&filter[PriceFrom]=4000&filter[PriceTo]=20000&filter[addCategory]=50&filter[addCatering]=0&filter[addMisc]=0&filter[addTransport]=F&filter[fp]=1&order_by=ofr_price&filter[tourOperator]=0&filter[childAge][1]=20201210","https://datacfstatic.merlinx.pl/OREX/IMG/3774/f3320e79dc9bce56ac951677b05254866796ec02f48a25d628b4b2e2b9fe5e2d.webp","https://fly.pl/wycieczka/turcja,kusadasi,guzelcamli/seven-for-life-thermal-12/pJms_Qewh2H9VbPrm6Lj5zAAog27hXe2UA-QIpux_0NkkiqRysn905121djc9gnSf9TGkqBE9SRVgw5ris1AZIrZcBUEFY3wFgAmoGRUMuMi4xcjabAVwKFQQXAFgBVgJAygYR4xZPmD5dJFKBGVMAXqCOAWHtQ0sATOWMOiC5_JcJDQACEmMBAgt4f7Zf/ofertasv/?filter[tourOperator]=OREX&filter%5Bperson%5D=2&filter%5BchildAge%5D%5B1%5D=20201210&filter%5Bchild%5D=1","filter_turkey_13_16_days","turcja","kusadasi","guzelcamli","2026-09-02","2026-09-16","15","14","Warszawa","2+1","turcja|kusadasi|2026-09-02|2026-09-16|14|Warszawa|2+1"
"Starlight Resort & Convention Center (Side)","19485.0","05.09.2026 - 18.09.2026","14 dni/13 nocy","4.5","4.5","5542","tripadvisor","Warszawa","2026-08-23T16:14:12.213705+00:00","https://fly.pl/oferta/turcja-wczasy/?filter[dest]=39:&filter[hotelids]=&filter[cityids]=&filter[cregids]=&filter[ofrType]=&filter[addObjType]=H&filter[whenFrom]=23-08-2026&filter[whenTo]=22-09-2026&filter[duration]=13:16&filter[from]=Warszawa,Warszawa%20-%20Radom&filter[person]=2&filter[child]=1&filter[price]=4000:20000&filter[PriceFrom]=4000&filter[PriceTo]=20000&filter[addCategory]=50&filter[addCatering]=0&filter[addMisc]=0&filter[addTransport]=F&filter[fp]=1&order_by=ofr_price&filter[tourOperator]=0&filter[childAge][1]=20201210","https://fly.pl/cdn/photo/assets/uploads/582/278/2016/01/Starlight-Resort-Convention-Center.jpg","https://fly.pl/wycieczka/turcja,side,kizilagac/starlight-convention-centre-thalasso-spa/p49LPzT8QCF3QIF-howkyOAAogj25TJnZDHhn9OgCtNv79DQAAAAA6cQQA9m0EAA0AAQAqBFdFWlkw5ris1AZInZgBUEFYpwJgA2odTE9UIFBvbGlzaCBBaXJsaW5lcy9FbnRlciBBaXJyRJ4BHwAcAQIAFgAXDBLnAxWFBROJAhgKFJADEY8ST9pOTABAnBJQ58UBSwAb44IBIIuSDh3EBg3v7cIJARJjAQxjAQMGm_7J9Q/ofertasv/?filter[tourOperator]=WEZY&filter%5Bperson%5D=2&filter%5BchildAge%5D%5B1%5D=20201210&filter%5Bchild%5D=1","filter_turkey_13_16_days","turcja","side","kizilagac","2026-09-05","2026-09-18","14","13","Warszawa","2+1","turcja|side|2026-09-05|2026-09-18|13|Warszawa|2+1"
"Sunrise Resort & SPA","19485.0","05.09.2026 - 18.09.2026","14 dni/13 nocy","4.4","4.4","1949","tripadvisor","Warszawa","2026-08-23T16:14:12.213705+00:00","https://fly.pl/oferta/turcja-wczasy/?filter[dest]=39:&filter[hotelids]=&filter[cityids]=&filter[cregids]=&filter[ofrType]=&filter[addObjType]=H&filter[whenFrom]=23-08-2026&filter[whenTo]=22-09-2026&filter[duration]=13:16&filter[from]=Warszawa,Warszawa%20-%20Radom&filter[person]=2&filter[child]=1&filter[price]=4000:20000&filter[PriceFrom]=4000&filter[PriceTo]=20000&filter[addCategory]=50&filter[addCatering]=0&filter[addMisc]=0&filter[addTransport]=F&filter[fp]=1&order_by=ofr_price&filter[tourOperator]=0&filter[childAge][1]=20201210","https://fly.pl/cdn/photo/assets/uploads/582/278/2016/01/Sunrise-Resort-SPA-1.jpg","https://fly.pl/wycieczka/turcja,side,kizilagac/sunrise-park-resort-spa/pKHcT4iaQiUQAQx4VvPv0PAAogkpgFFJjSi3SeLWB4iMQYcwAAAABJqwQA9m0EAA0AAQAqBFdFWlkw5ris1AZInZgBUEFYpwJgA2oJRW50ZXIgQWlyckWeAR8AHAECABYAFwwS5wMVhQUYkwIT4AMUmgMRqQxP1lBMAECcElDnxQFLABuxngEgvfYNHdN6DeD5wQkBEmMBDGMBAwbaxfvu/ofertasv/?filter[tourOperator]=WEZY&filter%5Bperson%5D=2&filter%5BchildAge%5D%5B1%5D=20201210&filter%5Bchild%5D=1","filter_turkey_13_16_days","turcja","side","kizilagac","2026-09-05","2026-09-18","14","13","Warszawa","2+1","turcja|side|2026-09-05|2026-09-18|13|Warszawa|2+1"
"Calyptus Kirman Premium","19576.0","05.09.2026 - 18.09.2026","14 dni/13 nocy","4.5","4.5","1423","tripadvisor","Warszawa","2026-08-23T16:14:12.213705+00:00","https://fly.pl/oferta/turcja-wczasy/?filter[dest]=39:&filter[hotelids]=&filter[cityids]=&filter[cregids]=&filter[ofrType]=&filter[addObjType]=H&filter[whenFrom]=23-08-2026&filter[whenTo]=22-09-2026&filter[duration]=13:16&filter[from]=Warszawa,Warszawa%20-%20Radom&filter[person]=2&filter[child]=1&filter[price]=4000:20000&filter[PriceFrom]=4000&filter[PriceTo]=20000&filter[addCategory]=50&filter[addCatering]=0&filter[addMisc]=0&filter[addTransport]=F&filter[fp]=1&order_by=ofr_price&filter[tourOperator]=0&filter[childAge][1]=20201210","https://datacfstatic.merlinx.pl/WEZY/IMG/33417/9d8feab17a24a11e3c7ce8427f6875abcaab4ed90dc24f76293166b96ba53a02.webp","https://fly.pl/wycieczka/turcja,side,c/kirman-calyptus-14/pA_AAAYZNxpLvqfHdnZWu0AAog5q5iEqRTU6ZozNQRtxtW2AAAAAA6cQQA9m0EAA0AAAAqBFdFWlkw5ris1AZI-JgBUEFYpwJgA2odTE9UIFBvbGlzaCBBaXJsaW5lcy9FbnRlciBBaXJyQ54BHwAcAQIAFgAXDBLnAxWFBROJAhgKFJADT-lgTABAnBIR6IMBUP9BSwAbnkcg0M0OHcQGDe_twgkBEmMBDWMBAgyhZLBq/ofertasv/?filter[tourOperator]=WEZY&filter%5Bperson%5D=2&filter%5BchildAge%5D%5B1%5D=20201210&filter%5Bchild%5D=1","filter_turkey_13_16_days","turcja","side","c","2026-09-05","2026-09-18","14","13","Warszawa","2+1","turcja|side|2026-09-05|2026-09-18|13|Warszawa|2+1"
"Trendy Lara","19661.0","01.09.2026 - 14.09.2026","14 dni/13 nocy","4.6","4.6","5327","tripadvisor","Warszawa","2026-08-23T16:14:12.213705+00:00","https://fly.pl/oferta/turcja-wczasy/?filter[dest]=39:&filter[hotelids]=&filter[cityids]=&filter[cregids]=&filter[ofrType]=&filter[addObjType]=H&filter[whenFrom]=23-08-2026&filter[whenTo]=22-09-2026&filter[duration]=13:16&filter[from]=Warszawa,Warszawa%20-%20Radom&filter[person]=2&filter[child]=1&filter[price]=4000:20000&filter[PriceFrom]=4000&filter[PriceTo]=20000&filter[addCategory]=50&filter[addCatering]=0&filter[addMisc]=0&filter[addTransport]=F&filter[fp]=1&order_by=ofr_price&filter[tourOperator]=0&filter[childAge][1]=20201210","https://fly.pl/cdn/photo/assets/uploads/582/278/2015/12/Trendy-Lara.jpg","https://fly.pl/wycieczka/turcja,alanya,c/trendy-lara/peFcoTQLuFZ8GOyoyfTC38AAogO47Ywlx2yWLtYtxMAWKqi2H-9WFY2kVMCzoTvlM5mjwqBE9SRVgw5ris1AZIzZkBUEFYxwFgAmoGSjAuMi4xcjWbARUNFwBYAlYCXAgRdUDNBU_bQF0kU6snUgBelpQBS-1DYQBM5Yw6ILj8lwkNAAISYwECC3OJJyI/ofertasv/?filter[tourOperator]=OREX&filter%5Bperson%5D=2&filter%5BchildAge%5D%5B1%5D=20201210&filter%5Bchild%5D=1","filter_turkey_13_16_days","turcja","alanya","c","2026-09-01","2026-09-14","14","13","Warszawa","2+1","turcja|alanya|2026-09-01|2026-09-14|13|Warszawa|2+1"
"Diamond Excellence Resort & Spa","19667.0","07.09.2026 - 20.09.2026","14 dni/13 nocy","4.6","4.6","3701","tripadvisor","Warszawa","2026-08-23T16:14:12.213705+00:00","https://fly.pl/oferta/turcja-wczasy/?filter[dest]=39:&filter[hotelids]=&filter[cityids]=&filter[cregids]=&filter[ofrType]=&filter[addObjType]=H&filter[whenFrom]=23-08-2026&filter[whenTo]=22-09-2026&filter[duration]=13:16&filter[from]=Warszawa,Warszawa%20-%20Radom&filter[person]=2&filter[child]=1&filter[price]=4000:20000&filter[PriceFrom]=4000&filter[PriceTo]=20000&filter[addCategory]=50&filter[addCatering]=0&filter[addMisc]=0&filter[addTransport]=F&filter[fp]=1&order_by=ofr_price&filter[tourOperator]=0&filter[childAge][1]=20201210","https://fly.pl/cdn/photo/assets/uploads/582/278/2015/04/Crystal-Palace-Luxury-Resort-SPA-fly-pl.jpg","https://fly.pl/wycieczka/turcja,side,c/crystal-palace-resort-spa/pbPGZGcidJhoIG-0G-PBRRAAogEBlvVF9H5QVmHSWFwlwlBgAAAADQYgQAs3QEAA0AAAAqBFdFWlkw5ris1AZI05kBUEFY1wJgA2oSRnJlZSBCaXJkIEFpcmxpbmVzagQwOTQwckWeAZMBHwACARYAHAAXDBLnAxTNBhWvARjSAU_DYUwAQJwSS-fFAVAAEdGGAh339wwg4yMbh_NkDfHz3QgBEmMBC2MBAgrTkmLT/ofertasv/?filter[tourOperator]=WEZY&filter%5Bperson%5D=2&filter%5BchildAge%5D%5B1%5D=20201210&filter%5Bchild%5D=1","filter_turkey_13_16_days","turcja","side","c","2026-09-07","2026-09-20","14","13","Warszawa","2+1","turcja|side|2026-09-07|2026-09-20|13|Warszawa|2+1"
"Ozcelik","19690.0","06.09.2026 - 21.09.2026","16 dni/14 nocy","","","","","Warszawa","2026-08-23T16:14:12.213705+00:00","https://fly.pl/oferta/turcja-wczasy/?filter[dest]=39:&filter[hotelids]=&filter[cityids]=&filter[cregids]=&filter[ofrType]=&filter[addObjType]=H&filter[whenFrom]=23-08-2026&filter[whenTo]=22-09-2026&filter[duration]=13:16&filter[from]=Warszawa,Warszawa%20-%20Radom&filter[person]=2&filter[child]=1&filter[price]=4000:20000&filter[PriceFrom]=4000&filter[PriceTo]=20000&filter[addCategory]=50&filter[addCatering]=0&filter[addMisc]=0&filter[addTransport]=F&filter[fp]=1&order_by=ofr_price&filter[tourOperator]=0&filter[childAge][1]=20201210","https://datacfstatic.merlinx.pl/RNBW/IMG/9103/6d48238e095e2510996579f12f900fa2a3e9811c2ab0847bd189a7d361b4c59c.webp","https://fly.pl/wycieczka/turcja,kusadasi,c/ozcelik-14/pWjPIw_ZFggH3AMJcXXe4oAAog5OcXjjkYBsm_9SqnSCp419EzePA6K1TdX_ACAFXiuCcqBFJOQlcw5ris1AZI6pkBUEFYvwJgAmoEQ0FnUWoXMjk2LDM4MCw0NzcsNDgzLDQ4NCw0ODVqGzQwMiw0MDMsNDA2LDQxNyw0NzMsNDk3LDQ5OXI3nwGeAZQBFQ5YARcAChZAsgcRuD8Z_hdS7hVTABDbWkuyd2EAD4emQR0xIOrikAkNAAINYwECDHcAKe8/ofertasv/?filter[tourOperator]=RNBW&filter%5Bperson%5D=2&filter%5BchildAge%5D%5B1%5D=20201210&filter%5Bchild%5D=1","filter_turkey_13_16_days","turcja","kusadasi","c","2026-09-06","2026-09-21","16","14","Warszawa","2+1","turcja|kusadasi|2026-09-06|2026-09-21|14|Warszawa|2+1"
"Adora Hotel & Resort (ex. Adora Golf)","19781.0","05.09.2026 - 18.09.2026","14 dni/13 nocy","4.7","4.7","2451","tripadvisor","Warszawa","2026-08-23T16:14:12.213705+00:00","https://fly.pl/oferta/turcja-wczasy/?filter[dest]=39:&filter[hotelids]=&filter[cityids]=&filter[cregids]=&filter[ofrType]=&filter[addObjType]=H&filter[whenFrom]=23-08-2026&filter[whenTo]=22-09-2026&filter[duration]=13:16&filter[from]=Warszawa,Warszawa%20-%20Radom&filter[person]=2&filter[child]=1&filter[price]=4000:20000&filter[PriceFrom]=4000&filter[PriceTo]=20000&filter[addCategory]=50&filter[addCatering]=0&filter[addMisc]=0&filter[addTransport]=F&filter[fp]=1&order_by=ofr_price&filter[tourOperator]=0&filter[childAge][1]=20201210","https://fly.pl/cdn/photo/assets/uploads/582/278/2014/09/Adora-Hotel-Resort.jpg","https://fly.pl/wycieczka/turcja,belek,c/adora-golf/pxcT4QYZI08KgHwycVVM4oAAogVkk6I0R4HQ9zHJOiaW_qfwAAAAA6cQQA9m0EAA0AAAAqBFdFWlkw5ris1AZIxZoBUEFYpwJgA2odTE9UIFBvbGlzaCBBaXJsaW5lcy9FbnRlciBBaXJyRJ4BHwAcAQIAFgAXDBHMAhKbARWFBROJAhgKFJADT-lgTABAnBJQ58UBSwAb3ZYBIJH-DR3EBg3v7cIJARJjAQxjAQMLDL9keg/ofertasv/?filter[tourOperator]=WEZY&filter%5Bperson%5D=2&filter%5BchildAge%5D%5B1%5D=20201210&filter%5Bchild%5D=1","filter_turkey_13_16_days","turcja","belek","c","2026-09-05","2026-09-18","14","13","Warszawa","2+1","turcja|belek|2026-09-05|2026-09-18|13|Warszawa|2+1"
"Beks Premium Resort & Spa","19860.0","04.09.2026 - 18.09.2026","15 dni/14 nocy","","","","","Warszawa","2026-08-23T16:14:12.213705+00:00","https://fly.pl/oferta/turcja-wczasy/?filter[dest]=39:&filter[hotelids]=&filter[cityids]=&filter[cregids]=&filter[ofrType]=&filter[addObjType]=H&filter[whenFrom]=23-08-2026&filter[whenTo]=22-09-2026&filter[duration]=13:16&filter[from]=Warszawa,Warszawa%20-%20Radom&filter[person]=2&filter[child]=1&filter[price]=4000:20000&filter[PriceFrom]=4000&filter[PriceTo]=20000&filter[addCategory]=50&filter[addCatering]=0&filter[addMisc]=0&filter[addTransport]=F&filter[fp]=1&order_by=ofr_price&filter[tourOperator]=0&filter[childAge][1]=20201210","https://datacfstatic.merlinx.pl/WEZY/IMG/82035/90f5ddb680705b397773567ffc6eca065c98a7687de95c9bf7fffdb76f3e9da4.webp","https://fly.pl/wycieczka/turcja,kusadasi,c/beks-premium-resort-spa-11/p3SchLWL53o-4XnjBFWZWuAAogiJsVhAeWJDE0eD8Ac9HwdgAAAACfqQQAvakEAA4AAQAqBFdFWlkw5ris1AZIlJsBUEFYjwJgA2oJRW50ZXIgQWlyagQwNjQwagQwOTEwckKeAZUBmAEfAAIBFgAcABcNEuYDE4cLFIsDT_lWTABAohhL58UBUAAR67kCG_pWHbL7DCAeDev8wQkBEmMBDWMBAwtdT9lA/ofertasv/?filter[tourOperator]=WEZY&filter%5Bperson%5D=2&filter%5BchildAge%5D%5B1%5D=20201210&filter%5Bchild%5D=1","filter_turkey_13_16_days","turcja","kusadasi","c","2026-09-04","2026-09-18","15","14","Warszawa","2+1","turcja|kusadasi|2026-09-04|2026-09-18|14|Warszawa|2+1"
"Rai Foresta Tekirova","19935.0","05.09.2026 - 18.09.2026","14 dni/13 nocy","","","","","Warszawa","2026-08-23T16:14:12.213705+00:00","https://fly.pl/oferta/turcja-wczasy/?filter[dest]=39:&filter[hotelids]=&filter[cityids]=&filter[cregids]=&filter[ofrType]=&filter[addObjType]=H&filter[whenFrom]=23-08-2026&filter[whenTo]=22-09-2026&filter[duration]=13:16&filter[from]=Warszawa,Warszawa%20-%20Radom&filter[person]=2&filter[child]=1&filter[price]=4000:20000&filter[PriceFrom]=4000&filter[PriceTo]=20000&filter[addCategory]=50&filter[addCatering]=0&filter[addMisc]=0&filter[addTransport]=F&filter[fp]=1&order_by=ofr_price&filter[tourOperator]=0&filter[childAge][1]=20201210","https://datacfstatic.merlinx.pl/WEZY/IMG/82010/c04dafc9b9152151f3196f5435dbd3868e5a7ec16016500121a5011d91a025c6.webp","https://fly.pl/wycieczka/turcja,kemer,tekirova/rai-foresta-tekirova-12/p01m-OAtCJNw7G9-1CgwPJAAogD0Hfalv4X9qlhJpLxaMiWwAAAAA6cQQA9m0EAA0ABAAqBFdFWlkw5ris1AZI35sBUEFYpwJgA2odTE9UIFBvbGlzaCBBaXJsaW5lcy9FbnRlciBBaXJyRZ4BHwAcAQIAFgAXDBLnAxWFBROJAhgKFJADTOlgTwBAnBJQ58UBSwAR0rkCIJzbDB3EBhvqxH4NhanECAESYwEMYwEDC3LNd_o/ofertasv/?filter[tourOperator]=WEZY&filter%5Bperson%5D=2&filter%5BchildAge%5D%5B1%5D=20201210&filter%5Bchild%5D=1","filter_turkey_13_16_days","turcja","kemer","tekirova","2026-09-05","2026-09-18","14","13","Warszawa","2+1","turcja|kemer|2026-09-05|2026-09-18|13|Warszawa|2+1"
"Club Phaselis Rose","19957.0","29.08.2026 - 12.09.2026","15 dni/14 nocy","4.5","4.5","1694","tripadvisor","Warszawa","2026-08-23T16:14:12.213705+00:00","https://fly.pl/oferta/turcja-wczasy/?filter[dest]=39:&filter[hotelids]=&filter[cityids]=&filter[cregids]=&filter[ofrType]=&filter[addObjType]=H&filter[whenFrom]=23-08-2026&filter[whenTo]=22-09-2026&filter[duration]=13:16&filter[from]=Warszawa,Warszawa%20-%20Radom&filter[person]=2&filter[child]=1&filter[price]=4000:20000&filter[PriceFrom]=4000&filter[PriceTo]=20000&filter[addCategory]=50&filter[addCatering]=0&filter[addMisc]=0&filter[addTransport]=F&filter[fp]=1&order_by=ofr_price&filter[tourOperator]=0&filter[childAge][1]=20201210","https://fly.pl/cdn/photo/assets/uploads/582/278/2015/04/Club-Hotel-Phaselis-Rose.jpg","https://fly.pl/wycieczka/turcja,kemer,tekirova/club-phaselis-rose/pQtvc_u1N7A4kO1yPhZ3_MAAoger0ZS1vTpxy5XpR-BD52GBleql_vgBzW78-3GSKx6FwqBFZJVFgw5ris1AZI9ZsBUEFYf2ACcj8aAFwKFQQXAFgBQI8DU-drUgBb2BdevnxL7UNhAEyHoTwgzueVCQ0AUffBku5YT8-2E12U5aaBrQECDGMBAgvmsKi5/ofertasv/?filter[tourOperator]=VITX&filter%5Bperson%5D=2&filter%5BchildAge%5D%5B1%5D=20201210&filter%5Bchild%5D=1","filter_turkey_13_16_days","turcja","kemer","tekirova","2026-08-29","2026-09-12","15","14","Warszawa","2+1","turcja|kemer|2026-08-29|2026-09-12|14|Warszawa|2+1"
