"hotel_name","price","dates","duration","duration_bucket","rating","ta_rating","ta_review_count","ta_source","departure_airport","scraped_at","url","image_url","offer_url"
"Valis Resort Grecja, Tesalia, Agria","6245.0","26.08.2026 - 02.09.2026","8 dni/7 nocy","","","","","","Katowice","2026-08-23T15:37:38.333331+00:00","https://fly.pl/oferta/grecja-wczasy/?filter[dest]=14:&filter[hotelids]=&filter[cityids]=&filter[cregids]=&filter[ofrType]=&filter[addObjType]=&filter[whenFrom]=23-08-2026&filter[whenTo]=22-09-2026&filter[duration]=7:10&filter[from]=&filter[person]=2&filter[child]=1&filter[price]=4000:20000&filter[PriceFrom]=4000&filter[PriceTo]=20000&filter[addCategory]=50&filter[addCatering]=1&filter[addMisc]=0&filter[addTransport]=F&filter[fp]=1&order_by=ofr_price&filter[tourOperator]=0&filter[childAge][1]=20201210","https://datacfstatic.merlinx.pl/RNBW/IMG/8759/2b8ed3b6f4e85c2410458d2a2f682b00a2214b389f8ea62aef38cc3a24cd772b.webp","https://fly.pl/wycieczka/grecja,tesalia,agria/valis-resort-12/pNAQnLBiX5GIkTLWZ7i0fIAAogi0vhysuk4T9apXgTxN6mVmD0c6vsO_8yLP-V0bor09wqBFJOQlcww6es1AZI5TBQQVg4YAJqBEJ3Y0RqFzI5NiwzODAsNDc3LDQ4Myw0ODQsNDg1cjWfAZ4BFQcXAFgICgRAxAcR4DwZzxsQ62ZhgwxLAFLxbVMAHdWQQQ8nIPn9kAkNAAIMYwECC2N0V9Y/ofertasv/?filter[tourOperator]=RNBW&filter%5Bperson%5D=2&filter%5BchildAge%5D%5B1%5D=20201210&filter%5Bchild%5D=1"
"Xenios Anastasia Resort & Spa (ex. Anastasia Resort & Spa) Grecja, Chalkidiki, Nea Skioni","7804.0","05.09.2026 - 12.09.2026","8 dni/7 nocy","","3.9","3.9","656","tripadvisor","Poznań","2026-08-23T15:37:38.333331+00:00","https://fly.pl/oferta/grecja-wczasy/?filter[dest]=14:&filter[hotelids]=&filter[cityids]=&filter[cregids]=&filter[ofrType]=&filter[addObjType]=&filter[whenFrom]=23-08-2026&filter[whenTo]=22-09-2026&filter[duration]=7:10&filter[from]=&filter[person]=2&filter[child]=1&filter[price]=4000:20000&filter[PriceFrom]=4000&filter[PriceTo]=20000&filter[addCategory]=50&filter[addCatering]=1&filter[addMisc]=0&filter[addTransport]=F&filter[fp]=1&order_by=ofr_price&filter[tourOperator]=0&filter[childAge][1]=20201210","https://fly.pl/cdn/photo/assets/uploads/582/278/2015/02/Anastasia-Resort-Spa-fly-pl.jpg","https://fly.pl/wycieczka/grecja,chalkidiki,nea-skioni/anastasia-resort-spa/pgJ97TP2mw96itQEUrJJdEAAogUO2v2luPA7LTqRm61rwn-YWnN6gapnLlRtLJo-xyRpsqBFJOQlcww6es1AZI_DxQQVioAmACagRCd2NEahcyOTYsMzgwLDQ3Nyw0ODMsNDg0LDQ4NXI1nwGeARUHFwBYCAoEQMQHEewLGdpLEO5UYYhQSwBSjR1TAB2OqkEPKSDShJEJDQACDGMBAgt6RY9r/ofertasv/?filter[tourOperator]=RNBW&filter%5Bperson%5D=2&filter%5BchildAge%5D%5B1%5D=20201210&filter%5Bchild%5D=1"
"Kipriotis Maris Suites (ex Iberostar) Grecja, Kos, Psalidi","8154.0","29.08.2026 - 05.09.2026","8 dni/7 nocy","","4.2","4.2","1522","tripadvisor","Katowice","2026-08-23T15:37:38.333331+00:00","https://fly.pl/oferta/grecja-wczasy/?filter[dest]=14:&filter[hotelids]=&filter[cityids]=&filter[cregids]=&filter[ofrType]=&filter[addObjType]=&filter[whenFrom]=23-08-2026&filter[whenTo]=22-09-2026&filter[duration]=7:10&filter[from]=&filter[person]=2&filter[child]=1&filter[price]=4000:20000&filter[PriceFrom]=4000&filter[PriceTo]=20000&filter[addCategory]=50&filter[addCatering]=1&filter[addMisc]=0&filter[addTransport]=F&filter[fp]=1&order_by=ofr_price&filter[tourOperator]=0&filter[childAge][1]=20201210","https://fly.pl/cdn/photo/assets/uploads/582/278/2016/01/Kipriotis-Maris-Suites-ex-Iberostar-fly-pl.jpg","https://fly.pl/wycieczka/grecja,kos,psalidi/kipriotis-maris-suites-ex-iberostar/pj6-HWZhqTydIGcBLLdjTiAAog-nsRh-7IEQqhORqQur1MwhnthoT7eQCKoJgL4yRfQS8qBFJOQlcww6es1AZI2j9QQViAAWACahcyOTYsMzgwLDQ3Nyw0ODMsNDg0LDQ4NWoTNDA0LDQwNyw0MDgsNTIxLDUyOHI5ngGUARUHFwBYCAoPQLkHEb8dENYhGd4XU9JwUgBL2ANhAF_8tiUd0K4cD3MgqpaRCQ0AAg5jAQINnaYgAA/ofertasv/?filter[tourOperator]=RNBW&filter%5Bperson%5D=2&filter%5BchildAge%5D%5B1%5D=20201210&filter%5Bchild%5D=1"
"All Senses Nautica Blue Exclusive Resort & Spa (ex Aegean Breeze) Grecja, Rodos, Fanes","8196.0","28.08.2026 - 04.09.2026","8 dni/7 nocy","","3.7","3.7","1500","tripadvisor","Katowice","2026-08-23T15:37:38.333331+00:00","https://fly.pl/oferta/grecja-wczasy/?filter[dest]=14:&filter[hotelids]=&filter[cityids]=&filter[cregids]=&filter[ofrType]=&filter[addObjType]=&filter[whenFrom]=23-08-2026&filter[whenTo]=22-09-2026&filter[duration]=7:10&filter[from]=&filter[person]=2&filter[child]=1&filter[price]=4000:20000&filter[PriceFrom]=4000&filter[PriceTo]=20000&filter[addCategory]=50&filter[addCatering]=1&filter[addMisc]=0&filter[addTransport]=F&filter[fp]=1&order_by=ofr_price&filter[tourOperator]=0&filter[childAge][1]=20201210","https://fly.pl/cdn/photo/assets/uploads/582/278/2014/11/Aegean-Breeze-Resort-ex-Medblue-Fanes-fly-pl.jpg","https://fly.pl/wycieczka/grecja,rodos,fanes/medblue-fanes-ex-nautica-blue/pTzDMXwEFTJIu2hPsNlhBjAAogycazZr5RdQKT5qDJTIi6KgAAAADrfwQABoAEAAcAAQAqBFdFWlkww6es1AZIhEBQQVhoYANqCUVudGVyIEFpcmoEMDUxMGoEMDkyMHJBngGTAZQBHwACARwAFgQXAhLWBBXqCBjSAUCIchHxQkviDlAATLhDTwAby-oCHfT-DCAbDdbPwgkBEmMBDmMBAgZgo2Lq/ofertasv/?filter[tourOperator]=WEZY&filter%5Bperson%5D=2&filter%5BchildAge%5D%5B1%5D=20201210&filter%5Bchild%5D=1"
"Elinotel Sermilia Resort (ex. Bomo Cronwell Sermilia) Grecja, Chalkidiki, Psakoudia","8714.0","26.08.2026 - 02.09.2026","8 dni/7 nocy","","3.7","3.7","212","tripadvisor","Wrocław","2026-08-23T15:37:38.333331+00:00","https://fly.pl/oferta/grecja-wczasy/?filter[dest]=14:&filter[hotelids]=&filter[cityids]=&filter[cregids]=&filter[ofrType]=&filter[addObjType]=&filter[whenFrom]=23-08-2026&filter[whenTo]=22-09-2026&filter[duration]=7:10&filter[from]=&filter[person]=2&filter[child]=1&filter[price]=4000:20000&filter[PriceFrom]=4000&filter[PriceTo]=20000&filter[addCategory]=50&filter[addCatering]=1&filter[addMisc]=0&filter[addTransport]=F&filter[fp]=1&order_by=ofr_price&filter[tourOperator]=0&filter[childAge][1]=20201210","https://fly.pl/cdn/photo/assets/uploads/582/278/2015/06/ace51f02b6f338f488ef08630ea127c1256fa3044b889314275e4a932f9fc24a.jpg","https://fly.pl/wycieczka/grecja,chalkidiki,psakoudia/cronwell-sermilia-resort/pb96Vxp7Q3YiSUZWi-9WL5AAogDdbv4SYuJtnRDsRW8LpLOaUw0DcOhMTChiQ97ow76I0qBFJOQlcww6es1AZIikRQQVg4YAJqBEJ3Y0RqFzI5NiwzODAsNDc3LDQ4Myw0ODQsNDg1cjafAZ4BFQcXAFgICgRAxAcR2zcZ6x8Q-lRSiW1TAEvEKmEAHbbLQA_jASDdtpEJDQACDGMBAguGzpQJ/ofertasv/?filter[tourOperator]=RNBW&filter%5Bperson%5D=2&filter%5BchildAge%5D%5B1%5D=20201210&filter%5Bchild%5D=1"
"Rodos Palace Grecja, Rodos, Ixia","8797.0","28.08.2026 - 04.09.2026","8 dni/7 nocy","","3.5","3.5","5694","tripadvisor","Bydgoszcz","2026-08-23T15:37:38.333331+00:00","https://fly.pl/oferta/grecja-wczasy/?filter[dest]=14:&filter[hotelids]=&filter[cityids]=&filter[cregids]=&filter[ofrType]=&filter[addObjType]=&filter[whenFrom]=23-08-2026&filter[whenTo]=22-09-2026&filter[duration]=7:10&filter[from]=&filter[person]=2&filter[child]=1&filter[price]=4000:20000&filter[PriceFrom]=4000&filter[PriceTo]=20000&filter[addCategory]=50&filter[addCatering]=1&filter[addMisc]=0&filter[addTransport]=F&filter[fp]=1&order_by=ofr_price&filter[tourOperator]=0&filter[childAge][1]=20201210","https://fly.pl/cdn/photo/assets/uploads/582/278/2014/07/Rodos-Palace.jpg","https://fly.pl/wycieczka/grecja,rodos,ixia/rodos-palace/p0UJ3Pe5gq4f5mJ4MCERCOAAog-bve6Ed8rB-t1gMGOGT96p4gbZ8YTo-LGI2D2OUB7YIqBFZJVFgww6es1AZI3URQQVhoYAJyPhoAFQcXAFwDWAVAjwNhjnZLAFuJD17melKRE1MATKPlOQ2N1JgJIABd1azKjmFPgOzN3n1R-9csAgxjAQILZiulYQ/ofertasv/?filter[tourOperator]=VITX&filter%5Bperson%5D=2&filter%5BchildAge%5D%5B1%5D=20201210&filter%5Bchild%5D=1"
"Elinotel Apolamare Grecja, Chalkidiki, Hanioti","8881.0","26.08.2026 - 02.09.2026","8 dni/7 nocy","","3.9","3.9","392","tripadvisor","Wrocław","2026-08-23T15:37:38.333331+00:00","https://fly.pl/oferta/grecja-wczasy/?filter[dest]=14:&filter[hotelids]=&filter[cityids]=&filter[cregids]=&filter[ofrType]=&filter[addObjType]=&filter[whenFrom]=23-08-2026&filter[whenTo]=22-09-2026&filter[duration]=7:10&filter[from]=&filter[person]=2&filter[child]=1&filter[price]=4000:20000&filter[PriceFrom]=4000&filter[PriceTo]=20000&filter[addCategory]=50&filter[addCatering]=1&filter[addMisc]=0&filter[addTransport]=F&filter[fp]=1&order_by=ofr_price&filter[tourOperator]=0&filter[childAge][1]=20201210","https://fly.pl/cdn/photo/assets/uploads/582/278/2015/02/Apolamare-Hotel.jpg","https://fly.pl/wycieczka/grecja,chalkidiki,hanioti/elinotel-apolamare/pTPizbU6ZInfs_fDIsO9ZaAAogGNf3yWDTOE4GYB9-Sfreo6Uw0DcOhMTChiQ97ow76I0qBFJOQlcww6es1AZIsUVQQVg4YAJqBEJ3Y0RqFzI5NiwzODAsNDc3LDQ4Myw0ODQsNDg1cjafAZ4BFQcXAFgICgRAxAcRnxkZpz4Q0EJSs39TAEvEKmEAHbbLQA_jASDdtpEJDQACDGMBAgt0LLID/ofertasv/?filter[tourOperator]=RNBW&filter%5Bperson%5D=2&filter%5BchildAge%5D%5B1%5D=20201210&filter%5Bchild%5D=1"
"Eretria Hotel & Spa Resort (ex. Eretria Village) Grecja, Evia, Eretria","8968.0","26.08.2026 - 02.09.2026","8 dni/7 nocy","","3.5","3.5","266","tripadvisor","Poznań","2026-08-23T15:37:38.333331+00:00","https://fly.pl/oferta/grecja-wczasy/?filter[dest]=14:&filter[hotelids]=&filter[cityids]=&filter[cregids]=&filter[ofrType]=&filter[addObjType]=&filter[whenFrom]=23-08-2026&filter[whenTo]=22-09-2026&filter[duration]=7:10&filter[from]=&filter[person]=2&filter[child]=1&filter[price]=4000:20000&filter[PriceFrom]=4000&filter[PriceTo]=20000&filter[addCategory]=50&filter[addCatering]=1&filter[addMisc]=0&filter[addTransport]=F&filter[fp]=1&order_by=ofr_price&filter[tourOperator]=0&filter[childAge][1]=20201210","https://fly.pl/cdn/photo/assets/uploads/582/278/2014/11/Hotel-Eretria-Spa-Resort.jpg","https://fly.pl/wycieczka/grecja,evia,eretria/eretria-village/pnnZEawpSdMZCwLEb5iFvZAAoghhJ2td1-1bznoKHhui3u14b1ueN0czznXPzdKUf1-ogqBEdSQ1Mww6es1AZIiEZQQVg4YANyPhcHFQBYCFYCXAIdpwYPHEAFUupmUwBbxTBekWVLeGEATKngTQG7ojcN48jNCCAAUbCCkdRXARJjAQJjAQILsXNK7Q/ofertasv/?filter[tourOperator]=GRCS&filter%5Bperson%5D=2&filter%5BchildAge%5D%5B1%5D=20201210&filter%5Bchild%5D=1"
"Filion Suites Resort Grecja, Kreta Wschodnia, Bali","8956.0","12.09.2026 - 19.09.2026","8 dni/7 nocy","","4.4","4.4","2970","tripadvisor","Katowice","2026-08-23T15:37:38.333331+00:00","https://fly.pl/oferta/grecja-wczasy/?filter[dest]=14:&filter[hotelids]=&filter[cityids]=&filter[cregids]=&filter[ofrType]=&filter[addObjType]=&filter[whenFrom]=23-08-2026&filter[whenTo]=22-09-2026&filter[duration]=7:10&filter[from]=&filter[person]=2&filter[child]=1&filter[price]=4000:20000&filter[PriceFrom]=4000&filter[PriceTo]=20000&filter[addCategory]=50&filter[addCatering]=1&filter[addMisc]=0&filter[addTransport]=F&filter[fp]=1&order_by=ofr_price&filter[tourOperator]=0&filter[childAge][1]=20201210","https://datacfstatic.merlinx.pl/XTOP/IMG/19190/911900bc369d190d0c018c9684c04ad17e37e114ef877a6fcb47bddddf055a3a.webp","https://fly.pl/wycieczka/grecja,kreta-wschodnia,bali/filion-suites-resort/XTOPafeaf0X_wYAAHNOYVBwWQGyAQBpv1rsCpABCgYI7pEPEAESBgjvrBIQARp-TVBVVzJHRjIzTjFWNkpNVzVLSUdTOUdCMVBESFJTTEM5QUVXS1hQWVY1RUhUWlRKTFg0TzNPSzBVMFQ0NzJOQ1VKS0I2UzBHVDhZTk85R1REVE0yRDhXTVZLUDQ3MVBaTzZESkJETzg2MEpLWUdZVUVPTDFCUVY0U0I1VVBUCn8KBgikqAYQAhIGCMjWIBABGm1PNTQ1NDRkNTMyZjQxNGQ1NDUzNDc1MjMyMzU0ZTU3MmY1MjRkNTM1MDMwMzAzMDMwMzAzMDJmNDE0OTJmMzcyZjMyMzAzMjM2MzAzOTMxMzIyZjMwMzEzMjMzMzQzNTM2MzczODM5MzAzMTMyCiMKBgjs1gEQARIGCI6GAhABGhFEU1JULTk3LVRSQU5TRkVSMgofCgUIzDoQARIFCPNGEAEaD0RTUk0tOTctMnIyMjY3MgogCgUIwD4QARIFCNBLEAEaEERTUk0tOTctNTByMjI2NzMKIQoFCPAuEAESBQiYORABGhFEU1JVLTk3LVViZXpiYXNpYxhhKKIkMgYIoNU2EAE4Aw/ofertasv/?filter[tourOperator]=XTOP&filter%5Bperson%5D=2&filter%5BchildAge%5D%5B1%5D=20201210&filter%5Bchild%5D=1"
"Galini Palace Grecja, Kreta Zachodnia, Kolymvari","9430.0","26.08.2026 - 02.09.2026","8 dni/7 nocy","","4.1","4.1","119","tripadvisor","Wrocław","2026-08-23T15:37:38.333331+00:00","https://fly.pl/oferta/grecja-wczasy/?filter[dest]=14:&filter[hotelids]=&filter[cityids]=&filter[cregids]=&filter[ofrType]=&filter[addObjType]=&filter[whenFrom]=23-08-2026&filter[whenTo]=22-09-2026&filter[duration]=7:10&filter[from]=&filter[person]=2&filter[child]=1&filter[price]=4000:20000&filter[PriceFrom]=4000&filter[PriceTo]=20000&filter[addCategory]=50&filter[addCatering]=1&filter[addMisc]=0&filter[addTransport]=F&filter[fp]=1&order_by=ofr_price&filter[tourOperator]=0&filter[childAge][1]=20201210","https://fly.pl/cdn/photo/assets/uploads/582/278/2019/08/Galini-Palace-fly-pl.jpg","https://fly.pl/wycieczka/grecja,kreta-zachodnia,kolymvari/galini-palace-12/pRK-9DodwR0xgmqU3Hn4gfAAogw6h1ki1YW84ftnMRN4ouc8RPbNtO6-EpVpRjBtDi4o4qBEdSQ1Mww6es1AZI1klQQVg4YANyQBcHFQBcA1gFVgIdqQQPIECBAlLjd1MAW7MIXqp8S8lIYQBM2JhNAfjuOQ2m_MoIIABRzN-pnWUBEmMBAmMBAg3q5qiJ/ofertasv/?filter[tourOperator]=GRCS&filter%5Bperson%5D=2&filter%5BchildAge%5D%5B1%5D=20201210&filter%5Bchild%5D=1"
"Aldemar Olympian Village Grecja, Peloponez, Skafidia","9443.0","25.08.2026 - 01.09.2026","8 dni/7 nocy","","4.4","4.4","4522","tripadvisor","Warszawa","2026-08-23T15:37:38.333331+00:00","https://fly.pl/oferta/grecja-wczasy/?filter[dest]=14:&filter[hotelids]=&filter[cityids]=&filter[cregids]=&filter[ofrType]=&filter[addObjType]=&filter[whenFrom]=23-08-2026&filter[whenTo]=22-09-2026&filter[duration]=7:10&filter[from]=&filter[person]=2&filter[child]=1&filter[price]=4000:20000&filter[PriceFrom]=4000&filter[PriceTo]=20000&filter[addCategory]=50&filter[addCatering]=1&filter[addMisc]=0&filter[addTransport]=F&filter[fp]=1&order_by=ofr_price&filter[tourOperator]=0&filter[childAge][1]=20201210","https://fly.pl/cdn/photo/assets/uploads/582/278/2014/09/Aldemar-Olympian-Village-fly-pl.jpg","https://fly.pl/wycieczka/grecja,peloponez,skafidia/aldemar-olympian-village/pih6elqlIai62_Q4G7f9uQAAogM6aLxRZ7Mb79cZrztqR5rRFo_lhCylZDHA8_j5u9kzsqBFJOQlcww6es1AZI40lQQVggYAJqBEJ3Y0RqFzI5NiwzODAsNDc3LDQ4Myw0ODQsNDg1ahs0MDIsNDAzLDQwNiw0MTcsNDczLDQ5Nyw0OTlyOJ8BngGUARUHFwBYCAoEQMQHEZ0dEIMiGYQZUpNJUwBL-p0BYQAPres_HSkg-5ySCQ0AAgxjAQILOZeV6Q/ofertasv/?filter[tourOperator]=RNBW&filter%5Bperson%5D=2&filter%5BchildAge%5D%5B1%5D=20201210&filter%5Bchild%5D=1"
"Galini Sea View (Agia Marina) Grecja, Kreta Zachodnia, Agia Marina","9524.0","28.08.2026 - 04.09.2026","8 dni/7 nocy","","3.9","3.9","2001","tripadvisor","Gdańsk","2026-08-23T15:37:38.333331+00:00","https://fly.pl/oferta/grecja-wczasy/?filter[dest]=14:&filter[hotelids]=&filter[cityids]=&filter[cregids]=&filter[ofrType]=&filter[addObjType]=&filter[whenFrom]=23-08-2026&filter[whenTo]=22-09-2026&filter[duration]=7:10&filter[from]=&filter[person]=2&filter[child]=1&filter[price]=4000:20000&filter[PriceFrom]=4000&filter[PriceTo]=20000&filter[addCategory]=50&filter[addCatering]=1&filter[addMisc]=0&filter[addTransport]=F&filter[fp]=1&order_by=ofr_price&filter[tourOperator]=0&filter[childAge][1]=20201210","https://fly.pl/cdn/photo/assets/uploads/582/278/2014/07/Hotel-Galini-Sea-View.jpg","https://fly.pl/wycieczka/grecja,kreta-zachodnia,agia-marina/galini-sea-view-agia-marina/p_YNZfuZ8EB_hJ1fYATHdzAAogWsOljxtSw_DRVKo-lGt2U2ph8S2BshisuzwFVPewXbwqBE9BU0kww6es1AZItEpQAVhoYAJqA0FJbHIgHBGbe6sElr4OuQQjG6LUCRiGsxEB--jb8AECAGMBAgxRGldu/ofertasv/?filter[tourOperator]=OASI&filter%5Bperson%5D=2&filter%5BchildAge%5D%5B1%5D=20201210&filter%5Bchild%5D=1"
"Gaia Palace Grecja, Kos, Mastichari","9533.0","29.08.2026 - 05.09.2026","8 dni/7 nocy","","4.3","4.3","1206","tripadvisor","Wrocław","2026-08-23T15:37:38.333331+00:00","https://fly.pl/oferta/grecja-wczasy/?filter[dest]=14:&filter[hotelids]=&filter[cityids]=&filter[cregids]=&filter[ofrType]=&filter[addObjType]=&filter[whenFrom]=23-08-2026&filter[whenTo]=22-09-2026&filter[duration]=7:10&filter[from]=&filter[person]=2&filter[child]=1&filter[price]=4000:20000&filter[PriceFrom]=4000&filter[PriceTo]=20000&filter[addCategory]=50&filter[addCatering]=1&filter[addMisc]=0&filter[addTransport]=F&filter[fp]=1&order_by=ofr_price&filter[tourOperator]=0&filter[childAge][1]=20201210","https://fly.pl/cdn/photo/assets/uploads/582/278/2009/10/Gaia-Palace2994.jpg","https://fly.pl/wycieczka/grecja,kos,mastichari/gaia-palace/pvjJl5NlmNY17ZIdmC_M6wAAogeaiDOc3DqnvmMqL0jdidTQAAAACFkgQAoJIEAAcAHQAqBFdFWlkww6es1AZIvUpQQViAAWADagtSeWFuYWlyIFN1bmoEMDQ1NWoEMDgzNXJBngGTAZQBHwACARwAFgQXAhLOAhWhDBiMARGDJUCcTEz7TU8AS8h8UAAdodkPIBsb3oFkDd-o3ggBEmMBDGMBAgayL01q/ofertasv/?filter[tourOperator]=WEZY&filter%5Bperson%5D=2&filter%5BchildAge%5D%5B1%5D=20201210&filter%5Bchild%5D=1"
"Ammos (Mastichari) Grecja, Kos, Mastichari","9657.0","29.08.2026 - 06.09.2026","9 dni/7 nocy","","4.2","4.2","228","tripadvisor","Warszawa","2026-08-23T15:37:38.333331+00:00","https://fly.pl/oferta/grecja-wczasy/?filter[dest]=14:&filter[hotelids]=&filter[cityids]=&filter[cregids]=&filter[ofrType]=&filter[addObjType]=&filter[whenFrom]=23-08-2026&filter[whenTo]=22-09-2026&filter[duration]=7:10&filter[from]=&filter[person]=2&filter[child]=1&filter[price]=4000:20000&filter[PriceFrom]=4000&filter[PriceTo]=20000&filter[addCategory]=50&filter[addCatering]=1&filter[addMisc]=0&filter[addTransport]=F&filter[fp]=1&order_by=ofr_price&filter[tourOperator]=0&filter[childAge][1]=20201210","https://fly.pl/cdn/photo/assets/uploads/582/278/2016/11/AMMOS-LUXURY-RESORT.jpg","https://fly.pl/wycieczka/grecja,kos,mastichari/ammos-mastichari/pqLJlphOcT-T0iAf-C1oCTAAogcFf6pdP-3yDJ8aXQtM8QNY-4IqSGo4oB0H8R-fAAh_QqBFZJVFgww6es1AZIuUtQQViAAWACckAaABUHFwBcA1gFQI8DW_-HAVP_Q1IAXv8zS-1DYQBMx7Q5DY7UmAkgAVGyit7xpQFPkdw9XdD9y_1fAgxjAQILAQyahA/ofertasv/?filter[tourOperator]=VITX&filter%5Bperson%5D=2&filter%5BchildAge%5D%5B1%5D=20201210&filter%5Bchild%5D=1"
"Out of the Blue Capsis Elite Resort Grecja, Kreta Wschodnia, Agia Pelagia","9657.0","30.08.2026 - 06.09.2026","8 dni/7 nocy","","4.0","4.0","2158","tripadvisor","Poznań","2026-08-23T15:37:38.333331+00:00","https://fly.pl/oferta/grecja-wczasy/?filter[dest]=14:&filter[hotelids]=&filter[cityids]=&filter[cregids]=&filter[ofrType]=&filter[addObjType]=&filter[whenFrom]=23-08-2026&filter[whenTo]=22-09-2026&filter[duration]=7:10&filter[from]=&filter[person]=2&filter[child]=1&filter[price]=4000:20000&filter[PriceFrom]=4000&filter[PriceTo]=20000&filter[addCategory]=50&filter[addCatering]=1&filter[addMisc]=0&filter[addTransport]=F&filter[fp]=1&order_by=ofr_price&filter[tourOperator]=0&filter[childAge][1]=20201210","https://fly.pl/cdn/photo/assets/uploads/582/278/2014/09/Out-of-the-Blue-Beach-Resort.jpg","https://fly.pl/wycieczka/grecja,kreta-wschodnia,agia-pelagia/capsis-out-of-the-blue-resort/p_QgFHtOHzxR_xY8VI6PYPAAogLOTioD4e55eIXumTsJtqr_FfY6L9C3SDE4v0PNoMk80qBFZJVFgww6es1AZIuUtQQViYAWACcj8aABUHFwBcA1gFQI8DW7-DAVPGKVIAXvhSS3hhAEy89zkNj9SYCSABUeG4so2NAU_tkiZdwJSolkMCDmMBAg1PWwLr/ofertasv/?filter[tourOperator]=VITX&filter%5Bperson%5D=2&filter%5BchildAge%5D%5B1%5D=20201210&filter%5Bchild%5D=1"
"Hersonissos Palace Grecja, Kreta Wschodnia, Hersonissos","9736.0","26.08.2026 - 03.09.2026","9 dni/7 nocy","","4.2","4.2","436","tripadvisor","Poznań","2026-08-23T15:37:38.333331+00:00","https://fly.pl/oferta/grecja-wczasy/?filter[dest]=14:&filter[hotelids]=&filter[cityids]=&filter[cregids]=&filter[ofrType]=&filter[addObjType]=&filter[whenFrom]=23-08-2026&filter[whenTo]=22-09-2026&filter[duration]=7:10&filter[from]=&filter[person]=2&filter[child]=1&filter[price]=4000:20000&filter[PriceFrom]=4000&filter[PriceTo]=20000&filter[addCategory]=50&filter[addCatering]=1&filter[addMisc]=0&filter[addTransport]=F&filter[fp]=1&order_by=ofr_price&filter[tourOperator]=0&filter[childAge][1]=20201210","https://fly.pl/cdn/photo/assets/uploads/582/278/2015/04/Hersonissos-Palace-fly-pl-2.jpg","https://fly.pl/wycieczka/grecja,kreta,hersonissos/hersonissos-palace/pqE2T0AQyo5PGEORNwGRvhAAogV-Sjz0DQgnqEwIya8IuAlgkSqG71IYUG0NiAyGtHrL0qBFJOQlcww6es1AZIiExQQVg4YAJqBEJ3Y0RqFzI5NiwzODAsNDc3LDQ4Myw0ODQsNDg1cjafAZ4BFQcXAVgHCgRAxAcR2DgZiB9S7FBTABDBCEuvS2EAHYmJQQ-PBCCvvpEJDQACDGMBAgvhJSP4/ofertasv/?filter[tourOperator]=RNBW&filter%5Bperson%5D=2&filter%5BchildAge%5D%5B1%5D=20201210&filter%5Bchild%5D=1"
"Hydramis Palace Beach Resort Grecja, Kreta Zachodnia, Kavros","9792.0","29.08.2026 - 05.09.2026","8 dni/7 nocy","","4.2","4.2","655","tripadvisor","Katowice","2026-08-23T15:37:38.333331+00:00","https://fly.pl/oferta/grecja-wczasy/?filter[dest]=14:&filter[hotelids]=&filter[cityids]=&filter[cregids]=&filter[ofrType]=&filter[addObjType]=&filter[whenFrom]=23-08-2026&filter[whenTo]=22-09-2026&filter[duration]=7:10&filter[from]=&filter[person]=2&filter[child]=1&filter[price]=4000:20000&filter[PriceFrom]=4000&filter[PriceTo]=20000&filter[addCategory]=50&filter[addCatering]=1&filter[addMisc]=0&filter[addTransport]=F&filter[fp]=1&order_by=ofr_price&filter[tourOperator]=0&filter[childAge][1]=20201210","https://fly.pl/cdn/photo/assets/uploads/582/278/2016/04/Hydramis-Palace.jpg","https://fly.pl/wycieczka/grecja,kreta-zachodnia,kavros/hydramis-palace/p8Wg3BdcaJIB7xpARWTis2AAogqEpREKB1dBV5E7Ye_0jip1RsQE5yNLDiqfe5JbVQ9wIqBE9SRVgww6es1AZIwExQQViAAWACagdCUFguMi4xagMwM1lqAzA0WXI0mwGdAY8BFwcVAFwDWAVWAkDKBhE5U4-pAVIAS9EiYQBepzBM0tA6IPD7lwkNAAISYwECBWnJ0r4/ofertasv/?filter[tourOperator]=OREX&filter%5Bperson%5D=2&filter%5BchildAge%5D%5B1%5D=20201210&filter%5Bchild%5D=1"
"Sitia Beach Grecja, Kreta Wschodnia, Sitia","9857.0","26.08.2026 - 03.09.2026","9 dni/7 nocy","","4.3","4.3","1263","tripadvisor","Katowice","2026-08-23T15:37:38.333331+00:00","https://fly.pl/oferta/grecja-wczasy/?filter[dest]=14:&filter[hotelids]=&filter[cityids]=&filter[cregids]=&filter[ofrType]=&filter[addObjType]=&filter[whenFrom]=23-08-2026&filter[whenTo]=22-09-2026&filter[duration]=7:10&filter[from]=&filter[person]=2&filter[child]=1&filter[price]=4000:20000&filter[PriceFrom]=4000&filter[PriceTo]=20000&filter[addCategory]=50&filter[addCatering]=1&filter[addMisc]=0&filter[addTransport]=F&filter[fp]=1&order_by=ofr_price&filter[tourOperator]=0&filter[childAge][1]=20201210","https://fly.pl/cdn/photo/assets/uploads/582/278/2015/03/SITIA-BEACH-CITY-RESORT-SPA.jpg","https://fly.pl/wycieczka/grecja,kreta-wschodnia,sitia/sitia-beach/pNgHg0wcRQDXxOAtBaK9ieAAog5Od8HtcfRlsCLz9PHoqhGk9GAeAt_8KKs1K2ss61s8MqBFZJVFgww6es1AZIgU1QQVg4YAJyQhoAFQcXAFwDWAVAjwNbvZcBU9YtUgBhwwpLAF6nMEy1-DkNitSYCSABUevS4I2NAU-MqLWnE12Uy-W2CAIOYwECDdFfdQA/ofertasv/?filter[tourOperator]=VITX&filter%5Bperson%5D=2&filter%5BchildAge%5D%5B1%5D=20201210&filter%5Bchild%5D=1"
"Rethymno Palace Grecja, Kreta Zachodnia, Adelianos Kampos","9874.0","26.08.2026 - 03.09.2026","9 dni/7 nocy","","4.4","4.4","777","tripadvisor","Katowice","2026-08-23T15:37:38.333331+00:00","https://fly.pl/oferta/grecja-wczasy/?filter[dest]=14:&filter[hotelids]=&filter[cityids]=&filter[cregids]=&filter[ofrType]=&filter[addObjType]=&filter[whenFrom]=23-08-2026&filter[whenTo]=22-09-2026&filter[duration]=7:10&filter[from]=&filter[person]=2&filter[child]=1&filter[price]=4000:20000&filter[PriceFrom]=4000&filter[PriceTo]=20000&filter[addCategory]=50&filter[addCatering]=1&filter[addMisc]=0&filter[addTransport]=F&filter[fp]=1&order_by=ofr_price&filter[tourOperator]=0&filter[childAge][1]=20201210","https://fly.pl/cdn/photo/assets/uploads/582/278/2016/12/Hotel-Rethymno-Palace.jpg","https://fly.pl/wycieczka/grecja,kreta-zachodnia,adelianos-kampos/rethymno-palace/pgxRgO6KecoDV_EWBb7Uz5AAogNozTSZplmQ73uPg2Ygm0PUWkUlomh-FZVZq9cEkF1PIqBEdSQ1Mww6es1AZIkk1QQVg4YANyQBcIFQBcAlgFVgId8QEPIkC3BFLjd1MAW7MIS4NMYQBepzBMouFNAZ63OQ3_s8sIIABR67PJnWUBEmMBAmMBAgvwqu2C/ofertasv/?filter[tourOperator]=GRCS&filter%5Bperson%5D=2&filter%5BchildAge%5D%5B1%5D=20201210&filter%5Bchild%5D=1"
"Almyra Village Grecja, Kreta Wschodnia, Koutsounari","10257.0","06.09.2026 - 13.09.2026","8 dni/7 nocy","","4.0","4.0","717","tripadvisor","Poznań","2026-08-23T15:37:38.333331+00:00","https://fly.pl/oferta/grecja-wczasy/?filter[dest]=14:&filter[hotelids]=&filter[cityids]=&filter[cregids]=&filter[ofrType]=&filter[addObjType]=&filter[whenFrom]=23-08-2026&filter[whenTo]=22-09-2026&filter[duration]=7:10&filter[from]=&filter[person]=2&filter[child]=1&filter[price]=4000:20000&filter[PriceFrom]=4000&filter[PriceTo]=20000&filter[addCategory]=50&filter[addCatering]=1&filter[addMisc]=0&filter[addTransport]=F&filter[fp]=1&order_by=ofr_price&filter[tourOperator]=0&filter[childAge][1]=20201210","https://fly.pl/cdn/photo/assets/uploads/582/278/2010/04/Almyra-Village1883.jpg","https://fly.pl/wycieczka/grecja,kreta-wschodnia,koutsounari/almyra-village/pMoyTBzkGZHUX2wY_cpW1yAAogyJy0ekd-V4-kkV1aGMiyKQcJKHB4DGt-Srl1vp4UNsYqBFZJVFgww6es1AZIkVBQQVjAAmACcj8aABUHFwBcA1gFQI8DW72XAVPIFVIAXvhSS3hhAEy79zkN3NSYCSABUd_NrY2NAU-j_SpdwJSolkMCDGMBAgt9h3TT/ofertasv/?filter[tourOperator]=VITX&filter%5Bperson%5D=2&filter%5BchildAge%5D%5B1%5D=20201210&filter%5Bchild%5D=1"
"Zante Park Resort & SPA - BW Premier Collection Grecja, Zakynthos, Laganas","10357.0","11.09.2026 - 18.09.2026","8 dni/7 nocy","","3.7","3.7","642","tripadvisor","Katowice","2026-08-23T15:37:38.333331+00:00","https://fly.pl/oferta/grecja-wczasy/?filter[dest]=14:&filter[hotelids]=&filter[cityids]=&filter[cregids]=&filter[ofrType]=&filter[addObjType]=&filter[whenFrom]=23-08-2026&filter[whenTo]=22-09-2026&filter[duration]=7:10&filter[from]=&filter[person]=2&filter[child]=1&filter[price]=4000:20000&filter[PriceFrom]=4000&filter[PriceTo]=20000&filter[addCategory]=50&filter[addCatering]=1&filter[addMisc]=0&filter[addTransport]=F&filter[fp]=1&order_by=ofr_price&filter[tourOperator]=0&filter[childAge][1]=20201210","https://fly.pl/cdn/photo/assets/uploads/582/278/2014/07/Best-Western-Zante-Park-fly-pl.jpg","https://fly.pl/wycieczka/grecja,zakynthos,laganas/best-western-zante-park/p_16pcCUlwCxSCNcqYjlIKAAogEMOAu3RETumKeW9io8n_4dqIRsVXhZ2-L-KeNlZs8EsqBFZJVFgww6es1AZI9VBQQVi4A2ACckAaABUHFwBcA1gFQI8DW7-DAWGXTEsAXqcwUrpnUwBM-pA5DeDUmAkgAF3Gl6nsqAFP3KqbxXlR79wMAgxjAQILptexNQ/ofertasv/?filter[tourOperator]=VITX&filter%5Bperson%5D=2&filter%5BchildAge%5D%5B1%5D=20201210&filter%5Bchild%5D=1"
"Porto Angeli Grecja, Rodos, Archangelos","10439.0","28.08.2026 - 04.09.2026","8 dni/7 nocy","","4.2","4.2","723","tripadvisor","Poznań","2026-08-23T15:37:38.333331+00:00","https://fly.pl/oferta/grecja-wczasy/?filter[dest]=14:&filter[hotelids]=&filter[cityids]=&filter[cregids]=&filter[ofrType]=&filter[addObjType]=&filter[whenFrom]=23-08-2026&filter[whenTo]=22-09-2026&filter[duration]=7:10&filter[from]=&filter[person]=2&filter[child]=1&filter[price]=4000:20000&filter[PriceFrom]=4000&filter[PriceTo]=20000&filter[addCategory]=50&filter[addCatering]=1&filter[addMisc]=0&filter[addTransport]=F&filter[fp]=1&order_by=ofr_price&filter[tourOperator]=0&filter[childAge][1]=20201210","https://fly.pl/cdn/photo/assets/uploads/582/278/2015/04/Porto-Angeli.jpg","https://fly.pl/wycieczka/grecja,rodos,archangelos/porto-angeli/pnkCKoqwtqkyfJeYZNq-6JAAogqYMiE_7QwKqSnzPXKUZFH6kJ14yNa632mlWpoCkdbZcqBEdSQ1Mww6es1AZIx1FQQVhoYANyQBcHFQBcA1gFVgIduwZADw8cW_-YAV6lY0t4YQBSmRJTAEyRzk0BvM0yDeOd0gggAFHjlr_t3gEBEmMBAmMBAg1dcjps/ofertasv/?filter[tourOperator]=GRCS&filter%5Bperson%5D=2&filter%5BchildAge%5D%5B1%5D=20201210&filter%5Bchild%5D=1"
"White Olive Elite Rethymno Grecja, Kreta Zachodnia, Sfakaki","10451.0","26.08.2026 - 02.09.2026","8 dni/7 nocy","","3.7","3.7","87","tripadvisor","Gdańsk","2026-08-23T15:37:38.333331+00:00","https://fly.pl/oferta/grecja-wczasy/?filter[dest]=14:&filter[hotelids]=&filter[cityids]=&filter[cregids]=&filter[ofrType]=&filter[addObjType]=&filter[whenFrom]=23-08-2026&filter[whenTo]=22-09-2026&filter[duration]=7:10&filter[from]=&filter[person]=2&filter[child]=1&filter[price]=4000:20000&filter[PriceFrom]=4000&filter[PriceTo]=20000&filter[addCategory]=50&filter[addCatering]=1&filter[addMisc]=0&filter[addTransport]=F&filter[fp]=1&order_by=ofr_price&filter[tourOperator]=0&filter[childAge][1]=20201210","https://fly.pl/cdn/photo/assets/uploads/582/278/2019/11/White-Olive-Elite-Rethymno.jpg","https://fly.pl/wycieczka/grecja,kreta-zachodnia,sfakaki/white-olive-elite-rethymno-15/pXISKtDP3BpG5PGVjHJLKFAAogAqSIuSPB69em6DH_lyKXdEyEt6YHlf3GP5IqfrdiTPMqBFJOQlcww6es1AZI01FQQVg4YAJqBEJ3Y0RqFzI5NiwzODAsNDc3LDQ4Myw0ODQsNDg1ags0MTksNDIwLDQyMnI4nwGeAZQBFQcXAFgICgRAxAcRoh8QuiYZhxJShB9TAEutJ2EAHfPeQQ_LASCxyZEJDQACDGMBAgtTz3BR/ofertasv/?filter[tourOperator]=RNBW&filter%5Bperson%5D=2&filter%5BchildAge%5D%5B1%5D=20201210&filter%5Bchild%5D=1"
"Solimar Aquamarine Grecja, Kreta Zachodnia, Pirgos Psilonerou","10457.0","09.09.2026 - 16.09.2026","8 dni/7 nocy","","4.1","4.1","756","tripadvisor","Poznań","2026-08-23T15:37:38.333331+00:00","https://fly.pl/oferta/grecja-wczasy/?filter[dest]=14:&filter[hotelids]=&filter[cityids]=&filter[cregids]=&filter[ofrType]=&filter[addObjType]=&filter[whenFrom]=23-08-2026&filter[whenTo]=22-09-2026&filter[duration]=7:10&filter[from]=&filter[person]=2&filter[child]=1&filter[price]=4000:20000&filter[PriceFrom]=4000&filter[PriceTo]=20000&filter[addCategory]=50&filter[addCatering]=1&filter[addMisc]=0&filter[addTransport]=F&filter[fp]=1&order_by=ofr_price&filter[tourOperator]=0&filter[childAge][1]=20201210","https://fly.pl/cdn/photo/assets/uploads/582/278/2014/09/solimar-aquamarine.jpg","https://fly.pl/wycieczka/grecja,kreta-zachodnia,pirgos-psilonerou/solimar-aquamarine/pJ7M3tu8Vvps7vxn3CFH5yAAogQ35HvXYM_FYpszBlvA9ALY-Hk5QtxZuDcrD-Vq4qiBgqBFZJVFgww6es1AZI2VFQQViIA2ACcj0aABUHFwBcA1gFQI8DU6B7UgBbnRxewGhLeGEATJn3OQ2B1ZgJIAFRnP-YnWVP48ErXYyeroZrAgxjAQIL62Q65A/ofertasv/?filter[tourOperator]=VITX&filter%5Bperson%5D=2&filter%5BchildAge%5D%5B1%5D=20201210&filter%5Bchild%5D=1"
"Ajul Luxury & Spa Resort (Ayios Nikolaos) Grecja, Chalkidiki, Loutra","10472.0","29.08.2026 - 05.09.2026","8 dni/7 nocy","","","","","","Katowice","2026-08-23T15:37:38.333331+00:00","https://fly.pl/oferta/grecja-wczasy/?filter[dest]=14:&filter[hotelids]=&filter[cityids]=&filter[cregids]=&filter[ofrType]=&filter[addObjType]=&filter[whenFrom]=23-08-2026&filter[whenTo]=22-09-2026&filter[duration]=7:10&filter[from]=&filter[person]=2&filter[child]=1&filter[price]=4000:20000&filter[PriceFrom]=4000&filter[PriceTo]=20000&filter[addCategory]=50&filter[addCatering]=1&filter[addMisc]=0&filter[addTransport]=F&filter[fp]=1&order_by=ofr_price&filter[tourOperator]=0&filter[childAge][1]=20201210","https://datacfstatic.merlinx.pl/GRCS/IMG/SKGAJLU/d42de61963e979c82519d3816f258763b2bf11cc2125d6f450d1e6ee9b1cbe17.webp","https://fly.pl/wycieczka/grecja,chalkidiki,loutra/ajul-luxury-spa-resort-ayios-nikolaos-11/p6_9cjrll4uYHbQujvWdMGAAog5crjQWCgFIsjZ8PrzBtVCcoVnD5_q6MD2xB6GIr7DucqBEdSQ1Mww6es1AZI6FFQQViAAWADckEXBxUAWAhWAlwCHX8PJUCkBVuEhQFLlUdhAF6nMFKFHlMATJzDTQHYqj8NycDFCCAAUeXzm8vnAQESYwECYwECC8UkmlU/ofertasv/?filter[tourOperator]=GRCS&filter%5Bperson%5D=2&filter%5BchildAge%5D%5B1%5D=20201210&filter%5Bchild%5D=1"
"Apollonia Beach (Ammoudara) Grecja, Kreta Wschodnia, Ammoudara","10564.0","04.09.2026 - 11.09.2026","8 dni/7 nocy","","4.2","4.2","1046","tripadvisor","Gdańsk","2026-08-23T15:37:38.333331+00:00","https://fly.pl/oferta/grecja-wczasy/?filter[dest]=14:&filter[hotelids]=&filter[cityids]=&filter[cregids]=&filter[ofrType]=&filter[addObjType]=&filter[whenFrom]=23-08-2026&filter[whenTo]=22-09-2026&filter[duration]=7:10&filter[from]=&filter[person]=2&filter[child]=1&filter[price]=4000:20000&filter[PriceFrom]=4000&filter[PriceTo]=20000&filter[addCategory]=50&filter[addCatering]=1&filter[addMisc]=0&filter[addTransport]=F&filter[fp]=1&order_by=ofr_price&filter[tourOperator]=0&filter[childAge][1]=20201210","https://fly.pl/cdn/photo/assets/uploads/582/278/2009/06/Apollonia-Beach-Ammoudara481.jpg","https://fly.pl/wycieczka/grecja,kreta-wschodnia,ammoudara/apollonia-beach-ammoudara/pDlAX22dqC49nm7dFCJoTPAAog3nNmNQLyXsALkBzpolDG1ocFz_uUu2kltKuyx6Ei5MAqBEpPSVAww6es1AZIxFJQQViQAmACagMwYmtyQpsBFAEVBhcAXANYBVYCQMoGT6sCXQBL5ZwBYQBSuApTABHFCV6zSUzS0DoNu_yXCSAAAY-a7PeChoyaMAINYwECDNMi2H4/ofertasv/?filter[tourOperator]=JOIP&filter%5Bperson%5D=2&filter%5BchildAge%5D%5B1%5D=20201210&filter%5Bchild%5D=1"
"Azure Resort & Spa (ex. Mediterranee) Grecja, Zakynthos, Planos","10597.0","28.08.2026 - 04.09.2026","8 dni/7 nocy","","3.1","3.1","102","tripadvisor","Poznań","2026-08-23T15:37:38.333331+00:00","https://fly.pl/oferta/grecja-wczasy/?filter[dest]=14:&filter[hotelids]=&filter[cityids]=&filter[cregids]=&filter[ofrType]=&filter[addObjType]=&filter[whenFrom]=23-08-2026&filter[whenTo]=22-09-2026&filter[duration]=7:10&filter[from]=&filter[person]=2&filter[child]=1&filter[price]=4000:20000&filter[PriceFrom]=4000&filter[PriceTo]=20000&filter[addCategory]=50&filter[addCatering]=1&filter[addMisc]=0&filter[addTransport]=F&filter[fp]=1&order_by=ofr_price&filter[tourOperator]=0&filter[childAge][1]=20201210","https://fly.pl/cdn/photo/assets/uploads/582/278/2014/09/Azure-Resort-Spa-ex.-Mediterranee-fly-pl.jpg","https://fly.pl/wycieczka/grecja,zakynthos,planos/mediterranee-planos/p3wVLYJvj5OIm2-1Lp-CCVAAogj4F_Gn5SraeRrgkObEAbxCdd6TF8xIv-xIoFvK8A620qBFZJVFgww6es1AZI5VJQQVhoYAJyPxoAFQcXAFwDWAVAjwNbv4MBXr58YXhLAFLCZlMATJ_JHA3om7UJIABdmZa1pNABT7iZnY1SUf3HBAIOYwECDbBM21A/ofertasv/?filter[tourOperator]=VITX&filter%5Bperson%5D=2&filter%5BchildAge%5D%5B1%5D=20201210&filter%5Bchild%5D=1"
"Lindos Royal (ex. COOEE) Grecja, Rodos, Lindos","10745.0","07.09.2026 - 14.09.2026","8 dni/7 nocy","","3.9","3.9","3397","tripadvisor","Poznań","2026-08-23T15:37:38.333331+00:00","https://fly.pl/oferta/grecja-wczasy/?filter[dest]=14:&filter[hotelids]=&filter[cityids]=&filter[cregids]=&filter[ofrType]=&filter[addObjType]=&filter[whenFrom]=23-08-2026&filter[whenTo]=22-09-2026&filter[duration]=7:10&filter[from]=&filter[person]=2&filter[child]=1&filter[price]=4000:20000&filter[PriceFrom]=4000&filter[PriceTo]=20000&filter[addCategory]=50&filter[addCatering]=1&filter[addMisc]=0&filter[addTransport]=F&filter[fp]=1&order_by=ofr_price&filter[tourOperator]=0&filter[childAge][1]=20201210","https://fly.pl/cdn/photo/assets/uploads/582/278/2015/08/LINDOS-ROYAL.jpg","https://fly.pl/wycieczka/grecja,rodos,lindos/lindos-royal/pf6Fzx-ZEGc4qoi8Cq-9lxAAogpo2IOoMYJ6VxDouOTXLr6gAAAAAjwAQAO8AEAAcAAAAqBFdFWlkww6es1AZI-VNQQVjYAmADagtSeWFuYWlyIFN1bnJDngEfAAIBHAAWBBcCErkFFcwFGMgBE30UkAMRtRBAi2BQ8oIBSwBMmRJPABuHsAEd8LkPIBgN8M_BCQESYwEMYwECCyzWtwQ/ofertasv/?filter[tourOperator]=WEZY&filter%5Bperson%5D=2&filter%5BchildAge%5D%5B1%5D=20201210&filter%5Bchild%5D=1"
"Thassos Grand Resort Grecja, Thassos, Alikí","10757.0","14.09.2026 - 21.09.2026","8 dni/7 nocy","","4.2","4.2","506","tripadvisor","Katowice","2026-08-23T15:37:38.333331+00:00","https://fly.pl/oferta/grecja-wczasy/?filter[dest]=14:&filter[hotelids]=&filter[cityids]=&filter[cregids]=&filter[ofrType]=&filter[addObjType]=&filter[whenFrom]=23-08-2026&filter[whenTo]=22-09-2026&filter[duration]=7:10&filter[from]=&filter[person]=2&filter[child]=1&filter[price]=4000:20000&filter[PriceFrom]=4000&filter[PriceTo]=20000&filter[addCategory]=50&filter[addCatering]=1&filter[addMisc]=0&filter[addTransport]=F&filter[fp]=1&order_by=ofr_price&filter[tourOperator]=0&filter[childAge][1]=20201210","https://fly.pl/cdn/photo/assets/uploads/582/278/2017/08/Thassos-Grand-Resort.jpg","https://fly.pl/wycieczka/grecja,thassos,aliki/thassos-grand-resort/pECiCHZG6tlrsmP1cdY9MUAAogsvjawfY-QN6ssYFc9ljru3_mx7x3J-Vwwx3hh32WTz8qBFZJVFgww6es1AZIhVRQQViABGACcj4aABUHFwBcA1gFQI8DW7-DAWGXTEsAUzJSAF71L0yz-DkN5NSYCSAAXafO_uuoAVHMifonT6zMCwIMYwECBYWEUIg/ofertasv/?filter[tourOperator]=VITX&filter%5Bperson%5D=2&filter%5BchildAge%5D%5B1%5D=20201210&filter%5Bchild%5D=1"
"Natura Park Village Grecja, Kos, Psalidi","10939.0","29.08.2026 - 05.09.2026","8 dni/7 nocy","","4.0","4.0","1117","tripadvisor","Katowice","2026-08-23T15:37:38.333331+00:00","https://fly.pl/oferta/grecja-wczasy/?filter[dest]=14:&filter[hotelids]=&filter[cityids]=&filter[cregids]=&filter[ofrType]=&filter[addObjType]=&filter[whenFrom]=23-08-2026&filter[whenTo]=22-09-2026&filter[duration]=7:10&filter[from]=&filter[person]=2&filter[child]=1&filter[price]=4000:20000&filter[PriceFrom]=4000&filter[PriceTo]=20000&filter[addCategory]=50&filter[addCatering]=1&filter[addMisc]=0&filter[addTransport]=F&filter[fp]=1&order_by=ofr_price&filter[tourOperator]=0&filter[childAge][1]=20201210","https://fly.pl/cdn/photo/assets/uploads/582/278/2017/09/Natura-Park-Village.jpg","https://fly.pl/wycieczka/grecja,kos,psalidi/natura-park-village/p1L0Pk6NuTDIQCbQY843chAAogEZbsvK5yPv6RkasFKnID4xnthoT7eQCKoJgL4yRfQS8qBFJOQlcww6es1AZIu1VQQViAAWACagRCd2NUahcyOTYsMzgwLDQ3Nyw0ODMsNDg0LDQ4NWoTNDA0LDQwNyw0MDgsNTIxLDUyOHI3nwGeAZQBFQcXAFgICgkR1ANA6wMZ81YQ01VS_xpTAEvYA2EAHczlQQ9zIKqWkQkNAAIMYwEFC6vnPNM/ofertasv/?filter[tourOperator]=RNBW&filter%5Bperson%5D=2&filter%5BchildAge%5D%5B1%5D=20201210&filter%5Bchild%5D=1"
"Ramada by Wyndham Loutraki Poseidon Resort","10953.0","15.09.2026 - 22.09.2026","8 dni/7 nocy","","3.6","3.6","315","tripadvisor","Katowice","2026-08-23T15:37:38.333331+00:00","https://fly.pl/oferta/grecja-wczasy/?filter[dest]=14:&filter[hotelids]=&filter[cityids]=&filter[cregids]=&filter[ofrType]=&filter[addObjType]=&filter[whenFrom]=23-08-2026&filter[whenTo]=22-09-2026&filter[duration]=7:10&filter[from]=&filter[person]=2&filter[child]=1&filter[price]=4000:20000&filter[PriceFrom]=4000&filter[PriceTo]=20000&filter[addCategory]=50&filter[addCatering]=1&filter[addMisc]=0&filter[addTransport]=F&filter[fp]=1&order_by=ofr_price&filter[tourOperator]=0&filter[childAge][1]=20201210","https://fly.pl/cdn/photo/assets/uploads/582/278/2010/10/Ramada-Loutraki-Poseidon-Resort.jpg","https://fly.pl/wycieczka/grecja,zatoka-koryncka,loutraki/poseidon-resort/pe9ULSJfCWpTcnajQeqVGDAAogdYaVRYi2kmU4tqh_kdG33ClaB81CgpRMfGTrkPs5gTUqBFJOQlcwxqes1AZIyVVQQViYBGACagRDQWdRahoxNiwyOTYsMzgwLDQ3Nyw0ODMsNDg0LDQ4NXI1nwGeARUHFwBYCAoWQLIHEfABEIUqGa8sUpNJUwBL5ilhAA-o4UAdRiDRm5IJDQACDWMBAgztBssd/ofertasv/?filter[tourOperator]=RNBW&filter%5Bperson%5D=2&filter%5BchildAge%5D%5B1%5D=20201210&filter%5Bchild%5D=1"
"Kiani Beach","10986.0","26.08.2026 - 02.09.2026","8 dni/7 nocy","","4.5","4.5","5294","tripadvisor","Gdańsk","2026-08-23T15:37:38.333331+00:00","https://fly.pl/oferta/grecja-wczasy/?filter[dest]=14:&filter[hotelids]=&filter[cityids]=&filter[cregids]=&filter[ofrType]=&filter[addObjType]=&filter[whenFrom]=23-08-2026&filter[whenTo]=22-09-2026&filter[duration]=7:10&filter[from]=&filter[person]=2&filter[child]=1&filter[price]=4000:20000&filter[PriceFrom]=4000&filter[PriceTo]=20000&filter[addCategory]=50&filter[addCatering]=1&filter[addMisc]=0&filter[addTransport]=F&filter[fp]=1&order_by=ofr_price&filter[tourOperator]=0&filter[childAge][1]=20201210","https://fly.pl/cdn/photo/assets/uploads/582/278/2009/01/Kiani-Beach-Resort.jpg","https://fly.pl/wycieczka/grecja,kreta-zachodnia,kiani-akti/kiani-beach/pKnxVHygpPOXJmipo_6fUlAAog9tVOM0ylnJzagAG8qX6MxkyEt6YHlf3GP5IqfrdiTPMqBFJOQlcwxqes1AZI6lVQQVg4YAJqBEJ3Y0RqFzI5NiwzODAsNDc3LDQ4Myw0ODQsNDg1ags0MTksNDIwLDQyMnI4nwGeAZQBFQcXAFgICgQRzANA-AMQ_iwZ5SpShB9TAEutJ2EAHfPeQQ_LASCxyZEJDQACDGMBAgvYXvPM/ofertasv/?filter[tourOperator]=RNBW&filter%5Bperson%5D=2&filter%5BchildAge%5D%5B1%5D=20201210&filter%5Bchild%5D=1"
"Mare blue (ex. Sunshine Crete Beach)","10975.0","31.08.2026 - 07.09.2026","9 dni/7 nocy","","3.8","3.8","107","tripadvisor","Gdańsk","2026-08-23T15:37:38.333331+00:00","https://fly.pl/oferta/grecja-wczasy/?filter[dest]=14:&filter[hotelids]=&filter[cityids]=&filter[cregids]=&filter[ofrType]=&filter[addObjType]=&filter[whenFrom]=23-08-2026&filter[whenTo]=22-09-2026&filter[duration]=7:10&filter[from]=&filter[person]=2&filter[child]=1&filter[price]=4000:20000&filter[PriceFrom]=4000&filter[PriceTo]=20000&filter[addCategory]=50&filter[addCatering]=1&filter[addMisc]=0&filter[addTransport]=F&filter[fp]=1&order_by=ofr_price&filter[tourOperator]=0&filter[childAge][1]=20201210","https://fly.pl/cdn/photo/assets/uploads/582/278/2015/01/MARE-BLUE-EX-SUNSHINE-CRETE-BEACH.jpg","https://fly.pl/wycieczka/grecja,kreta-wschodnia,koutsounari/club-calimera-sunshine/XTOPfba87bX_wYAAHNOYVBwWQGxAQBl50yoCpABCgYI6d8OEAESBgjp8BEQARp-TVBVVzJHRjIzTjFWNkpNVzVLSUdTOUdCMVBESFJTTEM5QUVXS1ZPNk5ESDZQTjRGN040ODRJS0VYT0xRRlVFUlkyQzBPSjBQRVhPREU1T0w4N1VKQk5IV0JGTkVRRkM2REhUQTRVWDFOSVdCTVpHNDZJTkJEV1pCMU1DOFNaCn8KBgjitAgQAhIGCPDDKxABGm1PNTQ1NDRkNTMyZjQxNGQ1NDUzNDc1MjMyMzU0ZjM4MmY1MjRkNTM1MDMwMzA0ZDU2MzAzMDJmNDE0OTJmMzcyZjMyMzAzMjM2MzAzODMzMzEyZjMwMzEzMjMzMzQzNTM2MzczODM5MzAzMTMyCiMKBgj8oQMQARIGCPb9AxABGhFEU1JULTk3LVRSQU5TRkVSNQofCgUIzDoQARIFCPNGEAEaD0RTUk0tOTctMnIyMjY3MgogCgUIwD4QARIFCNBLEAEaEERTUk0tOTctNTByMjI2NzMKIQoFCPAuEAESBQiYORABGhFEU1JVLTk3LVViZXpiYXNpYxhhKDIyBgiq_kIQATgD/ofertasv/?filter[tourOperator]=XTOP&filter%5Bperson%5D=2&filter%5BchildAge%5D%5B1%5D=20201210&filter%5Bchild%5D=1"
"Serita Beach","11081.0","30.08.2026 - 07.09.2026","9 dni/7 nocy","","4.4","4.4","150","tripadvisor","Gdańsk","2026-08-23T15:37:38.333331+00:00","https://fly.pl/oferta/grecja-wczasy/?filter[dest]=14:&filter[hotelids]=&filter[cityids]=&filter[cregids]=&filter[ofrType]=&filter[addObjType]=&filter[whenFrom]=23-08-2026&filter[whenTo]=22-09-2026&filter[duration]=7:10&filter[from]=&filter[person]=2&filter[child]=1&filter[price]=4000:20000&filter[PriceFrom]=4000&filter[PriceTo]=20000&filter[addCategory]=50&filter[addCatering]=1&filter[addMisc]=0&filter[addTransport]=F&filter[fp]=1&order_by=ofr_price&filter[tourOperator]=0&filter[childAge][1]=20201210","https://fly.pl/cdn/photo/assets/uploads/582/278/2015/04/Serita-Beach.jpg","https://fly.pl/wycieczka/grecja,kreta-wschodnia,anissaras/mitsis-serita-beach/pNF6enul0yKet2G_KwOV5SAAogkskAiGRs3R0LpUquzsodQI5X02g2I2BidCAizclIS0UqBFJOQlcwxqes1AZIyVZQQViYAWACagRCd2NEahcyOTYsMzgwLDQ3Nyw0ODMsNDg0LDQ4NXI1nwGeARUHFwFYBwoEQMQHEfE3Ge8fYbRGSwBSuApTABDVBA_J70EdMSDsqpEJDQACDGMBAgvuStVH/ofertasv/?filter[tourOperator]=RNBW&filter%5Bperson%5D=2&filter%5BchildAge%5D%5B1%5D=20201210&filter%5Bchild%5D=1"
"Akti Coast Club","11225.0","29.08.2026 - 05.09.2026","8 dni/7 nocy","","4.6","4.6","450","tripadvisor","Wrocław","2026-08-23T15:37:38.333331+00:00","https://fly.pl/oferta/grecja-wczasy/?filter[dest]=14:&filter[hotelids]=&filter[cityids]=&filter[cregids]=&filter[ofrType]=&filter[addObjType]=&filter[whenFrom]=23-08-2026&filter[whenTo]=22-09-2026&filter[duration]=7:10&filter[from]=&filter[person]=2&filter[child]=1&filter[price]=4000:20000&filter[PriceFrom]=4000&filter[PriceTo]=20000&filter[addCategory]=50&filter[addCatering]=1&filter[addMisc]=0&filter[addTransport]=F&filter[fp]=1&order_by=ofr_price&filter[tourOperator]=0&filter[childAge][1]=20201210","https://fly.pl/cdn/photo/assets/uploads/582/278/2024/07/egeo-easy-living-resort-ex-atlantica-holiday-village-kos.jpg","https://fly.pl/wycieczka/grecja,kos,marmari/atlantica-holiday-village-kos-15/pR34xlqtzLQSH4sK8xIAs3AAogOcOjHfpuG4NHb_GBFUB0WrIPi1zxhgx2LJy-gRnhplIqBFJOQlcwxqes1AZI2VdQQViAAWACagRCd2NEahcyOTYsMzgwLDQ3Nyw0ODMsNDg0LDQ4NXI1nwGeARUHFwBYCAoEQMQHEe4xGYUlEMo2Uog6UwBLyHxhAB2m9kAPOSCajZEJDQACDGMBAgvJ8DYF/ofertasv/?filter[tourOperator]=RNBW&filter%5Bperson%5D=2&filter%5BchildAge%5D%5B1%5D=20201210&filter%5Bchild%5D=1"
"Bella Beach","11309.0","26.08.2026 - 02.09.2026","8 dni/7 nocy","","4.2","4.2","1938","tripadvisor","Łódź","2026-08-23T15:37:38.333331+00:00","https://fly.pl/oferta/grecja-wczasy/?filter[dest]=14:&filter[hotelids]=&filter[cityids]=&filter[cregids]=&filter[ofrType]=&filter[addObjType]=&filter[whenFrom]=23-08-2026&filter[whenTo]=22-09-2026&filter[duration]=7:10&filter[from]=&filter[person]=2&filter[child]=1&filter[price]=4000:20000&filter[PriceFrom]=4000&filter[PriceTo]=20000&filter[addCategory]=50&filter[addCatering]=1&filter[addMisc]=0&filter[addTransport]=F&filter[fp]=1&order_by=ofr_price&filter[tourOperator]=0&filter[childAge][1]=20201210","https://fly.pl/cdn/photo/assets/uploads/582/278/2014/07/Bella-Beach.jpg","https://fly.pl/wycieczka/grecja,kreta-wschodnia,anissaras/bella-beach/ptbxSXheDzmPpzYWbOlFt7AAogSBYc1Lh6hgzTJXMaJV6iTeIgw8d78rh2AEsd2FUGKuUqBFJOQlcwxqes1AZIrVhQQVg4YAJqBEJ3Y0xqFzI5NiwzODAsNDc3LDQ4Myw0ODQsNDg1cjafAZ4BFQcXAFgICgZAwgcR2TgZhx9S7FBTABDACEuwH2EAHbG1QQ-5BCDdvZEJDQACDGMBAgUQwDuK/ofertasv/?filter[tourOperator]=RNBW&filter%5Bperson%5D=2&filter%5BchildAge%5D%5B1%5D=20201210&filter%5Bchild%5D=1"
"White Olive Elite","11348.0","04.09.2026 - 11.09.2026","8 dni/7 nocy","","4.1","4.1","293","tripadvisor","Katowice","2026-08-23T15:37:38.333331+00:00","https://fly.pl/oferta/grecja-wczasy/?filter[dest]=14:&filter[hotelids]=&filter[cityids]=&filter[cregids]=&filter[ofrType]=&filter[addObjType]=&filter[whenFrom]=23-08-2026&filter[whenTo]=22-09-2026&filter[duration]=7:10&filter[from]=&filter[person]=2&filter[child]=1&filter[price]=4000:20000&filter[PriceFrom]=4000&filter[PriceTo]=20000&filter[addCategory]=50&filter[addCatering]=1&filter[addMisc]=0&filter[addTransport]=F&filter[fp]=1&order_by=ofr_price&filter[tourOperator]=0&filter[childAge][1]=20201210","https://fly.pl/cdn/photo/assets/uploads/582/278/2018/09/White-Olive-Elite-fly-pl-1.jpg","https://fly.pl/wycieczka/grecja,zakynthos,laganas/white-olive-elite/pZ002cidKqr3gzKqzs1kjRAAogiqZkOMoysG5GQs9F490zY2UKW7YupfGPEn-rOFQWsEMqBFJOQlcwxqes1AZI1FhQQViQAmACagRCd2NEahcyOTYsMzgwLDQ3Nyw0ODMsNDg0LDQ4NWoTNDA0LDQwNyw0MDgsNTIxLDUyOHI5nwGeAZQBFQcXAFgICgRAxAcRtxoQ8RsZxSFhsHNLAFLhlwFTAB3R5D8P_QEghf-RCQ0AAgxjAQILJ6eKHQ/ofertasv/?filter[tourOperator]=RNBW&filter%5Bperson%5D=2&filter%5BchildAge%5D%5B1%5D=20201210&filter%5Bchild%5D=1"
"Sandy Beach Resort","11400.0","02.09.2026 - 09.09.2026","8 dni/7 nocy","","3.9","3.9","7838","tripadvisor","Wrocław","2026-08-23T15:37:38.333331+00:00","https://fly.pl/oferta/grecja-wczasy/?filter[dest]=14:&filter[hotelids]=&filter[cityids]=&filter[cregids]=&filter[ofrType]=&filter[addObjType]=&filter[whenFrom]=23-08-2026&filter[whenTo]=22-09-2026&filter[duration]=7:10&filter[from]=&filter[person]=2&filter[child]=1&filter[price]=4000:20000&filter[PriceFrom]=4000&filter[PriceTo]=20000&filter[addCategory]=50&filter[addCatering]=1&filter[addMisc]=0&filter[addTransport]=F&filter[fp]=1&order_by=ofr_price&filter[tourOperator]=0&filter[childAge][1]=20201210","https://fly.pl/cdn/photo/assets/uploads/582/278/2014/06/LABRANDA-Sandy-Beach-Resort.jpg","https://fly.pl/wycieczka/grecja,korfu,agios-georgios/aquis-sandy-beach-resort-agios-georgios/pbaGuaWfQ3OSdvDastnPs_AAogg6Ravj149SLtp0JXc7UamRphGtbknpn1pPGWTcURl-kqBFJOQlcwxqes1AZIiFlQQVjgAWACagRCd2NEahcyOTYsMzgwLDQ3Nyw0ODMsNDg0LDQ4NXI3nwGeARUHFwBYCAoEQMQHEccVENAWGcMrUskeUwBL6s0BYQAdjLNAD-cBIM_PkQkNAAIMYwECC1goPkE/ofertasv/?filter[tourOperator]=RNBW&filter%5Bperson%5D=2&filter%5BchildAge%5D%5B1%5D=20201210&filter%5Bchild%5D=1"
"Grand Blue Beach","11448.0","15.09.2026 - 22.09.2026","8 dni/7 nocy","","4.4","4.4","1155","tripadvisor","Katowice","2026-08-23T15:37:38.333331+00:00","https://fly.pl/oferta/grecja-wczasy/?filter[dest]=14:&filter[hotelids]=&filter[cityids]=&filter[cregids]=&filter[ofrType]=&filter[addObjType]=&filter[whenFrom]=23-08-2026&filter[whenTo]=22-09-2026&filter[duration]=7:10&filter[from]=&filter[person]=2&filter[child]=1&filter[price]=4000:20000&filter[PriceFrom]=4000&filter[PriceTo]=20000&filter[addCategory]=50&filter[addCatering]=1&filter[addMisc]=0&filter[addTransport]=F&filter[fp]=1&order_by=ofr_price&filter[tourOperator]=0&filter[childAge][1]=20201210","https://fly.pl/cdn/photo/assets/uploads/582/278/2016/03/Gran-Blue-Beach.jpg","https://fly.pl/wycieczka/grecja,kos,kardamena/grand-blue-beach/pxExcaBbzY4lHHY4qc5K6dAAogj6lIKWoepDATXabCSdTqiB7FjvLb9OKnZSLKHILQtroqBFJOQlcwxqes1AZIuFlQQViYBGACagRCd2NUahoxNiwyOTYsMzgwLDQ3Nyw0ODMsNDg0LDQ4NXI1nwGeARUHFwBYCAoJQL8HEdgqGZssEPFoUuEHUwBL2ANhAA_R5UAdJSDJl5IJDQACDGMBBQtSq0iO/ofertasv/?filter[tourOperator]=RNBW&filter%5Bperson%5D=2&filter%5BchildAge%5D%5B1%5D=20201210&filter%5Bchild%5D=1"
"Mitsis Summer Palace","11556.0","25.08.2026 - 01.09.2026","8 dni/7 nocy","","4.2","4.2","3104","tripadvisor","Katowice","2026-08-23T15:37:38.333331+00:00","https://fly.pl/oferta/grecja-wczasy/?filter[dest]=14:&filter[hotelids]=&filter[cityids]=&filter[cregids]=&filter[ofrType]=&filter[addObjType]=&filter[whenFrom]=23-08-2026&filter[whenTo]=22-09-2026&filter[duration]=7:10&filter[from]=&filter[person]=2&filter[child]=1&filter[price]=4000:20000&filter[PriceFrom]=4000&filter[PriceTo]=20000&filter[addCategory]=50&filter[addCatering]=1&filter[addMisc]=0&filter[addTransport]=F&filter[fp]=1&order_by=ofr_price&filter[tourOperator]=0&filter[childAge][1]=20201210","https://fly.pl/cdn/photo/assets/uploads/582/278/2015/04/Mitsis-Summer-Palace.jpg","https://fly.pl/wycieczka/grecja,kos,kardamena/mitsis-summer-palace/peNsMATIeRu1Dlva8a_b2KAAogp-qSnoiZK9AUYtC5E2GKbxQ4oxiLLELQN6EajpVZjTcqBEdSQ1Mwxqes1AZIpFpQQVggYANyQhcHFQBYCFYCXAId4QIPIEDHA1uXgAFSqkhTAEvYA2EAXqcwTKLhTQGUsjYNiLnOCCAAUZX9kfKlAQESYwECYwEDC-nBKmA/ofertasv/?filter[tourOperator]=GRCS&filter%5Bperson%5D=2&filter%5BchildAge%5D%5B1%5D=20201210&filter%5Bchild%5D=1"
"CHC Athina Palace Resort & Spa (Agia Pelagia)","11558.0","07.09.2026 - 14.09.2026","9 dni/7 nocy","","4.2","4.2","3006","tripadvisor","Gdańsk","2026-08-23T15:37:38.333331+00:00","https://fly.pl/oferta/grecja-wczasy/?filter[dest]=14:&filter[hotelids]=&filter[cityids]=&filter[cregids]=&filter[ofrType]=&filter[addObjType]=&filter[whenFrom]=23-08-2026&filter[whenTo]=22-09-2026&filter[duration]=7:10&filter[from]=&filter[person]=2&filter[child]=1&filter[price]=4000:20000&filter[PriceFrom]=4000&filter[PriceTo]=20000&filter[addCategory]=50&filter[addCatering]=1&filter[addMisc]=0&filter[addTransport]=F&filter[fp]=1&order_by=ofr_price&filter[tourOperator]=0&filter[childAge][1]=20201210","https://fly.pl/cdn/photo/assets/uploads/582/278/2014/09/Athina-Palace-Resort-and-Spa.jpg","https://fly.pl/wycieczka/grecja,kreta-wschodnia,agia-pelagia/athina-palace/pu9OT1iFFpmaA9A0Eess7pAAogTI6em1wtv1eAmNT9wBGbONd77-VybPj7HTHE-a8apggqBE9BU0kwxqes1AZIplpQAVjYAmACagNBSWxyIBwRtm-rBNX8DbkEGxuI7Q0YtNQQAYSNpIECAgBjAQILGoNPBg/ofertasv/?filter[tourOperator]=OASI&filter%5Bperson%5D=2&filter%5BchildAge%5D%5B1%5D=20201210&filter%5Bchild%5D=1"
"Minos Imperial","11592.0","25.08.2026 - 01.09.2026","8 dni/7 nocy","","3.9","3.9","958","tripadvisor","Katowice","2026-08-23T15:37:38.333331+00:00","https://fly.pl/oferta/grecja-wczasy/?filter[dest]=14:&filter[hotelids]=&filter[cityids]=&filter[cregids]=&filter[ofrType]=&filter[addObjType]=&filter[whenFrom]=23-08-2026&filter[whenTo]=22-09-2026&filter[duration]=7:10&filter[from]=&filter[person]=2&filter[child]=1&filter[price]=4000:20000&filter[PriceFrom]=4000&filter[PriceTo]=20000&filter[addCategory]=50&filter[addCatering]=1&filter[addMisc]=0&filter[addTransport]=F&filter[fp]=1&order_by=ofr_price&filter[tourOperator]=0&filter[childAge][1]=20201210","https://fly.pl/cdn/photo/assets/uploads/582/278/2015/04/MINOS-IMPERIAL-LUXURY-BEACH-RESORT.jpg","https://fly.pl/wycieczka/grecja,kreta-wschodnia,milatos/minos-imperial/pUpK9aefSTnYL7IiOhEgdtAAogPe5rSMXBky4laHS43w5E_S0JmRsRCUwDVOCHaDsnqEwqBE9SRVgwxqes1AZIyFpQQVggYAJqB0JZOC4yLjFqAzAzWWoDMDRZcjWbAZ0BjwEXBxUAWAhWAlwIQMIGEdUmU_OCAVIAS9EiYQBepzBM0tA6IOz7lwkNAAISYwECCwNncsE/ofertasv/?filter[tourOperator]=OREX&filter%5Bperson%5D=2&filter%5BchildAge%5D%5B1%5D=20201210&filter%5Bchild%5D=1"
"Santa Marina Pearl","11657.0","13.09.2026 - 21.09.2026","9 dni/7 nocy","","4.1","4.1","1109","tripadvisor","Katowice","2026-08-23T15:37:38.333331+00:00","https://fly.pl/oferta/grecja-wczasy/?filter[dest]=14:&filter[hotelids]=&filter[cityids]=&filter[cregids]=&filter[ofrType]=&filter[addObjType]=&filter[whenFrom]=23-08-2026&filter[whenTo]=22-09-2026&filter[duration]=7:10&filter[from]=&filter[person]=2&filter[child]=1&filter[price]=4000:20000&filter[PriceFrom]=4000&filter[PriceTo]=20000&filter[addCategory]=50&filter[addCatering]=1&filter[addMisc]=0&filter[addTransport]=F&filter[fp]=1&order_by=ofr_price&filter[tourOperator]=0&filter[childAge][1]=20201210","https://fly.pl/cdn/photo/assets/uploads/582/278/2024/07/santa-marina-pearl.jpg","https://fly.pl/wycieczka/grecja,kreta,agia-marina/santa-marina-pearl-14/pBJ4sqzWSpHLidZlgOFT4yAAogF3DvA_Ims6zcgRP9J5MHx0AntBHaj_M126pdDTqQ-qcqBFZJVFgwxqes1AZIiVtQQVjoA2ACcj4aABUHFwBcA1gFQI8DU6B7UgBb7w1hx0ZLAF6nMEyT-DkNg9WYCSABT6DUtp1lUauhFV2965rOQwIMYwECC_HLOfQ/ofertasv/?filter[tourOperator]=VITX&filter%5Bperson%5D=2&filter%5BchildAge%5D%5B1%5D=20201210&filter%5Bchild%5D=1"
"Costa Lindia Beach","11885.0","28.08.2026 - 04.09.2026","8 dni/7 nocy","","3.9","3.9","1555","tripadvisor","Poznań","2026-08-23T15:37:38.333331+00:00","https://fly.pl/oferta/grecja-wczasy/?filter[dest]=14:&filter[hotelids]=&filter[cityids]=&filter[cregids]=&filter[ofrType]=&filter[addObjType]=&filter[whenFrom]=23-08-2026&filter[whenTo]=22-09-2026&filter[duration]=7:10&filter[from]=&filter[person]=2&filter[child]=1&filter[price]=4000:20000&filter[PriceFrom]=4000&filter[PriceTo]=20000&filter[addCategory]=50&filter[addCatering]=1&filter[addMisc]=0&filter[addTransport]=F&filter[fp]=1&order_by=ofr_price&filter[tourOperator]=0&filter[childAge][1]=20201210","https://fly.pl/cdn/photo/assets/uploads/582/278/2015/04/Costa-Lindia.jpg","https://fly.pl/wycieczka/grecja,rodos,lardos/costa-lindia-beach/pvpK4nZ6zXVDdiCBQw4R9cAAogzHSdJLRbP4uT6sRUwOrFRWuKgKnhxfP5ZKcbGNGgCXUqBFJOQlcwxqes1AZI7VxQQVhoYAJqBEJ3Y0RqFzI5NiwzODAsNDc3LDQ4Myw0ODQsNDg1ag80MDUsNDA5LDUwNiw1MjlyOZ8BngGUARUHFwBYCAoEQMQHEf0ZEIIcGdYhYeekAUsAUpkSUwAPvbJAHZ0DINaDkgkNAAIMYwECC2W1dwc/ofertasv/?filter[tourOperator]=RNBW&filter%5Bperson%5D=2&filter%5BchildAge%5D%5B1%5D=20201210&filter%5Bchild%5D=1"
"Elios Hill","12057.0","26.08.2026 - 02.09.2026","8 dni/7 nocy","","4.8","4.8","963","tripadvisor","Bydgoszcz","2026-08-23T15:37:38.333331+00:00","https://fly.pl/oferta/grecja-wczasy/?filter[dest]=14:&filter[hotelids]=&filter[cityids]=&filter[cregids]=&filter[ofrType]=&filter[addObjType]=&filter[whenFrom]=23-08-2026&filter[whenTo]=22-09-2026&filter[duration]=7:10&filter[from]=&filter[person]=2&filter[child]=1&filter[price]=4000:20000&filter[PriceFrom]=4000&filter[PriceTo]=20000&filter[addCategory]=50&filter[addCatering]=1&filter[addMisc]=0&filter[addTransport]=F&filter[fp]=1&order_by=ofr_price&filter[tourOperator]=0&filter[childAge][1]=20201210","https://datacfstatic.merlinx.pl/ITAK/IMG/HERELII/11d97a26cb071a16efdd01b37549bd63bf490bae0d0435a468d3fa3ecf2ce2a8.webp","https://fly.pl/wycieczka/grecja,kreta-wschodnia,hersonissos/elios-hill-15/pMOdEWL30MzmxRfvKe64sLAAogvGQ-kjHJOjOJIaXBWbg999-PPDygKzmlq4NG6726kcgqBFZJVFgwxqes1AZImV5QQVg4YAJyPhoAFQcXAFwDWAVAjwNhjnZLAFuJD1PuJ1IAXvhSTLX4OQ2K1JgJIAFdk9KtjmFPxPSD_ytRuLgHAgxjAQILpsra5w/ofertasv/?filter[tourOperator]=VITX&filter%5Bperson%5D=2&filter%5BchildAge%5D%5B1%5D=20201210&filter%5Bchild%5D=1"
"Giannoulis Cavo Spada Luxury Sports & Leisure Resort","12057.0","30.08.2026 - 07.09.2026","9 dni/7 nocy","","4.4","4.4","1208","tripadvisor","Katowice","2026-08-23T15:37:38.333331+00:00","https://fly.pl/oferta/grecja-wczasy/?filter[dest]=14:&filter[hotelids]=&filter[cityids]=&filter[cregids]=&filter[ofrType]=&filter[addObjType]=&filter[whenFrom]=23-08-2026&filter[whenTo]=22-09-2026&filter[duration]=7:10&filter[from]=&filter[person]=2&filter[child]=1&filter[price]=4000:20000&filter[PriceFrom]=4000&filter[PriceTo]=20000&filter[addCategory]=50&filter[addCatering]=1&filter[addMisc]=0&filter[addTransport]=F&filter[fp]=1&order_by=ofr_price&filter[tourOperator]=0&filter[childAge][1]=20201210","https://fly.pl/cdn/photo/assets/uploads/582/278/2014/07/Giannoulis-Cavo-Spada-Luxury-Sports.jpg","https://fly.pl/wycieczka/grecja,kreta-zachodnia,rapaniana/cavo-spada-luxury-resort/phGYqnV-OdXE6XzB-G8IPoAAogxPhVjvIqquv49aKqhNjNr0EjpKflVrhn24li5RijR0QqBFZJVFgwxqes1AZImV5QQViYAWACcj4aABUHFwBcA1gFQI8DU6B7UgBbnRxhmThLAF6nMEy0-DkNj9SYCSABUbWwnp1lT76kGF3ojLDOQwIMYwECC-xCu2o/ofertasv/?filter[tourOperator]=VITX&filter%5Bperson%5D=2&filter%5BchildAge%5D%5B1%5D=20201210&filter%5Bchild%5D=1"
"Kipriotis Panorama & Suites","12074.0","05.09.2026 - 12.09.2026","8 dni/7 nocy","","4.0","4.0","3042","tripadvisor","Warszawa","2026-08-23T15:37:38.333331+00:00","https://fly.pl/oferta/grecja-wczasy/?filter[dest]=14:&filter[hotelids]=&filter[cityids]=&filter[cregids]=&filter[ofrType]=&filter[addObjType]=&filter[whenFrom]=23-08-2026&filter[whenTo]=22-09-2026&filter[duration]=7:10&filter[from]=&filter[person]=2&filter[child]=1&filter[price]=4000:20000&filter[PriceFrom]=4000&filter[PriceTo]=20000&filter[addCategory]=50&filter[addCatering]=1&filter[addMisc]=0&filter[addTransport]=F&filter[fp]=1&order_by=ofr_price&filter[tourOperator]=0&filter[childAge][1]=20201210","https://fly.pl/cdn/photo/assets/uploads/582/278/2016/11/Kipriotis-Panorama-Suites-fly-pl.jpg","https://fly.pl/wycieczka/grecja,kos,psalidi/kipriotis-panorama-suites/pvLmpKZVEFFHVcXvcQvupoAAogL9xAPewexItH6Tr1K3QU3H-I2Blq8_9WqrmcXhgDhegqBFJOQlcwxqes1AZIql5QQVioAmACagRCd2NEahcyOTYsMzgwLDQ3Nyw0ODMsNDg0LDQ4NXI2nwGeARUHFwBYCAoEQMQHEYAaEMkjGaoZUtJwUwBL7HdhAB2-7UAP2QIgipmRCQ0AAgxjAQILC6CrlA/ofertasv/?filter[tourOperator]=RNBW&filter%5Bperson%5D=2&filter%5BchildAge%5D%5B1%5D=20201210&filter%5Bchild%5D=1"
"Cabana Blu Hotel & Suites","12101.0","29.08.2026 - 05.09.2026","8 dni/7 nocy","","4.7","4.7","224","tripadvisor","Katowice","2026-08-23T15:37:38.333331+00:00","https://fly.pl/oferta/grecja-wczasy/?filter[dest]=14:&filter[hotelids]=&filter[cityids]=&filter[cregids]=&filter[ofrType]=&filter[addObjType]=&filter[whenFrom]=23-08-2026&filter[whenTo]=22-09-2026&filter[duration]=7:10&filter[from]=&filter[person]=2&filter[child]=1&filter[price]=4000:20000&filter[PriceFrom]=4000&filter[PriceTo]=20000&filter[addCategory]=50&filter[addCatering]=1&filter[addMisc]=0&filter[addTransport]=F&filter[fp]=1&order_by=ofr_price&filter[tourOperator]=0&filter[childAge][1]=20201210","https://fly.pl/cdn/photo/assets/uploads/582/278/2024/07/cabana-beach.jpg","https://fly.pl/wycieczka/grecja,kos,kardamena/cabana-beach-11/prGCS1FbeTSmJi3tg8NegxAAogoL-zIHC0hUYmU4lMOo4q0RnthoT7eQCKoJgL4yRfQS8qBFJOQlcwxqes1AZIxV5QQViAAWACagRCd2NEahcyOTYsMzgwLDQ3Nyw0ODMsNDg0LDQ4NWoTNDA0LDQwNyw0MDgsNTIxLDUyOHI3nwGeAZQBFQcXAFgICgRAxAcRuCcZuy8QsglSoGdTAEvYA2EAHczlQQ9zIKqWkQkNAAIMYwECC1JOmug/ofertasv/?filter[tourOperator]=RNBW&filter%5Bperson%5D=2&filter%5BchildAge%5D%5B1%5D=20201210&filter%5Bchild%5D=1"
"Rethymno Mare Royal & Water Park (ex. Bomo)","12122.0","06.09.2026 - 13.09.2026","8 dni/7 nocy","","4.1","4.1","426","tripadvisor","Katowice","2026-08-23T15:37:38.333331+00:00","https://fly.pl/oferta/grecja-wczasy/?filter[dest]=14:&filter[hotelids]=&filter[cityids]=&filter[cregids]=&filter[ofrType]=&filter[addObjType]=&filter[whenFrom]=23-08-2026&filter[whenTo]=22-09-2026&filter[duration]=7:10&filter[from]=&filter[person]=2&filter[child]=1&filter[price]=4000:20000&filter[PriceFrom]=4000&filter[PriceTo]=20000&filter[addCategory]=50&filter[addCatering]=1&filter[addMisc]=0&filter[addTransport]=F&filter[fp]=1&order_by=ofr_price&filter[tourOperator]=0&filter[childAge][1]=20201210","https://fly.pl/cdn/photo/assets/uploads/582/278/2015/04/Rethymno-Mare-Royal-fly-pl.jpg","https://fly.pl/wycieczka/grecja,kreta-zachodnia,scaleta/rethymno-mare-royal/pLoLevqiNIAvS0yIFcvnP4AAogZBNp5he7eKfsU5OpmIGEMHo8fvSwVwrZ7h0sR8awoLUqBFJOQlcwxqes1AZI2l5QQVjAAmACagRCd2NEahcyOTYsMzgwLDQ3Nyw0ODMsNDg0LDQ4NXI1nwGeARUHFwBYCAoEQMQHEcMbGaA8UoQfUwAQsxVLgz9hAA_9v0EdJSCUvZEJDQACDGMBAgv1p2X7/ofertasv/?filter[tourOperator]=RNBW&filter%5Bperson%5D=2&filter%5BchildAge%5D%5B1%5D=20201210&filter%5Bchild%5D=1"
"Mitsis Rodos Maris","12291.0","28.08.2026 - 04.09.2026","8 dni/7 nocy","","4.4","4.4","5725","tripadvisor","Gdańsk","2026-08-23T15:37:38.333331+00:00","https://fly.pl/oferta/grecja-wczasy/?filter[dest]=14:&filter[hotelids]=&filter[cityids]=&filter[cregids]=&filter[ofrType]=&filter[addObjType]=&filter[whenFrom]=23-08-2026&filter[whenTo]=22-09-2026&filter[duration]=7:10&filter[from]=&filter[person]=2&filter[child]=1&filter[price]=4000:20000&filter[PriceFrom]=4000&filter[PriceTo]=20000&filter[addCategory]=50&filter[addCatering]=1&filter[addMisc]=0&filter[addTransport]=F&filter[fp]=1&order_by=ofr_price&filter[tourOperator]=0&filter[childAge][1]=20201210","https://fly.pl/cdn/photo/assets/uploads/582/278/2014/06/Hotel-Mitsis-Rodos-Maris.jpg","https://fly.pl/wycieczka/grecja,rodos,kiotari/mitsis-rodos-maris/p-bX-fXf60eiNip47wa-vjAAognf1CH7jGyPrjLz8qdVR29DC8IrOZSoveSh3g-wzMrVYqBEdSQ1Mwxqes1AZIg2BQQVhoYANyQRUGFwFYCFYCXAIdiwMPKUCUA1vzbEudMmEAXrBdUpETUwBMkM5NAdfHMQ3Jo9MIIAFRhfPE7d4BARJjAQJjAQMLOQPZAQ/ofertasv/?filter[tourOperator]=GRCS&filter%5Bperson%5D=2&filter%5BchildAge%5D%5B1%5D=20201210&filter%5Bchild%5D=1"
"Sandy Villas Resort (ex. Kairaba Sandy Villas)","12405.0","12.09.2026 - 19.09.2026","8 dni/7 nocy","","4.5","4.5","1200","tripadvisor","Wrocław","2026-08-23T15:37:38.333331+00:00","https://fly.pl/oferta/grecja-wczasy/?filter[dest]=14:&filter[hotelids]=&filter[cityids]=&filter[cregids]=&filter[ofrType]=&filter[addObjType]=&filter[whenFrom]=23-08-2026&filter[whenTo]=22-09-2026&filter[duration]=7:10&filter[from]=&filter[person]=2&filter[child]=1&filter[price]=4000:20000&filter[PriceFrom]=4000&filter[PriceTo]=20000&filter[addCategory]=50&filter[addCatering]=1&filter[addMisc]=0&filter[addTransport]=F&filter[fp]=1&order_by=ofr_price&filter[tourOperator]=0&filter[childAge][1]=20201210","https://fly.pl/cdn/photo/assets/uploads/582/278/2019/09/Sandy-Villas.jpg","https://fly.pl/wycieczka/grecja,korfu,agios-georgios/kairaba-sandy-villas-9/p0Dn7grh0-mSPBhwisjEBuAAogzB50ZhCCfYR_IIs9mk65Hhe5PCp0bS-cNSL1ow90rjAqBFJOQlcwxqes1AZI9WBQQVjQA2ACagRCd2NEahoxNiwyOTYsMzgwLDQ3Nyw0ODMsNDg0LDQ4NXI2nwGeARUHFwBYCAoEQMQHEc8dELIgGdkZUskeUwBL6s0BYQAdzuRADzMgy5-RCQ0AAgxjAQIL0E1tvA/ofertasv/?filter[tourOperator]=RNBW&filter%5Bperson%5D=2&filter%5BchildAge%5D%5B1%5D=20201210&filter%5Bchild%5D=1"
"Mitsis Royal Mare","12441.0","26.08.2026 - 02.09.2026","8 dni/7 nocy","","4.6","4.6","5291","tripadvisor","Bydgoszcz","2026-08-23T15:37:38.333331+00:00","https://fly.pl/oferta/grecja-wczasy/?filter[dest]=14:&filter[hotelids]=&filter[cityids]=&filter[cregids]=&filter[ofrType]=&filter[addObjType]=&filter[whenFrom]=23-08-2026&filter[whenTo]=22-09-2026&filter[duration]=7:10&filter[from]=&filter[person]=2&filter[child]=1&filter[price]=4000:20000&filter[PriceFrom]=4000&filter[PriceTo]=20000&filter[addCategory]=50&filter[addCatering]=1&filter[addMisc]=0&filter[addTransport]=F&filter[fp]=1&order_by=ofr_price&filter[tourOperator]=0&filter[childAge][1]=20201210","https://fly.pl/cdn/photo/assets/uploads/582/278/2015/03/Hotel-Mitsis-Royal-Mare-1.jpg","https://fly.pl/wycieczka/grecja,kreta-wschodnia,anissaras/aldemar-royal-mare/pHYcaoI8SwurHmoss6VruxAAog1HBQ4nK0pw4lp7v51rFQQw-j2L1U2Ma19DKGpUP-MFwqBEdSQ1Mwxqes1AZImWFQQVg4YANyQRUGFwFYCFYCXAIdsQIPE0CEBFukcUutAWEAUvc2UwBe-FJMouFNAZLBPw2LqsUIIAFRt6TejY0BARJjAQJjAQILDlTkcA/ofertasv/?filter[tourOperator]=GRCS&filter%5Bperson%5D=2&filter%5BchildAge%5D%5B1%5D=20201210&filter%5Bchild%5D=1"
"Porto Platanias Village","12537.0","31.08.2026 - 07.09.2026","8 dni/7 nocy","","3.8","3.8","392","tripadvisor","Warszawa - Modlin","2026-08-23T15:37:38.333331+00:00","https://fly.pl/oferta/grecja-wczasy/?filter[dest]=14:&filter[hotelids]=&filter[cityids]=&filter[cregids]=&filter[ofrType]=&filter[addObjType]=&filter[whenFrom]=23-08-2026&filter[whenTo]=22-09-2026&filter[duration]=7:10&filter[from]=&filter[person]=2&filter[child]=1&filter[price]=4000:20000&filter[PriceFrom]=4000&filter[PriceTo]=20000&filter[addCategory]=50&filter[addCatering]=1&filter[addMisc]=0&filter[addTransport]=F&filter[fp]=1&order_by=ofr_price&filter[tourOperator]=0&filter[childAge][1]=20201210","https://fly.pl/cdn/photo/assets/uploads/582/278/2018/03/Porto-Platanias-Village-fly-pl-14.jpg","https://fly.pl/wycieczka/grecja,kreta-zachodnia,platanias/porto-platanias-village/pMpuOfh3wzUwIwb0FqIJK5AAogkqvRtJIzjYhRlTXvCTiMZw5A5G7j_DXl8DIKu3_rwd0qBEVDQ1gwxqes1AZI-WFQAViwAWACagJBSXIgHBH_T6sE3eIUuQRQGKipLBvJ6kEBjabT6AECAGMBAgvgxdAF/ofertasv/?filter[tourOperator]=ECCX&filter%5Bperson%5D=2&filter%5BchildAge%5D%5B1%5D=20201210&filter%5Bchild%5D=1"
"Mythos Beach Resort","12710.0","11.09.2026 - 18.09.2026","8 dni/7 nocy","","","","","","Kraków","2026-08-23T15:37:38.333331+00:00","https://fly.pl/oferta/grecja-wczasy/?filter[dest]=14:&filter[hotelids]=&filter[cityids]=&filter[cregids]=&filter[ofrType]=&filter[addObjType]=&filter[whenFrom]=23-08-2026&filter[whenTo]=22-09-2026&filter[duration]=7:10&filter[from]=&filter[person]=2&filter[child]=1&filter[price]=4000:20000&filter[PriceFrom]=4000&filter[PriceTo]=20000&filter[addCategory]=50&filter[addCatering]=1&filter[addMisc]=0&filter[addTransport]=F&filter[fp]=1&order_by=ofr_price&filter[tourOperator]=0&filter[childAge][1]=20201210","https://datacfstatic.merlinx.pl/GRCS/IMG/RHOMYBE/668a217f19e766a69f46737d6bb5ff22f1210786788b9811ae24732fca942361.webp","https://fly.pl/wycieczka/grecja,rodos,afandu/mythos-beach-resort-10/p7MRQeDCkm5kU0UqGWQLdGAAogTN6TOqWu0cNZVvrQwwuEhbOTLFXBBbehuslpGifEYD0qBEdSQ1Mwxqes1AZIpmNQQVi4A2ADckIXBxUAXANYBVYCHbIFDxRAhAFbloABS69LYQBe-zBSkRNTAEzQ1jkB7u5FDcX00gggAFGLtrft3gEBEmMBAmMBAgsoc_bp/ofertasv/?filter[tourOperator]=GRCS&filter%5Bperson%5D=2&filter%5BchildAge%5D%5B1%5D=20201210&filter%5Bchild%5D=1"
"Lindos Imperial Resort & Spa","12807.0","30.08.2026 - 06.09.2026","8 dni/7 nocy","","4.2","4.2","5800","tripadvisor","Warszawa - Modlin","2026-08-23T15:37:38.333331+00:00","https://fly.pl/oferta/grecja-wczasy/?filter[dest]=14:&filter[hotelids]=&filter[cityids]=&filter[cregids]=&filter[ofrType]=&filter[addObjType]=&filter[whenFrom]=23-08-2026&filter[whenTo]=22-09-2026&filter[duration]=7:10&filter[from]=&filter[person]=2&filter[child]=1&filter[price]=4000:20000&filter[PriceFrom]=4000&filter[PriceTo]=20000&filter[addCategory]=50&filter[addCatering]=1&filter[addMisc]=0&filter[addTransport]=F&filter[fp]=1&order_by=ofr_price&filter[tourOperator]=0&filter[childAge][1]=20201210","https://fly.pl/cdn/photo/assets/uploads/582/278/2010/03/Lindos-Imperial2410.jpg","https://fly.pl/wycieczka/grecja,rodos,kiotari/lindos-imperial/pCyeo32x5_SkSfmvQX75tcAAog3cNwWWcD6aQu8G8rP_o-D7t104FzV0O2dqnpqoUA_CoqBEVYSU0wxqes1AZIh2RQAViYAWACagJBSXIhHBHvwQa5BNCAQasEIBvLlzYYx846AcHs7ZsLAgBjAQIL6d7FMg/ofertasv/?filter[tourOperator]=EXIM&filter%5Bperson%5D=2&filter%5BchildAge%5D%5B1%5D=20201210&filter%5Bchild%5D=1"
"Asterias Beach Resort","12824.0","11.09.2026 - 18.09.2026","8 dni/7 nocy","","4.5","4.5","1093","tripadvisor","Kraków","2026-08-23T15:37:38.333331+00:00","https://fly.pl/oferta/grecja-wczasy/?filter[dest]=14:&filter[hotelids]=&filter[cityids]=&filter[cregids]=&filter[ofrType]=&filter[addObjType]=&filter[whenFrom]=23-08-2026&filter[whenTo]=22-09-2026&filter[duration]=7:10&filter[from]=&filter[person]=2&filter[child]=1&filter[price]=4000:20000&filter[PriceFrom]=4000&filter[PriceTo]=20000&filter[addCategory]=50&filter[addCatering]=1&filter[addMisc]=0&filter[addTransport]=F&filter[fp]=1&order_by=ofr_price&filter[tourOperator]=0&filter[childAge][1]=20201210","https://fly.pl/cdn/photo/assets/uploads/582/278/2015/04/Sentido-Asterias-Beach-Resort.jpg","https://fly.pl/wycieczka/grecja,rodos,afandou/lti-asterias-beach/pqkP9mUiZDW5M-beL2ZSYPAAogvFQ7WBAX2mIQwXwPHYtdu7OTLFXBBbehuslpGifEYD0qBEdSQ1Mwxqes1AZImGRQQVi4A2ADckIXBxUAXANYBVYCHbIFDxRAhAFbk5QBS7I3YQBe-zBSkRNTAEzQ1jkB1-9FDdzz0gggAFGr45Tt3gEBEmMBAmMBAgs7iPFj/ofertasv/?filter[tourOperator]=GRCS&filter%5Bperson%5D=2&filter%5BchildAge%5D%5B1%5D=20201210&filter%5Bchild%5D=1"
"Aquila Rithymna Beach","12827.0","04.09.2026 - 11.09.2026","8 dni/7 nocy","","4.3","4.3","4091","tripadvisor","Warszawa","2026-08-23T15:37:38.333331+00:00","https://fly.pl/oferta/grecja-wczasy/?filter[dest]=14:&filter[hotelids]=&filter[cityids]=&filter[cregids]=&filter[ofrType]=&filter[addObjType]=&filter[whenFrom]=23-08-2026&filter[whenTo]=22-09-2026&filter[duration]=7:10&filter[from]=&filter[person]=2&filter[child]=1&filter[price]=4000:20000&filter[PriceFrom]=4000&filter[PriceTo]=20000&filter[addCategory]=50&filter[addCatering]=1&filter[addMisc]=0&filter[addTransport]=F&filter[fp]=1&order_by=ofr_price&filter[tourOperator]=0&filter[childAge][1]=20201210","https://fly.pl/cdn/photo/assets/uploads/582/278/2014/07/Aquila-Rithymna-Beach.jpg","https://fly.pl/wycieczka/grecja,kreta-zachodnia,adelianos-kampos/aquila-rithymna-beach/phxeNUGoXm02ht8_BHAHrJAAogYwHy1sZ4AbONCviI8LOVNgAAAACCyQQAkskEAAcAGAAqBFdFWlkwxqes1AZIm2RQQViQAmADaghXaXp6IEFpcmoEMDU1NWoEMDk1MHJCngGTAZQBHwACARwAFgQXAhLtAxWNBBjIARG0LEzBSE8AQOMCS-fFAVAAHfrLECAQG4LAYw2U_d0IARJjAQ5jAQINHoDhbg/ofertasv/?filter[tourOperator]=WEZY&filter%5Bperson%5D=2&filter%5BchildAge%5D%5B1%5D=20201210&filter%5Bchild%5D=1"
"Annabelle Beach Resort (ex. AKS Annabelle Beach Resort)","13145.0","05.09.2026 - 12.09.2026","8 dni/7 nocy","","4.1","4.1","2698","tripadvisor","Katowice","2026-08-23T15:37:38.333331+00:00","https://fly.pl/oferta/grecja-wczasy/?filter[dest]=14:&filter[hotelids]=&filter[cityids]=&filter[cregids]=&filter[ofrType]=&filter[addObjType]=&filter[whenFrom]=23-08-2026&filter[whenTo]=22-09-2026&filter[duration]=7:10&filter[from]=&filter[person]=2&filter[child]=1&filter[price]=4000:20000&filter[PriceFrom]=4000&filter[PriceTo]=20000&filter[addCategory]=50&filter[addCatering]=1&filter[addMisc]=0&filter[addTransport]=F&filter[fp]=1&order_by=ofr_price&filter[tourOperator]=0&filter[childAge][1]=20201210","https://fly.pl/cdn/photo/assets/uploads/582/278/2015/03/Annabelle-Beach.jpg","https://fly.pl/wycieczka/grecja,kreta-wschodnia,anissaras/aks-annabelle-beach-resort/pMKZjRSwI8VD-uS27hqHCLAAogN1BAI2Fa7WXdv08dTjpcuRGX9iRERKLVVfVes56C1GgqBE9SRVgwxqes1AZI2WZQQVioAmACagdNRTguMi4xagMwM1lqAzA0WXI0mwGdAY8BFwcVAFwDWAVWAkDKBhEdU6upAVIAS9EiYQBepzBM0tA6ILz8lwkNAAISYwECDNO_3OQ/ofertasv/?filter[tourOperator]=OREX&filter%5Bperson%5D=2&filter%5BchildAge%5D%5B1%5D=20201210&filter%5Bchild%5D=1"
"Kakkos Bay","13196.0","13.09.2026 - 20.09.2026","8 dni/7 nocy","","4.6","4.6","297","tripadvisor","Kraków","2026-08-23T15:37:38.333331+00:00","https://fly.pl/oferta/grecja-wczasy/?filter[dest]=14:&filter[hotelids]=&filter[cityids]=&filter[cregids]=&filter[ofrType]=&filter[addObjType]=&filter[whenFrom]=23-08-2026&filter[whenTo]=22-09-2026&filter[duration]=7:10&filter[from]=&filter[person]=2&filter[child]=1&filter[price]=4000:20000&filter[PriceFrom]=4000&filter[PriceTo]=20000&filter[addCategory]=50&filter[addCatering]=1&filter[addMisc]=0&filter[addTransport]=F&filter[fp]=1&order_by=ofr_price&filter[tourOperator]=0&filter[childAge][1]=20201210","https://fly.pl/cdn/photo/assets/uploads/582/278/2015/04/Kakkos-Bay.jpg","https://fly.pl/wycieczka/grecja,kreta-wschodnia,ierapetra/kakkos-bay/pxyG7D2yZKTfIBPXIphN91AAogKVMgnGKzrR1RL3z_f1Bqj9NbPL46zJB8BIe7EeZPQbsqBEdSQ1Mwxqes1AZIjGdQQVjoA2ADckEVBhcBWAhWAlwCHbADDxRAhANbpHFSpDhTAEv9IWEAXvswTOHpOQGNkEwNqNPMCCABUYSYyY2NAQESYwECYwECC8oC328/ofertasv/?filter[tourOperator]=GRCS&filter%5Bperson%5D=2&filter%5BchildAge%5D%5B1%5D=20201210&filter%5Bchild%5D=1"
"Ramada Athens Attica Riviera (ex Aquamarina)","13207.0","01.09.2026 - 08.09.2026","9 dni/7 nocy","","4.4","4.4","350","tripadvisor","Wrocław","2026-08-23T15:37:38.333331+00:00","https://fly.pl/oferta/grecja-wczasy/?filter[dest]=14:&filter[hotelids]=&filter[cityids]=&filter[cregids]=&filter[ofrType]=&filter[addObjType]=&filter[whenFrom]=23-08-2026&filter[whenTo]=22-09-2026&filter[duration]=7:10&filter[from]=&filter[person]=2&filter[child]=1&filter[price]=4000:20000&filter[PriceFrom]=4000&filter[PriceTo]=20000&filter[addCategory]=50&filter[addCatering]=1&filter[addMisc]=0&filter[addTransport]=F&filter[fp]=1&order_by=ofr_price&filter[tourOperator]=0&filter[childAge][1]=20201210","https://fly.pl/cdn/photo/assets/uploads/582/278/2015/02/Aquamarina-Mati-fly-pl.jpg","https://fly.pl/wycieczka/grecja,attyka,mati/aquis-aquamarina-mati/pY9YISctOCvMmbfmYefqh3AAogEljoO56-vdhWaRf5B7YirQc83gv0x96YTpyY-162ubAqBEVYSU0wxqes1AZIl2dQAVjIAWACagJBSXIiHBG9mAa5BO_ZRasE1gIbxO0oGOOHNwH5pOeZCQISYwECCy74EJw/ofertasv/?filter[tourOperator]=EXIM&filter%5Bperson%5D=2&filter%5BchildAge%5D%5B1%5D=20201210&filter%5Bchild%5D=1"
"Gouves Water Park Holiday Resort","13387.0","07.09.2026 - 14.09.2026","9 dni/7 nocy","","4.2","4.2","3960","tripadvisor","Gdańsk","2026-08-23T15:37:38.333331+00:00","https://fly.pl/oferta/grecja-wczasy/?filter[dest]=14:&filter[hotelids]=&filter[cityids]=&filter[cregids]=&filter[ofrType]=&filter[addObjType]=&filter[whenFrom]=23-08-2026&filter[whenTo]=22-09-2026&filter[duration]=7:10&filter[from]=&filter[person]=2&filter[child]=1&filter[price]=4000:20000&filter[PriceFrom]=4000&filter[PriceTo]=20000&filter[addCategory]=50&filter[addCatering]=1&filter[addMisc]=0&filter[addTransport]=F&filter[fp]=1&order_by=ofr_price&filter[tourOperator]=0&filter[childAge][1]=20201210","https://fly.pl/cdn/photo/assets/uploads/582/278/2014/09/Hotel-Gouves-Waterpark-Holiday-Resort.jpg","https://fly.pl/wycieczka/grecja,kreta,kato-gouves/gouves-park-holiday-resort/pwMHPP0SxN_enU3uNCZf6mAAog_f2TAT5twQkPQH5MrD8_dg6MchSrMUKcux3YpOLkfQAqBEVYSU0wzaes1AZIy2hQAVjYAmACagJBSXIhHBGzoAarBN3rO7kEHhvHrTIYxPA2AZbog6MLAhJjAQILB5FVuA/ofertasv/?filter[tourOperator]=EXIM&filter%5Bperson%5D=2&filter%5BchildAge%5D%5B1%5D=20201210&filter%5Bchild%5D=1"
"Zeus Eleva Mirabello Bay","13437.0","02.09.2026 - 10.09.2026","9 dni/7 nocy","","4.3","4.3","3767","tripadvisor","Poznań","2026-08-23T15:37:38.333331+00:00","https://fly.pl/oferta/grecja-wczasy/?filter[dest]=14:&filter[hotelids]=&filter[cityids]=&filter[cregids]=&filter[ofrType]=&filter[addObjType]=&filter[whenFrom]=23-08-2026&filter[whenTo]=22-09-2026&filter[duration]=7:10&filter[from]=&filter[person]=2&filter[child]=1&filter[price]=4000:20000&filter[PriceFrom]=4000&filter[PriceTo]=20000&filter[addCategory]=50&filter[addCatering]=1&filter[addMisc]=0&filter[addTransport]=F&filter[fp]=1&order_by=ofr_price&filter[tourOperator]=0&filter[childAge][1]=20201210","https://fly.pl/cdn/photo/assets/uploads/582/278/2015/04/Wyndham-Grand-Crete-Mirabello-Bay.jpg","https://fly.pl/wycieczka/grecja,kreta-wschodnia,agios-nikolaos/dessole-mirabello-beach-village-ex-iberostar/p_oOBvHukBwL-T8oAdDy29AAogwMR9e-2uYhkmix2QaAxGI51rhClqX2BU5VVFh2XrlHAqBEdSQ1Mwzaes1AZI_WhQQVjgAWADckAVBxcBWAdWAlwCHe0FDxVARluKgwFSviZTAF74Ukt4YQBMquBNAfuvPA3uu8gIIAFRj8LPjY0BARJjAQJjAQILItzsFQ/ofertasv/?filter[tourOperator]=GRCS&filter%5Bperson%5D=2&filter%5BchildAge%5D%5B1%5D=20201210&filter%5Bchild%5D=1"
"Pegasos Beach (Faliraki)","13457.0","07.09.2026 - 14.09.2026","8 dni/7 nocy","","4.5","4.5","3248","tripadvisor","Kraków","2026-08-23T15:37:38.333331+00:00","https://fly.pl/oferta/grecja-wczasy/?filter[dest]=14:&filter[hotelids]=&filter[cityids]=&filter[cregids]=&filter[ofrType]=&filter[addObjType]=&filter[whenFrom]=23-08-2026&filter[whenTo]=22-09-2026&filter[duration]=7:10&filter[from]=&filter[person]=2&filter[child]=1&filter[price]=4000:20000&filter[PriceFrom]=4000&filter[PriceTo]=20000&filter[addCategory]=50&filter[addCatering]=1&filter[addMisc]=0&filter[addTransport]=F&filter[fp]=1&order_by=ofr_price&filter[tourOperator]=0&filter[childAge][1]=20201210","https://fly.pl/cdn/photo/assets/uploads/582/278/2015/04/Pegasos-Deluxe-Beach-Hotel.jpg","https://fly.pl/wycieczka/grecja,rodos,faliraki/pegasos-beach-faliraki/pvJfcel3VOq57upFXZinxRAAog38IcBjAY4-lMn8rd4uuGrjucL-MRDVVCTtDucE4R7KQqBFZJVFgwzaes1AZIkWlQQVjYAmACckAaABUHFwBcA1gFQI8DW6eGAWHbSEsAXvswUpETUwBMgeU5Df7UmAkgAV2FlO6oqAFP0ITDxDZR6pkNAg1jAQIMnBTI1Q/ofertasv/?filter[tourOperator]=VITX&filter%5Bperson%5D=2&filter%5BchildAge%5D%5B1%5D=20201210&filter%5Bchild%5D=1"
"Porto Platanias Beach (Chania)","13457.0","28.08.2026 - 04.09.2026","8 dni/7 nocy","","3.9","3.9","1615","tripadvisor","Gdańsk","2026-08-23T15:37:38.333331+00:00","https://fly.pl/oferta/grecja-wczasy/?filter[dest]=14:&filter[hotelids]=&filter[cityids]=&filter[cregids]=&filter[ofrType]=&filter[addObjType]=&filter[whenFrom]=23-08-2026&filter[whenTo]=22-09-2026&filter[duration]=7:10&filter[from]=&filter[person]=2&filter[child]=1&filter[price]=4000:20000&filter[PriceFrom]=4000&filter[PriceTo]=20000&filter[addCategory]=50&filter[addCatering]=1&filter[addMisc]=0&filter[addTransport]=F&filter[fp]=1&order_by=ofr_price&filter[tourOperator]=0&filter[childAge][1]=20201210","https://fly.pl/cdn/photo/assets/uploads/582/278/2014/07/Porto-Platanias-Beach-Resort-Spa.jpg","https://fly.pl/wycieczka/grecja,kreta-zachodnia,platanias/porto-platanias-beach/pDt80zp6mU6_B2X4fd93o3AAog2zabHg2SrSzAAXuEzsq0YOCsUYbkTBX8oDuVpb86-G4qBEVYSU0wzaes1AZIkWlQAVhoYAJqAkFJciEcEffLBqsEw-xEuQQbG5L2NhixuD8BrfOfngsCAGMBAgwWkeeG/ofertasv/?filter[tourOperator]=EXIM&filter%5Bperson%5D=2&filter%5BchildAge%5D%5B1%5D=20201210&filter%5Bchild%5D=1"
"Sea Coast Halkidiki","13485.0","15.09.2026 - 22.09.2026","8 dni/7 nocy","","","","","","Warszawa - Modlin","2026-08-23T15:37:38.333331+00:00","https://fly.pl/oferta/grecja-wczasy/?filter[dest]=14:&filter[hotelids]=&filter[cityids]=&filter[cregids]=&filter[ofrType]=&filter[addObjType]=&filter[whenFrom]=23-08-2026&filter[whenTo]=22-09-2026&filter[duration]=7:10&filter[from]=&filter[person]=2&filter[child]=1&filter[price]=4000:20000&filter[PriceFrom]=4000&filter[PriceTo]=20000&filter[addCategory]=50&filter[addCatering]=1&filter[addMisc]=0&filter[addTransport]=F&filter[fp]=1&order_by=ofr_price&filter[tourOperator]=0&filter[childAge][1]=20201210","https://datacfstatic.merlinx.pl/OASI/IMG/23665/e797aa69eefa812e7b5d1fd5e3caad70dbb6ddaa106cb959a18e728a9ae1e13d.webp","https://fly.pl/wycieczka/grecja,chalkidiki,gerakini/sea-coast-halkidiki-11/pBsRsYw02EOTQrbfmjtFmNAAogAiBqkm1yi2kzG-63zAkGw398tlbj2qT8QGF8CrxuEgEqBE9BU0kwzaes1AZIrWlQAViYBGACagNBSWxyIRwR8bgBuQTzsg2rBAEbpu8LGKKnDwH4u9zuAQIAYwECBZz_SK0/ofertasv/?filter[tourOperator]=OASI&filter%5Bperson%5D=2&filter%5BchildAge%5D%5B1%5D=20201210&filter%5Bchild%5D=1"
"Apollonion Asterias Resort & Spa","13487.0","03.09.2026 - 10.09.2026","8 dni/7 nocy","","4.5","4.5","2654","tripadvisor","Warszawa","2026-08-23T15:37:38.333331+00:00","https://fly.pl/oferta/grecja-wczasy/?filter[dest]=14:&filter[hotelids]=&filter[cityids]=&filter[cregids]=&filter[ofrType]=&filter[addObjType]=&filter[whenFrom]=23-08-2026&filter[whenTo]=22-09-2026&filter[duration]=7:10&filter[from]=&filter[person]=2&filter[child]=1&filter[price]=4000:20000&filter[PriceFrom]=4000&filter[PriceTo]=20000&filter[addCategory]=50&filter[addCatering]=1&filter[addMisc]=0&filter[addTransport]=F&filter[fp]=1&order_by=ofr_price&filter[tourOperator]=0&filter[childAge][1]=20201210","https://datacfstatic.merlinx.pl/GRCS/IMG/EFLAPAS/dd9dfa168deb6b119dd9a5c34252fb990e15a6b56c075e127901cdf42fd662ba.webp","https://fly.pl/wycieczka/grecja,kefalonia,lixouri/apollonion-asterias-resort-spa-9/pKgUJrbJ0rHhpOFWGcF3JFAAogpiKPNSqUC9AR1Why3zBvKKya9JfyH7rXJoryMqQojaQqBEdSQ1Mwzaes1AZIr2lQQVj4AWADckEXBxUAWAhWAlwCHYUDDxRArwNStosBUwBb-wtej2VL7UNhAEz0pTkB4bRODcquygggAFHtzrz7dAESYwECYwECC0rF4Yg/ofertasv/?filter[tourOperator]=GRCS&filter%5Bperson%5D=2&filter%5BchildAge%5D%5B1%5D=20201210&filter%5Bchild%5D=1"
"Lydia Maris Resort & Spa","13511.0","26.08.2026 - 02.09.2026","8 dni/7 nocy","","4.1","4.1","1368","tripadvisor","Kraków","2026-08-23T15:37:38.333331+00:00","https://fly.pl/oferta/grecja-wczasy/?filter[dest]=14:&filter[hotelids]=&filter[cityids]=&filter[cregids]=&filter[ofrType]=&filter[addObjType]=&filter[whenFrom]=23-08-2026&filter[whenTo]=22-09-2026&filter[duration]=7:10&filter[from]=&filter[person]=2&filter[child]=1&filter[price]=4000:20000&filter[PriceFrom]=4000&filter[PriceTo]=20000&filter[addCategory]=50&filter[addCatering]=1&filter[addMisc]=0&filter[addTransport]=F&filter[fp]=1&order_by=ofr_price&filter[tourOperator]=0&filter[childAge][1]=20201210","https://fly.pl/cdn/photo/assets/uploads/582/278/2015/03/Lydia-Maris-Resort-and-Spa.jpg","https://fly.pl/wycieczka/grecja,rodos,kolymbia/lydia-maris/p95CDOqhBwnqLD7j0A7sSpAAogRZe2KRu-OjAk8YhkbfIrIkWOtn4JmOXE6Y8THTdxf1EqBEVDQ1gwzaes1AZIx2lQAVg4YAJqAkFJciAcEYIguQTLnxWrBFMYtvItG5HOQAGt5b30AQIAYwECC0uI1ws/ofertasv/?filter[tourOperator]=ECCX&filter%5Bperson%5D=2&filter%5BchildAge%5D%5B1%5D=20201210&filter%5Bchild%5D=1"
"Blue Lagoon Village","13540.0","15.09.2026 - 22.09.2026","8 dni/7 nocy","","4.4","4.4","2856","tripadvisor","Katowice","2026-08-23T15:37:38.333331+00:00","https://fly.pl/oferta/grecja-wczasy/?filter[dest]=14:&filter[hotelids]=&filter[cityids]=&filter[cregids]=&filter[ofrType]=&filter[addObjType]=&filter[whenFrom]=23-08-2026&filter[whenTo]=22-09-2026&filter[duration]=7:10&filter[from]=&filter[person]=2&filter[child]=1&filter[price]=4000:20000&filter[PriceFrom]=4000&filter[PriceTo]=20000&filter[addCategory]=50&filter[addCatering]=1&filter[addMisc]=0&filter[addTransport]=F&filter[fp]=1&order_by=ofr_price&filter[tourOperator]=0&filter[childAge][1]=20201210","https://datacfstatic.merlinx.pl/GRCS/IMG/KGSBLVI/f7f49b98ffbe14f449b5cc98cfbb343aa3cd34f9f862a90dde7e1ca7111942b4.webp","https://fly.pl/wycieczka/grecja,kos,kefalos/blue-lagoon-village-14/pCwd3B5QhTksgC8uhVJz2-AAogzSa0aPzfKfdw3AEbkDwtIaOchIGYye1b5t9AmdrA3BwqBEdSQ1Mwzaes1AZI5GlQQViYBGADckIXBxUAWAhWAlwCHe8CDxVAxANbloABUqtIUwBL2ANhAF6nMEzh6TkBveRODfr-yQggAFHL7uDxpQEBEmMBAmMBAg5hBT_s/ofertasv/?filter[tourOperator]=GRCS&filter%5Bperson%5D=2&filter%5BchildAge%5D%5B1%5D=20201210&filter%5Bchild%5D=1"
"Mitsis Ramira","13615.0","05.09.2026 - 12.09.2026","8 dni/7 nocy","","4.6","4.6","3763","tripadvisor","Katowice","2026-08-23T15:37:38.333331+00:00","https://fly.pl/oferta/grecja-wczasy/?filter[dest]=14:&filter[hotelids]=&filter[cityids]=&filter[cregids]=&filter[ofrType]=&filter[addObjType]=&filter[whenFrom]=23-08-2026&filter[whenTo]=22-09-2026&filter[duration]=7:10&filter[from]=&filter[person]=2&filter[child]=1&filter[price]=4000:20000&filter[PriceFrom]=4000&filter[PriceTo]=20000&filter[addCategory]=50&filter[addCatering]=1&filter[addMisc]=0&filter[addTransport]=F&filter[fp]=1&order_by=ofr_price&filter[tourOperator]=0&filter[childAge][1]=20201210","https://fly.pl/cdn/photo/assets/uploads/582/278/2014/09/Mitsis-Ramira-Beach-fly-pl.jpg","https://fly.pl/wycieczka/grecja,kos,psalidi/mitsis-ramira-beach/pRnqU8fvY5h2oT8L_UcqPEAAogaaP6AEUhAgYOoOJz2slo6TjOhbHew-CW95BFF-ltGWUqBEdSQ1Mwzaes1AZIr2pQQVioAmADckIXBxUAWAhWAlwCHZoCDxpAlARboIABUqFIUwBL2ANhAF6nMEzh6TkBz-FSDd6BxgggAFHhxI3ypQEBEmMBAmMBAgu_339V/ofertasv/?filter[tourOperator]=GRCS&filter%5Bperson%5D=2&filter%5BchildAge%5D%5B1%5D=20201210&filter%5Bchild%5D=1"
"Lindos Breeze Beach","13796.0","11.09.2026 - 19.09.2026","9 dni/7 nocy","","4.7","4.7","366","tripadvisor","Warszawa","2026-08-23T15:37:38.333331+00:00","https://fly.pl/oferta/grecja-wczasy/?filter[dest]=14:&filter[hotelids]=&filter[cityids]=&filter[cregids]=&filter[ofrType]=&filter[addObjType]=&filter[whenFrom]=23-08-2026&filter[whenTo]=22-09-2026&filter[duration]=7:10&filter[from]=&filter[person]=2&filter[child]=1&filter[price]=4000:20000&filter[PriceFrom]=4000&filter[PriceTo]=20000&filter[addCategory]=50&filter[addCatering]=1&filter[addMisc]=0&filter[addTransport]=F&filter[fp]=1&order_by=ofr_price&filter[tourOperator]=0&filter[childAge][1]=20201210","https://fly.pl/cdn/photo/assets/uploads/582/278/2018/09/Lindos-Breeze-Beach-Hotel.jpg","https://fly.pl/wycieczka/grecja,rodos,kiotari/lindos-breeze-beach/p9xdjcbIaaTVV6J6pboxO1AAogNx1mvKdNsWZ0zmyz7PF_yn1TAJE5aJGYA7sMZceNDhUqBFJOQlcwzaes1AZI5GtQQVi4A2ACagRCd2NEahoxNiwyOTYsMzgwLDQ3Nyw0ODMsNDg0LDQ4NXI3nwGeARUHFwFYBwoEQMQHEegaELUcGbggUoC3AVMAS9wwYQAPzYJAHZ0DIL2DkgkNAAIMYwECC7-BfXM/ofertasv/?filter[tourOperator]=RNBW&filter%5Bperson%5D=2&filter%5BchildAge%5D%5B1%5D=20201210&filter%5Bchild%5D=1"
"Kresten Royal Euphoria Resort (ex. Kresten Royal Villas)","13835.0","30.08.2026 - 06.09.2026","8 dni/7 nocy","","4.2","4.2","3634","tripadvisor","Warszawa - Modlin","2026-08-23T15:37:38.333331+00:00","https://fly.pl/oferta/grecja-wczasy/?filter[dest]=14:&filter[hotelids]=&filter[cityids]=&filter[cregids]=&filter[ofrType]=&filter[addObjType]=&filter[whenFrom]=23-08-2026&filter[whenTo]=22-09-2026&filter[duration]=7:10&filter[from]=&filter[person]=2&filter[child]=1&filter[price]=4000:20000&filter[PriceFrom]=4000&filter[PriceTo]=20000&filter[addCategory]=50&filter[addCatering]=1&filter[addMisc]=0&filter[addTransport]=F&filter[fp]=1&order_by=ofr_price&filter[tourOperator]=0&filter[childAge][1]=20201210","https://fly.pl/cdn/photo/assets/uploads/582/278/2015/04/Kresten-Royal-Euphoria-Resort.jpg","https://fly.pl/wycieczka/grecja,rodos,kallithea/kresten-royal-villas/pwvceN-MQTAdYmYvtpOB2fAAogD9ZAJfqESBlvaHuoCp244-VCqswH1WWS4o32hDO_zGUqBE9OSE8wzaes1AZIi2xQAViYAWACagNVQUlyHBwRwwgbnUAYn265BP9rqwQBAaadjgICEmMBAguvy_KJ/ofertasv/?filter[tourOperator]=ONHO&filter%5Bperson%5D=2&filter%5BchildAge%5D%5B1%5D=20201210&filter%5Bchild%5D=1"
"Galaxy Beach Resort BW Premier Collection","13865.0","01.09.2026 - 08.09.2026","8 dni/7 nocy","","3.9","3.9","736","tripadvisor","Warszawa","2026-08-23T15:37:38.333331+00:00","https://fly.pl/oferta/grecja-wczasy/?filter[dest]=14:&filter[hotelids]=&filter[cityids]=&filter[cregids]=&filter[ofrType]=&filter[addObjType]=&filter[whenFrom]=23-08-2026&filter[whenTo]=22-09-2026&filter[duration]=7:10&filter[from]=&filter[person]=2&filter[child]=1&filter[price]=4000:20000&filter[PriceFrom]=4000&filter[PriceTo]=20000&filter[addCategory]=50&filter[addCatering]=1&filter[addMisc]=0&filter[addTransport]=F&filter[fp]=1&order_by=ofr_price&filter[tourOperator]=0&filter[childAge][1]=20201210","https://fly.pl/cdn/photo/assets/uploads/582/278/2014/07/Best-Western-Galaxy-Laganas-fly-pl.jpg","https://fly.pl/wycieczka/grecja,zakynthos,laganas/best-western-galaxy-laganas/pLC26LsrKnC3bP0X8AFehWAAogNdY4tjJyXs5pxjVDM_pXuEowMa_sap9m16jrdT8IyfkqBEVDQ1gwzaes1AZIqWxQAVjIAWACagJBSXIiHBH8LasE8rwVuQT50QIY3YwsG9ygPgHhyPH6AQIAYwECC_dVTys/ofertasv/?filter[tourOperator]=ECCX&filter%5Bperson%5D=2&filter%5BchildAge%5D%5B1%5D=20201210&filter%5Bchild%5D=1"
"Kouros Palace","13897.0","15.09.2026 - 22.09.2026","8 dni/7 nocy","","4.1","4.1","1078","tripadvisor","Gdańsk","2026-08-23T15:37:38.333331+00:00","https://fly.pl/oferta/grecja-wczasy/?filter[dest]=14:&filter[hotelids]=&filter[cityids]=&filter[cregids]=&filter[ofrType]=&filter[addObjType]=&filter[whenFrom]=23-08-2026&filter[whenTo]=22-09-2026&filter[duration]=7:10&filter[from]=&filter[person]=2&filter[child]=1&filter[price]=4000:20000&filter[PriceFrom]=4000&filter[PriceTo]=20000&filter[addCategory]=50&filter[addCatering]=1&filter[addMisc]=0&filter[addTransport]=F&filter[fp]=1&order_by=ofr_price&filter[tourOperator]=0&filter[childAge][1]=20201210","https://fly.pl/cdn/photo/assets/uploads/582/278/2010/09/Kouros-Palace2998.jpg","https://fly.pl/wycieczka/grecja,kos,mastichari/kouros-palace/pcGJL0dJYvBBv27_vCuC_aAAog3PokIsjXUMyJtvoTf00guQxPuZvWVXYODuQ_LkUYwxwqBFZJVFgwzaes1AZIyWxQQViYBGACckAaABUHFwBcA1gFQI8DW6eGAWGmHEsAU7EpUgBe_zNMyfc5Dc_VmAkgAF2_6cjfhAFPnNClkiFRxaMMAgxjAQULkRLKBg/ofertasv/?filter[tourOperator]=VITX&filter%5Bperson%5D=2&filter%5BchildAge%5D%5B1%5D=20201210&filter%5Bchild%5D=1"
"Fodele Beach & Water Park Holiday Resort","14027.0","29.08.2026 - 05.09.2026","8 dni/7 nocy","","4.5","4.5","1895","tripadvisor","Katowice","2026-08-23T15:37:38.333331+00:00","https://fly.pl/oferta/grecja-wczasy/?filter[dest]=14:&filter[hotelids]=&filter[cityids]=&filter[cregids]=&filter[ofrType]=&filter[addObjType]=&filter[whenFrom]=23-08-2026&filter[whenTo]=22-09-2026&filter[duration]=7:10&filter[from]=&filter[person]=2&filter[child]=1&filter[price]=4000:20000&filter[PriceFrom]=4000&filter[PriceTo]=20000&filter[addCategory]=50&filter[addCatering]=1&filter[addMisc]=0&filter[addTransport]=F&filter[fp]=1&order_by=ofr_price&filter[tourOperator]=0&filter[childAge][1]=20201210","https://fly.pl/cdn/photo/assets/uploads/582/278/2015/02/Fodele-Beach.jpg","https://fly.pl/wycieczka/grecja,kreta-wschodnia,fodele/fodele-beach/pfaeD-7aJzmD9M7otk5ejAAAogK-YJGPNcDXvSjIruen4HulRsQE5yNLDiqfe5JbVQ9wIqBE9SRVgwzaes1AZIy21QQViAAWACagdET0IuMi4xagMwM1lqAzA0WXI1mwGdAY8BFwcVAFwDWAVWAkDKBhGvCFOZoQFSAEvRImEAXqcwTNLQOiDw-5cJDQACEmMBAgXdyTWc/ofertasv/?filter[tourOperator]=OREX&filter%5Bperson%5D=2&filter%5BchildAge%5D%5B1%5D=20201210&filter%5Bchild%5D=1"
"Mitsis Rodos Village","14034.0","11.09.2026 - 18.09.2026","8 dni/7 nocy","","4.2","4.2","5307","tripadvisor","Kraków","2026-08-23T15:37:38.333331+00:00","https://fly.pl/oferta/grecja-wczasy/?filter[dest]=14:&filter[hotelids]=&filter[cityids]=&filter[cregids]=&filter[ofrType]=&filter[addObjType]=&filter[whenFrom]=23-08-2026&filter[whenTo]=22-09-2026&filter[duration]=7:10&filter[from]=&filter[person]=2&filter[child]=1&filter[price]=4000:20000&filter[PriceFrom]=4000&filter[PriceTo]=20000&filter[addCategory]=50&filter[addCatering]=1&filter[addMisc]=0&filter[addTransport]=F&filter[fp]=1&order_by=ofr_price&filter[tourOperator]=0&filter[childAge][1]=20201210","https://fly.pl/cdn/photo/assets/uploads/582/278/2015/01/Hotel-Mitsis-Rodos-Village.jpg","https://fly.pl/wycieczka/grecja,rodos,kiotari/mitsis-rodos-village/pUkfmEhVdKuWjv4c8EbB87AAogi-dJ96f7vZjvO2bm-T4PVLOTLFXBBbehuslpGifEYD0qBEdSQ1Mwzaes1AZI0m1QQVi4A2ADckIXBxUAWAhWAlwCHbAFDxRAhAFbr5cBS5Y0YQBe-zBSkRNTAEzR1jkB1OlFDd750gggAFH_9MTt3gEBEmMBAmMBAwtr6Dwt/ofertasv/?filter[tourOperator]=GRCS&filter%5Bperson%5D=2&filter%5BchildAge%5D%5B1%5D=20201210&filter%5Bchild%5D=1"
"Atlantica Porto Bello Royal","14057.0","12.09.2026 - 19.09.2026","8 dni/7 nocy","","4.5","4.5","4694","tripadvisor","Katowice","2026-08-23T15:37:38.333331+00:00","https://fly.pl/oferta/grecja-wczasy/?filter[dest]=14:&filter[hotelids]=&filter[cityids]=&filter[cregids]=&filter[ofrType]=&filter[addObjType]=&filter[whenFrom]=23-08-2026&filter[whenTo]=22-09-2026&filter[duration]=7:10&filter[from]=&filter[person]=2&filter[child]=1&filter[price]=4000:20000&filter[PriceFrom]=4000&filter[PriceTo]=20000&filter[addCategory]=50&filter[addCatering]=1&filter[addMisc]=0&filter[addTransport]=F&filter[fp]=1&order_by=ofr_price&filter[tourOperator]=0&filter[childAge][1]=20201210","https://fly.pl/cdn/photo/assets/uploads/582/278/2015/04/Porto-Bello-Royal-fly-pl.jpg","https://fly.pl/wycieczka/grecja,kos,kardamena/porto-bello-royal/pg5Rl6nuwZSRMAMDUk13D_AAoglwIGWJtLKbgzVHw_bJpGxmjAHY_JaXUFRzpgk8j4VZsqBFZJVFgwzaes1AZI6W1QQVjQA2ACckAaABUHFwBcA1gFQI8DW7-DAVO_SFIAYdgDSwBepzBMkfg5DYTVmAkgAFHUpuDxpQFPzekaXaCrgvoCAgxjAQILKavB2A/ofertasv/?filter[tourOperator]=VITX&filter%5Bperson%5D=2&filter%5BchildAge%5D%5B1%5D=20201210&filter%5Bchild%5D=1"
"Stella Palace Aqua Park Resort","14102.0","13.09.2026 - 20.09.2026","8 dni/7 nocy","","4.4","4.4","3827","tripadvisor","Kraków","2026-08-23T15:37:38.333331+00:00","https://fly.pl/oferta/grecja-wczasy/?filter[dest]=14:&filter[hotelids]=&filter[cityids]=&filter[cregids]=&filter[ofrType]=&filter[addObjType]=&filter[whenFrom]=23-08-2026&filter[whenTo]=22-09-2026&filter[duration]=7:10&filter[from]=&filter[person]=2&filter[child]=1&filter[price]=4000:20000&filter[PriceFrom]=4000&filter[PriceTo]=20000&filter[addCategory]=50&filter[addCatering]=1&filter[addMisc]=0&filter[addTransport]=F&filter[fp]=1&order_by=ofr_price&filter[tourOperator]=0&filter[childAge][1]=20201210","https://fly.pl/cdn/photo/assets/uploads/582/278/2015/02/Stella-Palace-fly-pl.jpg","https://fly.pl/wycieczka/grecja,kreta-wschodnia,analipsis/stella-palace/ps5LXjFYGFUerIMs6wd4QVAAogCAU2Utdm9sGHXo5ekBeEQ9NbPL46zJB8BIe7EeZPQbsqBEdSQ1Mwzaes1AZIlm5QQVjoA2ADckIVBhcBWAhWAlwCHbADDxRAhANbloABUrIpUwBL_SFhAF77MEzh6TkBs-5PDYL1yAggAVGswOGNjQEBEmMBAmMBAgvP74nj/ofertasv/?filter[tourOperator]=GRCS&filter%5Bperson%5D=2&filter%5BchildAge%5D%5B1%5D=20201210&filter%5Bchild%5D=1"
"Mitsis Galini","14108.0","13.09.2026 - 21.09.2026","9 dni/7 nocy","","4.0","4.0","966","tripadvisor","Katowice","2026-08-23T15:37:38.333331+00:00","https://fly.pl/oferta/grecja-wczasy/?filter[dest]=14:&filter[hotelids]=&filter[cityids]=&filter[cregids]=&filter[ofrType]=&filter[addObjType]=&filter[whenFrom]=23-08-2026&filter[whenTo]=22-09-2026&filter[duration]=7:10&filter[from]=&filter[person]=2&filter[child]=1&filter[price]=4000:20000&filter[PriceFrom]=4000&filter[PriceTo]=20000&filter[addCategory]=50&filter[addCatering]=1&filter[addMisc]=0&filter[addTransport]=F&filter[fp]=1&order_by=ofr_price&filter[tourOperator]=0&filter[childAge][1]=20201210","https://fly.pl/cdn/photo/assets/uploads/582/278/2014/11/Mitsis-Galini-fly-pl-1.jpg","https://fly.pl/wycieczka/grecja,grecja-srodkowa,kamena-vourla/mitsis-galini/pmqE7bC-X54u6hN8fex-LQAAognKgUA3tGtHXFIxw4jP4ddyNJmZIuctVIQ76xhH4TiTYqBEdSQ1Mwzaes1AZInG5QQVjoA2ADckAXCBUAWAdWAlwCHaAFDxRAlAFS6mZTAFusGUuDTGEAXqcwTOHpOQH2-1QNv-fDCCAAUfWsldRXARJjAQJjAQILj2q24Q/ofertasv/?filter[tourOperator]=GRCS&filter%5Bperson%5D=2&filter%5BchildAge%5D%5B1%5D=20201210&filter%5Bchild%5D=1"
"Rethymno Mare & Water Park (Rethymno)","14147.0","31.08.2026 - 07.09.2026","8 dni/7 nocy","","","","","","Warszawa - Modlin","2026-08-23T15:37:38.333331+00:00","https://fly.pl/oferta/grecja-wczasy/?filter[dest]=14:&filter[hotelids]=&filter[cityids]=&filter[cregids]=&filter[ofrType]=&filter[addObjType]=&filter[whenFrom]=23-08-2026&filter[whenTo]=22-09-2026&filter[duration]=7:10&filter[from]=&filter[person]=2&filter[child]=1&filter[price]=4000:20000&filter[PriceFrom]=4000&filter[PriceTo]=20000&filter[addCategory]=50&filter[addCatering]=1&filter[addMisc]=0&filter[addTransport]=F&filter[fp]=1&order_by=ofr_price&filter[tourOperator]=0&filter[childAge][1]=20201210","https://datacfstatic.merlinx.pl/EXIM/IMG/103348/e7b4a733c33b44b22d3c150859dbebe61dc1aeef39ca74ab1fa3df8d1e54be7d.webp","https://fly.pl/wycieczka/grecja,kreta-zachodnia,scaleta/rethymno-mare-water-park-rethymno-15/paqPc5i0hcThnBg2PNWFZUAAog1VSa3P8LafjO8c7KtMfIXcGygvbtCjmJRsUF2CWD9PAqBEVYSU0wzaes1AZIw25QAViwAWACagJBSXIhHBG0pwarBMubQbkEXxulzSkYt_c1Af68hd4IAgBjAQIM-TypNg/ofertasv/?filter[tourOperator]=EXIM&filter%5Bperson%5D=2&filter%5BchildAge%5D%5B1%5D=20201210&filter%5Bchild%5D=1"
"Princess Andriana Resort & Spa","14175.0","14.09.2026 - 21.09.2026","8 dni/7 nocy","","4.5","4.5","5636","tripadvisor","Warszawa - Modlin","2026-08-23T15:37:38.333331+00:00","https://fly.pl/oferta/grecja-wczasy/?filter[dest]=14:&filter[hotelids]=&filter[cityids]=&filter[cregids]=&filter[ofrType]=&filter[addObjType]=&filter[whenFrom]=23-08-2026&filter[whenTo]=22-09-2026&filter[duration]=7:10&filter[from]=&filter[person]=2&filter[child]=1&filter[price]=4000:20000&filter[PriceFrom]=4000&filter[PriceTo]=20000&filter[addCategory]=50&filter[addCatering]=1&filter[addMisc]=0&filter[addTransport]=F&filter[fp]=1&order_by=ofr_price&filter[tourOperator]=0&filter[childAge][1]=20201210","https://fly.pl/cdn/photo/assets/uploads/582/278/2014/09/Princess-Andriana-Resort-Spa.jpg","https://fly.pl/wycieczka/grecja,rodos,kiotari/princess-andriana/pvY8YNCtJ10C7B_ryt-_qPAAogzWFLPcWKZTFPbgv9lIc3agTutDa_vaAZdrtjQ3jK0QkqBEVDQ1gwzaes1AZI325QAViABGACagNBSVVyIBwRyR6rBN2iFbkEFxid8S0bj85AAbvcvPQBAgBjAQIMvf_jIA/ofertasv/?filter[tourOperator]=ECCX&filter%5Bperson%5D=2&filter%5BchildAge%5D%5B1%5D=20201210&filter%5Bchild%5D=1"
"Almyros Beach (ex Cyprotel Almyros)","14282.0","02.09.2026 - 09.09.2026","8 dni/7 nocy","","4.5","4.5","252","tripadvisor","Katowice","2026-08-23T15:37:38.333331+00:00","https://fly.pl/oferta/grecja-wczasy/?filter[dest]=14:&filter[hotelids]=&filter[cityids]=&filter[cregids]=&filter[ofrType]=&filter[addObjType]=&filter[whenFrom]=23-08-2026&filter[whenTo]=22-09-2026&filter[duration]=7:10&filter[from]=&filter[person]=2&filter[child]=1&filter[price]=4000:20000&filter[PriceFrom]=4000&filter[PriceTo]=20000&filter[addCategory]=50&filter[addCatering]=1&filter[addMisc]=0&filter[addTransport]=F&filter[fp]=1&order_by=ofr_price&filter[tourOperator]=0&filter[childAge][1]=20201210","https://fly.pl/cdn/photo/assets/uploads/582/278/2015/01/Almyros-Beach-ex-Cyprotel-Almyros-fly-pl.jpg","https://fly.pl/wycieczka/grecja,korfu,acharavi/cyprotel-almyros-ex-almyros-natura/pl8rhIKmCh4YOo3M7lralKAAogoGviv3-uyRO9wv8kzDAMp7mI1ovx7M88twTi9aV63ZMqBEdSQ1Mwzaes1AZIym9QQVjgAWADagMwODVyP50BFQcXAFgIVgJcAg9WQPIFU593UgBbxEpLtgphAF6nMEzh6TkBvftEIO3n0wgNAFHku97mZAESYwECYwECCw8Wn-g/ofertasv/?filter[tourOperator]=GRCS&filter%5Bperson%5D=2&filter%5BchildAge%5D%5B1%5D=20201210&filter%5Bchild%5D=1"
"Atlantica Caldera Palace Resort & Spa (ex Atlantica Sensatori)","14337.0","29.08.2026 - 05.09.2026","8 dni/7 nocy","","4.3","4.3","6114","tripadvisor","Katowice","2026-08-23T15:37:38.333331+00:00","https://fly.pl/oferta/grecja-wczasy/?filter[dest]=14:&filter[hotelids]=&filter[cityids]=&filter[cregids]=&filter[ofrType]=&filter[addObjType]=&filter[whenFrom]=23-08-2026&filter[whenTo]=22-09-2026&filter[duration]=7:10&filter[from]=&filter[person]=2&filter[child]=1&filter[price]=4000:20000&filter[PriceFrom]=4000&filter[PriceTo]=20000&filter[addCategory]=50&filter[addCatering]=1&filter[addMisc]=0&filter[addTransport]=F&filter[fp]=1&order_by=ofr_price&filter[tourOperator]=0&filter[childAge][1]=20201210","https://fly.pl/cdn/photo/assets/uploads/582/278/2024/07/atlantica-caldera-palace-resort-spa-ex-atlantica-sensatori.jpg","https://fly.pl/wycieczka/grecja,kreta-wschodnia,analipsis/atlantica-caldera-palace-resort-spa-ex-atlantica-sensatori-14/pcLKXFYyJ6rf16yxF_UeF4AAogUH37hvwTHkonUt3o8O_JVVRsQE5yNLDiqfe5JbVQ9wIqBE9SRVgwzaes1AZIgXBQQViAAWACagdCUVAuMi4xagMwM1lqAzA0WXI1mwGdAY8BFwcVAFwDWAVWAkDKBhGbAlOtpwFSAEvRImEAXqcwTNLQOiDw-5cJDQACEmMBAgtQYu8a/ofertasv/?filter[tourOperator]=OREX&filter%5Bperson%5D=2&filter%5BchildAge%5D%5B1%5D=20201210&filter%5Bchild%5D=1"
"Anemos Luxury Grand Resort","14414.0","29.08.2026 - 05.09.2026","8 dni/7 nocy","","4.7","4.7","2611","tripadvisor","Katowice","2026-08-23T15:37:38.333331+00:00","https://fly.pl/oferta/grecja-wczasy/?filter[dest]=14:&filter[hotelids]=&filter[cityids]=&filter[cregids]=&filter[ofrType]=&filter[addObjType]=&filter[whenFrom]=23-08-2026&filter[whenTo]=22-09-2026&filter[duration]=7:10&filter[from]=&filter[person]=2&filter[child]=1&filter[price]=4000:20000&filter[PriceFrom]=4000&filter[PriceTo]=20000&filter[addCategory]=50&filter[addCatering]=1&filter[addMisc]=0&filter[addTransport]=F&filter[fp]=1&order_by=ofr_price&filter[tourOperator]=0&filter[childAge][1]=20201210","https://fly.pl/cdn/photo/assets/uploads/582/278/2016/10/Anemos-Luxury-Grand-Resort-fly-pl-2.jpg","https://fly.pl/wycieczka/grecja,kreta-zachodnia,georgioupolis/anemos-luxury-grand-resort/pUmq3ryljNRZMCxWAsp6xyAAogisSPJG7A_YuOa6shiw_VCFRsQE5yNLDiqfe5JbVQ9wIqBE9SRVgwzaes1AZIznBQQViAAWACagdCUE8uMi4xagMwM1lqAzA0WXI0mwGdAY8BFwcVAFwDWAVWAkDKBhE0U5SpAVIAS9EiYQBepzBM0tA6IPD7lwkNAAISYwEDDH2Vmts/ofertasv/?filter[tourOperator]=OREX&filter%5Bperson%5D=2&filter%5BchildAge%5D%5B1%5D=20201210&filter%5Bchild%5D=1"
"Blue Marine Resort & SPA","14528.0","12.09.2026 - 19.09.2026","8 dni/7 nocy","","4.3","4.3","2259","tripadvisor","Katowice","2026-08-23T15:37:38.333331+00:00","https://fly.pl/oferta/grecja-wczasy/?filter[dest]=14:&filter[hotelids]=&filter[cityids]=&filter[cregids]=&filter[ofrType]=&filter[addObjType]=&filter[whenFrom]=23-08-2026&filter[whenTo]=22-09-2026&filter[duration]=7:10&filter[from]=&filter[person]=2&filter[child]=1&filter[price]=4000:20000&filter[PriceFrom]=4000&filter[PriceTo]=20000&filter[addCategory]=50&filter[addCatering]=1&filter[addMisc]=0&filter[addTransport]=F&filter[fp]=1&order_by=ofr_price&filter[tourOperator]=0&filter[childAge][1]=20201210","https://fly.pl/cdn/photo/assets/uploads/582/278/2015/04/Blue-Marine-Resort-SPA.jpg","https://fly.pl/wycieczka/grecja,kreta-wschodnia,agios-nikolaos/blue-marine-resort-spa/XTOPb32075X_wYAAHNOYVBwWQGyAQAENwzQCpABCgYI7pEPEAESBgjvrBIQARp-TVBVVzJHRjIzTjFWNkpNVzVLSUdTOUdCMVBESFJTTEM5QUVXS1hQWVY1RUhUWlRKTFg0TzNPSzBVMFQ0NzJOQ1VKS0I2UzBHVDhZTk85R1REVE0yRDhXTVZLUDQ3MVBaTzZESkJETzg2MEpLWUdZVUVPTDFCUVY0U0I1VVBUCn8KBgjK5AwQAhIGCNqUQhABGm1PNTQ1NDRkNTMyZjQxNGQ1NDUzNDc1MjMwNDgzNjUzMmY1MjRkNTA0ZDQ0NDIzMDMwNTQzMDJmNDE0OTJmMzcyZjMyMzAzMjM2MzAzOTMxMzIyZjMwMzEzMjMzMzQzNTM2MzczODM5MzAzMTMyCiMKBgjEjQIQARIGCOrIAhABGhFEU1JULTk3LVRSQU5TRkVSMwofCgUIzDoQARIFCPNGEAEaD0RTUk0tOTctMnIyMjY3MgogCgUIwD4QARIFCNBLEAEaEERTUk0tOTctNTByMjI2NzMKIQoFCPAuEAESBQiYORABGhFEU1JVLTk3LVViZXpiYXNpYxhhKKIkMgYIjtZYEAE4Aw/ofertasv/?filter[tourOperator]=XTOP&filter%5Bperson%5D=2&filter%5BchildAge%5D%5B1%5D=20201210&filter%5Bchild%5D=1"
"Aquila Porto Rethymno","14598.0","25.08.2026 - 01.09.2026","8 dni/7 nocy","","4.4","4.4","2348","tripadvisor","Katowice","2026-08-23T15:37:38.333331+00:00","https://fly.pl/oferta/grecja-wczasy/?filter[dest]=14:&filter[hotelids]=&filter[cityids]=&filter[cregids]=&filter[ofrType]=&filter[addObjType]=&filter[whenFrom]=23-08-2026&filter[whenTo]=22-09-2026&filter[duration]=7:10&filter[from]=&filter[person]=2&filter[child]=1&filter[price]=4000:20000&filter[PriceFrom]=4000&filter[PriceTo]=20000&filter[addCategory]=50&filter[addCatering]=1&filter[addMisc]=0&filter[addTransport]=F&filter[fp]=1&order_by=ofr_price&filter[tourOperator]=0&filter[childAge][1]=20201210","https://fly.pl/cdn/photo/assets/uploads/582/278/2015/04/Aquila-Porto-Rethymno.jpg","https://fly.pl/wycieczka/grecja,kreta-zachodnia,rethymnon/aquila-porto-rethymno/pPvAPQiW0XJILB_JATRqv1AAog0ewDACm_6enk2aCU0TITUi0JmRsRCUwDVOCHaDsnqEwqBE9SRVgwzaes1AZIhnJQQVggYAJqB1BYRi4yLjFqAzAzWWoDMDRZcjWbAZ0BjwEXBxUAXANYBVYCQMoGEckUU_-UAVIAS9EiYQBepzBM0tA6IOz7lwkNAAISYwECB7v1ZDg/ofertasv/?filter[tourOperator]=OREX&filter%5Bperson%5D=2&filter%5BchildAge%5D%5B1%5D=20201210&filter%5Bchild%5D=1"
"Mitsis Selection Blue Domes","14603.0","25.08.2026 - 01.09.2026","8 dni/7 nocy","","4.4","4.4","6840","tripadvisor","Katowice","2026-08-23T15:37:38.333331+00:00","https://fly.pl/oferta/grecja-wczasy/?filter[dest]=14:&filter[hotelids]=&filter[cityids]=&filter[cregids]=&filter[ofrType]=&filter[addObjType]=&filter[whenFrom]=23-08-2026&filter[whenTo]=22-09-2026&filter[duration]=7:10&filter[from]=&filter[person]=2&filter[child]=1&filter[price]=4000:20000&filter[PriceFrom]=4000&filter[PriceTo]=20000&filter[addCategory]=50&filter[addCatering]=1&filter[addMisc]=0&filter[addTransport]=F&filter[fp]=1&order_by=ofr_price&filter[tourOperator]=0&filter[childAge][1]=20201210","https://fly.pl/cdn/photo/assets/uploads/582/278/2014/09/Mitsis-Blue-Domes-Exclusive-Resort-Spa-fly-pl.jpg","https://fly.pl/wycieczka/grecja,kos,kardamaina/mitsis-blue-domes-resort/p4TA8lKK781DANwOlTn4cXAAogHWnEt0AEyS8KyKGKWq2FuhQ4oxiLLELQN6EajpVZjTcqBEdSQ1Mwzaes1AZIi3JQQVggYANyQRcHFQBYCFYCXAId4QIPIEDHA1ukcVKdV1MAS9gDYQBepzBMoeFNAdywNg3Bus4IIABRo-rg8aUBARJjAQJjAQILGHsgCw/ofertasv/?filter[tourOperator]=GRCS&filter%5Bperson%5D=2&filter%5BchildAge%5D%5B1%5D=20201210&filter%5Bchild%5D=1"
"Amus","14666.0","26.08.2026 - 02.09.2026","8 dni/7 nocy","","4.5","4.5","5856","tripadvisor","Kraków","2026-08-23T15:37:38.333331+00:00","https://fly.pl/oferta/grecja-wczasy/?filter[dest]=14:&filter[hotelids]=&filter[cityids]=&filter[cregids]=&filter[ofrType]=&filter[addObjType]=&filter[whenFrom]=23-08-2026&filter[whenTo]=22-09-2026&filter[duration]=7:10&filter[from]=&filter[person]=2&filter[child]=1&filter[price]=4000:20000&filter[PriceFrom]=4000&filter[PriceTo]=20000&filter[addCategory]=50&filter[addCatering]=1&filter[addMisc]=0&filter[addTransport]=F&filter[fp]=1&order_by=ofr_price&filter[tourOperator]=0&filter[childAge][1]=20201210","https://fly.pl/cdn/photo/assets/uploads/582/278/2015/04/Rhodes-Bay-Hotel-Spa.jpg","https://fly.pl/wycieczka/grecja,rodos,ixia/amathus-beach-rhodes/XTOP081faeX_wYAAHNOYVBwWQG1AQAmkLrYCpABCgYIqOAOEAESBgjl4REQARp-TVBVVzJHRjIzTjFWNkpNVzVLSUdTOUdCMVBESFJTTEM5QUVXS1ZOV0U5RVU5RTFWQklLQ0ZIRVFVSEkxTzY3RlRUWTE5NU00UzhKUlgxRzhQVTlORDVIVkUzME9RUlU0NVhHTjBOV1lEMVoyREZWMFFERkw2MktTREVGWlNNCn8KBgjioA0QAhIGCJPMRBABGm1PNTQ1NDRkNTMyZjQxNGQ1NDUzNDc1MjMwNGE0NTUzMmY1MjRkNDQ0YzMwMzA1MzU2MzAzMDJmNDE0OTJmMzcyZjMyMzAzMjM2MzAzODMyMzYyZjMwMzEzMjMzMzQzNTM2MzczODM5MzAzMTMyCiMKBgiIpAEQARIGCJTIARABGhFEU1JULTExMS1UUkFOU0ZFUgogCgUIzDoQARIFCPNGEAEaEERTUk0tMTExLTJyMjI2NTkKIQoFCMA-EAESBQjQSxABGhFEU1JNLTExMS01MHIyMjY2MAoiCgUI8C4QARIFCJg5EAEaEkRTUlUtMTExLVViZXpiYXNpYxhvKLUUMgYI58FZEAE4Aw/ofertasv/?filter[tourOperator]=XTOP&filter%5Bperson%5D=2&filter%5BchildAge%5D%5B1%5D=20201210&filter%5Bchild%5D=1"
"Georgioupolis Resort & Aqua Park","14690.0","14.09.2026 - 21.09.2026","8 dni/7 nocy","","4.2","4.2","380","tripadvisor","Gdańsk","2026-08-23T15:37:38.333331+00:00","https://fly.pl/oferta/grecja-wczasy/?filter[dest]=14:&filter[hotelids]=&filter[cityids]=&filter[cregids]=&filter[ofrType]=&filter[addObjType]=&filter[whenFrom]=23-08-2026&filter[whenTo]=22-09-2026&filter[duration]=7:10&filter[from]=&filter[person]=2&filter[child]=1&filter[price]=4000:20000&filter[PriceFrom]=4000&filter[PriceTo]=20000&filter[addCategory]=50&filter[addCatering]=1&filter[addMisc]=0&filter[addTransport]=F&filter[fp]=1&order_by=ofr_price&filter[tourOperator]=0&filter[childAge][1]=20201210","https://fly.pl/cdn/photo/assets/uploads/582/278/2010/04/Georgioupolis-Resort2457.jpg","https://fly.pl/wycieczka/grecja,kreta-zachodnia,georgioupolis/georgioupolis-resort/pRTuu48Ga8Be8sQsuQl49SAAogDNBijNH0ULn7nWGUm6iSxyEDKBFSA22N3HeiOaJfo2oqBEJWQkUwzaes1AZI4nJQAViABGACagJBSXIhHBH-rwEb-sI8GMaCFbkE36wnqwQjAbP13ZUDAhJjAQIOVbT3hg/ofertasv/?filter[tourOperator]=BVBE&filter%5Bperson%5D=2&filter%5BchildAge%5D%5B1%5D=20201210&filter%5Bchild%5D=1"
"Arina Beach Resort (ex Aquis Arina Sand)","14805.0","12.09.2026 - 19.09.2026","8 dni/7 nocy","","4.8","4.8","1423","tripadvisor","Katowice","2026-08-23T15:37:38.333331+00:00","https://fly.pl/oferta/grecja-wczasy/?filter[dest]=14:&filter[hotelids]=&filter[cityids]=&filter[cregids]=&filter[ofrType]=&filter[addObjType]=&filter[whenFrom]=23-08-2026&filter[whenTo]=22-09-2026&filter[duration]=7:10&filter[from]=&filter[person]=2&filter[child]=1&filter[price]=4000:20000&filter[PriceFrom]=4000&filter[PriceTo]=20000&filter[addCategory]=50&filter[addCatering]=1&filter[addMisc]=0&filter[addTransport]=F&filter[fp]=1&order_by=ofr_price&filter[tourOperator]=0&filter[childAge][1]=20201210","https://fly.pl/cdn/photo/assets/uploads/582/278/2015/04/Hotel-Arina-Beach-Resort.jpg","https://fly.pl/wycieczka/grecja,kreta-wschodnia,kokkini-hani/aquis-arina-sand/pGo-KzbISN-pRRk6NmzQzNAAog7aBXila1oFQPEGSi46Aerp9zjpSV6rHP91nTZpQq_rEqBEpPSVAwzaes1AZI1XNQQVjQA2ACckMUARUGFwBcA1gFVgJAygZd5AJPAFvCbFOiOlIAS9EiYQBepzAR3pIBTPS9OSDD_JcJDQABhrz8gIOGjJowAg1jAQILApV3LA/ofertasv/?filter[tourOperator]=JOIP&filter%5Bperson%5D=2&filter%5BchildAge%5D%5B1%5D=20201210&filter%5Bchild%5D=1"
"Grecotel LuxMe Costa Botanica (ex. Gelina Village)","14872.0","29.08.2026 - 06.09.2026","9 dni/7 nocy","","4.3","4.3","652","tripadvisor","Katowice","2026-08-23T15:37:38.333331+00:00","https://fly.pl/oferta/grecja-wczasy/?filter[dest]=14:&filter[hotelids]=&filter[cityids]=&filter[cregids]=&filter[ofrType]=&filter[addObjType]=&filter[whenFrom]=23-08-2026&filter[whenTo]=22-09-2026&filter[duration]=7:10&filter[from]=&filter[person]=2&filter[child]=1&filter[price]=4000:20000&filter[PriceFrom]=4000&filter[PriceTo]=20000&filter[addCategory]=50&filter[addCatering]=1&filter[addMisc]=0&filter[addTransport]=F&filter[fp]=1&order_by=ofr_price&filter[tourOperator]=0&filter[childAge][1]=20201210","https://fly.pl/cdn/photo/assets/uploads/582/278/2014/06/GRECOTEL-COSTA-BOTANICA.jpg","https://fly.pl/wycieczka/grecja,korfu,acharavi/gelina-village/pZjFMGFVyUBZbz-JrlAojDAAoglcbtJCH3EXMQbvworYXw1QAAAACjvwQAt78EAAcAAAAqBFdFWlkwzaes1AZImHRQQViAAWADagtSeWFuYWlyIFN1bmoEMDAwNWoEMDEwMHJBngGVAZgBHwACARwAFgQXAhLWBBPQBRSnAhGQTkyWI08AQKcDS9NRUAAbtawFHfr_CyAUDabQwQkBEmMBDGMBAgtS1uJA/ofertasv/?filter[tourOperator]=WEZY&filter%5Bperson%5D=2&filter%5BchildAge%5D%5B1%5D=20201210&filter%5Bchild%5D=1"
"Mitsis Norida","14914.0","29.08.2026 - 05.09.2026","8 dni/7 nocy","","4.3","4.3","3798","tripadvisor","Katowice","2026-08-23T15:37:38.333331+00:00","https://fly.pl/oferta/grecja-wczasy/?filter[dest]=14:&filter[hotelids]=&filter[cityids]=&filter[cregids]=&filter[ofrType]=&filter[addObjType]=&filter[whenFrom]=23-08-2026&filter[whenTo]=22-09-2026&filter[duration]=7:10&filter[from]=&filter[person]=2&filter[child]=1&filter[price]=4000:20000&filter[PriceFrom]=4000&filter[PriceTo]=20000&filter[addCategory]=50&filter[addCatering]=1&filter[addMisc]=0&filter[addTransport]=F&filter[fp]=1&order_by=ofr_price&filter[tourOperator]=0&filter[childAge][1]=20201210","https://fly.pl/cdn/photo/assets/uploads/582/278/2014/09/Mitsis-Norida.jpg","https://fly.pl/wycieczka/grecja,kos,kardamaina/mitsis-norida-beach/pO4qqxRMv7mhZWWaYXaDlRAAog7QBppvZMpKLCYi-DlyPsl0OY1dbf9jx3Cx2weZtka4gqBEdSQ1Mw06es1AZIwnRQQViAAWADckIXBxUAWAhWAlwCHYsDDy9AjgNb7YUBUtRCUwBL2ANhAF6nMEyh4U0B0rQ2Dc-2zgggAFHBooPypQEBEmMBAmMBAwvCS06b/ofertasv/?filter[tourOperator]=GRCS&filter%5Bperson%5D=2&filter%5BchildAge%5D%5B1%5D=20201210&filter%5Bchild%5D=1"
"Village Heights Resort","15035.0","29.08.2026 - 05.09.2026","8 dni/7 nocy","","4.7","4.7","1632","tripadvisor","Katowice","2026-08-23T15:37:38.333331+00:00","https://fly.pl/oferta/grecja-wczasy/?filter[dest]=14:&filter[hotelids]=&filter[cityids]=&filter[cregids]=&filter[ofrType]=&filter[addObjType]=&filter[whenFrom]=23-08-2026&filter[whenTo]=22-09-2026&filter[duration]=7:10&filter[from]=&filter[person]=2&filter[child]=1&filter[price]=4000:20000&filter[PriceFrom]=4000&filter[PriceTo]=20000&filter[addCategory]=50&filter[addCatering]=1&filter[addMisc]=0&filter[addTransport]=F&filter[fp]=1&order_by=ofr_price&filter[tourOperator]=0&filter[childAge][1]=20201210","https://fly.pl/cdn/photo/assets/uploads/582/278/2024/07/village-heights-resort.jpg","https://fly.pl/wycieczka/grecja,kreta,hersonissos/village-heights-resort-11/pkxx3fo3Vv2-J4SUYWXj1dAAogu1ly18fOub252rZ-Q_up-FRsQE5yNLDiqfe5JbVQ9wIqBE9SRVgw06es1AZIu3VQQViAAWACagZDTy4yLjFqAzAzWWoDMDRZcjSbAZ0BjwEXBxUAXANYBVYCQMoGEZcwU7F5UgBL0SJhAF6nMEzS0Dog8PuXCQ0AAhJjAQIL7edg_A/ofertasv/?filter[tourOperator]=OREX&filter%5Bperson%5D=2&filter%5BchildAge%5D%5B1%5D=20201210&filter%5Bchild%5D=1"
"Senseana Sea Side Resort & Spa (ex. Golden Star)","15354.0","15.09.2026 - 22.09.2026","8 dni/7 nocy","","4.5","4.5","566","tripadvisor","Katowice","2026-08-23T15:37:38.333331+00:00","https://fly.pl/oferta/grecja-wczasy/?filter[dest]=14:&filter[hotelids]=&filter[cityids]=&filter[cregids]=&filter[ofrType]=&filter[addObjType]=&filter[whenFrom]=23-08-2026&filter[whenTo]=22-09-2026&filter[duration]=7:10&filter[from]=&filter[person]=2&filter[child]=1&filter[price]=4000:20000&filter[PriceFrom]=4000&filter[PriceTo]=20000&filter[addCategory]=50&filter[addCatering]=1&filter[addMisc]=0&filter[addTransport]=F&filter[fp]=1&order_by=ofr_price&filter[tourOperator]=0&filter[childAge][1]=20201210","https://fly.pl/cdn/photo/assets/uploads/582/278/2024/07/senseana-sea-side-resort-spa-ex-golden-star.jpg","https://fly.pl/wycieczka/grecja,kreta,analipsi/golden-star-analipsis-12/pUFY2HHLHBeyqRo3_XY3bSAAog9-wkt8woE89cMLcaXitmFDSYEEw0sOyF4vSrDQmXa6gqBE9SRVgw06es1AZI-ndQQViYBGACagdDNVouMi4xagMwM1lqAzA0WXI1mwGdAY8BFwcVAFwDWAVWAkDKBhGQBVO4pAFSAEvRImEAXqcwTNLQOiDG_JcJDQACEmMBAgzLqwXs/ofertasv/?filter[tourOperator]=OREX&filter%5Bperson%5D=2&filter%5BchildAge%5D%5B1%5D=20201210&filter%5Bchild%5D=1"
"Iberostar Selection Creta Marine","15473.0","31.08.2026 - 07.09.2026","8 dni/7 nocy","","4.3","4.3","2432","tripadvisor","Warszawa - Modlin","2026-08-23T15:37:38.333331+00:00","https://fly.pl/oferta/grecja-wczasy/?filter[dest]=14:&filter[hotelids]=&filter[cityids]=&filter[cregids]=&filter[ofrType]=&filter[addObjType]=&filter[whenFrom]=23-08-2026&filter[whenTo]=22-09-2026&filter[duration]=7:10&filter[from]=&filter[person]=2&filter[child]=1&filter[price]=4000:20000&filter[PriceFrom]=4000&filter[PriceTo]=20000&filter[addCategory]=50&filter[addCatering]=1&filter[addMisc]=0&filter[addTransport]=F&filter[fp]=1&order_by=ofr_price&filter[tourOperator]=0&filter[childAge][1]=20201210","https://fly.pl/cdn/photo/assets/uploads/582/278/2014/11/Iberostar-Creta-Marine.jpg","https://fly.pl/wycieczka/grecja,kreta-wschodnia,lavris/iberostar-creta-marine/pX0OSV_qIDsfY9K6RulwhCAAog1D1U9ZNRxwSSh0x7mFi4afVPakDCwhVHMMkqc7f7qCYqBEJWQkUw06es1AZI8XhQAViwAWACagJBSXIhHBG0oAEbtaI7GOmDE6sE1t4quQRXAfec0ZYDAhJjAQIGz5HHUw/ofertasv/?filter[tourOperator]=BVBE&filter%5Bperson%5D=2&filter%5BchildAge%5D%5B1%5D=20201210&filter%5Bchild%5D=1"
"Istion Club","15478.0","30.08.2026 - 06.09.2026","8 dni/7 nocy","","4.5","4.5","528","tripadvisor","Kraków","2026-08-23T15:37:38.333331+00:00","https://fly.pl/oferta/grecja-wczasy/?filter[dest]=14:&filter[hotelids]=&filter[cityids]=&filter[cregids]=&filter[ofrType]=&filter[addObjType]=&filter[whenFrom]=23-08-2026&filter[whenTo]=22-09-2026&filter[duration]=7:10&filter[from]=&filter[person]=2&filter[child]=1&filter[price]=4000:20000&filter[PriceFrom]=4000&filter[PriceTo]=20000&filter[addCategory]=50&filter[addCatering]=1&filter[addMisc]=0&filter[addTransport]=F&filter[fp]=1&order_by=ofr_price&filter[tourOperator]=0&filter[childAge][1]=20201210","https://fly.pl/cdn/photo/assets/uploads/582/278/2015/04/Istion-Club-fly-pl.jpg","https://fly.pl/wycieczka/grecja,chalkidiki,nea-poteidaia/istion-club/pJY7TfgJVik_cpDVoeNhO6AAog8ZiPUXFZQWGytAegD2P9tFMB5WLSORFpObIT_rl-PFoqBEJWQkUw06es1AZI9nhQAViYAWACagNBSStyIhwR2-UBG9LVQBi0-hS5BLGHKKsEugEBxsyr1AMCEmMBAgcvHARe/ofertasv/?filter[tourOperator]=BVBE&filter%5Bperson%5D=2&filter%5BchildAge%5D%5B1%5D=20201210&filter%5Bchild%5D=1"
"High Beach","15845.0","29.08.2026 - 05.09.2026","8 dni/7 nocy","","4.5","4.5","1174","tripadvisor","Katowice","2026-08-23T15:37:38.333331+00:00","https://fly.pl/oferta/grecja-wczasy/?filter[dest]=14:&filter[hotelids]=&filter[cityids]=&filter[cregids]=&filter[ofrType]=&filter[addObjType]=&filter[whenFrom]=23-08-2026&filter[whenTo]=22-09-2026&filter[duration]=7:10&filter[from]=&filter[person]=2&filter[child]=1&filter[price]=4000:20000&filter[PriceFrom]=4000&filter[PriceTo]=20000&filter[addCategory]=50&filter[addCatering]=1&filter[addMisc]=0&filter[addTransport]=F&filter[fp]=1&order_by=ofr_price&filter[tourOperator]=0&filter[childAge][1]=20201210","https://fly.pl/cdn/photo/assets/uploads/582/278/2014/07/High-Beach-1.jpg","https://fly.pl/wycieczka/grecja,kreta-wschodnia,malia/high-beach/plHNy3gaRzeegdWWfN0eiyAAogvrzHnxD9Ddrshu6rRJh_xlRsQE5yNLDiqfe5JbVQ9wIqBE9SRVgw06es1AZI5XtQQViAAWACagdCUFEuMi4xagMwM1lqAzA0WXI0mwGdAY8BFwcVAFwDWAVWAkDKBhEpU5-pAVIAS9EiYQBepzBM0tA6IPD7lwkNAAISYwECC0mLSms/ofertasv/?filter[tourOperator]=OREX&filter%5Bperson%5D=2&filter%5BchildAge%5D%5B1%5D=20201210&filter%5Bchild%5D=1"
"Euphoria Resort","15859.0","30.08.2026 - 06.09.2026","9 dni/7 nocy","","4.5","4.5","1077","tripadvisor","Kraków","2026-08-23T15:37:38.333331+00:00","https://fly.pl/oferta/grecja-wczasy/?filter[dest]=14:&filter[hotelids]=&filter[cityids]=&filter[cregids]=&filter[ofrType]=&filter[addObjType]=&filter[whenFrom]=23-08-2026&filter[whenTo]=22-09-2026&filter[duration]=7:10&filter[from]=&filter[person]=2&filter[child]=1&filter[price]=4000:20000&filter[PriceFrom]=4000&filter[PriceTo]=20000&filter[addCategory]=50&filter[addCatering]=1&filter[addMisc]=0&filter[addTransport]=F&filter[fp]=1&order_by=ofr_price&filter[tourOperator]=0&filter[childAge][1]=20201210","https://fly.pl/cdn/photo/assets/uploads/582/278/2017/09/Euphoria-Resort.jpg","https://fly.pl/wycieczka/grecja,kreta-zachodnia,kolymvari/euphoria-resort/pPLOqydnIXIFSqU5PUA9UwAAoglH_inmZnrXXNOUx2jO5xHTyRybkPoQ5WNi1R8m0PsUsqBEJWQkUw06es1AZI83tQAViYAWACagNVQUlyIRwRpbABG7CMPBjL8hG5BN_zKqsEAwG9gLvXAgISYwECDAh5Y-Q/ofertasv/?filter[tourOperator]=BVBE&filter%5Bperson%5D=2&filter%5BchildAge%5D%5B1%5D=20201210&filter%5Bchild%5D=1"
"Amada Colossos Resort (ex Louis Beach)","16157.0","11.09.2026 - 19.09.2026","9 dni/7 nocy","","4.4","4.4","2144","tripadvisor","Katowice","2026-08-23T15:37:38.333331+00:00","https://fly.pl/oferta/grecja-wczasy/?filter[dest]=14:&filter[hotelids]=&filter[cityids]=&filter[cregids]=&filter[ofrType]=&filter[addObjType]=&filter[whenFrom]=23-08-2026&filter[whenTo]=22-09-2026&filter[duration]=7:10&filter[from]=&filter[person]=2&filter[child]=1&filter[price]=4000:20000&filter[PriceFrom]=4000&filter[PriceTo]=20000&filter[addCategory]=50&filter[addCatering]=1&filter[addMisc]=0&filter[addTransport]=F&filter[fp]=1&order_by=ofr_price&filter[tourOperator]=0&filter[childAge][1]=20201210","https://fly.pl/cdn/photo/assets/uploads/582/278/2015/06/Amada-Colossos-Resort.jpg","https://fly.pl/wycieczka/grecja,rodos,faliraki/louis-colossos-beach/pdkbrJwJuPXRYFCK5p4vKnAAogo_pIvX0wTCbEo-mgMEQvPTTOVRNwC_az0uV266OYC2gqBFZJVFgw06es1AZInX5QQVi4A2ACckAaABUHFwBcA1gFQI8DW6OIAWGzR0sAXqcwUpETUwBMgeU5DYLVmAkgAF2DvJHsqAFR2tqIgTZPxpkXAg1jAQIMWBr2CA/ofertasv/?filter[tourOperator]=VITX&filter%5Bperson%5D=2&filter%5BchildAge%5D%5B1%5D=20201210&filter%5Bchild%5D=1"
"Knossos Beach","16200.0","29.08.2026 - 05.09.2026","8 dni/7 nocy","","4.2","4.2","1523","tripadvisor","Katowice","2026-08-23T15:37:38.333331+00:00","https://fly.pl/oferta/grecja-wczasy/?filter[dest]=14:&filter[hotelids]=&filter[cityids]=&filter[cregids]=&filter[ofrType]=&filter[addObjType]=&filter[whenFrom]=23-08-2026&filter[whenTo]=22-09-2026&filter[duration]=7:10&filter[from]=&filter[person]=2&filter[child]=1&filter[price]=4000:20000&filter[PriceFrom]=4000&filter[PriceTo]=20000&filter[addCategory]=50&filter[addCatering]=1&filter[addMisc]=0&filter[addTransport]=F&filter[fp]=1&order_by=ofr_price&filter[tourOperator]=0&filter[childAge][1]=20201210","https://fly.pl/cdn/photo/assets/uploads/582/278/2015/04/Knossos-Beach.jpg","https://fly.pl/wycieczka/grecja,kreta-wschodnia,kokkini-hani/knossos-beach/p0ej-t134bJrHdlaQo5_pmAAogcQB-0IzEz4j2QG8edBU6zlRsQE5yNLDiqfe5JbVQ9wIqBE9SRVgw06es1AZIyH5QQViAAWACagdMSEsuMi4xagMwM1lqAzA0WXI1mwGdAY8BFwcVAFwDWAVWAkDKBhGyAlOWpwFSAEvRImEAXqcwTNLQOiDw-5cJDQACEmMBAgsuqaUe/ofertasv/?filter[tourOperator]=OREX&filter%5Bperson%5D=2&filter%5BchildAge%5D%5B1%5D=20201210&filter%5Bchild%5D=1"
"Atlantica Ocean Beach Resort (ex. Creta Princess by Atlantica)","16505.0","04.09.2026 - 11.09.2026","8 dni/7 nocy","","4.3","4.3","2880","tripadvisor","Kraków","2026-08-23T15:37:38.333331+00:00","https://fly.pl/oferta/grecja-wczasy/?filter[dest]=14:&filter[hotelids]=&filter[cityids]=&filter[cregids]=&filter[ofrType]=&filter[addObjType]=&filter[whenFrom]=23-08-2026&filter[whenTo]=22-09-2026&filter[duration]=7:10&filter[from]=&filter[person]=2&filter[child]=1&filter[price]=4000:20000&filter[PriceFrom]=4000&filter[PriceTo]=20000&filter[addCategory]=50&filter[addCatering]=1&filter[addMisc]=0&filter[addTransport]=F&filter[fp]=1&order_by=ofr_price&filter[tourOperator]=0&filter[childAge][1]=20201210","https://fly.pl/cdn/photo/assets/uploads/582/278/2014/09/Louis-Creta-Princess-fly-pl.jpg","https://fly.pl/wycieczka/grecja,kreta-zachodnia,maleme/louis-creta-princess/pnUeM8v0hwMsp82qMhstDSAAog955baFO4YYdE-xkDo0TvDEXshH5HOSawwy1dHpZbqqQqBEVDQ1gw06es1AZI-YABUAFYkAJgAmoCQUlyIBwR3SerBPyGFbkECRiIsSUbxrMHAd_Lp8MBAhJjAQILO_MWCQ/ofertasv/?filter[tourOperator]=ECCX&filter%5Bperson%5D=2&filter%5BchildAge%5D%5B1%5D=20201210&filter%5Bchild%5D=1"
"Zeus Dolce Athens (ex Dolce Attica Riviera)","16710.0","31.08.2026 - 07.09.2026","8 dni/7 nocy","","4.0","4.0","396","tripadvisor","Warszawa - Modlin","2026-08-23T15:37:38.333331+00:00","https://fly.pl/oferta/grecja-wczasy/?filter[dest]=14:&filter[hotelids]=&filter[cityids]=&filter[cregids]=&filter[ofrType]=&filter[addObjType]=&filter[whenFrom]=23-08-2026&filter[whenTo]=22-09-2026&filter[duration]=7:10&filter[from]=&filter[person]=2&filter[child]=1&filter[price]=4000:20000&filter[PriceFrom]=4000&filter[PriceTo]=20000&filter[addCategory]=50&filter[addCatering]=1&filter[addMisc]=0&filter[addTransport]=F&filter[fp]=1&order_by=ofr_price&filter[tourOperator]=0&filter[childAge][1]=20201210","https://fly.pl/cdn/photo/assets/uploads/582/278/2016/11/Mare-Nostrum-Thalasso-Vravrona-fly-pl.jpg","https://fly.pl/wycieczka/grecja,attyka,vravrona/mare-nostrum-thalasso-vravrona/pALZr79IB2rDXWW2XM7ClAAAogBklGeImqSKXm8v6IwAnuqGQeNjj1SPv2YwgG-1vvtXMqBEJWQkUw06es1AZIxoIBUAFYsAFgAmoCQUlyIhwR6ucBG-3zQBiMghWrBMm0J7kEhAkBuY6J2AMCEmMBAgugOdf1/ofertasv/?filter[tourOperator]=BVBE&filter%5Bperson%5D=2&filter%5BchildAge%5D%5B1%5D=20201210&filter%5Bchild%5D=1"
"Pilot Beach Resort","16887.0","13.09.2026 - 20.09.2026","9 dni/7 nocy","","4.5","4.5","1188","tripadvisor","Katowice","2026-08-23T15:37:38.333331+00:00","https://fly.pl/oferta/grecja-wczasy/?filter[dest]=14:&filter[hotelids]=&filter[cityids]=&filter[cregids]=&filter[ofrType]=&filter[addObjType]=&filter[whenFrom]=23-08-2026&filter[whenTo]=22-09-2026&filter[duration]=7:10&filter[from]=&filter[person]=2&filter[child]=1&filter[price]=4000:20000&filter[PriceFrom]=4000&filter[PriceTo]=20000&filter[addCategory]=50&filter[addCatering]=1&filter[addMisc]=0&filter[addTransport]=F&filter[fp]=1&order_by=ofr_price&filter[tourOperator]=0&filter[childAge][1]=20201210","https://fly.pl/cdn/photo/assets/uploads/582/278/2015/04/Pilot-Beach-Resort.jpg","https://fly.pl/wycieczka/grecja,kreta-zachodnia,georgioupolis/pilot-beach-resort/pq9NLrdibnvz1BEy5XrRmxAAogwxygJlNmDMmHL5Bvz8YiAwAAAAC3pwQA06cEAAcAAQAqBFdFWlkw06es1AZI94MBUEFY6ANgA2oJRW50ZXIgQWlyagQwMzAwagQwNjU1agQwMDQwckCeAZMBlAGYAR8AHAECABYEFwIS1gQV6AwRhShA10dMgi9PAEvRIlAAG775DB2FgwQgHA3egMIJARJjAQ5jAQIN5Upg3A/ofertasv/?filter[tourOperator]=WEZY&filter%5Bperson%5D=2&filter%5BchildAge%5D%5B1%5D=20201210&filter%5Bchild%5D=1"
"Dimitra Beach Hotel & Suites","16925.0","15.09.2026 - 22.09.2026","8 dni/7 nocy","","4.5","4.5","4088","tripadvisor","Wrocław","2026-08-23T15:37:38.333331+00:00","https://fly.pl/oferta/grecja-wczasy/?filter[dest]=14:&filter[hotelids]=&filter[cityids]=&filter[cregids]=&filter[ofrType]=&filter[addObjType]=&filter[whenFrom]=23-08-2026&filter[whenTo]=22-09-2026&filter[duration]=7:10&filter[from]=&filter[person]=2&filter[child]=1&filter[price]=4000:20000&filter[PriceFrom]=4000&filter[PriceTo]=20000&filter[addCategory]=50&filter[addCatering]=1&filter[addMisc]=0&filter[addTransport]=F&filter[fp]=1&order_by=ofr_price&filter[tourOperator]=0&filter[childAge][1]=20201210","https://fly.pl/cdn/photo/assets/uploads/582/278/2015/04/Dimitra-Beach-Hotel-Suites.jpg","https://fly.pl/wycieczka/grecja,kos,agios-fokas/dimitra-beach/pH9XT5hZkbQrS4_e1khItZAAogYu_FkSf04iOG_v2yf24PUJ8bROV7y0wcqZb7bJD73H8qBEdSQ1Mw06es1AZInYQBUEFYmARgA3JBFwcVAFwDWAVWAh2VAg8VQKAEW49xUrJXUwBe_zNLyUhhAEyYoTkBgedUDbb8wwggAFHXpubxpQEBEmMBAmMBAgzTixCg/ofertasv/?filter[tourOperator]=GRCS&filter%5Bperson%5D=2&filter%5BchildAge%5D%5B1%5D=20201210&filter%5Bchild%5D=1"
"Lyttos Beach","17028.0","31.08.2026 - 07.09.2026","9 dni/7 nocy","","4.7","4.7","3061","tripadvisor","Gdańsk","2026-08-23T15:37:38.333331+00:00","https://fly.pl/oferta/grecja-wczasy/?filter[dest]=14:&filter[hotelids]=&filter[cityids]=&filter[cregids]=&filter[ofrType]=&filter[addObjType]=&filter[whenFrom]=23-08-2026&filter[whenTo]=22-09-2026&filter[duration]=7:10&filter[from]=&filter[person]=2&filter[child]=1&filter[price]=4000:20000&filter[PriceFrom]=4000&filter[PriceTo]=20000&filter[addCategory]=50&filter[addCatering]=1&filter[addMisc]=0&filter[addTransport]=F&filter[fp]=1&order_by=ofr_price&filter[tourOperator]=0&filter[childAge][1]=20201210","https://fly.pl/cdn/photo/assets/uploads/582/278/2014/08/Lyttos-Beach-fly-pl-1.jpg","https://fly.pl/wycieczka/grecja,kreta-wschodnia,analipsis/lyttos-beach/XTOPe9f0bdX_wYAAHNOYVBwWQGxAQBl2QI2CpABCgYI6d8OEAESBgjp8BEQARp-TVBVVzJHRjIzTjFWNkpNVzVLSUdTOUdCMVBESFJTTEM5QUVXS1ZPNk5ESDZQTjRGN040ODRJS0VYT0xRRlVFUlkyQzBPSjBQRVhPREU1T0w4N1VKQk5IV0JGTkVRRkM2REhUQTRVWDFOSVdCTVpHNDZJTkJEV1pCMU1DOFNaCn8KBgiogRAQAhIGCLrsUhABGm1PNTQ1NDRkNTMyZjQxNGQ1NDUzNDc1MjMzNDYzNDQxMmY1MjRkNTM0NDMwMzA0NzU2MzAzMDJmNDE0OTJmMzcyZjMyMzAzMjM2MzAzODMzMzEyZjMwMzEzMjMzMzQzNTM2MzczODM5MzAzMTMyCiMKBgjgqAEQARIGCPDNARABGhFEU1JULTk3LVRSQU5TRkVSMQofCgUIzDoQARIFCPNGEAEaD0RTUk0tOTctMnIyMjY3MgogCgUIwD4QARIFCNBLEAEaEERTUk0tOTctNTByMjI2NzMKIQoFCPAuEAESBQiYORABGhFEU1JVLTk3LVViZXpiYXNpYxhhKDIyBgju9mcQATgD/ofertasv/?filter[tourOperator]=XTOP&filter%5Bperson%5D=2&filter%5BchildAge%5D%5B1%5D=20201210&filter%5Bchild%5D=1"
"Avra Imperial Beach Resort & Spa","17117.0","31.08.2026 - 07.09.2026","8 dni/7 nocy","","4.5","4.5","2380","tripadvisor","Warszawa","2026-08-23T15:37:38.333331+00:00","https://fly.pl/oferta/grecja-wczasy/?filter[dest]=14:&filter[hotelids]=&filter[cityids]=&filter[cregids]=&filter[ofrType]=&filter[addObjType]=&filter[whenFrom]=23-08-2026&filter[whenTo]=22-09-2026&filter[duration]=7:10&filter[from]=&filter[person]=2&filter[child]=1&filter[price]=4000:20000&filter[PriceFrom]=4000&filter[PriceTo]=20000&filter[addCategory]=50&filter[addCatering]=1&filter[addMisc]=0&filter[addTransport]=F&filter[fp]=1&order_by=ofr_price&filter[tourOperator]=0&filter[childAge][1]=20201210","https://fly.pl/cdn/photo/assets/uploads/582/278/2015/04/Avra-Imperial.jpg","https://fly.pl/wycieczka/grecja,kreta-zachodnia,kolymvari/avra-imperial-beach-resort-spa/pZWNTtXwgz_bey5cDLsoUrAAogTznyILu0INR4slJh8ZUzwgAAAABiyQQAcskEAAcAGAAqBFdFWlkw06es1AZI3YUBUEFYsAFgA2oIV2l6eiBBaXJqBDA1NTVqBDA5NTByQp4BkwGUAR8AAgEcABYEFwIS7QMVjQQYyAERwjlMsztPAEDjAkvnxQFQABvihQId-MUOIBAN7bzBCQESYwENYwECDL4nowc/ofertasv/?filter[tourOperator]=WEZY&filter%5Bperson%5D=2&filter%5BchildAge%5D%5B1%5D=20201210&filter%5Bchild%5D=1"
"Rocrita Lifestyle Resort (ex. Aldiana Kreta)","17257.0","13.09.2026 - 21.09.2026","9 dni/7 nocy","","","","","","Katowice","2026-08-23T15:37:38.333331+00:00","https://fly.pl/oferta/grecja-wczasy/?filter[dest]=14:&filter[hotelids]=&filter[cityids]=&filter[cregids]=&filter[ofrType]=&filter[addObjType]=&filter[whenFrom]=23-08-2026&filter[whenTo]=22-09-2026&filter[duration]=7:10&filter[from]=&filter[person]=2&filter[child]=1&filter[price]=4000:20000&filter[PriceFrom]=4000&filter[PriceTo]=20000&filter[addCategory]=50&filter[addCatering]=1&filter[addMisc]=0&filter[addTransport]=F&filter[fp]=1&order_by=ofr_price&filter[tourOperator]=0&filter[childAge][1]=20201210","https://datacfstatic.merlinx.pl/ITAK/IMG/HERROCR/50e3ed2b7887779659ab9edb8a60fe4e22d6224051631dd599cc066d2824c635.webp","https://fly.pl/wycieczka/grecja,kreta-wschodnia,sitia/aldiana-kreta/pgiXnORCtTF6mRuaqWd0N2AAoghZqj1UIcoqxdYoquwR-oJdumsS_K88xzfnr8U1SZ6eAqBFZJVFgw06es1AZI6YYBUEFY6ANgAnJAGgAVBxcAXANYBUCPA1OFrQFSAFuAGGHRCksAXqcwTJP4OQ2D1ZgJIABPoN7KjY0BUbq_E13iw5beGwIMYwECCz310zA/ofertasv/?filter[tourOperator]=VITX&filter%5Bperson%5D=2&filter%5BchildAge%5D%5B1%5D=20201210&filter%5Bchild%5D=1"
"Domes Aulus Zante Autograph Collection","17373.0","01.09.2026 - 08.09.2026","8 dni/7 nocy","","4.5","4.5","1619","tripadvisor","Łódź","2026-08-23T15:37:38.333331+00:00","https://fly.pl/oferta/grecja-wczasy/?filter[dest]=14:&filter[hotelids]=&filter[cityids]=&filter[cregids]=&filter[ofrType]=&filter[addObjType]=&filter[whenFrom]=23-08-2026&filter[whenTo]=22-09-2026&filter[duration]=7:10&filter[from]=&filter[person]=2&filter[child]=1&filter[price]=4000:20000&filter[PriceFrom]=4000&filter[PriceTo]=20000&filter[addCategory]=50&filter[addCatering]=1&filter[addMisc]=0&filter[addTransport]=F&filter[fp]=1&order_by=ofr_price&filter[tourOperator]=0&filter[childAge][1]=20201210","https://fly.pl/cdn/photo/assets/uploads/582/278/2015/04/Domes-Aulus-Zante-Autograph-Collection.jpg","https://fly.pl/wycieczka/grecja,zakynthos,laganas/louis-zante-beach/plSxZxgURhv5k9ovDuR1gKAAogZSqT9RxMULo0p6EdRuW36o6hSdeb0gk_FG0gNuSuIkMqBFJOQlcw06es1AZI3YcBUEFYyAFgAmoEQndjRGoXMjk2LDM4MCw0NzcsNDgzLDQ4NCw0ODVyNp8BngEVBxcAWAgKBEDEBxGhKRnMLhCVDWG6a0sAUsKSAVMAD4j7Px0lIKPqkQkNAAIMYwECC19BUhY/ofertasv/?filter[tourOperator]=RNBW&filter%5Bperson%5D=2&filter%5BchildAge%5D%5B1%5D=20201210&filter%5Bchild%5D=1"
"Georgioupolis Suites","17694.0","15.09.2026 - 22.09.2026","8 dni/7 nocy","","4.4","4.4","38","tripadvisor","Katowice","2026-08-23T15:37:38.333331+00:00","https://fly.pl/oferta/grecja-wczasy/?filter[dest]=14:&filter[hotelids]=&filter[cityids]=&filter[cregids]=&filter[ofrType]=&filter[addObjType]=&filter[whenFrom]=23-08-2026&filter[whenTo]=22-09-2026&filter[duration]=7:10&filter[from]=&filter[person]=2&filter[child]=1&filter[price]=4000:20000&filter[PriceFrom]=4000&filter[PriceTo]=20000&filter[addCategory]=50&filter[addCatering]=1&filter[addMisc]=0&filter[addTransport]=F&filter[fp]=1&order_by=ofr_price&filter[tourOperator]=0&filter[childAge][1]=20201210","https://datacfstatic.merlinx.pl/OREX/IMG/3257/2dbed432cfff8744a71bb9208ca78a6689633f1c2d7670f60a6a97acfe2db2f2.webp","https://fly.pl/wycieczka/grecja,kreta-zachodnia,georgioupolis/georgioupolis-suites-9/p_-tR7GSFt_uSZXtaWaDq1AAog4vrrHhmQhreng1fkODZVCDSYEEw0sOyF4vSrDQmXa6gqBE9SRVgw06es1AZInooBUEFYmARgAmoGQ0cuMi4xagMwM1lqAzA0WXI1mwGdAY8BFwcVAFwDWAVWAkDKBhHeElPqlgFSAEvRImEAXqcwTNLQOiDG_JcJDQACEmMBAgxG4XAI/ofertasv/?filter[tourOperator]=OREX&filter%5Bperson%5D=2&filter%5BchildAge%5D%5B1%5D=20201210&filter%5Bchild%5D=1"
"Creta Maris Beach Resort (ex Terra Maris)","17757.0","29.08.2026 - 05.09.2026","8 dni/7 nocy","","4.6","4.6","6793","tripadvisor","Katowice","2026-08-23T15:37:38.333331+00:00","https://fly.pl/oferta/grecja-wczasy/?filter[dest]=14:&filter[hotelids]=&filter[cityids]=&filter[cregids]=&filter[ofrType]=&filter[addObjType]=&filter[whenFrom]=23-08-2026&filter[whenTo]=22-09-2026&filter[duration]=7:10&filter[from]=&filter[person]=2&filter[child]=1&filter[price]=4000:20000&filter[PriceFrom]=4000&filter[PriceTo]=20000&filter[addCategory]=50&filter[addCatering]=1&filter[addMisc]=0&filter[addTransport]=F&filter[fp]=1&order_by=ofr_price&filter[tourOperator]=0&filter[childAge][1]=20201210","https://fly.pl/cdn/photo/assets/uploads/582/278/2014/09/CRETA-MARIS-RESORT.jpg","https://fly.pl/wycieczka/grecja,kreta,hersonissos/creta-maris-beach-resort-ex-terra-maris/pNMiLZtEZoI8zOtKDID6JJAAogrqxad6Cx6MO76-L7kIx14FRsQE5yNLDiqfe5JbVQ9wIqBE9SRVgw06es1AZI3YoBUEFYgAFgAmoHTzNDLjIuMWoDMDNZagMwNFlyNZsBnQGPARcHFQBcA1gFVgJAygYRngJTqqcBUgBL0SJhAF6nMEzS0Dog8PuXCQ0AAhJjAQILRmgGBQ/ofertasv/?filter[tourOperator]=OREX&filter%5Bperson%5D=2&filter%5BchildAge%5D%5B1%5D=20201210&filter%5Bchild%5D=1"
"Michelangelo Resort & Spa","17869.0","29.08.2026 - 05.09.2026","8 dni/7 nocy","","4.5","4.5","3982","tripadvisor","Katowice","2026-08-23T15:37:38.333331+00:00","https://fly.pl/oferta/grecja-wczasy/?filter[dest]=14:&filter[hotelids]=&filter[cityids]=&filter[cregids]=&filter[ofrType]=&filter[addObjType]=&filter[whenFrom]=23-08-2026&filter[whenTo]=22-09-2026&filter[duration]=7:10&filter[from]=&filter[person]=2&filter[child]=1&filter[price]=4000:20000&filter[PriceFrom]=4000&filter[PriceTo]=20000&filter[addCategory]=50&filter[addCatering]=1&filter[addMisc]=0&filter[addTransport]=F&filter[fp]=1&order_by=ofr_price&filter[tourOperator]=0&filter[childAge][1]=20201210","https://fly.pl/cdn/photo/assets/uploads/582/278/2015/04/Michelangelo-Resort-Spa-fly-pl.jpg","https://fly.pl/wycieczka/grecja,kos,agios-fokas/michelangelo-resort-spa/pLyZ8i9zRo5OXEQQem8kL-AAog8aFaAaJ_BTwg2eTV_0-2HhnthoT7eQCKoJgL4yRfQS8qBFJOQlcw06es1AZIzYsBUEFYgAFgAmoEQndjRGoXMjk2LDM4MCw0NzcsNDgzLDQ4NCw0ODVqEzQwNCw0MDcsNDA4LDUyMSw1MjhyOZ8BngGUAQ4BFQYXAFgICgRAxAcRsCEQsSwZkglT0nBSAEvYA2EAHczlQQ9zIKqWkQkNAAIMYwECC0d8AIE/ofertasv/?filter[tourOperator]=RNBW&filter%5Bperson%5D=2&filter%5BchildAge%5D%5B1%5D=20201210&filter%5Bchild%5D=1"
"Electra Palace (Ialyssos)","17893.0","31.08.2026 - 07.09.2026","8 dni/7 nocy","","4.6","4.6","1009","tripadvisor","Kraków","2026-08-23T15:37:38.333331+00:00","https://fly.pl/oferta/grecja-wczasy/?filter[dest]=14:&filter[hotelids]=&filter[cityids]=&filter[cregids]=&filter[ofrType]=&filter[addObjType]=&filter[whenFrom]=23-08-2026&filter[whenTo]=22-09-2026&filter[duration]=7:10&filter[from]=&filter[person]=2&filter[child]=1&filter[price]=4000:20000&filter[PriceFrom]=4000&filter[PriceTo]=20000&filter[addCategory]=50&filter[addCatering]=1&filter[addMisc]=0&filter[addTransport]=F&filter[fp]=1&order_by=ofr_price&filter[tourOperator]=0&filter[childAge][1]=20201210","https://fly.pl/cdn/photo/assets/uploads/582/278/2015/02/Hotel-Electra-Palace-Rhodes.jpg","https://fly.pl/wycieczka/grecja,rodos,ialyssos/electra-palace-ialyssos/ptMlqvyB_UHxt8Z7cSBXUIAAogJv-r4xkoy6Uepa5GGvIhuVnsrSTNlWvL6U6dT1JBi1UqBEdSQ1Mw06es1AZI5YsBUEFYsAFgA3JBFQYXAVgIVgJcAh3wBQ8cQDxLxcsBYQBe-zBSkRNTAFuJDkyHwE0B8oYyDbHk0gggRlG50p_t3gEBEmMBAmMBAgvrGzLW/ofertasv/?filter[tourOperator]=GRCS&filter%5Bperson%5D=2&filter%5BchildAge%5D%5B1%5D=20201210&filter%5Bchild%5D=1"
"MarBella, Mar-Bella Collection (Agios Ioannis)","18009.0","12.09.2026 - 20.09.2026","9 dni/7 nocy","","4.5","4.5","4768","tripadvisor","Katowice","2026-08-23T15:37:38.333331+00:00","https://fly.pl/oferta/grecja-wczasy/?filter[dest]=14:&filter[hotelids]=&filter[cityids]=&filter[cregids]=&filter[ofrType]=&filter[addObjType]=&filter[whenFrom]=23-08-2026&filter[whenTo]=22-09-2026&filter[duration]=7:10&filter[from]=&filter[person]=2&filter[child]=1&filter[price]=4000:20000&filter[PriceFrom]=4000&filter[PriceTo]=20000&filter[addCategory]=50&filter[addCatering]=1&filter[addMisc]=0&filter[addTransport]=F&filter[fp]=1&order_by=ofr_price&filter[tourOperator]=0&filter[childAge][1]=20201210","https://fly.pl/cdn/photo/assets/uploads/582/278/2015/03/Marbella-Corfu-ex.-Marbella-Beach-fly-pl-1.jpg","https://fly.pl/wycieczka/grecja,korfu,agios-ioannis-peristeron/marbella-beach/pisdNu96zKLykEpRiAAT-QAAog7iXRdsR_84JXsXffaDk6aQAAAAClvwQAub8EAAcAAAAqBFdFWlkw06es1AZI2YwBUEFY0ANgA2oLUnlhbmFpciBTdW5qBDAwMDVqBDAxMDByQZ4BlQGYAR8AAgEcABYEFwIS1gQT0AUUpwIR1ChM0khPAECnA0vTUVAAHbGsESAUG_WjSA2CrfkIARJjAQ1jAQIMVpaHxA/ofertasv/?filter[tourOperator]=WEZY&filter%5Bperson%5D=2&filter%5BchildAge%5D%5B1%5D=20201210&filter%5Bchild%5D=1"
"Mitsis Selection Laguna","18361.0","13.09.2026 - 20.09.2026","8 dni/7 nocy","","4.6","4.6","5338","tripadvisor","Kraków","2026-08-23T15:37:38.333331+00:00","https://fly.pl/oferta/grecja-wczasy/?filter[dest]=14:&filter[hotelids]=&filter[cityids]=&filter[cregids]=&filter[ofrType]=&filter[addObjType]=&filter[whenFrom]=23-08-2026&filter[whenTo]=22-09-2026&filter[duration]=7:10&filter[from]=&filter[person]=2&filter[child]=1&filter[price]=4000:20000&filter[PriceFrom]=4000&filter[PriceTo]=20000&filter[addCategory]=50&filter[addCatering]=1&filter[addMisc]=0&filter[addTransport]=F&filter[fp]=1&order_by=ofr_price&filter[tourOperator]=0&filter[childAge][1]=20201210","https://fly.pl/cdn/photo/assets/uploads/582/278/2014/07/Mitsis-Laguna-Resort-Spa-fly-pl.jpg","https://fly.pl/wycieczka/grecja,kreta-wschodnia,anissaras/mitsis-laguna-resort-spa/pi1IJKL0pzp523mqCUeneJAAogLHScMOFbyoNhTqMVpmi4vNNbPL46zJB8BIe7EeZPQbsqBEdSQ1Mw06es1AZIuY8BUEFY6ANgA3JCFQYXAVgIVgJcAh2wAw8UQIQDW7GXAVKXElMAS_0hYQBe-zBM4ek5AdGfTg3kw8oIIAFRjIbMjY0BARJjAQJjAQIL3LkpKA/ofertasv/?filter[tourOperator]=GRCS&filter%5Bperson%5D=2&filter%5BchildAge%5D%5B1%5D=20201210&filter%5Bchild%5D=1"
"Blue Sea Beach (Stalida)","18867.0","10.09.2026 - 17.09.2026","8 dni/7 nocy","","4.5","4.5","1938","tripadvisor","Warszawa","2026-08-23T15:37:38.333331+00:00","https://fly.pl/oferta/grecja-wczasy/?filter[dest]=14:&filter[hotelids]=&filter[cityids]=&filter[cregids]=&filter[ofrType]=&filter[addObjType]=&filter[whenFrom]=23-08-2026&filter[whenTo]=22-09-2026&filter[duration]=7:10&filter[from]=&filter[person]=2&filter[child]=1&filter[price]=4000:20000&filter[PriceFrom]=4000&filter[PriceTo]=20000&filter[addCategory]=50&filter[addCatering]=1&filter[addMisc]=0&filter[addTransport]=F&filter[fp]=1&order_by=ofr_price&filter[tourOperator]=0&filter[childAge][1]=20201210","https://fly.pl/cdn/photo/assets/uploads/582/278/2009/08/Blue-Sea-Beach-Affiliated-By-Melia.jpg","https://fly.pl/wycieczka/grecja,kreta,stalida/blue-sea-village-resort-spa/pyCClBquRHhLDbG49ZwhgBAAogOJ2D5XHDNSvq6Pm1dWpuur2fB819Q9SYFLWuz9o_u7EqBEVYSU0w06es1AZIs5MBUAFYoANgAmoCQUlyIRwRr6IGqwTN9Tu5BBYbxZJNGKiuRwGE_6uFDQISYwECDGFiEDo/ofertasv/?filter[tourOperator]=EXIM&filter%5Bperson%5D=2&filter%5BchildAge%5D%5B1%5D=20201210&filter%5Bchild%5D=1"
"Porto Carras Meliton","19461.0","09.09.2026 - 16.09.2026","9 dni/7 nocy","","4.3","4.3","2966","tripadvisor","Poznań","2026-08-23T15:37:38.333331+00:00","https://fly.pl/oferta/grecja-wczasy/?filter[dest]=14:&filter[hotelids]=&filter[cityids]=&filter[cregids]=&filter[ofrType]=&filter[addObjType]=&filter[whenFrom]=23-08-2026&filter[whenTo]=22-09-2026&filter[duration]=7:10&filter[from]=&filter[person]=2&filter[child]=1&filter[price]=4000:20000&filter[PriceFrom]=4000&filter[PriceTo]=20000&filter[addCategory]=50&filter[addCatering]=1&filter[addMisc]=0&filter[addTransport]=F&filter[fp]=1&order_by=ofr_price&filter[tourOperator]=0&filter[childAge][1]=20201210","https://fly.pl/cdn/photo/assets/uploads/582/278/2015/05/Porto-Carras-Grand-Meliton-fly-pl.jpg","https://fly.pl/wycieczka/grecja,chalkidiki,limani-karra/porto-carras-grand-meliton/pEjKHHRBV3ea9F49LU0SIGAAogqRaBBZ8-4DB6k_UUGUAj2uAy2KXrjkJaFYG6M6A02QsqBE9BU0kw06es1AZIhZgBUAFYiANgAmoDQUlsciEcEfCNAbkEzdwNqwQBG4fBDRjjuQ8B986H9wECAGMBAwuNxn7a/ofertasv/?filter[tourOperator]=OASI&filter%5Bperson%5D=2&filter%5BchildAge%5D%5B1%5D=20201210&filter%5Bchild%5D=1"
"Lindian Village","19727.0","14.09.2026 - 21.09.2026","8 dni/7 nocy","","4.2","4.2","566","tripadvisor","Warszawa","2026-08-23T15:37:38.333331+00:00","https://fly.pl/oferta/grecja-wczasy/?filter[dest]=14:&filter[hotelids]=&filter[cityids]=&filter[cregids]=&filter[ofrType]=&filter[addObjType]=&filter[whenFrom]=23-08-2026&filter[whenTo]=22-09-2026&filter[duration]=7:10&filter[from]=&filter[person]=2&filter[child]=1&filter[price]=4000:20000&filter[PriceFrom]=4000&filter[PriceTo]=20000&filter[addCategory]=50&filter[addCatering]=1&filter[addMisc]=0&filter[addTransport]=F&filter[fp]=1&order_by=ofr_price&filter[tourOperator]=0&filter[childAge][1]=20201210","https://fly.pl/cdn/photo/assets/uploads/582/278/2014/11/Lindian-Village-fly-pl.jpg","https://fly.pl/wycieczka/grecja,rodos,lardos/lindian-village/pZ4SNULBfioGN4Nq7gvp7GAAogi9q-n0n2kGKCajoQDXwVVSyfkZZteDEwY15f7Hu01Y8qBEVYSU0w06es1AZIj5oBUAFYgARgAmoCQUlyIRwRiY0GuQSuzj6rBBUbx-c9GNDbWAH794axDQISYwECCz-33HM/ofertasv/?filter[tourOperator]=EXIM&filter%5Bperson%5D=2&filter%5BchildAge%5D%5B1%5D=20201210&filter%5Bchild%5D=1"
